-34.726,223.36,-446.74
-30.37,224.16,-443.12
-6.7201,151,-89.45
-15.884,248.24,-430.45
-16.51,246.7,-460.5
-60.221,191.03,-204.23
-24.402,213.32,-377.62
-59.257,226.71,-289.96
-61.155,198.55,-237.15
-20.244,179.91,-235.29
-28.445,178.58,-72.978
-31.569,191.53,-113.58
-16.243,140.26,-100.58
-48.817,217,-412.47
-29.858,221.63,-430.33
-16.54,218.19,-246.31
-28.663,158.87,-13.857
-57.171,203.79,-202.72
-14.892,216.8,-336.19
-31.721,161.18,-21.313
-6.3709,146.03,-13.387
-57.927,171.23,-143.43
-9.161,178.61,-126.98
-19.542,225.92,-409.31
-65.105,244.67,-467.84
-19.752,175.83,-72.122
-59.624,187.08,-185.43
-17.742,224.36,-390.26
-49.413,209.15,-372.82
-5.8645,149.73,-31.972
-33.215,148.88,12.507
-53.973,224.76,-258.59
-64.948,239.42,-435.05
-55.659,181.09,-222.73
-27.895,167.09,-38.089
-13.958,174.69,-194.51
-32.884,210.38,-383.83
-15.667,183.95,-109.72
-35.24,171.15,-224.06
-46.047,121.14,-35.196
-36.336,138.03,38.745
-4.3252,144.05,-51.737
-48.412,187.7,-277.89
-49.839,180.25,-242.9
-52.83,141.25,-25.75
-12.204,148.04,-110.75
-40.408,121.46,-50.402
-16.805,207.85,-320.35
-16.456,243.69,-381.5
-42.244,242.99,-306.89
-64.611,239.95,-389.98
-55.914,156.51,-87.641
-44.47,102.75,21.667
-50.882,131.53,-48.812
-49.565,214.05,-207.78
-49.685,179.37,-100.3
-23.741,169.86,-208.64
-18.547,202.83,-311.52
-23.167,227.24,-434.17
-42.474,261.95,-391.99
-11.547,200.33,-207.08
-29.776,200.27,-143.55
-14.964,153.65,-135.66
-64.06,226.49,-360.87
-6.1606,113.33,-1.7167
-41.289,105.01,4.0836
-41.128,227.59,-470.73
-20.241,179.03,-81.901
-8.7882,159.53,-49.677
-29.461,216.77,-407.07
-50.703,148.69,-115.31
-32.222,221.09,-432.43
-12.932,182.76,-213.13
-62.216,212.27,-314.93
-14.745,213.94,-239.37
-44.138,133.93,-83.898
-61.254,216.22,-271.43
-47.119,186.5,-113.9
-48.393,170.2,-205.86
-46.432,206.06,-363.42
-46.397,269.04,-428.72
-11.728,202.72,-253.26
-34.98,182.82,-86.78
-24.564,209.95,-363.66
-46.535,192.37,-301.6
-32.107,252.03,-349.85
-53.37,204.91,-341.63
-9.6575,131.53,-58.684
-43.535,223.37,-230.5
-44.211,182.59,-263.77
-61.875,207.08,-288.13
-11.151,137.4,-78.843
-33.579,199.42,-139.74
-14.762,232.42,-380.97
-44.957,101.81,27.029
-41.406,189.84,-296.59
-62.943,225.87,-320.24
-48.391,118.76,-16.236
-13.06,160.39,-35.75
-60.185,234.58,-324.23
-36.367,141.27,-118.92
-41.266,223.18,-227.52
-17.387,242.13,-457.17
-35.897,172.39,-228.74
-41.296,251.8,-344.55
-63.436,233.9,-428.13
-11.145,199.04,-207.79
-7.4868,149.66,-92.295
-60.866,245.41,-370.82
-11.656,194.17,-234.14
-60.9,220.86,-282.19
-59.167,229.55,-299.49
-6.0738,138.72,11.89
-35.134,141.22,-119.41
-33.112,124.78,-68.327
-56.879,226.81,-277.67
-10.654,194.42,-189.56
-64.512,233.18,-371.84
-13.302,197.91,-176.46
-19.63,169.18,-197.17
-54.962,193.15,-280.66
-58.237,226.86,-284.6
-13.782,189.35,-137.81
-15.059,215.03,-242
-14.718,233.58,-352.58
-29.626,231.07,-473.12
-53.998,225.73,-443.46
-11.235,174.9,-179.54
-52.932,261.57,-406.44
-34.093,109.95,-22.584
-15.425,238.94,-414.18
-53.783,216.51,-397.25
-27.194,243.64,-320.18
-39.744,107.16,-6.2155
-53.685,185.15,-131.08
-8.3088,105.9,9.561
-57.32,166.47,-129.45
-7.2793,150.17,-91.998
-63.905,245.72,-398.9
-27.496,168.87,-210.87
-19.983,235.65,-453.35
-52.721,161.59,-156.11
-40.669,172.48,-61.592
-14.149,159.01,-148.57
-45.449,102.08,28.415
-17.781,115.31,-33.843
-14.619,211.71,-229.7
-52.764,138.98,-21.665
-56.284,205.67,-203.7
-22.673,93.585,22.569
-33.736,264.25,-406.61
-37.608,255.05,-359.24
-22.132,139.17,-107.58
-36.983,228.69,-474.07
-12.457,185.22,-217.11
-41.234,137.07,32.638
-9.5423,135.59,35.876
-18.174,202,-169.72
-27.288,206.73,-357.41
-4.2711,136.5,-41.197
-39.78,178.63,-251.8
-51.956,138.43,-68.424
-10.103,187.04,-197.2
-18.83,139.63,39.059
-36.967,148.33,-142.15
-57.404,202.28,-199.56
-61.892,223.84,-301.12
-52.453,131.53,-31.303
-52.581,132.09,-31.739
-32.05,100.97,2.7933
-25.226,164.7,-193.31
-22.241,224.17,-416.47
-52.685,189.46,-273.42
-56.347,228.35,-280.86
-27.65,145.68,-132.98
-52.214,208.55,-362.82
-51.532,204.77,-182.15
-22.452,113.03,-32.201
-14.374,200.5,-180.7
-48.465,225.3,-454.24
-16.808,112.99,-26.164
-12.943,174.1,-83.707
-14.705,210.09,-221.4
-50.571,146.54,-107.8
-15.56,200.84,-287.69
-13.493,177.03,-199.25
-54.974,184.68,-136.03
-24.861,212.17,-192.55
-28.585,96.639,13.747
-55.524,189.15,-151.13
-32.205,224.22,-446.99
-51.339,140.27,-12.055
-51.217,205.87,-352.8
-46.354,235.73,-281.83
-26.715,174.12,-228.62
-46.584,235.84,-282.62
-39.077,205.28,-161.72
-48.066,157.69,-158.4
-28.168,211.02,-183.53
-56.908,230.52,-457.24
-5.1777,137.91,9.6072
-36.82,195.25,-320.27
-12.235,204.33,-266.09
-41.474,196.96,-136.48
-3.7187,142.08,-27.052
-63.502,222.93,-324.83
-44.159,244.23,-313.78
-35.391,217.02,-202.16
-60.822,241.46,-354.74
-57.473,191.51,-169.68
-29.441,227.86,-247.94
-25.147,153.84,-157
-24.007,224.86,-427.14
-56.271,199.69,-185.39
-50.429,204.02,-346.09
-48.753,169.88,-71.662
-46.849,149.26,-130.63
-17.615,260.34,-466.92
-57.408,167.2,-127.24
-7.308,165.71,-88.444
-32.778,209.89,-176.38
-10.325,116.26,-22.009
-53.99,225.65,-261.89
-59.79,224.91,-287.14
-34.923,207.13,-371.29
-64.21,233.29,-410.7
-18.219,202.31,-170.78
-18.517,199.53,-299.17
-26.418,190.32,-111.94
-16.226,250.51,-462.48
-14.957,216.21,-334.92
-60.843,200.01,-265.94
-6.5642,133.37,-50.121
-58.101,234.47,-311.79
-26.716,165.31,-33.007
-24.142,234.64,-471.09
-29.408,146,-134.96
-11.6,202.17,-217.18
-19.181,230.38,-425.69
-59.898,215.9,-362.67
-6.7935,136.52,-58.507
-51.384,123.53,11.966
-7.6495,159.58,-114.83
-9.6656,188.03,-186.13
-61.892,266.03,-463.97
-14.549,233.17,-372.78
-25.24,102.08,-2.2414
-47.073,152.91,-143.33
-48.362,167.73,-64.774
-51.549,146.87,-104.21
-63.328,221.56,-317.81
-0.7972,120.97,32.653
-19.207,151.42,-139.78
-5.2409,153.55,-62.633
-46.141,248.04,-332.34
-31.222,272.46,-451.75
-64.53,240.08,-388.8
-31.605,110.39,-25.555
-54.12,209.18,-205.43
-56.595,263.48,-427.02
-39.705,194.46,-316.93
-13.75,181.05,-106.02
-6.6895,164.29,-94.286
-20.847,142.24,-114.96
-15.617,245.53,-427.38
-22.38,173.26,-217.64
-12.328,211.77,-272.89
-14.643,154.88,-13.893
-16.095,251.05,-450.98
-51.801,230.58,-273.38
-25.754,210.22,-368.42
-14.16,215.38,-323.04
-31.085,223.83,-443.1
-16.239,248.25,-458.69
-11.012,192.54,-221.83
-44.43,189.55,-292.54
-59.038,267.58,-455.37
-65.749,248.61,-440.65
-8.7265,170.36,-147.38
-11.693,124.43,-46.612
-16.371,189.04,-126.11
-57.877,201.43,-200.05
-57.87,171.13,-137.58
-42.919,260.84,-387
-18.442,226.92,-405.97
-55.163,155.28,-72.703
-48.855,133.45,16.477
-50.228,121.17,-12.13
-62.114,219.69,-291.38
-32.663,104.01,-5.8591
-40.052,192.65,-121.16
-18.745,231.47,-427.04
-46.263,136.95,-88.775
-59.207,202.14,-212.05
-13.071,103.09,6.2541
-18.479,240.88,-344.27
-54.083,198.72,-309.96
-40.974,221.53,-221.11
-46.918,160.27,-171.09
-40.678,276.45,-461
-50.323,142.11,-92.374
-50.277,132.41,10.59
-17.198,253.53,-430.79
-61.044,217.32,-360.24
-63.883,261.38,-459.57
-10.923,192.07,-171.6
-13.625,160.69,-151.49
-9.1996,131.87,-57.903
-21.436,221.31,-237.94
-14.26,188.89,-133.71
-54.636,216.61,-232.33
-37.879,152.11,-154.56
-15.315,241.56,-413.24
-15.192,240.83,-402.83
-20.879,183.98,-97.444
-36.464,119.55,-49.748
-58.129,232.66,-305.15
-62.464,221.87,-369.46
-36.731,266.79,-415.94
-24.324,265.71,-439.93
-46.57,253.27,-355.87
-14.88,225.33,-296.78
-14.644,234.73,-369.52
-31.411,95.91,17.391
-39.041,245.74,-317.31
-28.578,122.53,-62.253
-42.086,122.08,-49.188
-35.127,216.49,-414.8
-16.032,208.46,-205.63
-55.181,181.86,-129.71
-40.898,219.34,-431.09
-57.778,171.31,-153.02
-41.225,209.77,-179.05
-50.39,203.75,-344.96
-29.3,193.26,-305.42
-46.848,238.72,-294.57
-43.099,136.2,30.394
-3.6906,141.72,-25.066
-33.559,185.4,-278.45
-24.104,240.81,-315.85
-60.061,188.86,-204.6
-37.742,213.88,-191.16
-6.0824,153.34,-45.363
-23.796,182.5,-253.73
-52.784,132.63,-19.149
-25.063,169.39,-209.29
-55.207,152.98,-71.125
-60.034,190.17,-197.92
-60.565,196.61,-216.18
-5.285,124.59,-23.852
-50.522,133.94,5.9337
-55.766,154.44,-90.503
-19.865,254.42,-406.37
-18.548,234.59,-438.39
-41.652,212.07,-187.52
-55.216,163.33,-86.895
-58.156,189.78,-170.69
-59.075,224.23,-412.89
-51.177,211.78,-381.48
-13.132,219.04,-307.48
-48.975,142.28,-98.693
-56.673,222,-259.64
-60.832,195.64,-232.58
-48.384,194.78,-308.72
-57.617,252.9,-384.45
-16.878,238.31,-344.78
-9.6687,110.61,-5.9261
-27.243,184.25,-266.94
-25.446,197.04,-313.01
-50.179,116.79,7.0184
-7.0106,117.82,-15.563
-37.138,232.14,-260.57
-65.59,247.72,-434.05
-42.255,215.16,-199.1
-38.447,148.99,6.3061
-38.438,135.91,41.152
-58.27,253.92,-391.87
-31.608,139.8,38.92
-33.393,208.29,-374.97
-15.984,249.53,-448.63
-41.243,257.36,-369.98
-14.577,233.72,-373.46
-36.475,162.13,-190.72
-37.12,266.87,-416.03
-63.202,241.35,-374.68
-48.869,143.53,-103.64
-15.304,174.24,-76.438
-56.785,248.05,-360.06
-8.6844,173.82,-153.37
-49.078,227.48,-255.03
-43.293,135.4,31.898
-49.28,190.14,-130.16
-33.183,173.46,-232.2
-44.602,226.01,-462
-59.738,190.61,-230.32
-22.354,194.13,-130.1
-49.889,111.84,29.281
-5.4137,154.91,-67.339
-29.838,208.29,-369.6
-8.7064,108.65,1.5882
-34.276,229.15,-249.14
-58.235,177.38,-146.98
-34.786,161.34,-23.62
-23.286,170.93,-211.46
-9.3652,159.87,-128.39
-54.211,164.98,-161.76
-60.585,196.39,-216.38
-62.335,219.83,-359.17
-18.981,214.81,-360.02
-13.266,150.79,-122.02
-49.163,125.2,-35.664
-65.742,246.64,-437.19
-48.661,157.41,-156.64
-48.74,165.37,-18.706
-76.576,213.79,-346.38
-46.812,236.79,-471.83
-37.933,127.41,-54.769
-67.581,227.19,-441.52
-52.136,179.92,-62.427
-82.001,215.31,-287.6
-67.264,173.77,-66.172
-60.222,170.47,-201.58
-53.456,203.82,-335.55
-38.978,180.59,-219.16
-34.839,238.5,-339.84
-31.915,211.24,-273.75
-61.451,117.13,-17.897
-83.498,231.92,-372.82
-58.056,120.7,-35.699
-36.66,114.77,-18.215
-38.506,209.22,-320.29
-46.29,260.95,-382.44
-57.651,115.08,-18.722
-45.507,110.2,-11.729
-49.659,213.42,-173.27
-62.385,247.08,-305.1
-46.09,176.55,-220.26
-84.507,242.77,-422.88
-82.019,217.28,-309.63
-68.889,155.43,-128.08
-52.578,161.66,-9.5613
-46.583,269.23,-423.56
-31.904,192.94,-141.04
-69.85,122.58,4.117
-38.533,249.94,-363.61
-74.071,194.07,-265.57
-30.757,206.43,-235.72
-72.848,151.43,-91.415
-42.976,139.52,-95.762
-65.133,242.96,-291.13
-71.076,138.77,-53.555
-32.596,222.8,-306.72
-37.654,202.12,-151.91
-55.104,238.35,-267.07
-36.382,112.39,-11.39
-20.166,118.65,30.356
-52.3,159.53,-3.3732
-57.563,209.62,-159.7
-76.096,235.94,-462.86
-30.393,169.65,-150.29
-73.345,154.45,-48.825
-36.611,258.77,-436.54
-72.817,260.47,-381.86
-28.369,186.22,-153.25
-83.092,228.1,-357.04
-33.025,167.1,-155.76
-31.168,180.63,-185.05
-24.988,142.67,11.545
-47.445,117.49,-33.041
-60.434,163.15,-22.627
-51.944,182.64,-70.592
-74.526,193.12,-146.2
-47.347,125.27,-55.924
-28.901,140.87,33.949
-70.314,184.95,-106.02
-49.772,146.18,35.591
-55.096,249.78,-315.44
-76.064,273.03,-449.16
-47.275,141.81,-105.87
-44.617,164.16,-175.3
-37.815,241.45,-324.63
-43.589,165.12,-177.06
-24.029,152.83,-47.023
-31.876,202.8,-252.54
-45.016,116.86,-30.791
-85.003,256.53,-444.31
-82.856,225.54,-317.77
-61.899,205.03,-341.69
-35.857,256.06,-436.32
-78.578,211.49,-322.17
-52.866,156.1,-153.46
-83.099,231.65,-382.27
-46.287,232.62,-451.42
-51.448,184.98,-257.47
-31.725,215.18,-262.02
-48.887,221.46,-407.38
-59.294,193.99,-110.1
-25.847,159.96,-92.78
-31.269,206.73,-252.76
-43.894,181.47,-234.23
-71.895,176.66,-89.925
-32.244,142.51,-84.442
-71.947,225.41,-239.1
-72.728,219.86,-392.87
-63.65,172.12,-53.012
-54.54,230.65,-236.35
-70.219,191.34,-123.83
-51.058,266.11,-396.61
-26.109,151.9,-80.23
-81.55,223.78,-288.87
-78.221,237.43,-460.67
-58.912,118.03,-25.928
-65.095,165,-174.03
-26.467,108.57,19.019
-84.967,246.57,-423.99
-80.735,221.56,-273.11
-41.875,185.62,-244.64
-80.458,203.47,-255.79
-60.368,252.99,-329.2
-31.52,212.84,-249.13
-45.959,187.17,-258.99
-49.415,121.11,-43.593
-42.658,260.29,-393.21
-42.444,168.48,-186.38
-67.798,201.88,-319.87
-21.731,133.11,-5.47
-44.627,274.08,-455.96
-47.323,265.4,-401.75
-29.875,123.02,-26.856
-76.834,199.3,-176.82
-26.694,149.39,-3.5335
-77.193,176.48,-130.64
-68.133,209.25,-353.02
-30.168,153.54,-106.52
-80.04,212.6,-314.8
-55.398,197.8,-311.22
-55.835,99.054,28.127
-61.8,262.5,-372.97
-75.803,223.8,-401.18
-77.608,204.4,-293.92
-82.826,223.49,-318.55
-76.656,185.11,-209.04
-67.28,161.43,-34.056
-24.243,150.79,-59.326
-46.692,233.36,-456.02
-78.864,262.21,-413.49
-79.633,203.66,-213.25
-39.546,180.42,-70.989
-60.939,229.99,-235.72
-36.628,113.32,-14.229
-74.517,186.72,-128.83
-23.692,123.72,-5.3531
-72.895,202.82,-310.13
-33.441,174.35,-178.98
-52.832,175.73,-50.22
-44.405,206.71,-154.26
-60.977,184.05,-82.171
-51.18,194.53,-294.84
-59.109,192.33,-104.76
-56.046,221.57,-418.36
-76.046,256.28,-374.61
-76.666,214.96,-222.73
-35.244,167.23,-164.3
-22.268,132.56,30.638
-25.084,158.75,-56.098
-59.058,171.74,-207.29
-77.162,190.03,-228.02
-80.168,240.33,-331.68
-81.942,236.6,-428.96
-64.249,224.1,-217.48
-75.107,219.35,-229.63
-51.494,228.69,-229.99
-72.809,224.8,-239.7
-44.191,181.04,-67.616
-72.207,277.14,-456.14
-42.616,213.87,-355.9
-50.394,239.39,-274.69
-75.517,265.98,-415.52
-35.811,258.08,-463.46
-46.122,237.7,-274.41
-64.137,112.21,6.3868
-25.997,166.85,-100.7
-50.582,238.81,-272.06
-79.209,197.94,-245.97
-50.225,156.05,7.5889
-69.381,136.13,15.738
-25.212,141.61,-52.421
-56.252,187.02,-267.39
-42.922,256.11,-370.46
-43.341,234.58,-267.74
-46.012,186.99,-258.4
-77.107,233.62,-288.91
-26.682,157.17,-32.498
-77.124,272.69,-451.64
-41.822,244.92,-319.99
-26.452,146.47,5.7213
-79.997,221.45,-362.78
-51.045,196.25,-301.66
-36.363,199.98,-276.03
-57.809,263.14,-375.45
-66.586,166.79,-45.781
-42.237,230.4,-426.02
-65.35,159.66,-153.64
-23.513,147.96,-43.844
-69.033,154.5,-23.356
-81.585,212.67,-267.04
-32.772,183.75,-100.35
-69.88,203.27,-321.44
-25.457,106.56,27.117
-50.533,124.73,-54.22
-45.138,210.4,-349.2
-65.966,219.72,-204.57
-72.545,141.82,-22.503
-64.206,174.12,-210.47
-27.812,175.52,-142.7
-35.48,213.28,-317.59
-53.545,124.9,-53.412
-36.604,241.03,-432.36
-30.251,130.61,-47.354
-34.493,231.98,-306.69
-68.09,113.81,22.994
-33.835,236.07,-356.1
-58.474,204.98,-342.66
-32.84,218.78,-307.33
-79.92,220.01,-355.7
-29.08,192.1,-181.32
-51.478,264.4,-387.46
-52.421,201.93,-326.54
-46.067,212.71,-361.54
-48.392,181.17,-240.07
-28.47,158.28,-26.769
-74.846,210.13,-198.39
-71.3,196.88,-143.66
-34.871,235.9,-323.83
-41.371,222.26,-386.52
-78.268,270.59,-447.27
-74.685,155.66,-87.133
-84.981,247.66,-444.31
-77.424,178.66,-167.05
-24.884,148.54,-11.794
-79.271,264.21,-424.35
-42.873,98.244,22.941
-67.414,185.41,-249.74
-57.536,147.9,-123.88
-70.865,170.02,-177.04
-49.084,184.17,-75.176
-58.892,172.06,-208.6
-34.359,122.14,-34.583
-52.213,216.54,-183.44
-80.15,199.49,-217.09
-54.714,144.42,36.126
-81.863,231.62,-316.08
-39.11,247.14,-344.88
-79.976,209.58,-299.26
-45.426,224.15,-219.34
-77.52,209.76,-211.58
-74.031,186.08,-230.34
-51.477,210.03,-360.39
-44.539,231.01,-438.17
-22.995,127.88,-9.7855
-62.502,258.25,-353.85
-37.158,179.9,-73.669
-63.126,229.78,-237.1
-69.258,131.17,-36.63
-40.072,185.68,-239.98
-20.342,114.61,34.89
-68.337,196.27,-293.91
-44.161,199.87,-130.16
-29.653,174.13,-79.316
-21.652,132.67,-3.8738
-48.113,184.72,-253.04
-30.081,196.22,-212.46
-70.286,170.24,-180.08
-62.583,168.63,-191.91
-59.428,214.54,-178.03
-67.072,179.28,-80.65
-81.764,214.39,-273.75
-76.985,173.43,-125.05
-33.639,230.24,-350
-81.489,212.4,-263.59
-42.12,203.99,-314.26
-54.668,121.08,-40.823
-28.36,141.51,-68.35
-60.285,135.72,-80.347
-69.014,163.95,-46.288
-37.485,227.53,-259.43
-32.522,193.25,-230.87
-45.761,175.16,-214.83
-81.453,221.33,-280.89
-74.874,233.14,-277.34
-54.619,203.93,-336.87
-34.803,246.67,-409.63
-72.627,174.7,-88.343
-38.799,236.09,-431.26
-64.635,156.8,-144.78
-45.339,216.69,-190.2
-79.222,190.65,-190.1
-52.145,196.97,-305.68
-85.103,249.18,-452.26
-48.252,156.52,6.9031
-27.812,142.93,-69.448
-62.915,272.6,-421.34
-21.721,132.63,23.78
-33.833,233.71,-361.66
-68.008,184.76,-245.67
-25.837,150.78,-75.864
-55.263,191.01,-283.25
-79.648,200.83,-255.6
-64.29,116.12,-6.3206
-43.682,156.7,-149.62
-47.91,155.47,9.9946
-39.847,243.35,-321.65
-47.828,175.36,-48.373
-78.897,190.52,-178.35
-59.411,213.45,-174.2
-45.614,132.25,-76.042
-69.387,191.49,-121.69
-50.996,259.98,-366.74
-74.044,231.86,-269.48
-22.341,111.94,27.216
-40.731,269.18,-451.84
-30.248,157.52,-117.32
-60.265,139.99,-94.434
-44.371,175.35,-49.673
-38.373,260.66,-424.39
-56.902,107.93,2.3339
-81.294,250.46,-379.4
-47.507,129.68,-69.081
-56.619,279.04,-452.97
-51.593,110.9,-12.369
-57.454,218.2,-189.82
-24.304,148.68,-17.834
-29.369,135.82,-57.881
-65.595,166.84,-43.268
-78.205,185.51,-158.97
-48.416,211.97,-168.92
-74.094,154.33,-57.364
-29.394,190.95,-156.4
-55.096,261.22,-367.74
-74.355,152.35,-63.594
-34.836,240.98,-405.49
-76.076,232.29,-444.03
-84.638,243.15,-404.79
-42.185,270.13,-447.55
-36.68,168.09,-35.869
-46.581,183.2,-245.18
-58.536,146.1,-116.89
-78.451,235.92,-451.46
-53.788,178.73,-59.575
-24.78,112.8,14.562
-66.666,167.73,-48.469
-33.576,212.17,-297.81
-73.426,258.67,-375.72
-27.558,171.45,-132.42
-26.779,170.19,-119.55
-61.555,215.02,-181.72
-66.425,245.17,-302.02
-72.702,212.54,-197.56
-73.707,182.56,-216.65
-75.283,228.25,-426.44
-79.396,254.71,-384.2
-66.268,128.83,-42.56
-38.699,151.14,-124.4
-60.022,250.83,-319.66
-77.444,200.39,-184.08
-35.955,246.74,-372.1
-77.953,227.64,-272.13
-56.078,115.49,-22.174
-75.402,163.57,-118.68
-38.851,252.3,-373.81
-38.828,257.4,-401.9
-67.324,258.96,-362.65
-46.785,172.38,-39.586
-39.863,200.49,-293.07
-46.576,161.92,-8.6213
-39.599,145.43,-108.97
-63.022,215.27,-388.4
-70.369,136.75,7.7756
-36.696,244.6,-447
-35.034,231.62,-378.66
-32.696,215.8,-241.68
-32.609,209.34,-209.44
-61.017,175.71,-220.77
-35.371,252.73,-430.14
-81.315,211.72,-290.02
-25.702,165.16,-82.733
-23.331,117.79,9.4239
-51.184,242.02,-284.99
-72.006,139.54,-47.556
-20.936,125.18,13.134
-68.821,229.06,-244.04
-44.164,171,-36.468
-67.536,233.17,-256.73
-67.6,278.89,-455.54
-74.035,164.97,-74.557
-70.714,215.17,-375.45
-68.273,111.42,35.783
-74.576,209.17,-194.14
-29.123,187.67,-142.99
-66.795,212.93,-372.84
-60.987,141.56,33.137
-45.626,194.97,-288.14
-57.023,110.52,-5.5116
-37.676,158.4,-144.19
-34.922,157.06,-132.95
-75.467,200.8,-289.63
-63.403,272.76,-422.42
-59.623,162.83,-173.97
-81.9,232.73,-407.07
-29.713,195.64,-178.23
-69.591,141.25,3.8677
-72.609,180.83,-103.88
-38.044,245.65,-344.64
-63.211,191.34,-107.28
-48.054,97.794,24.548
-74.663,242.08,-310.54
-56.646,216.74,-395.98
-52.814,198.66,-313.22
-38.78,96.96,28.552
-29.374,194.66,-185.14
-82.998,245.39,-376.03
-75.904,165.62,-97.916
-60.458,138.83,41.331
-35.521,217.58,-333.22
-88.797,160.09,-26.003
-80.518,251.49,-303.18
-58.436,229.41,-240.06
-65.082,239.73,-264.32
-89.532,166.79,-149
-73.974,157.25,-141
-86.595,156.86,-9.8583
-77.346,275,-410.37
-60.754,136.28,-70.281
-62.776,236.15,-254.57
-95.935,184.64,-125.59
-48.92,155.79,-96.48
-57.198,225.33,-227.63
-92.391,264.7,-380.49
-50.703,176.89,-64.384
-90.392,152.66,-17.255
-62.641,224.63,-384.17
-102.91,245.66,-436.89
-49.582,200.97,-174.65
-41.544,127.04,8.2321
-90.812,161.79,-124.05
-61.609,235.72,-256.11
-81.107,195.9,-104.07
-99.127,249.79,-346.7
-74.675,176.63,-209.45
-53.535,217.45,-304.15
-77.457,120.51,-20.153
-48.4,186.1,-115.18
-77.764,229.04,-212.73
-43.894,159.15,-62.184
-58.852,145.54,-94.742
-53.178,229.04,-275.48
-94.893,214.8,-334.58
-83.099,226.5,-420.09
-87.039,253.95,-321.12
-66.412,245.69,-287.35
-52.801,193.16,-221.25
-90.594,135.17,9.7034
-90.881,138.74,2.5903
-75.178,264.76,-362.35
-66.041,186.56,-68.411
-41.919,144.35,-1.7961
-59.996,154.65,-123.67
-53.08,237.91,-346.91
-46.39,167.63,-108.62
-91.795,227.7,-231.67
-91.398,213.48,-341.7
-84.787,127.24,-24.237
-40.926,124.25,18.009
-84.082,225.69,-206.76
-47.296,115.88,9.2327
-44.642,146.39,16.35
-45.144,164.7,-53.622
-68.784,164.33,-1.818
-73.566,157.38,-141.55
-93.093,161.67,-54.881
-67.126,127.27,-47.566
-81.127,246.39,-282.48
-92.23,253.11,-329.91
-59.967,235.6,-261.24
-53.268,239.35,-358.8
-65.995,217.18,-362.04
-100.06,206.59,-235.91
-65.458,198.28,-283.54
-43.151,153.37,-45.822
-85.618,216.11,-367.14
-42.287,144.53,4.1059
-77.983,123.48,-28.624
-50.858,211.94,-255.19
-45.964,127.92,-15.956
-98.233,206.93,-199.58
-84.538,123.2,-11.344
-52.995,126.53,-31.637
-52.036,209.32,-187.83
-61.765,265.76,-399.78
-89.015,267.48,-384.58
-88.775,158.24,-21.55
-83.35,189.87,-89.816
-96.74,183.93,-173.71
-88.645,250.7,-310.77
-70.467,258.54,-338.17
-96.833,248.22,-327.8
-101.1,273.62,-458.73
-102.31,231.03,-353.18
-56.663,144.23,-87.273
-98.289,191.41,-177.29
-79.492,176.71,-45.883
-88.779,126.01,3.0809
-73.738,146.79,-106.63
-98.401,235.19,-420.41
-93.902,233.34,-259.21
-89.917,149.72,-82.235
-81.539,171.44,-185.52
-97.664,197.3,-231.2
-77.087,220.63,-181.68
-60.102,275.12,-460.07
-65.957,167.17,-171.67
-81.506,260.79,-344.22
-93.223,188.82,-117.44
-44.152,139.32,-33.526
-89.024,178.61,-73.126
-55.335,240.7,-313.39
-70.811,216.92,-370.37
-94.619,171.98,-140.45
-90.267,270.56,-401.49
-50.629,163.95,-125.45
-52.274,223.86,-259.93
-97.733,186.74,-162.71
-57.582,172.42,-174.06
-87.979,176.46,-191.9
-53.882,222.72,-324.9
-61.612,250.87,-325.22
-52.166,165.12,-19.329
-77.09,248.58,-289.89
-59.561,145.02,-94.267
-63.18,152.44,-121.12
-56.83,222.18,-215.64
-86.863,283.62,-455.87
-47.35,177.79,-138.33
-76.064,217.41,-169.83
-92.705,262.02,-369.56
-78.446,157.21,-138.04
-85.892,222.42,-198.31
-55.47,218.13,-321.76
-52.097,206.51,-256.95
-91.805,200.85,-282.28
-64.155,196.74,-102.64
-103.62,243.38,-377.33
-94.716,163.95,-97.095
-70.934,218.71,-174.43
-70.236,255.35,-323.85
-67.851,207.37,-324.4
-101.9,236.8,-397.72
-91.773,248.89,-311.29
-65.691,126.22,-44.222
-92.232,273.41,-419.53
-63.175,232.23,-419.86
-43.752,142.83,24.201
-89.593,196.26,-123.74
-59.603,216.65,-182.93
-53.919,231.12,-353.29
-84.347,159.23,-8.9319
-47.001,182.66,-119.03
-43.808,151.95,-54.925
-84.972,281.41,-443.39
-84.921,246.06,-285.32
-46.967,182.69,-137.21
-96.639,193.63,-223.19
-47.121,184.86,-135.14
-61.808,245.61,-299.67
-89.08,225.02,-404.19
-59.585,247.98,-320.46
-58.504,260.32,-391.26
-84.683,224.34,-408.07
-82.883,182.5,-67.836
-95.754,206.7,-180.68
-43.372,156.03,-48.391
-83.99,162.57,-148.82
-45.379,169.7,-76.274
-88.993,146.34,4.1985
-95.006,165.69,-100.24
-42.424,138.18,-18.96
-97.691,222.93,-242.19
-68.871,161.06,7.5102
-96.833,194.78,-227.01
-82.732,256.26,-325.23
-79.584,196.06,-102.57
-60.039,221.52,-360.24
-90.125,189.59,-239.08
-52.17,219.86,-295.51
-67.11,276.92,-436.14
-51.787,196,-131.9
-86.142,147.76,13.679
-59.447,209.6,-310.28
-51.885,176.06,-165.11
-51.161,154.9,11.339
-103.32,257.3,-413.12
-48.78,196.79,-166.33
-102.34,247.85,-366.51
-74.418,212.21,-151.2
-80.699,226.36,-420.62
-53.273,222.45,-317.52
-51.158,219.29,-265.12
-63.844,242.97,-281.41
-57.292,245.86,-444.91
-100.42,229.14,-283.68
-47.657,173.03,-65.925
-94.616,164.43,-102.77
-100.98,219.44,-266
-95.419,168.78,-98.778
-50.859,182.98,-86.023
-98.204,238.07,-437.09
-79.626,129,-43.347
-90.471,177.11,-74.688
-85.591,182.16,-220.25
-90.155,132.3,-8.6899
-94.23,240.61,-468.41
-56.304,214.68,-186.28
-82.451,283.19,-449.94
-52.627,231.29,-300.55
-71.002,261.13,-349.49
-91.072,147.99,-12.938
-84.071,156.41,-126.51
-90.389,143.45,0.77232
-92.256,146.49,-47.255
-51.209,174.5,-157.39
-79.435,217.12,-170.97
-63.011,242.93,-466.72
-92.445,217.09,-197.84
-41.353,131.17,2.3625
-100.46,261.05,-401.57
-88.308,163.31,-140.15
-53.32,219.97,-227.22
-51.183,185.72,-94.8
-75.421,209.71,-342.65
-69.182,226.09,-203.08
-63.943,276.18,-443.89
-66.352,272.58,-416.41
-64.582,256.07,-339.6
-100.65,268.54,-434.38
-88.475,173.43,-57.769
-55.414,232.49,-374.76
-76.457,192.98,-90.053
-54.859,211.53,-179.69
-78.827,206.06,-326.97
-82.689,231.3,-225.32
-44.25,144.83,-45.652
-61.342,183.27,-219.61
-72.67,195.84,-283.02
-65.738,224.48,-393.63
-78.233,258.63,-333.36
-64.859,269.12,-403.78
-100.04,207.48,-248.6
-89.929,132.32,-11.977
-68.309,248.16,-294.7
-47.296,171.22,-124.25
-101.28,219.09,-296.04
-51.883,225.95,-295.44
-70.409,170.35,-185.93
-40.845,133.46,37.097
-103.14,262.4,-430.2
-53.868,246.2,-378.02
-95.605,221.46,-364.21
-59.972,153.13,29.305
-62.783,215.95,-347.6
-46.29,169.6,-111.29
-81.865,249.74,-296.85
-92.763,156.27,-88.053
-53.306,230.75,-343.13
-87.353,201.65,-133.56
-67.076,256.62,-335.51
-94.754,178.68,-102.52
-40.957,120.71,24.524
-99.576,230.64,-280.82
-93.86,160.12,-61.658
-76.719,202.46,-119.9
-92.903,149.77,-50.951
-61.818,168.45,-15.24
-101.92,228.62,-303.45
-74.48,181.42,-227.41
-62.817,171.99,-25.293
-52.825,210.61,-275.94
-100.44,226.01,-353.24
-83.171,116.88,5.1169
-80.481,109.84,20.104
-63.727,197.82,-106.69
-51.808,194.79,-219.84
-81.189,123,-20.754
-47.408,166.54,-42.436
-101.26,222.66,-321.6
-55.078,238.82,-306.04
-50.21,206.64,-233.28
-76.719,192.29,-88.162
-99.989,219.58,-322.63
-68.572,156.21,-137.2
-102.54,237.88,-394.09
-96.244,181.8,-169.54
-68.916,228.74,-213.56
-71.459,127.6,-47.808
-65.481,203.54,-124.42
-47.599,188.52,-152.29
-67.525,233.02,-437.38
-87.698,187.37,-236.68
-96.482,194.52,-152.83
-57.306,249.29,-458.79
-52.643,233.46,-326.67
-75.836,109.73,10.817
-95.938,222.62,-368.43
-71.069,136.22,-74.245
-42.769,143.64,-31.159
-95.237,178.57,-164.94
-50.808,214.51,-233.05
-64.54,235.95,-441.62
-43.621,115.37,22.694
-98.038,223.67,-246.87
-60.711,219.54,-354.91
-87.272,185.06,-228.25
-75.662,155.74,-135.18
-72.113,131.91,-60.613
-82.938,127.97,-32.556
-79.092,144.57,-94.692
-52.512,152.64,21.521
-80.691,177,-48.553
-55.184,222.56,-225.91
-65.206,172.97,-27.155
-44.443,117.17,15.303
-89.148,135.53,24.854
-63.873,228.54,-220.19
-55.701,145.53,-89.085
-89.664,257.69,-342.41
-72.664,267.06,-375.61
-92.879,207.06,-167.74
-101.1,220.06,-308.26
-92.497,153.06,-34.936
-55.492,264.03,-460.16
-97.025,216.35,-217.27
-67.065,228.04,-413.37
-75.791,244.15,-271.54
-81.842,180.93,-61.513
-74.586,146.6,42.99
-60.234,160.25,-141.32
-95.518,224.71,-381.22
-70.652,213.14,-353.36
-71.535,251.98,-307.16
-95.443,201.16,-163.03
-50.658,214.7,-243.6
-68.109,203.77,-310.04
-44.724,162.59,-49.217
-53.175,220.86,-311.45
-72.651,199.95,-299.65
-59.899,175.09,-37.396
-97.629,190.07,-156.79
-86.057,235.44,-245.83
-83.602,203.82,-313.83
-62.515,161.01,7.3588
-76.009,224.47,-195.17
-63.768,198.24,-279.83
-87.611,205.25,-145.31
-84.112,165.94,-25.604
-41.692,129.05,3.3684
-98.568,198.98,-186.03
-46.733,181.79,-126.05
-55.172,225.09,-237.52
-82.142,219.6,-182.53
-51.126,218.55,-267.5
-42.446,140.69,-23.312
-84.363,248.7,-295.25
-87.201,229.53,-226.2
-51.125,207.71,-188.87
-41.231,126.4,11.742
-103.4,241.21,-395.74
-81.792,214.87,-165.83
-49.849,197.37,-152.54
-59.899,174.78,-36.403
-88.564,123.32,12.488
-102.09,265.25,-431.5
-91.738,140.93,-17.393
-90.314,157.51,-109.93
-94.687,258.4,-360.59
-100.36,209.88,-241.36
-74.524,231.21,-441.46
-73.822,153.32,-127.92
-99.074,273.32,-445.58
-57.752,198.16,-261.45
-52.924,147.12,39.545
-56.815,204.33,-279.52
-79.962,152.64,18.242
-55.134,259.56,-458.43
-65.658,209.47,-328.66
-73.237,165.16,-6.5472
-88.195,269.05,-390.19
-54.344,229.49,-352.86
-88.149,214.27,-353.9
-69.663,105.87,16.085
-83.314,176.21,-51.22
-80.768,246.29,-281.79
-65.165,143.14,-94.303
-69.391,189.53,-76.811
-46.377,178.43,-108.16
-45.323,149.33,-62.218
-80.871,156.91,5.2409
-66.833,138.26,-80.318
-46.975,162.72,-30.644
-97.899,188.56,-163.69
-92.79,206.59,-165.97
-71.245,102.17,28.309
-80.435,230.52,-440.8
-51.355,218.59,-246.26
-74.347,210.06,-143.86
-84.222,194.76,-274.19
-86.832,279.14,-434.96
-95.746,247.48,-319.9
-50.204,203.44,-178.48
-52.655,230.57,-294.54
-65.766,245.94,-289.86
-96.141,207.74,-186.01
-58.838,203.88,-136.16
-97.767,269.47,-422.22
-73.502,243.86,-270.98
-85.047,140.74,-69.52
-90.851,150.4,-15.716
-54.402,236.49,-300.82
-78.916,165.97,-168.42
-51.024,194.34,-129.69
-96.922,195.33,-228.83
-99.129,274.21,-449.74
-78.602,174.44,-199.75
-66.965,280.92,-456.82
-95.09,215.8,-204.84
-48.198,148.36,24.474
-93.259,170.23,-73.11
-72.381,114.08,-6.4709
24.583,215.15,-451.42
29.1,212.94,-448.71
70.254,126.38,-99.693
57.4,222.38,-440.93
50.21,222.79,-470.15
31.766,195.57,-206.32
39.601,198.05,-384.58
37.929,226.51,-293.66
29.34,203.41,-239.1
49.625,163.42,-242.84
73.676,160.78,-82.126
71.428,174.55,-122.52
54.236,124.29,-107.99
16.461,217.46,-414.79
30.4,210.11,-436.03
73.817,191.64,-257.64
72.776,143.02,-22.399
42.22,203.65,-206.49
56.973,193.21,-345.94
70.419,147.04,-29.374
82.074,119.14,-24.738
33.054,176.12,-145.38
78.108,151.11,-138.47
44.969,206.25,-417.61
10.312,251.52,-468.63
78.817,153.22,-82.575
33.412,191.34,-187.65
49.05,203.13,-399.11
18.799,210.03,-375.11
81.168,122.5,-43.373
68.222,136.91,5.1245
46.799,220.43,-263.66
13.51,245.96,-436.04
25.621,185.71,-224.4
73.753,150,-47.011
59.07,153.76,-203.5
30.106,201.24,-388.92
79.712,158.61,-120.86
34.918,165.34,-228.42
32.227,125.01,-36.976
64.217,129.25,32.346
75.07,117.9,-62.529
24.636,188.68,-280.34
25.691,182.28,-245.13
41.172,144.61,-28.275
60.149,128.32,-119.36
33.826,122.4,-52.906
53.061,186.72,-329.29
63.565,217.15,-392.43
57.696,229.48,-314.68
22.74,244.31,-391.95
36.28,161.03,-89.75
33.076,107.27,20.106
32.274,136.71,-50.383
53.366,207.21,-213.68
52.64,175.65,-105.25
45.899,156.6,-215.22
50.346,183.49,-319.88
38.225,210.54,-441.47
52.808,247.99,-399.74
74.226,172.92,-218.49
72.414,181.54,-152.98
56.693,135.45,-143.79
20.499,232.21,-362.34
64.432,92.865,-10.481
33.52,107.79,2.1094
17.662,223.41,-474.19
78.529,156.44,-92.357
81.538,132.73,-61.074
32.187,205.1,-412.88
30.17,152.8,-117.11
27.851,211.23,-437.63
61.226,160.23,-222.64
22.013,218.03,-316.37
73.921,186.91,-250.78
32.181,135.87,-86.181
33.521,218.75,-274.23
56.366,180.22,-119.66
27.747,171.98,-208.19
20.997,205.39,-366.15
47.1,257.49,-435.68
66.686,176.8,-263.94
68.621,168.72,-94.881
40.091,194.93,-370.57
24.389,192.17,-304.33
62.762,232.07,-359.38
19.155,207.88,-343.47
61.972,111.65,-67.311
59.34,211.74,-237.84
27.437,181.5,-266.78
24.239,212.64,-289.7
60.56,118.01,-87.328
69.71,183.06,-148.5
58.059,207.24,-391.23
33.155,106.61,25.532
27.731,186.81,-300.09
28.773,229.37,-322.64
32.611,123.82,-17.765
81.462,135.47,-46.742
35.462,234.67,-327.79
35.914,138.27,-122.53
61.534,210.06,-235.3
47.375,219.6,-466.33
34.275,166.92,-233.01
56.593,237.35,-352.54
12.61,240.4,-429.04
73.601,171.68,-219.14
68.303,125.92,-102.23
32.639,245.51,-374.3
65.17,169.26,-244.47
34.569,222.61,-285.25
37.905,229.08,-303.28
82.674,112.19,0.63239
36.734,137.49,-123.23
38.01,121.24,-72.054
42.171,224.62,-282.05
74.648,167.01,-200.95
22.148,238.19,-373.59
77.271,170.85,-187.94
50.834,153.05,-204.64
22.428,197.13,-282.38
39.827,225.78,-288.6
79.076,162.84,-149.21
73.842,188.06,-253.39
64.249,206.95,-363.5
28.152,219.14,-478.86
11.891,228.78,-445.02
64.155,151.63,-189.32
41.785,254.75,-412.04
36.948,108.32,-25.736
55.172,214.12,-424.25
15.275,219.52,-398.94
67.077,221.23,-330.41
34.046,108.95,-8.4485
47.21,183.92,-135.24
60.395,87.896,1.603
33.288,171.44,-131.37
68.832,126.18,-102.02
25.107,248.77,-401.33
41.987,158.23,-216.66
42.142,215.96,-461.56
28.7,165.85,-157.89
62.756,163.08,-68.28
58.129,139.69,-157.06
33.209,107.07,26.954
50.57,102.91,-40.111
74.504,184.68,-241.12
40.61,142.61,-24.083
43.859,204.61,-207.77
44.333,86.567,17.958
58.111,245,-415.8
58.594,238.23,-367.88
47.712,127.36,-113.73
20.87,221.85,-478.28
62.34,162.03,-226.84
58.699,131.76,27.304
82.703,110.89,25.034
77.34,176.8,-180.83
37.23,193.83,-363.68
72.504,111.5,-51.545
30.696,175.16,-255.49
31.92,143.6,-70.027
69.079,161.19,-207.9
78.673,119.67,29.437
35.325,145.14,-145.82
41.721,202.48,-203.22
32.003,226.34,-303.9
34.434,136.97,-32.938
34.595,137.51,-33.392
37.875,98.966,-0.42793
44.536,152.83,-199.48
40.456,206.84,-424
23.3,192.53,-275.36
42.905,225.62,-285.4
42.597,136.92,-138.24
18.205,210.89,-364.76
51.09,200.09,-187.4
45.912,103.94,-37.482
77.222,173.72,-192.14
13.801,225.47,-456.53
51.367,100.17,-32.55
80.751,148.13,-94.982
75.037,183.12,-232.83
30.395,150.73,-109.58
55.99,179.11,-296.87
59.952,155.51,-208.43
44.985,184.55,-139.82
74.071,189.85,-202.93
39.981,92.979,10.08
44.406,189.02,-154.92
26.988,214.28,-452.19
44.338,142.35,-15.022
19.25,207.76,-354.88
54.904,225.29,-288.75
42.398,162.6,-234.65
54.642,225.55,-289.49
64.866,191.96,-169.6
29.439,160.01,-160.62
72.562,190.62,-193.4
9.9569,234.91,-458.44
82.425,111.09,-1.6926
30.012,189.18,-324.59
64.824,178.91,-276.58
62.777,185.88,-143.7
79.066,114.97,-38.259
25.663,227.6,-326.78
55.669,231.92,-321.2
67.128,200.56,-210.93
33.333,241.71,-358.2
40.801,192.84,-172.97
69.547,207.27,-257.81
44.913,142.77,-162.94
37.473,208.9,-434.22
43.718,199.16,-189.3
20.004,205.54,-348.28
53.035,166.45,-76.506
30.53,151.5,-132.87
56.491,234.44,-477.44
34.093,171.97,-129.25
79.018,138.26,-99.886
69.706,192.29,-185.49
59.143,98.571,-29.902
46.7,221.28,-266.98
36.958,225.31,-290.65
28.962,199.44,-375.99
14.988,239.68,-411.76
77.291,177.11,-181.89
50.718,180.38,-307.49
74.952,170.35,-121.71
52.38,225.68,-472.47
56.804,192.73,-344.63
24.954,205.55,-267.51
67.114,110.83,-59.62
39.378,232.78,-315.95
74.54,147.66,-42.08
34.932,218.46,-478.14
41.067,138.34,-139.89
73.369,174.81,-228.54
44.838,210.2,-434.12
16.85,221.4,-363.91
67.263,113.79,-68.077
38.655,128.26,9.9981
69.93,134.73,-125.17
72.144,161.24,-197.2
26.613,266.15,-467.26
60.251,207.35,-383.3
42.809,95.837,-6.6591
30.162,155.02,-145.59
53.336,164.24,-69.633
30.535,151.44,-105.93
26.307,226.13,-319.81
79.821,94.139,21.611
51.286,136.49,-146.89
78.101,126.37,-73.88
52.921,236.89,-339.39
56.406,251.75,-461.23
23.111,244.32,-390.82
38.553,107.25,-29.125
47.338,206.1,-210.15
36.205,259.36,-431.73
27.963,190.21,-320.73
80.113,155,-117.32
77.499,137,-105.6
49.16,129.28,-121.46
56.533,219.96,-437.73
47.297,158.79,-224.58
68.006,185.08,-283.88
81.068,131.23,-24.552
55.02,225.56,-461.27
49.193,224.26,-279.05
38.43,196.08,-375.05
59.19,191.1,-333.04
28.356,213.12,-448.53
51.714,223.76,-468.56
67.023,167.08,-232.37
26.013,188.28,-295.56
31.4,265.25,-459.46
17.451,253.89,-442.19
69.469,145.2,-157.84
58.375,106.83,-54.497
79.143,163.71,-137.26
40.743,202.13,-203.55
34.16,175.77,-139.65
52.745,247.19,-394.67
47.065,206.21,-414.62
38.974,158.99,-75.128
47.539,134.3,13.112
33.467,126.67,-13.626
31.158,222.82,-293.94
37.613,102.09,-9.07
64.163,180.98,-128.55
45.576,210.83,-435.62
31.468,139.76,-90.853
37.857,204,-215.14
54.387,88.766,-0.55702
67.442,214.67,-355.33
20.891,202.15,-311.74
61.975,208.32,-228.92
29.467,161.85,-173.48
49.832,261.1,-468.98
30.833,146.47,-94.119
44.681,134.6,7.6803
59.568,227.35,-441.49
17.309,223.12,-361.44
23.079,263.54,-462.19
76.449,164.6,-183.08
59,140.8,-160.15
62.682,111.6,-66.656
73.583,196.77,-248.84
79.212,162.6,-145.07
46.339,213.37,-237.09
34.563,149.18,-158.16
57.042,216.07,-423.57
58.685,215,-413.32
78.091,161.36,-107.92
35.802,118.44,-52.791
39.521,231.11,-309.28
17.239,227.95,-370.64
55.581,249.23,-424.65
59.822,241.7,-450.26
51.281,242.23,-362.84
69.78,198.29,-308.04
61.759,208.5,-380.22
38.067,94.004,14.215
59.836,230.08,-325.69
41.274,116.42,-66.7
33.15,123.87,-51.474
26.192,208.7,-419.43
76.048,182.01,-216.98
44.313,182.21,-133.34
20.386,215.16,-434.64
31.376,176.48,-154.82
62.65,197.52,-186.6
20.091,205.26,-347.16
37.411,182.37,-311.17
53.914,228.46,-301.41
56.308,132.33,25.507
79.244,114.58,-36.285
34.498,177.72,-283.3
68.544,216.93,-326.46
30.488,193.79,-206.52
65.513,199.1,-199.45
80.642,126.02,-56.78
44.952,168.4,-260.52
37.187,137.54,-21.059
44.473,157.07,-215.58
37.828,157.14,-73.371
32.593,194.52,-200.09
32.629,200.66,-218.47
67.753,102.07,-33.321
44.54,136.15,3.0243
34.58,159.44,-92.402
62.756,228.7,-417.15
45.462,213.63,-447.05
62.106,199.94,-195.04
41.144,165.93,-89.736
39.022,191.95,-173.69
12.951,229.49,-414.02
17.4,213.55,-383.53
65.206,192.7,-318.28
30.752,146.02,-100.57
42.839,219.98,-263.98
28.686,200.74,-234.41
23.082,195.49,-311.19
37.105,249.94,-388.89
66.989,211.68,-355.89
59.267,93.068,-13.754
40.846,172.45,-273.02
41.221,183.27,-319.63
34.495,122.42,5.5231
63.871,97.477,-24.299
63.847,215.9,-269.21
18.296,252.83,-435.68
61.316,203.21,-206.56
63.091,140.48,-0.045829
61.764,128.78,35.261
35.802,251.44,-396.14
68.958,127.71,31.532
30.135,199.55,-379.97
54.626,224.2,-458.84
55.165,242.73,-377.97
60.438,207.83,-384.01
34.839,157.66,-194.73
55.312,249.53,-424.68
27.618,243.92,-377.32
30.652,147.14,-105.54
80.427,149.41,-87.451
39.451,244.62,-364.7
70.471,148.13,-164.01
52.903,219.39,-261.27
55.956,131.76,27.085
53.827,185.09,-135.54
36.345,166.22,-236.97
15.704,223.96,-464.88
26.876,196.02,-231.95
76.918,171.58,-140.57
35.955,117.44,27.734
77.896,127.74,-78.583
33.892,197.13,-375.32
60.244,90.625,-6.3843
66.4,211.32,-258.24
35.912,181.29,-149.35
67.726,149.15,-31.11
46.36,157.27,-218.15
66.19,136.58,-138.19
28.553,169.67,-163.47
32.445,200.51,-218.64
18.061,225.84,-360.39
48.049,195.15,-368.41
58.858,131.59,-130.46
32.239,130.15,-37.241
16.916,252.2,-438.63
29.149,160.09,-158.76
60.441,160.73,-24.189
5.9026,229.38,-344.82
18.735,234.19,-475.07
38.53,125.72,-58.142
2.7524,238.25,-440.86
58.369,176.04,-67.731
13.961,231.52,-286.36
42.289,180.72,-68.208
19.672,179.33,-201.94
19.589,206.82,-337.39
38.783,174.87,-223.79
54.291,222.72,-347.9
52.504,196.8,-281.23
21.281,130.67,-16.956
6.6387,248.98,-371.11
22.657,132.11,-35.319
38.771,113.51,-21.42
37.284,201.2,-325.53
51.102,249.17,-389.61
22.777,126.75,-18.254
30.435,115.12,-13.106
59.531,205.36,-179.77
45.112,245.06,-309.73
30.644,176.13,-223.27
2.9067,260.17,-420.96
10.928,233.98,-308.13
17.918,169.86,-127.02
56.985,159.82,-14.225
48.064,257.55,-430.61
66.772,176.99,-149.5
22.416,139.24,5.6318
53.915,234.97,-371.55
11.241,209.03,-264.3
57.742,190.75,-243.72
19.466,167.66,-90.029
34.225,140.03,-98.507
43.16,242.95,-295.2
20.332,155.08,-52.114
52.74,207.65,-314.45
65.901,188.19,-159.95
52.64,232.15,-272.96
38.838,111.2,-14.57
63.114,104.38,22.967
57.079,157.72,-8.0198
53.751,206.71,-164.75
-2.5034,251.25,-461.04
51.872,158.15,-156.81
29.11,168.59,-48.444
46.799,243.7,-444.17
30.592,265.16,-384.34
63.014,170.03,-161.52
7.6358,245.08,-355.37
47.239,157.99,-161.49
51.337,168.67,-191.72
70.538,126.99,3.2749
29.329,122.92,-34.299
49.37,166.38,-25.785
58.615,178.39,-76.009
33.224,203.68,-147.09
29.783,129.91,-57.433
70.731,127.07,26.089
39.155,193.01,-107.72
58.309,144.07,30.906
50.367,243.1,-321.4
22.89,279.8,-450.85
30.393,144.9,-107.86
32.802,163.65,-178.36
56.742,226.26,-332.71
33.846,163.85,-180.35
66.255,136.77,-55.207
51.436,189.29,-259.7
31.234,120.83,-32.465
6.8521,272.16,-443.08
13.788,241.32,-316.69
12.679,213.24,-342.03
45.758,241.09,-443.85
7.6092,227.82,-320.52
25.732,161.52,-154.79
4.9673,248.91,-380.42
20.5,229.76,-454.78
24.563,187.59,-259.54
57.321,199.3,-270.11
20.114,220.79,-410.17
52.362,193.47,-114.44
60.454,145.38,-100.38
54.263,192,-260.37
32.663,179.22,-237.78
35.953,186.82,-90.936
46.454,135.28,-89.555
37.167,231.25,-241.45
3.6523,233.68,-391.61
46.573,176.65,-55.796
54.249,224.5,-242.27
39.73,198.7,-125.76
47.896,256.76,-403.12
57.718,138.69,-87.321
19.254,237.94,-288.42
-2.804,253.64,-458.66
22.237,130.14,-25.355
17.872,176.91,-173.58
49.932,100.82,13.837
4.6711,263.48,-422.3
21.545,235.05,-272.92
34.751,181.65,-248.7
13.991,219.97,-254.41
45.653,249.44,-334.24
58.518,196.81,-257.3
29.821,185.98,-262.19
28.014,127.41,-44.615
51.419,246.86,-400.76
34.993,166.16,-189.99
10.415,213.52,-319.33
63.901,118.16,-13.147
46.319,261.47,-463.14
49.331,254.1,-408.76
47.37,116.15,-31.806
29.367,211.21,-177.24
70.453,133.94,-11.795
23.963,191.62,-129.92
8.3164,220.87,-352.42
50.571,143.57,-112.53
8.5802,229.29,-313.14
19.08,202.3,-312.67
23.338,111.12,28.762
41.988,259.59,-377.73
2.1152,239.01,-399.56
9.4262,220.5,-292.38
12.4,239.72,-317.28
14.622,201.29,-207.64
40.873,169.72,-35.637
62.478,135.81,-67.055
19.759,230.78,-459.28
20.956,271.57,-414.44
22.902,217.86,-212.86
66.68,169.01,-78.385
49.061,227.91,-240.47
38.673,112.19,-17.392
32.641,197.94,-129.5
56.668,112,-11.87
8.9568,217.01,-308.96
46.908,164.89,-184.82
57.609,172.68,-55.274
63.094,196.07,-161.47
50.334,185.56,-85.896
23.451,196.45,-297.06
52.509,191.83,-109.09
12.587,225.75,-419.69
26.939,263.57,-376.3
30.283,225.28,-223.66
43.98,159.82,-169.49
70.083,116.58,22.401
67.339,142.45,-64.437
20.246,179.84,-207.85
13.604,206.23,-226.58
22.243,251.83,-332.08
-0.076855,253.99,-426.83
46.409,224.57,-221.49
32.845,228.05,-231.08
56.598,220.81,-236.4
36.017,231.33,-241.84
64.152,172.23,-74.314
27.022,280.92,-458.73
30.153,208.85,-360.13
55.419,230.36,-281.36
25.441,272.54,-417.35
41.823,243.76,-470.65
57.711,226.38,-281.69
20.869,127.47,7.7575
63.041,151.2,-108.72
55.429,229.92,-278.69
13.438,214.44,-244.52
58.64,153.25,2.6675
33.309,149.11,15.763
57.434,128.92,-59.314
20.23,192.57,-268.6
53.016,242.8,-378.03
59.214,221.95,-275.36
29.782,185.85,-261.59
28.682,242.92,-290.1
69.675,141.23,-40.877
21.388,280.28,-453.07
56.685,231.26,-327.77
70.623,131.11,-2.5083
4.8277,238.18,-360.97
23.302,198,-303.92
41.755,190.8,-281.7
44.961,257.73,-380.93
42.438,173.98,-47.723
27.118,224.47,-430.39
18.312,172.04,-153.08
64.279,132.51,-51.756
37.338,164.93,-24.234
16.604,228.34,-266.05
68.275,168.64,-108.66
9.3721,215.96,-320.62
51.025,98.286,21.776
27.34,131.39,-55.155
27.374,207.41,-352.81
44.887,221.66,-208.14
27.036,157.11,-21.674
17.147,185.02,-210.27
58.908,160.85,-150.33
42.613,202.41,-323.77
25.291,133.35,-53.847
36.736,229.6,-438.53
47.802,123.19,-52.5
56.926,216.04,-314.88
22.006,130.49,24.598
50.451,220.86,-363.8
15.089,211.13,-343.59
49.977,204.68,-314.65
5.3653,236.71,-353.91
60.687,176.24,-189.43
48.283,255.3,-393.93
20.949,204.33,-328.58
25.714,210.3,-364.95
27.904,181.99,-242.69
70.084,142.97,-35.041
33.393,219.37,-199.69
38.486,204.53,-145.5
55.749,220.05,-331.97
30.37,215.92,-391.1
20.064,279.16,-448.4
21.476,171.95,-85.877
1.4295,265.18,-442.31
18.137,194.97,-165.77
69.736,132.49,-20.14
19.788,273.84,-425.19
31.779,102.69,21.468
14.077,197.48,-249.19
22.808,156.76,-124.24
15.948,184.54,-175.96
60.867,178.02,-81.14
20.317,180.04,-209.19
41.913,118.55,-38.518
57.535,209.81,-189.57
19.214,215.06,-216.16
53.548,145.73,32.453
18.596,245.4,-315.74
55.348,232.35,-352.84
9.7603,226.24,-297.65
60.509,213.06,-226.63
28.581,221.27,-212.13
13.138,201.29,-229.06
20.142,211.49,-362.64
23.395,226.87,-441.96
58.9,115.02,-16.701
42.513,255.9,-358.49
67.678,167.24,-81.387
46.992,229.15,-241.42
20.311,147.29,-35.175
37.064,180.39,-244.45
61.374,101.13,27.796
11.547,208.38,-293.28
63.712,189.56,-137.29
68.809,158.3,-87.741
64.002,117.71,-11.558
27.81,185.14,-255.77
56.47,181.37,-220.15
15.942,184.48,-179.06
18.586,178.94,-191.88
51.817,212.47,-182.82
43.035,185.52,-82.918
16.233,230.08,-272.74
23.327,188.87,-124.2
48.196,215.91,-357.35
17.174,227.93,-262.65
32.468,199.08,-318.52
24.501,130.52,-40.972
51.903,131.44,-74.371
21.586,147.11,-80.017
38.744,173.27,-47.547
60.974,212.45,-267.63
49.239,181.29,-237.51
31.085,174.62,-217.87
19.359,235.63,-280.4
32.323,240.69,-279.11
18.51,207.68,-338.49
45.931,231.98,-417.05
34.489,185.67,-89.085
32.231,227.03,-436.63
18.812,168.99,-144.27
61.595,205.95,-197.42
19.682,206.44,-189.1
22.127,199.41,-307.74
0.73951,266.77,-450.23
60.308,152.43,1.6072
52.983,132.26,-75.668
38.039,270.19,-425.85
69.231,116.59,15.574
47.937,219.23,-369.05
14.003,197.17,-245.04
58.079,137.46,-82.991
20.389,195.74,-284.68
13.028,217.38,-254.13
20.712,131.16,-5.017
33.874,156.16,-152.69
60.516,151.26,4.6706
56.921,228.88,-329.61
61.575,169.23,-54.311
22.11,205.65,-177.62
51.896,211.45,-178.98
31.527,135.14,-78.072
40.867,198.22,-123.82
49.919,250.68,-373.31
33.681,238.85,-271.44
56.729,100.58,20.856
47.093,255.05,-459.35
50.876,147.19,-123.45
21.518,151.03,-94.206
63.965,167.14,-56.192
48.942,245.78,-432.11
23.01,119.81,2.8845
18.432,262.44,-379.56
29.839,134.01,-70.69
40.739,272.65,-458.54
26.079,119.46,-12.725
53.311,214.61,-195.05
69.107,132.49,-26.176
49.651,127.16,-63.432
43.714,173.31,-45.438
23.291,200.5,-158.3
60.432,203.28,-175.6
26.828,169.32,-56.676
64.522,174.5,-164.83
47.344,254.23,-373.67
24.214,168.17,-62.565
43.218,227.36,-412.49
-1.118,247.6,-442.27
6.5173,259.81,-403.23
47.379,256.51,-454.98
68.061,156.12,-43.376
29.558,182.68,-248.19
22.276,155.68,-117.06
-2.1383,252.22,-449.45
56.922,176.01,-64.541
52.959,103.28,8.8024
42.439,174.88,-50.427
47.186,199.55,-304.61
30.203,263.88,-378.06
58.58,157.08,-139.95
60.87,155.08,-127.36
49.772,214.31,-186.11
41.433,245.93,-305.84
36.672,219.91,-199.47
13.856,197.77,-215.39
0.39493,243.22,-424.8
21.568,264.8,-384.97
20.032,143.85,-41.312
39.128,147.68,-128.35
46.426,247.14,-324.76
28.171,212.74,-184.36
52.295,231.2,-380.05
27.589,238.06,-272.98
23.575,126.24,-21.951
19.718,179.89,-117.38
53.155,237.43,-381.71
50.912,242.58,-409.7
37.561,259.79,-366.33
62.233,165.88,-45.618
36.117,194.07,-297.84
61.925,156.27,-14.381
37.898,143.12,-112.56
9.13,223.89,-388.54
31.408,150.54,8.0751
36.041,233.05,-453.18
42.471,219.03,-385.33
60.857,199.55,-250.05
63.151,193.11,-217.89
18.589,184.72,-221.07
45.277,237.93,-437.59
11.82,228.37,-288.54
65.679,148.95,-91.004
56.147,106.52,3.0734
54.453,233.34,-291.55
21.24,156.01,-46.135
63.223,110.69,5.6457
40.85,232.38,-247.16
63.995,163.05,-42.902
41.92,235.34,-260.19
31.743,279.43,-459.1
30.091,178.33,-74.471
5.6591,228.03,-374.47
22.855,128.2,37.378
33.825,218.28,-195.49
65.295,171.21,-151.45
7.7914,223.75,-372.41
46.411,147.48,30.875
29.264,193.09,-291.51
23,122.24,-5.0129
40.566,153.57,-148.57
44.008,150.35,-137.92
9.6838,216.17,-288.24
37.558,270.66,-426.83
20.748,171.83,-174.29
1.7847,250.03,-405.04
62.963,179.28,-186.6
34.007,153.75,3.715
35.278,191.11,-104.86
55.303,230.52,-352.66
48.275,193.69,-110.76
27.842,105.47,23.995
31.591,248.94,-312.48
13.466,221.42,-397.21
21.201,201.46,-315.17
35.206,98.924,26.362
61.296,178.59,-193.35
14.662,259.37,-375.51
24.573,180.95,-97.104
46.715,144.67,39.054
42.213,206.45,-339.46
25.109,181.64,-23.84
34.286,259.65,-305.05
49.79,226.08,-245.12
46.366,239.28,-268.64
5.0424,192.39,-144.9
12.651,174.96,-138.96
27.912,177.07,-8.115
30.555,280.54,-412.77
23.5,147.42,-70.112
47.809,234.65,-259.17
15.577,209.41,-122.37
39.501,156.5,-99.583
50.624,221.6,-232.79
18.449,280.52,-379.92
57.234,172.86,-69.638
21.011,176.43,-14.335
15.974,230.83,-385.27
-12.115,274.39,-431.71
51.692,195.6,-180.05
47.632,125.09,4.3009
5.791,188.24,-119.77
48.145,233.65,-260.84
37.973,208.2,-104.86
10.634,271.6,-344.31
10.86,193.41,-207.64
33.908,216.28,-307.78
10.655,143.31,-16.648
54.895,180.75,-120.65
39.996,236.61,-214.89
51.998,154.63,-67.131
25.944,154.53,-95.24
46.79,223.99,-280.74
-5.2506,241.01,-330.11
-5.4546,246.41,-417.06
27.353,266.34,-321.71
44.578,245.73,-291.51
35.492,193.36,-224.5
15.304,161.71,13.66
15.91,164.99,6.4245
35.159,269.19,-365.17
50.637,190.1,-71.733
56.032,139.32,-6.9755
25.1,163.57,-124.2
38.598,233.83,-351.58
46.372,164.74,-112.97
24.784,245,-230.88
-4.7489,238.1,-337.6
8.3817,153.29,-19.95
48.269,122.11,14.022
34.245,237.64,-207.63
36.571,119.83,7.2667
58.674,141.86,11.12
56.086,159.41,-59
47.689,171.61,-4.0149
12.938,174.83,-139.58
17.244,186.72,-51.54
17.454,143.36,-45.933
34.668,255.17,-284.2
21.176,269.25,-329.35
48.344,232.75,-266.15
37.052,235.56,-363.32
13.085,226.15,-362.33
4.6955,233.71,-231.74
16.973,207.75,-283.8
52.166,148.97,-50.714
-3.588,237.64,-363.79
56.989,139.44,-1.1388
10.446,146.31,-25.12
41.98,208.3,-259.76
40.136,129.49,-18.716
13.278,231.36,-196.46
8.5689,149.44,-6.9996
30.889,133.39,-32.735
52.399,204.2,-193.27
38.869,263.23,-404.31
21.954,280.79,-384.76
24.848,179.99,-19.317
35.295,204.27,-89.967
5.2824,211.31,-169.36
26.119,264.36,-310.99
39.599,260.41,-341.74
15.055,268.17,-326.04
2.2293,296.12,-455.88
-4.5571,259.1,-348.46
28.253,151.84,-88.187
7.9975,218.29,-173.25
38.613,189.75,-46.419
9.8077,153.67,7.6462
13.021,165.2,-104.39
-11.914,262.7,-415.44
21.344,251.86,-258
7.1007,176.49,-77.878
7.0085,192.6,-182.52
1.7415,224.74,-226.73
41.317,228.32,-183.83
34.306,272.02,-464.54
18.995,179.05,-171.31
31.356,269.24,-345.93
21.777,210.67,-115.23
45.144,138.05,-37.257
27.245,198.25,-71.621
45.009,236.03,-318.55
7.6362,229.26,-369.63
5.9697,199.26,-136.07
19.641,284.68,-401.39
37.637,165.16,-128.4
47.293,218.72,-265.2
8.3605,213.69,-158.64
28.168,178.09,-175.58
3.9311,200.79,-188.08
32.891,221.49,-328.52
44.169,248.39,-329.93
57.543,162.67,-24.175
37.684,254.7,-292.37
25.173,154.54,-94.604
21.791,163.7,-120.95
51.276,218.41,-220.82
19.814,295.05,-456.46
46.163,174.53,-142.82
42.404,224.67,-172.11
18.666,278.17,-368.91
9.7745,177.57,-135.26
32.475,235.84,-198.74
29.463,218.74,-324.77
37.362,204.87,-260.8
-1.3984,226,-278.16
51.753,198.33,-106.52
-2.6235,270.59,-372.99
9.2915,191.23,-92.845
46.249,222.71,-177.63
40.568,257.17,-327.46
12.874,218.05,-324.23
-9.2513,265.2,-392.71
22.509,264.89,-310.8
18.551,141.51,-42.815
16.416,288.86,-418.99
13.377,238.59,-420.83
58.682,138.19,18.972
27.912,214.53,-122.69
52.038,214.44,-187.78
32.563,229.27,-357.09
31.268,177.51,-7.8089
53.118,177.34,-124.37
49.044,148.63,-59.402
22.306,291.64,-444.36
31.015,257.38,-286.29
49.675,178.09,-142.21
1.8152,220.9,-218.74
51.284,179.81,-140.35
45.692,243.32,-304.39
-7.8923,248.29,-400.28
44.86,244.66,-325.37
39.664,256.59,-396.05
-5.6847,245.2,-404.8
35.353,197.29,-67.854
18.667,228.88,-178.35
53.136,151.3,-53.427
6.7419,185.65,-145.33
54.623,164.41,-81.606
22.326,169.72,7.0067
9.533,192.91,-96.029
48.564,135.49,-23.178
15.322,245.33,-239.73
47.406,168.71,5.4325
1.6397,222.08,-222.55
31.285,265.67,-326.7
39.526,207.33,-103.67
20.657,225.8,-361.99
1.2815,214.36,-235.11
38.094,216.98,-299.75
34.635,276.78,-440
55.158,191.3,-137.32
27.202,168.69,15.678
23.393,214.03,-312.06
36.487,177.07,-168.13
57.939,152.78,6.6094
-0.73181,282.8,-409.35
51.338,191.47,-171.67
3.1781,272.87,-362.99
44.051,218.81,-153.68
-3.8024,244.84,-417.99
34.61,220.6,-321.37
44.351,214.66,-270.09
46.02,241.76,-285.89
21.43,246.69,-447.62
9.0809,253.6,-280.48
56.904,168.01,-71.348
8.5769,191.79,-98.471
6.0929,245.6,-262.2
11.39,195.53,-94.793
56.694,178.63,-91.359
-13.196,265.53,-432.08
9.7446,152.26,-39.749
24.915,198.03,-72.768
3.8123,204.95,-216.8
10.355,159.94,-4.2026
-14.606,266.35,-463.71
52.715,210.99,-191.48
24.071,291.75,-451.38
43.78,226.44,-305.62
38.601,263.23,-352.97
18.457,173.01,-9.5745
7.1809,179.94,-122.9
18.824,168.45,4.145
10.041,173.97,-42.886
37.532,175.11,-160.54
39.421,226.57,-172.61
11.068,248.81,-467.74
24.276,235.69,-196.67
49.183,128.45,-1.8482
5.9875,283.51,-398.85
5.5495,188.54,-136.14
50.387,214.98,-232.61
56.44,181.34,-100.15
5.0054,225.31,-341.01
46.619,228.6,-206.68
35.117,274.56,-448.09
36.342,272.1,-420.41
42.32,254.89,-343.97
4.1305,290.85,-431.65
27.436,193.21,-56.208
28.138,232.15,-378
42.438,202.46,-91.682
53.154,207.35,-184.99
3.1626,223.9,-324.71
35.193,241.95,-226.56
46.122,142.94,-49.611
23.201,190.81,-220.53
10.053,210.28,-281.81
11.693,233.02,-393.99
34.621,265.08,-335.67
37.786,267.94,-407.99
2.8206,234.92,-244.26
9.9087,159.96,-7.467
43.228,249.14,-298.6
44.876,168.76,-128.45
-0.11658,246.74,-291.57
42.058,221.58,-300.27
14.795,184.89,-184.79
57.64,128.51,31.922
-0.74217,287.4,-426.57
37.105,242.1,-382.66
-7.4004,247.89,-359.62
53.548,156.09,25.93
17.563,222.6,-348.62
47.147,166.34,-115.77
33.398,258.85,-298.46
7.815,183.63,-83.653
34.757,228.19,-347.2
31.053,217.79,-133.18
41.527,256.69,-339.56
17.252,203.05,-99.439
47.325,119.08,20.725
11.191,254.13,-277.96
14.404,186.25,-57.915
42.315,211.29,-121.73
10.845,177.09,-46.681
52.975,171.09,-18.76
3.8151,254.93,-299.55
10.502,197.8,-225.71
52.449,174.89,-28.75
35.673,209.32,-279.65
-6.2086,254,-348.42
8.9039,142.96,9.4518
9.5232,135.15,24.288
51.964,199.08,-110.66
37.526,193.97,-223.44
9.204,147.59,-16.798
57.627,161.8,-47.794
-2.82,250.58,-316.96
45.47,234.1,-311.22
43.436,202.84,-237.92
42.176,202,-89.722
-3.9312,247.42,-317.92
16.887,170.65,-136.1
-8.3871,266.29,-389.13
5.1625,209.17,-165.17
46.434,230.94,-217.23
14.294,146.31,-45.438
50.727,205.38,-128.23
49.868,183.67,-157.39
7.1627,242.62,-437.31
2.2383,211.01,-232.99
15.983,218.62,-149.86
20.86,249.96,-461.52
40.087,229.23,-331.42
11.235,132.58,14.374
-7.7554,249.18,-363.8
14.799,153.91,-72.18
49.306,140.49,-35.555
4.838,205.82,-160.56
47.845,209.38,-238.28
10.436,243.25,-442.25
41.658,116.61,19.865
14.613,246.32,-244.33
19.949,224.44,-356.47
2.7672,208.59,-224.6
11.551,174.58,-132.83
13.972,150.61,-58.254
8.6508,153.07,-28.496
9.8456,166.27,-91.547
57.468,151.42,17.029
37.361,190.83,-48.852
50.798,218.11,-231.21
50.865,177.22,-30.241
40.711,118.83,12.606
19.541,160.48,28.231
48.899,227.94,-224.6
29.437,152.34,-90.246
23.548,271.77,-342.45
35.948,269.98,-378.81
23.568,226.84,-166.2
-1.7267,247.89,-303.67
16.248,178.77,-31.336
31.025,260.47,-464.47
16.584,238.73,-214.84
9.0718,237.44,-413.42
39.483,249.67,-274.22
36.402,195.16,-61.7
40.968,159.43,42.488
24.962,168.84,-141.95
-8.6046,251.09,-376.6
8.7036,225.5,-352.65
40.709,254.64,-310.57
18.893,223.6,-160.61
46.048,209.86,-248.68
13.221,214.79,-309.8
55.962,157.32,-54.571
34.878,219.04,-315.3
9.3924,214.17,-298.48
54.266,176.03,-41.402
11.619,216,-153.14
31.211,248.12,-246.44
0.65605,224.56,-310.8
52.219,164.75,4.1705
41.911,231.22,-197.58
18.958,206.53,-280.45
30.805,221.25,-144.97
32.359,183.31,-24.783
47.815,126.95,-0.61728
10.746,224.77,-182.42
51.447,176.79,-131.23
50.126,220.56,-242.82
36.648,230.67,-183.68
43.468,214.16,-272.36
49.253,137.65,-27.661
31.154,259.51,-296.35
30.478,243.38,-226.48
51.912,202.42,-194.32
48.151,124.24,7.7437
-7.3182,269.51,-390.89
37.222,226.05,-166.96
53.523,192.03,-158.01
54.262,175.74,-40.4
10.134,151.04,17.066
1.5614,289.04,-428.28
12.762,168.06,-13.211
6.2543,183.99,-105.65
16.647,276.18,-359.46
5.4303,236.7,-237.32
-0.091236,245.69,-439.93
12.87,171.24,-125.82
6.1161,294.09,-443.32
27.048,202,-263.49
57.23,146.6,35.255
28.083,207,-281.91
35.802,168.51,18.64
28.89,256.66,-462.45
15.025,218.52,-328.98
43.873,175.2,-7.9408
22.472,281.75,-390.55
31.322,228.24,-356.44
-4.1148,237.22,-350.2
14.609,125.51,18.791
34.35,191.93,-50.937
35.011,254.84,-283.58
19.715,156.52,-93.49
48.276,194.84,-79.639
53.089,173.19,-113.46
44.875,147.81,-66.057
35.231,172.96,5.6791
18.13,153.15,-79.058
57.883,158.05,-35.975
9.1615,215.26,-159.73
23.692,226.35,-164.44
13.474,123.08,31.378
-4.9199,248.77,-438.18
47.391,213.46,-251.5
44.199,216.78,-146.3
2.2337,216.2,-271.02
21.106,290.66,-435.57
16.95,266.59,-318.42
51.996,198.08,-183.92
44.474,225.65,-299.65
44.75,245.63,-294.1
17.982,230.14,-183.59
53.768,202.02,-140.94
9.2402,289.3,-420.31
41.164,248,-274.05
7.7657,165.91,-65.483
19.57,174.88,-12.548
45.555,231.63,-306.03
8.9505,185.99,-165.74
55.15,189.44,-135.14
1.5546,222.64,-224.36
5.8243,294.99,-447.47
8.3713,193.73,-197.26
33.227,280.68,-460.66
20.116,236.6,-202.95
58.718,145.27,19.539
18.867,194.29,-70.131
13.232,134.57,-3.5639
64.101,172.25,-465.72
66.724,167.61,-463.66
112.19,59.909,-121.13
95.692,157.22,-461.83
84.827,163.18,-489.26
104.65,142.39,-224.95
77.954,146.8,-401.33
111.57,166.46,-314.37
101.3,151.38,-257.34
91.609,107.61,-261.09
139.27,84.089,-107.5
138.23,97.94,-147.91
97.034,68.504,-126.26
66.322,177.58,-428.57
68.422,164.07,-451.21
124.61,115.42,-282.32
139.16,68.251,-47.23
117.58,142.28,-227.65
95.716,130.68,-366.07
138.47,73.143,-54.004
131.19,43.851,-49.076
105.4,123.82,-163.72
125.92,76.061,-162.69
80.751,151.27,-435.38
72.156,210.33,-483.26
138.49,74.991,-108.19
106.89,137.28,-206.55
85.519,145.55,-417.68
71.177,168.68,-389.43
128.98,47.813,-67.483
137.2,65.136,-18.908
120.4,154.97,-285.98
77.452,202.65,-451.38
90.422,139.19,-240.73
139.46,74.132,-72.143
100.48,92.577,-223.34
71.798,155.35,-404.2
135.13,80.243,-146.36
84.285,117.61,-244.54
94.244,79.764,-52.823
134.66,60.478,9.1566
117.81,48.753,-84.793
80.751,144.42,-295.67
84.393,137.3,-260.77
114.78,89.266,-47.573
101.86,68.48,-138.8
90.812,77.379,-68.497
91.932,127.32,-348.49
106.52,147.31,-414.91
124.5,157.43,-338.71
91.98,193.85,-409.63
109.3,107.7,-108.42
94.973,62.967,4.5468
98.88,89.47,-66.997
126.92,138.49,-236.98
127.83,109.71,-127.78
89.872,103.42,-232.76
89.681,126.08,-338.51
73.634,159.79,-457.96
115.78,178.48,-422.87
120.96,98.871,-242.37
137.43,104.07,-178.56
98.891,77.219,-162.77
88.528,184.52,-379.14
104.3,33.534,-29.703
92.18,63.841,-13.224
59.489,183.95,-487.55
138.36,78.096,-118.01
132.14,56.341,-85.796
71.16,158.08,-428.39
94.324,106.14,-133.46
66.848,166.59,-452.44
102.42,97.103,-243.05
89.814,170.56,-333.1
123.11,111.36,-275.19
91.421,90.334,-102.01
107.16,162.29,-293.87
130.72,111.58,-142.95
86.742,126.43,-224.01
71.731,163.3,-380.63
110.33,190.94,-457.94
108.84,108.44,-285.95
137.82,93.967,-119.81
79.107,143.48,-387.41
78.092,148.29,-319.45
121.4,158.17,-383.66
76.199,165.47,-358.28
103.02,52.131,-86.633
129.64,139.34,-262.11
81.096,136.5,-282.24
93.34,163.86,-306.86
102,58.82,-106.57
137.15,106.75,-173.83
96.454,142.88,-411.9
95.671,62.178,9.9107
78.179,141.85,-315.42
100.75,175.55,-341.42
97.492,77.799,-33.949
136.51,57.953,-71.968
108.13,175.78,-348.11
88.774,91.399,-138.52
130.78,136.56,-259.86
81.435,162.27,-484.73
83.877,119.44,-249.06
121.22,165.85,-376.32
74.7,198.56,-443.87
119.6,98.311,-242.79
109.92,60.86,-123.23
103.69,187.95,-394.17
106.79,102.66,-265.93
108.22,165.13,-305.19
111.28,168.88,-324.02
132.26,36.979,-23.698
88.79,90.308,-139.28
89.626,74.661,-87.906
115.89,161.87,-303.56
121.03,93.249,-224.73
91.298,188.65,-390.98
127.89,94.109,-212.77
93.512,97.154,-222.94
83.843,152.5,-298.02
113.55,164.5,-309.68
131.8,85.118,-174.41
123.25,112.43,-277.84
106.34,137.7,-385.77
64.011,174.3,-493.6
63.959,190.53,-458.4
105.79,87.177,-210.14
109.12,191.1,-433.58
89.788,63.281,-41.177
92.127,151.43,-444.37
69.716,179.28,-413
123.62,145.81,-355.07
91.265,64.857,-23.77
122.98,120.79,-156.94
100.48,31.632,-16.711
105.4,119.43,-149.61
110.53,60.729,-123.14
94.729,196.27,-419.63
87.6,107.18,-233.62
76.105,162.45,-478.82
93.37,118.96,-174.32
134.97,92.075,-92.206
100.04,80.204,-176.41
96.268,62.448,11.255
94.148,51.202,-57.195
124.04,108.86,-265.64
113.93,87.874,-43.189
119.18,142.08,-229.28
90.494,39.843,2.2658
114.93,173.51,-439.3
120.35,165.93,-391.8
92.817,75.183,-131.01
60.203,180.9,-491.99
103.57,98.005,-247.52
131.01,66.071,4.963
136.17,34.944,0.33665
132.95,98.444,-206.33
77.563,144.1,-380.06
114.03,44.866,-73.013
81.872,129.04,-271.19
99.061,95.903,-86.797
111.86,92.404,-230.05
139.31,44.148,4.5964
88.063,98.109,-161.84
117.1,141.54,-224.25
104.96,170.4,-323.35
104.04,87.622,-50.295
104.41,87.962,-50.814
89.618,54.322,-15.708
89.54,100.66,-216.75
76.427,154.79,-440.9
83.039,148.06,-290.88
116.43,162.35,-307.06
90.055,86.855,-154.97
73.231,169.29,-379.25
125.86,133.23,-210.18
91.717,54.784,-53.888
128.8,96.562,-217.12
61.184,187.23,-469.74
94.532,48.25,-49.683
134.47,70.308,-120.25
125.08,106.96,-257.46
94.668,104.06,-125.94
95.735,118.21,-316.56
101.28,93.604,-228.48
120.78,122.84,-161.1
134.21,111.62,-228.56
89.578,47.89,-5.2525
120.18,127.33,-176.2
65.259,170.11,-466.82
118.37,84.993,-34.937
74.009,165.78,-369.48
124.77,154.8,-312.43
87.138,111.09,-251.72
124.59,155.2,-313.14
134.84,117.6,-194.45
89.832,114.03,-176.62
135.35,112.77,-219.02
63.658,197.09,-471.75
130.95,36.366,-25.839
76.685,143.31,-340.04
106.28,111.76,-298.2
134.48,113.05,-168.15
123.73,42.986,-61.442
96.481,176.25,-344.78
123.2,160.87,-344.96
133.92,124.65,-236.11
104.98,183.88,-378.17
116.3,133.3,-193.59
130.89,130.34,-283.1
90.675,91.03,-180.11
73.447,158.67,-450.57
119.27,137.13,-210.67
74.494,163.3,-362.94
128.01,101.06,-98.856
90.775,105.54,-148.86
95.384,168.75,-498.53
106.75,119.27,-147.72
126.14,63.827,-123.89
135.7,115.52,-210.9
100.02,42.079,-48.314
120.2,155.83,-289.29
110.67,165.99,-311.14
72.3,154.11,-391.16
79.399,195.82,-427.28
132.9,98.762,-207.38
90.434,122.9,-326.15
138.52,92.435,-147.37
87.816,164.2,-492.17
95.546,130.36,-364.72
93.794,156.94,-284.62
107.94,47.997,-79.924
112.25,171.4,-337.02
139.58,71.609,-67.243
68.933,169.55,-494.03
89.434,88.981,-156.45
119.53,101.29,-252.24
79.903,155.13,-451.89
78.801,178.35,-379.1
108.24,50.577,-88.501
110.17,76.412,-8.1756
112.17,67.712,-146.78
116.29,90.11,-220.11
93.88,211.69,-486.05
99.728,141.29,-404.52
90.284,49.073,-22.413
90.212,109.06,-161.58
128.2,98.856,-91.976
95.917,104.39,-122.44
97.412,174.41,-337.93
123.03,23.71,-1.0526
94.792,81.506,-164.95
123.15,53.997,-97.194
120.65,167.22,-362.75
109.04,181.72,-484.13
92.485,193.58,-408.58
89.711,61.587,-44.689
122.3,141.2,-232.36
103.89,198.97,-452.32
76.485,145.22,-336
133.9,77.013,-142.64
123.11,64.011,-129.12
93.618,76.109,-139.01
94.159,155.72,-458.33
90.493,104.66,-242.37
111.1,114.94,-306.45
137.87,53.957,-49.771
91.912,162.02,-481.64
121.63,157.13,-301.83
77.675,145.59,-391.61
98.598,127.13,-353.64
66.301,168.21,-463.37
86.88,162.95,-488.05
109.19,99.299,-254.2
78.637,143.88,-310.8
98.492,207.7,-479.17
84.156,206.7,-458.8
111.96,77.555,-179.64
99.774,50.049,-73.017
134.68,85.272,-162.78
116.07,141.88,-224.38
107.13,122.63,-158.26
116.22,177.68,-417.82
82.911,149.83,-432.81
112.92,103.84,-94.381
121.28,75.537,-7.2108
100.69,79.343,-30.29
104.07,167.75,-313.13
89.674,57.293,-24.408
135.45,107.73,-153.12
80.572,155.24,-453.54
92.359,94.016,-106.8
112.79,145.6,-235.39
95.993,36.116,-17.849
115.09,141.45,-378.99
80.112,158.6,-326.98
131.27,134.66,-253.53
88.511,115.99,-189.4
108.25,193.45,-491.38
95.36,99.811,-110.48
118.24,77.763,-12.061
100.3,159.81,-463.2
80.681,179.31,-376.91
90.547,211.62,-480.23
124.36,89.507,-207.32
100.8,80.666,-179.69
103.66,51.629,-86.112
129.26,119.23,-274.09
132.55,84.678,-170.35
120.82,148.62,-259.23
87.589,102.26,-174.17
94.884,151.77,-444.2
97.45,149.49,-434.35
138.06,82.867,-133.62
89.918,73.041,-68.386
112.61,169.72,-330.36
81.823,183.52,-386.33
113.89,178.76,-447.9
107.6,171.27,-473.1
118.16,173.38,-385.92
115.92,125.21,-331.61
102.18,141.14,-401.87
89.533,49.707,-0.95125
124.4,157.04,-349.94
90.204,68.644,-82.81
91.47,78.892,-67.102
67.515,164.88,-434.07
128.22,104.82,-242.01
120.08,121.16,-154.43
64.112,174.17,-448.53
102.53,125.53,-172.71
133.29,124.03,-211.21
74.606,162.99,-361.83
80.752,132.84,-327.6
123.53,158.43,-324.95
129.18,68.066,3.572
124.01,42.492,-59.504
81.019,129.84,-299.35
122.86,141.36,-351.08
102.53,141.79,-224.76
133.98,124.02,-224.45
128.16,51.448,-80.842
87.689,115.13,-278.04
108.78,85.881,-39.179
89,104.69,-232.9
111.25,103.02,-92.297
105.83,140.8,-218.89
106.09,146.35,-237.45
108.1,39.644,-53.485
118.18,79.255,-16.736
106.51,107.61,-110.59
108.24,157.89,-440.02
80.003,157.97,-464.98
132.74,126.61,-219.6
116.03,108.54,-109.69
114.24,133.72,-193.91
71.156,189.16,-428.25
70.643,172.65,-397.75
107.02,124.07,-340.36
93.786,99.775,-116.75
117.02,157.07,-285.56
100.06,149.5,-252.4
77.811,151.99,-326.24
107.02,189.26,-409.64
112.8,139.4,-379.2
99.837,37.019,-32.022
84.623,121.36,-289.93
82.598,131.53,-336.64
102.55,74.583,-11.323
104.05,38.069,-43.556
129.62,141.11,-294.02
85.403,205.07,-452.46
131.93,130.14,-231.04
134.47,71.326,-23.387
133.05,61.505,12.487
105.56,191.55,-416.65
137.19,56.373,7.6591
72.504,153.64,-395.27
91.244,161.09,-479.07
118.54,172,-401.48
100.03,141.59,-405.29
85.979,110.25,-210.82
113.86,179.16,-447.9
98.284,189.92,-396.1
93.442,100.92,-121.71
136.45,71.201,-112.92
110.2,182.64,-385.87
113.34,79.491,-186.13
124.9,150.29,-284.62
128.86,67.77,5.2318
128.71,117.62,-158.5
84.275,117.77,-253.24
60.11,185.2,-478.12
96.254,146.82,-249.25
137.16,92.956,-166.32
104.88,68.86,10.633
122.93,55.387,-101.89
74.793,149.23,-391.17
100.5,34.195,-24.755
130.87,135.48,-283.32
110,126.28,-168.56
137.37,76.538,-55.418
90.073,103.78,-235.77
107.93,72.004,-159.05
94.527,122.28,-180.1
105.83,146.36,-237.58
83.129,180.94,-376.25
85.755,138.65,-386.71
100.74,72.307,-149.74
97.351,83.798,-53.533
83.395,205.56,-455.06
90.012,114.19,-174.76
140.22,89.847,-48.36
78.969,190.59,-359.15
66.752,191.78,-489.54
95.447,77.293,-74.747
63.556,203.44,-453.54
139.66,104.94,-92.026
97.675,184.9,-303.43
130.11,118.57,-90.073
86.259,136.93,-217.1
77.054,164.12,-352.31
93.976,122.52,-241.5
111.38,155.59,-370.09
106.91,133.61,-302.15
93.167,90.148,-31.76
86.502,206.61,-386.76
91.579,91.18,-50.134
95.193,66.05,-37.718
89.442,148.29,-343.3
117.14,180.04,-412.74
91.658,86.195,-32.954
91.389,72.127,-28.24
137.02,131.83,-204.65
125.36,177.24,-333.01
88.615,128.52,-239.67
80.933,219.74,-435.97
92.683,189.6,-324.45
93.489,127.51,-142.51
138.92,90.858,-37.902
112.08,190.18,-453.14
130.99,103.84,-173.77
103.63,95.251,-10.559
114.06,166.41,-394.29
86.041,168.02,-279.36
114.42,124.09,-265.77
100.43,123.31,-106.32
93.173,92.843,-114.82
125.36,176.19,-318.22
100.65,111.34,-68.196
107.37,143.35,-335.71
135.18,113.6,-184.84
130.27,160.94,-297.15
95.14,63.91,-30.811
116.77,42.018,2.3223
138.9,88.899,-31.651
136.3,135.85,-189.02
63.628,217.73,-473.54
106.61,98.553,-176.67
116.37,116.38,-67.319
100.02,180.64,-465.01
112.24,205.06,-405.36
121.53,101.19,-184.28
87.896,202.28,-371.17
102.07,101.49,-180.43
105.95,108.58,-211.72
132.54,55.995,-20.264
91.254,79.8,-49.506
134.89,101.19,-48.47
139.7,106.97,-100.39
122.1,145.43,-167.83
91.446,85.955,-72.879
137.12,55.004,2.0653
127.66,131.77,-129.33
138.95,75.831,7.4904
125.95,172.93,-345.2
102.54,224.03,-470.5
91.425,99.416,-123.74
91.234,115.54,-194.92
118.34,156.23,-355.95
91.772,115.13,-197.08
124.03,68.718,-77.708
105.62,127.49,-280.2
91.785,76.907,-47.86
87.063,227.63,-459.4
97.729,193.94,-333.99
74.8,173.62,-356.2
97.684,179.23,-464.29
83.984,187.32,-335.49
89.037,117.27,-170.38
83.391,207.97,-395.59
69.281,186.38,-469.57
84.016,142.76,-275.17
114.27,132.15,-292.31
72.05,177.75,-424.98
136.78,124.25,-138.29
116.19,80.908,-121.73
109.32,127.9,-281.59
89.266,130.28,-254.52
124.64,128.21,-111.78
101.35,81.191,-107.78
123.91,168.51,-263.45
70.897,197.28,-405.01
133.28,112.22,-78.301
132.71,152.68,-266.67
128.13,136.63,-147.62
116.74,188.53,-426.08
112.5,76.814,-107.86
105.27,186.75,-306.94
65.32,219.69,-471.36
91.961,89.483,-40.118
88.842,134.98,-188.77
102.74,47.747,-4.0025
84.06,221.31,-437.88
108.23,182.43,-291.89
90.259,131.35,-265.81
96.748,174.5,-271.1
123.76,181.35,-357.51
116.12,128.92,-279.74
86.549,138.35,-278.55
91.02,84.564,-59.781
113.83,178.49,-423.52
92.22,116.63,-206.93
77.593,174.31,-333.57
118.89,53.837,-34.43
106.91,195.67,-485.07
115.13,185.79,-431.63
101.41,63.235,-49.643
117.97,154.96,-197.37
133.84,62.118,-35.632
110.91,140.98,-148.31
74.143,182.74,-366.28
105.18,86.094,-131.75
87.047,187.57,-328.55
78.635,159.87,-327.58
91.534,71.654,14.411
118.82,193.37,-400.4
71.463,202.74,-413
86.288,179.29,-307.57
95.571,193.57,-334.19
94.756,157.52,-223.72
128.54,109.47,-56.928
118.27,70.778,-88.578
68.472,187.82,-473.95
103.01,217.27,-433.74
110.26,165.63,-231.74
139.67,94.715,-103.32
131.17,158.49,-264.29
95.082,64.909,-33.635
121.51,140.56,-149.98
109.82,53.416,-31.368
80.606,177.52,-323.45
101.57,108.07,-203.85
139.41,102.26,-79.384
137.57,121.59,-186.52
135.85,118.12,-109.25
81.397,151.94,-312.54
136.91,122.65,-132.93
67.496,186.68,-433.42
110.01,205.73,-396.69
118.4,167.35,-244.28
99.154,105.26,-187.86
129.48,47.319,-0.52237
126.57,72.885,-87.444
85.877,137.22,-223.04
93.373,162.81,-242.55
107.7,197.61,-351.49
73.731,216.97,-440.66
130.73,156.74,-244.92
120.63,168.24,-252.25
133.37,148.1,-261
123.01,169.29,-263.64
140.49,98.642,-99.166
104.89,222.69,-479.06
82.028,160.12,-376.64
129.7,158.17,-305.72
106.48,215.38,-437.47
91.163,184.85,-490.1
128.95,153.64,-306.1
95.634,86.879,-7.1768
120.14,84.225,-130.87
129.95,157.71,-303.06
94.838,170.1,-260.82
139.41,83.991,-21.057
119.97,95.854,-3.4008
111.67,68.167,-79.499
82.008,149.71,-283.72
116.93,173.38,-401.17
128.6,148.97,-299.77
86.554,138.25,-277.94
115.23,184.91,-310.68
132.13,69.516,-64.647
101.26,225.43,-472.45
122.31,160,-351.52
134.02,59.415,-26.309
80.44,198.83,-375.56
80.915,153.53,-319.37
94.909,135.57,-300.2
119.35,190.2,-403.89
130.03,112.34,-69.425
75.792,177.14,-446.36
90.125,130.04,-168.32
120.56,66.446,-73.605
125.08,107.42,-44.707
101.65,179.94,-283.7
134.86,94.681,-133.25
78.045,176.92,-334.86
103.54,44.753,3.8108
90.917,88.532,-70.344
80.416,160.4,-368.85
130.35,154.85,-231.31
112.88,107.54,-39.704
86.211,143.3,-225.33
114.91,96.064,-171.79
94.607,145.87,-342.61
90.8,91.284,-68.873
84.745,175.56,-456.48
102.08,69.34,-70.625
115.63,147.36,-337.6
101.59,87.854,8.873
104.24,157.16,-384.85
75.054,170.54,-357.96
103.39,142.73,-335.17
81.307,197.06,-368.61
118.2,108.65,-211.78
117.91,186.77,-417.01
78.258,160.96,-343.68
78.591,164.2,-380.71
86.379,135.6,-258.74
134.63,70.39,-59.148
121.76,159.8,-220.8
126.96,142.78,-167.27
113.91,151.94,-354.5
80.585,166.81,-407.66
100.46,225.18,-467.54
105.39,125.26,-102.97
78.776,225.47,-457.08
101.62,148.68,-182.73
130.81,61.769,-43.562
101.44,220.22,-444.27
91.433,60.116,6.5097
84.029,156.57,-264.04
89.74,114.09,-139.51
91.588,142.26,-191.43
140.21,105.5,-105.79
85.797,137.39,-224.39
97.409,68.767,-55.474
136.34,136.96,-214.29
105.08,165.85,-234.09
136.61,80.006,9.701
104.1,194.14,-334.26
117.14,162.71,-375.97
89.056,183.81,-313.3
133.49,139.19,-251.44
116.85,164.78,-232.32
89.512,159.33,-244.47
75.493,168.48,-377.56
72.191,181.8,-457.25
112.45,54.603,-36.761
120.66,189.36,-381.31
138.77,92.83,-106.28
130.16,160.79,-264.96
99.114,104.54,-50.903
92.077,128.76,-261.94
114.37,40.345,7.6461
80.311,168.51,-307.78
138.69,115.1,-162.35
132.94,85.376,-111.94
119,53.352,-32.85
85.728,138.67,-271.83
112.22,116.54,-241.61
90.95,142.34,-194.47
87.12,136.88,-207.01
134.88,142.31,-206.9
130.8,122.48,-105.05
101.15,181.8,-290.35
109.83,138.98,-142.35
100.72,154.4,-377.7
102.49,179.12,-280.44
85.798,149.31,-335.39
90.933,89.025,-55.863
106.08,74.181,-93.511
91.373,105.45,-95.082
126.8,114.06,-68.542
125.61,140.11,-291.67
103.3,121.66,-257.35
89.058,126.83,-234.32
105.48,184.55,-298.89
118.76,180.46,-300.35
76.54,165.51,-353.27
97.371,170.86,-437.24
123.16,128.13,-109.6
80.078,176.24,-453.6
90.333,126.98,-159.5
135.58,131.75,-222.37
105.35,157.68,-206.88
80.145,155.52,-323.03
77.705,227.47,-464.86
139.98,82.358,-22.318
107.16,74.212,-95.044
113.06,206.1,-447.81
127.52,48.126,-7.0671
100.31,157.65,-389.42
84.576,156.21,-259.93
112.86,75.452,-103.57
80.988,152.76,-299.79
94.479,173.05,-270.43
95.323,90.396,-19.997
92.391,107.94,-169.29
140.01,81.188,-19.249
120.68,158.06,-353.16
140.52,97.057,-78.837
108.94,155.1,-195.98
135.05,141.3,-203.05
92.028,89.832,-93.879
129.08,135.46,-145.88
120.29,181.29,-396.68
120.15,177.86,-292.9
109.14,43.067,1.7059
104.29,189.99,-480.94
105.53,89.194,-142.83
91.001,109.15,-109.32
140.7,94.013,-80.918
105.25,180.45,-453.74
91.64,79.736,-11.663
102.17,210.24,-398.3
91.459,89.684,-86.246
110.37,207.71,-480.55
90.784,78.209,-27.479
134.99,143.56,-219.34
129.17,62.404,-49.37
103.84,71.768,-82.015
131.03,110.93,-67.351
110.39,149.53,-176.8
137.24,129.47,-200.53
113.49,118.69,-75.052
124.79,103.91,-188.19
120.42,185.68,-396.89
109.65,119.65,-80.268
93.341,168.73,-431.89
66.051,213.23,-455.06
86.885,216.5,-419.18
106.24,190.79,-476.83
139.55,82.308,-68.112
87.01,135.35,-264.49
90.044,113.27,-132.28
66.725,217.79,-462.33
139.15,105.68,-88.641
105.59,48.012,-9.6856
130.06,113.16,-72.155
100.03,140.01,-324.38
112.36,204.03,-399.02
114.33,92.879,-161.22
117.28,89.375,-149.1
133.81,145.15,-209.92
123.82,180.03,-328.62
124.64,158.19,-221.21
90.525,155.55,-230.88
67.88,208.14,-437.82
104.98,210.37,-404.37
95.614,102.27,-56.572
95.893,97.045,-145.61
124.76,178.68,-348.15
116.63,157.19,-204.27
108.88,164.81,-402.01
114.7,181.07,-293.28
91.25,85.457,-36.676
102.87,133.88,-134.25
113.03,169.23,-404.33
109.1,175.8,-431.83
117.75,195.8,-388.46
140.64,93.667,-70.137
89.491,142.27,-315.32
140.5,85.031,-38.615
95.185,93.577,-129.52
69.683,186.08,-402.1
117.91,98.465,-10.729
83.519,179.3,-471.02
92.873,161.53,-404.4
120.98,129.33,-273.28
124.96,121.54,-241.59
85.061,142.61,-236.14
96.577,176.78,-457.79
93.687,183.84,-304.91
124.19,80.104,-113.77
108.92,48.821,-16.146
128.83,161.52,-315.8
103.07,111.26,-62.574
117.4,47.615,-15.232
126.34,167.35,-269.79
140.77,90.245,-67.537
126.47,169.55,-283.02
107.52,218.61,-480.12
118.1,124.48,-93.861
72.263,190.9,-388.07
103.29,85.009,21.455
122.22,158.5,-216.67
125.94,100.3,-174.91
71.665,186.13,-386.04
131.91,85.855,9.2557
84.857,145.48,-307.82
91.606,81.975,-19.617
96.722,101.6,-166.2
99.43,96.515,-156.09
84.63,175.57,-303.18
112.79,206.81,-448.73
87.79,129.24,-189.53
76.912,211.82,-419.27
122.35,109.51,-209.67
121.03,99.556,-15.741
124.07,132.56,-125.69
116.02,161.29,-375.63
134.49,126.8,-133.98
90.606,64.63,9.4364
116.85,188.76,-333.66
69.825,181.82,-411.16
79.266,158,-330.33
92.688,54.84,11.034
119.35,110.27,-215.94
98.177,209.99,-393.4
111.13,130.88,-115.31
131.99,83.128,17.467
93.763,149.93,-358.28
126.02,128.08,-43.628
126.91,195.19,-327.78
129.72,156.8,-268.82
130.67,170.25,-292.43
94.002,153.89,-159.74
90.285,135.25,-153.74
128.39,122.12,-28.303
116.18,218.32,-434.57
94.935,104.11,-85.734
130.75,165.33,-282.99
116.83,159.81,-140.99
107.11,102.56,-118.24
129.98,152.26,-256.48
113.2,224.44,-400.23
136.47,103.22,-93.418
121.52,126.14,-33.132
79.811,187.17,-400.71
76.075,240.63,-445.11
124.97,129.02,-202.69
114.02,68.609,-15.064
96.854,149.13,-134.87
130.08,164.4,-284.61
136.62,144.31,-127.65
108.58,220.8,-363.16
87.047,153.67,-222.37
99.51,161.49,-326.61
92.831,106.62,-30.692
129.73,112.95,-143.72
134.47,169.88,-238.37
121.77,92.039,-88.451
96.34,109.21,-111.42
119.3,158.47,-303.03
80.372,206.01,-343.78
66.839,213.94,-429.47
122.5,205.42,-343.49
128.86,177.35,-315.1
102.65,139.1,-243.24
113.49,116.96,-3.395
114.58,119.45,-10.882
121.89,204.61,-387.72
141.58,120.92,-95.815
127.02,75.058,-28.839
95.681,118.02,-140.46
105.45,174.16,-371.91
114.85,105.33,-133.29
124.89,186.52,-252.11
77.539,203.73,-350.95
96.575,116,-34.401
114.55,65.48,-5.3843
132.08,173.94,-230.33
102.89,71.198,-9.753
134.07,74.674,-11.782
129.39,92.933,-81.613
140.99,105.44,-27.284
90.308,135,-154.38
117.8,138.07,-69.848
92.449,103.66,-60.607
128.46,190.59,-307.02
118.09,211.83,-350.14
128.66,163.79,-289.77
103.08,176.96,-383.31
79.129,184.34,-377.3
102.4,190.1,-248.43
85.904,164.27,-299.38
121.57,86.814,-71.889
73.119,203.72,-376.8
128.94,74.322,-23.295
92.884,109.46,-39.224
110.02,148.26,-280.25
106.56,77.645,-36.7
114.31,181.51,-215.15
96.84,112.33,-21.399
99.169,86.995,-49.159
128.25,135.89,-216.53
113.56,199.24,-426.23
115.12,222.68,-405.62
125.68,126.76,-39.003
135.01,142.27,-112.23
101.09,169.6,-185.42
122.4,204.18,-332.58
124.41,194.01,-364.76
113.37,214.63,-345.73
95.752,249.82,-473.23
88.473,220.54,-363.47
97.816,105.38,-104.68
106.71,173.56,-190.31
137.01,127.03,-68.849
103.2,114.29,-7.6246
91.221,125.94,-119.05
72.19,230.66,-428.17
121.25,195.15,-278.69
98.698,137.38,-92.999
88.417,154.38,-196.99
95.602,184.68,-242.22
136.35,161.28,-207.43
103.9,211.43,-485.25
91.451,135.88,-186.93
122.7,206.21,-368.19
123.73,156.69,-135.18
112.08,82.028,-56.506
128.68,141.77,-92.304
118.06,170.58,-340.85
75.462,190.45,-383.77
100.62,158.35,-151.85
112.54,227.84,-421.86
105.45,111.69,-146.92
119.44,153.39,-287.42
106.97,169.12,-175.65
97.073,129.63,-192.65
90.01,162.94,-202.62
97.939,167.05,-347.23
122.8,181.26,-352.93
139.19,93.166,-48.006
128.92,188.69,-315.52
95.878,109.67,-110.66
93.844,120.03,-136.7
130.81,148.86,-244.59
108.46,238.14,-476.79
114.97,114.37,-163.37
137.21,157.27,-195.8
114.04,222.01,-389.27
90.395,138.93,-149.83
131.33,173.26,-221.15
94.347,166.86,-342.7
104.18,148.47,-280.15
84.096,189.72,-292.2
140.81,128.11,-130.84
92.294,229.38,-388.87
106.54,148.22,-109.35
137.89,153.58,-201.73
125.91,190.29,-350.65
81.314,176.55,-339.2
80.123,230.05,-406.57
119.99,206.82,-331.8
92.753,101.4,-57.581
109.26,233.84,-438.91
75.755,196.33,-435.8
133.33,71.469,-3.7643
129.37,156.23,-143.92
135.31,143.92,-211.97
96.976,174.54,-375.86
131.29,120.38,-28.631
125.56,111.52,-146.75
117.31,88.834,-79.829
110.6,233.43,-465.07
126.61,194.66,-308.62
119.96,114.97,-163.7
94.838,181.29,-234.06
122.6,115.25,-162.31
125.77,175.3,-327.72
69.346,216.24,-412.76
121.93,177.73,-348.26
111.69,193.2,-417.7
68.274,212.63,-417.31
135.03,135.85,-89.952
120.39,175.49,-198.12
123.22,88.157,-74.922
91.09,147.56,-159.88
126.99,98.688,-103.96
122.51,119.18,-11.853
107.14,149.52,-112.66
115.83,77.326,-43.079
116.14,192.99,-259.16
140.8,102.96,-17.718
94.695,182.49,-237.87
124.14,202.66,-349.01
137.5,142.62,-126.68
84.786,179.37,-378.27
87.273,177.16,-249.45
104.69,159.12,-319.54
111.78,213.96,-461.66
133.2,121.76,-161.03
127.28,115,-4.1177
89.248,166.39,-328.77
104.25,123.38,-186.71
139.34,83.889,-17.027
94.252,239.29,-425.91
123.78,125.66,-194.06
100.05,227.17,-380.28
138.41,150.89,-177.51
66.965,211.73,-430.53
100.08,165,-340.44
113.75,152.22,-291.35
128.61,173.11,-309.5
81.746,198.8,-464.19
108.6,205.01,-298.73
132.92,99.682,-94.614
105.25,149.33,-114.79
104.91,199.82,-279.58
110.41,150.38,-112
135.42,108.97,-115.13
69.746,234.36,-444.5
93.189,115.17,-53.964
126.53,143.08,-92.999
86.958,167.45,-231.12
105.19,119.36,-19.886
63.098,237.17,-475.34
133,140.95,-215.42
110.67,232.71,-472.26
113.72,163.28,-327.11
123.22,197.31,-375.85
118.37,124.83,-27.717
92.233,141.89,-137.46
118.5,120.47,-13.932
106.12,132.15,-58.984
105.31,120.89,-179.28
135.99,160.62,-195.93
71.249,207.7,-482.28
125.35,178.12,-217.66
116.09,70.545,-21.66
101.85,235.26,-416.86
93.715,150.19,-150.9
125.77,147.2,-255.69
135.2,111.61,-123.93
76.519,187.8,-354.9
136.21,159.16,-230.78
109.23,212.25,-469.49
113.98,208.43,-442.34
122.68,188.09,-366.94
98.629,243.51,-449.34
128.69,137.06,-76.785
91.339,180.39,-395.83
139.05,136.51,-115.01
132.35,137.55,-208.82
77.369,187.16,-338.47
131.82,177.52,-249.43
113.45,85.767,-69.218
92.434,144.53,-236.95
82.53,170.45,-296.43
76.197,191.89,-408.7
124.62,200.5,-358.34
114.92,203.76,-430.06
99.301,192.72,-260.49
104.23,119.78,-23.01
128.56,181.15,-322.11
113.2,110.04,-148.55
95.221,205.76,-307.39
110.45,160.31,-321.15
89.221,143.61,-199.91
129.09,63.979,9.9613
93.755,243.61,-443.2
103.41,182.85,-402.85
77.281,213.95,-372.93
141.71,88.413,2.4005
83.019,178.22,-364.34
115.89,106.22,-136.31
127,194.84,-321.09
102.51,142.78,-99.41
99.891,171.93,-366.45
131.76,157.28,-155.04
124.02,189.81,-362.64
118.62,152.85,-118.24
113.25,63.41,1.6183
111.03,204.02,-296.67
114.11,139.72,-75.559
138.6,144.74,-145.23
107.92,134.26,-63.12
141.89,102.37,-42.626
101.72,210.09,-316.63
85.991,158.07,-240.41
141.9,106.1,-52.662
101.99,153.78,-298.73
84.09,217.56,-362.69
96.282,106.36,-4.7614
94.818,99.238,10.358
140.63,128.74,-135
104.79,138.28,-242.6
94.316,110.89,-30.957
134.18,93.394,-71.104
90.628,211.49,-332.14
118.63,168.48,-333.58
111.98,142.18,-258.62
138.95,136.23,-113
87.655,209.73,-332.61
91.443,129.14,-151.3
82.143,230.22,-403.3
100.49,167.82,-181.1
135.48,161.55,-241.3
91.931,107.91,-59.824
140.18,135.18,-152.56
120.61,119.86,-179.11
70.296,204,-451.22
86.363,173.85,-247.25
117.51,167.92,-168.81
80.646,202.29,-478.01
107.65,168.81,-352.01
92.65,96.567,0.56047
76.997,215.36,-377.09
91.849,114.67,-86.798
117.09,81.301,-55.782
99.077,165.2,-176.23
119.3,144.61,-260.32
72.245,202.68,-456.69
107.23,65.006,1.9866
115.32,194.39,-263.62
84.468,178.52,-372.62
86.894,171.28,-238.91
90.389,135.39,-147.5
91.865,112.02,-72.709
95.002,116.01,-42.808
91.909,128.22,-105.99
140.14,82.682,-6.6089
136.25,128.76,-71.109
128.27,149.35,-254.67
141.83,108.96,-54.048
106.47,67.634,-5.1584
118.78,112.77,10.254
134.11,157.97,-248.71
98.633,105.12,-106.95
118.94,212.88,-363.62
120.36,205.31,-401.3
125.23,170.37,-186.89
92.37,208.16,-319.08
116.03,131.61,-49.169
94.314,204.39,-483.61
117.84,186.01,-234.39
73.171,197.78,-427.68
130.69,182.88,-297.6
135.7,133.27,-83.916
137.3,98.128,20.557
95.396,122.97,-158.3
75.059,217.91,-389.65
77.23,186.13,-366.98
127.7,187.52,-333.89
120.74,170.48,-180.31
116.22,146.52,-270.23
82.353,173.18,-324.83
128.86,91.184,-77.065
100.5,163.37,-334.4
81.212,174.6,-313
141.56,106.38,-65.485
111.93,168.7,-171.04
128.73,185.64,-268.77
78.523,188.66,-324.45
141.82,96.925,-19.457
135.95,163.75,-221.26
87.316,161.95,-296.34
131.43,160.63,-166.86
132.43,124.96,-45.973
114.36,70.163,-20.082
111.02,177.32,-200.36
122.62,112.4,-153.14
127.03,152.17,-266.14
134.25,166,-206.67
112.33,152.46,-293.37
116.83,78.785,-47.785
126.09,196.66,-318.69
129.1,181.55,-248.65
126.59,134.83,-217.31
114.56,67.486,-11.706
84.599,232.16,-405.5
135.07,161.34,-189.97
128.42,124.18,-181.09
141.57,106.11,-64.477
103.65,111.64,1.7837
96.2,243.55,-445.43
110.28,124.61,-29.85
97.314,144.93,-120.73
113.09,221.31,-379.47
103.73,192.23,-254.29
66.12,211,-452.77
90.699,131.66,-140.56
99.896,245.31,-461.42
93.994,152.69,-280.73
140.5,78.301,11.725
94.324,156.74,-299.41
134.32,109.43,-2.7095
90.733,202.64,-480.91
82.339,175.78,-344.28
139.51,110.78,-30.776
114.99,223.35,-411.47
95.515,174.47,-374.92
75.064,203.16,-363.34
91.753,88.756,4.9139
134.22,131.57,-72.72
128.64,190.09,-306.43
93.123,114.55,-108.78
141.16,126.42,-103.57
125.09,107.83,-135.69
112.33,91.035,-85.549
134.13,113.81,-15.706
92.611,112.29,-94.061
134.35,89.81,-59.233
108.33,169.91,-177
125.37,169.83,-185.14
91.81,87.033,17.667
64.644,216.34,-450.49
118.92,148.64,-273.55
138.69,148.9,-170.13
82.242,179.49,-284.99
110.77,233.04,-456.15
115.32,211.91,-338.45
125.98,130.94,-206.75
114.91,161.98,-321.32
128.44,177.27,-317.66
119.64,177.12,-203.25
138.01,131.18,-165.27
103.77,238.68,-438.99
130.99,180.52,-297.58
95.097,128.15,-80.04
119.8,125.73,-30.992
118.18,166.27,-328.28
89.071,147.3,-180.31
132.47,120.21,-158.72
94.622,183.05,-239.68
99.434,246.37,-465.51
87.325,155.03,-211.78
109.13,218.74,-482.01
121.52,181.67,-223.17
137.81,76.981,-3.8313
120.11,143.77,-89.023
91.957,97.631,-17.553
65.339,114.73,-482.95
64.896,109.38,-480.99
99.453,-17.313,-143.72
81.075,83.248,-483.38
71.142,95.769,-508.88
124.32,56.367,-251.39
72.712,83.553,-420.03
127.22,74.648,-342.39
121.05,66.824,-283.35
86.062,38.59,-281.5
137.65,-15.623,-137.23
137.59,-2.4488,-177.88
92.125,-0.99191,-146.84
77.438,116.02,-447.38
66.417,105.04,-468.77
112.07,25.207,-308.8
139.42,-30.459,-76.731
133.64,48.401,-256.31
83.209,58.475,-387.18
140.6,-25.916,-83.68
118.01,-44.621,-75.014
125.26,38.808,-189.87
111.9,-11.414,-188.3
71.061,86.731,-454.3
91.489,140.37,-504.88
131.34,-22.254,-136.97
126.44,50.211,-233.3
74.599,78.561,-437.28
83.213,104.43,-409.08
115.21,-39.389,-93.019
141.45,-32.857,-48.345
132.38,59.01,-315.1
96.958,129.77,-473.89
108.42,63.287,-264.08
138.48,-25.005,-101.73
90.892,19.761,-244.73
72.685,94.186,-422.5
124.66,-14.491,-174.27
89.763,50.294,-264.85
110.99,6.5622,-75.322
142.03,-36.094,-19.973
103.9,-31.039,-108.11
93.675,75.623,-316.71
98.798,66.351,-282.51
133.56,1.1175,-74.614
93.4,-3.476,-159.98
103.89,7.4534,-89.879
81.619,57.452,-368.98
92.308,66.859,-438.41
126.92,60.569,-367.74
110.71,112.17,-434.74
128.98,21.474,-134.92
112.26,-9.4287,-17.732
117.77,11.9,-90.882
136.68,40.029,-266.76
140.69,12.396,-157.33
87.603,35.215,-253.05
81.05,57.46,-358.69
66.493,98.739,-475.93
116.99,85.932,-450.57
106.8,12.825,-267.54
134.85,4.1166,-208.33
91.885,6.2,-183.73
108.2,105.72,-403.42
94.788,-36.898,-50.389
107.24,-6.288,-34.742
64.784,127.66,-504.56
131.26,-19.335,-146.85
119.34,-33.893,-112.28
69.223,97.711,-446.35
111.74,30.528,-156.7
66.522,108.05,-469.91
91.37,22.924,-264.79
109.46,92.08,-357.28
109.8,22.656,-301.2
105.86,18.622,-123.98
125.22,73.258,-321.14
141.15,12.704,-172.89
100.99,54.855,-245.93
82.032,99.504,-400.07
113.72,100.52,-485.08
95.004,29.616,-308.98
140.23,-6.4626,-149.91
74.229,79.66,-406.29
89.446,81.281,-339.9
116.37,64.912,-411.33
91.071,97.526,-379.14
94.282,-19.172,-107.61
134.46,40.05,-291.95
91.657,68.636,-302.91
113.09,83.569,-331.59
93.772,-12.471,-127.56
137.19,6.2029,-203.87
82.457,69.476,-433.3
113.34,-10.699,-12.526
86.334,75.999,-335.4
119.3,89.582,-367.8
115.89,2.239,-57.214
126.33,-35.896,-99.626
123.82,85.48,-375.68
97.48,22.591,-159.4
134.07,37.073,-289.71
68.856,96.968,-503.77
89.698,52.162,-269.38
122.34,70.748,-404.78
93.781,127.94,-465.68
105.33,13.246,-267.67
97.898,-15.082,-145.47
119.03,99.664,-421.12
93.734,25.52,-288.49
125.59,75.297,-332.68
126.62,77.125,-352.01
119.48,-51.715,-49.718
96.678,21.755,-160.05
97.586,6.847,-108.47
129.79,67.936,-332.15
106.78,7.6485,-249.77
110.58,107.74,-415.88
114.86,3.5945,-239.33
88.435,27.642,-243.52
100.55,80.151,-320.26
128.43,71.698,-337.96
119.71,-7.4524,-201.62
110.05,23.509,-303.91
91.872,58.221,-408.97
61.172,117.54,-510.45
77.842,128.88,-477.34
94.184,11.699,-232.25
117.56,100.4,-460.99
99.701,-4.1039,-61.682
78.149,80.191,-465.13
84.067,114.62,-432.86
115.97,52.658,-382.61
105.14,-4.4925,-45.01
138.18,25.285,-186.05
93.187,-36.563,-36.812
125.28,34.78,-175.65
98.299,-15.562,-145.48
112.38,112.78,-445.24
88.001,39.605,-253.82
66.013,100.16,-497.05
111.03,42.862,-197.72
142.19,-7.3222,-122.17
91.98,8.391,-197.56
114.22,-10.911,-11.336
92.563,-15.626,-77.102
110.81,19.721,-291.77
132.9,0.36926,-70.045
134.43,47.319,-258.17
94.211,-24.724,-17.164
110.14,83.232,-466.09
118.75,71.986,-419.81
92.077,7.0523,-151.34
62.612,125.01,-508.78
91.95,23.102,-269.46
141.86,-29.273,-23.93
125.84,-56.716,-26.661
122.64,3.6055,-234.28
74.838,80.8,-398.87
100.88,-32.238,-95.556
89.802,61.847,-291.56
118.05,17.651,-110.89
98.218,12.869,-253.31
134.71,-51.603,-23.838
96.572,29.255,-182.74
133.47,47.968,-252.82
122.85,82.2,-350.37
123.8,6.5756,-75.25
124.19,6.6385,-75.853
98.967,-12.077,-35.897
88.727,32.595,-237.06
68.841,92.388,-459.26
98.578,76.87,-312.74
129.82,68.12,-335.72
92.517,18.906,-175.37
87.115,103.22,-399.51
137.79,35.456,-239.84
93.531,-11.446,-73.744
116.23,5.1337,-243.97
71.512,128.46,-487.68
92.49,-18.488,-69.546
123.07,-22.952,-147.68
112.02,17.253,-283.77
112.17,28.376,-149.21
85.077,46.638,-337.54
91.146,20.284,-250
136.96,28.429,-189.91
127.41,14.086,-257.45
97,-17.532,-25.077
136.35,32.943,-205
64.7,112.38,-484.04
136.11,-4.9709,-62.482
87.437,99.586,-389.76
130.56,57.261,-341.79
86.572,43.705,-271.83
130.53,57.716,-342.48
138.11,16.987,-224.63
104.85,41.271,-198.92
130.82,13.888,-248.39
79.069,134.76,-490.95
117.69,-51.299,-51.533
81.358,79.079,-359.41
92.728,34.309,-320.83
140.1,12.561,-198.38
109.38,-40.183,-85.752
115.81,92.905,-370.41
126.82,64.333,-373.94
133.73,24.802,-265.94
120.6,95.013,-405.3
133.69,40.74,-221.9
125.88,33.074,-311.97
90.727,22.831,-200.49
67.081,97.675,-468.56
135.04,42.61,-239.5
87.544,97.072,-383.22
141.08,4.3103,-128.25
105.7,32.879,-171.13
80.866,93.998,-520.32
126.58,33.738,-174.02
112.02,-22.749,-149.23
134.34,15.496,-240.73
93.172,-26.779,-68.63
132.13,59.943,-318.39
126.86,74.707,-339.02
74.813,92.37,-409.7
98.887,122.21,-450.01
122.59,3.9288,-235.33
82.048,53.988,-346.42
134.54,-6.9688,-176.92
73.502,94.846,-512.35
83.139,58.272,-385.79
113.47,76.94,-309.26
96.803,-25.731,-101.53
126.41,79.037,-365.15
137.96,-27.26,-96.721
61.953,110.79,-511.32
93.061,21.02,-176.89
105.29,16.016,-277.18
69.608,90.963,-470.68
96.966,106.89,-401.13
96.974,-23.543,-110.22
129.71,-7.7431,-34.052
99.3,-10.125,-169.55
102.12,7.9216,-244.13
108.43,128.13,-511.56
85.409,65.904,-426.5
94.973,-16.336,-42.131
104.98,36.511,-183.81
141.2,2.177,-121.35
114,27.716,-146.02
116.72,90.606,-363.69
108.62,-57.362,-24.734
90.954,12.188,-185.52
108.82,-29.711,-121.67
125.35,71.621,-391.49
102.05,95.158,-509.73
111.13,111.6,-433.78
97.93,-5.2419,-64.964
135.69,44.823,-261.65
114.78,110.58,-479.13
83.157,80.542,-355.57
122.45,-16.421,-170.13
108.81,-20.517,-153.83
91.723,7.613,-159.41
79.657,82.878,-479.55
86.995,36.2,-262.69
96.79,34.165,-330.05
129.18,-40.782,-77.75
77.32,90.165,-502.56
131.61,60.597,-331.04
73.617,82.371,-410.34
85.626,53.396,-375.18
64.994,110.1,-480.68
72.806,94.27,-508.04
95.768,20.919,-277.12
88.818,77.123,-331.13
110.84,121.87,-505.28
103.15,129.1,-482.69
98.868,-0.92081,-202.6
93.131,-19.358,-93.504
124.24,-9.5883,-190.73
132.87,48.876,-252.79
126.9,36.576,-184.71
117.8,84.83,-445.62
72.324,84.157,-452.03
132.08,15.627,-121.46
137.87,-15.333,-34.983
120,1.3232,-54.324
122.5,80.253,-339.97
99.162,-9.423,-44.697
140.46,7.1686,-183.35
69.867,90.7,-472.43
107.92,21.13,-129.16
130.52,54.287,-263.34
92.28,-30.224,-37.53
102.18,55.486,-404.19
95.868,88.434,-348.53
134.5,35.016,-283.42
102.59,44.145,-211.4
107.24,105.15,-517.73
113.07,23.978,-133.8
135.97,-11.504,-39.397
85.93,82.493,-485.76
99.421,106.39,-399.4
106.95,129.9,-505.26
110.38,1.9396,-232.95
92.212,8.4218,-200.95
94.566,-19.984,-107.17
119.55,24.986,-301.89
120.8,-8.4307,-197.73
133.95,52.669,-288.39
96.389,33.313,-195.1
80.505,78.753,-465.48
82.965,74.973,-456.07
130.96,-14.76,-162.52
100.56,4.5946,-89.236
126.94,77.223,-358.53
101.07,109.38,-409.21
110.9,88.35,-474.8
96.658,87.389,-497.75
122.78,78.948,-414.31
101.95,40.278,-356.46
87.7,64.159,-424.32
98.906,-16.253,-21.01
124.44,60.782,-378.7
95.317,1.5573,-103.05
105.59,8.1772,-88.759
69.507,105.53,-451.88
116.08,12.998,-268.98
136.66,27.267,-183.1
69.819,115.52,-466.26
122.38,42.295,-198.33
137.65,23.686,-241.36
87.649,96.71,-382.13
80.445,67.835,-347.01
129.43,61.389,-354.16
141.41,-26.519,-25.146
109.67,-40.823,-83.857
84.236,64.16,-319.09
113.43,49.469,-378.18
122.36,57.19,-250.78
135.63,23.795,-254.46
114.24,-35.48,-106.29
84.419,47.616,-298.09
128.49,1.8249,-65.032
87.684,36.754,-253.15
130.7,15.935,-119.05
125.41,54.136,-245.52
125.45,59.093,-264.25
96.882,-33.475,-74.91
135.95,-10.107,-44.102
126.37,23.213,-136.55
95.292,75.137,-464.26
68.913,93.665,-483.77
137.2,26.399,-249.71
134.41,18.025,-137.43
132.32,42.355,-221.88
88.305,122.12,-448.93
83.641,108.22,-417.48
92.75,45.238,-363.38
110.63,25.178,-139.67
131.17,62.73,-314.28
119.89,65.908,-278.12
90.195,84.637,-346.83
119.43,99.271,-437
99.13,55.301,-403.81
93.06,-31.309,-52.183
83.604,54.885,-309.75
79.324,66.04,-356.08
122.14,-4.3382,-35.637
94.714,-32.612,-64.324
129.41,42.757,-323.4
104.33,126.8,-476.56
136.55,30.139,-261.09
142.29,-26.125,-52.796
142.07,-34.43,-16.514
118.36,102.26,-443.81
141.17,-40.821,-21.529
73.888,92.04,-413.73
76.736,89.748,-499.84
119.23,78.263,-429.52
85.668,65.979,-427.34
93.017,42.081,-231.45
111.13,88.684,-474.83
115.73,104.63,-422.24
110.12,26.494,-144.57
126.54,-23.774,-140.92
122.37,91.134,-413.67
99.868,0.013027,-209.37
133.23,52.497,-314.15
141.3,-26.623,-23.437
140.33,19.327,-188.31
88.179,50.779,-273.4
67.838,127.88,-495.54
115.93,66.022,-274.13
130.18,-4.9426,-195.3
124.63,-11.171,-14.02
108.6,-28.289,-126.35
73.728,86.996,-409.72
93.234,-34.236,-44.927
128.98,37.127,-312.64
129.36,38.094,-195.64
141.56,-22.512,-85.168
87.4,35.497,-256.07
96.331,-3.6345,-181.21
112.84,44.989,-203.88
125.23,59.265,-264.32
102.42,106.13,-399.32
76.495,71.728,-406.35
92.792,0.6644,-170.85
115.7,7.8397,-76.915
102.59,128.53,-478.8
105.45,41.211,-197.14
153.25,-14.109,-79.908
108.43,115.58,-382.66
74.773,129.41,-508.48
106.19,4.7776,-96.816
86.38,139.06,-473.63
153.7,-0.12539,-123.94
129.97,97.265,-330.82
155.11,16.393,-121.54
108.38,63.117,-239.99
92.049,95.699,-373.31
100.78,48.03,-264.01
109.71,68.522,-396.05
105.85,51.237,-326.72
120.57,14.518,-55.385
118.72,124.63,-412.46
116.46,17.063,-73.212
106.21,-5.411,-59.482
93.563,75.24,-365.28
120.93,85.905,-441.01
116.76,12.396,-55.946
108.83,1.3224,-50.049
146.55,27.24,-236.26
140.82,75.358,-364.03
100.7,55.98,-261.79
113.06,140.4,-460.88
124.99,104.9,-350.97
122.47,48.194,-167.3
154.89,-12.943,-69.514
115.51,98.645,-480.61
130.69,7.7253,-202.48
135.78,11.193,-36.88
113.75,76.352,-421.18
115.33,90.214,-303.7
112.75,37.63,-291.54
132.15,39.126,-132.66
106.29,20.035,-137.06
143.01,73.929,-349.44
132.31,28.024,-94.276
105.73,59.974,-360.56
137.77,13.251,-214.92
141.47,58.057,-328.31
106.18,-7.3419,-52.513
115.69,-39.254,-21.919
154.87,-14.724,-63.21
151.46,30.196,-221.15
91.355,151.05,-494.5
108.21,18.751,-200.57
147.61,22.232,-96.619
98.141,99.099,-489.3
133.93,108.27,-435.09
119.8,11.915,-210.89
120.13,119.74,-397.04
105.81,24.015,-203.72
107.13,28.465,-235.7
132.01,-37.1,-48.058
109.35,8.3026,-71.547
156.1,-1.9069,-80.069
153.37,1.788,-132.33
150.52,45.622,-198.71
108.79,13.975,-95.035
139.2,-41.621,-26.882
153.8,29.886,-160.76
154.41,-26.62,-23.699
136.29,72.112,-375.71
125.63,131.83,-498.91
107.26,26.642,-146.08
103.34,42.336,-217.25
118.15,64.145,-383.45
103.09,41.773,-219.42
122.27,-19.496,-104
105.32,46.329,-304.44
108.3,5.6358,-69.774
118.1,143.77,-485.62
129.69,105.59,-361.59
95.397,104.71,-377.56
95.625,99.401,-488.06
114.81,108.94,-360.06
107.43,44.05,-192.95
115.48,127.98,-420.69
77.23,122.78,-488.87
99.09,71.457,-297.04
112.48,45.134,-318.24
82.62,112.47,-444.88
154.45,18.716,-170.49
115.28,-3.275,-146.85
108.15,44.422,-306.48
99.431,57.574,-276.63
152.66,28.236,-142.7
106.76,5.5443,-130.58
147.7,66.544,-294.81
97.542,127.7,-426.8
155.91,8.9649,-110
144.12,48.819,-298.13
153.62,34.158,-179.19
123.27,93.365,-454.76
112.6,-4.7775,-132.24
136.26,94.172,-335.76
94.274,151.46,-492.83
117.63,15.084,-63.31
114.61,58.831,-212.49
107.24,-25.825,-26.153
116.05,139.78,-463.44
138.77,88.334,-321.15
98.678,58.26,-287.97
129.09,88.349,-298.05
137.4,80.579,-388.13
114.34,40.947,-305.96
97.683,66.573,-300.41
110.12,12.608,-81.996
115.37,87.174,-450.86
102.46,43.078,-229.29
102.3,102.59,-355.92
117.51,-29.779,-59.36
108.79,107.47,-511.5
119.29,92.434,-459.68
106.95,-10.972,-72.022
147.53,56.869,-227.79
133.81,-32.466,-63.89
142.96,48.245,-177.22
98.547,112.68,-388.13
108.1,8.0135,-155.19
118.64,106.96,-353.82
95.401,90.37,-348.98
116.84,-0.88662,-8.2119
132.76,94.822,-430.37
99.792,131.96,-435.21
117.01,100.07,-332.4
127.77,106.63,-361.37
126.25,74.308,-249.76
154.69,8.8667,-87.967
117.03,-13.873,-113.82
76.655,124.6,-493.14
128.89,124.73,-462.36
141.56,71.425,-261.06
145.27,-7.6966,-134.13
146.96,54.233,-296.03
106.2,-6.4056,-55.359
150.5,41.433,-180.69
110.88,-24.627,-54.725
108.53,102.84,-346.81
104.96,30.45,-227.16
154.29,-2.5924,-111.27
144.16,18.113,-217.68
155.55,13.284,-141.32
95.543,81.819,-334.02
154.6,17.159,-165.11
82.988,122.64,-453.13
134.3,109.83,-426.26
146.44,68.257,-274.94
104.46,29.083,-210.82
128.14,-42.831,-27.406
124.9,-17.395,-114.35
107.13,63.822,-245.77
124.82,80.088,-268.44
136.22,103.02,-380.82
104.95,142.87,-463.97
149.27,52.327,-276.81
147.18,67.905,-283.22
142.91,44.572,-292.29
147.45,67.731,-294.9
149.11,-5.2904,-130.54
124.95,129.68,-507.6
88.738,90.48,-397.69
137.68,56.585,-336.37
129.68,121.26,-466.46
89.123,108.91,-512.71
134.27,53.508,-336.21
125.18,9.4194,-31.428
118.59,-2.7371,-156.8
138.1,55.96,-333.77
126.9,85.652,-287.25
154.29,-19.327,-52.484
150.05,1.2742,-32.787
112.11,-12.214,-103.53
100.18,78.512,-305.68
118.9,80.335,-429.05
132.34,49.798,-329.54
97.738,66.461,-299.81
142.04,86.725,-341.02
131.47,-24.412,-92.685
125.13,133.8,-500.73
124.36,64.462,-380.14
134.09,-35.082,-54.545
111.46,121.81,-399.74
94.836,83.646,-340.78
98.225,60.107,-322.87
130.55,92.154,-433.61
155.19,10.713,-100.73
81.01,110.55,-466.45
116.49,53.321,-192.24
119,-19.305,-99.167
153.13,8.896,-75.197
133.77,90.105,-311.74
135.82,-3.5215,-162.63
104,104.42,-357.5
107.52,-28.993,-18.372
110.45,16.221,-92.682
89.17,91.377,-389.8
150.43,50.525,-263.24
144.82,16.322,-68.156
110.67,68.483,-248.6
113.98,11.472,-197.03
96.173,70.126,-365.3
112.33,18.394,-91.458
84.959,104.19,-477.81
107.18,-5.7341,-93.246
114.16,58.097,-364.22
133.42,5.8483,-16.822
102.37,74.765,-409.4
93.363,102.2,-379.07
102.41,61.925,-359.27
112.37,119.6,-392.91
116.54,20.958,-237.92
124.83,90.89,-445.92
92.688,92.118,-364.79
87.824,95.974,-401.44
99.67,63.709,-280.72
134.98,-25.495,-87.809
148.9,59.294,-251.85
152.73,40.517,-198.79
112.41,63.449,-380.88
85.776,97.894,-428.45
125.3,133.9,-495.75
137.8,37.453,-130.42
110.87,147.1,-481.7
133.95,61.443,-210.01
129.75,-30.538,-71.101
127.47,128.45,-472.67
108.17,-9.5597,-14.936
109.71,81.844,-287.33
111.94,39.85,-162.52
120.66,62.956,-216.21
151.82,0.5348,-137.58
106.91,64.059,-247.09
106.16,-3.9194,-77.519
147.32,32.082,-246.03
137.28,74.89,-262.47
155.6,-21.986,-21.484
134.64,101.82,-362.99
117.36,70.786,-403.44
120.81,102.15,-338.89
139.38,37.116,-282.16
145.98,66.706,-262.71
119.35,79.814,-269.34
88.677,101.12,-398.18
79.015,116.88,-476.9
112.59,-25.101,-60.579
135.37,89.759,-411.62
142.86,-8.5001,-136.71
147.47,56.683,-296.72
130.28,22.93,-76.456
99.226,54.943,-284.26
113.85,-39.304,-16.131
105.78,95.302,-330.6
145.69,11.336,-193.61
132.74,-10.519,-140.58
117.6,-30.288,-57.787
98.543,67.058,-293.7
111.07,32.074,-266.8
119.64,63.541,-219.09
110.95,62.135,-230.24
150.9,36.878,-239
155.17,19.651,-136.68
133.25,92.156,-318.34
142.05,47.095,-171.01
99.35,74.483,-401.52
134.53,88.815,-308.62
92.916,77.973,-356.98
113.54,16.005,-78.528
108.83,-3.4683,-116.81
116.42,30.237,-118.49
153.95,14.024,-99.449
126.18,44.357,-320.3
104.35,42.252,-281.12
101.03,54.163,-256.48
136.61,91.983,-327.71
144,80.624,-331.12
92.32,97.143,-374.29
95.449,91.917,-460.76
151.9,28.995,-140.3
82.354,107.5,-474.23
116.46,50.427,-183.36
141.99,28.79,-253.37
137.7,67.196,-235.13
94.763,85.833,-344.4
109.78,149.65,-489.31
153.48,-20.911,-53.679
109.38,-4.0497,-118.51
127.05,110.33,-476.95
125.87,-40.716,-33.549
98.78,77.767,-413.23
110.69,81.047,-283.36
112.87,-6.2437,-127.98
98.18,82.195,-321.52
126.59,88.587,-296.87
124.63,12.899,-44.251
104.49,34.609,-191.66
153.38,-21.975,-50.573
121.6,64.014,-381.29
152.06,-7.3835,-110.47
140.95,62.505,-224.85
151.15,35.821,-235.17
107.58,17.52,-116.07
153.97,32.589,-177.55
127.19,84.282,-425.92
144.9,77.422,-323.84
110.37,-33.691,-21.274
104.09,104.46,-506.49
108.14,10.683,-166.39
115.67,33.958,-132.72
149.93,-9.8037,-112.28
104.2,95.258,-479.16
116.87,6.4626,-34.502
130.74,118.27,-426.85
108.52,17.443,-108.47
119.68,114.59,-508.72
112.25,6.441,-49.726
149.37,38.307,-251.33
127.77,-28.787,-76.563
107.83,-4.4458,-104.94
155.5,8.8999,-98.752
142.34,56.448,-205.81
146.06,25.083,-232.05
145.33,26.15,-103.9
123.22,12.193,-215.53
129.94,87.657,-426.54
141.98,29.486,-108.42
92.08,92.515,-454.61
94.003,145.27,-476.41
118.86,133.49,-445.19
106.87,103.7,-502.87
144.33,-18.806,-98.501
98.892,63.352,-286.45
113.06,38.723,-155.41
95.917,148.73,-484.05
154.41,0.63498,-120.6
108.5,-27.15,-32.251
155.2,11.445,-103.49
100.24,61.425,-347.87
134.61,107.13,-428.8
113.62,8.8896,-186.29
116.05,3.8236,-174.62
151.24,39.895,-242.03
142.19,78.324,-359.7
150.04,56.261,-252.62
120.43,75.67,-255.87
95.595,139.44,-459.38
131.82,116.89,-433.3
125.11,23.538,-81.201
105.04,22.916,-168.1
138.33,77.478,-378.9
146.54,59.734,-234.51
107.32,78.609,-427.71
142.62,83.323,-323.53
115.28,12.221,-59.459
135.14,47.059,-161.39
112.77,79.609,-431.09
108.5,88.331,-457.95
135.71,96.906,-418.68
151.74,-10.477,-101.67
95.285,69.342,-337.33
152.39,-18.468,-69.984
105.46,19.971,-151.89
90.305,119.53,-422.76
148.67,4.8965,-39.839
83.523,108.49,-492.18
92.587,86.027,-426.95
119.55,37.997,-300.52
123.91,28.117,-269.46
107.3,69.101,-258.94
94.526,97.899,-481.28
125.98,98.96,-331.49
122.44,-9.173,-140.38
110.31,-28.308,-39.242
137.14,60.17,-346.39
135.19,26.243,-89.18
116.23,-34.527,-39.73
147.63,64.403,-301.35
150.25,-13.355,-98.845
146.54,66.587,-314.53
124.27,124.9,-508.75
148.81,28.619,-123.66
97.932,121.15,-409.87
135.39,2.0481,-4.5359
149.25,57.817,-247.76
124.43,8.1081,-202.4
94.939,117.69,-407.37
155.5,-14.472,-21.604
95.14,74.418,-329.44
116.69,8.5675,-42.491
104.51,26.828,-188.83
105.41,20.743,-178.95
114.3,97.991,-327.47
127.1,111.09,-477.87
110.13,55.004,-212.55
108.33,135.98,-443.11
120.66,18.985,-236.66
150.77,4.0298,-45.398
152.23,32.57,-156.62
115.7,70.352,-402.78
155.09,21.954,-166.08
110.87,-5.6248,-12.314
141.23,89.684,-364.18
86.061,116.47,-431.29
94.211,88.626,-351.62
106.77,-14.664,-10.26
117.62,21.693,-242.34
128.47,120.35,-421.32
143.28,38.824,-144.02
155.47,-17.001,-13.329
95.007,74.477,-380.87
166.73,24.487,-76.106
154.01,88.282,-360.74
143.94,53.988,-300.07
148.38,64.923,-324.56
135.72,69.294,-186.58
122.6,56.715,-178.41
167.83,17.717,-60.977
139.47,117.45,-465.58
120.13,26.6,-109.84
147.24,60.622,-314.89
160.45,59.075,-172.72
122.27,19.195,-143.71
143.73,49.759,-287.62
147.53,122.69,-431.92
149.94,0.55,-124.6
164.09,25.315,-64.853
99.001,114.07,-423.27
120.39,160.18,-470.81
135.97,32.396,-231.98
126.55,-15.961,-40.801
139.77,62.782,-162.28
145.85,60.382,-316.28
168.67,34.13,-161.77
148.87,121.17,-394.44
118.24,75.988,-246.75
112.58,78.702,-351.84
130.62,27.619,-55.714
141.08,14.422,-173.58
161.45,60.073,-272.19
132.77,0.65509,-116.17
119.4,30.788,-135.72
130.41,63.14,-331.93
121.91,126.19,-369.19
99.955,144.29,-451.52
153.89,99.678,-376.26
147,72.545,-347.09
117.26,55.76,-268.68
158.03,21.847,-33.483
158.95,23.443,-41.232
144.44,101.24,-419.45
164.24,11.386,-129.39
137.82,-18.365,-57.157
118.72,39.304,-164.84
116.21,86.837,-398.4
127.01,17.201,-160.08
161.67,79.625,-285.42
116.96,126.44,-375.52
138.53,32.821,-60.827
126.89,-19.143,-31.13
163.65,64.407,-264.24
120.63,-7.2708,-33.863
146.26,-23.724,-41.638
140.47,-3.6342,-110.88
167.45,-3.2021,-60.738
122.34,56.529,-179.03
161.51,38.487,-101.24
122.77,26.754,-84.723
156.36,82.859,-340.25
153.16,107.71,-382.56
143.4,60.99,-321.04
113.91,90.969,-409.41
101.23,111.31,-399.95
147.34,96.179,-278.18
109.08,88.178,-322.99
132.59,-4.0066,-99.437
108.61,130.23,-400.09
139.91,-20.362,-51.995
130.76,30.161,-64.337
121.42,59.923,-307.07
122.22,-3.3699,-61.492
157.59,80.709,-246.89
138.97,29.239,-47.804
119.9,9.0466,-73.226
140.04,36.325,-246.72
127.37,103.74,-455.28
146.89,120.34,-437.39
166.55,23.475,-71.397
169.15,32.886,-146.2
145.86,78.304,-214.38
155.15,98.326,-365.44
144.27,90.42,-396.46
152.11,112.65,-377.65
135.71,156.39,-502.64
133.25,133.4,-391.19
119.48,26.596,-129.03
151.65,78.146,-220.51
169.67,17.908,-102.68
147.69,26.285,-35.586
124.27,47.405,-143.76
114.56,154.06,-452.64
159.07,89.733,-311.6
142.01,50.701,-120.52
124.59,74.659,-222.17
140,95.87,-270.42
163.56,50.884,-241.43
116.1,121.71,-512.52
117.51,57.845,-211.22
149.79,101.19,-400.58
164.94,52.117,-167.97
125.34,-2.5299,-82.267
167.81,35.589,-125.49
129.63,74.961,-369.85
100.93,118.64,-406.18
145.04,68.385,-180.39
144.96,126.66,-453.31
121.09,28.56,-172.34
130.4,58.422,-316.21
151.94,73.899,-205.79
116.89,49.701,-217.27
129.98,80.625,-228.71
110.83,84.886,-372.26
137.5,80.915,-383.47
154.57,-10.884,-79.671
153.92,81.435,-348.5
119.47,31.403,-134.93
119.27,41.861,-161
144.57,46.083,-275.81
137.61,139.51,-507.35
126.86,25.462,-190.38
163.98,46.731,-229.83
148.78,119.81,-421.11
125.69,59.377,-174.93
164.42,63.96,-255.05
108.82,86.768,-367.18
117.09,63.688,-305.97
124.68,108.98,-317.85
161.34,18.953,-164.22
136.72,139.02,-417.53
151.53,55.032,-138.88
161.1,43.655,-235.44
145.85,85.99,-382.56
105.45,102.28,-362.3
124.4,147.79,-432.8
155.07,101.85,-364.48
122.2,24.669,-81.612
142.85,134.1,-469.97
94.772,125.21,-457.76
145.27,-26.116,-33.368
167.3,48.636,-177.49
151.24,38.089,-244.19
109.18,92.532,-400.82
168.92,14.57,-61.656
136.43,16,-175.7
129.04,0.5415,-106.65
138.61,134.01,-495.82
157.14,87.265,-341.85
130.99,22.863,-191.64
138.9,93.346,-261.99
133.46,21.391,-190.76
140.95,73.366,-358.74
106.49,143.86,-435.78
135.55,78.488,-378.42
123.86,99.808,-446.05
102.59,141.88,-439.73
169.5,26.924,-123.79
161.82,71.523,-230.73
134.1,-3.8486,-102.82
129.59,66.134,-185.65
137.87,3.2811,-132.87
164.68,18.37,-43.555
152.15,55.814,-142.34
127.91,-9.0904,-69.351
157.58,90.399,-291.36
167.62,-5.4367,-51.109
138.79,94.525,-265.8
152.4,96.725,-381.72
168.49,32.214,-160.83
102.34,103.96,-401.46
127.61,95.402,-275.39
116.45,73.355,-345.61
128.23,117.86,-490.99
145.81,19.901,-191.93
167.25,11.825,-36.444
107.3,88.981,-352.57
119.7,40.116,-212.17
154.94,-19.528,-48.51
137.18,147.11,-455.06
134.65,30.138,-223
142.96,132.14,-410.28
164.5,40.23,-211.55
98.489,142.52,-452.39
112.51,81.67,-365.8
124.58,61.175,-318.95
145.29,69.144,-341.19
95.432,124.62,-486.87
151.57,106.11,-329.89
144.81,0.019895,-124.84
150.18,56.92,-144.08
149.25,103.54,-310.02
155.31,54.443,-142.35
148.49,6.6032,-146.2
111.81,159.14,-468.56
131.66,35.058,-79.342
166.84,37.971,-125.91
124.94,87.227,-256.52
149.97,29.542,-48.403
102.52,166.72,-497.87
146.99,37.319,-246.9
136.84,133.69,-502.83
124.46,71.347,-354.98
143.25,94.196,-407.41
161.93,26.01,-58.877
131.29,60.055,-163.38
161.99,21.942,-45.001
151.02,40.611,-88.019
120.4,37.2,-204.85
165.08,50.123,-230.04
89.371,138.83,-503.54
163.49,71.327,-251
128.06,-15.451,-47.802
142.27,138.88,-447.18
134.94,66.211,-177.54
137.55,48.351,-285.66
148.25,9.1772,-155.03
105.66,114.73,-377.83
157.66,50.27,-264.12
123.72,118.41,-498.07
130.23,111.36,-471.95
138.9,86.925,-397.78
138.63,148.68,-479.17
167.91,31.248,-109.87
104.62,101.43,-419.92
168.18,25.981,-149.13
145.68,34.784,-240.02
109.07,113.03,-361.81
161.97,68.159,-283.24
126.24,0.077946,-95.299
113.96,66.079,-261.2
110.85,94.99,-320.04
97.591,120.34,-430.88
149.65,95.123,-390.77
130.44,106.61,-459.67
144.26,100.65,-289.69
148.89,30.592,-51.332
147.76,76.008,-354.25
125.7,22.549,-175.16
140.12,115.33,-336.1
121.28,70.792,-348.3
118.04,65.823,-224.24
140.06,-29.934,-18.509
136.13,151.52,-472.31
114.03,96.188,-429.14
118.81,135.53,-397.92
163.27,-18.24,-30.273
102.96,103.58,-387.39
127.77,17.384,-163.3
155.15,87.676,-354.17
147.02,52.846,-127.95
111.62,88.294,-391.88
167.64,48.436,-188.9
141.81,87.272,-393.94
161.91,51.567,-150.13
125.98,-20.255,-23.856
153.23,103.75,-328.22
158.6,42.293,-106.34
167.08,33.966,-179.39
152.9,41.325,-92.575
163.32,-5.5418,-75.672
145.98,115.09,-346.67
116.67,80.837,-264.63
163.68,-2.2149,-85.84
115.1,69.97,-324.26
128.21,133.73,-389.39
138.08,24.216,-30.872
135.49,18.909,-15.168
160.79,19.724,-168.33
118.52,53.768,-268.37
134.32,30.062,-56.608
146.44,-6.6647,-101.46
135.36,123.67,-360.06
130.18,72.657,-362.64
123.34,53.052,-285.68
168.31,25.745,-147.12
131.92,124.15,-359.84
120.21,51.098,-175.69
126.69,146.55,-429.98
145.14,77.1,-209.88
156.55,53.027,-274.52
125.13,30.379,-84.234
161.02,25.779,-186.03
131.54,26.927,-207.29
92.335,135.24,-472.59
125.31,93.28,-272.79
160.61,66.16,-200.83
94.077,128.6,-500.53
118.42,80.46,-378.8
130.31,18.553,-24.161
118.66,136.98,-402.07
124.03,36.84,-111.26
128.87,-6.2263,-82.375
143.39,75.721,-204.63
130.11,50.503,-288.84
91.967,133.22,-478.18
122.41,-15.295,-22.575
156.95,92.189,-295.72
102.66,103.25,-395.79
125.75,90.591,-264.47
123.96,56.499,-172.32
125.12,34.172,-97.214
135.71,34.143,-68.795
128.7,48.232,-131.27
156.82,-21.399,-38.331
169.7,19.825,-104.91
140.98,48.45,-285.29
165.12,0.13796,-87.436
122.07,-12.471,-29.677
162.14,14.736,-20.664
151.88,51.365,-281.22
119.51,25.983,-131.38
151.87,108.57,-396.03
141.08,103.28,-432.56
164.55,64.05,-220.13
137.16,119.45,-347.26
160.17,33.658,-80.091
104.76,122.03,-508.6
159.35,82.853,-266.77
95.241,127.61,-449.47
155.16,75.042,-330.73
169.6,24.236,-117.76
169.32,-8.6274,-12.54
118.11,44.097,-182.72
116.33,140.69,-414.27
102.86,113.48,-389.65
148.74,82.02,-366.2
162.44,66.649,-212.89
127.03,54.315,-298.19
106.94,98.41,-348.09
139.86,-4.8666,-106.18
112.99,79.881,-359.81
109.2,99.742,-336.42
161.13,-1.2542,-98.379
156.38,70.307,-202.1
160.88,77.233,-302.36
113.57,112.91,-348.39
164.38,-10.73,-52.467
162.11,53.644,-255.14
109.32,85.354,-320.05
167.17,51.76,-200.73
169.27,18.174,-79.26
126.8,-14.746,-45.917
155.34,78.846,-231.45
133.49,18.767,-181.52
139.56,51.897,-296.57
164.98,55.865,-240.73
123.25,62.329,-320.71
128.66,-8.3673,-74.267
156.03,89.569,-351.81
162.51,72.975,-282.34
137.96,36.558,-247.1
126.92,-17.316,-37.506
129.34,146.64,-432.73
165.96,51.011,-224.09
139.79,25.583,-210.98
161.17,-1.5118,-97.369
148.21,23.542,-26.209
137.54,150.05,-474.92
155.18,30.929,-59.525
140.26,58.617,-148.13
149.51,119.45,-411.27
148.54,97.267,-284.35
93.129,143.38,-473.99
123.25,53.1,-165.26
138.39,149.8,-491.4
111.76,73.323,-305.11
157.93,-25.815,-20.036
110.91,77.063,-323.84
169.51,3.033,-35.817
101.46,122.76,-505.18
104.79,101.26,-367.39
168.92,2.0448,-64.367
146.08,121.19,-443.16
108.2,93.339,-399.63
112.34,128.03,-387.19
125.67,12.795,-19.054
169.56,23.354,-106.38
156.31,82.332,-339.67
120.71,36.861,-133.03
165.81,16.287,-137.4
135.93,12.942,-164.45
125.47,5.5805,-111.57
169.55,7.1257,-48.908
121.76,34.8,-118.31
146.65,-10.069,-89.536
153.21,73.726,-207.42
164.66,63.476,-218.39
127.11,10.885,-6.408
95.706,148.39,-471.95
129.75,54.444,-302.1
164.92,38.19,-204.19
118.37,101.8,-309.56
140.21,133.23,-487.08
153.33,109.01,-370.62
137.14,33.443,-236.3
125.7,69.357,-349.4
146.14,72.855,-349.53
161.26,73.483,-235.78
154.46,24.501,-197.76
141.59,141.28,-469.51
153.94,73.008,-330.56
136.08,45.147,-106.38
162.95,25.97,-62.417
129.5,70.988,-357.17
123.96,68.012,-205.31
144.75,19.041,-189.41
138.73,95.088,-267.62
137.9,151.09,-495.42
121.32,76.449,-236.53
125.22,124.08,-510.89
161.67,76.706,-256.04
152.07,-24.55,-34.701
163.1,42.32,-120.95
126.96,20.559,-41.894
27.716,69.512,-495.05
24.472,65.504,-492.58
38.016,-69.154,-156.9
20.389,35.085,-495.5
15.558,52.099,-519.84
81.577,-22.252,-273.27
26.327,37.894,-431.93
77.541,-5.9591,-364.61
79.346,-10.709,-304.95
35.581,-11.338,-294.52
69.57,-91.695,-157.41
69.797,-79.647,-198.4
41.806,-51.683,-160.1
44.605,61.59,-462.41
25.322,60.657,-480.49
42.068,-36.798,-324.7
73.444,-106.92,-97.099
82.894,-34.065,-279.04
25.302,10.371,-399.38
75.794,-103.79,-104.52
48.679,-104.88,-90.415
83.344,-39.144,-211.58
42.618,-70.388,-203.32
20.432,42.815,-465.52
59.266,74.385,-523.39
60.719,-93.013,-155.46
82.898,-29.135,-255.37
21.402,33.516,-448.74
49.275,47.349,-424.86
46.285,-98.3,-108.03
78.976,-111.22,-69.413
77.149,-22.548,-337.4
62.902,61.407,-493.04
71.202,-6.4769,-283.53
71.264,-101.03,-121.92
34.796,-30.613,-257.68
32.35,46.362,-435.28
53.2,-81.262,-191.54
48.788,-5.1166,-279.87
74.62,-60.338,-93.945
82.883,-115.28,-41.412
39.842,-84.138,-121.57
57.363,14.48,-333.61
62.168,2.6319,-300.17
88.717,-78.59,-96.745
38.739,-53.883,-172.99
66.931,-54.654,-107.05
26.949,9.804,-381.17
27.581,13.432,-451.95
63.815,-15.791,-388.19
70.165,37.486,-455.53
86.111,-57.304,-156.85
76.845,-76.041,-36.304
80.104,-59.7,-110.86
78.087,-42.091,-289.1
85.222,-70.751,-180.1
40.153,-16.106,-266.6
28.494,9.7395,-370.97
20.142,55.953,-486.97
55.854,13.657,-469.87
38.353,-44.952,-282.24
65.876,-71.549,-228.35
38.953,-44.376,-196.85
70.3,32.696,-423.82
40.347,-85.475,-62.86
71.663,-69.778,-52.376
31.067,80.891,-517.27
60.551,-90.268,-165.39
49.126,-95.749,-128.12
27.282,52.246,-458.36
74.27,-38.65,-175.97
27.024,62.996,-481.89
33.25,-27.603,-277.71
71.761,19.311,-377.61
40.221,-37.707,-316.62
68.748,-45.708,-141.8
79.234,-6.6854,-343.3
82.771,-70.151,-195.45
63.818,-9.2468,-263.69
47.079,43.843,-415.39
55.667,28.546,-504.41
31.657,-22.782,-322.26
74.728,-85.576,-171.09
27.739,33.337,-418.39
53.139,22.486,-356.1
50.025,-4.0748,-429.45
56.812,35.846,-396.28
39.844,-68.899,-120.42
71.563,-39.671,-313.41
54.18,9.6748,-319.12
74.258,9.3304,-352.32
39.733,-62.504,-140.48
69.806,-71.541,-224.57
22.617,21.365,-445.43
77.894,-77.919,-31.279
48.379,20.077,-350.68
75.75,11.702,-389.43
79.205,-67.506,-76.676
55.685,-102.16,-116.77
75.189,6.0097,-397.6
57.958,-35.96,-175.41
69.868,-41.856,-310.88
15.523,54.243,-514.54
49.015,-3.4247,-284.46
59.436,-3.4505,-424.59
60.925,61.602,-484.27
37.46,-43.708,-282.14
37.856,-66.369,-158.54
71.491,21.971,-442.55
32.107,-26.054,-301.58
78.557,-4.8435,-354.86
76.759,-3.2534,-374.15
50.313,-112.39,-65.251
56.706,-36.094,-175.84
58.163,-50.475,-124.11
77.364,-13.239,-354.43
38.582,-49.738,-264.36
70.976,33.32,-436.63
44.292,-58.34,-255.18
37.978,-22.957,-256.74
64.723,13.935,-338.7
77.51,-9.2061,-360.22
48.472,-71.555,-218.09
40.418,-37.083,-319.4
27.603,5.712,-422.25
20.964,75.418,-521.53
47.045,72.661,-492.98
34.771,-39.49,-245.32
63.16,25.09,-481.45
62.051,-62.299,-77.656
19.777,33.744,-476.81
51.613,55.798,-449.22
47.722,-14.629,-400.15
69.181,-66.649,-62.231
85.682,-57.898,-208.93
41.931,-84.78,-49.295
83.613,-42.898,-197.29
37.867,-66.994,-158.58
69.811,37.364,-466.17
43.001,-12.873,-267.81
16.589,58.229,-507.73
73.413,-26.844,-217.14
81.025,-88.597,-144.16
37.714,-42.147,-210.62
78.667,-78.679,-30.249
46.557,-66.303,-90.516
41.009,-41.026,-307.3
88.627,-78.955,-92.083
82.476,-35.325,-280.91
53.746,-76.922,-31.241
45.969,16.407,-483.65
54.563,0.35362,-438.8
45.838,-45.153,-165.2
26.97,80.327,-520.8
32.909,-27.63,-282.4
86.171,-109.66,-45.857
56.55,-121.2,-43.326
51.226,-63.343,-251.6
30.331,33.552,-411.31
39.203,-83.73,-108.63
50.776,5.0252,-307.07
80.006,-54.539,-131.03
34.539,-40.2,-266.77
67.021,-122.78,-42.563
56.869,-29.21,-198.71
83.168,-34.444,-275.56
77.288,2.9994,-372.33
84.46,-68.246,-96.129
84.68,-68.412,-96.794
61.549,-69.162,-51.548
42.479,-19.513,-250.89
21.247,48.832,-470.49
62.646,12.267,-330.69
76.812,-12.965,-357.95
48.831,-35.132,-189.87
53.362,43.598,-416.06
81.296,-47.467,-262.49
50.505,-63.757,-87.759
45.395,-57.788,-260.11
39.954,76.669,-501.97
46.196,-68.815,-82.845
51.898,-88.014,-164.45
41.955,-44.037,-299.45
74.722,-40.915,-168.51
29.004,-2.1127,-350
34.3,-30.144,-262.94
85.933,-54.517,-212.78
56.865,-57.115,-276.07
58.774,-72.674,-40.117
85.336,-49.978,-227.86
25.574,68.104,-495.8
89.27,-85.445,-84.768
53.252,40.144,-406.23
69.558,-21.701,-363.09
40.963,-8.0321,-285.58
69.677,-21.294,-363.81
73.14,-62.792,-246.03
67.475,-24.229,-217.09
61.094,-59.748,-267.78
48.978,77.079,-507.06
48.848,-110.89,-66.752
41.846,26.554,-373.62
30.516,-17.205,-333.88
76.985,-68.57,-220.25
42.731,-95.624,-99.815
74.616,16.571,-391.67
64.859,-12.522,-394.58
66.642,-52.253,-286.44
72.879,16.699,-426.91
84.838,-41.521,-244.64
56.866,-39.023,-330.92
45.044,-29.914,-214.54
21.355,54.452,-479.76
83.639,-40.164,-262.3
53.048,37.836,-399.62
86.144,-78.532,-150.94
68.311,-32.478,-189.25
19.73,45.168,-532.61
84.285,-44.587,-195.83
43.258,-80.963,-164.04
66.242,-60.97,-261.02
41.812,-75.784,-81.344
76.896,-21.524,-340.66
77.95,-5.83,-361.25
35.326,43.096,-422.94
64.331,53.302,-469.3
51.188,-63.018,-252.65
29.483,5.8946,-358.82
64.87,-81.348,-196.53
16.136,50.058,-523.58
25.39,10.197,-397.99
74.767,2.9789,-329.9
38.921,-75.855,-114.34
75.248,-1.0834,-387.16
70.448,-102.68,-116.72
17.257,69.67,-521.93
50.251,-33.746,-191.65
37.304,-41.12,-291.7
18.77,47.706,-481.69
62.847,40.454,-419.7
38.726,-73.887,-123.08
88.119,-84.83,-55.522
37.348,-62.357,-182.83
36.254,-46.869,-258.03
63.462,54.577,-531.85
23.994,16.457,-438.97
54.68,-69.783,-56.587
67.556,-28.664,-201.88
86.25,-80.562,-144.01
76.33,-42.693,-165.65
75.189,13.933,-385.04
43.326,-111.14,-38.352
41.567,-39.025,-198.96
41.828,-85.582,-135.84
64.831,-5.1704,-412.16
38.708,32.556,-526.06
70.325,36.74,-454.61
59.365,-61.963,-80.463
81.244,-37.922,-284.33
63.796,35.544,-499.64
44.858,26.434,-370.3
51.121,-81.584,-186.92
41.279,-77.036,-168.19
44.362,-44.163,-173.1
19.811,35.513,-491.45
38.441,-14.562,-276.04
31.771,-19.451,-343.63
59.072,-108.66,-95.398
18.072,43.622,-514.24
74.469,-20.171,-353.03
28.155,36.01,-422.49
26.344,4.3974,-387.59
25.047,65.995,-492.36
16.077,49.859,-519.18
33.026,-31.389,-290.39
51.791,19.25,-347.03
62.679,47.913,-525.57
65.556,57.419,-502.7
36.317,-53.509,-215.96
41.555,-68.912,-106.37
52.726,-76.48,-208.03
83.267,-33.359,-275.5
84.223,-42.123,-206.62
56.752,12.086,-465.06
20.258,39.92,-463.3
87.491,-64.366,-143.68
89.542,-95.795,-57.209
82.343,-70.879,-74.483
77.822,1.2605,-361.89
61.636,-66.838,-60.443
76.847,-73.647,-205.11
18.472,47.412,-483.43
70.866,-44.796,-147.47
82.758,-27.226,-285.9
44.985,-79.213,-50.391
34.743,-3.0014,-419.13
60.789,24.488,-366.32
70.141,-43.994,-304.61
65.106,-20.059,-229.17
47.275,37.522,-535.68
75.666,-45.551,-153.17
89.585,-91.433,-61.537
23.191,31.589,-498.61
64.758,38.481,-418.39
64.62,56.619,-525.57
41.067,-57.132,-248
37.259,-42.127,-213.99
39.649,-69.73,-119.97
48.993,-41.877,-319.21
49.452,-73.154,-214.39
79.588,-29.588,-310.92
56.845,-25.404,-211.16
20.633,31.173,-477.45
22.006,26.3,-468.32
60.114,-85.845,-181.1
62.755,-54.871,-105.58
75.81,-3.1063,-380.61
65.969,40.21,-428.56
48.02,20.31,-492.77
32.112,29.296,-512.68
62.969,3.1084,-434.73
34.402,-16.755,-370.96
25.099,13.582,-437.08
61.799,-73.014,-36.576
59.945,-13.644,-398.52
54.222,-53.449,-117.94
68.892,-55.182,-106.31
31.235,58.441,-464.51
45.294,-50.491,-285.3
86.3,-55.525,-205.95
34.837,66.681,-479.55
81.65,-34.279,-219.68
73.684,-56.563,-262.93
53.115,37.442,-398.54
36.632,17.781,-360.32
68.845,-17.253,-375.39
87.284,-107.17,-47.211
42.919,-96.379,-97.951
42.642,11.41,-333.29
44.671,-15.745,-395.08
80.7,-20.423,-272.4
69.691,-54.694,-275.43
45.395,-94.09,-121.22
36.671,-2.5548,-311.29
87.108,-75.297,-86.521
41.141,-14.943,-266.85
87.083,-63.368,-141.1
82.176,-24.921,-267.52
81.649,-20.285,-286.32
39.344,-83.077,-87.57
89.52,-90.129,-66.268
84.868,-54.261,-158.14
29.983,19.147,-478.53
17.38,50.795,-494.65
73.398,-53.811,-271.28
87.68,-63.266,-159.96
84.779,-39.405,-244.53
56.374,59.726,-466.37
50.311,50.402,-433.51
29.067,-6.8932,-376.56
73.413,-42.866,-158.6
78.659,-18.912,-336.7
78.904,-10.929,-299.54
54.44,24.943,-363.32
68.506,22.068,-458.15
32.364,-1.2765,-418.21
42.105,-79.945,-64.802
38.265,4.1338,-323.21
32.931,17.437,-368.86
84.101,-77.415,-56.043
40.244,-81.493,-76.884
63.316,-33.135,-343.59
66.22,54.632,-496.69
73.006,-50.004,-282.65
82.893,-106.27,-74.512
84.595,-114.14,-38.172
68.208,25.354,-464.91
79.026,-118.4,-42.375
33.641,43.574,-426.7
17.889,43.545,-511.44
56.913,5.3852,-448.95
24.078,16.39,-439.85
52.658,-14.945,-246.97
48.393,20.434,-492.87
71.795,27.957,-443.5
72.885,-41.315,-163.43
55.353,-91.082,-158.36
70.249,12.905,-435.08
36.355,-53.115,-222.86
73.984,-28.222,-336.04
87.467,-107.25,-45.507
83.243,-63.812,-211
46.23,-3.4066,-288.02
35.273,78.803,-508.98
76.704,-8.5573,-294.94
59.244,-76.311,-213.96
85.971,-85.206,-34.688
41.633,-84.139,-140.52
31.195,39.548,-422.3
41.837,-82.648,-57.463
61.595,-37.726,-332.47
84.942,-42.003,-217.9
78.336,-101.65,-106.44
39.591,-15.635,-269.55
36.813,-54.948,-194.31
74.923,-26.041,-223.68
81.569,-20.009,-286.37
66.914,36.419,-418.82
24.601,25.711,-418.15
38.725,-49.811,-183.9
78.713,-62.185,-96.449
65.514,57.156,-498.73
68.236,-24.716,-215.44
93.459,-102.5,-104.07
80.51,39.439,-404.36
39.043,76.253,-523.02
65.721,-57.892,-114.02
60.544,75.229,-491.73
93.922,-89.989,-148.55
95.736,9.6243,-355.72
105.59,-77.989,-147.88
75.692,-7.573,-259.88
57.559,33.568,-390.58
56.002,-13.734,-280.78
50.07,2.2477,-413.61
49.822,-11.783,-343.45
90.669,-60.83,-76.775
88.222,41.409,-436.18
85.656,-55.561,-93.754
66.656,-67.434,-76.528
47.719,16.239,-381.18
60.695,10.807,-461.19
86.341,-60.12,-76.47
74.61,-64.158,-68.329
83.661,-59.479,-259.81
84.244,-12.918,-388.28
61.243,-7.5355,-279.29
84.264,59.273,-484.03
92.735,19.524,-375.27
91.288,-30.971,-189.78
97.422,-103.02,-94.269
56.75,25.783,-500.18
66.029,-66.388,-222.19
103.84,-73.6,-61.015
53.14,6.93,-439.65
85.397,12.025,-325.94
53.517,-28.169,-308.97
99.8,-45.498,-156.73
67.427,-44.323,-154.83
87.85,-15.995,-374.24
100.48,-55.882,-118.15
48.589,-3.459,-377.37
72.449,-65.911,-236.12
80.995,-28.371,-351.86
66.789,-69.219,-69.522
60.386,-101.41,-38.413
97.525,-104.66,-87.93
92.134,-60.811,-246.12
67.704,82.429,-514.12
55.926,-43.919,-217.33
108.2,-69.789,-122.63
42.049,37.229,-505.68
85.504,20.096,-459.62
58.638,-56.025,-228.89
89.264,36.061,-420.88
56.707,-38.17,-220.45
54.307,-34.181,-252.43
69.198,-108.73,-67.102
75.161,-58.117,-90.108
103.09,-94.671,-105.79
93.234,-87.94,-156.88
105.18,-49.036,-225.29
73.696,-52.351,-113.53
75.998,-117.59,-47.207
105.33,-64.976,-187.28
97.462,-115.34,-48.069
76.54,-12.188,-398.65
81.335,46.342,-522.79
70.497,-39.37,-164.42
63.45,-21.705,-234.88
56.272,-6.9215,-402.36
62.494,-21.902,-236.92
61.783,-86.592,-121.77
50.683,-16.221,-321.08
73.061,-59.635,-87.953
85.436,59.818,-509.47
94.719,17.592,-386.57
64.832,38.747,-396.12
40.545,38.969,-504.05
85.665,29.359,-382.75
72.298,-23.882,-211.93
86.21,46.384,-443.98
40.628,68.729,-503.65
62.733,7.0567,-314.91
52.788,-21.019,-335.77
46.878,55.495,-460.56
97.114,-73.749,-195.96
58.151,-67.783,-163.98
51.285,-19.38,-323.41
58.4,-4.892,-293.75
106.91,-66.309,-169.23
60.151,-56.26,-147.3
97.403,-26.93,-320.85
71.12,57.49,-446.78
103.86,-84.788,-136.06
83.154,-38.499,-321.93
104.28,-60.757,-205.7
64.42,15.784,-475.73
57.981,-67.907,-149.06
97.709,3.514,-361.4
70.511,80.876,-513.03
87.245,-58.247,-84.079
83.112,-15.911,-233.64
61.327,-85.466,-42.249
85.68,57.043,-487.02
98.858,-3.2189,-347.01
56.067,-3.4228,-304.8
95.885,1.8245,-322.66
80.203,-5.7211,-411.77
53.999,-25.954,-323.69
58.012,4.2293,-317.55
76.384,-54.783,-100.86
55.318,15.644,-469.98
60.92,-20.085,-246.6
72.983,31.933,-375.93
60.403,-93.558,-76.273
51.077,38.131,-530.05
59.853,17.716,-479.78
61.412,-71.748,-88.472
104.2,-37.168,-254.26
70.381,-105.56,-83.347
105.12,-43.188,-203.12
70.108,43.497,-407.73
57.966,-54.139,-171.88
88.588,25.18,-377.13
61.533,26.315,-366.84
87.422,-72.556,-28.521
77.267,10.065,-453.61
73.846,59.797,-455.8
87.224,19.899,-355.23
93.93,19.592,-386.1
94.369,-9.425,-273.59
107.1,-85.014,-114.23
59.331,-78.538,-130.98
40.478,70.682,-507.89
86.502,37.251,-486.9
102.17,-20.688,-287.1
80.867,-90.309,-156.39
89.052,-36.088,-320.84
66.837,-68.384,-72.399
106.06,-53.056,-207.25
59.374,-85.609,-71.012
79.653,27.91,-368.11
55.505,-31.636,-243.86
95.294,-92.81,-136.01
79.803,-65.933,-240.38
100.23,-79.892,-167.08
59.27,18.9,-351.45
97.307,-75.287,-190.58
51.814,63.597,-469.61
88.434,20.729,-451.16
101.3,-25.622,-301.29
57.421,-33.069,-227.62
66.68,-111.68,-45.671
63.102,-86.145,-132.58
74.052,-6.0059,-265.39
93.231,-3.2372,-292.15
94.458,12.33,-406.35
78.963,66.355,-485.86
93.342,-39.799,-302.24
100.06,-26.011,-309.51
80.741,-41.323,-315.62
97.923,-25.841,-321
85.968,-90.935,-153.76
77.834,45.422,-531
47.142,32.515,-413.45
75.643,-26.855,-358.97
84.189,34.202,-490.76
36.657,51.461,-527.91
71.166,-27.166,-357.95
95.671,-68.661,-53.649
59.106,-68.996,-174.36
76.077,-27.71,-356.44
94.628,0.61632,-311.45
96.314,-108.36,-76.908
109.48,-90.372,-58.646
58.553,-74.617,-120.17
66.232,12.279,-324.19
58.021,7.197,-448.61
68.701,-29.166,-350.74
58.103,4.0826,-316.96
96.564,-5.6893,-366.93
67.997,-96.604,-111.87
81.813,48.271,-524.65
61.855,-10.641,-400.24
70.779,-108.16,-74.003
83.372,43.162,-422.18
58.551,21.048,-358.12
50.154,-0.2623,-339.1
73.315,9.4698,-456.16
106.17,-83.353,-127
40.331,55.871,-481.26
85.062,-22.229,-213.63
60.328,-84.624,-116.48
108.37,-84.551,-101.44
97.917,0.87564,-337.06
70.708,-80.019,-183.04
75.104,32.382,-377.94
61.093,-88.446,-34.392
76.798,-51.71,-111.71
49.54,32.629,-405.86
95.73,-42.485,-288.97
107.9,-73.871,-93.718
79.083,-4.4208,-269.19
56.562,-53.343,-214.24
46.578,10.612,-381.22
79.806,-51.216,-111.04
37.277,48.903,-492.54
60.727,-66.908,-109.78
53.199,-9.9927,-382.27
102.6,-77.155,-40.465
45.706,12.234,-425.95
61.448,38.098,-397.02
47.484,0.074483,-375.69
84.023,40.58,-415.46
56.494,-45.801,-255.61
65.794,12.515,-467.12
57.489,30.012,-382.03
49.091,37.548,-417.44
61.559,-0.053888,-298.34
70.956,-99.822,-107.61
102.12,-35.124,-278.3
103.73,-54.406,-225.31
51.937,-4.0237,-398.77
43.515,41.428,-443.73
82.959,48.038,-519.81
103.53,-50.39,-155.38
82.686,66.74,-504.65
100.01,-25.915,-234.83
67.065,-101.24,-89.871
85.712,41.466,-497.09
74.172,-73.734,-32.833
79.103,8.2522,-308.17
79.023,-31.216,-182.52
89.567,-16.261,-238.71
90.271,-87.752,-161.65
73.778,-5.6321,-266.67
64.074,-65.496,-94.337
85.341,-55.75,-269.95
100.74,-15.264,-288.04
101.64,-112.53,-46.511
95.934,11.629,-388.48
55.9,-0.39838,-422.4
90.157,19.45,-362.45
75.41,-45.412,-304.41
102.34,-27.052,-289.09
88.702,-0.038601,-292.05
53.525,40.928,-414.85
40.675,62.502,-491.71
59.27,-86.797,-77.011
79.765,3.7054,-435.24
78.028,-89.342,-158.43
90.81,-34.45,-321.82
99.221,-59.36,-99.876
55.165,-6.5176,-300.97
60.056,-100.55,-32.41
76.036,23.022,-351.08
81.437,-73.184,-216.45
68.291,-84.515,-160.27
60.458,-94.075,-74.7
60.256,3.8036,-311.16
53.574,-32.51,-283.94
88.59,-15.053,-241.41
78.928,-10.33,-250.69
92.377,-54.488,-264.1
104.72,-74.844,-163.02
97.509,3.0775,-343.61
104.91,-43.782,-196.77
44.733,13.555,-417.68
98.311,-0.73769,-334.02
50.492,18.445,-373.17
81.754,-54.372,-98.362
58.851,-65.178,-133.37
85.015,-43.338,-139.3
107.49,-80.033,-125.81
62.41,-30.005,-340.13
51.916,-19.78,-297.68
61.401,-9.384,-273.98
98.179,1.2502,-353.38
96.229,-12.1,-357.03
58.464,34.575,-391.71
41.062,32.083,-476.59
107.25,-65.339,-166.81
37.993,52.96,-488.86
84.973,-24.85,-204.66
77.831,-54.743,-275.92
101.59,-22.684,-260.63
59.14,22.959,-361.85
81.958,69.727,-512.15
94.496,-109.05,-77.8
58.594,-65.907,-135.08
73.457,27.674,-499.63
65.061,-108.37,-51.481
44.062,16.966,-429.34
80.128,6.8574,-304.38
58.101,-69.395,-144.8
63.92,17.054,-339.69
94.345,3.5055,-321.08
94.926,-65.068,-66.43
64.506,-29.532,-209.32
94.361,-109.95,-74.643
59.25,-9.2442,-400.84
90.797,-95.224,-134.42
103.18,-28.8,-250.71
92.655,-55.628,-260.3
70.907,-47.959,-134.25
103.89,-62.269,-204.01
67.393,5.0454,-447.35
96.351,-15.466,-349.77
59.844,-93.78,-37.33
46.597,38.462,-524.05
57.487,-51.611,-183.1
83.992,-39.371,-153.44
87.338,-95.738,-135.61
46.283,30.054,-496.47
86.906,-65.727,-54.946
90.776,29.578,-451.85
73.037,-48.911,-126.96
64.33,36.88,-529.86
80.424,-62.26,-69.058
89.712,-51.912,-276.04
65.57,-98.412,-95.031
59.77,-65.818,-121.47
105.67,-85.044,-124.95
104.19,-35.191,-231.75
82.768,-61.04,-255.41
107.47,-65.008,-129.71
60.534,-57.727,-234.07
71.451,6.0216,-448.73
106.07,-60.133,-133.85
40.027,34.381,-470.03
69.658,75.509,-496.34
87.484,49.624,-469.07
48.954,36.009,-520.92
80.171,-99.91,-120.33
59.646,0.38045,-303.79
80.554,-33.084,-175.65
71.778,77.355,-504.47
95.574,-89.967,-145.46
60.312,-87.037,-48.335
106.09,-82.665,-129.76
47.706,0.55335,-364.08
86.533,18.522,-453.47
56.765,-55.588,-203.42
57.762,-61.547,-191.96
93.91,-52.206,-267.39
87.948,-11.616,-384.53
100.99,-38.177,-278.99
89.568,-4.507,-278.67
70.571,69.249,-479.42
89.513,28.096,-458.25
94.724,-55.496,-103.67
62.278,-40.016,-185.3
80.785,-9.1073,-402.6
103.91,-34.033,-260.93
48.341,12.947,-445.11
98.28,-9.4358,-349.58
84.426,-59.199,-79.639
101.44,-39.938,-186.12
52.483,10.5,-449.48
49.408,21.085,-475.82
83.052,9.3965,-442.85
90.348,-97.819,-125.46
50.787,9.3986,-353.57
92.032,-105.8,-93.81
63.905,-43.253,-169.23
61.345,55.389,-440.84
109.29,-86.385,-65.634
36.05,53.75,-506.75
41.748,27.839,-442.42
57.234,-31.718,-319.01
60.473,-43.438,-288.46
74.889,-1.4251,-278.8
40.083,38.191,-497.07
93.59,13.448,-355.82
61.266,-77.105,-158.38
59.645,-88.776,-55.407
75.499,-23.294,-369.01
102.57,-59.27,-113.51
60.282,-97.302,-56.386
94.782,-28.301,-327.07
87.981,-99.271,-122.18
92.753,-25.37,-339.99
74.155,42.139,-531.59
107.85,-64.407,-149.91
70.655,51.417,-429.68
104.14,-81.863,-28.433
102.27,-36.67,-274.23
61.479,-62.222,-221.05
66.723,50.449,-426.4
106.15,-106.56,-47.266
55.302,13.15,-346.25
86.525,-63.636,-62.931
60.297,-35.773,-205.88
59.151,-41.51,-195.81
84.817,19.739,-349.74
73.787,28.276,-500.61
77.326,-16.15,-232.58
81.336,58,-465.4
58.683,-49.948,-254.92
109.3,-88.134,-71.377
106.57,-62.066,-183.18
54.485,0.26236,-421.43
100.43,-71.781,-192.03
79.153,-72.418,-31.08
93.316,-1.9192,-389.75
54.576,55.955,-448.19
59.044,25.789,-369.07
70.864,-77.066,-27.557
56.926,-45.713,-260.2
91.366,32.385,-446.21
105.96,-52.14,-169.8
106.16,-108.87,-38.925
45.364,15.386,-396.66
128.18,-80.674,-106.08
102.91,-11.056,-388.5
85.813,-34.249,-324.25
91.221,-27.405,-350
110.68,-21.805,-212.86
94.482,-23.91,-201.45
127.78,-87.292,-90.847
89.524,25.124,-491.29
87.284,-48.836,-131.14
89.564,-30.472,-339.94
126.03,-45.677,-202.73
77.881,-54.584,-164.09
85.445,-37.948,-311.64
105.37,22.881,-460.16
91.325,-87.105,-148.59
128.83,-78.858,-94.653
64.564,45.749,-442.39
100.1,70.681,-496.78
79.533,-49.067,-254.2
79.363,-89.053,-60.869
114.45,-30.414,-189.18
88.085,-29.744,-341.04
119.14,-70.792,-191.26
112.66,19.324,-423.51
89.836,-3.2778,-269.37
66.991,6.6583,-371.65
106.34,-56.739,-80.007
83.639,-68.731,-196.27
108.31,-41.431,-300.52
79.849,-76.759,-137.31
84.325,-44.037,-156.76
74.94,-17.398,-353.91
99.929,38.89,-394.45
78.398,70.045,-472.9
106.82,-1.3973,-404.69
90.509,-19.641,-372.52
72.477,-17.659,-288.94
128.07,-79.118,-62.524
128.27,-78.116,-70.424
92.247,7.4382,-445.52
108.01,-87.24,-156.75
83.387,-97.235,-78.678
83.438,-35.739,-185.93
65.822,12.712,-418.66
77.155,-58.411,-180.8
117.93,-25.675,-315.24
95.075,42.403,-399.81
114.61,-57.33,-86.864
79.533,-92.161,-51.169
114.18,-39.717,-293.5
81.485,-78.856,-53.781
89.551,-107.3,-64.478
84.137,-85.103,-133.11
114.71,-103.49,-88.723
94.05,-23.869,-201.99
127.94,-65.428,-131.03
94.223,-51.377,-106.99
105.32,-17.608,-368.35
109.98,5.6206,-411.44
85.665,-27.556,-345.33
64.483,17.827,-429.41
69.059,41.243,-419.67
118.48,-4.1174,-307.07
75.661,15.075,-343.57
80.069,-80.998,-120.47
86.281,51.544,-422.76
84.757,-100.31,-73.811
106.35,-54.477,-88.708
70.847,-15.384,-327.67
79.793,-75.643,-81.493
122.86,-23.879,-276.83
115.25,-60.952,-73.861
83.374,-63.979,-93.673
82.23,-47.892,-269.71
73.826,21.42,-477.87
102.39,21.66,-465.2
128.32,-81.55,-101.34
121.73,-72.702,-175.96
118.64,-19.856,-242.68
109.03,-3.6789,-394.18
89.9,-1.8952,-422
113.14,9.9441,-406.87
103.4,59.547,-530.36
108.81,38.448,-418.64
83.1,-47.652,-149.85
121.81,-23.307,-249.7
121.3,-86.566,-132.08
122.46,-69.157,-63.155
96.705,-33.671,-166.95
95.361,68.738,-477.41
117.11,-15.059,-341.34
116.78,-43,-147.57
98.611,-9.257,-246.26
114.16,-0.1427,-298.14
110.2,-51.211,-269.93
65.221,44.833,-533.58
84.975,-18.53,-232.82
99.941,3.3237,-427.95
126.11,-54.106,-198.25
78.71,-76.059,-102.49
126.33,-70.599,-155.66
74.307,-6.0755,-391.99
72.122,47.444,-426.37
118.45,-28.531,-208.35
101.73,28.462,-481.02
77.226,-45.33,-192.77
75.059,-21.741,-338.08
122.25,-27.424,-234.95
78.346,-24.294,-237.93
105.14,-7.6331,-254.15
65.523,13.432,-391.91
81.375,-5.7059,-407.24
96.491,-100.79,-104.35
100.99,-16.876,-375.88
84.908,-43.631,-156.05
86.16,-34.225,-182.49
86.103,-41.838,-299.88
93.606,45.314,-533.84
76.29,-50.592,-211.21
110.2,-55.209,-258.27
106.65,19.404,-449.53
99.153,-23.872,-198.8
116.27,-40.921,-284.57
66.116,15.94,-386.74
70.047,-9.7977,-326.16
101.35,21.565,-343.09
103.74,-78.077,-191.05
109.86,41.794,-445.57
123.21,-44.728,-167.62
105.04,-55.617,-263
91.059,-6.9168,-408.26
73.978,30.009,-382.71
102.87,56.916,-459.15
111.32,-0.90358,-393.54
93.105,-52.79,-103.66
101.48,36.288,-497.64
61.53,58.518,-476.44
88.915,-108.9,-55.987
123.96,-57.909,-207.69
92.385,-53.534,-269.35
63.468,21.623,-420.29
126.55,-90.408,-91.43
80.636,-64.532,-197.67
78.749,-74.935,-127.31
93.209,39.901,-522.23
108.31,-14.56,-370.44
77.622,-55.134,-212.94
113.39,-1.7923,-289.46
78.773,-57.845,-212.38
84.142,-14.783,-382.95
86.168,65.022,-458.57
79.367,-6.618,-401.74
70.497,20.119,-467.86
81.198,66.041,-461.59
122.64,-78.518,-153.53
123.58,-34.373,-260.94
80.673,-81.667,-124.06
104.22,-20.534,-210.59
82.166,-77.168,-154.82
129.1,-85.544,-73.266
123.5,-44.354,-171.19
79.136,-83.328,-89.701
120.26,-14.443,-321.29
115.32,-105.75,-79.116
113.3,-0.64259,-293.28
102.82,-2.5705,-409.52
118,-72.224,-190.14
65.109,34.849,-420.71
103.43,7.3468,-300.8
67.877,-0.18882,-365.76
76.284,33.435,-514.26
87.104,-66.603,-215.57
128.43,-92.566,-66.176
69.112,18.017,-372.34
75.6,-33.764,-232.59
97.456,-109.08,-73.11
107.97,49.397,-483.16
78.864,-50.395,-244.97
111.82,32.238,-438.96
110.12,-61.384,-239.87
76.02,69.593,-473.34
66.084,9.5996,-385.59
71.755,-15.867,-339.99
88.245,-21.496,-366.13
56.084,58.838,-505.04
117.89,3.186,-359.38
87.028,-84.347,-147.87
122.33,-42.196,-172.65
118.35,1.7841,-339.26
125.08,-47.381,-171.63
89.783,-80.575,-170.04
93.318,75.075,-492.98
107.16,-50.575,-104.01
126.97,-68.112,-156.11
99.989,1.8043,-281.1
123.75,-67.487,-76.408
85.22,87.968,-520.75
88.135,-51.402,-271.2
90.316,41.036,-528.77
70.989,-6.3335,-376.19
89.334,2.1475,-432.88
128.74,-77.218,-88.473
106.07,-27.27,-188.52
128.96,-81.021,-74.523
123.74,-57.82,-116.4
75.758,-36.79,-225.28
113.08,-53.215,-258.96
56.955,74.428,-521.56
120.84,-34.725,-281.08
79.487,-89.297,-68.042
108.34,39.47,-475.6
109.92,-24.11,-203.59
80.227,-35.318,-308.51
89.484,-78.045,-178.88
78.787,40.285,-399.06
100.95,-47.121,-291.09
71.809,36.943,-520.46
77.485,26.321,-495.38
83.39,-1.2681,-422.04
105.42,50.726,-507.19
126.75,-74.714,-139.98
61.758,32.213,-438.99
116.19,-77.402,-178.07
86.896,-52.863,-264
83.435,36.185,-383.81
111.55,-34.954,-312.15
78.501,-74.036,-115.65
77.712,-7.8247,-281.92
81.757,19.212,-341.59
65.864,51.852,-450.15
97.995,-1.7575,-417.77
77.099,21.954,-482.96
116.65,1.766,-318.19
123.01,-65.874,-79.183
91.838,-17.096,-379.96
76.534,-52.784,-195.82
113.58,17.752,-364.26
69.491,-5.0753,-369.02
87.778,-12.063,-246.37
85.43,-109.29,-40.168
106.56,54.214,-500.27
63.991,22.658,-449.23
97.768,49.315,-422.89
108.13,-113.96,-56.803
68.047,33.592,-406.99
77.229,-58.603,-184.11
104.68,-12.509,-382.21
120.51,-44.101,-155.92
64.453,16.423,-411.58
121.9,-57.807,-218.93
86.568,-2.9502,-418.82
126.88,-53.402,-180.17
79.545,-92.766,-43.778
118.04,0.24228,-357.82
127.06,-60.432,-135.84
114.43,-69.215,-208.25
124.74,-58.235,-121.26
107.23,-102.16,-102.43
115.89,14.374,-375.63
88.172,2.2335,-287.05
107.6,-99.36,-112.76
68.865,-2.8878,-344.3
105.5,41.749,-416.02
114.74,-65.039,-56.663
112.52,-68.251,-40.347
103,-76.964,-195.05
72.281,-20.013,-288.67
110.5,-57.072,-81.747
88.666,-91.56,-124.65
110.45,28.229,-387.64
74.701,-8.5204,-384.81
72.216,-22.847,-306.43
116.53,-77.753,-176.1
108.14,30.724,-386.86
89.728,-26.953,-197.87
104.4,54.414,-456.67
118.21,-20.538,-238.04
99.79,-43.841,-301.33
98.348,-50.009,-107.25
103.49,-71.624,-212.97
77.524,-51.635,-228.73
62.966,68.51,-491.43
100.86,6.9945,-297.65
125.09,-39.057,-230.94
54.869,63.366,-518.55
67.374,5.5318,-399.28
106.6,-64.962,-48.223
97.743,50.716,-427.05
96.28,-43.149,-134.11
79.131,-81.141,-102.89
117.03,-20.754,-232.46
75.234,-28.901,-310.5
60.372,67.381,-496.67
80.098,-86.72,-42.327
120.04,-12.473,-325.6
66.006,33.865,-415.14
101.14,4.275,-289.34
96.56,-25.169,-195.7
98.175,-46.494,-120.3
111.73,-54.227,-94.297
103,-36.27,-155.55
99.7,-112.13,-63.295
122.07,-84.992,-134.44
82.988,-37.376,-308.76
109.84,-98.333,-114.78
80.205,-84.002,-49.477
129.32,-87.765,-50.057
93.908,-41.988,-306.94
82.299,-48.057,-152.1
106.93,7.6437,-424.49
88.416,11.653,-457.96
123.12,-42.36,-250.37
111.69,23.274,-375.04
128.01,-69.259,-109.63
57.477,51.935,-527.77
121.71,-22.473,-296.83
64.954,59.777,-468.6
101.43,-23.39,-358.13
122.22,-80.935,-147.41
122.06,-110.88,-41.318
82.477,-30.865,-203.78
95.887,55.574,-438.93
73.608,41.514,-410.05
93.986,-12.496,-392.39
124.48,-39.311,-243.13
73.413,-23.62,-319.46
75.473,25.463,-368.7
83.821,-85.89,-128.28
66.503,7.6539,-379.64
80.265,24.632,-357.77
103.83,-96.516,-124.69
124.15,-33.134,-231.8
112.6,-26.368,-331.5
89.386,32.769,-371.43
109.32,-107.84,-79.415
108.15,-47.589,-283.36
74.677,12.589,-340.49
121.32,-54.427,-230.73
125.65,-87.072,-109.07
79.318,-88.045,-66.035
122.96,-24.585,-261.13
78.963,-60.305,-203.1
81.841,-33.324,-319.87
114.48,-48.21,-269.93
71.106,-14.068,-341.58
79.214,-83.024,-94.717
106.96,-11.66,-380.22
115.09,-31.543,-311.79
80.711,-46.411,-269.74
79.449,-90.481,-57.585
105.96,52.964,-459.84
115.44,-53.306,-253.36
82.315,-57.638,-233.69
103.9,-96.784,-123.68
122.99,-72.021,-53.814
106.24,52.298,-502.95
126.46,-69.159,-88.35
114.99,-34.566,-175.02
108.87,18.269,-439.98
118.88,-3.7498,-313.41
68.298,74.47,-493.65
95.285,-27.686,-188.35
103.58,52.26,-519.23
72.039,1.0226,-325.22
101.36,-117.03,-45.166
70.086,5.2524,-343.76
124.89,-100.89,-65.191
56.05,54.405,-523.9
71.866,29.819,-387.5
118.35,-100.13,-92.997
101.19,23.057,-470.79
63.437,22.816,-419.02
90.267,46.987,-410.57
100.5,-66.824,-41.897
123.84,-82.074,-136.16
105.06,-18.01,-367.72
89.573,-40.191,-154.88
110.68,-84.033,-165.3
80.539,-67.086,-186.28
78.162,-68.574,-131.95
124.91,-97.162,-78.391
91.938,-43.061,-140.45
89.027,-94.852,-112.7
122.8,-28.278,-236.76
123.18,-42.949,-248.63
102.85,-69.73,-29.583
73.732,76.724,-492.54
74.827,-25.04,-323.79
110.61,-63.546,-232.55
93.705,19.484,-333.23
95.642,37.947,-513.87
113.2,6.0445,-399.87
80.246,-48.793,-258.73
71.785,-8.8856,-370.75
89.57,-18.765,-374.78
123.38,-32.282,-265.95
95.435,-68.097,-223.21
105.01,42.689,-497.59
99.285,-24.245,-357.57
111.55,-44.276,-132.17
128.82,-77.733,-92.12
74.208,-9.6361,-379.19
97.285,-14.774,-229.04
86.244,-66.722,-212.84
113.25,-0.090273,-295.1
103.22,53.737,-523.2
94.44,-5.2376,-259.93
73.972,41,-533.79
121.78,-29.167,-286.17
94.827,-111.82,-58.626
127.73,-62.594,-150.96
101.86,-60.587,-65.196
-31.162,57.747,-496.35
-35.632,56.504,-493.02
-43.38,-71.358,-154.51
-57.971,35.261,-492.5
-55.915,52.603,-517.01
-3.578,-56.676,-280.36
-39.497,31.193,-431.46
-14.213,-37.645,-370.63
-4.2906,-44.936,-312.03
-36.215,-18.815,-294.06
-33.115,-108.53,-158.58
-33.423,-97.532,-199.87
-30.378,-59.85,-159.83
-16.812,39.754,-466.63
-35.632,51.677,-480.89
-52.644,-41.577,-322.57
-27.904,-125.35,-98.803
-10.918,-66.529,-285.22
-50.907,8.8804,-396.96
-25.609,-124.05,-106.76
-44.347,-108.72,-88.073
-0.73974,-73.56,-218.71
-49.518,-73.268,-200.72
-47.445,40.076,-463.79
-9.4367,43.241,-530.11
-40.333,-104.18,-155.01
-3.3504,-63.63,-262.44
-49.183,31.487,-446.7
-14.757,24.147,-429.39
-45.531,-101.36,-105.5
-20.987,-133.28,-72.253
-19.461,-51.544,-342.43
-8.7813,29.56,-499.86
-3.8263,-37.458,-289.97
-30.725,-118.36,-123.27
-41.561,-34.975,-256.11
-30.333,34.257,-436.54
-45.815,-88.827,-190.08
-19.467,-22.691,-282.56
2.161,-89.633,-99.978
-15.109,-140.03,-45.13
-44.385,-85.7,-118.88
-11.196,-10.399,-338.47
-8.3596,-24.042,-305.49
1.2365,-112.56,-103.61
-36.55,-59.154,-171.74
-2.7621,-79.882,-111.97
-46.498,6.671,-379.35
-57.375,12.03,-449.18
-35.286,-35.917,-390.48
-10.681,4.7516,-462.27
0.7528,-91.773,-163.95
5.3026,-105.7,-42.481
3.5079,-91.827,-117.58
-21.453,-69.449,-293.53
-12.635,-100.83,-185.41
-30.275,-26.528,-267.08
-43.397,5.2479,-369.62
-43.731,51.45,-485.92
-39.01,-4.5285,-471.74
-52.34,-47.425,-279.57
-37.211,-87.524,-229.25
-35.138,-50.843,-196
-7.4276,-0.39292,-430.78
-33.549,-89.468,-61.28
2.0853,-96.922,-57.875
-25.884,65.522,-519.72
-40.684,-101.51,-164.95
-45.646,-100.28,-125.92
-35.039,42.955,-458.8
-0.5539,-69.025,-182.23
-33.163,52.519,-482.76
-44.745,-30.835,-275.75
-5.6449,-13.699,-384.57
-53.066,-41.481,-314.25
-2.5556,-72.556,-147.15
-9.272,-40.135,-349.98
-17.092,-98.214,-200.09
-7.3749,-35.884,-268.97
-16.772,22.363,-419.41
-36.654,8.6942,-506.87
-51.562,-24.239,-319.57
-28.036,-106.35,-173.44
-38.609,26.186,-418.04
-13.842,-0.5814,-360.48
-46.591,-16.506,-429.54
-10.548,9.2863,-401.69
-34.82,-73.782,-119.08
-29.635,-62.52,-316.44
-13.8,-12.8,-323.29
-4.996,-24.115,-359.34
-34.834,-67.87,-139.28
-33.47,-90.1,-226.24
-55.066,21.06,-442.61
5.9192,-108.03,-37.575
-17.926,0.24669,-354.12
-9.5222,-21.654,-396.2
4.5945,-98.803,-83.226
-42.373,-109.84,-115.39
-15.009,-25.442,-403.61
-11.299,-56.857,-179.06
-31.789,-63.293,-313.47
-53.608,54.092,-511.99
-19.136,-21.315,-287.25
-38.062,-22.03,-426.48
-8.4942,30.576,-490.94
-52.243,-45.9,-279.43
-42.11,-69.005,-156.33
-16.686,-8.7818,-448.43
-49.254,-27.934,-299.09
-10.88,-37.797,-361.35
-14.985,-34.646,-380.09
-42.874,-116.66,-63.031
-12.422,-56.171,-179.24
-10.195,-70.484,-127.53
-16.859,-43.669,-359.99
-51.666,-52.057,-261.66
-8.9863,0.20505,-443.52
-50.804,-62.716,-252.92
-34.249,-30.968,-256.42
-6.8666,-15.166,-344.71
-15.386,-40.356,-366.04
-48.584,-77.195,-216.14
-53.067,-40.999,-317.07
-56.391,4.738,-419.38
-37.799,67.642,-521.65
-14.023,48.192,-498
-44.65,-42.436,-243.22
-28.626,0.40976,-485.38
-5.5474,-84.074,-81.625
-55.675,33.821,-473.96
-12.46,30.335,-454.42
-49.203,-24.571,-399.49
0.21092,-92.528,-67.375
-9.9359,-89.839,-214.88
-29.305,-90.457,-48.318
-0.092018,-77.26,-204.42
-42.491,-69.501,-156.31
-13.07,5.3114,-472.64
-26.342,-25.7,-269.04
-49.041,56.283,-505.84
-1.8749,-57.539,-223.48
-19.895,-113.72,-147.88
-37.365,-47.763,-209.48
6.2439,-109.15,-36.634
-22.345,-77.117,-91.162
-52.709,-44.955,-304.96
1.8386,-112.98,-98.993
-12.37,-67.183,-286.87
-11.968,-92.327,-33.378
-47.544,4.3037,-483.75
-42.192,-15.449,-439.89
-24.264,-57.004,-166.11
-30.046,67.756,-522.41
-45.924,-30.453,-280.29
-9.9936,-137.47,-50.557
-39.283,-128.33,-41.86
-47.87,-71.075,-250.19
-35.133,24.464,-411.57
-42.14,-85.515,-106.11
-16.946,-14.841,-310.46
2.7257,-86.888,-137.8
-49.381,-41.971,-264.15
-32.081,-136.07,-42.816
-12.468,-49.929,-202.3
-10.273,-67.139,-281.82
-10.396,-30.138,-378.94
4.4339,-101.83,-103.16
4.3735,-102.07,-103.84
-5.1286,-90.224,-55.339
-27.566,-31.284,-251.78
-44.086,44.5,-469.33
-7.9434,-15.521,-336.34
-17.79,-42.969,-363.37
-20.562,-49.975,-191.7
-12.236,18.316,-421.15
-17.183,-76.742,-267.54
-17.228,-77.671,-89.374
-50.566,-62.761,-257.99
-18.726,56.089,-505.92
-22.689,-79.181,-83.357
-45.753,-94.434,-162.71
-52.323,-48.226,-297.17
-0.16444,-71.389,-174.8
-46.247,-5.2333,-348.11
-42.663,-34.084,-261.23
-8.4107,-87.182,-219
-44.427,-68.666,-275.72
-7.2139,-91.734,-43.336
-8.9793,-82.63,-234.08
-33.813,57.997,-496.6
-0.24405,-118.78,-91.367
-12.551,15.269,-411.2
-29.69,-45.135,-366.37
-28.347,-19.911,-286.53
-29.488,-44.86,-367.13
-29.668,-84.412,-248.63
-4.8128,-51.818,-222.62
-41.208,-73.687,-268.1
-12.534,51.043,-512.53
-43.36,-114.51,-64.376
-23.364,10.309,-376.03
-51.248,-18.679,-331.26
-25.317,-92.381,-223.53
-45.037,-97.395,-97.05
-7.8352,-17.038,-398.61
-33.708,-33.734,-397.22
-35.944,-70.465,-288.03
-15.852,-14.42,-432.88
-7.3963,-74.995,-251.18
-43.862,-52.212,-331.08
-24.999,-42.527,-215.68
-42.336,49.226,-478.93
-10.874,-72.465,-268.41
-12.854,13.312,-404.48
-11.103,-108.7,-156.31
-3.8863,-59.953,-194.75
-59.418,45.107,-529.66
-0.33161,-79.061,-202.96
-47.973,-83.576,-161.4
-36.717,-78.104,-262.28
-30.033,-82.006,-80.507
-19.652,-50.45,-345.67
-13.176,-37.934,-367.42
-27.686,29.348,-424.68
-8.0985,21.34,-476.13
-47.902,-70.754,-251.25
-42.664,1.1196,-357.54
-37.883,-95.901,-197.02
-57.441,50.797,-520.6
-50.68,8.6324,-395.6
-4.1975,-30.336,-336.89
-38.625,-78.923,-112.34
-17.311,-31.475,-392.77
-31.37,-119.37,-117.89
-44.241,65.436,-520.89
-18.965,-49.69,-193.82
-52.612,-43.379,-289
-48.824,45.606,-479.78
-7.5928,10.136,-426.11
-39.245,-76.899,-121.05
4.8646,-118.78,-62.542
-44.701,-64.545,-180.4
-50.478,-48.625,-255.3
-19.99,25.442,-537.42
-55.779,16.09,-436.09
-11.74,-86.26,-59.018
-4.5507,-55.973,-207.33
-10.935,-110.65,-149.35
0.52635,-73.895,-172.13
-7.7417,-19.736,-391.98
-42.298,-112.47,-35.534
-30.26,-48.17,-199
-46.488,-87.476,-133.1
-32.597,-27.224,-415.09
-51.348,23.209,-525.47
-10.84,4.0293,-461.34
-7.9384,-82.036,-83.935
-15.563,-68.322,-289.78
-25.219,8.9712,-504.24
-20.492,8.2178,-373.29
-46.719,-87.985,-185.16
-47.877,-79.1,-165.46
-26.303,-54.992,-173.68
-57.375,35.789,-488.47
-32.451,-23.871,-276.16
-53.533,-20.818,-340.83
-39.656,-117.91,-94.457
-58.11,44.164,-511.22
-23.058,-47.38,-357.5
-37.439,28.197,-422.36
-51.51,3.063,-385.07
-34.849,56.526,-492.94
-56.763,50.497,-516.26
-49.672,-33.15,-287.81
-15.117,-2.6616,-351.06
-23.469,20.436,-530.54
-11.046,25.185,-509.45
-46.426,-55.602,-213.48
-30.821,-75.425,-105.6
-46.411,-84.103,-206.59
-9.5198,-66.35,-281.88
-0.94045,-76.646,-213.74
-38.362,-6.5135,-467.05
-48.926,37.819,-461.33
0.008361,-98.71,-150.66
-1.0913,-128.2,-63.489
5.3519,-103.48,-81.334
-9.0494,-32.262,-368.64
-5.3442,-88.088,-64.278
-25.629,-96.903,-208.21
-49.567,45.63,-481.41
-1.4616,-72.916,-153.16
-8.1468,-60.794,-292.52
-23.762,-87.928,-50.415
-55.664,-6.643,-416.83
-8.7129,-3.317,-372.02
-31.687,-65.397,-307.19
-6.3912,-46.585,-234.41
-43.586,22.21,-536.85
0.66032,-76.241,-159.53
0.78581,-124.62,-68.121
-58.565,30.913,-495.75
-7.0868,7.3513,-425
-16.644,26.072,-531.64
-51.157,-60.069,-245.42
-38.348,-47.328,-212.71
-35.392,-74.333,-118.53
-49.398,-50.069,-317.97
-48.102,-79.208,-212.54
-16.827,-59.664,-316.29
-12.541,-46.415,-214.83
-56.717,31.3,-474.51
-56.902,26.25,-465.38
-41.322,-97.125,-180.66
-5.8147,-77.532,-109.78
-16.862,-33.68,-386.27
-7.0502,8.3775,-435.33
-45.329,6.4753,-493.4
-55.835,24.177,-510.91
-33.279,-18.648,-437.61
-55.11,-19.206,-368.33
-56.332,13.073,-434.18
-4.4251,-94.016,-40.366
-38.918,-31.417,-400.12
-13.853,-70.637,-120.52
-1.4413,-81.539,-111.55
-29.393,45.628,-466.06
-51.004,-55.937,-283.31
-7.4351,-88.48,-212.28
-24.465,50.489,-482.16
-0.60807,-68.361,-226.77
-28.677,-79.164,-265.84
-12.835,12.916,-403.39
-30.185,6.0968,-361.3
-29.87,-40.698,-378.69
-7.875,-136.14,-52.297
-44.998,-98.18,-95.19
-24.299,-3.7274,-335.3
-51.251,-23.77,-393.88
-2.962,-54.734,-279.52
-32.992,-74.716,-277.56
-46.164,-96.959,-118.64
-33.212,-11.905,-311.46
3.9842,-109.4,-93.591
-28.853,-26.215,-267.59
0.80261,-97.78,-148.15
-3.6503,-59.378,-274.59
-4.8217,-54.641,-293.34
-37.59,-85.952,-85.543
0.62762,-123.37,-72.863
1.4193,-88.563,-165.25
-57.134,16.124,-476.17
-50.482,49.421,-492.51
-28.812,-76.484,-274.22
-2.2965,-97.296,-166.75
-6.1233,-73.301,-251.24
-9.6964,31.18,-472.42
-13.751,26.258,-438.32
-54.228,-7.9368,-373.75
-0.46209,-72.518,-164.69
-15.94,-49.651,-342.33
-3.7266,-45.057,-306.63
-12.725,0.84007,-368
-21.909,-6.2216,-463.21
-56.252,-3.8569,-415.66
-29.184,-86.133,-63.975
-30.178,-7.1492,-324.01
-34.873,8.4635,-369
6.232,-110.45,-62.992
-33.879,-85.702,-75.36
-37.742,-51.055,-345.15
-11.093,22.34,-503.44
-28.96,-72.787,-285.63
-15.929,-131.61,-78.374
-12.475,-140.33,-42.353
-21.419,-3.1808,-470.07
-20.16,-140.06,-45.124
-29.406,30.918,-428.11
-57.76,44.102,-508.43
-39.255,-12.535,-450.7
-55.924,16.022,-436.96
-16.212,-34.148,-250.12
-44.988,6.3466,-493.57
-12.966,-4.2304,-449.93
-0.84255,-70.776,-169.47
-43.817,-99.227,-157.07
-21.763,-15.439,-440.1
-47.479,-55.034,-220.29
-25.105,-54.099,-340.06
-7.4608,-136.4,-50.651
-15.829,-92.891,-215.97
-21.942,-19.434,-290.25
-22.349,60.945,-512.15
-3.0754,-42.024,-301.95
-42.452,-87.754,-213.57
6.9873,-118.6,-41.702
-46.651,-86.03,-137.78
-32.905,29.088,-423.02
-29.638,-88.39,-56.496
-39.74,-54.052,-333.55
-2.4799,-76.534,-224.94
-22.721,-123.86,-109.28
-30.984,-25.69,-269.91
-42.772,-57.926,-192.21
-1.4813,-57.572,-230.24
-4.723,-54.373,-293.4
-6.7812,4.4179,-425.62
-45.644,22.128,-416.59
-36.159,-55.501,-182.79
3.6847,-93.509,-102.99
-10.478,24.841,-505.53
-4.2126,-52.739,-221.1
-11.194,-133.96,-109.55
8.2644,-2.2042,-414.1
-23.719,57.188,-526.36
-7.0123,-81.391,-118.31
-1.863,41.817,-499.37
-11.706,-122.6,-154.33
10.991,-37.016,-366.47
4.723,-120.42,-156.77
3.4821,-42.063,-267.47
-10.278,6.8027,-396.03
-19.397,-33.877,-283.97
-39.639,-12.218,-414.56
-34.964,-25.958,-344.5
17.454,-100.64,-85.921
9.2749,-4.118,-446.82
13.584,-92.709,-102.15
-4.95,-90.998,-80.881
-26.639,-1.1091,-383.58
-35.382,-10.112,-463.83
14.631,-97.421,-84.923
4.7273,-93.677,-74.525
-22.219,-87.746,-264.28
-17.886,-46.281,-394.42
-11.293,-32.31,-283.97
8.0091,14.316,-494.61
11.008,-26.587,-385.98
14.544,-72.945,-199.44
-6.5945,-137.22,-100.59
-36.706,5.6825,-502.68
-32.748,-83.818,-223.69
22.744,-119.45,-71.671
-39.414,-9.3717,-441.05
10.255,-29.963,-335.66
-35.561,-42.52,-309.92
18.505,-90.966,-167.26
-5.2198,-70.118,-159.81
-14.313,-51.5,-381.01
20.063,-101.12,-128.65
-37.316,-17.27,-378.27
-30.208,-86.84,-238.52
-22.86,-57.899,-356.79
-4.5978,-92.769,-73.879
-23.268,-115.36,-39.443
-6.3067,-138.84,-94.243
-13.915,-94.589,-252.23
3.7406,43.964,-523.21
-25.783,-60.132,-219.11
16.596,-116.63,-133.19
-42.012,23.978,-506.49
-10.373,-18.212,-467.47
-33.345,-70.84,-229.87
9.7313,-9.588,-431.54
-22.258,-55.973,-222.81
-27.79,-50.047,-254.09
-26.511,-125.38,-68.486
4.6731,-88.381,-96.505
0.65716,-133.7,-113.61
-12.577,-120.23,-162.56
7.2967,-94.256,-235.13
2.5893,-81.988,-119.72
-22.912,-137.35,-49.4
4.9383,-108.43,-196.49
-5.249,-148.81,-54.216
-25.334,-40.522,-403.3
-9.6024,7.5609,-530.97
-1.6711,-67.733,-170.19
-9.7655,-46.62,-239.58
-38.349,-23.711,-403.83
-11.011,-46.101,-241.39
-29.114,-101.18,-122.72
-32.732,-30.892,-322.33
2.5471,-88.363,-93.89
4.3589,15.063,-519.8
9.1755,-28.867,-397.24
-2.5927,6.6024,-403.2
-41.784,26.207,-504.77
10.184,-14.19,-392.93
0.086092,-54.737,-218.44
9.2872,1.3507,-454.54
-23.399,49.507,-506.99
-8.0428,-20.313,-320.44
-36.879,-35.358,-336.69
-18.452,33.488,-464.68
-8.4048,-109.88,-202.8
-28.466,-82.433,-165.1
-34.655,-33.648,-324.45
-14.627,-27.885,-297.88
8.7978,-111.19,-178.96
-16.668,-75.304,-150.1
-3.45,-68.177,-329.39
3.9936,19.51,-455.61
1.4995,-125.17,-144.28
-21.67,-68.413,-326.94
3.1815,-103.71,-214.74
-32.267,-7.9107,-479.18
-25.809,-83.037,-150.43
7.6656,-42.8,-371.86
5.1492,40.965,-522.5
15.011,-96.196,-92.706
9.0925,-54.27,-242.32
-13.509,-103.27,-44.759
7.1539,11.812,-497.59
7.1816,-49.387,-357.36
-17.634,-24.837,-308.43
12.668,-44.588,-333.4
-21.079,-37.17,-417.36
-36.659,-40.476,-324.62
-13.901,-19.508,-321.95
5.59,-86.078,-107.56
-38.224,-2.6315,-471.93
-12.961,-43.305,-250.77
3.3515,-4.6121,-384.24
-25.709,-107.66,-77.254
-39.217,20.107,-532.04
-35.359,-3.4051,-482.51
-13.906,-90.656,-91.294
8.266,-83.147,-264.4
-26.776,-122.95,-84.899
15.095,-90.537,-213.88
2.1343,7.5478,-415.92
-21.76,-71.281,-174.01
10.941,-19.508,-387.56
-7.1232,-2.3205,-372.82
17.039,-109.82,-37.013
-21.681,-21.246,-459.25
5.7657,20.007,-465.13
10.86,-23.709,-365.4
9.8865,-26.828,-396.82
14.029,-54.496,-284.04
8.028,-128.24,-123.43
-27.822,-92.959,-132.02
-23.131,51.307,-511.3
-4.3278,-4.2407,-495.89
10.507,-67.606,-297.68
-23.413,-114.47,-159.7
-15.463,-70.209,-327.12
-4.6011,-92.025,-76.782
8.971,-98.696,-217.24
-20.615,-101,-72.607
7.4978,-12.213,-377.39
-23.665,-49.14,-246.12
-9.9779,-126.18,-142.03
-25.404,-91.226,-243.99
-4.2402,-117.81,-174.49
-10.449,-7.3755,-356.69
-8.1665,-111.43,-197.42
-11.439,37.17,-475.13
-6.1158,-19.873,-459.74
4.0956,-70.363,-311.01
-19.959,-52.115,-230.41
-26.138,-127.02,-46.771
-29.903,-101.2,-133.58
2.1284,-39.593,-272.73
13.387,-48.173,-302.58
1.9526,-32.027,-416.13
7.9383,23.227,-496.08
-10.879,-76.536,-309.3
1.3243,-69.561,-318.82
-24.039,-69.398,-320.08
-2.4114,-67.638,-329.72
-19.382,-118.22,-157.96
-14.425,9.3379,-538.32
-23.296,13.35,-416.53
-27.397,-53.111,-362.95
-8.7104,-5.0479,-499
-41.686,39.396,-528.57
-30.822,-50.631,-361.13
20.924,-110.83,-63.442
-30.472,-83.549,-175.35
-27.102,-54.154,-360.47
13.116,-45.219,-322.08
-7.3835,-141.44,-82.901
17.238,-136.2,-68.878
-23.94,-89.842,-121.62
-3.9409,-17.993,-330.6
-37.23,-11.811,-450.72
-32.553,-50.973,-353.46
-13.807,-19.703,-321.36
0.08506,-49.092,-376.28
-28.59,-113.28,-113.23
-8.4107,8.8566,-533.04
-35.943,-30.169,-402.4
-26.275,-125.63,-75.579
9.3198,-0.31853,-432.39
-10.962,-4.9715,-363.28
-26.813,-17.295,-341.3
-25.566,-19.166,-461.01
5.8812,-125.84,-135.93
-27.212,38.677,-483.86
10.554,-61.256,-222.49
-28.007,-98.948,-117.45
11.744,-129.19,-111.15
10.88,-45.998,-347.8
-30.004,-99.017,-184.94
4.8677,-5.4881,-386.62
-14.007,-105.79,-36.755
5.7087,-83.476,-118.54
-19.932,11.647,-409.52
-8.1501,-80.664,-296.48
19.414,-120.83,-104.43
6.2261,-41.302,-277.48
-30.479,-68.052,-215.37
-30.971,-4.8212,-382.92
8.447,-84.975,-118.44
-35.988,35.554,-493.77
-15.554,-85.558,-112.49
-38.731,-25.047,-383.32
23.557,-122.32,-50.992
-39.23,-1.1748,-426.77
-5.7567,8.2202,-403.43
-35.675,-13.882,-376.74
9.5265,-3.0237,-425.69
-33.849,-60.391,-256.58
-31.565,-11.679,-470.69
-10.869,3.703,-387.32
-19.483,16.261,-421.23
-10.122,-25.85,-303.36
-27.478,-117.81,-109.29
3.3094,-79.272,-287.79
2.8896,-97.576,-234.42
-39.206,-18.905,-399.8
-26.423,23.83,-446.36
-6.7457,7.7666,-528.48
18.622,-97.166,-166.17
7.4207,21.999,-515.2
15.684,-72.521,-245.59
-27.921,-117.24,-91.09
-4.3043,-0.025893,-506.11
5.3337,-102.38,-38.809
6.5297,-29.765,-316.8
6.3893,-65.857,-190.14
12.851,-58.325,-248.4
-15.647,-118.05,-166.73
1.9027,-39.078,-273.96
-9.1587,-87.151,-98.059
-20.593,-85.441,-274.85
12.56,-62.425,-298.82
-0.023818,-149.25,-53.668
6.0825,-34.222,-398.81
-38.482,-17.538,-423.98
11.447,-25.578,-372.95
-28.48,-69.774,-307.8
6.3556,-72.626,-299.1
11.896,-42.867,-301.96
-13.515,16.069,-419.76
-24.889,44.099,-494.75
-22.574,-101.62,-78.368
-20.14,-28.536,-441.12
-25.387,-111.87,-161.28
-13.298,-69.969,-328.52
20.475,-103.82,-110.21
-19.489,-26.866,-304.25
-21.841,-114.73,-33.574
4.9974,-14.514,-359.63
-24.005,-98.91,-220.18
-30.242,-101.99,-161.79
-25.682,-108.16,-75.677
-11.216,-21.49,-316.04
-33.374,-46.991,-285
12.327,-56.663,-250.98
6.0359,-46.604,-258.79
-13.304,-89.037,-270.46
3.079,-116.79,-171.74
10.659,-43.749,-354.34
15.785,-91.133,-207.58
-37.577,0.12398,-418.6
10.777,-47.633,-344.74
-21.624,-1.4192,-376.4
10.437,-89.176,-106.08
-20.459,-82.074,-135.45
11.845,-80.849,-147.76
9.1563,-124.1,-135.28
-35.851,-48.18,-341.87
-29.479,-35.407,-299.3
-11.287,-34.077,-278.63
8.178,-45.197,-363.88
-2.2021,-54.325,-365.95
-9.1843,7.0803,-397.39
-40.339,19.355,-477.34
10.118,-110.74,-176.73
-32.246,38.147,-490.65
10.6,-63.627,-213.46
-26.877,-79.765,-279.47
13.923,-69.9,-271.44
-10.056,-3.6817,-367.21
7.255,25.102,-522.68
-9.3748,-140.83,-83.395
-21.432,-82.417,-137.01
-22.639,-3.1782,-505.24
-26.463,-123.18,-52.471
-38.239,3.6948,-430.22
7.1866,-31.649,-313.15
-25.812,-84.454,-146.15
-5.7604,-12.181,-345.81
12.822,-42.381,-331.73
20.104,-107.02,-76.157
-8.8483,-54.466,-214.02
-9.4239,-141.58,-80.198
-37.199,-27.438,-402.66
-14.599,-125.36,-139.47
13.296,-76.092,-261.47
-13.061,-90.26,-266.68
-0.83244,-75.967,-139.93
2.2846,-104.73,-212.88
-31.125,-19.342,-450.94
-2.7786,-57.341,-358.56
-18.799,-109.08,-38.951
-41.295,22.889,-525.4
-22.731,-68.54,-185.15
10.779,-76.522,-161.79
-17.792,-123.58,-139.98
-41.397,15.351,-497.57
15.757,-103.05,-63.428
0.97251,-14.344,-461.6
1.6162,-78.329,-133.07
-29.792,10.929,-534.08
10.207,-95.749,-76.429
-16.059,-84.878,-281.92
-28.326,-113.89,-96.133
-17.862,-83.632,-123.88
4.8546,-126.94,-133.69
13.784,-82.507,-242.5
-23.017,-88.601,-259.67
17.604,-112.13,-140.42
-33.929,-73.135,-235.13
-27.682,-21.027,-453.1
18.732,-107.27,-144.65
-38.464,21.531,-470.92
4.4071,36.594,-505.52
7.434,4.1366,-479.65
-40.393,19.379,-522.54
-22.91,-123.05,-123.37
-12.367,-24.103,-308.4
7.7361,-68.551,-183.51
5.603,37.067,-514.03
-9.8344,-123.73,-151.59
-16.419,-103.63,-50.412
5.7121,-125.14,-138.69
-32.984,-14.118,-365.44
-9.3702,-20.336,-461.49
-29.622,-70.384,-204.6
-30.312,-76.148,-193.02
-11.362,-88.057,-274.15
-13.53,-47.701,-391.5
0.43647,-80.94,-287.99
12.39,-47.46,-288.6
4.5179,30.42,-488.54
-2.1323,-14.465,-467.52
18.669,-97.855,-113.48
-12.373,-62.306,-189.16
-20.95,-40.564,-408.19
8.6853,-80.233,-271.16
-40.452,-1.4579,-446.08
2.4331,-53.806,-359.24
13.12,-95.384,-87.774
17.529,-86.409,-196.86
-39.616,-5.7595,-450.88
-40.538,5.5315,-477.09
-15.593,-25.786,-449.66
-14.814,-127.49,-130.38
-23.181,-9.508,-356.44
-12.34,-136.09,-98.944
-10.025,-66.512,-173.4
-3.645,23.657,-447.88
18.194,-132.67,-76.043
-36.685,40.701,-507.92
-35.858,14.199,-443.59
-36.814,-47.193,-320.1
-35.655,-59.649,-289.7
3.0049,-35.964,-286.42
-41.277,25.596,-497.78
11.671,-32.684,-366.53
-30.72,-91.906,-159.35
-19.353,-104.29,-57.078
-27.251,-49.814,-373.08
20.482,-105.26,-124.17
-24.28,-111.34,-57.406
-7.4923,-67.38,-334.9
-16.888,-127.3,-126.62
-9.7304,-63.295,-347.47
-19.371,9.0578,-537.96
14.389,-111.07,-160.35
3.1966,14.328,-438.23
24.162,-127.46,-39.055
3.2578,-80.745,-283.68
-33.462,-77.782,-222.14
0.21983,15.863,-434.24
6.9432,-147.32,-55.721
-16.016,-9.6521,-350.39
15.215,-100.85,-71.373
-15.239,-56.906,-209.36
-17.703,-61.115,-198.79
9.9712,-22.573,-359.58
-22.205,-2.8702,-506.31
4.7158,-50.927,-240.25
8.5621,14.362,-475.7
-34.58,-65.029,-255.93
16.026,-133.81,-81.524
8.4551,-107.07,-192.94
-38.973,-16.185,-422.83
-3.9001,-110.55,-199.7
10.295,-104.5,-38.08
-4.472,-43.19,-398.41
-9.8968,28.585,-453.95
-9.7801,-1.1048,-374.52
1.7689,-103.17,-32.763
-34.343,-60.402,-261.16
4.2272,-12.735,-456.42
16.642,-99.45,-180.58
7.1409,-149.48,-47.344
-31.938,0.31087,-398.27
28.407,-138.2,-119.52
-2.4828,-56.343,-398.08
-17.472,-66.624,-330.05
-14.074,-63.536,-356.84
30.597,-76.785,-226.28
19.081,-68.897,-212.06
26.966,-143.77,-103.94
-10.289,-15.45,-499.67
11.777,-86.902,-139.68
-15.293,-65.333,-346.42
29.665,-105.43,-216.96
-5.2762,-84.255,-169.83
-17.602,-69.817,-317.3
6.4585,-28.282,-471.73
-11.936,-118.73,-154.16
32.211,-137.64,-108.59
-7.3859,14.162,-449.13
24.691,14.012,-510.89
-17.923,-77.25,-258.96
-5.4608,-116.47,-65.876
32.754,-86.845,-202.97
-16.191,-63.803,-347.3
11.187,-121.36,-202.32
16.899,-37.082,-436.77
15.133,-47.041,-279.64
-15.914,-20.931,-376.78
31.35,-106.98,-92.203
-15.714,-97.601,-201.17
-0.079164,-87.137,-310.11
-12.223,-103.98,-141.99
7.5363,-80.256,-164.7
-21.167,-45.458,-358.69
24.713,-15.04,-407.74
12.256,25.941,-483.59
3.3317,-50.514,-415.48
-14.181,-56.077,-379.47
-10.743,-46.804,-294.52
37.641,-138.69,-76.93
36.889,-137.71,-84.798
-10.259,-32.896,-453.72
-0.7972,-128.81,-165.08
-10.811,-124.65,-83.334
6.3435,-71.996,-193.87
-22.122,-13.528,-423.2
-11.386,-86.126,-185.75
14.126,-80.106,-327.61
22.118,-9.0628,-412.45
36.007,-112.27,-100.33
-5.374,-119.41,-56.124
6.8205,-89.708,-304.4
3.7777,-110.06,-60.189
-9.5301,-136.94,-69.616
-13.246,-113.35,-137.89
7.4255,-148.5,-98.144
18.671,-68.575,-212.52
32.782,-125.05,-145.27
20.172,-94.175,-117
-0.78604,-63.802,-378.17
8.7599,-46.68,-423.27
-17.528,-60.413,-351.27
-22.074,-8.2446,-433.95
-2.3434,6.916,-427.25
29.337,-63.856,-321.57
1.2795,-20.83,-351.51
-11.42,-108.13,-125.14
16.577,4.489,-434.2
-10.711,-128.1,-78.534
31.075,-104.85,-100.93
-18.032,-42.424,-332.41
-0.86874,-105.36,-87.344
26.377,-83.315,-290.97
36.777,-116.04,-87.376
6.6895,-97.913,-100.93
-18.113,-77.358,-274.75
-22.014,-9.2094,-483.42
2.4572,-27.192,-476.05
28.89,-139.17,-114.82
14.94,-125.09,-187.61
32.166,-78.95,-257.09
5.6431,-54.102,-405.37
-13.266,-39.738,-429.44
14.707,-45.423,-419.72
13.953,4.6026,-543.42
26.607,-19.886,-432.99
5.7074,-82.621,-157.39
31.128,-83.327,-264.23
14.531,-137.51,-143.29
39.328,-127.38,-77.431
21.423,-79.348,-177.77
23.587,14.62,-490.89
14.997,-70.193,-353.98
34.809,-99.874,-161.49
22.627,-58.105,-258.01
30.172,-58.429,-312.4
1.2427,-97.237,-279.59
-24.946,16.775,-538.57
9.073,-57.512,-241.61
-3.5134,-41.601,-437.49
25.42,-112.28,-211.85
-5.9825,-104.15,-107.7
23.652,-127.11,-168.7
-22.018,-34.616,-396.9
2.5191,10.167,-434.9
33.293,-87.054,-222.64
3.0842,-20.794,-492.04
-5.6098,-75.408,-198.65
-20.699,-49.591,-342.81
31.776,-87.439,-249.48
-0.52278,-57.732,-244.96
27.113,-60.542,-267.03
-16.774,-13.875,-396.98
-19.303,-38.068,-413.13
-7.8761,-134.48,-110.5
-5.1009,-60.244,-384.86
8.3669,-80.326,-164.14
10.018,-72.63,-191.11
-17.225,-73.761,-305.54
-2.949,-0.37556,-543.87
-13.092,-78.205,-216.1
1.033,-100.86,-267.81
7.3424,-32.233,-461.23
23.191,-71.861,-210.29
9.3901,-92.306,-295.92
-13.79,-12.483,-392.23
-14.929,-37.605,-331.28
25.038,-31.628,-356.12
-5.0366,-117.58,-198.77
24.293,-16.803,-459.87
34.827,-104.38,-182.12
-4.0834,-97.791,-271.5
-12.819,-44.961,-415.73
1.6335,-6.4597,-390.89
25.6,-0.052334,-473.27
9.2213,-53.363,-405.38
19.089,-94.729,-113.42
4.499,-13.811,-508.97
-8.4173,27.459,-483.09
-9.3728,-138.15,-61.038
19.629,-113.55,-220.4
-13.722,-88.077,-275.69
-18.775,-5.0102,-425.16
24.005,-145.43,-104.02
-15.709,-92.392,-202.38
-10.028,-102.28,-132.15
-4.3437,-4.8562,-531.94
2.9717,-63.17,-381.01
-15.187,-82.524,-217.64
30.238,-59.604,-303.61
-15.861,-85.387,-217.06
-18.084,-47.901,-389
17.881,16.61,-470.47
-20.345,-37.769,-407.3
-23.442,-8.5845,-472.91
14.117,20.604,-472.65
16.379,-131.14,-165.27
23.544,-92.651,-274.59
-12.058,-108.89,-128.72
26.86,-71.889,-223.03
-14.058,-105.02,-159.53
32.429,-143.94,-87.085
34.591,-104.12,-185.71
-7.6581,-110.65,-94.607
21.637,-72.476,-334.92
8.3538,-151.04,-88.635
30.138,-58.488,-307.44
-1.3813,-48.765,-419.41
9.6581,-121.83,-200.89
-9.49,4.3778,-427.02
26.03,-45.807,-313.77
-18.301,-27.096,-370.56
-19.749,0.19849,-520.59
-15.458,-97.281,-220.89
28.968,-149.32,-79.402
-7.4575,-13.294,-378.82
-7.407,-63.69,-238.41
-6.2243,-142.87,-79.314
20.292,-8.1255,-497.06
-17.479,-78.257,-249.68
21.201,-25.785,-452.9
0.71825,-106.41,-249.22
10.072,27.075,-483.57
-17.482,-17.489,-390.55
-19.996,-42.859,-344.61
-15.827,-56.396,-372.65
-17.885,32.247,-510.21
23.322,-55.613,-373.4
-13.401,-113.94,-152.95
34.74,-101.64,-187.12
26.671,-57.818,-353.62
33.86,-107.45,-186.16
-13.232,-111.77,-175.5
22.919,21.496,-506.34
31.155,-101.66,-116.42
25.578,-125.53,-169.46
23.778,-48.843,-293.38
38.796,-126.32,-90.799
19.287,37.761,-533.27
-16.026,-83.701,-276.94
-7.1196,-1.9101,-537.94
-21.686,-33.416,-380.8
-13.31,-35.768,-440.36
34.336,-136.55,-102.66
28.385,-79.226,-201.13
34.849,-140.24,-88.686
37.035,-117.09,-130.86
-7.7397,-66.463,-231.02
4.33,-101.04,-269.17
-10.831,44.628,-527.92
17.368,-90.413,-293.84
-6.892,-116.44,-72.911
15.939,-16.457,-488.85
30.381,-78.506,-216.86
-19.387,-64.657,-313.54
-13.607,-109.24,-184.33
8.481,-0.69232,-408.66
-7.3988,-87.443,-299.07
-22.218,5.9711,-526.19
-19.566,-6.9038,-501.67
-17.879,-35.222,-428.39
14.539,-4.5199,-520.29
24.46,-131.24,-153.03
-17.183,5.1284,-444.12
7.4071,-125.27,-188.28
-16.489,-84.378,-269.54
12.456,-7.4091,-394.17
4.1416,-83.577,-322.65
-7.4295,-101.9,-120.75
0.64603,-42.606,-289.42
8.8682,-21.43,-350.99
-4.1377,18.469,-457.5
-6.1666,-44.805,-426.73
-20.155,-10.603,-489.04
29.405,-57.649,-332.67
38.68,-124.48,-93.529
-13.032,-54.595,-387.23
-11.296,-80.708,-200.87
28.009,-41.309,-378.69
-20.687,-31.797,-373.62
12.585,-53.611,-255.96
-9.2429,-136.95,-44.88
18.88,-2.7687,-514
-23.295,-3.3344,-453.72
23.988,-4.3537,-436.16
2.0906,-153.96,-64.775
-5.3748,1.0128,-413.97
-12.082,-86.187,-189
-0.81103,-58.833,-392.09
35.383,-102.7,-170.23
-19.538,-10.058,-416.34
15.959,-111.74,-231.07
-15.857,-38.638,-425.64
29.914,-112.95,-194.32
-4.3172,-120.2,-48.826
21.926,-58.077,-371.64
34.251,-120.39,-150.28
5.2899,-116.52,-218.28
36.618,-117.83,-135.76
-0.11602,-142.28,-110.39
25.528,-44.925,-389.96
13.843,-40.961,-297.17
-0.096676,-139.88,-120.83
-15.081,-30.705,-349.46
26.594,-15.354,-430.12
37.178,-119.64,-70.066
36.638,-121.46,-53.396
-5.6856,-116.08,-202.66
-12.285,-48.543,-294.03
34.002,-109.74,-94.612
-12.112,-121.57,-129.84
27.544,-30.189,-401.98
-21.837,-37.074,-389.72
-17.481,-50,-311.18
7.834,-125.84,-186.38
27.456,-26.838,-401.03
14.259,-68.495,-207.45
25.716,-3.0649,-470.89
32.309,-79.41,-252.41
-8.2416,-83.731,-309.19
24.124,-95.639,-118.09
-5.4793,-111.45,-220.79
-16.15,-79.069,-233.42
-4.0687,35.032,-498.91
24.454,-44.63,-310.2
27.594,-98.495,-245.03
-18.633,37.108,-523.64
-21.614,-20.919,-403.84
32.611,-114.9,-60.367
24.029,-3.0667,-440.36
21.588,-87.874,-144.67
-8.8529,-108.39,-107.73
32.343,-79.079,-246.71
-19.661,-56.452,-315.17
-7.7544,35.963,-503.5
0.091845,-115.85,-48.027
21.85,-70.619,-339.29
-8.3366,2.8231,-421.63
24.594,-47.277,-301.87
21.006,-71.405,-206.67
23.64,-92.237,-131.17
34.279,-107.75,-107.38
26.842,-85.747,-167.48
-4.4876,-147.05,-69.82
15.637,-136.65,-145.88
-18.58,-67.969,-314.08
1.8577,-140.37,-123.29
0.46831,-113.49,-55.294
35.689,-146.77,-64.171
-12.69,-78.412,-313.82
4.4116,-82.351,-159.43
5.1551,-42.669,-435.71
-12.999,-26.709,-465.61
20.326,-99.071,-263.45
27.88,-35.367,-389.42
34.596,-128.98,-123.97
-25.413,26.898,-532.14
22.523,-80.684,-310.5
-3.5179,26.01,-476.12
-5.3484,-66.358,-366.96
15.752,-133.03,-158.98
17.632,-160.79,-52.311
5.1701,-66.844,-211.63
23.306,2.3807,-452.1
3.1551,3.9233,-418.64
-10.949,-51.801,-400.19
24.63,-97.818,-256.86
-19.538,-50.813,-324.1
2.6808,-11.528,-377.02
-13.044,-113.97,-133.04
-17.212,-19.52,-384.62
7.9417,-15.588,-367.07
-3.5333,-134.83,-132.11
30.337,-93.227,-246.23
6.4991,-76.692,-342.56
17.298,-14.275,-382.78
2.4179,-148.97,-87.691
-0.68356,-92.577,-292.72
-0.40662,-22.3,-348.1
15.318,-108.24,-242.83
21.974,-141.54,-121.45
-5.8686,-115.44,-71.021
29.033,-84.574,-275.53
-15.442,-87.816,-207.78
-19.107,-63.623,-325.13
6.3648,-97.526,-280.6
-19.696,-40.98,-346.22
-8.3756,-110.25,-99.566
1.8411,-59.66,-390.61
9.0145,-83.099,-323.21
-18.376,-75.256,-274.64
-5.6399,-117.78,-62.546
25.415,-5.0382,-474.14
7.1602,-102.8,-264.08
-17.109,-86.539,-238.59
-3.454,-135.12,-131.11
39.766,-130.34,-68.114
16.946,-3.9653,-516.4
37.552,-128.82,-102.84
33.337,-91.019,-188.83
10.18,-34.887,-452.16
28.651,-63.555,-327.9
3.245,36.508,-502.55
19.897,-72.894,-199.02
11.753,-1.68,-531.9
-6.5898,-30.378,-331.65
-2.7457,-152.67,-51.907
-9.0506,-25.091,-349.85
21.34,-153.71,-77.087
-24.248,29.561,-528.31
-1.0198,-5.1082,-395.2
11.46,-147.94,-103.27
1.3153,-25.12,-481.44
-17.825,-4.1059,-424.02
19.177,-2.0509,-422.56
28.004,-112.85,-52.927
18.454,-135.38,-148.13
-1.1068,-63.987,-377.48
14.275,-80.556,-164.12
1.5733,-127.6,-174.22
-15.163,-94.804,-190.97
-7.4697,-96.731,-137.15
21.112,-150.26,-90.36
17.099,-84.862,-150.13
-11.559,-124.87,-117.9
31.329,-88.378,-251.28
20.348,-99.646,-261.71
30.392,-117.09,-41.014
9.0049,34.874,-502.61
-20.156,-52.624,-328.47
1.1694,-108.71,-241.93
19.795,-28.941,-344.92
-2.0733,-8.2362,-524
13.701,-48.805,-412.53
-18.08,-77.289,-263.56
-21.598,-36.134,-375.39
-14.797,-54.716,-381.6
23.714,-90.681,-279.66
-11.456,-103.29,-229.71
11.14,-10.97,-510.1
-7.4089,-65.727,-365.96
32.97,-98.272,-145.36
33.378,-136.85,-106.2
-21.82,-37.875,-384.02
21.534,-62.324,-240.4
-15.666,-96.955,-218.05
30.09,-57.949,-309.27
11.624,-0.13739,-535.86
19.272,-51.811,-271.02
-20.632,8.3669,-539.99
20.512,-86.416,-299.48
-7.1357,-143.99,-64.411
30.53,-121.88,-165.03
28.399,-107.84,-76.556
-83.747,84.944,-486.25
-87.295,86.593,-482.09
-106.65,-22.891,-137.65
-117.34,83.695,-475.8
-109.84,97.046,-501.71
-91.302,-30.798,-269.34
-93.96,66.584,-418.85
-105.11,-5.584,-357.64
-90.729,-19.841,-301.29
-95.73,19.658,-280.34
-122.36,-58.257,-140.21
-123.77,-47.737,-181.61
-90.651,-21.672,-146.16
-78.076,60.731,-458.06
-87.926,82.306,-469.78
-127.75,13.105,-303.42
-117.2,-77.134,-81.046
-103.9,-33.8,-271.95
-109.76,54.7,-381.06
-116.17,-77.199,-89.367
-117.54,-54.354,-69.083
-87.645,-48.336,-207.91
-121.39,-18.704,-181.72
-100.81,79.794,-449.92
-82.472,61.514,-521.91
-124.53,-50.524,-135.82
-91.952,-37.134,-251.2
-104.13,73.424,-432.11
-78.922,45.68,-420.55
-117.28,-47.125,-86.606
-111.66,-88.722,-55.537
-112.24,-14.411,-327.86
-84.551,49.126,-491.17
-81.555,-15.161,-280.39
-119.77,-68.899,-105.15
-102.45,8.7168,-240.78
-86.033,63.535,-425.71
-126.05,-33.646,-170.58
-83.065,5.7941,-271.66
-72.487,-67.616,-90.599
-106.09,-98.768,-29.387
-109.37,-34.992,-101.29
-79.922,12.627,-329.01
-79.783,-1.1895,-295.99
-87.949,-84.898,-92
-97.24,-16.823,-156.81
-72.583,-56.426,-102.34
-104.36,49.519,-364.37
-122.81,63.31,-431.4
-124.01,9.6073,-373.55
-94.001,29.28,-451.82
-87.155,-65.804,-152.89
-68.894,-84.53,-33.372
-76.179,-69.449,-107.91
-115.36,-29.243,-278
-107.09,-63.763,-170.79
-90.728,8.8252,-254.24
-100.98,46.087,-355.25
-95.238,87.338,-473.27
-123.22,39.885,-455.31
-122.85,6.5629,-260.8
-126.18,-36.333,-210.62
-95.72,-10.175,-181.58
-88.618,21.939,-421.07
-92.323,-47.008,-46.389
-68.932,-75.019,-48.665
-79.421,88.746,-510.78
-125.07,-47.807,-145.74
-120.63,-45.376,-106.7
-88.578,74.185,-447.46
-77.721,-46.386,-172.57
-85.877,81.518,-472.12
-106.12,14.74,-259.83
-86.538,8.4956,-374.9
-126.42,13.1,-295.19
-74.685,-49.359,-137.51
-98.886,-11.438,-338.04
-111.72,-58.354,-184.63
-79.279,-12.593,-259.32
-79.646,45.115,-410.26
-120.05,50.253,-491.33
-115.71,25.927,-302.18
-119.98,-59.076,-155.86
-93.771,61.554,-405.4
-80.155,22.873,-350.98
-128.27,33.436,-411.56
-79.49,30.275,-392.83
-94.775,-31.537,-104.21
-121.78,-17.807,-299.62
-80.474,11.729,-313.45
-87.584,-1.1185,-349.37
-95.039,-26.058,-124.53
-124.31,-40.791,-208.1
-114.24,68.704,-426.15
-68.907,-86.941,-28.466
-81.556,25.786,-344.1
-96.619,5.1221,-384.93
-73.028,-77.007,-73.801
-121.96,-55.331,-96.115
-104.57,5.8417,-390.9
-77.885,-30.323,-168.63
-123.33,-17.205,-296.26
-106.19,96.584,-497.32
-82.866,6.8622,-276.44
-124.53,23.702,-409.57
-81.995,49.381,-482.56
-121.81,7.6942,-260.8
-104.58,-21.754,-139.87
-104.24,21.796,-436
-112.28,20.761,-282.18
-100.87,-8.1429,-349.11
-105.68,-2.3642,-367.04
-116.48,-62.528,-44.094
-78.361,-29.082,-168.67
-75.502,-43.817,-117.11
-108.79,-9.115,-346.21
-121.73,1.7757,-242.95
-91.891,23.894,-433.34
-125.93,-7.4851,-233.6
-94.45,7.3576,-242.71
-80.723,6.4644,-335.47
-106.79,-7.1756,-352.7
-126.04,-21.733,-196.66
-126.66,13.595,-297.99
-120.81,55.755,-401.73
-87.622,97.851,-510.75
-76.786,66.919,-490.05
-106.92,4.2385,-226.94
-114.85,37.906,-470.94
-71.463,-59.241,-71.732
-112.9,80.386,-457.9
-78.172,50.145,-446.03
-129.45,27.484,-380.92
-69.498,-70.021,-58.035
-103.94,-55.593,-201.13
-87.189,-50.938,-34.338
-86.674,-52.227,-193.69
-105.17,-21.909,-139.74
-97.478,31.621,-461.61
-87.584,7.1262,-256.94
-100.17,95.23,-492.29
-79.608,-34.859,-213.79
-113.35,-70.939,-131.59
-98.125,-5.8289,-194.67
-69.162,-88.057,-27.504
-81.901,-43.008,-78.736
-126.49,9.7704,-285.84
-86.859,-85.791,-87.54
-105.73,-33.349,-273.26
-72.183,-63.731,-22.575
-126.65,52.586,-466.36
-126.24,31.971,-422.57
-85.427,-22.958,-153.65
-81.757,93.181,-512.88
-107.66,15.954,-264.11
-101.64,-99.69,-35.832
-116.82,-74.774,-22.95
-128.28,-15.973,-230.71
-90.923,57.788,-399.52
-105.09,-36.758,-89.177
-81.676,11.544,-300.15
-77.629,-64.259,-128.02
-114.28,8.3852,-246.67
-116.23,-85.264,-24.479
-78.995,-23.207,-191.82
-103.13,-34.817,-268.68
-99.177,-1.7074,-367.11
-78.835,-78.47,-93.056
-79.157,-78.592,-93.687
-69.867,-65.406,-45.494
-88.631,2.7891,-239.31
-96.586,81.42,-456.33
-80.161,6.508,-327.05
-109.72,-7.8514,-349.43
-83.192,-18.676,-180
-78.984,39.206,-412.41
-111.57,-38.673,-252.63
-77.976,-46.678,-77.835
-126.75,-7.4595,-238.61
-77.069,76.35,-497.67
-81.931,-44.736,-70.843
-124.19,-39.209,-143.26
-126.7,6.6447,-277.98
-77.445,-48.787,-165.15
-105.47,38.736,-332.75
-103.73,10.307,-245.67
-101.93,-54.28,-205.66
-129.07,-15.163,-256.56
-70.087,-65.795,-33.227
-102.47,-49.737,-220.74
-85.672,86.788,-486.05
-90.543,-89.366,-79.191
-79.183,36.6,-402.32
-120.74,-2.0761,-350.08
-88.927,13.627,-274.24
-120.57,-1.9544,-350.89
-122.21,-37.756,-231.21
-78.187,-28.588,-212.93
-128.22,-21.406,-249.22
-76.686,68.833,-504.8
-115.79,-60.484,-45.516
-83.759,37.945,-365.5
-114.31,30.578,-314.17
-118.94,-47.73,-206.68
-112.85,-44.667,-78.752
-92.96,7.8027,-388
-122.76,10.623,-380.62
-126.03,-21.312,-269.97
-104.08,16.217,-420.41
-99.858,-44.019,-238.46
-129.17,-0.32302,-312.38
-86.627,-9.1041,-203.38
-94.19,84.442,-466.46
-104.28,-39.177,-254.96
-79.324,34.975,-395.51
-105.15,-72.086,-141.84
-77.115,-36.69,-185.05
-119.54,93.843,-512.84
-87.681,-53.554,-192.06
-118.98,-29.365,-142.54
-126.36,-27.889,-243.91
-88.745,-42.533,-66.51
-112.34,-13.3,-331.1
-103.88,-6.5834,-354.65
-84.737,57.559,-414.11
-84.511,41.277,-467.3
-128.31,-15.658,-231.77
-100.64,41.897,-343.18
-125.64,-43.817,-178.17
-112.8,96.718,-504.8
-109.48,54.309,-379.75
-86.478,-7.4162,-326.96
-99.55,-33.498,-96.486
-107.95,2.0824,-379.34
-119.85,-69.513,-99.671
-93.765,100.07,-508.68
-82.199,-19.353,-182.38
-122.39,10.294,-270.35
-101.55,85.645,-465.84
-81.393,30.117,-417.37
-100.46,-31.169,-105.09
-81.099,-93.708,-51.825
-108.45,-15.665,-163.41
-117.5,3.4751,-237.22
-102.87,54.358,-525.67
-116.58,64.975,-419.2
-73.21,-58.057,-48.285
-77.599,-32.639,-197.62
-104.88,-74.001,-134.87
-77.939,-51.292,-162.43
-93.27,5.3555,-381.28
-108.19,-60.716,-17.6
-90.918,-10.968,-185.61
-114.8,-34.505,-114.71
-121.34,15.781,-398.91
-125.98,71.491,-508.24
-94.386,28.773,-450.81
-72.489,-56.069,-73.754
-109.43,-32.151,-275.45
-110.61,43.296,-490.78
-82.316,34.417,-363.14
-125.28,-32.628,-165.67
-116.94,-25.744,-146.92
-87.209,-19.807,-160.89
-115.79,83.576,-472.01
-92.509,12.628,-263
-119.21,30.703,-322.98
-120.81,-64.204,-75.367
-115.58,91.539,-494.91
-115.34,-8.3006,-342.36
-92.473,62.587,-410.02
-111.51,50.017,-368.79
-86.667,86.123,-482.16
-111.63,95.886,-500.64
-113.63,16.461,-270.59
-80.6,21.642,-341.35
-107.29,52.295,-517.88
-90.809,47.484,-499.8
-110.64,-6.221,-196.32
-90.131,-35.851,-91.555
-126.78,-28.892,-187.08
-102.08,-34.661,-268.93
-88.737,-50.839,-202.74
-123.04,37.734,-450.65
-102.86,78.837,-447.05
-89.429,-71.336,-139.12
-91.62,-97.385,-50.886
-74.952,-81.224,-71.672
-97.472,-4.6288,-357.07
-70.438,-63.229,-54.408
-119.01,-51.717,-191.2
-102.41,86.189,-467.31
-75.221,-50.072,-143.56
-99.662,-30.71,-280.1
-81.794,-52.291,-37.591
-126.74,46.265,-398.35
-80.116,18.029,-362.96
-123.34,-19.178,-289.94
-78.452,-23.02,-224.67
-122.83,66.376,-520.68
-76.856,-53.733,-149.89
-88.878,-95.547,-56.069
-121.08,80.781,-478.5
-82.498,27.572,-416.12
-98.814,52.549,-520.65
-123.14,-5.4959,-226.41
-99.231,-4.7472,-197.7
-95.445,-31.638,-103.52
-129.58,4.2436,-298.73
-126.22,-23.76,-193.04
-110.18,-23.485,-301.98
-79.301,-19.889,-204.4
-115.35,79.072,-458.03
-116.84,74.847,-448.61
-125.89,-43.324,-161.42
-73.061,-52.785,-99.863
-107.71,-0.19221,-372.86
-83.824,28.779,-426.35
-125.47,53.318,-476.39
-126.03,74.426,-493.27
-120.93,23.86,-421.62
-124.71,34.07,-349.8
-118.49,62.87,-416.97
-68.778,-69.431,-30.606
-125.88,15.78,-382.75
-77.055,-41.964,-109.58
-72.505,-58.56,-102.02
-84.007,73.093,-455.81
-127.76,-0.79323,-263.95
-100.69,-56.178,-199.13
-80.34,74.525,-472.88
-85.904,-44.005,-216.29
-121.54,-33.542,-248.73
-79.344,34.608,-394.41
-88.743,38.249,-349.5
-120.53,2.0241,-362.52
-99.541,-99.89,-38.025
-112.95,-45.384,-76.866
-85.265,25.832,-324.19
-129.45,29.15,-375.13
-89.477,-29.688,-268.79
-124.37,-26.904,-259.85
-117.59,-42.744,-99.762
-92.533,23.942,-298.53
-81.982,-84.525,-82.933
-89.544,8.2125,-255.03
-87.767,-71.199,-136.88
-91.906,-33.111,-263.43
-93.499,-27.9,-282.02
-97.922,-40.756,-69.775
-89.138,-94.267,-60.8
-84.927,-63.642,-154.57
-125.29,67.482,-458.26
-102.92,90.186,-478.36
-121.6,-31.011,-257.15
-93.417,-68.142,-154.62
-97.856,-43.473,-238.89
-78.991,49.839,-464.24
-78.57,47.081,-429.66
-118.16,42.596,-356.25
-76.424,-49.904,-155.08
-108.36,-15.103,-328.54
-89.335,-20.506,-296.09
-79.871,23.607,-358.68
-109.51,27.64,-449.81
-125.25,48.768,-397.34
-87.451,-46.975,-50.09
-89.701,26.315,-311.78
-92.361,43.319,-356.43
-75.032,-87.996,-53.233
-92.97,-43.27,-60.465
-126.47,-2.6193,-327.35
-91.435,45.032,-493.64
-121.64,-27.549,-268.64
-107.94,-90.281,-62.574
-103.72,-100.74,-27.102
-108.59,30.006,-456.88
-109.98,-95.666,-28.491
-85.752,59.995,-417.31
-114.81,91.159,-492.23
-124.27,32.888,-433.93
-116.9,65.047,-420.02
-81.368,-6.543,-239.43
-125.32,53.013,-476.62
-98.89,23.133,-438.53
-76.565,-48.106,-159.85
-124.56,-44.399,-137.66
-110.62,19.365,-426.37
-112.41,-4.8449,-202.86
-117.68,-13.026,-324.31
-99.061,-100.41,-36.463
-110.53,-54.303,-200.89
-84.44,10.196,-279.05
-78.065,82.657,-503.57
-86.077,-18.719,-291.87
-127.33,-33.919,-194.3
-75.363,-95.733,-31.78
-114.94,-33.077,-119.39
-88.578,60.512,-411.54
-87.748,-48.774,-42.479
-127.61,-4.2137,-315.36
-91.996,-49.341,-213.45
-114.32,-78.734,-92.364
-91.301,10.037,-256.97
-105.18,-11.176,-175.9
-80.623,-34.852,-220.48
-93.27,-27.748,-282.12
-84.181,25.106,-416.53
-101.37,62.655,-402.39
-96.822,-13.743,-168.04
-74.274,-71.478,-93.484
-89.832,46.702,-496.02
-77.999,-29.744,-211.46
-111.73,-93.779,-93.767
-74.499,10.137,-407.3
-84.146,81.136,-516.94
-77.982,-54.725,-107.68
-71.64,54.455,-492.98
-113.76,-82.708,-138.58
-84.613,-20.834,-358.05
-100.3,-91.045,-144.05
-74.458,-24.215,-259.22
-79.721,27.926,-387.12
-90.14,-2.9743,-272.09
-117.44,31.893,-398.47
-108.83,15.344,-329.39
-64.817,-86.284,-78.545
-81.18,9.3517,-439.4
-66.035,-77.001,-94.467
-75.107,-65.077,-70.504
-94.718,31.313,-371.33
-122.34,32.935,-447.71
-64.815,-82.054,-77.351
-68.113,-73.42,-65.74
-121.55,-44.335,-247.58
-117.78,-9.1198,-379.56
-82.968,-6.7512,-273.64
-80.02,26.567,-487.64
-81.949,-11.856,-378.09
-71.856,-58.087,-191.76
-108.49,-99.548,-85.505
-121.13,47.748,-486.94
-119.42,-36.409,-206.28
-69.561,-104.91,-63.862
-120.61,35.074,-424.72
-74.939,-16.104,-328.33
-112.81,1.2906,-293.93
-73.693,-76.003,-159.33
-77.663,-45.28,-149.67
-115.67,-15.975,-366.59
-71.313,-86.522,-120.86
-111.79,25.003,-362.84
-122.17,-39.743,-221
-121.5,-16.711,-340.78
-74.579,-66.972,-63.546
-96.129,-74.588,-24.527
-108.04,-101.25,-79.197
-117.07,-55.333,-236.63
-70.605,53.656,-517.53
-98.681,-22.303,-205.07
-84.349,-96.371,-123.35
-114.71,65.549,-491.34
-108.84,11.272,-454.96
-113.11,-25.597,-213.36
-81.25,4.148,-424.02
-94.14,-21.063,-209.68
-100.75,-11.71,-239.9
-110.33,-79.26,-51.56
-69.127,-68.328,-87.744
-103.27,-100.73,-99.86
-114.55,-79.967,-146.7
-97.326,-68.879,-223.62
-71.261,-61.069,-110.7
-111.25,-91.667,-32.436
-100.4,-80.131,-184.09
-105.66,-111.38,-39.264
-121.67,0.36771,-387.46
-104.64,33.635,-519.61
-75.472,-45.175,-160.68
-82.05,-20.75,-229.14
-121.44,21.632,-387.16
-83.035,-19.499,-230.74
-107.9,-56.422,-106.39
-105.89,9.181,-307.61
-70.243,-67.107,-84.808
-87.196,30.441,-511.77
-86.912,-12.052,-388.61
-75.329,23.314,-395.48
-112.84,67.087,-489.89
-76.313,-1.3279,-385.84
-75.419,-34.078,-209.43
-79.3,13.955,-447.45
-84.891,74.113,-497.33
-80.121,2.1553,-311.02
-114.56,8.8259,-320.57
-82.801,56.744,-455.32
-112.73,-72.771,-187.79
-104.04,-40.368,-149.7
-109.46,8.2929,-309.11
-85.48,-0.64692,-287.08
-95.775,-85.405,-167.33
-87.752,-42.676,-137.69
-107.67,-37.898,-316.43
-72.428,31.528,-449.15
-103.29,-93.298,-130.83
-121.3,-26.926,-310.8
-102.36,-74.593,-202.08
-121.55,33.369,-463.5
-99.561,-43.086,-135.73
-91.741,-23.1,-362.25
-71.227,50.402,-516.81
-65.267,-81.008,-85.156
-72.816,-38.297,-234.48
-82.257,-70.904,-32.51
-82.783,25.251,-490.2
-93.366,-28.567,-347.37
-87.941,4.0371,-297.16
-81.621,-29.171,-325.26
-119.05,0.9474,-402.3
-115.22,4.1765,-308.34
-84.407,6.469,-311.54
-69.134,-66.633,-98.945
-121.49,40.898,-455.8
-84.614,-15.715,-239.84
-74.009,10.058,-376.95
-100.53,-65.479,-61.844
-119.85,61.829,-516.55
-121.8,38.953,-466.61
-83.76,-58.848,-79.17
-95.39,-59.556,-253.46
-112.2,-76.517,-67.819
-84.992,-71.649,-204.48
-73.569,21.657,-408.87
-93.775,-35.391,-160.58
-77.964,-6.1911,-380.25
-78.441,17.862,-364.12
-61.375,-95.24,-29.714
-117.79,15.54,-444.65
-72.593,31.213,-458.84
-76.347,-10.349,-358.13
-85.037,-10.908,-388.5
-77.177,-39.815,-276.23
-96.163,-100.6,-111.26
-103.65,-50.388,-116.45
-84.409,75.538,-501.76
-101.1,19.672,-485.12
-90.532,-47.373,-287.84
-118.77,-68.865,-142.49
-117.68,-32.164,-311.91
-74.682,-66.267,-66.456
-95.332,-74.134,-205.99
-91.653,-63.587,-58.765
-74.178,1.2472,-370.3
-95.502,-13.873,-232.88
-112.27,-87.088,-126.51
-122.23,-45.931,-226.82
-108.97,-82.732,-160.08
-80.992,15.286,-347.27
-112.47,-74.354,-182.43
-77.174,55.73,-467.12
-105.11,7.02,-447.99
-99.695,-45.03,-299.55
-91.471,-19.143,-217.87
-106.88,-81.669,-30.191
-110.6,-55.506,-116.9
-74.99,-21.224,-264.34
-77.353,-33.693,-294.85
-98.01,-9.2958,-405.59
-74.894,33.667,-489.85
-114.63,-40.694,-294.7
-102.83,-42.368,-306.79
-122.4,-26.517,-303.57
-106.6,-38.103,-316.98
-117.65,-74.373,-141.17
-108.66,38.312,-526.13
-89.618,41.951,-405.5
-123.22,-9.8964,-346.44
-105.55,21.874,-487.33
-109.25,78.358,-514.4
-123.98,-5.9067,-344.28
-64.088,-97.349,-56.225
-108.23,-39.586,-159.29
-123.16,-10.999,-343.97
-79.493,-30.407,-314.18
-108.29,-103.1,-67.659
-83.514,-114.77,-58.694
-96.771,-50.766,-107.21
-77.508,1.8588,-321.91
-122.28,32.206,-434.38
-124.04,-5.4205,-336.41
-84.343,6.2334,-310.97
-102.25,-23.175,-364.69
-113.09,-66.641,-96.125
-103.33,34.001,-521.97
-123.28,15.016,-385.62
-111.66,-79.309,-58.536
-76.047,11.716,-425.59
-81.177,17.761,-353.85
-96.661,16.978,-328.44
-119.83,19.645,-445.88
-98.734,-96.871,-123.35
-90.014,67.017,-473.04
-72.172,-45.499,-214.68
-104.67,-55.573,-101.61
-91.54,-104.14,-99.788
-86.619,-28.584,-338.93
-119.2,-51.627,-167.43
-73.841,8.5311,-379.47
-82.645,-72.901,-24.354
-69.555,-64.213,-109.96
-86.738,38.248,-399.07
-112.61,-46.148,-282.25
-79.248,-102.59,-95.277
-73.809,-24.903,-269.57
-106.42,-25.773,-199.89
-100.19,31.048,-369.61
-68.357,-67.086,-110.22
-100.56,70.395,-480.94
-85.965,-52.958,-100.11
-118.61,19.978,-366.87
-66.726,-108.51,-43.479
-112.7,40.812,-411.47
-76.806,26.549,-395.28
-108.16,26.587,-361.93
-76.26,9.1892,-418.82
-112.21,-15.986,-240.37
-121.7,29.628,-454.97
-80.402,25.501,-378.2
-85.812,42.073,-411.03
-81.832,-1.6076,-293.43
-114.26,-71.046,-92.065
-101.3,-52.491,-275.86
-102.6,-68.792,-221.86
-118.37,25.77,-383.48
-91.315,53.335,-435.11
-101.84,31.929,-517.69
-77.196,-80.989,-157.74
-79.713,33.807,-508.4
-79.581,-56.566,-237.25
-110.76,-71.073,-74.186
-100.46,23.385,-495.51
-66.129,-82.093,-30.066
-74.051,-14.42,-309.19
-71.975,-47.864,-181.82
-73.588,-43.555,-240.75
-116.37,-76.192,-150.44
-75.085,-20.63,-265.56
-79.271,-58.752,-86.943
-120.92,-43.096,-258.43
-86.002,-44.527,-289.77
-101.82,-114.98,-39.607
-92.867,-14.281,-389.14
-121.62,27.386,-407.44
-78.492,-11.869,-365.48
-123.68,-24.571,-290.72
-97.065,-48.692,-288.07
-75.123,-28.632,-294.45
-81.075,38.175,-410.62
-86.999,70.286,-484.6
-94.642,-62.629,-64.015
-117.6,8.1208,-426.51
-119,-65.541,-143.93
-116.14,-33.256,-313.7
-69.114,-89.655,-102.61
-89.805,3.4189,-292.56
-93.52,-75.212,-19.078
-74.097,0.2578,-352.25
-121.3,-53.805,-203.06
-116.76,-54.762,-144.43
-100.52,-65.957,-60.259
-82.431,3.0112,-306.05
-109.09,-4.5921,-269.49
-73.465,-41.82,-243.32
-73.619,-29.715,-250.76
-116.69,-50.604,-255.1
-102.21,-86.568,-158.76
-86.666,-26.412,-345.51
-83.618,-72.801,-198.37
-109.07,40.475,-403.86
-87.114,-29.929,-335.78
-89.687,27.676,-365.15
-67.035,-72.121,-98.081
-91.995,-46.25,-122.06
-68.851,-64.744,-139.92
-95.032,-97.554,-123.44
-122.63,-1.6648,-324.71
-101.75,2.6825,-285.21
-83.022,-8.3608,-268.26
-91.285,-25.625,-354.3
-105.23,-26.294,-353.71
-78.973,27.524,-388.66
-110.67,59.69,-462.65
-94.059,-85.958,-165.41
-95.499,69.99,-478.76
-71.856,-47.759,-205.62
-123.14,-34.568,-262.35
-84.286,-52.361,-262.52
-80.446,18.375,-357.98
-79.373,36.652,-515.98
-109.53,-101.37,-67.847
-93.251,-45.854,-123.4
-116.27,32.204,-491.16
-105.87,-78.221,-36.058
-109.61,44.164,-415.45
-74.002,-16.455,-305.56
-99.609,-44.373,-131.4
-78.258,8.1704,-337.01
-79.83,-27.602,-323.84
-64.825,-93.333,-68.88
-81.252,-28.526,-203.55
-109.41,-102.06,-64.638
-122.61,17.946,-385.89
-114.81,-83.695,-123.26
-86.647,-57.245,-252.08
-116.53,-51.87,-251.33
-74.071,-53.399,-130.44
-103.32,-74.915,-200.01
-122.27,22.53,-435.01
-106.11,-28.608,-346.1
-88.759,-72.438,-25.377
-118.46,65.025,-509.92
-94.977,-32.182,-171.57
-69.708,-60.113,-153.87
-116.27,-80.302,-123.36
-117.82,58.029,-481.95
-63.28,-88.054,-55.981
-96.648,7.0582,-451.54
-72.326,-57.047,-123.94
-118.64,48.883,-519.41
-65.55,-78.355,-68.389
-118.46,-45.166,-266.21
-109.98,-67.985,-79.353
-88.739,-49.552,-111.04
-99.767,-97.195,-120.87
-86.566,-63.361,-233.01
-121.8,-44.702,-242.85
-82.206,-93.164,-131.01
-115.97,-26.823,-218.21
-121.07,19.167,-437.58
-79.176,-89.873,-135.78
-106.67,59.976,-456.87
-71.217,46.732,-499.65
-83.831,18.316,-471.99
-119.37,61.595,-506.96
-116.68,-77.407,-106.22
-83.449,1.3574,-298.13
-71.322,-51.083,-175.32
-71.644,46.713,-508.25
-112.49,-84.864,-136.13
-85.789,-69.154,-37.51
-98.963,-96.103,-126.08
-104.08,24.275,-351.3
-108.23,8.7392,-449.09
-105.12,-28.575,-189.27
-106.96,-33.149,-177.3
-115.31,-50.883,-259.14
-114.76,-13.046,-377.35
-104.57,-52.018,-275.41
-74.996,-33.09,-281.03
-71.658,41.12,-482.48
-100.24,9.1246,-456.79
-67.467,-83.719,-106.02
-83.988,-33.523,-177.87
-119.27,-2.1733,-393.03
-94.579,-57.25,-260.42
-117.52,42.136,-430.17
-100.08,-29.025,-347.99
-65.272,-79.403,-80.058
-77.328,-70.609,-188.58
-120.43,38.439,-434.64
-119.25,48.949,-461.17
-114.07,7.8202,-435.93
-114.54,-85.606,-114.12
-92.009,21.469,-344.6
-111.88,-95.177,-82.985
-81.742,-38.922,-162.47
-74.256,39.187,-440.59
-81.989,-112.29,-66.197
-100.65,75.446,-495.14
-103.92,51.489,-429.89
-118.59,-1.1865,-303.29
-119.5,-12.93,-272.59
-74.721,-18.355,-278.24
-111.48,66.007,-483.08
-81.445,-17.85,-358.6
-110.47,-46.65,-142.83
-89.725,-67.589,-43.472
-123.03,-6.9823,-356.69
-72.672,-90.219,-116.18
-97.884,-70.066,-42.313
-111.33,-34.549,-321.2
-115.29,-84.331,-110.09
-112.96,-29.443,-333.49
-112.55,41.133,-524.88
-87.843,-89.527,-150.07
-72.88,27.239,-431.52
-67.124,-113.41,-31.432
-101.46,-53.784,-271.7
-115.97,-31.293,-205.15
-73.453,30.12,-427.21
-95.694,-117.68,-43.014
-85.444,16.68,-339.91
-63.869,-85.662,-63.868
-86.751,-26.684,-197.64
-89.19,-28.901,-186.48
-75.215,-9.1455,-352.37
-115.96,32.221,-492.31
-73.721,-33.053,-231.96
-75.94,25.486,-469.21
-115.49,-19.202,-239.2
-85.403,-111.63,-71.09
-96.197,-81.387,-181.34
-120.95,28.706,-406.35
-109.09,-76.205,-185.49
-63.485,-86.85,-30.039
-106.38,-14.818,-386.11
-77.19,47.168,-445.87
-80.058,20.528,-365.42
-68.184,-80.757,-23.442
-113.48,-15.501,-244.78
-92.174,6.0978,-447.18
-82.879,-80.968,-171.33
-95.259,-119.84,-34.647
-100.73,36.304,-384.93
-85.897,-121.16,-110.14
-112.85,-26.388,-384.98
-117.59,-27.987,-314.75
-118.23,-26.564,-341.89
-67.06,-69.921,-220.56
-68.319,-57.195,-205.28
-87.427,-125.29,-94.124
-113.26,14.708,-486.79
-71.063,-69.786,-131.46
-118.27,-27.648,-331.3
-83.546,-92.217,-208.77
-88.297,-55.935,-158.26
-117.19,-30.938,-301.94
-102.93,-6.8603,-461.23
-111.53,-79.533,-138.71
-80.542,-123.53,-100.14
-83.183,34.094,-440.33
-70.547,16.688,-506.51
-110.8,-38.967,-244.04
-88.233,-85.374,-53.48
-67.101,-80.108,-197.21
-118.18,-25.857,-332.13
-104.66,-93.909,-189.77
-93.617,-21.654,-428.01
-70.917,-34.824,-272.76
-97.347,8.8432,-364.83
-59.259,-99.589,-86.595
-110.49,-58.68,-185.98
-113.01,-55.659,-296.47
-100.37,-68.272,-128.01
-75.04,-60.922,-155.82
-112.94,-7.9111,-344.03
-68.544,-10.365,-402.84
-67.524,32.62,-478.6
-108.16,-24.691,-403.58
-118.08,-19.714,-364.71
-93.458,-18.04,-282.82
-70.951,-129.01,-69.961
-72.432,-127.44,-77.63
-115.12,-0.89185,-440.22
-111.27,-93.885,-150.5
-100.7,-87.776,-68.944
-76.49,-52.503,-184.94
-106.48,20.394,-409.9
-97.181,-52.976,-172.63
-101.17,-58.198,-316.74
-67.772,-3.8756,-407.53
-60.493,-106.29,-94.921
-88.099,-88.139,-43.677
-108.2,-62.175,-291.86
-76.134,-86.286,-50.087
-104.62,-98.78,-54.648
-106.11,-75.168,-123
-104.19,-117.17,-84.594
-68.525,-56.669,-205.69
-79.429,-112.49,-137.31
-64.736,-81.614,-110.06
-112.3,-34.109,-365.12
-103.15,-24.715,-412.51
-117.89,-22.206,-336.09
-105.26,24.954,-420.91
-79.562,24.392,-419.13
-78.389,-55.084,-314.91
-79.259,-2.737,-343.08
-99.068,-72.72,-111.27
-67.885,11.08,-429.06
-101.82,-90.75,-63.954
-59.841,-97.392,-95.294
-103.63,-8.543,-319.08
-82.023,-78.609,-76.307
-86.714,-69.789,-282.69
-59.732,-110.26,-82.026
-74.275,-76.876,-91.611
-114.04,-38.286,-259.48
-115.3,26.187,-469.34
-106.16,-3.3549,-464.85
-85.221,-122.42,-105.54
-101.25,-99.759,-175.68
-73.099,-71.328,-250.86
-106.65,-29.351,-393.76
-116.96,-5.4022,-415.29
-97.139,-27.549,-410.18
-90.789,17.268,-535.71
-74.909,-14.306,-427.51
-76.489,-61.948,-148.13
-77.948,-73.831,-257.3
-100.67,-111.07,-131.07
-62.819,-121.15,-71.735
-66.351,-68.253,-171.16
-67.182,17.027,-486.76
-99.484,-49.871,-343.61
-65.551,-93.308,-155.76
-67.805,-49.028,-251.9
-72.662,-51.715,-306.54
-112.33,-65.657,-265.9
-112.21,50.662,-525.18
-74.682,-40.86,-233.5
-112.17,-12.561,-424.74
-90.02,-95.184,-202.41
-89.112,-73.67,-95.474
-92.184,-107.51,-158.49
-114.28,2.6938,-382.29
-75.311,24.253,-427.77
-70.591,-79.799,-216.58
-104.83,1.9364,-481.2
-88.66,-47.601,-187.23
-112.06,-12.096,-328.18
-77.142,-78.064,-242.59
-82.813,-34.966,-235.07
-67.593,-53.344,-261.33
-97.557,15.743,-385.1
-117.43,-1.0286,-398.38
-109.69,-96.199,-95.244
-114.71,-28.375,-371.23
-74.34,-61.513,-155.42
-73.533,-55.384,-182.82
-117.07,-34.749,-290.14
-106.88,23.821,-532.74
-99.458,-44.458,-202.78
-112.45,-68.852,-253.99
-102.66,-10.94,-450.74
-66.648,-62.134,-204.01
-106.19,-66.15,-283.76
-93.506,14.797,-381.09
-98.081,-6.723,-318.93
-68.557,-25.707,-350.84
-114.1,-81.059,-183.77
-79.951,-9.3533,-453.73
-72.261,-96.011,-175.61
-115.2,-63.132,-256.98
-117.18,-10.341,-401.47
-77.736,9.9418,-383.01
-71.252,3.5405,-468.56
-103.46,-30.981,-394.47
-65.217,-81.527,-106.31
-102.71,7.239,-498.66
-82.341,46.564,-474.61
-103.6,-100.18,-46.158
-96.877,-92.253,-209.67
-117.43,-49.378,-260.24
-99.065,25.095,-413.15
-90.733,-124.76,-93.541
-107.53,-54.543,-187.62
-95.755,-68.695,-118.9
-108.41,20.676,-520.41
-109.58,-35.818,-368.61
-104.01,-46.492,-203.54
-71.645,-53.039,-297.83
-106.17,-48.347,-202.6
-117.89,-10.491,-374.08
-66.416,21.279,-465.91
-116.92,-0.38899,-392.51
-114,27.129,-458.84
-67.27,26.83,-467.73
-99.568,-106.31,-153.5
-91.465,-76.04,-265.32
-100.7,-72.769,-114.6
-66.298,-63.901,-217.15
-105.78,-67.232,-144.8
-80.109,-129.49,-78.544
-72.97,-95.514,-179.11
-91.865,-78.271,-81.773
-92.138,-56.548,-325.89
-103.21,-120.13,-75.211
-71.772,-51.944,-301.66
-111.46,-20.244,-406.76
-105.85,-93.392,-188.06
-86.55,26.805,-417.42
-68.361,-39.189,-308.25
-101.76,5.2223,-357.77
-114.94,33.699,-507.01
-113.89,-57.778,-205.4
-84.589,-131.89,-69.932
-86.577,9.698,-368.98
-90.485,-35.659,-226.92
-107.59,-105.08,-64.221
-84.835,1.4565,-490.25
-109.3,-40.412,-234.93
-86.489,-14.781,-445.57
-112.52,-73.781,-235.22
-68.499,34.858,-478.29
-99.081,13.078,-378.35
-107.74,-7.1706,-330.66
-118.23,-19.227,-357.7
-91.866,57.286,-499.95
-87.893,-42.772,-365.39
-109.48,-74.916,-137.68
-71.608,-93.604,-180.73
-82.883,-47.383,-346.4
-75.66,-97.661,-179.12
-112.35,-72.393,-160.01
-66.445,23.473,-502.4
-60.798,-94.304,-110.77
-89.888,-107.43,-159.72
-68.034,-41.018,-287.59
-65.144,-119.44,-84.841
-64.425,39.592,-529.58
-116.75,-44.467,-261.44
-109.88,24.95,-526.06
-110.2,2.7708,-366.67
-116.65,-1.8095,-426.34
-77.108,-124.23,-94.793
-65.424,-71.502,-195.3
-76.297,-128.02,-80.862
-68.518,-109.45,-124.62
-91.02,-37.934,-219.37
-110.29,-70.979,-255.89
-82.269,63.374,-519.64
-98.519,-69.678,-283.29
-90.664,-84.181,-60.129
-91.704,-2.7322,-480.71
-66.472,-71.525,-211.14
-114.68,-25.937,-298.39
-112.78,-69.81,-168.83
-72.364,10.968,-402.15
-116.68,-51.829,-284.33
-114.36,39.986,-512.57
-115.52,27.233,-487.87
-117.52,0.95143,-413.84
-91.493,8.795,-512.33
-91.093,-111.89,-142.92
-95.269,32.849,-432.91
-107.26,-95.218,-175
-116.1,-45.015,-254.04
-70.654,2.6435,-388.05
-110,-54.957,-309.82
-91.342,-70.469,-108.21
-81.177,-21.989,-280.19
-73.712,-7.9185,-343.86
-79.66,35.812,-449.48
-114.1,-13.878,-413.43
-115.81,24.174,-475.06
-76.663,-49.798,-326.35
-64.628,-117.81,-87.658
-117.78,-18.942,-372.65
-96.693,-48.158,-187.94
-76.547,-34.218,-372.65
-107.06,3.1313,-359.94
-72.353,-39.378,-248.52
-99.661,-99.983,-30.442
-85.886,7.2299,-507.08
-106.98,30.374,-440.51
-68.002,-0.36182,-431.51
-105.22,-119.53,-50.46
-82.955,21.085,-405.06
-98.375,-52.461,-175.68
-111.95,-29.622,-379.19
-68.52,-95.521,-164.19
-101.05,21.241,-403.93
-100.63,-88.126,-219.64
-117.54,-3.0923,-411.21
-83.619,-99.202,-185.96
-86.37,-89.707,-36.638
-90.135,-43.915,-363.2
-76.408,-109.54,-142.88
-109.28,-85.81,-204.81
-70.238,-109.58,-129.29
-108.5,-107.12,-95.82
-82.828,-35.064,-382.95
-71.542,-28.535,-290.25
-109.02,-104.82,-106.26
-97.457,-0.4664,-337.33
-71.59,-10.856,-425.09
-58.307,-114.04,-64.81
-56.636,-115.82,-48.211
-114.42,-79.327,-187.59
-95.611,-18.472,-281.91
-59.382,-103.3,-89.183
-108.73,-82.649,-114.58
-74.556,-24.246,-396.37
-114.27,0.35825,-375.07
-103.78,-15.702,-297.69
-106.92,-96.006,-173.16
-72.388,-21.599,-395.72
-70.883,-54.089,-199.95
-72.554,1.0061,-465.98
-72.372,-71.969,-246.26
-117,-47.978,-294.43
-62.815,-85.16,-111.7
-114.91,-75.078,-205.81
-105.65,-42.537,-219.14
-77.402,50.472,-491.55
-68.162,-37.437,-304.58
-86.271,-84.343,-236.53
-92.036,62.115,-513.41
-106.9,13.483,-390.36
-57.038,-107.89,-54.91
-67.987,0.79537,-435.75
-65.099,-76.406,-138
-93.913,-75.219,-94.628
-71.049,-71.964,-240.7
-110.17,-19.257,-300.67
-80.536,53.668,-495.48
-80.173,-89.052,-37.009
-91.674,-55.042,-330.38
-85.585,24.651,-412.21
-68.078,-39.944,-296.2
-67.348,-60.574,-200.12
-63.61,-81.654,-124.74
-60.401,-101.38,-101.93
-64.146,-77.048,-161.47
-107,-109.83,-54.852
-99.795,-110.98,-133.88
-116.19,-29.013,-298.78
-108.3,-106.32,-108.98
-79.832,-87.132,-44.407
-74.948,-134.66,-56.403
-118.03,-40.863,-298.65
-77.707,-60.852,-149.92
-105.84,-18.829,-424.42
-115.71,6.1465,-451.94
-95.73,-79.55,-253.27
-75.062,-29.034,-383.66
-76.361,-117.57,-116.4
-105.12,58.636,-519.67
-91.803,-64.541,-301.39
-78.136,42.113,-468.51
-115.22,-33.757,-353.09
-100,-107.67,-147.06
-95.109,-135,-40.375
-77.639,-47.005,-202.59
-67.456,6.0012,-447.61
-75.531,18.292,-411.4
-116.96,-17.503,-385.97
-90.397,-81.496,-247.67
-108.33,-14.54,-309.93
-77.379,4.747,-369.16
-105.41,-75.978,-118.22
-98.982,11.074,-372.41
-73.927,-2.0999,-359.97
-110.73,-98.269,-117.16
-81.17,-81.852,-238.65
-107.79,-50.192,-330.35
-68.967,-6.2063,-377.13
-106.31,-114.87,-73.423
-113.47,-60.27,-278.83
-80.797,-2.9897,-339.31
-101.23,-84.5,-231.36
-93.245,-119.73,-110.61
-88.901,-84.101,-58.544
-82.487,-73.051,-267.91
-105.55,-50.894,-193.37
-116.05,-24.823,-309.9
-108.77,-69.007,-267.76
-106.67,-5.8149,-332.45
-93.123,-77.313,-86.544
-110.14,-31.97,-378.14
-106.08,-57.57,-311.27
-112.94,-36.478,-259.51
-88.534,-86.428,-50.07
-74.619,-0.22397,-468.95
-108.23,-74.319,-251.24
-111.96,-47.598,-223.4
-110.65,-98.589,-116.17
-62.507,-124.12,-62.419
-88.564,7.5841,-508.99
-69.938,-120.14,-96.211
-66.498,-84.325,-183.08
-100.37,-15.148,-442.11
-79.945,-54.165,-321.02
-71.59,47.261,-496.53
-67.643,-61.372,-192.3
-94.117,13.222,-523.48
-87.332,-6.1858,-321.4
-105.67,-116.05,-37.104
-89.47,0.23257,-339.27
-92.679,-130.72,-65.939
-101.86,59.849,-516.34
-79.767,12.819,-386.88
-101.74,-119.01,-90.378
-106.8,-0.80166,-470.11
-97.563,25.171,-412.28
-67.666,3.8614,-417.53
-57.883,-103.74,-46.984
-97.293,-111.63,-136.69
-112.53,-34.085,-364.36
-69.948,-65.345,-156.41
-110.46,-94.018,-159.99
-106.4,-57.242,-176.32
-91.354,-65.715,-124.74
-93.287,-127.32,-79.214
-67.74,-71.044,-142.82
-108.04,-86.069,-102.68
-78.405,-78.451,-244.2
-95.731,-80.086,-251.51
-56.367,-109.04,-35.352
-68.19,42.422,-497.46
-110.75,-15.401,-313.94
-112.19,-76.161,-227.96
-68.778,-20.817,-339.17
-107.22,16.294,-512.73
-98.603,-29.877,-402.66
-111.83,-38.712,-248.52
-110.76,0.3604,-361.14
-118.13,-18.177,-366.81
-91.101,-74.391,-270.49
-116.19,-64.606,-214.23
-96.097,5.4131,-501.18
-116.22,-32.029,-351.81
-62.882,-91.576,-139.76
-78.708,-123.73,-98.074
-113.65,-0.51529,-369.41
-67.85,-52.387,-234.08
-113.3,-57.51,-202.6
-71.829,-51.416,-303.49
-94.029,14.676,-527.47
-69.016,-41.48,-264.62
-114.33,41.453,-526.59
-94.742,-68.252,-289.72
-106.11,-106.01,-49.35
-83.002,-107.8,-156.56
-59.043,-99.082,-70.659
-105.43,138.38,-469.48
-106.34,141.69,-464.91
-122.19,53.566,-114.23
-129.94,157.72,-453.21
-120.97,164.63,-481.1
-140.55,43.273,-245.36
-111.58,127.51,-399.98
-152.62,75.223,-331.71
-139.52,52.832,-277.75
-115.12,86.078,-259.76
-156.4,35.607,-110.89
-158.98,46.441,-152.15
-110.81,44.987,-125.49
-110.52,114.7,-440.72
-107.09,138.21,-452.35
-148.1,101.66,-276.19
-152.66,15.175,-52.137
-152.54,48.807,-245.45
-123.72,126.39,-359.12
-153.51,14.826,-60.471
-136.66,32.784,-42.331
-136.71,24.724,-184.24
-139.38,67.771,-155.21
-114.69,143.39,-430.4
-125.67,120.65,-502.62
-152.48,42.843,-106.87
-141.45,37.957,-226.91
-117.72,139.7,-411.8
-113.2,101.87,-402.47
-135.39,39.016,-60.19
-150.63,1.6091,-27.087
-157.78,71.477,-300.49
-128.95,110.95,-471.04
-125.61,49.981,-259.28
-154.21,24.218,-76.035
-119.38,80.018,-218.84
-108.69,120.5,-407.84
-149.97,58.461,-142.17
-112.25,67.01,-252.28
-114.39,-4.589,-70.196
-147.5,-10.792,-1.5488
-124.71,44.257,-77.035
-116.66,72.785,-309.66
-118.68,60.496,-276.1
-137.11,-8.5473,-67.344
-114.93,53.303,-135.2
-109.86,4.7382,-82.67
-119.55,118.3,-343.25
-138.1,143.28,-406.94
-160.84,99.481,-345.32
-140.81,99.594,-429.05
-136.48,8.4511,-128.85
-111.03,-22.436,-13.239
-121.67,-3.0375,-86.359
-159.69,59.714,-249.76
-153.94,23.103,-143.08
-112.92,73.411,-234.12
-117.32,113.15,-334.61
-110.28,146.82,-454.93
-157.37,126.12,-428.26
-140.18,91.75,-234.69
-159.4,58.07,-181.17
-114.44,58.598,-160.33
-135.28,89.243,-399.21
-108.48,22.037,-25.154
-108.16,-14.317,-29.057
-104.49,139.69,-494.61
-153.13,45.719,-116.74
-140.75,43.283,-79.458
-108.29,131.32,-429.65
-121.12,18.676,-151.51
-106.45,136.42,-454.94
-122.16,87.796,-237.4
-133.07,75.51,-353.13
-145.51,100.5,-268.36
-113.89,13.028,-117.4
-147.68,65.977,-313.08
-156.83,30.779,-156.31
-118.25,49.727,-239.24
-112.12,101.45,-392.21
-155.5,133.78,-465.04
-130.78,104.24,-278.21
-158.08,34.137,-126.58
-111.94,122.89,-386.39
-114.77,81.874,-332.06
-156.79,122.38,-383.91
-117.76,88.991,-373.85
-111.97,38.07,-82.766
-161.75,73.546,-270.83
-114.64,71.783,-294.23
-134.86,67.561,-327.07
-112.71,43.369,-103.13
-160.22,53.314,-178.64
-127.22,142,-403.77
-111.57,-24.521,-8.2158
-112.74,84.745,-325.32
-144.79,79.501,-360.9
-117.34,-12.316,-52.811
-145.83,35.852,-67.976
-151.58,85.223,-365.42
-110.64,31.228,-149.01
-161.93,74.841,-267.31
-117.62,161.84,-477.39
-112.36,67.922,-257.09
-159.52,112.35,-381.77
-125.18,109.22,-463.06
-138.69,91.998,-234.98
-120.33,53.272,-116.86
-150.21,99.397,-411.09
-127.48,97.244,-258.76
-149.3,70.242,-323.88
-152.89,78.487,-341.11
-136.06,24.682,-17.303
-110.26,32.498,-149.08
-107.2,17.048,-97.733
-155.41,74.254,-319.56
-138.83,86.571,-216.97
-138.95,93.304,-410.83
-145.93,81.509,-206.26
-114.46,74.087,-222.03
-122.29,68.706,-315.32
-153.94,74.809,-326.44
-147.67,68.879,-168.78
-145.93,101.15,-271.11
-135.5,134.89,-377.53
-105.19,151.91,-493.94
-111.88,120.08,-472.85
-122.9,78.694,-204.09
-155.17,120.03,-444.89
-104.85,0.58156,-52.606
-125.13,151.65,-436.15
-114.78,105.96,-427.99
-155.47,117.18,-353.15
-107.33,-9.6586,-38.581
-152.34,28.816,-174.09
-104.64,15.285,-13.898
-135.62,20.486,-170.13
-120.85,53.512,-116.62
-143.92,103.98,-438.25
-112.07,70.245,-237.16
-112.87,156.85,-473.4
-123.41,30.582,-192.59
-155.62,19.733,-102.92
-116.14,64.034,-173.12
-112.27,-25.279,-7.1298
-104.24,20.063,-59.053
-145.81,97.545,-258.89
-135.96,-10.104,-63.085
-153.92,50.346,-246.44
-98.723,-4.5146,-3.8865
-154.33,138.66,-439.6
-158.25,120.43,-394.94
-109.03,41.056,-133.63
-103.97,144.71,-496.65
-123.42,89.877,-241.43
-145.89,-14.004,-8.5705
-139.77,14.408,4.5561
-152.38,76.18,-202.28
-110.93,117.93,-380.8
-120.19,39.726,-65.759
-113.13,71.835,-280.96
-123.46,2.7583,-106.28
-129.78,87.306,-222.51
-146.04,5.87,3.8681
-111.58,38.451,-172.18
-151.95,47.397,-242.28
-147.51,74.989,-342.38
-126.38,-9.0876,-70.542
-126.83,-8.9585,-71.094
-102.37,-6.3208,-26.622
-112.14,66.764,-219.31
-111.69,142.32,-437.57
-120.22,68.047,-307.16
-155.97,75.955,-322.65
-109.75,44.118,-160.25
-115.65,96.493,-393.91
-157.7,48.929,-224.72
-103.31,14.72,-58.54
-147.51,82.241,-211.03
-107.78,127.97,-481.1
-103.81,18.402,-51.157
-146.71,51.821,-115.22
-146.38,94.901,-250.88
-120.96,16.315,-144.06
-120.94,109.22,-311.11
-120.33,82.258,-223.55
-150.87,28.792,-179
-157.45,78.36,-227.55
-100.43,-6.9934,-14.52
-151.39,33.311,-194.1
-105.74,141.01,-469.1
-139.38,-10.977,-53.938
-115.46,94.156,-383.76
-161,87.328,-321.86
-112.43,76.888,-254.45
-160.94,87.347,-322.69
-161.18,55.344,-201.94
-118.31,34.592,-192.54
-159.22,72.631,-219.96
-113.46,122.12,-487.5
-134.55,25.921,-18.996
-111.08,96.53,-346.97
-129.15,107.52,-290.63
-160.08,44.489,-177.58
-128.98,37.887,-53.482
-140.93,79.471,-364.79
-160.62,99.794,-352.56
-161.47,72.206,-240.7
-150.51,94.275,-395.35
-149.28,36.913,-212.42
-159.15,92.366,-283.56
-111,54.714,-183.39
-109.94,143.62,-448.19
-152.87,44.122,-228.25
-115.26,92.689,-376.92
-152,14.188,-114.3
-117.11,26.425,-164.69
-132.51,168.57,-490.03
-136.89,20,-168.24
-136.54,56.304,-116.28
-160.75,66.18,-214.52
-106.85,24.164,-45.903
-157.8,72.543,-303.74
-151.71,73.553,-328.91
-109.13,114.53,-396.18
-129.15,103.79,-446.95
-152.42,76.489,-203.33
-117.31,109.15,-322.46
-157.35,50.533,-148.79
-124.04,166.33,-483.58
-123.49,125.86,-357.84
-133.57,61.014,-304.74
-115.35,39.164,-74.184
-154.26,83.888,-353.17
-153.6,23.56,-70.597
-108.14,157.36,-491.02
-109.86,43.07,-162.69
-139.37,94.786,-244.47
-114.73,149.09,-446.39
-124.02,91.049,-397.57
-116.26,41.906,-82.667
-129.55,-21.344,-28.386
-124.08,61.412,-139.79
-133.45,85.054,-212.25
-146.41,127.79,-502.1
-129.97,140.24,-396.21
-100.97,1.629,-29.411
-117.41,30.42,-177.28
-151.63,12.23,-107.36
-122.35,14.542,-141.09
-141.38,77.465,-357.93
-123.51,19.896,7.0595
-112.02,55.174,-165.06
-131.15,48.545,-89.28
-159.88,103.72,-371.19
-150.27,154.81,-482.44
-141.22,99.392,-427.95
-104.08,3.7893,-54.685
-156.45,53.666,-248.05
-152.42,122.46,-465.56
-111.68,92.772,-344.61
-147.81,58.584,-137.57
-133.6,58.068,-121.26
-109.86,44.929,-140.69
-128.09,156.51,-449.75
-113.63,77.857,-242.72
-134.52,111,-298.41
-146.41,27.323,-47.061
-127.45,163.58,-472.94
-159.19,78.782,-314.7
-111.19,123.09,-391.24
-125.57,123.29,-346.37
-106.16,140.94,-465.05
-122.86,164.79,-479.63
-128.93,94.23,-246.78
-114.02,80.787,-322.42
-149.56,128.58,-493.5
-136.41,113.88,-478.25
-126.29,71.528,-172.5
-108.62,31.295,-70.8
-150.78,63.321,-158.63
-151.1,46.881,-242.73
-138.09,23.222,-178.76
-157.65,124.12,-423.54
-116.3,143.78,-427.14
-138.97,4.9482,-114.47
-139.68,-17.769,-25.295
-120.99,-14.527,-50.017
-146.07,71.23,-332.58
-103.19,-3.8931,-35.452
-159.61,40.768,-162.05
-115.34,150.11,-447.73
-115.9,13.047,-123.18
-148.97,48.949,-254.45
-101.96,11.022,-17.918
-145.22,130.97,-372.35
-120.01,78.538,-343.39
-161.93,73.037,-260.94
-117.36,39.609,-204.5
-153.37,149.36,-494.74
-120.61,11.442,-128.78
-137.45,-17.807,-31.02
-135.11,157.86,-454.95
-126.19,89.682,-395.93
-143.44,123.66,-497.73
-141.19,81.051,-199.88
-116.9,65.691,-175.99
-112.41,38.376,-81.963
-154.04,95.647,-270.51
-148.34,67.246,-165.02
-156.8,62.019,-274.68
-112.2,41.761,-184.74
-127.84,152.14,-435.73
-129.76,149.35,-425.87
-154.02,50.386,-132.36
-107.52,7.7915,-80.472
-154.23,81.688,-346.65
-128.43,91.868,-405.83
-154.9,138.92,-449.71
-145.63,156.53,-468
-158.97,110.74,-394.24
-141.82,118.15,-324.04
-132.29,139.67,-393.51
-101.15,-10.765,-11.863
-160.26,105.86,-354.55
-105.81,19.154,-90.241
-111.05,3.001,-82.176
-107.05,127.98,-438.54
-149.06,89.139,-236.29
-149.82,26.267,-172.65
-106.64,127.54,-456.05
-134.33,27.393,-193.15
-161.44,58.956,-219.59
-115.29,92.368,-375.81
-111.64,99.193,-330.43
-160.71,90.923,-334.45
-144.82,-15.368,-11.074
-129.14,37.305,-51.554
-111.73,86.256,-305.14
-153.34,118.25,-347.62
-138.36,42.994,-245.24
-161.68,66.372,-230.58
-135.47,43.188,-73.417
-113.53,88.211,-278.54
-130.57,-12.313,-59.535
-112.54,72.231,-235.04
-137.18,3.9369,-112.58
-141.29,41.587,-239.26
-142.89,47.426,-257.67
-113.42,31.364,-47.646
-137.77,-16.448,-35.725
-133.77,8.841,-131.08
-142.61,149.19,-433.2
-115.4,154.02,-458.83
-161.56,61.33,-228.06
-143.04,10.555,-129.25
-147.5,36.123,-213.25
-119.09,106.97,-445.67
-113.82,103.13,-411.59
-132.82,121.06,-332.26
-118.93,14.394,-134.27
-155.36,68.565,-301.78
-137.86,51.235,-272.83
-115.58,82.591,-339.72
-153.32,107.81,-424.21
-142.36,131.97,-371.84
-105.43,19.204,-29.642
-112.45,88.868,-292.24
-112.64,105.69,-337.03
-121.67,-20.55,-31.332
-109.38,25.949,-39.169
-161.36,89.509,-298.52
-137.21,112.09,-471.89
-161.67,64.542,-239.62
-150.08,-1.6303,-34.506
-146.45,-13.9,0.44715
-152.51,109.39,-431.52
-148.4,-5.9933,-0.25721
-109.03,117.2,-399.35
-126.58,162.7,-470.42
-158.36,120.4,-406.51
-130.33,140.53,-396.97
-112.32,54.954,-219.9
-155.02,138.6,-449.93
-145.77,97.244,-414.63
-118.85,16.089,-139.08
-149.1,47.748,-109.21
-154.73,101.03,-400.31
-128.05,73.967,-178.72
-160.42,75.778,-296.18
-144.47,-16.137,-9.5803
-156.56,33.895,-172.81
-112.02,71.62,-259.66
-105.81,133.78,-487.26
-133.46,50.452,-269.43
-155.66,60.005,-165.17
-122.55,-27.3,-9.5631
-131.28,49.943,-93.976
-109.77,119.12,-393.24
-105.3,17.663,-21.971
-160.91,88.471,-286.42
-141.72,26.852,-188.82
-153.61,12.604,-63.6
-113.14,74.829,-236.79
-121.22,63.428,-153.01
-125.47,31.488,-198.97
-142.64,47.408,-257.81
-129.07,88.802,-395.82
-116.51,128.33,-382.2
-114.88,55.923,-146.55
-118.68,-6.3985,-72.374
-135.42,112.51,-474.65
-118.6,33.508,-191.04
-161.12,-0.75073,-64.12
-129.05,70.688,-387.16
-113.96,136.89,-499.16
-113.98,9.6293,-87.104
-116.14,107.23,-475.54
-164.48,11.03,-108.67
-146.34,50.6,-334.39
-160.33,-3.609,-115.68
-121.66,37.62,-238.97
-118.28,87.055,-368
-123.13,64.515,-250.68
-146.93,113.94,-372.85
-137.22,92.797,-305.18
-117.65,-24.48,-58.097
-140.82,75.516,-417.4
-115.95,-15.786,-74.305
-110.99,-1.7995,-50.252
-124.66,98.334,-350.19
-159.5,119.81,-420.36
-114.82,-21.208,-57.295
-109.83,-12.867,-46.083
-167.85,50.441,-217.53
-168.71,81.177,-350.67
-120.24,57.182,-253.14
-138.63,90.293,-466.4
-142.64,56.825,-355.29
-127.48,6.6503,-170.33
-160.58,-7.6246,-56.087
-157.02,132.3,-460.33
-153.43,53.656,-178.09
-129.88,-36.774,-41.242
-152.44,119.47,-398.31
-130.32,47.118,-307.36
-142.07,82.765,-268.49
-133.65,-7.6113,-136.65
-116.01,18.57,-129.16
-168.8,73.958,-337.73
-130.89,-18.918,-98.425
-139.99,103.58,-338.31
-160.41,53.341,-191.75
-168.77,75.921,-311.33
-110.41,-3.8992,-43.357
-124.1,1.837,-0.64366
-160.07,-9.4994,-49.831
-169.06,38.588,-206.62
-120.55,106.97,-499.72
-128.66,51.869,-181.79
-147.4,-18.495,-97.716
-142.03,142.49,-467.33
-163.83,94.752,-427.96
-143.32,58.535,-187.09
-141.11,70.842,-401.85
-125.3,50.225,-187.21
-130.44,62.893,-216.5
-143.04,8.0519,-24.247
-111.71,-7.3404,-67.925
-160.06,-11.187,-70.977
-164.97,14.003,-116.73
-159.74,15.22,-196.15
-113.3,0.61856,-90.692
-147.68,-1.9058,-4.2504
-161.41,6.6666,-155.86
-156.8,-20.557,-10.21
-167.38,91.348,-358.57
-159.3,112.36,-494.04
-116.37,17.749,-140.34
-119.58,43.798,-208.44
-154.11,107.89,-360.17
-119.88,45.455,-209.95
-137.7,26.727,-80.432
-134.56,85.248,-283.81
-111.25,-5.8128,-64.956
-146.39,98.758,-489.14
-148.58,60.168,-364.71
-119.34,81.062,-376.57
-139.37,142.48,-466.37
-133.35,61.927,-364.8
-118.89,28.428,-189.13
-138.1,78.298,-426.02
-115.08,131.03,-479.19
-119.78,63.948,-291.07
-143.91,90.858,-294.96
-116.06,114.38,-436.85
-167.05,20.215,-157.97
-133.22,38.727,-124.97
-138.13,86.819,-284.58
-121.01,64.077,-266.41
-157.87,-1.0218,-139.79
-119.84,26.357,-115.86
-166.48,49.739,-288.04
-122.39,87.92,-430.43
-161.46,-4.0741,-101.98
-169.12,66.55,-281.08
-162.96,12.961,-173.64
-161.66,120.31,-436.02
-128.77,33.251,-111.83
-154,53.397,-337.05
-122.88,104.77,-498.63
-116.03,-19.788,-64.961
-124.29,24.533,-213.78
-112.75,-3.5146,-11.232
-142.05,91.072,-468.31
-155.74,49.499,-321.7
-121.96,69.69,-276.27
-142.86,40.861,-302.04
-167.87,90.796,-373.62
-144.92,87.11,-282.44
-120.52,70.004,-291.2
-112.82,-5.5463,-79.054
-155.52,125.86,-429.14
-120.51,49.775,-218.92
-122.9,69.079,-357.48
-129.06,13.24,-37.255
-153.08,143.77,-490.82
-159.02,124.97,-439.52
-115.46,8.7931,-57.771
-158.26,22.567,-226.56
-145.91,12.025,-40.101
-148.31,4.6404,-179.32
-121.58,79.223,-389.87
-124.38,36.737,-137.88
-136.53,58.899,-358.6
-119.05,77.419,-344.8
-111.13,-35.64,-10.041
-166.09,103.21,-416.65
-124.57,88.172,-439.88
-133.59,53.729,-336.84
-146.42,59.904,-365.04
-136.57,27.748,-253.81
-156.72,-15.009,-83.414
-132.68,29.255,-91.566
-114.68,132.04,-483.74
-158.53,97.8,-459.62
-153.67,30.541,-262.2
-160.59,25.158,-112.83
-169.77,60.245,-282.35
-110.62,-3.1621,-46.254
-158.04,9.1394,-178.76
-120.5,9.113,-35.962
-127.16,61.993,-350.17
-126.39,57.664,-210.35
-163.71,6.1738,-96.717
-165.37,48.757,-196.91
-164.95,8.9323,-130.59
-119.35,76.282,-327.61
-166.79,18.589,-152.62
-114.63,110.59,-449.32
-162.24,88.825,-421.41
-161.5,38.522,-272.26
-123.65,50.419,-195.88
-137.77,3.1541,-3.6886
-141.22,29.547,-90.343
-121.22,40.507,-244.17
-136.53,33.426,-272.58
-158.66,69.887,-379.65
-130.78,92.792,-470.09
-169.36,50.955,-265.27
-163.66,42.844,-279.04
-168.33,67.256,-273.83
-165.9,48.944,-288.75
-162.85,20.085,-111.25
-160.76,118.79,-500.13
-120.79,104.94,-385.51
-166.99,82.568,-317.17
-161.01,102.37,-461.2
-134.41,150.11,-492.01
-164.71,86.079,-315.26
-119.59,-34.533,-35.375
-137.79,42.322,-133.71
-167.15,81.562,-314.66
-139.87,38.121,-291.44
-159.18,-11.269,-38.313
-145.63,-36.11,-32.861
-125.86,24.328,-83.684
-120.05,62.547,-302.18
-157.34,118.65,-407.23
-162.95,86.178,-307.59
-120.5,69.757,-290.63
-162.57,59.935,-337.6
-145.98,21.495,-68.558
-158.53,111.94,-496.61
-159.28,103.77,-357.76
-145.43,9.1227,-30.848
-132.78,73.634,-404.97
-119.24,78.61,-334.25
-126.71,86.521,-306.54
-165.37,107.74,-417.85
-158.73,-9.9991,-95.141
-118.69,127.63,-453.85
-124.41,17.669,-193.85
-133.79,25.204,-76.383
-153.15,-21.119,-72.671
-148.96,44.971,-314.62
-155.14,39.977,-138.72
-124.19,67.88,-359.85
-112.7,-5.1769,-2.9922
-113.78,-2.9344,-89.991
-119.62,99.986,-379.39
-168.76,44.913,-252.93
-141.92,-27.683,-70.544
-123.57,37.103,-249.18
-135.72,53.711,-175.04
-128.69,101.44,-347.51
-114.67,-5.9195,-90.204
-126.22,137.12,-460.04
-117.56,15.639,-78.427
-149.07,104.01,-340.62
-126.01,-42.189,-21.439
-140.32,118.55,-387.21
-118.45,84.507,-376.41
-136.06,102.54,-338.19
-133.2,71.504,-398.07
-141.93,66.637,-214.57
-162.42,117.11,-427.31
-118.57,85.206,-358.93
-118.86,102.91,-391.61
-120.02,61.329,-273.19
-148.79,18.592,-63.988
-162.76,32.686,-248.1
-163.39,18.477,-193.51
-148.52,109.1,-357.45
-120.8,116.14,-415.24
-157.84,109.22,-492.49
-139.09,-9.427,-134.04
-137.94,96.639,-487.44
-141.2,14.482,-213.71
-142.7,15.674,-47.071
-157.76,100.75,-470.24
-106.78,-22.365,-10.696
-124.94,47.108,-288.9
-119.4,14.344,-161.46
-129.31,21.139,-219.33
-164.77,18.246,-120.41
-121.16,41.082,-245.4
-113.46,6.4138,-66.191
-168.69,51.469,-228.38
-148.83,30.056,-265.13
-156.13,-25.74,-10.908
-154.62,62.12,-364
-154.62,113.35,-380.52
-137.58,54.162,-343.53
-165.65,69.046,-261.17
-159.53,33.552,-261.15
-131.64,36.007,-273.01
-117.54,96.902,-391.71
-116.59,128.81,-466
-123.21,11.927,-40.668
-167.01,96.523,-398.25
-159,27.965,-114.49
-169.61,58.512,-284.27
-127.63,-23.485,-80.645
-122.88,70.167,-271.38
-121.44,-0.4883,4.2954
-124.24,60.426,-332.39
-164.92,41.026,-173.09
-150.77,35.065,-116.32
-129.04,12.791,-35.661
-120.07,65.844,-285.86
-138.14,74.847,-244.67
-128.64,22.531,-222.02
-122.77,32.436,-230.34
-169.42,42.828,-225.2
-161.87,1.6896,-130.15
-148.93,46.974,-321.25
-146.79,2.6352,-173.46
-136.29,115.73,-380.36
-149.56,44.091,-311.32
-121.85,92.116,-344.69
-114.41,-11.187,-78.098
-122.28,25.531,-99.476
-119.31,-2.5584,-119.45
-156.33,-12.818,-95.826
-157.32,87.776,-296.69
-131.07,76.665,-262
-120.24,55.73,-247.71
-153.67,50.807,-329.12
-164.66,58.877,-326.04
-118.25,86.34,-369.62
-137.02,134.21,-439.39
-156.53,-2.5946,-138.16
-122.17,133.59,-458.76
-123.81,15.329,-184.83
-165.92,59.699,-232.58
-147.08,21.727,-238.03
-119.09,78.809,-338.47
-137.39,98.974,-495.18
-159.11,-9.1321,-38.43
-123.26,26.673,-100.6
-163.64,117.27,-463.97
-136.01,5.478,-9.92
-136.67,119.44,-391.94
-125.45,45.331,-285.17
-128.76,32.093,-107.46
-119.65,68.585,-317.41
-140.26,40.928,-301.1
-120.12,-30.406,-48.004
-118.83,36.15,-182.82
-158.82,-9.8772,-35.243
-157.03,105.67,-358.39
-162.96,10.279,-93.376
-149.88,18.924,-226.95
-169.34,41.579,-221.42
-114.54,9.1865,-110.22
-163.5,13.214,-171.43
-163.38,111.07,-407.02
-165.28,57.286,-318.22
-117.3,-0.99359,-2.9609
-148.79,145.15,-484.84
-125.45,40.45,-148.73
-119.81,2.179,-133.37
-162.01,13.845,-93.511
-147.22,138.12,-456.92
-113.22,-27.744,-36.088
-156.41,83.77,-426.38
-114.19,4.977,-103.84
-160.65,132.98,-492.71
-111.4,-18.217,-48.701
-169.57,48.642,-236.27
-141.2,17.831,-52.542
-119.7,20.475,-88.952
-159.25,-9.7169,-92.504
-149.91,13.289,-207.73
-167.36,50.115,-212.81
-145.26,-16.987,-105.88
-147.2,59.541,-191.24
-165.02,107.8,-409.45
-141.84,-16.079,-111.38
-132.66,131.73,-434.46
-121.83,101.18,-481.49
-143.61,85.528,-449.67
-151.02,142.9,-481.48
-157.26,15.669,-76.884
-120.34,64.849,-277.77
-119.63,11.146,-154.92
-123.82,101.78,-489.84
-164.36,8.4538,-106.3
-115.34,0.24692,-15.666
-158.96,-9.1425,-97.849
-132.3,97.768,-328.28
-163.78,92.143,-422.09
-134.41,50.276,-164.61
-136.32,47.331,-152.15
-169.31,41.922,-229.39
-168.37,76.134,-348.7
-164.89,35.056,-247.13
-131.7,31.878,-259.49
-122.31,96.342,-464.08
-158.9,87.826,-431.08
-123.38,-19.702,-84.795
-119.06,32.864,-156.72
-168.17,88.101,-364.22
-157.56,24.163,-233.73
-146.79,123.33,-404.81
-161.28,53.31,-321.09
-114.07,-18.734,-60.101
-138.74,0.069071,-165.16
-152.15,122.41,-408.36
-149.89,131.02,-435.49
-166.29,94.491,-408.07
-162.16,8.2339,-84.299
-123.49,87.835,-323.59
-160.02,-2.1988,-53.399
-117.69,26.607,-141.54
-117.45,94.712,-422.38
-144.38,-34.798,-40.702
-125.91,141.73,-474.39
-130.58,122.26,-407.75
-149.82,84.774,-276.43
-151.82,74.858,-245.15
-121.92,43.163,-258.09
-137.69,140.52,-459.83
-142.19,51.008,-335.75
-140.68,37.487,-116.56
-118.54,4.1517,-20.956
-167.03,85.16,-327.51
-133.3,-21.173,-93.272
-126.09,7.2014,-18.169
-168.15,54.831,-292.36
-161.18,9.5349,-80.319
-168.62,60.347,-304.57
-161.78,123.36,-498.47
-151.01,-9.8667,-123.9
-121.98,84.109,-412.69
-127,-46.284,-9.1297
-162.88,31.596,-243.88
-147.43,55.494,-178.04
-119.82,86.548,-408.61
-153.74,-31.51,-15.091
-120.5,79.826,-319.73
-113.72,-25.179,-43.927
-120.78,40.752,-176.22
-121.86,40.061,-164.65
-130.88,53.738,-331.49
-163.6,117.13,-465.15
-121.28,29.107,-211.61
-132.63,86.168,-448.95
-146.19,66.09,-212.57
-147.53,-31.965,-44.958
-158.42,2.9691,-153.8
-153.08,113.93,-379.68
-165.93,15.176,-156.06
-107.66,-27.736,-10.72
-164.72,69.922,-358.6
-115.82,103.01,-427.74
-118.91,80.565,-346.03
-106.26,-20.319,-3.9555
-143.45,67.98,-218.71
-152.73,80.072,-422.8
-146.04,-5.3422,-146.36
-153.12,-33.819,-6.7739
-128.82,106.52,-362.9
-161.25,-37.547,-82.333
-176.56,64.792,-355.35
-167.68,63.582,-285.51
-172.51,66.211,-312.13
-136.59,-4.4241,-198.39
-126.82,5.72,-184.29
-161.88,-40.496,-65.996
-171.22,101.49,-458.69
-122.48,-5.4972,-110.32
-171.17,64.948,-301.65
-160.63,-12.227,-181.98
-132.33,17.126,-134.78
-166.73,60.499,-272.76
-171.62,77.122,-433.56
-160.86,12.151,-109.47
-156.68,-43.119,-73.262
-127.36,96.218,-420.11
-141.05,77.456,-485.71
-155.64,47.87,-216.41
-130.22,-10.324,-29.482
-138.39,-13.355,-174.59
-170.17,66.338,-302.64
-174.21,-1.2877,-159.49
-167.17,58.387,-401.34
-128.05,27.657,-251.95
-139.21,82.049,-341.39
-123.09,-38.031,-65.808
-156.35,29.821,-157.82
-177.63,38.275,-265.98
-143.34,13.658,-101.92
-124.77,4.9187,-134.28
-157.43,77.674,-316.79
-136.2,50.727,-382.05
-123.61,86.954,-460.26
-175.49,63.99,-374.56
-172.58,72.434,-335.13
-136.97,55.176,-259.32
-146.89,-54.587,-44.876
-148.54,-52.13,-52.272
-173.26,88.476,-411.34
-171.72,1.2058,-119.82
-144.22,-3.8732,-42.243
-126.3,13.619,-163.32
-147.77,98.607,-384.98
-140.09,25.528,-147.56
-174,29.798,-287.71
-132.53,55.538,-387.35
-129.74,-42.188,-73.17
-129.93,-12.979,-19.651
-177.06,30,-261.74
-120.86,-18.655,-28.202
-151.22,-10.677,-26.576
-151.01,11.588,-95.394
-167.92,-24.152,-54.412
-126.74,6.2762,-184.7
-156.19,-33.621,-110.86
-120.77,-19.571,-89.424
-177.06,57.577,-335.29
-173.38,61.238,-384.19
-168.47,69.187,-306.89
-146.16,101.89,-396.39
-126.47,85.494,-399.11
-154.29,18.093,-290.19
-128.27,60.888,-322.23
-141.86,8.6751,-85.349
-127.58,68.234,-409.75
-145.94,-5.7198,-36.894
-123.86,-35.589,-74.427
-145.9,70.405,-293.91
-125.7,-7.9131,-53.546
-163.5,10.37,-255.86
-129.12,-46.305,-60.314
-121.64,-10.713,-70.066
-160.67,51.041,-231.04
-162.39,111.05,-442.22
-172.64,82.017,-436.85
-160.62,-39.138,-77.826
-172.47,-8.5669,-145.76
-147.9,-0.55504,-226.91
-175.3,58.994,-364.79
-172.65,85.047,-386.17
-170.06,55.204,-382.72
-161.81,91.616,-510.83
-148.23,52.577,-404.77
-125.03,4.6933,-126.4
-154.39,0.73914,-232.15
-170.4,-19.638,-101.13
-136.18,-53.367,-48.732
-125.54,-5.5784,-150.21
-134.48,74.834,-466.97
-172.77,36.397,-315.09
-137.34,-26.377,-133.07
-130.37,13.726,-230.81
-146.23,16.856,-283.29
-177.37,28.753,-235.25
-155.73,130.64,-499.65
-127.1,23.634,-212.26
-175.19,76.857,-395.66
-166.19,-10.818,-174.35
-131.78,1.1307,-71.525
-166.98,-20.956,-129.83
-159.3,88.397,-354.99
-124.95,83.112,-408.32
-144.59,-10.162,-192.99
-171.51,86.017,-453.58
-133.06,25.081,-163.85
-156.29,73.199,-301.03
-153.54,-3.6855,-217.51
-130.02,33.351,-212.89
-134.66,10.592,-239.71
-139.03,88.427,-361.82
-167.09,88.081,-369.9
-161.32,-3.8504,-65.715
-176.56,63.818,-341.36
-124.51,4.006,-133.96
-125.4,9.4426,-161.51
-166.71,56.945,-260.88
-169.56,106.58,-505.66
-142.4,34.859,-177.47
-177.14,25.829,-223.28
-171.9,73.321,-422.96
-128.33,0.75686,-182.91
-176.4,25.308,-253.8
-135.73,85.016,-358.52
-140.5,68.399,-294.89
-135.64,36.557,-329.72
-172.4,14.384,-153.06
-154.09,60.656,-430.03
-147.95,-23.539,-151.11
-176.31,32.142,-226.22
-173.2,80.745,-372.15
-126.99,71.539,-362.76
-142.37,66.013,-447.23
-173.99,55.77,-365.9
-120.37,-19.359,-85.664
-169.99,89.589,-471.53
-125.65,106.89,-454.96
-149.67,-12.759,-18.309
-171.04,-3.9818,-180.51
-170.22,44.457,-230.22
-139.83,97.852,-389.88
-163.98,-38.064,-64.889
-151.85,31.304,-160.31
-138.32,10.102,-93.759
-170.29,104.55,-493.03
-176.69,54.695,-339.05
-147.28,36.103,-177.24
-144.59,14.832,-274.81
-149.89,35.943,-175.78
-168.58,79.941,-345.16
-127.28,76.845,-447.03
-165.18,88.031,-364.28
-158.8,110.55,-432.24
-124.88,81.806,-449.15
-170.95,-15.662,-123.74
-167.64,7.6853,-237.44
-143.78,9.7833,-88.318
-131.66,-0.30776,-195.7
-150.07,18.504,-117.52
-155.85,-48.953,-51.641
-148.86,-22.567,-154.46
-134.08,-1.343,-57.205
-167.83,25.89,-298.42
-167.18,-27.464,-45.126
-144.75,15.927,-278.64
-175.9,69.648,-377.49
-174.47,-0.21804,-157.65
-130.01,91.637,-396.42
-135.58,24.105,-286.82
-143.45,81.645,-333.38
-164.74,118.26,-479.88
-162.12,33.422,-176.34
-159.11,-48.427,-42.199
-131.22,76.235,-347.43
-134.76,37.212,-203.49
-159.2,-13.402,-34.892
-158.22,73.659,-465.92
-153.63,45.433,-207.62
-160.87,60.1,-420.4
-176.61,21.237,-204.43
-122.93,89.301,-459.99
-140.53,87,-354.71
-150.43,74.499,-304.65
-171.05,72.621,-328.28
-131.24,122.24,-479.07
-163.71,35.703,-339.1
-156.26,14.468,-109.22
-146.95,-21.843,-156.46
-159.05,28.207,-320.95
-152.24,-22.59,-153.82
-161.2,19.138,-130.83
-132.96,80.081,-482.99
-125.67,-31.939,-89.702
-165.4,-22.262,-131.44
-132.49,21.62,-266.46
-139.43,-50.052,-61.323
-126.75,92.603,-511.41
-166.92,47.943,-231.95
-169.88,109.05,-498.68
-153.13,85.296,-340.4
-172.34,88.134,-397.37
-153.45,-46.012,-68.56
-131.46,-7.7117,-173.76
-152.48,-50.059,-54.712
-143.53,-38.498,-100.6
-135.11,35.447,-195.79
-177.15,22.907,-225.33
-123.93,121.89,-500.59
-172.59,17.776,-254.38
-132.63,-7.6129,-35.678
-164.22,74.223,-454.99
-135.32,-6.4334,-189.1
-161.06,62.724,-270.16
-161.63,21.794,-139.63
-125.92,69.81,-382.56
-175.77,43.058,-253.76
-161.51,123.07,-485.98
-165.47,112.76,-460.44
-168.91,90.326,-385.21
-163.06,84.44,-487.04
-165.84,-25.713,-114.36
-135.96,102.4,-410.6
-174.17,-1.3138,-144.44
-165.33,46.806,-224.76
-127.01,61.639,-368.31
-177.45,37.514,-279.66
-133.97,5.544,-83.901
-129.47,44.378,-258.55
-127.34,53.424,-323.52
-125.36,95.765,-429.85
-175.3,76.552,-384.12
-165.11,110.01,-447.56
-151.92,21.646,-302.18
-138.58,-48.976,-64.318
-173.4,73.181,-343.04
-139.7,29.637,-163.09
-151.17,35.705,-348.96
-149.21,83.365,-334.39
-127.29,23.974,-227.53
-143.52,-15.678,-3.6084
-158.72,79.532,-482.75
-147.92,108.01,-415.78
-135.16,59.423,-411.13
-163.6,-26.767,-20.555
-128.39,84.417,-384.43
-141.27,26.795,-150.39
-176.73,61.457,-349.55
-142.59,-25.934,-140.62
-141.95,95.676,-380.16
-173.3,1.9838,-189.99
-170.9,87.054,-382.27
-160.59,-18.602,-158.99
-128.22,-15.568,-12.917
-165.71,36.101,-336.46
-153.13,-32.938,-117.11
-175.67,8.5409,-174.13
-145.83,-37.345,-104.87
-167.22,-13.136,-65.537
-158.47,39.345,-357.88
-128.03,33.698,-269.54
-168.21,-10.584,-75.886
-139.72,73.679,-313.59
-143.11,53.136,-403.29
-127.04,-50.86,-43.354
-123.66,-53.969,-27.217
-172.33,16.104,-156.91
-138.71,56.13,-258.01
-125.96,-40.762,-68.001
-155.99,6.9883,-86.03
-148.08,43.279,-373.44
-159.34,86.26,-347.71
-146.3,63.998,-272.29
-174.03,-2.2204,-142.62
-144.67,43.99,-373.41
-125.86,9.5244,-178.88
-144.43,64.722,-444.25
-146.85,-1.6966,-222.47
-175.59,46.688,-263.95
-121.79,-23.475,-91.058
-173.59,20.487,-175.06
-149.11,40.866,-192.59
-122.72,107.61,-472.78
-133.65,25.207,-283.41
-163.22,-3.2233,-209.41
-130.99,126.69,-492.66
-148.58,92.643,-365.15
-120.4,-47.223,-34.405
-135.25,60.496,-415.39
-123.22,-14.113,-117.2
-136.25,2.8456,-69.716
-144.77,-2.7377,-217.25
-153.95,65.278,-273.77
-123.92,112.21,-476.36
-123.14,-18.867,-14.428
-167.41,26.968,-303.03
-129.59,89.135,-391.29
-133.51,22.843,-274.99
-127.16,2.2555,-179.11
-122.75,-19.697,-104.01
-128.01,-38.106,-80.485
-127.39,-14.243,-140.33
-159.86,-17.877,-25.396
-170.21,-19.989,-104.05
-164.18,61.262,-270.01
-169.09,-12.091,-78.548
-123.12,-17.268,-21.909
-150.82,-57.113,-30.387
-172.83,53.088,-268.52
-125.63,6.3796,-128.03
-174.12,68.011,-395.91
-171.65,94.847,-423.34
-170.75,7.0711,-224.57
-148.96,39.31,-360.47
-152.94,-40.363,-90.457
-144.36,132.3,-496.19
-167.77,18.402,-273.75
-123.99,100.55,-449.33
-176.76,59.159,-323.02
-170.87,-16.724,-117.23
-163.4,-45.582,-11.095
-127.2,19.369,-180.9
-133.93,64.741,-427.57
-125.63,77.896,-391.71
-174.45,74.348,-356.37
-166.78,2.0181,-219.85
-151.42,68.226,-283.58
-127.24,66.671,-348.78
-150.05,10.318,-90.759
-140.55,85.121,-348.73
-127.03,58.786,-339.79
-167.59,-3.9401,-86.845
-158.19,-4.3329,-212.6
-176.78,40.733,-300.59
-129.04,53.2,-357.13
-165.99,-21.496,-43.287
-177.42,34.216,-248.2
-128.88,61.485,-318.24
-173.79,5.6853,-201.7
-166.09,-31.863,-81.625
-130.93,-8.7047,-34.441
-159.42,4.5912,-241.82
-149.21,33.186,-166.61
-163.64,64.922,-281.3
-177.06,24.002,-237.41
-149.12,74.973,-306.72
-135.38,0.38242,-61.745
-176.59,58.453,-348.63
-176.33,33.1,-281.54
-158.72,51.778,-231.42
-130.45,-11.106,-25.993
-147.33,65.154,-446.69
-176.73,18.818,-220.85
-157.86,40.965,-195.21
-167.54,-4.2766,-85.86
-135.98,-56.276,-39.392
-160.92,81.542,-484.18
-145.72,-47.171,-71.568
-137.8,-17.618,-160.47
-171.07,68.249,-414.54
-156.09,20.026,-295.99
-121.19,101.7,-478.4
-126.37,1.49,-171.31
-164.5,89.994,-497.9
-132.41,62.279,-299.25
-159.25,-24.31,-7.6842
-133.54,69.373,-316.96
-163.82,-42.67,-36.963
-140.48,131.1,-493.61
-127.53,75.212,-366.45
-168.28,-26.877,-60.354
-172.57,84.632,-442.12
-138.47,96.947,-389.3
-129.63,61.958,-397.85
-116.98,-43.765,-26.847
-169.24,-21.934,-107.19
-177.07,57.705,-334.52
-123.69,-1.6761,-135.37
-173,0.98951,-129.25
-150.47,28.024,-149.19
-134.24,9.9615,-100.52
-164.75,-39.085,-50.169
-122.88,-8.0728,-121.93
-155.27,3.3859,-74.186
-155.05,-3.1429,-218.82
-170.74,6.5791,-222.81
-116.83,-49.336,-15.246
-121.73,95.835,-479.49
-154.58,69.211,-287.02
-176.42,18.863,-197.15
-130.57,40.056,-318.67
-170.59,100.06,-485.32
-171.17,53.972,-374.88
-157.13,48.888,-220.64
-153.97,83.523,-334.67
-172.08,73.755,-337.32
-167.34,8.9673,-242.72
-169.77,29.849,-183.99
-166.52,84.172,-475.01
-176.22,61.081,-321.74
-131.16,-27.321,-118
-155,-44.496,-71.54
-158.32,84.962,-342.2
-129.04,10.385,-213.03
-160.97,33.155,-173.72
-144.82,16.451,-280.47
-164.3,91.245,-501.96
-129.11,20.922,-243.73
-163.27,124.78,-499.86
-170.06,16.826,-261.48
-155.78,-15.651,-20.49
-159.75,-26.939,-129.52
-119.56,-38.42,-50.264
-86.073,193.04,-453.87
-83.86,196.02,-449.52
-82.72,122.24,-95.189
-89.868,222.71,-435.3
-84.115,223.74,-464.82
-128.27,130.88,-219.65
-84.107,185.46,-383.7
-134.51,166.96,-304.98
-127.84,139.08,-252.42
-85.307,149.37,-241.97
-119.31,129.14,-84.339
-122.56,140.93,-125.28
-81.426,108.94,-107.49
-98.966,176.42,-422.72
-84.158,193.24,-436.77
-104.18,182.66,-253.64
-117.7,108.38,-25.601
-134.09,142.64,-218.1
-86.254,190.41,-341.4
-120.16,108.97,-33.595
-92.757,111.92,-20.335
-124.97,111.44,-158.78
-95.052,145.7,-133.59
-82.597,201.1,-414.36
-118.81,192.99,-481.27
-111.1,132.24,-81.718
-128.68,126.51,-200.93
-83.605,199.31,-395.27
-101.54,166.43,-383.62
-91.391,116.76,-38.613
-119.65,95.445,-0.21402
-134.77,165.93,-273.13
-121.21,186.1,-448.87
-115.39,127.49,-236.5
-117.92,117.42,-49.552
-84.435,145.57,-200.56
-87.699,178.49,-391.3
-106.38,144.4,-118.13
-93.36,132.31,-233.48
-103.95,69.957,-48.315
-119.95,82.728,25.358
-83.225,114.97,-57.466
-104.21,141.93,-289.47
-106.86,132.15,-255.13
-123.24,80.767,-41.18
-81.349,118.41,-117.01
-97.154,74.992,-62.157
-84.975,180.83,-325.87
-96.101,214.51,-387.23
-128.55,191.65,-318.99
-129.2,182.79,-404.63
-124.14,96.248,-103.08
-101.38,51.529,8.4977
-111.68,76.334,-63.02
-133.71,155.8,-222.02
-131.27,119.12,-115.24
-86.463,137.01,-216.11
-84.764,175.05,-317.33
-81.815,202.07,-439.49
-125.48,213.82,-403.26
-96.221,168.28,-213.48
-121.33,151.51,-154.68
-82.552,123.3,-142.19
-125.58,170.03,-375.43
-74.447,85.361,-7.5115
-97.242,56.781,-8.2251
-89.371,194.53,-478.8
-111.73,135.3,-91.532
-96.575,124.21,-56.937
-84.938,187.63,-413.7
-110.45,95.716,-128.89
-85.263,191.54,-439.27
-85.357,154.15,-218.96
-123.46,155.99,-329.45
-101.4,179.82,-246.32
-101.83,85.414,-96.228
-132.82,155.89,-286.77
-131.32,127.48,-128.37
-106.05,121.92,-218.13
-99.005,165.02,-373.71
-126.41,220.18,-440.32
-89.714,174.06,-258.89
-124.51,129.67,-99.301
-84.604,181.5,-369.91
-101.49,148.81,-312.56
-118.82,208.71,-359.54
-107.44,157.96,-353.63
-78.351,102.47,-64.787
-130.85,168.79,-243.53
-100.32,139.26,-274.61
-124.71,149.79,-302.89
-79.581,107.92,-85.082
-124.38,148.18,-151.64
-87.936,206.66,-385.92
-102.11,50.023,13.701
-96.882,149.54,-306.55
-131.49,166.68,-335.35
-107.61,64.999,-30.076
-102.83,121.05,-44.136
-134.06,175.56,-339.09
-94.247,98.994,-129.38
-129.52,169.78,-240.17
-82.549,219.32,-461.54
-93.807,133.29,-238.25
-126.64,202.43,-356.09
-117.85,182.09,-441.57
-94.985,167.56,-214.05
-81.983,120.97,-98.072
-133.08,187.71,-385.35
-87.739,165.73,-239.79
-133.52,160.68,-297.45
-134.52,170.08,-314.44
-92.459,104.16,4.8065
-93.185,99.755,-129.62
-90.461,83.632,-78.468
-134.91,167.43,-292.49
-94.964,162.65,-195.89
-128.13,175.96,-386.54
-101.45,162.63,-183.69
-84.909,138,-204.04
-112.12,142.43,-293.67
-134.76,167.24,-299.54
-103.33,152.24,-145.53
-101.85,180.71,-249
-93.607,205.12,-358.12
-82.287,204.52,-479.08
-102.88,182.8,-454.45
-85.107,146.09,-185.37
-130.72,208.36,-419.42
-90.094,67.401,-33.196
-86.632,214.27,-418.88
-105.14,171.66,-408.72
-115.08,202.55,-329.16
-95.576,60.314,-18.116
-132.49,123.89,-146.43
-73.485,77.226,3.4392
-124.03,106.86,-144.76
-82.192,121.47,-97.762
-130.66,188.53,-413.48
-88.337,134.12,-218.97
-81.202,212.3,-458.02
-112.8,108.16,-169.81
-126.91,115.87,-75.27
-82.972,129.14,-154.92
-102.9,49.813,14.954
-78.922,82.587,-41.324
-101.63,177.3,-236.72
-122.5,78.664,-37.068
-134.39,144.74,-218.97
-79.17,57.615,13.942
-117.64,222.26,-416
-123.25,208.53,-369.93
-84.035,105.09,-115.44
-86.285,198.22,-481.32
-85.818,156.73,-222.87
-122.03,79.499,18.47
-97.404,97.489,27.788
-108.9,162.27,-178.19
-85.802,176.75,-364.17
-80.37,108.15,-46.81
-96.579,137.82,-261.86
-113.32,82.807,-82.74
-88.639,157.86,-202.97
-107.58,94.689,28.961
-94.985,106.2,-152.56
-133.89,141.03,-214.98
-132.79,164.06,-316.32
-115.97,73.849,-46.154
-116.33,74.246,-46.628
-87.438,59.384,-7.5515
-87.104,130.71,-201.15
-82.328,198.69,-421.83
-109.36,140.3,-285.98
-134.89,169.24,-295.57
-87.819,109.03,-141.68
-105.08,163.37,-374.33
-133.99,145.07,-196.89
-81.385,77.795,-40.518
-103.13,164.37,-188.16
-96.48,186.8,-463.95
-78.093,80.692,-33.512
-102.77,136.06,-91.7
-102.15,175.25,-228.53
-110.35,93.455,-121.41
-85.436,173.24,-293.31
-84.691,148.1,-205.22
-132.32,123.16,-151.5
-116.3,168.14,-202.27
-84.036,57.157,4.0312
-132.85,127.65,-166.6
-84.623,195.28,-453.67
-123.89,79.712,-27.424
-104.42,161.01,-364.21
-131.62,181.24,-294.91
-87.862,140.27,-236.44
-131.73,181.26,-295.73
-128.35,151.33,-174.49
-106.42,108.16,-171.01
-119.7,164.42,-194.01
-105.65,185.98,-468.72
-90.87,104.27,2.7735
-92.542,158.65,-329.11
-88.843,176.14,-271.64
-129.49,141.13,-149.86
-85.884,111.64,-33.064
-129.29,164.43,-339.84
-129.58,192.05,-326.16
-125.67,166.33,-213.92
-133.43,183.23,-369.41
-132.54,129.93,-185.26
-119.76,182.48,-258.11
-86.724,119.07,-165.08
-82.227,199.08,-432.66
-133.91,138.46,-200.77
-103.85,159.45,-357.4
-129.73,109.75,-86.589
-105.16,99.861,-143.2
-92.258,234.33,-471.89
-124.93,107.18,-142.64
-92.44,133.34,-94.92
-123.79,160.09,-187.85
-75.881,86.878,-28.328
-134.75,166.91,-276.41
-134.3,164.98,-302.25
-89.461,173.6,-379.27
-121.14,179.62,-424.6
-108.94,162.57,-179.24
-84.874,171.4,-305.08
-118.16,143,-122.63
-85.899,227.07,-466.87
-86.161,189.79,-340.14
-123.45,142.93,-280.65
-78.624,105.06,-55.873
-134.58,175.66,-326.48
-116.81,116.3,-44.269
-80.647,210.51,-476.18
-89.015,108.37,-143.96
-95.617,170.56,-223.47
-82.197,206.25,-430.54
-115.53,164.42,-375.97
-79.274,108.13,-64.269
-117.81,64.451,-3.1936
-84.271,130.62,-120.61
-90.859,157.94,-192.07
-130.22,211.39,-477.73
-89.673,206.66,-377.88
-82.021,64.871,-11.227
-105.35,103.7,-155.84
-129.31,107.7,-79.672
-111.93,92.802,-118.1
-129.55,162.85,-332.86
-81.099,91.649,26.906
-83.704,119.31,-146.96
-87.88,122.81,-68.715
-130.18,195.45,-344.9
-112.84,234.18,-460.13
-129.43,182.84,-403.46
-87.937,69.529,-35.649
-134.6,148.97,-220.39
-131.09,209.42,-440.38
-94.856,155.98,-326.35
-103.77,142.97,-114.01
-90.06,133.12,-100.47
-83.648,108.92,-122.56
-88.529,220.48,-432.13
-85.936,141.29,-224.8
-92.313,182.51,-278.63
-104.48,113.85,-22.783
-88.156,226.58,-455.59
-134.1,173.12,-287.45
-84.846,181.39,-374.81
-87.128,188.6,-328.3
-84.211,195.32,-449.62
-85.181,224.96,-463.07
-88.399,163.77,-227.53
-99.733,147.1,-303.14
-130.51,213.61,-468.81
-126.51,193.31,-454.89
-86.036,141.27,-153.18
-77.647,94.593,-53.05
-107.17,149.39,-134.55
-133.64,140.12,-215.53
-125.9,110.88,-153.03
-126.01,212.24,-398.4
-82.958,202.26,-410.92
-125.44,94.447,-88.242
-122.8,73.395,1.3085
-111.23,65.405,-26.502
-132.11,159.82,-306.64
-88.269,62.156,-16.278
-128.43,137.28,-134.39
-82.294,207.48,-431.82
-104.46,86.908,-101.54
-132.99,140.91,-227.57
-74.816,72.387,-0.60218
-102.47,207.83,-350.99
-109.73,149.9,-322.45
-129.4,168.1,-233.76
-104.9,112,-183.34
-120.93,232.32,-471.17
-110.13,88.788,-106.06
-122.21,72.22,-4.6942
-94.082,226.08,-436.1
-117.72,164.62,-373.86
-129.65,206.13,-473.61
-96.876,159.08,-178.23
-83.094,131.03,-157.74
-78.349,102.95,-63.948
-111.33,181.37,-246.5
-104.13,151.23,-141.59
-134.86,156.84,-247.18
-95.84,109.69,-165.06
-88.329,216.31,-418.04
-89.614,214.9,-407.79
-112.55,140.16,-107.1
-93.066,75.852,-60.68
-134.65,173.65,-319.91
-119.99,168.12,-383.36
-119.86,223.23,-425.84
-105.46,232.08,-446.94
-129.61,201.34,-368.27
-98.448,193.68,-303.1
-91.282,207.54,-374.77
-86.393,54.534,7.0926
-125.96,196.68,-328.7
-86.666,84.119,-71.55
-99.034,74.34,-61.313
-87.75,184.62,-422.35
-104.93,171.78,-213.25
-131.85,120.28,-145.24
-91.066,184.73,-439.55
-123.22,112.43,-168.16
-129.73,155.05,-192.08
-103.86,159.17,-356.28
-88.165,160.41,-313.02
-131.61,184.4,-307.62
-122.53,77.872,15.947
-85.986,111.2,-31.096
-91.309,149.27,-287.08
-111.73,201.84,-324.2
-126.75,129.3,-219.89
-127.47,161.47,-203.45
-91.432,120.63,-51.933
-86.387,150.83,-260.84
-119.03,73.448,-34.345
-87.071,135.89,-216.97
-124.32,92.471,-86.609
-128.71,129.77,-213.39
-129.88,136.09,-231.66
-76.836,96.663,-29.51
-122.52,73.68,-9.3695
-122.25,94.97,-105.78
-100.97,223.02,-412.71
-82.077,211.04,-443.04
-129.99,157.33,-200.56
-127.96,101.97,-102.5
-131.82,128.24,-186.31
-111.22,175.84,-425.39
-103,168.17,-392.57
-91.337,190.74,-313
-108.09,90.292,-112.01
-134.95,162.21,-274.57
-126.61,136.6,-247.75
-103.15,150.19,-319.99
-132.82,196.77,-398.4
-99.555,206.83,-351.09
-74.713,81.44,-12.201
-87.785,151.24,-274.53
-86.209,166.4,-319.89
-111.85,60.326,-7.5368
-75.433,89.566,-21.435
-126.08,182.22,-272.14
-127.01,192.14,-448.36
-130.32,160.4,-212.16
-122.63,92.866,-7.3035
-120.67,79.559,27.402
-132.64,197.82,-405.84
-117.45,87,26.365
-88.355,175.76,-382.63
-87.548,225.25,-453.2
-125.57,209.05,-381.25
-89.916,207.14,-378.58
-94.594,121.57,-200.66
-120.19,223.06,-426.01
-131.68,183.42,-389.41
-107.91,91.771,-116.88
-105.95,134.1,-85.031
-133.47,191.35,-374.12
-87.086,144.53,-159.18
-133.32,170.76,-268.81
-122.45,76.991,17.417
-132.37,130.44,-144.88
-91.777,136.1,-241.16
-92.59,190.39,-470.84
-123.06,133.12,-245.12
-114.21,150.07,-139.82
-112.49,54.677,14.552
-88.023,124.18,-73.418
-86.576,177.48,-376.67
-74.085,79.834,-4.5675
-124.05,180.63,-260.27
-128.39,116.39,-162.57
-122.2,107.42,-36.451
-86.277,138.37,-218.82
-83.38,130.98,-134.25
-115.04,110.41,-175.79
-129.73,135.93,-231.85
-120.44,165.7,-373.16
-83.969,188.42,-365.47
-81.88,120.9,-128.37
-108.77,71.277,-49.539
-125.9,191.47,-451.42
-107.01,107.42,-169.39
-136.24,101.59,-34.476
-129.88,151.12,-363.1
-99.219,198.36,-481.35
-98.164,81.56,-66.207
-114.53,175.45,-455.22
-140.15,114.75,-78.595
-145.31,143.86,-306.57
-147.28,100.98,-84.919
-116.04,114.51,-216.21
-107.9,156.52,-347.64
-102.92,137.01,-229.78
-114.31,195.54,-349.69
-106.84,170.16,-283.21
-116.32,55.854,-34.145
-141.73,163.41,-391.1
-112.79,62.293,-51.095
-95.804,69.226,-29.602
-102.46,168.59,-330.03
-129.46,209.86,-394.58
-111.99,56.645,-34.141
-100.9,59.649,-24.752
-139.46,152.24,-188.18
-146.83,182.36,-321.27
-105.68,129.57,-232.06
-140.41,175.68,-440.83
-142.67,147.32,-328.25
-126.31,90.976,-145.18
-138.5,95.535,-26.094
-127.58,219.77,-435.3
-118.87,144.23,-152.32
-130,53.07,-14.395
-120.03,204.33,-374.18
-129.98,130.12,-282.57
-109.67,163.78,-245.5
-133.32,82.209,-109.83
-102.31,91.554,-107.87
-148.84,176.22,-307.93
-130.8,70.058,-71.844
-108.71,181.69,-316.15
-127.03,148.86,-164.46
-142.54,176.65,-282.22
-95.325,66.937,-22.759
-94.104,78.152,21.031
-138.06,93.493,-19.886
-145.56,143.23,-176.24
-122.72,178.96,-478.13
-101.69,127.68,-160.15
-143.05,80.561,-68.284
-111.19,218.8,-445.69
-149.6,193.17,-399.09
-109.86,142.19,-163.35
-141.84,159.29,-375.39
-101.17,124.53,-165.92
-102.96,138.85,-194.84
-109.34,95.701,0.67552
-103.14,66.044,-46.321
-143.15,93.028,-40.475
-140.24,117.71,-86.676
-150.73,118.69,-165.58
-103.85,74.21,-69.059
-115.16,89.929,21.967
-149.52,111.36,-125.03
-134.73,81.162,19.353
-141.09,189.85,-330.12
-148.02,206.91,-466.21
-105.24,91.596,-118.7
-104.8,116.82,-187.18
-121.09,194.7,-335.47
-104.3,118.37,-188.75
-104.58,109.37,-56.985
-105.33,161.72,-262.06
-101.29,66.84,-43.623
-145.52,188.05,-462.49
-146.98,154,-336.74
-114.04,152.83,-355.33
-108.97,217.11,-445.21
-134.25,145.98,-339.65
-109.98,103.53,-167.02
-139.6,164.27,-400.28
-99.83,193.63,-461.06
-108.45,136.15,-269.92
-111.2,172.36,-271.84
-102.67,179.43,-417.92
-145.95,125.57,-127.29
-102.33,117.84,-102.49
-107.25,165.19,-262.32
-104.58,136,-245.54
-148.44,102.48,-109.22
-97.918,99.493,-94.831
-152.37,153.73,-257.5
-122.5,162.3,-408.2
-145.81,100.75,-71.254
-142.76,168.28,-251.68
-150.27,117.99,-142.74
-133.82,212.22,-409.6
-99.757,110.26,-89.907
-149.97,150.9,-308.08
-125.64,178.63,-476.46
-113.52,58.817,-41.57
-121.24,104.82,-189.9
-90.714,67.366,9.1186
-142.91,178.48,-442.16
-150.75,148.28,-292.37
-103.76,141.4,-255.53
-142.41,132.74,-274.6
-144.69,190.33,-344.75
-111.86,169.52,-259.06
-105.33,141.37,-270.45
-105.04,68.599,-57.194
-124.38,212.51,-404.42
-103.86,122.52,-197.81
-120.45,144.83,-334.94
-97.936,91.667,-14.991
-123.38,227.6,-466.89
-129.61,214.4,-413.9
-94.182,80.616,-37.111
-150.94,124.8,-196.29
-112.14,101.24,-14.712
-145.23,102.63,-150.15
-119.43,153.31,-367.81
-99.263,111.35,-116.53
-137.35,145.31,-332.76
-109.95,148.48,-323.91
-108.94,41.092,12.803
-143.97,200.74,-388.34
-125.83,164.23,-417.1
-134.09,138.54,-311.48
-145.55,152.47,-337.41
-136.37,116.58,-227.28
-145.32,88.473,-52.925
-101.32,108.7,-69.006
-99.787,194.36,-465.68
-149.75,193.59,-431.33
-149.37,129.68,-232.74
-129.3,123.61,-84.595
-147.36,163.78,-252.26
-95.586,67.762,-25.628
-149.82,112.16,-148.29
-93.661,83.087,-14.868
-126.65,141.6,-326.4
-101.88,132,-189.06
-140.24,109.97,-66.587
-134.63,148.53,-168.26
-146,114.29,-99.821
-107.58,147.07,-306.9
-145.72,123.91,-121.95
-106.29,176.09,-430.07
-150.76,187.26,-392.43
-152.41,141.2,-241.93
-101.45,124.02,-174.72
-104.36,87.758,20.335
-107.45,114.17,-66.329
-114.93,116.71,-221.63
-136.45,121.78,-246.18
-151.61,168.47,-350.46
-133.56,172.93,-446.04
-149.46,155.53,-234.77
-152.71,146.2,-248.57
-140.32,168.04,-244.77
-152.55,152.77,-258.23
-133.84,120.96,-82.204
-146.37,213.11,-472.49
-102.23,172.83,-365.92
-138.23,181.02,-288.84
-149.15,198.77,-432.84
-105.41,221.09,-471.9
-133.96,182.29,-287.67
-119.61,48.228,-10.648
-105.31,123.85,-110.57
-138.48,180.22,-286.26
-139.75,128.3,-264.5
-136.25,91.077,-8.5958
-140.05,62.979,-3.4655
-97.601,100.3,-62.045
-111.65,135.67,-280.65
-126,207.08,-381.99
-131.08,180.96,-280.46
-105.36,141.14,-269.87
-152.64,161.35,-307.67
-111.85,109.89,-43.43
-148.18,206.2,-468.84
-127.11,194.56,-331.84
-111.78,98.288,-5.4711
-134.34,156.46,-380.16
-107.34,149.1,-313.63
-102.89,158.79,-285.84
-140.87,203.91,-390.03
-146.03,94.127,-64.508
-99.821,192.16,-435.28
-121.71,98.692,-169.74
-101.74,105.59,-53.569
-144.26,81.029,-42.486
-146.97,140.25,-286.23
-121,132.93,-112.22
-122.63,144.79,-336.93
-90.118,65.697,17.335
-106.26,71.687,-67.978
-103.19,167.97,-359.69
-150.34,149.91,-222.25
-139.27,68.845,-41.804
-119.78,115.7,-225.84
-104.68,133.21,-152.45
-103.13,173.41,-326.97
-108.82,69.903,-67.77
-100.96,204.51,-440.86
-95.558,88.135,-57.593
-115.85,187.74,-316.85
-126.54,45.611,4.8127
-109.18,195.66,-365.34
-111.21,154.98,-355.62
-106.31,178.45,-316.63
-134.64,154.76,-373.14
-109.1,148.82,-191.25
-134.69,209.83,-400.64
-107.52,154.88,-338.53
-103.16,170.3,-372.07
-106.81,133.51,-252.12
-114.91,109.16,-38.201
-152.31,136.4,-217.51
-151.03,123.4,-162.63
-115.54,192.08,-333.9
-101.07,182.85,-396.05
-148.53,203.47,-464.68
-138.1,84.035,-106.15
-140.02,181.1,-462.13
-140.35,107.38,-185.99
-108.78,102.41,-22.43
-149.39,195.86,-442.14
-97.594,48.855,10.238
-122.31,126.03,-265.42
-113.7,91.658,-138.57
-128.23,105.49,-194.17
-138.19,121.07,-90.685
-114.77,117.18,-222.9
-95.72,77.854,-45.512
-141.56,154.01,-198.77
-146.51,126.43,-236.42
-137.52,76.706,19.002
-150.27,159.23,-335.14
-122.03,200.14,-355.81
-138.16,141.62,-317.38
-134.74,167.27,-232.98
-151.81,135.62,-230.95
-131.21,120.8,-247.69
-105.85,164.77,-371.87
-99.825,192.28,-447.66
-94.917,87.164,-19.251
-145.25,195.31,-369.55
-126.68,124.9,-86.743
-148.67,162.39,-254.02
-127.68,63.725,-54.587
-103.24,142.15,-250.61
-92.541,74.479,25.609
-121.96,137.84,-309.35
-134.45,141.21,-144.3
-116.37,125.46,-90.603
-97.888,91.236,-13.393
-106.51,137.61,-264.93
-106.94,154.16,-222.15
-127.39,106.28,-197.05
-118.41,110.77,-207.1
-146.8,147.54,-194.77
-148,106.68,-99.304
-146.99,142.07,-292.91
-144.17,99.879,-144.5
-106.5,190.67,-359.08
-147.34,139.79,-282.81
-103.07,161.75,-324.59
-109.53,65.113,-55.485
-97.152,99.683,-78.265
-115.93,76.61,-95.919
-146.05,90.459,-65.355
-123.7,178.29,-270.91
-103.73,151.92,-240.54
-105.52,128.21,-226.61
-149.79,148.34,-300.13
-152.67,161.34,-295.87
-108.63,156.01,-349.16
-107.05,208.06,-418.46
-148.07,100.35,-107.73
-99.776,199.19,-440
-120.96,96.116,-160.8
-135.19,158.93,-204.09
-145.08,117.7,-209.43
-107.92,149.34,-317.82
-139.66,182.91,-470.02
-134.91,92.715,-8.9086
-97.416,101.23,-79.295
-142.56,212.2,-436.39
-102.78,88.749,13.712
-106.74,194.29,-370.7
-123.08,124.8,-261.52
-99.626,109.16,-85.529
-110.57,140.79,-296.18
-140.19,131.14,-274.15
-119.91,52.315,-23.298
-103.99,109.3,-161.52
-134.53,91.826,-5.7685
-124.34,194.69,-333.02
-136.5,112.59,-63.801
-146.82,116.77,-197.83
-146.79,146.36,-190.97
-103.3,82.504,-88.739
-150.1,118.43,-140.49
-135.24,204.85,-380.06
-152.62,160.15,-287.96
-91.071,71.821,17.81
-118.09,225.78,-461.9
-99.884,115.37,-127.3
-116.08,81.207,-109.9
-133.62,114.81,-64.411
-115.84,218.14,-434.19
-110.71,49.655,-13.057
-150.34,179.9,-397.89
-104.39,78.722,-82.172
-136.15,223.88,-466.47
-105.89,56.525,-26.577
-145.47,152.65,-206.1
-107.36,103.4,-28.246
-96.25,93.683,-67.959
-145.75,94.559,-61.855
-146.61,111.58,-178.49
-138.38,151.48,-183.61
-142.06,80.758,-76.797
-113.01,145.54,-166.82
-138.97,203.39,-381.87
-139.93,79.581,-82.874
-104.3,203.21,-414.17
-123.75,174.46,-459.52
-143.93,174.32,-423.13
-120.54,225.26,-458.02
-125.67,112.63,-49.102
-105.78,136.66,-256.86
-114.58,89.019,-131.84
-126.51,176.5,-467.41
-141.18,112.56,-76.067
-91.247,72.105,4.8992
-146.2,95.052,-67.197
-104.46,171.97,-307.16
-150.04,190.85,-393.11
-103.77,129.27,-142.16
-104.66,127.63,-129.35
-148.08,146.93,-198.81
-149.28,178.11,-318.94
-152.3,139.54,-216.39
-131.19,117.04,-234.07
-123.74,170.25,-441.95
-150.67,184.81,-402.41
-122.91,64.241,-59.733
-101.17,105.79,-135.6
-144.77,188.02,-335.24
-150.8,125.91,-203.58
-114.58,204.13,-381.88
-152.54,154.67,-291.14
-110.44,58.236,-37.24
-137.98,92.554,-137.55
-119.93,206.87,-384.34
-118.13,213.35,-412.09
-147.83,193.67,-379.13
-135.41,110.12,-54.862
-102.9,158.54,-303.24
-134.23,99.338,-24.031
-101.05,99.413,-120.41
-113.01,164.25,-401.77
-139.79,63.559,-11.488
-100.66,208.53,-455.37
-103.38,193.4,-387.51
-115.9,170.47,-252.1
-117.51,162.64,-220.21
-116.51,119.81,-235.39
-107.63,214.26,-438.93
-142.14,141.67,-308.66
-107.2,121.14,-92.827
-92.321,77.365,-0.066171
-138.65,183.5,-299.19
-133.04,69.565,-66.171
-95.702,84.31,3.7283
-151.36,158.94,-261.89
-133.09,110.37,-51.246
-150.69,164.06,-274.26
-144.03,217.25,-471.08
-145.56,90.64,-94.079
-121.12,158.33,-390.54
-127.46,42.506,17.415
-152.26,135.45,-213.26
-113.14,141.97,-153.49
-117.19,158.75,-387.14
-140.03,70.872,14.984
-104.77,150.24,-299.28
-111.02,52.299,-20.88
-101.4,113.85,-155.11
-100.43,113.5,-143.51
-130.98,136.65,-306.72
-142.85,212.13,-437.55
-115.72,106.47,-188.7
-134.99,168.01,-424.41
-112.32,150.94,-188.49
-141.29,67.902,-15.355
-149.11,106.53,-123.21
-120.34,199.61,-355.31
-147.81,120.84,-125.17
-101.57,45.186,10.839
-152.19,171.38,-328.76
-107.7,169.98,-408.03
-108.15,150.91,-325.41
-94.65,49.867,16.578
-110.23,150.98,-195.16
-149.11,174.57,-394.7
-143.28,92.041,-117.37
-139.38,68.338,23.232
-103.07,178.11,-342.48
-162.4,73.529,-49.103
-163.79,174.53,-323.04
-144.32,165.24,-256.02
-151.52,171.38,-281.5
-145.47,89.059,-170.12
-129.06,90.409,-158.9
-161.55,70.931,-32.717
-157.03,204.28,-428.51
-118.41,75.883,-86.162
-149.26,169.13,-271.35
-165.53,97.113,-149.13
-116.78,100.74,-110.38
-143.04,161.71,-243.42
-167.45,184.37,-401.67
-136.83,113.42,-80.114
-160.57,65.955,-40.527
-119.25,171.47,-397.93
-153.83,167.88,-458.21
-131.47,142.63,-189.01
-111.78,73.566,-5.1097
-147.75,82.18,-145.7
-147.83,169.64,-272.61
-164.9,113.17,-125.64
-169.35,165.59,-369.23
-129.54,111.17,-226.95
-121.9,164.43,-317.42
-130.28,48.892,-39.568
-131.83,126.49,-129.86
-163.71,150.71,-232.91
-121.04,103.47,-75.923
-118.37,86.458,-110.16
-133.83,171.25,-289.72
-146.61,139.65,-355.09
-129.76,163.52,-437.16
-167.15,174.03,-341.99
-152.17,177.25,-304.58
-120.91,138.58,-235
-154.65,49.743,-13.415
-155.83,52.993,-20.591
-157.49,193.39,-380.59
-153.86,111.96,-87.403
-121,87.802,-15.724
-119.79,95.431,-139.12
-126.68,184.51,-360.11
-120.03,112.65,-122.29
-170.3,142.71,-254.12
-141.86,141.38,-361.35
-139.34,50.041,-45.255
-111.3,70.9,4.7101
-167.53,143.69,-228.13
-109.47,61.187,-4.7751
-127.54,86.146,1.4631
-126.93,106.32,-67.995
-153.93,87.021,-21.721
-128.73,90.809,-159.37
-161.59,74.656,-78.309
-121.72,62.923,-64.742
-164.74,168.36,-302.66
-169.06,170.96,-351.57
-145.59,171,-277.33
-125.62,186.56,-371.86
-121.11,161.63,-376.57
-162.85,121.43,-259
-122.82,140.27,-298.72
-119.78,97.966,-59.5
-134.59,149.21,-385.29
-122.43,87.198,-10.015
-131.02,51.638,-48.096
-125.06,157.48,-268.67
-111.46,73.65,-29.712
-168.05,119.66,-223.03
-138.91,45.895,-32.4
-113.23,69.619,-46.38
-136.18,148.83,-202.74
-141.25,205.66,-414.75
-165.86,188.98,-405.15
-162.02,71.704,-44.657
-165.4,105.82,-111.85
-157.24,100.25,-196.44
-168.19,169.6,-332.01
-154.29,189.29,-355.72
-169.94,164.11,-350.19
-165.88,192.86,-480.43
-159.06,149.47,-375.42
-117.2,86.121,-102.36
-162.42,105.49,-200.55
-162.04,94.016,-67.491
-146.44,44.241,-19.184
-128.46,79.351,-124.73
-146.8,160.99,-440.76
-170.56,148.25,-281.75
-146.96,69.604,-104.03
-135.79,100.79,-204.59
-156.1,115.2,-253.54
-163.45,141.82,-201.99
-135.15,219.28,-473.94
-123.65,105.79,-187.84
-163.08,184.81,-363.86
-167.46,101.34,-140.79
-114.03,85.247,-47.059
-165.73,92.041,-96.112
-136.02,182.39,-327.79
-123.17,159.2,-385.65
-154.08,89.273,-162.93
-165.76,192.11,-422.09
-118.04,108.63,-139.45
-132.67,166.38,-274.08
-161.67,100.89,-185.95
-120.06,115.25,-188.79
-142.71,101.35,-212.29
-121.78,170.17,-338.05
-145.04,187.56,-341
-138.6,99.351,-35.734
-161.7,173.2,-309.24
-118.68,85.573,-109.81
-121.31,91.518,-137.14
-142.92,158.42,-231.46
-161.65,209.18,-475.3
-121.82,122.63,-152.02
-162.77,138.88,-190.04
-167.96,181.12,-390.9
-132.99,87.384,-156.85
-168.38,139.27,-220.06
-120.71,165.32,-335.09
-122.34,152.61,-270.42
-144.82,126.03,-302.64
-152.68,124.1,-121.02
-163.44,160.47,-399.86
-156.81,79.126,-120.11
-158.83,143.45,-193.62
-154.66,185.67,-341.5
-123.09,149.51,-339.61
-154.47,158.13,-419.25
-169.38,166.3,-333.05
-120.55,62.685,-61.144
-165.85,194.71,-440.28
-118.08,180.22,-433.33
-126.04,83.215,9.4782
-168.17,109.96,-146.58
-147.38,149.52,-199.69
-122,179.22,-366.24
-161.45,74.093,-31.475
-127.95,124.98,-133.22
-117.8,97.241,-68.494
-161.03,207.52,-462.61
-166.95,166.02,-306.16
-124.75,126.61,-151.04
-154.46,112.25,-245.34
-126.57,128.04,-149.14
-146.43,181.08,-315.77
-136.23,157.31,-422.65
-142.54,186.12,-335.83
-136.88,202.64,-405.55
-131.76,159.81,-425.58
-164.36,98.401,-89.906
-169.33,119.35,-204.02
-121.14,100.14,-62.17
-138.65,89.134,-168.71
-126.22,112.07,-90.456
-159.36,59.98,-18.963
-157.56,80.589,-123.32
-114.56,84.139,-32.398
-170.02,136.26,-265.37
-153.62,83.584,-12.457
-154.65,113.37,-249.16
-164.56,178.85,-345.29
-164.1,114.1,-123.89
-119.54,168.54,-373.84
-144.18,114.46,-259.5
-123.87,166.41,-308.78
-145.85,214.32,-451.89
-137.6,133.65,-147.31
-159.72,62.017,-9.1783
-120.51,155.18,-324.24
-119.52,120.83,-179.08
-136.92,89.275,-5.0511
-165.52,174.7,-435.46
-129.73,139.11,-180.52
-167.12,163.82,-389.18
-161.56,134.18,-171.25
-127.75,164.93,-437.21
-122.44,169.69,-330.69
-128.08,163.93,-278.77
-149.57,176.17,-298.15
-117.59,196.71,-457.33
-168.66,143.09,-306.83
-131.84,112.39,-80.882
-156.04,80.064,-125.67
-166.2,133.58,-289.2
-160.04,82.634,-122.09
-136.91,119.99,-101.61
-145.5,164.83,-457.2
-133.11,56.249,-63.075
-165.63,90.11,-97.86
-139.42,109.76,-239.87
-149.31,49.368,-31.248
-138.52,171.99,-487.25
-143.04,150.29,-202.27
-159.05,211.03,-468.62
-130.39,175.54,-314.29
-154.31,191.98,-367.03
-158.96,61.497,-36.233
-138.82,82.296,-146.6
-158.04,57.15,-22.472
-152.91,62.583,-70.049
-119.39,119.35,-171.31
-164.97,136.69,-191.79
-116.33,192.81,-479.69
-170.19,131.03,-220.64
-113.16,77.437,-10.998
-167.67,178.4,-423.74
-143.94,86.312,-161.07
-136.83,159.84,-242.06
-137.31,122.71,-110.39
-127.13,148.3,-359.06
-157.01,152.82,-221.67
-141.6,216.35,-458.85
-146.05,209.66,-432.22
-148,191.08,-355.89
-166.68,187.02,-456.26
-164.81,86.97,-80.736
-120.22,181.25,-387.64
-162,112.51,-110.89
-141.15,148.12,-195.39
-130.23,141.97,-344.19
-166.67,150.57,-246.29
-115.37,90.573,-59.195
-121.64,125.44,-234.62
-126.93,133.89,-299.49
-119.87,170.28,-407.8
-161.14,184.17,-352.5
-144.99,206.75,-419.41
-161.15,123.25,-271.47
-148.57,49.808,-34.429
-153.86,178.67,-312.26
-120.19,116.27,-137.93
-160.93,135.74,-318.7
-127.42,171.36,-308.92
-126.52,106.8,-202.81
-120.29,76.515,23.065
-165.53,180.31,-452.39
-126.94,193.25,-391.1
-146.06,147.03,-384.55
-145.73,80.915,10.947
-120.43,161.37,-361.74
-120.7,114.5,-124.96
-164.85,171.79,-317.03
-152.16,73.505,-110.55
-123.09,178.42,-356.15
-168.06,116.43,-155.99
-150.97,189.62,-352.38
-164.99,91.14,-126.03
-110.28,67.531,11.238
-169.44,144.53,-303.92
-160.03,73.558,-85.038
-162.81,122.39,-140.6
-154.78,65.081,-73.931
-148.78,95.694,-33.714
-166.02,143.48,-326.48
-129.19,116.62,-244.72
-149.96,98.737,-43.909
-122.09,157.04,-289.35
-154.5,146.68,-374.91
-136.86,40.339,-15.738
-133.08,35.151,-0.2371
-152.31,125.56,-124.96
-121.41,140.35,-233.49
-134.57,48.609,-40.976
-131.77,105.4,-57.536
-158.63,140.79,-343.91
-135.96,180.44,-320.45
-125.14,151.81,-246.85
-162.11,111.64,-109.05
-155.57,139.24,-344.55
-124.95,92.579,-154.1
-156.27,158.27,-415.86
-156.28,98.526,-192.17
-156.6,155.97,-232.01
-125.2,60.552,-65.825
-154.07,130.52,-142.91
-126.18,132.12,-166.19
-118.82,179.7,-451.38
-141.36,113.99,-256.59
-167.26,106.91,-176.35
-117.28,200.61,-471.09
-127.15,179.52,-339.99
-127.82,38.725,-8.4478
-146.29,148.1,-388.8
-125.58,69.859,-92.026
-116.05,89.279,-44.65
-154.32,96.208,-187.33
-130.5,157.6,-247.06
-117.6,184.2,-455.09
-108.7,61.865,9.151
-169.93,137.04,-270.05
-119.77,166.1,-368.66
-141.09,111.71,-248.15
-130.44,87.685,-153.46
-126.11,64.644,-78.683
-136.91,52.475,-53.088
-133.29,73.28,-113.96
-138.34,85.78,4.7666
-162.67,93.744,-70.352
-140.09,160.62,-241.23
-152.07,98.209,-46.232
-109.15,63.416,1.6726
-156.43,49.592,1.7043
-151.44,159.48,-237.54
-116.94,87.886,-104.01
-167.73,177.22,-363.52
-154.65,197.89,-393.2
-169.62,120.26,-190.8
-159.25,137.69,-330.69
-159.32,66.518,-58.285
-124.76,213.42,-472.69
-169.83,129.33,-240.53
-119.61,173.98,-427.55
-161.19,168.91,-290.82
-163.7,97.255,-83.442
-155.3,65.631,21.828
-120.33,101.22,-156.7
-145.01,151.12,-401.35
-123.7,154.85,-368.79
-156.51,180.78,-325.24
-168.77,113.65,-186.42
-128.64,158.76,-257.39
-123.58,145.27,-325.44
-126.08,104.54,-63.509
-122.46,167.97,-324.65
-126.53,138.58,-315.97
-147.52,104.02,-55.343
-164.69,103.06,-180.27
-168.2,153.54,-267.21
-134.82,136.15,-332.13
-148.69,87.457,-11.384
-162.63,146.67,-215.16
-122.15,140.96,-294.75
-168.41,120.12,-167.71
-162.49,80.956,-48.053
-112.28,75.476,-9.9894
-165.77,112.02,-209.48
-125.98,125.08,-140.02
-139.59,163.62,-252.72
-166.54,137.98,-203.75
-127.19,163.58,-281.06
-115.36,86.479,-36.773
-166.41,169.3,-315.89
-168.88,146.48,-247.94
-134.31,148.22,-203.53
-111.76,72.947,-1.5815
-158.7,160.5,-417.78
-166.29,133.03,-187.12
-133.33,137.71,-167.23
-147.5,103.68,-54.356
-146.27,41.447,-9.8091
-166.26,183.3,-453.58
-154.33,55.932,-40.44
-147.2,77.889,-131.59
-168.82,176.28,-382.35
-164.15,124.3,-264.53
-122.35,174.35,-456.65
-128.81,86.278,-145.89
-166.45,192.71,-467.14
-120.73,142.98,-275.58
-138.42,79.624,22.587
-120.65,149.98,-293.36
-158.8,69.236,-3.7176
-122.02,209.97,-470.73
-121.96,152.88,-343.46
-157.02,85.349,-27.247
-165.22,191.21,-410.56
-121.4,177.64,-365.83
-137.72,145.05,-372.72
-121.63,39.017,-1.9393
-163.72,91.743,-73.438
-164.53,168.43,-301.9
-121.8,80.659,-110.84
-156.78,112.97,-96.405
-126.77,121.1,-122.27
-116.06,94.888,-75.828
-159.85,73.168,-16.815
-122.52,74.587,-97.252
-131.16,101.64,-45.735
-162.75,102.31,-187.03
-169.58,119.8,-189.02
-122.71,34.076,9.8951
-126.57,170.12,-457.12
-131.12,161.62,-260.29
-161.48,131.9,-163.94
-136.67,125.19,-293
-162.54,203.87,-454.61
-170.04,163.51,-342.2
-132.8,144.52,-192.98
-131.03,174.44,-308.37
-151.4,178.07,-306.93
-169.33,120.39,-209.36
-147.12,135.88,-153.17
-167.18,188.46,-443.82
-159.35,170.04,-289.82
-139.91,64.427,-90.261
-159.79,63.766,-39.014
-134.92,178.56,-315.11
-133.41,96.622,-187.1
-136.38,132.62,-144.93
-154.73,113.9,-250.99
-166.32,193.74,-471.26
-132.9,106.2,-218.11
-144.57,219.35,-472.31
-170.2,129.01,-227.96
-132.91,84.807,8.6657
-163.8,82.865,-96.566
-124.82,45.766,-24.914
