90.108,80.208,143.96
119.78,41.774,197.42
130.01,77.276,230.33
111.4,39.853,103.75
126.82,50.282,468.03
103.79,87.928,380.29
95.234,46.071,3.8159
89.226,78.261,76.795
88.037,43.834,471.08
124.33,44.933,284.14
99.373,42.537,74.07
103.89,87.746,407.9
86.838,75.26,166.62
85.019,53.112,307.26
97.91,41.998,197.36
135.17,72.133,10.593
133.83,69.973,164.67
81.005,62.542,401.8
130.95,77.914,135.26
122.74,85.569,175.14
82.398,54.67,401.24
83.867,71.308,305.89
129.82,51.633,283.39
96.436,86.014,260.15
92.52,41.713,407.61
120.53,42.115,15.127
104.12,88.122,357.88
130.25,49.65,64.266
108.18,37.74,437.74
83.338,56.513,327.21
92.801,84.039,374.26
109.96,38.974,280.44
128.07,73.867,420.88
108.97,88.977,267.27
115.59,39.761,424.02
87.798,46.635,369.6
89.691,79.064,84.899
123.57,79.883,433.44
119.62,87.43,157.17
126.43,81.577,244.97
98.587,39.938,339.02
102.32,88.174,296.47
86.247,69.937,41.356
125.57,47.18,390.89
94.771,40.216,421.74
134.84,60.805,96.658
120.81,82.356,434.55
130.84,70.879,346.23
130.3,67.259,419.67
90.581,82.759,450.67
104.53,39.75,202.06
89.3,44.463,393.8
130.85,63.04,411.38
92.898,43.083,329.32
113.38,87.308,362.9
129.99,72.834,352.81
114.83,40.546,13.827
124.64,81.745,321.07
130.25,61.884,447.66
112.79,38.909,377.73
90.129,78.76,2.8022
125.83,45.471,122.69
117.9,88.733,84.484
93.047,44.002,275.41
88.655,81.356,473.09
123.17,43.484,89.029
107.6,89.698,102.89
92.314,83.853,425.98
99.321,43.271,7.7079
121.7,86.592,138.34
84.536,62.481,162.82
130.43,77.611,186.82
130.92,50.715,79.692
124.69,45.152,266.8
131.15,50.246,3.8844
121.6,85.324,253.33
126.94,46.927,205.13
106.85,89.228,207.09
120.94,42.42,245.6
97.014,43.853,74.808
93.906,84.369,237.06
81.276,59.552,398.92
83.168,69.476,319.11
88.187,50.457,205.32
112.24,38.545,434.91
135.01,62.396,100.68
88.209,55.269,10.786
130.73,60.487,412.06
118.69,87.167,225.86
87.468,49.685,282.26
109.73,88.81,285.38
84.208,58.821,236.55
124.62,85.562,72.773
122.63,43.608,287.84
90.379,51.365,8.5825
80.652,67.378,453.18
100.22,39.133,358.23
92.26,83.298,286.6
114.61,89.611,74.184
104.22,39.295,269.48
84.32,51.541,374.18
133.54,61.531,232.94
83.15,74.586,466
89.292,79.687,201.36
131.18,67.119,373.58
90.297,45.639,310.8
130.56,50.33,91.976
87.126,47.114,379.94
122.24,43.247,258.36
84.517,66.903,167.4
84.326,72.238,294.68
134.35,64.28,172.17
105.38,87.95,391.77
115.48,40.404,104.53
104.74,38.116,380.11
129.42,49.503,163.86
130.05,64.783,454.15
133.63,71.858,140.61
127.48,83.162,79.374
103.99,37.983,399.2
112.81,89.217,177.25
133.46,66.477,241.8
107.44,39.362,207.6
96.943,86.29,309.59
128.5,75.674,357.16
131.87,62.739,352.56
99.663,87.541,128.44
122.44,44.298,441.27
133.1,67.914,256.01
96.447,39.977,388.86
135.93,67.342,20.323
130.6,53.257,288.61
115.38,40.443,81.217
97.939,86.763,235.31
88.108,80.179,385.31
100.03,37.995,453.17
86.724,78.93,413.77
85.698,65.863,49.842
130.4,80.58,43.703
119.79,42.102,428.16
130.38,68.995,395.16
130.8,52.023,199.1
89.35,43.972,412.99
128,48.848,283.91
115.99,89.183,94.745
123.66,83.982,247.91
125.92,83.915,122.67
135.97,63.596,19.854
120.65,84.78,323.32
122.59,83.455,322.58
111.85,88.046,334.37
133.53,56.042,101.18
96.049,85.194,1.6751
84.02,50.581,411.88
84.401,66.286,173.46
122.44,44.047,403.3
86.192,47.62,402
83.874,70.718,291.71
106.55,89.013,250.76
95.715,43.329,189.43
114.01,89.824,56.005
105.05,39.61,209.6
131.17,76.534,178.51
129.05,77.135,292.66
97.96,86.75,182.87
130.55,59.524,417.12
110.95,38.539,370.52
114.29,39.943,186.64
108.19,89.506,161.97
118.01,87.447,226.05
104.3,87.662,423.91
101.9,41.547,64.456
121.31,43.08,396.29
97.493,40.037,358.65
101.6,42.032,24.496
113.96,89.753,67.998
90.291,82.068,359.7
86.5,54.067,181.8
127.76,80.779,208.85
80.759,64.522,420.46
119.09,41.492,346.89
133.19,70.794,201.08
133.78,54.787,14.742
131.41,66.618,365.3
105.27,37.417,459.06
104.41,89.316,34.738
80.457,66.974,461.1
89.551,78.159,28.31
127.02,46.031,20.537
106.82,37.792,414.69
81.126,55.737,450.98
92.762,46.767,105.99
132.54,58.898,282.23
128.87,73.826,383.7
99.45,43.068,20.113
82.938,68.51,320.21
89.105,48.235,251.92
87.677,75.062,59.615
94.735,39.613,461.51
135.24,68.427,68.87
124.4,44.628,200.83
103.15,38.942,323.06
102.45,39.058,324.35
85.388,71.535,169.59
121.39,42.497,69.676
109.43,38.985,272.45
92.476,83.562,306.93
134.1,58.158,112.81
80.379,66.991,466.54
85.206,73.234,249.41
83.59,52.314,390.01
115.16,39.536,468.67
84.133,68.894,231.78
87.376,74.732,77.376
118.28,41.221,84.115
129.98,81.773,6.2963
135.22,60.353,51.777
118.86,41.381,363.9
114.03,89.743,68.13
132.88,53.302,33.038
108.17,38.474,337.13
82.754,54.83,380.87
134.54,65.1,154.53
100.15,39.281,349.35
91.455,82.059,190.61
114.99,89.627,62.144
92.153,83.259,296.25
130.93,78.867,93.007
114.44,39.886,222.45
98.12,42.436,144.77
133.11,63.997,277.53
96.664,43.809,97.237
122.56,43.24,158.94
98.134,38.229,472.12
90.886,46.819,221.07
118.58,86.059,316.17
129.41,71.596,403.53
117.53,40.814,224.65
88.434,54.344,25.803
89.646,51.499,53.531
106.26,38.54,329.79
130.5,61.721,431.87
128.67,79.234,230.9
101.61,88.262,170.17
109.19,38.951,276.47
95.807,85.728,334.26
85.159,66.49,102.8
127.27,84.041,33.36
99.979,87.57,273.65
88.544,51.495,132.08
94.456,44.599,157.48
91.158,80.638,43.579
97.897,39.219,402.32
95.365,45.841,12.629
92.235,47.866,70.507
84.051,66.88,211.68
104.38,87.883,393.74
97.257,86.339,148.27
94.561,44.821,134.36
85.181,74.648,307.76
82.097,64.68,342.13
128.68,52.686,413.57
87.905,55.58,23.782
86.33,45.509,472.46
127.86,83.509,33.248
85.002,52.734,317.04
90.404,46.705,255.35
108.33,88.944,274.11
127.31,46.822,126.9
130.71,76.606,209.31
114.28,39.277,405.9
88.917,80.714,353.48
91.374,48.901,66.7
111.31,90.069,51.456
120.97,84.619,321.05
113.13,39.969,113.8
96.994,86.187,148.48
92.18,82.866,211.89
85.867,71.062,105.58
89.248,80.074,249.69
115.87,88.604,175.03
128.17,52.096,432.94
100.28,86.967,456.34
126.23,46.271,214.5
91.779,46.911,158.94
89.238,81.216,374.21
88.789,46.061,352.12
83.563,55.805,326.93
123.66,44.972,376.74
87.417,56.116,44.687
85.085,66.365,109.01
93.244,43.755,281.3
135.42,61.285,47.323
89.352,78.945,118.86
94.106,46.51,40.618
128.09,83.073,47.203
83.508,72.1,349.98
85.667,62.776,60.73
128.33,53.612,469.92
111.81,86.325,472.17
118.85,88.779,42.481
115,39.526,417
90.585,45.883,287.47
112.45,40.017,81.59
127.02,47.34,250.65
133.89,69.7,164.6
127.6,81.743,162.14
85.393,51.748,322.33
84.253,48.992,446.14
102.99,87.937,363.81
110.4,90.181,29.481
132.21,67.871,313.71
86.954,76.993,261.17
90.469,47.76,192.08
129.25,51.144,310.41
96.971,40.241,359.34
131.3,53.152,211.75
131.09,53.06,230.65
89.725,80.145,191.62
103.02,38.785,338.25
102.23,88.108,307.6
88.128,78.923,275.57
106.35,38.18,367.12
105.5,88.59,310.8
93.55,83.625,117.09
127.6,79.917,263.02
87.077,57.987,20.989
131.13,79.52,48.105
86.562,71.602,48.632
85.772,67.891,56.67
98.309,86.908,155.03
119.29,83.369,438.86
108.29,89.614,137.63
121.99,42.779,34.97
101.86,38.329,392.28
111.44,88.007,343.7
109.07,88.688,305
95.774,85.539,200.37
140.72,33.531,318.63
116.62,75.793,295.59
108.47,70.311,62.175
101.1,55.632,123.95
132.67,28.645,173.8
141.27,35.055,410.84
110.25,72.615,224.57
133.09,72.406,462.11
110.96,34.282,14.98
143.03,34.009,6.2565
145.68,39.502,291.52
149.46,58.507,191.79
96.635,48.835,432.32
102.99,65.505,291.34
149.65,55.501,223.18
97.418,49.132,385.74
142.94,63.644,433.43
147,61.777,288.28
98.8,59.389,382.76
127.58,27.442,229.95
151.69,48.614,14.428
136.89,75.134,138.33
131.42,28.339,156.31
116.05,75.049,443.19
129.12,77.11,200.49
150.03,54.325,200.82
116.58,27.381,340.94
149.34,54.359,257.86
145.6,70.287,9.9851
104.21,35.281,337.87
132.54,28.257,466.61
138.59,72.383,280.49
135.2,29.585,119.52
142.77,63.2,454.59
117.74,27.201,332.74
145.91,60.379,369.33
145.04,69.339,100.97
105.89,33.005,356.44
99.492,54.532,262.42
109.7,72.676,395.93
119.25,29.58,19.293
131.69,74.128,395.84
147.21,38.375,8.8826
133.07,28.537,356.87
137.09,76.103,32.302
117.26,29.572,100.16
123.7,75.503,445.06
145.68,64.376,289.74
108.3,70.698,153.43
110.44,32.387,184.73
103.61,67.194,347.76
121.95,28.611,52.864
146.53,39.71,212.48
141.61,73.674,19.21
123.44,27.324,229.09
104.78,68.617,356.45
130.46,77.098,166.47
150.73,45.972,45.679
149.31,57.387,225.09
136.64,72.194,358.11
107.45,38.027,10.064
132.14,77.458,66.424
133.82,72.112,455.31
115.49,75.3,341.64
134.03,76.216,152.12
113.79,74.73,203.17
97.545,58.596,454.2
141.49,72.027,150.09
100.4,36.17,469.93
149.27,52.674,270.1
143.69,61.892,444.36
97.833,44.496,406.14
129.49,27.495,299.32
115.12,75.347,138.52
117.91,28.224,232.15
125.34,27.822,121.75
120.38,27.446,259.39
132.29,74.987,327.63
124.91,28.469,10.133
120.18,76.773,255.36
142.02,33.345,41.039
105.25,40.965,26.785
99.73,56.772,269.4
121.6,77.605,60.267
140.87,32.534,47.655
144.46,62.229,398.52
121.35,75.991,396.76
112.72,29.463,299.59
137.75,74.353,168.72
131.26,28.354,133.11
106.79,69.132,156.21
97.336,53.566,393.5
137.55,75.723,49.162
101.92,45.231,139.1
149.56,45.148,142.68
144.08,38.271,363.91
148.31,56.716,303.72
102.91,42.649,137.97
133.25,28.646,331.52
96.362,53.03,452.49
124.66,25.702,467.37
98.723,53.141,309.85
135.04,29.623,417.94
106.72,36.216,157.53
102.49,43.903,130.52
121.05,77.575,22.055
118.23,28.269,216.38
143.64,35.23,135.93
134.73,29.495,449.23
143.94,35.454,122.48
111.78,73.676,250.83
101.62,57.249,95.758
102.1,54.28,19.992
143.92,37.389,329.91
144.61,35.391,1.9357
123.82,26.558,335.63
101.56,61.423,223.86
147.77,40.965,146.39
126.19,28.285,28.736
136.57,30.403,338.79
138.46,69.481,417.7
112.3,73.865,470.59
125.56,27.521,183.03
151.37,50.661,73.846
97.516,56.992,421.8
125.83,27.505,187.36
114.63,75.075,89.985
132.92,28.437,410.13
112.16,29.235,330.4
148.42,64.699,87.781
138.15,74.28,154.97
146.71,40.243,226.53
147.67,53.189,363.83
101.39,40.705,303.4
102.17,34.489,448.4
145.05,42.873,451.44
140.32,66.537,458.99
120.33,76.87,235.2
147.11,66.621,100.36
124.49,27.679,155.09
108.85,72.262,450.14
146.29,69.317,20.396
139.28,32.671,380.52
116.36,25.895,464.81
142.76,36.901,400.56
102.98,63.844,186.6
125.8,28.266,35.113
103.31,36.768,326.04
122.83,77.375,189.06
96.167,50.933,457.07
101.1,48.821,137.26
142.49,34.013,112.84
147.06,39.857,157.43
149.63,54.349,234.75
139.99,73.964,84.036
139.06,70.828,339.41
140.88,67.867,386.23
103.32,67.628,414.04
130.13,28.287,83.139
133.59,28.984,141.18
145.88,37.138,58.378
122.69,77.744,78.758
113.24,30.945,152.79
97.914,42.633,431.87
116.84,26.017,445.71
101.31,53.226,89.699
106.52,69.307,220.71
145.89,37.568,105.9
115.72,75.545,270.04
147.72,44.836,308.77
113.69,74.654,176.21
133.44,75.675,236.02
101.1,53.774,110.19
111.95,33.141,40.37
98.062,48.4,355.39
110.94,72.374,11.324
117.66,26.284,407.8
111.08,28.724,388.86
145.32,69.982,45.763
116.36,27.501,336.71
152.19,51.923,6.2667
99.386,51.029,263.14
101.61,63.618,314.79
148.68,65.357,42.644
139.42,32.246,290.07
145.49,37.047,103.14
107.45,37.91,16.024
136.49,30.325,325.94
146.52,39.27,180.1
122.17,77.793,32.993
114.55,75.02,77.917
147.96,65.282,97.551
149.32,56.917,231.44
103,61.136,55.135
144.12,61.569,431.01
121.39,77.02,238.85
99.964,61.924,374.1
136.85,30.627,353.59
132.39,76.579,172.28
147.4,43.862,310.1
134.82,29.386,310.16
119.59,29.494,16.617
115.73,27.198,370.37
98.27,42.239,420.48
146.18,52.261,453.14
151.32,51.901,86.76
112.42,32.911,31.879
148.03,57.195,313.41
151.09,49.91,92.797
118.82,76.056,352.33
105.94,34.775,283.39
134.3,29.129,330.96
102.3,57.717,36.175
98.488,49.232,328.32
142.58,69.339,257.28
100.67,63.546,384.87
115.51,27.277,369.29
151.5,47.715,14.249
105.87,67.096,65.474
119.74,27.814,227.33
102.5,59.49,56.418
99.5,44.513,323.51
137.06,30.417,125.73
101.67,49.929,74.547
103.16,60.152,6.6116
131.92,77.079,124.07
127.23,77.044,247.81
105.56,31.433,435.58
98.839,45.543,342.42
107.95,70.682,211.86
145.28,38.274,253.53
149.82,57.396,182.78
132.36,77.199,93.732
136.02,70.597,458.51
97.535,48.949,380.11
100.61,50.593,161.5
149.36,59.069,188.44
140.76,32.825,168.82
138.22,31.135,191.99
105.15,31.45,451.06
105.19,67.239,168.74
106.77,68.483,79.734
151.78,52.85,46.842
151.98,51.371,21.974
150.18,47.495,142.64
117.22,28.962,170.9
115.11,30.943,59.008
148.34,62.248,182.47
150.27,57.27,146.56
115.93,75.385,354.54
99.431,55.04,271.7
98.503,55.518,339.23
114.84,75.091,3.6219
143.62,35.857,229.41
103.66,62.594,42.309
101.4,63.024,307.14
148.27,58.451,281.17
109.81,35.054,31.96
142.26,36.773,437.55
147.53,55.749,354.27
109.41,71.608,133.59
113.52,74.593,203.97
142.19,68.652,307.24
117.01,76.163,111.99
127.58,27.287,266.75
142.68,65.408,392.76
118.96,25.679,450.16
138.07,31.157,251.06
140.55,32.66,167.65
104.76,40.722,71.814
151.35,53.006,86.504
148.43,62.061,181.32
124.11,77.622,152.38
114.59,75.046,316.06
142.28,66.979,361.05
100.82,62.593,335.75
101.39,53.945,84.304
110.27,32.434,190.89
123.52,78.021,31.898
120.82,76.03,388.5
100.12,47.696,236.23
99.014,61.138,418.75
109.66,72.195,228.48
102.89,43.231,119.82
145.75,44.899,441.53
138.94,69.409,402.08
100.83,41.547,312.09
134.48,29.271,411.82
138.95,32.14,343.7
103.81,32.738,447.85
148.36,52.015,329.44
104.64,65.933,126.6
108.23,71.077,240.15
102.07,59.177,91.852
101.36,48.81,114.74
149.15,59.541,194.61
142.85,66.375,357.11
118.2,28.147,231.95
132.87,28.852,87.952
118.32,76.105,327.21
134.97,29.58,418.89
114.61,26.253,468.01
146.05,54.743,443.63
136.39,30.204,285.6
114.96,27.227,384.64
124.45,27.119,259.4
106.35,67.849,71.998
146.96,60.632,315.4
115.72,29.061,221.62
145.4,68.528,122.14
98.074,60.443,468.43
110.15,34.037,79.631
116.63,75.064,464.45
116.25,75.845,15.573
148.16,55.22,325.95
140.14,71.073,286.54
118.08,28.114,239.55
120.47,76.456,326.98
148.76,64.646,64.45
126.88,75.519,399.64
122.97,77.866,54.626
147.26,66.361,101.68
145.04,40.343,376.33
150.4,56.852,141.49
104.35,68.352,374.9
112.09,33.425,11.252
102.49,38.995,295.31
117.13,28.055,273.87
120.77,29.208,9.5925
126.41,26.381,394.43
146.06,64.495,264.1
146.72,60.803,324.33
99.918,50.478,223.07
115.86,28.4,279.61
103.49,66.103,281.66
122.39,25.516,461.16
131.72,77.926,13.728
121.28,25.667,438.15
163.49,29.048,187.14
161.73,46.874,409.63
146.24,66.094,37.678
165.23,48.039,182.99
159.97,23.679,150.49
146.47,62.835,386.74
149.17,16.791,236.34
119.47,49.272,13.522
118.01,49.645,187.99
154.38,60.857,267.7
167.49,39.883,76.129
153.75,18.824,127.11
134.22,64.452,240.88
159.55,22.802,73.146
143.15,15.319,265.14
118.06,29.862,236.04
167.35,45.578,57.495
126.92,61.168,243.29
128.89,62.369,289.47
130.56,62.719,449.92
150.95,59.376,463.88
125.99,60.499,235.09
153.65,18.763,114.59
157.21,57.864,305.19
154.5,19.565,280.25
145.38,63.467,365.85
123.27,25.685,48.364
164.7,49.909,172.22
130.92,63.209,325.13
115.4,41.352,267.25
151.89,17.969,34.884
152.11,64.31,65.811
151.57,63.245,200.94
122.61,23.938,190.1
160.64,23.616,32.48
151.48,17.785,71.208
134.39,17.828,36.808
158.32,61.096,32.697
131.11,62.82,462.09
164.58,53.34,58.196
142.71,62.842,469.85
115.19,33.978,323.47
140.5,66.188,38.565
158.09,21.862,149.12
146.4,65.671,98.436
118.67,21.638,465.09
148.78,16.999,38.792
117.16,39.92,111.14
167.29,38.302,83.379
120.23,31.917,3.3799
149.62,64.259,175.89
156.73,23.14,471.81
135.59,15.762,250.08
166.25,35.632,143.8
128.54,62.185,355.79
141.58,14.771,331.13
163.34,34.377,360.9
132.26,63.135,449.71
113.75,34.946,386.77
133.84,17.668,77.104
123.16,57.227,110.95
114.42,36.877,337.88
120.6,54.892,215.68
119.32,28.687,187.05
141,65.659,170.44
117.43,29.09,296.92
128.45,62.096,239.65
131.95,16.736,256.18
133.7,63.936,347.85
160.93,28.759,401.02
142.39,66.005,99.846
158.19,21.96,149.72
118.63,30.927,158.16
118.95,53.584,301.55
120.86,26.374,179.18
157.93,57.779,276.2
167.38,41.047,89.092
153.89,61.036,277.15
118.34,29.061,243.25
134.89,16.06,232.98
149.01,16.821,170.63
123.95,59.76,448.69
165.11,50.867,109.73
165.1,47.513,206.29
158.43,23.782,355.55
113.73,41.064,370.92
120.2,26.713,209.05
159.56,24.055,260.15
150,63.321,259.24
130.28,18.534,149.75
135.02,13.769,449.43
118.87,30.663,147.78
165.88,47.841,134.74
163.35,46.638,334.16
149.36,16.89,206.27
159.63,24.772,315.48
136.62,64.973,240.52
118.51,28.053,266.53
162.31,26.345,126.58
150.13,60.246,444.24
118.15,31.036,191.22
122.93,26.896,9.2874
115.03,27.462,448.09
149.78,17.092,156.13
158.01,24.705,457.73
151.72,17.999,377.04
115.59,43.535,268.37
153.57,18.932,273.05
165.89,34.356,149.42
163.84,52.516,146.08
160.46,24.026,123.62
142.35,16.058,88.977
158.24,52.136,457.84
118.12,24.571,385.52
120.66,53.711,108.49
147.9,65.37,98.779
118.02,32.823,149.3
164.42,32.157,233.2
142.22,16.056,89.557
148.69,64.325,204.72
130.12,17.872,221.46
125.34,60.114,263.45
128.54,62.013,152.88
142.5,63.678,400.38
140.25,63.733,424.88
141.05,14.602,347.6
119.04,48.664,38.853
118.76,53.116,290.81
166.41,48.062,86.932
119.52,31.369,74.554
149.18,64.423,174.04
151.84,18.293,451.48
160.85,27.106,343.12
120.91,52.652,9.2564
125.84,16.753,432.2
117.58,53.694,429.75
125.17,20.641,245.86
164.33,39.839,334.93
143.81,62.67,461.08
132.89,64.009,266.21
146.75,16.152,199.25
132.39,17.98,105.49
162.09,29.633,345.47
116.04,40.407,212.21
118.64,28.086,257.31
121.92,57.916,377.17
159.29,27.018,465.38
123.88,21.114,280.84
157.29,60.172,161.23
147.16,64.838,194.27
128.56,16.704,355.96
123.16,20.586,334.16
164.76,33.039,228.15
129.04,62.199,87.781
165.88,36.516,196.8
121.15,56.37,291.29
117.45,52.937,392.86
159.04,22.175,36.667
156.38,22.174,424.53
157.63,21.21,78.408
150.96,17.56,110.2
116.45,28.306,360.74
112.61,32.815,473.2
115.48,42.975,271.2
122.62,58.873,452.79
152.61,64.006,75.274
159.28,53.903,358.64
119.56,28.678,170.27
157.16,57.081,338
165.78,36.868,211.88
118.2,40.36,16.661
164.51,35.691,302.92
136.05,15.116,311.09
166.58,34.33,76.006
123.81,58.952,280.88
148.16,16.38,276.11
159.23,56.252,281.88
158.62,52.281,435.63
160.19,23.297,53.41
144.73,16.218,76.603
131.96,17.36,191.36
117.23,52.062,365.56
122.62,58.243,335.59
118.47,51.356,220.07
154.66,19.273,83.739
131.63,63.632,180.05
152.69,18.466,312.1
125.53,60.099,220.96
164.44,47.087,264.29
162.89,39.636,415.88
151.07,64.301,111.04
124.71,17.344,435.12
154.92,20.287,366.72
120.27,21.366,408.91
125.31,18.066,376.38
140.79,66.15,54.717
126.35,21.334,128
166.67,35.673,101.38
162.34,51.257,292.38
121.13,55.802,234.73
116.53,39.609,169.35
115.69,33.21,307.42
128.98,17.596,289.58
163.75,28.597,126.89
147.93,16.526,160.25
150.58,63.328,236.11
147.48,16.483,129.31
131.82,17.267,207.07
150.84,17.606,447.1
164.08,34.992,322.98
160.6,26.297,323.9
166.02,36.925,189.82
115.65,36.293,268.67
163.66,31.053,267.15
154.69,19.549,225.88
145.33,64.157,315.59
125.53,59.433,70.705
162.24,34.793,437.15
147.33,16.016,314.86
151.27,17.728,46.619
144.77,15.483,282.67
155.48,58.71,335.46
164.29,53.866,57.952
166.57,41.403,162.37
137.71,65.689,63.617
161.48,28.157,339.12
143.56,63.906,364.99
149.62,17.047,148.67
116.22,44.013,219.18
133.18,16.671,218.5
137.68,65.692,60.211
116.02,45.744,265.86
121.3,19.034,470.57
166.18,46.852,131.87
118.64,53.247,309.83
124.91,21.239,220.17
144.54,63.941,346.63
154.73,19.929,329.34
159.11,23.956,302.8
163.19,51.395,235.47
115.12,41.559,288.67
163.53,35.676,363.52
151.63,62.063,296.96
115.54,30.254,362.74
125.39,59.507,110.29
141.15,15.551,193.72
144.9,15.329,322.9
123.33,26.375,8.6847
130.49,17.497,240.21
166.5,34.972,102.64
162.18,56.726,68.104
163.43,54.242,102.95
124.78,20.447,276.85
125.11,59.978,273.79
121.43,27.994,62.6
157.35,20.843,26.218
118.54,52.943,302.07
157.32,57.865,300.21
154.84,19.538,177.92
144.96,62.595,440.37
115.71,40.795,240.4
146.69,65.565,106.46
117.99,35.049,99.017
157.74,54.398,407.43
163.13,43.781,378.22
163.86,52.598,140.8
117.72,41.82,58.513
162.51,34.396,414.13
121.9,57.24,296.1
118.89,51.311,168.57
127.7,18.423,279.77
133.98,15.326,326.41
117.23,37.528,123.09
134.21,64.519,206.46
156.05,20.819,295.53
137.13,64.986,257.66
113.12,37.089,406.66
166.79,40.929,143.29
112.89,41.54,424.97
167.03,37.279,95.174
116.41,38.258,188.23
140.83,15.104,276.09
141.72,65.188,257.01
113.16,36.874,405.17
150.08,60.572,426.84
163.56,27.412,59.147
131.42,63.135,399.98
120.34,55.27,280.81
127.64,15.326,469.51
159.42,57.701,194.58
156.64,57.434,344.07
122.74,58.242,319.57
157.33,57.152,329.02
127.65,21.145,67.224
166.53,34.555,87.643
149.09,16.843,171.11
141.04,15.932,118.98
146.23,63.474,348.67
122.17,19.634,409.32
131.02,62.746,474.24
151.82,59.573,422.49
123.89,59.01,278.65
156.64,55.79,404.42
118.77,25.633,328.28
129.06,62.272,118.76
154.64,19.705,292.13
154.76,19.486,176.88
161.14,25.091,158.01
149.36,16.772,311.02
155.15,55.664,471.81
117.96,37.991,55.004
123.7,58.623,238.31
154.73,61.933,165.15
126.43,22.344,51.113
119.16,55.796,448.6
132.44,17.075,201.99
115.27,34.364,314.54
148.7,64.387,196.72
145.39,65.716,114.64
134.17,64.709,50.121
114.45,39.339,327.57
124.33,57.795,10.987
156.38,21.164,305.77
122.51,21.476,321.29
158.25,24.482,421.18
131.42,63.338,341.44
159.3,27.01,464.13
161.72,26.064,179.63
120.73,53.501,85.019
134.4,15.995,254.59
117.44,49.038,224.28
119.49,55.204,359.75
125.24,22.634,103.96
152.25,18.088,151.61
131.31,63.461,64.502
143.06,15.8,149.42
133.84,16.024,267.17
150.36,65.207,35.541
16.64,120.22,143.35
63.765,110.17,197.13
48.595,144.14,229.76
59.125,102.75,103.49
62.118,122.83,467.68
20.785,136.34,379.61
43.323,96.528,3.4904
17.607,117.76,76.196
36.532,92.982,470.75
64.715,116.03,283.83
48.357,96.901,73.774
20.817,136.43,407.22
17.184,114.46,166.04
29.209,97.17,306.86
46.866,96.285,197.06
57.124,142.2,10.074
56.595,140.61,164.17
19.523,102.38,401.31
49.458,144.67,134.68
38.011,145.49,174.5
25.653,97.242,400.82
16.639,110.36,305.33
64.62,124.69,283.03
17.082,129.43,259.49
41.698,93.86,407.3
65.178,109.82,14.849
21.043,136.57,357.2
67.497,122.14,63.93
56.075,101.06,437.48
25.619,98.815,326.78
14.903,126.26,373.6
57.56,102.21,280.18
48.19,141.42,420.33
24.739,139.8,266.59
60.529,107.29,423.74
35.138,94.368,369.25
17.4,118.72,84.293
40.805,143.22,432.83
34.528,144.8,156.51
42.998,145.22,244.36
47.886,95.989,338.74
19.991,135.09,295.79
20.881,109.26,40.825
63.604,119.19,390.56
44.303,94.244,421.45
63.656,133.83,96.231
37.09,143.34,433.93
52.668,140.47,345.7
54.151,137.78,419.18
13.581,124.31,450.02
53.354,98.846,201.79
37.544,93.815,393.48
57.331,134.86,410.92
41.563,94.684,329.01
28.63,141.93,362.23
50.72,141.46,352.27
61.829,104.95,13.559
41.075,144.65,320.46
57.406,133.8,447.21
59.202,104.56,377.46
18.408,118.28,2.2017
66.457,116.45,122.38
32.8,144.26,83.815
41.399,95.161,275.09
12.877,122.14,472.45
65.889,113.01,88.739
24.177,138.49,102.2
14.349,126.12,425.33
48.231,97.032,7.4081
36.775,145.39,137.69
23.656,103.17,162.35
48.95,144.41,186.25
67.234,123.47,79.347
64.951,116.33,266.5
68.151,122.81,3.546
36.839,145.03,252.68
65.893,118.77,204.81
23.3,138.27,206.41
63.961,111.7,245.32
45.7,96.397,74.499
16.334,126.41,236.41
21.67,100.25,398.46
17.204,108.59,318.58
33.935,96.563,204.95
58.681,104.27,434.64
62.739,135.18,100.24
31.989,99.1,10.38
58.878,132.83,411.62
33.585,144.41,225.2
33.433,95.97,281.89
25.319,140.27,284.7
25.329,100.6,236.11
40.049,146.08,72.135
64.245,113.95,287.54
36.173,97.491,8.2099
15.846,106.17,452.65
49.542,96.537,357.95
15.474,124.83,285.95
29.773,142.76,73.505
53.015,98.699,269.21
29.294,95.918,373.79
61.397,134.36,232.5
13.052,113.37,465.41
16.017,119.64,200.75
55.181,137.97,373.09
38.034,94.86,310.47
67.132,123.02,91.633
34.256,94.365,379.59
64.349,113.25,258.06
20.773,106.58,166.89
16.459,111.3,294.12
60.609,136.63,171.71
21.923,137.45,391.08
61.887,105.8,104.26
53.53,98.793,379.84
66.378,122.09,163.52
55.348,135.93,453.68
55.368,141.78,140.09
43.747,146.12,78.757
52.931,98.324,398.94
28.046,141.91,176.57
58.11,138.15,241.32
55.801,100.45,207.33
17.005,130.26,308.92
47.729,142.7,356.6
58.652,134.93,352.11
19.338,131.89,127.76
62.758,115.27,440.96
56.824,139.11,255.51
45.931,94.942,388.57
60.729,139.08,19.845
64.142,126.47,288.24
61.925,105.63,80.948
17.896,130.82,234.64
13.725,120.36,384.68
49.578,96.113,452.9
13.301,118.68,413.15
23.029,105.84,49.345
47.851,145.8,43.111
62.222,111.81,427.87
53.236,139.02,394.65
65.612,125.12,198.74
37.786,93.586,412.66
65.01,121.39,283.57
30.985,143.44,94.07
39.313,145.3,247.28
41.814,145.95,122.05
63.17,136.23,19.407
36.058,144.43,322.68
38.397,144.65,321.95
27.152,141.34,333.69
65.684,129.36,100.79
18.814,127.01,1.0247
29.462,95.215,411.5
21.046,106.07,172.95
63.144,114.85,403
33.086,94.284,401.64
17.106,109.83,291.16
22.955,138.17,250.08
44.375,95.847,189.12
29.279,142.42,55.325
53.797,99.116,209.33
50.262,144.01,177.95
47.587,143.79,292.09
18.225,130.51,182.21
59.325,132,416.69
58.076,103.06,370.25
60.795,105.17,186.37
24.414,139.08,161.28
32.885,144.19,225.39
21.099,136.73,423.23
50.984,97.709,64.17
62.937,113.34,395.99
46.869,95.479,358.37
50.674,97.648,24.207
29.221,142.41,67.318
14.331,123.05,359.06
30.459,98.103,181.39
44.741,145.25,208.25
17.954,103.85,419.96
62.546,110.4,346.61
55.366,141.04,200.56
67.185,128.04,14.367
55.731,137.68,364.81
53.93,99.073,458.79
22.38,135.74,34.058
15.91,105.78,460.58
18.203,117.6,27.713
67.605,117.03,20.23
55.133,100.09,414.43
23.704,97.539,450.55
40.388,96.082,105.65
62.042,132,281.81
49.044,141.68,383.15
48.388,97.034,19.815
17.642,107.71,319.68
35.795,95.73,251.56
18.576,114.21,59.042
44.432,93.997,461.22
59.225,139.76,68.38
65.452,115.35,200.52
52.112,98.062,322.79
51.493,97.708,324.07
18.451,110.7,169.05
65.272,110.99,69.394
57.189,101.83,272.19
15.352,125.29,306.28
64.699,131.42,112.41
15.808,105.77,466.02
16.755,112.36,248.84
28.146,96.136,389.61
60.088,107.11,468.4
18.825,108.24,231.25
18.455,113.87,76.804
63.629,108.11,83.841
46.979,146.22,5.6949
64.495,133.45,51.355
62.342,110.27,363.61
29.275,142.45,67.451
67.344,126.44,32.674
56.175,101.01,336.86
25.941,97.471,380.45
60.327,137.27,154.07
49.442,96.549,349.07
16.212,122.78,189.97
30.124,142.94,61.466
15.362,124.78,295.6
49.071,145.13,92.427
60.742,105.44,222.18
47.051,96.441,144.48
59.228,136.24,277.07
45.329,96.273,96.928
65.177,112.85,158.65
47.863,95.185,471.85
38.248,95.605,220.73
33.692,144.04,315.51
50.773,140.44,403
62.5,108.15,224.38
32.669,98.625,25.404
35.264,97.392,53.155
54.713,99.793,329.52
57.792,133.74,431.42
46.304,144.78,230.31
20.123,133.94,169.49
57.008,101.68,276.21
16.353,129.25,333.59
21.905,106.29,102.29
43.286,146.38,32.737
18.718,132.98,272.98
33.967,97.15,131.7
42.781,95.819,157.16
17.753,120.63,42.962
47.451,95.374,402.04
43.52,96.488,12.305
39.485,96.374,70.163
20.173,106.52,211.16
21.187,136.77,393.06
18.152,129.54,147.61
42.852,95.918,134.04
15.487,113.78,307.18
19.332,104.36,341.63
62.315,125.55,413.2
31.48,99.22,23.372
34.139,93.177,472.12
44.084,146.35,32.63
29.382,96.928,316.64
37.754,95.414,255.01
24.23,139.41,273.43
66.697,118.46,126.59
49.682,143.95,208.74
59.945,105.97,405.63
14.186,121.1,352.85
38.181,96.59,66.347
27.08,140.85,50.773
36.42,144.5,320.41
60.314,104.01,113.53
18.047,129.25,147.81
16.125,124,211.25
19.494,110.26,105.03
15.454,120.2,249.07
30.797,143.4,174.35
62.189,124.88,432.57
18.277,133.81,455.67
65.712,117.86,214.19
39.235,95.878,158.6
13.989,121.81,373.58
36.368,94.461,351.78
26.248,98.415,326.5
63.64,116.19,376.42
30.641,99.442,44.272
21.893,106.18,108.5
41.674,95.134,280.98
64.08,134.27,46.894
17.019,118.62,118.25
41.963,96.359,40.287
44.462,146.25,46.588
15.599,111,349.42
24.927,103.52,60.258
61.118,126.36,469.53
27.426,140.82,471.51
33.742,144.66,41.813
60.272,106.69,416.73
38.234,95.092,287.13
59.949,103.42,81.323
65.426,119.41,250.32
56.818,140.44,164.09
44.27,145.6,161.53
30.285,96.456,321.94
30.463,94.353,445.77
20.264,135.74,363.13
26.444,140.22,28.797
55.835,138.85,313.21
15.61,116.43,260.58
37.493,95.884,191.73
64.336,124.11,310.06
46.335,95.304,359.05
65.191,126.38,211.38
64.977,126.28,230.28
16.111,120.21,191
52.025,97.949,337.98
19.899,135.04,306.92
15.185,118.75,274.96
54.796,99.798,366.86
22.073,137.53,310.11
17.238,124.89,116.45
44.855,144.81,262.42
29.316,100.52,20.558
49.063,145.49,47.522
20.01,110.78,48.087
21.743,107.48,56.156
18.553,130.69,154.36
35.249,143.16,438.22
24.558,139.07,136.95
65.757,111.39,34.688
51.121,97.182,392.01
26.806,141.1,343.02
24.784,139.87,304.32
17.227,128.28,199.71
84.397,118.04,318.43
38.909,134.79,295.02
37.547,123.96,61.654
40.97,108.34,123.55
82.213,108.26,173.63
83.303,120.11,410.62
36.48,127.83,224.03
52.735,143.78,461.57
62.879,97.668,14.761
87.677,118.02,6.0603
84.517,125.64,291.27
75.782,142.04,191.38
40.13,102.11,431.96
35.106,118.12,290.84
77.673,140.04,222.8
40.809,102.56,385.37
66.081,143.23,432.97
71.234,143.54,287.85
35.292,111.29,382.31
78.762,104.4,229.79
84.878,134.83,14.116
55.77,146.37,137.78
81.556,107.12,156.15
38.088,134.73,442.62
48.192,143.26,199.92
78.852,139.25,200.46
69.731,97.948,340.77
77.965,139.17,257.49
66.304,147.49,9.4886
55.19,96.026,337.62
80.663,109.63,466.43
58.018,146.21,279.96
83.861,110.28,119.35
66.107,142.9,454.14
70.783,98.508,332.57
70.823,142.25,368.91
65.957,146.95,100.48
57.836,95.477,356.22
39.644,107.29,262.02
35.022,128.55,395.38
72.229,99.422,19.119
50.943,143.8,395.29
88.055,124.07,8.6526
81.527,109.53,356.7
55.923,146.61,31.751
70.239,98.62,99.981
43.65,140.01,444.49
68.541,144.68,289.28
36.638,124.69,152.9
62.718,96.902,184.52
34.168,120.15,347.26
74.728,100.62,52.699
85.493,125.87,212.23
61.018,147.57,18.683
75.674,101.65,228.93
34.095,122.04,355.93
49.423,143.91,165.9
85.659,132.37,45.387
76.189,141.28,224.69
56.195,145.27,357.59
57.812,98.253,9.8123
51.058,144.67,65.858
53.522,143.98,454.78
38.095,133.96,341.07
52.809,145.44,151.56
37.961,131.6,202.61
34.426,110.3,453.75
61.222,147.01,149.57
50.938,95.054,469.68
78.926,137.91,269.74
67.716,142.43,443.92
43.988,99.398,405.82
79.786,106.08,299.16
38.956,132.54,137.96
70.839,98.797,231.98
77.433,102.61,121.59
73.072,99.951,259.23
51.243,144.43,327.08
77.333,102.16,9.9716
41.24,137.59,254.78
87.13,117.08,40.846
54.143,99.19,26.507
38.346,109.2,268.98
42.927,137.97,59.693
86.732,115.75,47.468
68.354,142.91,398.08
41.813,138.58,396.18
65.671,96.812,299.41
56.761,146.51,168.18
81.553,106.88,132.95
36.468,122.53,155.7
37.851,105.95,393.1
56.42,146.71,48.614
48.2,100.99,138.78
84.728,131.57,142.39
83.659,124.1,363.66
75.394,140.59,303.33
50.622,99.641,137.68
81.744,109.58,331.36
37.107,105.27,452.09
76.264,102.61,467.22
39.674,106.02,309.45
81.984,111.99,417.76
57.566,97.283,157.28
49.538,100.29,130.21
42.749,137.37,21.483
71.142,98.939,216.21
86.608,120.13,135.72
81.644,111.88,449.05
86.773,120.41,122.27
36.818,129.79,250.27
40.494,109.74,95.341
43.211,107.32,19.602
84.303,123.12,329.68
88.027,120.07,1.7292
75.837,101.94,335.47
37.023,113.67,223.4
86.023,127.24,146.13
78.326,102.95,28.576
83.112,113.1,338.61
58.984,144.72,417.2
35.821,131.58,470.03
77.439,102.88,182.87
82.972,136.54,73.514
35.623,108.86,421.37
77.628,103.07,187.21
39.039,131.73,89.427
81.165,109.67,409.96
65.213,96.463,330.22
71.605,145.48,87.33
57.188,146.62,154.43
85.211,126.48,226.28
76.822,137.83,363.46
49.75,98.169,303.12
53.5,94.776,448.16
80.939,128.77,451.16
62.062,143.91,458.5
41.41,137.64,234.62
69.292,146.19,99.889
76.676,102.15,154.93
34.325,128.01,449.59
67.395,147.25,19.908
83.49,116.83,380.32
69.793,97.405,464.65
83.316,122.42,400.33
36.769,116.21,186.13
78,102.72,34.953
53.62,96.522,325.78
43.268,139.35,188.48
38.279,103.56,456.69
45.273,103.2,136.91
86.637,118.31,112.64
86.125,126,157.19
78.332,139.21,234.38
59.219,147.14,83.503
59.038,145.67,338.89
62.059,144.85,385.74
33.279,120.69,413.53
81.028,105.81,82.98
82.894,108.92,141.02
87.542,122.56,58.156
43.566,138.89,78.183
65.976,97.407,152.6
45.098,98.177,431.56
70.193,97.693,445.55
42.88,106.43,89.315
35.777,122.88,220.19
86.998,123.18,105.68
38.527,133.87,269.47
82.556,131.14,308.48
38.086,131.32,175.65
52.217,145.15,235.46
42.248,106.84,109.8
64.228,97.586,40.16
41.949,102.23,355.03
38.41,126.82,10.79
70.871,98.2,407.64
64.371,95.724,388.68
66.078,147.29,45.268
69.511,97.875,336.54
83.181,137.63,5.9271
41.81,104.55,262.77
35.125,115.93,314.31
71.644,145.89,42.189
84.395,116.05,289.88
87.045,122.51,102.91
57.855,98.2,15.774
83.175,112.91,325.76
85.959,125.34,179.86
43.398,138.31,32.419
39.082,131.56,77.36
70.826,145.7,97.094
76.465,140.96,231.05
39.293,113.37,54.688
68.328,142.38,430.57
42.1,138.45,238.28
34.605,113.93,373.64
83.098,113.54,353.41
51.199,144.79,171.71
82.928,130.2,309.82
82.593,111.02,309.99
72.558,99.557,16.443
69.026,97.437,370.2
45.69,98.036,420.18
75.758,136.7,452.78
82.06,137.54,86.417
64.783,97.66,31.673
74.821,140.84,313.01
83.129,135.9,92.47
40.09,136.74,351.76
57.156,96.425,283.16
82.24,110.62,330.79
41.067,110.19,35.756
41.898,102.98,327.96
63.165,146.3,256.78
34.043,115.69,384.39
68.812,97.35,369.12
85.312,134.02,13.944
37.597,119.84,64.977
72.535,99.633,227.17
39.957,111.79,55.983
45.734,99.988,323.19
84.719,112.15,125.56
45.363,104.04,74.191
40.33,112.43,6.1737
50.796,144.58,123.51
46.511,142.28,247.24
58.135,94.537,435.37
44.457,100.47,342.09
36.038,124.8,211.33
85.224,124.22,253.29
76.822,141.36,182.38
51.234,144.77,93.167
56.166,144.25,457.99
41.049,102.46,379.75
43.619,104.39,161.14
75.36,142.38,188.03
85.755,116.63,168.63
84.76,113.84,191.81
57.715,94.374,450.85
36.389,120.13,168.24
37.318,121.57,79.227
82.036,138.32,46.493
83.287,137.17,21.638
83.696,133.77,142.33
70.193,98.554,170.72
67.953,98.045,58.818
72.567,144.12,182.04
77.457,141.34,146.17
38.295,134.38,353.97
39.216,107.7,271.29
37.806,107.87,338.82
39.689,131.36,3.067
85.646,121.15,229.19
38.936,114.83,41.85
35.384,115.29,306.67
74.386,141.76,280.77
61.406,97.624,31.734
82.807,122.23,437.31
75.127,139.65,353.89
37.015,125.98,133.06
37.839,131.33,203.41
63.021,145.82,306.74
40.032,134.22,111.43
78.644,104.5,266.59
64.984,144.17,392.29
72.009,98.823,450
84.285,114.11,250.88
85.706,116.36,167.45
53.664,98.961,71.536
81.372,138.4,86.152
72.765,144.03,180.89
44.304,140.15,151.8
37.715,133.03,315.49
63.847,144.92,360.57
35.051,114.76,335.28
42.508,106.99,83.914
62.52,96.865,190.68
44.293,139.35,31.323
41.43,138.22,387.93
44.667,102.3,235.89
34.123,112.98,418.28
36.279,127.16,227.94
50.341,99.969,119.52
80.234,130.72,441.23
59.489,144.88,401.57
48.723,98.5,311.79
81.813,111.32,411.65
83.788,115.98,343.51
55.882,94.482,447.62
78.307,137.17,329.09
37.049,118.52,126.11
35.831,125.45,239.62
39.625,111.49,91.419
45.613,103.23,114.39
74.859,142.64,194.2
64.695,144.8,356.63
71.107,98.92,231.78
82.737,108.03,87.79
39.823,136.31,326.64
81.951,111.92,418.71
68.206,96.576,467.85
74.119,138.46,443.24
83.413,112.51,285.42
68.33,97.047,384.47
76.399,102.31,259.24
37.444,120.76,71.496
71.78,142.79,314.97
68.684,97.967,221.45
66.634,146.68,121.65
33.561,112.14,467.97
62.046,97.351,79.412
38.404,135.25,463.88
40.215,132.91,15.013
76.12,139.48,325.57
60.015,146.24,286.03
70.993,98.863,239.38
41.247,137.96,326.41
72.039,145.53,64
46.342,141.8,399.07
43.844,139.02,54.051
69.566,146.09,101.22
82.994,126.38,376.07
77.858,141.07,141.1
33.831,121.68,374.38
64.319,97.718,11.041
51.735,97.514,295.04
70.108,98.416,273.7
73.688,100.06,9.4226
77.593,103.82,394.28
68.906,144.87,263.65
71.43,142.82,323.91
42.804,104.23,222.71
68.882,97.901,279.44
35.156,118.84,281.16
74.678,100.97,461.01
50.746,144.44,13.16
73.867,100.24,438
105.49,128.46,186.99
91.386,142.31,409.33
69.334,144.86,37.216
94.638,144.1,182.68
106.45,121.86,150.38
69.57,144.59,386.29
102.11,110.16,236.28
59.78,114.62,13.184
57.4,115,187.64
77.598,147.45,267.27
102.24,138.66,75.896
104.94,114,127.04
59.995,137.08,240.41
107.15,120.46,73.051
98.278,105.33,265.09
69.879,100.17,235.86
98.57,142.82,57.215
56.5,129.89,242.85
56.969,132.35,289.02
57.093,134.65,449.46
74.778,145.28,463.46
56.266,128.73,234.65
104.98,113.82,114.52
81.468,147.2,304.79
104.15,115.97,280.17
68.455,144.25,365.4
77.644,99.198,48.224
93.095,145.13,171.9
57.775,134.51,324.68
60.274,107.45,266.97
104.61,111.6,34.826
74.809,147.43,65.367
74.3,147.08,200.49
77.441,98.285,189.97
107.69,121.54,32.38
104.2,111.41,71.149
91.283,100.26,36.74
81.827,148.76,32.284
57.381,135.16,461.63
91.461,146.99,57.851
66.202,142.68,469.4
64.529,102.01,323.24
64.865,141.24,38.099
106.19,119.25,149.03
69.369,144.99,97.975
74.298,95.633,464.97
102.82,108.88,38.74
63.448,106.55,110.88
103.05,137.36,83.159
71.569,101.75,3.1874
72.3,146.45,175.44
102.45,121.29,471.7
92.29,100.72,250.02
103.62,135.01,143.6
56.439,132.39,355.34
97.044,104.3,331.08
100.94,133.48,360.7
58.127,136.06,449.25
62.429,102.19,386.53
90.727,100.02,77.036
56.927,123.67,110.54
61.987,103.81,337.63
55.852,120.85,215.29
71.887,99.791,186.88
64.828,141.95,169.98
69.54,99.542,296.74
57.097,131.56,239.2
88.834,99.161,256.11
59.308,136.99,347.38
102.47,127.87,400.87
66.079,142.68,99.38
106.2,119.4,149.63
70.079,100.88,157.96
54.93,119.31,301.17
74.592,98.956,179.02
82.245,147.42,275.81
101.33,139.56,88.849
77.053,147.33,276.73
70.566,99.782,243.07
91.657,100.39,232.92
102.35,109.68,170.57
53.935,128.13,448.26
93.154,145.75,109.4
94.74,143.75,205.99
104.02,122.17,355.43
58.575,106.77,370.63
73.698,98.972,208.89
105.26,122.54,260.04
72.706,146.47,258.79
87.02,98.83,149.67
91.973,100.02,449.39
70.499,100.78,147.6
95.546,144.08,134.44
93.217,142.72,333.86
102.36,110.17,206.22
104.54,123.47,315.36
61.5,139.02,240.06
71.206,99.256,266.36
106.68,125.27,126.46
73.705,145.3,443.82
69.456,100.86,191.02
76.837,99.676,9.1381
67.864,97.651,447.92
102.85,110.3,156.07
102.51,123.22,457.6
102.47,113.56,376.97
59.009,109.25,268.07
103.89,114.84,272.98
104.13,133.84,149.23
90.907,146.41,145.74
106.76,122.28,123.51
98.209,104.33,88.927
85.051,144.38,457.49
72.457,97.051,385.37
57.283,119.35,108.12
70.713,145.73,98.321
68.446,101.89,149.1
103.93,131.71,233.02
98.109,104.25,89.507
71.372,146.07,204.27
86.904,98.648,221.38
55.851,128.19,263.02
57.725,131.04,152.43
65.908,142.77,399.92
64.008,141.51,424.42
96.647,103.92,347.55
59.69,114.03,38.519
55.152,118.76,290.43
96.084,144.3,86.631
70.968,101.3,74.363
71.869,146.28,173.58
101.94,114.31,451.41
103.81,126.2,342.98
58.731,118.1,8.8916
83.121,96.301,432.12
53.066,119.28,429.36
81.198,97.739,245.75
98.335,138.14,334.69
67.207,143.2,460.63
59.114,136.04,265.75
100.88,107.89,199.2
89.255,99.501,105.42
103.12,128.95,345.31
61.688,106.81,211.93
71.34,99.311,257.14
53.983,124.99,376.75
101.95,125.86,465.24
79.7,97.48,280.73
80.882,148.16,160.82
69.931,145.42,193.81
85.682,97.557,355.89
79.175,96.929,334.05
103.65,132.57,227.96
58.367,131.11,87.339
102.47,135.77,196.6
54.885,122.79,290.88
53.667,118.39,392.48
107.37,119.43,36.578
103.08,120.04,424.43
106.67,118.03,78.325
103.72,111.14,110.14
68.918,98.689,360.56
62.425,100.35,472.98
59.271,108.77,270.91
53.468,126.62,452.36
75.333,147.57,74.832
85.289,145.81,358.28
72.167,99.832,170.1
81.745,146.76,337.61
102.07,136.07,211.66
64.513,106.99,16.396
101.32,134.89,302.71
92.7,100.89,311.04
105.11,133.83,75.819
55.323,126.42,280.45
101.37,109.43,276.05
84.185,147.12,281.5
85.378,144.61,435.28
107.43,121.13,53.312
100.01,105.91,76.553
88.819,99.259,191.29
54.221,117.42,365.18
54.548,125.44,335.16
56.468,116.8,219.71
105.6,114.67,83.67
58.892,134.43,179.59
103.29,114.15,312.03
56.251,128.04,220.53
94.174,143.35,263.99
96.895,137.55,415.63
73.758,147.02,110.59
81.86,96.045,435.03
103.51,117.31,366.63
76.03,96.119,408.8
82.199,96.635,376.29
65.021,141.49,54.25
82.338,98.321,127.89
104.17,135.06,101.18
89.722,145.36,292.04
55.566,122.01,234.33
62.827,106.25,169.08
65.496,101.64,307.2
85.816,98.114,289.5
106.32,127.91,126.75
101.77,108.7,160.2
73.28,146.71,235.67
101.63,108.19,129.26
88.683,99.195,207
101.64,113.12,447.03
101.33,134.2,322.78
104.25,125.31,323.76
102.35,136.13,189.61
63.71,103.75,268.43
103.87,130.58,266.98
104.63,115.75,225.8
68.264,144.45,315.14
57.557,126.64,70.285
99.384,133.55,436.95
100.74,108.85,314.8
104.22,111.09,46.562
99.313,106.6,282.62
79.427,146.92,335.05
90.897,147.21,57.601
100.05,139.75,162.12
62.909,139.22,63.152
103.63,127.39,338.98
66.782,143.41,364.53
102.8,110.12,148.61
59.468,109.73,218.87
90.038,99.677,218.43
62.903,139.18,59.746
57.935,111.21,265.54
77.96,95.364,470.47
96.429,143.49,131.58
54.863,118.9,309.45
80.759,97.873,220.06
67.617,143.96,346.18
103.82,116.69,329.26
104.74,122.43,302.69
90.618,145.67,235.13
59.804,107.56,288.38
100.23,134.61,363.31
74.542,146.78,296.52
66.959,99.61,362.55
57.171,126.84,109.86
97.007,103.79,193.67
99.274,106.81,322.85
77.475,99.525,8.5399
87.322,98.713,240.14
104.47,134.42,102.45
87.385,148.1,67.729
89.738,147.21,102.6
80.84,97.523,276.74
55.701,128,273.36
74.671,99.872,62.438
106.99,117.26,26.14
55.025,118.55,301.69
81.586,147.24,299.81
105.03,115.55,177.85
68.262,143.76,439.93
61.029,107.07,240.12
69.614,145.15,106
67.286,103.28,98.794
83.506,145.49,407.06
94.631,140.65,377.94
90.906,146.46,140.46
62.965,108.05,58.234
99.983,133.28,413.93
54.874,123.97,295.69
57.121,116.73,168.21
84.362,97.867,279.68
90.892,99.81,326.35
64.974,104.84,122.84
60.147,136.92,206
104.45,118.02,295.44
61.79,139.47,257.19
60.457,103.55,406.41
100.63,139.42,143.05
57.315,106.93,424.68
103.45,136.49,94.962
63.494,105.26,187.97
96.575,103.74,276.04
65.179,142.57,256.54
60.638,103.41,404.92
73.564,145.42,426.41
107.34,126.48,59.016
57.778,135.23,399.52
55.036,121.37,280.42
85.202,96.589,469.45
83.911,147.83,194.19
81.085,146.74,343.67
54.737,125.42,319.15
81.881,146.87,328.63
83.805,98.645,67.124
104.86,134.04,87.453
102.39,109.75,171.06
97.116,103.57,118.93
69.198,144.7,348.22
78.593,96.014,409.22
57.283,135.11,473.79
75.558,145.74,422.07
55.361,126.5,278.22
81.786,145.84,404.04
72.604,97.94,328.13
58.158,131.37,118.31
104.1,116.24,292.05
105.01,115.46,176.81
106.4,123.74,157.89
101.83,110.71,310.96
80.338,145.19,471.42
65.631,105.25,54.757
55.703,125.85,237.89
77.771,147.89,164.73
82.199,98.688,51.003
52.814,122.01,448.19
89.313,99.416,201.92
64.393,102.3,314.31
71.392,146.08,196.27
68.478,144.48,114.18
60.9,136.11,49.662
60.492,105.66,327.3
58.036,124.25,10.582
104.42,118.56,305.68
78.18,97.116,321.17
103.05,122.99,421.06
57.981,135.03,340.98
101.98,125.86,463.99
106.1,124.99,179.51
57.607,119.09,84.644
91.2,100.16,254.53
57.146,114.39,223.94
53.965,121.24,359.35
80.79,98.457,103.84
104.13,112.62,151.55
59.433,133.4,64.051
98.567,104.95,149.37
90.678,99.898,267.11
73.068,146.81,35.088
-65.355,103.65,142.35
-23.107,126.56,196.25
-56.752,143.03,228.58
-21.351,117.34,102.66
-34.08,136.82,466.68
-73.914,120.07,378.47
-28.873,101.81,2.7137
-62.643,101.98,75.224
-34.512,97.526,469.98
-26.651,132.18,282.89
-25.665,105.75,72.995
-74.107,120.33,406.09
-61.371,99.724,165.1
-41.861,95.047,306.06
-27.127,105.06,196.28
-47.693,145.71,8.926
-47.972,145.07,163.03
-53.179,93.377,400.46
-55.875,143.42,133.5
-65.404,136.93,173.3
-45.177,93.378,400.01
-59.96,97.063,304.42
-32.284,138.75,282.02
-71.612,111.68,258.41
-30.75,101.14,406.53
-20.742,126.11,13.975
-73.732,120.28,356.07
-27.166,137.33,62.952
-24.541,116.08,436.66
-45.784,94.119,325.97
-71.908,108.54,372.55
-23.228,116.97,279.35
-56.422,141.83,419.16
-72.452,124.59,265.43
-25.051,123.63,422.87
-35.88,97.085,368.48
-63.467,102.64,83.313
-63.304,138.53,431.65
-67.525,134.05,155.33
-61.817,140.34,243.17
-26.98,106.34,337.96
-73.228,118.1,294.67
-54.464,97.363,39.928
-30.154,134.53,389.6
-29.083,103.19,420.68
-37.809,144.01,95.153
-66.236,136.24,432.74
-51.944,143.53,344.56
-49.511,142.86,418.05
-72.111,106.65,448.98
-23.83,111.22,200.99
-33.823,98.352,392.7
-45.143,142.61,409.82
-30.928,101.22,328.24
-71.392,129.29,361.05
-54.11,143.07,351.11
-20.168,120.22,12.724
-63.367,139.13,319.27
-44.621,142.07,446.12
-24.045,120.41,376.61
-61.934,102.45,1.229
-24.642,132.65,121.45
-68.08,132.09,82.632
-31.047,101.15,274.31
-71.381,104.66,471.43
-22.674,129.45,87.836
-71.081,122.24,101.06
-72.54,108.38,424.27
-25.46,105.38,6.63
-66.072,135.83,136.5
-49.134,95.212,161.5
-56.396,143.2,185.07
-28.315,138.28,78.358
-26.56,132.46,265.56
-26.745,137.9,2.5658
-66.464,136.29,251.49
-27.046,134.56,203.86
-72.219,122.13,205.27
-24.221,128.15,244.42
-27.381,103.66,73.723
-70.106,108.75,235.36
-50.146,93.105,397.62
-58.464,96.147,317.67
-37.258,97.01,204.16
-24.589,120.19,433.79
-39.403,144.48,99.149
-39.249,96.539,9.5743
-42.66,142.06,410.54
-68.398,133.56,224.01
-37.709,96.693,281.11
-72.411,125.43,283.54
-46.627,94.757,235.28
-63.626,138.08,70.941
-25.694,130.31,286.62
-34.997,97.983,7.4207
-58.727,94.221,451.76
-26.174,107.94,357.17
-70.036,107.28,284.91
-69.372,128.93,72.333
-24.388,111.29,268.41
-41.38,94.543,372.99
-40.673,143.78,231.41
-65.572,98.019,464.46
-65.793,103.15,199.76
-48.57,143.39,371.96
-33.636,98.971,309.69
-28.173,137.94,90.647
-36.615,96.577,378.81
-24.991,129.66,257.15
-53.556,95.992,166.01
-60.637,97.6,293.2
-42.381,144.65,170.61
-73.821,121.72,389.94
-21.196,121.45,103.42
-24.697,112.36,379.04
-28.57,137.17,162.54
-47.603,142.42,452.56
-49.524,145.04,138.94
-60.859,140.52,77.566
-24.965,111.73,398.14
-70.752,127.79,175.4
-45.681,144.63,240.2
-23.02,114.06,206.52
-72.492,112.57,307.84
-57.227,142.13,355.43
-43.839,143.17,351.01
-70.696,114.23,126.68
-28.572,131.28,440.02
-47.361,144.61,254.38
-28.093,104.58,387.79
-42.98,145.69,18.725
-33.822,139.83,287.22
-20.922,121.2,80.104
-71.737,113.12,233.56
-69.079,103.32,383.67
-26.427,108.2,452.12
-68.491,101.94,412.16
-50.668,96.172,48.477
-57.306,142.71,41.925
-26.684,128.21,426.96
-50.861,143.07,393.52
-31.309,139.21,197.73
-33.601,98.447,411.89
-29.866,136.47,282.59
-69.001,130.36,92.893
-64.708,138.05,246.09
-62.482,139.41,120.85
-39.278,145.08,18.312
-67.08,135.75,321.49
-65.429,137.42,320.76
-71.982,127.72,332.52
-33.411,141.92,99.749
-67.225,109.39,-0.020328
-41.019,94.338,410.71
-53.054,95.813,172.08
-27.789,130.98,402.06
-37.587,95.895,400.87
-59.178,96.871,290.24
-72.675,122.1,248.93
-28.708,103.08,188.35
-69.431,128.25,54.156
-23.709,111.76,208.53
-55.089,143.69,176.77
-57.66,142.48,290.91
-70.981,112.78,181.12
-41.815,141.74,415.61
-23.898,118.49,369.42
-22.107,120.76,185.52
-71.622,123.2,160.13
-68.793,132.94,224.2
-74.177,120.84,422.09
-24.116,108,63.386
-26.935,129.65,395.07
-27.545,105.41,357.59
-24.081,107.52,23.425
-69.537,128.28,66.149
-70.199,105.63,358.04
-40.774,95.814,180.59
-60.29,141.27,207.06
-55.434,93.606,419.09
-25.06,126.85,345.72
-49.404,144.83,199.42
-30.912,141.36,13.343
-47.919,143.48,363.69
-25.029,113.3,457.99
-70.296,118.57,32.941
-58.475,94.013,459.69
-61.802,101.95,26.745
-23.545,133.22,19.297
-24.504,114.59,413.62
-47.151,92.65,449.74
-31.429,100.2,104.88
-38.948,142.68,280.74
-55.717,142.35,381.99
-25.413,105.55,19.036
-57.568,95.76,318.78
-35.569,97.846,250.78
-59.52,99.785,58.101
-29.057,103.32,460.45
-44.852,145.54,67.252
-25.163,131.63,199.6
-24.982,110.55,321.99
-25.236,109.89,323.28
-57.996,97.67,168.13
-21.738,127.39,68.508
-23.219,116.39,271.36
-70.545,107.68,305.24
-35.558,142.93,111.35
-58.582,93.976,465.13
-60.827,98.331,247.91
-42.492,94.066,388.82
-25.533,123.48,467.52
-56.491,96.4,230.36
-59.498,99.553,75.866
-21.225,124.21,82.978
-58.026,142.24,4.507
-36.665,143.99,50.282
-25.23,126.72,362.72
-69.518,128.34,66.281
-29.864,140.34,31.662
-23.848,115.5,336.04
-44.985,93.617,379.64
-42.907,144.85,152.96
-26.208,107.83,348.28
-67.601,105.62,188.95
-69.152,129.23,60.293
-70.152,107.23,294.56
-56.222,143.27,91.246
-22.529,121.15,221.33
-26.78,104.99,143.7
-43.804,144.1,275.96
-27.715,103.46,96.151
-23.525,129.29,157.75
-27.254,106.5,471.07
-33.43,99.143,219.95
-68.598,133.88,314.33
-53.708,142.63,401.85
-22.937,124.37,223.51
-38.51,96.702,24.602
-35.89,97.591,52.364
-24.141,113.58,328.71
-44.195,142.18,430.33
-58.922,142.05,229.12
-71.657,116.55,168.38
-23.283,116.18,275.39
-72.485,111.52,332.52
-52.126,96.112,101.42
-61.113,140.15,31.544
-72.718,115.53,271.87
-37.185,97.042,130.91
-29.726,101.84,156.38
-64.179,104.07,41.968
-27.285,105.97,401.26
-28.747,101.96,11.529
-32.102,99.626,69.383
-54.238,95.832,210.28
-73.957,120.74,391.92
-70.21,111.78,146.53
-29.6,101.82,133.26
-63.047,98.95,306.23
-54.252,94.416,340.76
-35.355,138.7,412.18
-39.791,96.382,22.565
-36.478,96.145,471.35
-60.483,140.65,31.438
-41.63,95.031,315.84
-33.885,98.883,254.23
-72.627,124,272.28
-25.775,134.37,125.64
-55.675,143.46,207.57
-24.546,122.13,404.77
-69.016,103.99,351.84
-33.217,98.931,65.564
-70.077,125.61,49.616
-66.834,136.02,319.22
-21.306,119.13,112.7
-70.11,111.5,146.74
-68.57,106.61,210.22
-56.544,97.622,104.12
-66.864,103.5,248.07
-69.585,130.69,173.17
-35.137,138.22,431.55
-74.65,116.98,454.55
-26.657,133.81,213.24
-32.488,99.615,157.82
-69.746,104.54,372.56
-34.897,97.842,351
-45.044,94.215,325.69
-28.112,132.16,375.48
-40.698,96.137,43.462
-52.103,96.059,107.63
-30.852,101.34,280.21
-37.484,144.33,45.814
-63.888,102.51,117.27
-30.02,101.03,39.51
-60.21,140.89,45.397
-61.424,97.148,348.5
-47.786,95.68,59.41
-37.125,138.89,468.5
-72.238,128.32,470.34
-67.369,132.75,40.629
-24.823,122.96,415.86
-33.497,99.138,286.35
-21.018,118.24,80.496
-28.081,135.02,249.36
-47.691,145.08,162.96
-60.608,140.96,160.34
-40.666,95.281,321.15
-39.897,94.526,444.99
-73.829,119.18,362
-70.034,124.59,27.646
-48.286,144.12,312.08
-64.39,100.79,259.61
-34.019,98.698,190.95
-32.283,138.28,309.05
-27.845,104.94,358.27
-32.513,139.98,210.37
-32.726,139.88,229.26
-66.032,103.59,190
-25.064,110.49,337.18
-73.336,118.08,305.79
-66.29,102.37,273.97
-24.297,113.86,366.05
-73.289,121.4,308.97
-67.743,107.45,115.42
-60.234,141.33,261.24
-42.265,95.965,19.739
-56.198,143.27,46.34
-56.151,98.012,47.176
-52.748,96.644,55.273
-70.683,112.96,153.28
-67.558,134.95,437.04
-71.369,123.14,135.8
-21.421,127.8,33.8
-25.578,109.65,391.22
-72.146,127.37,341.85
-72.682,124.9,303.16
-70.415,110.54,198.65
-13.063,146.57,317.49
-58.54,130.03,293.92
-51.264,119.46,60.644
-38.963,110.06,122.67
-7.6074,136.81,172.78
-15.77,148.01,409.66
-55.516,122.71,222.98
-54.692,146.8,460.39
-14.69,115.32,13.987
-8.7249,146.8,5.1316
-17.698,152.31,290.26
-34.347,158.66,190.24
-37.396,106.6,431.12
-50.717,114.79,289.87
-31.799,158.53,221.68
-36.895,107.1,384.53
-43.948,154.78,431.8
-39.356,157.46,286.68
-46.713,110.22,381.39
-8.099,131.97,228.96
-21.717,157.92,13.045
-52.151,148.8,136.6
-7.2759,135.41,155.3
-59.989,130.34,441.5
-56.323,141.92,198.75
-30.258,158.55,199.34
-11.515,121.89,339.99
-31.218,158.26,256.37
-44.054,155.66,8.3018
-21.402,111.05,336.85
-11.379,138.62,465.56
-51.151,150.97,278.77
-7.328,139.09,118.48
-43.84,154.67,452.97
-11.021,122.95,331.78
-39.314,156.7,367.76
-44.502,155.56,99.292
-19.129,112.45,355.44
-40.112,109.24,261.14
-58.09,123.35,394.31
-8.6801,122.7,18.335
-55.696,145.27,394.12
-12.335,151.69,7.6738
-10.014,138.44,355.82
-51.574,148.44,30.564
-10.159,121.29,99.2
-59.133,137.97,443.34
-42.166,156.62,288.11
-52.962,119.98,151.88
-15.308,115.65,183.75
-53.068,116.08,346.26
-7.7295,125.43,51.905
-16.64,152.64,211.22
-48.213,152.38,17.492
-8.6892,127.88,228.12
-54.39,117.53,354.92
-55.598,143,164.73
-19.723,156.73,44.336
-33.742,158.54,223.56
-52.399,149.54,356.4
-18.918,112.48,9.0298
-54.25,144.03,64.683
-54.18,147.42,453.6
-58.899,129.15,339.97
-53.907,146.27,150.38
-56.68,126.43,201.53
-47.158,109.34,452.84
-48.459,152.87,148.38
-24.801,108.37,468.9
-29.743,157.99,268.63
-42.247,155.29,442.76
-32.546,106.85,405
-8.798,134.34,298.32
-56.146,127.4,136.87
-10.58,122.6,231.19
-7.3355,129.1,120.78
-9.7694,125.08,258.43
-55.476,145.54,325.9
-6.4733,128.02,9.1686
-58.319,133.43,253.65
-8.737,145.93,39.924
-22.429,110.94,25.714
-42.376,109.91,268.09
-56.139,133.64,58.57
-8.2316,144.71,46.556
-41.799,155.79,396.92
-59.341,135.41,395.04
-13.654,118.16,298.63
-51.66,149.72,166.99
-6.9926,135.09,132.11
-51.722,118.24,154.7
-41.385,107.84,392.23
-51.357,148.94,47.426
-28.792,109.18,137.96
-20.483,156.1,141.34
-17.786,151.01,362.67
-34.365,157.97,302.2
-26.062,109.69,136.87
-9.7319,138.46,330.48
-41.859,107.19,451.22
-10.243,130.42,466.4
-39.545,108.57,308.59
-11.602,140.98,416.87
-19.341,112.47,156.5
-27.265,109.45,129.4
-55.665,132.83,20.365
-10.347,122.81,215.43
-11.65,148.5,134.77
-11.972,140.87,448.15
-11.628,148.75,121.32
-56.666,124.58,249.21
-40.067,110.67,94.449
-35.992,110.11,18.735
-16.465,150.47,328.69
-9.7498,148.57,0.78384
-9.372,128.84,334.66
-45.995,112.21,222.47
-16.728,153.64,145.12
-6.3315,129.38,27.766
-10.989,142.08,337.71
-50.253,151.27,416.01
-59.861,126.63,468.94
-7.8648,129.68,182.06
-24.626,158.37,72.426
-45.127,108.81,420.47
-7.8642,129.97,186.39
-55.278,126.54,88.352
-10.693,138.64,409.09
-13.96,117.79,329.44
-39.159,157.99,86.161
-51.326,150,153.24
-17.331,153.01,225.27
-31.851,157.14,362.35
-26.745,108.99,302.32
-22.535,109.67,447.39
-23.383,153.37,450.12
-47.614,152.87,457.33
-58.103,133.46,233.5
-41.457,157.12,98.712
-7.8131,128.46,154.12
-58.594,122.82,448.53
-43.126,156.24,18.723
-13.339,145.43,379.39
-11.839,122.26,463.87
-17.183,149.73,399.34
-47.607,113.77,185.18
-6.4709,129.03,34.145
-22.854,110.35,325
-57.516,135.69,187.34
-39.893,106.67,455.84
-32.444,108.98,136.08
-10.328,146.99,111.7
-15.916,152.82,156.18
-30.831,158.39,233.26
-49.693,151.28,82.312
-50.369,151.57,337.7
-47.799,153.16,384.56
-54.482,116.32,412.53
-6.4158,133.63,82.146
-7.32,137.56,140.15
-12.047,150.5,57.187
-56.347,134.87,77.051
-12.951,117.94,151.82
-31.061,106.78,430.75
-11.606,122.62,444.77
-36.074,109.62,88.453
-52.851,118.45,219.18
-13.139,150.91,104.7
-58.092,128.92,268.37
-22.839,155.37,307.42
-56.244,126.12,174.57
-54.66,146.17,234.28
-36.939,109.65,108.94
-13.751,116.28,39.386
-35.635,107.4,354.19
-52.149,121.9,9.7576
-11.192,123.22,406.85
-14.471,117.03,387.91
-44.308,155.57,44.081
-11.612,121.67,335.75
-24.773,158.94,4.8326
-36.692,108.53,261.91
-49.43,113.26,313.36
-39.125,158.06,41.018
-11.62,144.88,288.95
-12.656,150.41,101.94
-18.887,112.51,14.992
-10.744,141.9,324.86
-15.751,152.34,178.86
-55.841,134.04,31.293
-55.068,126.37,76.286
-39.95,157.72,95.922
-33.366,158.51,229.92
-43.081,112.43,53.767
-41.666,155.56,429.41
-58.12,134.55,237.14
-48.886,111.75,372.7
-11.369,142.5,352.5
-54.835,144.85,170.53
-21.954,154.89,308.77
-9.8865,139.99,309.1
-8.4989,123,15.659
-11.898,121.22,369.42
-30.45,106.98,419.37
-32.456,156.12,451.67
-26.039,158.62,85.32
-13.324,116.64,30.899
-35.02,157.85,311.88
-24.203,158.09,91.387
-59.218,132.62,350.64
-19.835,112.3,282.38
-10.017,139.58,329.91
-39.568,111.02,34.863
-35.998,107.78,327.12
-47.134,154.21,255.6
-50.511,112.8,383.43
-12,121.01,368.34
-20.861,157.58,12.88
-48.598,116.36,64.001
-9.7901,124.3,226.37
-41.566,111.65,55.075
-31.108,107.92,322.38
-7.9111,141.12,124.67
-32.551,109.3,73.35
-41.4,112.08,5.2628
-54.728,144.14,122.33
-57.254,140.37,246.08
-18.756,112.39,434.6
-32.503,107.58,341.27
-53.832,120.03,210.3
-16.022,151.45,252.3
-33.064,158.76,181.25
-54.342,144.39,91.991
-52.35,149.35,456.8
-36.616,107.15,378.91
-34.616,108.97,160.29
-34.872,158.63,186.89
-10.247,145.47,167.7
-9.3515,142.84,190.91
-19.063,112.09,450.08
-50.313,116.42,167.26
-50.007,117.59,78.236
-26.33,158.97,45.391
-24.487,158.74,20.547
-22.686,157.12,141.27
-10.562,121.64,169.94
-11.301,119.14,58.042
-38.096,158.13,180.88
-32.352,158.93,145.04
-59.091,129.67,352.87
-40.755,109.33,270.41
-42.339,108.96,337.93
-54.04,126.15,1.9984
-13.59,149.23,228.22
-44.221,113.24,40.917
-48.775,112.9,305.72
-35.761,158.09,279.62
-15.889,114.44,30.959
-17.665,149.47,436.33
-34.261,157.38,352.76
-53.387,121.09,132.03
-56.603,126.14,202.33
-47.229,154.05,305.56
-56.247,129.22,110.33
-8.4663,132.19,265.76
-45.156,154.55,391.11
-10.968,124.68,449.21
-10.233,143.09,249.97
-10.104,145.23,166.53
-22.91,110.73,70.743
-27.118,158.84,85.047
-37.879,158.18,179.73
-57.018,136.74,150.66
-58.446,128.04,314.4
-46.327,154.21,359.39
-48.855,112.44,334.34
-36.692,109.79,83.047
-15.471,115.53,189.91
-55.815,135.41,30.19
-59.356,134.83,386.79
-32.903,108.49,235.05
-48.906,110.98,417.35
-55.26,122.09,226.89
-26.382,109.65,118.72
-25.116,154.35,440.18
-49.878,151.62,400.39
-27.796,108.64,310.99
-11.268,140.33,410.76
-12.355,144.76,342.58
-20.518,110.97,446.86
-30.089,157.38,327.98
-48.529,115.36,125.14
-54.572,120.56,238.59
-41.832,111.42,90.512
-32.07,109.08,113.56
-35.461,158.55,193.05
-45.577,154.64,355.45
-10.452,122.87,230.99
-6.5641,136.46,86.939
-58.998,131.97,325.52
-11.586,140.91,417.82
-12.541,120.62,467.07
-34.788,156.36,442.12
-10.073,141.51,284.52
-12.263,120.56,383.69
-8.7403,129.03,258.43
-49.348,117.01,70.511
-38.619,157.41,313.82
-11.636,120.52,220.66
-43.938,155.92,120.47
-49.086,110.28,467.04
-15.5,114.93,78.637
-60.203,131.06,462.77
-54.706,127.76,13.931
-33.229,157.73,324.44
-49.678,152.31,284.84
-10.547,122.8,238.59
-58.967,134.15,325.27
-38.718,158.17,62.831
-57.955,140.8,397.91
-56.078,135,52.92
-41.194,157.23,100.04
-19.834,152.41,375.06
-31.845,158.95,139.97
-54.463,117.19,373.37
-13.597,116.26,10.267
-24.757,109.72,294.25
-11.138,122.09,272.91
-7.9127,124.07,8.6348
-9.5779,131.76,393.45
-41.855,156.84,262.47
-38.956,157.26,322.75
-35.492,108.69,221.86
-11.779,120.94,278.66
-51.084,115.32,280.18
-10.367,128.1,460.2
-54.039,143.35,11.989
-10.383,126.88,437.19
-2.8363,167.33,185.98
-23.836,170.2,408.18
-40.204,155.75,36.052
-21.177,172.31,181.54
2.3546,162.67,149.43
-41.88,157.79,385.11
6.0507,151.43,235.42
-27.949,126.31,12.267
-31.034,126.12,186.71
-36.878,164.43,266.09
-11.245,172.39,74.802
6.385,155.54,126.16
-43.543,145.01,239.3
4.2376,161.58,72.112
6.0476,145.44,264.26
-12.221,123.06,235.06
-16.615,173.11,56.085
-41.612,137.27,241.8
-43.104,139.73,287.94
-45.421,142.54,448.36
-38.784,162.13,462.28
-40.999,136.18,233.61
6.6051,155.36,113.64
-33.969,166.95,303.61
3.6249,157.46,279.26
-42.397,156.69,364.23
-4.5561,126.18,47.444
-22.957,172.04,170.74
-44.082,142.12,323.58
-24.439,122.65,266.1
8.2052,152.94,33.96
-37.825,161.41,64.183
-38.776,161.62,199.31
-4.9489,126.2,189.19
4.1982,162.52,31.434
7.8023,152.75,70.284
5.277,135.7,35.96
-33.114,166.74,31.096
-45.597,143.18,460.52
-24.748,171.74,56.682
-43.714,154.66,468.24
-18.006,121.55,322.42
-41.308,150.12,36.962
3.8362,160.49,148.1
-40.618,156.24,96.808
-7.2501,123.8,464.2
8.5644,149.73,37.895
-20.52,123.07,110.02
-9.8251,171.96,82.077
-10.587,123.96,2.3844
-39.76,159.71,174.26
-2.2107,161.58,470.74
4.5107,137.97,249.23
-8.2294,170.89,142.54
-43.918,139.82,354.26
5.3832,144.25,330.26
-10.562,169.29,359.64
-45.533,144.28,448.13
-20.104,120.72,385.71
4.7695,135.4,76.256
-36.517,131.99,109.55
-21.199,121.39,336.79
-36.141,129.77,214.31
-10.154,123.77,186.08
-42.559,151.42,168.83
-12.43,122.73,295.94
-42.208,138.91,238.14
2.8317,134.59,255.33
-44.635,145.14,346.27
-6.0152,166.21,399.85
-41.663,152.37,98.23
3.7505,160.62,148.69
-12.074,123.27,157.16
-36.351,128.5,300.2
-7.4989,124.82,178.24
-33.351,167.45,274.62
-12.593,172.57,87.746
-37.273,164.04,275.54
-11.486,123.25,242.28
4.3355,137.21,232.13
6.9208,150.83,169.71
-43.64,135.5,447.21
-22.948,172.18,108.24
-21.01,172.25,204.84
-0.90673,162.57,354.47
-25.908,121.66,369.77
-8.3682,124.44,208.11
0.36569,163.08,259.08
-39.946,160.48,257.61
2.2731,132.54,148.89
3.5604,138.42,448.6
-11.624,123.4,146.8
-20.188,172.59,133.29
-22.257,171.24,332.72
6.409,151.42,205.35
-1.1078,163.66,314.38
-43.635,147.46,238.93
-10.794,123.4,265.57
0.475,165.28,125.47
-39.506,161.34,442.64
-12.729,123.05,190.22
-5.255,125.8,8.3553
-13.377,121.1,447.13
6.9918,151.54,155.21
-3.3309,163.02,456.62
3.3176,155.11,376.07
-26.571,123.22,267.19
4.1884,156.38,272.08
-7.1148,170.35,148.17
-25.307,171.46,144.57
2.478,163.03,122.56
7.6651,143.58,88.116
-30.303,168.01,456.32
-9.11,123.22,384.6
-33.454,128.89,107.16
-40.065,157.68,97.149
-13.922,122.94,148.29
-6.387,169.09,231.98
7.637,143.45,88.696
-40.394,158.99,203.09
1.8847,132.75,220.61
-41.133,135.67,261.98
-40.886,138.4,151.37
-43.593,154.12,398.76
-44.383,152.08,423.26
5.2243,143.81,346.73
-27.784,125.95,37.606
-35.771,128.17,289.47
-19.639,172.81,85.486
-11.173,123.66,73.561
-39.971,159.29,172.41
1.9998,155.79,450.5
-3.5841,165.45,341.98
-30.969,128.28,7.9446
-0.73025,129.78,431.36
-38.506,128.05,428.39
-2.0443,128.53,244.98
-15.402,171.03,333.59
-43.229,155.65,459.46
-43.696,143.8,264.65
6.7824,148.68,198.36
3.8111,134.22,104.64
-5.8911,167.12,344.29
-22.621,122.74,211.08
-10.673,123.47,256.35
-41.167,132.7,375.73
-5.4945,164.73,464.24
-3.2288,127.58,279.96
-34.196,166.44,159.63
-41.017,157.5,192.64
0.86747,131.93,355.12
-3.5866,127.14,333.28
-7.1251,169.54,226.92
-40.064,138.48,86.281
-9.9114,171.05,195.52
-38.567,131.08,289.88
-37.262,127.54,391.51
5.2804,160.72,35.648
-0.65373,160.74,423.48
5.3965,159.45,77.405
7.3839,152.47,109.28
-12.729,122.05,359.77
-19.423,119.82,472.17
-26.078,123.04,270.03
-43.054,134.07,451.32
-37.572,161.92,73.648
-30.463,168.66,357.11
-9.8685,123.88,169.31
-33.669,166.99,336.43
-10.488,171.11,210.59
-19.439,123.52,15.545
-10.835,170.27,301.64
4.3652,138.73,310.25
-5.9325,170.53,74.767
-40.5,134.08,279.42
5.7177,150.63,275.19
-31.702,168.5,280.31
-30.067,168.26,434.11
4.1392,162.16,52.368
8.0976,145.87,75.73
3.1339,134.27,190.51
-36.053,126.98,364.23
-40.781,133.16,334.14
-33.09,127.09,218.76
6.712,156.22,82.777
-42.327,141.9,178.5
3.9436,155.7,311.13
-40.486,135.56,219.49
-21.523,171.92,262.84
-16.594,170.14,414.53
-38.635,160.7,109.41
-1.5488,128.79,434.27
1.7672,158.59,365.71
-5.9102,124.95,408.03
-1.3267,129.11,375.53
-41.447,150.51,53.111
-0.85999,129.01,127.12
-7.5981,171.02,100.11
-26.391,170.77,290.88
-37.213,130.58,233.34
-21.145,122.79,168.23
-16.937,121.8,306.39
0.99849,132.05,288.73
-1.4984,167.09,125.75
7.169,149.64,159.35
-39.526,160.9,234.49
7.5695,148.98,128.42
2.9797,134.23,206.22
2.5645,154.66,446.14
-10.504,169.87,321.71
-2.5601,164.93,322.77
-10.192,171.2,188.53
-19.434,122.03,267.59
-5.9106,168.39,265.95
4.4416,157.27,224.89
-42.376,156.42,313.96
-37.709,134.43,69.264
-12.239,168.8,435.88
5.3858,150.02,313.95
8.1687,152.36,45.7
5.9207,147.19,281.79
-35.529,165.6,333.87
-25.314,171.54,56.43
-14.118,172.34,161.01
-41.653,147.46,62.03
-4.4539,166.22,337.97
-43.133,154.97,363.36
7.1136,151.32,147.75
-26.239,123.59,217.99
3.6412,135.54,217.65
-41.613,147.41,58.624
-28.636,124.02,264.65
-4.3045,125.98,469.71
-19.12,172.69,130.44
-36.189,128.2,308.48
-2.3173,128.2,219.29
-42.739,155.81,345.01
2.6153,158.09,328.34
-0.21532,162.92,301.72
-25.575,171.24,233.97
-24.993,122.56,287.51
-11.845,169.72,362.24
-38.957,162.13,295.34
-14.833,121.51,361.75
-38.365,134.57,108.84
6.4784,143.02,192.86
5.5265,147.56,322.01
-4.6656,126.09,7.7589
2.0541,133.18,239.36
-6.956,170.74,101.39
-28.64,170.03,66.547
-26.468,171.06,101.42
-2.3591,128.32,275.97
-41.185,135.49,272.32
-7.3497,124.88,61.651
6.4449,158.75,25.229
-35.798,127.99,300.73
-33.879,167.03,298.63
5.1543,157.09,176.95
-42.662,156.63,438.76
-23.457,122.68,239.26
-40.577,156.57,104.83
-15.409,122.96,97.972
-31.907,167.56,405.89
-20.103,170.83,376.81
-25.308,171.46,139.29
-21.551,123.59,57.372
-11.475,168.84,412.86
-39.361,132.01,294.68
-32.246,127.14,167.27
0.10066,130.87,278.91
3.5829,136.83,325.57
-18.32,122.81,122.01
-43.125,144.78,204.89
2.4449,159.31,294.52
-43.798,148.09,256.06
-22.604,120.62,405.57
-13.344,172.34,141.94
-27.284,121.29,423.81
-9.0292,171.61,93.886
-20.102,122.57,187.13
5.7014,143.2,275.23
-43.191,152.64,255.39
-22.363,120.61,404.08
-39.589,161.23,425.23
0.59224,166.24,58.027
-44.976,143.12,398.42
-37.476,130.03,279.43
0.46224,131.56,468.68
-31.864,168.34,193
-34.192,166.58,342.49
-40.533,133.17,318.13
-33.582,167.11,327.45
0.4091,129.83,66.352
-6.3271,170.6,86.399
6.9044,150.91,170.2
7.1392,142.47,118.13
-42.014,157.41,347.04
-3.8811,126.52,408.45
-45.712,143.16,472.68
-38.244,162.74,420.89
-40.512,134.15,277.2
-33.426,166.7,402.86
-9.2356,123.66,327.35
-40.569,138.73,117.25
3.3439,157.71,291.14
5.2066,157,175.9
1.0623,164.12,156.92
5.0476,152.12,310.1
-34.511,165.68,470.25
-17.689,123.14,53.92
-39.594,133.63,236.87
-36.43,164.26,163.54
-0.75487,128.74,50.23
-40.567,130.1,447.19
3.3488,134.77,201.14
-18.247,121.63,313.49
-40.339,158.97,195.09
-41.065,155.38,113.01
-41.114,143.7,48.565
-23.471,121.78,326.45
-35.463,132.55,9.5832
2.0181,159.77,304.74
-4.3942,126.57,320.4
-2.554,162.97,420.08
-44.352,142.75,339.88
-5.4669,164.73,462.99
-0.099553,165.01,178.53
-32.905,128.76,83.686
4.0101,136.87,253.74
-31.046,125.7,223.01
-38.673,129.71,358.36
-1.9937,127.97,103.07
6.5026,154.11,150.67
-40.583,140.78,62.975
7.1896,144.64,148.55
3.7064,136.41,266.32
-38.586,159.64,33.91
-117.51,38.245,141.44
-100.19,83.274,195.18
-136.73,74.457,227.35
-92.368,76.777,101.67
-116.76,85.698,465.5
-136,46.739,377.42
-87.572,59.451,1.8492
-113.97,38.311,74.335
-91.853,55.338,469.13
-107.02,85.819,281.77
-88.056,64.953,72.097
-136.47,46.975,405.03
-112.07,37.935,164.22
-94.937,47.735,305.23
-89.448,64.22,195.39
-130.24,81.019,7.6847
-130.94,81.275,161.79
-103.08,39.746,399.63
-135.76,74.749,132.27
-139.12,63.891,172.12
-96.951,44.887,399.19
-110.09,37.637,303.56
-115.55,87.224,280.84
-128.14,41.072,257.43
-90.924,60.145,405.66
-97.027,83.36,12.913
-135.86,46.879,355.01
-109.44,88.117,61.791
-95.945,75.761,435.66
-97.461,44.621,325.14
-127.01,39.155,371.59
-94.599,76.348,278.35
-136.81,74.887,417.94
-137.12,50.463,264.34
-101.11,81.134,421.81
-92.027,53.513,367.64
-115.07,38.33,82.418
-140.04,68.012,430.44
-138.79,60.218,154.16
-138.97,69.232,241.95
-90.979,66.14,337.04
-133.72,45.166,293.63
-104.53,39.816,39.084
-111.83,86.003,388.45
-91.05,62.874,419.79
-122.08,86.587,93.929
-140.82,64.382,431.55
-134.04,78.621,343.32
-132.18,80.118,416.82
-126.4,38.037,448.04
-90.909,71.086,200.04
-91.407,55.952,391.85
-128.63,82.684,408.59
-90.655,59.62,327.36
-139.89,55.315,359.92
-135.45,76.921,349.88
-92.792,79.207,11.711
-139.82,67.76,318.06
-128.09,82.823,444.89
-97.999,79.037,375.58
-113.3,38.684,0.33906
-104.84,86.504,120.33
-137.54,57.926,81.489
-90.393,59.173,273.44
-124.69,37.118,470.5
-101.08,85.119,86.742
-133.61,48.557,100
-127.7,38.938,423.31
-87.271,64.399,5.7378
-138.71,62.404,135.32
-99.774,42.322,160.67
-136.32,74.556,183.84
-111.02,88.197,77.188
-107.02,85.985,264.43
-109.14,88.466,1.4024
-139.98,63.192,250.31
-108.39,86.915,202.72
-135.02,48.368,204.2
-102.34,84.062,243.33
-88.032,62.254,72.841
-124.97,39.653,234.41
-100.57,41.47,396.81
-108.43,37.975,316.83
-92.08,51.588,203.32
-98.609,78.864,432.76
-123.62,85.945,97.92
-92.171,48.784,8.7471
-126.37,83.861,409.31
-139.54,59.691,222.85
-92.668,51.516,280.27
-137.74,51.238,282.44
-97.99,44.026,234.45
-137.9,65.301,69.752
-105.1,85.021,285.51
-89.829,52.61,6.5841
-108.17,37.133,450.93
-91.501,67.997,356.24
-124.26,38.869,283.97
-136.43,54.614,71.216
-91.775,71.187,267.46
-94.633,48.058,372.17
-124.91,85.384,230.18
-115.93,35.719,463.59
-117.86,37.922,198.85
-131.53,80.849,370.73
-91.179,56.049,308.84
-110.77,88.101,89.48
-92.324,52.714,377.97
-103.97,84.799,256.05
-103.69,40.105,165.17
-110.89,37.546,292.34
-126.43,84.587,169.37
-137.05,48.131,388.87
-94.897,80.031,102.39
-93.339,72.466,378.08
-110.99,87.687,161.37
-130.63,81.21,451.34
-131.96,80.105,137.69
-137.39,68.995,76.357
-93.25,71.925,397.18
-137.36,53.47,174.29
-129.35,82.866,238.96
-92.143,73.813,205.55
-129.67,41.479,306.85
-137.26,74.221,354.2
-127.64,83.597,349.78
-128.31,42.82,125.68
-108.82,84.833,438.9
-130.71,81.862,253.14
-90.989,64.374,386.89
-126.67,84.094,17.486
-117.45,87.098,286.02
-94.395,79.88,79.08
-129.02,41.945,232.56
-121.56,37.045,382.76
-92.417,68.607,451.18
-120.38,36.531,411.26
-100.91,41.396,47.644
-135.87,72.739,40.702
-105.32,83.615,425.86
-133.21,79.263,392.28
-114.61,87.699,196.55
-91.409,56.282,411.04
-112.24,87.038,281.43
-137.18,56.067,91.763
-139.73,65.637,244.89
-138.17,67.358,119.65
-123.44,86,17.081
-140.5,62.795,320.31
-140.31,65.133,319.56
-139.17,53.563,331.4
-117.39,87.838,98.544
-121.81,40.592,-0.97111
-94.444,48.359,409.88
-103.22,40.326,171.24
-107.81,84.881,400.94
-92.759,51.699,400.03
-109.28,37.907,289.39
-135.6,48.31,247.86
-89.337,61.637,187.47
-135.94,53.945,53.045
-91.205,71.621,207.58
-135.58,75.722,175.54
-137.44,73.829,289.68
-127.92,41.858,180.14
-125.55,84.192,414.39
-96.611,77.617,368.41
-95.628,79.407,184.5
-134.98,49.297,159.06
-139.45,58.965,223.05
-136.94,47.414,421.03
-88.259,67.615,62.471
-106.26,84.367,393.96
-90.93,65.185,356.68
-87.689,67.027,22.515
-136.1,53.969,65.037
-123.75,37.935,357.1
-93.868,48.271,179.76
-138.19,70.707,205.84
-105.07,38.584,418.26
-102.74,83.134,344.64
-132.09,80.387,198.18
-114.61,88.498,12.148
-131.04,81.285,362.45
-94.659,73.447,457.01
-130.25,45.845,31.911
-107.89,37.183,458.86
-113.03,38.539,25.858
-103.78,87.038,18.174
-94.826,74.507,412.63
-98.284,43.359,448.93
-89.084,57.181,104.02
-123.17,85.946,279.52
-136.4,75.52,380.76
-87.421,64.638,18.142
-107.5,38.262,317.94
-91.594,53.593,249.94
-110.07,38.531,57.233
-91.345,63.229,459.56
-128.29,83.062,66.011
-105.04,85.857,198.48
-92.06,70.553,321.05
-91.837,69.891,322.34
-108.18,38.549,167.28
-98.931,84.028,67.432
-94.174,75.862,270.37
-125.02,38.969,304.29
-119.75,87.305,110.13
-107.98,37.119,464.3
-111.24,37.713,247.04
-95.27,47.074,387.99
-101.64,80.974,466.47
-106.57,38.915,229.51
-110.01,38.474,74.999
-96.578,82.008,81.929
-135.9,71.697,3.2884
-120.93,87.041,49.061
-102.88,83.027,361.64
-136.13,54.029,65.169
-113.26,88.5,30.476
-94.459,75.163,335.06
-96.838,45.072,378.82
-126.86,84.3,151.72
-91.405,67.84,347.36
-120.77,38.586,188.03
-136.39,54.91,59.174
-124.37,38.818,293.62
-135.68,74.16,90.017
-96.409,79.647,220.3
-88.828,64.071,142.8
-127.77,83.88,274.72
-88.29,62.02,95.27
-102.04,84.867,156.65
-92.069,66.887,470.15
-90.61,55.777,219.1
-140.43,60.348,313.16
-135.15,77.141,400.62
-98.804,81.864,222.45
-91.797,49.473,23.774
-90.523,52.004,51.529
-93.408,73.461,327.74
-127.74,83.085,429.11
-137.77,72.316,227.9
-130.78,44.235,167.36
-94.111,75.685,274.4
-129.14,40.829,331.53
-102.3,40.729,100.58
-137.08,68.272,30.34
-131.54,43.391,270.86
-91.619,51.221,130.07
-89.136,59.843,155.51
-116.3,38.725,41.062
-91.342,66.037,400.35
-87.622,59.699,10.663
-89.028,56.1,68.532
-104.37,39.808,209.44
-136.54,47.3,390.86
-126.48,41.381,145.56
-88.895,59.773,132.39
-113.68,37.108,305.36
-104.23,39.495,339.93
-118.63,85.991,410.99
-92.561,48.392,21.739
-92.48,53.025,470.51
-136.91,69.053,30.23
-94.806,47.93,315.01
-90.991,55.491,253.38
-136.92,49.939,271.19
-106.84,87.119,124.5
-136.06,75.351,206.33
-99.656,80.206,403.73
-121.76,37.41,350.92
-89.413,54.828,64.719
-134.7,51.475,48.527
-140.48,63.148,318.03
-93.542,78.235,111.69
-126.23,41.229,145.77
-122.28,38.856,209.29
-106.67,39.063,103.27
-119.19,37.794,247.16
-138.31,56.422,172.04
-118.27,85.883,430.36
-135.01,44.349,453.51
-107.66,86.643,212.1
-89.83,56.372,156.97
-122.79,37.481,371.64
-91.659,54.621,350.16
-96.954,45.169,324.87
-108.66,85.42,374.35
-93.22,47.747,42.636
-102.28,40.741,106.79
-90.401,59.481,279.34
-121.75,86.744,44.59
-115.51,38.168,116.37
-88.161,58.334,38.65
-136.95,69.503,44.187
-111.52,37.024,347.64
-98.449,42.936,58.583
-120.43,85.339,467.31
-140.55,54.684,469.21
-137.17,58.636,39.483
-100.47,80.729,414.81
-91.044,56.127,285.5
-92.567,77.552,79.497
-109.75,86.877,248.21
-130.73,81.463,161.71
-137.96,69.986,159.13
-94.259,48.773,320.32
-93.904,49.429,444.16
-135.26,46.008,360.95
-133.89,50.59,26.566
-131.44,81.237,310.84
-115.61,37.372,258.72
-90.607,54.883,190.1
-115.4,87.028,307.87
-90.86,64.633,357.37
-116.1,87.589,209.17
-116.31,87.491,228.07
-118.27,38.047,189.1
-92.178,70.552,336.24
-133.85,45.144,304.76
-118.17,37.454,273.07
-93.925,73.799,365.07
-135.97,47.739,307.91
-121.63,39.46,114.48
-138.5,71.112,260.02
-94.172,46.466,18.915
-135.4,73.907,45.112
-106.29,39.273,46.325
-102.85,40.461,54.435
-127.64,42.021,152.3
-141.03,62.567,435.86
-134.61,49.273,134.73
-98.749,84.339,32.722
-92.343,69.897,390.28
-139.12,53.245,340.74
-137.72,50.776,302.07
-126.14,40.608,197.68
-106.06,105.79,316.25
-130.13,63.74,292.79
-116.4,58.924,59.617
-101.3,60.005,121.72
-94.764,100.95,171.63
-109.59,105.7,408.4
-122.7,59.655,221.92
-138.92,80.053,459.12
-85.456,78.985,13.018
-101.07,106.88,3.9051
-113.14,107.04,288.97
-129.39,100.6,188.9
-99.667,60.201,430.19
-114.32,57.071,288.88
-127.54,102.33,220.33
-99.336,60.631,383.61
-135.66,92.906,430.47
-133.02,97.043,285.34
-108.85,56.693,380.44
-92.359,97.263,227.85
-118.21,107.1,11.718
-136.38,81.282,135.32
-93.509,99.984,154.16
-132.29,63.929,440.37
-135.52,73.704,197.53
-126.25,103.2,197.99
-89.14,88.007,338.96
-127.13,102.71,255.03
-133.84,90.974,6.98
-89.73,73.332,335.9
-100.52,101.66,464.38
-137.84,84.438,277.47
-95.701,102.55,117.31
-135.63,93.019,451.64
-89.393,89.084,330.74
-132.97,96.968,366.42
-134.65,91.159,97.967
-88.992,75.969,354.49
-102.46,59.463,260.2
-126.07,59.514,393.24
-85.62,88.527,17.309
-138.32,77.84,392.86
-106.99,108.32,6.4043
-98.718,101.74,354.65
-135.1,80.75,29.297
-86.317,86.98,98.182
-136.55,70.336,442.14
-134.64,94.6,286.77
-118.57,58.779,150.84
-87.125,79.852,182.77
-117.28,56.886,345.25
-86.837,91.425,50.856
-112.08,107.5,209.94
-134.97,85.846,16.195
-90.171,93.738,227.04
-119.27,57.201,353.9
-135.46,74.797,163.5
-116.1,107.65,43.019
-129.05,101.1,222.21
-138.33,83.011,355.11
-86.842,74.063,8.0824
-134.51,75.855,63.45
-138.89,80.817,452.32
-130.1,63.108,338.84
-136.18,78.299,149.12
-125.85,61.622,200.44
-109.03,56.156,451.88
-136.24,86.844,147.08
-91.375,69.878,467.97
-125.89,103.52,267.29
-134.74,94.451,441.43
-95.959,63.352,404.08
-94.815,99.037,297.18
-125.69,62.323,135.78
-88.249,88.503,230.16
-89.297,94.904,119.7
-89.382,91.088,257.38
-137.93,77.78,324.64
-87.295,93.965,8.0994
-131.91,66.246,252.5
-100.72,106.42,38.703
-88.638,70.726,24.777
-104.66,58.564,267.14
-129.24,66.643,57.422
-99.582,105.84,45.346
-134.46,94.85,395.58
-134.78,67.949,393.87
-88.143,83.529,297.63
-136.78,82.49,165.71
-92.951,99.782,130.97
-116.52,58.256,153.67
-103.3,58.36,391.29
-135.35,81.372,46.155
-93.028,65.953,137.03
-116.84,107.26,140.03
-112.79,106.42,361.39
-129.61,100.73,300.85
-91.262,68.096,135.94
-98.371,101.79,329.31
-103.59,57.91,450.29
-94.382,96.114,465.29
-101.87,59.594,307.65
-101.93,103.04,415.67
-88.01,74.659,155.55
-91.982,67.09,128.47
-128.14,66.101,19.226
-88.114,88.719,214.39
-105.16,107.08,133.52
-102.32,102.9,446.96
-105.22,107.2,120.07
-124.93,60.506,248.13
-102.37,59.587,93.501
-98.45,61.326,17.797
-111.24,106.65,327.42
-102.97,107.55,-0.45794
-91.935,94.677,333.57
-108.65,57.725,221.5
-112.4,107.81,143.83
-88.168,95.208,26.685
-101.7,103.8,336.51
-138.14,86.069,414.71
-129.97,61.337,467.83
-90.433,95.377,180.97
-121.08,105.92,71.091
-106.95,56.863,419.53
-90.644,95.625,185.3
-124.19,61.932,87.263
-99.674,101.78,407.91
-88.314,83.228,328.44
-132.05,96.377,84.82
-136.62,82.836,151.95
-112.93,107.42,223.98
-127.5,102.07,361.01
-92.298,68.111,301.39
-90.352,72.205,446.45
-119.1,105.15,448.81
-137.39,89.24,456.01
-131.64,66.284,232.34
-133.32,94.308,97.376
-89.445,94.306,153.04
-126.43,59.104,447.46
-133.56,92.078,17.397
-105.9,105.11,378.16
-90.343,88.819,462.83
-111.72,106.04,398.08
-110.67,57.663,184.19
-88.088,94.89,33.066
-90.324,71.791,324.06
-132.36,68.098,186.17
-101.77,58.8,454.91
-95.688,63.442,135.15
-103.04,106.63,110.47
-111.32,107.77,154.9
-126.78,102.92,231.91
-135.78,84.442,81.021
-137.96,85.752,336.4
-137.29,88.904,383.24
-118.9,56.557,411.52
-91.282,98.737,81.028
-94.835,101.51,139
-106.29,107.89,55.926
-130.3,67.557,75.893
-86.605,82.93,150.83
-94.927,64.409,429.83
-90.287,89.134,443.72
-98.608,61.321,87.516
-117.89,58.077,218.16
-107.67,107.79,103.43
-128.93,63.029,267.26
-119.14,106.18,306.11
-125.17,61.511,173.48
-137.18,78.238,233.02
-99.408,60.909,108
-85.499,80.473,38.409
-98.387,61.489,353.27
-118.36,59.923,8.7116
-90.133,89.63,405.81
-88.558,82.669,386.91
-134.19,90.96,42.758
-89.047,87.749,334.72
-121.16,105.86,3.4954
-99.388,61.124,260.98
-112.49,56.87,312.37
-131.8,96.177,39.678
-103.7,105.24,287.73
-106.96,107.7,100.68
-86.867,74.136,14.044
-101.32,103.74,323.66
-111.02,107.65,177.58
-129.11,66.98,30.143
-123.85,61.864,75.199
-132.53,95.714,94.582
-128.78,101.36,228.57
-105.58,58.757,52.803
-134.4,94.955,428.07
-132.38,67.131,235.98
-111.44,56.415,371.73
-102.35,103.96,351.3
-136.1,76.737,169.29
-118.17,106.39,307.46
-99.345,102.73,307.92
-85.658,88.856,14.63
-89.175,87.425,368.39
-94.524,64.89,418.45
-127.83,101.44,450.34
-122.4,105.29,83.982
-85.356,80.974,29.919
-130.1,100.28,310.53
-120.68,106.1,90.054
-132.64,65.629,349.48
-89.012,74.966,281.42
-99.302,102.46,328.73
-101.87,59.822,33.915
-98.752,61.385,326.19
-136.71,89.364,254.28
-113.43,56.241,382.45
-89.111,87.192,367.31
-117.34,107.38,11.556
-112.39,58.281,63.002
-88.71,90.285,225.33
-103.93,59.145,54.12
-95.071,64.609,321.45
-97.485,103.76,123.49
-95.615,63.248,72.419
-103.78,59.283,4.3052
-135.28,75.975,121.09
-135.51,72.201,244.87
-89.131,76.641,433.64
-96.029,63.564,340.34
-119.61,58.606,209.26
-111.08,107.23,251.02
-128.42,101.45,179.9
-134.97,76.233,90.754
-138.75,83.49,455.51
-99.119,60.812,377.98
-97.487,62.185,159.36
-129.76,100.22,185.54
-102.32,105.86,166.48
-100.08,104.55,189.71
-89.261,76.305,449.12
-114.34,57.847,166.25
-114.34,58.404,77.224
-122.61,105.13,44.051
-120.91,105.99,19.211
-119.19,106.63,139.94
-87.258,87.407,168.92
-85.567,84.348,57.042
-131.87,97.734,179.53
-127.78,101.82,143.69
-130.66,63.467,351.74
-103.06,59.176,269.47
-104.43,58.278,336.99
-122.49,61.918,0.91612
-107.65,106.95,226.97
-106.9,58.572,39.947
-111.7,56.962,304.74
-130.63,99.79,278.28
-85.908,77.643,29.996
-112.14,105.76,435.06
-129.45,100.65,351.41
-119.5,59.239,130.99
-125.61,61.46,201.24
-136.97,89.481,304.24
-126.78,63.493,109.22
-92.995,97.416,264.64
-136.2,91.711,389.79
-91.148,91.148,448.15
-101.26,104.53,248.77
-102.05,105.75,165.31
-89.13,70.522,69.806
-123.36,104.76,83.707
-131.73,97.906,178.38
-132.45,69.006,149.48
-128.9,62.399,313.28
-136.69,90.505,358.06
-111.64,56.736,333.36
-99.155,61.015,82.108
-87.209,79.693,188.93
-129.96,68.034,29.029
-134.38,67.453,385.62
-96.3,63.364,234.12
-111.22,56.081,416.38
-122.12,59.366,225.84
-91.378,67.753,117.79
-121,104.73,438.86
-137.99,86.487,399.08
-92.925,67.216,310.06
-101.21,102.71,409.57
-104.5,105,341.36
-89.641,74.496,445.91
-126.11,103.19,326.64
-112.05,57.93,124.15
-120.68,58.709,237.54
-104.19,59.008,89.557
-95.337,63.628,112.63
-130.19,99.818,191.7
-136.37,91.293,354.13
-88.32,88.787,229.96
-93.243,100.84,85.797
-131.91,65.119,324.37
-101.87,103,416.62
-89.847,87.135,466.04
-129.72,100.06,440.79
-100.32,103.63,283.33
-89.113,86.77,382.67
-91.132,94.775,257.34
-113.42,58.335,69.506
-132.58,97.637,312.47
-87.657,86.164,219.65
-134.58,91.925,119.14
-111.2,55.721,466.08
-86.2,78.55,77.669
-133.05,64.475,461.62
-124.1,62.788,12.835
-128.72,101.41,323.1
-137.61,86.452,283.53
-88.392,88.717,237.55
-133.28,66.807,324.11
-131.68,96.652,61.49
-137.2,72.987,396.69
-130.03,67.689,51.761
-133.2,94.57,98.703
-115.33,106.25,373.76
-127.37,102.14,138.62
-119.22,57.004,372.35
-85.202,80.386,9.2917
-91.194,69.897,293.31
-88.589,88.001,271.88
-85.853,90.008,7.5977
-94.312,97.134,392.33
-134.4,94.817,261.13
-132.79,97.358,321.41
-98.335,61.774,220.93
-88.376,86.744,277.63
-114.88,57.179,279.18
-92.953,94.224,459.11
-133.6,75.149,10.763
-92.047,93.141,436.12
-110.8,127.47,184.58
-130.03,117.5,406.74
-131.12,93.69,34.731
-128.02,119.47,180.08
-103.62,127.02,148.07
-135.74,96.259,383.76
-94.061,121.3,234.15
-102.66,78.865,11.199
-105.92,77.78,185.64
-135.48,103.85,264.69
-119.85,125.28,73.359
-95.815,124.01,124.86
-127.95,84.53,238.06
-101.03,126.93,70.768
-90.383,116.88,263.05
-89.824,87.822,234.02
-124.31,122.26,54.633
-121.51,79.856,240.62
-124.5,81.06,286.75
-129.01,82.678,447.13
-136.6,102.04,460.89
-120.29,79.369,232.44
-95.452,123.94,112.35
-135.09,107.87,302.19
-100.05,124.62,277.95
-135.3,94.96,362.89
-84.868,94.019,46.39
-129.15,118.06,169.29
-127,82.473,322.36
-99.1,79.841,265.05
-92.21,122.64,32.692
-133.09,99.72,62.816
-134.74,100.08,197.93
-86.005,94.629,188.13
-101.42,127.38,30.083
-92.608,122.45,69.015
-83.382,107.56,34.833
-132.72,106.64,29.687
-129.63,83.132,459.29
-129.67,115.99,55.236
-135.61,93.178,466.91
-93.792,83.469,321.39
-128.34,88.667,35.687
-101.08,126.3,146.76
-132.1,94.163,95.48
-87.819,92.951,463.15
-89.896,120.43,36.654
-95.458,81.744,108.98
-118.53,125.91,80.637
-87.799,88.172,1.3468
-134.12,97.831,172.9
-108.28,125.18,469.38
-86.672,110.08,248.08
-116.97,126.47,141.1
-125.57,80.998,353.05
-90.511,115.94,329.05
-118.99,125.05,358.21
-130.22,83.939,446.89
-95.235,81.866,384.68
-83.813,107.24,75.13
-113.44,78.292,108.42
-96.217,81.378,335.76
-112.34,77.461,213.21
-88.409,89.399,185.04
-130.91,89.654,167.54
-90.122,87.796,294.9
-123,80.71,236.95
-85.821,106.45,254.21
-129.49,84.569,345.02
-113.76,125.85,398.45
-130.42,90.531,96.934
-101.23,126.35,147.36
-89.392,87.611,156.12
-112.18,76.87,299.1
-87.006,91.865,177.19
-134.77,108.48,273.2
-121.07,124.63,86.3
-135.59,103.36,274.14
-89.422,88.481,241.24
-86.218,109.29,230.98
-92.628,121.01,168.46
-123.12,78.427,446.04
-128.87,117.79,106.79
-127.99,119.67,203.39
-107.25,126.08,353.1
-100.19,78.757,368.73
-87.599,91.191,207.06
-106.04,126.71,257.71
-135.25,98.804,256.24
-84.309,103.88,147.79
-88.849,111.01,447.43
-89.07,87.936,145.76
-127.17,120.03,131.84
-129.05,118.86,331.27
-93.609,121.35,204.09
-107.86,126.54,313.01
-129.59,86.347,237.67
-89.122,89.178,264.53
-106.6,127.67,124.1
-136.53,100.85,441.26
-89.945,87.22,189.18
-84.928,93.04,7.3055
-90.684,86.848,446.1
-92.942,121.51,153.95
-109.98,125.47,455.25
-99.336,123.2,374.77
-101.11,78.914,266.14
-98.885,124.12,270.77
-115.8,126.81,146.75
-130.43,115.95,143.12
-103.6,127.22,121.2
-86.92,115.44,86.923
-133.85,111.96,454.89
-88.413,90.84,383.55
-109.09,77.877,106.06
-132.6,95.617,95.809
-90.544,86.118,147.25
-114.92,126.82,230.57
-86.866,115.33,87.504
-134.31,97.048,201.73
-85.161,104.22,219.5
-120.23,79.06,260.82
-121.15,80.644,150.19
-134.77,92.43,397.44
-134.21,90.507,421.96
-90.444,115.6,345.53
-102.45,78.847,36.54
-111.46,76.921,288.37
-126.61,120.27,84.033
-88.466,87.988,72.523
-134,97.364,171.05
-101.22,123.32,449.19
-111.07,126.49,340.59
-106.22,78.409,6.8585
-86.481,101.53,430.26
-114.29,75.905,427.29
-85.601,98.614,243.9
-123.66,123.11,332.15
-135.83,94.199,458.13
-127.44,83.655,263.42
-91.52,119.44,197.12
-83.957,105.9,103.52
-113.93,126.3,342.89
-97.442,80.745,210.03
-89.023,89.257,255.31
-119.01,77.44,374.59
-112.78,125.44,462.85
-86.1,97.333,278.88
-134.1,106.48,158.22
-133.77,95.444,191.3
-86.197,103.75,354.01
-86.401,97.084,332.21
-115.75,126.66,225.49
-120.2,80.845,85.102
-118.66,125.83,194.09
-115.48,77.361,288.76
-112.79,76.091,390.41
-99.461,126.73,34.313
-106.28,125.25,422.12
-98.798,126.08,76.079
-92.974,122.2,108.01
-90.29,87.47,358.74
-94.638,82.132,471.15
-100.63,79.108,268.98
-121.78,77.733,450.17
-133.28,100.33,72.276
-133.82,111.76,355.67
-88.165,89.568,168.27
-135.08,108.29,335.01
-119.24,125.6,209.15
-94.375,82.224,14.505
-119.49,125.27,300.21
-87.623,110.93,309.08
-114.58,127.27,73.342
-118.83,78.351,278.27
-94.036,120.71,273.93
-134.21,110.38,278.88
-133.7,112.16,432.68
-101.36,127.2,51.02
-87.992,117.4,74.519
-85.006,106.01,189.39
-111.35,76.282,363.13
-118.77,77.79,333
-108.3,77.393,217.68
-95.747,124.48,81.479
-124.67,82.568,177.29
-98.861,123.67,309.82
-119.42,79.138,218.33
-128.51,119.44,261.39
-124.47,122.15,413.09
-133.52,98.924,108.05
-86.489,100.26,433.18
-102.7,124.81,364.38
-87.205,94.357,406.97
-86.183,100.3,374.44
-128.8,88.974,51.832
-84.314,99.033,126.04
-116.32,126.73,98.682
-131.67,115.59,289.43
-113.79,77.51,232.22
-96.097,81.478,167.19
-93.038,84.249,305.35
-85.785,103.53,287.62
-109.27,127.79,124.35
-91.614,120.2,158.1
-135.06,99.253,233.12
-90.701,119.76,127.18
-85.188,105.97,205.1
-100.03,122.79,444.84
-119.09,125.3,320.28
-109.84,126.63,321.39
-118.94,125.73,187.09
-94.874,82.59,266.56
-114.3,126.79,264.53
-98.989,124.68,223.58
-134.82,94.463,312.63
-115.69,79.154,68.12
-120.4,124.05,434.46
-94.119,120.26,312.69
-91.935,122.24,44.436
-91.704,118.24,280.56
-135.6,106.02,332.46
-129.97,115.47,54.986
-122.52,123.91,159.56
-127.05,86.561,60.776
-112.21,126.49,336.57
-134.76,93.161,362.04
-92.668,121.38,146.49
-100.8,79.113,216.94
-85.589,107.47,216.52
-126.96,86.525,57.371
-103.18,78.18,263.59
-86.996,96.548,468.64
-126.4,120.78,128.99
-111.91,76.791,307.38
-85.447,98.03,218.22
-134.89,93.952,343.68
-101.51,124.75,327.01
-106.63,126.47,300.36
-131.02,116.14,232.52
-99.589,79.542,286.47
-120.26,124.57,360.81
-135.76,100.92,293.95
-91.565,85.715,360.72
-116.51,79.079,107.69
-88.081,114.88,191.67
-92.478,118.52,320.77
-84.661,93.639,6.707
-85.417,104.78,238.24
-115.66,126.93,99.96
-131.61,112.24,65.113
-130.81,114.64,99.98
-85.888,98.436,274.89
-120.22,78.949,271.16
-86.25,91.306,60.605
-97.243,125.9,23.911
-111.43,76.836,299.63
-135.04,107.96,297.21
-98.046,124.71,175.64
-135.91,95.193,437.41
-98.21,80.333,238.21
-132.32,94.486,103.5
-91.402,84.873,96.937
-134.5,110.28,404.46
-127.39,120.2,375.37
-130.4,115.92,137.84
-96.28,81.17,56.329
-119.71,124.43,411.44
-116.71,77.588,293.55
-107.39,77.673,166.19
-85.656,101.98,277.81
-87.094,109.07,324.42
-93.675,83.031,120.97
-127.28,84.417,203.65
-102.23,125.37,293.18
-130.22,86.827,254.79
-97.197,80.296,404.54
-121.81,124.29,140.5
-101.32,77.912,422.77
-117.76,126.22,92.45
-95.264,82.091,186.09
-89.269,115.01,274.03
-132.68,90.698,254.08
-97.001,80.438,403.05
-136.43,100.61,423.85
-106.73,128.07,56.643
-128.76,83.112,397.19
-113.91,77.191,278.32
-86.93,103.89,467.57
-133.73,109.63,191.58
-135.25,107.68,341.07
-118.49,77.864,316.99
-135.03,108.39,326.02
-83.52,100.12,65.27
-115,127.14,84.973
-92.695,121.06,168.94
-86.789,114.44,116.94
-135.37,95.652,345.69
-86.662,96.866,407.38
-129.78,83.111,471.45
-136.34,102.6,419.5
-118.87,78.388,276.05
-135.09,108.63,401.44
-88.455,90.749,326.3
-120.92,80.896,116.07
-100.49,124.7,289.82
-97.94,124.67,174.59
-105.58,127.35,155.55
-95.708,121.63,308.82
-135.66,107.55,468.83
-93.011,83.286,52.883
-117.6,78.335,235.72
-134.43,103.4,162.14
-83.614,98.436,49.157
-117.29,76.26,446.07
-85.225,106.6,200.01
-93.978,83.325,312.46
-134.21,97.015,193.73
-131.98,93.307,111.69
-124.14,83.95,47.343
-98.15,80.156,325.41
-112.42,78.804,8.4587
-102.91,125.51,303.41
-86.576,96.049,319.33
-109.14,125.71,418.71
-127.7,82.878,338.65
-112.76,125.45,461.6
-107.17,127.41,177.15
-108.45,77.99,82.592
-86.373,108.95,252.6
-105.87,77.672,221.94
-115.08,76.653,357.25
-84.377,97.368,102
-94.942,123.13,149.39
-121.94,82.134,61.778
-88.321,116.31,147.35
-86.381,108.47,265.18
-132.36,97.691,32.558
-115.43,-45.388,141.05
-131.41,0.56393,194.42
-153.92,-29.488,226.64
-120.7,0.052771,100.97
-147.23,-6.6135,464.7
-136.42,-49.351,376.93
-105.31,-10.733,1.3014
-112.37,-43.464,73.945
-108.66,-13.841,468.6
-138.78,-1.3582,280.98
-109.62,-6.4096,71.501
-137.09,-49.309,404.54
-111.19,-41.99,163.83
-105.18,-22.628,304.77
-110.94,-7.1283,194.79
-151.89,-21.601,6.9314
-153.49,-20.934,161.02
-106.84,-33.418,399.23
-152.81,-29.206,131.56
-148.64,-39.446,171.5
-105.44,-25.542,398.75
-110.29,-40.112,303.17
-146.21,-5.7709,280.03
-126.06,-49.362,257
-110.67,-9.9411,405.09
-127.98,1.571,12.16
-136.27,-49.289,354.52
-140.84,-2.4725,60.99
-124.73,-1.0267,434.96
-105.23,-26.516,324.7
-124.63,-49.42,371.17
-123.16,-0.65221,277.65
-155.37,-28.07,417.22
-139.02,-47.899,263.83
-132.05,-0.31178,421.06
-107.03,-15.958,367.12
-113.27,-44.107,82.027
-153.49,-35.335,429.78
-145.92,-42.156,153.57
-152.37,-34.843,241.28
-114.17,-5.794,336.43
-133.17,-49.591,293.17
-105.9,-36.454,38.688
-143.2,-3.6714,387.65
-112.6,-7.8471,419.2
-149.72,-11.574,93.132
-151.77,-38.612,430.92
-155.21,-23.875,342.57
-155.18,-21.092,416.06
-123.88,-49.426,447.63
-116.49,-2.7796,199.39
-108.26,-13.546,391.32
-154.06,-16.891,407.81
-109.67,-10.638,326.8
-144.81,-45.387,359.36
-155.24,-26.042,349.15
-122.06,1.1041,10.995
-152.51,-36.061,317.4
-153.94,-16.222,444.11
-128.06,-0.19612,374.85
-111.66,-43.19,-0.051579
-136.61,-0.40088,119.54
-143.07,-43.539,80.92
-108.87,-11.135,272.89
-122.12,-48.899,470.09
-132.65,0.75279,85.97
-134.14,-48.08,99.511
-125.31,-49.717,422.89
-108.28,-6.7264,5.1489
-147.16,-40.545,134.72
-104.57,-30.748,160.25
-153.42,-29.405,183.13
-142.19,-3.3349,76.384
-138.79,-1.3389,263.64
-140.47,-2.3706,0.60015
-149.3,-40.066,249.69
-140.08,-1.874,201.92
-135.71,-48.508,203.71
-133.84,0.071833,242.56
-107.87,-8.4574,72.267
-122.58,-48.546,233.99
-106,-30.499,396.39
-109.31,-38.707,316.43
-104.88,-18.45,202.83
-128.75,-0.3791,432.03
-150.51,-13.035,97.126
-102.02,-21.82,8.285
-153.09,-14.536,408.53
-146.56,-42.632,222.26
-105.73,-18.423,279.78
-140.09,-47.59,281.92
-104.73,-27.855,234.02
-148.02,-38.194,69.122
-136.82,-0.71575,284.73
-102.67,-17.397,6.0917
-109.36,-38.385,450.54
-115.87,-4.5922,355.61
-121.82,-48.394,283.56
-140.03,-45.431,70.677
-117.61,-2.8558,266.8
-105.55,-21.785,371.7
-151.91,-13.504,229.39
-114.46,-44.38,463.2
-115.82,-45.514,198.46
-154.88,-20.389,369.96
-107.67,-13.822,308.3
-142,-3.1701,88.677
-106.8,-16.699,377.46
-135.64,-0.33708,255.27
-106.17,-34.936,164.77
-110.78,-40.762,291.95
-152.2,-15.45,168.59
-138.19,-48.895,388.37
-124.73,0.92471,101.66
-120.28,-2.2196,377.41
-142.33,-3.203,160.57
-154.89,-19.054,450.56
-153.38,-22.633,136.94
-150.04,-34.998,75.697
-119.97,-2.4632,396.51
-140.61,-46.283,173.75
-153.74,-18.229,238.19
-119.22,-1.4515,204.88
-127.78,-49.738,306.41
-154.91,-29.246,353.49
-153.55,-15.911,349
-126.55,-48.918,125.24
-140.44,-2.334,438.11
-154.22,-19.788,252.37
-113.33,-6.8558,386.29
-151.19,-16.896,16.709
-147.62,-7.0614,285.22
-124.11,0.99258,78.356
-127.15,-49.405,232.13
-119.16,-47.464,382.36
-117.52,-4.1459,450.54
-118.09,-46.931,410.86
-104.19,-32.863,47.237
-151.07,-31.363,40.013
-136.9,-1.0974,425.09
-155.27,-22.553,391.53
-145.31,-5.306,195.74
-108.59,-13.18,410.5
-143.56,-3.7807,280.63
-141.66,-44.677,91.21
-150.65,-38.067,244.25
-149.84,-36.495,119
-149.94,-13.36,16.29
-149.86,-40.289,319.69
-151.21,-38.378,318.92
-142.96,-46.435,330.86
-146.96,-7.575,97.739
-119.4,-47.203,-1.3827
-105.81,-21.207,409.41
-105.99,-34.432,170.84
-139.48,-1.8735,400.16
-106.61,-17.624,399.53
-109.76,-39.472,289
-136.37,-48.665,247.37
-109.14,-9.0837,186.89
-139.12,-45.731,52.512
-117.11,-2.5154,206.92
-153.55,-28.089,174.82
-154.42,-30.051,288.97
-125.95,-49.077,179.7
-152.7,-13.725,413.6
-126.04,-0.43435,367.69
-125.37,0.46812,183.77
-136.01,-48.043,158.56
-146.02,-43.127,222.46
-137.83,-49.181,420.53
-111.43,-4.559,61.852
-137.92,-1.3116,393.18
-113.63,-6.3774,356.07
-110.39,-4.8822,21.903
-139.33,-45.749,64.503
-121.26,-48.342,356.7
-103.98,-22.281,179.3
-152.5,-33.424,205.16
-107.72,-35.472,417.86
-134.14,-0.28802,343.87
-154.01,-22.138,197.42
-144.75,-5.8009,11.341
-154.74,-19.789,361.69
-122.38,-1.844,456.33
-129.43,-48.41,31.449
-109.22,-38.119,458.47
-111.51,-42.972,25.468
-135.55,0.081808,17.386
-122.93,-1.4057,411.94
-105.77,-27.272,448.49
-105.6,-12.833,103.49
-151.22,-11.66,278.72
-155.24,-27.539,380.03
-108.62,-6.565,17.551
-108.79,-37.885,317.55
-106.07,-16.322,249.43
-109.42,-40.888,56.844
-113.29,-7.5269,458.96
-152.05,-18.435,65.24
-136.8,-0.55653,197.69
-117.74,-3.2045,320.39
-117.15,-3.5607,321.69
-108.62,-39.003,166.88
-130.19,1.1849,66.671
-122.47,-0.79917,269.67
-122.59,-48.687,303.88
-148.49,-9.4337,109.33
-109.28,-38.194,463.91
-110.89,-41.131,246.65
-105.49,-22.854,387.53
-132.62,-0.50864,465.71
-107.99,-37.317,229.12
-109.44,-40.785,74.609
-127.17,1.2368,81.185
-150.21,-32.408,2.6093
-148.87,-10.757,48.261
-134.28,-0.36186,360.87
-139.39,-45.719,64.635
-143.83,-4.8212,29.67
-122.62,-1.1309,334.36
-105.36,-25.45,378.37
-152.25,-16.053,150.94
-115.64,-4.7043,346.73
-118.41,-46.94,187.63
-140.12,-45.245,58.633
-121.94,-48.45,293.21
-152.13,-29.862,89.315
-126.33,0.36415,219.58
-110.06,-7.1587,142.21
-153.39,-16.228,273.94
-108.05,-8.6682,94.697
-133.63,0.36407,155.88
-116.25,-5.1264,469.52
-106.54,-14.201,218.57
-148.18,-42.157,312.56
-155.44,-25.378,399.88
-129.6,0.53624,221.7
-102.26,-20.962,23.305
-103.07,-18.038,51.04
-120.68,-1.8028,327.06
-153.75,-15.892,428.32
-153.35,-31.791,227.2
-129.59,-49.175,166.91
-122.34,-0.87078,273.7
-127.1,-49.744,331.1
-105.13,-33.949,100.18
-149.07,-35.627,29.688
-130.24,-49.69,270.41
-103.86,-18.872,129.59
-107.65,-10.519,154.95
-114.22,-44.842,40.668
-114.74,-5.7275,399.73
-105.56,-10.524,10.113
-104.66,-13.838,68.009
-106.76,-35.334,209.04
-137.27,-49.187,390.37
-124.34,-48.728,145.13
-107.29,-10.557,131.84
-112.71,-42.812,304.97
-107.2,-34.703,339.53
-148.53,-7.9152,410.19
-102.14,-22.293,21.279
-107.66,-16.007,470
-149.44,-34.922,29.572
-105.27,-22.336,314.55
-106.84,-14.46,252.85
-138.56,-48.127,270.68
-138.56,-1.1892,123.7
-153.86,-28.496,205.61
-130.24,-0.19734,402.98
-119.36,-47.502,350.52
-104.11,-15.083,64.206
-136.56,-46.857,48.015
-150.05,-40.016,317.41
-122.59,0.4758,110.98
-124.04,-48.677,145.34
-119.86,-47.576,208.88
-107.42,-38.018,102.88
-117.03,-46.177,246.77
-143.22,-44.647,171.48
-148.3,-7.6505,429.56
-134.57,-50.094,453.05
-139.4,-1.5575,211.31
-105.96,-13.616,156.44
-120.31,-47.986,371.24
-107.36,-14.977,349.63
-105.19,-25.773,324.42
-140.32,-2.168,373.57
-102.35,-23.086,42.181
-105.16,-33.893,106.39
-109.11,-10.869,278.78
-149.28,-11.536,43.792
-113.7,-44.312,115.98
-105.25,-11.748,38.11
-149.84,-34.515,43.524
-111.25,-41.238,347.25
-103.36,-30.037,58.164
-149.83,-9.2396,466.51
-145.54,-45.642,468.65
-143,-43.011,38.91
-131.26,-0.25033,414.06
-107.48,-13.815,284.96
-121.22,0.38679,78.793
-141.35,-2.5018,247.41
-153.45,-20.656,160.95
-151.6,-34.11,158.46
-105.42,-21.307,319.85
-106.29,-19.835,443.68
-135.29,-49.536,360.47
-135.24,-47.142,26.063
-154.71,-20.39,310.08
-114.09,-44.135,258.33
-105.79,-15.057,189.58
-146.13,-5.667,307.07
-113.22,-6.7509,356.77
-146.45,-6.2719,208.37
-146.66,-6.3698,227.26
-116.15,-45.74,188.7
-117.92,-3.1906,335.58
-133.32,-49.626,304.29
-116.19,-45.632,272.68
-121.51,-1.653,364.39
-136.63,-48.98,307.42
-119.2,-47.263,114.07
-153.32,-32.989,259.33
-102.12,-24.821,18.47
-151.49,-30.145,44.414
-106.93,-37.953,45.932
-105.11,-34.784,54.034
-125.68,-48.943,151.86
-150.78,-40.109,435.24
-135.57,-47.969,134.23
-130.05,1.3319,31.96
-117.93,-3.4746,389.63
-142.78,-46.594,340.2
-139.89,-47.814,301.55
-123.88,-48.79,197.26
-151.08,14.759,315.3
-142.36,-33.06,292.17
-127.39,-29.324,59.054
-116.88,-18.418,121.16
-138.48,17.448,170.72
-154.26,12.973,407.44
-133.63,-31.837,221.34
-160.55,-25.223,458.35
-116.31,5.6573,12.309
-146.14,16.938,2.9545
-157.15,11.005,288
-164.88,-4.9714,187.97
-117.55,-15.37,429.62
-125.94,-28.03,288.32
-164.76,-2.2688,219.4
-117.3,-15.108,383.03
-166.14,-13.45,429.6
-165.93,-9.4533,284.44
-122.03,-24.256,379.88
-134.59,16.508,226.98
-159.46,6.1291,10.755
-157.51,-24.584,134.56
-136.79,17.412,153.27
-145,-33.426,439.74
-152.34,-29.462,196.82
-164.2,-0.90088,197.05
-126.82,12.15,338.16
-164.88,-1.5067,254.09
-161.04,-16.295,6.1417
-117.82,0.51069,335.22
-145.04,16.047,463.46
-161.48,-22.251,276.68
-139.91,17.749,116.4
-166.31,-13.218,450.77
-127.66,12.764,329.94
-166.32,-8.991,365.52
-162.31,-16.13,97.124
-119.06,3.1169,353.79
-118.22,-18.747,259.63
-137.12,-33.091,392.65
-122.59,12.887,16.52
-158.28,-26.929,392.11
-151.62,14.249,5.438
-143.08,16.611,353.74
-155.56,-24.8,28.542
-122.6,11.738,97.402
-152.39,-31.245,441.46
-165.61,-12.357,285.89
-129.49,-30.282,150.28
-119.13,6.2642,182.04
-128.41,-29.737,344.7
-125.58,14.525,50.04
-156.18,11.565,208.97
-158.67,-20.896,15.398
-130.65,15.209,226.2
-130.19,-30.727,353.34
-152.8,-28.792,162.79
-158.39,8.1001,42.051
-165.13,-4.1683,221.28
-161.39,-23.197,354.32
-114.18,0.96637,7.4133
-152.17,-27.968,62.735
-160.97,-24.657,451.55
-142.2,-33.253,338.23
-155.52,-26.657,148.38
-137.18,-32.486,199.84
-122.25,-24.36,451.34
-161.04,-20.16,146.27
-117.63,-2.4021,467.31
-164.53,-0.01794,266.34
-166.5,-11.612,440.55
-116.58,-10.73,403.48
-138.02,16.703,296.29
-137.13,-32.232,135.18
-125.83,12.452,229.36
-130.1,16.021,118.85
-128.51,13.867,256.56
-157.54,-27.131,323.9
-127.32,15.921,7.2645
-145.1,-32.527,251.86
-145.78,17.013,37.755
-113.5,-2.6445,24.134
-119.37,-20.812,266.58
-142.18,-31.675,56.787
-144.58,17.342,44.403
-166.27,-11.397,394.7
-149.22,-32.225,393.21
-122.94,9.1138,296.87
-158.76,-23.731,164.93
-136.1,17.477,130.08
-127.6,-29.345,153.11
-118.92,-19.348,390.73
-156.26,-24.385,45.394
-114.45,-8.4511,136.42
-159.26,7.9035,139.06
-156.91,11.187,360.42
-165.79,-4.3435,299.92
-114.47,-5.6809,135.31
-142.7,16.72,328.4
-119.19,-19.525,449.73
-136.78,15.748,464.42
-118.13,-17.982,307.08
-146.72,15.906,414.74
-116.31,1.5542,154.87
-114.33,-6.9588,127.85
-140.76,-31.609,18.597
-125.77,12.61,213.59
-150.16,15.238,132.56
-147.11,15.734,446.02
-150.2,15.21,119.11
-136.04,-32.466,247.54
-117.27,-19.593,92.94
-114.94,-16.194,17.226
-155.67,12.162,326.45
-148,16.207,-1.4151
-133.22,15.432,332.71
-121.62,-24.289,220.95
-156.24,11.199,142.86
-128.89,16.424,25.839
-146.58,16.16,335.57
-163.55,-20.377,413.9
-141.71,-33.756,467.23
-131.63,16.02,180.11
-161.25,3.7474,70.134
-120.92,-22.672,418.97
-131.98,16.1,184.44
-135.45,-31.858,86.669
-144.14,16.339,406.99
-123.06,8.9574,327.69
-163.59,-10.536,83.935
-158.79,-23.448,151.18
-156.86,11.045,223.01
-165.38,-1.6017,360.07
-116.24,-5.3457,300.75
-118.22,-0.090432,445.78
-161.43,6.6817,447.85
-165.26,-17.217,455.17
-144.8,-32.448,231.7
-163.31,-12.865,96.507
-130.02,15.667,152.2
-137.44,-33.31,446.87
-161.6,-15.208,16.549
-150.88,14.711,377.2
-128.99,12.74,462.02
-156.05,11.808,397.11
-122.91,-25.859,183.64
-128.66,16.27,32.222
-117.22,-1.1221,323.39
-146.25,-31.796,185.52
-118.4,-17.648,454.34
-114.86,-12.096,134.55
-148.11,16.12,109.52
-155.44,11.932,153.93
-164.62,-1.2604,230.97
-158.76,-22.102,80.233
-162.76,-20.975,335.59
-164.54,-17.847,382.4
-129.83,-30.634,410.96
-133.86,17.451,80.148
-138.7,17.638,138.09
-151.1,14.664,54.962
-143.68,-31.542,75.249
-120.52,8.7652,150.08
-116.62,-9.1031,429.22
-129.03,12.902,442.91
-115.46,-15.882,86.943
-128.91,-29.979,217.6
-152.36,13.985,102.47
-140.83,-32.985,266.65
-161.3,6.5908,305.14
-136.43,-32.292,172.89
-156.73,-26.845,232.28
-115.93,-16.59,107.43
-117.44,6.9211,37.687
-116.95,-14.022,352.68
-129.23,-30.118,8.1409
-129.01,13.155,404.99
-123.22,8.7222,386.16
-161.51,-16.315,41.919
-126.56,11.987,333.93
-160.87,3.2394,2.5411
-116.94,-15.497,260.4
-124.54,-26.868,311.82
-163.01,-10.8,38.796
-148.76,15.69,286.78
-151.75,14.355,99.718
-114.28,1.0421,13.374
-146.18,16.281,322.73
-155.27,12.166,176.61
-142.14,-31.498,29.507
-135.08,-31.763,74.607
-163.6,-11.296,93.702
-165.13,-3.7592,227.64
-118.95,-22.533,52.249
-166.48,-11.084,427.19
-145.93,-32.25,235.33
-123.79,-26.189,371.18
-147.27,15.959,350.36
-154.57,-27.68,168.56
-160.69,7.3886,306.49
-143.92,16.686,307
-122.82,13.099,13.838
-126.65,11.858,367.59
-116.55,-8.5442,417.84
-165.74,-1.7647,449.4
-161.92,2.4881,83.029
-117.61,7.3464,29.193
-165.92,-4.9437,309.61
-161.17,4.2451,89.095
-145.83,-32.89,348.85
-118.01,1.8978,280.74
-143.84,16.628,327.81
-116.69,-19.447,33.354
-117,-14.498,325.61
-163.64,-17.891,253.44
-125.26,-27.534,381.9
-126.44,11.714,366.52
-158.97,6.911,10.591
-123.92,-27.214,62.446
-127.3,13.492,224.51
-117.94,-21.167,53.563
-116.23,-9.6901,320.84
-142.09,17.568,122.56
-114.32,-12.573,71.832
-117.63,-21.269,3.7488
-153.17,-28.027,120.38
-151.64,-30.324,244.18
-120.06,4.0159,432.93
-116.4,-10.994,339.74
-130.51,-30.732,208.7
-155.47,12.247,250.05
-164.63,-3.7527,178.97
-152.92,-27.811,90.034
-162.6,-22.498,454.72
-117.21,-14.863,377.41
-115.58,-14.07,158.77
-164.9,-5.5159,184.62
-147.39,16.318,165.53
-144.97,16.9,188.77
-120.03,3.7667,448.42
-125.74,-28.186,165.7
-125.58,-28.291,76.666
-161.75,1.9892,43.101
-160.86,3.5951,18.255
-160.65,5.9107,138.98
-124.01,11.883,168.13
-120.09,9.9576,56.287
-164.88,-8.8181,178.63
-164.16,-3.2678,142.76
-142.93,-33.262,351.12
-118.55,-19.301,268.9
-119.42,-20.464,336.43
-133.64,-31.295,0.32662
-152.53,14.091,226
-119.77,-23.602,39.393
-123.95,-26.339,304.19
-165.83,-5.8522,277.36
-115.89,4.4399,29.297
-156.41,11.542,434.1
-165.9,-3.9982,350.49
-130.38,-30.643,130.42
-136.9,-32.453,200.65
-164.21,-17.67,303.4
-138.57,-32.197,108.61
-135.39,16.435,263.77
-165.55,-14.957,388.93
-131.01,13.919,447.32
-146.2,16.48,247.83
-147.11,16.408,164.36
-114.01,-2.8477,69.163
-162.32,1.4606,82.757
-164.88,-8.6039,177.48
-146.68,-31.374,148.82
-140.67,-33.173,312.68
-164.97,-16.387,357.22
-123.93,-26.3,332.81
-115.65,-16.5,81.537
-119.13,6.1246,188.21
-143.46,-31.243,28.383
-148.54,-32.395,384.96
-115.86,-11.957,233.53
-123.67,-26.038,415.83
-133.02,-31.666,225.26
-114.23,-6.1268,117.16
-162.56,5.077,437.9
-163.62,-20.053,398.26
-116.19,-6.3823,309.43
-145.93,16.079,408.64
-149.52,15.313,340.41
-119.14,2.1179,445.22
-164.83,-0.059288,325.7
-123.79,-26.901,123.59
-131.57,-31.175,236.97
-118.26,-21.227,88.999
-114.59,-11.863,112.04
-165.01,-6.0679,190.79
-165.2,-15.6,353.27
-126.06,12.623,229.16
-136.74,17.829,84.898
-144.79,-32.959,323.74
-146.66,15.916,415.69
-127.54,11.787,465.24
-166.25,-4.0849,439.86
-145.11,16.599,282.4
-126.26,11.481,381.88
-132.22,15.567,256.49
-124.78,-27.795,68.949
-166.14,-8.5514,311.57
-123.81,10.978,218.87
-162.87,-15.368,118.29
-123.71,-25.998,465.53
-116.97,5.2326,76.96
-146.05,-33.365,460.99
-135.5,-31.591,12.237
-165.66,-3.1161,322.17
-162.63,-20.525,282.72
-126.12,12.568,236.75
-146.93,-32.552,323.46
-163.36,-10.231,60.604
-154.33,-29.904,395.98
-143.42,-31.418,51.117
-163.4,-12.577,97.832
-158.81,9.4969,372.8
-164.03,-2.7989,137.69
-130.13,-30.732,371.79
-116.99,6.8716,8.5709
-116.49,-3.3161,292.66
-126.01,12.099,271.08
-123.66,13.813,6.7966
-136.96,16.137,391.45
-165.42,-12.187,260.25
-166.17,-8.849,320.5
-116.32,-14.561,220.34
-125.07,11.307,276.85
-126.38,-28.367,278.63
-134.44,15.181,458.26
-150.71,-28.24,10.056
-132.91,14.796,435.27
-167.88,27.537,183.45
-177.5,8.8728,405.67
-160.86,-12.296,33.871
-175.91,10.31,179.01
-161.88,31.59,146.95
-168.08,-11.21,382.87
-151.38,33.865,233.08
-129.4,-5.5049,10.48
-132.21,-7.3845,184.92
-172.07,-5.9435,263.73
-172.76,19.376,72.241
-153.83,34.162,123.77
-153.73,-16.062,237.27
-159.39,32.727,69.648
-145.89,33.019,262.01
-126.62,10.942,233.23
-174.13,14.084,53.539
-145.81,-15.488,239.87
-149.15,-16.214,285.99
-154.57,-16.914,446.35
-172.91,-6.8806,459.95
-144.52,-15.129,231.7
-153.43,34.261,111.25
-174.58,-2.3852,301.2
-158.36,32.822,276.84
-166.8,-12.053,362
-125.71,17.751,45.555
-175.8,8.4356,168.22
-152.17,-16.52,321.59
-128.77,-0.94912,264.32
-149.65,34.873,31.614
-166.42,-8.7797,61.903
-168.7,-8.7557,197.01
-127.8,18.336,187.29
-159.74,32.573,28.961
-150.05,34.691,67.938
-133.21,29.008,33.887
-170.38,-3.439,28.719
-155.41,-16.892,458.5
-174.21,5.8412,54.191
-166.49,-12.992,466.03
-127.37,5.579,320.63
-155.52,-14.356,34.87
-159.46,32.662,145.64
-162.28,-12.204,94.613
-129.71,17.529,462.31
-146.49,34.697,35.596
-126.3,1.9161,108.24
-172.2,20.749,79.515
-123.94,11.119,0.55998
-166.63,-10.229,172
-166.14,29.099,468.25
-138.59,30.105,247.1
-171.71,22.547,139.98
-150.31,-16.549,352.29
-145.77,32.609,328.02
-173.61,21.455,357.09
-156.3,-16.723,446.1
-127.81,3.8016,383.93
-133.57,28.732,74.185
-137.86,-12.291,107.7
-127.96,2.5042,335.01
-137.08,-11.591,212.49
-126.26,12.766,184.24
-158.88,-14.461,166.71
-127.18,11.094,294.11
-147.48,-15.815,236.19
-135.64,27.907,253.26
-155.56,-16.384,344.23
-170.36,25.673,397.32
-158.66,-13.896,96.098
-159.61,32.604,146.24
-125.7,10.591,155.34
-137.09,-11.431,298.38
-126.73,15.51,176.37
-174.55,-1.8876,272.2
-173.35,18.168,85.187
-171.9,-6.3352,273.19
-126.78,11.747,240.44
-137.63,29.684,230.01
-149.71,34.169,167.39
-147.32,-16.389,445.3
-175.06,8.0419,105.73
-176.15,10.622,202.31
-165.24,29.762,351.98
-129.52,-1.8605,368
-126.92,14.791,206.24
-164.18,30.452,256.58
-168.6,-9.7081,255.33
-132.21,26.273,146.87
-142.02,30.609,446.44
-125.6,10.986,144.97
-175.33,11.002,130.76
-177.18,10.093,330.19
-150.89,34.011,203.02
-165.78,29.478,311.88
-156.16,-15.729,236.86
-127.13,12.614,263.72
-164.44,30.029,122.96
-171.98,-7.8631,440.32
-126.06,10.134,188.39
-124.9,16.729,6.4797
-127.88,10.911,445.31
-150.19,34.262,152.88
-167.54,28.149,454.12
-157.46,32.772,373.67
-129.72,-2.9422,265.41
-157.1,33.141,269.67
-171.07,23.59,145.62
-175.27,5.8425,142.08
-161.84,31.591,120.07
-141.29,33.085,85.907
-177.14,2.4516,453.86
-128.35,15.055,382.73
-134.24,-9.8286,105.34
-163.59,-11.408,94.93
-125.57,8.6537,146.47
-170.89,24.66,229.43
-141.18,33.04,86.489
-166.44,-10.78,200.84
-133.5,26.417,218.57
-144.44,-15.156,260.08
-145.52,-15.195,149.44
-164.96,-13.441,396.58
-163.44,-14.406,421.11
-145.59,32.488,344.5
-129.38,-5.2316,35.82
-136.5,-10.991,287.65
-174.79,11.256,82.953
-124.75,10.975,71.735
-166.23,-10.522,170.15
-159.41,32.101,448.09
-168.37,27.54,339.46
-131.81,-8.1653,6.1415
-134.01,24.765,429.35
-138.82,-12.756,426.57
-130.38,21.982,243.02
-175.8,16.813,331.03
-167.26,-12.403,457.24
-152.92,-16.25,262.63
-148.03,33.855,196.06
-132.98,27.778,102.59
-170.45,25.574,341.76
-127.77,0.48002,209.3
-127.05,12.683,254.5
-143.12,-14.929,373.86
-169.71,26.368,461.72
-130.14,20.889,278.01
-172.09,-3.6798,157.25
-164.94,-11.724,190.41
-134.77,26.192,353.08
-130.52,20.824,331.34
-171.39,23.977,224.36
-144.54,-14.816,84.354
-172.91,21.28,192.96
-139.87,-13.236,288.04
-137.58,-11.873,389.7
-157.84,33.355,33.198
-164.37,30.164,421
-157.16,33.534,74.968
-150.39,34.497,106.94
-127.47,11.118,357.94
-128.03,4.9067,470.39
-129.5,-2.4694,268.25
-145.87,-16.033,449.43
-167,-8.378,71.358
-176.41,1.7305,354.65
-126.09,12.952,167.46
-175.03,-1.8585,334.01
-173.28,20.826,208.03
-125.23,2.415,13.763
-173.8,20.96,299.08
-140.22,30.51,308.1
-170,24.284,72.211
-143.01,-14.691,277.54
-151.22,33.67,272.86
-175.38,-0.043407,277.87
-177.03,2.576,431.65
-159.7,32.596,49.898
-143.3,33.825,73.486
-134.36,27.706,188.45
-136.44,-10.965,362.42
-142.92,-14.754,332.27
-133.98,-9.0224,216.96
-153.83,34.306,80.382
-149.6,-15.82,176.52
-157.02,33.049,308.73
-143.62,-14.828,217.59
-176.74,10.457,260.31
-176.26,16.036,411.99
-166.49,-9.3914,107.14
-133.22,23.807,432.28
-161.01,31.779,363.26
-129.82,18.665,406.12
-132.66,23.68,373.54
-156.15,-14.315,51.012
-128.97,22.425,125.16
-171.14,22.903,97.554
-176.84,5.6541,288.38
-138.34,-12.375,231.5
-126.96,1.6501,166.45
-127.2,6.5648,304.58
-133.93,25.888,286.69
-166.56,28.401,123.22
-148.36,34.136,157.04
-168.61,-9.3808,232.2
-147.2,34.204,126.12
-134.56,27.654,204.15
-158.14,32.431,443.74
-173.63,21.352,319.15
-167.41,28.326,320.26
-173.01,20.983,185.97
-127.31,3.882,265.8
-170.59,25.239,263.4
-157.27,33.223,222.48
-165.81,-12.423,311.75
-139.9,-13.317,67.389
-174.49,20.238,433.34
-151.21,33.501,311.62
-149.25,34.817,43.361
-147.88,33.317,279.51
-173.95,-3.9487,331.48
-174.1,5.2473,53.945
-174.42,17.126,158.45
-153.32,-14.986,59.976
-169.22,26.789,335.44
-165.21,-13.083,361.17
-149.85,34.294,145.42
-129.33,-2.8879,216.21
-135.9,28.61,215.57
-153.21,-14.98,56.572
-130.83,-4.8555,262.87
-131.42,20.846,467.77
-175.21,12.052,127.9
-136.88,-11.268,306.66
-129.73,21.48,217.34
-165.72,-12.673,342.8
-159.85,32.273,325.9
-164.72,30.142,299.23
-176.37,6.1515,231.47
-129.08,-1.3644,285.74
-174.29,20.283,359.69
-170.58,-8.1916,293.02
-127.33,8.9654,359.94
-140.71,-13.667,106.96
-142.43,32.535,190.65
-148.88,33.268,319.72
-125.08,17.356,5.8764
-134.16,26.787,237.31
-170.76,23.494,98.83
-173.34,1.7788,64.098
-174.48,4.3361,98.944
-130.66,21.847,274.01
-144.41,-15.168,270.42
-125.11,14.87,59.791
-155.56,34.089,22.804
-136.49,-10.972,298.92
-174.57,-2.317,296.22
-156.29,33.566,174.53
-167.84,-11.815,436.52
-128.25,-0.16058,237.48
-162.7,-12.052,102.63
-125.13,6.8485,96.172
-176.27,0.45056,403.45
-177.03,12.444,374.28
-175.2,5.8061,136.79
-126.25,0.63287,55.593
-174.07,20.841,410.32
-140.98,-13.824,292.82
-133.16,-8.5325,165.47
-132.78,24.731,276.9
-138.71,29.515,323.45
-125.83,4.1196,120.22
-152.95,-15.926,202.86
-160.6,32.086,292.07
-157.05,-15.664,253.98
-128.42,1.457,403.8
-174.02,17.758,139.38
-130.15,-2.9112,422.05
-171.88,21.553,91.325
-126.82,2.7678,185.34
-143.9,32.363,273.01
-161.41,-14.281,253.24
-128.35,1.6827,402.31
-171.64,-8.082,422.92
-164.41,29.849,55.51
-154.36,-16.716,396.4
-138.49,-12.416,277.59
-136.08,26.504,466.63
-174.03,-0.82494,190.58
-174.8,-2.4034,340.08
-142.66,-14.617,316.25
-175,-1.8144,325.03
-128.71,23.404,64.384
-170.31,23.987,83.843
-149.8,34.17,167.87
-140.72,32.58,115.93
-167.19,-11.668,344.8
-131.02,20.939,406.51
-155.58,-16.927,470.66
-172.83,-6.5256,418.55
-143.05,-14.705,275.31
-175.64,-1.2158,400.44
-127.99,14.615,325.48
-145.3,-15.059,115.32
-158.82,32.669,288.71
-156.17,33.594,173.49
-163.64,30.621,154.42
-153.29,33.507,307.74
-175.77,-2.0018,467.84
-125.09,4.3341,52.132
-141.81,-14.167,234.99
-170.38,-6.2319,161.2
-127.61,21.957,48.286
-141.46,-14.303,445.35
-134.96,28.077,199.07
-127.37,5.2955,311.7
-166.29,-10.785,192.84
-161.73,-12.684,110.83
-149.33,-15.199,46.568
-128.6,0.26415,324.67
-136.82,-11.838,7.7346
-161.27,31.815,302.29
-129.91,19.841,318.47
-166.84,28.655,417.59
-153.06,-16.565,337.87
-169.69,26.386,460.47
-165.02,29.779,176.02
-133.69,-9.4703,81.874
-137.66,29.452,251.63
-132.32,-7.2207,221.22
-139.5,-13.111,356.53
-127.81,20.965,101.13
-152.74,34.196,148.3
-146.56,-15.087,61.018
-143.27,33.214,146.32
-137.43,29.158,264.22
-164.37,-10.043,31.664
-60.072,-108.12,141.35
-102.16,-82.867,194.32
-100.28,-120.17,226.79
-93.085,-76.935,100.9
-111.24,-96.92,464.65
-74.978,-123.23,377.25
-73.783,-75.902,1.3266
-58.576,-105.08,74.236
-77.069,-77.641,468.63
-107.08,-88.56,280.9
-80.275,-74.943,71.485
-75.681,-123.47,404.85
-59.143,-102.65,164.11
-67.806,-83.118,304.88
-81.535,-75.599,194.78
-102.52,-114.13,7.0185
-105.06,-113.73,161.1
-62.686,-91.882,399.43
-99.058,-119.81,131.71
-89.513,-124.73,171.73
-66.677,-84.954,398.88
-60.471,-99.804,303.43
-109.93,-96.724,279.98
-66.34,-117.3,257.33
-80.746,-76.325,405.09
-99.125,-80.985,12.069
-74.776,-123.23,354.84
-106.66,-92.052,60.923
-97.418,-78.353,434.88
-65.459,-86.009,324.85
-65.867,-115.74,371.49
-95.543,-77.999,277.57
-103.41,-118.87,417.34
-77.245,-124.47,264.14
-103.41,-82.599,420.97
-73.871,-78.823,367.18
-58.899,-106.1,82.322
-97.375,-123.16,429.96
-85.586,-125.17,153.83
-95.732,-123.18,241.47
-85.69,-75.806,336.39
-71.851,-121.83,293.49
-57.921,-95.761,38.925
-109.6,-92.537,387.58
-83.653,-75.879,419.18
-107.8,-104.54,93.134
-93.952,-124.55,431.13
-105.55,-116.01,342.66
-107.74,-113.41,416.12
-65.738,-114.81,447.95
-88.616,-75.814,199.33
-76.506,-77.623,391.35
-109.53,-109.52,407.85
-79.077,-76.686,326.81
-83.852,-125.7,359.64
-104.21,-117.64,349.26
-94.282,-77.544,10.912
-95.504,-123.75,317.6
-110.09,-108.72,444.13
-100.15,-80.217,374.77
-57.783,-104.86,0.23982
-105.09,-87.401,119.46
-82.086,-124.83,81.193
-77.831,-76.873,272.9
-64.853,-113.14,470.41
-102.6,-84.17,85.88
-72.439,-122.46,99.826
-66.501,-116.1,423.22
-78.658,-74.72,5.1389
-87.459,-124.84,134.96
-61.277,-89.808,160.44
-99.693,-120.04,183.28
-107.23,-93.488,76.323
-106.99,-88.656,263.56
-106.09,-92.103,0.53448
-90.077,-125.16,249.92
-107.28,-90.262,201.84
-73.967,-123.17,204.02
-103.99,-84.522,242.47
-77.624,-75.383,72.27
-64.066,-114.58,234.31
-63.907,-89.126,396.56
-60.704,-98.021,316.68
-69.665,-80.331,202.91
-100.9,-80.457,431.94
-107.49,-106.15,97.14
-64.175,-82.237,8.4042
-110.31,-107.09,408.54
-86.166,-125.53,222.52
-70.782,-80.398,279.85
-78.37,-124.81,282.22
-63.686,-87.252,234.18
-89.245,-123.98,69.348
-106.01,-86.786,284.64
-67.505,-79.28,6.1738
-61.722,-96.999,450.77
-87.881,-75.867,355.56
-63.871,-113.68,283.88
-78.488,-124.39,70.967
-89.817,-76.189,266.75
-69.016,-82.306,371.8
-109.03,-106.61,229.4
-61.856,-104.8,463.49
-60.625,-108.12,198.76
-107.69,-112.95,370.03
-75.391,-77.949,308.34
-107.26,-93.168,88.614
-73.281,-79.183,377.52
-105.18,-85.915,255.18
-59.837,-94.018,164.99
-60.362,-100.68,292.21
-107.65,-108.66,168.62
-76.693,-123.95,388.68
-96.738,-78.855,101.58
-92.908,-76.751,377.34
-107.91,-92.973,160.51
-109.03,-111.46,450.61
-103.75,-115.1,137.03
-92.888,-122.8,75.894
-92.63,-76.628,396.45
-78.977,-124.79,174.05
-107.44,-111.36,238.24
-91.593,-76.519,204.81
-67.704,-118.4,306.74
-101.93,-119.86,353.62
-109.43,-108.79,349.02
-66.232,-118.06,125.56
-108.63,-89.436,438.03
-106.89,-112.77,252.43
-84.656,-75.783,386.26
-105.06,-110.02,16.757
-110.21,-98.587,285.18
-96.174,-78.546,78.269
-67.002,-118.18,232.45
-62.998,-110.66,382.67
-89.98,-76.015,450.49
-62.691,-109.4,411.17
-58.967,-91.859,47.445
-95.807,-120.89,40.181
-106.64,-86.293,425
-106.73,-114.74,391.61
-109.04,-96.29,195.69
-77.102,-77.437,410.53
-109.18,-93.49,280.56
-80.339,-124.73,91.493
-92.365,-124.53,244.47
-92.022,-123.55,119.21
-106.37,-106.51,16.309
-90.765,-125.27,319.92
-93.023,-124.68,319.14
-81.599,-125.48,331.15
-108.28,-99.676,97.709
-61.121,-112.91,-1.0626
-69.811,-81.809,409.51
-60.06,-93.481,171.06
-107.97,-88.69,400.08
-72.668,-79.637,399.6
-60.398,-99.061,289.25
-74.627,-123.45,247.68
-78.86,-75.993,186.9
-77.487,-124.14,52.806
-89.3,-75.961,206.86
-100.6,-119.17,174.95
-100.67,-120.55,289.12
-65.985,-117.47,180.03
-110.56,-106.19,413.61
-98.413,-79.145,367.6
-97.41,-79.123,183.69
-74.239,-123.28,158.87
-85.438,-125.56,222.73
-76.422,-123.75,420.85
-82.796,-74.747,61.821
-107.1,-87.299,393.1
-85.018,-75.79,356.05
-81.554,-74.561,21.876
-77.708,-124.22,64.797
-63.894,-112.84,357.02
-66.378,-82.829,179.41
-96.539,-122.4,205.34
-62.149,-93.91,418.08
-104.57,-84.382,343.78
-104.9,-114.77,197.5
-107.23,-97.416,11.301
-107.92,-112.45,361.74
-95.218,-77.342,456.25
-68.225,-120.09,31.772
-61.834,-96.659,458.7
-57.953,-104.44,25.757
-103.99,-86.957,17.303
-95.664,-77.626,411.86
-66.105,-86.192,448.64
-73.252,-77.088,103.52
-109.97,-104.46,278.72
-103.43,-118.6,380.16
-79.094,-74.741,17.539
-60.84,-97.05,317.78
-72.213,-79.186,249.49
-57.873,-101.31,57.116
-84.616,-75.836,458.94
-105.01,-111.46,65.299
-105.59,-87.175,197.61
-89.998,-76.214,320.34
-89.325,-76.101,321.64
-59.115,-98.698,167.14
-100.88,-82.372,66.58
-94.878,-77.72,269.6
-64.388,-114.28,304.2
-108.33,-102.02,109.32
-61.863,-96.722,464.14
-59.949,-101.31,246.92
-68.38,-82.996,387.64
-103.98,-82.845,465.62
-60.075,-96.627,229.35
-58.057,-101.14,74.88
-98.689,-80.306,81.095
-94.259,-121.36,2.7875
-107.41,-103.64,48.259
-104.73,-84.428,360.78
-77.773,-124.23,64.928
-107.25,-95.96,29.621
-95.152,-77.68,334.29
-66.552,-84.95,378.51
-107.19,-109.25,150.97
-87.584,-75.861,346.68
-61.632,-110.94,187.94
-78.601,-124.37,58.922
-63.976,-113.74,293.53
-97.869,-120.12,89.468
-98.286,-79.605,219.49
-80.538,-75.374,142.2
-108.67,-109.39,273.97
-77.755,-75.525,94.7
-103.51,-84.677,155.79
-88.493,-75.841,469.48
-73.758,-78.048,218.62
-88.241,-125.67,312.81
-105.09,-116.96,399.98
-100.92,-81.564,221.61
-65.001,-81.646,23.417
-67.664,-79.762,51.125
-93.19,-76.991,326.99
-110.06,-108.44,428.35
-98.362,-121.56,227.37
-68.643,-119.97,167.24
-94.749,-77.661,273.62
-67.319,-117.82,331.43
-59.298,-92.978,100.39
-91.472,-122.93,29.893
-69.404,-120.16,270.73
-68.19,-80.441,129.68
-76.608,-76.324,154.97
-58.918,-107.52,40.97
-86.545,-75.749,399.69
-74.159,-75.848,10.136
-71.676,-77.462,68.058
-60.287,-94.434,209.26
-75.814,-123.58,390.68
-64.778,-116.38,145.46
-76.171,-76.257,131.86
-60.6,-103.42,305.25
-61.795,-93.459,339.74
-111.08,-99.08,410.15
-64.041,-82.6,21.402
-74.92,-78.651,470.05
-92.211,-122.63,29.77
-68.113,-82.889,314.66
-74.025,-78.239,252.9
-76.79,-124.31,270.99
-106.1,-89.233,123.63
-100.75,-119.49,205.75
-101.99,-81.453,402.89
-62.943,-111.01,350.83
-70.437,-78.089,64.266
-74.776,-123.38,48.32
-91.077,-125.2,317.64
-94.866,-77.769,110.9
-64.586,-116.15,145.67
-62.459,-112.24,209.2
-58.455,-97.554,103.13
-61.411,-109.12,247.07
-82.016,-125.23,171.76
-111.19,-98.612,429.52
-73.527,-122.16,453.37
-107.02,-89.527,211.23
-73.332,-77.601,156.48
-63.485,-111.87,371.55
-74.651,-78.387,349.68
-65.907,-85.416,324.56
-108.27,-89.618,373.48
-63.814,-83.218,42.309
-59.395,-92.919,106.6
-78.218,-76.788,278.79
-107.2,-104.52,43.796
-59.296,-106.33,116.28
-73.304,-76.424,38.142
-92.857,-122.49,43.718
-60.739,-101.02,347.52
-60.211,-89.094,58.349
-111.55,-100.59,466.48
-84.887,-125.71,468.93
-82.129,-124.63,39.18
-102.8,-82.084,413.97
-75.115,-77.962,285
-93.57,-77.147,78.714
-108.12,-91.292,247.34
-105.21,-113.49,161.02
-95.131,-122.62,158.64
-68.923,-82.167,319.95
-71.255,-80.858,443.77
-73.898,-122.75,360.79
-73.453,-122.88,26.372
-107.22,-113.21,310.14
-60.538,-105.6,258.62
-72.468,-78.398,189.63
-110.09,-96.431,307.02
-84.472,-75.812,356.74
-109.37,-97.689,208.32
-109.58,-97.786,227.22
-60.682,-108.57,189
-90.231,-76.227,335.53
-72.009,-121.89,304.61
-61.266,-108.01,272.98
-94.139,-77.186,364.32
-74.977,-123.5,307.73
-61.604,-112.14,114.39
-97.756,-122.27,259.5
-62.384,-84.54,18.614
-96.939,-120.2,44.571
-57.792,-97.531,46.181
-58.479,-93.882,54.258
-65.705,-117.36,152.19
-92.262,-125.04,435.46
-73.807,-123.08,134.55
-100.67,-82.376,31.869
-90.378,-76.134,389.57
-81.409,-125.43,340.49
-78.189,-124.74,301.86
-64.692,-115.82,197.58
-127.06,-83.915,315.07
-89.504,-115.08,292.35
-79.088,-103.99,59.218
-78.405,-88.509,121.24
-118.29,-74.618,170.49
-128.88,-86.779,407.23
-83.191,-108.95,221.52
-109.44,-119.77,458.45
-92.807,-70.349,12.19
-122.86,-80.941,2.7247
-129.13,-90.855,287.81
-124.21,-108.66,187.91
-82.666,-84.757,429.66
-80.136,-100.69,288.47
-126.03,-106.33,219.31
-82.374,-84.676,383.07
-121.13,-114.52,429.6
-122.7,-112.2,284.41
-80.104,-94.746,380
-115.04,-72.506,226.75
-126.16,-97.736,10.607
-105.64,-119.26,134.66
-116.88,-73.669,153.04
-92.149,-116.17,439.92
-98.908,-119.31,196.97
-126.35,-105.05,196.95
-106.93,-70.185,337.97
-126.82,-105.61,253.99
-112.93,-115.96,6.1792
-92.538,-73.335,335.14
-124.12,-78.16,463.22
-111.01,-119.18,276.76
-119.26,-75.634,116.16
-121.53,-114.33,450.77
-107.92,-70.303,329.74
-123.76,-111.6,365.48
-114.54,-116.1,97.156
-95.27,-72.024,353.68
-80.026,-88.795,259.71
-86.056,-111.13,392.83
-102.29,-68.824,16.338
-106.22,-120.02,392.23
-125.34,-86.506,5.2272
-122.34,-77.124,353.5
-103.4,-118.82,28.653
-102.03,-69.227,97.227
-99.224,-119.24,441.61
-120.59,-114.2,285.89
-80.609,-105.53,150.44
-96.346,-70.683,181.91
-81.262,-103.25,344.86
-105.83,-69.291,49.842
-128.29,-90.275,208.77
-108.21,-117.9,15.475
-111.17,-70.969,225.99
-82.042,-105.11,353.5
-99.495,-119.29,162.93
-126.79,-95.347,41.886
-125.11,-108.01,221.21
-110.78,-119.38,354.41
-88.132,-72.603,7.3356
-98.96,-118.86,62.873
-110.09,-119.65,451.64
-89.528,-114.85,338.41
-102.87,-119.49,148.51
-85.373,-111.86,200.02
-80.617,-94.535,451.45
-111.26,-118.08,146.33
-91.287,-74.653,467.25
-127.58,-104.17,266.24
-122.65,-113.28,440.53
-84.756,-80.737,403.49
-118.19,-74.143,296.06
-85.123,-112.03,135.36
-105.73,-69.965,229.17
-110.66,-70.639,118.63
-108.85,-70.445,256.36
-105.14,-120.11,324.02
-107.81,-69.593,7.0545
-91.714,-116.67,252.03
-122.83,-80.442,37.524
-85.393,-74.837,24.086
-79.622,-91.076,266.67
-88.888,-115.31,56.962
-122.16,-79.376,44.17
-122.34,-113.24,394.68
-95.884,-118.24,393.37
-101.76,-70.263,296.71
-107.33,-119.24,165.03
-116.25,-73.313,129.85
-79.777,-103.58,153.28
-80.935,-88.919,390.81
-104.29,-118.84,45.5
-83.04,-79.223,136.42
-127.9,-95.481,138.89
-129.49,-90.127,360.22
-125.96,-108.09,299.85
-84.828,-77.119,135.29
-121.97,-76.947,328.16
-81.375,-88.878,449.8
-117.61,-73.076,464.19
-80.722,-87.865,307.15
-125.03,-79.642,414.5
-91.002,-72.643,154.78
-83.858,-78.054,127.83
-87.624,-114.58,18.774
-105.69,-69.901,213.4
-125.59,-84.047,132.34
-125.41,-79.837,445.79
-125.53,-84.179,118.89
-84.787,-110.83,247.72
-77.781,-89.827,93.028
-77.744,-86.18,17.291
-128.97,-88.786,326.24
-123.79,-82.723,-1.6398
-113.91,-71.816,332.49
-78.844,-95.458,221.07
-127.72,-90.988,142.67
-109.45,-70.109,25.623
-124.63,-79.83,335.34
-114.6,-118.26,413.95
-89.581,-114.15,467.41
-112.18,-71.257,179.89
-126.34,-100.35,70.003
-80.494,-92.581,419.07
-112.52,-71.392,184.22
-83.793,-110.95,86.849
-123.29,-77.696,406.75
-101.93,-70.274,327.53
-119.04,-112.72,83.92
-107.45,-119.12,151.27
-128.56,-91.028,222.81
-127.76,-105.37,359.97
-87.357,-77.007,300.72
-93.097,-73.388,445.69
-130.57,-95.965,447.68
-118.18,-116.69,455.2
-91.421,-116.54,231.88
-117.4,-114.25,96.512
-110.56,-70.661,151.98
-86.48,-111.19,447.05
-114.12,-115.42,16.577
-127.23,-83.451,376.98
-109.69,-70.383,461.82
-129.45,-88.883,396.9
-78.608,-97.714,183.77
-109.21,-70.042,32.008
-90.958,-74.269,323.32
-92.679,-117.25,185.69
-82.001,-86.903,454.4
-81.003,-82.291,134.58
-124.46,-82.196,109.29
-127.65,-89.852,153.73
-126.64,-105.39,230.88
-107.88,-118.5,80.318
-113.16,-118.68,335.65
-116.8,-117.14,382.44
-82.156,-104.46,411.12
-114.23,-72.192,79.919
-118.39,-74.813,137.86
-125.5,-85.557,54.746
-90.232,-116.06,75.421
-98.836,-69.855,149.93
-85.98,-79.361,429.21
-109.72,-70.404,442.71
-78.75,-85.86,87.002
-80.749,-104.52,217.76
-126.3,-86.605,102.26
-88.236,-114.19,266.83
-129.58,-96.801,304.98
-84.764,-111.39,173.07
-104.16,-119.91,232.4
-78.772,-86.58,107.49
-94.638,-69.96,37.557
-82.626,-83.799,352.72
-79.693,-106.09,8.3126
-109.64,-70.425,404.79
-102.25,-70.211,385.99
-113.49,-116.06,41.955
-106.6,-70.167,333.74
-125.34,-100.91,2.4163
-81.139,-85.478,260.45
-79.951,-98.765,311.96
-118.16,-112.82,38.786
-125.71,-81.878,286.55
-126.06,-85.944,99.503
-88.292,-72.574,13.295
-124.32,-79.555,322.49
-127.79,-89.422,176.41
-88.813,-115.31,29.681
-83.496,-110.71,74.786
-118.61,-113.24,93.694
-125.41,-107.66,227.56
-76.947,-93.405,52.362
-122.89,-112.94,427.16
-92.433,-117.09,235.51
-80.159,-97.41,371.31
-125.11,-80.335,350.12
-101.6,-119.54,168.69
-129.63,-95.793,306.32
-122.77,-77.889,306.76
-102.58,-68.823,13.654
-106.78,-70.12,367.41
-86.224,-78.959,417.83
-128.45,-105.19,449.3
-126.13,-101.67,82.907
-94.987,-69.79,29.059
-125.73,-108.58,309.54
-126.71,-99.806,88.959
-92.602,-116.84,349.02
-93.254,-72.717,280.64
-122.78,-77.752,327.57
-77.084,-89.698,33.444
-82.205,-84.361,325.64
-115.34,-117.37,253.48
-80.484,-99.322,382.04
-106.52,-70.105,366.34
-126.29,-96.824,10.437
-77.805,-100.12,62.595
-107.5,-70.141,224.32
-77.06,-91.703,53.665
-84.674,-80.208,320.84
-120.85,-77.137,122.32
-79.915,-82.681,71.864
-76.469,-91.88,3.8541
-100.03,-119.2,120.51
-98.095,-119.24,244.33
-97.072,-71.503,432.81
-84.077,-81.205,339.75
-81.443,-106.18,208.87
-128.43,-89.054,249.85
-124.75,-107.62,178.9
-99.797,-119.06,90.17
-112.75,-119.03,454.79
-82.436,-84.468,377.44
-80.419,-84.116,158.82
-123.85,-109.11,184.56
-124.36,-81.246,165.3
-123.01,-79.102,188.54
-96.982,-71.585,448.3
-79.174,-101.42,165.85
-78.466,-101.93,76.823
-125.44,-102.18,42.984
-125.65,-100.53,18.127
-127.68,-97.899,138.82
-103.61,-69.596,167.95
-98.728,-69.226,56.129
-121.68,-111.67,178.6
-124.49,-107.17,142.69
-90.16,-115.25,351.3
-79.979,-89.377,268.98
-80.285,-90.42,336.52
-82.266,-109.87,0.5057
-127.22,-85.89,225.79
-76.813,-94.828,39.516
-79.797,-98.029,304.32
-124.88,-109.41,277.3
-91.804,-70.912,29.189
-129.76,-89.095,433.89
-126.56,-107.6,350.41
-80.942,-106.49,130.59
-85.184,-111.65,200.83
-116.2,-117.27,303.43
-86.09,-113.08,108.79
-115.82,-72.855,263.54
-119.47,-115.54,388.94
-111.91,-70.871,447.11
-124.04,-79.867,247.59
-124.2,-81.002,164.13
-85.914,-75.05,69.115
-125.77,-102.72,82.644
-121.81,-111.51,177.45
-93.071,-117.42,148.99
-88.259,-113.96,312.86
-117.92,-116.45,357.24
-79.968,-97.811,332.94
-78.468,-86.489,81.602
-96.291,-70.752,188.08
-89.983,-115.97,28.555
-95.209,-117.99,385.13
-82.429,-82.232,233.55
-80.422,-96.948,415.96
-82.862,-108.41,225.44
-84.254,-77.416,117.14
-130.34,-97.976,437.75
-114.77,-118.15,398.32
-86.708,-77.721,309.41
-124.5,-79.036,408.4
-126.37,-82.34,340.18
-95.222,-72.295,445.11
-128.13,-104.04,325.59
-78.263,-99.436,123.74
-82.13,-107.03,237.14
-77.471,-91.741,89.101
-80.807,-82.067,112.06
-123.62,-109.56,190.73
-118.59,-116.02,353.29
-106.02,-69.986,228.97
-116.71,-73.725,84.664
-91.618,-116.38,323.91
-125,-79.59,415.45
-107.99,-70.165,465.05
-127.29,-107.35,439.78
-123.47,-78.864,282.16
-106.32,-70.075,381.69
-112.79,-71.528,256.27
-78.129,-101.08,69.102
-123.59,-111.47,311.53
-103.17,-69.859,218.7
-115.58,-115.75,118.32
-80.764,-96.644,465.65
-93.421,-70.716,76.843
-93.117,-116.67,461.16
-83.571,-111.22,12.417
-126.78,-106.94,322.08
-113.04,-118.56,282.78
-106.07,-70.017,236.56
-93.515,-117.44,323.63
-118.92,-112.47,60.587
-101.31,-119.73,396.12
-89.976,-115.95,51.289
-117.66,-114.07,97.834
-129.93,-92.572,372.61
-124.66,-106.75,137.61
-82.098,-104.96,371.96
-94.09,-69.881,8.4424
-88.81,-75.665,292.61
-105.88,-70.101,270.9
-103.65,-68.863,6.6063
-117.57,-73.328,391.22
-120.4,-114.1,260.25
-123.47,-111.67,320.47
-81.031,-84.601,220.39
-104.69,-70.071,276.67
-80.203,-101.29,278.78
-115.41,-72.039,458.03
-97.363,-118.44,10.199
-113.86,-71.493,435.05
-147.38,-85.716,183.11
-144.04,-104.86,405.47
-115.53,-112.61,33.874
-142.43,-104.1,178.81
-145.17,-78.97,146.58
-123.78,-114.33,382.84
-139.09,-69.965,232.7
-95.654,-87.327,10.447
-97.612,-89.53,184.9
-129.53,-113.58,263.67
-145.22,-95.767,71.973
-140.52,-71.967,123.39
-108.83,-109.7,237.3
-143.54,-76.96,69.276
-134.51,-66.913,261.64
-105.39,-71.607,233.05
-142.76,-100.82,53.314
-103.14,-104.15,239.91
-105.5,-106.57,286.02
-110.14,-109.64,446.38
-130.71,-113.66,459.88
-102.33,-103.09,231.73
-140.21,-71.708,110.87
-133.96,-112.24,301.1
-144.02,-74.986,276.46
-122.14,-114.28,361.99
-107.98,-66.932,45.329
-141.08,-105.53,168.04
-107.82,-108.54,321.62
-99.576,-81.916,264.24
-137.24,-69.285,31.232
-122.2,-113.32,61.873
-124.75,-113.96,196.98
-110.78,-66.977,187.05
-143.48,-77.549,28.592
-137.64,-69.461,67.556
-120.89,-63.195,33.563
-128.48,-111.98,28.643
-110.86,-110.09,458.53
-137.53,-107.17,54.034
-121.9,-114.18,466.02
-103.02,-75.674,320.49
-110.11,-110.75,34.894
-144,-76.602,145.27
-117.02,-113.09,94.613
-113.32,-67.177,462.06
-134.73,-67.362,35.217
-98.616,-79.064,108.15
-145.71,-94.308,79.235
-102.1,-71.141,0.39216
-122.08,-113.91,171.98
-148.7,-81.692,467.89
-126.96,-64.541,246.76
-146.85,-92.258,139.68
-106.56,-107.18,352.33
-134.54,-66.752,327.65
-148.86,-93.015,356.79
-111.58,-110.61,446.13
-102.59,-76.942,383.8
-121.22,-63.4,73.862
-98.334,-97.378,107.71
-101.59,-78.327,334.9
-98.802,-95.72,212.49
-106,-70.274,184.05
-113.39,-112.2,166.72
-106.27,-71.489,293.93
-104.19,-105.5,236.23
-123.32,-64.292,252.94
-110.64,-110.48,344.26
-149.31,-87.453,396.99
-113.17,-112.05,96.114
-144.08,-76.739,145.87
-104,-71.751,155.17
-99.405,-95.084,298.38
-108.08,-68.518,176.16
-134.09,-112.01,272.1
-144.97,-96.997,84.928
-129.2,-113.71,273.13
-106.07,-71.048,240.25
-125.85,-64.349,229.68
-137.63,-69.053,167.01
-104.91,-104.58,445.33
-139.89,-105.73,105.55
-142.95,-103.87,202.11
-147.76,-81.307,351.62
-100.16,-82.471,367.92
-107.94,-69.015,206.03
-146.84,-80.664,256.22
-124.41,-114.28,255.3
-119.02,-63.976,146.56
-131.06,-65.162,446.08
-104.12,-71.447,144.79
-142.15,-103.48,130.56
-144.14,-104.18,329.99
-138.63,-69.716,202.64
-147.76,-82.11,311.52
-110.89,-111,236.89
-107.03,-70.472,263.53
-145.99,-81.955,122.61
-129.25,-113.93,440.26
-104.18,-72.138,188.23
-106.48,-67.428,6.2644
-107.57,-71.175,445.12
-137.97,-69.374,152.49
-149.08,-83.409,453.77
-143.86,-73.869,373.29
-99.028,-84.045,265.35
-143.22,-73.976,269.29
-147.06,-91.013,145.31
-138.85,-107.33,141.92
-144.98,-79.102,119.71
-130,-64.955,85.543
-139.92,-109.26,453.72
-110.22,-68.672,382.51
-97.136,-93.185,105.34
-118.54,-113.32,94.922
-102.61,-73.205,146.32
-148.09,-89.574,229.12
-129.89,-64.917,86.125
-121.75,-114.04,200.82
-120.52,-64.265,218.26
-102.42,-102.89,260.11
-102.58,-104.28,149.48
-120.04,-113.95,396.57
-118.39,-113.57,421.11
-134.42,-66.632,344.13
-95.956,-86.95,35.784
-99.178,-94.437,287.65
-141.62,-103.23,82.75
-103.03,-71.344,71.565
-121.57,-113.89,170.13
-145.36,-75.191,447.71
-148.66,-85.091,339.12
-95.761,-90.937,6.1291
-121.07,-64.594,429.05
-100.63,-96.449,426.58
-115.42,-65.507,242.75
-147.4,-98.134,330.78
-122.82,-114.27,457.23
-108.23,-109.17,262.67
-136.3,-68.037,195.68
-120.32,-63.582,102.27
-149,-87.92,341.43
-99.403,-80.502,209.21
-106.96,-70.423,254.31
-102.22,-101.19,373.88
-149.64,-86.123,461.38
-114.74,-65.982,277.75
-130.38,-112.49,157.17
-119.92,-113.86,190.4
-122.13,-64.45,352.77
-115.3,-65.957,331.07
-148.01,-90.45,224.05
-101.69,-103.75,84.386
-147.26,-93.681,192.67
-100.32,-98.317,288.05
-100.03,-95.195,389.7
-142.55,-75.705,32.823
-147.75,-80.025,420.64
-142.39,-74.879,74.591
-138,-69.599,106.55
-106.88,-71.276,357.76
-103.96,-75.717,470.25
-99.176,-83.522,268.18
-104.05,-103.35,449.46
-122.97,-113.33,71.323
-138.32,-109.94,354.52
-105.89,-70.119,167.27
-134.83,-111.93,333.91
-147.34,-94.18,207.74
-97.568,-78.56,13.667
-148.35,-93.865,298.79
-128.82,-64.913,307.75
-146.26,-90.236,71.904
-101.72,-101.51,277.57
-139.07,-69.77,272.48
-135.94,-111.1,277.76
-139.78,-109.23,431.51
-143.58,-77.377,49.528
-131.94,-65.755,73.115
-121.83,-64.008,188.13
-99.585,-93.931,362.42
-101.93,-101.17,332.29
-98.097,-91.727,216.95
-140.36,-72.115,80.001
-105.47,-107.22,176.56
-143.33,-73.763,308.34
-101.76,-102.37,217.62
-143.63,-104.03,260.11
-147.73,-98.545,411.73
-122.13,-113.57,107.11
-119.87,-64.802,431.99
-145.88,-76.974,362.89
-113.81,-66.712,405.87
-119.02,-64.895,373.25
-110.72,-111.03,51.034
-113.94,-64.971,124.89
-146.39,-91.871,97.256
-140.79,-107.61,288.22
-99.371,-97.014,231.51
-99.287,-79.342,166.35
-103.43,-74.906,304.44
-120.9,-64.537,286.39
-146.57,-84.565,122.88
-136.5,-68.266,156.66
-124.49,-114.17,232.17
-135.48,-67.654,125.74
-122.05,-64.086,203.84
-144.57,-74.146,443.36
-148.59,-93.334,318.86
-148.31,-83.985,319.91
-147.11,-94.016,185.68
-101.57,-77.267,265.69
-148.44,-88.737,263.08
-143.12,-74.302,222.1
-120.85,-114.23,311.74
-99.004,-99.718,67.413
-149.2,-94.058,433.05
-139.18,-69.666,311.24
-136.97,-69.003,42.98
-136.33,-67.857,279.13
-132.65,-112.85,331.4
-137.06,-107.56,53.793
-145.55,-98.044,158.2
-108.17,-109.67,60.006
-148.8,-86.239,335.1
-120.26,-114.05,361.16
-137.69,-69.178,145.04
-98.477,-84.046,216.15
-123.75,-64.143,215.24
-108.07,-109.61,56.602
-98.63,-86.236,262.82
-116.8,-65.705,467.5
-142.71,-102.62,127.69
-99.396,-94.775,306.66
-114.45,-65.632,217.08
-120.8,-114.17,342.79
-145.09,-76.07,325.52
-147.3,-80.993,298.87
-140.41,-107.26,231.3
-99.67,-82.304,285.66
-148.65,-94.336,359.4
-127.11,-114.16,292.98
-105.4,-72.823,359.77
-99.632,-100.27,106.98
-131.13,-65.481,190.29
-137.3,-68.298,319.34
-107.01,-67.064,5.6558
-121.37,-64.294,237
-146.49,-91.169,98.527
-134.3,-109.67,63.975
-137.02,-108.23,98.798
-115.73,-65.608,273.74
-102.45,-102.82,270.45
-105.75,-68.666,59.59
-141.21,-73.734,22.425
-99.249,-94.349,298.91
-133.97,-112.21,296.12
-142.31,-73.696,174.15
-123.52,-114.32,436.5
-99.528,-81.137,237.39
-117.49,-113.19,102.63
-100.82,-74.609,96.035
-137.67,-110.54,403.32
-145.79,-102.01,374.05
-138.74,-107.35,136.63
-97.45,-80.333,55.509
-149.13,-93.467,410.02
-100.82,-99.455,292.84
-97.488,-91.135,165.45
-119.23,-64.744,276.6
-127.11,-64.611,323.11
-99.743,-77.004,120.1
-108.11,-109.3,202.9
-145.35,-76.901,291.69
-111.72,-111.42,254.01
-101.66,-79.011,403.69
-145.54,-97.415,139.13
-100.29,-83.362,421.98
-146.06,-93.419,91.038
-100.01,-78.287,185.24
-132.62,-66.066,272.64
-115.95,-113.17,253.25
-101.75,-78.803,402.2
-128.75,-113.99,422.87
-145.45,-82.474,55.16
-109.81,-109.65,396.44
-99.727,-96.866,277.6
-124,-64.372,466.31
-133.89,-111.35,190.47
-134.35,-112.16,339.98
-101.73,-101,316.28
-134.79,-111.93,324.93
-114.02,-64.416,64.109
-146.37,-90.588,83.537
-137.7,-69.106,167.49
-129.41,-64.796,115.57
-122.59,-114.34,344.79
-116.19,-65.739,406.24
-111.04,-110.15,470.69
-130.64,-113.58,418.49
-101.74,-101.56,275.34
-136.1,-111.43,400.33
-109.33,-69.12,325.27
-102.31,-104.24,115.35
-144.34,-75.327,288.33
-142.24,-73.606,173.11
-145.94,-80.799,154.06
-140.76,-71.019,307.36
-136.09,-111.71,467.73
-98.917,-76.77,52.018
-100.89,-100.59,235.02
-127.46,-113.32,161.14
-112.15,-64.911,48.024
-101.77,-99.218,445.37
-122.6,-64.049,198.74
-102.79,-75.943,311.56
-121.58,-113.99,192.82
-116.39,-113,110.84
-104.9,-107.35,46.602
-100.57,-80.513,324.58
-97.249,-96.962,7.7497
-145.75,-77.477,301.92
-114.13,-66.398,318.22
-148.66,-82.788,417.23
-108.57,-109.05,337.91
-149.63,-86.102,460.13
-146.58,-82.204,175.66
-96.805,-92.695,81.869
-125.85,-64.414,251.29
-98.009,-89.255,221.19
-100.51,-97.576,356.54
-111.98,-65.487,100.88
-139.85,-71.093,147.92
-102.93,-105.4,61.053
-131.96,-65.771,145.95
-125.56,-64.418,263.88
-119.65,-113.16,31.646
22.648,-120.59,142.21
-26.13,-127.98,194.94
-0.90591,-155.16,227.72
-22.448,-118.16,101.48
-25.626,-142.97,465.37
19.575,-140.34,378.21
-7.7467,-105.56,1.9131
22.232,-117.7,75.072
-11.862,-106.21,469.22
-26.74,-134.98,281.56
-13.744,-108.58,72.057
19.027,-140.81,405.82
19.717,-115.67,164.92
-0.29432,-105.43,305.52
-15.004,-109.15,195.35
-5.2188,-153.28,7.9053
-8.327,-153.69,161.98
8.7113,-108.29,400.14
0.35181,-154.66,132.64
10.596,-152.06,172.71
1.2041,-105.55,399.54
16.058,-113.51,304.21
-23.673,-143.08,280.71
23.077,-130.96,258.25
-15.155,-107.95,405.66
-23.956,-125.68,12.682
19.855,-140.34,355.81
-22.896,-138.7,61.621
-26.797,-120.04,435.46
3.2454,-106.02,325.51
21.773,-128.78,372.4
-24.674,-119.5,278.15
-5.2415,-155.03,418.25
19.289,-143.42,265.12
-28.578,-127.22,421.58
-8.0627,-105.67,367.77
22.594,-118.64,83.166
2.0609,-154.36,430.91
13.99,-149.98,154.81
4.431,-154.45,242.43
-18.878,-111.14,336.96
21.557,-137.76,294.45
16.95,-110.35,39.685
-26.735,-139.01,388.27
-17.752,-109.39,419.74
-15.931,-148.81,93.934
5.5716,-153.22,432.1
-8.2921,-154.66,343.55
-12.063,-153.64,416.99
20.829,-127.53,448.85
-20.317,-113.84,199.9
-10.993,-106.3,391.94
-15.889,-151.86,408.68
-13.19,-107.62,327.39
14.461,-148.03,360.62
-6.2547,-155.01,350.16
-22.451,-119.94,11.499
4.5313,-154.29,318.56
-17.04,-151.39,444.96
-27.345,-123.58,375.36
23.128,-117.47,1.0769
-25.029,-133.79,120.11
16.873,-147.9,82.178
-11.802,-107.28,273.49
20.3,-125.54,471.3
-25.002,-129.91,86.515
22.633,-139.77,100.8
21.216,-129.15,424.13
-12.263,-107.77,5.7124
12.454,-151.04,135.94
9.8471,-107.22,161.15
-0.28509,-154.94,184.21
-22.499,-140.08,77.033
-26.516,-135.11,264.22
-22.082,-138.74,1.2361
9.9881,-152.28,250.9
-25.342,-136.89,202.52
21.312,-140.67,204.99
-26.748,-130.14,243.1
-11.435,-107.21,72.847
23.202,-127.55,235.22
6.0214,-106.98,397.25
14.657,-112.21,317.44
-2.917,-105.1,203.53
-28.092,-123.9,432.53
-14.687,-149.82,97.954
3.6441,-104.2,9.049
-18.05,-150.49,409.35
13.378,-150.22,223.51
-4.1771,-105.41,280.47
18.543,-144.3,283.2
5.9301,-106.37,234.86
10.916,-151.93,70.322
-27.085,-132.92,285.29
-0.794,-104.08,6.792
12.44,-111.28,451.53
-20.628,-112.48,356.13
22.485,-126.44,284.78
19.407,-145.31,71.951
-21.388,-114.5,267.32
-2.1321,-105.19,372.43
-16.333,-150.38,230.21
17.277,-117.27,464.31
21.894,-120.6,199.61
-12.053,-153.54,370.89
-9.4472,-106.33,308.93
-22.802,-139.78,89.32
-7.4399,-105.5,378.12
-26.837,-131.89,255.83
13.63,-109.5,165.73
16.771,-114.18,293
-13.61,-151.42,169.45
18.657,-141.92,389.65
-24.017,-121.98,102.17
-24.037,-116.26,377.91
-23.841,-139.62,161.21
-14.507,-152.77,451.46
-6.2956,-154.04,137.92
7.3247,-153.32,76.857
-24.014,-115.87,397.01
18.693,-145.32,175.03
-12.123,-152.94,239.09
-22.177,-116.26,205.38
22.451,-132.38,307.67
-3.1046,-155.22,354.55
-15.935,-151.59,349.85
24.414,-132.26,126.5
-28.284,-135.72,438.69
-10.871,-153.58,253.3
-18.39,-110.16,386.83
-9.8682,-151.71,17.608
-22.72,-144.65,285.92
-23.648,-121.52,78.862
23.281,-132.21,233.39
20.639,-122.97,383.54
-22.693,-113.37,451.05
19.898,-121.64,412.03
13.591,-107.99,48.172
4.0697,-153.95,41.127
-28.704,-132.11,425.64
-10.295,-154.15,392.48
-22.784,-142.68,196.42
-11.681,-106.42,411.12
-25.18,-140.11,281.26
18.092,-146.64,92.478
7.8621,-153.31,245.44
8.2228,-153.08,120.18
-13.127,-149.87,17.13
9.1244,-152.39,320.9
7.0183,-153.39,320.11
16.216,-146.59,332.13
-19.454,-145.37,98.469
25.755,-125.79,-0.16052
-3.2795,-105.09,410.13
13.078,-109.19,171.79
-28.035,-134.95,400.73
-6.8067,-105.32,400.2
15.719,-112.98,290.03
20.736,-141.05,248.66
-12.656,-107.78,187.47
20.118,-144.58,53.79
-20.79,-114.35,207.43
-1.4874,-154.9,175.88
-1.3173,-155.32,290.05
23.907,-131.32,180.96
-18.853,-149.94,414.41
-26.659,-121.69,368.19
-24.836,-122.12,184.28
21.438,-141.2,159.85
13.957,-149.77,223.71
18.547,-141.4,421.81
-15.745,-110.11,62.39
-28.219,-133.36,393.74
-18.487,-110.57,356.61
-14.681,-109.41,22.446
19.93,-144.71,65.781
21.501,-125.37,357.9
1.3433,-105.04,180.06
3.5205,-154.59,206.29
10.318,-109.39,418.81
-27.875,-129.8,344.4
-7.7462,-154.17,198.39
-19.599,-143.48,12.046
-12.502,-153.35,362.6
-25.886,-117.72,456.82
24.735,-135.66,32.729
12.09,-111.05,459.45
22.58,-117.1,26.589
-23.877,-133.35,17.962
-25.787,-118.49,412.44
2.1492,-105.83,449.3
-7.1716,-105.52,104.12
-18.727,-149.04,279.51
-5.2171,-155.07,381.07
-12.656,-107.99,18.112
13.922,-111.55,318.54
-5.8755,-105.58,250.09
20.448,-114.47,57.921
-18.747,-109.74,459.5
-9.1864,-152.49,66.16
-26.011,-133.47,198.26
-21.822,-114.31,320.91
-21.387,-113.79,322.21
17.178,-112.6,167.92
-24.727,-127.54,67.201
-24.298,-118.91,270.18
22.354,-127.11,305.1
-18.054,-147.13,110.1
12.077,-111.08,464.89
17.754,-114.66,247.72
-1.2933,-105.21,388.28
-29.112,-127.51,466.23
14.75,-111.26,230.11
20.093,-114.35,75.683
-24.459,-124.47,81.7
5.776,-153.54,3.7396
-15.955,-148.14,49.054
-28.066,-129.84,361.41
19.888,-144.77,65.912
-20.661,-142.27,30.353
-24.909,-118.67,334.86
1.4163,-105.59,379.16
-12.775,-151.69,151.81
-20.353,-112.33,347.25
23,-123.48,188.82
19.379,-145.44,59.906
22.385,-126.49,294.42
1.7122,-154.39,90.404
-25.406,-122.84,220.08
-14.08,-108.66,142.77
-14.537,-152.01,274.81
-11.575,-107.27,95.278
-25.775,-130.46,156.42
-21.776,-112.17,470.04
-7.6108,-105.89,219.21
11.355,-151.12,313.79
-7.6611,-154.75,400.88
-26.174,-126.02,222.22
2.5445,-104.18,24.056
-0.8673,-104.29,51.746
-23.807,-116.92,327.56
-17.109,-151.25,429.17
1.4548,-154.98,228.31
23.55,-135.02,168.19
-24.26,-118.76,274.2
22.228,-131.54,332.36
13.75,-108.74,101.13
8.7618,-152.79,30.859
22.486,-135.04,271.68
-1.2911,-104.68,130.3
-10.533,-106.78,155.55
23.735,-119.99,41.827
-19.937,-111.26,400.26
-8.1207,-105.71,10.721
-5.5179,-105,68.656
13.295,-109.84,210.01
19.076,-141.06,391.65
24.33,-129.92,146.38
-10.106,-106.59,132.44
18.271,-116.35,306.06
10.754,-109.28,340.47
-23.801,-144.85,410.89
3.9049,-104.31,22.049
-9.5749,-105.59,470.64
8.0046,-153.03,30.733
-0.7337,-105.39,315.29
-7.8924,-106,253.49
19.496,-142.96,271.97
-24.65,-135.82,124.3
-1.5747,-155.06,206.68
-28.121,-125.54,403.49
21.091,-123.4,351.71
-4.1437,-104.71,64.871
21.735,-142.29,49.3
8.853,-152.55,318.62
-23.335,-119.89,111.49
24.328,-129.62,146.59
23.074,-124.87,210.09
17.32,-111.69,103.9
21.654,-121.59,247.93
16.66,-147.62,172.74
-24.295,-144.44,430.26
19.554,-138.13,454.32
-25.668,-136.1,211.9
-7.2103,-105.64,157.08
21.109,-124.28,372.43
-8.8388,-105.94,350.28
2.5235,-105.85,325.22
-27.516,-136.01,374.15
4.3542,-104.51,42.961
13.601,-108.72,107.34
-12.188,-107.43,279.37
-15.196,-148.71,44.599
22.241,-118.87,117.12
-7.2579,-105.43,38.732
7.3381,-153.26,44.679
16.378,-114.35,348.31
10.798,-106.6,59.051
-23.516,-145.96,467.23
13.042,-148.06,469.9
16.957,-148.03,40.165
-28.402,-126.48,414.57
-9.0916,-106.3,285.6
-22.554,-118.77,79.296
-25.587,-137.95,248.02
-8.5928,-153.6,161.9
5.0128,-154.13,159.6
-1.8487,-105.33,320.58
-5.1958,-105.09,444.38
20.186,-139.37,361.75
22.555,-141.19,27.348
-11.178,-153.78,311.01
19.991,-118.26,259.45
-6.2295,-105.5,190.24
-24.143,-142.8,307.74
-18.059,-110.24,357.31
-22.21,-143.89,209.06
-22.416,-143.98,227.95
22.195,-121.04,189.86
-22.081,-114.38,336.09
21.408,-137.84,305.57
20.898,-120.48,273.83
-24.625,-117.46,364.89
20.153,-140.96,308.7
24.218,-124.82,115.28
2.1866,-154.94,260.45
6.4374,-104.75,19.279
2.7344,-154.12,45.51
18.144,-111.58,46.956
15.226,-109.18,55.001
24.214,-131.23,153.12
7.1558,-152.48,436.43
21.785,-140.92,135.52
-24.358,-127.62,32.492
-22.567,-114.08,390.13
16.273,-146.37,341.47
18.522,-144.01,302.84
23.735,-129.13,198.5
-45.231,-144.06,315.68
3.6977,-143.94,293.24
5.9072,-130.14,60.033
-3.8813,-117.47,121.92
-43.649,-132.17,171.03
-45.326,-146.88,407.86
5.0094,-135.61,222.36
-9.5254,-159.35,459.36
-25.953,-113.47,12.719
-42.113,-140.96,3.3232
-42.204,-150.88,288.47
-26.405,-161.95,188.73
-11.35,-115.49,430.3
1.6518,-126.92,289.25
-29.488,-161.15,220.11
-10.908,-115.52,383.71
-21.684,-163.01,430.46
-23.536,-163.11,285.26
-2.6783,-121.79,380.73
-42.842,-128.13,227.28
-33.894,-155.9,11.343
-5.0579,-158.46,135.59
-43.076,-130.64,153.57
1.5172,-145.59,440.81
-0.23462,-153.79,197.9
-30.422,-160.51,197.74
-38.77,-120.47,338.47
-30.749,-160.9,254.78
-12.023,-161.38,7.0749
-25.704,-113.65,335.68
-47.541,-136.88,463.78
-10.05,-160.99,277.67
-43.428,-133.9,116.71
-22.241,-163,451.63
-39.404,-121.25,330.25
-25.201,-162.85,366.32
-13.689,-161.98,98.049
-28.748,-114.29,354.21
-5.7438,-117.9,260.39
3.2205,-138.1,393.69
-34.223,-118.37,16.847
-6.5165,-157.87,393.15
-40.452,-146.8,5.8704
-46.207,-135.6,354.05
-3.0118,-157.31,29.578
-34.234,-118.03,97.737
-1.9393,-152.48,442.53
-20.641,-163.29,286.75
5.1994,-131.75,151.27
-29.435,-114.99,182.44
2.1068,-129.27,345.65
-36.828,-120.8,50.352
-41.472,-150.37,209.43
-7.2102,-159.78,16.389
-40.867,-124.47,226.5
2.6502,-131.14,354.31
-0.49394,-154.36,163.85
-36.089,-154.28,42.601
-27.709,-161.83,222.02
-10.198,-160.54,355.32
-20.894,-112.22,7.8857
0.21587,-154.28,63.8
-10.061,-159.72,452.55
3.2648,-143.5,339.3
-2.8651,-156.77,149.43
5.3334,-139.37,200.89
-3.6216,-121.54,452.17
-10.193,-161.09,147.24
-24.666,-113.07,467.8
-32.327,-160.21,267.02
-23.71,-162.97,441.38
-15.382,-113.91,404.09
-44.607,-130.99,296.59
6.0046,-139.72,136.23
-37.359,-120.18,229.68
-40.058,-124.53,119.15
-39.604,-122.4,256.87
-5.2273,-157.65,324.94
-37.901,-122.56,7.5676
3.2646,-146.82,252.94
-42.614,-140.35,38.117
-17.458,-112.07,24.656
-4.0088,-119.35,267.37
5.6859,-145.12,57.865
-42.823,-139.06,44.754
-23.235,-163.02,395.53
0.25733,-149.86,394.28
-34.524,-117.46,297.22
-6.5439,-159.34,165.95
-42.692,-130.11,130.39
4.5655,-129.7,154.08
-7.1228,-117.8,391.48
-3.7786,-157.8,46.424
-13.489,-113.25,137.02
-37.416,-154.52,139.6
-43.364,-150.12,360.88
-28.76,-161.97,300.66
-16.204,-112.79,135.87
-45.891,-135.38,328.71
-7.829,-117.7,450.48
-45.825,-128.79,464.71
-7.1505,-117.36,307.82
-47.007,-138.9,415.07
-23.925,-113.21,155.33
-14.817,-112.93,128.43
6.4059,-143.98,19.673
-37.283,-120.21,213.91
-42.965,-144.32,132.96
-47.347,-139.1,446.36
-42.755,-144.46,119.51
4.8395,-137.92,248.58
-2.393,-118.25,93.725
-4.2679,-115.88,17.959
-43.629,-148.96,326.89
-41.654,-142.95,-1.0269
-43.036,-126.24,333.01
-0.33216,-122.48,221.81
-40.189,-150.94,143.34
-38.932,-123.9,26.139
-46.116,-139.25,335.91
-14.192,-161.78,414.85
2.0245,-142.23,468.28
-41.187,-125.62,180.41
-32.696,-157.66,70.758
-4.5955,-120.15,419.78
-41.387,-125.91,184.74
6.6128,-138.33,87.718
-46.876,-136.33,407.31
-34.825,-117.39,328.04
-19.234,-162.36,84.783
-6.6331,-159.41,152.19
-41.277,-151.03,223.48
-32.238,-160.68,360.76
-19.175,-113.34,301.29
-26.741,-113.39,446.23
-40.947,-154.76,448.38
-18.182,-162.62,456.08
3.5224,-146.65,232.78
-17.069,-162.4,97.387
-40.166,-124.28,152.5
2.6148,-138.09,447.91
-13.336,-161.67,17.467
-46.023,-143.45,377.58
-41.475,-121.66,462.32
-44.344,-148.92,397.55
1.5159,-124.28,184.53
-38.83,-123.66,32.523
-23.825,-113.42,323.87
3.281,-148.28,186.6
-9.6045,-116.56,455.06
-9.9458,-114.3,135.21
-43.154,-142.31,109.89
-40.929,-149.96,154.39
-30.62,-160.75,231.67
-6.9535,-159.64,81.235
-12.361,-161.64,336.56
-16.411,-162.53,383.33
1.8099,-130.36,411.93
-41.572,-128.25,80.447
-43.416,-132.58,138.4
-41.469,-145.88,55.38
5.0331,-146.45,76.329
-31.689,-116.14,150.44
-17.354,-113.49,429.81
-41.373,-121.81,443.21
-5.6491,-115.87,87.665
4.0526,-130.67,218.57
-41.69,-146.91,102.9
4.2484,-142.59,267.71
-38.821,-155.61,305.69
5.6541,-138.78,173.94
-4.0755,-157.42,233.32
-5.3228,-116.31,108.16
-27.753,-114.2,38.08
-11.488,-115.19,353.35
7.0871,-132.44,9.1464
-41.084,-122,405.3
-35.447,-117.2,386.5
-12.589,-161.6,42.85
-38.505,-120.27,334.24
-31.178,-157.85,3.1794
-8.733,-116.07,261.1
0.41801,-125.18,312.72
-18.236,-162.14,39.651
-45.343,-141.81,287.15
-41.908,-146.26,100.14
-21.071,-112.27,13.845
-45.984,-138.92,323.07
-41.449,-149.59,177.07
5.9031,-145.24,30.586
6.7549,-138.03,75.654
-18.623,-162.43,94.56
-28.201,-161.71,228.37
0.78298,-120.7,53.09
-24.038,-162.95,428.01
3.0803,-147.7,236.42
-0.95762,-123.92,372.05
-46.245,-139.86,350.7
-1.9778,-155.87,169.62
-39.52,-154.87,307.03
-45.769,-136.74,307.32
-34.433,-118.58,14.164
-38.867,-120.15,367.91
-17.733,-113.41,418.42
-33.4,-160.46,450.08
-31.756,-158.46,83.673
-28.08,-114.34,29.581
-28.329,-162.14,310.35
-33.44,-157.37,89.709
2.1277,-146.94,349.92
-26.333,-113.97,281.18
-45.989,-136.52,328.13
-1.5952,-118.06,34.142
-10.647,-115.51,326.28
-14.392,-162.53,254.38
-0.040309,-125.53,382.8
-38.675,-119.98,366.84
-34.577,-155.28,11.165
4.3848,-126.34,63.379
-38.571,-121.48,224.83
-0.40576,-119.46,54.379
-15.179,-113.95,321.45
-43.716,-136.04,122.89
-8.4966,-114.27,72.501
0.45094,-119.51,4.5718
-0.71369,-154.88,121.44
0.067846,-152.93,245.25
-30.923,-114.58,433.33
-14.191,-114.22,340.36
4.6402,-132.44,209.69
-42.601,-149.27,250.5
-27.434,-161.55,179.71
-0.45547,-154.81,91.096
-12.514,-160.93,455.7
-11.055,-115.43,378.08
-8.4665,-115.18,159.46
-25.824,-162.09,185.38
-44.013,-141.18,165.9
-44.493,-138.54,189.11
-30.892,-114.49,448.82
3.5695,-127.59,166.64
4.9563,-128.06,77.62
-30.671,-158.65,43.756
-31.747,-157.66,18.886
-35.694,-156.23,139.56
-35.619,-118.91,168.46
-31.466,-116.15,56.643
-22.486,-162.69,179.45
-27.32,-161.26,143.5
2.9637,-144.14,352.19
-5.3876,-118.27,269.67
-5.3445,-118.86,337.21
7.5908,-137.04,1.3696
-43.566,-146.21,226.41
1.8745,-121.78,40.256
0.10667,-124.57,305.08
-26.963,-162.42,278.12
-24.921,-113.15,29.722
-44.666,-149.06,434.54
-29.834,-161.68,351.21
5.6802,-132.82,131.42
5.3389,-139.08,201.7
-15.412,-162.71,304.33
6.0952,-141.31,109.67
-43.429,-128.68,264.07
-19.523,-162.97,389.81
-42.781,-123.55,447.62
-45.127,-139.43,248.17
-44.036,-140.9,164.73
-17.981,-112.3,69.684
-30.809,-159.03,83.419
-22.68,-162.65,178.29
3.3072,-148.88,149.9
3.8125,-142.15,313.74
-17.567,-162.86,358.12
-0.33035,-124.34,333.69
-4.9976,-116.2,82.271
-29.385,-114.97,188.6
5.4388,-146.51,29.464
0.65849,-149.28,386.04
-11.652,-114.58,234.18
-1.7157,-123.47,416.7
4.8902,-134.96,226.28
-15.468,-112.76,117.73
-39.422,-156.21,438.47
-14.301,-161.89,399.22
-18.269,-113.42,309.99
-46.953,-138.13,408.97
-45.861,-142.26,340.78
-29.068,-113.92,445.64
-33.176,-160.11,326.36
3.2361,-125.74,124.51
4.4943,-133.36,237.98
-0.90151,-119.54,89.814
-9.8089,-114.14,112.69
-25.386,-162.25,191.56
-18.327,-162.99,354.17
-37.566,-120.39,229.48
-42.513,-130.98,85.203
2.7297,-146.1,324.82
-47.019,-138.83,416.03
-40.331,-120.38,465.55
-31.069,-161.42,440.58
-45.542,-138.09,282.73
-38.631,-119.74,382.2
-41.921,-125.76,256.79
4.7158,-127.24,69.893
-24.841,-162.96,312.37
-35.41,-118.52,219.21
-14.835,-162.25,119.2
-2.4618,-123.16,466.39
-26.562,-113.76,77.372
0.97438,-146.47,462.06
7.3913,-138.84,13.29
-30.261,-161.48,322.88
-12.035,-161.79,283.69
-37.629,-120.4,237.07
1.9611,-148.14,324.54
-19.164,-162.23,61.449
-2.9544,-154.47,397.04
5.2957,-146.35,52.197
-17.386,-162.42,98.708
-42.205,-152.2,373.29
-27.687,-161.08,138.42
2.4056,-130.95,372.77
-27.215,-113.96,8.9662
-21.104,-113.3,293.17
-37.632,-120.14,271.41
-35.185,-119.34,7.1159
-45.21,-129.4,391.75
-20.412,-163.24,261.11
-24.681,-162.99,321.31
-8.981,-115.57,221.03
-36.771,-119.31,277.18
2.0429,-127.48,279.56
-44.773,-126.63,458.54
1.48,-153.25,11.125
-43.804,-125.35,435.56
-58.873,-159.29,183.72
-45.301,-170.48,406.24
-16.32,-160.32,34.739
-43.242,-170.22,179.58
-61.306,-152.93,147.14
-23.568,-164.86,383.71
-62.937,-141.61,233.19
-17.211,-128.32,11.115
-18.309,-130.22,185.57
-27.766,-168.69,264.52
-50.115,-166.27,72.679
-62.114,-144.71,123.89
-14.242,-152.56,238.14
-60.903,-150.8,69.827
-61.559,-136.15,262.1
-36.064,-121.2,233.57
-44.879,-168.67,54.064
-13.468,-144.64,240.7
-13.983,-147.74,286.83
-16.499,-152.11,447.21
-29.757,-168.33,460.73
-13.482,-143.36,232.52
-61.965,-144.39,111.38
-32.234,-170.28,301.94
-63.74,-148.36,276.99
-22.22,-163.88,362.85
-39.965,-120.41,45.819
-41.226,-170.51,168.83
-14.71,-150.53,322.45
-25.169,-125.17,264.85
-60.787,-141.1,31.724
-21.143,-164.99,62.739
-23.469,-166.31,197.84
-42.903,-121.39,187.53
-60.238,-151.46,29.149
-61.189,-141.27,68.048
-52.187,-125.91,34.014
-26.623,-168.19,29.495
-16.838,-152.85,459.36
-36.785,-170.17,54.84
-22.709,-163.03,466.88
-32.147,-122.27,321.05
-13.377,-155.4,35.747
-61.923,-150.37,145.81
-17.513,-161.28,95.479
-46.32,-121.53,462.54
-60.119,-137.99,35.694
-25.359,-123.31,108.74
-51.473,-165.43,79.928
-32.491,-120.12,0.92184
-21.307,-164.7,172.85
-64.126,-155.36,468.47
-57.211,-129.57,247.21
-54.011,-164.23,140.35
-14.791,-148.49,353.14
-62.065,-135.65,328.11
-56.329,-164.8,357.46
-16.984,-153.78,446.96
-31.367,-122.58,384.37
-52.547,-126.04,74.313
-13.369,-137.16,108.46
-29.426,-123.29,335.48
-15.403,-135.56,213.22
-37.108,-120.87,184.56
-15.719,-157.84,167.58
-37.171,-121.31,294.45
-13.384,-146.37,237.03
-54.62,-127,253.39
-15.752,-153.69,345.1
-60.485,-160.59,397.62
-15.24,-158,96.974
-61.9,-150.52,146.41
-34.461,-120.89,155.69
-16.773,-134.95,299.1
-39.779,-120.9,176.65
-32.31,-170.37,272.94
-49.212,-166.98,85.643
-27.483,-168.51,273.99
-36.987,-121.16,240.77
-56.389,-128.81,230.13
-62.02,-140.36,167.49
-15.741,-144.88,446.12
-39.827,-170.27,106.34
-43.919,-170.24,202.88
-62.983,-155.16,352.19
-25.863,-125.36,368.54
-39.527,-121.01,206.53
-62.131,-154.64,256.8
-23.338,-165.98,256.17
-50.914,-124.64,147.02
-61.114,-131.49,446.53
-34.686,-120.79,145.32
-43.143,-169.86,131.33
-45.382,-170.48,330.76
-62.572,-141.3,203.13
-62.232,-156.01,312.11
-14.986,-154.89,237.74
-38.23,-121.2,264.05
-59.876,-155.88,123.2
-28.351,-167.72,441.12
-34.54,-121.1,188.76
-38.267,-120.05,6.7604
-39.246,-121,445.63
-61.99,-140.91,152.98
-63.235,-157,454.36
-64.901,-146.82,373.8
-23.387,-126.45,265.98
-63.735,-147.11,269.81
-55.006,-163.37,145.97
-38.211,-170.62,142.72
-60.92,-153.07,120.27
-58.339,-132.81,86.001
-39.595,-170.92,454.53
-42.524,-121.16,383
-15.133,-133.19,106.05
-18.53,-162.44,95.79
-32.405,-121.16,146.86
-57.211,-162.44,229.76
-58.284,-132.7,86.584
-21.138,-164.41,201.69
-52.292,-125.39,218.71
-13.841,-143.1,260.89
-12.429,-144.92,150.28
-21.022,-162.08,397.43
-20.153,-160.58,421.97
-62.147,-135.38,344.59
-17.833,-128.07,36.448
-16.953,-134.37,288.37
-42.623,-169.61,83.52
-33.493,-120.45,72.094
-20.922,-164.36,171
-65.629,-148.35,448.23
-61.161,-158.7,339.72
-14.948,-131.18,6.8271
-53.728,-124.74,429.5
-17.578,-136.01,427.3
-47.727,-122.92,243.22
-51.77,-167.94,331.49
-23.3,-163.75,458.09
-14.275,-151.63,263.5
-61.823,-138.56,196.16
-51.906,-125.43,102.73
-59.619,-161.08,342.06
-25.625,-124.31,209.81
-38.154,-121.18,254.82
-15.441,-140.98,374.65
-61.966,-159.4,461.99
-47.103,-122.63,278.22
-28.496,-169.04,158.02
-19.8,-163.16,191.27
-54.189,-125.76,353.22
-47.858,-122.65,331.54
-56.554,-163.08,224.71
-11.714,-144.33,85.184
-53.719,-165.26,193.35
-15.332,-138.07,288.8
-17.712,-134.89,390.42
-60.739,-149.42,33.365
-64.202,-153.76,421.2
-61.386,-148.43,75.125
-61.608,-141.38,107.04
-38.146,-121.16,358.27
-33.713,-122.01,470.8
-23.853,-126.12,268.81
-15.898,-143.36,450.24
-21.774,-165.43,72.189
-37.359,-171.01,355.33
-37.024,-120.77,167.78
-33.294,-170.41,334.75
-53.55,-165.61,208.43
-24.331,-122.81,14.26
-55.056,-165.47,299.47
-58.753,-130.69,308.2
-54.469,-162.71,72.563
-14.297,-141.49,278.34
-63.279,-141.21,272.97
-34.35,-170.82,278.59
-39.385,-170.94,432.32
-60.548,-151.26,50.083
-59.242,-134.74,73.58
-53.285,-126.21,188.58
-18.024,-133.8,363.12
-14.992,-141.03,333.06
-17.455,-132.02,217.64
-61.643,-144.98,80.512
-12.906,-148.87,177.38
-64.181,-146.79,308.86
-13.422,-142.52,218.4
-44.677,-170.45,260.88
-52.229,-167.98,412.45
-21.192,-164.86,107.98
-52.688,-124.1,432.44
-64.394,-150.56,363.43
-46.665,-121.83,406.34
-51.638,-123.98,373.7
-13.756,-155.92,51.889
-46.257,-122.26,125.36
-53.664,-163.89,97.928
-40.363,-171.2,289.01
-15.117,-136.8,232.25
-26.032,-123.6,166.95
-32.862,-122.04,304.99
-52.806,-125.44,286.84
-58.645,-158.25,123.49
-61.606,-139.1,157.14
-23.335,-166.09,233.03
-61.035,-138.15,126.22
-53.491,-126.32,204.29
-65.671,-147.07,443.87
-55.696,-165.1,319.54
-61.498,-157.75,320.51
-53.346,-165.46,186.37
-29.693,-122.89,266.26
-58.209,-161.81,263.72
-63.178,-147.58,222.62
-20.976,-163.32,312.61
-12.145,-139.62,68.18
-56.359,-165.36,433.72
-63.658,-140.97,311.73
-60.829,-140.64,43.469
-62.444,-137.94,279.6
-31.013,-169.73,332.24
-36.179,-170.17,54.603
-49.406,-167.71,158.92
-12.728,-153.17,60.85
-60.514,-159.7,335.72
-20.919,-162.51,362.03
-61.858,-140.62,145.53
-22.678,-126.39,216.78
-54.826,-127.39,215.69
-12.668,-153.09,57.446
-21.659,-127.88,263.47
-49.962,-122.61,467.96
-44.115,-169.58,128.45
-17.013,-134.66,307.38
-46.758,-122.54,217.55
-21.151,-163.06,343.66
-64.15,-149.58,326.06
-62.522,-154.93,299.44
-39.967,-171.03,232.1
-25.116,-125.4,286.27
-55.33,-165.66,360.08
-25.706,-167.4,293.84
-36.031,-121.38,360.3
-12.499,-140.21,107.75
-59.473,-133.31,190.75
-63.137,-138.66,319.81
-38.906,-120.12,6.1484
-53.036,-125.85,237.45
-54.199,-163.41,99.193
-32.773,-169.95,64.804
-35.981,-170.39,99.612
-48.081,-123.01,274.21
-13.971,-143,271.23
-37.224,-120.22,60.094
-60.917,-147.11,22.952
-17.129,-134.28,299.63
-32.229,-170.29,296.96
-62.669,-146.89,174.67
-23.687,-164.36,437.36
-25.476,-124.71,238
-17.85,-161.62,103.49
-29.843,-121.38,96.591
-36.763,-170.75,404.14
-48.292,-169.61,374.8
-38.088,-170.59,137.44
-23.344,-123.84,56.116
-56.556,-165,410.7
-15.015,-139.24,293.6
-17.069,-131.49,166.15
-51.33,-124.57,277.06
-57.727,-129.26,323.56
-27.616,-122.38,120.68
-13.755,-152,203.73
-63.62,-150.59,292.23
-15.446,-155.64,254.86
-29.445,-123.46,404.28
-49.689,-167.34,139.84
-25.702,-125.8,422.59
-52.376,-164.9,91.724
-27.376,-123.15,185.82
-60.721,-134.22,273.1
-17.556,-159.71,254.11
-29.634,-123.36,402.78
-27.832,-167.55,423.72
-58.741,-156.34,55.756
-15.954,-152.21,397.27
-15.753,-136.64,278.34
-56.326,-126.22,466.76
-32.113,-170.22,191.31
-32.804,-170.24,340.82
-14.856,-140.87,317.05
-33.206,-170.44,325.76
-46.318,-122.25,64.573
-54.393,-162.98,84.199
-62.044,-140.44,167.98
-58.167,-132.13,116.03
-22.425,-164.32,345.65
-49.117,-122.61,406.7
-17.004,-152.94,471.52
-29.508,-168.47,419.34
-14.26,-141.55,276.11
-34.97,-170.45,401.16
-41.221,-121.28,325.77
-12.045,-144.92,116.15
-63.837,-148.75,288.86
-62.662,-146.77,173.63
-60.763,-154.78,154.64
-63.97,-143.04,307.85
-35.17,-170.25,468.56
-26.738,-122.08,52.595
-14.004,-140.5,235.78
-25.742,-167.77,162
-44.474,-121.52,48.494
-16.779,-138.75,446.12
-53.906,-126.67,199.2
-31.742,-122.38,312.12
-20.994,-164.32,193.69
-17.173,-160.71,111.7
-11.637,-149.38,47.43
-27.185,-124.38,325.18
-12.225,-136.74,8.4968
-63.613,-151.23,302.46
-46.603,-122.32,318.69
-63.097,-156.47,417.82
-15.05,-151.3,338.73
-61.963,-159.38,460.74
-60.479,-156.14,176.25
-15.058,-132.74,82.578
-56.469,-128.73,251.74
-19.001,-130.05,221.87
-16.359,-137.22,357.28
-44.279,-121.54,101.35
-62.304,-143.47,148.42
-11.47,-146.53,61.865
-59.664,-134.33,146.41
-56.318,-128.47,264.33
-19.118,-163.4,32.514
94.029,-76.969,143.22
61.106,-113.67,195.99
97.705,-118.08,229
58.16,-104.34,102.44
69.553,-123.21,466.53
103,-92.663,379.38
61.901,-85.832,2.7863
92.245,-75.427,76.061
56.45,-86.18,470.08
64.637,-118.91,282.66
58.839,-91.581,72.949
102.72,-93.208,406.99
88.491,-74.95,165.89
65.762,-79.127,306.39
57.527,-92.094,196.24
94.475,-120.73,9.1769
91.458,-122.12,163.24
73.948,-74.962,401.03
98.903,-117.46,133.92
104.84,-108.64,173.97
66.44,-77.693,400.4
83.488,-74.812,305.15
72.193,-123.14,281.88
100.35,-83.945,259.35
55.412,-90.006,406.54
62.352,-111.6,13.712
103.34,-92.616,356.97
71.251,-120.6,62.759
54.092,-106.57,436.42
68.735,-77.182,326.38
97.285,-82.429,373.48
56.288,-105.74,279.12
93.197,-119.63,419.52
105.42,-95.882,266.31
57.427,-113.31,422.61
59.601,-83.928,368.64
93.081,-75.867,84.163
98.286,-114.35,432.18
106.21,-104.97,156.06
101.26,-114.02,243.71
55.011,-95.254,337.86
103.34,-89.912,295.6
83.681,-73.404,40.612
66.61,-121.35,389.39
54.268,-92.696,420.63
82.896,-123.68,95.159
100.24,-111.21,433.36
91.055,-121.75,344.82
87.082,-122.95,418.24
95.312,-81.618,449.9
56.444,-99.072,200.83
57.62,-86.15,392.8
83.057,-124.1,409.92
57.161,-88.96,328.27
104.13,-101.95,361.85
92.804,-120.67,351.43
59.822,-106.24,12.482
100.78,-113.37,319.83
81.661,-124.26,446.19
56.299,-110,376.36
93.21,-75.113,2.068
66.118,-117.86,121.21
107.51,-101.96,83.416
58.323,-88.134,274.36
93.5,-80.302,472.34
63.842,-115.07,87.577
106.59,-91.922,101.97
96.797,-82.762,425.2
59.836,-90.402,6.6012
105.83,-106.89,137.2
75.523,-74.846,162.04
98.294,-117.77,185.49
72.349,-121.31,78.182
64.99,-118.96,265.32
72.251,-120.47,2.3767
104.07,-108.74,252.17
67.392,-119.94,203.64
105.55,-92.839,206.17
61.739,-115.43,244.16
59.722,-89.041,73.729
98.388,-81.39,236.29
71.063,-75.705,398.13
81.505,-74.641,318.38
64.134,-81.171,204.4
55.601,-110.38,433.53
84.474,-123.62,99.188
69.708,-77.423,9.9176
80.52,-124.44,410.57
105.5,-105.14,224.76
62.92,-81.757,281.34
105.3,-96.926,284.4
71.547,-76.27,235.74
105.6,-108.95,71.59
63.022,-117.52,286.37
66.25,-80.204,7.6571
78.43,-74.55,452.44
54.42,-97.291,357.04
96.836,-80.703,285.83
107.84,-98.411,73.169
55.653,-99.86,268.25
63.808,-79.721,373.29
82.8,-124.32,231.44
85.907,-75.95,465.28
93.128,-77.122,200.62
87.293,-123.15,372.14
59.306,-85.675,309.8
71.855,-121.2,90.466
59.912,-83.34,378.98
62.725,-116.76,256.9
79.854,-74.128,166.64
84.531,-74.934,293.95
85.909,-123.73,170.69
103.25,-94.399,390.83
59.406,-108.27,103.17
54.11,-102.25,378.85
70.537,-121.31,162.35
84.452,-123.65,452.7
93.382,-121.23,139.2
103.71,-112.28,78.134
53.767,-101.82,397.95
106.7,-98.258,176.24
87.621,-123.52,240.35
56.543,-102.09,206.33
100.5,-85.141,308.77
95.324,-118.78,355.82
83.19,-124.28,351.09
102.98,-84.87,127.61
63.011,-119.52,439.79
88.912,-123.13,254.56
54.464,-93.892,387.72
89.847,-122.46,18.863
73.905,-123.7,287.1
59.529,-107.82,79.855
101.45,-84.92,234.49
92.621,-78.645,384.56
52.861,-98.736,451.96
91.029,-77.928,413.04
79.538,-73.699,49.077
101.82,-115.07,42.408
60.446,-117.1,426.71
88.91,-122.36,393.74
73.108,-122.77,197.58
57.063,-86.574,411.98
69.13,-121.84,282.4
107.57,-100.15,93.706
103.13,-110.92,246.71
103.99,-111.27,121.45
86.168,-123.14,18.368
103.07,-108.95,322.16
102.11,-111.08,321.38
104.71,-99.888,333.35
77.957,-123.28,99.663
100.58,-79.808,0.90144
62.649,-80.16,410.99
79.201,-74.213,172.7
62.928,-119,401.82
60.154,-82.664,401.06
82.969,-74.707,290.97
105.1,-93.239,249.83
58.491,-89.581,188.36
108.03,-97.505,55.003
56.364,-99.72,208.36
97.398,-118.57,177.16
97.134,-118.09,291.33
101.67,-84.152,182.06
79.518,-124.5,415.63
55.648,-108.15,369.17
58.395,-108.41,185.27
106.25,-93.434,161.03
105.65,-104.42,224.96
102.64,-93.876,422.99
58.345,-94.095,63.294
61.808,-117.94,394.82
54.835,-94.455,357.51
58.94,-93.112,23.346
107.9,-97.655,66.994
94.97,-80.08,358.95
67.496,-78.527,180.92
100.86,-114.92,207.57
75.775,-74.658,419.71
60.07,-115.29,345.46
91.999,-121.89,199.66
77.134,-122.44,13.227
86.876,-123.34,363.86
53.177,-104.09,457.77
105.95,-87.826,33.871
77.964,-74.548,460.37
92.408,-75.033,27.576
67.313,-117.39,19.056
54.005,-104.88,413.39
67.057,-77.005,450.16
61.719,-84.818,104.99
79.824,-124.54,280.73
93.454,-119.86,382.34
59.606,-90.751,19.002
80.51,-74.599,319.47
61.907,-83.163,250.96
88.899,-74.197,58.884
53.498,-93.365,460.39
90.589,-122.33,67.421
64.706,-117.78,199.35
54.891,-99.677,321.83
54.878,-98.986,323.13
84.557,-74.215,168.86
62.643,-113.2,68.245
56.241,-105.09,271.14
97.046,-81.177,306.16
80.091,-123.65,111.3
77.944,-74.55,465.81
85.858,-74.944,248.67
64.375,-79.106,389.14
56.941,-113.6,467.26
81.474,-74.376,231.04
88.446,-74.227,76.644
60.785,-110.58,82.717
103.09,-113.88,5.0201
82.707,-123.45,50.275
59.848,-115.34,362.46
107.9,-97.721,67.126
75.437,-122.09,31.523
55.242,-104.91,335.82
66.746,-77.708,380.03
86.824,-123.5,153.06
54.59,-97.058,348.16
95.886,-78.678,189.85
107.98,-98.602,61.126
96.737,-80.75,295.48
100.02,-116.63,91.686
58.212,-109.12,221.08
58.22,-91.432,143.66
84.965,-124.14,276.05
59.522,-89.042,96.16
63.198,-115.57,157.49
52.68,-97.112,470.94
60.953,-84.697,220.08
104,-106.59,315.04
91.266,-121.08,402.15
59.654,-112.03,223.25
68.772,-78.031,24.923
66.063,-80.137,52.611
55.007,-102.91,328.51
81.61,-124.29,430.4
99.399,-116.42,229.59
103.85,-87.291,169.32
56.149,-104.93,275.17
99.642,-84.493,333.45
79.835,-73.858,102.04
104.73,-111.22,32.134
102.44,-87.367,272.81
65.531,-80.237,131.17
59.659,-87.64,156.43
95.063,-76.415,42.838
53.913,-95.654,401.16
61.659,-86.134,11.595
62.862,-83.574,69.524
79.561,-74.341,210.92
103,-93.454,392.82
101.29,-83.01,147.47
59.995,-87.355,133.32
86.997,-75.553,307.03
76.498,-74.766,341.37
72.475,-123.8,412.06
69.906,-77.265,22.919
57.798,-84.229,471.5
104.31,-111.9,32.01
65.345,-79.323,316.16
60.611,-84.76,254.36
105.24,-95.359,273.16
67.687,-119.14,125.41
97.257,-118.56,207.96
56.801,-111.83,404.51
93.424,-78.869,352.73
63.748,-82.488,65.737
107.82,-94.736,50.495
102.98,-109.27,319.88
58.53,-106.17,112.46
101.09,-82.78,147.68
96.715,-79.572,211.13
84.449,-73.803,104.84
93.295,-77.741,248.95
106.64,-101.34,173.97
71.723,-123.69,431.43
101.12,-90.528,455.47
66.582,-119.49,213.01
61.464,-84.624,157.95
93.886,-79.41,373.46
59.283,-84.741,351.14
68.078,-77.522,326.09
64.164,-119.64,375.25
70.259,-77.006,43.831
79.672,-73.9,108.25
58.088,-88.46,280.25
83.68,-123.42,45.825
92.761,-76.066,118.12
61.979,-85.2,39.603
103.86,-112.42,45.957
84.016,-74.986,349.26
76.445,-74.369,59.942
73.085,-124.14,468.42
102.42,-102.22,471.13
107.9,-102.26,41.405
57.124,-112.67,415.59
59.696,-85.565,286.47
58.597,-105.01,80.267
67.619,-120.64,249.15
91.2,-122.22,163.17
101.98,-113.89,160.88
64.42,-79.96,321.44
60.979,-81.183,445.24
102.94,-91.627,362.91
107.87,-93.496,28.536
88.468,-123.13,312.27
89.813,-76.19,260.44
61.931,-83.686,191.1
71.495,-123.07,308.9
54.941,-93.917,358.2
74.251,-123.25,210.24
74.043,-123.34,229.13
93.697,-77.323,190.88
54.648,-99.805,337.02
103.21,-90.001,306.72
91.857,-77.227,274.84
54.507,-103.62,365.84
104.24,-93.183,309.87
98.107,-79.36,116.33
99.747,-115.73,261.73
72.144,-75.989,20.153
100.89,-116.03,46.792
85.344,-73.535,47.893
81.519,-73.523,55.917
102,-84.048,154.22
100.95,-109.6,437.69
106.48,-93.141,136.7
63.174,-113.22,33.537
53.769,-99.564,391.06
104.56,-99.629,342.69
104.99,-96.601,304.03
100.02,-82.474,199.58
56.108,-137.54,316.84
93.64,-106.13,294.43
87.823,-95.54,61.117
71.821,-91.755,122.89
50.518,-128.28,172.1
57.312,-139.21,409.04
89.705,-99.334,223.49
92.454,-125.45,460.67
52.975,-103.53,13.646
58.316,-135.03,4.47
62.967,-140.98,289.69
82.766,-139.91,190.05
63.034,-93.194,431.24
81.158,-94.434,290.3
79.705,-141.08,221.42
63.662,-93.211,384.65
85.66,-136.24,431.79
85.147,-138.37,286.59
74.016,-92.745,381.72
48.209,-124.33,228.31
74.169,-141.14,12.618
97.183,-123.83,136.9
50.075,-126.85,154.63
92.176,-107.92,442.01
97.515,-116.78,199.17
78.708,-141.33,199.05
45.763,-115.18,339.44
78.377,-141.5,256.09
94.472,-131.31,8.4097
51.406,-101.58,336.6
48.863,-132.64,464.87
94.163,-128.13,278.99
52.115,-129.79,117.8
85.102,-136.46,452.95
45.823,-116.23,331.22
83.234,-138.76,367.64
93.053,-132.3,99.384
49.378,-103.91,355.13
69.867,-92.455,261.36
88.938,-101.36,394.83
49.767,-112.58,17.811
94.19,-122.77,394.44
63.33,-138.42,7.0667
49.699,-131.46,355.14
98.627,-122.27,30.883
49.067,-111.84,98.695
93.946,-115.41,443.78
87.47,-136.64,288.09
87.785,-96.682,152.36
50.294,-105.91,183.37
82.688,-95.603,346.72
49.139,-115.91,51.333
63.657,-140.59,210.65
97.075,-126.93,17.713
47.378,-120.26,227.5
84.255,-96.633,355.39
97.881,-117.59,165.13
71.267,-141.13,43.861
81.495,-140.45,223.35
93.306,-127.41,356.64
56.075,-99.349,8.8062
98.954,-117.67,65.081
92.32,-126.11,453.86
92.761,-105.8,340.48
97.694,-121.04,150.73
92.495,-102.14,202.05
72.711,-92.725,453.16
94.873,-129.07,148.57
51.057,-99.672,468.7
76.653,-141.91,268.32
84.017,-137.44,442.7
59.082,-94.732,405.02
48.296,-127.24,297.65
93.61,-102.36,137.39
47.29,-114.71,230.65
48.657,-120.43,120.16
46.836,-117.68,257.85
95.431,-122.18,326.24
49.696,-118.21,8.5637
95.395,-108.86,254.15
57.339,-134.68,39.257
58.514,-96.926,25.576
72.085,-92.406,268.35
97.295,-107.17,59.074
56.312,-133.78,45.883
84.678,-137.45,396.86
94.223,-112.27,395.51
47.319,-110.39,298.17
96.435,-125.28,167.26
50.16,-126.33,131.44
85.967,-95.504,155.16
67.981,-92.477,392.45
98.26,-123.04,47.732
61.657,-94.604,137.95
69.837,-141.58,140.86
61.166,-140.71,362.09
80.323,-140.76,301.98
59.29,-96.006,136.8
49.947,-131.24,329.8
67.032,-92.5,451.44
44.974,-125.34,465.73
68.161,-92.655,308.78
50.849,-134.13,416.19
53.535,-101.18,156.25
60.485,-95.264,129.35
97.333,-106.06,20.874
47.456,-114.77,214.88
59.071,-137.38,134.13
50.536,-134.32,447.47
59.401,-137.43,120.68
90.905,-101.05,249.72
73.624,-91.562,94.704
71.108,-91.409,18.92
60.416,-140.2,328.09
59.971,-136.28,0.13685
46.233,-122.38,334.02
77.178,-92.713,222.82
65.391,-140.6,144.57
49.658,-119.78,27.145
52.222,-134.31,337.03
90.696,-130.57,416.17
90.242,-104.85,469.45
48.137,-121.62,181.43
75.875,-141.37,72.047
71.265,-92.486,420.76
48.149,-121.95,185.75
93.465,-101.19,88.869
49.346,-132.13,408.4
46.866,-110.35,328.98
89.127,-136.23,86.118
96.49,-125.47,153.51
64.153,-140.89,224.71
76.482,-141.65,362.06
56.407,-97.348,302.21
49.801,-101.38,447.14
65.493,-142.19,449.63
87.944,-133.54,457.4
95.602,-108.69,234
90.738,-134.8,98.724
48.224,-120.11,153.5
88.151,-101.42,449.04
93.592,-132.32,18.803
54.748,-137.21,378.73
43.732,-117.09,463.29
59.431,-140.2,398.75
79.967,-93.127,185.56
49.543,-119.49,33.527
52.766,-100.26,324.79
96.731,-110.36,187.83
64.914,-92.742,456.01
65.058,-93.142,136.15
57.77,-136.1,111.05
64.129,-140.26,155.61
78.517,-141.44,232.98
96.803,-126.27,82.556
92.462,-129.75,337.89
89.661,-132.76,384.66
82.781,-96.239,413
50.111,-124.48,81.486
51.152,-128.64,139.48
61.669,-138.07,56.566
97.543,-108.5,77.548
49.497,-108.44,151.38
57.152,-95.524,430.73
44.017,-117.25,444.19
69.635,-91.868,88.622
85.818,-96.185,219.65
61.891,-138.72,104.09
93.348,-104.9,268.89
68.502,-142.33,306.95
92.518,-101.64,175.09
96.7,-121.82,234.62
70.051,-91.876,109.12
51.916,-105.09,39.011
63.183,-93.514,354.29
90.501,-96.848,10.252
44.585,-117.44,406.27
45.925,-110.25,387.44
93.971,-131.63,44.185
45.862,-114.88,335.21
77.549,-140.94,4.4733
66.397,-92.971,262.05
78.96,-93.756,313.75
90.013,-135.69,40.987
54.739,-136.06,288.29
61.322,-138.38,101.33
55.934,-99.461,14.765
52.185,-134.05,324.18
63.36,-140.17,178.28
97.695,-107.28,31.796
93.448,-100.94,76.803
89.58,-135.83,95.897
81.007,-140.64,229.69
77.867,-91.64,54.093
83.831,-137.72,429.34
95.918,-109.75,237.64
76.752,-93.321,373.07
52.428,-134.77,351.82
97.68,-119.66,170.91
67.481,-142.21,308.29
51.038,-132.33,308.42
49.752,-112.88,15.129
45.31,-114.82,368.87
56.874,-95.771,419.33
74.927,-141.69,451.38
77.033,-141.3,84.969
51.807,-105.46,30.514
80.706,-140.56,311.67
75.006,-141.51,90.994
94.037,-109.1,351.13
51.441,-102.55,282.1
50.607,-132.18,329.23
74.459,-91.26,35.122
64.192,-93.381,327.23
91.958,-132.23,255.71
78.427,-93.9,383.83
45.354,-114.57,367.8
73.251,-141.11,12.435
84.19,-93.582,64.43
47.225,-116.51,225.81
76.152,-91.447,55.371
59.741,-95.124,322.37
53.232,-131.58,123.99
66.516,-92.567,73.444
77.133,-91.235,5.566
98.296,-118.38,122.72
96.919,-115.64,246.52
47.436,-105.06,434.25
60.56,-94.58,341.29
87.458,-97.218,210.79
61.851,-140.23,251.71
81.773,-140.32,181.03
98.621,-118.34,92.38
91.197,-128.6,457.01
63.527,-93.273,379.02
66.614,-92.719,160.41
83.316,-139.66,186.71
56.061,-135.45,167.04
53.857,-133.59,190.23
47.313,-104.88,449.74
83.772,-94.45,167.7
85.652,-94.449,78.686
78.218,-140.99,45.056
76.902,-141.07,20.178
72.257,-141.79,140.83
48.159,-112.98,169.42
50.22,-108.86,57.588
86.294,-138,180.78
81.882,-140.23,144.82
92.865,-106.4,353.38
70.318,-92.447,270.64
70.338,-92.468,338.18
93.886,-100.09,2.514
59.286,-138.66,227.6
79.472,-91.842,41.269
78.37,-93.53,306.1
82.122,-140.09,279.45
53.463,-102.52,30.647
59.062,-140.3,435.74
79.02,-140.93,352.53
88.958,-97.313,132.52
92.311,-101.91,202.85
91,-132.73,305.66
94.855,-103.68,110.85
47.898,-124.91,265.1
87.526,-135.06,391.14
44.033,-119.46,448.6
53.599,-134.33,249.29
55.867,-135.25,165.87
57.998,-97.168,70.605
78.126,-141.13,84.72
86.131,-138.11,179.63
97.354,-111.03,151.14
92.464,-104.57,314.91
89.138,-133.91,359.46
77.722,-93.464,334.72
70.379,-91.737,83.231
50.285,-105.83,189.53
98.159,-108.56,30.684
94.205,-111.62,387.27
63.356,-93.861,235.11
75.622,-93.195,417.72
89.174,-98.89,227.4
59.939,-95.617,118.65
67.653,-142.38,439.73
90.775,-130.82,400.54
57.1,-96.773,310.91
50.431,-133.55,410.08
54.324,-136.42,341.92
48.363,-103.29,446.55
75.593,-142.02,327.66
82.57,-93.496,125.56
87.774,-97.848,239.08
75.619,-91.616,90.805
65.189,-93.065,113.63
83.718,-139.46,192.89
88.658,-134.52,355.5
47.264,-115,230.45
51.124,-127.16,86.264
94.106,-108.22,326.02
50.791,-134.08,417.14
43.767,-115.35,466.52
77.39,-140.99,441.89
52.222,-133.36,283.84
45.143,-114.27,383.16
47.22,-121.74,257.8
84.987,-94.023,70.952
83.896,-138.94,313.7
47.778,-112.24,220.16
92.227,-133.12,120.54
74.562,-93.139,467.4
52.318,-103.76,78.299
92.202,-108.81,463.26
94.822,-101.53,14.449
78.73,-141.22,324.2
93.117,-129.98,285.01
47.178,-115,238.04
94.827,-110.28,325.76
89.234,-136.23,62.784
94.709,-117.85,398.31
97.814,-108.39,53.416
90.502,-135.01,100.04
63.322,-141.49,374.51
81.515,-140.36,139.74
83.841,-96.537,373.84
52.344,-104.74,9.8972
54.947,-98.601,294.09
46.809,-114.6,272.37
49.706,-113.99,8.0869
46.258,-125.84,392.78
87.763,-136.61,262.45
83.984,-138.8,322.64
66.117,-92.986,221.98
46.905,-113.38,278.14
81.874,-94.67,280.61
44.422,-123.04,459.55
99.569,-116.38,12.4
44.477,-121.57,436.56
56.214,-158.77,185.01
72.51,-157.29,407.62
90.337,-133.09,36.062
75.235,-157.12,180.96
50.47,-155.67,148.37
85.674,-139.14,385.05
41.444,-147.53,234.32
69.223,-109.29,12.171
68.59,-110.41,186.64
85.611,-145.49,265.9
68.053,-159.15,74.029
44.708,-150.04,125.06
85.762,-124.6,239.39
49.864,-154.25,71.042
38.825,-142.3,263.19
48.912,-114.63,234.55
73.715,-157.73,55.438
81.249,-118.02,241.89
82.577,-120.45,288.04
82.526,-124.45,448.45
82.717,-145.32,462.1
80.464,-117.1,233.7
44.685,-149.77,112.54
82.994,-149.35,303.33
44.914,-152.96,278.17
86.198,-137.65,364.19
46.506,-117.65,46.795
77.031,-156.11,170.22
83.604,-122.84,323.68
59.632,-110.48,265.87
43.938,-146.97,32.86
89.479,-139.6,64.096
87.76,-141.3,199.2
44.065,-119.45,188.51
51.029,-154.57,30.371
43.53,-147.15,69.183
40.75,-129.79,35.029
87.535,-145.78,30.877
82.67,-125.16,460.61
80.876,-153.68,56.231
84.673,-136.69,468.21
52.094,-112.41,322.03
89.427,-127.43,37.03
48.36,-154.12,147.02
89.687,-134.23,96.806
39.94,-120.11,463.51
42.425,-144.13,36.804
59.194,-110.11,109.75
66.429,-159.33,81.27
52.307,-112.89,1.9012
88.527,-138.83,174.2
48.004,-157.43,469.7
38.012,-134.55,248.25
63.36,-159.68,141.68
82.053,-121.14,354.35
37.732,-141.84,329.19
60.693,-160.31,358.79
83.232,-126.05,448.22
52.524,-111.77,385.35
40.324,-129.89,75.327
77.282,-113.01,109.59
54.752,-111.36,336.48
74.089,-112.47,214.33
48.184,-115.34,185.54
88.431,-130.01,168.88
47.783,-115.06,295.42
82.445,-119.31,238.23
38.312,-130.88,254.4
84.707,-125.79,346.35
54.57,-159.52,398.9
89.314,-130.25,98.275
48.472,-154.22,147.62
50.392,-113.82,156.67
72.147,-112.37,300.2
46.205,-117.13,177.63
83.16,-149.64,274.33
69.124,-159.03,86.999
85.662,-145.12,275.36
48.141,-115.15,241.75
38.257,-133.55,231.16
41.727,-146.38,168.62
78.469,-118.44,447.3
78.311,-155.4,107.73
74.594,-157.43,204.26
49.427,-157.23,353.43
58.614,-110.45,369.55
46.297,-116.87,207.51
50.301,-156.86,258.04
87.312,-140.62,257.52
40.248,-127.32,148.02
35.099,-137.34,447.57
50.219,-113.96,146.3
75.36,-157.07,132.71
72.881,-157.78,332.14
41.702,-147.25,204.26
50.784,-157.64,313.36
86.693,-126.87,239.01
47.078,-115.84,265.02
53.605,-157.16,124.46
83.515,-144.07,442.48
50.276,-113.84,189.74
47.807,-116.52,7.7355
45.115,-115.25,446.6
42.189,-146.87,154.11
49.827,-158.2,455.61
42.475,-151.95,374.97
61.809,-110.31,267
44.16,-152.05,270.98
62.018,-159.64,147.29
79.559,-154.41,144.11
51.011,-155.69,121.51
40.166,-138.72,87.068
76.879,-153.66,455.91
43.073,-117.86,383.97
73.395,-111.12,107.15
89.65,-135.77,97.126
52.191,-112.76,147.84
59.238,-159.83,231.07
40.139,-138.6,87.649
88.306,-138.33,203.03
39.261,-128.36,219.72
79.852,-116.95,262.06
82.749,-118.11,151.47
85.757,-135.29,398.76
85.315,-133.44,423.28
37.402,-141.59,345.67
68.441,-109.35,37.501
71.7,-112.11,289.46
75.872,-156.82,84.902
51.34,-113.37,73.073
88.619,-138.34,172.35
42.468,-153.15,449.41
53.175,-158.85,340.99
72.82,-110.05,7.9089
36.516,-127.52,430.49
71.47,-112.93,428.41
41.025,-123.38,244.2
66.353,-159.94,332.85
84.733,-137.67,459.42
84.987,-123.75,264.74
40.553,-144.7,197.27
40.259,-128.84,103.73
55.869,-159.67,343.35
59.046,-110.44,210.82
47.173,-115.83,255.8
76.606,-115.68,375.8
52.295,-159.17,463.26
41.118,-122.55,279.2
85.896,-146.86,159.41
88.589,-136.57,192.61
37.266,-129.06,354.22
40.244,-122.74,332.52
60.187,-159.94,226.02
83.298,-117.59,86.375
63.942,-159.97,194.69
75.317,-113.9,289.93
70.859,-112.38,391.52
49.314,-153.31,34.57
47.193,-156.53,422.42
47.941,-152.71,76.319
43.052,-147.26,108.18
46.566,-115.19,359.25
49.859,-112.32,471.78
61.227,-110.34,269.83
77.348,-117.35,451.41
89.226,-140.29,73.549
79.225,-152.89,356.72
48.287,-115.31,168.76
82.075,-149.94,336.14
64.206,-160.04,209.76
60.212,-109.63,15.267
62.436,-160.36,300.81
37.195,-136.03,309.24
62.427,-159.22,73.88
78.366,-115.91,279.5
40.694,-147.21,274.1
81.857,-151.27,279.98
77.183,-153.68,433.7
50.546,-154.49,51.303
40.791,-140.86,74.662
39.205,-129.81,189.59
70.077,-111.91,364.21
77.226,-115.68,334.21
70.217,-111.05,218.72
45.494,-150.2,81.678
84.764,-121.28,178.6
43.38,-151.85,310.03
80.051,-116.5,219.57
73.812,-157.73,262.26
65.558,-159.79,413.8
89.097,-139.27,109.34
36.888,-126.35,433.42
45.328,-154.55,364.63
40.191,-120.89,407.31
37.956,-125.93,374.69
89.372,-127.97,53.175
42.416,-122.64,126.34
63.657,-159.45,99.255
77.435,-155.36,290.4
74.997,-113.13,233.37
58.529,-110.42,167.95
51.492,-112.79,305.98
38.501,-128.32,287.84
56.07,-158.19,124.76
41.293,-145.21,158.26
87.518,-140.84,234.39
41.304,-144.31,127.33
39.024,-129.93,205.3
41.636,-152.22,445.04
61.589,-160.36,320.86
52.417,-158.46,321.77
64.398,-159.93,187.71
54.687,-111.63,267.25
57.875,-159.79,265.02
45.163,-152.33,223.8
87.083,-136.72,313.94
80.038,-114.36,69.331
60.585,-160.3,435.05
40.025,-147.04,312.85
43.541,-146.58,44.6
39.193,-144.13,280.7
83.398,-147.96,333.63
81.343,-153.29,55.995
69.022,-159.28,160.28
88.346,-125.16,62.114
54.336,-159.23,337
86.317,-135.77,363.35
42.149,-146.61,146.65
62.6,-110.1,217.81
38.623,-131.54,216.71
88.357,-125.07,58.709
64.071,-110.31,264.51
37.81,-123.24,468.93
74.449,-157.49,129.83
71.727,-112.25,308.48
41.678,-122.63,218.53
86.6,-136.45,344.99
45.103,-153.87,327.25
49.943,-157.08,300.68
77.962,-155.32,233.49
59.695,-110.5,287.29
61.993,-160.31,361.41
86.195,-143.01,295.2
48.319,-113.99,361.28
79.916,-114.8,108.91
39.01,-139.2,191.81
38.892,-144.89,320.92
47.365,-116.99,7.1237
38.877,-129.07,238.46
62.93,-159.42,100.52
83.749,-150.87,66.195
81.372,-153.06,101
40.634,-123.49,275.19
79.632,-116.9,272.4
48.4,-115.66,61.07
47.753,-151.71,24.138
71.442,-112.08,300.72
83.036,-149.39,298.35
45.384,-151.76,175.85
84.948,-138.51,438.7
59.253,-110.48,239.01
89.6,-134.66,104.82
54.594,-111.59,97.58
79.236,-152.02,405.53
69.842,-158.73,376.17
79.667,-154.34,138.83
61.388,-109.54,57.13
60.339,-160.3,412.02
76.284,-114.56,294.74
70.467,-110.7,167.22
39.135,-126.77,278.05
36.977,-134.19,324.58
56.8,-110.78,121.68
85.974,-124.06,204.98
46.353,-154.5,293.44
86.723,-127.63,256.13
54.442,-111.08,405.27
68.673,-159.29,141.2
58.707,-110.36,423.61
65.327,-159.44,93.06
57.097,-110.82,186.82
38.164,-140.22,274.17
87.722,-132.11,255.42
54.244,-111.14,403.78
83.903,-143.7,425.09
55.16,-157.19,57.019
83.3,-124.48,398.51
74.139,-113.14,279.46
35.263,-130.1,467.76
83.691,-149.89,192.7
82.307,-149.46,342.21
77.317,-115.56,318.2
82.212,-149.96,327.15
42.714,-123.03,65.56
62.59,-159.3,85.518
41.76,-146.46,169.1
39.687,-137.91,117.09
86.425,-138.22,346.99
38.813,-123.06,407.68
82.529,-125.26,472.77
83.24,-145.52,420.71
78.447,-115.95,277.27
80.429,-150.65,402.54
44.476,-117.45,326.74
83.242,-118.06,117.35
45.026,-153.26,290.05
45.323,-151.67,174.81
52.032,-156.7,155.89
41.139,-148.85,308.99
79.758,-150.22,469.94
57.674,-110.39,53.592
78.206,-115.22,236.93
87.17,-144.1,163.37
43.753,-121.39,49.476
73.733,-114.41,447.24
38.964,-130.5,200.21
52.526,-112.28,313.11
88.404,-138.21,195.03
89.488,-133.48,113.02
86.821,-121.63,48.663
57.226,-110.81,326.19
78.471,-112.56,9.6265
46.707,-154.93,303.67
41.062,-121.75,319.67
49.805,-157.92,419.06
83.749,-123.55,339.97
52.294,-159.17,462.01
52.998,-157.43,177.51
73.3,-110.87,83.67
38.016,-133.4,252.77
67.739,-110.51,222.93
73.588,-113.5,358.4
43.605,-120.96,102.33
43.618,-149.06,149.57
85.035,-119.26,63.074
39.777,-140.37,147.49
37.893,-133.03,265.36
90.188,-137.27,33.86
120.67,2.3315,143.91
118.73,-46.628,196.96
149.41,-26.283,230.03
111.02,-41.935,103.34
129.76,-46.887,467.58
136.26,-2.5132,380.2
102.57,-25.948,3.5378
118.7,1.9649,76.742
95.903,-26.923,470.81
124.3,-47.853,283.67
103.51,-31.9,73.744
136.23,-2.9457,407.81
115,0.4543,166.56
99.455,-16.514,307.07
102.12,-32.399,197.04
149.92,-31.706,10.238
147.6,-33.785,164.31
102.5,-7.4956,401.68
150.48,-25.608,134.96
149.13,-14.794,174.93
98.506,-14.417,401.07
110.27,-1.8222,305.82
132.81,-46.244,282.93
129.32,1.7451,260.1
97.936,-30.902,407.31
119.41,-45.331,14.678
136.62,-2.3898,357.79
131.73,-46.216,63.803
107.4,-44.263,437.33
100.37,-12.993,327.06
125.34,1.6193,374.21
109.46,-43.153,280.03
145.85,-29.23,420.56
140.83,-4.1016,267.16
114.36,-47.359,423.57
97.459,-23.78,369.36
119.58,2.2136,84.848
146.28,-21.836,433.18
147.93,-11.212,157
149.44,-20.805,244.71
101.4,-35.59,338.68
135.24,-0.68493,296.4
111.05,-2.2019,41.272
126.76,-47.82,390.43
98.707,-33.613,421.42
142.44,-40.891,96.235
145.75,-18.173,434.33
146,-32.68,345.88
143.31,-35.714,419.3
122.86,1.4296,450.63
105.75,-38.414,201.68
97.229,-26.61,393.54
141.01,-39.23,410.99
99.059,-29.444,329.03
143.19,-9.0056,362.75
146.61,-30.689,352.48
114.04,-42.86,13.402
148.22,-20.157,320.83
139.83,-40.034,447.26
111.64,-45.829,377.29
119.67,2.3828,2.7493
125.7,-47.062,122.22
147.41,-8.5079,84.327
99.731,-28.387,275.12
120.5,1.407,473.04
122.36,-46.592,88.57
140.14,-1.2972,102.8
124.88,1.3598,425.93
103.9,-30.753,7.3892
148.98,-13.039,138.15
105.02,-7.8239,162.7
149.92,-25.931,186.52
132.94,-45.958,79.232
124.71,-47.772,266.34
132.77,-45.833,3.4226
148.15,-14.898,253.12
127.53,-47.347,204.67
139.33,-2.0433,207
120.07,-47.282,245.15
102.55,-29.382,74.504
126.31,2.3036,237.02
100.78,-9.9369,398.79
108.56,-2.8864,319.04
100.11,-19.736,205.1
111.02,-46.229,434.47
143.59,-39.813,100.26
103.11,-14.445,10.604
139.28,-41.116,411.64
147.09,-11.387,225.69
99.113,-20.505,282.04
141.31,-4.865,285.26
102.46,-11.03,236.41
150.5,-15.155,72.558
122.15,-47.808,287.38
102.26,-18.812,8.3642
105.37,-3.992,453.1
102.15,-37.416,357.87
124.39,2.1289,286.55
145.44,-5.633,74.051
105.26,-39.122,269.1
97.951,-17.824,373.98
141.99,-40.629,232.52
111.92,-0.18159,465.94
119.75,1.9786,201.31
143.86,-36.002,373.21
98.698,-25.66,310.54
132.42,-46.121,91.515
97.259,-23.067,379.7
121.6,-47.588,257.9
107.85,-4.4623,167.3
111.21,-1.3124,294.61
144.34,-38.543,171.77
137.5,-3.6145,391.67
114.5,-44.137,104.1
104.97,-41.281,379.72
131.06,-46.625,163.39
141.54,-37.735,453.77
148.64,-32.01,140.26
151.16,-18.889,79.128
104.32,-41.06,398.81
143.87,-5.6336,177.12
145.12,-36.866,241.42
107.73,-40.628,207.21
129.92,1.2193,309.53
147.3,-27.593,356.86
141.56,-39.63,352.16
132.69,1.9365,128.38
122.53,-48.428,440.81
145.77,-35.649,255.63
99.817,-34.599,388.52
147.43,-35.945,19.936
134.46,-45.543,288.16
114.44,-43.853,80.785
130.94,1.5594,235.25
119.27,1.5868,385.26
101.33,-38.957,452.8
117.42,1.2831,413.72
108.01,-5.0405,49.736
151.72,-22.447,43.426
119.09,-48.304,427.7
144.46,-34.229,394.8
133.76,-45.875,198.64
96.963,-27.178,412.72
129.62,-47.209,283.45
146.24,-7.0189,94.601
148.86,-17.206,247.69
150.47,-17.667,122.44
145.05,-38.837,19.444
147.12,-15.289,323.12
147.75,-17.542,322.35
142.48,-7.2219,334.23
138.37,-43.732,100.73
128.34,3.5159,1.6264
97.127,-18.68,411.68
107.37,-4.9113,173.36
122.35,-48.308,402.84
96.882,-22.262,401.77
109.89,-2.1607,291.63
138.99,-2.3785,250.66
101.29,-29.902,189.13
145.11,-4.9305,55.878
106.06,-38.916,209.22
149.79,-27.166,178.2
148.62,-26.291,292.36
130.91,1.9721,182.82
138.52,-41.776,416.7
110,-44.872,370.09
113.34,-44.409,186.2
140.51,-2.3191,161.87
146.75,-10.739,225.88
136.51,-3.4123,423.81
104.81,-34.202,64.11
120.86,-48.261,395.83
100.64,-34.974,358.32
104.86,-33.305,24.156
145.03,-5.0568,67.87
122.14,1.8443,359.66
101.13,-15.69,181.61
149.92,-21.972,208.58
103.59,-5.9766,420.36
118.11,-47.641,346.44
147.66,-33.048,200.72
137.71,-44.136,14.292
143.71,-36.468,364.92
104.98,-42.817,458.65
137.42,1.0229,34.665
104.96,-4.242,461.02
118.86,2.0815,28.256
126.91,-46.55,20.073
106.38,-43.156,414.28
98.248,-13.196,450.83
101.19,-24.676,105.73
139.57,-42.418,281.8
146.41,-29.466,383.38
103.88,-31.094,19.792
107.77,-3.4877,320.13
99.417,-22.415,251.68
115.45,0.65332,59.553
98.316,-34.382,461.18
147.63,-35.078,68.491
124.11,-47.441,200.36
104.24,-39.151,322.68
103.78,-38.623,323.97
111.5,-1.4928,169.52
120.35,-46.043,69.222
109.05,-42.734,272.04
124.74,2.0224,306.88
140.18,-42.579,112.38
104.92,-4.2239,466.46
112.5,-0.73814,249.34
97.898,-16.895,389.82
113.92,-47.63,468.22
108.88,-3.2262,231.7
115.02,0.44591,77.312
117.16,-45.145,83.671
152.14,-20.951,6.0298
142.41,-41.105,51.35
117.87,-47.72,363.44
145.08,-5.1061,68.002
136.07,-44.847,32.583
107.8,-42.852,336.72
98.869,-14.354,380.7
145,-37.887,154.14
102.18,-37.181,348.99
122.92,2.4952,190.56
145.74,-5.7654,62.01
124.29,2.0867,296.2
151.05,-24.51,92.714
113.44,-44.85,222.02
102.53,-31.761,144.45
143.28,-38.838,277.13
102.27,-29.377,96.934
121.78,-46.973,158.48
100.04,-37.715,471.77
99.853,-24.388,220.82
146.35,-12.92,315.98
145.4,-31.683,403.19
116.41,-46.144,224.21
102.69,-15.424,25.613
101.81,-18.612,53.316
106.37,-41.514,329.39
139.9,-40.186,431.47
149.64,-23.924,230.61
134.67,0.89096,170.1
108.85,-42.643,276.06
128.7,1.3141,334.2
108.04,-4.6539,102.7
151.53,-17.695,33.122
133.04,0.54708,273.59
101.01,-18.561,131.87
101.12,-27.855,157.19
121.69,2.8202,43.53
100.45,-36.224,401.97
102.53,-26.282,12.349
101.47,-23.201,70.255
107.5,-4.5492,211.58
136.69,-3.0378,393.65
130.09,2.3966,148.22
101.33,-27.559,134.07
113.42,-0.12332,307.7
104.67,-6.0634,342.03
132.7,-45.788,413.12
103.08,-14.119,23.603
95.673,-24.554,472.21
151.65,-18.484,33.003
99.205,-16.873,316.85
99.432,-24.451,255.1
140.33,-3.772,274.01
127.7,-47.013,126.44
149.5,-27.069,209
113.04,-46.74,405.46
120.21,1.7411,353.43
101.47,-21.822,66.46
143.19,-2.97,51.346
147.26,-15.6,320.84
112.42,-43.039,113.38
129.79,2.4482,148.42
124.01,2.4705,211.85
111.52,-1.6304,105.5
119.99,1.9015,249.64
145.82,-8.0513,174.88
131.94,-46.072,432.49
133,-1.6303,456.27
126.57,-47.467,214.04
100.56,-24.375,158.68
120.79,1.7468,374.17
97.839,-24.711,351.87
100.08,-13.678,326.77
123.87,-48.164,376.27
103.06,-13.569,44.513
107.9,-4.7542,108.91
99.726,-28.752,281.01
143.16,-40.487,46.901
119.26,2.0582,118.81
102.01,-25.193,40.348
151.55,-19.084,46.954
110.53,-1.352,349.92
106.01,-7.4766,60.605
133.05,-45.317,469.48
141.43,-9.6605,472.02
148.14,-8.7338,42.32
113.76,-47.105,416.55
99.061,-25.464,287.2
111.91,-42.296,81.173
127.89,-47.462,250.18
147.47,-34.032,164.23
150.39,-20.741,161.88
98.874,-17.924,322.13
96.305,-20.333,445.93
135.64,-1.856,363.72
142.56,-2.1211,29.378
145.1,-35.591,313.34
116.26,0.92034,261.12
100.12,-23.158,191.83
132.07,-46.473,309.96
100.37,-34.489,359
134.88,-45.433,211.3
134.67,-45.523,230.19
120.37,2.1326,191.57
104.05,-39.314,337.87
135.13,-0.76944,307.52
118.41,1.525,275.52
106.23,-42.158,366.72
137.95,-2.5264,310.7
125.49,2.96,117.05
149.28,-22.977,262.75
103.99,-11.72,20.829
151.59,-23.762,47.817
112.36,-1.1898,48.555
109.38,-3.5915,56.576
131.27,2.1007,154.98
145.23,-16.455,438.65
140.64,-2.0949,137.54
120.97,-45.929,34.516
102.91,-39.372,391.9
142.14,-7.0643,343.57
140.75,-4.7023,304.89
128.47,2.304,200.32
129.55,-67.407,318.01
138.24,-19.354,295.36
128.33,-16.375,61.963
113.28,-23.391,123.69
120.15,-64.771,173.19
131,-67.36,410.22
131.27,-17.1,224.36
148.78,-33.919,461.75
107.04,-45.177,14.539
131.44,-65.929,5.6284
137.17,-65.795,290.9
152.22,-52.841,191.26
105.68,-28.296,432.04
121.18,-18.44,291.12
150.45,-55.523,222.64
106.44,-28.184,385.45
150.68,-46.725,432.96
152.5,-49.557,287.78
114.09,-21.19,382.53
115.51,-62.89,229.36
147.46,-60.375,13.837
153.24,-31.575,137.98
118.99,-64.06,155.71
137.41,-20.781,442.94
148.6,-25.588,200.19
149.97,-56.484,200.27
107.12,-56.792,340.42
149.5,-56.485,257.31
156.72,-39.818,9.559
102.71,-42.759,337.46
119.98,-67.423,465.99
152.87,-35.96,280.11
122.66,-65.225,118.9
150.27,-47.127,454.12
107.89,-57.607,332.2
150.81,-50.599,368.84
155.74,-40.942,100.54
102.55,-45.741,356.01
111.43,-24.355,262.16
130.99,-18.124,395.71
110.38,-54.145,18.777
148.77,-31.15,395.51
137.44,-65.29,8.2563
120.5,-66.636,356.25
153.96,-30.084,31.959
108.9,-53.544,99.652
143.57,-25.369,444.78
153.15,-46.727,289.27
128.5,-16.728,153.21
105.54,-47.711,184.27
122.78,-18.015,347.55
111.85,-56.904,52.325
137.9,-65.525,211.85
155.85,-34.737,18.827
112.27,-60.315,228.52
124.59,-17.745,356.24
149.6,-26.175,166.16
145.05,-62.043,45.076
151.4,-53.876,224.56
151.3,-35.498,357.74
106.76,-40.012,9.6663
151.06,-26.145,66.117
149.14,-34.556,454.95
137.08,-19.39,341.4
151.76,-29.026,151.79
135.33,-17.58,202.95
112.67,-21.586,453.96
154.78,-37.009,149.69
100.45,-40.733,469.55
148.37,-57.835,269.54
150.13,-48.638,443.88
103.79,-32.172,405.83
117.05,-64.653,298.72
136.7,-17.422,138.3
108.61,-56.095,231.63
113.98,-60.261,121.18
110.02,-58.504,258.85
149.74,-30.307,327.3
113.99,-58.558,9.5769
141.57,-20.556,255.11
130.26,-66.08,40.411
106.97,-36.487,26.417
113.05,-22.85,269.15
143.07,-19.209,60.022
128.86,-66.017,47.029
150.91,-48.493,398.04
142.04,-23.08,396.49
105.47,-52.368,299.1
153.42,-32.984,168.36
118.86,-63.748,132.51
126.34,-16.978,156
109.24,-24.8,393.24
154.08,-30.81,48.814
107.24,-32.016,138.77
143.68,-62.729,142.08
135.19,-66.31,363.29
150.25,-54.399,303.19
106.33,-34.618,137.63
120.7,-66.459,330.91
108.18,-25.075,452.23
112.3,-64.322,466.79
109.97,-25.321,309.58
122.75,-67.579,417.32
105.13,-42.162,157.12
106.81,-33.327,130.18
142.61,-18.562,21.815
108.87,-56.131,215.86
132.77,-66.467,135.3
122.44,-67.736,448.61
133.13,-66.376,121.85
133.14,-17.489,250.61
114.7,-22.253,95.507
113.12,-24.206,19.723
134.48,-66.602,329.29
133.53,-65.852,1.3069
112.13,-62.031,335.06
117.42,-20.084,223.63
139.62,-64.812,145.77
114.87,-59.679,28.17
124.37,-67.304,338.17
150.98,-39.24,417.3
133.79,-19.509,470.36
113.99,-61.144,182.46
148.57,-59.096,73.267
111.59,-22.526,421.56
114.19,-61.363,186.79
136.12,-16.913,89.765
120.35,-67.058,409.52
104.92,-52.442,329.92
155.34,-46.559,87.303
153.67,-33.177,154.6
138.4,-65.352,225.91
147.53,-57.189,363.27
104.02,-36.51,303.05
100.71,-42.98,448
138.95,-64.139,450.84
150.54,-43.034,458.55
141.73,-20.411,234.95
155.58,-44.349,99.897
113.25,-60.098,154.52
130.11,-18.348,449.92
156.63,-41.091,19.96
127.93,-67.657,379.89
106.06,-58.815,464.28
133.32,-66.817,399.94
120.04,-18.831,186.38
114.56,-59.493,34.55
102.98,-40.949,325.64
143.95,-21.246,188.8
106.69,-26.594,456.8
108.91,-28.721,136.96
131.08,-66.462,112.21
138.37,-65.295,156.81
149.7,-56.49,234.19
154.84,-34.017,83.662
152.26,-37.946,339.01
151.78,-41.77,385.8
122.87,-18.045,413.83
117.92,-62.663,82.549
121.06,-64.836,140.57
135.66,-65.794,57.75
144.01,-19.957,78.507
106.74,-50.35,152.31
102.67,-33.865,431.54
106.5,-58.871,445.17
111.88,-25.087,89.426
126.29,-17.209,220.5
135.97,-65.867,105.28
137.37,-18.753,269.81
142.17,-63.168,308.17
135.18,-17.346,175.99
151.01,-29.759,235.69
112.08,-24.703,109.92
107.09,-46.903,39.916
106.45,-28.906,355.09
131.52,-15.959,11.112
107.28,-58.879,407.26
103.79,-52.622,388.37
156.33,-40.169,45.335
107.02,-56.524,336.18
149.97,-58.094,5.6926
109.1,-26.976,262.86
118.93,-19.193,314.57
155.93,-45.847,42.169
127.71,-67.32,289.44
135.33,-65.988,102.51
106.69,-40.152,15.626
124.25,-67.205,325.32
137.6,-65.588,179.48
143.61,-19.202,32.747
136.02,-16.802,77.697
155.37,-45.903,97.078
151.12,-54.297,230.91
118.24,-19.828,54.901
150.24,-49.049,430.52
142.64,-21.004,238.6
116.61,-19.924,373.88
124.74,-67.437,352.97
150.75,-27.859,171.96
141.3,-63.719,309.5
122.36,-66.722,309.54
110.58,-54.405,16.097
106.37,-56.63,369.84
102.69,-34.301,420.15
145.85,-57.685,452.59
149.34,-58.22,86.188
107.29,-47.308,31.422
150.36,-53.937,312.88
147.88,-59.649,92.214
140.12,-21.034,352.09
103.68,-43.805,282.97
121.81,-66.758,330.35
115.49,-21.841,35.925
107.29,-28.318,328.03
153.95,-40.662,256.86
118.2,-19.227,384.65
106.25,-56.418,368.77
146.74,-60.942,13.653
124.27,-17.19,65.257
109.75,-57.547,226.8
116.79,-20.775,56.176
105.03,-32.543,323.19
124.63,-65.838,125.11
110.02,-27.718,74.252
117.7,-20.28,6.3716
150.68,-26.772,123.76
147.14,-24.818,247.53
101.34,-47.393,435.14
105.2,-31.487,342.1
128.26,-16.999,211.64
136.05,-66.166,252.9
151.78,-53.846,182.24
151.07,-26.712,93.421
149.86,-37.16,458.12
106.41,-28.353,379.83
109.69,-27.251,161.21
152.5,-52.315,187.92
129.03,-66.73,168.19
126.02,-66.584,191.37
101.04,-47.24,450.62
123.91,-17.506,168.53
125.86,-16.829,79.521
150.27,-57.458,46.275
149.46,-58.515,21.397
145.67,-61.33,142.05
108.52,-54.577,170.39
108.11,-50.772,58.522
153.76,-49.172,181.97
152.02,-53.93,146.03
137.48,-19.709,354.31
111.71,-24.003,271.44
111.35,-23.602,338.98
136.24,-16.315,3.4035
133.21,-66.75,228.78
119.67,-19.028,42.08
118.37,-19.445,306.92
151.33,-52.861,280.65
106.67,-43.99,31.531
132.89,-66.907,436.92
149.07,-55.06,353.74
129.92,-16.576,133.38
135.04,-17.52,203.75
153.24,-41.357,306.81
138.66,-17.79,111.77
115.43,-63.312,266.16
151.59,-44.868,392.31
107.91,-60.53,449.61
125.95,-66.96,250.44
128.77,-66.711,167.02
106.47,-36.735,71.446
150.07,-57.389,85.938
153.71,-49.365,180.82
145.06,-21.576,152.12
136.21,-18.791,315.83
152.26,-43.139,360.61
117.67,-19.64,335.53
112.39,-24.54,84.034
105.44,-47.616,190.44
144.79,-19.886,31.646
141.66,-22.64,388.24
107.5,-29.774,235.92
115.4,-20.287,418.52
130.55,-17.078,228.27
106.68,-34.011,119.48
140.78,-62.957,440.94
151.29,-39.473,401.67
104.13,-35.572,311.74
122.08,-67.435,411.2
127.31,-67.543,343.07
100.84,-45.368,447.43
147.29,-58.248,328.88
122.62,-17.8,126.38
128.74,-17.11,239.94
116.29,-21.035,91.609
109.09,-28.712,114.44
152.65,-51.869,194.09
152.31,-43.936,356.66
108.78,-56.335,231.42
120.39,-64.032,87.35
139.75,-20.467,326.97
122.66,-67.573,418.27
104.96,-57.444,467.49
147.34,-55.622,443.09
124.07,-66.9,284.98
105.8,-56.228,384.12
112.92,-61.369,258.83
125.13,-16.976,71.783
151.75,-50.632,314.9
107.46,-53.958,221.12
155.51,-41.974,121.7
114.27,-20.629,468.2
106.31,-45.386,79.191
137.88,-21.323,464.21
137.81,-16.743,15.351
149.2,-55.64,325.41
153.22,-38.013,286.14
108.67,-56.346,239.02
141.63,-21.579,326.73
155.55,-46.628,63.969
145.99,-27.024,399.34
144.29,-19.844,54.375
155.52,-44.655,101.22
137.27,-65.446,375.72
151.85,-54.294,140.95
124.1,-17.827,374.69
107.36,-46.53,10.8
103.76,-38.457,294.94
107.93,-56.07,273.34
111.3,-55.326,9.065
114.04,-64.32,393.84
153.51,-46.668,263.63
151.67,-50.418,323.83
109.12,-27.407,222.79
107.19,-55.039,279.1
121.94,-18.218,281.44
110.44,-62.951,460.59
151.01,-25.082,13.428
109.67,-61.933,437.59
144.03,-84.387,186.36
154.27,-71.445,408.96
154.54,-43.677,37.222
157.57,-70.919,182.31
137.86,-85.927,149.69
152.83,-49.22,386.25
125.21,-84.98,235.56
123.2,-39.157,13.122
122.43,-39.378,187.59
157.55,-54.833,267.15
153.99,-77.733,75.391
129.96,-85.455,126.33
144.39,-38.895,240.47
136.93,-85.689,72.353
119.67,-82.478,264.39
109.78,-54.969,235.53
157.53,-73.12,56.793
136.69,-36.739,242.91
139,-37.469,289.09
140.6,-39.611,449.52
154.08,-55.392,463.34
135.55,-36.587,234.71
129.84,-85.337,113.81
157.81,-59.253,304.61
131.1,-86.644,279.46
152.39,-47.865,365.38
110.97,-59.955,47.8
158.36,-69.058,171.55
141.12,-38.426,324.74
115.15,-44.717,266.82
127.93,-84.15,34.108
157.9,-49.046,65.31
156.89,-50.643,200.43
109.43,-62.051,189.52
138.26,-85.426,31.687
127.52,-84.328,70.431
114.44,-73.028,36.132
160.57,-55.226,32.142
141.1,-39.99,461.68
160.4,-65.404,57.557
150,-47.489,469.38
110.28,-50.701,322.99
150.2,-39.918,38.143
135.25,-86.099,148.33
154.42,-44.604,97.974
105.1,-63.564,464.51
124.93,-82.925,38.028
115.48,-45.645,110.69
152.82,-78.873,82.633
112.62,-52.851,2.872
156.03,-48.405,175.4
135.23,-86.932,471.02
114.16,-77.155,249.38
150.35,-80.752,143.04
138.66,-37.942,355.4
118.16,-82.438,330.38
147.45,-81.652,360.15
142.17,-40.382,449.3
109.83,-49.554,386.3
113.93,-73.129,76.429
131.2,-36.245,110.57
111.56,-48.1,337.42
127.8,-37.255,215.3
109.96,-56.274,186.52
150.33,-41.747,170.01
108.84,-55.663,296.4
138.46,-36.982,239.27
111.99,-74.115,255.5
143.73,-39.847,347.44
142.01,-84.739,400.25
151.57,-41.786,99.41
135.39,-86.099,148.93
110.85,-53.867,157.65
125.75,-37.911,301.17
109.65,-58.964,178.63
158.29,-59.542,275.62
154.66,-76.877,88.361
157.29,-54.46,276.61
109.49,-55.822,242.73
113.8,-76.33,232.28
125.07,-84.309,169.85
133.64,-37.617,448.31
159.25,-68.065,109.07
157.14,-71.431,205.61
136.87,-86.566,354.76
113.74,-44.724,370.49
109.38,-58.531,208.5
137.85,-86.288,259.36
155.77,-50.059,258.74
111.81,-70.781,149.1
112.56,-79.971,448.72
110.86,-54.143,147.27
157.91,-71.089,134.06
155.31,-72.039,333.48
125.4,-84.772,205.5
138.41,-86.248,314.69
146.57,-40.035,240.11
108.98,-56.895,266
141.35,-85.195,125.79
154,-54.035,443.71
110.58,-53.756,190.71
111.47,-58.487,8.7335
106.04,-56.62,447.57
125.82,-84.474,155.35
137.2,-86.437,456.94
128.02,-86.86,376.25
116.69,-43.174,267.95
129.98,-86.472,272.27
149.26,-81.545,148.66
159.35,-66.286,145.44
138.44,-85.754,122.83
119.42,-79.928,88.243
155.01,-65.573,457.22
106.52,-60.304,384.97
127.02,-37.309,108.11
155.38,-45.805,98.307
111.6,-51.95,148.81
146.77,-82.982,232.43
119.32,-79.853,88.823
155.37,-47.992,204.23
111.3,-71.78,220.8
134.82,-36.7,263.07
138.42,-36.382,152.5
150.34,-46.136,399.92
148.66,-44.852,424.43
117.65,-82.36,346.85
122.5,-39.554,38.451
125.3,-38.062,290.43
158.42,-70.86,86.25
111.77,-53.41,74.044
155.8,-47.981,173.55
128.35,-87.334,450.69
140.85,-85.473,342.33
126.47,-37.455,8.8683
107.43,-71.64,431.55
124.85,-38.014,429.38
109.31,-66.686,245.25
151.7,-77.885,334.2
150.73,-48.255,460.6
143.11,-38.591,265.82
122.92,-83.605,198.49
113.04,-72.198,104.83
143.43,-84.35,344.7
114.99,-45.391,211.77
109.1,-56.878,256.78
130.85,-37.131,376.79
139.67,-85.551,464.6
108.64,-65.784,280.24
159.27,-56.339,160.67
154.53,-46.528,193.79
109.44,-72.794,355.3
107.78,-66.167,333.55
147.59,-82.482,227.38
138.89,-36.02,87.4
150.67,-80.282,196.05
129.22,-37.106,290.91
124.24,-38.203,392.48
136.11,-85.537,35.874
134.31,-87.051,423.74
134.44,-85.717,77.616
127,-84.493,109.43
107.62,-56.161,360.22
107.65,-51.175,472.73
116.26,-43.558,270.78
132.05,-37.48,452.41
158.1,-49.68,74.768
156.88,-64.063,358.03
110.13,-56.289,169.74
157.29,-60.096,337.42
150.83,-80.073,211.13
116.5,-45.192,16.215
149.15,-80.911,302.17
114.13,-78.451,310.38
149.73,-81.402,75.24
132.91,-36.751,280.5
124.2,-84.975,275.34
158.31,-61.591,281.28
155.38,-65.521,435.01
137.72,-85.555,52.617
121.35,-81.238,75.856
112.36,-73.106,190.69
123.49,-38.506,365.17
131.57,-36.983,335.21
123.9,-38.631,219.68
130.92,-85.334,82.952
141.85,-37.353,179.66
129.03,-86.587,311.31
134.93,-36.479,220.58
156.4,-71.818,263.61
150.52,-77.791,415.15
157.13,-48.763,110.54
106.95,-70.487,434.48
131.94,-87.08,365.93
106.12,-64.337,408.33
107.84,-69.832,375.75
150.41,-40.27,54.292
110.58,-65.93,127.39
150.67,-80.641,100.62
157.49,-67.507,291.73
128.81,-37.06,234.35
114.83,-45.962,168.9
110.16,-51.475,306.93
110.29,-71.828,288.92
143.9,-84.393,126.11
124.05,-83.753,159.49
156.2,-50.233,235.61
123.65,-83.238,128.55
112.21,-73.22,206.4
127.14,-87.182,446.32
148.38,-81.339,322.22
140.13,-85.77,323.11
151.03,-79.998,189.07
112.09,-48.765,268.2
145.5,-83.623,266.37
131.21,-86.328,225.09
152.76,-46.885,315.12
134.41,-35.743,70.329
146.92,-81.258,436.4
123.35,-85.042,314.09
127.3,-84.031,45.844
121.03,-83.54,281.92
157.05,-57.748,334.9
160.51,-64.809,57.317
154.32,-76.696,161.64
147.76,-38.72,63.207
142.01,-85.036,338.34
151.28,-46.351,364.52
125.67,-84.345,147.89
117.45,-42.802,218.76
112.87,-74.643,217.82
147.74,-38.67,59.801
118.45,-41.74,265.45
105.45,-67.299,469.96
157.5,-72.017,131.18
125.3,-38.041,309.45
109.47,-65.843,219.57
152.04,-46.801,346.17
131.55,-86.925,328.55
137.47,-86.433,302.01
158.2,-67.477,234.82
115.08,-44.557,288.24
148.43,-80.799,362.77
156.23,-52.381,296.44
108.18,-54.102,362.24
134.37,-35.924,109.91
118.24,-80.417,192.99
121.05,-84.073,322.14
111.44,-59.133,8.1254
111.36,-72.463,239.55
150.09,-81.075,101.88
160.74,-61.347,67.499
160.12,-64.345,102.32
108.9,-66.839,276.23
134.56,-36.742,273.42
111.06,-57.125,62.059
133.95,-85.382,25.428
125.02,-38.143,301.69
157.9,-59.286,299.63
131.28,-86.032,177.13
151.55,-48.884,439.89
115.01,-45.121,239.96
154.58,-44.939,105.99
112.98,-49.809,98.537
156.05,-63.098,406.83
153.34,-74.455,377.52
159.42,-66.197,140.16
117.1,-44.114,58.077
146.86,-81.547,413.38
130.36,-36.963,295.72
124.16,-38.51,168.18
109.84,-70.292,279.12
112.69,-77.088,325.71
114.01,-47.625,122.63
144.41,-38.553,206.06
133.11,-86.809,294.74
146.98,-40.501,257.24
110.75,-47.677,406.21
154.17,-77.039,142.56
113.44,-44.272,424.55
151.98,-79.59,94.423
113.88,-47.077,187.77
117.76,-81.243,275.35
150.63,-43.29,256.56
110.64,-47.857,404.72
154.17,-53.613,426.32
142.95,-84.618,58.358
141.5,-39.433,399.58
127.89,-37.344,280.43
107.92,-74.202,468.85
159.33,-59.88,193.99
157.12,-59.543,343.49
131.66,-36.93,319.19
157.46,-60.076,328.44
111.42,-66.403,66.607
149.84,-81.294,86.878
125.14,-84.343,170.34
118.36,-79.436,118.25
153.03,-48.26,348.18
106.46,-66.886,408.71
140.99,-40.085,473.84
154.85,-55.455,421.95
133.01,-36.74,278.27
156.1,-61.3,403.83
107.66,-59.432,327.74
138.97,-36.237,118.37
131.31,-86.727,291.34
131.19,-86.013,176.09
139.67,-85.662,157.22
125.39,-85.735,310.25
154.92,-61.002,471.22
114.82,-47.173,54.543
132.59,-36.582,237.93
158.45,-53.381,164.62
111.25,-64.571,50.511
127.42,-37.574,448.23
112.56,-73.724,201.31
110.59,-50.381,314.07
155.42,-47.889,196.23
153.69,-44.06,114.19
144.4,-37.079,49.726
113.16,-46.152,327.13
132.4,-35.728,10.61
133.59,-86.843,304.98
107.85,-64.96,320.69
137.22,-86.458,420.39
141.59,-38.785,341.04
139.68,-85.554,463.35
140.75,-85.471,178.84
126.93,-37.318,84.634
113.4,-76.247,253.9
121.62,-39.782,223.88
127.24,-37.502,359.37
110.55,-64.02,103.36
128.35,-85.258,150.83
141.43,-36.321,64.116
119.84,-81.085,148.68
112.99,-75.968,266.48
157.12,-46.982,35.055
