139.32,-108.79,-398.24
86.445,83.532,-78.702
139.48,-178.87,-452.75
203.1,-218.08,-498.52
91.063,-3.9036,-245.89
183.59,-180.67,-492.63
137.6,-66.996,-271.13
130.2,-38.803,-237.15
83.262,15.068,-136.76
102.53,-16.203,-268.36
65.919,73.002,-137.7
120.71,-9.6383,-255.52
137.11,-97.962,-302.54
128.87,-25.508,-226.89
173.32,-187.28,-426.9
110.08,-38.072,-298.82
131.92,-160.48,-413.45
65.339,18.652,-142.22
205.18,-223.35,-506.32
97.18,-59.451,-298.02
157.21,-225.26,-489.02
188.33,-217.47,-471.06
153.72,-135.77,-436.42
88.836,4.894,-152.05
164.42,-137.02,-436.52
118.89,-9.4221,-195.91
160.99,-196.87,-509.52
136.57,-152.83,-381.07
167.68,-174.38,-488.41
158.29,-91,-333.07
94.252,14.846,-225.31
131.8,-98.079,-381.59
169.66,-199.86,-519.8
169.44,-164.29,-474.94
54.739,46.52,-97.721
143.08,-114.85,-325.75
129.46,-125.98,-406.03
84.636,67.676,-145.51
157.72,-148.47,-453.45
137.41,-52.241,-315.99
125.1,-107.11,-313.78
194.83,-191.41,-468.16
130.72,-87.167,-368.28
175.89,-143.94,-396.86
189.44,-199.42,-456.78
142.18,-88.148,-296.22
41.047,68.399,-98.2
103.8,19.229,-217.99
95.62,30.136,-203.33
147.78,-171.81,-470.61
136.06,-48.295,-254.87
41.869,67.55,-74.986
72.6,0.9156,-169.1
108.82,-11.031,-183.24
189.23,-189.14,-500.91
152.52,-180.23,-484.24
154.7,-188.06,-424.82
105.15,-30.794,-287.15
77.045,-17.964,-218.78
101.78,-70.055,-314.43
139.74,-172.71,-454.58
116.8,-45.559,-228.55
122.61,-113.66,-326.44
136.5,-52.673,-317.77
52.599,84.968,-113.52
159.07,-235.99,-522.23
177.96,-194.81,-438.55
168.48,-147.77,-450.94
128.17,-101.71,-305.03
190.09,-176.62,-451.54
53.401,43.347,-143.08
138.57,-37.632,-265.1
108.44,-90.759,-339.15
139.27,-99.206,-305.31
57.079,30.058,-150.94
78.507,-19.788,-228.87
122.74,-128.41,-355.78
81.072,31.891,-197.44
102.76,-78.283,-318.06
157.64,-132.63,-432.31
60.409,68.414,-139.05
65.781,76.809,-47.466
80.396,99.254,-79.551
101.37,-76.88,-290.52
166.63,-182.5,-417.53
163.34,-124.59,-417.08
160.24,-183.69,-495.58
127.92,-71.015,-265.47
58.372,27.7,-157.1
116.53,-102.57,-365.81
58.326,26.554,-152.25
154.79,-135.06,-435.65
55.478,85.943,-115.03
96.038,4.0357,-240.04
126.98,-8.302,-226.23
140.03,-49.633,-306.45
161.05,-118.08,-348.71
174.82,-185.68,-503.81
123.32,-0.59359,-209.32
149.79,-162.79,-389.27
122.11,1.6933,-204.08
173.84,-205.45,-528.44
152.92,-84.377,-355.59
78.47,-0.78909,-225.78
112.61,-41.391,-221.24
159.51,-237.13,-524.36
141.44,-187.02,-451.83
114.15,5.4744,-177.1
172.06,-126.59,-385.01
76.307,65.117,-69.748
69.774,47.469,-170.67
103.73,45.146,-162.02
119.77,8.8269,-198.89
115.15,-11.124,-190.91
181.52,-229.23,-479.57
151.11,-201.56,-496.32
150.87,-74.666,-304.88
57.848,36.305,-115.6
125.24,-104.65,-309.93
141.05,-137.57,-431.17
155.26,-149.6,-373.15
175.81,-151.1,-449.57
105.85,41.813,-162.15
54.681,70.32,-130.64
138.78,-105.06,-393.5
193.67,-185.04,-476.54
121.58,-73.475,-346.95
79.483,102.3,-59.46
138.68,-50.376,-310.62
92.204,6.0239,-235.54
114.46,-42.626,-306.6
35.356,82.361,-52.212
150.33,-125.3,-422.28
173.28,-159.57,-400.22
153.11,-99.536,-383.72
200.66,-204.48,-501.83
125.56,-42.69,-233.32
78.603,-1.2156,-226.32
124.41,-125.31,-345.81
109.36,-88.13,-341.54
127.96,-141.02,-371.82
177.08,-185.19,-428.03
34.941,80.103,-70.53
48.64,119.12,-69.144
146.92,-192.02,-481.32
123.44,-134.61,-369.89
92.682,-18.364,-186.34
173.21,-207.56,-450.34
71.392,47.068,-172.55
132.97,-105.36,-390.51
52.047,74.346,-123.4
150.09,-71.766,-333.14
155.2,-99.776,-382.09
152.37,-124.67,-343.24
103.64,5.3649,-239.79
111.83,-51.628,-315.43
88.803,10.957,-227.45
134.31,-160.04,-399.48
50.565,64.68,-128.52
129.09,-64.458,-259.02
46.109,102.98,-87.584
117.28,11.066,-215.41
89.415,-18.382,-257.73
162.08,-178.55,-491.26
37.198,76.438,-83.914
104.5,40.944,-172.37
148.39,-170.61,-470.44
131.02,-156.69,-419.86
138.11,-83.852,-365.7
100.9,42.84,-128.18
156.46,-167.08,-474.91
129.91,-23.499,-269.2
176.56,-234.27,-485.42
108.97,6.6596,-236.29
129.17,-130.59,-349.64
106.12,18.206,-153.04
101.18,-77.529,-294.3
185.45,-187.38,-502.13
92.87,55.507,-161
134.24,-36.278,-288.89
106.17,-83.658,-330.82
165.31,-244.78,-512.14
95.659,66.085,-118.23
164.68,-147.51,-378.37
141.11,-151.26,-374.92
123.74,-14.107,-209.15
149.51,-114.21,-329.77
132.92,-149.99,-380.82
101.63,-75.387,-284.78
140.57,-46.537,-297.26
99.071,-7.1383,-171.6
107.89,26.429,-152.53
136.27,-170.96,-422.36
78.597,101.24,-80.882
67.664,18.577,-138.35
115.37,-24.573,-203.96
122.46,-93.445,-368.4
156.85,-203.31,-447.5
135.83,-80.027,-281.58
138.64,-126.7,-417.88
168.41,-199.94,-519.1
153.3,-146.02,-449
81.291,78.493,-64.982
82.26,95.653,-83.14
98.025,59.353,-138.64
179.12,-204.61,-529.02
120.01,-52.188,-320.75
125.61,-110.83,-388
148.7,-68.439,-297.06
148.76,-68.48,-297.29
197.36,-240,-502.27
108.78,25.971,-155.22
107.72,12.115,-227.79
153.69,-76.859,-331.93
192.08,-194.12,-459
75.265,33.115,-191.36
146.73,-162.58,-461.21
89.123,-25.216,-262.45
186.71,-181.49,-490.37
174.84,-156.88,-400.74
92.505,-55.975,-266.05
29.306,95.978,-58.901
174.59,-170.17,-411.1
192.6,-209.85,-532.97
193.01,-183.13,-465.83
134.16,-162.47,-433.74
114.67,-103.1,-317.36
154.93,-98.358,-379.84
174,-212.93,-457.24
100.11,51.974,-154.92
81.773,80.606,-64.722
105.91,-78.741,-282.15
125.91,-22.531,-218.35
129.24,-27.198,-278.51
72.561,-1.8859,-176.42
176.21,-141.73,-398.02
64.276,13.187,-176.29
74.778,-0.53756,-217.2
59.492,74.846,-131.08
119.82,-18.687,-272.42
123.42,-3.7456,-236.69
151.5,-151.42,-374.04
108.38,-62.137,-250.24
152.4,-165.74,-470.28
144.3,-185.44,-431.99
148.93,-63.671,-305.07
146.41,-104,-393.37
160.13,-236.08,-530.6
48.07,50.456,-110.08
80.707,99.691,-74.719
89.575,72.531,-129.06
124.92,-39.847,-303.82
161.97,-133.05,-361.86
88.849,-20.551,-191.53
124.47,-89.588,-366.65
102.83,25.496,-141.87
132.27,-96.904,-380.55
189.16,-225.69,-480.1
157.05,-84.856,-337.9
130.38,-111.78,-319.21
196.41,-204.73,-519.18
171.39,-204.53,-446.07
75.456,20.074,-204.47
94.235,13.744,-226.77
81.8,34.936,-109.41
191.3,-185.85,-490.3
120.07,-16.858,-269.17
176.15,-172.92,-415.53
147.26,-74.865,-294.21
166.69,-114.96,-363.11
178.23,-156.4,-455.91
86.651,-39.767,-237.87
85.401,86.567,-75.628
176.65,-207.09,-451.18
111.61,-16.71,-191.97
87.061,-0.85123,-160.31
96.764,-35.119,-211.69
169.95,-119.54,-380.7
55.427,79.736,-121.95
55.182,38.219,-148.94
86.859,-36.929,-260.87
90.547,-12.017,-176.93
143.66,-190.94,-448.2
147.56,-62.925,-317.57
129.89,-63.585,-258.82
98.95,-11.113,-260.16
43.536,61.118,-103.28
139.03,-56.49,-265.95
168.93,-131.44,-373.22
100.11,-45.448,-227.04
74.583,86.973,-46.786
33.425,83.723,-59.151
133.68,-59.231,-258.92
54.543,39.917,-146.8
55.859,35.886,-150.9
85.036,77.287,-126.43
175.26,-214.46,-459.48
89.894,-1.3769,-161.1
154.9,-138.46,-440.09
161.54,-143.56,-371.18
103.42,8.4395,-235.24
91.612,17.173,-137.26
168.59,-188.37,-425.37
166.7,-211.61,-455.29
120.87,-36.814,-300.07
84.145,-34.805,-246.7
109.64,12.402,-225.83
143.73,-146.7,-367.3
75.108,71.68,-61.579
111.87,6.2939,-234.94
130.76,-20.505,-258.53
114.34,-30.967,-291.57
87.991,-10.43,-175.06
168.72,-167.37,-402.12
107.2,-11.097,-263.37
149.97,-200.71,-492.78
162.41,-226.11,-535.17
93.428,14.834,-225.06
87.6,30.718,-202.05
94.97,7.0772,-151.65
164.83,-105.54,-363.92
125.41,-48.758,-239.09
156.06,-171.96,-479.87
192.07,-181,-472.96
75.082,18.396,-132.63
92.991,25.543,-128.8
83.71,4.3797,-152.72
60.232,104.38,-92.549
133.67,-65.191,-264.41
52.757,39.483,-132.33
157.6,-168.48,-477.21
158.24,-134.98,-359.3
144.43,-191.56,-471.97
89.939,13.982,-224.56
128.54,-36.748,-232.7
53.211,51.389,-141.44
119.55,-94.176,-296.05
85.573,-5.2374,-167.49
92.427,59.302,-99.964
181.91,-196.91,-444.44
171.66,-140.43,-384.12
190.72,-186.26,-452.5
94.213,-43.474,-228.51
119.01,10.925,-197.39
208.72,-226.82,-526.56
119.06,-2.2938,-192.44
97.706,-68.23,-297.27
80.623,40.239,-102.09
110,29.452,-160.52
72.31,55.376,-78.285
133.68,-118.96,-405.3
66.349,52.262,-80.844
140.58,-165.73,-453.69
112.61,26.511,-179.01
62.154,95.657,-105.61
103.33,-60.084,-249.83
118.66,6.6168,-189.82
131.55,-151.93,-424.32
83.321,93.967,-74.074
141.99,-130.59,-345.14
89.242,-30.751,-209.84
122.89,-81.23,-276.43
131.45,-159.17,-418.15
113.29,-106.95,-330.66
157.97,-146.26,-370.94
114.17,-111.69,-356.77
178.73,-211.05,-537.06
163.35,-242.66,-512.59
159.05,-142.37,-367.63
171.93,-126.09,-400.97
156.33,-108.92,-333.79
133,-30.44,-278.25
149.4,-106.05,-321.58
134.67,-167.97,-423.21
126.73,-8.5576,-236.78
96.07,34.739,-123.55
161.39,-193.86,-507
69.318,104.37,-89.576
112.84,-107.49,-352.97
174.43,-234.07,-485.45
161.91,-212.27,-458.18
169.21,-182.56,-418.94
117.84,-11.917,-262.28
150.77,-72.198,-305.08
77.825,9.2485,-146.74
146.57,-194.06,-480.51
116.37,-46.978,-312.82
145.81,-55.801,-292.41
99.629,-29.873,-281.29
64.826,119.03,-65.393
124.85,-5.079,-213.6
72.962,49.294,-86.579
181.31,-151.22,-433.45
69.075,29.761,-186.83
163.57,-110.08,-351.31
204.04,-213.74,-509.07
169.26,-117.51,-379.1
107.92,-96.204,-329.7
80.486,-25.993,-222.35
184.43,-207.16,-532.45
91.125,-52.152,-259.14
95.682,-50.825,-291.14
132.98,-147.94,-376.71
177.9,-143.21,-426.07
158.87,-90.245,-349.29
188.54,-172.6,-465.36
114.65,-33.84,-213.39
151.91,-92.143,-314.08
82.862,-27.93,-246.32
88.041,-19.803,-190.77
145.67,-55.135,-296.37
111.32,-37.445,-215.68
95.389,-30.165,-276.42
153.07,-74.406,-320.98
145.59,-115.09,-327.55
64.092,37.944,-104.66
180.39,-233.33,-484.39
182.61,-205.21,-529.96
100.87,-62.508,-309.18
155.02,-225.01,-502.57
132.35,-49.253,-315.28
191.3,-178.95,-457.63
64.799,40.621,-171.26
100.68,35.55,-191.26
65.344,46.131,-167.13
150.25,-70.252,-328.26
128.63,-131.48,-408.35
78.351,95.463,-50.141
133.93,-136.29,-355.32
95.835,-9.332,-173.27
188.48,-171.14,-460.27
142.21,-138.21,-355.5
99.825,-55.146,-244.22
159.32,-121.53,-397.8
161.1,-187.49,-449.67
105.91,-90.493,-381.12
135.83,-56.215,-326.86
78.45,-43.58,-267.39
129.8,-177.14,-447.99
121.3,-95.578,-321.46
144.74,-81.707,-344.7
182.14,-185.2,-508.93
182.08,-216.44,-498.63
83.205,-21.864,-290.58
89.195,-9.6175,-283.16
117.09,-146.82,-414.76
160.1,-121.28,-417.55
132.09,-84.329,-389.86
99.654,-89.237,-367.18
125.95,-170.13,-443.83
79.184,-41.845,-293.59
174.95,-167.73,-455.29
141.95,-198.09,-521.08
136.57,-202.09,-498.21
144.76,-225.01,-529.23
108.43,-84.669,-379.74
118.77,-148.06,-410.21
140.76,-195.27,-463.62
72.014,-26.277,-240.16
114.04,-136.6,-420.23
147.69,-92.226,-385.69
126.27,-48.015,-333.83
164.42,-166.41,-500.09
52.824,26.103,-155.83
83.885,-59.812,-300.02
132.42,-134.77,-374.93
103.65,-25.566,-228.03
51.322,52.619,-180.5
42.158,74.256,-148.38
165.96,-140.55,-422.07
124.35,-167.92,-448.29
175.1,-200.58,-546.59
95.388,-6.2684,-199.69
94.25,-81.079,-315.81
102.61,-5.211,-206.75
113.72,-29.529,-243.69
113.12,-21.765,-236.73
144.99,-98.422,-403.84
134.66,-74.572,-372.6
93.121,-34.537,-234.45
125.48,-28.993,-281.67
109.59,-117.26,-361.91
117.58,-110.67,-342.51
148.16,-174.37,-508.07
87.55,19.776,-164.33
29.229,117.13,-90.521
66.839,48.786,-199.12
123.88,-31.226,-302.58
136.78,-182.35,-500.93
97.66,-63.682,-346.93
131.01,-156.83,-407.74
178.39,-217.25,-495
70.197,74.977,-160.94
63.549,31.942,-215.52
99.986,-88.507,-367.79
145.36,-183.06,-440.96
155.05,-147.84,-476.27
73.989,-4.2322,-191.72
124.53,-155.59,-458.86
132.91,-106.97,-421.25
53.622,67.022,-84.557
144.11,-81.894,-341.45
90.108,42.046,-150.63
141.93,-87.621,-387.77
68.363,69.27,-92.726
142.52,-73.098,-346.08
127.17,-34.231,-283.41
187.95,-227.39,-516.14
50.423,34.874,-190.63
82.735,-0.28551,-267.96
143.43,-178.49,-507.92
116.83,-80.474,-300.82
124.46,-115.83,-427.08
118.68,-81.585,-384.84
158.82,-219.65,-489.97
60.062,57.356,-184.55
154.81,-168.26,-424.16
138.84,-65.149,-324.23
43.527,123.18,-89.526
58.632,83.896,-148.94
123.8,-119.56,-430.23
142.14,-210.12,-526.29
107.8,-65.789,-279.28
140.83,-184.56,-445.38
91.788,40.282,-155.58
157.31,-119.38,-389.67
188.31,-211.94,-507.08
62.642,37.713,-128.17
51.455,21.986,-171.83
100.04,21.187,-233.41
152.74,-125.41,-381.25
137.16,-197.36,-474.85
101.38,23.779,-224.61
64.752,2.2215,-240.35
107.04,-46.75,-337.21
115.03,-83.802,-385.2
81.618,14.355,-165.68
67.539,-18.442,-245.78
136.9,-196,-472.35
115.02,-10.135,-236.14
62.983,112.18,-93.86
86.721,-4.415,-275.48
149.45,-234.86,-529.08
148.42,-164.79,-416.89
106.6,16.554,-225.91
93.512,-66.276,-285.54
98.407,-89.407,-324.78
56.905,43.358,-119.99
78.895,-41.795,-292.43
101.58,-75.935,-295.4
124.91,-33.002,-304.09
177.31,-238.32,-516.75
131.52,-61.649,-298.67
65.594,0.971,-189.44
77.289,-6.9515,-194.89
159.96,-131.66,-400.48
126.52,-168.64,-467.61
73.682,54.707,-192.49
100.97,-103.41,-355.05
97.24,-88.374,-325.39
69.392,104.21,-85.056
61.82,64.772,-176.22
113.65,-73.176,-372.25
132.86,-89.897,-397.86
136.12,-161.11,-411.7
172.13,-243.3,-521.37
182.7,-188.02,-484.48
94.206,41.255,-198.63
145.22,-124.59,-370.19
113.75,-77.105,-376.82
56.136,76.336,-73.5
41.903,97.728,-123.53
116.36,-18.829,-242.09
171.64,-159.19,-442.94
105.32,-81.571,-372.98
93.713,16.96,-246.84
97.218,-66.282,-348.35
81.404,-6.3675,-193.49
111.35,-28.115,-239.08
65.32,75.989,-82.436
113.46,-81.524,-301.33
77.867,36.34,-137.13
69.349,104.42,-89.834
123.38,-137.53,-381.78
158.17,-181.19,-440.8
134.88,-147.51,-468.96
108.72,-124.73,-396.85
97.329,38.16,-195.99
48.112,121.58,-91.254
93.995,-13.712,-290.57
65.037,-3.2742,-199.6
150.6,-95.758,-368.01
141.86,-204.04,-523.85
69.462,-12.694,-212.37
60.153,80.404,-154.17
117.25,-114.75,-348.95
44.453,97.522,-125.48
111.88,-0.56737,-225.17
37.653,107.89,-108.29
113.75,-46.464,-259.6
104.59,4.0723,-203.24
116.45,-32.588,-250.49
98.242,-82.745,-310.91
127.65,-142.03,-386.33
49.483,60.761,-93.705
123.88,-62.412,-286.51
168.59,-164.08,-492.94
127.04,-142.32,-387.09
135.51,-109.17,-345.27
155.22,-213.71,-482.44
145.28,-87.735,-345.41
22.538,117.29,-82.198
42.016,67.549,-85.145
123.83,-37.693,-268.88
61.595,37.503,-207.76
135.19,-181.32,-496.92
172.05,-189.64,-531.54
143.59,-201.9,-471.95
113.79,-13.474,-233.33
50.172,26.25,-189.57
152.6,-113.57,-421.67
112.33,-119.37,-412.25
40.887,46.211,-155
79.973,75.191,-113.86
129.76,-80.629,-310.64
128.41,-140.77,-455.45
75.567,26.085,-232.07
82.949,72.717,-128.86
133.7,-133.16,-452.9
104.57,-21.553,-303.06
87.642,-54.343,-321.95
124.44,-166.01,-458.33
94.373,2.0125,-189.85
67.559,100.29,-70.837
105.6,-115.85,-372.59
32.92,84.912,-124.81
86.719,-47.936,-258.99
79.303,57.115,-119.32
140.3,-132.25,-374.36
64.182,92.774,-133.23
140.45,-133.83,-457.12
125.65,-29.56,-287.01
128.39,-64.374,-294.6
138.65,-142.96,-467.05
114.32,-96.377,-322.12
68.476,-20.264,-250.87
89.653,44.798,-199.64
26.785,86.953,-109.4
93.664,20.772,-240.57
94.956,-87.288,-347.96
42.785,44.801,-133.14
62.184,55.151,-103.76
97.564,-85.647,-360.09
102.22,-46.641,-334.54
138.95,-205.52,-489.86
118.8,-81.842,-385.21
47.065,118.86,-95.941
122.3,-94.741,-320.73
82.318,-51.32,-304.57
82.668,-30.118,-230.6
75.885,-31.117,-241.41
184.83,-191.15,-493.73
65.099,112.91,-66.528
122.59,-73.864,-376.08
53.863,19.315,-203.41
92.155,-77.296,-340.13
149.09,-234.68,-530.24
135.93,-158.72,-408.22
128.25,-92.947,-321.91
99.362,32.286,-182.56
94.82,7.1357,-185.19
140.78,-78.747,-329.41
176.73,-176.5,-462.55
62.664,42.562,-121.11
155.8,-108.88,-397.93
180.4,-236.32,-516.38
65.249,1.47,-188.9
117.13,-116.18,-418.95
54.426,46.399,-190.37
50.858,29.533,-151.8
157.87,-119.84,-423.54
152.46,-236.61,-524.18
146.27,-228.86,-536.99
78.232,78.716,-107.73
165.1,-138.15,-418.89
132.84,-170.31,-428.73
56.893,30.364,-207.25
130.7,-172.75,-436.3
110.41,8.3608,-232.56
43.581,103.18,-117.8
97.425,38.34,-194.6
89.428,53.536,-146.67
112.74,-53.113,-347.04
51.118,27.808,-155.51
137.12,-165.57,-417.98
69.596,-23.091,-254.7
112.17,-97.716,-324.74
59.708,2.2691,-201.18
105.66,-108.82,-351.98
175.86,-163.89,-471.5
40.485,120.93,-92.569
44.794,67.937,-83.211
99.626,-99.937,-350.51
73.791,-13.151,-207.5
29.965,76.235,-120.52
136.95,-202.59,-492.2
109.76,-69.733,-365.78
174.32,-159.29,-462.17
94.107,-62.466,-340.23
107.79,-39.624,-246.99
157.76,-198.19,-540.73
152.58,-146.6,-399.47
53.062,50.727,-184.6
36.293,73.577,-138.74
103.6,-29.579,-232.43
113.98,-89.154,-390.03
157.53,-140.67,-400.67
164.88,-186.37,-451.24
66.297,14.644,-235
45.612,34.212,-158.62
126.04,-165.74,-431.56
148.34,-208.66,-540.19
187.23,-197.6,-502.97
40.365,83.748,-137.19
137.85,-71.399,-318.81
36.317,107.88,-107.27
29.72,85.026,-62.719
58.466,3.8931,-202.97
92.502,-27.835,-306.32
171.85,-222.21,-495.29
27.025,77.324,-105.27
148.48,-188.3,-447.75
85.402,18.929,-244.87
168.61,-153.87,-473.53
50.052,85.093,-58.862
125.03,-28.906,-275.53
132.22,-131.43,-449.95
65.641,79.366,-155.38
141.77,-176.4,-432.34
83.074,49.258,-131.76
146.76,-229.94,-528.3
156.82,-157.63,-414.67
33.252,70.916,-88.696
141.64,-70.751,-341.1
138.54,-205.56,-492.05
81.468,47.024,-130.89
146.58,-147.48,-475.86
105.71,-107.47,-348.84
138.85,-67.142,-348.9
52.446,94.979,-132.05
38.338,55.081,-148.96
52.064,51.879,-107.45
118.93,-151.55,-436.86
116.7,-146.72,-418.47
103.93,-65.912,-356.66
92.651,-81.888,-326.49
91.046,-16.836,-292.82
67.013,-17.02,-244.49
154.03,-105.78,-398.78
63.402,8.7899,-233.93
57.343,80.996,-68.876
140.52,-197.46,-517.56
110.38,8.5586,-230.22
116.26,-72.149,-372.32
116.88,-23.072,-298.41
103.22,-97.107,-379.67
115.2,-12.326,-278.78
110.62,-70.096,-285.59
30.672,68.506,-115.55
109.67,3.6074,-253.83
35.986,63.271,-101.73
181.7,-210.49,-493.17
55.53,87.048,-60.425
23.614,84.313,-88.794
26.858,86.486,-63.992
115.37,-19.024,-239.71
106.28,-111.47,-392.51
164.77,-208.29,-475.69
144.63,-87.195,-343.16
142.36,-113.49,-356.37
69.446,5.4641,-247.39
90.769,7.9213,-180.04
93.047,-74.103,-343.65
96.27,-53.594,-262.3
84.913,-57.954,-313.98
118.8,-115.96,-421.07
111.41,-91.185,-315.09
58.585,3.9565,-201.53
124.13,-167.38,-451.44
110.52,-122.5,-408.11
119.13,-39.481,-260.21
98.705,-96.835,-362.27
124.41,-92.639,-400.73
77.111,86.224,-109.14
171.39,-162.17,-442.73
74.391,-3.1296,-189.73
66.098,111.53,-81.164
51.989,93.398,-134.17
43.737,40.152,-165.85
130.83,-185.26,-468.14
170.38,-228.55,-502.27
73.217,-18.872,-270.54
63.564,57.149,-186.87
164.29,-236.79,-513.11
94.536,-56.639,-267.86
174.49,-218.05,-492.34
75.174,86.407,-97.412
53.895,86.503,-144.24
176.05,-197.63,-474.37
102.08,-102.6,-376.82
69.183,-18.434,-257.36
108.53,-75.424,-370.82
74.881,19.1,-156.61
37.781,61.818,-147.36
121.73,-95.437,-402.75
131.1,-58.292,-295.98
65.526,-9.8266,-244.18
28.554,75.111,-91.527
118.34,-14.747,-248.76
97.57,36.276,-176.07
43.245,68.177,-83.399
160.5,-179,-439.92
143.31,-125.9,-369.62
56.257,16.34,-171.88
103.53,-74.111,-291.59
59.026,109.89,-105.34
143.91,-90.669,-342.15
66.967,28.182,-223.02
75.749,-39.141,-272.65
130.21,-44.863,-291.2
182.73,-185.38,-485.75
167.1,-145.08,-426.03
73.658,-25.173,-232.39
100.59,-77.606,-298.88
125.13,-135.27,-377.08
90.3,45.769,-196.47
141.5,-141.44,-385.79
30.628,93.767,-114.28
115.57,-139.59,-398.97
127.78,-79.323,-383.52
138.61,-68.581,-321.1
21.3,89.549,-78.449
140.07,-208.46,-517.86
94.721,-83.359,-349.76
116.18,-61.15,-358.28
175.42,-199.28,-544.52
145.88,-96.239,-398.5
120.03,-141.21,-441.21
147.85,-100.41,-403.53
80.249,66.662,-167.42
45.607,55.244,-105.07
93.965,-81.227,-347.03
86.635,18.515,-164.72
85.253,-48.995,-313.67
48.89,26.035,-176.05
119.53,-154.63,-430.53
74.417,93.001,-104.81
123.19,-101.47,-410.54
81.321,24.998,-152.82
112.26,-2.7477,-226.38
77.748,83.016,-107.96
136.25,-87.849,-393.46
138.84,-96.884,-336.94
131.04,-182.62,-457.9
90.671,27.369,-231.11
108.7,-94.826,-321.9
122.42,-69.425,-329.69
107.37,-140.66,-419.74
5.6627,103.67,-80.701
164.12,-159.56,-487.85
116.94,-127.94,-465.85
110.23,-119.92,-379.71
82.225,-77.921,-338.53
65.248,37.572,-158.51
24.83,66.43,-123.14
138.63,-210.52,-505
100.06,-43.559,-277.73
47.881,5.3452,-231.8
114.7,-45.673,-299.27
113.18,-144.32,-474.28
94.434,-74.381,-316.13
53.226,48.23,-138.61
85.317,-20.64,-241.28
136.09,-101.92,-432.71
56.967,29.029,-166.4
97.631,-90.595,-408.22
45.876,14.747,-203.31
98.729,-124.29,-407.24
49.552,29.516,-167.32
158.2,-159.43,-457.9
57.169,68.354,-117.16
85.406,44.011,-194.7
130.39,-209.45,-544.23
86.394,39.284,-195.43
107.48,-108.85,-437.25
135.38,-81.098,-382.95
94.057,-15.22,-242.44
148.44,-116.12,-428.54
24.486,86.304,-82.08
102.96,-63.311,-384.38
61.062,89.005,-159.36
74.557,55.069,-155.59
148.95,-204.88,-493.76
67.837,86.322,-139.63
36.586,49.701,-198.86
62.872,-31.648,-285.61
12.699,93.717,-82.022
72.357,23.097,-180.71
96.583,-91.211,-341.61
6.3208,103.33,-93.558
138.95,-223.65,-527.92
70.94,-52.174,-315.76
131.08,-207.9,-511.55
138.9,-227.84,-536.56
57.764,63.242,-123.18
77.776,-42.795,-339.26
124.48,-164.35,-508.13
31.089,101.7,-143.31
131.63,-149.29,-419.53
127.95,-160.87,-509.31
78.64,33.691,-177.66
116.13,-91.112,-423.49
143.73,-154.15,-432.34
123.26,-102.9,-360.98
38.379,62.424,-116.88
46.238,12.028,-234.46
93.122,-27.368,-254.22
87.674,-89.701,-385.42
42.291,24.553,-187.13
57.109,107.48,-94.228
37.761,29.932,-190.87
144.63,-217.47,-511.97
101.46,-117.27,-382.64
54.281,37.242,-235.56
31.166,78.975,-167.5
87.804,-9.6407,-230.23
56.669,74.499,-188.23
81.575,52.647,-180.57
74.668,64.354,-153.65
112.06,-71.509,-397.05
82.53,27.882,-188.67
50.825,22.352,-179.06
98.475,-46.647,-361.92
37.653,32.748,-204.43
88.373,-97.847,-376.93
140.24,-147.14,-499.77
123.1,-138.23,-403.71
45.014,71.773,-103.95
37.174,63.611,-115.29
65.115,10.993,-193.09
103.94,-139.23,-429.94
2.5379,117.96,-84.376
91.369,-105.8,-392.06
104.57,-139.02,-446.66
62.28,33.118,-246.42
132.07,-78.642,-358.17
132.87,-201.83,-496.16
113.03,-78.527,-406.54
151.43,-132.28,-466.39
48.334,42.66,-223.61
30.515,95.588,-66.443
71.51,41.361,-236.98
68.523,-33.241,-266.04
94.851,6.1805,-282.06
116.62,-170.88,-492.59
85.362,44.047,-211.3
9.8067,98.52,-76.996
163.51,-224.68,-523
101.27,-31.193,-340.62
147.95,-114.76,-425.4
77.597,-67.037,-346.93
105.77,-46.527,-362.31
110.37,-113.66,-370.34
28.65,70.176,-170.11
50.847,116.28,-71.501
91.905,21.335,-213.89
51.781,106.37,-135.48
34.331,37.671,-183.06
127.04,-111.57,-451.82
43.677,46.08,-214.23
90.772,29.638,-235.72
73.005,73.201,-151.7
6.0895,105.19,-94.683
101.75,-95.843,-346.28
80.925,-77.505,-344.82
46.015,15.39,-201.06
118.7,-37.188,-321.61
120.91,-142.41,-409.74
109.85,-76.039,-402.64
37.327,35.499,-204.38
138.41,-135.98,-408.95
67.742,74.692,-130.35
124.67,-59.555,-366.7
51.485,20.91,-246.77
100.92,2.2477,-279.03
172.73,-187.36,-535.22
35.342,83.58,-167.6
56.388,111.42,-94.963
60.316,103.49,-113.53
134.44,-219.1,-528.41
140.8,-118.43,-397.23
92.526,7.9375,-281.34
138.84,-102.3,-429.36
156.47,-175.74,-466.84
54.407,-5.8975,-264.6
98.235,-121.43,-400.14
113.83,-163.03,-482.11
79.933,55.108,-199.14
106.92,-16.58,-267.33
123.73,-90.228,-422.2
77.837,55.942,-164.59
50.64,119.57,-107.21
118.15,-116.76,-374.7
23.287,92.38,-72.075
57.936,-19.204,-269.83
148.04,-115.01,-426.37
85.312,43.694,-213.09
92.915,26.329,-221.63
111.13,-75.56,-321.7
38.692,37.494,-209.18
30.924,90.704,-155.62
123.19,-193.36,-506.57
160.2,-155.19,-462.36
9.0494,102.84,-106.71
109.23,-113.62,-443.74
18.521,123.61,-107.76
83.782,9.7342,-206.13
135.52,-144.48,-495.74
112.79,-88.705,-337.9
157.55,-165.64,-520.22
180.35,-208.03,-538.86
69.879,77.581,-167.65
39.203,32.81,-173.76
80.334,47.169,-218.98
100.11,-127.49,-410.35
36.429,52.333,-135.71
130.72,-71.929,-379.14
48.412,103.29,-143.81
104.3,-7.25,-257.74
61.725,80.721,-175.18
106.37,-48.586,-288.97
160.56,-213.37,-508.49
142.89,-225.05,-525.34
86.672,16.13,-271.61
116.92,-171.02,-465.03
99.438,-125.86,-408.54
57.576,95.505,-96.212
63.326,-22.922,-253.14
108.07,-19.802,-314.29
132.14,-85.864,-407.97
158.59,-154.09,-456.79
54.069,117.24,-88.972
51.361,-1.3866,-232.38
82.86,24.36,-260.01
119.27,-176.27,-502.88
51.763,49.292,-136.73
119.02,-138.48,-478.25
69.524,6.5315,-282.44
93.04,26.802,-225.15
24.445,96.568,-142.28
99.781,-24.093,-257.9
68.337,-45.194,-300.93
147.8,-149.99,-432.95
122.97,-48.236,-332.54
50.344,99.57,-149.26
63.325,-21.308,-249.56
47.9,69.724,-193.06
120.85,-47.167,-346.74
113.72,-31.56,-328.35
113.75,-48.007,-360.77
155.26,-134.99,-455.57
40.584,26.134,-188.39
6.5304,125.03,-90.898
164.68,-203.68,-502.16
76.693,-37.62,-265.62
17.823,76.003,-124.36
18.837,81.178,-99.62
122.98,-179.9,-469.87
27.994,54.919,-146.88
87.702,31.163,-240.97
42.672,17.878,-213.55
69.45,64.302,-139.28
82.6,-1.2725,-298.54
129.15,-163.43,-438.14
121.63,-89.284,-345.45
46.562,123.26,-106.81
127.02,-195.29,-531.77
171.52,-180.3,-515.75
132.74,-76.893,-385.3
31.529,84.553,-162.62
71.394,17.564,-270.37
84.906,-68.261,-370.01
110.15,-80.864,-408.79
52.04,106.74,-134.41
44.185,14.97,-211.4
118.8,-37.362,-320.62
62.573,92.041,-111.8
149.03,-126.78,-459.97
65.624,66.504,-198
68.23,51.807,-146.74
138,-103.78,-433.62
138.68,-175.42,-533.59
79.552,58.97,-183.7
105.46,-102.37,-428.84
109.34,-89.192,-418.34
165.76,-164.13,-493.46
161.95,-154.79,-471.56
121.88,-188.1,-510.47
127.79,-69.444,-381.9
39.187,103.36,-144.85
48.319,96.305,-155.45
99.905,-97.091,-416.92
60.188,12.669,-190.92
74.971,23.925,-262.65
75.476,-52.517,-340.03
135.33,-187.84,-471.7
143.87,-104.7,-405.08
87.132,-14.557,-235.14
98.425,13.185,-253.86
69.186,49.507,-224.76
64.524,67.245,-197.38
105.76,-133.74,-451.54
136.31,-180,-460.3
7.0891,100.32,-90.568
54.144,56.727,-127.96
100.89,-83.894,-405.98
85.707,18.094,-201.48
56.772,-16.326,-261.21
149.65,-144.1,-431.14
58.638,12.895,-191
54.315,60.486,-123.47
64.283,-32.956,-298.41
68.144,-25.482,-309.56
81.025,55.391,-182.9
116.72,-110.4,-447.01
83.861,-6.3241,-223.27
63.104,55.921,-215.87
107.47,-18.894,-313.51
129.09,-160.29,-433.74
133.96,-223.51,-546.75
102.29,-134.7,-423.7
41.155,39.038,-214.76
141.97,-111.49,-442.27
108.27,-150.85,-444.86
86.496,4.9143,-214.04
156.83,-140.65,-468.31
129.68,-89.459,-356.86
91.277,23.483,-211.63
25.672,58.022,-150.64
97.857,-70.688,-389.58
35.946,34.301,-193.92
44.14,40.004,-152.26
76.234,66.169,-176.64
80.525,56.56,-181.1
38.235,93.86,-157.38
89.97,-77.32,-323.28
31.378,52.298,-183.96
133.26,-213.46,-518.48
86.01,43.789,-202.29
80.169,-76.203,-348.57
92.913,-70.899,-384.65
89.951,-32.144,-257.82
79.625,52.661,-207.27
38.803,122.14,-115.85
138.11,-89.575,-399.19
78.162,62.331,-175.23
172.91,-196.7,-511.33
58.033,-17.285,-275.96
36.677,120.67,-118.79
148.93,-146.87,-432.01
65.178,91.29,-124.79
72.842,-53.593,-330.41
103.26,-93.291,-342.09
96.347,-40.513,-353.44
73.819,-58.213,-331.87
52.259,112.95,-76.361
50.945,92.183,-86.333
132.21,-217.87,-547.83
97.551,-38.69,-351.34
147.21,-168.5,-450.24
131.62,-70.894,-366.13
135.06,-220.97,-531.06
81.627,43.68,-178.24
169.91,-183.11,-533.85
139.74,-194.52,-480.06
155.86,-175.51,-465.86
54.438,80.106,-179.86
61.954,-14.714,-289.94
62.196,99.159,-119.07
88.337,-11.523,-313.36
151.83,-155.28,-443.15
69.866,13.998,-274.01
18.724,90.669,-78.594
144.7,-121.46,-407.2
124.07,-130.49,-474.23
44.97,49.743,-212.69
44.25,105.86,-141.03
114.27,-118.41,-376.6
33.973,54.86,-190.27
106.78,-10.962,-267.11
107.42,-31.779,-276.05
166.32,-201.29,-502.04
74.221,12.384,-278.13
144.43,-211.69,-503.47
55.522,13.847,-190.88
115.43,-60.485,-380.17
100.41,-91.402,-412.65
91.334,-103.03,-397.67
147.76,-115.04,-431.83
152.6,-227.5,-524.07
99.942,-122.28,-430.71
80.753,54.901,-195.53
56.352,-11.177,-242.09
99.641,-110.56,-372.45
108.02,-100.89,-430.05
139.14,-168.15,-445.25
68.694,2.8149,-205.12
161.75,-169.36,-471.2
123.29,-193.43,-512.64
106.55,-143.21,-454.77
71.13,-52.073,-309.28
27.088,60.718,-168.93
95.648,18.482,-250.51
95.735,-92.286,-406.51
163.55,-160.22,-496.42
112.9,-115.57,-449.55
80.694,-49.359,-349.08
64.907,90.461,-121.66
150.9,-128.03,-427.8
128.61,-197.29,-494.32
78.067,43.752,-169.51
133.42,-75.726,-370.94
143.57,-217.96,-513.3
103.87,-3.5294,-285.12
138.64,-173.13,-451.33
52.604,15.464,-190.15
145.65,-232.57,-535.35
26.007,130.68,-103.14
89.815,-93.212,-393.17
31.805,59.685,-126.2
64.06,-30.907,-298.76
15.383,109.11,-118.18
125.21,-119.96,-462.3
87.282,-25.099,-330.68
45.115,12.044,-223.03
38.438,54.992,-198.75
73.793,62.005,-197.63
19.101,94.664,-135.45
117.7,-166.41,-452.52
156.86,-154.92,-452.48
67.917,-22.723,-307.36
120.8,-58.818,-319.94
103.58,-43.627,-358.41
165.21,-190,-491.28
136.35,-127.11,-472.49
24.801,106.47,-132.59
106.2,-46.659,-286.89
132.51,-211.52,-516.03
120.36,-68.816,-390.56
140.73,-119.11,-457.77
100.67,-104.07,-423.62
27.028,70.106,-110.74
111.22,-89.861,-420.14
17.863,105.91,-124.69
64.339,92.919,-139.5
94.12,-7.5245,-306.54
59.003,105.45,-119.47
125.3,-198.44,-522.06
157.26,-231.18,-528.9
158.84,-228.46,-525.64
74.135,50.975,-219.45
156.58,-141.63,-473.02
138.96,-201.86,-491.11
85.418,-45.354,-274.74
84.135,-65.845,-366.95
83.607,22.71,-194.42
83.774,24.47,-193.37
38.858,79.789,-174.9
121.28,-47.769,-319.41
62.45,51.273,-140.67
93.182,-7.3527,-234.02
12.41,89.189,-98.823
63.934,81.486,-117.92
130.12,-74.143,-351.04
79.318,5.4044,-288.86
146.32,-192.35,-557.3
101.67,-69.81,-309.94
126.47,-140.48,-407.08
79.795,23.162,-263.27
100.08,-3.4581,-293.9
137.08,-151.32,-504.7
99.064,-1.1716,-240.59
64.07,-33.701,-281.63
87.082,36.943,-197.47
141.06,-110.35,-393.17
41.631,62.017,-196.73
86.307,37.289,-229.17
52.329,30.994,-163.83
123.71,-135.82,-400.54
214.36,-150.67,-348.13
139.2,26.189,-24.149
202.19,-207.25,-415.44
250.89,-272.86,-447.14
167,-42.754,-197.62
251.53,-231.13,-438.57
182.63,-119.92,-221.81
177.01,-93.654,-185.99
126.63,-27.078,-95.372
178.91,-58.381,-217.66
141.64,30.947,-87.268
191.12,-63.298,-198.55
179.73,-144.31,-258.45
178.35,-82.209,-173.71
214.12,-233.78,-383.22
186.31,-79.568,-248.63
189.57,-189.34,-377.24
116.6,-14.099,-105.11
253.06,-278.09,-454.94
165.57,-90.499,-257.27
207.92,-254.3,-454.65
228.74,-265.44,-426.47
227.68,-179.56,-385.29
132.12,-38.011,-110.16
235.44,-186.42,-382.33
166.03,-64.565,-144.45
232.82,-231.72,-465.17
183.99,-186.78,-344.21
240.52,-217.38,-438.13
211.77,-148.75,-278.03
170.38,-29.619,-173.1
207.07,-138.28,-332.57
242.21,-238.52,-472.61
241.42,-210.43,-422.73
104.14,13.202,-60.746
185.44,-160.76,-282.04
201.45,-159.4,-362.63
156.73,16.62,-89.869
231.42,-191.68,-402.79
207.53,-105.61,-259.3
170.44,-144.98,-274.8
245.31,-247.25,-415.29
206.22,-129.1,-317.99
225.19,-200.08,-344.11
232.68,-251.5,-408.55
185.93,-139.11,-248.62
104.31,39.006,-60.045
177.01,-31.439,-162.3
170.1,-18.45,-148.73
219.2,-205.13,-427.44
184.03,-104.07,-202.75
95.275,36.896,-38.731
124.36,-31.813,-131.87
152.37,-60.953,-136.41
255.11,-240.96,-446.49
224.23,-214.2,-440.54
198.43,-224.39,-387.36
181.36,-71.267,-237.68
138.46,-48.019,-180.69
170.54,-101.22,-273.5
206.11,-202.16,-415.51
159.88,-92.377,-184.01
170.36,-148.6,-288.81
207.33,-105.41,-261.32
127.45,47.233,-66.326
217.4,-262.94,-487.15
218.72,-242.13,-394.31
239.13,-197.04,-396.94
171.95,-142.49,-264.47
242.17,-232.96,-397.87
119.65,13.127,-103.51
195.23,-96.079,-208.68
175.53,-121.18,-299.2
181.92,-146.42,-260.62
119.19,0.3109,-112.87
142.73,-49.93,-189.92
175,-159.83,-319.32
157.29,-9.3048,-147.47
168.76,-108.5,-278.57
230.62,-179.22,-379.51
135.66,30.155,-91.378
107.4,30.52,-3.6995
142.46,42.69,-22.915
157.38,-107.69,-253.42
207.5,-226.51,-375.55
232.89,-176.22,-361.77
233.08,-220.84,-449.36
170.88,-118.25,-220.67
121.51,-2.1169,-118.68
186.72,-134.39,-324.02
118.98,-3.2506,-114.55
228.56,-179.57,-384.06
130.76,46.545,-66.56
172.39,-39.047,-188.72
184.96,-66.789,-169.41
207.04,-105.24,-249.09
207,-172.31,-298.23
246.73,-230.1,-452.81
179.12,-59.03,-153.16
192.71,-202,-350.05
177.2,-56.669,-148.16
246.19,-245.13,-480.61
219.78,-139.36,-298.7
150.7,-34.116,-182.38
155.72,-86.9,-177.59
218.04,-264.05,-489.24
199.39,-215.2,-416.02
162.08,-50.271,-125.01
225.91,-183.95,-330.14
118.8,15.906,-23.713
145.39,8.8014,-122.61
167.23,-11.975,-104.59
176.77,-49.629,-142.37
160.3,-64.159,-141.48
221.13,-271.23,-439.33
217.59,-230.82,-457.35
202.69,-132.18,-250.47
108.73,3.6808,-78.694
170.2,-143.16,-270.61
214.86,-174.38,-384.9
196.93,-194.57,-330.28
242.67,-203.88,-394.2
167.31,-15.914,-104.88
128.78,34.526,-85.005
213.86,-147.45,-343.02
250.84,-240.94,-421.74
197.26,-113.53,-297.92
135.22,44.92,-4.0373
207.28,-104.96,-253.51
168.58,-35.48,-185.31
190.61,-85.45,-255.52
88.32,51.921,-16.229
224.5,-169.51,-370.8
216.91,-211.62,-351.9
223.79,-151.02,-328.18
256.92,-260,-447.56
169.99,-94.541,-184.92
150.81,-34.523,-182.94
173.83,-158.54,-308.89
178.47,-119.38,-300.45
179.33,-172.58,-335.51
218.51,-234.02,-382.55
94.205,51.003,-33.703
123.26,76.192,-18.42
212.99,-221.16,-442.55
178.16,-164.83,-333.56
137.49,-58.191,-146.15
213.53,-249.75,-409.78
147.2,7.6628,-123.93
208.01,-144.66,-342.18
125.8,39.036,-78.193
214.76,-128.17,-275.89
224.65,-152.42,-326.09
194.87,-173.33,-297.58
178.85,-42.077,-185.77
187.71,-91.203,-266.67
165.11,-29.826,-177.74
186.07,-190.84,-363.58
121.99,31.951,-85.756
172.41,-113.65,-212.76
120.8,64.795,-40.124
182.51,-45.721,-157.73
163.41,-53.506,-212.59
235.28,-217.71,-443.54
99.518,47.252,-46.166
169.91,-15.489,-114.89
220.18,-204.46,-426.8
193.26,-185.41,-382.46
212.55,-130.45,-312.48
150.41,-13.754,-75.059
229.96,-205.71,-427.47
197,-79.359,-211.64
217.16,-272.52,-447.5
182.23,-44.037,-180.57
176.5,-165.41,-312.21
152.43,-36.221,-102.32
158.42,-107.98,-257.11
253.51,-237.38,-448.35
163.4,2.5752,-104.5
202.01,-91.619,-231.49
173.89,-114.34,-290.52
213.96,-274.11,-478.14
153.65,8.1723,-61.807
207.36,-197.73,-331.58
185.83,-188.19,-336.77
172.81,-70.588,-156.23
192.35,-163.56,-283.54
182.43,-182.44,-344.42
156.02,-106.82,-247.72
205.3,-103.32,-239.73
142.03,-52.863,-127.84
157.59,-30.311,-99.251
191.41,-200.13,-386.65
142.56,45.386,-24.207
116.83,-15.586,-100.86
159.15,-75.019,-156.71
196.8,-129.86,-322.27
201.74,-237.4,-411.26
179.09,-129.45,-235.18
212.96,-164.51,-370.78
240.92,-237.94,-472.39
227.39,-187.4,-399.5
127.27,24.208,-14.452
143.6,38.805,-26.514
160.37,2.0787,-81.438
250.94,-247.27,-479.26
195.93,-95.906,-269.12
198.62,-145.35,-343.56
200.9,-126.1,-242.44
201.02,-126.16,-242.64
237.28,-287.95,-457.83
159.13,-31.067,-101.55
180.52,-39.134,-171.82
214.6,-134.44,-274.91
238.2,-248.4,-408.44
150.94,-5.3681,-143.42
219.11,-197.2,-416.86
161.74,-58.881,-218.7
252.66,-233.61,-435.71
219.64,-210.2,-351.21
150.87,-86.351,-228.59
92.893,66.897,-20.87
217.12,-220.78,-364.09
260.46,-258.84,-479.95
246.98,-239.41,-411.67
198.43,-191.4,-395.62
165.7,-135.8,-280.35
224.23,-151.18,-323.76
214.3,-254.4,-417.18
164.9,-4.5738,-97.532
128.56,25.706,-13.537
156.67,-112.06,-244.79
174.08,-78.449,-166.08
198.4,-81.715,-221.3
125.88,-33.84,-139.29
226.97,-198.36,-344.53
126.7,-16.707,-138.02
144.53,-32.247,-175.62
134.9,35.719,-82.767
192.77,-69.702,-216.56
188.58,-60.604,-178.98
193.48,-194.02,-332.74
153.92,-100.8,-210.65
225.6,-202.57,-424.18
194.47,-216.23,-396.54
206.59,-121.91,-248.52
220.26,-150.72,-340.23
221.52,-263.25,-494.51
105.79,20.634,-73.184
140.99,42.689,-18.282
156.37,17.327,-72.036
198.98,-88.928,-248.99
205.69,-184.82,-313.71
135.51,-57.726,-152.65
199.54,-127.8,-319.07
148.95,-28.774,-91.309
207.59,-137.6,-331.17
229.01,-272.4,-436.54
215.71,-142.73,-281.32
174.44,-151.55,-279.28
260.41,-257.18,-464.85
211.88,-246.4,-405.69
149.98,-15.864,-158.61
170.41,-30.474,-174.72
124.23,-10.752,-65.837
254.09,-239.76,-435.3
192.56,-68.441,-213.06
218.76,-223.74,-368.35
195.52,-130.82,-241.88
218.65,-172.18,-308.87
244.51,-209.38,-400.57
142.95,-70.737,-200.58
138.63,29.174,-20.905
216.77,-251.2,-409.35
155.26,-66.871,-144.95
131.24,-41.521,-119.72
142.64,-73.415,-172.26
225.98,-177.07,-325.1
130.47,41.654,-74.467
120.88,8.0997,-109.6
153.67,-67.53,-220.88
135.16,-52.096,-136.62
197.77,-219.83,-412.97
210.87,-120.02,-260.22
173.38,-113.37,-212.11
175.32,-52.504,-210
104.73,31.757,-65.733
186.78,-112.1,-214
216.42,-186.78,-321.53
146.35,-83.265,-187.84
118.91,34.22,2.2192
90.246,54.396,-22.853
178.48,-111.78,-209.93
120.35,9.7829,-107.42
121.06,5.8571,-111.76
154.1,23.675,-69.873
215.42,-256.28,-419.22
133.5,-43.471,-119.68
228.76,-182.3,-388.95
203.97,-193,-324.99
178.36,-39.571,-180.9
134.34,-29.837,-92.678
209.3,-232.17,-383.58
208.48,-249.4,-417.36
195.81,-84.334,-246.08
146.93,-64.853,-208.22
181.37,-40.021,-169.34
187.04,-186.1,-327.83
117.79,21.724,-14.973
183.77,-45.978,-178.51
194.86,-77.748,-200.86
190.18,-76.228,-238.88
133.2,-49.451,-135.32
210.33,-215.6,-357.01
183.03,-56.846,-210.35
215.7,-229.63,-454.26
229.95,-255.95,-495.51
169.63,-29.191,-173.13
163.63,-13.651,-149.93
137.79,-39.535,-107.32
222.1,-163.23,-307.86
169.22,-99.31,-191.75
229.26,-209.38,-433.36
250.12,-236.82,-417.96
120.23,-20.007,-93.328
136.1,-23.919,-82.411
128.15,-35.626,-112.51
134.45,58.491,-39.885
177.77,-116.54,-216.44
112.98,9.7989,-94.823
231.08,-207.41,-429.57
200.84,-184.5,-313.02
207.54,-219.8,-434.66
166.3,-28.027,-173.98
174.94,-91.209,-181.92
122.75,19.902,-100.07
165.32,-131.85,-257.08
130.82,-44.094,-127.85
140.56,3.4988,-47.775
223.12,-245.8,-398.99
218.52,-195.37,-332.89
238.37,-241.34,-400.95
143.3,-78.341,-190.55
176.6,-47.518,-140.71
262.2,-282.09,-473.24
168.24,-58.826,-139.45
161.42,-98.173,-258.61
122.97,-5.9674,-58.175
163.89,-28.601,-105.15
114.36,10.267,-35.214
207.85,-155.84,-358.89
109.23,11.005,-40.207
209.8,-196.81,-412.69
171.86,-31.728,-122.01
136.92,50.667,-53.418
150.83,-96.349,-211.35
171.22,-51.249,-134.96
197.77,-181.53,-385.19
139.99,36.444,-18.294
184.67,-172.57,-304.05
138.17,-65.738,-171.84
166.38,-123.62,-234.83
191.71,-187.79,-381.36
168.05,-137.74,-293.94
199.78,-193.34,-326.58
176.85,-141.12,-318.76
250.72,-252.13,-488.36
213.64,-271.25,-478.64
201.2,-190.8,-322.23
232.42,-182.8,-344.67
201.82,-162.68,-283.76
199.64,-86.488,-220.69
192.96,-157,-274.04
191.96,-196.71,-387.18
188.85,-66.436,-179.22
140.87,-18.102,-74.35
233.59,-229.52,-461.99
140.33,53.417,-34.308
176.34,-137.03,-314.65
215.61,-271.19,-448.15
205.58,-247.23,-421.68
210.04,-227.91,-376.04
190.47,-63.368,-206.21
203.89,-130.05,-250.08
123.55,-28.588,-107.67
211.4,-222.71,-442.43
192.46,-89.883,-261.7
202.93,-114.13,-235.94
175.17,-67.729,-233.82
134.31,67.157,-9.9169
179.84,-63.446,-157.71
115.22,5.1548,-44.121
240.46,-207.64,-377.74
142.69,-4.9957,-142.05
213.88,-166.87,-297.83
257.94,-269.3,-455.42
225.78,-175.05,-323.34
168.71,-125.84,-292.07
138.66,-56.474,-184.87
255.2,-252.16,-481.37
148.9,-82.679,-221.74
165.85,-82.737,-249.3
181.83,-180.91,-340.13
238.75,-199.37,-370.05
219.05,-147.77,-292.52
248.43,-228.19,-410.02
157.85,-82.007,-167.88
198.67,-147.01,-262.92
149.12,-58.41,-206.57
134.95,-56.69,-152.03
204.73,-113.33,-239.45
154.42,-83.12,-171.92
169.79,-65.866,-230.76
210.95,-132.5,-264.46
187.99,-162.25,-282.95
110.02,1.2094,-66.294
220.19,-273.86,-445.12
253.73,-249.64,-479.18
171.41,-94.615,-267.09
211.74,-252.34,-467.68
204.77,-100.38,-259.5
244.41,-235.32,-403.65
138.43,5.7935,-126.42
171.85,-17.157,-134.73
139.88,9.9463,-121.1
213.67,-127.19,-270.99
199.05,-163.45,-366.39
127.3,39.422,2.4421
179.7,-172.54,-317.34
139.12,-52.872,-130.94
247.06,-227.13,-405.01
185.28,-178.65,-315.37
148.27,-90.532,-206.09
223.55,-172.24,-344.6
213.59,-226.37,-407.98
190.42,-117.86,-338.39
208.71,-107.64,-270.74
146.49,-68.261,-231.16
193.6,-200.73,-413.69
176.14,-132.94,-280.16
210.38,-133.12,-290.63
254.71,-233.47,-455.08
235.37,-260.04,-453.44
169.99,-51.701,-245.5
177.63,-45.001,-233.77
185.18,-169.76,-379.71
232.16,-171.66,-362.38
217.28,-126.58,-336.63
180.61,-113.98,-327.27
192.35,-192.94,-409.35
158.35,-66.134,-254.49
236.2,-217.11,-403.85
222.02,-221.91,-482.05
206.78,-223.27,-463.79
214.39,-245.67,-495.33
194.66,-114.41,-334.88
184.07,-171.91,-375.32
199.55,-221.25,-429.08
139.03,-51.374,-203.93
189.96,-159.32,-383.13
223.91,-141.86,-329.88
208.04,-95.279,-278.1
246.52,-208.45,-447.88
115.91,-0.48775,-119.67
155.85,-83.486,-263.38
187.08,-169.64,-335.4
159.15,-68.486,-182.69
137.46,23.56,-136.14
128.03,45.363,-104.21
229.16,-190.81,-369.48
193.96,-190.03,-413.39
256.78,-240.99,-495.62
150.79,-48.98,-154.52
159.88,-106.3,-279.87
159.74,-51.737,-158.46
171.3,-76.646,-194.86
171.83,-70.099,-186.74
226.04,-144.84,-348.9
217.12,-120.51,-317.58
149.16,-70.013,-194.12
195.86,-81.042,-225.83
172.63,-143.08,-326.29
174.31,-142.7,-304.37
233.19,-205.95,-462.28
143.24,-24.336,-118.11
115.71,85.962,-44.599
155.09,12.666,-149.27
201.86,-81.185,-246.04
217.61,-206.74,-461.29
183.39,-92.304,-302.98
188.35,-186.02,-371.39
230.66,-258.86,-451.47
155.2,31.226,-106.73
150.89,1.0119,-169.52
181.47,-113.52,-327.54
200.03,-214.45,-403.84
238.75,-188.76,-424.38
131.96,-35.957,-153.44
204.3,-179.36,-419.95
219.44,-144.72,-370.76
107.98,30.451,-43.937
208.5,-133.07,-287.89
150.58,-7.6271,-99.213
222.5,-134.78,-332.44
123.8,24.649,-46.228
213.38,-124.63,-290.45
195.32,-86.279,-228.19
241.61,-271.69,-470.36
132.18,9.5928,-150.12
171.08,-34.288,-219.56
227.44,-206.83,-464.65
171.77,-118.7,-258.9
210.88,-147.31,-380.97
206.17,-117.19,-335.57
212.27,-250.43,-453.61
148.17,22.939,-135.92
207.87,-207.87,-381.79
205.66,-116.87,-269.62
129.38,83.211,-37.689
145.74,44.501,-97.144
209.81,-149.94,-384.98
218.41,-231.88,-489.76
163.28,-102.35,-238.35
197.54,-213.06,-409.69
153.01,-9.8171,-103.66
219.8,-169.68,-337.25
245.78,-259.32,-458.1
118.16,2.7667,-88.35
119.22,-2.5386,-135.77
181.19,-27.12,-177.12
209.95,-172.59,-332.48
200.22,-220.59,-441.02
179.98,-26.041,-168
147.29,-23.533,-199.28
195.04,-83.618,-286.92
202.4,-117.05,-337.59
136.53,-25.597,-122.56
141.59,-42.144,-208.53
199.68,-219.41,-438.47
178.72,-61.41,-182.71
140.9,63.586,-38.28
175.17,-39.61,-226.22
213.19,-256.48,-496.17
201.68,-201.79,-376.29
181.05,-34.879,-169.34
154.43,-94.734,-248.7
162.65,-115.18,-288.86
113.17,10.285,-81.251
157.69,-65.983,-253.51
159.95,-106.82,-257.59
202.41,-83.171,-247.54
228.27,-275.05,-476.98
191.48,-111,-247.62
127.04,-27.122,-152.7
134.46,-39.902,-155.98
220.2,-180.98,-349.37
203,-191.02,-430.59
160.64,13.633,-139.57
169.91,-127.07,-319.27
162.49,-113.65,-289.53
138.51,53.06,-30.183
149.82,27.857,-125.89
201.32,-107.92,-323.52
218.36,-131.34,-345.1
191.83,-192.23,-374.47
223.66,-276.21,-484.08
244.02,-237.15,-433.2
172.53,-8.555,-142.1
200.09,-168.27,-324.5
201.31,-111.08,-328.65
110.05,36.436,-30.699
129.31,64.155,-75.685
177.92,-69.183,-189.9
232.86,-208.66,-391.46
191.06,-110.4,-328.89
179.57,-26.673,-192.46
182.35,-94.184,-305.08
137.39,-41.708,-153.26
168.31,-74.361,-191.03
120.59,31.514,-36.085
168.84,-117.72,-260.68
132.91,-6.3006,-92.117
140.48,53.452,-34.522
181.44,-166.76,-345.21
210.84,-219.86,-399.2
220.3,-177.81,-423.94
182.26,-147.44,-360.43
172.4,-12.955,-139.47
132.86,79.442,-38.23
182.34,-50.741,-240.07
128.6,-29.961,-163.24
217.41,-147.13,-313.64
220.17,-226.74,-486.1
132.56,-39.739,-175.89
147.32,40.962,-102.33
174.64,-145.68,-311.39
131.98,62.675,-76.722
176.55,-52.131,-171.26
124.86,74.357,-60.533
169.45,-90.202,-213.64
164.39,-45.175,-152.31
174.66,-80.419,-200.99
160.23,-110.07,-274.55
184.39,-172.67,-349.15
105.37,27.831,-55.176
180.31,-107.98,-239.07
248.04,-209.05,-439.43
184.08,-172.54,-350.11
190.08,-151.09,-300.88
209.36,-243.81,-446.37
208.15,-138.43,-292.61
107.27,89.396,-39.038
99.441,37.231,-47.992
185.25,-87.96,-216.79
148.98,6.4177,-161.65
215.28,-205.17,-457.87
253.72,-230.77,-480.08
201.85,-228.01,-437.48
175.02,-63.653,-181.35
127.37,2.4588,-151.37
231.71,-160.94,-366.6
193.81,-144.28,-372.07
116.06,22.823,-117.66
144.13,24.159,-60.465
185.67,-125.46,-263.87
213.16,-169.2,-411.92
164,-9.7578,-182.37
151.23,21.08,-73.888
219.95,-165.8,-406.03
191.74,-62.557,-250.14
170.18,-80.05,-280.93
198.95,-188.07,-422.09
150.1,-41.891,-143.76
129.51,50.189,-18.708
174.46,-139.29,-336.98
116.61,58.355,-82.871
147.46,-76.755,-221.94
137.01,9.5991,-70.177
194.21,-171.85,-331.77
148.11,48.278,-78.801
226.56,-169.86,-407.94
197.85,-81.393,-230.8
186.09,-111.74,-245.56
224.68,-176.13,-419.87
170.59,-129.78,-283.16
143.47,-43.972,-213.35
171.11,-3.0672,-143.57
106.69,62.772,-70.169
178.88,-23.709,-185.79
170.24,-110.57,-310.65
108.13,19.714,-97.384
116.53,16.631,-61.792
177.9,-110.12,-320.54
190.28,-81.012,-285.96
203.63,-227.78,-456.25
206.29,-117.46,-335.93
132.59,77.93,-43.528
177.04,-132.81,-278.97
160.57,-75.331,-265.92
141.64,-60.781,-192.77
140.19,-57.485,-205.05
247.85,-240.55,-441.79
132,61.926,-12.395
209.47,-113.21,-324.39
132.39,-4.7953,-164.61
169.79,-101,-301.87
213.47,-256.08,-497.3
191.45,-190.26,-370.75
183.01,-134.5,-277.73
165.77,-19.534,-127.98
151.08,-38.031,-138.09
202.63,-129.11,-277.13
236.23,-225.14,-412.13
117.71,6.5295,-80.671
227.01,-159.72,-342.68
231.5,-275.07,-475.17
126.8,-26.539,-152.18
201.76,-143.94,-375.9
140.79,17.062,-145.76
114.44,3.291,-115.74
233.51,-168.99,-368.22
212.74,-259.79,-491.17
216.79,-249.4,-502.92
142.04,27.809,-54.517
228.39,-188.46,-366.24
191.61,-197.46,-393.4
141.65,2.9731,-164.43
191.77,-198.03,-401.62
182.69,-43.55,-176.27
130.98,67.575,-68.555
172.01,-12.914,-138.12
154.05,2.2099,-92.942
200.3,-91.647,-295.72
115.28,1.8558,-119.48
192.95,-196.25,-381.02
144.49,-46.794,-217.21
169.3,-129.63,-286.56
127.78,-22.351,-164.98
169.71,-134.27,-316.32
245.25,-213.73,-417.47
127.13,83.102,-41.993
101.02,35.966,-45.25
168.75,-123.61,-314.67
133.76,-42.678,-170.18
108.39,52.516,-82.025
204.43,-224.15,-458.28
197.39,-103.19,-317.96
242.56,-209.42,-408.25
178.55,-89.626,-297.66
163.1,-81.745,-202.25
242.11,-229.79,-495.11
206.81,-189.52,-354.49
139.52,21.195,-139.82
119.29,47.591,-97.393
158.92,-71.641,-187.74
200.9,-120.76,-343.68
214.02,-187.2,-352.56
217.7,-227.42,-407.94
152.4,-14.181,-190.81
115.35,10.345,-122.47
189.66,-189.81,-396.99
229.48,-233.46,-500.18
250.26,-246.88,-451.11
126.78,53.835,-92.158
199.69,-121.79,-266.51
123.42,75.038,-60.022
89.419,57.651,-26.963
128.31,-20.241,-166.61
180.6,-61.119,-258.48
223.29,-259.45,-455.03
100.55,54.404,-68.711
202.61,-220.26,-410.38
173.28,-20.581,-192.79
245.27,-201.3,-419.1
103.73,46.486,-17.022
193.1,-80.976,-220.32
218.46,-163.67,-403.36
151.56,37.155,-101.97
197.03,-207.26,-395.41
141.09,1.4712,-82.341
213.18,-250.92,-495.07
210.8,-200.45,-369.83
95.674,44.967,-53.162
211.85,-122.4,-285.58
204.17,-227.51,-458.39
138.41,0.43775,-82.605
232.17,-183.87,-426.58
169.15,-133.3,-313.1
214.54,-117.54,-292.7
139.58,56.464,-80.859
115.97,31.396,-110.71
108.54,19.546,-69.166
193.13,-173.83,-400.55
186.41,-169.32,-383.2
191.07,-97.186,-310.48
162.51,-105.67,-290.36
179.42,-51.662,-243.84
141.36,-40.718,-207.15
227.48,-156.13,-343.24
146.88,-17.556,-192.2
111.41,39.495,-24.924
219.82,-220.75,-479.11
181.83,-43.462,-174.09
203.88,-108.48,-322.51
198.72,-70.718,-242.39
184.55,-122,-339.55
194.8,-61.598,-222.26
165.9,-107.24,-244.31
103.2,45.45,-79.173
188.29,-46.259,-197.18
99.284,37.606,-66.141
235.8,-255.08,-447.08
109.56,45.208,-16.246
94.721,61.442,-52.948
88.41,60.483,-28.665
176.11,-68.906,-188.08
185.07,-135.18,-353.92
216.72,-244.73,-435.83
207.02,-137.72,-290.62
197.75,-157.98,-309.98
155.33,-23.081,-203.46
146.25,-35.38,-134.44
173.44,-98.662,-304.03
153.46,-86.558,-223.38
163.12,-81.917,-275.38
204.02,-144.58,-377.27
168.04,-124.14,-276.34
127.86,-20.312,-165.23
195.3,-189.33,-416.21
189.23,-146.09,-369.63
177.26,-87.252,-210.77
174.22,-120.03,-324.95
211.59,-128.92,-351.07
145.38,34.769,-54.298
231.13,-211.04,-392.08
132.01,-35.333,-151.21
137.95,60.827,-25.832
139.3,55.475,-83.343
119.66,16.639,-128.2
198.49,-207.28,-433.85
221.85,-263.68,-463.47
155.68,-44.579,-229.54
151.72,20.956,-137
217.43,-266.82,-477.36
152.85,-87.938,-229.77
226.18,-257.52,-450.46
139.28,35.496,-44.116
141.45,49.071,-93.68
230.15,-241.99,-428.43
179.85,-126.1,-338.66
147.49,-42.557,-218.61
195.68,-107.08,-324.38
129.98,-18.326,-115.19
118.17,37.28,-107.75
208.96,-129.73,-354.46
191.71,-108.07,-244.46
143.57,-33.894,-205.55
95.185,51.154,-56.189
184.1,-66.566,-194.37
163.73,-15.481,-121.61
100.01,37.018,-45.849
213.37,-219.33,-397.12
197.75,-168.35,-324.91
120.24,-9.8814,-135.72
160.83,-106.5,-253.03
141.29,64.283,-50.614
204.36,-140.28,-290.79
154.72,-3.6908,-176.26
148.64,-62.857,-235.71
195.63,-96.522,-237.02
245.83,-234.9,-433.7
229.43,-195.06,-373.88
137.75,-51.661,-196.01
159.75,-107.54,-261.5
182.02,-166.01,-339.78
170.82,-2.7353,-140.22
195.23,-179.73,-344.16
114.93,66.592,-71.741
181.22,-163.53,-363.91
213.82,-120.3,-330.93
202.57,-119.75,-267.67
91.338,66.665,-42.894
214.24,-229.71,-482.27
172.68,-107.08,-311.39
203.56,-99.795,-306.94
256.83,-240.16,-493.3
225.66,-143.71,-343.17
200.75,-165.58,-401.62
227.17,-148.07,-348.2
161.56,19.053,-111.57
104.21,25.782,-68.181
172.04,-104.99,-308.6
142.07,-24.88,-119.07
167.61,-74.607,-272.76
120.88,2.4228,-139.45
189.58,-177,-395.33
144.85,41.736,-49.493
210.27,-135.26,-362.64
136.34,-17.043,-108.23
176.27,-54.12,-172.79
143.85,31.685,-53.812
220.23,-131.65,-339.5
195.32,-142.94,-289.15
195.86,-205.6,-423.75
175.98,-16.939,-176.42
166.87,-125.43,-284.33
193,-111.3,-280.84
182.6,-159.12,-385.79
86.929,87.1,-46.359
244.73,-203.05,-435.06
214.61,-151.78,-421.86
178.94,-144.93,-343.06
161.12,-96.182,-303.68
132.21,2.4723,-115.36
100.68,47.2,-88.485
206.99,-231.18,-471.46
167.44,-79.581,-233.82
132.28,-12.085,-195.98
186.39,-88.434,-249.49
207.1,-163.11,-434.84
163.41,-100.78,-278.44
120.1,17.131,-98.257
152.56,-53.843,-199.37
228.92,-141.75,-379.01
124.77,0.14195,-127.32
194.74,-112.33,-365.84
123.92,-4.2815,-168.17
178.85,-141.21,-372.98
119.6,4.6221,-130.37
228.25,-200.94,-409.45
124.39,30.972,-72.361
165.45,-1.6179,-140.58
216.75,-224.19,-509.72
164.22,-6.087,-142.11
205.12,-131.8,-393.88
218.64,-125.95,-328.46
162.46,-54.008,-196.33
229.97,-160.54,-374.84
93.689,62.362,-46.027
202.63,-93.346,-335.53
154.27,47.887,-104.66
146.79,11.951,-105.4
213.28,-232.52,-456.51
150.37,41.145,-85.119
131.9,29.883,-158.32
147.43,-49.041,-249.77
88.096,74.985,-47.834
139.57,-12.617,-137.07
167.07,-115.01,-305.3
92.404,86.985,-58.015
210.01,-241.42,-495.62
155.77,-69.398,-279.96
205,-224.6,-479.18
211.38,-244.55,-504.6
124.77,26.611,-78.963
175.01,-64.295,-297.01
219.65,-184.66,-467.28
130.72,74.18,-96.218
197.2,-179.56,-380.12
224.51,-183.59,-466.41
148.38,-7.2828,-129.66
214.97,-122.2,-374.14
209.36,-189.69,-389.26
189.86,-138.52,-317.57
106.78,36.215,-79.485
135.31,-5.4822,-197.27
160.53,-63.197,-210.44
178.34,-107.1,-347.86
119.45,5.2243,-152.04
134.2,62.857,-41.633
120.02,12.35,-155.55
211.07,-239.99,-477.68
174.57,-137.82,-347.84
154.25,11.317,-189.48
129.39,56.081,-124.01
155.43,-46.43,-185.72
155.32,39.303,-136.1
161.03,7.1247,-126.69
150.61,19.592,-101.29
210.78,-104.65,-346.32
152.98,-13.816,-139.97
121.8,-1.5937,-142.51
198.28,-77.858,-312.22
126.71,15.323,-167.3
171.54,-114.65,-341.89
236.94,-179.16,-450.39
189.62,-166.29,-365.55
111.32,39.91,-63.222
105.78,37.8,-78.111
132.99,-18.313,-153.7
184.7,-155.64,-395.86
92.904,100.93,-47.152
176.04,-122.33,-356.78
191.95,-155.12,-410.92
162.8,3.9534,-197.94
207.38,-123.1,-306.19
203.21,-221.12,-463.01
211.91,-110.66,-356.46
239.55,-174.16,-412.6
147.48,18.603,-179.05
96.652,66.221,-27.497
170.21,5.4526,-184.34
143.25,-54.252,-230.46
189.27,-34.884,-227.06
204.17,-186.5,-457.14
172.05,-0.88523,-155.79
86.174,80.377,-42.944
226.65,-255.85,-483.65
199.46,-67.298,-287.99
229,-159.26,-371.78
166.16,-84.199,-310.13
204.16,-81.711,-310.25
178.35,-140.14,-332.87
124.2,50.183,-129.38
124.53,72.704,-20.592
167.15,-23.372,-161.75
145.96,66.508,-81.375
118,20.382,-147.55
224.82,-144.13,-401.76
141.78,23.62,-171.07
179,-14.904,-180.05
152.83,27.831,-97.821
93.573,88.71,-58.658
170.7,-121.51,-309.1
162.82,-94.869,-309.75
123.44,-3.9099,-165.9
202.53,-82.584,-266.59
188.3,-168.36,-372.81
209.09,-107.01,-353.27
127.78,17.805,-166.68
204.72,-172.52,-364.98
140.95,31.071,-79.545
214.29,-102.73,-311.59
148.61,-0.38929,-204.69
190.87,-41.606,-223.35
256.82,-229.09,-482.66
134.91,57.672,-121.64
135.84,66.579,-41.554
142.45,58.56,-59.302
208.9,-235.13,-496.36
210.43,-159.6,-349.13
188.02,-32.176,-226.69
229.55,-143.7,-375.17
222.55,-213.3,-422.24
144.98,-23.715,-226.78
177.02,-138.83,-365.92
201.64,-178.82,-446.47
168.35,10.841,-143.6
181.73,-61.13,-215.43
220.8,-125.65,-370.35
153.35,11.267,-112.41
140.21,77.04,-52.551
184.63,-146.8,-335.2
91.717,67.696,-35.726
143.34,-36.573,-233.77
229.34,-159.48,-372.7
172.56,-1.0797,-157.54
173.44,-19.42,-167.29
178.05,-110.62,-278.59
131.72,18.93,-170.15
130.16,65.555,-110.28
203.94,-208.33,-473.48
233.64,-198.29,-411.85
99.53,85.623,-69.33
206.75,-136.48,-400.46
117.4,97.921,-62.146
152.1,-28.991,-160.09
232.96,-174.52,-447.52
179.42,-121.88,-296.18
249.57,-203.24,-468.29
254.16,-250.41,-488.74
158.89,33.856,-112.33
115.72,13.277,-138.71
172.72,4.7822,-163.63
179.6,-144.51,-376.19
107.87,29.59,-99.861
217.96,-115.89,-324.16
145.17,66.107,-90.831
180.4,-52.277,-205.15
157.07,41.232,-121.01
174.39,-86.764,-243.39
224.06,-245.35,-468.47
211.36,-244.85,-492.37
183.57,-22.523,-217.58
193.34,-187.9,-431.84
179.15,-142.85,-374.34
129.53,52.646,-46.285
139.08,-43.304,-217.71
199.79,-62.533,-258.89
223.79,-127.16,-353.58
230.7,-196.72,-406.97
134.47,72.471,-35.346
131.95,-19.597,-197.09
179.97,-14.028,-206.1
207.72,-192.03,-467.07
118.73,18.739,-96.727
216.06,-161.24,-435.19
169.89,-20.794,-235.28
175.18,-18.947,-170.36
122.65,73.449,-98.637
168.77,-63.925,-210.91
151.22,-62.739,-265.46
214.8,-188.39,-387.5
204.85,-93.722,-278
147.04,62.159,-96.143
138.43,-42.097,-214.03
148.11,40.27,-144.47
209.38,-91.089,-291.42
204.08,-74.884,-272.92
209.04,-87.357,-306.71
236.89,-178.95,-402.15
119.38,7.53,-153.33
102.04,104.94,-50.114
229.44,-239.74,-458.96
147.31,-62.384,-228.6
100.36,59.084,-89.416
93.8,61.857,-65.148
195.68,-198.45,-436.58
107.02,36.804,-112.1
179.45,-11.74,-185.44
127.04,0.50545,-177.78
140.79,21.8,-89.769
182.69,-33.79,-247.86
195.82,-189.3,-401.46
189.01,-126.86,-300.46
138.67,82.333,-52.546
216.03,-211.01,-495.84
251.54,-223.31,-463.45
219.57,-120.89,-330.4
130.44,60.359,-118.04
171.88,-13.06,-220.89
180.45,-88.258,-329.27
209.44,-110.97,-360.01
145.92,66.639,-80.224
125.94,-2.8434,-176.06
202.13,-82.828,-265.68
137.96,47.663,-59.859
237.79,-168.5,-406.1
162.3,28.13,-144.23
136.75,12.298,-100.1
229.87,-144.31,-379.7
235.47,-200.62,-488.9
163.77,13.653,-128.62
203.34,-125.62,-385.2
208.57,-117.12,-371.09
246.03,-207.54,-440.81
238.86,-198.54,-419.63
207.03,-203.05,-476.16
217.98,-112.09,-326.99
138.44,71.225,-94.667
146.34,60.778,-103.26
196.83,-118.66,-374.71
129.11,-14.317,-152.84
174.68,-9.9919,-211.11
168.81,-71.16,-300.86
202.16,-211.74,-436.35
222.61,-149.44,-351.94
154.48,-49.983,-191.66
184.2,-32.114,-198.36
167.49,13.043,-171.84
161.56,29.324,-143.81
197.39,-151.14,-413.71
202.18,-206.17,-423.64
90.347,83.922,-55.784
120.69,23.316,-86.098
199.64,-108.58,-361.1
155.81,-23.223,-153.15
140.4,-33.88,-225.52
218.37,-184.54,-383.8
128.04,-13.281,-153.35
120.86,26.189,-80.991
153,-50.38,-261.38
164.08,-45.762,-268.52
162.87,9.8191,-128.31
215.45,-137.73,-400.31
151.2,-41.79,-179.76
162.33,21.364,-164.02
199.45,-61.476,-258.14
195.55,-186.81,-396.67
213.71,-237.81,-514.41
183.12,-151.2,-389.53
136.61,19.112,-174.1
232.67,-152.57,-388.3
188.37,-167.12,-411.06
155.03,-34.183,-167.68
240.45,-184.03,-414.73
199.74,-130.92,-308.43
166.8,-21.322,-159.35
108.22,40.822,-115.5
197.15,-96.537,-343.74
121.95,17.124,-157.82
114.48,15.74,-115.67
161.88,21.202,-121.41
162.32,10.997,-126.53
138.08,64.295,-108.81
161.36,-100.52,-287.13
123.16,34.283,-145.65
206.77,-230.17,-486.22
168.84,-1.8218,-147.39
164.36,-93.213,-313.1
191.24,-94.225,-340.83
157.18,-65.327,-215.93
170.17,9.2912,-151.76
135.69,85.982,-63.553
223.13,-133.87,-344.6
160.95,16.88,-120.46
242.9,-238,-463.05
146.8,-34.766,-238.88
134.5,86.034,-67.274
216.81,-186.43,-385.51
144.8,46.148,-71.126
162.4,-71.022,-293.14
171.44,-120.36,-304.16
196.22,-71.908,-303.6
161.5,-75.366,-295.32
125.95,69.347,-25.429
118.82,53.066,-40.145
215.51,-232.09,-514.54
197.2,-71.12,-300.84
212.24,-202.87,-408.13
213.97,-116.04,-311.7
209.53,-236.93,-499.05
155.79,-0.51287,-126.77
256.14,-224.04,-481.23
205.68,-219.4,-444.28
221.8,-212.81,-421.47
152.97,44.872,-127.73
156.67,-34.173,-249.82
144.02,54.131,-64.868
188.08,-44.895,-262.18
219.42,-194.6,-396.9
170.42,-15.068,-225.59
89.936,69.012,-43.558
215.97,-163.85,-357.79
222.26,-157.45,-427.93
143.95,25.923,-168.34
142.07,70.407,-88.96
181.57,-145.99,-338.56
128.94,35.277,-149.98
184.26,-56.351,-213.88
178.21,-73.781,-227.04
231.84,-238.63,-457.75
174.66,-18.622,-228.4
210.33,-235.38,-468.53
126.03,-10.793,-153.97
212.03,-97.932,-327.06
198.28,-114.34,-369.23
179.6,-119.76,-361.25
231.29,-159.13,-377.8
217.22,-252.23,-488.75
190.12,-139.22,-393.6
167.45,10.074,-140.09
134.95,-30.119,-206.86
172.35,-131.62,-337.41
206.54,-125.72,-385.14
204.14,-198.4,-406.02
136.6,-26.622,-165.62
231.49,-210.65,-422.99
206.41,-208.2,-479.03
194.69,-159.37,-418.77
153.38,-69.682,-273.94
117.92,43.059,-131.14
183.28,-26.301,-194.84
191.77,-112.79,-365.29
247.39,-202.94,-443.25
210.97,-139.88,-405.12
178.01,-70.982,-306.72
142.94,45.472,-68.551
225.82,-171.89,-376.35
201.36,-215.08,-461.54
149.57,1.1276,-119.88
214.94,-120.87,-316.73
210.53,-239.76,-479.36
192.79,-47.806,-229.44
203.75,-202.04,-412.98
124.26,-7.8804,-153.82
213.85,-252.24,-502.54
124.82,99.585,-53.8
181.39,-110.89,-355.16
104.05,37.878,-90.771
153.96,-48.528,-261.26
112.07,87.9,-76.285
223.5,-149.73,-414.02
187.58,-54.989,-281.76
129.88,-5.3251,-187.15
135.86,33.305,-156.32
166.33,19.9,-142.44
114.84,74.482,-94.537
191.2,-184.98,-418.98
227.23,-196.65,-403.78
164.36,-43.416,-265.89
192.99,-101.92,-269.77
202.32,-78.249,-306.65
232.17,-229.01,-445.43
232.76,-161.38,-421.64
123.87,81.159,-87.181
174.36,-85.14,-241.06
206.15,-228.23,-483.73
215.96,-107.17,-337.1
234.18,-157.65,-404.78
196.7,-124.65,-382.35
99.23,48.577,-75.515
210.42,-118.62,-372.31
115.05,84.141,-82.263
150.8,48.572,-84.457
191.8,-44.97,-253.12
144.75,61.159,-64.668
209.29,-213.11,-488.27
220.99,-257.65,-492.64
222.24,-256.36,-488.47
169.93,11.363,-165.06
241.66,-184.53,-419.37
205.91,-224.67,-456.47
153.98,-73.238,-236.13
179.8,-85.939,-326.11
153.6,-18.501,-146.19
154.16,-17.161,-144.73
138.72,52.881,-128.17
198.53,-92.949,-266.39
129.57,14.747,-96.486
162.24,-47.284,-186.94
92.372,72.035,-64.444
136.33,38.327,-67.662
205.21,-118.56,-299.16
179.52,-26.805,-238.36
242.65,-217.99,-512.43
168.79,-101.14,-269.36
192.5,-169.88,-368.14
178.31,-13.231,-210.35
193.37,-45.324,-238.65
234.42,-180.74,-456.93
172.43,-45.035,-189.56
145.78,-51.576,-246.26
164.43,-8.3401,-144.35
212.93,-153.14,-343.31
140.95,37.372,-151.71
176.63,-6.3306,-173.55
121.09,4.2069,-125.93
190.01,-164.73,-361.86
232.41,-228.65,-289.04
130.63,-52.8,28.142
222.31,-266.69,-368.62
240.98,-346.87,-398.67
187.96,-118.6,-139.2
258.33,-312.6,-380.24
172.29,-190.78,-175.64
166.39,-167.18,-138.06
123.39,-87.685,-54.312
197.62,-137.36,-157.7
160.01,-47.56,-27.732
197.11,-148.9,-137.58
172.8,-208.15,-216.19
168.09,-158.82,-123.54
205.86,-296.73,-341.95
205.44,-157.87,-189.02
205.96,-246.37,-333.14
125.78,-70.955,-63.159
243.24,-352.11,-406.44
187.45,-155.4,-206.18
219.56,-307.63,-414.44
219.11,-329.45,-384.85
243.57,-258.59,-326.09
128.25,-99.231,-68.855
245.09,-268.68,-322.65
155.41,-138.53,-96.219
254.09,-301.82,-410.64
189.69,-242.55,-303.99
256.26,-295.11,-379.88
203.38,-228.5,-225.17
187.19,-110.44,-112.4
226.55,-214.94,-274
261.06,-312.33,-416.19
254.19,-290.4,-363.76
111.65,-43.113,-19.635
178.66,-224.08,-240.1
223.92,-228.34,-308.56
165.83,-67.67,-28.936
247.57,-270.06,-343.97
213.56,-190.81,-198.6
171.76,-202.99,-234.25
236.37,-323.68,-364.88
224.54,-207.38,-258.63
215.24,-276.11,-294.26
221.8,-320.64,-363.73
176.23,-207.56,-203.95
124.03,-21.607,-12.52
187.16,-116.02,-100.87
182.68,-101.93,-87.383
241.36,-273.67,-373.74
173.47,-179.04,-153.8
107.48,-19.334,3.6431
133.88,-88.924,-89.645
143.33,-128.4,-92.25
259.5,-322.46,-388.81
246.09,-283.48,-386.41
199.87,-280.15,-348.34
201.25,-148.67,-178.48
156.45,-108.18,-133.97
192.59,-166.42,-222.15
227.87,-264.55,-366.18
152.9,-156.87,-141.31
175.53,-205.4,-248.01
214.31,-190.44,-200.47
148.53,-27.047,-8.955
235.7,-318.69,-443.39
209.81,-305.78,-352.75
248.63,-278.99,-337.52
170.04,-202.14,-223.7
233.93,-310.7,-346.35
140.73,-49.862,-53.958
188.43,-178.2,-153.72
197.02,-184.81,-249.09
174.34,-211.02,-218.01
137.88,-59.972,-65.862
162.52,-111.73,-141.56
185.86,-216.09,-277.3
176.65,-87.342,-87.979
189.68,-171.34,-229.16
243.71,-260.14,-319.79
156.62,-44.803,-33.572
99.845,-32.708,37.96
140.69,-40.8,34.405
171.19,-165.51,-209.5
201.19,-287.35,-335.2
239.86,-259.58,-302.07
253.27,-293.49,-393.36
163.51,-183.04,-177.87
140.82,-63.028,-71.068
209.21,-200.95,-271.6
136.66,-62.774,-68.352
243.75,-259.13,-324.7
150.87,-29.417,-8.2986
190.4,-118.8,-128.43
179.01,-149.68,-113.68
209.28,-190.65,-189.31
196.28,-244.82,-251.03
260.77,-308.55,-394.54
171.75,-140.66,-98.701
191.41,-259.8,-310.38
169.41,-137.84,-94.143
264.14,-319.71,-423.91
222.42,-224.14,-239.25
173.39,-103.12,-128.21
149.76,-150.28,-135.37
236.49,-319.89,-445.38
216.51,-271.8,-372
151.52,-125.2,-76.09
218.07,-263.56,-277.22
109.59,-50.336,19.572
166.27,-66.711,-64.445
165.98,-96.742,-46.242
170.19,-131.94,-87.22
149.97,-135.2,-95.194
215.51,-329.64,-400.47
239.56,-293.1,-408.04
193.37,-210.8,-198.64
117.75,-52.855,-37.004
170.8,-201.5,-230.04
235.95,-247.28,-328.48
190.42,-256.69,-289.09
246.97,-286.76,-335.6
164.25,-100.08,-47.458
150.85,-37.658,-28.809
231.55,-225.89,-283.72
246.31,-321.13,-367.48
217.13,-190.27,-239.19
128.62,-35.764,49.979
211.38,-190.36,-193.22
187.81,-113.87,-125.61
208.68,-164.86,-195.44
100.39,-3.8793,25.81
240.19,-249.03,-311.32
206.3,-280.96,-306.87
231.63,-234.88,-267.89
252.08,-339.36,-393.96
160.07,-164.15,-139.5
173.5,-103.5,-128.79
181.41,-214.8,-267.79
200.68,-184.85,-248.86
189.49,-228.47,-293.94
208.9,-299.35,-340.02
111.49,-7.1348,11.423
140.23,-2.459,40.822
234.77,-283.11,-393.52
191.57,-221.41,-290.6
136.98,-117.59,-105.16
208.24,-308.71,-370.44
167.65,-68.598,-65.365
228.02,-220.4,-284.1
148,-32.533,-22.384
214.84,-212.97,-217.14
230.78,-236.62,-266.06
186.09,-239.11,-254.51
192.78,-124.97,-124.45
208.08,-167.65,-208
184.83,-107.55,-118.36
197.06,-246.29,-322.09
144.62,-36.091,-32.271
163.77,-180.34,-169.01
141.44,-9.7859,17.331
182.67,-131.16,-98.516
185.91,-125.05,-156.71
254.18,-292.31,-386.56
118.77,-12.659,0.74107
170.47,-100.73,-55.703
242.19,-273.67,-372.67
212.82,-244.88,-335.78
226.61,-212.17,-251.93
140.26,-90.294,-24.91
249.46,-280.01,-370.53
199.11,-165.03,-151.72
215.05,-328.22,-409.53
192.38,-128.66,-119.11
181.48,-221.87,-271.71
141.79,-109.1,-54.844
173.33,-166.16,-212.62
260.72,-318.51,-390.14
170.04,-82.472,-43.736
204.97,-177.22,-171.38
195.6,-178.54,-239.95
224,-326.56,-438.99
148.15,-74.224,-6.2961
197.52,-264.95,-287.8
187.47,-245.03,-296.94
162.46,-146.79,-106.38
183.28,-230.12,-240
190.67,-238.05,-303.59
168.28,-164.26,-204.48
205.13,-188.47,-180.81
135.8,-116.35,-85.633
147.45,-107.08,-48.938
205.91,-256.03,-343.86
142.59,-38.54,33.922
123.54,-72.5,-59.559
149.87,-143.05,-112.21
218.54,-202.71,-265.7
205.65,-291.88,-372.43
170.25,-196.3,-191.38
233.64,-238.56,-313.68
260.25,-311.15,-416.25
245.2,-264.42,-341.15
116.52,-48.367,32.784
141.12,-44.525,30.497
158.24,-82.179,-23.687
266.25,-324.14,-421.72
213.16,-175.96,-208.83
220.93,-215.81,-288.48
191.73,-205.07,-190.34
191.87,-205.17,-190.5
227.33,-351.67,-416.5
149.2,-108.46,-50.753
189.94,-123.98,-110.41
211.28,-218.18,-217.86
227.55,-321.05,-361.12
172,-80.755,-85.282
240.92,-267.41,-362.1
184.44,-128.4,-164.17
256.86,-315.41,-377.89
208.84,-281.28,-305.02
166.59,-145.1,-183.48
113.07,6.3728,26.721
206.88,-288.25,-320.25
268.32,-338.98,-422.24
240.03,-318.16,-359.08
219.19,-252.17,-347.7
174.75,-192.48,-238.55
230.13,-235.45,-263.75
209.53,-312.72,-378.14
164.95,-89.56,-38.663
117.9,-47.855,34.403
165.07,-169.14,-202.9
163.55,-153.66,-116.95
202.9,-167.37,-160.71
137.04,-91.15,-96.46
217.63,-275.63,-293.65
145.49,-77.291,-90.777
166.8,-98.471,-123.49
155.29,-40.076,-24.54
202.47,-154.43,-155.16
188.64,-146.07,-119.78
188.98,-254.24,-292.29
154.79,-159.6,-169.68
246.29,-275.14,-368.1
204.41,-270.79,-355.97
200.62,-204.39,-193.07
233.83,-232.22,-279.97
241.69,-320.9,-448.92
121.5,-37.274,-28.661
137.7,-40.189,38.187
158.78,-67.611,-12.536
210.9,-172.6,-187.69
195.36,-253.96,-268.74
138.26,-115.86,-111.62
220.4,-202.6,-261.39
138.31,-101.42,-43.997
226.73,-214.7,-272.39
219.95,-335.01,-395.73
210.68,-225.46,-225.44
173.47,-210.48,-238.74
263.06,-338.19,-408
206.95,-305.17,-366.37
172.22,-88.408,-102.11
187.44,-111.11,-114.09
117.68,-73.909,-23.944
254.82,-321.36,-378.59
201.52,-153.41,-151.69
208.42,-291.45,-324.37
185.03,-206.11,-192.69
209.65,-250.61,-257.08
248.27,-292.11,-342.22
156.84,-128.85,-156.43
130.35,-50.124,31.68
209.89,-311.7,-369.39
146.11,-134.58,-100.63
129.67,-101.3,-78.758
144,-132.08,-131.25
219.45,-258.03,-270.87
151.42,-33.033,-16.851
141.67,-54.497,-60.396
174.83,-131.16,-170.86
134.32,-111.6,-95.643
211.78,-274.92,-370.87
209.53,-204.66,-201.98
164.41,-180.66,-168.03
194.64,-130.8,-150.35
123.11,-27.681,-19.401
176.2,-186.81,-165.24
205.87,-261.12,-273.02
148.32,-141.72,-146.81
108.24,-36.113,47.922
105.73,-2.5818,20.962
168.28,-182.19,-164.04
141.21,-52.89,-58.145
141.58,-56.384,-62.883
159.24,-61.145,-9.6878
210.31,-314.82,-380.12
130.47,-104.17,-78.497
244.53,-261.32,-329.78
194.55,-259.42,-281.65
191.67,-122.8,-119.52
126.98,-94.305,-50.106
203.04,-292.75,-343.39
207.5,-305.36,-378.89
209.5,-167.14,-184.88
165.84,-125.77,-160.71
189.19,-125.29,-108.09
185.86,-244.31,-287.85
108.15,-45.273,28.711
191.82,-131.22,-117.22
193.93,-162.96,-142.11
206.19,-157.58,-178.04
133.56,-108.37,-94.412
201.29,-280.51,-314.61
198.66,-138.61,-149.33
237.44,-291.2,-405.5
252.19,-319.33,-445.36
186.83,-109.67,-112.56
180.45,-94.336,-89.318
130.79,-103.71,-64.847
216.28,-245.03,-252.84
159.89,-167.45,-147.19
249.48,-282.47,-377.06
246.25,-317.45,-363.22
121.03,-78.363,-52.691
127.13,-90.725,-38.673
127.25,-94.975,-71.662
148.9,-22.505,20.272
168.01,-185.53,-171.41
130.46,-49.38,-48.922
250.35,-281.96,-372.52
191.46,-251.08,-269.55
228.04,-279.33,-387.66
185.14,-106.85,-114.09
164.35,-164.17,-134.38
145.06,-46.014,-48.144
167.1,-189.92,-216.36
131.34,-102.9,-86.986
130.1,-71.592,1.2812
213.31,-311.06,-356.55
207.87,-268.99,-284.9
228.12,-315.53,-352.45
149.42,-135.82,-149.02
170.42,-130.15,-85.229
255.7,-359.69,-421.32
157.92,-135.13,-89.51
181.02,-159.51,-210.61
115.96,-69.527,-16.132
155.53,-108.84,-51.94
107.99,-52.178,6.2375
229.13,-228.99,-302.24
106.35,-48.564,0.23555
232.21,-262.19,-361.11
166.94,-115.1,-65.655
152.42,-29.849,6.7016
154.83,-154.16,-170.19
162.13,-130.58,-82.579
219.3,-243.96,-335.89
133.89,-44.877,36.306
181.11,-232.65,-263.45
144.09,-123.23,-130.36
163.05,-184.51,-193.6
210.02,-246.08,-335.85
181.06,-194.83,-250.74
191.76,-257.36,-284.5
196.16,-201.43,-271.55
267.35,-327.72,-431.33
225.34,-323.97,-438.84
192.36,-256.18,-279.45
229.48,-265.54,-288.2
191.16,-234.52,-237
201.31,-172.07,-160.95
183.15,-225.34,-229.47
208.2,-253.45,-343.32
186.12,-151.09,-121.36
130.45,-88.776,-28.342
254.49,-300.53,-406.94
148.79,-30.183,25.966
196.11,-197.9,-266.93
214.75,-326.24,-410.27
208.03,-301.78,-383.21
202.68,-289.89,-335.2
199.63,-148.3,-144.82
195.18,-209.68,-197.38
125.17,-86.773,-66.924
232.73,-283.55,-394.3
210.43,-169.33,-201.62
196.53,-196.4,-180.77
196.62,-142.5,-176.01
141.05,-16.392,49.838
171.98,-144.56,-103.74
109.73,-56.566,-2.9238
236.86,-289.38,-322.14
165.22,-76.01,-86.529
204.12,-244.02,-247.14
251.49,-347.38,-403.16
219.57,-256.31,-268.82
186.6,-185.3,-245.86
154.16,-115.2,-139.84
268.04,-330.46,-423.53
164.11,-141.23,-176.92
188.26,-149.37,-196.85
189.23,-236.62,-299.47
236.48,-281.83,-313.58
215.3,-231.05,-235.9
245.96,-309.61,-354.33
149.92,-147.74,-124.59
188,-220.54,-215
170.02,-121.63,-156.91
138.07,-114.71,-110.97
199.71,-196.57,-183.22
148.33,-146.64,-129.65
192.12,-138.13,-174.43
205.22,-214.99,-208.95
180.28,-226.67,-240.51
112.61,-56.134,-25.854
215.8,-331.08,-406.72
267.24,-327.64,-421.35
193.91,-161.62,-214.36
228.68,-307.53,-424.69
214.03,-184.91,-198.35
236.83,-313.66,-351.53
160.91,-65.288,-70.868
179.08,-102.37,-73.689
161.94,-62.817,-64.505
212.52,-211.75,-212.75
221.58,-230.29,-313.77
117.2,-36.328,52.058
182.55,-229.38,-277.18
134.76,-114.64,-89.392
243.4,-308.19,-349.9
183.14,-237.61,-275.14
153.56,-148.1,-164.73
227.68,-251.88,-288.3
218.92,-289.22,-362.95
225.84,-188.53,-279.48
218.06,-192.68,-209.22
172.99,-127.45,-182.71
218.1,-256.63,-368.1
184.19,-195.77,-234.38
214.91,-214.12,-233.25
266.24,-315.61,-394.95
237.64,-327.43,-406.13
205.03,-125.77,-184.35
209.55,-124.79,-169.53
213.04,-227.48,-331.9
241.76,-255.34,-301.73
241.79,-210.52,-271.61
215.66,-180.39,-271.42
219.18,-249.59,-362.57
192.56,-131.17,-199.83
239.36,-293.94,-349.76
257.19,-287.04,-427.05
237.39,-280.63,-415.45
245,-302.25,-447.53
229.42,-188.08,-274.08
209.38,-228.86,-328.76
218.9,-276.43,-385.42
164.53,-110.35,-155.91
223.19,-221.19,-330.94
236.84,-227.21,-267.13
226.47,-181.66,-213.09
269.15,-290.49,-384.7
137.65,-58.578,-73.322
185.73,-143.98,-213.08
196.9,-230.23,-290.68
163.4,-136.51,-134.39
172.66,-49.473,-75.659
163.18,-27.378,-43.949
232.95,-269.47,-313.94
223.45,-247.86,-365.04
280.37,-321.38,-433.31
155.14,-116.77,-106.35
184.36,-164.62,-232.6
162.33,-123.79,-107.83
173.75,-149.46,-143.75
174.1,-144.6,-134.51
244.64,-230.08,-284.63
237.03,-206.13,-252.69
159.45,-131.89,-148.37
203.06,-165.24,-165.49
194.93,-200.48,-280.26
187.68,-201.97,-259.56
265.74,-280.54,-401.46
146.71,-93.498,-69.241
149.55,10.903,16.899
186.32,-67.659,-84.856
215.73,-167.8,-182.16
252.85,-272.77,-405.65
218.66,-164.74,-242.9
204.29,-243.17,-327.33
233.77,-323.96,-405.52
178.46,-53.906,-41.23
185.47,-74.312,-107.63
216.66,-180.46,-271.28
212.51,-272.02,-360.46
263.3,-270.72,-360.71
146.38,-95.65,-108.05
239.3,-244.28,-365.14
248.28,-225.5,-306.71
116.31,-31.434,1.2624
212.38,-213.17,-231.32
153,-84.261,-45.462
240.2,-220.41,-268.16
126.71,-44.809,2.6913
221.29,-208.66,-230.04
201.04,-169.24,-169.13
243.59,-339.89,-422.57
167.35,-57.736,-93.601
203.99,-112.83,-155.91
261.78,-278.06,-405.66
179.23,-182.33,-212.73
244.44,-222.6,-319.39
237.29,-196.65,-271.78
224.41,-306.8,-411.16
180.6,-55.831,-72.244
213.01,-271.68,-336.16
210.76,-198.8,-211.44
156.08,0.88104,26.84
173.73,-38.03,-32.118
243.93,-224.06,-324.06
252.61,-293.11,-437.73
172.36,-164.86,-192.5
213.58,-269.26,-366.25
155.6,-87.234,-49.319
223.07,-247.99,-282.1
247.95,-332.29,-406.95
128.49,-58.353,-43.116
145.66,-61.44,-87.545
198.41,-114.06,-112.07
212.1,-245.26,-281.55
224.5,-275.74,-395.99
194.36,-112.87,-103.82
182.63,-91.707,-142.13
225.54,-164.45,-222.36
235.23,-194.4,-274.79
142.66,-90.721,-75.739
172.84,-103.82,-157.02
223.64,-274.57,-393.53
182.07,-141.23,-126.49
155.75,-21.811,25.037
207.24,-119.24,-162.04
239.16,-310.63,-451.37
208.95,-263.44,-331.55
191.43,-120.81,-106.91
173.3,-153.23,-202.87
185.79,-173.2,-242.17
125.43,-49.631,-36.308
191.73,-130.72,-199.11
175.28,-166,-212.3
215.78,-169.7,-183.86
234.22,-335.18,-433.67
193.8,-187.07,-194.29
146.55,-85.603,-106.71
147.43,-100.22,-110.56
222.74,-257.18,-295.89
236.86,-252.91,-378.2
187.25,-70.268,-73.986
197.79,-185.87,-270.71
186.67,-171.8,-242.45
145.55,-29.66,29.083
180.27,-53.016,-61.315
233.21,-186.74,-259.96
243.71,-214.75,-280.21
205.21,-250.13,-330.6
232.9,-333.35,-441.91
247.42,-313.78,-379.18
186.73,-95.225,-78.086
203.34,-236.6,-276.27
233.72,-189.17,-265.46
115.55,-28.086,15.53
161.93,-13.498,-12.731
180.54,-147.01,-135.27
235.92,-285.54,-337.36
226.17,-183.01,-268.73
203.49,-112.18,-126.52
217.78,-165.66,-245.61
147.74,-103.43,-107.6
171,-146.07,-140.61
123.5,-37.725,12.683
178.13,-179.85,-215.04
137.07,-73.824,-44.187
149.01,-30.227,25.825
197.82,-224.34,-300.72
216.44,-282.62,-354.16
254.09,-251.52,-363.39
213.92,-207.97,-309.6
183.44,-98.951,-76.809
157.17,-4.147,26.499
212.94,-131.9,-175.26
150.59,-88.398,-116.58
222.75,-228.75,-255.61
255.01,-289.91,-432.55
153.96,-98.229,-129.36
175.3,-41.641,-37.257
189.29,-204.36,-266.63
163.7,-16.145,-13.213
180.32,-132.74,-114.38
157.38,-3.1482,2.2898
173.21,-159.04,-164.91
166.68,-121.07,-99.112
176.97,-154.2,-149.25
180.67,-168.18,-228.55
198.82,-230.74,-304.87
117.48,-31.749,-10.507
183.17,-178.81,-189.21
266.67,-292.17,-376.63
199.02,-230.42,-305.82
194.49,-217.72,-253.5
222.47,-299.96,-403.8
211.39,-217.29,-237.09
142.43,18.149,20.194
114.58,-20.94,-3.4493
187.85,-165.63,-162.27
183.47,-69.064,-99.669
250.43,-270.33,-402.85
276.75,-311.79,-417.49
220.76,-283,-394.07
177.56,-141.15,-126.97
160.64,-61.047,-98.03
248.29,-245.94,-303.07
229.08,-211.14,-315.85
148.29,-39.205,-65.632
147.97,-55.7,-4.0828
188.74,-195.36,-214.6
247.92,-240.91,-352.48
195.56,-89.943,-117.96
157.34,-61.591,-14.916
252.5,-242,-344.1
218.53,-146.51,-184.46
205.54,-148.18,-223.8
231.76,-248.58,-370.95
153.75,-110.89,-94.952
132.58,-27.639,36.052
202.46,-197.87,-288.54
152.1,-11.155,-24.75
165.95,-135.47,-176.08
139.23,-63.629,-18.841
199.93,-236.1,-285.66
170.09,-36.902,-13.629
256.43,-248.92,-344.78
206.42,-166.41,-169.51
188.42,-184.85,-194.28
256.69,-252.66,-357.86
182.6,-189.99,-238.09
175.34,-106.18,-161.31
188.87,-89.794,-78.516
141.46,-2.5704,-15.134
201.73,-109.59,-119.88
202.62,-172.57,-258.61
132.53,-38.328,-50.326
123.37,-46.939,-15.845
212.74,-175.96,-265.14
222.72,-159.72,-222.33
229.74,-283.01,-410.66
237.4,-196.92,-272.14
158.35,-5.0545,21.187
184.47,-196.21,-232.97
194.37,-139.61,-211.89
157.54,-120.11,-147.21
162.91,-116.06,-158.1
252.17,-318.36,-386.69
137.7,-19.419,45.541
237.33,-195.57,-259.51
166.31,-69.317,-110.39
203.41,-164.66,-248.32
240.02,-310.4,-452.22
204.39,-248.44,-326.82
187.8,-200.92,-230.38
170.51,-101.33,-70.008
154.12,-108.42,-88.483
205.45,-207.1,-222.32
238.78,-300.33,-359.33
126.91,-55.273,-35.284
235.69,-243.34,-282.33
236,-337.02,-431
146.44,-85.003,-106.17
236.96,-215.02,-316.78
175.93,-56.337,-85.038
136.78,-54.771,-69.245
246.43,-253.6,-306
235.21,-313.35,-447.76
248.09,-306.37,-454.66
145.74,-51.748,1.6178
232.2,-267.21,-310.63
210.05,-253.62,-349.31
177.2,-67.848,-105.38
213.18,-253.86,-356.93
191.26,-128.68,-114.9
162.05,-11.832,-4.8236
182.62,-98.759,-75.689
157.98,-78.164,-36.178
229.24,-173.68,-230.77
138.23,-56.278,-72.764
206.74,-253.85,-337.26
176.3,-108.94,-165.22
183.03,-189.02,-241.57
154.33,-81.501,-116.54
192.96,-191.91,-269.86
253.47,-295.46,-358.55
156,2.1884,22.163
114.1,-22.972,-0.75571
196.73,-182.52,-266
151.2,-101.58,-124.49
142.53,-11.608,-28.012
232.94,-280.31,-411.36
230.24,-180.86,-254.93
249.8,-290.77,-349.88
214.07,-160.07,-238.88
167.84,-148.97,-154.37
274.2,-304.04,-434.67
210.21,-256.84,-306.91
174.59,-52.43,-78.967
154.75,-21.036,-39.891
163.7,-138.82,-139.87
234.69,-196.45,-281.76
216.17,-258.89,-302.3
221.6,-292.34,-361.89
187.76,-86.994,-130.44
143.59,-49.079,-73.368
213.67,-246.01,-351.31
264.61,-300.04,-444.19
254.69,-324.6,-396.04
161.51,-20.091,-31.188
202.48,-199.8,-211.7
156.38,-1.8108,2.4721
108.31,0.76366,17.747
156.43,-79.958,-117.34
213.89,-138.9,-195.25
229.17,-320.29,-411.24
132.04,-6.306,-17.809
214.31,-278.03,-367.09
201.68,-103.64,-127.28
260.18,-285,-356.95
110.06,-16.787,28.575
198.75,-163.91,-161.3
251.31,-239.51,-341.59
176.61,-47.155,-36.534
210.31,-264.71,-351.89
143.3,-72.162,-30.725
241.41,-306.01,-448.98
214.13,-267.55,-322.43
117.46,-12.197,-7.4443
219.25,-206.15,-225.5
231.14,-282.98,-412.38
140.82,-71.558,-32.067
261.43,-262.95,-363.58
191.71,-190.93,-266.84
226.54,-203.25,-229.97
168.24,-25.316,-16.159
149.61,-32.258,-57.164
121.51,-39.846,-24.388
225.56,-234.36,-349.5
215.6,-227.64,-334.6
225.25,-172.7,-248.57
190.89,-165.09,-241.23
211.72,-130.94,-179.85
172.8,-102.56,-155.48
238.02,-240.57,-281.8
182.38,-86.76,-134.28
115.78,-26.498,22.008
254.86,-284.99,-424.77
189.76,-128.23,-113.15
234.53,-188.64,-258.37
216.91,-157.47,-177.2
219.72,-188.76,-283.43
210.26,-148.51,-157.72
174.41,-170.14,-198.36
133.93,-14.825,-28.787
202.64,-133.14,-132.97
121.87,-19.798,-20.032
237.85,-323.76,-398.94
113.66,-21.063,30.801
124.64,2.1197,-3.4489
109.58,3.7559,16.575
178.54,-145.87,-134.1
219.46,-199.49,-299.7
223.55,-305.17,-392.05
210.06,-216.15,-235.45
200.73,-227.3,-261.14
190.76,-95.53,-143.32
150.21,-103.72,-86.004
208.25,-164.6,-248.57
166.43,-146.89,-177.95
196.93,-146.13,-221.4
238.95,-216.73,-317.48
180.64,-184.15,-231.23
155.49,-79.826,-116.24
225.96,-247.89,-367.02
223.66,-210.25,-315.5
179.58,-160.94,-159.09
206.83,-182.08,-272.81
241.99,-208.8,-287.2
151.63,-47.74,4.5999
233.67,-286.56,-339.06
145.83,-95.246,-105.83
147.15,-23.025,34.826
168.54,-25.894,-18.768
152.29,-45.914,-75.703
226.77,-263.94,-386.65
229.36,-322.71,-420.48
190.99,-112.67,-172.45
182.83,-59.38,-72.609
229.93,-322.37,-435.37
167.83,-147.46,-184.34
230.53,-320.44,-405.67
143.18,-44.232,12.193
171.22,-32.006,-29.156
232.38,-310.49,-380.37
213.73,-189.67,-285.11
181.25,-106.97,-164.51
229.57,-182.93,-262.31
138.15,-81.364,-69.235
153,-28.646,-52.292
240.91,-207.9,-291.34
194.14,-184.87,-190.59
177.2,-98.108,-151.62
121.29,-6.6215,-8.8316
188.4,-148,-136.77
168.35,-97.082,-63.806
114.06,-21.514,-1.3614
217.84,-283.64,-351.32
201.64,-235.38,-277.39
142.86,-68.148,-89.003
174.29,-166.4,-207.76
161.31,-20.931,14.031
206.82,-216.85,-237.07
188.85,-80.059,-113.77
179.11,-123.9,-184.86
199.83,-177.63,-179.67
250.12,-312.86,-378.51
232.85,-273,-318.94
160.24,-110.22,-149.13
176.34,-166.33,-216.12
196.48,-224.25,-295.38
187.47,-89.494,-75.454
201.84,-242.76,-298.65
150.35,-3.7921,-13.032
206.68,-220.75,-317.13
239.88,-203.61,-265.91
206.17,-199.61,-211.35
120.53,7.926,5.9977
247.43,-289.33,-431.65
206.51,-170.94,-257.65
232.29,-181.82,-242.04
279.88,-320.81,-430.96
242.61,-229.17,-279.22
235.91,-231.55,-346.04
243.67,-233.44,-284.44
179.42,-67.371,-46.692
120.77,-32.301,-23.296
205.91,-168.96,-254.77
145.92,-93.278,-70.621
202.93,-142.56,-215.77
150.82,-58.033,-89.155
219.18,-235.3,-346.63
152.69,-41.81,10.569
242.5,-212.92,-299.79
140.94,-84.035,-60.537
179.75,-134.19,-116.36
148.75,-49.51,3.7957
242.77,-216.25,-274.56
197.84,-214.23,-239.08
221.51,-261.52,-377.81
199.03,-102.73,-110.52
182.29,-184.27,-239.24
208.08,-186.78,-224.32
218.62,-216.91,-335.63
128.41,27.592,6.5222
265.27,-285.51,-372.17
261.48,-226.69,-356.8
205.62,-204.77,-294.11
199.73,-155.84,-251.5
150.05,-65.142,-63.514
136.53,-11.604,-37.676
236.77,-287.06,-424.38
184.85,-148.22,-181.39
175.19,-74.079,-140.98
201.54,-165.31,-191.98
255.3,-231.57,-373.86
189.21,-161.96,-228.8
140.93,-46.969,-48.006
172.04,-119.97,-148.09
260.39,-227.83,-310.54
147.9,-62.556,-77.391
242.83,-185.12,-301.9
161.39,-64.132,-116.19
219.29,-200.38,-320.62
147.27,-55.866,-80.693
243.26,-275.83,-353.37
140.66,-38.762,-19.491
183.98,-85.624,-77.19
263.01,-284.95,-454.63
181.46,-88.635,-80.097
252.63,-205.93,-329.17
239.91,-211.07,-263.53
178.44,-125.62,-142.24
250.42,-244.32,-311.07
121.52,3.1684,2.796
246.1,-174.74,-266.93
185,-39.525,-35.482
162.02,-65.536,-47.455
235.05,-292.22,-409.05
170.9,-43.851,-20.481
180.25,-40.241,-96.148
190.48,-111.09,-194.68
124.02,16.864,2.5231
157.11,-80.901,-84.848
195.86,-174.78,-255.8
137.26,24.993,-2.4645
243.78,-296.3,-448.12
199.11,-131.45,-224.79
241.49,-280.15,-430.44
246.91,-299.3,-456.69
141.47,-42.354,-26.505
223.36,-136.95,-233.09
267.54,-255.13,-405
176.08,-5.0224,-28.606
217.8,-242.21,-330.94
271.49,-256.92,-402.4
163.6,-81.531,-73.962
257.08,-204.06,-305.61
225.98,-256.94,-338.01
207.07,-206.39,-265.73
132.35,-24.496,-30.248
181.26,-70.14,-139.57
178.11,-131.69,-158.06
225.44,-172.55,-289.28
156.09,-54.389,-100.45
151.52,-18.636,19.676
161.39,-48.588,-101.71
238.14,-296.41,-431
207.59,-196.25,-298.09
201.05,-66.686,-122.29
177.34,-18.327,-58.987
172.43,-115.88,-132.85
194.19,-46.003,-66.085
179.25,-76.461,-63.679
167.07,-61.382,-40.581
251.26,-188.21,-277.07
168.11,-89.085,-83.589
150.8,-61.771,-92.671
240.94,-160.35,-243.09
172.73,-49.256,-109.63
214.1,-175.43,-287.83
276.92,-260.62,-382.72
212.54,-227.57,-316.67
131.19,-24.536,-13.002
131.8,-22.682,-28.908
155.86,-81.417,-103.56
225.96,-214.72,-343.33
140.09,35.961,11.114
219.82,-183.7,-301.97
237.86,-217.62,-354.72
207.5,-77.163,-129.19
223.65,-203.46,-245.96
235.34,-276.92,-415.32
253.26,-193.45,-287.5
266.31,-259.4,-346.04
195.17,-57.327,-113.05
118.31,4.0325,21.664
208.57,-80.499,-114.02
176.99,-113.97,-179.61
220.84,-122.92,-157.21
250.56,-248.67,-401.03
195.54,-87.979,-88.866
123.19,22.229,7.7411
244.94,-317.93,-435.51
237.33,-153.14,-217.89
249.06,-242.85,-308.25
212.04,-148.27,-252.84
242.87,-166.86,-240.4
203.43,-200.86,-283.77
172.58,-20.227,-67.006
140.39,-5.9874,38.365
183.18,-103.91,-101.47
178.29,-20.349,-12.128
160.53,-41.084,-93.013
265.11,-226.66,-333.27
189.98,-50.347,-106.28
203.81,-102.52,-112.39
171.42,-55.829,-34.656
139.26,25.83,-2.256
197.05,-182.05,-259.76
204.12,-155.42,-256.21
160.29,-63.652,-114.16
223.76,-168.49,-201.12
213.39,-228.28,-324.25
251.57,-188.98,-284.55
174.52,-47.781,-108.11
221.02,-241.03,-312.95
156.46,-47.397,-20.843
241.07,-189.93,-243.66
197.05,-72.808,-140.92
217.34,-129.58,-154.98
281.01,-311.96,-418.46
181.46,-20.096,-54.684
154.58,-16.415,21.191
162.9,-26.006,5.0145
246.26,-290.39,-447.58
225.42,-233.95,-293.43
221.04,-119.99,-156.59
258.39,-229.96,-307.31
237.92,-282.56,-369.95
191.7,-89.473,-168.09
216.21,-197.68,-314.14
248.06,-241.29,-390.14
193.49,-76.638,-75.948
197.59,-141.29,-155.45
258.43,-210.28,-301.16
169.59,-69.396,-51.977
167.44,-9.5761,15.094
206.01,-209.76,-285.58
118.47,8.2905,12.941
186.97,-99.074,-178.21
249.59,-243.17,-309.04
196.54,-88.346,-90.359
192.21,-103.8,-103.57
195.88,-178.18,-226.79
179.51,-48.841,-109.77
177.06,-11.368,-43.811
246.29,-266.17,-421.51
249.7,-276.44,-353.21
146.65,20.438,-10.929
254.25,-210.48,-335.85
163.67,20.724,4.3299
168.08,-100.5,-106.07
274.93,-254.69,-380.19
198.5,-187.63,-245.28
282.19,-286.95,-401.14
271.02,-328.13,-430.17
184.84,-53.481,-44.544
151.78,-46.16,-87.398
201.94,-83.274,-94.433
219.56,-203.43,-324.15
138.11,-29.808,-50.22
242.54,-202.44,-257.3
181.25,-19.868,-21.139
196.76,-133.57,-144.25
190.47,-45.958,-51.231
190.58,-157.63,-189.76
241.97,-308.35,-419.8
241.87,-300.04,-445.56
218.63,-109.85,-147.24
231.37,-244.99,-381.6
219.27,-201.87,-322.18
144.79,-24.466,11.409
173.98,-103.05,-166.52
228.29,-150.51,-189.95
253.34,-213.85,-285.23
246.23,-273.73,-349.28
153.9,-10.987,27.914
171.72,-80.148,-143.97
215.38,-101.24,-135.74
254.59,-254.83,-410.4
140.03,-44.936,-46.636
263.32,-234.87,-370.9
215.88,-100.23,-167.33
195.01,-104.22,-105.73
170.41,-1.1428,-33.541
184.35,-136.76,-156.08
193.03,-123.99,-211.28
230.14,-258.89,-334.37
224.71,-178.62,-213.62
182.91,-23.976,-26.401
172.6,-101.84,-163.05
192.38,-40.925,-75.783
234.86,-178.33,-223.83
231.23,-162.62,-204.53
242.51,-174.39,-237.02
257.75,-262.4,-338.49
157.67,-52.371,-101.07
150.33,34.477,12.272
245.1,-306.96,-408.01
175.46,-123.08,-178.65
142.42,-1.4328,-35.673
128.99,3.4677,-14.812
229.95,-254.9,-387.84
145.83,-22.798,-59.907
207.85,-99.887,-116.41
169.97,-61.42,-122.82
155.91,-54.661,-32.565
224.55,-117.57,-178.06
220.5,-248.75,-353.35
205.25,-196.86,-247.42
168.81,-4.3017,15.93
263.32,-274.08,-438.86
272.06,-305.03,-401.08
243.86,-207.26,-263.76
177.85,-15.556,-52.123
215.46,-95.426,-151.59
228.82,-158.67,-266.9
252.6,-192.21,-291.6
177.86,-20.265,-11.053
166.8,-63.702,-122.42
222.97,-168.51,-200.48
154.34,-32.669,0.38041
265.1,-253.97,-339.23
197.43,-58.832,-74.118
152.27,-60.004,-45.666
260.16,-230.47,-311.51
280.72,-276.24,-423.81
185.32,-72.403,-62.958
250.79,-200.14,-320.24
253.36,-196.44,-303.55
266.39,-289.74,-378.15
256.74,-279.17,-358.76
252.33,-263.32,-421.68
245.53,-199.16,-258.94
180.03,-11.76,-25.495
184.54,-24.465,-33.484
244.92,-191.2,-310.95
154.43,-75.99,-103.01
215.22,-94.774,-140.99
216.74,-139.17,-240.27
228.45,-269.58,-388.9
240.96,-231.95,-289.64
172.33,-118.1,-139.47
206.8,-119.02,-131.82
205.15,-73.166,-101.54
197.27,-57.443,-73.679
245.14,-217.12,-354.58
226.1,-265.44,-375.87
133.28,23.454,-1.8284
139.55,-42.606,-35.141
246.57,-184.84,-295.09
171,-97.968,-97.111
182.7,-95.552,-170.91
233.31,-257.75,-328.89
154.31,-74.522,-103.55
139.04,-40.498,-29.696
198.79,-114.77,-203.91
212.5,-116.63,-205.82
182.63,-75.134,-63.92
260.35,-216.26,-333.29
169.01,-109.93,-127.56
202.06,-63.706,-93.93
228.24,-149.47,-189.1
219.59,-246.72,-348.42
255.9,-294.52,-463.27
224.37,-210.4,-336.93
184.98,-51.188,-111.81
261.75,-238.56,-320.57
229.3,-225.72,-358.96
170.87,-106.13,-113.4
263.07,-268.08,-350.17
214.8,-205.77,-252.36
182.95,-102.1,-98.866
150.07,-19.944,-61.646
243.57,-174.1,-276.97
166.12,-45.542,-102
142.83,-44.365,-66.067
184.64,-65.339,-55.07
182.07,-73.925,-62.16
182.03,-16.795,-40.287
191.21,-160.28,-237.34
170.54,-32.32,-86.199
242.97,-285.49,-437.73
189.24,-87.359,-82.42
207.45,-154.73,-258.38
238.93,-169.07,-275.58
176.65,-131.43,-164.67
197.41,-78.591,-83.236
172.66,0.82499,5.8187
245.98,-219.49,-278.88
181.44,-68.496,-55.572
258.04,-312.66,-407.08
192.58,-99.23,-181.36
173.24,1.6707,2.0482
231.86,-258.42,-331.42
163.41,-37.2,-8.1685
208.74,-135.88,-235.19
196.21,-181.7,-254.72
238.79,-154.6,-234.36
206.8,-138.94,-238.55
141.8,-9.3757,33.546
134.21,-18.537,13.772
260.13,-290.7,-461.4
238.84,-154.59,-231.33
229.34,-268.78,-357.68
234.4,-200.91,-247.18
246.95,-292.14,-450.29
171.49,-80.005,-67.298
282.36,-307.42,-416.12
230.63,-277.59,-396.96
237.27,-281.77,-369.37
191.73,-40.398,-57.777
204.91,-103.66,-188.13
164.19,-30.343,-0.69398
229.06,-129.23,-192.25
234.47,-266.22,-343.06
215.21,-96.117,-156.86
120.85,10.683,5.5325
231.12,-240.17,-300.68
267.09,-235.36,-361.36
191.71,-49.711,-102.53
180.18,-14.655,-19.328
205.36,-207.28,-289.43
177.25,-34.455,-88.101
201.26,-138.72,-152.05
193.35,-149.5,-170.34
247.01,-307.38,-405.86
217.91,-101.29,-158.98
236.15,-292.52,-421.69
154.2,-71.317,-104.13
247.81,-184.05,-257.36
245.96,-188.59,-304.39
225.61,-183.29,-304.3
253.31,-243.73,-313.01
241.4,-309.56,-442.25
237.25,-204.01,-335.47
191.02,-76.934,-73.207
172.84,-90.199,-154.59
204.71,-190.27,-287.69
253.2,-201.97,-319.2
224.37,-260.72,-357.17
159.38,-89.855,-115.42
246.47,-285.17,-367.17
250.49,-267.18,-425.78
241.06,-222.35,-362.11
194.72,-130.64,-220.1
164.94,-22.708,-72.367
207.5,-113.79,-127.44
240.08,-183.91,-302.45
270.65,-286.53,-378.81
257.75,-215.43,-339.64
226.32,-143.78,-242.71
160.61,-36.859,-6.5629
242.28,-251.51,-316.58
236.25,-270.91,-413.05
164.71,-75.532,-62.53
234.82,-205.28,-252.69
238.51,-295.86,-432.64
218.26,-135.57,-161.5
225.08,-263.28,-364.57
154.17,-67.916,-103.82
244.27,-307.17,-455.94
166.91,17.743,14.721
228.89,-177.09,-295.96
135.53,-21.155,-41.031
200.39,-113.74,-203.03
160.29,15.806,-12.792
266.26,-230.14,-346.31
231.57,-136.61,-212.85
173.08,-67.471,-131.96
184.2,-39.615,-92.223
195.85,-67.99,-73.263
163.21,3.8012,-31.982
225.99,-241.9,-369.77
242.29,-271.91,-347.43
212.81,-114.93,-202.73
208.22,-179.38,-211.85
241.67,-163.1,-236.82
247.03,-300.01,-392.08
270.84,-244.62,-353.27
170.54,4.1846,-20.744
190.42,-156.35,-187.23
242.44,-283.63,-435.16
250.38,-193.52,-267.62
267.04,-242.96,-336.46
244.96,-195.84,-319.47
130.9,-10.191,-25.908
254.56,-198.66,-304.46
163.16,11.281,-18.269
174.58,-37.889,-17.892
228.31,-131.69,-182.8
168.09,-24.858,1.4676
254.04,-272.48,-434.56
243.25,-316,-445.97
243.18,-315.76,-441.44
203.54,-76.183,-94.979
265.62,-268.96,-354.16
233.11,-281.63,-409.37
178.39,-135.49,-186.16
228.19,-156.5,-263.63
168.8,-93.093,-90.254
169.31,-92.336,-88.409
184.7,-25.916,-60.661
215.53,-175.01,-204.78
146.44,-54.193,-43.999
177.79,-120.25,-132.03
132.54,12.745,-12.083
151.65,-39.288,-9.6022
221.35,-198.77,-239.07
221.69,-110.38,-168.62
287.25,-293.74,-447.43
189.61,-165.57,-218.88
214.06,-232.03,-319.03
216.17,-99.495,-139.96
223.59,-133.43,-169.14
276.8,-260.31,-389.91
187.87,-123.8,-130.68
186.56,-112.46,-192.62
181.43,-90.547,-82.639
228.18,-230.14,-285.7
188.3,-39.163,-85.389
203.54,-94.308,-105.05
146.46,-57.205,-76.267
212.12,-226.63,-312.78
185.03,-306.24,-248.65
64.759,-116.48,53.703
190.43,-329.36,-334.19
178,-405.49,-375.8
144.13,-195.96,-97.958
200.79,-386.96,-344.93
111.43,-246.44,-154.23
103.31,-224.99,-115.78
75.065,-138.39,-32.793
149.92,-216.18,-116.54
112.44,-125.78,13.054
135.89,-226.4,-101.13
119.56,-259.61,-195.54
102.9,-219.5,-99.863
152.41,-346.68,-322.4
158.53,-236.34,-147.88
173.43,-304.89,-301.76
88.575,-125.31,-35.985
180.31,-410.79,-383.51
152.58,-223.78,-168.63
186.68,-360.3,-387.21
163.94,-379.55,-365.68
193.94,-335.88,-286.53
79.04,-150.12,-47.46
188.85,-345.31,-285.41
91.998,-196.72,-73.771
214.85,-374.37,-371.43
151.01,-294.03,-279.22
207.53,-371.19,-340.9
137.04,-292.93,-199.22
136.81,-189.8,-71.621
181.13,-292.17,-233.3
217.38,-386.74,-376.95
201.78,-366.78,-325.61
73.749,-96.074,6.3761
125.91,-275.16,-219.56
186.35,-300.56,-269.12
107.68,-145.75,8.7755
198.61,-346.94,-304.5
152.67,-267.97,-162.3
128.46,-253.98,-211.13
172.2,-384.92,-340.52
177.11,-285.38,-217.96
150.7,-336.46,-270.63
161.89,-374.5,-343.29
117.63,-261.48,-183.1
90.985,-85.078,22.136
129.48,-194.93,-62.457
127.46,-181.23,-47.999
203.9,-345.37,-334.63
109.34,-238.13,-130.93
72.77,-74.83,32.308
96.714,-143.69,-62.173
85.935,-181.81,-71.411
200.33,-395.51,-354.88
207.88,-355.64,-347.19
158.35,-329.27,-326.01
155.54,-226.79,-137.25
122.59,-170.3,-100.48
157.59,-235.16,-184.39
194.82,-330.7,-329.67
99.114,-208.87,-120.44
135.71,-257.49,-223.15
154.18,-267.99,-163.68
105.98,-103.11,31.75
205.41,-377.17,-411.42
155.39,-355.97,-333.3
192.53,-355.26,-300.48
123.32,-252.76,-201.79
169.21,-373.48,-321.09
106.78,-116.15,-17.608
121.35,-245.57,-125.94
162.85,-251.87,-212.26
120.09,-262.77,-197.44
104.4,-122.58,-31.923
128.62,-176.26,-106.4
150.23,-270.87,-249.4
130.09,-165.71,-46.812
155.74,-237.41,-192.96
190.79,-337.51,-281.09
113.47,-121.39,7.3217
46.651,-83.289,58.021
75.918,-112.15,65.589
136.35,-223.27,-179.3
150.64,-336.55,-315.35
181,-335.68,-265.94
211.37,-367.66,-353.8
109.25,-235.08,-157.11
107.28,-126.53,-36.528
173.47,-271.11,-233.07
103.08,-124.16,-35.286
193.27,-336.49,-285.33
106.39,-106.4,32.497
141.65,-197.9,-87.369
111.91,-218.18,-85.126
145.72,-265.89,-155.09
133.91,-301.68,-229.2
210.36,-384.31,-356.26
104.67,-207.29,-71.438
146.52,-309.16,-288.83
102.4,-203.83,-67.297
219.27,-394.29,-384.89
159.58,-299.06,-205.04
135.94,-175.51,-88.616
97.508,-201.89,-114.34
206.24,-378.52,-413.29
184.79,-330.35,-340.38
87.42,-184.25,-53.235
152.2,-328.17,-251.01
53.009,-102.61,39.852
122.65,-143.73,-23.379
100.59,-169.49,-14.265
103.1,-199.6,-59.243
88.972,-191,-73.714
167.27,-377.11,-381.17
206.74,-359.27,-371.45
127.27,-273.74,-173.66
80.693,-106.85,-10.041
126.75,-252.38,-207.2
194.46,-322.17,-288.3
138.76,-306.89,-268.87
186.7,-360.95,-301.18
98.101,-171.29,-16.754
110.55,-112.45,11.649
183.58,-303.67,-243.35
182.21,-388.09,-339.15
171.89,-267.8,-198.22
62.757,-102,77.314
149.05,-266.63,-157.94
140.9,-192.47,-84.379
160.22,-243.7,-154.48
65.921,-58.93,54.234
190.06,-326.64,-271.68
146.42,-335.14,-286.2
172.96,-311.9,-231.07
188.41,-405.42,-366.13
100.44,-218.94,-118.34
136.07,-175.86,-89.204
143.61,-267.75,-241.76
165.59,-253.92,-210.91
153.68,-282.53,-266.58
152.73,-350.61,-320.33
78.713,-67.109,43.732
91.615,-80.029,80.862
202.08,-348.88,-357.17
157.4,-277.89,-261.11
91.391,-168.77,-82.543
159.81,-356.85,-350.73
123.18,-146.03,-24.257
183.64,-297.13,-243.44
108.26,-106.87,17.916
150.3,-286.48,-184.39
170.73,-312.97,-230.08
130.15,-291.21,-234.16
138.91,-204.52,-84.515
163.4,-245.19,-166.87
138.76,-185.86,-77.103
162.14,-300.43,-294.42
107.84,-107.61,6.9091
107.22,-233.32,-148.23
98.368,-85.868,57.898
117.7,-205.28,-65.473
146.39,-199.53,-116.25
209.94,-367.44,-346.98
85.954,-75.263,34.86
105.91,-174.88,-22.513
204.12,-345.87,-333.39
180.54,-307.27,-301.66
173.72,-290.79,-212.37
75.202,-150.97,-1.2019
205.85,-355.22,-330.72
135.26,-240.43,-117.47
171.21,-375.3,-389.26
134.68,-207.62,-80.665
141.78,-273.55,-247.08
79.193,-166.33,-32.825
138.94,-224.85,-181.65
203.73,-392.81,-354.72
109.67,-159.84,-7.1442
141.74,-253.02,-136.68
161.15,-246.23,-202.77
190.74,-377.57,-413.02
81.715,-142.55,22.327
139.76,-317.73,-267.51
145.26,-295.19,-274.08
97.521,-207.05,-82.916
126.53,-282.74,-219.52
153.79,-290.81,-277.43
132.68,-220.85,-175.31
140.15,-262.15,-148.06
83.292,-167.88,-64.717
82.222,-167.96,-25.132
172.97,-312.52,-314.01
78.685,-111.27,66.305
84.647,-125.53,-33.775
91.871,-196.83,-91.287
177.53,-277.91,-225.16
166.76,-341.26,-349.18
113.43,-249.3,-170.66
190.99,-314.2,-273.3
217.35,-385.31,-376.96
198.39,-341.04,-301.26
54.087,-105.27,54.624
76.001,-115.35,61.217
92.636,-153.99,7.587
217.89,-399.24,-383.32
163.65,-254.89,-168.1
182.11,-289.26,-248.54
125.47,-268.38,-165.14
125.6,-268.54,-165.26
172.16,-401.35,-397.62
83.639,-170,-26.588
131.58,-202.73,-72.295
145.29,-288.88,-187.47
165.12,-378.08,-339.2
128.6,-157.77,-44.161
201.96,-340.36,-322.55
146.6,-201.23,-124.38
197.34,-388.61,-343.94
147.51,-336.87,-283.79
132.3,-204.73,-151.84
80.401,-57.275,61.605
148.67,-341.01,-300.09
212.5,-412.78,-386.84
175.42,-382.53,-332.69
186.71,-316.35,-312.39
137.6,-246.62,-211.51
169.87,-311.73,-227.88
161.93,-360.59,-358.38
100.25,-163.22,-5.8601
54.757,-105.66,56.666
127.19,-223.25,-176.09
99.251,-212.97,-93.972
140.66,-244.08,-125.1
100.81,-147,-67.978
152.55,-337.38,-269.2
111.85,-140.22,-56.666
131.19,-168.22,-85.207
111.13,-117.07,16.355
144.39,-233.23,-116.93
123.58,-220.14,-86.783
140.11,-303.92,-271.64
110.58,-211.02,-146.51
204.77,-349.52,-328.28
169.47,-323.58,-329.24
133.8,-272.54,-164.68
180.78,-310.37,-240.78
211.2,-382.05,-415.15
87.849,-96.172,2.6571
72.377,-110.16,68.264
95.69,-142.54,21.599
155.1,-251.71,-148.61
135.82,-308.12,-247.98
95.806,-167.75,-87.631
177.31,-279.01,-220.61
75.89,-158.44,-22.07
180.74,-292.14,-231.7
166.23,-384.23,-376.76
144.31,-294.35,-196.41
127.94,-261.01,-216.56
203.12,-409.84,-375.25
158.9,-353.35,-346.53
131.76,-163.61,-61.418
137.36,-190.43,-73.249
65.201,-124.98,-3.3396
193.15,-392.46,-346.7
142.77,-232,-113.8
149.95,-344.37,-304.17
120.7,-265.52,-169.66
143.91,-313.57,-231.99
187.76,-365.87,-308.17
121.82,-186.92,-126.07
64.428,-114.22,57.521
159.22,-360.29,-349.99
88.44,-188.16,-79.757
83.089,-152.23,-56.602
100.23,-183.67,-107.85
153.43,-324.55,-243.38
108.47,-109.38,23.935
107.83,-120.28,-24.362
140.45,-198.05,-134.22
88.439,-162.7,-73.172
179.14,-330.44,-341.61
144.16,-277.25,-170.11
107.18,-233.97,-147.22
147.85,-209.36,-109.11
90.064,-89.387,14.033
112.25,-245.66,-142.48
142.22,-319.67,-250.38
105.11,-193.46,-123.14
47.554,-91.116,68.937
72.64,-60.55,51.794
107.85,-237.53,-142.72
107.36,-118.78,-22.045
107.84,-121.71,-27.137
98.047,-137.49,25.961
162.31,-362.7,-360.47
82.214,-155.07,-56.825
194.84,-338.55,-290.29
137.68,-311.72,-261.43
137.14,-202.31,-79.806
72.963,-146.07,-29.459
152.73,-341.75,-323.62
164.23,-353.29,-357.87
155.54,-246.49,-145.11
132.03,-189.06,-126.4
129.44,-203.51,-70.737
140.73,-294.08,-266.08
50.703,-97.961,49.032
132.25,-209.53,-79.749
128.4,-236.26,-109.79
154.88,-236.95,-137.51
88.926,-159.63,-71.478
145.83,-331.71,-294.75
146.78,-218.14,-108.85
205,-356.63,-369.32
218.72,-386.59,-408.2
136.97,-188.95,-71.688
130.19,-173.58,-48.582
77.24,-155.42,-44.106
150.09,-312.67,-224.63
101.76,-221.3,-126.26
207.27,-357.02,-337.3
182.25,-385.15,-334.34
77.111,-129.37,-29.729
70.261,-143.62,-18.047
81.452,-145.9,-49.286
96.822,-100.71,59.772
108.96,-239.88,-150.39
97.02,-110.36,-16.101
206.38,-357.25,-332.75
134.51,-303.55,-249.24
196.34,-342.3,-352.98
137.63,-185.61,-72.919
101.71,-221.5,-112.3
109.7,-115.52,-9.9619
124.04,-241.22,-192.95
86.893,-154.13,-64.012
65.931,-130.83,24.251
157.08,-362.14,-337
144.7,-326.86,-262.6
164.79,-374.12,-329.7
109.71,-189.02,-123.35
103.36,-198.3,-56.9
192.26,-423.31,-395.12
92.927,-195.51,-65.989
147.35,-223.55,-175.74
62.88,-120.7,4.3696
88.856,-173.71,-25.778
56.186,-102.74,26.675
187.57,-304.2,-261.85
59.057,-98.573,21.56
197.32,-331.29,-323.08
100.16,-184.61,-36.317
101.4,-108.22,46.618
113.45,-206.47,-145.61
95.642,-194.27,-57.187
186.07,-310.02,-299.5
67.888,-111.94,64.179
132.97,-282.73,-242.32
104.23,-176.33,-104.8
114.44,-235.42,-172.03
177.81,-306.75,-302.9
146.23,-251.53,-221.28
137.66,-308.36,-264.4
163.07,-264.42,-237.24
220.84,-402.44,-392.67
192.98,-376.14,-411.81
136.67,-307.91,-259.29
164.5,-335.6,-257.97
129.34,-290.85,-215.4
137.23,-247.15,-126.99
124.56,-279.1,-208.73
175.8,-311.62,-312.15
119.81,-222.92,-90.277
69.671,-144.21,-7.0529
214.31,-373.66,-367.6
90.734,-107.31,63.043
162.9,-261.62,-232.14
172.24,-373.45,-389.54
168.1,-350.4,-360.78
150.57,-339.49,-315.51
141.03,-226.97,-106.82
128.72,-273.84,-171.65
81.92,-138.08,-43.561
200.59,-348.11,-358.63
161.87,-248.14,-160.71
129.6,-264.12,-152.7
153.94,-219.19,-134.9
81.892,-92.521,85.912
104.96,-210.47,-76.957
59.061,-106.99,17.736
172.2,-358.2,-292.68
126.12,-150.05,-46.255
138.85,-305.44,-222.98
187.72,-411.45,-376.74
153.55,-323.26,-241.03
153.22,-246.75,-212.7
119.75,-174.7,-108.32
216.93,-405.44,-385.99
129.63,-200.4,-145.64
152.41,-219.55,-158.34
151.72,-289,-273.75
172.16,-352.02,-283.08
149.36,-301.11,-205.94
182.28,-378.78,-324.34
94.569,-200.28,-103.78
124.9,-278.31,-192.75
135.77,-188.01,-120.58
95.959,-166.71,-86.806
132.97,-265.89,-153.99
95.879,-198.29,-108.64
151.94,-213.15,-133.79
138.57,-283.27,-180.42
126.08,-278.21,-220.07
70.653,-107.25,-2.2587
169.29,-378.23,-387.16
216.82,-402.74,-383.54
157.84,-232.17,-175.65
197.91,-364.76,-393.72
155.8,-263.3,-160.46
172.1,-377.32,-325.66
121.73,-139.36,-30.594
118.99,-180.21,-36.692
121.2,-138.11,-23.826
147.34,-284.38,-180.8
185.67,-300.71,-275.11
52.775,-96.344,75.49
141.15,-280.21,-253.63
84.814,-165.74,-68.062
179.22,-376.39,-320.74
136.81,-287.51,-253.62
113.23,-200.92,-139.5
169.77,-323.16,-255.23
174.59,-346.64,-335.67
195.59,-269.43,-231.97
159.5,-271.55,-171.08
145.54,-193.45,-144.73
191.83,-318.66,-332.53
141.68,-254.69,-205.54
156.22,-286.83,-199.42
211.35,-393.19,-356.68
187.82,-387.07,-378.85
171.94,-209.41,-135.74
170.02,-211.66,-120.5
187.61,-292.97,-293.71
184.4,-333.17,-263.98
194.18,-296.87,-225.21
188.41,-257.4,-225.75
193.89,-313.58,-325.37
165.79,-206.51,-155.19
182.95,-362.25,-318.33
230.98,-363,-381.82
214.07,-347.33,-375.82
222.28,-368.28,-408.2
196.43,-271.23,-225.79
182.85,-292.26,-292.32
189.75,-334.98,-353.08
136.58,-175.62,-118.58
198.18,-293.25,-288.07
180.44,-308.34,-226.82
172.94,-266.73,-169.24
221.72,-374.13,-340.12
107.88,-120.99,-38.483
159.53,-212.99,-172.66
157.29,-288.17,-261.7
114.42,-197.8,-105.73
140.46,-132.31,-27.355
131.17,-109.93,4.2136
175.56,-339.72,-281.44
199.04,-314.35,-325.86
234.83,-404.14,-388.81
106.39,-177.91,-77.727
156.23,-228.75,-196.1
109.17,-187.65,-78.568
119.91,-213.9,-114.27
118.86,-210.4,-104.49
192.08,-314.27,-241.12
185.06,-291.36,-208.28
119.16,-191.21,-118.63
143.72,-242.19,-128.9
166.05,-262.6,-245.37
151.43,-260.75,-229.06
230.58,-363.26,-354.07
96.341,-155.35,-40.585
114.89,-72.922,65.198
145.93,-154.6,-36.012
158.98,-250.54,-140.83
226,-349.56,-360.03
186.97,-247.09,-194.79
171.36,-301.54,-296.17
186.25,-382.08,-378.64
129.09,-140.58,4.9046
151.12,-158.78,-58.797
189.09,-258.01,-225.34
176.96,-328.83,-331.12
217.21,-355.36,-315.07
110.51,-155.38,-76.776
213.14,-319.97,-320.09
205.95,-311.51,-259.06
74.711,-89.676,29.892
153.95,-284.73,-198.21
96.234,-152,-14.526
186.77,-304.42,-225.02
75.738,-106.6,31.142
162.56,-285.85,-193.11
141.66,-244.29,-133.86
192.95,-400.08,-395.14
139.47,-135.61,-47.518
166.07,-199.17,-106.79
230.39,-358.86,-358.55
135.71,-241.61,-183.92
209.43,-306.47,-271.16
197.48,-282.79,-223.34
189.56,-362.38,-382.48
142.19,-142.1,-23.312
167.83,-329.81,-308.62
151.73,-272.62,-176.93
111.15,-85.285,73.866
129.49,-125.08,15.717
210.18,-307.22,-275.96
228.73,-365.17,-394.55
130.79,-224.06,-163.21
181.45,-326.87,-335.4
98.349,-155.75,-17.983
165.6,-317.65,-250.03
193.81,-396.72,-377.57
88.814,-117.05,-13.633
118.39,-127.16,-49.71
143.65,-198.95,-68.688
158.17,-309.42,-252.3
198.65,-337.02,-360.83
137.79,-196.09,-62.107
154.21,-170.4,-95.63
184.27,-251.43,-173.74
198.17,-279.65,-226.18
97.125,-150.55,-47.122
146.65,-174.62,-115.36
197.57,-335.67,-358.55
123.5,-212.24,-93.797
100.59,-104.05,66.464
167.93,-206.06,-112.99
215.2,-371.97,-415.63
166.84,-320.89,-303.61
132.89,-201.02,-67.836
141.31,-214.41,-169.52
157,-236.32,-206.56
87.955,-108.35,-6.1876
165.07,-205.71,-154.67
140.4,-225.79,-180.7
158.78,-252.09,-142.84
192.38,-390.58,-407.08
137.4,-254.26,-163.63
114.99,-147.11,-72.998
110.11,-159.67,-79.889
166.38,-324.6,-265.06
212.27,-325.34,-334.97
141.05,-157.74,-26.412
171.56,-252.3,-232.08
158.47,-235.62,-206.19
87.227,-105.24,65.011
138.95,-140.01,-12.703
194.41,-272.74,-211.33
197.04,-301.1,-233.55
170.01,-307.74,-300.62
195.52,-387.99,-414.59
191.31,-382.05,-347.69
130.16,-178.2,-36.542
153.46,-297.61,-248.06
195.81,-274.83,-216.8
70.055,-87.041,43.556
124.49,-98.898,35.874
123,-215.89,-103.76
179.4,-353.85,-305.96
194.23,-265.43,-220.64
154.28,-199.55,-79.862
186.91,-247.27,-197.78
107.62,-162.66,-77.879
118.16,-209.7,-111.42
72.699,-99.33,41.051
136.99,-238.84,-185.77
88.399,-134.63,-15.768
90.939,-107.46,62.972
164.87,-283.33,-269.14
172.36,-340.11,-326.75
220.43,-334.16,-315.63
188.89,-278.01,-268.15
125.28,-179.59,-37.332
109.69,-90.078,72.646
171.49,-219.22,-126.45
120.71,-151.24,-81.47
164.13,-302.43,-221.08
230.09,-364,-388.25
123.66,-160.79,-94.561
131.01,-128.75,10.606
154.34,-263.34,-235.62
124.77,-102.06,35.329
121.43,-204.67,-81.14
119.99,-88.363,50.78
123.27,-220.77,-136.21
110.4,-188.09,-68.533
122.3,-219.4,-119.48
150.02,-229.89,-194.44
164.2,-289.06,-274.23
80.167,-90.099,19.401
131.11,-241.77,-160.26
215.77,-374.52,-333.92
164.88,-288.87,-274.95
146.66,-277.9,-225.28
188.43,-355.89,-374.64
153.47,-287.4,-204.83
111.56,-63.11,67.781
80.338,-79.747,27.641
130.41,-234.37,-130.83
148.93,-153.62,-50.829
224.19,-346.31,-357.62
230.37,-394.78,-373.07
191.46,-341.15,-362.05
120.22,-209.7,-95.631
134.41,-134.55,-54.507
194.58,-328.79,-260.81
201.63,-288.65,-269.89
122.49,-110.85,-23.275
89.686,-127.02,28.907
137.53,-257.62,-185.89
216.44,-322.36,-304.94
155.5,-176.95,-68.979
98.44,-136.61,20.464
216.13,-326.1,-296.09
172.41,-234.13,-136.76
177.18,-226.85,-177.3
207.51,-319.24,-328.85
103.62,-172.7,-66.255
75.339,-96.773,67.822
176.48,-264.16,-249.94
122.78,-91.093,22.357
133.52,-196.61,-142.86
84.924,-128.3,10.668
154.79,-294.95,-257.61
119.83,-122.91,31.791
216.1,-334.01,-297.2
147.37,-244.83,-131.82
134.29,-249.47,-164.75
219.7,-336.76,-310.04
144.73,-248.82,-208
149.16,-177.78,-119.09
134.64,-174.8,-34.909
114.83,-78.501,29.956
151.52,-196.7,-73.692
176.94,-244.28,-216.17
104.55,-102.17,-13.988
79.499,-105.81,12.581
185.78,-252.36,-219.82
184.36,-245.93,-173.43
205.04,-345.36,-374.43
197.57,-283.05,-223.7
112.28,-91.26,67.922
141.13,-255.26,-204.27
167.91,-214.08,-167.77
122.93,-180.35,-115.23
133.42,-179.43,-122.51
195.78,-388.17,-354.22
79.532,-93.061,80.17
193.15,-282.4,-211.81
139.74,-144.06,-66.108
177.3,-238.5,-204.53
216.32,-372.21,-416.09
168.69,-306.03,-296.99
140.4,-261.13,-202.03
111.36,-174.82,-35.756
102.53,-171.1,-59.597
147.91,-276.24,-190.63
183.21,-366.9,-328.87
85.958,-113.93,-6.1883
177.77,-320.61,-245.12
191.81,-393.2,-404.53
114.98,-146.57,-72.388
206.24,-296.16,-269.24
143.41,-139.45,-36.628
107.42,-117.49,-34.076
190.57,-334.08,-265.98
209.36,-372.25,-414.24
225.52,-373.12,-414.79
87.602,-122.73,34.414
174.75,-337.56,-278.09
179.54,-312.53,-317.1
146.93,-148.96,-57.727
184.9,-314.12,-323.16
132.12,-207.2,-77.17
122.24,-97.888,43.569
124.29,-179.03,-36.515
99.366,-149.98,-2.9382
186.01,-260.83,-182.58
109.22,-119.39,-37.219
172.05,-311.42,-307.15
150.13,-180.46,-123.06
146.93,-248.1,-210.81
126.96,-147.5,-78.54
164.53,-254.77,-234.33
196.68,-370.84,-322.33
113.58,-83.952,69.88
77.905,-81.299,29.453
170.48,-249.11,-227.27
117.93,-162.3,-91.797
116.41,-86.131,16.247
209.13,-344.81,-373.4
192.94,-266.4,-206.18
192.65,-365.26,-314.38
184.06,-240.84,-191.39
119.78,-209.84,-125.73
239,-386.19,-387.68
161.19,-317.05,-279.01
141.85,-135.7,-30.516
126.07,-100.19,6.8576
115.71,-199.68,-111.23
199.54,-280.79,-233.24
163,-322.2,-273.42
174.74,-350.75,-334.63
155.83,-169.72,-82.133
117.13,-116.25,-34.294
186.85,-308.05,-315.9
237.28,-377.23,-398.42
198.44,-394.39,-363.54
128.33,-103.44,17.194
144.91,-268.95,-180.01
119.79,-86.706,50.966
77.551,-59.017,50.491
129.65,-147.31,-78.229
176.8,-224.79,-146.21
186.73,-376.27,-384.42
106.76,-76.399,23.617
178.09,-334.57,-338.12
157.32,-191.37,-79
206.35,-365.79,-316.15
66.07,-75.119,56.593
139.34,-238.9,-126.08
215.41,-323.48,-293.55
129.06,-134.11,10.306
175.38,-321.86,-322.15
88.691,-137.19,-1.0617
218.24,-369.42,-411.59
165.23,-327.52,-294.66
88.424,-73.828,27.065
160.37,-282.82,-188.97
206.84,-346.03,-375.56
87.589,-135.28,-2.9213
220.67,-347.72,-316.35
162.83,-253.39,-231.72
169.24,-284.18,-190.05
125.03,-112.1,31.777
123.52,-106.1,-13.372
84.902,-98.508,5.9347
201.03,-304.82,-307.61
190.61,-294.38,-295.41
190.49,-257.11,-199.9
164.53,-232.34,-202.08
172.84,-217.56,-130.8
146.63,-173.6,-113.65
180.72,-319.57,-243.21
153.29,-166.44,-87.288
68.428,-86.104,49.961
229.26,-360.11,-379.95
130.48,-206.08,-75.925
193.87,-275.12,-209.92
162.93,-242.73,-133.34
192.29,-266.13,-237.56
154.34,-232.4,-115.36
132.16,-229.36,-169.24
108.47,-84.115,12.033
146.01,-216.39,-91.256
93.182,-82.082,15.027
186.89,-384.4,-371.28
65.912,-80.757,58.702
99.363,-65.897,36.542
80.458,-57.152,50.561
121.53,-213.89,-103.03
193.36,-274.32,-255.23
182.05,-361.33,-364.84
152.33,-285.8,-203.46
149.91,-289.01,-232.7
159.16,-177.98,-95.111
100.78,-165.13,-57.387
181.19,-241.08,-203.22
129.1,-206.37,-147.27
170.52,-220.55,-177.29
207.24,-298.64,-269.67
143.31,-243.14,-200.88
128.55,-146.74,-77.481
201.77,-315.66,-326.9
197.71,-284.98,-271.06
124.98,-226.07,-129.35
181.27,-253.96,-230.23
201.39,-294.89,-239
92.941,-122.7,39.994
177.83,-353.41,-308.48
109.4,-154.83,-74.818
89.405,-100.79,72.427
126.02,-112.63,29.337
126.36,-118.24,-32.913
202.42,-328.75,-348.62
189.39,-378.02,-393.42
162.63,-191.28,-125.99
142.35,-146.27,-23.829
195.94,-377.44,-406.8
132.47,-207.34,-152.82
185.5,-377.36,-378.92
85.044,-115.47,45.168
129.28,-118.79,19.143
181.68,-371.06,-352.69
187.85,-263.57,-241.21
154.66,-181.53,-120.36
194.37,-267.47,-213.67
95.568,-140.52,-40.252
125.96,-105.11,-6.9455
202.63,-293.38,-242.91
137.26,-252.75,-159.58
150.67,-172.42,-107.62
94.665,-71.183,28.385
129.24,-220.94,-102.91
109.27,-170.34,-29.697
78.823,-80.032,29.248
171.82,-341.84,-323.97
153.18,-295.61,-249.32
113.53,-131.2,-53.593
137.63,-225.78,-176.96
109.73,-105.88,58.347
150.12,-284.55,-206.14
153.4,-165.19,-64.79
152.88,-193.72,-143.9
140.84,-250.23,-145.99
193.59,-382.78,-345.99
175.76,-342.42,-286.93
130.6,-173.44,-113.69
142.59,-226.49,-183.96
161.74,-282.74,-264.65
132.47,-173.91,-32.47
158.22,-301.03,-270.57
120.32,-84.452,34.374
180.05,-284.47,-280.5
193.78,-290.27,-218.87
147.74,-270.81,-178.49
95.223,-59.184,45.351
224.11,-359.43,-389.67
180.38,-245.07,-213.67
188.93,-268.85,-193.98
233.8,-403.49,-386.67
188.79,-312.63,-236.57
209.07,-308.24,-300.48
189.62,-316.57,-242.08
125.48,-152.17,-3.145
87.557,-91.828,8.5799
179.73,-243.2,-210.73
96.382,-154.67,-42.043
174.68,-221.05,-169.36
124.7,-127.04,-48.714
194.47,-302.25,-307.22
94.261,-118.55,47.269
204.8,-298.11,-251.41
92.977,-144.63,-32.069
121.07,-205.49,-83.497
90.158,-122.58,37.911
193.33,-302.08,-229.04
145.21,-277.39,-210.15
195.98,-324.22,-341.57
149.02,-189.85,-64.259
147.73,-243.82,-207.74
160.62,-260.56,-186.58
198.58,-286.99,-292.74
110.69,-47.01,53.199
216.13,-368.36,-328.62
235.61,-317.64,-301.09
177.8,-271.45,-255.76
179.99,-228.98,-206.41
110.42,-133.63,-27.233
115.6,-82.467,5.5081
214.02,-352.02,-385.8
144.16,-217.37,-144.96
156.53,-151.63,-92.525
153.07,-240.33,-153.67
235.24,-317.67,-319.89
159.78,-229.32,-190.44
105.97,-114.08,-11.372
134.63,-188.08,-111.45
215.77,-319.9,-259.34
115.54,-129.73,-39.98
219.4,-274.91,-246.32
140.74,-136.8,-71.674
201.15,-274.11,-274.67
119.62,-123.65,-41.537
196.21,-349.04,-315.9
98.373,-108.22,16.709
132.33,-168.7,-34.194
247.53,-363.29,-404.74
130.07,-169.73,-38.398
227.79,-296.56,-273.4
189.23,-296.62,-218.54
134.54,-196.54,-105.48
200.21,-328.27,-267.06
94.958,-63.578,41.544
213.04,-269.42,-210.67
138.88,-132.33,15.808
113.14,-141.13,-8.8569
204.06,-356.03,-373.58
119.82,-128.9,24.04
159.02,-127.86,-41.445
171.87,-188.77,-146.13
103.66,-53.449,45.487
116.77,-149.81,-48.482
169.5,-242.57,-216.28
119.9,-53.636,47.102
224.46,-362.6,-407.64
180.71,-209.3,-176.06
223.47,-348.55,-388.15
228.85,-366.47,-415.25
100.06,-111.38,9.6452
200.21,-226.76,-177.42
245.74,-342.8,-350.43
145.95,-98.844,27.887
183.78,-307.94,-294.99
246.91,-346.55,-347.25
117.17,-154.31,-36.625
222.77,-298.38,-249.95
185.81,-324.44,-302.57
166.83,-274.75,-229.71
103.12,-91.3,7.7915
162.61,-151.69,-88.341
137.64,-200.8,-121.59
206.94,-255.42,-237.09
135.07,-126.39,-56.497
100.98,-98.864,61.013
142.52,-124.37,-54.539
213.19,-360.33,-393.75
185.06,-265.2,-256.68
172.79,-160.27,-65.44
152.58,-109.43,-2.8616
130.84,-185.49,-96.343
155.08,-141.5,-10.956
127.71,-159,-21.023
116.34,-140.68,0.059977
214.55,-283.09,-221.69
120.85,-162.7,-45.905
124.27,-130.02,-52.871
206.51,-255.52,-186.87
154.17,-130.77,-58.405
196.15,-251.72,-240.04
241.49,-353.42,-328.43
181.11,-293.39,-279.94
95.327,-91.41,23.218
103.04,-89.534,9.2971
123.01,-148.79,-66.151
208.42,-288.83,-296.94
122.01,-46.539,63.16
202.21,-261.19,-253.26
220.82,-297.27,-304.36
175.47,-172.28,-72.337
173.26,-282.12,-205.67
214.22,-343.12,-375.43
217.72,-288.15,-231.92
219.2,-348.12,-297.86
169.07,-149.6,-56.491
85.356,-61.88,58.036
168.63,-176.28,-58.934
153.96,-184.46,-137.27
174.8,-216.73,-105.2
234.08,-328.31,-350.52
144.83,-176.48,-41.844
103.54,-48.717,51.343
209.83,-381.88,-401.1
197.15,-248.54,-163.13
198.75,-326.41,-264.54
193.78,-229.28,-201.89
203.77,-262.14,-185.42
173.87,-267.4,-246.01
151.15,-108.11,-12.176
91.01,-82.976,77.785
132.51,-182.59,-61.239
133.65,-113.56,39.864
142.02,-117.97,-44.98
229.07,-320.55,-278.39
165.73,-141.21,-50.183
153.59,-192.2,-64.417
120.06,-138.64,8.2364
121.78,-54.034,48.13
168.47,-249.15,-221.34
185.48,-230.81,-209.23
139.31,-135.88,-70.046
172.45,-254.71,-155.85
184.45,-294.14,-286.78
217.4,-283.6,-228.64
155.67,-130.57,-56.081
179.69,-309.44,-277.21
107.01,-123.99,18.288
192.47,-280.36,-194.72
174.13,-162.46,-85.28
167.96,-220.5,-105.91
233.99,-397.2,-372.66
153.21,-113.34,1.9368
103.83,-98.727,63.914
112.1,-110.63,49.324
229.04,-359.03,-404.89
178.76,-306.7,-256.18
176.13,-214.41,-103.84
211.89,-320.73,-257.54
195.4,-351.1,-334.45
172.71,-172.4,-116.01
197.47,-270.44,-269.03
231.38,-321.21,-339.49
143.6,-166.4,-27.83
147.09,-219.55,-115.46
219.02,-304.5,-246.99
118.96,-148.3,-11.581
119.59,-99.747,64.073
172.29,-276.18,-249.07
91.026,-58.041,51.154
168.4,-177.46,-129.15
199.31,-326.94,-265.18
146.02,-177.27,-42.99
140.42,-187.32,-60.302
156.3,-246.61,-190.54
159.7,-134.11,-56.293
149.69,-104.07,12.687
230.43,-339.81,-374.98
200.85,-353.07,-313.89
128.37,-62.219,41.166
229.51,-300.97,-280.15
135.66,-71.86,60.564
124.25,-171.34,-69.35
241.81,-347.46,-325.27
161.11,-255.2,-209
240.15,-377.59,-350.2
223.03,-404.83,-390.56
135.58,-143.57,3.9806
130.51,-117.69,-43.848
154.31,-175.8,-43.761
201.28,-276.67,-278.57
112.99,-98.067,-10.018
192.98,-291.08,-209.86
139.78,-114.4,32.659
145.72,-213.08,-103.54
146.28,-140.05,1.4955
147.38,-228.03,-153.16
205.91,-372.88,-385.26
220.13,-364.8,-406.83
175.45,-204.99,-93.507
213.19,-315.57,-337.84
201.02,-275.29,-276.47
96.206,-99.75,49.873
151.71,-174.21,-123.51
180.25,-242.57,-139.71
206.98,-305.38,-234.89
197.91,-349.06,-310.7
103.25,-94.085,71.21
152.08,-154.71,-97.862
172.52,-196.48,-81.853
237.97,-335.28,-359.36
105.71,-111.94,-9.8926
238.7,-324.91,-315.47
185.99,-194.61,-110.38
143.25,-189.11,-61.498
145.39,-92.305,22.548
139.24,-208.53,-119.08
174.21,-200.28,-163.74
186.65,-328.48,-298.41
173.25,-263.21,-169.52
141.17,-118.53,27.336
149.83,-172.58,-120.46
160.01,-135.87,-19.143
185.36,-268.07,-175.61
182.47,-253.72,-155.16
198.48,-268.39,-184.31
208.07,-346.29,-294.38
137.53,-125.54,-56.071
128.79,-53.402,67.07
204.31,-373.9,-373.13
147.97,-191.3,-139.14
124.32,-77.232,11.727
107.93,-66.669,27.834
209.76,-322.86,-346.46
126.26,-95.997,-14.721
159.6,-192.03,-66.172
151.37,-138.92,-74.382
107.73,-129.3,5.5688
188.59,-213.42,-121.8
191.64,-313.98,-316.3
162.74,-266.52,-211.14
122.88,-96.106,66.581
246.75,-354.99,-387.48
223.46,-387.23,-357.83
194.24,-295.57,-216.56
151.58,-107.67,4.276
181.72,-190.99,-94.9
207.39,-246.55,-212.08
219.45,-286.58,-235.57
132.93,-113.3,40.735
147.64,-139.13,-75.576
171.57,-254.33,-155.52
104.05,-111.37,40.728
218.18,-343.19,-290.65
154.58,-153.69,-20.486
107.53,-131.27,-8.9054
214.69,-321.94,-260.96
253.24,-366.89,-368.76
134.11,-158.93,-17.444
225.61,-291.07,-264.35
222.75,-290.05,-247.34
217.33,-372.28,-334.8
207.23,-358.96,-317.44
236.58,-340.7,-372.52
197.55,-289.89,-209.61
144.51,-106.77,30.302
145.03,-119.54,21.238
221.68,-280.76,-255.46
124.31,-143.49,-64.737
177.62,-190.75,-85.1
196.84,-224.72,-186.63
201.89,-334.29,-351.55
190.31,-313.63,-247.33
132.33,-187.02,-102.99
155.65,-206.86,-85.376
164.56,-168.78,-46.752
154.95,-152.46,-19.789
226.66,-300.82,-301.82
196.87,-330.08,-339.32
115.8,-52.788,46.051
101.88,-110.19,1.0653
219.73,-276.98,-238.83
124.18,-171.16,-59.596
163.88,-172.48,-122.93
187.49,-329.48,-292.11
125.15,-142.17,-64.904
100.34,-108.37,6.4174
180.22,-195.99,-152.88
190.75,-204.94,-150.79
131.08,-159.72,-19.851
230.42,-309.25,-277.31
128.97,-178.86,-91.094
163.71,-159.48,-38.394
180.38,-241.7,-138.69
189.96,-311.97,-311.57
240.79,-367.08,-417.26
206.73,-284.61,-290.5
163.63,-138.97,-57.025
215.61,-329.22,-270.77
211.91,-299.22,-312.95
126.61,-177.27,-76.592
214.11,-353.46,-304.82
167.81,-278.99,-214.88
132.17,-181.06,-58.476
131.64,-95.842,-14.271
215.38,-267.09,-220.5
147.78,-124.37,-52.563
115.91,-112.19,-26.674
133.87,-152.96,-8.6767
130.53,-158.47,-18.114
149.51,-111.47,16.125
165.56,-228.64,-197.22
151.35,-116.35,-33.409
224.93,-353.53,-395.68
137.66,-172.8,-37.765
189.28,-231.96,-210
213.66,-260.4,-219.44
139.27,-199.52,-128.04
148.6,-169.86,-33.763
132.39,-93.489,59.803
195.98,-306.36,-232.79
130.05,-153.85,-10.927
211.24,-385.75,-369.63
173.94,-180.51,-130.31
134.76,-92.942,56.741
187.04,-329.15,-295.05
112.32,-119.75,34.623
190.19,-217.82,-183.66
165.98,-248.6,-216.89
204.15,-249.89,-178.11
188.53,-219.19,-188.11
92.379,-86.382,72.968
89.914,-89.123,50.188
245.19,-366.27,-413.27
202.98,-250.03,-175.32
190.52,-335.39,-322.47
183.35,-285.78,-202.76
229.81,-360.75,-407.6
121.4,-157.6,-27.659
236.31,-394.23,-368.96
202.92,-341.86,-360.25
195.04,-350.11,-333.92
152.57,-135.81,-2.7225
184.08,-190.66,-133.74
113.27,-114.73,43.421
192.1,-225.06,-136.28
189.92,-336.63,-306.84
183.3,-191.22,-99.975
96.99,-57.026,45.709
183.07,-314.71,-262.58
237.58,-327.77,-305.66
165.88,-141.77,-46.047
140.76,-109.53,35.279
174.52,-273.6,-252.18
156.29,-121.71,-33.576
149.83,-219.54,-110.55
145.74,-223.51,-132.49
204.74,-375.38,-370.67
183.73,-196.94,-102.36
209.82,-356.37,-384.88
126.85,-139.4,-64.678
206.03,-278.53,-203.68
221.14,-279.41,-248.48
207.85,-263.91,-253.47
203.51,-329.27,-267.79
213.83,-372.66,-406.31
219.28,-286.32,-283.53
140.44,-165.41,-26.17
152.3,-163.3,-109.74
181.58,-259.06,-246.56
226.19,-293.96,-263.1
190.37,-325.95,-321.56
126.38,-157.3,-78.006
199.67,-358.05,-329.86
234.91,-342.76,-377.82
223.95,-302.67,-311.3
175.81,-206.42,-172.94
146.14,-105.81,-20.107
156.98,-203.04,-79.842
218.07,-272.37,-247.39
222.47,-371.88,-333.27
231.33,-306.87,-283.74
203.02,-233.7,-187
109.66,-118.01,35.298
192.59,-329.63,-276.46
216.94,-338.67,-371.57
116.39,-150.36,-24.311
183.75,-289.45,-208.77
214.4,-360,-395.01
168.36,-225.75,-113.09
192.63,-328.17,-328.76
128.36,-136.55,-63.558
222.68,-371.66,-417.35
132.59,-76.55,70.362
210.08,-260.83,-243.26
111.52,-89.793,-0.25435
181.61,-196.04,-151.32
137.47,-73.444,42.593
233.47,-323.56,-290.84
198.69,-231.77,-156.21
154.5,-145.31,-83.276
160.83,-129.65,-36.45
148.56,-160.54,-22.478
141.56,-84.306,22.943
205.79,-310.55,-327.92
194.99,-345.48,-309.79
190.58,-203.81,-147.44
159.35,-254.94,-173.27
203.24,-258.49,-181.58
202.84,-369.77,-356.2
232.78,-337.91,-299.38
142.97,-88.433,35.637
146.87,-226.97,-150.58
224.4,-351.78,-393.04
207.53,-287.45,-214.63
223.92,-335.13,-284.76
222.86,-284.32,-264.41
107.21,-78.7,14.871
222.97,-292.52,-248.35
139.69,-78.574,37.353
124.54,-126.01,29.052
186.56,-227.1,-128.47
118.11,-112.35,47.992
238.6,-348.78,-386.07
213.62,-378.91,-410.74
211.88,-378.86,-406.55
159.22,-170.7,-41.996
217.25,-355.42,-307.89
207.83,-346.1,-371.85
147.21,-202.99,-148.19
206.64,-244.52,-208.74
122.1,-166.16,-52.793
122.12,-165.88,-50.755
155.29,-119.73,-3.9693
164.34,-255.55,-163.41
105.15,-123.29,-7.7676
132.57,-192.1,-94.996
114.11,-60.938,33.758
102.72,-115.04,29.092
171.01,-277.22,-198.9
186.09,-206.22,-112.26
259.25,-384.14,-392.71
154.38,-232.96,-182.13
181.07,-297.86,-282.73
175.66,-195.27,-85.036
176.59,-226.55,-117.88
244.41,-352.79,-334.98
138.14,-200.62,-91.473
167.33,-187.87,-145.81
130.12,-171.21,-41.214
179.68,-305.32,-247.28
161.51,-131.78,-28.79
154.43,-185.48,-55.731
116.57,-124.51,-38.071
179.69,-292.53,-276.27
94.381,-347.13,-245.83
-27.598,-135.04,40.573
121.47,-365.95,-328.26
91.428,-421.28,-389.22
56.026,-238.63,-93.199
105.84,-419.41,-349.18
28.514,-260.83,-167.59
17.287,-240.02,-129.58
4.2676,-155.48,-40.883
58.12,-257.97,-113.43
21.186,-167.12,16.004
36.101,-259.53,-106.27
44.915,-274.61,-206.15
13.284,-235.84,-113.76
78.779,-360.26,-333.71
67.528,-278.27,-144.46
107.19,-337.52,-297.81
22.403,-151.73,-36.306
93.723,-426.66,-396.89
77.273,-263.65,-162.21
124.67,-387.66,-385.71
89.045,-392.31,-377.92
102.03,-375.27,-285.11
7.5145,-166.87,-55.989
93.043,-380.45,-288.03
5.4594,-211.89,-87.614
133.46,-415.43,-365.9
86.037,-317.14,-281.5
117.14,-410.03,-339.44
43.804,-311.89,-212.32
42.823,-230.56,-69.837
92.057,-333.85,-229.5
131.62,-426.95,-373.24
108.71,-403.83,-326.14
8.1749,-120.9,5.1169
51.889,-290.11,-230.04
106.34,-342.26,-262.76
9.4927,-181.09,5.6203
107.46,-386.35,-302.87
53.361,-300.99,-167.37
60.796,-274.09,-216.24
82.83,-402.33,-353.61
86.115,-326.6,-215.02
61.772,-352.88,-284.28
80.972,-387.87,-356.8
37.547,-275.64,-195.83
20.638,-121.71,27.709
30.977,-231.25,-65.022
30.288,-219.27,-49.005
124.35,-386.68,-328.41
21.628,-253.69,-144.83
7.3883,-103.63,33.852
30.251,-170.5,-62.314
7.041,-196.2,-83.648
105.29,-425.92,-360.56
127.46,-396.93,-341.22
93.296,-348.75,-330.83
65.601,-269.06,-133.28
52.74,-205.3,-95.89
81.93,-275.26,-177.91
122.43,-369.64,-323.07
23.703,-224.04,-131.15
69.52,-280.49,-225.85
55.071,-301.77,-168.18
19.714,-145.38,36.743
140.7,-411,-406.2
80.936,-369.22,-345.08
97.079,-390.17,-303.16
53.659,-270.66,-209
78.314,-391.91,-333.9
33.687,-154.71,-11.468
25.374,-266.67,-138.34
89.02,-291,-205.94
44.553,-277.47,-208.51
34.422,-158.23,-26.931
56.895,-213.34,-100.91
84.785,-298.52,-248.66
39.399,-207.73,-43.228
82.807,-275.8,-186.9
96.615,-375.15,-281.53
26.405,-163.76,12.169
-27.291,-97.556,47.095
-21.557,-137.98,56.045
69.149,-253.95,-176.96
79.505,-351.09,-325.3
83.846,-368.9,-270.27
126.97,-408.63,-349.17
33.481,-250.01,-168.08
36.582,-162.91,-31.227
96.235,-312.05,-226.46
33.969,-158.7,-30.82
100.73,-375.46,-284.37
18.136,-148.38,36.737
48.931,-239.33,-84.761
15.055,-240.24,-97.099
46.088,-295.76,-162.44
49.069,-316.3,-242.95
119.09,-421.93,-355.88
9.2514,-227.74,-84.125
79.027,-326.98,-295.48
7.5107,-223.78,-80.185
132.6,-433.98,-381.79
60.685,-329.06,-212.1
55.86,-217.42,-82.127
23.415,-217.56,-124.34
141.44,-412.51,-407.99
119.07,-363.45,-335.95
-0.23642,-199.79,-67.137
59.134,-347.56,-263.77
-24.484,-116.47,27.64
34.938,-186.23,-18.631
1.6313,-196.18,-23.625
6.9049,-220.94,-71.531
5.8593,-205.45,-87.09
98.998,-391.44,-390.45
134.49,-398.36,-364.71
35.331,-291.54,-187.2
14.892,-133.04,-10.422
58.674,-271.99,-212.78
109.8,-363.99,-283.16
66.14,-321.67,-279.06
90.061,-391.74,-307.05
-0.1824,-196.24,-27.134
26.746,-154.87,17.439
92.391,-344.41,-240.8
88.529,-410.49,-349.99
82.721,-309.84,-194.21
-31.539,-122.79,65.177
49.454,-298.07,-164.19
49.789,-234.5,-80.908
67.901,-285.07,-151.8
1.0386,-87.472,55.742
97.577,-366.02,-270.43
65.288,-348.81,-299.56
75.229,-346.03,-234.93
95.694,-427.28,-377.08
19.005,-233.28,-131.32
56.024,-217.76,-82.712
78.1,-292.63,-242.97
89.618,-294.25,-204.35
88.66,-309.48,-266.22
76.295,-363.81,-332.69
11.206,-100.86,48.107
0.16219,-120.22,82.963
130.21,-387.7,-350.5
91.622,-307.83,-258.88
22.057,-187.78,-88.888
90.896,-371.64,-359.88
34.582,-188.41,-19.841
95.651,-338.96,-239.23
25.177,-149.2,23.849
51.34,-314.31,-192.97
72.585,-345.75,-235
53.208,-305.27,-246.08
42.447,-243.52,-84.655
74.592,-287.56,-162.52
48.44,-228.09,-73.266
97.65,-327.94,-293.52
28.884,-149.14,13.451
29.22,-247.8,-160.15
11.737,-127.85,62.595
17.989,-233.39,-74.063
63.348,-242.11,-110.13
123.26,-407.95,-343.32
16.417,-111.27,40.226
6.4472,-203.26,-30.848
123.78,-387.26,-327.33
111.53,-343.38,-296.06
78.616,-329.52,-212.31
-14.329,-167.38,-15.027
119.52,-396.15,-326.67
35.314,-270.27,-124.93
106.17,-391.74,-396.18
36.113,-243.97,-83.229
75.99,-296.28,-249.86
-6.0746,-181.13,-46.566
71.333,-256.59,-178.69
109.19,-425.52,-358.68
10.545,-193.33,-11.845
41.897,-283.57,-143.62
86.652,-285.73,-196.38
129.73,-403.29,-412.38
-14.558,-164.83,10.671
61.106,-331.36,-280.2
78.951,-315.19,-278.89
8.3848,-223.18,-96.827
48.673,-296.81,-231.69
89.057,-316.03,-278.18
65.884,-250.1,-173.86
40.771,-289.89,-156.82
9.0774,-183.36,-74.882
-7.5783,-184.47,-38.973
108.01,-343.16,-311.06
-19.262,-138.77,57.791
18.358,-149.87,-35.572
12.29,-211.2,-103.73
92.936,-320.27,-219.63
103.25,-362.42,-352.39
35.236,-263.65,-182.72
104.98,-356.04,-268.53
132.29,-425.73,-372.9
108.85,-381.41,-298.5
-30.829,-119.89,40.85
-21.301,-140.52,51.272
-5.7412,-179.76,-2.2485
128.49,-437.44,-382.02
70.567,-295.77,-165.99
100.31,-331.32,-242.43
33.136,-286.42,-178.63
33.209,-286.61,-178.74
97.589,-413.74,-410.03
-6.8829,-186.88,-40.366
32.745,-238.52,-75.316
47.503,-313.47,-197.96
80.115,-392.8,-352.92
41.038,-200.38,-39.293
120.45,-381.92,-316.71
65.924,-243.31,-117.94
101.96,-418.96,-349.76
64.334,-350.95,-297.44
64.055,-237.34,-148.46
10.167,-94.265,67.458
69.725,-354.39,-313.04
119.12,-445.71,-390.31
83.371,-402.4,-344.83
116.2,-353.91,-306.22
71.627,-272.89,-211.89
71.64,-344.33,-232.94
93.778,-375.63,-367.14
1.061,-191.09,-14.471
-31.308,-120.66,42.835
60.754,-249.09,-176.89
11.264,-228.63,-107.89
40.784,-275.96,-131.13
34.146,-175.26,-67.167
62.194,-354.72,-282.62
41.517,-176.04,-51.647
54.342,-208.87,-78.684
23.078,-159.24,20.783
45.695,-269.23,-119.77
23.842,-248.17,-95.437
69.734,-319.81,-280.44
41.974,-231.01,-151.97
120.48,-390.88,-323.35
106,-349.9,-328.88
37.415,-294.46,-176.63
85.932,-348.61,-240.99
144.33,-418.09,-409
20.579,-128.5,6.1172
-24.414,-134.49,57.878
-3.3913,-172.4,14.398
57.682,-289.24,-150.03
54.924,-321.96,-261.16
28.014,-189.12,-91.908
90.418,-321.26,-215.8
-9.1022,-173.17,-35.789
91.135,-333.68,-228.15
92.975,-397.02,-388.52
47.648,-317.15,-207.82
59.142,-279.48,-223.13
108.63,-438.62,-381.91
90.217,-368.39,-355.44
47.544,-206.29,-55.561
43.591,-231.32,-71.315
-8.6394,-140.08,-13.664
97.929,-419.79,-354.57
43.785,-267.44,-117.11
70.72,-357.73,-317.22
32.611,-281.24,-183.56
52.192,-331.58,-245.32
91.282,-396.15,-314.34
54.279,-217.76,-123.72
-28.285,-133.13,44.527
88.467,-374.24,-360.24
9.2321,-202.54,-92.088
13.287,-170.46,-63.615
31.784,-204.04,-113
58.804,-345.5,-255.5
21.724,-151.66,28.807
35.191,-158.47,-18.354
66.609,-236.89,-128.09
18.971,-181.47,-79.719
115.12,-360.4,-338.87
45.345,-303.81,-179.51
28.466,-248.36,-159.4
56.865,-251.43,-105.58
21.061,-124.49,18.923
24.845,-261.11,-156.38
55.254,-335.02,-264.22
36.928,-214.27,-127.91
-34.743,-105.05,55.431
6.4511,-92.386,55.216
25.468,-251.89,-155.95
34.628,-157.05,-16.006
35.608,-159.56,-21.251
-0.84215,-169.63,20.392
93.884,-377.51,-369.47
11.313,-172.36,-64.803
102.93,-377.84,-288.94
59.985,-325.45,-273.79
40.265,-240.89,-80.347
-2.4225,-160.9,-40.398
81.906,-356.24,-333.5
98.906,-370.77,-364.14
59.169,-285.26,-145.39
61.305,-225.09,-121.34
30.075,-238.07,-74.758
72.778,-312.13,-272.7
-27.68,-111.69,36.483
32.932,-244.29,-83.628
28.936,-263.36,-119.01
60.255,-277.21,-136.26
20.166,-179.23,-77.251
69.901,-345.27,-306.73
51.664,-258.21,-107.87
133.57,-395.29,-362.64
145.19,-426.27,-401.41
43.381,-229.94,-69.64
36.357,-214.31,-46.779
2.2044,-170.46,-54.799
54.499,-334.49,-236.41
22.05,-235.65,-138.75
122.38,-398.16,-332.7
88.074,-408.24,-344.85
9.0216,-149.15,-35.187
-7.8857,-157.84,-30.183
12.169,-164.57,-55.852
2.5822,-139.52,60.135
28.251,-254.15,-163.22
28.302,-144.62,-11.716
119.76,-398.06,-328.87
56.62,-317.37,-261.59
127.28,-379.24,-346.83
46.016,-227.45,-69.726
16.344,-236.37,-126.03
33.216,-156.09,-3.3889
56.3,-261.74,-197.8
18.277,-173.82,-69.682
-21.915,-146.51,10.387
80.724,-375.16,-349.47
58.556,-341.9,-276.43
77.994,-389.69,-343.34
42.744,-213.05,-125.56
6.7997,-220.09,-68.982
101.57,-443.18,-406.88
3.6669,-211.7,-79.891
76.15,-260.32,-170.31
-11.438,-135.54,-6.2643
-4.9489,-192.86,-38.908
-16.82,-117.76,16.534
102.61,-346.27,-256.62
-10.522,-115.62,13.788
121.46,-371.76,-316.39
2.7508,-207.71,-47.724
7.7429,-147.77,47.654
46.06,-228.79,-149.11
2.8711,-212.5,-70.665
113.64,-348.79,-293.03
-27.141,-133.38,52.281
62.778,-299.36,-250.55
37.247,-200.19,-107.13
43.309,-252.51,-180.21
110.16,-341.41,-297.93
79.851,-281.29,-219.34
62.779,-322.49,-275.69
93.057,-300.61,-231.88
132.96,-441.34,-390.46
131.69,-403.36,-410.21
60.199,-321.79,-271.2
67.874,-360.18,-268.14
45.271,-305.29,-229.05
37.381,-276.59,-134.7
44.601,-293.13,-221.52
109.91,-344.03,-308.25
20.953,-248.31,-100.51
-13.018,-158.47,-20.445
131.85,-414.7,-362.38
-6.6658,-141.88,59.574
92.255,-298.38,-226.57
107.98,-390.73,-395.65
104.48,-370.34,-364.87
78.089,-353.51,-326.19
42.095,-262.57,-110.01
35.61,-292.49,-184.93
14.046,-158.51,-48.515
130.01,-386.19,-352.12
69.511,-289.45,-158.09
33.452,-285.61,-164.88
67.112,-261.93,-129.74
-15.482,-125.61,81.426
10.131,-230.34,-89.883
-13.082,-122.52,8.1923
76.729,-381.89,-303.14
43.695,-192.48,-40.069
48.605,-322.39,-236.63
96.467,-431.52,-388.52
58.589,-344.58,-252.99
84.188,-281.45,-208.09
51.517,-207.12,-105.07
125.8,-442,-386.31
61.606,-232.51,-142.54
75.093,-260.44,-151.78
86.856,-313.53,-275.01
75.869,-377.08,-292.82
52.093,-325.18,-216.64
87.201,-403.33,-334.09
17.695,-215.05,-115.19
38.879,-293.3,-206.58
62.4,-226.5,-114.57
28.309,-188.37,-90.845
35.731,-288.87,-165.44
21.623,-213.89,-118.73
68.04,-255.82,-127.85
42.184,-305.4,-192.22
50.745,-292.74,-231.21
3.7812,-128.23,-6.5483
102.42,-393.23,-395.59
126.04,-439.77,-383.43
80.092,-273.26,-169.08
133.83,-397.25,-389.25
57.333,-298.85,-163.54
80.516,-396.52,-338.14
39.225,-181.77,-24.442
19.687,-214.26,-41.054
36.715,-180.71,-18.1
48.619,-311.08,-190.08
108.12,-341.76,-268.5
-35.833,-112.54,61.776
74.876,-301.24,-257.71
12.637,-182.25,-76.934
84.549,-399.81,-331.16
67.948,-305,-260.89
46.141,-224.28,-142.2
76.922,-352.74,-260.87
101.35,-371.75,-338.89
113.82,-322.71,-218.08
60.435,-307.35,-174.16
76.994,-235.39,-134.98
127.09,-357.81,-323.63
68.507,-282.11,-207.14
61.769,-317.2,-204.96
115.71,-429.9,-358.16
109.22,-411.07,-384.35
86.197,-263.48,-122.42
77.535,-264.95,-109.62
120.81,-335.57,-283
86.926,-368.73,-266.78
96.705,-345.21,-219.16
111.59,-308.98,-211.65
128.3,-354.97,-315.17
90.574,-256.92,-141.45
93.352,-390.08,-324.27
155.67,-414.25,-367.52
147.73,-392.16,-363.44
156.86,-412.87,-395.73
111.14,-324.93,-212.59
116.9,-332.44,-283.05
125.74,-369.52,-347.17
68.252,-216.63,-109.4
126.64,-341.79,-274.59
81.089,-347.28,-227.8
72.496,-310.7,-167.06
126.43,-420.25,-334.99
40.516,-158.51,-31.451
89.526,-258.23,-161.03
86.779,-316.37,-262.01
35.115,-223.69,-110.11
55.93,-186.18,-13.832
46.981,-163.67,17.737
83.834,-368.69,-287.18
132.13,-358.39,-314.19
141.48,-450.54,-382.95
27.369,-203.8,-82.034
88.659,-268.67,-187.47
25.138,-213.44,-84.354
34.976,-239.82,-120.22
31.962,-236.71,-110.72
92.966,-358.01,-238.72
85.532,-336.33,-205.15
47.155,-220.22,-118.8
45.602,-275.88,-133.18
99.506,-300.37,-237.94
82.52,-291.53,-227.13
144.17,-415.39,-342.29
15.694,-180.94,-45.552
27.968,-126.29,77.698
52.806,-207.49,-25.593
58.169,-290.69,-141.39
149.63,-401.17,-345.78
103.14,-300.82,-181.16
104.98,-333.81,-292.5
110.34,-406.03,-383.41
30.199,-188.25,10.088
63.898,-212.88,-45.876
111.67,-309.88,-211.2
110.03,-358.3,-329.55
122.04,-403.09,-308.79
41.134,-187.2,-74.263
138.07,-371.01,-305.87
112.25,-362.5,-250.11
2.6531,-117.02,28.555
60.534,-314.26,-204.05
6.8448,-179.15,-20.879
87.192,-347.52,-223.19
-5.2663,-131.82,25.811
64.657,-320.09,-196.94
44.954,-276.32,-138.9
113.39,-424.09,-400.9
61.599,-187.58,-33.435
75.06,-252.89,-95.191
147.94,-411.41,-345.35
61.594,-268.79,-185.96
122.23,-359.68,-258.85
105.36,-335.29,-212.9
124.01,-391.16,-380.99
50.911,-195.49,-12.02
93.472,-355.07,-312.04
56.206,-303.78,-182.23
15.594,-134.97,81.386
33.725,-175.92,23.976
124.36,-360.52,-263.2
157.95,-414.32,-380.43
58.027,-252.25,-164.16
116.17,-358.92,-331.57
8.049,-183.29,-24.314
74.283,-346.07,-256.05
108.68,-422.46,-383.7
17.688,-145.85,-13.698
50.171,-168.94,-39.969
42.529,-242.08,-67.279
73.4,-335.03,-258.41
134.77,-375.75,-351.99
36.73,-236.76,-62.381
75.355,-222.79,-81.537
90.535,-303.85,-163.81
108.55,-332.92,-214.5
21.242,-177.08,-50.101
75.293,-221.41,-103.04
133.67,-374.13,-349.9
30.413,-241.22,-99.922
1.222,-144.65,66.618
75.633,-259.43,-102
152.52,-411.79,-405.69
95.035,-347.26,-305.56
32.813,-237.99,-70.394
73.409,-249.62,-164.23
89.747,-275.01,-198.69
18.274,-138.41,-4.9834
90.195,-255.88,-141
71.638,-258.21,-177.6
58.062,-291.8,-143.68
122.32,-415.33,-409.65
48.664,-281.14,-169.98
47.128,-182.86,-67.336
39.98,-190.45,-78.309
77.502,-351.7,-271.3
140.72,-374.43,-321.11
43.658,-207.85,-19.112
103.49,-295.28,-221.47
91.09,-275.24,-197.72
-9.1727,-138.31,60.79
45.169,-192.41,-2.8011
103.06,-325.69,-200.36
100.2,-349.98,-226.94
102.69,-338.09,-298.54
129.02,-414.56,-414.9
101.95,-410.03,-353.46
29.289,-218.66,-36.907
73.78,-322.75,-253.07
105.32,-327.98,-205.46
-5.1384,-112.84,40.265
34.517,-152.08,47.388
32.222,-243.6,-110.11
89.737,-381.62,-311.96
110.19,-319.08,-207.13
54.963,-247.9,-74.324
104.2,-300.82,-183.97
35.783,-191.68,-77.995
34.52,-235.46,-117.11
-8.0504,-124.48,35.743
64.668,-267.09,-186.56
9.6769,-160.28,-20.16
-6.5511,-142.11,59.536
98,-316.13,-265.25
99.222,-365.43,-329.8
135.08,-387.05,-303.02
118.87,-324.77,-255.46
25.138,-217.14,-39.508
12.62,-138.14,78.617
77.372,-271.84,-116.49
52.948,-189.09,-74.328
68.981,-333.7,-226.2
157.06,-414.34,-373.94
55.823,-198.16,-87.772
35.164,-179.61,18.858
86.146,-295.01,-232.87
33.418,-154.86,46.191
27.435,-234.26,-87.091
30.185,-141.41,62.25
43.007,-246.51,-140.97
21.874,-214.89,-74.886
36.247,-245.52,-125.6
82.606,-266.32,-188.18
96.717,-320.35,-271.54
10.875,-119.92,20.553
48.504,-267.39,-165.77
119.14,-417.59,-331.29
97.635,-320.54,-271.94
68.975,-303.46,-229.44
123.16,-385.44,-372.55
61.509,-315.97,-210.92
29.108,-116.36,81.457
12.749,-111.67,30.732
39.807,-262.01,-137.18
61.529,-207.69,-37.978
148.84,-397.56,-343.33
136.27,-440.91,-367.6
127.65,-375.24,-356.39
29.826,-237.23,-102
60.963,-183.66,-41.167
95.706,-370.73,-259.59
124.31,-340.56,-255.7
50.741,-158.59,-10.405
-3.4379,-156.43,23.068
56.016,-283.12,-191.17
133.44,-375.42,-291.54
62.544,-230.07,-58.348
2.0788,-168.88,15.698
127.85,-378.76,-284.47
74.967,-284.42,-129.36
98.377,-279.25,-163.18
137.54,-366.97,-315.48
23.169,-198.39,-71.098
-15.431,-124.87,61.736
108.68,-307.16,-239.24
42.361,-144.06,36.406
65.365,-231.57,-137.83
-0.49406,-154.17,4.5416
79.919,-320.85,-260.74
20.856,-169.5,36.207
124.43,-385.33,-287.46
48.32,-279.96,-135.36
49.021,-275.39,-170.8
131.01,-389.06,-298.77
74.707,-278.75,-206.98
77.199,-225.27,-106.45
33.774,-218.31,-33.157
39.264,-129.49,44.004
51.741,-244.26,-68.828
105.23,-292.14,-203.21
37.3,-141.93,-5.3733
5.4442,-132.44,10.185
109.64,-303.57,-205.78
93.153,-299.3,-162.12
141.11,-385.66,-364.51
105.45,-335.55,-213.27
15.945,-140.35,74.81
67.291,-282.34,-206.3
93.565,-263.9,-154.19
54.007,-213.31,-111.8
65.514,-217.94,-114.95
105.06,-417.32,-359.56
-15.29,-124.54,75.29
97.587,-333.08,-203.61
65.111,-194.05,-52.487
103.67,-287.97,-190.99
153.46,-412.59,-405.81
101.05,-336.09,-295.2
62.98,-286.96,-205.93
15.991,-205.63,-41.256
20.444,-196.73,-64.943
56.94,-304.18,-196.89
95.498,-393.69,-335
14.013,-141.99,-6.9989
80.35,-355.37,-248.46
119.59,-417.32,-408.16
47.139,-182.42,-66.646
123.99,-349.38,-255.52
58.452,-193.4,-23.178
40.102,-155.51,-26.688
92.088,-372.77,-266.9
147.29,-408.91,-406.32
159.66,-418.42,-401.96
-5.1727,-151.92,28.526
82.917,-366.58,-283.83
114.35,-346.62,-311.84
64.982,-202.41,-43.769
120.16,-350.61,-316.1
32.936,-242.37,-80.726
30.185,-150.33,53.981
24.314,-216.16,-38.932
5.6412,-179.63,-8.7767
90.85,-312.32,-173.7
41.827,-157.95,-29.476
105.1,-342.01,-304.8
78.231,-227.88,-110.45
77.886,-279.23,-208.68
58.456,-189.47,-68.749
97.72,-293.43,-226.36
101.46,-404.6,-325.75
19.725,-135.01,78.83
9.3802,-111.72,31.241
102.28,-292.22,-216.61
49.538,-196.42,-87.413
42.256,-136.18,30.043
144.15,-387.46,-362.15
102.95,-319.79,-194.53
97.86,-398.05,-318.34
102.55,-294.15,-177.41
41.422,-235.88,-129.75
152.98,-437.81,-376.14
82.698,-341.98,-283.83
56.62,-189.65,-17.137
46.688,-152.84,20.979
37.408,-225.74,-115.21
111.88,-334.33,-220.83
79.37,-347.51,-279.43
99.052,-375.31,-338.92
71.562,-223.66,-68.494
48.339,-159.75,-23.53
121.74,-346.89,-307.32
160.28,-428.92,-384.29
107.82,-423.59,-368.81
42.743,-157.21,30.349
53.913,-296.86,-186.29
30.759,-139.93,62.769
11.536,-93.719,55.947
60.52,-190.8,-67.571
86.684,-278.59,-134.31
115.84,-401.19,-387.11
36.533,-123.08,36.182
110.9,-363.44,-337.04
60.955,-242.74,-70.544
108.97,-405.87,-315.79
-7.6482,-101.22,53.923
42.666,-270.86,-131.15
127.55,-376.27,-281.71
31.163,-183.03,16.637
108.6,-351.97,-320.09
2.8003,-163.18,-7.23
154.52,-411.48,-400.39
86.992,-352.31,-299.5
22.144,-111.09,34.218
62.776,-316.54,-193.08
142.63,-387.15,-365.14
3.6122,-160.9,-8.8047
128.96,-398.52,-306.97
96.023,-291.46,-224.15
69.445,-322.45,-191.62
30.16,-163.27,40.52
49.9,-155.57,0.17366
15.846,-128.99,7.6125
131.03,-352.24,-294.47
123.13,-338.31,-283.97
103.05,-310.93,-187.23
95.748,-275.96,-191.23
80.968,-271.01,-119.64
75.083,-220.61,-101.23
82.388,-356.18,-245.53
73.235,-219.32,-73.199
-8.5035,-111.43,45.855
154.99,-410.97,-365.63
31.708,-240.58,-79.822
100.93,-327.45,-199.84
62.053,-286.6,-131.34
115.09,-317.93,-223.42
53.213,-274.01,-115
58.92,-257.18,-170.58
38.735,-130,24.187
44.896,-257.05,-91.551
26.638,-120.1,22.631
106.78,-408.63,-377.04
-11.35,-105.94,54.403
30.726,-110.78,48.312
14.675,-93.741,57.389
31.763,-241.15,-109.41
118.99,-324.65,-241.3
111.65,-386.92,-366.93
60.854,-314.06,-209.63
69.069,-314.24,-237.98
75.314,-231.86,-81.393
21.095,-190.87,-61.985
104.93,-292.3,-189.21
58.941,-237.16,-145.69
96.253,-270.35,-163.7
123.74,-351.99,-256.23
73.518,-273.51,-199.49
59.64,-189.74,-67.09
134.03,-360.94,-314.61
123.51,-335.3,-257.09
39.029,-252.16,-135.46
109.5,-302.03,-217.13
108.77,-346.92,-229.04
-3.2295,-155.03,35.324
89.736,-380.29,-314.65
39.752,-186.22,-72.683
-8.2731,-136.07,69.377
31.643,-164.16,38.462
54.009,-166.49,-19.856
136.85,-371.37,-337.56
120.65,-403.73,-394.95
83.874,-243.63,-111.9
49.211,-199.05,-13.483
131.36,-406.26,-405.01
63.302,-239.58,-149.96
112.16,-401.66,-382.73
-7.9268,-144.89,39.379
35.256,-170.68,28.616
101.79,-395.38,-358.33
114.33,-313.21,-227.52
80.161,-231.35,-106.82
106.52,-321.16,-201.21
22.161,-168.11,-41.801
49.718,-156.34,7.0752
112.03,-346.16,-231.85
47.676,-279.96,-165.95
76.393,-222.07,-94.139
27.756,-112.32,38.047
34.288,-251.25,-108.63
14.123,-200.99,-35.247
10.792,-111.15,31.657
96.855,-366.7,-327.85
75.032,-320.87,-253.82
45.983,-169.53,-46.057
67.999,-256.85,-175.04
10.676,-150.82,61.597
60.809,-311.71,-212.47
64.958,-219.25,-52.241
82.241,-239.63,-131.98
46.272,-280.35,-151.74
102.7,-411.95,-351.37
84.871,-370.84,-292.83
62.707,-211.76,-106.26
74.294,-259.86,-180.07
94.058,-314.12,-261.97
31.547,-216.49,-31.382
84.801,-327.29,-273.05
38.883,-137.65,48.297
113.78,-324.87,-271.16
97.069,-339.72,-211.83
54.599,-300.02,-184.46
27.252,-103.26,56.751
155.19,-407.2,-375.98
106.52,-294.77,-200.03
93.77,-320.16,-185.22
140.13,-449.52,-381.15
89.393,-355.03,-235.18
132.79,-359.77,-286.26
90.322,-358.56,-240.94
24.976,-195.67,-1.3031
20.1,-124.94,12.532
105.75,-292.98,-197.08
16.634,-180.34,-46.708
96.084,-273.35,-155.25
54.739,-172.32,-37.045
127.02,-346.53,-295.53
-3.0878,-152.57,43.437
114.81,-350.96,-240.12
14.883,-170.48,-36.143
27.694,-234.67,-89.57
-4.5055,-153.33,32.57
95.041,-348.97,-224.22
62.063,-302.86,-215.9
131.23,-364.35,-332
49.356,-237.55,-59.271
79.361,-276.2,-204.55
72.825,-298.12,-185.28
131.86,-336.57,-277.18
42.066,-101.8,71.832
120.3,-412.84,-324.79
149.1,-382.06,-280.82
108.49,-313.75,-245.97
111.14,-281.37,-189.5
31.869,-170.96,-23.492
47.684,-132.23,20.861
149.39,-395.66,-373.76
64.393,-254.66,-141.57
85.032,-208.45,-73.294
63.646,-278.4,-152.47
156.3,-381.12,-298.16
88.887,-271.32,-181.31
31.575,-152.79,-5.4946
57.842,-226.31,-106.59
115.93,-374.86,-249.37
42.828,-169.94,-32.589
135.41,-339.67,-225.1
71.635,-188.28,-55.466
132.89,-327.92,-256.61
49.575,-167,-31.221
109.11,-386.33,-314.59
17.313,-144.9,19.301
34.655,-211.97,-31.709
177.54,-422.56,-383.38
34.07,-211.44,-36.529
142.22,-361.27,-252.66
90.31,-342.59,-214.54
51.287,-233.59,-103.25
102.84,-373.1,-263.41
26.43,-106.65,52.087
118.91,-333.07,-193.08
37.471,-187.11,25.206
23.013,-179.47,-7.6687
134.83,-394.1,-366.69
21.033,-174.2,27.614
78.143,-191.98,-19.801
100.31,-245.72,-126.82
36.547,-103.06,60.955
37.423,-187.09,-44.989
100.31,-286.65,-205.22
48.443,-112.11,67.491
161.08,-409.31,-393.13
109.15,-266.51,-156.58
159.37,-397.79,-372.08
165.66,-414.63,-399.68
19.903,-148.18,12.572
116.38,-291.7,-156.03
164.44,-406.64,-329.09
54.418,-163.38,46.827
111.06,-345.98,-289.11
162.26,-410.55,-326.75
30.822,-191.57,-35.12
128.08,-361.03,-233.21
107.66,-360.61,-299.52
87.961,-311.62,-226.38
32.781,-132.94,16.834
88.061,-211.98,-67.568
58.051,-238.19,-118.1
131.5,-316.94,-215.72
66.224,-177.1,-40.754
6.2133,-140.29,63.035
72.222,-179.54,-36.116
147.89,-401.85,-383.37
117.54,-312.43,-242.97
82.683,-225.64,-45.521
66.696,-174.61,18.107
50.131,-222.69,-93.29
56.293,-202.51,3.4973
30.521,-201.87,-18.682
22.168,-181.2,1.6195
117.84,-344.9,-206.1
33.311,-200.23,-44.553
54.617,-174.41,-41.729
111.08,-318.85,-169.87
79.722,-191.09,-37.587
126.07,-307.85,-220.89
147.21,-414.12,-312.92
110.05,-332.95,-272.53
20.51,-129.42,28.489
32.973,-131.48,18.627
49.816,-188.91,-58.962
140.29,-343.3,-278.4
47.128,-107.97,84.631
131.47,-318.54,-233.45
148.79,-356.81,-283.39
81.688,-236.88,-53.985
79.798,-322.28,-204.16
149.74,-388.73,-361.98
121.93,-350.44,-215.73
120.25,-398.81,-290.6
81.402,-215.05,-35.838
13.209,-100.67,64.601
69.084,-237.06,-44.849
84.936,-232.74,-123.26
72.682,-272.43,-95.36
162.45,-388.15,-329.23
43.652,-224.99,-36.726
36.418,-99.265,67.46
137.73,-417.78,-396.53
97.724,-308.88,-149.32
101.6,-370.85,-261.1
119.91,-289.31,-181.1
105.16,-322.96,-171.05
103.51,-308.62,-237.26
69.944,-172.34,9.4547
-0.51218,-122.24,79.221
38.832,-222.61,-59.887
32.928,-169.52,50.272
71.135,-174.29,-25.921
133.55,-381.87,-262.8
80.362,-206.45,-29.02
51.834,-242,-58.563
22.791,-181.84,10.787
49.303,-113.51,68.925
98.334,-291.4,-211.82
115.65,-285.79,-190.82
70.32,-186.8,-54.195
72.612,-300.91,-151.95
115.01,-335.11,-277.94
122.58,-346.59,-211.7
80.058,-191.82,-34.937
100.07,-345.74,-274.47
15.74,-162.88,19.536
91.229,-331.7,-187.65
90.574,-227.4,-63.822
65.816,-271.83,-99.102
137.75,-444.92,-366.69
63.38,-178.42,21.731
7.3407,-141.84,66.623
13.811,-155.72,52.894
165.29,-408.92,-388.28
92.289,-343.8,-254.81
74.304,-271.26,-93.118
111.79,-373.52,-249.15
114.88,-386.86,-332.34
96.897,-233.7,-94.891
129.57,-323.07,-251.69
159.4,-381.18,-318.22
42.003,-216.43,-21.764
53.856,-259.3,-114.18
121.01,-364.24,-233.2
25.143,-188.53,-10.119
19.043,-151.28,71.469
99.232,-314.99,-242.75
22.228,-100.26,61.033
96.33,-235.06,-109.54
102.04,-371.57,-261.64
44.654,-226.25,-37.596
42.318,-230.92,-57.719
77.812,-283.91,-186.79
81.561,-196.98,-34.745
60.853,-169.18,32.777
163.77,-394.8,-355.65
109.97,-392.32,-312.28
53.232,-123.67,62.58
144.1,-365.63,-259.4
46.485,-136.51,80.243
41.113,-208.35,-67.111
149.09,-409.44,-308.44
84.748,-292.97,-204.33
143.11,-432.76,-339.3
132.66,-444.63,-388.43
34.17,-194.24,10.541
61.864,-167.84,-28.433
52.13,-229.49,-35.329
133.31,-329.97,-260.79
44.27,-143.25,1.9353
92.46,-340.34,-204.03
40.163,-173.26,45.39
51.179,-253.62,-102.07
45.193,-197.02,12.502
64.998,-265.01,-150.73
132.74,-408.74,-381.01
156.33,-408.84,-394.29
74.234,-263.42,-81.523
147.32,-366.63,-321.01
132.95,-328.76,-258.6
6.515,-137.98,51.11
82.673,-223.48,-108.81
78.144,-295.64,-131.7
106.39,-358.92,-226.12
108.35,-387.49,-309.29
6.2398,-137.94,74.283
82.204,-208.39,-80.348
71.437,-255.17,-69.65
165.61,-395.74,-337.85
31.823,-150.92,-3.6891
153.71,-389.25,-294.83
94.204,-259.77,-91.084
44.13,-233.91,-58.368
59.286,-157.38,43.387
54.54,-245.64,-117.21
103.56,-255.93,-145.09
104.68,-364.62,-296.45
74.565,-307.9,-166.34
41.363,-177.26,39.924
80.792,-221.22,-106.21
66.129,-200.14,-1.0524
84.055,-318.31,-169.32
80.613,-305.55,-147.92
97.573,-325.37,-173.25
111.1,-391.36,-290.45
68.386,-177.74,-39.377
47.513,-117.57,88.638
126.16,-409.23,-370.65
77.701,-235.13,-128.56
54.535,-132.85,30.603
40.49,-115.73,42.836
144.56,-370.51,-331.8
57.476,-148.54,2.313
57.297,-245.06,-58.237
79.958,-195.74,-55.132
18.794,-167.2,6.7892
91.647,-276.47,-105.41
122.75,-354.45,-307.66
81.375,-303.26,-208.6
22.372,-150.12,75.707
174.09,-415.89,-365.76
128.49,-431.45,-353.94
93.932,-344.52,-210.89
63.932,-172.88,24.772
86.461,-255.05,-77.348
126.18,-310.77,-190.45
125.49,-349.92,-218.15
32.147,-168.95,50.909
77.432,-193.83,-57.45
71.979,-300.12,-151.83
10.619,-151.61,42.306
118.98,-394.41,-283.09
53.785,-212.06,-8.4239
23.458,-168.15,-7.0218
114.74,-375.93,-251.7
165.89,-430.15,-349.53
34.11,-205.45,-13.373
139.58,-355.85,-243.69
131.06,-354.15,-228.75
121.8,-416.52,-331.04
113.48,-400.57,-315
167.15,-398.99,-351.69
96.496,-341.85,-202.06
48.487,-169.34,46.616
46.305,-179.95,35.298
137.98,-345.44,-234.22
52.842,-185.24,-55.938
79.483,-253.01,-69.596
118.43,-287.78,-165.02
134.91,-375.6,-341.79
94.377,-356.25,-244.81
53.193,-224.51,-99.294
54.673,-254.55,-80.766
64.697,-229.07,-33.105
54.396,-211.26,-7.3616
150.6,-363.07,-280.11
128.18,-369.85,-331.12
46.087,-109.13,65.452
25.322,-147.82,5.5807
131.67,-341.9,-218.65
37.248,-208.57,-58.156
92.746,-228.68,-104.03
102.34,-366.17,-290.66
54.196,-184.58,-55.501
22.869,-145.67,10.451
105.99,-256.05,-132.18
109,-269.36,-129.18
32.327,-204.36,-16.727
139.66,-373.18,-258.58
49.795,-216.33,-87.423
65.22,-221.15,-23.401
78.255,-295.02,-130.51
120.53,-352.04,-303.36
175.45,-421.56,-397.92
138.46,-339.1,-271.98
82.549,-203.16,-35.39
115.83,-382.13,-262.21
144.34,-353.25,-294.55
42.95,-214.31,-74.483
116.47,-400.23,-299.9
80.753,-316.31,-213.53
38.21,-221.25,-57.082
61.556,-151.36,4.4542
125.78,-331.99,-200.77
75.53,-182.49,-32.651
46.329,-155.99,-15.919
33.319,-200.67,-3.9328
31.811,-203.08,-14.999
55.753,-175.42,34.032
96.412,-273.62,-185.53
74.562,-178.48,-11.987
161.09,-402.45,-379.77
38.236,-218.16,-34.326
118.35,-288.78,-190.61
127.27,-325.49,-198.67
62.512,-237.74,-123.17
46.576,-221.82,-26.491
33.748,-152.83,73.139
96.52,-353.84,-227.89
30.815,-199.24,-7.415
124.41,-423.07,-368.22
99.622,-240.58,-109.63
37.075,-153.53,71.214
103.33,-365.53,-293.41
15.416,-162.88,37.226
115.42,-278.5,-162.68
94.89,-289.77,-208.39
108.49,-313.2,-161.19
115.24,-278.57,-167.62
0.81936,-125.64,74.391
6.6549,-125.66,52.065
177.68,-423.43,-392.68
106.4,-312.8,-159.03
113.94,-371.53,-319
84.715,-330.96,-199.24
166.13,-410.68,-390.94
28.935,-196.99,-26.397
139.52,-443.85,-361.83
135.5,-382.15,-351.32
114.87,-385.86,-331.73
53.827,-196.71,11.669
103.95,-254.46,-112.1
15.086,-159.56,46.834
94.5,-287.55,-120.47
106.63,-372.89,-305.17
89.598,-255.89,-81.559
29.532,-102.43,58.171
94.293,-352.6,-261.32
147.54,-391.44,-286.91
78.562,-207.18,-25.322
42.247,-169.82,49.311
103.46,-313.91,-244.25
75.866,-185.65,-11.921
54.039,-260.98,-108.81
57.667,-261.18,-131.18
124.8,-410.8,-368.63
88.108,-260.82,-85.029
143.65,-397.05,-375.33
56.779,-183.2,-54.069
106.24,-337.18,-191.14
135.44,-344.3,-227.66
134.62,-323.88,-232.55
105.21,-375.7,-263.29
147.4,-412.01,-397.75
144.61,-347.65,-262.07
39.36,-213.96,-20.992
82.941,-215.23,-93.3
113.78,-305.8,-233.27
138.13,-358.64,-243.09
118.04,-363.57,-315.86
53.04,-197.39,-70.878
113,-395.19,-328.53
166.96,-399.6,-357.58
151.38,-362.76,-290.11
105.5,-261.56,-154.54
70.323,-167.36,1.1856
55.363,-252.3,-74.324
136.03,-336.77,-225.87
125.38,-419.05,-327.92
144.09,-371.42,-263.59
119.02,-298.66,-165.65
13.929,-160.01,37.444
99.993,-369.71,-274.76
152.48,-386.64,-356.48
27.223,-188.33,-23.1
85.638,-334,-205.53
149.49,-402.17,-384.07
66.438,-276.16,-106.86
121.59,-366.37,-322.3
58.889,-181.67,-51.86
159.18,-415.54,-404.83
37.916,-139.17,87.09
133.78,-322.93,-221.72
43.256,-135.92,12.478
106.43,-256.91,-130.33
54.292,-138.09,63.955
140.48,-386.27,-273.57
104.31,-295.94,-138.33
82.834,-202.43,-63.888
76.696,-194.66,-15.1
46.572,-214.45,-13.845
60.037,-148.61,44.537
140.05,-358.79,-313
107.46,-382.93,-308.48
108.08,-268.45,-125.88
69.259,-293.26,-172.09
104.99,-319.77,-166.79
120.27,-405.66,-354.58
136.38,-397.58,-285.18
54.066,-153.36,55.582
64.085,-263.96,-148.26
160.47,-400.81,-377.07
107.44,-345.02,-202.92
125.01,-391.03,-273.89
140.74,-348.7,-242.94
39.255,-124.89,27.739
130.44,-356.29,-230.23
55.619,-143.38,58.576
24.113,-174.55,34.409
86.08,-286.56,-115.57
18.184,-160.38,53.135
170.2,-406.3,-365.48
145.97,-416.95,-403.43
142.97,-416.14,-400.13
57.714,-227.96,-30.903
119.2,-403.46,-302.22
141.89,-387.9,-361.45
75.042,-244.14,-140
125.26,-308.8,-187.13
35.346,-203.52,-51.333
34.692,-203.38,-49.387
64.246,-184.67,15.382
68.912,-296.89,-161.63
25.024,-160.21,-4.744
47.724,-229.23,-93.159
45.718,-114.54,51.631
12.445,-153.49,30.314
77.73,-317.23,-197.45
89.394,-269.47,-95.668
171.74,-446.9,-373.87
79.602,-271.77,-176.29
108.96,-336.56,-276.22
75.739,-255.73,-71.277
74.368,-281.11,-108.85
152.39,-414.92,-317.84
46.516,-239.54,-90.301
97.087,-242.52,-127.73
34.519,-212.59,-39.459
90.123,-343.51,-246.03
73.136,-197.13,-8.3984
52.293,-237.18,-48.667
45.404,-166.21,-29.218
107.9,-331.61,-269.4
2.8843,-332.2,-281.92
-103.23,-99.814,-5.1036
47.685,-359.33,-353.6
21.762,-386.86,-432.66
-35.132,-226.65,-127.15
17.911,-394.77,-390.98
-37.651,-227.24,-209.47
-51.433,-205.24,-173
-55.877,-130.94,-74.797
-34.823,-243.16,-149.84
-71.057,-152.24,-20.261
-55.566,-232.79,-150.59
-16.202,-246.13,-243.07
-58.829,-200.21,-158.72
19.417,-331.11,-370.6
-24.991,-264.02,-180.35
38.244,-328.98,-323.12
-41.776,-137.86,-63.973
23.989,-392.3,-440.3
-3.2284,-256.35,-189.92
62.548,-376.92,-410.63
29.469,-361.74,-415.85
10.831,-358.33,-322.5
-52.858,-141.64,-90.449
2.4901,-357.66,-329.29
-63.709,-176.95,-131.27
47.997,-405.78,-396.64
25.183,-301.06,-309.76
27.369,-393.46,-376.18
-32.713,-276.52,-258.35
-50.799,-213.66,-107.89
1.0111,-320.47,-264.38
43.899,-414.13,-406.8
18.52,-384.22,-365.1
-54.39,-105.97,-22.824
-8.7824,-261.94,-266.62
21.304,-333.92,-292.46
-82.797,-157.16,-36.926
16.755,-369.84,-339.82
-37.909,-274.42,-211.46
0.42362,-253.93,-247.19
10.073,-367.76,-398.03
-5.8592,-311.75,-251.19
-9.9442,-317.7,-328.82
16.921,-354.5,-397.93
-26.55,-243.4,-236.18
-54.096,-114.36,1.5896
-62.268,-207.98,-107.37
-63.372,-198.22,-89.931
39.921,-378.26,-357.99
-48.615,-218.44,-189.01
-58.072,-92.246,7.5526
-34.411,-156.79,-90.001
-56.439,-164.82,-123.24
18.865,-399.46,-403.2
42.471,-388.02,-371.31
35.149,-329.48,-360.53
-26.478,-255.72,-168.43
-20.429,-196.82,-122.35
1.0114,-267.97,-205.73
44.577,-363.15,-349.47
-38.053,-195.28,-168.45
7.9366,-263.64,-254.84
-36.636,-275.97,-211.85
-69.911,-134.06,3.6865
71.855,-404.36,-430.17
21.276,-339.33,-382.56
6.9435,-367.39,-344.31
-6.3469,-247.46,-241.95
3.7589,-357.38,-378.8
-44.349,-147.51,-38.412
-54.591,-231.62,-185.11
10.068,-283.87,-233.1
-16.934,-248.24,-246.06
-39.318,-150.22,-53.222
-19.099,-205.61,-127.65
20.151,-286.12,-275.43
-52.987,-193.75,-78.905
5.0189,-268.53,-213.82
5.2533,-355.43,-320.9
-63.836,-152.1,-21.298
-87.383,-68.833,10.295
-106.12,-106.19,10.24
1.0423,-243.2,-203.57
21.076,-324.17,-360.38
-6.1406,-343.71,-313.03
39.584,-397.24,-381.65
-28.333,-220.85,-205.67
-38.201,-155.15,-57.645
13.637,-304.59,-254.86
-38.348,-150.21,-57.044
9.4346,-357.82,-322.29
-72.594,-135.72,2.4379
-44.356,-223.72,-121.82
-66.231,-205.55,-144
-42.992,-266.28,-207.92
-18.541,-281.82,-285.85
29.67,-403.82,-393.59
-69.845,-192.44,-130.82
20.523,-304.92,-327.22
-70.849,-188.34,-126.78
44.658,-420.2,-416.08
-28.003,-300.1,-257.11
-29.374,-209.23,-111.78
-37.85,-189.97,-160.68
72.407,-405.95,-431.95
50.101,-355.61,-360.79
-70.431,-164.55,-111.29
-17.587,-312.64,-309.54
-86.625,-85.411,-11.352
-55.825,-174.31,-52.423
-84.577,-164.33,-69.943
-73.395,-185.99,-118.34
-60.482,-171.8,-129.06
42.631,-365.92,-423.99
56.613,-392.09,-390.97
-39.437,-255.88,-232.94
-48.861,-119.16,-37.967
-1.583,-251.15,-244.16
21.577,-353.18,-315.47
6.527,-294.14,-314.9
2.2732,-364.72,-350.46
-84.614,-163.24,-73.741
-61.351,-145.05,-14.149
0.65343,-329.04,-277.26
9.1013,-377.85,-394.95
-8.6634,-296.71,-229.01
-110.15,-88.404,19.248
-40.799,-269.98,-209.04
-42.88,-220.3,-116.82
-25.075,-269.63,-188.66
-63.897,-76.15,29.63
6.005,-348.76,-308.15
0.86314,-315.57,-340.7
-15.825,-321.3,-277.68
17.321,-394.71,-421.69
-46.133,-200.46,-172.38
-29.18,-209.59,-112.35
15.547,-277.78,-270.86
8.3176,-286.99,-232.26
24.849,-296.69,-293.03
15.356,-332.77,-371.33
-59.442,-92.585,22.501
-91.338,-104.23,46.144
52.798,-381.41,-376.65
25.028,-297.22,-284.97
-38.582,-165.73,-121.22
33.749,-346.17,-393.6
-56.676,-175.89,-54.185
5.2084,-326.31,-273.44
-62.377,-139.71,-7.3603
-35.74,-283.43,-238.85
-17.721,-319.62,-278.5
-8.7189,-274.7,-284.67
-51.473,-223.7,-124.8
-16.801,-274.91,-197
-43.864,-214.51,-108.65
33.763,-315.94,-319.8
-55.316,-141.25,-15.706
-33.741,-217.01,-199.19
-77.915,-116.09,29.225
-69.805,-202.34,-120.27
-24.37,-232.85,-141.23
34.69,-394.88,-377.29
-57.301,-103.82,14.329
-81.388,-172.58,-76.809
38.767,-378.49,-357.33
38.077,-336.33,-321.62
-14.195,-310.23,-251.78
-86.435,-131.86,-59.916
30.869,-383.64,-360.27
-53.951,-240.59,-170.6
50.349,-369.84,-427.05
-57.189,-220.7,-125.6
14.879,-279.41,-278.74
-74.116,-146.58,-89.638
2.1491,-246.53,-205.13
21.338,-401.32,-400.15
-80.954,-167.27,-55.64
-47.835,-254.55,-188.96
6.9688,-278.56,-223.76
69.528,-391.67,-437.37
-95.624,-130.65,-35.812
-1.6366,-299.46,-319.94
19.572,-295.68,-309.11
-63.243,-187.63,-141.6
-13.875,-265.73,-270.81
26.748,-301.91,-305.49
-0.8653,-238.32,-200.79
-46.519,-258.7,-202.98
-52.118,-155.54,-111.37
-79.931,-148.87,-83.983
41.429,-333.62,-336.41
-105.42,-108.18,12.362
-44.313,-134.13,-64.109
-51.634,-179.43,-143.72
4.3534,-309.97,-251.69
44.855,-345.48,-380.56
-27.754,-232.64,-221.92
15.855,-344.51,-301.6
44.88,-413.49,-405.98
18.498,-366.64,-334.15
-98.489,-85.366,-2.0948
-105.25,-108.27,5.3141
-90.864,-147.43,-48.592
39.874,-420.86,-418.44
-22.539,-279.46,-203.48
13.824,-322.31,-273
-42.079,-250.75,-224.5
-42.069,-250.94,-224.63
38.51,-383.04,-447.91
-80.007,-151.21,-85.642
-60.321,-214.62,-118.05
-36.328,-280.44,-244.42
12.316,-358.32,-395.88
-49.711,-188.64,-72.955
34.535,-372.63,-347.31
-19.838,-234.94,-147.87
15.345,-392.26,-392.62
-1.762,-316.93,-339.6
-6.2208,-227.67,-174.93
-64.767,-87.289,41.543
6.982,-322.11,-353.05
31.877,-422.35,-431.04
6.9589,-368.47,-389.83
40.641,-347.28,-332.07
7.7004,-258.99,-239.5
-18.589,-318,-276.56
36.954,-350.78,-400.34
-86.195,-160.12,-60.468
-100.03,-85.831,-0.61755
-3.1571,-234.56,-204.93
-59.24,-193.31,-152.18
-49.987,-248.08,-175.98
-31.757,-162.7,-94.408
-11.169,-319.53,-327.62
-32.594,-168,-78.067
-27.775,-201.38,-106.97
-67.665,-146.86,-13.328
-47.428,-245.58,-162.35
-63.909,-217.04,-141.69
10.778,-294.47,-314.58
-18.925,-210.21,-183.51
32.854,-379.89,-355.62
43.692,-337.43,-355.04
-43.449,-259.89,-223.32
-6.3379,-329.04,-280.51
72.348,-412.16,-433.37
-48.831,-119.14,-19.9
-107.38,-101.8,11.887
-92.098,-143.22,-30.77
-35.759,-267.64,-191.28
-9.4739,-289,-302.1
-33.395,-169.97,-122.45
0.38769,-309.59,-249.22
-76.899,-138.7,-78.733
-0.15854,-319.88,-263.4
34.466,-367.39,-425.5
-34.067,-283.2,-254.33
-0.72819,-257.25,-255.37
23.807,-411.04,-424.87
33.031,-343.26,-388.94
-41.033,-196.47,-87.285
-49.981,-214.65,-109.19
-69.294,-112.13,-50.086
13.721,-390.57,-398.5
-49.109,-243.15,-160.07
7.7987,-325.28,-357.39
-38.002,-245.91,-227.89
-22.59,-296.23,-290.84
3.9895,-368.79,-357.86
-14.187,-206.96,-150.46
-104.41,-98.001,-1.2217
30.745,-347.01,-395.34
-54.45,-170.99,-131.86
-47.073,-147.48,-96.516
-29.294,-183.66,-144.3
-20.147,-311.08,-301.55
-68.235,-140.09,-4.5162
-42.259,-151.2,-45.184
-12.137,-229.52,-155.36
-41.574,-159.13,-112.22
49.673,-350.79,-363.94
-40.672,-271.93,-225.8
-34.898,-217.1,-198.88
-35.755,-237.32,-141.41
-51.613,-116.56,-7.0172
-45.11,-225.93,-200.42
-14.341,-300.01,-308.05
-24.315,-194.42,-158.89
-100.15,-71.402,13.725
-61.863,-83.191,29.627
-40.32,-218.57,-197.54
-42.941,-149.79,-42.855
-41.309,-152.22,-47.977
-91.158,-142.53,-23.787
37.051,-352.32,-402.9
-49.058,-147.95,-98.698
11.814,-360.82,-326.36
-2.1936,-294.16,-312.95
-53.612,-220.49,-120.89
-63.909,-131.87,-77.805
23.715,-329.46,-368.43
42.102,-349.63,-394.77
-34.516,-265.29,-185.57
-13.227,-217.02,-147.91
-62.402,-212.82,-118.27
13.789,-290.01,-304.62
-90.317,-80.03,-3.0657
-59.659,-219.21,-127.04
-57.922,-231.57,-165.46
-33.405,-259.52,-174.87
-40.542,-158.01,-109.03
9.0314,-314.82,-344.94
-42.184,-240.08,-146.83
56.566,-389.09,-388.6
66.022,-419.79,-428.17
-50.14,-213.45,-107.38
-57.134,-197.47,-84.752
-59.21,-141.81,-91.923
-25.759,-300.29,-282.68
-41.951,-203.8,-178.81
34.522,-386.64,-365.4
7.7906,-375.92,-389.82
-51.378,-128.46,-66.51
-70.748,-126.75,-69.403
-48.174,-142.25,-88.289
-89.723,-120.79,21.189
-36.353,-221.68,-203.88
-43.537,-136.11,-37.82
31.007,-385.29,-362.69
-5.7554,-286.06,-300.82
53.16,-372.87,-372.1
-46.847,-212.79,-106.01
-51.811,-201.82,-169.13
-48.605,-148.74,-31.5
-4.4275,-241.88,-228.64
-42.404,-152.76,-101.34
-92.334,-111.28,-33.824
19.98,-344.01,-388.14
-10.243,-307.07,-319.91
8.3564,-354.95,-386.99
-20.137,-196.66,-154.6
-74.08,-185.32,-115.82
26.051,-410.01,-451.1
-68.091,-176.13,-124.71
0.7425,-252.62,-196.86
-72.218,-107.11,-43.058
-81.989,-157.34,-85.186
-76.863,-90.212,-19.439
14.012,-335.51,-289.01
-69.83,-91.733,-19.444
40.127,-364.69,-344.18
-79.695,-173.61,-94.538
-84.737,-130,9.325
-15.809,-210.69,-179.05
-72.776,-176.75,-116.71
35.881,-342.13,-319.52
-106.73,-99.145,6.1813
3.3749,-274.78,-284.29
-25.52,-183.65,-136.25
-17.068,-227.8,-214.31
38.71,-333.85,-323.27
12.99,-270.2,-245.84
2.1703,-293.13,-313.07
18.885,-293.06,-257.98
44.817,-426.22,-425.74
70.151,-392.89,-434.78
-1.2826,-291.32,-309.6
-15.179,-327.8,-313.93
-21.697,-271.1,-271.57
-51.516,-246.61,-180.47
-19.311,-260.85,-261.86
41.366,-335.49,-333.45
-64.196,-215.37,-147.28
-78.929,-124.88,-62.251
45.701,-404.43,-393.73
-97.838,-117.71,17.182
17.224,-290.97,-252.81
52.038,-370,-425.75
46.94,-352.27,-393.57
19.159,-325.39,-362.25
-50.889,-238.44,-152.88
-40.588,-256.92,-231.01
-46.697,-138.49,-79.469
54.024,-379.96,-377.82
-23.439,-273.91,-195
-46.92,-250.8,-211.6
-23.247,-250.71,-162.94
-105.51,-100.17,38.479
-68.129,-194.86,-136.47
-72.939,-95.892,-27.09
-4.8762,-349.38,-348.62
-43.498,-183.44,-70.865
-24.378,-286.93,-281.72
20.424,-398.21,-432.98
-20.864,-310.29,-299.09
11.803,-273.15,-234.21
-18.605,-197.3,-131.6
37.273,-423.04,-424.35
-8.1426,-222.54,-169.08
-7.5263,-252.9,-180.25
24.981,-298.75,-302.66
-7.3248,-345.3,-338.24
-30.991,-291.98,-263.01
5.2021,-371.78,-379.02
-44.73,-185.13,-153.47
-29.803,-258.49,-250.01
-15.757,-219.07,-141.71
-33.223,-169.54,-121.2
-46.509,-254.75,-212.21
-39.697,-186.15,-155.2
-20.311,-246.17,-159.39
-38.837,-271.02,-238.83
-10.479,-263.47,-268.71
-56.716,-109.25,-36.716
46.47,-369.07,-428.06
37.4,-421.43,-421.08
-2.9678,-265.66,-197.71
66.433,-389.79,-413.38
-35.307,-274.95,-206.16
4.9258,-362.26,-383.13
-48.008,-172.67,-55.29
-72.358,-188.58,-84.732
-51.974,-170.67,-50.004
-37.44,-279.37,-236.26
25.217,-334.24,-297.03
-107.16,-77.345,17.331
14.73,-282.64,-287.52
-47.994,-156.46,-111.86
3.6816,-367.5,-376.29
8.7864,-281.89,-293.54
-16.308,-207.23,-171.58
-7.4282,-326.78,-302.58
33.46,-352.81,-371.11
18.793,-323.44,-244.31
-32.783,-283.32,-217.03
-0.58292,-233.63,-158.02
54.169,-355.76,-345.57
-1.0973,-265.21,-238.43
-24.25,-291.04,-247.28
24.082,-408.56,-398.72
38.621,-388.18,-420.07
-12.077,-262.7,-150.62
-24.631,-259.74,-141.98
43.875,-335.36,-304.79
-5.0512,-345.38,-308.83
-5.0143,-332.94,-256.28
21.169,-310.99,-235.7
53.12,-354.38,-336.73
2.1068,-258.79,-165.04
12.504,-364.42,-364.79
66.498,-416.81,-390.84
69.419,-394.15,-384.11
79.341,-415.14,-415.97
13.447,-324.07,-240.68
42.374,-330.61,-305.29
56.822,-363.87,-370.48
-8.4738,-214.2,-132.67
42.038,-344.09,-296.8
-14.72,-325.83,-269.62
-27.86,-292.98,-207.57
27.865,-407.26,-371.72
-32.912,-153.59,-55.518
8.463,-258.52,-183.64
18.363,-301.61,-291.48
-37.397,-202.06,-145.5
-41.385,-185.89,-41.417
-50.003,-163.45,-9.7062
0.69974,-342.83,-328.49
54.041,-359.37,-335.49
43.988,-438.86,-418.47
-44.962,-182.32,-117.26
13.259,-265.72,-210.73
-50.453,-189.09,-122.48
-41.308,-215.08,-158.82
-45.934,-211.23,-150.28
-6.3365,-340.83,-278.55
-14.981,-320,-244.74
-22.879,-205.34,-148.81
-45.386,-250.56,-176.32
26.435,-296.12,-261.45
13.201,-279.91,-254.68
46.937,-412.54,-371.62
-57.492,-158.31,-81.819
-70.554,-124.23,48.55
-49.471,-201.56,-58.474
-39.528,-269.47,-183.58
59.481,-403.45,-369.56
6.3989,-300.8,-208.4
36.21,-324.89,-318.03
41.56,-384.61,-417.6
-71.945,-174.6,-28.104
-35.374,-211.29,-74.912
20.611,-311.8,-235.49
43.015,-346.64,-356.48
22.337,-391.56,-344.83
-29.292,-176.22,-101.68
49.215,-373.52,-329.13
11.023,-354.62,-284.05
-66.15,-100.68,-2.123
-24.148,-287.94,-246.1
-73.342,-153,-61.55
-11.928,-329.54,-263.53
-78.401,-108.66,-10.806
-26.604,-295.37,-239.75
-43.822,-250.34,-181.87
42.144,-400.68,-437.16
-29.839,-189.35,-57.943
-26.455,-248.87,-126.54
53.022,-411.13,-372.25
-8.4535,-251.15,-217.88
23.645,-357.33,-288.21
4.046,-329.6,-245.35
58.45,-379.68,-407.39
-50.534,-191.04,-43.651
24.724,-335.65,-344.84
-31.12,-277.69,-224.87
-85.864,-124.92,45.88
-68.75,-166.75,-11.204
26.631,-359.02,-291.74
73.381,-417.58,-401.97
-11.891,-236.25,-194.91
48.306,-350.42,-356.56
-73.051,-156.99,-65.35
-8.1596,-319.95,-297.33
32.409,-397.46,-422.47
-51.605,-131.29,-43.28
-27.069,-167.24,-62.882
-57.64,-223.25,-108.5
-2.5448,-310.12,-297.03
62.733,-373.81,-373.6
-61.521,-215.84,-104.51
-17.054,-224.37,-106.45
-11.796,-297.19,-197.22
8.3174,-329.28,-245.23
-49.486,-157.9,-83.281
-7.8553,-222.3,-125.82
61.842,-371.94,-371.63
-53.63,-214.6,-142
-95.855,-124.61,25.427
-26.469,-254.39,-134.22
80.459,-411.47,-426.18
27.147,-330.21,-336.46
-61.969,-214.41,-113.39
1.3803,-242.41,-189.49
15.503,-271.16,-222.24
-51.007,-125.73,-33.259
2.1383,-257.73,-164.49
1.1604,-248.1,-204.43
-39.235,-270.25,-185.99
56.833,-397.84,-440.19
-30.879,-255.12,-210.38
-25.283,-176.13,-92.374
-30.155,-178.15,-106.56
-2.3083,-325.8,-311.7
55.692,-377.2,-343.11
-59.349,-197.16,-55.503
25.436,-294.7,-243.84
16.049,-272.12,-220.99
-98.543,-113.41,18.396
-57.179,-185.7,-36.243
1.9183,-320.81,-232.2
-1.5031,-338.52,-263.5
34.757,-326.98,-325.35
64.506,-400.63,-442.7
21.145,-384.62,-393.79
-68.679,-197.67,-79.01
1.5842,-300.26,-288.96
4.5926,-323.75,-236.73
-74.85,-93.416,7.1973
-65.898,-148.17,16.423
-49.316,-217.17,-151.36
8.8925,-355.86,-352.54
13.37,-318.88,-234.51
-47.984,-234.61,-112.49
8.3434,-301.26,-210.64
-34.142,-176.91,-107.9
-40.787,-211.31,-155.02
-80.962,-101.4,-0.75545
-4.9964,-251.37,-217.04
-62.265,-138.76,-55.307
-97.847,-117.97,17.125
28.498,-307.39,-290.86
31.246,-346.73,-361.87
37.962,-385.45,-331.45
36.633,-326.39,-277.48
-70.132,-194.03,-82.319
-88.615,-125.85,41.619
-25.365,-265.14,-150.04
-20.992,-184.23,-98.5
-18.183,-307.92,-268.57
70.092,-417.37,-396.31
-17.801,-192.84,-112.17
-67.386,-170.42,-16.361
16.62,-284.57,-259.67
-67.623,-149.85,14.29
-57.687,-207.68,-129.45
-70.013,-137.48,31.331
-30.034,-224.21,-176.97
-57.472,-188.92,-115.2
-40.939,-220.33,-164.76
9.9761,-260.43,-212.7
27.956,-309.97,-298.08
-57.968,-107.25,-7.5887
-26.007,-243.68,-203.15
22.008,-401.22,-369.96
28.74,-310.61,-298.2
-2.2109,-282.45,-264.02
57.202,-374.77,-398.49
-21.477,-289.63,-252.52
-66.343,-116.68,54.823
-56.566,-101.78,4.3768
-41.56,-235.61,-178.36
-37.846,-205.98,-67.131
59.644,-400.1,-366.67
38.495,-428.59,-403.65
59.207,-369.33,-379.75
-51.321,-210.86,-143.1
-25.345,-185.4,-64.25
-2.0586,-352.13,-299.98
33.297,-342.56,-279.92
-33.389,-160.08,-33.043
-87.834,-130.16,-18.867
-17.672,-259.91,-227.97
37.755,-375.28,-318.56
-39.802,-224.45,-91.041
-86.653,-143.3,-26.986
28.97,-375.33,-314.66
-28.211,-273.84,-165.71
5.996,-280.87,-188.06
54.597,-369.45,-337.1
-49.964,-175.95,-107.22
-97.257,-98.771,20.641
30.784,-306.75,-261.44
-51.517,-145.26,10.825
-6.6369,-223.98,-163.35
-77.059,-129.11,-34.353
10.341,-301.69,-293.59
-80.523,-154.88,-2.4478
24.31,-378.85,-320.12
-44.382,-255.37,-178.48
-27.485,-250.46,-209.59
32.132,-385.1,-329.34
5.2908,-265.78,-235.49
-6.8851,-226.43,-129.31
-66.518,-199.97,-74.079
-49.884,-131.68,20.436
-50.917,-230.03,-107.57
21.031,-293.76,-225.78
-37.764,-139.02,-28.513
-64.142,-114.37,-21.911
19.935,-305.63,-229.6
-8.225,-294.87,-193.72
67.852,-385.05,-385.54
4.1375,-329.85,-245.73
-85.582,-129.35,38.628
-2.4937,-264.78,-238.1
6.1237,-265.75,-177.51
-16.986,-203.57,-138.53
-9.0308,-213.58,-138.94
22.456,-392.17,-400.22
-102.4,-99.131,33.183
-4.6354,-323.89,-238.73
-22.648,-195.9,-75.902
16.969,-289.92,-214.04
80.853,-412.65,-426.2
33.123,-324.55,-322.31
-8.2349,-266.32,-240.26
-70.964,-179.34,-83.933
-53.732,-173.33,-102.02
-24.899,-277.83,-238.16
16.701,-368.17,-374.84
-55.259,-126.33,-37.336
-10.981,-331.36,-290.79
53.141,-398.08,-440.17
-25.338,-175.8,-91.629
28.689,-349.8,-282.05
-39.2,-192.93,-50.981
-33.676,-151.05,-50.537
-2.9502,-351.57,-308.32
78.044,-406.19,-427.69
81.305,-421.06,-422.17
-89.173,-125.67,-13.292
-0.32696,-340.7,-325.17
44.994,-339.93,-335.99
-30.287,-203.19,-70.036
49.272,-346.26,-339.06
-59.882,-217.73,-123.91
-71.043,-144.61,21.539
-70.528,-192.78,-81.807
-79.34,-153.24,-50.961
-11.725,-304.06,-208.28
-32.41,-153.92,-53.159
37.222,-331.32,-331.3
-5.7539,-229.01,-133.3
8.212,-267.84,-236.18
-19.119,-187.78,-91.754
23.792,-289.81,-249.67
12.354,-380.93,-367.21
-81.653,-127.1,44.827
-59.414,-100.01,3.7713
24.044,-291.67,-239
-21.987,-187.98,-113.38
-45.239,-138.35,6.9206
68.395,-388.31,-382.87
2.3698,-316.05,-225.43
9.7784,-373.79,-359.92
7.6857,-295.04,-203.49
-30.58,-214.9,-164.54
56.403,-434.73,-405.44
11.45,-319.97,-319.12
-41.214,-189.03,-45.09
-46.266,-154.35,-4.1344
-34.576,-204.82,-149.96
12.743,-332.01,-250.33
4.4187,-322.97,-317.51
29.952,-354.54,-372.74
-25.626,-223.57,-95.906
-30.587,-159.21,-46.11
48.809,-344.36,-329.6
69.645,-430.93,-408.41
25.253,-398.55,-409.39
-55.194,-156.25,2.1223
-27.929,-270.49,-227.58
-69.05,-136.57,32.358
-58.846,-87.105,31.563
-18.625,-190.05,-90.355
-14.289,-275.13,-165.12
49.665,-383.39,-418.05
-45.775,-124.5,14.007
44.188,-351.12,-364.34
-42.325,-233.7,-105.86
13.607,-386.49,-356.04
-76.603,-82.867,21.814
-46.038,-244.83,-174.13
28.847,-373.2,-311.61
-71.273,-171.02,-20.504
41.211,-340.95,-346.68
-74.179,-137.98,-46.344
80.052,-412.52,-420.63
16.025,-330.32,-334.7
-50.363,-106.54,10.668
-27.88,-291.52,-235.92
68.565,-387.11,-386.02
-71.813,-136.44,-46.965
29.216,-391.57,-339.85
22.552,-287.32,-247.69
-26.147,-300.16,-233.96
-71.98,-154.89,5.9788
-36.795,-157.53,-22.864
-53.347,-117.03,-20.139
48.313,-354.43,-316.23
44.742,-338.89,-305.63
3.8387,-308.97,-216.5
16.736,-275.53,-213.76
-20.91,-266.27,-151.59
-8.3547,-221.59,-124.03
-10.963,-333.27,-287.66
-20.339,-220.64,-98.61
-79.013,-90.634,11.611
66.806,-413.77,-388.5
-60.331,-215.6,-123.02
-0.80241,-321.15,-232.83
-38.528,-268.57,-172.13
24.235,-319.9,-247.61
-45.807,-253.88,-156.81
-11.033,-240.6,-201.74
-42.64,-131.01,1.9881
-53.388,-236.09,-133.72
-46.624,-116.07,-0.77653
34.986,-385.11,-413.53
-81.969,-84.833,19.914
-49.159,-111.53,26.354
-56.989,-88.891,33.865
-48.766,-214.9,-150.25
31.137,-326.93,-264.44
45.284,-369.98,-397.33
-21.575,-287.72,-251.06
-3.9673,-291.18,-274.5
-21.546,-231.95,-108.58
-51.557,-168.89,-97.646
15.136,-294.3,-213.09
-11.218,-224.85,-173.95
8.8769,-272.23,-186.99
27.506,-351.82,-283.42
3.9255,-261.05,-227.71
-18.99,-188.71,-89.928
54.453,-362.52,-335.9
35.778,-337.66,-280.14
-38.068,-227.01,-174.58
25.102,-303.8,-239.65
7.4849,-340.53,-261.96
-91.881,-129.61,-7.2265
10.61,-354.64,-354.68
-30.519,-174.71,-100.43
-100.18,-112.37,27.103
-70.438,-156.36,4.3373
-30.917,-168.1,-42.64
60.731,-371.86,-358.64
55.297,-387.82,-424.36
-8.4357,-245.22,-136.77
-53,-193.03,-46.411
66.414,-395.36,-430.84
-7.2959,-229.08,-177.1
44.826,-381.96,-415.31
-92.228,-118.72,-2.4642
-66.866,-163.38,-5.1689
30.079,-372.05,-394.66
27.575,-315.38,-250.43
-7.3853,-233.12,-130.23
7.1512,-318.86,-230.77
-47.725,-151.23,-73.157
-40.063,-158.36,-16.79
11.51,-341.56,-263.32
-32.688,-253.76,-206.7
-10.868,-223.81,-117.49
-48.123,-110.79,15.633
-52.018,-224.77,-151.26
-72.558,-174.67,-77.859
-58.205,-100.32,4.7386
28.01,-346.59,-361.15
3.7681,-299.33,-288.78
-28.184,-165.2,-69.922
-2.0298,-245.08,-202.89
-89.497,-134.72,22.261
-19.335,-285.61,-253.09
-35.103,-216.94,-81.995
0.23901,-240.16,-154.68
-39.636,-253.91,-194.22
19.961,-386.72,-392.12
2.7115,-344.97,-333.86
-11.674,-207.23,-130.33
3.4136,-250.82,-206.27
25.102,-303.69,-288.59
-68.072,-197.3,-72.7
15.92,-309.24,-304.93
-55.852,-138.48,22.22
38.884,-323.06,-293.49
-4.9861,-328.84,-248.08
-29.657,-273.58,-226.48
-51.576,-103.69,34.864
72.919,-410.29,-396.99
19.487,-296.8,-223.12
-8.666,-311.75,-219.87
42.72,-437.35,-416.99
-9.0765,-336.53,-275.69
42.746,-362.03,-310.04
-7.7703,-339.76,-281.56
-75.069,-177.51,-42.028
-50.035,-116.16,-13.288
18.585,-294.99,-220.2
-56.008,-158.27,-82.433
3.9156,-275,-180.05
-26.324,-172.68,-59.609
48.385,-347.42,-317.04
-93.81,-127.95,0.86365
14.643,-346.76,-271.22
-56.796,-149.49,-70.851
-56.693,-208.06,-131.74
-90.95,-127.38,-9.7278
-6.1121,-334.98,-262.37
-12.697,-278.74,-253.64
57.545,-363.15,-353.57
-53.325,-223.5,-97.892
9.182,-266.27,-231.17
-14.23,-281.87,-221.03
49.668,-342.45,-296.23
-45.354,-111.14,53.701
22.624,-398.13,-362.46
42.449,-389.81,-305.47
30.127,-311.89,-269.31
25.388,-288.51,-208.68
-48.857,-159.64,-54.041
-35.436,-137.61,1.1982
73.13,-397.56,-393.9
-17.117,-242.66,-172.82
-5.8461,-217.95,-92.285
-24.879,-261.69,-188.95
55.417,-392.22,-318.86
9.696,-268.31,-205.67
-47.441,-145,-33.125
-22.396,-216.76,-135.77
7.5898,-367.01,-285.29
-36.212,-164.39,-58.679
30.156,-349.11,-248.18
-13.585,-194.49,-75.145
46.475,-336.61,-274.91
-30.08,-165.65,-54.573
22.727,-370.25,-350.03
-64.591,-131.64,-12.928
-63.332,-195.2,-70.899
85.802,-435.02,-400.57
-61.604,-194.23,-75.364
35.953,-369.8,-276.66
-10.555,-327.46,-253.41
-32.36,-219.43,-136.59
3.863,-357.84,-301.83
-51.998,-105.88,29.491
7.7555,-335.92,-222.38
-71.76,-178.22,-11.684
-66.192,-162.61,-44.447
59.735,-388.62,-391.62
-79.239,-158.55,-11.432
-24.538,-202.59,-41.345
9.2801,-255.31,-145.8
-45.92,-108.74,41.689
-43.798,-175.31,-76.003
20.67,-286.4,-227.8
-43.67,-123.07,49.162
83.315,-414.57,-411.37
17.932,-276.32,-175.45
79.18,-404.84,-389.76
86.909,-421.25,-417.26
-61.485,-135.52,-19.095
11.109,-301.39,-178.94
61.692,-416.77,-350.99
-55.68,-168.45,19.352
33.68,-338.54,-316.04
57.162,-418.96,-350.49
-55.045,-175.87,-70.152
17.315,-362.69,-263.22
28.076,-348.51,-330.29
7.3773,-299.74,-257.28
-45.768,-129.93,-7.3511
-7.4885,-222.79,-86.966
-23.411,-226.36,-149.21
34.412,-328.33,-235.16
-18.23,-182.78,-60.586
-88.427,-123.53,24.796
-16.597,-188.27,-55.058
72.787,-401.53,-404.72
36.606,-315.83,-263.39
-27.099,-232.22,-71.858
-40.127,-183.36,-5.8933
-31.941,-210.08,-125.12
-55.942,-200.48,-29.489
-66.836,-185.01,-57.749
-71.39,-163.97,-36.632
6.3715,-344.72,-237.59
-53.551,-184.1,-80.165
-25.567,-174.17,-64.459
-0.67844,-320.69,-200.04
-15.786,-201.97,-56.922
36.668,-317.54,-239.34
38.202,-414.33,-343.45
32.609,-327.74,-297.93
-58.253,-120.78,0.34474
-45.623,-128.88,-5.2846
-29.47,-183,-85.363
53.448,-352.63,-296.37
-49.517,-119.59,65.482
40.685,-328.92,-251.81
55.492,-368.37,-301.64
-29.955,-240.75,-82.721
-13.011,-305.14,-242.14
72.066,-392.42,-381.28
10.705,-351.19,-246.51
15.767,-387.74,-327.66
-26.812,-223.04,-60.753
-64.373,-94.198,38.286
-43.491,-234.42,-78.358
2.2097,-236.21,-144.14
-37.723,-263.95,-132.3
69.177,-400.19,-347.14
-60.651,-210.79,-75.904
-46.774,-105.76,48.55
62.399,-408.82,-423.93
-14.425,-305.91,-182.93
3.0693,-355.37,-299.54
25.009,-300.28,-200.2
-6.8136,-320.86,-204
25.271,-305.24,-261.61
-33.048,-182.87,-12.234
-91.348,-105.4,42.003
-54.009,-205.23,-98.046
-76.75,-162.04,14.228
-18.962,-183.7,-44.754
23.251,-381.93,-293.8
-26.166,-215.55,-52.696
-53.841,-228.61,-97.572
-74.874,-165.23,-28.198
-44.252,-124.77,50.399
19.462,-289.03,-235.65
27.278,-294.61,-209.57
-14.397,-192.59,-74.027
-29.039,-285.46,-191.26
37.577,-332.04,-301.87
11.469,-348.48,-241.65
-16.94,-202.88,-54.572
19.406,-332.95,-306.03
-74.641,-145.86,-17.681
-15.276,-319.93,-225.77
-14.514,-237.23,-86.579
-41.284,-259.56,-137.74
37.333,-432.8,-403.35
-46.002,-184.9,-4.5639
-89.736,-125.59,28.051
-85.969,-140.18,14.053
84.845,-416.73,-405.51
6.4573,-327.9,-289.98
-36.791,-263.94,-129.45
4.9287,-363.65,-286.05
34.036,-373.1,-364.62
-0.26712,-244.68,-114.62
44.277,-330.94,-270.24
65.793,-393.14,-336.27
-63.747,-203.34,-60.588
-38.49,-241.93,-152.19
10.256,-361.54,-266.24
-67.956,-171.26,-48.277
-87.147,-140.06,33.821
21.034,-308.03,-269.58
-55.732,-98.613,37.955
4.4745,-244.91,-128.56
3.2775,-356.2,-300.08
-60.138,-212.36,-76.701
-56.197,-214.18,-97.032
-2.8488,-272.62,-217.31
-18.348,-208.03,-55.205
-47.887,-176.23,7.0606
77.512,-405.41,-372.58
19.568,-375.82,-349.14
-43.599,-135.16,43.292
37.99,-374.2,-283.33
-62.126,-142.97,54.159
-42.43,-194.22,-100.4
40.15,-411.61,-337.59
5.1427,-283.27,-233.46
36.483,-426.64,-373.54
42.18,-428.89,-424.79
-71.946,-181.8,-27.933
-22.041,-173.15,-48.365
-56.8,-219.24,-73.081
47.467,-338.39,-279.12
-35.895,-144.21,-19.954
-11.985,-327.17,-242.54
-70.994,-168.91,11.097
-42.64,-236.21,-140.53
-65.501,-190.21,-23.362
-18.022,-251.28,-183.6
56.715,-399.17,-409.04
80.314,-411.54,-413.81
-37.658,-257.8,-116.89
64.583,-374.26,-339.01
46.898,-337.26,-276.92
-82.316,-121.27,14.541
-0.81569,-227.81,-129.31
-30.255,-284.88,-169.65
-1.3594,-349.41,-263.02
19.462,-371.02,-345.71
-91.751,-122.03,35.693
-5.2048,-216.07,-99.622
-40.563,-249.85,-104.84
71.386,-407.92,-355.93
-47.061,-143.64,-30.928
48.128,-397.77,-318.64
-16.539,-265.22,-118.47
-55.981,-217.64,-97.802
-47.606,-165.92,19.224
-30.113,-230.73,-151.36
14.138,-264.88,-164.05
22.591,-350.39,-329.4
-25.179,-291.79,-205.56
-69.822,-172.69,5.4718
-2.223,-225,-126.95
-45.324,-203.66,-29.976
-21.664,-305.56,-207.91
-26.678,-293.87,-186.21
-13.01,-318.67,-209.01
12.205,-376.53,-328.55
-17.41,-184.55,-58.804
-55.478,-128.01,66.885
47.231,-396.42,-401.73
-2.4676,-234.06,-151.86
-34.29,-142.25,12.123
-41.785,-120.77,23.174
64.848,-375.57,-350.73
-28.343,-155.85,-16.775
-51.205,-234.16,-96.317
-10.864,-205.28,-74.079
-69.281,-150.62,-29.475
-20.926,-277.24,-136.56
46.056,-351.23,-331.47
-0.77645,-289.88,-240.98
-85.686,-141.08,39.038
79.323,-428.28,-383.84
31.581,-416.99,-391.22
-10.13,-331.19,-249.4
-44.095,-180.68,-0.2259
-25.746,-257.61,-107.14
23.196,-321.3,-212.14
14.69,-352.59,-247.48
-77.334,-161.16,14.708
-10.98,-202.22,-76.522
-29.198,-284.46,-191.15
-82.229,-134.56,4.375
13.915,-383.68,-320.09
-57.778,-206.63,-43.576
-60.604,-153.39,-40.897
7.0802,-367.17,-288.06
59.551,-436.43,-375.1
-67.898,-190.18,-52.647
32.96,-364.19,-267.93
21.203,-358.73,-256.49
24.494,-401.78,-368.63
19.373,-384.54,-352.58
76.523,-410.91,-368.94
-10.357,-330.71,-239.84
-63.101,-170.2,15.813
-65.439,-177.44,2.1175
32.993,-354.98,-257.16
-26.539,-181.7,-80.727
-33.279,-252.43,-101.73
18.187,-298.85,-185.56
58.852,-374.18,-364.18
-1.9576,-339.88,-283.25
-28.049,-213.03,-130.11
-48.871,-239.76,-120.14
-47.704,-225.81,-66.988
-57.336,-206.34,-42.21
52.549,-374.73,-299.62
52.153,-366.13,-355.08
-43.241,-119.21,47.296
-54.31,-137.88,-23.708
23.597,-349.21,-244
-49.113,-192.67,-93.465
2.5846,-237.84,-123.05
17.707,-350.64,-325.23
-25.339,-181.9,-79.737
-57.116,-134.95,-19.482
10.824,-266.84,-151.49
5.5052,-279.74,-151.11
-67.417,-188.16,-56.009
30.546,-378.14,-285.85
-31.454,-204.81,-118.27
-47.325,-219.86,-55.964
-30.344,-284.47,-168.37
43.778,-348.18,-327.63
90.46,-432.45,-414.3
51.496,-348.38,-290.02
-20.323,-213.71,-57.023
9.1106,-372.52,-298.89
58.206,-362.51,-312.37
-40.954,-199.91,-108.06
15.848,-386.5,-337.72
-5.6308,-300.27,-248.94
-54.953,-203.87,-95.334
-27.39,-160.52,-14.231
16.695,-338.43,-227
-16.838,-192.69,-51.577
-33.36,-155.28,-38.834
-69.956,-186.13,-43.058
-67.889,-186.88,-54.271
-55.385,-178.74,5.0544
16.117,-274.16,-207.75
-23.888,-189.65,-31.954
81.324,-409.37,-397.42
-62.508,-202.23,-73.71
27.842,-298.6,-209.28
20.172,-333.89,-223
-17.699,-228.2,-152.34
-60.919,-210.15,-64.82
-77.126,-149.43,39.587
-5.8648,-339.72,-266.48
-69.822,-183.43,-46.68
38.171,-407.17,-403.5
4.3864,-251.33,-128.98
-74.112,-151.75,38.694
19.884,-350.53,-327.28
-81.949,-146.41,-1.5781
19.415,-289.53,-182.05
16.206,-285.93,-233.18
-3.4159,-314.9,-191.5
21.214,-289.29,-186.65
-90.039,-108.78,37.15
-76.608,-111.06,18.524
89.195,-435.45,-409.26
-5.707,-313.52,-190.08
35.426,-360.29,-348.88
-15.361,-315.29,-238.25
85.709,-418.55,-408.12
-62.624,-179.75,-64.102
37.293,-433.06,-398.07
59.932,-379.6,-374.35
34.274,-372.28,-363.81
-58.304,-194.61,-21.335
2.0034,-265.22,-133.34
-84.422,-143.84,7.9481
-18.08,-287.46,-152.21
23.574,-358.02,-338.84
-22.036,-259.85,-110.23
-49.964,-104.29,37.089
6.3392,-336.09,-297.5
39.106,-396.57,-313.87
-29.392,-215.33,-50.053
-69.262,-167.32,16.202
25.453,-309.36,-269.36
-26.382,-196.37,-33.268
-41.301,-243.65,-147.63
-29.659,-244.88,-167.04
44.598,-397.08,-400.7
-24.205,-263.03,-115.1
68.611,-395.54,-397.49
-23.23,-182.2,-77.27
-4.8646,-332.55,-225.61
28.949,-352.91,-251.66
40.181,-335.14,-251.32
4.3976,-361.32,-301.62
73.201,-409.2,-420.58
48.183,-359.29,-281.14
-64.909,-199.86,-60.095
-2.7882,-221.68,-112.96
33.036,-308.63,-254.03
30.233,-365.76,-268.52
41.233,-355.98,-342.73
-26.328,-191.38,-97.376
27.006,-379.22,-363.79
78.434,-411.08,-374.54
57.292,-374.49,-308.46
16.681,-270.27,-173.5
-27.039,-178.57,-18.453
-49.81,-238.51,-113.46
32.351,-346.99,-247.96
24.812,-405.97,-365.28
36.842,-378.87,-288.61
13.62,-308.26,-188.66
-81.795,-143.2,-1.1295
7.8203,-352.99,-312.28
73.018,-392.39,-374.86
-61.065,-171.69,-59.465
-13.613,-318.08,-244.47
74.15,-402.65,-404.94
-39.809,-263.2,-145.72
45.202,-359.99,-348.21
-21.728,-182.16,-74.203
83.476,-418.27,-424.24
-72.816,-140.83,57.075
35.668,-334.33,-241.43
-37.328,-137.95,-8.7904
10.008,-267.87,-149.87
-50.324,-147.88,41.299
30.8,-388.95,-302.58
-7.4032,-299.1,-167.57
-8.3864,-212.1,-82.862
-28.844,-204.25,-38.162
-62.386,-204.48,-51.403
-43.222,-159.03,22.695
59.535,-364.07,-332.01
20.657,-366.75,-344.11
3.9171,-278.63,-148.15
-19.906,-276.4,-208.85
-7.0958,-318.27,-199.36
37.968,-390.88,-387.97
26.756,-395.71,-317.32
-54.575,-160.21,29.757
-19.204,-250,-181.36
80.564,-407.77,-394.74
-3.0411,-339.29,-237.98
16.581,-384.5,-308.92
37.031,-358.85,-265.09
-41.173,-127.16,6.6761
20.261,-360.13,-258.57
-49.717,-152.82,35.471
-79.725,-160.8,-4.3276
-26.104,-282.25,-150.12
-84.923,-146.47,14.491
80.844,-418.14,-382.43
71.958,-412.33,-427.46
68.703,-410.15,-425.18
-53.477,-221.17,-66.89
17.323,-390.59,-339.8
66.154,-387.48,-383.06
-4.35,-239.69,-165.41
22.105,-319.28,-208.9
-50.863,-187.69,-86.556
-52.082,-187.29,-84.945
-45.83,-190.34,-11.662
-26.106,-279.68,-200.28
-56.441,-147.68,-36.343
-37.039,-214.25,-127.38
-40.643,-122.97,33.173
-76.942,-136.64,-6.506
-14.841,-300.05,-235.39
-23.166,-270.55,-126.6
65.67,-452.65,-399.73
0.25391,-263.84,-204.11
31.476,-330.02,-302.55
-36.842,-252.6,-105.12
-35.248,-271.59,-146.29
43.811,-417.62,-346.53
-44.125,-222.35,-127.71
8.6955,-250.83,-146.85
-60.647,-195.32,-78.195
1.4103,-326.84,-282.54
-35.484,-204.65,-33.755
-55.088,-225.22,-87.162
-33.738,-162.79,-53.851
30.34,-325.58,-295.4
-46.649,-268.42,-340.03
-126.74,-27.273,-61.954
3.6103,-312.6,-398.36
1.605,-318.33,-485.79
-86.689,-165.62,-183.92
-21.857,-324.57,-450.78
-56.107,-161.37,-260.28
-70.691,-136.93,-225.72
-77.228,-76.269,-118.67
-85.42,-178.7,-208.72
-121.12,-88.086,-78.773
-96.218,-158.68,-213.34
-35.194,-187.5,-289.02
-79.695,-129.28,-213.72
2.1021,-272.87,-415.8
-75.732,-200.28,-238.77
-1.1524,-283.28,-365.86
-73.934,-90.181,-106.04
3.7386,-323.79,-493.45
-51.26,-205.3,-238.79
29.373,-333.09,-450.32
13.09,-302.16,-461.72
-36.976,-292.98,-381.21
-73.83,-86.232,-134.72
-40.434,-287.61,-389.88
-83.143,-108.25,-184.31
-1.5418,-349.93,-449.25
-3.0812,-253.32,-350.77
-19.764,-329.22,-433.92
-56.704,-203.35,-315.76
-100.25,-147,-167.97
-49.407,-258.29,-321.63
-4.7332,-354.29,-461.92
-26.579,-317.12,-424.26
-84.672,-58.281,-64.372
-27.711,-203.82,-312.19
-28.955,-279.46,-344.32
-126,-85.141,-98.954
-31.052,-305.14,-398.07
-78.429,-200.69,-273.92
-24.405,-202.91,-289.51
-12.027,-297.38,-452.98
-55.779,-247.78,-309.53
-30.886,-247.37,-383.42
-0.29719,-290,-447.45
-44.668,-179.87,-285.28
-98.249,-66.466,-43.999
-106.62,-136.02,-169.68
-109.69,-127.95,-151.63
-9.8708,-324.06,-409.54
-68.524,-148.87,-242.79
-92.983,-46.016,-34.285
-67.017,-108.99,-132.28
-74.802,-102.37,-171.65
-18.52,-328.52,-462.85
-7.3198,-333.08,-423.36
11.117,-280.48,-401.22
-77.613,-193,-226.25
-62.677,-148.82,-167.48
-47.305,-216.7,-254.83
-2.3132,-314.28,-396.51
-57.258,-136.05,-214.87
-20.224,-214.82,-296.57
-78.036,-202.67,-274.26
-120.95,-74.457,-51.951
31.08,-360.35,-472.12
4.3278,-280.28,-428.22
-35.704,-297.57,-404.66
-28.623,-194.02,-285.22
-19.566,-286.03,-434.77
-90.815,-97.916,-85.832
-81.125,-156.82,-244.37
-37.063,-233.83,-281.01
-35.595,-188.74,-292.51
-82.313,-102.32,-98.494
-63.802,-156.69,-174.1
-13.432,-239.47,-317.19
-103.84,-130.31,-137.15
-41.231,-219.01,-261.12
-40.546,-287.58,-380.77
-115.03,-91.862,-77.42
-105.51,-10.56,-35.16
-138.2,-31.671,-50.395
-36.106,-196.04,-246.68
2.6883,-268.38,-404.19
-46.854,-271.88,-374.23
-9.9161,-338.81,-436.04
-47.274,-161.25,-252.28
-82.072,-106.88,-103.42
-35.674,-252.25,-304.98
-80.028,-102.68,-101.69
-37.899,-291.8,-381.32
-123.35,-74.336,-54.351
-94.567,-158.36,-181.21
-93.914,-130.32,-203.88
-79.839,-191.25,-270.25
-37.287,-214.38,-337.82
-16.065,-338.45,-451.73
-95.614,-117.91,-189.69
-1.62,-253.31,-369.2
-96.016,-114.09,-185.27
-3.39,-359.41,-471.7
-64.983,-225.73,-319.02
-79.882,-154.79,-163.7
-57.619,-132.03,-206.37
31.448,-361.91,-473.98
10.158,-310.51,-403.26
-90.318,-95.023,-165.04
-42.065,-239.76,-366.9
-104.34,-23.979,-58.877
-107.17,-113.56,-108.94
-117.7,-88.829,-131.55
-100.22,-111.08,-177.75
-79.01,-105.78,-179.99
24.547,-312.49,-466.08
9.5498,-343.38,-437.94
-62.046,-183.44,-289.46
-80.736,-71.722,-79.789
-25.823,-199.61,-286.67
-28.922,-294.8,-370.1
-12.181,-237.16,-359.63
-35.588,-292.54,-411.1
-115.69,-87.743,-134.77
-112.52,-87.593,-68.335
-48.709,-264.75,-335.67
-18.907,-305.43,-452.98
-59.501,-234.56,-286.35
-136.29,-14.94,-38.983
-79.482,-195.49,-271.51
-93.751,-156.5,-175.31
-75.208,-204.59,-247.81
-98.501,-30.262,-11.884
-41.806,-282.92,-367.19
-16.708,-250.98,-390.38
-57.602,-249.28,-339.31
-10.038,-322.94,-479.09
-64.496,-135.84,-222.3
-79.674,-155.16,-164.24
-14.785,-230.16,-312.37
-40.272,-235.52,-281.57
-7.8936,-250.16,-334.46
-1.5734,-272.03,-418.16
-100.17,-46.167,-21.106
-140.07,-39.543,-12.368
6.0572,-332.94,-423.36
-11.226,-251.03,-327.15
-62.151,-112.93,-164.42
15.106,-292.35,-436.11
-107.9,-114.35,-111.22
-45.363,-265.1,-330.06
-113.43,-82.838,-61.109
-70.193,-208.3,-300.57
-57.936,-246.81,-340.24
-26.66,-213.81,-331.89
-98.905,-154.35,-186.17
-68.011,-213.18,-254.16
-94.961,-151.45,-166.7
0.37319,-270.04,-360.98
-105.36,-87.629,-66.918
-52.197,-155.35,-247.09
-128.64,-56.089,-26.599
-104.6,-126.66,-182.46
-75.714,-176.1,-194.98
-14.318,-334.35,-433
-100.71,-56.415,-30.715
-116.49,-97.203,-138.89
-11.145,-323.65,-409.35
-5.4483,-289.4,-366.36
-61.288,-241.95,-312.32
-107.38,-61.019,-114.87
-18.617,-323.55,-415.81
-90.771,-165.28,-233.11
29.87,-319.85,-467.43
-101.57,-148.69,-187.95
-12.952,-230.84,-320.21
-93.093,-78.846,-141.89
-36.243,-199.37,-248.59
-18.716,-331.55,-459.74
-122.01,-93.849,-118.03
-85.471,-179.56,-251.49
-40.616,-228.07,-272.12
38.299,-348.16,-476.29
-123.55,-55.994,-95.371
-19.111,-236.97,-368.13
-5.095,-245.79,-350.6
-83.846,-117.03,-196.29
-31.842,-204.06,-318.58
-3.9779,-255.06,-346.58
-36.329,-191.03,-243.52
-80.87,-183.18,-264.95
-71.661,-97.427,-157.11
-100.98,-77.827,-139.1
4.3742,-288.35,-378.18
-139.47,-33.805,-48.724
-74.042,-85.67,-106.03
-69.99,-116.39,-192.54
-46.772,-251.83,-306.34
18.887,-298.35,-420.51
-46.065,-170.77,-269.92
-34.69,-284.99,-357.04
-3.9872,-354.32,-460.7
-30.403,-303.64,-391.54
-117.24,-17.865,-54.115
-136.57,-33.681,-55.151
-122.9,-72.124,-109.76
-6.4895,-357.26,-475.53
-72.101,-213.6,-263.03
-36.894,-266.45,-325.96
-64.975,-178.05,-281.28
-65.01,-178.21,-281.45
22.565,-323.62,-493.55
-101.52,-79.683,-141.23
-104.07,-142.21,-180.51
-66.975,-205.24,-305.11
-6.5563,-290.78,-447.96
-101.18,-128.05,-129.4
-15.587,-316.85,-400.05
-70.556,-180.04,-200.16
-21.98,-321.01,-452.47
-19.853,-250.74,-390.53
-45.641,-180.25,-218.86
-109.34,-39.611,-4.0161
-10.2,-259.28,-401.39
-8.4125,-353.64,-489.95
-18.063,-296.62,-446.63
-4.6015,-299.55,-377.86
-24.268,-211.42,-281.43
-58.601,-245.06,-338.33
18.051,-297.68,-442.43
-120.7,-84.81,-122.33
-119.25,-17.479,-53.361
-34.636,-186.46,-247.1
-79.271,-123.54,-206.14
-89.18,-173.5,-238.66
-66.065,-115.2,-136.95
-33.208,-248.29,-383.16
-75.808,-119.86,-123.57
-76.74,-149.27,-156.84
-118.64,-85.709,-70.017
-91.408,-173.35,-224.75
-98.612,-141.31,-203.89
-9.1688,-239.76,-358.07
-43.623,-158.35,-226.37
-17.105,-321.68,-409.99
11.709,-292.02,-395.49
-70.951,-185.01,-282.91
-52.853,-260.81,-340.84
28.951,-367.02,-476.83
-87.904,-72.455,-63.221
-137.71,-27.367,-48.188
-128.92,-68.652,-92.771
-81.507,-197,-253.07
-27.241,-224.67,-351.65
-59.687,-119.26,-164.97
-50.656,-249.45,-305.22
-95.779,-71.171,-130.81
-50.423,-257.2,-320.95
18.08,-309.22,-470.39
-62.604,-208.38,-314.17
-23.657,-204.74,-298.19
-11.656,-340.03,-484.03
14.105,-289.71,-431.34
-92.52,-138.75,-141.75
-99.576,-148.22,-169.15
-88.383,-54.214,-95.564
-20.075,-318.46,-457.95
-92.448,-170.5,-222.58
-9.3715,-262.21,-405.9
-58.103,-176.08,-281.91
-45.445,-224.05,-347.26
-33.276,-296.57,-418.35
-51.536,-159.56,-193.8
-128.32,-25.269,-58.319
13.059,-291.35,-438.86
-72.81,-108.27,-180.46
-69.746,-94.027,-139.91
-54.431,-132.06,-187.1
-46.482,-237.39,-359.99
-119.31,-80.092,-60.441
-88.28,-101.87,-92.297
-58.946,-179.38,-203.25
-64.867,-106.15,-155.47
13.427,-306.1,-405.09
-73.646,-196.51,-287.3
-53.264,-154.81,-247.19
-86.669,-173.64,-199.84
-93.953,-69.307,-51.651
-64.885,-156.59,-254
-33.998,-231,-361.37
-49.966,-143.2,-201.58
-118.05,-5.9097,-36.668
-100.34,-37.27,-13
-58.729,-153.14,-248.03
-89.057,-100.41,-90.028
-86.922,-103.13,-94.811
-130.64,-68.869,-85.906
18.403,-298.92,-445.13
-70.649,-93.251,-142.65
-35.879,-295.44,-385.06
-19.757,-232.51,-360.59
-100.57,-150.66,-182.46
-82.725,-72.551,-124.18
5.3829,-273.92,-412.05
20.393,-299.75,-435.42
-81.677,-195.95,-246.87
-56.697,-168.62,-193.66
-104.73,-139.55,-180.92
-8.6301,-238.07,-346.89
-107.9,-17.8,-51.108
-102.2,-146.05,-189.68
-91.533,-155.78,-227.4
-82.277,-192.15,-235.27
-64.791,-105.89,-151.94
-8.2989,-254.62,-391.51
-90.851,-172.23,-207.51
10.022,-340.94,-435.04
18.249,-370.2,-475.96
-99.838,-147.2,-167.24
-106.54,-130.93,-144.73
-78.268,-82.861,-138.11
-53.134,-226.06,-341.79
-60.295,-140.65,-227.71
-15.184,-327.84,-420.11
-21.037,-303.31,-448.21
-75.826,-76.976,-109.04
-88.911,-64.886,-117.36
-71.344,-89.38,-131.42
-136.9,-53.273,-38.841
-54.623,-157.65,-253.37
-84.883,-88.829,-82.198
-18.346,-324.91,-418.39
-23.433,-224.28,-348.58
8.6709,-326.17,-416.96
-97.502,-148.49,-164.78
-70.864,-134.02,-221.45
-97.477,-96.911,-81.143
-29.727,-190.94,-271.04
-66.756,-100.8,-144.18
-112.38,-41.63,-87.695
3.2688,-283.27,-434.9
-29.511,-238.66,-372.7
-11.542,-286.16,-440.23
-49.512,-147.52,-196.89
-101.43,-110.25,-175.5
1.0501,-339.31,-507.09
-88.769,-105.45,-179.48
-43.59,-204.05,-242.98
-91.022,-48.702,-88.794
-106.21,-83.756,-142.96
-95.849,-32.983,-64.412
-36.777,-276.96,-343.84
-91.115,-38.085,-62.585
-8.6273,-313.36,-393.44
-108.6,-98.26,-154.85
-132.77,-63.218,-50.435
-43.209,-160.63,-221.43
-95.904,-103.74,-173.77
-10.809,-293.16,-366.57
-133.64,-25.268,-52.551
-17.442,-220.47,-327.75
-54.703,-134.44,-178.53
-38.438,-172.84,-258.38
-3.0953,-287.61,-367.06
-23.071,-223.44,-288.37
-15.813,-234.02,-359.07
-24.742,-245.31,-303.33
-2.336,-364.14,-481.99
37.164,-349.62,-474.02
-19.004,-230.76,-356.52
-45.8,-253.59,-373.94
-40.232,-204.27,-323.07
-87.863,-171.25,-242.89
-37.271,-197.37,-310.87
2.2366,-290.01,-375.96
-95.795,-139.53,-208.69
-97.221,-59.163,-112.91
-3.8353,-347.68,-446.97
-140.12,-46.112,-44.297
-27.083,-242.86,-298.59
30.586,-320.96,-465.75
22.399,-304.64,-433.46
1.3512,-268.28,-406.81
-94.41,-165.87,-215.38
-64.219,-183.77,-288.31
-71.887,-87.396,-121.94
8.1785,-332.35,-423.69
-73.486,-208.81,-254.17
-73.909,-175.99,-271
-74.854,-190.78,-218.96
-146.07,-28.114,-22.834
-93.204,-120.64,-194.92
-92.504,-39.565,-71.602
-34.433,-275.86,-407.84
-94.656,-127.16,-124.23
-45.954,-215.66,-337.15
-4.8245,-327.1,-489.33
-47.638,-236.43,-357.77
-30.064,-225.74,-278.82
-57.808,-149.84,-175.5
-7.2158,-357.43,-482.31
-46.976,-175.14,-212.83
-56.785,-200.46,-230.42
-4.9503,-251.57,-343.76
-38.498,-271.54,-398.09
-61.015,-217.06,-323.34
-25.346,-298.87,-438.1
-63.496,-124.52,-200.72
-49.011,-190.17,-302.72
-62.132,-169.21,-189.28
-59.845,-119.04,-163.66
-75.266,-179.5,-272.41
-59.387,-128.05,-200.98
-71.78,-188.72,-213.66
-66.582,-196.21,-298.44
-28.94,-204.09,-315.02
-82.532,-59.192,-78.645
27.628,-317.05,-469.39
-7.6355,-356.28,-478.87
-52.47,-212.92,-248.16
27.243,-345.88,-454.82
-78.769,-202.76,-268.38
-19.3,-290.58,-439.59
-99.149,-116.32,-108.7
-114.08,-115.2,-147.29
-103.37,-112.7,-104.61
-70.573,-204.08,-297.72
-24.242,-281.66,-347.36
-127.83,-7.2204,-37.048
-11.14,-233.11,-329.1
-68.708,-100.43,-156.49
-25.541,-294.57,-435.01
-12.995,-228.99,-336.3
-44.899,-157.77,-213.88
-43.806,-257.43,-360.84
2.693,-298.68,-417.25
-45.022,-271.28,-298.39
-76.536,-210.71,-279.63
-50.888,-189,-203.08
7.1852,-313.47,-388.08
-34.561,-211.9,-284.77
-61.587,-220.59,-306.58
-20.666,-339.17,-459.37
9.0532,-329.12,-469.28
-76.899,-207.41,-207.14
-88.673,-198.45,-202.44
-7.1805,-292.44,-348.88
-48.497,-274.05,-370.45
-63.385,-265.8,-319.2
-40.558,-262.49,-286.66
3.5141,-312.1,-379.97
-58.218,-211.27,-214.93
-21.77,-297.27,-420.94
5.1816,-369.48,-440.87
15.775,-352.35,-428.14
26.005,-374.04,-459.44
-50.931,-269.04,-296.9
-5.8429,-287.62,-348.63
15.243,-320.68,-412.08
-57.7,-169.46,-177.51
-16.037,-299.08,-344.31
-62.159,-254.01,-332.7
-81.173,-221.87,-271.81
-27.859,-341.24,-433.12
-78.049,-108.53,-99.421
-45.726,-213.74,-229.9
-15.946,-250.82,-336.31
-69.191,-143.02,-195.32
-105.95,-131.57,-97.202
-114.4,-109.37,-65.275
-34.946,-274.24,-386.02
1.3088,-316.84,-379.78
-12.022,-374.59,-478.74
-76.754,-123.53,-166.92
-34.688,-221.27,-255
-82.229,-126,-175.12
-73.249,-151.27,-212
-78.379,-145.87,-204.67
-59.359,-270.78,-341.99
-69.45,-250,-308.54
-58.17,-153.54,-194.61
-86.666,-178.06,-238.14
-18.973,-251.83,-304.89
-24.097,-231.33,-298.82
-15.624,-356.05,-428.35
-88.972,-98.036,-132.42
-134.57,-67.708,-8.6073
-113.05,-139.6,-119.27
-88.401,-196.8,-247.65
-2.274,-355.34,-420.26
-57.986,-247.03,-263.75
-2.78,-278.95,-360.81
12.092,-327.83,-465.21
-129.55,-106.03,-91.803
-100.25,-154.75,-132.32
-41.469,-262.87,-286.84
7.2857,-299.31,-399.31
-35.26,-326.18,-406.31
-67.811,-127.58,-146.21
-11.85,-326.33,-379
-50.361,-291.55,-344.99
-99.505,-48.295,-47.787
-60.475,-218.09,-304.69
-106.81,-85.791,-117.51
-64.215,-258.88,-327.17
-109.45,-47.958,-61.577
-68.522,-223.24,-301.49
-83.129,-178.5,-242.68
12.538,-340.82,-486.94
-92.054,-140.07,-109.57
-90.974,-188.99,-186.16
-9.9532,-358.15,-426.66
-41.652,-196.95,-264.75
-40.194,-300.52,-345.52
-59.066,-268.37,-305.51
23.548,-333.31,-449.32
-114.67,-130.81,-103.41
-6.2439,-280.62,-391.66
-69.387,-206.58,-284.88
-145.75,-59.848,-16.037
-129.99,-101.88,-73.363
-37.287,-303.42,-348.23
14.603,-373.41,-449.09
-46.246,-183.53,-241.09
9.5968,-305.35,-398.66
-107,-89.139,-121.89
-43.149,-251.52,-354.57
0.67389,-333.42,-475.75
-86.643,-80.177,-88.537
-77.193,-122.85,-107.73
-109.99,-151.29,-173.07
-34.13,-246.35,-350.08
16.26,-332.1,-415.56
-110.99,-143.13,-168.79
-79.773,-174.39,-158.71
-74.845,-234.56,-258.33
-55.639,-270.43,-303.98
-81.964,-101.99,-131.14
-63.884,-176.87,-173.05
15.689,-330.13,-413.56
-89.307,-144.85,-200.34
-145.22,-53.311,-37.837
-90.598,-193.29,-194.58
32.729,-371.16,-467.53
-5.0633,-277.73,-381.87
-107.11,-141.32,-176.71
-41.076,-196.14,-233.48
-30.993,-226.58,-266.2
-87.47,-76.247,-77.783
-57.898,-210.42,-214.15
-38.052,-200.18,-248.65
-87.589,-197.51,-249.96
26.552,-346.31,-484.4
-64.014,-188.38,-265.92
-68.36,-130.06,-136.4
-67.475,-128.53,-151.43
-35.709,-259.01,-367.34
-3.0229,-332.36,-390.68
-119.78,-130.66,-118.56
-26.081,-250.82,-288.72
-31.536,-227.73,-265.12
-139.07,-42.174,-42.336
-120.21,-123.03,-97.38
-61.702,-260.39,-291.94
-60.481,-272.09,-326.1
-2.0066,-279.62,-368.5
32.17,-352.72,-484.98
-13.289,-317.71,-449.82
-117.91,-125.05,-143.15
-29.345,-240.66,-338.93
-59.242,-264.12,-295.99
-106.46,-37.854,-40.175
-129.76,-88.987,-42.532
-83.463,-148.96,-208.2
-25.308,-288.63,-408.72
-50.93,-264.9,-289.98
-106.39,-165.89,-176.51
-55.806,-248.38,-265.31
-69.441,-125.26,-153.6
-72.524,-148.55,-207.42
-111.92,-40.891,-51.367
-39.406,-199.06,-262.95
-93.764,-80.141,-104.76
-140.23,-46.32,-44.416
-11.114,-261.2,-333.99
0.24001,-292.76,-407.98
-25.471,-330.11,-387.63
-19.345,-282.1,-323.91
-115.95,-121.07,-145.73
-146.65,-58.954,-21.036
-88.653,-202.25,-211.4
-66.512,-138.93,-142.67
-56.575,-237.16,-328.38
9.886,-371.68,-444.89
-62.763,-147.33,-156.34
-128.66,-105.49,-78.572
-21.709,-236.89,-303.47
-131.07,-89.37,-45.447
-94.106,-137.36,-188.4
-133.72,-78.4,-27.508
-61.673,-164.31,-227.35
-90.511,-122.33,-170.6
-73.137,-155.62,-218.63
-33.886,-214.97,-256.52
-9.9116,-262.78,-341.42
-94.151,-58.029,-51.857
-57.554,-181.75,-254.92
-30.182,-333.06,-431.84
-9.5625,-263.73,-341.44
-33.592,-224.69,-312.85
21.419,-328.88,-440.34
-56.654,-220.69,-310.16
-130.13,-63.931,0.3415
-95.174,-54.696,-39.093
-75.621,-167.54,-235.08
-102.69,-149.27,-124.64
-1.6718,-352.73,-416.72
-17.216,-363.59,-464.33
18.144,-326.18,-421.18
-85.253,-142.92,-199.69
-84.125,-138.95,-112.96
-52.974,-281.7,-363.08
-28.823,-293.74,-331.21
-90.535,-114.63,-80.596
-124.01,-60.516,-77.276
-49.053,-198.87,-279.08
-25.834,-322,-373.35
-103.65,-162.71,-151.76
-126.24,-71.839,-87.613
-34.245,-317.42,-372.56
-88.844,-207.35,-228.82
-56.734,-230.94,-240.28
-2.5108,-325.52,-383.59
-81.558,-115.88,-157.71
-131.85,-30.7,-36.234
-20.754,-263.11,-306.16
-114.93,-94.145,-42.417
-48.793,-177.41,-207.46
-108.94,-64.866,-87.816
-21.384,-246.44,-340.78
-136.87,-85.877,-66.086
-37.405,-317.61,-379.89
-87.359,-182.55,-241
-59.43,-186.36,-262.97
-30.677,-326.72,-387.44
-31.038,-215.97,-280.21
-63.744,-180.71,-176.97
-119.31,-128.36,-138.53
-110.9,-84.046,-29.72
-108.42,-160.67,-171.79
-36.255,-248.38,-273.32
-85.515,-94.786,-72.581
-96.699,-60.049,-68.69
-41.349,-257.57,-280.12
-72.339,-234.71,-253.43
19.545,-343.82,-427.69
-58.966,-268.61,-305.89
-144.79,-63.417,-23.695
-35.571,-210.79,-284.79
-53.499,-218.77,-226.82
-56.827,-155.68,-182.9
-55.336,-168.39,-183.27
-13.373,-324.48,-457.17
-141.03,-28.719,-26.448
-65.689,-259.14,-300.76
-82.479,-148.74,-125.4
-42.231,-243.43,-262.89
32.473,-372.35,-467.71
-3.3061,-276.81,-365.62
-39.921,-208.86,-288.96
-108.82,-108.24,-143.82
-85.287,-111.84,-153.48
-59.312,-209.53,-295.14
-16.317,-302.28,-429.76
-89.445,-74.273,-83.005
-53.49,-259.81,-352.3
23.557,-344.5,-485.6
-68.539,-129.78,-135.65
-35.071,-297.2,-336.41
-103.85,-138.26,-107.03
-79.393,-106.19,-94.465
-50.071,-280.4,-370.86
34.017,-365.35,-468.36
27.132,-379.82,-465.98
-125.09,-56.25,-71.473
-36.031,-272.03,-382.77
3.9152,-295.6,-378.25
-94.304,-150.93,-124.24
5.3886,-303.11,-381.29
-102.9,-144.81,-186.51
-134.08,-83.414,-38.577
-115.86,-119.83,-145.08
-115.81,-83.168,-109.75
-73.713,-239.9,-270.15
-78.76,-109.18,-97.184
0.17888,-284.35,-374.26
-62.529,-183.33,-180.91
-29.493,-219.26,-280.43
-69.469,-143.2,-136.79
-22.662,-245.59,-293.36
-28.939,-310.92,-427.31
-143.12,-63.922,-16.221
-96.288,-51.638,-40.102
-27.623,-247.72,-283.97
-63.174,-140.93,-157.56
-105.13,-91.607,-42.301
17.321,-346.96,-425.88
-61.734,-256.92,-284.41
-30.38,-303.84,-419.67
-56.147,-243.1,-257.41
-62.531,-156.72,-213.82
-5.5536,-378.41,-461.88
-19.213,-261.31,-368.37
-105.88,-134.15,-101.3
-109.29,-104,-56.732
-66.557,-146.69,-199.21
-51.489,-274.92,-307.94
-26.785,-260.07,-369.85
-0.22796,-298.16,-420.28
-90.254,-169.48,-151.54
-82.721,-114.89,-91.47
2.1816,-301.65,-372.29
7.7796,-382.31,-459.49
-10.642,-330.98,-466.28
-119.66,-100.99,-54.279
-62.322,-202.16,-284.57
-132.94,-78.2,-26.037
-100.66,-42.27,-11.253
-70.749,-145.44,-135.92
-78.876,-216.03,-224.21
19.165,-331.21,-462.77
-101.65,-80.001,-32.531
9.1596,-303.38,-407.26
-104.2,-168.48,-168.44
-35.117,-316.72,-418.07
-108.53,-28.658,-24.71
-85.264,-173,-234.92
-34.522,-315.69,-369.27
-130.32,-103.7,-83.738
4.7408,-293.95,-389.49
-106.23,-73.37,-100.1
29.69,-372.04,-462.83
-14.468,-271.83,-383.78
-95.171,-62.32,-32.565
-69.174,-219.47,-297.43
19.292,-345.91,-428.41
-103.39,-73.348,-99.546
-31.897,-330.13,-399.59
-23.208,-242.91,-291.32
-72.807,-227.74,-297.24
-133.6,-90.884,-55.685
-96.003,-111.06,-71.706
-90.299,-68.223,-64.335
-8.4236,-310.36,-362.71
-7.8805,-295.83,-350.26
-60.717,-252.15,-274.01
-35.537,-231.25,-259.12
-85.121,-205.56,-211.7
-64.644,-176.07,-171.39
-55.653,-261.55,-349.91
-83.644,-169.8,-151.63
-110.11,-33.438,-36.747
5.9673,-367.19,-437.87
-102.57,-142.82,-185.31
-63.731,-259.17,-293.46
-91.748,-197.06,-236.63
-37.753,-271.14,-298.82
-96.388,-181.41,-221.22
-44.971,-187.37,-248.16
-97.582,-86.669,-44.177
-102.86,-163.33,-198.03
-92.324,-71.868,-44.244
5.1118,-324.84,-463.68
-112.9,-27.308,-28.626
-102.91,-67.799,-19.057
-101,-44.871,-9.004
-82.374,-147.41,-206.45
-29.084,-280.09,-313.82
14.009,-318.43,-441.83
-56.385,-219.1,-308.38
-35.024,-230.62,-325.17
-86.097,-178.21,-163.96
-83.183,-109.49,-147.68
-46.162,-246.14,-263.69
-48.549,-175.21,-218.83
-50.724,-225.31,-236.25
-36.424,-298.2,-338.55
-32.908,-211.58,-272.33
-70.552,-144.13,-135.31
0.26773,-319.68,-380.82
-24.426,-290.97,-329.41
-70.233,-162.38,-228.38
-32.43,-258.44,-287.25
-55.081,-278.73,-322.36
-131.53,-58.326,-67.747
-22.527,-288.46,-409.84
-68.533,-125.69,-145.06
-143.31,-40.77,-34.614
-132.45,-92.886,-57.069
-88.676,-122.3,-90.606
9.6846,-329.99,-402
23.915,-337.72,-467.89
-71.103,-195.31,-188.97
-116.46,-131.03,-107.21
31.483,-349.82,-472.2
-46.296,-180.75,-221.53
15.005,-327.48,-461.43
-128.41,-49.207,-60.784
-129.3,-100.33,-66.403
0.10922,-312,-444.68
-31.831,-269.05,-299.23
-67.015,-186.01,-179.63
-57.254,-261.66,-288.5
-81.389,-97.769,-119.65
-101.37,-110.22,-67.374
-51.903,-281.72,-322.6
-66.23,-186.42,-262.78
-70.287,-176.84,-166.74
-97.469,-67.299,-28.368
-89.297,-153.87,-210.85
-110.22,-103.72,-137.6
-95.883,-52.593,-38.912
-2.4978,-290.91,-408.29
-27.268,-241.08,-337.86
-74.264,-120.25,-114.02
-39.684,-195.97,-247.49
-143.92,-65.117,-41.256
-52.807,-218.47,-309.01
-99.957,-159.35,-140.13
-54.756,-195.06,-201.39
-76.682,-183.27,-253.57
-15.897,-318.89,-449.18
-32.274,-276.9,-390.84
-57.741,-161.98,-174.63
-36.889,-203.61,-250.3
-12.862,-256.35,-332.06
-119.78,-125.33,-137.09
-16.186,-255.33,-351.29
-119.56,-86.573,-31.654
-9.5934,-279.88,-337.04
-64.636,-262.71,-310.66
-65.608,-203.86,-284.88
-104.38,-60.258,-10.069
15.793,-367.26,-442.86
-39.993,-250.19,-272.13
-70.446,-247.54,-281.72
-12.864,-372.69,-477.41
-60.543,-265.8,-339.16
-18.915,-313.96,-360.68
-58.755,-268.98,-344.93
-127.84,-106.19,-106.26
-90.03,-69.574,-56.801
-40.98,-248.31,-269.29
-87.554,-98.785,-132.5
-58.698,-225.22,-232.14
-80.56,-127.94,-105.85
-4.6374,-304.49,-361.69
-135.45,-56.22,-60.529
-48.84,-287.46,-330.15
-88.521,-91.472,-119.95
-92.603,-138.12,-190.28
-128.73,-56.86,-69.191
-62.795,-266.66,-325.64
-44.088,-216.3,-305.71
9.4112,-321.17,-396.18
-110.98,-154.28,-162.05
-29.974,-218.67,-275.15
-59.807,-219.43,-277.09
-9.5282,-301.88,-340.98
-110.67,-70.657,7.29
-31.198,-331.12,-424.01
-34.458,-337.26,-363.5
-20.628,-266.74,-314.85
-37.136,-247.05,-254.99
-93.981,-104.99,-104.59
-94.869,-96.091,-44.279
20.912,-356.83,-436.8
-62.233,-186.96,-224.09
-73.585,-175.69,-140.61
-71.087,-198.04,-246.03
-20.202,-345.79,-372.29
-40.735,-221.71,-252.13
-94.107,-94.343,-81.334
-68.539,-163.91,-185.36
-58.553,-300.02,-350.3
-84.597,-115.66,-106.04
-47.103,-298.81,-304.75
-75.048,-152.52,-121.5
-17.676,-296.12,-321
-82.077,-120.22,-100.67
-22.53,-308.32,-405.66
-109.02,-74.642,-64.897
-115.78,-126.22,-133.43
15.235,-394.85,-448.24
-112.19,-126.17,-136.73
-41.28,-318.14,-334.17
-66.174,-258.3,-316.95
-77.262,-160.69,-189.91
-50.402,-289.63,-364.34
-103.63,-61.649,-15.67
-68.408,-276.62,-284.88
-137.71,-109.83,-77.601
-112.73,-98.437,-101.98
13.922,-342.15,-436.7
-134.08,-89.291,-74.829
-100.98,-154.73,-95.995
-58.618,-213.04,-194.18
-105.15,-67.85,-3.2961
-88.893,-119.97,-127.01
-32.157,-241.93,-273.46
-113.34,-81.388,0.6922
27.54,-375.91,-453.83
-50.269,-234.14,-223.85
20.43,-366.4,-432.92
29.441,-383.22,-459.76
-106.03,-79.333,-70.537
-66.356,-251.29,-235.43
-14.431,-368.47,-405.86
-132.83,-111.66,-41.682
-12.166,-289.09,-363.18
-19.215,-367.86,-407.38
-100.25,-114.56,-125.33
-57.687,-302.59,-325.95
-15.69,-293.82,-380.48
-37.219,-244.67,-307.96
-95.768,-83.683,-53.448
-79.335,-179.07,-137.46
-68.631,-170.85,-200.37
-38.893,-284.24,-286.31
-78.779,-140.77,-106.71
-138.66,-56.419,-35.811
-82.382,-146.49,-102.5
23.031,-359.53,-447.81
-19.86,-273.81,-308.38
-105.19,-176.92,-132.13
-117.9,-131.58,-63.632
-76.97,-153.55,-176.93
-129.11,-136.36,-94.48
-118.81,-116.32,-119.95
-120.56,-97.072,-96.797
-67.695,-282.62,-301.43
-99.089,-121.86,-136.08
-78.763,-129.41,-110.42
-76.484,-260.19,-263.27
-87.66,-158.34,-107.36
-30.232,-276.26,-286.75
-34.525,-353.95,-405.73
-14.98,-280.21,-344.24
-104.11,-69.539,-48.045
-95.97,-82.968,-51.248
-77.752,-133.83,-133
-11.474,-312.46,-342.45
-122.7,-75.955,14.673
-27.66,-287.47,-299.74
-15.431,-326.55,-350.55
-107.22,-182.07,-145.1
-61.74,-238.72,-301.84
17.543,-352.47,-424.29
-63.911,-290.04,-309.85
-45.361,-320.1,-391.7
-104.94,-169.84,-119.58
-111.09,-45.482,-8.5947
-116.42,-169.58,-143.78
-55.507,-193.25,-190.13
-104.76,-195.25,-198.73
-2.09,-358.8,-395.85
-119.27,-140.54,-141.05
-107.11,-65.169,3.463
19.07,-359.2,-470.49
-86.822,-241.02,-248.24
-50.733,-287.22,-361.88
-46.527,-257.06,-250.27
-79.762,-256.83,-268.87
-24.243,-258.84,-307.68
-109.63,-134.77,-67.095
-139,-40.346,-16.456
-102.58,-138.59,-157.86
-144.06,-94.612,-51.404
-86.111,-141.8,-92.667
-50.217,-320.69,-356.88
-104.01,-164.24,-110.13
-113.99,-158.29,-163.19
-127.24,-96.573,-90.476
-115.11,-82.546,1.2194
-31.244,-243.16,-281.68
-38.271,-253.15,-256.72
-75.201,-150.53,-120.26
-84.941,-215.59,-255.37
-11.631,-286.35,-347.35
-63.938,-288.39,-304.49
-89.936,-158.57,-105.8
-24.549,-277.05,-357.1
-121.85,-80.9,-75.95
-77.213,-250.56,-291.24
-91.965,-187.37,-142.91
-103.23,-189.42,-203.74
-20.283,-366.5,-465.47
-123.75,-129.73,-64.644
-141.98,-57.57,-33.754
-140.55,-71.274,-49.024
25.344,-378.79,-448.52
-38.569,-266.43,-345.21
-105.17,-195.87,-195.83
-58.684,-295.72,-350.99
-9.303,-316.27,-416.17
-73.318,-200.21,-165.98
-18.496,-290.36,-316
-5.631,-351.5,-385.21
-124.17,-133.24,-126.14
-86.734,-175.57,-211.72
-61.417,-297.66,-330.64
-116.78,-104.57,-108.2
-149.3,-71.344,-31.255
-25.718,-258.55,-317
-106.38,-53.87,-7.2807
-64.183,-202.42,-177.31
-50.756,-288,-362.51
-119.32,-142.1,-142.01
-109.03,-144.94,-159.85
-47.943,-218.01,-267.81
-93.277,-162.09,-108.1
-125.65,-121.92,-52.431
12.007,-366.67,-417.84
-28.051,-311.31,-407.22
-116.82,-91.32,-7.6714
-39.174,-322.66,-340.73
-139.36,-88.23,-5.4825
-87.287,-135.57,-153.64
-34.026,-352.97,-399.07
-40.458,-230.63,-282.74
-29.839,-362.1,-436.9
-6.0628,-364.98,-482.62
-133.11,-112.07,-93.438
-81.943,-131.13,-94.319
-121.51,-149.83,-139.35
-16.091,-297.98,-324.98
-89.996,-100.51,-65.444
-71.482,-257.73,-307.37
-141.68,-103.38,-54.174
-91.834,-169,-200.92
-134,-122.8,-89.316
-62.831,-193.26,-236.39
13.394,-348.63,-456.22
27.65,-371.64,-456.26
-107.87,-190.77,-183.07
3.6852,-334.91,-383.4
-16.864,-296.82,-322.87
-128.72,-57.432,-42.723
-59.695,-185.17,-175.4
-94.224,-215.33,-235.81
-65.847,-281.31,-328.33
-27.168,-307.36,-402.91
-144.87,-53.805,-26.501
-69.249,-174.17,-146.66
-111.08,-183.02,-170.97
-0.61912,-366.12,-405.14
-94.028,-93.501,-78.865
-28.651,-346.48,-375.76
-94.416,-208.41,-179.72
-110.24,-147.93,-161.35
-125.27,-113.93,-38.634
-75.111,-170.78,-205.54
-52.209,-222.95,-211.75
-21.218,-292.44,-381.86
-79.309,-222.41,-268.84
-140.36,-106.95,-59.899
-60.366,-182.15,-172.98
-122.2,-144.78,-92.38
-82.327,-235.77,-273.3
-89.203,-224.13,-252.09
-81.52,-251.42,-274.86
-42.333,-308.73,-390.84
-79.711,-142.78,-105.26
-131.99,-79.826,11.989
4.4409,-341.46,-451.83
-55.023,-188.59,-198.13
-100.59,-101.05,-35.065
-100.39,-79.424,-21.952
7.9291,-335.67,-394.38
-91.041,-114.5,-63.054
-115.13,-164.43,-162.59
-78.596,-163.09,-122.36
-115.29,-87.324,-86.255
-96.454,-215.36,-200.66
-2.5508,-305.83,-376.58
-45.273,-232.64,-293.14
-150.73,-73.203,-26.269
6.8009,-386.36,-433.28
-21.913,-350.62,-452.24
-69.254,-261.83,-314.07
-121.95,-127.41,-59.021
-102.4,-197.49,-170.35
-53.382,-273.19,-267
-61.105,-293.34,-309.83
-144.28,-93.577,-50.929
-76.224,-160.36,-123.87
-84.623,-214.67,-255.07
-131.05,-68.201,-55.316
-47.848,-316,-384.33
-127.91,-139.94,-109.49
-105.32,-93.895,-94.679
-57.918,-299.76,-353.03
-16.026,-382.79,-433.52
-124.18,-120.28,-116.89
-44.368,-312.16,-325.71
-55.426,-301.66,-317.57
-29.049,-334.94,-429.98
-31.066,-318.37,-412.6
7.1102,-370.89,-416.18
-73.006,-261.69,-305.27
-138.04,-108.95,-47.693
-137.92,-113.18,-62.778
-44.167,-304.91,-313.54
-76.686,-134.52,-127.51
-107.9,-189.27,-166.47
-56.976,-252.74,-238.64
9.3051,-330.69,-408.24
-53.616,-272.17,-344.68
-73.382,-157.93,-181.02
-106.54,-169.42,-185.08
-120.05,-160.54,-132.55
-127.97,-139.99,-108.03
-21.611,-330.36,-351.21
4.3743,-320.67,-400.01
-110.39,-78.308,0.078848
-99.752,-85.03,-73.097
-53.921,-295.5,-303.01
-94.495,-130.91,-149
-64.419,-195.69,-171.1
-26.808,-290.17,-379.63
-76.245,-135.38,-126.27
-102.19,-81.216,-69.376
-60.746,-223.3,-201.77
-71.305,-231.24,-206.31
-121.48,-118.71,-119.32
-45.877,-321.81,-346.36
-76.763,-149.68,-169.19
-121.26,-156.21,-120.85
-94.604,-214.99,-234.57
-4.3735,-302.19,-373.02
25.58,-394.67,-458.72
-13.46,-308.1,-336.19
-96.851,-165.71,-111.8
-54.623,-304.91,-363.65
-6.1932,-322.68,-358.07
-85.848,-140.83,-161.61
-40.68,-318.69,-400.58
-50.923,-238.38,-304.54
-103.73,-137.04,-155.34
-93.58,-119.03,-61.585
-60.835,-283.41,-286.92
-86.101,-150.2,-100.49
-85.869,-110.39,-84.697
-127.64,-116.16,-107.75
-121.92,-117.45,-117.56
-131.9,-119.86,-57.248
-37.752,-230.02,-253.47
-97.936,-144.63,-83.97
22.952,-371.04,-440.39
-117.43,-132.44,-137.49
-39.884,-256.81,-257.28
-57.52,-281.65,-281.03
-63.833,-175.37,-201.91
-123.59,-140.31,-130.82
-148.35,-84.882,-25.153
-63.265,-270.59,-330.5
-124.78,-113.82,-110.35
-7.1221,-345.47,-458.97
-67.202,-207.73,-179.32
-146.78,-88.43,-25.602
-24.243,-291.18,-380.8
-134.22,-78.045,-63.632
-52.896,-245.75,-232.72
-33.255,-238.89,-279.68
-79.21,-254.2,-254.86
-49.545,-246.33,-236.31
-137.68,-43.691,-21.331
-120.91,-52.148,-34.74
21.131,-396.7,-455.24
-80.887,-251.85,-253.94
-8.2758,-306.92,-398.13
-70.048,-246.11,-301.54
26.174,-380.68,-451.09
-110.44,-113.94,-123.13
-22.544,-366.91,-460.71
11.568,-335.4,-418.57
-9.0434,-315.74,-415.15
-131.35,-130.49,-86.293
-74.059,-217.89,-187.52
-138.69,-74.932,-55.041
-92.959,-224.83,-216.65
-20.396,-298.98,-392.09
-99.373,-201.26,-172.56
-104.3,-61.73,-7.6735
-39.642,-272.93,-354.18
-36.992,-340.77,-373.93
-107.47,-162.41,-108.67
-141.59,-103.19,-48.556
-23.016,-262.08,-315.74
-102.62,-148.85,-87.63
-91.576,-175.67,-208.86
-75.378,-182.24,-223.28
1.6623,-340.62,-451.88
-100.66,-202.55,-178.5
19.807,-352.53,-441
-75.737,-136.89,-123.43
-75.301,-266.8,-290.96
-48.497,-301.2,-309.26
-31.269,-292.43,-301
-51.76,-292.84,-364.84
25.953,-365.53,-464.11
-24.878,-315.8,-331.81
-123.58,-129.71,-125.18
-64.772,-179.63,-159.52
-22.87,-266.21,-299.13
-47.016,-311.97,-327.5
-4.1177,-306.73,-389.6
-74.583,-142.07,-145.1
-18.072,-317.6,-419.14
10.751,-371.84,-420.76
-14.28,-332.38,-357.76
-49.081,-228.47,-220.95
-100.39,-134.18,-69.833
-109.32,-168.13,-178.95
-44.453,-298.24,-303.34
-32.174,-338.76,-427.86
-40.231,-325.74,-347.09
-63.866,-258.02,-245.26
-132.72,-75.454,-62.373
-40.801,-287.29,-371.46
15.743,-353.22,-418.1
-107.17,-108.22,-116.39
-67.562,-249.15,-307.39
23.635,-361.2,-447.85
-100.67,-192.95,-211.5
-0.79349,-312.02,-394.37
-75.772,-137.8,-120.13
31.002,-378.57,-466.5
-147.79,-80.732,-5.6362
-38.331,-289.71,-293.16
-92.522,-94.934,-54.109
-62.53,-223.79,-200.8
-127.43,-98.236,-14.776
-44.252,-330.32,-364.3
-84.18,-239.77,-230.26
-76.476,-169.79,-131.32
-106.4,-153.91,-94.845
-127.33,-135.32,-117.58
-119.9,-110.68,-32.361
1.9154,-323.9,-376.03
-24.801,-304.5,-400.01
-73.178,-229.56,-203.82
-66.422,-212.25,-266.37
-80.574,-254.7,-264.06
-5.5661,-332.35,-440.76
-44.805,-333.19,-380.76
-132.12,-105.78,-29.753
-64.021,-191.64,-234.39
22.073,-369.4,-437.77
-72.226,-272.94,-303.4
-50.626,-318.6,-373.47
-39.742,-310.03,-320.5
-96.44,-84.433,-38.463
-56.008,-302.24,-320.12
-127.03,-102.47,-21.153
-138.38,-91.203,-69.032
-97.505,-216.18,-215.96
-142.97,-77.131,-49.859
12.343,-378.74,-428.98
26.207,-367.2,-471.58
23.824,-363.69,-469.97
-122.33,-153.51,-133.12
-40.695,-322.84,-403.04
16.055,-345.03,-426.55
-53.817,-191.73,-212.55
-54.543,-271.04,-263.87
-96.193,-126.07,-141.98
-97.593,-125.14,-140.79
-123.43,-134.1,-72.448
-76.252,-211.97,-261.28
-101.13,-91.565,-87.78
-82.059,-154.18,-181.65
-104.56,-82.298,-12.98
-123.61,-72.377,-64.141
-63.386,-233.74,-294.97
-98.918,-208.94,-190.58
-9.3215,-398.7,-458.19
-46.534,-212.89,-252.56
-15.127,-281.31,-349.4
-109.41,-187.34,-170.74
-100.96,-202.43,-212.68
-30.533,-359.63,-407.6
-91.375,-157.1,-186.19
-56.483,-208.93,-194.21
-110.85,-127.49,-139.3
-44.946,-263.1,-339.73
-113.52,-150.81,-92.996
-117.47,-155.2,-153.2
-83.825,-115.86,-100.44
-16.701,-277.26,-342.1
-31.041,-185.64,-392.96
-87.13,48.637,-103.38
9.8653,-247.63,-441.6
40.388,-247.76,-523.75
-74.521,-84.098,-236.95
5.145,-241.66,-500.61
-18.22,-94.054,-296.23
-31.476,-67.052,-263.08
-49.793,-17.039,-151.96
-69.996,-94.733,-262.52
-105.59,-4.6915,-132.15
-66.833,-71.897,-265.17
-3.1752,-126.15,-322.49
-39.551,-56.231,-253.01
34.936,-212.8,-448.16
-60.955,-116.86,-292.38
7.4349,-221.79,-406.02
-59.022,-31.007,-142.82
42.447,-253.18,-531.45
-44.346,-134.38,-285.95
40.672,-276.69,-486.2
47.571,-241.45,-494.06
-19.023,-209.81,-433.76
-45.587,-26.58,-168.08
-15.644,-203.07,-441.45
-43.749,-37.938,-221.92
8.0195,-274.03,-499.12
14.469,-196.25,-385.35
-2.2106,-247.38,-485.66
-16.945,-126.64,-357.7
-82.388,-61.766,-221.96
-35.606,-176.41,-374.45
8.4773,-275.42,-512.82
-5.4874,-233.93,-475.94
-68.5,-0.13699,-100.09
3.9608,-142.95,-345.44
-20.924,-204.34,-394.08
-99.904,1.2567,-151.44
-13.594,-222.53,-450.37
-49.239,-114.3,-325.53
-2.0716,-144.91,-323.38
26.872,-224.13,-492.77
-40.286,-164.63,-362.75
8.7455,-174.8,-422.52
37.373,-224.55,-482.17
-8.3293,-114.75,-320.15
-91.161,-0.44252,-87.727
-81.331,-49.032,-222.81
-87.005,-41.338,-205.22
-1.731,-249.44,-458.92
-28.783,-77.538,-281.01
-81.008,13.432,-72.084
-52.309,-49.455,-169.37
-39.455,-38.067,-206.24
10.632,-246.29,-511.59
1.3837,-257.82,-473.03
32.443,-224.68,-433.87
-63.877,-110.25,-279.69
-54.236,-83.754,-210.16
-40.411,-145.43,-302.24
3.6991,-245.89,-442.18
-24.925,-74.063,-248.69
-1.7867,-156.88,-331.51
-49.755,-116.16,-326.21
-109.53,5.5409,-104.14
37.457,-299.57,-512.42
38.023,-219.71,-460.69
-10.908,-213.38,-455.98
-2.7454,-135.35,-318.57
19.253,-211.26,-475.62
-83.968,-29.131,-131.54
-41.814,-77.279,-288.4
-30.319,-164.28,-327.27
-2.6999,-126.83,-326.13
-74.444,-36.93,-141.56
-56.297,-89.471,-218.54
-0.24974,-180.39,-354.39
-89.368,-47.089,-190.71
-34.301,-150.42,-306.67
-19.353,-203.35,-433.13
-103.22,-11.227,-129.94
-73.185,49.996,-68
-102.8,50.719,-97.487
-24.915,-134.54,-286.12
32.946,-209.83,-436.23
-19.245,-187.03,-425.22
1.6371,-260.69,-486.89
-14.477,-99.081,-286.1
-74.505,-40.677,-147.14
-28.625,-179.5,-353.38
-71.569,-38.345,-143.86
-19.123,-208.31,-433.86
-110.38,7.0435,-107.06
-78.207,-73.843,-235.14
-55.042,-49.771,-248.73
-47.212,-105.77,-320.26
1.6023,-145.54,-374.55
3.2882,-256.4,-503.1
-55.997,-39.025,-233.17
22.958,-196.29,-401.77
-56.216,-35.787,-228.3
10.933,-280.04,-522.63
-32.952,-140.75,-368.85
-72.029,-79.551,-213.59
-26.643,-70.847,-240.02
37.726,-301,-514.39
17.929,-249.23,-443.51
-50.593,-23.736,-203.23
-2.8445,-163.02,-409
-69.333,39.084,-92.7
-95.07,-32.395,-161.74
-82.241,-5.0162,-179.61
-61.025,-31.285,-221.99
-41.055,-38.291,-216.05
53.207,-256.16,-497.02
15.322,-275.03,-483.65
-21.918,-108.12,-330.33
-65.818,-12.911,-116.32
-2.7039,-141.5,-320.41
-18.07,-216.17,-421.51
18.769,-177.4,-392.3
-5.8066,-208.97,-460.6
-78.864,-5.0695,-181.66
-102.82,-9.3871,-119.76
-32.598,-181.62,-388.7
17.609,-227.13,-496.93
-46.004,-152.48,-339.4
-97.737,63.233,-82.269
-48.496,-109.47,-322.36
-79.02,-72.969,-229.02
-59.038,-120.39,-301.57
-86.583,28.72,-49.377
-23.485,-199.32,-419.93
20.796,-185.26,-425.34
-30.555,-163.67,-390.98
26.417,-245.56,-522.41
-27.491,-69.645,-257.72
-71.833,-79.958,-214.12
1.2964,-172.05,-348.08
-33.415,-163.94,-329.22
5.7537,-191.66,-371.14
33.429,-210,-451.27
-91.931,16.679,-62.308
-123.24,43.581,-65.195
11.861,-264.98,-468.79
-0.17683,-190.87,-365.7
-37.624,-54.092,-198.26
43.692,-235.37,-467.53
-95.112,-32.568,-164.25
-32.402,-183.97,-382.6
-104.1,-5.2016,-112.25
-35.897,-124.07,-349.26
-29.244,-161.38,-391.32
7.779,-151.09,-365.63
-77.655,-67.918,-240.05
-55.078,-131.24,-307.26
-80.944,-68.426,-220.24
13.104,-211.73,-397.78
-97.83,-13.37,-116.22
-17.512,-91.673,-281.42
-116.7,24.077,-78.756
-70.118,-41.765,-231.55
-66.661,-98.396,-246.24
-0.83481,-254.68,-484.37
-93.49,8.7739,-73.828
-82.44,-12.391,-188.04
-2.6001,-248.41,-459.05
1.3194,-224.57,-409.35
-40.627,-156.63,-365.59
-67.358,11.99,-154.16
-5.7874,-244,-467.29
-57.918,-79.583,-283.22
54.315,-265.16,-498.42
-76.271,-61.648,-241.11
5.5181,-173.29,-354.86
-54.127,-9.616,-178.87
-25.879,-137.18,-288.74
7.7689,-248.85,-509.56
-93.422,-7.4294,-169.84
-53.401,-93.678,-301.93
-33.835,-157.89,-318.81
50.655,-293.11,-510.93
-85.275,24.203,-140.14
16.858,-173.12,-402.23
16.492,-188.85,-383.95
-43.784,-44.422,-235.3
3.1783,-140.64,-352.64
11.257,-197.39,-382.23
-23.915,-130.35,-282.05
-46.209,-98.662,-313.72
-40.407,-36.225,-190.7
-60.88,-4.5844,-178.54
14.187,-228.55,-416.84
-105.48,49.55,-96.884
-56.918,-27.168,-141.73
-34.19,-51.577,-227.35
-36.517,-173.06,-358.01
37.5,-243.09,-453.54
-11.128,-107,-304.25
-23.001,-205.34,-408.91
8.5562,-275.9,-511.48
-14.968,-221.89,-443.81
-78.298,51.031,-90.869
-100.61,48.341,-101.83
-86.864,10.921,-157.13
11.093,-276.4,-526.58
-54.928,-129.01,-316.78
-28.107,-189.88,-376.51
-24.839,-102.34,-322.41
-24.88,-102.46,-322.62
57.216,-263.28,-525.58
-61.35,-5.7609,-181.12
-78.031,-55.161,-233.47
-30.099,-123.07,-351.64
32.33,-221.78,-484.8
-89.297,-46.962,-182.21
-6.4622,-240.67,-450.23
-62.499,-104.3,-250.35
7.4531,-238.53,-501.3
18.527,-183.34,-426.4
-35.76,-117.26,-259.7
-102.69,26.459,-47.9
26.218,-195.31,-435.44
17.105,-271.73,-539.5
20.013,-220.46,-488.65
1.6373,-233.06,-422.15
-9.3189,-152.46,-318.06
-29.673,-159.64,-389.35
45.914,-241.18,-473.72
-86.296,-0.39659,-171.11
-79.976,52.419,-90.715
-18.953,-127.3,-283.66
-39.456,-51.961,-244.5
-58.458,-87.106,-289.84
-52.723,-54.991,-174.9
6.3894,-174.32,-423.24
-67.903,-54.142,-166.85
-69.643,-76.921,-204.95
-105.99,-4.4101,-122.76
-65.666,-86.339,-277.76
-64.029,-56.426,-252.95
19.227,-181.28,-390.58
-20.562,-99.705,-260.5
-6.0201,-243.49,-461.02
25.012,-234.9,-431.3
-32.222,-104.86,-327.52
-31.849,-175.86,-393.76
34.441,-303.81,-519.06
-78.356,-10.303,-103.57
-101.2,53.965,-94.239
-96.637,16.411,-142.59
-58.155,-110.39,-306.48
9.9351,-159.07,-386.62
-38.559,-60.712,-199.57
-38.828,-168.99,-357.61
-56.906,-2.1763,-167.65
-36.139,-174.97,-373.87
51.484,-249.72,-502.2
-24.611,-127.71,-359.34
1.0831,-146.5,-331.56
18.832,-258.8,-531.71
42.295,-232.81,-462.82
-82.827,-60.133,-193.46
-81.988,-63.11,-223.14
-56.974,6.5677,-128.82
12.354,-237.21,-505.09
-65.953,-83.469,-275.39
27.243,-198.02,-440.05
-18.287,-104.41,-320.34
-5.679,-148.82,-388.16
-3.0782,-213.31,-467.52
-40.294,-97.743,-233.44
-88.842,51.032,-100.05
43.684,-233.3,-470.44
-37.256,-43.731,-215.15
-44.125,-35.122,-173.49
-31.864,-73.399,-221.38
-7.8803,-158.91,-403.48
-107.61,0.27199,-112.8
-81.337,-33.557,-137.65
-51.913,-109.93,-249.36
-40.009,-47.296,-189.23
23.339,-247.25,-443.06
-38.149,-112.85,-335.25
-18.04,-90.633,-281.71
-72.053,-90.179,-253.52
-86.147,-4.8479,-94.094
-25.228,-85.528,-292.06
5.4805,-160.3,-399.23
-28.022,-84.564,-236.01
-80.084,60.78,-72.168
-90.969,23.892,-52.72
-21.147,-86.231,-283.79
-82.14,-32.009,-135.45
-79.889,-35.247,-139.84
-100.82,16.883,-136.9
46.664,-242.3,-476.39
-43.358,-33.869,-176.09
-17.831,-212.31,-437.55
15.512,-169.34,-394.41
-78.636,-64.067,-236.25
-50.067,-10.707,-157.81
35.486,-215.61,-443.96
43.939,-244.47,-467.07
-60.249,-109.66,-300.59
-48.764,-102.53,-237.19
-77.092,-52.562,-233.38
16.01,-180.62,-379.75
-72.202,45.883,-85.164
-74.784,-59.021,-242.24
-56.17,-71.436,-275.86
-63.495,-106.63,-289.21
-41.236,-47.271,-185.91
26.02,-192.84,-424.63
-71.564,-86.412,-261.51
15.717,-273.37,-480.24
24.227,-300.68,-522.42
-82.456,-62.189,-221.22
-88.742,-45.828,-198.66
-46.051,-21.202,-171.74
-14.817,-146.55,-386.07
-24.399,-75.738,-262.56
-3.4845,-249.28,-471.22
15.08,-224.39,-492.71
-52.884,-18.788,-142.88
-53.877,-1.1967,-151.6
-46.498,-30.706,-165.06
-116.88,31.434,-91.868
-18.011,-92.02,-288.51
-76.39,-24.892,-124.09
-5.2054,-245.17,-469.91
11.86,-160.94,-382.51
14.628,-260.99,-460.42
-82.247,-64.647,-218.56
-31.9,-64.688,-258.49
-90.533,-24.856,-129.09
-7.7614,-132.74,-305.16
-43.384,-42.248,-178.15
-72.667,29.847,-126.02
38.41,-221.37,-467.88
9.7699,-168.69,-410.1
27.609,-215.51,-478.14
-31.637,-88.627,-232.65
-62.464,-30.023,-220.1
38.263,-264.16,-548.66
-48.694,-32.727,-218.56
-36.104,-137.33,-287.07
-59.05,12.346,-122.07
-66.292,-6.5476,-185.19
-64.895,27.147,-97.343
-25.988,-198.02,-395.48
-64.418,20.221,-95.45
-1.9878,-241.81,-441.12
-70.45,-16.915,-200.45
-113.87,21.323,-103.66
-23.319,-102.04,-256.41
-55.691,-27.647,-215.15
-4.5868,-224.79,-412.17
-95.275,53.688,-96.434
10.068,-161.86,-360.6
-36.645,-75.593,-214.2
-10.801,-113.36,-291.8
4.3011,-224.31,-408.81
-11.458,-162.89,-327.03
17.245,-172.81,-392.15
-17.41,-179.69,-346.7
13.561,-284.16,-532.91
48.161,-293.81,-509.58
15.328,-168.45,-390.01
-9.6607,-172.29,-420.07
-1.6614,-136.07,-359.44
-54.654,-85.765,-292.74
-0.8741,-132.4,-345.62
10.833,-228.86,-415.88
-59.058,-56.267,-256.02
-59.335,7.939,-148.72
6.4231,-270.98,-497.2
-113.73,39.41,-96.096
-19.935,-176.57,-342.49
53.664,-266.55,-496.93
42.343,-249.74,-465.87
32.997,-208.91,-439.02
-68.104,-78.823,-268.26
-24.225,-107.26,-330.04
-49.737,-29.136,-156.05
13.928,-265.63,-468.28
-57.211,-124.6,-307.9
-34.887,-96.175,-315.29
-63.562,-110.19,-271.59
-118.18,56.849,-73.823
-53.362,-42.413,-237.89
-62.621,20.105,-104.52
1.889,-195.75,-453.1
-85.842,-49.973,-175.2
-6.028,-141.92,-376.98
32.535,-251.47,-531.2
-9.2036,-157.58,-401.57
-21.823,-161.41,-321.05
-47.747,-86.93,-216.23
13.146,-275.87,-533.06
-36.725,-112.5,-253.32
-49.634,-127.66,-278.82
11.068,-194.06,-379.08
-3.0641,-190.32,-444.36
-23.932,-135.47,-369.41
9.8496,-218.74,-483.69
-29.823,-61.591,-234.83
-9.7573,-120.31,-340.06
-55.025,-100.25,-235.04
-39.101,-60.501,-198.36
-37.085,-98.321,-317.88
-28.236,-66.769,-234.65
-62.282,-110.35,-265.25
-28.071,-115.99,-343.15
3.9985,-142.4,-348.47
-61.586,-1.4802,-112.72
54.708,-261.52,-500.23
12.008,-274.82,-529.75
-45.252,-139.73,-296.82
34.602,-286.06,-494.17
-52.716,-116.08,-321.08
19.173,-215.02,-481.09
-90.267,-39.082,-159.69
-85.951,-28.443,-199.46
-93.429,-33.923,-156.37
-35.276,-120.44,-345.71
-17.119,-208.63,-395.93
-88.178,65.019,-75.916
9.3708,-175.82,-363
-39.814,-40.371,-189.95
10.554,-215.16,-479.85
12.796,-171.07,-369.15
-26.255,-99.032,-249.31
-15.191,-177.13,-408.4
23.445,-234.69,-455.73
-47.769,-190.63,-355.01
-50.352,-123.49,-332.66
-50.383,-122.39,-249.07
8.1255,-250.72,-431.27
-16.227,-147.12,-324.47
-32.772,-138.8,-355.11
2.4048,-254.19,-511.73
34.355,-261.53,-508.97
-77.938,-123.5,-265.55
-84.623,-109.78,-262.71
-8.4723,-226.89,-394.64
-23.082,-188.11,-422.81
-51.094,-175.19,-378.48
-44.705,-186.17,-340.68
2.6975,-247.91,-424.65
-62.174,-136.57,-267.77
6.5682,-220.04,-466.44
0.41492,-294.41,-494.2
11.898,-286.34,-474.95
21.804,-308.8,-505.8
-51.874,-185.6,-354.95
-5.1932,-223.59,-392.79
20.459,-260.17,-452.52
-56.394,-103.35,-222.92
-20.413,-227.82,-394.89
-39.03,-165.43,-387.54
-62.496,-130.64,-329.73
-14.665,-253.09,-490.46
-73.775,-44.419,-142.62
-47.685,-144.83,-278.17
-0.094748,-187.75,-375.52
-45.39,-74.218,-236.27
-107.55,-48.633,-155.09
-116.07,-26.738,-122.97
-6.4243,-195.01,-432.86
-1.393,-250.69,-426.35
-0.3437,-287.78,-535.57
-53.131,-54.926,-207.78
-32.746,-156.12,-299.57
-55.322,-53.683,-217.63
-45.902,-78.238,-254.88
-50.193,-71.222,-248.44
-41.293,-180.62,-399.33
-52.388,-159.09,-366.7
-42.207,-89.056,-234.78
-58.925,-92.318,-289.71
-15.47,-188.24,-347.94
-11.921,-168.52,-338.89
-14.239,-272.34,-485.92
-64.017,-28.328,-173.67
-134.14,16.832,-67.029
-108.17,-50.602,-179.53
-65.581,-106.69,-303.63
-6.7359,-279.35,-474.14
-59.888,-164.67,-321.32
6.2581,-217.49,-400.83
35.724,-262.27,-503.96
-115.66,-14.608,-151.2
-100.37,-69.726,-191.23
-45.525,-185.99,-341.23
19.557,-238.45,-438
-23.797,-237.53,-464.48
-56.4,-64.033,-187
-16.552,-251.51,-432.13
-43.184,-202.81,-404.43
-81.804,15.624,-87.07
-31.449,-137.39,-352.41
-77.89,-8.9724,-162.57
-45.203,-168.62,-384.33
-83.874,21.879,-102.74
-41.482,-137.45,-353.29
-54.577,-94.425,-292.86
38.43,-272.51,-526.97
-95.935,-62.812,-164.17
-88.308,-101.26,-246.17
-11.52,-277.26,-483.12
-22.467,-131.55,-304.65
-39.417,-215.83,-403.95
-54.441,-180.26,-365.23
35.637,-273.75,-487.17
-111.49,-42.998,-163.32
15.058,-215.74,-430.6
-40.69,-123.7,-334.2
-136.05,29.807,-75.394
-121.34,-11.646,-133.41
-37.484,-219.73,-406.24
9.1152,-302.49,-499.75
-28.961,-118.77,-281.07
18.16,-244.8,-438.18
-77.92,-11.492,-167.48
-14.313,-172.79,-400.97
28.328,-260.31,-518.6
-71.03,-16.425,-128.29
-76.747,-56.539,-153.52
-90.013,-59.858,-230.76
-6.5764,-173.55,-392.74
17.091,-270.15,-458.23
-88.541,-52.645,-225.13
-83.455,-96.244,-213.86
-69.112,-145.27,-318.55
-53.389,-183.91,-363.26
-60.996,-35.508,-171.28
-66.577,-106.38,-222.62
16.811,-268.27,-456.09
-59.924,-64.597,-247.65
-123.77,35.885,-93.57
-86.748,-104.72,-254.83
31.663,-309.71,-510.39
13.476,-214.36,-420.54
-81.485,-52.922,-230.71
-34.095,-132.47,-275.61
-27.985,-162.12,-309.99
-74.054,-13.121,-117.72
-61.822,-136.07,-266.74
-27.652,-136.87,-289.57
-64.375,-107.63,-305.67
45.651,-284.84,-521.59
-35.237,-112.16,-310.61
-61.946,-66.218,-178.8
-54.518,-64.797,-191.92
-7.0706,-182.6,-412.21
-7.9548,-260.89,-441.56
-109.35,-39.473,-178.77
-26.956,-184.19,-335.11
-29.4,-162.84,-309.46
-111.78,42.055,-92.988
-114.42,-33.713,-157.61
-58.027,-172.69,-351.64
-49.137,-181.76,-385.46
9.6021,-218.15,-407.79
47.141,-293.24,-521.95
14.758,-240.6,-495.32
-95.362,-34.78,-199.32
-4.535,-171.84,-379.61
-56.314,-176.99,-355.5
-85.18,27.847,-79.685
-127.2,-2.2286,-101.89
-54.241,-70.902,-254.04
3.1378,-211.38,-454.21
-52.621,-182.42,-347.58
-92.937,-73.91,-236.43
-58.231,-166.93,-322.4
-53.598,-60.904,-193.71
-45.842,-76.536,-249.78
-86.439,28.73,-92.41
-22.459,-134.61,-302.81
-70.082,-11.856,-145.39
-113.87,39.3,-96.291
-2.3003,-199.17,-374.46
20.712,-228.77,-446.53
-25.54,-246.91,-445.26
-22.87,-212.62,-373.01
-90.88,-32.407,-200.08
-134.32,31.246,-80.032
-82.88,-112.61,-271.86
-62.314,-74.401,-186.18
-28.23,-154.53,-377.63
4.6081,-298.65,-496.95
-58.026,-82.92,-199.61
-119.98,-15.183,-138.67
-10.907,-174.29,-343.79
-127.24,-1.7177,-105.07
-64.78,-56.194,-236.35
-131.13,8.1812,-86.737
-37.105,-94.835,-268.55
-61.784,-46.289,-215.18
-45.282,-81.674,-262.01
-28.455,-151.21,-299.15
0.83157,-200.85,-381.28
-80.743,4.7197,-91.539
-31.376,-110.56,-296.85
-13.008,-245.02,-487.98
0.6488,-201.84,-381.43
-10.485,-157.21,-353.08
32.554,-269.24,-478.51
-27.561,-141.43,-356.86
-132.42,17.216,-56.495
-85.01,7.5475,-79.337
-46.439,-89.632,-280.82
-102.67,-64.117,-183.61
-6.4133,-277.63,-470.06
-4.7917,-276.33,-521.27
23.677,-265.98,-461.32
-56.094,-65.213,-245.3
-87.873,-66.046,-164.5
-33.215,-192.38,-419.37
-32.983,-216.92,-385.58
-93.957,-43.508,-130.81
-95.044,19.923,-124.83
-23.441,-128.54,-320.57
-27.579,-240.51,-430.28
-99.127,-73.748,-212.1
-98.151,12.068,-137.82
-32.215,-232.12,-431.05
-78.562,-116.06,-289.14
-60.462,-152.83,-295.42
-7.0617,-255.73,-433.2
-56.829,-46.281,-198.95
-103.03,47.497,-82.276
-21.824,-196.67,-352.48
-118.21,-14.625,-98.408
-41.377,-113.63,-249.54
-81.232,8.5117,-130.83
-0.41239,-180.94,-380.24
-121.83,5.2103,-124.93
-31.84,-230.26,-438.81
-60.501,-95.586,-293.67
-31.867,-113.08,-305.96
-28.024,-241.25,-445.88
-17.28,-152.63,-320.2
-66.773,-109.51,-227.12
-99.905,-36.979,-196.35
-115.23,-8.8763,-82.995
-93.859,-68.621,-231.43
-39.824,-177.23,-323.6
-83.61,-29.934,-116.96
-76.993,5.1021,-108.26
-45.541,-181.89,-333.71
-69.19,-146.96,-313.31
18.793,-281.26,-471.22
-54.33,-180.5,-365.6
-133.99,26.607,-82.996
-16.465,-145.64,-324.53
-57.404,-144.94,-279.05
-46.873,-92.061,-224.16
-51.734,-103.5,-227.19
14.333,-245.94,-503.77
-113.11,53.748,-75.701
-57.005,-169.11,-360.66
-86.385,-74.636,-177.81
-46.23,-170.26,-314.68
30.956,-310.57,-510.93
8.8075,-215.21,-404.87
-17.252,-141.49,-329.24
-79.867,-25.614,-192.89
-59.457,-41.043,-195.24
-30.196,-131.24,-341.17
11.894,-226.85,-474.06
-72.549,-10.178,-122.64
-27.287,-174.2,-404.21
44.679,-281.64,-523.19
-62.249,-65.919,-178.11
-37.455,-216.21,-393.17
-105.25,-54.982,-165.09
-75.658,-41.924,-137.92
-27.225,-192.56,-425.27
35.813,-305.51,-509.29
22.485,-313.99,-512.87
-96.129,23.85,-118.79
-7.4889,-192.7,-429.68
10.337,-234.37,-418.84
-97.113,-70.092,-181.01
9.048,-241.34,-423.04
-75.994,-57.73,-239.24
-129.43,4.6275,-98.237
-90.468,-31.447,-199.14
-86.716,-2.1901,-157.64
-66.111,-149.88,-330.36
-75.533,-44.665,-140.95
11.301,-223.07,-413.56
-65.528,-112.21,-231
-17.587,-156.22,-320.73
-69.034,-76.611,-182.78
-19.906,-181.48,-336.99
-3.0988,-227.33,-477.93
-135.91,24.965,-75.747
-83.989,10.758,-79.851
-28.545,-180.95,-330.48
-54.751,-77.28,-199.26
-109.4,-17.834,-94.59
14.822,-282.75,-471.05
-59.368,-170.07,-343.89
-3.8249,-220.92,-469.62
-59.079,-162.64,-313.96
-39.482,-88.56,-254.54
-3.8955,-295.19,-519.04
5.0579,-193.45,-408.54
-107.11,-50.665,-159.45
-112.9,-25.369,-112.2
-43.569,-78.563,-239.92
-50.761,-189.77,-366.7
0.36049,-188.23,-411.96
22.633,-232.54,-459.29
-92.083,-86.723,-209.37
-83.668,-47.532,-138.39
3.6764,-238.74,-415.44
3.6325,-305.81,-513.63
16.935,-252.5,-512.87
-120.48,-17.309,-112.46
-33.172,-123.86,-330.6
-131.01,7.8623,-85.093
-94.348,19.808,-52.465
-71.462,-77.823,-182.94
-76.856,-128.95,-283.95
38.616,-269.04,-500.35
-104.95,-10.402,-81.658
22.208,-242.55,-445.71
-95.705,-77.608,-228.98
-14.405,-229.2,-472.85
-88.492,36.047,-63.88
-56.659,-88.969,-285.06
-32.901,-230.66,-427.7
-118.34,-12.572,-143.48
16.258,-232.98,-428.47
-78.347,0.40864,-143.35
26.998,-308.99,-507.25
9.7829,-204.22,-423.78
-91.313,0.88935,-75.252
-41.785,-134.11,-348.83
17.87,-282.84,-472.49
-76.356,-1.1365,-141.94
-25.78,-242.95,-458.25
-19.844,-179.02,-334.62
-48.702,-139.07,-351.86
-125.86,-1.1954,-115.62
-100.02,-37.898,-123.5
-77.72,-5.4087,-104.3
-12.628,-240.66,-412.16
-10.114,-229.29,-396.97
-60.411,-167.06,-332.86
-36.613,-163.86,-306.1
-81.622,-117.29,-271.84
-67.447,-105.37,-221.14
-30.771,-174.58,-403.13
-87.059,-90.581,-207.45
-87.24,33.392,-76.593
0.94237,-293.04,-490.64
-75.249,-56.291,-237.54
-58.407,-170.5,-353.36
-72.705,-105.54,-294.65
-41.873,-194.45,-353.09
-74.861,-90.53,-278.1
-27.015,-122.4,-288.1
-100.38,-17.729,-92.706
-80.361,-72.805,-254.39
-89.077,-8.1833,-87.433
31.133,-256.03,-504.01
-89.675,39.716,-68.506
-105.38,-0.043268,-66.674
-96.772,17.721,-51.159
-53.336,-70.261,-251.7
-33.496,-206.06,-366.34
32.458,-256.39,-479.61
-27.289,-140.31,-354.75
-9.5691,-160.9,-366.29
-88.134,-95.791,-221.61
-58.986,-40.449,-188.68
-50.287,-170.36,-317.32
-35.585,-111.46,-259.33
-54.663,-151.55,-288.44
-38.138,-216.22,-395.8
-19.747,-148.26,-312.48
-70.918,-76.862,-182
-3.1705,-252.46,-428.34
-28.937,-217.07,-381.86
-42.416,-88.516,-271.71
-36.178,-187.18,-337.66
-49.651,-190.42,-381.99
-103.63,25.461,-117.92
5.8322,-212.7,-454.32
-56.503,-62.108,-185.71
-117.48,45.222,-86.897
-125.39,-3.4373,-117.02
-92.244,-50.537,-141.31
7.5943,-265.36,-447.34
41.186,-276.88,-505.16
-74.804,-117.26,-244.06
-111.48,-42.053,-167.42
42.916,-290.96,-509.74
-35.448,-117.22,-262.48
36.651,-263.72,-499.5
-99.554,31.12,-108.29
-122.82,-11.01,-126.43
25.901,-243.32,-484.98
-36.086,-195.9,-351.09
-70.827,-112.07,-231.91
-56.556,-176.32,-347.4
-63.08,-32.752,-159.52
-105.51,-34.456,-121.01
-48.536,-194.64,-381.96
-37.256,-109.43,-307.94
-74.061,-103.13,-218.84
-97.192,-2.2044,-73.368
-60.105,-71.729,-259.51
-81.238,-21.315,-186.5
-84.612,9.6882,-78.871
19.607,-225.72,-447.22
-3.5536,-173.37,-378.08
-70.696,-55.695,-157.72
-27.344,-132.51,-287.97
-127.13,25.426,-99.233
-23.945,-141.7,-354.05
-99.259,-73.414,-199.44
-57.01,-125.43,-250.24
-47.532,-101.48,-302
11.9,-240.21,-495.85
-3.7145,-198.49,-437.1
-53.938,-97.175,-218.43
-27.755,-140.31,-291.57
-2.0713,-194.24,-372.04
-99.372,-34.251,-194.42
3.5033,-190.79,-390.45
-122.42,-6.2039,-88.117
-8.9709,-215.53,-381.42
-53.971,-172.27,-370.29
-36.433,-123.48,-332.33
-106.44,6.7054,-57.024
10.542,-298.24,-492.13
-44.091,-176.77,-324.13
-62.663,-157.58,-341.83
-0.60968,-285.78,-534.14
-40.924,-175.92,-395.88
-23.346,-238.05,-414.49
-38.776,-179.32,-401.39
-108.64,-15.088,-163.96
-81.171,-6.9947,-97.644
-45.074,-174.77,-321.37
-63.243,-29.723,-173.49
-62.46,-147.3,-287.16
-82.591,-59.056,-154.12
-7.239,-237.85,-408.57
-108.54,29.064,-112.02
-45.93,-200.81,-389.33
-65.447,-23.582,-160.48
-63.232,-57.575,-237.79
-100.16,25.222,-118
-48.485,-175.97,-384.41
-17.424,-144.76,-347.75
9.3479,-258.05,-439.91
-96.632,-62.274,-221.73
-19.785,-155.68,-315.9
-42.582,-140,-327.25
-18.033,-233.84,-390.49
-123.31,0.70176,-45.684
-15.981,-243.16,-480.64
-45.629,-249.01,-427.76
-20.024,-199.43,-361.3
-47.178,-176.4,-306.74
-82.388,-32.569,-151.48
-102.81,-27.096,-94.291
17.173,-292.53,-482.38
-49.845,-113.65,-271.37
-86.487,-101.44,-195.66
-53.356,-117.21,-297.02
-35.176,-263.55,-433.45
-38.809,-153.31,-298.95
-86.588,-24.529,-127.57
-58.998,-92.481,-232.14
-51.552,-205.23,-413.97
-79.687,-46.552,-152.51
-60.222,-212.31,-368.35
-83.994,-82.01,-172.85
-29.541,-225.4,-373.31
-82.085,-51.966,-147.93
-5.4813,-229.51,-455.43
-95.174,-0.58101,-112.29
-98.158,-37.317,-190.03
-1.141,-320.84,-504.11
-94.018,-39.094,-191.92
-53.343,-230.47,-398.27
-50.522,-167.49,-375.43
-62.408,-84.854,-238.24
-34.565,-200.38,-421.69
-104.3,5.362,-62.266
-73.946,-182.94,-351.31
-129.52,-13.936,-141.7
-94.831,-16.981,-153.35
18.825,-276.43,-480.83
-117.82,1.186,-132.91
-115.41,-70.797,-158.18
-71.618,-138.69,-249.32
-113.44,0.48788,-52.951
-76.761,-46.972,-174.15
-33.451,-174.06,-320.83
-127.97,-6.5657,-55.239
19.854,-311.43,-500.65
-63.539,-159.7,-279.13
10.605,-300.45,-481.35
20.147,-318.35,-507.3
-92.876,-5.9083,-117.69
-79.765,-164.85,-299.07
-28.311,-284.32,-468.04
-140.93,-19.594,-107.72
-5.0217,-220.78,-408.47
-31.131,-281.15,-470.78
-83.644,-36.332,-174.83
-61.837,-208.85,-392.03
-3.1633,-222.12,-426.6
-24.961,-172.19,-354.71
-93.824,-15.834,-99.887
-93.859,-101.27,-195.42
-56.451,-97.631,-247.65
-54.113,-205.32,-345.24
-87.091,-70.74,-157.55
-120.99,29.631,-90.427
-94.35,-73.746,-156.25
21.901,-295.5,-492.47
-25.441,-206.03,-356.89
-115.06,-85.621,-198.13
-130.24,-43.515,-128.09
-63.886,-79.56,-224.49
-128.98,-40.158,-161.07
-101.08,-27.924,-176.17
-102.32,-11.793,-150.72
-69.703,-187.67,-367.75
-81.995,-42.638,-186.13
-80.081,-61.075,-158.12
-80.863,-165.65,-329.97
-102.27,-80.603,-165.31
-43.325,-203.33,-340.94
-36.944,-261.23,-470.62
-10.449,-212.58,-389.8
-95.597,0.3355,-94.039
-94.511,-15.215,-97.757
-72.439,-64.407,-179.58
-24.097,-241.59,-395.09
-138.19,2.5105,-44.022
-41.587,-213.59,-354.82
-30.79,-250.92,-407.25
-113.96,-88.299,-211.93
-43.588,-154.11,-355.33
11.684,-287.55,-470.89
-67.004,-195.61,-376.12
-34.533,-227.54,-452.75
-116.42,-80.336,-184.79
-105.08,22.679,-54.106
-115.58,-72.88,-210.51
-61.207,-123.97,-239.71
-97.062,-98.492,-263.58
-18.005,-283.34,-452.59
-104.79,-47.108,-201.68
-116.35,3.5211,-46.706
28.022,-292.14,-514.41
-85.591,-144.58,-314.68
-34.635,-198.28,-418.94
-61.223,-179.86,-307.86
-79.55,-160.83,-335.29
-21.86,-191.13,-353.9
-123.97,-50.541,-129.46
-121.16,42.489,-68.801
-84.145,-53.867,-211.35
-137.52,1.2018,-115.91
-98.893,-68.185,-147.24
-52.479,-226.82,-422.52
-116.75,-76.538,-174.45
-100.47,-63.953,-224.72
-109.8,-7.9981,-146.91
-130.12,-6.5938,-55.601
-30.057,-175.24,-328.38
-50.329,-180.82,-310.21
-83.642,-80.309,-171.27
-68.936,-124,-314.29
-9.584,-219.42,-393.12
-68.36,-194.42,-370.8
-104.78,-79.622,-164.65
-11.232,-204.2,-403.81
-103.79,1.6082,-128.01
-65.6,-156.04,-353.42
-105.54,-101.13,-206.44
-91.04,-94.228,-266.23
-8.1366,-277.05,-524
-133.49,-38.738,-130.4
-124.95,30.388,-89.872
-124.4,18.751,-106.82
14.628,-312.87,-497.19
-21.721,-188.16,-394.68
-98.844,-98.909,-261.2
-49.288,-201.52,-413.58
5.142,-242.94,-462.89
-88.075,-121.1,-224.92
-29.378,-220.33,-367.56
-21.457,-275.73,-442.13
-111,-38.934,-187.74
-68.303,-91.275,-264.91
-60.473,-202.5,-396.28
-98.478,-19.665,-161.85
-138.32,22.723,-93.31
-19.149,-189.7,-362.83
-106.01,13.034,-53.508
-77.517,-127.45,-232.98
-34.781,-198.9,-419.72
-105.2,-48.352,-202.96
-91.456,-55.597,-216.77
-36.37,-145.65,-314.66
-108.17,-80.658,-168.68
-136.04,-31.662,-117.86
-2.0898,-296.71,-470.26
-10.605,-228.95,-459.34
-132.16,-12.655,-66.465
-51.285,-235.14,-404.75
-149.07,2.1079,-70.775
-72.468,-59.83,-201.92
-38.736,-260.95,-464.12
-30.718,-159.69,-329.13
-24.825,-269.33,-499.73
10.501,-282.81,-534.86
-120.71,-17.664,-155.32
-89.813,-61.448,-144.79
-111.71,-53.747,-203.14
-27.623,-227.66,-376.93
-92.72,-32.581,-113.25
-58.194,-164.51,-368.19
-138.81,-7.33,-119.88
-73.385,-83.432,-254.98
-128.26,-26.345,-154.5
-48.463,-118.1,-284.4
23.053,-280.78,-500.5
22.982,-307.81,-501.77
-103.55,-93.686,-249.09
-6.8753,-266.97,-433.42
-28.503,-226.35,-374.95
-110.99,23.657,-93.888
-66.414,-115.52,-225.53
-83.83,-119.53,-299.22
-56.902,-186.48,-391.48
-9.7199,-226.3,-454.14
-128.26,34.817,-83.198
-79.96,-102.27,-199.46
-107.11,-85.944,-237.08
-16.713,-289.9,-462.45
-87.103,-23.968,-125.07
-40.699,-259.39,-439.46
-102.99,-115.93,-246.18
-93.25,-57.384,-219.27
-137.37,-25.736,-103.11
-59.399,-93.835,-254.4
-64.441,-149.77,-265.88
-6.243,-217.9,-429.27
-62.497,-132.23,-326.56
-137.24,-10.809,-125.6
-66.433,-112.72,-222.77
-128.53,-51.061,-159.06
-69.548,-141.6,-334.92
-77.705,-128.97,-314.75
-75.901,-155.09,-339.98
-26.998,-219.7,-448.19
-89.367,-71.972,-157.01
-146.22,4.429,-50.363
17.816,-270.08,-497.5
-55.373,-119.99,-245.73
-113.34,-28.518,-88.882
-107.91,-11.036,-71.427
0.4348,-269.47,-442.33
-101.28,-43.837,-114.87
-104.57,-68.496,-226.06
-91.546,-88.899,-177.38
-97.692,-6.923,-136.98
-99.596,-119.78,-267.73
-0.32683,-239.49,-421.9
-31.294,-158.32,-340.67
-142.33,21.742,-89.655
-9.545,-309.74,-490.94
-6.968,-263.39,-508.43
-55.776,-168.88,-374.64
-133.2,-38.005,-124.1
-107.63,-102.81,-237.38
-67.717,-188.97,-329.36
-66.431,-199.9,-376.04
-137.37,2.1682,-115.29
-87.77,-87.839,-177.34
-68.362,-123.42,-313.69
-113.01,16.416,-108.84
-37.412,-223.05,-445.76
-123.8,-43.198,-175.33
-89.774,-17.505,-143.2
-49.84,-205.24,-416.21
-25.478,-294.32,-497.44
-108.4,-28.447,-176.04
-56.219,-224.13,-390.01
-62.97,-209.65,-383.41
-13.779,-247.28,-486.39
-14.234,-233.01,-466.97
-8.6125,-297.65,-471.33
-62.139,-167.09,-367.72
-141.27,-14.238,-114.19
-137.22,-17.24,-129.02
-57.392,-218.66,-376.99
-74.135,-65.79,-174.39
-109.47,-93.091,-233.51
-71.892,-171.04,-299.42
9.4509,-265.48,-453.36
-36.428,-184.8,-400.34
-61.595,-85.017,-228.2
-91.342,-76.434,-245.2
-118.49,-63.789,-199.11
-124.45,-43.267,-174.02
-37.184,-250.72,-410.75
7.1972,-254.74,-444.87
-123.93,-5.5658,-54.107
-89.742,-13.991,-119.48
-64.611,-205.9,-368.07
-77.666,-52.196,-198.78
-76.913,-121.94,-225.68
-10.377,-213.05,-428.42
-74.703,-66.803,-173.33
-91.273,-9.6177,-115.89
-75.231,-145.82,-259.51
-85.493,-146.55,-268.95
-104.57,-28.499,-177.03
-53.843,-230.55,-411.8
-64.932,-76.744,-216.37
-122,-59.981,-187.69
-84.458,-119.09,-298.12
-1.3982,-235.6,-418.3
11.171,-325.88,-510.41
-26.019,-237.11,-388.89
-111.23,-81.594,-174.1
-45.546,-210.92,-426.18
-18.722,-252.39,-410.28
-70.725,-64.693,-210.08
-26.663,-228.54,-459.07
-33.93,-159.6,-354.32
-85.301,-52.049,-209.01
-106.04,-46.315,-115.45
-70.533,-192.66,-352.5
-99.849,-74.914,-156.49
-86.629,-42.318,-132.05
-112.73,-23.487,-167.73
-105,-27.279,-175.24
-137.98,-26.336,-123.72
-39.989,-161.85,-301.31
-112.93,-64.477,-143.69
13.289,-305.41,-488.56
-100.84,-41.467,-195.82
-53.143,-182.99,-312.13
-69.453,-193.23,-345.62
-54.304,-103.97,-248.67
-112.11,-44.984,-193.6
-146.59,10.612,-90.79
-48.822,-178.81,-389.99
-108.33,-22.976,-168.63
9.7234,-266.85,-508.67
-81.646,-130.18,-237.09
-146.91,6.8008,-91.589
-8.4051,-215.24,-428.93
-116.94,10.229,-119.9
-67.682,-167.64,-290.97
-30.349,-170.66,-326.11
-83.427,-159.5,-321.63
-63.93,-169.81,-293.35
-119.82,39.171,-73.686
-105.53,23.509,-82.805
5.3387,-325.31,-509.13
-83.96,-156.65,-320.73
3.2795,-236.41,-443.7
-53.758,-155.79,-359.5
15.383,-314.8,-499.76
-92.14,-30.351,-175.87
-11.992,-276.36,-520.45
13.04,-270.24,-463.28
5.1913,-242.69,-461.74
-131.14,-34.357,-152.81
-88.645,-134.63,-249.28
-122.33,14.92,-112.66
-95.099,-128.97,-283.64
-4.699,-223.41,-440.01
-106.23,-107.53,-239.4
-108.06,5.3331,-55.171
-22.136,-192.65,-404.84
-45.143,-250.14,-438.98
-119.13,-73.181,-173.74
-140.9,-7.4515,-114.66
-19.263,-194.18,-361.7
-117.17,-65.32,-149.57
-73.26,-88.844,-263.83
-58.099,-102.57,-273.59
16.081,-267.86,-498.21
-105.48,-107.66,-245.56
20.076,-288.16,-485.51
-76.174,-68.457,-170.94
-72.11,-170.71,-356.61
-60.663,-213.36,-373.51
-46.3,-215.73,-358.35
-36.982,-202.31,-423.38
27.76,-301.45,-507.98
-40.39,-237.53,-390.38
-109.21,-36.336,-185.8
-74.006,-108.76,-211.19
-27.781,-198.41,-347.47
-57.472,-222.46,-392.43
3.2096,-238.86,-434.54
-69.147,-72.537,-191.72
-1.1429,-239.17,-468.7
-4.4163,-300.24,-474.61
-29.849,-256.13,-414.95
-61.017,-155.71,-274.69
-115.4,-54.964,-128.91
-95.334,-74.093,-240.14
-58.447,-213.33,-366.07
-18.915,-248.87,-486.37
-51.065,-236.88,-411.67
-77.178,-171.44,-308.96
-115.01,11.532,-117.63
-23.121,-203.35,-424.61
7.4524,-287.46,-465.98
-89.509,-27.622,-167.24
-50.966,-159.45,-364.84
21.578,-297.22,-492.74
-87.668,-98.263,-273.41
5.1262,-244.91,-439.18
-77.955,-69.334,-168.16
26.305,-315.03,-511.82
-151.93,12.988,-71.702
-53.599,-209.93,-352.7
-96.499,-27.002,-102.27
-77.244,-145.3,-259.3
-140.94,-12.386,-78.03
-49.558,-237.83,-429.84
-90.094,-145.7,-297.07
-89.576,-95.302,-186.59
-119.69,-67.202,-158.63
-117.88,-39.304,-181.41
-134.12,-26.194,-94.871
-5.8467,-257.09,-424.49
-7.6445,-225.31,-450.02
-87.128,-144.22,-266.84
-48.522,-130.83,-317.71
-81.063,-158.8,-330.61
10.042,-257.45,-488.24
-44.816,-239.26,-445.81
-142.28,-15.545,-95.103
-49.396,-116.17,-282.54
12.362,-303.65,-486.03
-67.741,-177.01,-368.56
-45.168,-224.16,-437.33
-53.658,-225.07,-383.25
-100.69,-16.71,-86.556
-62.683,-209.71,-386.08
-140.14,-15.886,-84.799
-124.41,1.6879,-129.43
-94.712,-119.28,-282.28
-128.79,15.191,-109.8
-3.2507,-306.55,-483.36
30.129,-302.68,-515.16
29.335,-298.51,-513.56
-116.63,-56.641,-198.6
-27.711,-231.91,-462.35
15.037,-280.42,-471.58
-50.214,-122.69,-259.34
-68.824,-186.66,-326.32
-79.432,-47.499,-191.68
-80.546,-46.01,-190.79
-132.25,-42.253,-138.53
-58.063,-125.46,-316.08
-88.131,-18.117,-134.99
-66.272,-77.126,-230.57
-116.13,-11.545,-65.232
-105.73,9.2291,-115.62
-45.192,-149.32,-348.31
-102.42,-113.48,-257.67
-18.15,-310.3,-521.89
-38.869,-142.75,-298.97
-9.0445,-213.21,-394.84
-108,-90.48,-237.42
-92.034,-106,-276.94
-35.85,-268.08,-472.5
-73.125,-74.318,-238.38
-67.95,-136.4,-247.66
-92.591,-40.826,-194.17
-27.254,-182.13,-390.82
-124.46,-60.813,-158.4
-105.65,-59.88,-215.89
-81.42,-47.377,-147.19
-11.21,-209.26,-387.65
42.404,-122.6,-415.95
-2.9382,92.398,-109.99
63.524,-194.81,-463.08
119.96,-208.16,-528.78
-4.3211,-20.231,-261.43
86.281,-184.82,-517.13
58.282,-56.782,-300.52
47.862,-28.298,-267.6
13.589,19.033,-159.11
4.2312,-30.559,-286.08
-31.719,58.927,-155.42
18.839,-13.034,-281.83
64.872,-90.789,-327.83
42.819,-15.248,-258.21
102.56,-179,-452.55
12.428,-52.8,-316.1
59.988,-173.3,-424.82
-4.0189,11.975,-157.11
122,-213.52,-536.53
14.277,-76.781,-309.35
91.16,-234.1,-501.48
116.78,-208,-497.75
56.289,-147.72,-455.56
18.655,9.4084,-174.93
65.26,-143.59,-459.87
36.04,1.0939,-226.5
72.207,-213.58,-522.93
69.621,-156.57,-397.32
71.817,-186.23,-507.18
67.962,-82.268,-364.54
-5.5734,2.15,-244.61
35.956,-113.14,-398.13
77.349,-214.43,-535.68
71.925,-173.57,-495.95
-13.443,41.252,-113.26
71.413,-107.81,-350.79
41.64,-143.73,-418.45
-16.717,61.609,-169.83
60.959,-160.66,-472.24
36.002,-55.673,-342.14
56.973,-107.08,-332.97
108.57,-182.28,-498.76
33.37,-101.2,-385.95
90.406,-133.95,-427.83
112.31,-188.78,-485.86
65.463,-78.53,-324.47
-36.149,52.82,-109.13
1.7699,12.282,-241.89
-5.9201,21.096,-225.65
60.532,-189.31,-483.04
52.013,-37.817,-285.78
-27.751,58.283,-88.158
2.8301,-6.0519,-183.91
33.063,-1.9933,-210.81
92.68,-191.24,-526.63
64.509,-197.45,-497.08
89.149,-188.18,-443.19
8.3034,-46.189,-303.74
0.94449,-32.076,-230.42
18.467,-87.517,-325.78
59.801,-189.98,-465.11
43.817,-38.327,-254.1
54.623,-116.93,-343.3
34.972,-56.919,-343.39
-40.992,68.503,-128.45
88.003,-250.46,-532.21
106.59,-185.96,-464.77
69.729,-154.22,-474.26
59.177,-98.892,-326.4
102.05,-168.05,-482.25
-27.013,26.658,-154.15
44.948,-30.207,-296.58
27.144,-107.78,-350.23
66.36,-91.471,-331.18
-19.394,15.351,-162.28
-0.094608,-35.403,-240.17
53.529,-136.53,-369.63
-16.34,16.969,-214.52
22.565,-94.839,-329.16
58.915,-142.16,-453.49
-33.933,52.07,-154.28
-5.5379,84.501,-72.861
-16.465,102.42,-109
29.38,-87.485,-303.43
97.69,-175.91,-441.5
63.769,-128.87,-442.14
68.837,-199.43,-510.4
54.711,-63.446,-291.31
-19.039,12.471,-168.33
31.486,-120.38,-377.4
-16.928,12.694,-163.83
56.977,-146.41,-455.31
-39.757,70.343,-131.02
-2.9313,-9.7063,-258.37
32.197,-1.5812,-257.55
39.622,-49.842,-334.56
79.931,-107.51,-378.85
78.674,-196.07,-523.67
30.468,7.3069,-240.92
82.756,-160.54,-409.7
29.93,9.9401,-235.73
80.925,-219.24,-545.04
53.104,-84.928,-383.3
-9.4912,-18.733,-238.11
40.584,-35.051,-245.89
88.303,-251.72,-534.29
69.777,-200.47,-462.69
30.157,15.954,-207.99
81.722,-118.33,-416.16
2.0094,74.271,-96.993
-25.19,31.199,-186.12
5.2092,47.895,-191.64
25.857,16.072,-230.33
35.623,-0.90829,-220.36
115.2,-223.27,-502.35
71.229,-219.02,-506.7
62.171,-65.163,-336.42
-11.086,29.752,-130.46
56.957,-103.99,-329.6
49.056,-154.07,-445.62
84.896,-142.82,-397.64
77.682,-153.11,-475.79
8.6274,46.096,-192.47
-36.785,52.978,-144.37
41.446,-118.56,-411.54
101.56,-179.58,-506.23
25.513,-88.858,-363.33
-12.52,109.54,-90.356
37.661,-52.159,-337.8
-5.5806,-8.7818,-252.8
15.867,-56.425,-324.79
-33.719,73.199,-65.303
52.396,-137.07,-441.69
95.827,-149.16,-429.23
52.662,-104.53,-408.52
109.63,-198.78,-531.4
47.567,-32.858,-262.08
-9.3245,-19.159,-238.63
56.267,-130.64,-361.29
25.68,-105.73,-352.9
59.405,-148.55,-385.89
103.98,-175.7,-455.17
-38.57,66.547,-81.827
-48.708,106.24,-87.617
67.493,-209.33,-491.68
53.005,-144.89,-382.58
23.525,-16.745,-206.92
106.13,-201.88,-473.15
-24.306,31.18,-188.48
38.029,-120.88,-406.47
-38.747,56.876,-136.85
51.099,-70.146,-362.12
54.93,-103.32,-407.85
78.485,-115.88,-370.12
2.3347,-4.8404,-261.23
15.948,-67.441,-331.46
-8.3696,-4.2876,-244.24
65.999,-168.29,-412.98
-36.251,46.781,-140.55
54.083,-55.778,-286.13
-47.688,86.898,-102.84
17.509,12.628,-244.56
-1.4469,-36.11,-271.02
68.83,-193.15,-507.38
-39.027,61.242,-94.838
4.8352,42.167,-201.26
60.404,-187.97,-483.17
55.213,-172.16,-430.48
38.12,-94.194,-386.67
14.899,53.007,-159.42
63.356,-182.2,-490.63
29.236,-23.587,-297.47
112.25,-231.36,-505.53
6.8786,-0.29532,-260.2
61.648,-133.7,-366.48
24.549,28.713,-183.27
28.392,-89.064,-306.79
88.4,-191.91,-526.3
-8.5578,51.556,-186.8
33.371,-37.092,-316.71
24.136,-100.86,-341.99
100.81,-252.28,-525.09
1.2986,72.416,-149.17
89.442,-137.79,-406.27
74.232,-151.52,-393.56
38.197,-3.7741,-240.38
74.8,-105.16,-357.06
65.324,-155.9,-395.75
30.57,-84.681,-298.34
41.245,-44.699,-326.48
27.021,-0.56739,-196.42
21.61,36.59,-183.84
66.276,-182.19,-434.29
-19.362,102.88,-109.58
-0.95399,14.002,-154.49
39.016,-15.315,-231.86
30.318,-110.5,-382.52
91.985,-205.55,-464.2
60.709,-71.163,-308.86
45.454,-142.83,-432.93
76.641,-214.93,-534.54
57.581,-159.64,-466.5
0.10697,89.086,-95.161
-14.183,99.419,-112.89
0.38703,62.846,-168.53
84.394,-216.11,-547.7
20.944,-65.262,-339.58
36.072,-128.42,-401.02
59.548,-59.055,-328.65
59.543,-59.119,-328.88
126.25,-230.25,-529.03
21.702,35.965,-186.65
5.611,5.7857,-252.14
57.047,-72.367,-362.23
110.78,-183.6,-489.16
-19.612,16.689,-206.68
57.64,-179.75,-474.39
0.56272,-43.153,-274.94
89.872,-183.43,-516.27
95.419,-146.27,-430.43
18.798,-68.183,-278.33
-47.936,80.008,-69.576
99.196,-160.12,-439.28
96.49,-214.94,-556.49
103.37,-175.64,-496.24
56.439,-178.92,-444.22
45.552,-109.67,-332.25
54.658,-101.7,-405.74
107.5,-207.71,-479.57
0.9077,53.624,-183.98
-0.58629,91.155,-95.201
36.553,-84.757,-297.5
41.575,-12.07,-249.33
27.804,-29.327,-305.58
2.0242,-10.239,-190.48
89.096,-132.24,-429.11
-12.58,-1.5977,-187.67
-9.8041,-18.181,-228.79
-35.643,58.998,-146.87
17.753,-25.257,-296.59
23.658,-2.0955,-265.9
82.678,-146.4,-396.89
39.467,-61.706,-269.92
60.921,-181.9,-484.83
77.377,-192.81,-445.71
54.616,-56.941,-336.27
46.847,-113.93,-414.5
86.248,-252.1,-540.3
-24.656,38.238,-122.08
-14.942,104.14,-104.72
-10.345,72.169,-156.92
23.371,-48.322,-326.52
84.66,-122.88,-390.66
20.102,-21.731,-210.05
30.336,-105.86,-381.87
21.529,36.001,-172.02
36.01,-111.66,-397.41
119.05,-216.73,-506.03
62.135,-78.923,-368.72
61.917,-109.79,-339.86
101,-205.36,-545.59
104.41,-199.17,-468.64
-16.488,2.5907,-218.23
-5.4462,0.85445,-245.9
10.236,41.776,-134.29
95.834,-184.84,-517.87
17.977,-22.793,-293.79
100.51,-162.76,-443.85
62.815,-64.433,-325.2
78.102,-105.74,-394.42
80.454,-157.95,-482.35
14.281,-50.433,-250.85
-4.4351,95.199,-106.88
108.29,-200.03,-475.31
35.576,-7.5711,-219.69
17.803,1.6763,-181.55
27.848,-35.113,-231.09
77.597,-112.37,-411.65
-38.597,63.393,-137.09
-24.679,21.768,-160.02
5.6698,-53.676,-272.12
21.369,-10.121,-197.7
74.771,-201.76,-460.09
49.21,-60.094,-347.2
54.294,-54.607,-286.31
1.254,-25.992,-277.34
-31.849,46.661,-114.49
55.306,-45.995,-296.77
85.622,-120.97,-403.91
31.249,-45.961,-246.06
-4.006,97.462,-76.164
-38.142,71.676,-70.946
54.843,-49.143,-288.09
-25.428,23.412,-157.87
-23.5,19.653,-161.99
-15.638,74.605,-152.9
108.61,-208.94,-482.06
20.045,2.4154,-183.38
57.514,-150.31,-459.28
87.111,-134.21,-398.59
1.9268,-1.2347,-257.1
18.784,24.728,-162.98
99.94,-181.83,-449.22
101.72,-209.66,-474.92
19.743,-46.818,-321.6
6.8585,-49.686,-258.14
7.5693,7.4488,-251.12
76.18,-144.53,-387.81
0.073559,81.221,-89.299
9.7593,1.1431,-260.11
31.62,-18.012,-288.16
14.154,-42.974,-311.44
19.102,-9.5691,-195.04
95.929,-158.38,-428.83
6.6506,-22.774,-283.58
70.985,-217.98,-503.04
81.159,-243.78,-545.8
-6.1297,1.8024,-244.05
-12.071,18.01,-221.29
22.366,14.318,-177.09
71.263,-98.948,-394.81
48.942,-39.449,-267.05
64.146,-187.72,-494.82
99.241,-176.09,-502.48
6.7143,18.877,-152.2
17.961,34.516,-156.12
14.738,6.3226,-173.47
-39.026,93.697,-113.08
56.353,-55.507,-292.87
-22.032,25.783,-143.88
64.279,-183.4,-493.14
83.608,-125.67,-386.75
68.245,-207.83,-482.14
-8.2209,-0.48009,-242.16
46.851,-26.274,-262.93
-31.022,33.712,-152.9
51.192,-94.528,-315.04
16.776,-4.5083,-187.36
8.2166,69.708,-130.87
108.96,-187.26,-471.65
89.218,-129.9,-414.61
107.49,-176.06,-482.98
25.125,-47.536,-245.13
24.596,17.834,-228.74
120.28,-219.74,-556.35
33.385,8.0137,-223.68
19.698,-83.696,-308.51
8.7382,47.471,-127.32
19.099,38.162,-192.13
1.5166,62.043,-102.82
41.331,-135.62,-419.75
-2.2302,55.902,-102.66
56.939,-183.5,-464.92
16.915,32.361,-209.99
-36.889,84.068,-125.45
34.555,-62.332,-267.62
29.048,15.938,-221.49
51.635,-169.01,-434.97
-9.5913,100.78,-104.93
73.033,-126.36,-367.47
20.203,-34.644,-226.57
52.911,-77.177,-298.93
57.439,-173.59,-428.98
42.395,-116.89,-343.73
85.876,-138.15,-396.84
37.45,-126.93,-367.81
85.069,-223.7,-554.66
97.995,-251.57,-524.81
85.648,-133.54,-394.4
76.329,-121.94,-430.74
75.967,-98.414,-363.68
32.573,-30.154,-306.71
72.848,-96.334,-349.85
63.134,-180.67,-434.54
28.826,-4.5416,-267.11
17.002,45.024,-152.92
71.676,-210.23,-520.91
-31.018,98.841,-113.98
35.325,-123.11,-363.97
110.47,-232.23,-504.71
97.438,-213.26,-475.63
99.29,-175.06,-443.81
15.72,-18.02,-286.78
60.68,-63.199,-336.67
9.3889,9.032,-165.85
68.583,-211.01,-490.72
17.769,-60.69,-331.07
51.886,-48.711,-323.74
5.3471,-46.642,-296.21
-34.888,114.96,-90.631
32.755,3.2273,-245.26
2.7262,55.198,-110.43
87.094,-146.53,-463.21
-21.18,11.999,-199.93
76.719,-100.23,-382.57
115.02,-206.7,-538.99
76.454,-110.61,-409.99
32.67,-110.25,-341.15
6.8694,-38.021,-234.73
88.832,-216.52,-552.86
17.816,-63.93,-271.61
10.58,-68.568,-302.8
65.541,-153.13,-392.09
82.397,-139.64,-455.41
62.907,-85.387,-379.66
94.321,-168.87,-494.45
40.534,-25.777,-239.83
69.591,-81.597,-344.54
2.2375,-44.456,-257.56
19.304,-21.308,-209.07
50.168,-49.207,-327.34
39.181,-30.987,-240.45
3.7382,-47.733,-290.04
58.678,-67.885,-352.06
72.925,-107.24,-353.42
-3.6802,36.882,-122.99
115.04,-228.45,-506.15
87.14,-215.16,-549.93
15.309,-80.324,-320.91
85.066,-238.33,-513.03
30.66,-55.452,-339.6
102.34,-170.93,-488.21
-25.519,22.898,-184.4
-1.1382,31.093,-216.82
-26.798,28.806,-181.06
51.933,-67.585,-357.77
43.254,-149.32,-420.01
-6.7493,105.57,-81.087
66.665,-137.58,-373.36
25.169,-4.3949,-196.58
95.079,-166.41,-489.82
74.091,-135.21,-376.74
30.901,-58.503,-261.29
65.028,-123.45,-423
86.005,-190.78,-468.53
11.838,-119.23,-387.69
33.518,-62.476,-351.31
0.69698,-64.956,-274.47
56.55,-196.88,-454.93
45.327,-101.18,-338.96
48.712,-83.951,-370.17
82.5,-193.38,-531.3
102.69,-217.03,-520.56
-14.708,-50.218,-298.5
-14.378,-35.199,-294.59
40.604,-169.37,-420.66
59.301,-127.78,-441.41
26.107,-103.53,-406.39
10.669,-117.75,-372.48
51.053,-191.84,-449.87
-7.91,-69.663,-298.83
84.259,-168.88,-480.01
54.428,-226.72,-525.88
59.603,-226.99,-502.62
68.705,-249.94,-533.36
11.061,-112.79,-387.67
44.019,-168.47,-417.11
70.03,-210.64,-472.87
-5.1657,-46.806,-247.66
30.959,-163.65,-424.87
43.845,-101.53,-408.47
19.43,-61.98,-354.23
61.273,-184.04,-516.91
-22.089,8.7536,-164.9
3.5018,-84.038,-305.86
58.5,-141.92,-390.77
22.869,-27.829,-249.19
-45.437,24.108,-187.98
-54.244,45.781,-155.79
72.92,-142.21,-447.1
47.2,-191.87,-453.41
73.558,-219.06,-562.37
14.853,-8.6166,-220.72
18.176,-100.75,-323.59
17.678,-5.9795,-230.12
27.937,-30.158,-267.4
25.437,-22.208,-261.1
39.409,-112.55,-423.76
28.221,-89.807,-391.99
17.543,-42.057,-250.51
24.858,-33.446,-306.9
35.304,-135.09,-370.46
44.033,-120.87,-356.15
50.444,-200.59,-517.41
5.6968,18.2,-186.27
-69.445,89.831,-99.379
-37.131,23.799,-211.07
18.254,-41.299,-325.33
48.183,-211.03,-506
1.581,-92.261,-354.17
59.096,-169.26,-419.37
101.4,-218.6,-515.73
-36.772,56.875,-178.51
-35.681,4.005,-224.09
10.339,-117.13,-373.2
74.086,-192.54,-454.45
51.362,-167.1,-492.11
-0.39883,-15.32,-204.98
37.31,-184.08,-463.67
29.198,-129.91,-434.55
-21.329,61.166,-101.59
49.349,-83.603,-366.93
-0.12239,41.514,-175.65
36.212,-100.98,-408.26
-13.652,68.176,-115.05
41.863,-78.161,-370.9
28.476,-37.448,-308.95
107.7,-227.71,-538.5
-39.667,6.2794,-196.18
-19.705,-26.735,-278.47
49.055,-206.31,-515.21
40.124,-85.552,-318.89
25.611,-142.89,-436.16
15.757,-106.49,-396.56
89.059,-228.86,-503.22
-42.486,31.315,-195.37
78.662,-171.36,-443.43
41.544,-67.85,-349.74
-61.301,102.09,-104.42
-46.847,61.722,-163.26
26.134,-147.12,-438.62
59.485,-238,-530.24
31.874,-72.274,-296.15
69.988,-197.09,-456.64
0.58838,39.62,-180.78
64.856,-120.6,-414.84
102.43,-212.34,-530.97
-12.073,30.134,-143.95
-25.94,0.66004,-178.83
-7.0695,8.2584,-254.59
67.223,-125.79,-405.05
64.838,-216.94,-481.64
-4.6681,13.272,-247.18
-26.378,-26.495,-246.1
2.7211,-71.099,-349.7
14.014,-110.21,-395.33
3.6076,10.441,-184.92
-14.674,-43.81,-251.34
64.682,-215.29,-479.3
20.771,-11.394,-261.79
-41.544,101.24,-115.7
-16.719,-30.129,-286.78
77.762,-255.89,-534.69
74.09,-169.76,-434.37
2.9134,9.4282,-250.14
19.058,-81.178,-296.18
23.119,-107.95,-333.13
-17.036,34.115,-134.39
-7.7986,-69.474,-297.66
27.494,-87.805,-308.03
19.546,-42.663,-327.05
105.19,-242.19,-534.37
41.987,-62.105,-323.54
-9.044,-14.469,-199.75
2.6537,-16.783,-209.08
70.206,-132.3,-425.29
43.204,-196.23,-471.94
-32.945,33.733,-207.97
23.22,-125.97,-361.31
21.458,-107.8,-333.26
-29.454,99.868,-109.86
-42.536,40.457,-188.74
11.223,-98.755,-383.35
27.221,-109.81,-413.8
64.151,-171.35,-424.85
102.41,-250.03,-536.32
92.162,-189.39,-509.01
-11.592,30.897,-221.23
64.405,-126,-391.96
12.006,-103.13,-387.42
-20.966,72.944,-92.846
-59.402,71.511,-133.88
24.676,-19.508,-267.42
80.92,-160.26,-467.73
9.0892,-110.01,-380.36
-13.908,-1.695,-264.2
2.2028,-95.011,-355.19
5.9756,-13.949,-209.46
26.776,-28.974,-262.28
-16.441,74.889,-104.68
37.914,-88.194,-317.97
-2.2992,34.146,-158.17
-31.102,98.832,-114.23
50.814,-150.34,-393.34
83.083,-184.71,-459.49
37.787,-174.8,-477.38
27.706,-150.47,-401.82
-6.6489,30.478,-219.93
-57.404,102.54,-107.76
-10.747,-38.145,-303.13
-10.361,-20.825,-208.67
53.589,-98.68,-393.28
56.728,-232.44,-528.13
-5.8066,-29.747,-221.74
-45.411,58.231,-168.52
43.973,-126.05,-361.75
-57.92,72.092,-136.68
16.569,-2.1722,-250.87
-63.446,81.751,-118.64
32.173,-48.294,-281.29
15.267,3.6325,-228.07
29.593,-33.084,-274.59
23.726,-98.993,-320.63
55.159,-153.16,-399.02
-24.017,51.634,-108.07
40.278,-63.431,-309.32
65.493,-178.28,-512.11
54.596,-153.89,-399.46
56.298,-111.59,-365.88
85.398,-223.76,-495.14
52.189,-88.918,-370.79
-72.121,88.787,-89.093
-30.829,55.826,-97.524
32.332,-38.353,-294.17
-37.788,9.6464,-216.43
47.638,-209.94,-501.73
69.954,-207.63,-547.81
73.218,-216.9,-481.36
22.513,-14.09,-258.58
-34.835,-0.80404,-194.75
47.971,-125.99,-442.51
22.764,-148.06,-417.58
-42.054,20.015,-160.2
-14.484,73.518,-139.28
47.178,-81.848,-333.04
33.337,-168.93,-462.7
-28.349,0.81283,-243.81
-15.537,69.158,-154.11
34.11,-159.35,-462.78
-2.1745,-42.685,-318.46
-3.4435,-83.086,-327.68
43.073,-192.73,-462.72
12.651,0.27904,-211.64
-24.277,99.23,-95.942
28.076,-138.51,-378.71
-59.82,56.09,-130.95
12.141,-62.5,-269.89
-6.887,56.686,-143.27
63.444,-135.84,-393.5
-42.423,75.765,-151.45
38.4,-157.68,-469.31
23.624,-35.165,-311.84
42.308,-64.9,-318.45
38.849,-168.68,-477.32
40.126,-105.4,-336.75
-14.555,-46.149,-256.31
-17.379,31.405,-220.48
-60.858,58.656,-114.46
-14.051,3.0344,-258.6
11.996,-113.61,-353.07
-32.94,25.193,-140.87
-14.245,50.598,-122.11
9.3198,-113.99,-365.29
-0.2504,-72.684,-345.34
65.95,-226.64,-495.78
15.875,-106.74,-396.93
-58.215,98.596,-111.53
45.885,-99.805,-338.73
-3.766,-78.812,-309.75
8.2177,-42.472,-243
0.088669,-49.291,-250.15
92.611,-193.28,-518.21
-31.703,109.68,-91.53
17.352,-95.942,-390.4
-32.539,-8.2673,-208.62
6.843,-104.65,-345.19
77.013,-256.19,-535.62
63.795,-168.57,-421.69
49.165,-95.706,-342.26
2.3512,29.885,-208.19
11.673,5.9464,-207.77
48.826,-79.591,-354.7
88.134,-177.18,-487.01
-12.476,35.963,-137.69
55.367,-114.59,-422.23
106.62,-238.92,-535.34
-9.4122,-14.082,-199.14
22.654,-144.72,-425.76
-42.741,17.946,-198.01
-24.218,11.676,-160.56
54.896,-129.15,-446.07
82.591,-254.67,-531.34
69.537,-254.37,-540.92
-15.829,77.152,-133.11
71.945,-139.82,-443.95
61.255,-184.89,-438.78
-37.401,1.5089,-213.8
58.538,-189.86,-444.76
8.2501,2.7608,-257.43
-59.262,78.318,-129.53
-6.2355,31.02,-218.7
-5.6589,51.799,-172.22
7.525,-76.111,-360.72
-24.241,9.436,-163.99
65.384,-176.16,-430.83
-13.347,-48.926,-260.14
38.359,-108.22,-338.23
-18.018,-19.16,-208.21
30.77,-127.46,-360.14
77.784,-169.26,-495.38
-63.397,97.968,-105.9
-28.271,57.982,-96.876
21.71,-122.58,-356.75
-0.65983,-26.817,-218.99
-56.048,48.452,-125.48
62.066,-225.74,-497.24
8.3613,-96.148,-376.03
77.018,-163.83,-486.4
0.26054,-91.301,-346.67
27.783,-42.315,-267.64
60.601,-224.02,-550.18
72.906,-148.15,-420.82
-44.343,22.347,-192.35
-55.407,44.763,-144.59
23.63,-32.312,-253.04
14.587,-116.41,-399.12
73.153,-141.08,-424.13
87.838,-188.39,-471.52
-30.256,-14.005,-242.33
-32.985,11.354,-164.9
52.593,-185.06,-438.84
59.144,-237.23,-545.5
95.08,-199.82,-527.36
-57.284,55.651,-145.21
45.88,-72.218,-344.12
-64.163,81.351,-117.18
-42.856,70.081,-72.791
-20.431,-18.848,-209.42
-9.1732,-54.622,-316.38
98.916,-226,-513.19
-54.136,51.73,-110.39
77.228,-197.11,-461.7
-20.828,-3.5923,-259.17
66.052,-164.89,-494.75
-25.862,80.971,-77.367
26.393,-32.063,-301.1
32.95,-157.89,-459.56
-40.954,59.727,-171.77
70.374,-186.55,-445.39
-3.5866,48.838,-155.85
73.234,-252.87,-533.11
77.429,-159.12,-435.98
-40.595,53.508,-97.42
41.472,-75.379,-366.08
64.965,-227.42,-497.62
-3.3479,46.402,-154.32
44.704,-170.81,-488.37
31.069,-125.53,-357.34
34.889,-75.648,-372.26
-52.382,72.208,-145.78
-46.963,27.714,-154.01
-21.497,42.023,-121.32
37.666,-177.94,-441.44
39.087,-170.4,-423.9
4.613,-93.508,-365.49
14.013,-104.87,-332.71
-12.048,-42.754,-303.88
-15.451,-42.551,-250.01
52.041,-113.06,-422.43
-28.986,-20.05,-239.96
-21.109,78.585,-89.281
54.082,-226.01,-522.11
8.8512,3.4921,-255.28
12.678,-96.642,-384.51
9.69,-36.823,-319.05
13.803,-125.72,-385.02
8.7004,-23.752,-300.83
34.434,-76.081,-302.88
-49.73,43.555,-120.89
3.5716,-6.8769,-276.42
-38.404,45.187,-110.13
100.87,-210.87,-515.66
-23.156,84.879,-81.064
-55.413,60.03,-94.215
-46.276,69.598,-72.875
24.761,-19.559,-264.84
19.965,-139.46,-397.41
91.999,-212.89,-492.97
52.099,-88.218,-368.49
60.487,-114.64,-378.61
-26.706,-23.252,-254.56
9.7133,5.9195,-201.46
4.691,-102.42,-348.91
21.608,-63.428,-276.5
-1.0951,-85.453,-319.13
23.165,-144.25,-428.39
37.251,-100.71,-329.36
-19.919,-18.377,-208.15
45.747,-192.31,-456.23
24.355,-150.53,-412.94
32.368,-39.98,-284.27
15.611,-123.35,-367.28
21.235,-116.92,-412.94
-21.231,82.548,-134.27
82.417,-162.83,-467.31
-0.058281,-13.704,-203.35
-34.776,105.37,-105.28
-52.546,70.132,-147.48
-39.95,13.622,-171.03
55.438,-208.2,-473.47
99.029,-233.76,-518.74
-17.808,-47.575,-276.28
-40.379,32.265,-198.88
95.364,-246.32,-525.9
20.17,-68.203,-280.77
99.635,-220.5,-511.7
-19.15,84.679,-122.76
-50.474,62.775,-157.17
95.387,-198.15,-496.71
16.8,-130.17,-381.73
-17.038,-45.885,-262.61
8.9178,-102.77,-379.91
-1.3636,13.403,-174.12
-50.56,33.488,-152.6
20.036,-121.08,-413.61
40.676,-58.83,-321.05
-20.424,-37.168,-249.43
-47.422,54.037,-98.312
21.898,-16.786,-274.49
0.82433,33.972,-201.7
-29.666,57.384,-96.44
83.981,-181.52,-459.71
63.815,-127.88,-390.62
-19.149,-1.7531,-180.57
29.215,-84.383,-305.38
-46.98,94.54,-124.54
53.744,-91.23,-367.14
-33.336,0.64651,-232.18
-5.4698,-63.854,-278.39
34.174,-46.822,-316.87
90.344,-187.48,-510.29
75.025,-146.43,-451
-2.0445,-43.148,-241.24
26.541,-90.55,-310.75
52.426,-146.42,-389.82
-16.406,33.322,-217.87
65.777,-145.81,-404.07
-63.111,65.018,-120.75
40.46,-160.13,-405.88
22.019,-99.849,-399.06
44.218,-70.058,-346.64
-56.81,65.869,-84.029
59.623,-235.53,-521.75
9.1123,-110.88,-354.78
11.042,-83.971,-372.06
73.749,-217.3,-560.65
40.599,-108.96,-419.31
31.527,-169.82,-446.3
42.819,-112.75,-424.53
-26.462,53.178,-188.11
-27.604,42.3,-116.71
8.2201,-108.78,-352.07
5.5494,16.602,-186.21
-5.6091,-77.704,-319.36
-31.467,1.755,-181.85
41.798,-178.66,-435.76
-25.653,87.996,-129.5
22.011,-127.36,-421.08
1.6284,22.415,-173.46
17.676,-4.1125,-252.05
-18.618,80.463,-133.31
30.123,-105.35,-411.2
54.821,-97.603,-360.08
57.385,-203.33,-464.28
-16.994,9.4646,-249
34.981,-106.77,-334.36
29.387,-80.762,-348.02
28.133,-170.17,-421.59
-77.366,69.549,-80.435
61.156,-175.41,-505.86
14.162,-166.34,-468.18
31.657,-141.44,-386.91
-0.038877,-109.6,-339.74
-19.504,23.733,-172.77
-55.533,37.088,-125.44
63.663,-234.75,-509.31
14.251,-57.013,-292.56
-38.517,-29.944,-231.67
20.016,-57.038,-318.04
17.502,-183.98,-473.73
14.574,-95.13,-324.23
-28.401,31.777,-150.19
1.7653,-35.9,-254.22
25.317,-126.99,-446.52
-23.779,10.588,-176.35
-3.0619,-130.08,-409.21
-36.238,-15.951,-205.16
16.43,-157.54,-407.37
-30.1,7.1679,-174.25
65.895,-170.72,-476.06
-29.542,55.893,-132.93
-18.702,29.912,-214.23
44.337,-247.61,-542.02
-15.591,26.249,-215.1
5.4071,-147.81,-438.98
29.077,-97.503,-401.5
5.2506,-27.402,-258.99
43.962,-131.86,-447.04
-53.707,63.793,-88.493
-6.2659,-98.693,-390.61
-51.015,64.589,-173.99
-20.864,43.643,-174.52
72.15,-222.22,-503.36
-38.081,70.541,-158.5
-61.082,9.9395,-198.8
-23.638,-67.052,-285.43
-66.892,64.296,-84.043
-13.078,9.529,-195.36
17.392,-114.53,-347.74
-80.711,66.386,-92.462
63.856,-251.3,-529.91
-15.67,-87.838,-315.43
54.302,-237.85,-512.41
63.376,-256.99,-537.63
-28.191,50.399,-138.48
-22.843,-82.506,-340.07
26.548,-203.71,-508.42
-76.195,64.669,-147.85
51.769,-165.57,-430.73
26.99,-199.4,-511.03
-12.994,22.218,-195.5
6.8073,-125.33,-430.55
59.795,-166.96,-447.09
38.416,-116.2,-375.65
-40.845,41.868,-124.94
-44.267,-25.803,-233.73
7.4304,-40.967,-268.91
-4.1281,-128.49,-384.39
-39.276,-5.4482,-189.31
-43.671,94.361,-113.5
-46.902,-4.0704,-191.15
69.925,-239.39,-517.81
22.473,-144.21,-386.22
-52.075,-1.0413,-238.98
-71.372,39.641,-169.11
1.1878,-22.725,-245.54
-55.612,43.118,-198.09
-21.939,38.805,-200.11
-25.222,51.959,-173.18
1.2871,-104.3,-405.51
-10.268,16.5,-206.9
-28.902,-1.1395,-185.22
-11.766,-81.32,-368.93
-52.78,-5.1366,-203.64
3.516,-132.87,-376.55
32.077,-179.55,-507.76
44.082,-156.51,-413.28
-36.704,56.144,-116.12
-41.928,42.674,-123.05
-16.016,-7.2107,-203.32
21.486,-173.18,-429.64
-88.728,79.094,-83.14
5.4219,-141.84,-391.28
16.604,-176.85,-445.21
-47.022,-3.3152,-251.95
32.952,-90.889,-377.58
57.231,-228.06,-499.28
2.8739,-112.07,-414.31
43.186,-153.37,-482.25
-55.891,3.5855,-225.88
-49.154,78.392,-76.952
-41.358,10.425,-247.31
-12.223,-60.774,-269.69
-18.229,-18.94,-296.48
28.88,-209.13,-490.79
-23.971,25.792,-229.42
-70.175,68.167,-78.481
85.067,-239.01,-535.15
-11.309,-61.714,-351.16
43.83,-130.17,-444.02
-12.203,-104.82,-346.03
-6.2785,-77.774,-372.2
31.304,-133.8,-378.65
-69.361,30.397,-170.14
-46.184,104.34,-90.54
-7.3383,9.2912,-233.47
-60.172,80.574,-149.12
-51.327,2.6928,-182.94
17.524,-144.23,-460.02
-58.427,6.5249,-215.56
-19.6,10.267,-253.36
-30.716,59.051,-171.09
-82.254,67.548,-93.476
22.467,-117.06,-353.89
-3.2552,-111.45,-345
-35.771,-14.782,-203.17
11.487,-53.546,-340.45
42.76,-162.57,-417.76
0.27229,-110.56,-409.57
-54.517,-2.9774,-203.58
53.126,-148.49,-424.28
-28.912,63.056,-149.49
14.129,-80.609,-383.23
-48.888,-18.875,-247.47
-10.414,-18.534,-295.96
68.09,-206.3,-551.54
-70.659,45.505,-171.06
-46.605,97.127,-114.05
-45.073,87.773,-132.3
57.712,-249.8,-528.74
49.117,-129.71,-415.22
-20.767,-18.417,-294.97
28.721,-125.14,-444.53
70.612,-187.44,-482.9
-37.632,-44.357,-263.87
16.723,-153.62,-400.79
25.721,-201.3,-480.4
-30.391,35.45,-216.57
8.1784,-28.485,-286.87
12.647,-120.58,-432.44
-21.619,43.726,-184.12
-59.361,98.122,-123.31
37.668,-133.71,-385.62
-54.801,70.792,-79.097
-29.289,-55.095,-269.52
43.729,-130.58,-444.94
-24.384,25.025,-231.03
-11.702,12.041,-241.17
26.455,-89.395,-335.95
-56.047,-1.8364,-208.6
-74.206,52.31,-158.61
41.818,-228.26,-505.3
63.742,-167.3,-481.12
-82.452,64.023,-105.58
7.323,-152.58,-445.43
-86.717,85.77,-111.17
-4.9076,-2.4448,-222.65
28.225,-178.61,-502.3
29.806,-103.64,-350.91
49.179,-191.74,-532.63
84.122,-220.83,-557.07
-40.545,57.235,-184.63
-41.969,3.2984,-176.17
-31.998,24.054,-234.58
18.268,-160.32,-410.64
-42.79,27.779,-141
21.663,-91.133,-396.53
-63.739,74.291,-155.28
4.0756,-19.554,-277.42
-50.963,54.033,-188.41
18.359,-60.96,-305.16
81.171,-227.36,-521.14
68.495,-249.92,-529.05
-26.721,-11.974,-284.06
37.843,-202.25,-465.65
17.429,-158.83,-408.78
-37.414,84.056,-115.01
-17.829,-51.443,-256.23
-3.937,-42.313,-330.22
21.291,-109.29,-422.93
63.642,-165.77,-475.41
-49.691,102.37,-107.87
-32.328,-34.039,-233.31
-30.518,-4.0424,-272.25
30.634,-214.92,-501.05
-29.525,32.425,-147.92
17.622,-177.25,-479.94
-38.242,-31.04,-286.75
-12.97,11.622,-244.47
-78.244,57.397,-144.05
9.6714,-35.905,-275.08
-16.833,-79.564,-301.1
60.509,-161.64,-449.44
17.391,-63.445,-351.72
-61.924,70.753,-160.89
-17.583,-49.199,-253.01
-61.355,33.655,-198.83
10.692,-67.116,-363.92
2.4351,-52.923,-344.87
1.2179,-74.757,-373.91
51.036,-151.08,-473.75
-41.859,-5.2635,-189.84
-91.517,85.333,-90.996
81.098,-215.66,-517.38
-3.3545,-60.373,-272.39
-66.574,41.406,-124.15
-60.825,52.39,-102.1
45.872,-207.95,-472.14
-54.27,23.071,-147.98
-24.467,8.7486,-257.01
-43.653,-17.431,-213.39
-24.735,52.959,-157.92
-28.882,-35.234,-306.39
51.687,-183.26,-446.21
34.62,-101.71,-361.32
-64.414,99.332,-121.46
37.934,-234.28,-529.83
69.424,-196.13,-533.52
23.998,-95.845,-402.77
-72.591,45.706,-165.02
-38.996,-17.883,-276.89
-13.103,-108.04,-370.04
1.2041,-115.99,-415.12
-59.84,81.281,-148.26
-40.217,-18.598,-211.91
11.977,-53.392,-339.57
-36.542,79.701,-131.15
40.339,-148.32,-475.64
-47.367,38.335,-210.29
-21.232,40.037,-163.77
27.536,-127.84,-448.04
35.62,-212.43,-536.96
-27.937,42.344,-202.43
2.9522,-141.27,-430.74
2.1032,-125.74,-423.21
63.159,-179.82,-511.46
61.993,-168.41,-490.26
36.712,-225.46,-508.57
17.161,-91.162,-397.99
-71.28,69.608,-152.56
-63.668,65.493,-165.62
-0.49303,-136.58,-417.82
-20.079,-7.6596,-199.43
-37.247,-8.8936,-271.5
-19.583,-91.961,-339.46
59.221,-209.06,-478.42
41.565,-118.66,-424.2
1.7966,-28.393,-249.57
-10.396,-4.3189,-272.36
-43.757,19.164,-235.52
-48.429,38.577,-209.31
13.119,-173.07,-450.37
59.301,-199.18,-468.68
-77.536,64.98,-89.906
-28.964,41.993,-141.14
-3.4721,-122.33,-408.74
-6.4979,6.6519,-219.51
-29.051,-51.104,-261.27
59.311,-155.36,-448.76
-21.433,-8.2425,-198.9
-29.463,46.345,-137.25
-25.853,-70.649,-297.67
-30.42,-65.286,-309.73
-24.592,40.258,-202.14
10.373,-147.06,-451.55
-1.4964,-20.129,-237.73
-49.186,23.795,-225.22
-4.6526,-41.649,-329.3
51.312,-179.56,-442.28
53.974,-258.29,-545.17
19.695,-168.63,-423.44
-56.724,-0.7339,-214.76
32.096,-134.53,-457.23
26.482,-184.53,-444.55
-2.6609,-7.135,-230.79
51.341,-158.23,-485.81
37.396,-100.78,-374.98
-8.2865,11.348,-231.24
-58.946,23.61,-150.62
-7.8603,-108.65,-393.04
-51.649,-2.0477,-193.39
-35.284,17.075,-158.73
-32.218,48.52,-194.94
-25.051,41.444,-200.33
-70.789,58.067,-163.27
10.452,-101.54,-328.88
-61.864,13.294,-183.18
56.854,-243.17,-519.4
-20.496,28.132,-221.41
-5.7302,-111.66,-348.19
-10.042,-110,-386.54
6.4305,-47.405,-270.75
-31.857,31.227,-223.8
-72.681,92.37,-126.61
30.706,-107.32,-417.12
-28.187,46.591,-194.26
80.825,-208.1,-529.35
-32.187,-54.966,-275.26
-74.463,89.383,-128.39
59.986,-158.25,-449.15
-38.189,77.105,-144.05
-18.024,-91.749,-329.56
23.564,-113.15,-350.76
-14.094,-75.105,-360.56
-15.21,-95.511,-331.1
-44.803,101.03,-95.42
-37.66,80.51,-103.18
49.208,-254.68,-545.69
-13.49,-72.469,-359.19
64.685,-181.74,-464.28
25.887,-86.593,-385.01
58.387,-251.73,-531.33
-16.287,31.896,-197.63
64.012,-203.77,-549.34
63.659,-214.6,-487.57
70.317,-187.3,-481.76
-57.766,48.816,-189.76
-34.929,-54.387,-289.73
-42.994,83.674,-137.95
-23.5,-44.726,-321.83
63.319,-166.66,-460.17
-39.388,-22.518,-279.46
-59.469,65.52,-83.18
50.666,-132.83,-425.78
18.466,-167.09,-478.59
-58.932,10.604,-214.82
-67.501,75.109,-151.18
34.955,-137.44,-385.74
-63.222,15.131,-190.1
5.0752,-23.795,-286.84
14.094,-43.151,-294.43
81.108,-212.83,-518.02
-36.417,-22.782,-284.91
69.293,-232.54,-510.18
-24.335,-8.9263,-197.58
3.2152,-89.225,-391.84
-1.8569,-130.51,-414.34
2.1194,-140.93,-396.52
41.816,-132.09,-449.83
77.779,-246.94,-531.66
8.9057,-161.1,-429.44
-28.508,36.573,-213.58
-26.171,-42.236,-243.8
20.603,-136.93,-376.43
3.7578,-139.09,-432.94
59.787,-184.13,-456.52
-12.562,-15.318,-215.42
69.873,-180.62,-489.26
40.028,-229.78,-510.9
17.871,-181.42,-453.26
-13.542,-86.05,-309.58
-65.06,22.006,-168.05
-14.383,-0.39305,-268.4
-3.0823,-131.99,-406.82
58.384,-178.36,-513.45
9.41,-153.88,-452.14
-20.087,-89.033,-349.96
-36.965,77.057,-141.04
52.588,-140.45,-446.86
52.025,-225.88,-496.08
-16.354,32.398,-188.22
28.41,-90.961,-389.93
68.943,-240.65,-518.58
-6.8874,-23.457,-302.49
60.191,-190.06,-461.68
-27.255,-8.806,-195.81
71.585,-257.37,-539.01
-83.289,96.481,-110.21
-2.9896,-132.32,-392.2
-47.398,34.062,-130.74
-27.25,-69.126,-297.98
-84.541,69.499,-118.87
17.366,-154.75,-468.54
-22.378,-60.925,-336.72
-41.556,-23.49,-222.81
-62.488,15.298,-199.66
-38.448,38.624,-213.02
-79.221,54.904,-135.59
39.881,-194.89,-454.69
64.098,-166.24,-470.75
-31.405,-62.534,-307.73
25.418,-70.234,-338.87
-8.3344,-75.437,-367.87
77.489,-201.23,-508.19
26.729,-157.87,-482.04
-80.31,68.281,-135.72
17.828,-58.914,-303.27
55.976,-241.3,-516.94
8.3167,-96.399,-402.99
30.404,-145.38,-470.62
1.7954,-143.73,-423.98
-51.925,44.322,-115.1
3.3597,-125.83,-425.58
-82.919,66.408,-125.69
-44.351,74.403,-157.26
-19.034,-36.87,-318.06
-49.027,87.3,-137.3
41.358,-235.35,-520.12
81.887,-248.96,-537.8
82.656,-245.1,-535.55
-39.036,24.118,-232.69
50.199,-160.35,-489.99
63.575,-223.88,-497.07
4.7745,-64.885,-283.9
-14.055,-105.62,-367.03
-8.4232,11.258,-212.39
-8.9189,13.076,-211.56
-68.156,42.218,-178.99
19.95,-60.607,-339.03
-23.529,38.294,-155.87
2.9363,-19.138,-251.25
-69.934,56.181,-99.134
-31.663,69.995,-136.86
31.23,-86.291,-370.46
-32.027,-28.825,-296.48
43.316,-228.8,-561.04
19.662,-86.245,-321.63
46.877,-157.6,-417.62
-33.276,-7.3466,-273.96
-12.635,-27.422,-309.02
30.347,-185.82,-510.84
2.0846,-12.736,-259.87
-20.34,-67.202,-282.18
-14.423,24.113,-217.15
46.207,-121.8,-411.93
-63.189,23.241,-199.37
-25.177,16.141,-245.89
-27.649,10.622,-172.23
44.243,-153.4,-410.73
