72.022,77.37,-96.068
87.861,94.887,-398.98
45.245,86.69,-360.25
97.864,102.86,-222.91
89.378,82.651,-83.144
62.12,127.33,-313.92
57.463,124.54,-183.04
53.475,89.339,-127.92
76.593,76.693,-487.73
81.081,112.84,-409.53
88.415,111.42,-361.95
55.188,122.76,-367.29
73.931,122.11,-21.702
90.821,81.252,-6.6485
59.674,83.853,-140.78
84.089,126.88,-264.96
77.666,77.993,-479.09
75.802,80.185,-282.66
88.686,81.024,-59.316
58.1,126.18,-254.54
47.593,115.77,-310.37
82.057,123.77,-325.38
93.56,116.44,-89.501
94.101,118.55,-236.77
58.522,81.235,-83.152
50.777,91.001,-269.81
49.961,115.52,-224.16
84.556,115.24,-373.32
85.514,126.81,-246.64
49.339,96.715,-235.98
69.697,76.147,-73.362
93.053,100.22,-331.11
49.417,99.919,-178.33
72.191,127.2,-329.47
56.814,86.211,-142.22
51.082,114.09,-112.18
69.597,79.335,-292.84
50.421,91.045,-274.99
51.651,93.787,-192.28
74.855,77.828,-104.33
50.865,117.61,-228.02
59.889,83.957,-244.73
58.232,84.096,-123.08
92.874,115.62,-70.977
59.443,126.98,-243.6
48.658,114.63,-473.17
52.909,118.83,-165.28
86.82,106.59,-394.34
86.889,82.692,-129.34
48.755,106.36,-107.65
83.997,117.99,-14.319
65.077,113.66,-478.82
47.201,113.96,-295.54
98.829,104.9,-137.41
47.673,106.12,-235.74
59.524,78.687,-334.6
63.526,75.839,-49.533
64.989,80.515,-127.86
94.646,118.7,-150.61
58.301,125.39,-189.6
47.851,117.12,-410.05
59.478,126.67,-301.14
98.143,111.14,-177.65
70.148,70.266,-465.51
81.133,81.251,-164.55
67.873,78.516,-105.93
46.877,90.943,-18.966
54.006,122.72,-348.75
49.191,100.65,-144.81
50.123,90.421,-72.901
46.343,101.82,-5.759
47.602,104.83,-39.194
93.743,90.223,-171.89
57.265,70.586,-424.14
89.108,114.83,-23.049
76.387,130.6,-199.74
59.287,122.53,-84.146
46.738,90.926,-16.326
50.038,114.63,-204.76
92.899,98.695,-330.57
81.48,128.76,-155.53
52.936,117.86,-442.33
74.602,130.62,-187.34
88.853,81.145,-58.803
76.32,81.027,-222.48
62.531,77.441,-339.72
58.44,81.671,-88.065
80.605,122.61,-345.54
59.768,84.302,-235.94
82.952,128.91,-196.71
98.265,106.67,-108.97
82.109,81.944,-315.7
98.707,103.78,-180.79
58.634,122.15,-85.778
72.835,122.27,-383.19
34.749,75.608,-485.66
79.892,124.64,-329.49
61.396,83.873,-206.98
85.32,116.01,-3.6057
47.115,116.85,-361.7
70.194,127.97,-320.64
96.604,107.79,-68.183
39.854,72.989,-468.59
51.158,111.6,-3.9151
90.922,93.706,-345.24
91.314,84.612,-85.757
84.158,125.26,-101.96
76.3,75.601,-469.16
98.107,111.21,-158.86
49.156,79.23,-380.77
93.951,98.209,-308.23
51.729,112.43,-7.8653
50.214,96.924,-155.88
92.742,90.475,-224.76
75.183,123.29,-38.455
62.827,124.57,-86.102
69.899,128.84,-303.71
90.03,84.827,-124.94
89.459,109.21,-361.13
89.01,80.021,-29.872
88.054,84.129,-149.29
97.995,99.926,-84.119
61.799,65.86,-482.64
55.161,78.006,-360.7
63.456,82.625,-228.54
93.559,112.55,-52.642
38.242,108.02,-483.06
73.019,77.506,-99.056
68.999,130.47,-219.52
84.237,119.61,-346.93
52.883,83.127,-47.283
77.752,80.777,-276.55
96.413,99.897,-255.35
46.014,115.72,-411.11
95.868,91.331,-65.453
50.306,94.831,-121.06
60.771,123.08,-76.885
79.392,74.651,-38.001
92.588,105.59,-336.03
58.53,85.712,-206.09
50.126,97.348,-184.73
93.559,109.72,-30.931
81.633,73.598,-7.09
96.041,115.53,-223.85
74.185,119.9,-398.36
72.227,114.41,-446.47
30.503,88.822,-483.95
85.65,124.73,-284.3
47.866,99.662,-250.85
43.627,108.24,-334.42
44.39,66.696,-490.58
95.296,112.7,-269.22
82.407,128.9,-227.9
96.43,109.69,-77.715
70.067,129.76,-279.3
73.347,126.88,-87.671
66.433,79.128,-303.05
90.807,84.681,-101.5
82.625,75.346,-27.91
43.402,113.26,-420.56
49.587,98.253,-205.11
51.826,88.965,-277.09
48.258,114.78,-274.27
61.196,123.42,-79.122
94.017,92.93,-242.01
50.454,69.093,-452.12
83.402,124.57,-306.79
94.675,100.16,-300.68
48.004,117.54,-341.54
52.924,117,-102.26
35.713,103.79,-455.33
47.349,105.07,0.35978
52.861,91.701,-168.04
85.942,125.97,-259.9
96.994,104.46,-255.88
96.215,114.17,-235.6
86.451,81.026,-95.186
84.648,93.881,-437.55
72.291,71.981,-18.306
88.493,87.173,-298.18
59.757,71.98,-406.8
76.874,122.06,-27.115
90.195,80.416,-6.1126
57.304,85.486,-249.18
62.506,128.37,-273.71
92.616,92.802,-291.34
74.793,76.693,-84.138
46.391,106.93,-272.53
63.67,119.36,-431.73
77.399,74.555,-44.782
87.777,123.22,-281.11
91.298,89.565,-258.16
78.875,130.19,-199.94
95.727,93.96,-191.56
43.382,99.403,-329.92
85,123.8,-86.65
42.233,76.161,-437.45
37.562,90.77,-411.1
48.402,98.985,-241.3
85.551,122.37,-313.07
85.817,127.46,-210.93
42.33,74.463,-446.85
97.672,112.24,-144.99
54.321,121.76,-198.82
66.981,75.319,-363.91
91.649,113.72,-317.85
53.106,88.459,-264.52
54.429,123.58,-301.42
82.384,81.711,-347.22
71.201,130.52,-188.2
49.769,66.411,-476.92
38.555,91.374,-400.38
95.898,116.95,-198.5
80.399,80.991,-315.77
50.242,111.2,-37.149
76.556,77.176,-378.96
80.608,81.844,-267.76
92.664,116.27,-74.697
88.666,124.71,-241.79
48.027,94.541,-59.041
69.812,74.558,-51.431
47.786,109.15,-239.86
85.443,114.3,-372.11
91.893,122.54,-211.18
60.587,125.51,-137.12
58.531,78.918,-336.27
58.804,117.08,-459.55
40.12,104.15,-378.8
49.339,100.31,-159.02
59.737,126.93,-219.23
56.055,123.89,-209.94
39.115,102.89,-321.11
58.521,95.882,-126.46
27.69,120.89,-400.63
70.618,137.32,-29.135
57.275,140.23,-381.4
76.792,103.24,-303.54
64.374,90.682,-41.904
61.915,97.483,-213.44
51.059,94.468,-66.115
38.196,133.98,-283.48
83.52,104.97,-29.868
49.564,141.67,-358.07
63.375,90.441,-446.87
41.553,138.47,-349.18
67.029,96.605,-144.89
28.371,101.66,-412.68
76.377,143.17,-186.61
54.386,145.75,-281.6
80.157,103.61,-156.62
27.175,103.26,-416.38
29.186,91.606,-454.93
55.646,140.25,-46.77
42.421,132.38,-472.49
55.4,98.399,-216.58
29.483,99.706,-412.63
30.798,120.79,-351.44
51.741,134.57,-446.7
66.618,91.564,-48.817
78.649,112.16,-373.7
43.868,139.82,-351.35
37.95,123.89,-137.96
22.475,117.13,-469.07
86.296,114.17,-185.99
40.279,131.72,-130.62
87.726,123.77,-154.93
35.581,108.16,-16.76
82.327,104.05,-93.881
82.406,129.36,-299.34
35.245,106.08,-1.3187
64.803,132.35,-420.96
64.333,97.158,-264.2
63.854,93.75,-361.67
74.684,100.36,-185.94
54.994,141.73,-73.319
37.596,125.75,-203.53
35.003,123.59,-279.77
46.507,142.46,-290.1
27.649,121.19,-402.83
38.349,126.46,-63.081
77.855,139.74,-114.01
32.035,115.27,-334.82
30.92,127.77,-399.11
85.687,131.83,-160.23
81.9,136.21,-248.49
70.146,114.6,-466.36
42.154,132.19,-474.49
48.955,138.96,-69.641
70.808,97.723,-392.02
22.487,93.38,-488.64
69.244,98.413,-203.83
47.838,140.87,-132.55
83.014,111.02,-268.18
85.731,127.29,-246.99
60.111,91.998,-373.02
37.14,119.69,-221.56
45.488,85.655,-440.5
59.795,139.95,-378.85
83.572,105.24,-60.701
68.109,139.55,-350.44
65.444,119.88,-484.99
56.121,96.407,-126.34
64.503,93.329,-378.54
56.715,143.11,-90.259
28.014,91.985,-459.59
54.95,96.768,-283.6
49.484,99.969,-141.36
73.302,100.22,-300.14
37.821,131.89,-259.66
68.92,101.18,-482.9
47.334,133.6,-460.82
83.748,120.92,-303.17
57.91,90.416,-390.63
58.786,140.78,-372.57
60.592,140.61,-43.886
58.403,147.04,-194.56
63.886,146.14,-142.03
56.242,138.43,-401.85
56.89,98.062,-204.49
65.49,146.33,-265.73
82.415,134.57,-105.88
57.092,93.924,-86.013
85.372,130.94,-226.82
28.816,117.82,-375.91
87.275,116.02,-138.38
32.541,129.33,-378.42
81.883,137.97,-163.31
38.757,129.44,-181.63
59.081,139.95,-380.67
36.479,133.88,-353.72
67.581,146.49,-168.69
83.599,129.8,-277.89
63.922,97.39,-192.15
38.373,111.92,-98.214
62.697,144.57,-313.89
61.816,96.077,-293.38
86.004,111.27,-109.11
85.429,125.24,-263.14
49.169,144.11,-246.08
56.834,143.93,-105.63
83.234,112.73,-283.75
81.22,107.01,-240.78
77.76,104.68,-319.17
40.536,132.3,-133.46
56.638,130.12,-471
78.387,119.83,-377.17
86.774,114.8,-166.21
41.012,135.89,-414.12
45.802,140.52,-177.01
82.345,136.67,-140.51
81.587,115.09,-333.87
84.6,122.51,-38.323
80.293,134.64,-75.887
82.063,135.97,-248.38
40.669,130.89,-65.348
48.447,143.71,-263.19
34.46,111.46,-315.84
82.105,101.82,-7.0114
48.409,100.94,-148.17
83.967,134.21,-225.21
37.578,120.93,-194.03
49.683,144.39,-254.01
56.521,91.933,-364.73
54.739,93.464,-342.15
71.951,102.35,-440.07
73.161,143.51,-132.27
26.09,123.12,-459.97
55.98,97.602,-254.27
44.866,102.23,-267.87
76.218,96.038,-48.184
51.336,141.63,-364.17
76.793,132.3,-344.79
59.884,137.55,-3.8801
72.671,101.38,-417.75
86.917,120.1,-83.564
75.586,139.63,-88.32
84.394,133.31,-226.22
57.317,141.78,-363.47
74.93,98.665,-124.81
79.729,100.61,-82.34
50.343,143.58,-319.41
40.493,109.75,-139.23
68.417,135.06,-384.51
42.669,96.517,-350.54
33.16,116.56,-316.58
38.056,114.07,-106.11
75.984,132,-9.8602
39.482,111.52,-130.41
77.179,103.84,-314.19
70.932,98.581,-312.03
77.349,130.12,-351.88
69.518,123.97,-439.2
77.233,142.53,-180.16
50.814,98.238,-278
55.069,85.172,-461.27
36.726,134.18,-387.18
80.358,117.85,-355.56
83.969,107.62,-134.17
78.835,101.08,-116.54
48.531,133.54,-460.68
59.261,146.44,-278.74
46.905,99.828,-283.89
40.179,134.18,-439.23
33.585,128.95,-343.14
43.267,99.2,-56.757
20.971,102.84,-471.36
27.642,104.76,-407.68
67.826,96.617,-474.15
85.583,113.01,-201.26
60.161,147.31,-237.12
38.552,85.646,-455.02
53.855,97.276,-277.57
70.716,133.37,-382.46
41.347,108.89,-205.67
82.481,137.35,-168.73
87.495,123.06,-122.13
81.848,123.65,-3.1669
57.525,94.468,-324.49
69.253,94.4,-84.458
83.776,135.06,-214.12
52.86,89.263,-13.429
27.571,96.32,-440.94
84.959,118.61,-275.4
87.445,126.05,-161.72
85.723,115.83,-236.33
81.688,105.23,-157.02
55.299,89.549,-396.68
54.934,138.16,-406.67
37.271,123.13,-64.999
38.506,95.808,-378.73
75.877,135.25,-333.16
41.645,134.56,-144.76
70.345,144.98,-141.68
37.824,88.454,-435.33
54.844,98.461,-225.86
51.227,88.334,-408.49
42.198,100.64,-314.9
79.38,135.09,-70.408
58.955,138.53,-16.713
81.643,134.31,-275.29
77.885,138.39,-94.02
21.321,114.68,-474.23
42.238,101.66,-69.63
76.788,103.05,-287.62
52.267,145.15,-192.8
36.145,82.472,-488.34
61.135,89.617,-426.62
85.267,131.37,-128.02
87.519,119.13,-113.13
22.178,113.01,-455.92
35.168,121.77,-274.08
82.048,102.3,-44.982
60.467,138.32,-13.86
67.63,139.7,-351.53
70.386,98.758,-276.88
75.062,103.48,-385.87
31.687,129,-451.82
85.23,114.81,-24.687
38.765,134.02,-263.34
85.089,122.24,-276.21
83.34,123.32,-22.294
48.548,139.95,-383.41
26.407,151.52,-342.77
41.937,161.74,-173.52
65.487,151.95,-326.56
35.36,119.82,-175.68
47.887,154.77,-10.96
67.864,121.17,-244.43
25.789,121.33,-328.31
35.029,111.46,-36.983
37.004,118.57,-179.93
62.463,158.63,-105.59
74.52,136.09,-261.36
34.35,158.33,-302.18
17.199,124.42,-393.08
49.737,163.74,-253.7
31.458,116.79,-57.634
43.838,159.66,-97.07
24.974,139.11,-252.16
27.685,143.1,-3.4883
34.729,152.69,-431.3
26.837,141.69,-0.94732
54.242,163.86,-226.35
26.908,147.03,-488.57
60.474,115.97,-276.42
55.654,159.27,-324.85
40.558,107.09,-21.648
70.093,128.33,-326.08
64.042,118.12,-253.44
62.527,154.04,-46.227
37.78,160.52,-275.89
32.734,120.78,-125.16
35.407,152.88,-429.83
74.836,146.5,-220.52
46.527,112.31,-300.8
73.379,132.65,-276.67
31.257,123.89,-152.94
21.962,143.42,-335.31
26.828,133.3,-119.52
66.582,120.16,-257.99
66.056,159.17,-213.63
34.386,116.57,-87.757
15.029,114.54,-444.06
25.732,135.74,-235.8
56.159,111.5,-463.39
27.279,133.2,-155.01
74.518,126.88,-111.89
24.27,104.49,-449.06
25.71,124.38,-308.45
25.801,139.74,-226.13
76.096,133.82,-182.62
45.016,161.87,-306.47
31.247,107.56,-399.76
67.789,156.31,-126.89
68.828,119.48,-139.36
26.87,135.89,-153.53
21.156,137.42,-328.49
68.715,115.38,-30.151
33.213,121.93,-197.7
53.555,113.75,-269.81
45.025,163.14,-261.85
73.005,133.98,-4.0507
34.407,115.81,-78.668
44.365,109.47,-350.97
30.676,149.92,-93.726
54.348,163.82,-189.42
48.331,105.91,-417.48
54.43,142.64,-454.61
75.317,146.52,-152.04
32.929,121.56,-227.82
11.898,114.61,-467.16
69.47,136.32,-351.81
30.368,119.1,-303.05
62.231,143.23,-400.74
35.922,98.638,-480.44
28.032,128.6,-228.6
30.795,155.04,-261.85
69.591,132.27,-349.74
25.834,111.98,-390.44
71.664,120.78,-75.919
73.304,151.24,-192.14
35.589,101.12,-451.72
23.391,101.08,-477.6
65.589,142.62,-376.18
76.078,135.05,-90.664
74.675,147.24,-217.37
21.765,128.27,-334.67
63.835,157.19,-291.8
29.742,121.02,-76.48
45.869,163.43,-252.39
65.221,156.27,-288.61
50.906,157.72,-360.88
58.478,126.61,-480.27
47.983,161.85,-309.43
46.69,151.32,-431.5
46.86,112.52,-123.24
39.998,108.27,-32.344
38.315,99.646,-471.42
42.343,161.76,-167.59
74.451,131.57,-233.72
26.789,150.99,-304.22
50.522,142.38,-477.82
26.758,137.2,-169.51
13.592,107.52,-485.39
35.371,153.43,-422.81
52.463,110.28,-361.42
44.899,157.62,-374.59
9.5554,126.14,-470.27
59.419,117.51,-456.18
54.268,107.44,-40.82
56.066,111.42,-100.98
72.915,133.84,-1.7394
37.521,114.12,-305.86
49.041,111.38,-321.66
25.021,146.55,-288.04
69.216,117.68,-77.507
68.88,154.61,-260.47
72.954,131.43,-279.82
65.904,156.44,-103.7
51.051,155.03,-15.245
60.688,161.25,-144.3
66.168,131.48,-394.69
72.577,124.64,-162.72
64.232,155.64,-77.046
58.383,114.53,-169.45
31.155,151.33,-118.64
27.539,143.77,-92.148
55.77,110.51,-412.81
28.037,144.54,-45.319
69.005,124.55,-311.09
51.489,163.36,-158.65
25.644,104.04,-447.07
45.117,158.43,-68.541
37.1,160.2,-250.35
64.526,159.47,-243.43
42.459,160.55,-128.17
64.3,152.82,-330.19
59.095,145.65,-410.61
75.532,131.96,-71.586
53.271,113.01,-296.77
33.207,107.75,-391.72
63.597,154.2,-324.65
45.008,155.77,-394.83
31.494,153.92,-188.63
65.277,154.34,-69.934
31.48,114.52,-36.603
24.035,130.3,-19.45
59.152,144.72,-415.02
33.371,150.28,-26.432
40.504,161.81,-217.28
64.955,118.33,-213.9
16.293,140.92,-441.65
69.32,139.15,-349.08
25.359,148.47,-302.78
73.77,135.74,-279.22
9.9728,117.71,-474.16
50.017,106.56,-34.503
55.129,109.73,-443.96
51.917,158.7,-346.86
49.837,160.16,-334.45
74.16,129.89,-24.424
44.02,106.29,-23.922
27.24,143,-52.048
52.651,154.2,-7.6863
56.236,111.03,-403.45
41.46,116.08,-186.9
24.384,98.917,-491.8
16.643,140.42,-422.75
48.57,103.74,-470.78
45.726,160.45,-102.82
54.334,138.88,-474.17
63.832,117.8,-229.87
56.219,147.29,-418.47
38.567,114.84,-107.19
34.951,154.94,-400.37
70.568,152.16,-104.82
42.378,162.58,-253.12
49.085,161.13,-105.63
25.039,132.22,-269.87
40.532,156.26,-392.42
60.416,121.34,-456.22
30.189,125.12,-222.13
70.304,148.25,-300.14
59.915,155.01,-344.15
24.091,131.8,-20.116
68.201,119.68,-164.43
70.922,122.57,-167.97
31.226,109.03,-387.49
65.355,155.75,-88.298
30.337,121.06,-86.172
63.361,119.89,-397.99
27.478,128.35,-247.01
62.63,145.42,-387.74
32.878,107.59,-394.17
54.822,158.1,-342.12
24.698,126.62,-27.283
29.325,123.12,-272.07
51.043,105.33,-17.274
44.388,161.72,-308.52
31.846,119.96,-276.75
29.842,154.1,-374.49
26.822,134.53,-197.83
15.349,113.17,-447.55
30.339,154.21,-379.96
25.374,134.42,-60.609
50.962,161.93,-303.2
44.742,156.96,-46.697
26.848,130.47,-240.75
59.745,158.32,-82.839
36.015,150.99,-452.52
26.097,112.78,-383.57
38.001,160.67,-237.94
24.743,131.93,-277
63.089,152.68,-35.476
69.192,125.12,-314.93
39.128,157.27,-88.829
28.44,113.86,-362.47
71.099,144.09,-311.46
59.189,115.21,-440.11
46.736,104.62,-8.3373
75.331,130.9,-180.9
45.802,111.92,-107.2
65.576,138.87,-388.81
67.172,156.81,-126.74
26.257,125.78,-54.501
66.806,156.4,-114.06
54.924,111.06,-97.914
35.629,155.61,-104.38
75.486,129.65,-116.1
76.356,133.52,-143.86
29.647,147.67,-67.282
52.065,112.42,-307.29
27.362,130.54,-118.32
103.89,12.365,-97.245
124.1,13.662,-400.4
86.593,35.021,-361.41
138.74,14.471,-224.48
120.71,5.3383,-84.451
126.12,55.606,-315.62
122.14,57.303,-184.7
97.038,33.25,-129.16
102.85,6.3963,-488.89
130.34,31.707,-411.13
135.54,26.212,-363.56
117.31,56.214,-368.91
134.88,45.886,-23.413
121.72,3.83,-7.9509
98.126,24.981,-141.98
143.18,41.457,-266.74
104.59,6.7584,-480.27
106.64,10.895,-283.87
119.39,4.6891,-60.604
122.93,57.687,-256.22
107.6,56.106,-311.89
138.99,39.987,-327.12
145.57,28.496,-91.218
145.79,28.815,-238.5
96.166,24.085,-84.322
94.55,35.347,-271.05
110.16,54.95,-225.69
134.92,31.546,-374.97
144.42,40.605,-248.43
97.476,40.866,-237.28
101.56,13.068,-74.517
132.22,14.847,-332.62
100.2,43.64,-179.68
133.59,48.934,-331.21
97.436,28.616,-143.44
111.28,53.854,-113.7
101.23,14.166,-294.02
94.251,35.576,-276.23
97.824,37.418,-193.56
106.27,10.842,-105.52
112.15,55.94,-229.57
97.268,24.256,-245.92
97.364,26.208,-124.28
144.71,28.426,-72.683
124.59,57.507,-245.3
105.98,53.508,-474.66
115.16,55.967,-166.86
130.87,23.324,-395.9
118.35,6.6728,-130.64
104.57,49.455,-109.07
140.03,36.312,-16.022
117.87,42.174,-480.37
106.3,55.072,-297.03
141.68,15.958,-139.01
102.25,49.146,-237.14
92.658,19.877,-335.73
96.885,16.951,-50.662
100.19,19.091,-129.04
147.21,29.14,-152.35
123.25,57.368,-191.28
107.62,56.339,-411.57
123.81,56.877,-302.83
144.75,20.925,-179.31
94.012,5.7575,-466.57
112.64,9.0432,-165.81
101.34,15.847,-107.1
94.157,39.418,-20.208
116.58,57.066,-350.37
100.85,44.558,-146.16
95.742,36.586,-74.146
100.88,48.18,-7.127
103.43,49.465,-40.6
127.99,7.7645,-173.29
84.782,14.548,-425.16
141.82,30.549,-24.735
140.35,49.674,-201.55
123.28,55.219,-85.8
94.068,39.512,-17.567
109.85,54.343,-206.28
131.13,13.779,-332.06
143.53,45.27,-157.34
111.66,53.431,-443.88
139.13,50.914,-189.14
119.6,4.6784,-60.093
108.21,11.593,-223.7
94.107,16.957,-340.85
96.332,24.44,-89.24
136.92,39.904,-347.25
97.489,24.654,-237.14
144.33,44.181,-198.52
142.69,17.861,-110.59
112.25,7.9767,-316.95
140.41,14.899,-182.37
122.52,55.342,-87.425
130.35,44.394,-384.87
70.114,32.472,-486.64
137.85,42.022,-331.23
98.764,23.465,-208.18
139.88,34.013,-5.2919
107.39,56.912,-363.22
132.65,50.861,-322.38
142.56,20.048,-69.813
72.521,27.294,-469.57
110.87,52.589,-5.4161
126.25,11.134,-346.66
123.43,5.5795,-87.095
143.9,41.214,-103.74
102.11,5.8676,-470.31
144.96,21.122,-160.53
84.58,26.66,-381.85
131.85,12.874,-309.72
111.8,52.831,-9.3779
99.121,40.977,-157.2
126.83,8.2616,-226.16
136.43,45.885,-40.183
127.28,54.5,-87.793
133.16,51.828,-305.46
122.17,6.3183,-126.27
134.93,23.846,-362.73
119.3,3.902,-31.151
119.96,6.8978,-150.6
138.41,13.028,-85.661
84.604,7.6382,-483.61
88.604,21.992,-361.79
99.314,21.046,-229.74
143.45,25.754,-54.317
93.646,55.073,-484.44
104.71,11.809,-100.24
134.41,54.199,-221.29
137.76,35.268,-348.63
93.438,29.389,-48.456
108.57,10.134,-277.78
135.38,12.924,-256.88
105.3,56.437,-412.61
131.45,7.9303,-66.888
98.212,39.538,-122.35
124.84,54.735,-78.552
108.4,5.9175,-39.179
135.26,19.226,-337.59
97.759,26.722,-207.3
99.023,41.174,-186.05
141.86,23.723,-32.574
109.76,3.8691,-8.2671
145.48,25.345,-225.56
129.71,41.619,-400.02
124.17,38.362,-448.05
75.371,45.335,-485.07
142.79,38.679,-286.07
98.085,43.975,-252.18
99.477,52.739,-335.82
71.722,19.418,-491.49
142.61,23.363,-270.89
143.58,44.321,-229.71
143.55,21.558,-79.365
134.14,52.584,-281.06
136.81,49.493,-89.431
98.565,15.976,-304.21
122.92,5.8575,-102.84
111.43,4.4367,-29.109
101.63,56.176,-422.02
98.978,42.083,-206.43
93.97,33.067,-278.3
107.86,55.157,-275.78
125.37,54.71,-80.795
129.21,9.2127,-243.45
78.311,17.603,-453.09
140.73,39.855,-308.54
133.74,13.952,-302.19
108.73,57.001,-343.07
114.66,54.96,-103.82
89.28,53.634,-456.64
103.8,50.061,-1.0505
97.664,35.197,-169.3
144.07,39.598,-261.68
138.75,16.042,-257.46
144.61,24.113,-237.29
117.3,5.8974,-96.462
120.59,14.709,-438.94
101.45,8.5628,-19.427
120.69,7.9923,-299.52
87.769,14.126,-407.84
137.05,43.924,-28.837
120.71,3.5951,-7.4028
96.223,27.06,-250.39
127.51,56.41,-275.43
127.53,9.6983,-292.76
105.7,10.141,-85.319
101.4,50.351,-273.94
120.95,47.748,-433.34
106.74,7.0815,-45.951
143.48,36.175,-282.87
124.79,8.2788,-259.54
141.99,47.756,-201.75
131.71,9.2266,-193.02
93.654,46.152,-331.22
143.77,39.656,-88.419
76.709,28.395,-438.47
82.795,42.758,-412.28
98.161,43.173,-242.63
140.9,36.752,-314.81
145.45,41.138,-212.74
75.593,26.972,-447.85
145.43,22.276,-146.67
117.78,57.089,-200.43
95.899,12.316,-365.02
139.96,26.174,-319.51
94.756,31.937,-265.74
117.95,57.753,-303.05
111.98,7.42,-348.47
136.45,53.021,-189.99
75.803,15.829,-477.85
84.057,42.651,-401.57
146.54,26.68,-200.23
110.33,8.3462,-317
109.56,52.655,-38.639
104.27,7.4882,-380.14
111.54,9.1724,-269.01
144.93,29.036,-76.41
145.53,36.996,-243.57
96.93,41.179,-60.327
100.86,11.918,-52.57
104.23,51.362,-241.3
135.01,30.262,-373.75
146.93,33.456,-212.96
125.64,56.332,-138.81
92.028,20.681,-337.39
115.47,48.95,-461.11
93.69,51.569,-380.14
100.59,44.115,-160.38
125.04,57.441,-220.92
120.36,57.538,-211.59
92.715,51.618,-322.44
105.12,35.029,-127.8
94.701,72.246,-402.12
142.04,59.622,-31.01
129.99,68.167,-383.23
121.99,27.783,-305.02
107.15,27.826,-43.21
107.84,33.516,-214.81
99.132,39.128,-67.411
112.39,76.272,-285.17
131.13,26.545,-31.416
125.26,74.376,-359.89
101.98,25.686,-448.14
117.15,77.129,-350.93
111.91,29.997,-146.26
82.737,56.999,-413.95
148.56,59.392,-188.56
132.38,74.895,-283.49
126.35,26.847,-158.13
82.81,58.969,-417.66
76.456,48.501,-456.08
132.27,71.378,-48.619
112.62,71.12,-474.17
103.4,38.385,-217.93
82.333,54.787,-413.88
97.529,70.482,-352.94
121.43,66.968,-448.44
109.37,27.015,-50.141
128.41,32.978,-375.29
119.78,76.668,-353.13
107.24,69.631,-139.55
87.572,72.279,-470.48
137.53,30.803,-187.64
114.13,74.178,-132.3
145.12,37.439,-156.71
96.588,59.879,-18.159
128.95,26.193,-95.409
143.12,44.214,-301.15
95.156,58.6,-2.6932
130.28,57.04,-422.72
108.95,31.387,-265.57
105.37,28.459,-362.99
119.76,27.689,-187.38
132.45,72.762,-75.181
107.48,70.866,-205.12
103.3,70.384,-281.33
124.13,77.381,-291.92
94.84,72.489,-404.32
109.99,71.826,-64.7
148.25,56.279,-115.93
95.105,65.566,-336.27
101.61,75.449,-400.69
148.68,44.888,-162.09
147.67,50.111,-250.38
122.49,39.717,-467.94
112.27,71.133,-476.16
126.07,74.541,-71.447
112.93,26.838,-393.41
72.111,53.949,-489.78
114.15,29.58,-205.23
125.79,76.323,-134.36
132.13,29.972,-269.78
144.89,40.824,-248.79
101.26,29.45,-374.3
103.05,66.402,-223.08
85.272,33.557,-441.64
131.77,66.351,-380.69
131.02,26.523,-62.251
138.18,60.884,-352.31
122.09,46.663,-486.61
103.62,36.974,-127.68
105.42,27.612,-379.85
134.47,72.605,-92.143
75.752,49.514,-460.74
101.31,36.995,-284.92
100.67,43.872,-142.71
117.42,27.742,-301.57
111.01,75.065,-261.33
112.76,30.119,-484.32
117.28,68.97,-462.53
138.69,36.866,-304.88
98.372,29.54,-391.88
131.6,67.673,-374.41
136.32,68.495,-45.759
137.19,73.858,-196.48
141.37,69.982,-143.97
127.83,67.319,-403.65
104.46,37.247,-205.84
141.42,68.302,-267.67
148.51,49.441,-107.76
103.2,34.707,-87.325
147.17,43.985,-228.67
93.847,69.326,-377.37
139.97,31.901,-140.07
104.07,75.732,-380.03
149.69,52.023,-165.22
110.97,73.085,-183.27
131.2,66.794,-382.5
110.27,76.85,-355.4
144.14,67.702,-170.64
144.54,43.921,-279.71
109.54,32.291,-193.52
100.29,60.449,-99.661
137.65,68.445,-315.8
106.02,31.99,-294.72
136.25,29.263,-110.74
143.17,39.347,-264.91
127.7,77.216,-247.93
134.93,73.053,-107.52
133.23,31.04,-285.37
128.46,28.229,-242.33
123.49,28.166,-320.67
114.68,74.442,-135.15
122.07,60.259,-472.7
133.1,39.001,-378.85
138.51,31.105,-167.88
114.4,75.088,-415.83
123.54,77.079,-178.81
149.44,50.877,-142.41
132.96,33.587,-335.5
143.14,39.23,-40.08
147.24,51.049,-77.765
147.64,49.826,-250.27
114.59,73.715,-67.028
126.71,77.27,-265.03
94.712,61.21,-317.25
128.26,25.187,-8.5193
100.4,45.261,-149.53
148.21,47.401,-227.08
104.47,67.243,-195.57
128.19,77.049,-255.87
98.554,31.761,-366
98.409,34.224,-343.43
116.28,29.341,-441.51
146.89,62.072,-134.22
94.282,74.599,-461.48
102.94,37.16,-255.6
97.255,47.758,-269.22
119.6,24.276,-49.598
126.53,73.171,-365.99
140.23,49.781,-346.61
134.23,66.858,-5.7177
116.44,28.28,-419.18
142.89,35.603,-85.298
146.71,57.82,-90.237
147.95,46.431,-228.09
131.21,69.444,-365.32
119.5,26.625,-126.24
124.87,25.306,-83.819
127.49,75.586,-321.25
100.09,57.157,-140.66
135.17,57.024,-386.32
91.036,44.267,-351.81
96.992,65.954,-318.04
101.35,62.243,-107.58
142.93,52.219,-11.696
100.55,59.224,-131.86
122.56,27.926,-315.68
114.42,27.93,-313.44
139.19,47.714,-353.67
128.32,47.474,-440.89
148.87,58.391,-182.11
99.144,40.815,-279.33
92.084,26.895,-462.44
110.31,76.707,-388.86
133.57,36.354,-357.23
132.08,27.619,-135.74
124.13,26.02,-118.01
118.17,68.159,-462.39
136.58,72.305,-280.66
97.109,44.508,-285.21
112.4,74.152,-440.92
105,75.002,-344.75
96.301,47.822,-58.078
77.206,62.278,-472.6
84.221,59.872,-408.98
109.08,27.382,-475.5
136.08,30.28,-202.89
138.27,72.663,-239.06
79.8,37.915,-456.14
100.86,38.127,-278.89
135.87,54.267,-384.26
99.492,55.521,-207.09
149.68,51.123,-170.64
144.83,37.256,-123.9
142.13,42.099,-4.9287
101.37,33.316,-325.79
112.83,27.265,-85.823
148.73,48.245,-216
97.719,34.321,-14.676
78.395,53.24,-442.14
138.42,34.489,-277.09
146.3,39.321,-163.52
137.63,32.121,-238
128.56,27.103,-158.56
95.75,30.515,-397.91
126.61,67.928,-408.47
107,69.954,-66.575
87.096,46.218,-379.97
141.55,52.707,-335
116.86,75.391,-146.48
145.58,64.946,-143.64
81.253,40.66,-436.47
102.92,38.731,-227.2
91.726,32.126,-409.68
93.697,47.953,-316.21
146.89,52.021,-72.288
134.02,68.127,-18.557
145.97,48.653,-277.16
147.62,55.357,-95.931
85.06,71.112,-475.61
96.957,50.283,-70.975
122.03,27.745,-289.1
131.3,76.366,-194.68
75.567,36.816,-489.4
99.951,26.625,-427.87
148.4,45.013,-129.88
142.42,34.288,-114.85
84.831,69.395,-457.29
102.32,68.922,-275.62
128.13,25.346,-46.493
135.07,67.014,-15.708
137.9,61.3,-353.4
114.48,28.641,-278.28
119.96,28.555,-387.34
102.44,75.56,-453.41
138.82,33.016,-26.357
113.06,76.064,-265.03
140.84,37.184,-277.94
142.86,40.764,-24.056
123.11,73.548,-385.2
114.01,96.903,-344.62
134.25,95.839,-175.55
144.39,72.223,-328.56
102.25,67.936,-177.21
136.04,87.72,-12.951
127.29,47.637,-246.09
94.286,74.269,-329.8
98.076,62.634,-38.416
102.66,65.896,-181.44
148.69,80.695,-107.68
141.8,54.681,-263.22
124.9,97.278,-304.14
89.012,81.742,-394.57
140.67,91.845,-255.78
98.552,68.884,-59.115
135.17,93.514,-99.095
105.89,88.902,-253.86
113.13,91.807,-5.2646
120.2,91.882,-433.18
111.61,91.29,-2.7041
144.48,89.212,-228.46
109.97,92.205,-490.35
117.96,48.204,-277.98
141.58,84.156,-326.9
99.664,55.832,-23.054
132.75,51.171,-327.83
122.31,47.7,-255.05
146.41,77.521,-48.264
129.2,96.916,-277.89
101.38,70.683,-126.68
120.87,91.607,-431.71
149.17,62.717,-222.51
104.66,54.205,-302.27
138.56,52.683,-278.49
101.96,73.836,-154.5
105.48,93.604,-337.04
104.96,84.107,-121.17
125.52,47.606,-259.63
150.66,78.113,-215.73
100.33,66.637,-89.244
80.465,75.242,-445.42
104.47,85.94,-237.47
109.81,46.348,-464.87
104.87,83.512,-156.66
137.45,48.587,-113.65
81.028,61.565,-450.34
96.392,76.782,-309.97
107.19,89.016,-227.84
142.38,52.438,-184.47
135.3,93.11,-308.51
88.867,59.752,-401.1
151.05,75.362,-128.96
128.05,46.403,-141.01
106.3,85.849,-155.21
101.08,89.573,-330.15
126.48,44.035,-31.763
101.73,70.791,-199.24
111.3,50.987,-271.33
136.59,94.361,-263.91
141.99,55.688,-5.8981
99.958,66.1,-80.146
100.66,53.096,-352.4
118.86,94.532,-95.587
144.93,89.356,-191.53
100.7,47.391,-418.87
128.6,71.375,-456.45
150.26,62.861,-154.04
100.96,70.497,-229.35
77.867,77.156,-468.51
137.14,57.527,-353.64
96.627,69.781,-304.53
135.51,67.155,-402.62
85.868,49.395,-481.7
101.72,79.035,-230.2
120.48,97.297,-263.76
134.65,54.358,-351.53
87.655,66.674,-391.82
131.73,45.982,-77.602
151.33,67.513,-194.17
87.511,51.697,-453.01
77.866,59.337,-478.83
137.95,64.688,-378.07
144.12,53.978,-92.529
149.55,63.404,-219.36
95.598,82.132,-336.23
146.86,77.519,-293.86
99.754,73.102,-78.001
137.52,94.1,-254.45
147.36,75.945,-290.66
136.57,85.792,-362.9
121.12,56.326,-481.94
137.52,91.162,-311.48
128.49,83.145,-433.41
106.91,55.287,-124.72
99.879,57.024,-33.76
88.443,48.687,-472.7
134.64,95.634,-169.63
139.14,51.442,-235.53
114.36,96.5,-306.07
125.19,73.536,-479.64
106.89,86.821,-171.2
74.42,70.523,-486.66
121.26,92.092,-424.71
107.27,48.446,-362.89
131.76,89.485,-376.58
83.45,87.475,-471.74
116.25,48.903,-457.75
110.19,47.169,-42.282
113.49,48.673,-102.49
141.85,55.658,-3.5851
98.877,61.351,-307.31
105.78,51.746,-323.13
110.33,94.339,-289.83
127.84,45.169,-79.144
149.4,72.502,-262.52
137.42,52.001,-281.62
149.93,76.819,-105.78
138.58,85.851,-17.251
148.61,83.601,-146.41
131.04,55.663,-396.45
133.99,47.789,-164.44
148.42,77.454,-79.106
116.55,49.126,-171
119.87,95.144,-120.52
112.52,91.848,-93.924
109.41,46.164,-414.29
113.89,92.416,-47.11
129.64,49.065,-312.79
142.76,91.035,-160.74
81.819,60.356,-448.35
135.66,91.93,-70.56
128.74,97.272,-252.34
149.36,79.133,-245.52
134.36,94.879,-130.2
144.01,73.629,-332.2
134.57,70.963,-412.51
141.92,52.088,-73.415
110.32,50.435,-298.27
90.574,58.689,-393.08
144.41,75.175,-326.67
130.44,87.872,-396.79
121.06,96.459,-190.54
148.46,75.834,-71.984
97.329,67.265,-38.059
101.94,84.244,-21.062
133.97,70.187,-416.9
121.87,93.51,-28.313
132.74,96.535,-219.31
123.56,47.526,-215.52
98.41,94.651,-443.33
138.87,59.808,-350.94
111.67,95.502,-304.59
140.82,54.782,-281.07
78.311,80.724,-475.53
106.44,49.268,-35.938
108.09,45.779,-445.42
138.12,85.981,-348.89
137.59,88.515,-336.49
140.03,51.687,-26.227
101.78,52.983,-25.332
112.22,91.707,-53.817
139.35,84.239,-9.6894
110.2,46.328,-404.93
104.4,61.081,-188.4
77.089,56.951,-493.01
98.555,94.164,-424.42
98.937,45.235,-472.14
137.07,92.87,-104.86
125.9,68.431,-475.96
122.2,47.746,-231.48
133.34,74.021,-420.38
102.22,62.498,-108.67
122.15,93.666,-402.28
150.75,70.541,-106.86
134.29,95.69,-255.16
140.04,91.212,-107.69
101.32,83.467,-271.49
127.35,91.138,-394.37
119.48,51.198,-457.84
101.2,75.023,-223.69
145.98,66.457,-302.12
141.91,78.036,-346.17
102.95,85.358,-21.745
127.44,46.799,-166.08
131.34,47.239,-169.66
89.926,60.973,-388.86
149.23,76.747,-90.362
100.13,72.689,-87.695
121.41,48.571,-399.6
100.94,79.078,-248.6
137.36,68.658,-389.65
90.194,58.762,-395.52
140.01,83.687,-344.15
100,80.948,-28.854
98.732,73.724,-273.6
106.61,47.771,-18.701
134.7,93.384,-310.55
98.584,69.654,-278.25
117.97,96.471,-376.37
104.93,84.55,-199.49
79.793,73.964,-448.89
118.36,96.2,-381.85
105.19,86.281,-62.271
139.92,89.348,-305.26
134.66,91.187,-48.698
101.89,81.153,-242.35
146.65,82.357,-84.912
119.88,89.62,-454.38
88.446,67.165,-384.96
129.87,97.135,-239.94
100.84,83.393,-278.62
146.08,76.19,-37.5
130.11,49.36,-316.63
130.12,94.766,-90.809
91.154,66.62,-363.88
143.8,62.691,-313.4
114.77,47.397,-441.65
102.95,50.051,-9.7392
139.93,50.699,-182.71
105.89,55.617,-108.68
135.4,61.748,-390.66
150.9,76.141,-128.82
100.38,79.135,-56.066
150.5,76.148,-116.13
112.42,49.155,-99.417
126.2,95.639,-106.33
139.93,50.057,-117.9
142.79,52.289,-145.7
116.91,93.643,-69.115
108.91,50.689,-308.79
103.61,81.656,-119.94
86.515,-57.923,-97.788
99.652,-71.865,-401.02
85.052,-31.144,-362.13
113.23,-79.524,-225.17
95.023,-74.038,-84.979
129.05,-40.489,-316.74
128.46,-35.787,-185.83
94.353,-37.725,-129.92
77.77,-64.337,-489.33
115.91,-62.117,-411.98
116.87,-69.367,-364.37
122.13,-34.702,-369.99
132.57,-51.689,-24.474
95.629,-75.351,-8.4716
89.738,-44.841,-142.65
133.53,-61.977,-267.77
79.432,-65.128,-480.72
85.716,-62.011,-284.39
93.84,-73.53,-61.121
128.56,-36.459,-257.35
115.22,-28.176,-312.94
128.74,-60.794,-328.1
128.87,-72.314,-92.114
127.7,-73.157,-239.39
88.266,-43.898,-84.973
92.306,-35.429,-271.81
117.34,-30.155,-226.74
119.7,-64.956,-375.83
134.13,-63.308,-249.45
98.448,-32.865,-238.12
85.42,-55.742,-75.062
107.34,-75.74,-333.29
102.92,-32.121,-180.57
130.32,-50.501,-332.28
91.53,-41.622,-144.14
118.67,-30.994,-114.76
83.57,-56.096,-294.56
92.17,-35.095,-276.99
96.957,-35.45,-194.37
87.27,-60.671,-106.05
119.46,-30.702,-230.65
87.523,-45.511,-246.57
90.128,-43.298,-124.95
128.36,-71.697,-73.576
129.83,-37.592,-246.44
110.6,-30.168,-475.66
122.44,-32.214,-167.96
111.1,-68.786,-396.65
93.584,-71.791,-131.17
110.75,-30.025,-110.05
130.44,-62.282,-16.993
112.36,-46.532,-481.28
113.71,-28.035,-298.07
117.34,-79.728,-139.74
107.43,-29.588,-238.1
80.236,-46.479,-336.3
84.585,-49.609,-51.236
87.668,-50.596,-129.64
129.91,-73.271,-153.25
129.28,-36.496,-192.42
114.34,-28.652,-412.62
128.22,-37.944,-303.95
122.46,-78.152,-180.11
70.826,-59.005,-466.97
90.368,-66.534,-166.34
86.698,-53.683,-107.68
97.253,-30.449,-21.035
122.31,-33.459,-351.47
104.36,-31.618,-147.06
96.082,-33.983,-74.942
108.17,-27.973,-8.0832
110.6,-28.842,-41.578
101.23,-77.428,-173.87
69.839,-46.073,-425.63
128.02,-67.905,-25.645
137.33,-53.447,-202.66
129.03,-37.481,-86.92
97.272,-30.303,-18.395
116.92,-30.298,-207.33
105.83,-75.852,-332.71
137.4,-58.581,-158.42
115.22,-33.678,-444.91
137.32,-51.63,-190.26
94,-73.671,-60.611
87.998,-62.099,-224.25
79.416,-49.681,-341.39
88.569,-43.764,-89.895
126.89,-59.659,-348.23
88.041,-45.292,-237.79
136.88,-60.192,-199.58
119.63,-78.735,-111.35
87.796,-68.069,-317.46
115.23,-80.002,-183.08
128.51,-36.91,-88.543
124.35,-52.239,-385.87
69.476,-23.309,-487.26
129.13,-58.529,-332.24
88.557,-46.837,-208.83
128.96,-63.881,-6.2358
115.03,-27.753,-364.28
130.92,-48.36,-323.47
121.37,-76.718,-70.6
68.171,-28.713,-470.13
118.68,-31.006,-6.4629
100.24,-74.838,-347.26
97.231,-75.616,-87.637
135.64,-61.58,-104.77
77.065,-64.153,-470.74
122.94,-78.019,-161.33
77.922,-36.386,-382.47
106.04,-76.87,-310.36
119.5,-31.443,-10.431
100.62,-33.324,-158.05
100.1,-76.64,-226.74
133.58,-52.792,-41.249
131.61,-40.621,-88.921
132.12,-47.841,-306.56
96.332,-74.493,-126.81
114.88,-70.778,-363.5
93.577,-73.888,-31.661
94.75,-72.78,-151.14
113.51,-79.526,-86.349
64.649,-51.627,-483.99
78.216,-42.421,-362.37
87.198,-49.181,-230.35
125.88,-72.82,-55.175
102.05,-21.105,-485.41
86.754,-58.895,-100.78
135.48,-46.284,-222.44
124.55,-63.761,-349.55
89.96,-37.851,-49.16
86.776,-63.801,-278.3
109.32,-78.759,-257.54
112.61,-27.092,-413.65
105.1,-78.839,-67.49
99.365,-33.618,-123.19
129.99,-38.813,-79.673
86.434,-65.387,-39.67
112.44,-74.372,-338.32
89.89,-43.691,-207.98
100.37,-33.295,-186.9
123.58,-73.213,-33.404
86.487,-67.635,-8.7414
125.37,-75.53,-226.41
121.92,-54.048,-400.98
115.08,-53.295,-448.95
81.786,-16.824,-485.86
131.25,-63.977,-287.06
100.76,-30.971,-253.06
106.58,-25.688,-336.8
62.267,-34.374,-491.96
121.42,-75.497,-271.7
136.07,-59.801,-230.77
123,-76.258,-80.173
133.61,-47.734,-282.18
135.68,-50.587,-90.537
82.585,-53.062,-304.76
96.855,-75.177,-103.38
87.908,-68.403,-29.595
109.53,-24.989,-423.04
100.7,-32.701,-207.3
90.32,-36.849,-279.04
115.18,-28.837,-276.82
130.35,-39.182,-81.917
102.35,-77.548,-244.04
66.552,-39.753,-453.57
130.18,-61.895,-309.53
108.25,-77.209,-302.85
116.33,-28.416,-344.13
122.07,-32.258,-104.91
98.073,-19.223,-457.58
111.68,-28.371,-2.0405
95.662,-36.893,-170.08
133.07,-63.937,-262.69
113.9,-78.54,-258.17
123.79,-75.993,-238.12
92.642,-71.493,-96.983
97.229,-69.052,-439.55
83.017,-58.767,-19.923
94.45,-73.366,-300.06
72.038,-48.205,-408.32
132.92,-54.62,-29.884
94.709,-74.878,-7.9169
88.479,-42.721,-251.06
131.04,-40.505,-276.56
100.86,-76.417,-293.35
86.599,-60.715,-85.845
107.16,-28.355,-274.9
118.8,-43.94,-434.34
85.839,-63.472,-46.448
130.2,-66.32,-283.83
98.199,-75.529,-260.11
137.35,-55.971,-202.85
104.8,-78.822,-193.63
97.932,-26.962,-332.1
134.7,-62.592,-89.438
72.413,-30.362,-439.07
86.581,-23.103,-413.07
100.4,-31.573,-243.5
128.26,-64.421,-315.77
135.63,-63.33,-213.77
70.546,-30.795,-448.43
124.19,-77.348,-147.49
124.81,-33.249,-201.55
77.552,-54.542,-365.51
120.69,-71.952,-320.34
90.328,-38.14,-266.46
124.3,-33.51,-304.16
86.901,-68.524,-348.97
136.61,-48.301,-191.13
63.231,-39.658,-478.3
87.592,-23.927,-402.36
127.31,-75.028,-201.1
86.559,-66.549,-317.51
117.37,-30.327,-39.679
80.704,-63.718,-380.6
88.522,-66.388,-269.53
128.89,-71.394,-77.31
132.71,-66.757,-244.55
100.09,-31.14,-61.182
84.373,-56.03,-53.1
110.33,-29.193,-242.29
118.96,-65.987,-374.6
131.83,-70.171,-213.9
130.99,-38.485,-139.95
80.252,-45.469,-337.97
115.08,-39.672,-462.09
100.93,-23.149,-381.08
103.73,-31.888,-161.27
130.39,-37.777,-222.07
126.96,-34.637,-212.71
100.82,-22.115,-323.38
101.7,-41.55,-128.61
114.76,-8.0993,-403.3
146.81,-45.817,-32.259
139.37,-33.786,-384.51
108.11,-59.077,-305.79
99.518,-47.83,-43.951
101.9,-45.013,-215.6
100.38,-34.171,-68.251
132.12,-15.634,-286.48
117.19,-64.146,-32.237
139.98,-25.836,-361.22
89.934,-48.744,-448.81
135.63,-18.462,-352.26
103.48,-49.887,-147.04
95.671,-12.166,-414.91
150,-51.194,-189.82
146.57,-29.524,-284.86
112.39,-61.653,-158.93
96.954,-10.728,-418.64
84.956,-14.91,-456.91
146.69,-30.644,-49.965
127,-20.939,-475.4
101.6,-38.452,-218.77
93.94,-13.601,-414.81
116.31,-10.953,-354.12
131.36,-29.619,-449.66
100.62,-49.918,-50.881
115.63,-59.676,-376.15
137.33,-20.516,-354.46
125.44,-16.479,-140.77
108.6,-3.9306,-471.63
123.19,-65.998,-188.52
133.72,-17.379,-133.6
133.59,-65.596,-157.7
112.29,-16.324,-19.234
114.62,-63.426,-96.212
134.9,-60.047,-302.2
110.53,-16.284,-3.7487
132.03,-42.75,-423.87
100.85,-47.683,-266.34
95.204,-48.25,-363.7
107.57,-56.962,-188.16
147.44,-29.867,-76.542
125.73,-16.107,-206.35
121.42,-14.279,-282.53
141.76,-22.377,-293.29
115,-8.0169,-405.51
129.74,-16.082,-65.963
148.52,-52.913,-117.16
111.47,-13.054,-337.38
122.13,-10.078,-401.94
141.05,-62.212,-163.19
142.7,-58.126,-251.53
114.45,-51.304,-468.84
126.73,-20.718,-477.39
143.74,-24.385,-72.804
99.637,-54.548,-394.13
84.775,-8.1591,-490.65
104.31,-52.025,-206.01
144.01,-23.24,-135.74
117.65,-63.69,-270.63
134.62,-63.442,-249.82
92.572,-44.92,-375.01
119.28,-16.793,-224.24
82.257,-31.932,-442.34
139.59,-36.304,-381.95
116.77,-64.291,-63.068
141.29,-44.431,-353.53
118.41,-45.841,-487.59
101.81,-39.095,-128.5
94.521,-49.04,-380.56
148.71,-31.399,-93.509
85.019,-13.711,-461.58
98.397,-38.599,-285.73
103.82,-32.009,-143.6
104.61,-56.147,-302.33
130.54,-15.519,-262.62
100.66,-52.504,-485.07
129.32,-25.512,-463.76
126.74,-62.852,-305.83
90.234,-43.109,-392.58
140.38,-35.138,-375.69
147.97,-35.439,-47.088
150.51,-32.857,-197.87
151.76,-38.172,-145.33
136.96,-33.176,-404.91
101.8,-39.923,-206.67
149.43,-40.286,-269
144.41,-58.264,-108.91
100.44,-40.298,-88.128
138.61,-62.361,-229.74
112.49,-9.6289,-378.51
126.26,-66.422,-140.98
124.41,-11.309,-381.29
146.37,-57.412,-166.4
130.06,-16.509,-184.55
139.42,-35.61,-383.77
130.14,-14.282,-356.7
152.14,-41.873,-171.99
136.02,-61.047,-280.77
102.64,-46.908,-194.31
114.64,-18.792,-100.75
146.12,-38.061,-317.11
98.688,-45.526,-295.48
122.02,-65.862,-111.61
132.19,-63.574,-265.91
144.85,-24.51,-249.32
149.18,-31.445,-108.89
119.02,-63.681,-286.23
114.01,-62.495,-243.14
109.34,-59.851,-321.46
134.27,-17.543,-136.45
127.28,-35.326,-473.85
123.06,-58.101,-379.8
124.34,-66.269,-168.77
131.54,-18.674,-417.12
142.3,-21.5,-180.18
145.69,-57.988,-143.58
119.92,-61.879,-336.39
134.45,-62.202,-41.095
144.79,-56.025,-78.931
142.5,-58.327,-251.41
134.45,-17.607,-68.331
143.95,-23.945,-266.41
108.57,-16.017,-318.31
114.36,-63.196,-9.3146
104.43,-30.814,-150.44
141.62,-60.402,-228.2
121.19,-16.884,-196.75
145.03,-25.004,-257.25
92.072,-41.359,-366.72
93.781,-39.234,-344.19
103.3,-55.089,-442.28
151.01,-47.717,-135.51
115.33,-6.4086,-462.68
100.06,-39.335,-256.42
102.37,-27.648,-270.13
106.71,-58.592,-50.346
140.11,-27.614,-367.31
135.79,-54.217,-347.71
145.74,-35.091,-7.0224
102.98,-55.864,-419.94
131.45,-65.11,-86.266
148.61,-50.579,-91.479
140.79,-60.983,-229.19
141.31,-33.475,-366.61
107.33,-57.219,-127.01
111.05,-61.411,-84.597
142.87,-26.094,-322.61
111.93,-21.446,-141.7
136.15,-45.671,-387.49
94.499,-26.855,-352.65
113.35,-13.853,-319.17
116.51,-18.144,-108.69
142.94,-51.938,-12.863
113.71,-20.101,-132.93
108.53,-59.402,-316.46
102.32,-54.154,-314.19
133.58,-55.175,-354.74
124.19,-48.932,-441.91
149.66,-52.119,-183.36
99.252,-34.246,-280.17
82.977,-41.546,-463.08
129.72,-14.627,-390.16
121.94,-60.287,-358.14
117.51,-64.606,-136.57
110.58,-60.606,-118.8
129.48,-26.699,-463.61
148.16,-34.193,-282.02
100.01,-30.147,-286.09
129.14,-18.266,-442.19
125.02,-12.24,-346.01
103.9,-25.633,-59.008
94.211,-4.9438,-473.59
98.706,-10.888,-409.97
96.17,-52.179,-476.21
121.58,-65.566,-203.77
150.11,-34.736,-240.43
80.714,-25.169,-456.86
98.843,-37.405,-279.71
134.93,-48.219,-385.4
109.73,-22.741,-208.11
145.73,-58.135,-171.81
133.6,-65.341,-124.89
135.89,-59.132,-5.9757
95.654,-41.722,-326.55
103.06,-52.184,-86.577
142.68,-60.016,-217.13
96.765,-36.608,-15.458
89.633,-12.436,-443.03
125.3,-64.32,-278.02
135.63,-64.954,-164.54
123.58,-65.376,-238.9
114.24,-62.88,-159.36
88.788,-40.716,-398.61
136.36,-31.956,-409.72
126.23,-15.608,-67.805
92.439,-23.009,-380.82
138.8,-52.749,-336.15
136.44,-18.294,-147.8
151.75,-44.732,-144.95
83.797,-23.874,-437.23
101.35,-37.937,-228.04
86.618,-36.971,-410.39
99.279,-25.514,-317.11
145.2,-55.021,-73.465
146.26,-34.064,-19.875
140.19,-58.325,-278.27
147.66,-53.084,-97.147
105.87,-3.2431,-476.74
105.85,-24.251,-71.936
108.29,-59.033,-289.88
147.62,-27.135,-196.07
76.416,-23.504,-490.09
89.192,-46.588,-428.54
141.25,-61.731,-130.98
129.94,-66.006,-115.8
104.79,-4.2939,-458.4
119.79,-14.731,-276.8
113.96,-63.231,-47.287
146.38,-35.576,-17.017
141.33,-43.938,-354.62
103.19,-53.425,-279.04
106.18,-57.708,-388.12
122.28,-10.861,-454.66
127.29,-64.098,-27.284
132.72,-16.096,-266.34
128.88,-63.82,-278.91
135.39,-60.747,-25.089
137.53,-25.25,-386.51
146,-1.2498,-346.17
162.6,-13.991,-177.18
153.59,-39.585,-329.95
120.13,-14.808,-178.38
160.45,-20.316,-14.506
125.55,-46.898,-247.12
116.5,-5.8192,-331.01
114.98,-15.299,-39.528
119.09,-16.664,-182.6
164.64,-34.435,-109.19
141.01,-50.938,-264.39
155.01,-7.7019,-305.74
116.58,2.8798,-395.84
164.11,-21.692,-257.38
119.15,-10.95,-60.299
162.61,-15.874,-100.71
135.59,-1.5783,-255.29
145.61,-2.4161,-6.7775
146.59,-9.6471,-434.69
144.14,-1.814,-4.2051
165.62,-25.983,-230.04
138.36,-3.1917,-491.82
118.43,-40.669,-278.99
159.12,-28.623,-328.41
111.99,-21.433,-24.093
131.14,-48.222,-328.92
121.68,-43.706,-256.07
161.47,-35.022,-49.737
158.35,-10.579,-279.51
121.76,-11.824,-127.9
146.93,-10.274,-433.22
152.25,-49.253,-223.81
111.85,-27.683,-303.29
137.08,-50.482,-279.62
123.94,-9.9563,-155.74
137.42,1.7546,-338.52
133.19,-3.8065,-122.55
124.03,-45.872,-260.65
163.35,-38.373,-217.21
118.75,-14.011,-90.407
105.32,3.0674,-446.58
132.77,-2.8351,-238.86
109.03,-38.055,-465.81
132.37,-4.4306,-158.03
135.33,-51.851,-114.75
96.914,-7.8037,-451.34
119.94,-5.1205,-311.22
136.94,-2.1647,-229.28
140.84,-52.523,-185.62
160.25,-17.609,-310.1
102.27,-13.915,-402.12
162.8,-40.179,-130.42
126.44,-47.659,-142.04
134.98,-3.553,-156.62
131.53,1.5384,-331.57
124.86,-47.759,-32.77
121.33,-12.428,-200.44
115.18,-34.213,-272.33
162.51,-17.193,-265.53
144.5,-48.634,-7.1029
118.22,-14.122,-81.302
107.54,-26.278,-353.38
150.81,-4.5902,-97.147
166.44,-25.924,-193.13
103.21,-31.107,-419.78
139.6,-30.9,-457.75
153.9,-49.409,-155.35
120.24,-12.351,-230.55
104.32,6.0554,-469.68
138.32,-46.339,-354.82
115.67,-10.6,-305.7
142.75,-38.234,-403.9
92.472,-20.438,-482.57
126.3,-6.3079,-231.5
152.06,-4.5889,-265.35
134.4,-47.152,-352.66
105.89,-7.7738,-392.91
129.65,-49.935,-78.648
157.29,-46.791,-195.54
95.511,-19.547,-453.92
92.761,-7.6609,-479.79
143.29,-41.534,-379.33
144.13,-51.871,-93.716
153.01,-48.952,-220.67
122.49,-0.6799,-337.53
159.24,-36.889,-295.32
122.58,-8.6129,-79.238
163.16,-17.931,-256.07
158.65,-38.399,-292.1
155.95,-24.381,-364.4
123.93,-37.79,-483.03
160.67,-20.549,-313.06
147.32,-21.665,-434.85
116.13,-27.161,-125.78
112.81,-20.726,-34.813
94.084,-22.578,-473.58
162.82,-14.359,-171.26
137.18,-51.529,-236.65
146.42,-1.541,-307.62
138.13,-27.204,-480.95
135.89,-3.2888,-172.62
97.227,3.0731,-487.74
147.62,-10.112,-426.22
109.5,-34.159,-363.84
154.49,-18.546,-378.11
115.2,10.352,-473.05
115.68,-40.188,-458.74
114.29,-34.96,-43.26
117.15,-36.316,-103.49
144.4,-48.557,-4.7892
111.95,-18.522,-308.39
110.9,-30.415,-324.12
142.11,-0.49708,-291.34
126.13,-48.07,-80.165
158.29,-42.161,-263.93
135.74,-50.29,-282.74
163.12,-38.195,-107.25
161.15,-23.408,-18.794
166.04,-32.408,-147.96
132,-44.125,-397.59
131.63,-50.563,-165.51
162.65,-36.565,-80.585
119.06,-38.371,-172.02
151.71,-4.9312,-122.09
144.24,-2.5621,-95.429
109.14,-37.612,-415.22
146.15,-2.7045,-48.63
127.57,-47.74,-313.84
166.19,-23.048,-162.35
96.764,-9.225,-449.34
162.26,-17.217,-72.157
158.49,-9.8478,-253.96
162.7,-36.951,-247.01
162.54,-14.505,-131.82
154.15,-38.281,-333.59
144.37,-34.771,-413.83
141.43,-51.782,-74.572
113.8,-34.184,-299.27
102.98,-15.775,-394.09
155.52,-37.324,-328.09
152.24,-19.067,-398.3
152.73,-5.1363,-192.12
161.71,-37.787,-73.444
117.39,-11.27,-39.221
132.02,-1.1187,-22.442
143.36,-35.008,-418.22
153.16,-6.8724,-29.878
161.43,-12.768,-220.94
122.94,-44.387,-216.54
131.57,6.416,-444.78
141.14,-45.687,-352.16
143.72,-0.56257,-306.11
140.13,-50.342,-282.24
106.88,8.4584,-476.75
112.83,-30.898,-36.927
107.55,-37.259,-446.34
157.41,-25.142,-350.41
158.76,-22.784,-338.03
140.22,-50.574,-27.376
111.76,-24.99,-26.346
144.34,-2.2171,-55.322
160.79,-25.093,-11.216
109.95,-37.936,-405.87
117.26,-21.516,-189.51
90.483,-9.0796,-493.94
131.56,6.0708,-425.87
99.91,-31.964,-473.02
163.59,-17.622,-106.47
135.44,-31.549,-477.22
121.87,-43.445,-232.5
145.31,-31.689,-421.73
117.33,-18.519,-109.79
149.55,-9.332,-403.82
159.7,-43.536,-108.27
161.7,-14.644,-256.78
164.77,-20.825,-109.29
128.41,-2.9208,-272.84
152,-14.563,-395.9
119.63,-40.505,-458.87
123.4,-9.0073,-224.94
151.37,-44.851,-303.44
155.23,-33.647,-347.61
133.49,-0.91591,-23.142
125.96,-47.121,-167.11
129.2,-49.315,-170.71
104,-13.581,-389.89
162.7,-37.702,-91.835
122.51,-9.2359,-88.928
120.03,-43.389,-400.61
125.54,-5.8914,-249.9
145.27,-38.188,-390.95
102.71,-15.49,-396.53
157.43,-28.085,-345.65
128.33,-2.4475,-30.187
120.15,-8.7336,-274.82
112.18,-32.044,-19.674
159.95,-17.027,-312.14
117.37,-11.786,-279.43
148.42,-4.3287,-377.93
132.63,-3.9461,-200.87
103.95,2.4979,-450.03
148.49,-4.8241,-383.4
135.38,-1.9093,-63.684
161.41,-23.441,-306.83
161.25,-17.003,-50.285
127.67,-4.8726,-243.68
164.38,-31.706,-86.44
144.66,-11.306,-455.86
106.88,-7.8616,-386.06
159.4,-10.596,-241.57
127.92,-2.7116,-279.96
160.48,-35.762,-38.958
128.08,-47.842,-317.69
159.63,-11.613,-92.416
108.83,-9.8849,-364.99
147.16,-46.408,-314.67
113.75,-40.286,-442.62
110.93,-27.886,-10.725
137.87,-52.27,-183.83
115.72,-26.149,-109.73
139.32,-42.23,-391.88
163.19,-39.484,-130.29
127.17,-4.2515,-57.377
163.01,-39.136,-117.6
116.67,-35.239,-100.42
157.03,-8.5274,-107.93
138.13,-52.343,-119.02
141.47,-52.654,-146.86
149.02,-3.8455,-70.659
112.77,-33.147,-309.78
130.59,-4.8071,-121.29
28.028,-100.61,-97.444
25.951,-121.67,-400.54
41.343,-80.846,-362.08
33.277,-135.14,-224.67
24.324,-118.34,-84.482
69.517,-115.99,-316.75
73.462,-111.17,-185.9
46.676,-90.376,-129.84
13.099,-102.41,-488.84
44.557,-124.73,-411.68
41.13,-130.59,-363.99
67.378,-107.45,-370.04
68.089,-124.96,-24.389
24.748,-119.24,-7.9671
38.433,-92.943,-142.47
59.66,-135.02,-267.55
13.955,-104.03,-480.24
22.831,-104.42,-283.98
23.995,-117.03,-60.627
72.356,-112.21,-257.41
66.874,-97.643,-313.04
56.116,-131.42,-327.87
51.29,-138.82,-91.768
48.306,-139.66,-239.02
38.517,-90.904,-84.8
45.094,-88.211,-271.74
68.134,-99.972,-226.83
46.015,-129.11,-375.52
59.45,-136.3,-249.22
51.801,-89.979,-238.11
28.83,-98.085,-74.741
30.064,-129.15,-332.8
56.31,-91.916,-180.58
63.894,-124.58,-332.18
41.859,-91.638,-144.01
69.786,-100.75,-114.85
24.882,-98.575,-294.21
45.151,-87.901,-276.92
49.457,-90.721,-194.32
26.754,-103.25,-105.68
69.367,-101.78,-230.74
35.216,-92.7,-246.36
39.91,-91.898,-124.79
51.491,-137.9,-73.237
72.715,-113.82,-246.49
60.348,-97.244,-475.71
71.338,-104.45,-168.05
36.743,-126.64,-396.25
24.181,-115.99,-130.69
64.395,-94.889,-110.12
59.725,-131.66,-16.776
51.128,-110.95,-481.14
65.967,-96.472,-298.16
37.188,-137.39,-139.26
60.786,-93.24,-238.16
28.07,-89.332,-336.04
32.381,-92.697,-50.985
33.286,-95.938,-129.39
50.825,-140.61,-152.9
73.57,-112.29,-192.48
64.851,-98.083,-412.7
70.656,-113.43,-303.99
41.698,-139.73,-179.66
11.44,-93.718,-466.52
24.726,-110.12,-165.91
30.79,-97.539,-107.38
54.716,-85.967,-21.059
68.509,-106.5,-351.53
58.085,-92.238,-147.09
50.982,-88.268,-74.917
64.806,-91.004,-8.1801
65.756,-93.445,-41.672
25.966,-125.49,-173.35
19.429,-82.912,-425.33
54.165,-134.47,-25.353
68.735,-130.51,-202.56
73.848,-112.2,-86.982
54.852,-85.851,-18.421
67.922,-99.684,-207.41
28.836,-128.26,-332.21
65.953,-134.2,-158.26
61.956,-102.71,-444.93
70.023,-129.03,-190.18
24.033,-117.24,-60.116
25.154,-105.57,-223.85
25.331,-91.291,-341.09
38.784,-91.028,-89.725
55.219,-129.49,-348
35.845,-92.808,-237.59
64.086,-135.37,-199.4
39.88,-137.92,-110.89
20.184,-110.61,-316.99
34.943,-136.52,-182.58
73.8,-111.44,-88.609
57.646,-122.42,-385.72
33.133,-65.635,-487.22
57.828,-129.97,-332.04
35.552,-94.138,-208.61
57.679,-131.86,-5.9957
66.469,-97.532,-364.38
65.827,-123.27,-323.4
42.936,-137.23,-70.176
28.84,-68.827,-470.03
70.923,-100.07,-6.5657
25.053,-123.98,-346.75
24.974,-120.98,-87.129
63.238,-135.03,-104.58
12.872,-101.7,-470.26
42.354,-139.82,-160.89
32.299,-80.41,-382.32
28.577,-129.03,-309.86
71.233,-100.96,-10.532
54.01,-91.213,-158.04
25.056,-124.5,-226.22
67.977,-126.56,-41.154
73.791,-116.28,-88.956
67.251,-123.53,-306.5
24.596,-119.8,-126.31
38.712,-130.39,-363.1
23.872,-116.95,-31.164
24.229,-117.62,-150.65
34.943,-134.43,-85.86
11.271,-84.205,-483.61
28.857,-85.093,-362.15
32.778,-95.198,-230.1
49.059,-137.04,-54.815
59.524,-84.871,-485.52
27.556,-101.52,-100.42
71.708,-123.96,-222.41
50.769,-131.14,-349.27
44.077,-87.132,-49.068
22.557,-106.43,-277.87
30.436,-132.25,-257.03
64.52,-95.785,-413.74
29.14,-128.38,-66.978
53.225,-90.408,-123.17
73.807,-113.79,-79.724
23.779,-105.9,-39.243
34.792,-131.41,-337.87
38.604,-92.578,-207.81
53.534,-91.215,-186.89
47.275,-135.73,-33.032
22.7,-107.46,-8.2911
45.129,-139.89,-226
54.458,-122.34,-400.8
49.202,-117.67,-448.75
46.746,-68.57,-485.95
56.419,-135.21,-286.8
54.63,-90.107,-253.08
61.605,-90.338,-336.89
20.45,-69.508,-491.77
41.652,-137.62,-271.27
63.387,-134.74,-230.59
44.378,-137.99,-79.76
68.719,-124.25,-282.12
70.48,-126.54,-90.472
25.97,-95.683,-304.44
24.803,-120.5,-102.87
23.076,-109.09,-29.14
63.411,-92.253,-423.14
53.959,-91.106,-207.29
42.584,-88.069,-278.94
66.803,-97.896,-276.92
73.823,-114.32,-81.965
26.013,-126.76,-243.52
20.679,-76.137,-453.33
56.709,-133.07,-309.3
30.137,-130.67,-302.36
67.246,-98.742,-344.23
71.687,-103.84,-105
57.977,-80.695,-457.71
67.304,-93.527,-2.147
47.792,-90.838,-170.01
58.098,-136.19,-262.44
34.078,-135.03,-257.68
43.499,-139.31,-237.7
24.009,-114.93,-96.505
25.498,-118.21,-439.09
25.623,-98.505,-19.561
22.061,-118.83,-299.55
19.924,-85.848,-408.01
66.412,-127.46,-29.765
24.353,-118.28,-7.4144
37.694,-91.204,-250.89
71.46,-117.03,-276.58
25.084,-125.25,-292.83
26.424,-102.72,-85.469
60.99,-92.361,-274.97
58.216,-112.8,-434.26
24.483,-104.09,-46.041
54.146,-136.31,-283.55
23.962,-122.64,-259.59
67.126,-132.46,-202.72
27.604,-128.99,-193.1
54.213,-85.728,-332.14
62.029,-135.1,-89.229
31.356,-72.617,-438.97
47.148,-75.995,-413.11
54.071,-90.278,-243.5
53.542,-133.81,-315.49
60.963,-137.06,-213.55
29.549,-71.809,-448.31
43.887,-140.02,-147.06
72.136,-106.98,-201.63
20.525,-93.972,-365.15
42.857,-134.74,-319.95
41.893,-88.983,-266.35
70.496,-107.51,-304.23
18.876,-110.59,-348.48
71.614,-126.03,-191.08
17.935,-74.089,-478.05
47.505,-77.207,-402.4
47.202,-140.59,-200.71
20.213,-108.65,-317.05
70.007,-98.921,-39.782
16.885,-103.12,-380.15
22.324,-109.48,-269.08
52.046,-138.03,-76.976
56.201,-138,-244.27
56.022,-88.577,-61.207
28.073,-97.492,-52.773
63.218,-94.829,-242.36
44.794,-129.41,-374.27
53.653,-139.86,-213.59
74.153,-114.57,-140.01
28.714,-88.58,-337.73
57.817,-107.32,-462.05
58.444,-85.046,-381.18
57.284,-92.134,-161.29
73.28,-114.17,-222.12
72.774,-109.5,-212.79
59.63,-83.813,-323.5
49.864,-98.023,-128.52
78.479,-82.549,-403.62
82.685,-129.66,-32.297
81.025,-117.93,-384.63
41.647,-116.7,-305.51
45.041,-100.89,-43.78
46.875,-101.36,-215.46
54.226,-91.133,-68.24
88.166,-98.733,-286.79
48.214,-124.67,-31.946
86.843,-112.08,-361.44
32.863,-98.022,-448.56
88.348,-103.58,-352.55
45.671,-105.67,-146.85
61.121,-73.471,-415.11
80.023,-136.84,-189.8
90.322,-118.65,-285.07
44.81,-120.48,-158.64
62.989,-73.218,-418.86
50.708,-68.955,-457.03
92.162,-118.08,-50.179
78.852,-100.72,-475.62
50.827,-96.16,-218.7
58.874,-73.457,-414.99
78.348,-85.416,-354.42
76.879,-110,-449.8
44.47,-103.24,-50.689
46.286,-122.45,-375.88
88.301,-106.25,-354.74
84.032,-94.15,-141.06
75.724,-75.837,-471.98
49.98,-130.94,-188.22
89.87,-100.11,-133.91
58.533,-137.12,-157.45
75.329,-84.797,-19.482
46.04,-122.87,-95.914
61.584,-134.64,-302.01
74.171,-83.538,-3.9915
69.226,-120.33,-423.85
43.823,-103.06,-266.16
38.111,-100.49,-363.49
43.831,-113.98,-187.9
92.954,-118.13,-76.765
83.804,-94.472,-206.64
80.877,-90.789,-282.82
91.146,-110.14,-293.56
78.692,-82.654,-405.84
88.365,-96.129,-66.279
78.549,-136.75,-117.12
73.464,-83.806,-337.64
82.865,-88.791,-402.27
66.364,-139.36,-163
69.33,-137.86,-251.39
49.793,-115.87,-468.66
78.76,-100.38,-477.61
93.681,-111.53,-73.077
37.141,-108.35,-393.86
54.554,-63.884,-490.85
44.314,-108.22,-205.8
93.961,-111.23,-136.02
46.362,-126.14,-270.33
59.74,-136.73,-249.58
38.116,-96.316,-374.82
78.232,-90.965,-224.5
37.855,-80.167,-442.25
79.604,-119.98,-382.05
47.475,-124.7,-62.771
75.979,-127.12,-353.54
56.139,-114.35,-487.48
51.521,-96.207,-128.44
36.903,-100.76,-380.33
92.766,-120.23,-93.718
51.478,-68.108,-461.71
47.577,-94.644,-285.65
57.458,-92.169,-143.63
40.89,-112.19,-302.06
87.279,-97.475,-262.93
38.281,-108.03,-484.82
77.811,-105.64,-463.93
53.495,-131.57,-305.57
37.304,-93.538,-392.4
81.017,-119.55,-375.8
90.093,-122.56,-47.251
92.11,-123.17,-198.06
90.209,-127.72,-145.47
79.352,-116.04,-405.03
50.164,-97.339,-206.58
85.761,-128.63,-269.1
72.047,-138.15,-108.79
50.128,-95.994,-88.044
63.704,-138.34,-229.54
76.016,-82.102,-378.81
52.562,-132.94,-140.69
84.04,-91.069,-381.62
73.492,-139.13,-166.3
87.089,-97.421,-184.85
79.9,-119.35,-383.87
86.777,-96.872,-357.02
87.842,-130.97,-172.08
62.028,-135.99,-280.57
46.447,-103.15,-194.15
74.688,-88.722,-100.97
84.157,-125.11,-317.21
43.246,-100.2,-295.32
49.983,-129.6,-111.31
57.621,-135.37,-265.67
92.599,-113.47,-249.58
92.938,-120.67,-109.1
47.253,-127.12,-285.94
44.631,-122.71,-242.84
41.931,-118.19,-321.17
90.16,-100.61,-136.76
69.836,-111.91,-473.9
52.95,-126.04,-379.57
50.895,-131.76,-168.47
84.391,-101.52,-417.39
93.307,-109.09,-180.47
72.838,-138.98,-143.47
48.577,-126.64,-336.11
62.594,-134.33,-40.893
74.089,-136.49,-78.839
69.048,-137.88,-251.26
90.973,-100.34,-68.647
92.094,-112.57,-266.68
69.538,-84.089,-318.53
46.898,-121.97,-9.0251
58.624,-91.691,-150.47
67.284,-138.76,-228.03
79.929,-92.088,-197.01
92.34,-114.02,-257.5
40.109,-93.213,-366.57
43.02,-92.539,-344.07
39.096,-111.43,-442
83.601,-134.48,-135.54
79.378,-82,-463.02
48.687,-96.089,-256.33
57.825,-88.711,-270.19
43.565,-113.79,-50.077
85.74,-113.56,-367.51
65.533,-131.04,-347.59
89.024,-120.6,-7.1835
38.587,-111.68,-419.66
57.956,-134.92,-86.016
80.382,-134.85,-91.465
66.261,-138.67,-229.02
82.9,-118.82,-366.75
44.124,-113.63,-126.76
44.72,-118.96,-84.31
89.297,-113.88,-322.84
70.483,-89.281,-141.88
70.885,-124.98,-387.46
51.436,-83.571,-352.68
74.587,-85.513,-319.43
76.458,-89.482,-108.93
75.99,-131.74,-12.817
72.797,-89.333,-133.13
41.645,-117.29,-316.17
40.285,-109.26,-313.93
63.156,-130.4,-354.6
59.055,-120.14,-441.79
79.237,-137.29,-183.32
51.088,-91.823,-280.14
32.009,-88.128,-462.89
85.883,-97.08,-390.47
50.915,-126.85,-357.89
47.074,-125.9,-136.27
44.52,-118.26,-118.51
77.169,-106.64,-463.77
88.567,-123.23,-282.18
54.237,-89.205,-286.11
82.554,-99.83,-442.45
84.282,-91.95,-346.33
62.504,-86.793,-59.112
64.028,-67.376,-473.87
64.32,-74.411,-410.2
35.145,-104.84,-475.94
48.868,-129.68,-203.46
90.155,-124.63,-240.59
40.866,-74.088,-456.84
48.75,-93.978,-279.64
68.339,-126.14,-385.33
67.263,-89.28,-208.26
72.482,-139.3,-171.69
59.046,-136.72,-124.64
66.04,-132.68,-5.8181
43.041,-95.535,-326.42
44.511,-106.77,-86.365
68.456,-139.07,-216.98
50.442,-90.336,-15.409
56.026,-69.978,-443.21
51.737,-131.59,-277.74
60.436,-137.99,-164.3
50.154,-131.04,-238.6
45.437,-122.62,-159.07
37.671,-90.814,-398.45
79.63,-114.75,-409.86
85.961,-93.521,-68.112
52.034,-79.481,-380.88
68.905,-131.77,-336.05
91.217,-102.65,-148.11
85.99,-132.73,-145.01
44.266,-74.952,-437.25
50.874,-95.667,-227.98
38.292,-86.626,-410.26
56.334,-85.388,-317.18
75.11,-135.95,-73.386
89.946,-120.23,-20.049
66.993,-136.57,-278.12
77.984,-136.19,-97.099
74.022,-73.589,-477.08
64.749,-87.07,-72.062
41.978,-116.68,-289.59
93.595,-116.92,-196.31
38.295,-70.263,-490.08
33.893,-95.764,-428.31
67.169,-138.92,-130.8
55.91,-134.82,-115.53
72.707,-73.578,-458.72
79.396,-90.05,-277.08
46.17,-121.99,-46.992
89.097,-121.44,-17.175
76.314,-126.77,-354.64
41.793,-109.04,-278.8
40.189,-114.95,-387.83
81.925,-89.826,-454.98
56.036,-131.09,-27.033
88.534,-99.338,-266.65
54.793,-133.51,-278.65
64.419,-133.72,-24.909
85.081,-110.22,-386.73
107.41,-97.013,-346.7
113.71,-116.36,-177.64
88.759,-131.15,-330.06
80.642,-89.698,-178.67
109.71,-118.78,-14.896
63.45,-118.21,-247.05
82.036,-81.458,-331.38
77.841,-85.876,-39.797
78.609,-90.479,-182.86
102.85,-132.89,-109.43
72.519,-131.35,-264.33
110.59,-107.49,-306.23
87.01,-75.263,-396.3
109.08,-123.74,-257.75
83.608,-85.354,-60.634
113.32,-117.32,-101.15
100.18,-89.992,-255.79
109.93,-95.484,-7.3191
101.54,-104.39,-435.12
109.21,-94.058,-4.7482
107.77,-127.83,-230.37
98.785,-94.527,-492.28
61.663,-109.06,-278.95
100.06,-126.3,-328.68
71.768,-88.552,-24.28
66.026,-123.34,-328.84
62.443,-113.33,-256.02
100.67,-130.93,-49.957
111.58,-111.67,-279.98
84.341,-88.138,-128.23
101.42,-105.09,-433.65
82.633,-137.02,-223.81
64.711,-95.038,-303.38
69.643,-128.57,-279.55
86.914,-88.283,-156.1
102.85,-89.151,-339.06
98.304,-89.306,-123.02
62.805,-116.53,-260.59
98.203,-135.78,-217.39
81.023,-87.638,-90.702
77.973,-68.208,-447
97.389,-89.041,-239.33
54.187,-102.22,-465.75
96.898,-89.482,-158.48
69.151,-127.44,-114.66
64.494,-71.162,-451.59
85.326,-83.004,-311.61
101.11,-91.141,-229.78
72.195,-131.95,-185.55
108.2,-118.48,-310.5
65.187,-78.97,-402.33
97.529,-136.25,-130.58
64.748,-118.69,-141.97
99.481,-90.482,-157.09
98.276,-85.487,-332.08
64.617,-117.05,-32.699
82.863,-88.79,-200.76
63.396,-101.99,-272.37
110.66,-119.32,-265.94
79.372,-130.18,-7.1013
80.636,-87.319,-81.595
61.787,-91.513,-353.47
111.56,-101.07,-97.677
108.82,-128.08,-193.46
54.673,-92.857,-419.79
82.282,-116.33,-457.9
84.516,-137.76,-155.36
81.758,-88.221,-230.86
78.883,-65.423,-470.12
72.462,-126.67,-354.8
78.597,-84.427,-306.01
80.549,-123.63,-403.99
52.644,-78.186,-482.66
90.277,-87.495,-231.9
110.76,-102.95,-265.87
68.957,-124.76,-352.61
72.002,-76.532,-393.2
66.408,-122.09,-78.567
88.373,-138.19,-195.6
55.846,-79.273,-454.03
61.106,-68.565,-480.03
79.101,-126.35,-379.38
76.096,-132.97,-93.668
83.447,-137.26,-220.68
89.861,-81.413,-337.98
95.188,-132.5,-295.49
87.542,-85.892,-79.612
110.78,-120.24,-256.48
93.798,-133.26,-292.25
99.98,-121.25,-364.7
65.59,-111.7,-483.04
106.6,-121.02,-313.43
94.373,-114.07,-435.14
70.189,-96.251,-125.91
72.737,-88.605,-35.011
52.598,-80.804,-473.65
113.71,-116.75,-171.72
69.494,-129.16,-236.57
107.95,-97.259,-308.15
83.293,-112.71,-481.14
100.18,-90.965,-173.1
71.342,-63.264,-488.12
102.12,-105.36,-426.65
58.12,-98.882,-363.85
102.47,-115.93,-378.47
89.94,-69.142,-473.59
57.983,-108.08,-458.69
64.634,-100.52,-43.297
65.325,-103.78,-103.52
79.371,-130.04,-4.7883
70.626,-88.121,-308.59
62.011,-96.656,-324.18
105.49,-93.584,-291.87
64.897,-118.41,-80.093
91.4,-135.73,-264.04
68.702,-127.58,-282.66
99.294,-134.79,-107.44
108.22,-121.63,-19.15
104.82,-132.49,-148.22
68.598,-121.19,-397.56
66.614,-124.4,-165.43
100.26,-133.07,-80.789
64.749,-107.02,-172.02
111.78,-102.07,-122.61
107.86,-95.284,-95.956
55.081,-101.62,-415.18
109.71,-96.315,-49.167
63.753,-120.57,-313.76
110.8,-125.51,-162.72
63.487,-72.141,-449.57
112.49,-117.94,-72.586
112.43,-111.04,-254.45
98.307,-134.46,-247.2
113.81,-116.42,-132.28
89.995,-130.54,-333.73
83.909,-122.08,-413.96
74.285,-131.04,-74.517
62.073,-101.25,-299.29
64.619,-80.799,-394.28
91.712,-130.65,-328.23
100.2,-115.01,-398.64
111.69,-103.33,-192.64
98.834,-133.36,-73.631
82.278,-84.335,-39.546
100.18,-85.85,-22.944
82.942,-121.64,-418.34
112.6,-103.89,-30.396
113.14,-114.95,-221.4
63.385,-114.41,-216.49
100.25,-82.498,-445.34
75.07,-127.97,-352.15
106.53,-94.769,-306.65
72.042,-130.44,-282.18
82.314,-65.272,-477.23
66.191,-96.423,-37.006
53.768,-100.53,-446.3
100.75,-122.68,-350.71
103.44,-121.66,-338.36
74.632,-129.04,-27.333
69.28,-91.143,-26.491
108.57,-94.825,-55.857
106.94,-122.64,-11.553
55.593,-102.33,-405.83
74.013,-93.062,-189.7
58.301,-68.279,-494.15
100.22,-82.639,-426.42
51.036,-91.735,-473.01
112.88,-119.32,-106.9
78.474,-114.28,-477.35
63.002,-113.1,-232.45
86.528,-120.37,-421.9
76.836,-90.304,-110.03
104.33,-105.86,-404.27
93.23,-136.69,-108.38
111.77,-116.79,-257.23
111.7,-122.56,-109.69
93.636,-86.521,-273.29
102.93,-111.39,-396.3
60.801,-110.86,-458.83
86.386,-87.654,-225.3
83.957,-133.6,-303.49
93.652,-127.78,-347.8
101.44,-86.649,-23.652
64.462,-118.13,-167.04
65.494,-121.91,-170.63
66.851,-79.745,-390.11
99.45,-134.04,-92.025
86.982,-86.383,-89.293
59.87,-112.96,-400.55
89.768,-86.804,-250.3
82.644,-125.13,-391.05
64.569,-80.424,-396.72
98.931,-124.92,-345.91
96.423,-84.549,-30.658
83.546,-85.673,-275.17
65.138,-96.772,-19.738
108.32,-117.85,-312.55
79.408,-86.256,-279.73
106.96,-101.13,-378.43
96.96,-89.553,-201.33
76.519,-67.784,-450.43
106.63,-101.59,-383.9
101.82,-88.883,-64.187
105.37,-123.67,-307.17
112.08,-116.99,-50.714
92.117,-87.35,-244.11
104.65,-130.49,-86.708
98.776,-104.56,-456.26
72.778,-77.194,-386.36
112.77,-112.11,-242.05
93.317,-86.089,-280.41
99.552,-130.79,-39.166
64.039,-121.01,-317.61
113.86,-112.09,-92.899
73.189,-79.859,-365.27
79.615,-132.16,-314.68
56.607,-106.81,-442.56
66.949,-92.729,-10.834
70.098,-129.83,-183.75
70.699,-95.115,-109.87
75.478,-124.41,-391.9
98.273,-135.97,-130.46
94.087,-85.358,-57.821
98.497,-135.51,-117.77
65.682,-102.63,-100.46
113.69,-108.15,-108.44
70.933,-129.64,-118.94
72.998,-132.2,-146.79
110.95,-99.175,-71.193
61.84,-99.86,-309.81
95.683,-88.395,-121.74
-44.204,-95.71,-96.374
-62.515,-112.46,-399.19
-24.082,-90.828,-361.27
-63.712,-126.36,-223.21
-58.3,-106.83,-83.191
-24.607,-135.57,-315.65
-17.115,-133.57,-184.88
-23.684,-100.07,-128.96
-60.907,-90.007,-487.66
-50.34,-126.83,-410.37
-56.234,-128.81,-362.6
-21.318,-127.99,-369.02
-28.4,-139.65,-23.197
-57.755,-107.3,-6.6734
-31.781,-96.817,-141.52
-43.873,-143.5,-266.19
-61.202,-91.742,-479.04
-52.594,-96.489,-282.83
-57.466,-105.47,-59.352
-19.379,-134.11,-256.37
-14.803,-119.79,-312.14
-44.908,-138.85,-326.54
-50.881,-139.9,-90.344
-55.25,-139.57,-237.57
-29.801,-94.939,-83.885
-24.993,-98.302,-270.86
-14.43,-121.83,-225.92
-51.658,-130.89,-374.16
-44.666,-144.23,-247.85
-20.639,-103.75,-237.24
-41.732,-94.149,-73.705
-63.46,-120.4,-331.39
-17.825,-107.76,-179.72
-34.595,-138.63,-330.95
-28.334,-98.029,-143.09
-12.488,-122.77,-113.94
-47.374,-93.394,-293.13
-24.806,-98.134,-276.05
-22.452,-102.53,-193.44
-46.965,-96.97,-104.57
-14.688,-124.03,-229.81
-35.179,-95.229,-245.4
-29.793,-96.852,-123.87
-49.942,-139.21,-71.826
-20.027,-135.51,-245.43
-21.253,-116.33,-474.77
-14.238,-126.95,-167.1
-57.396,-123.17,-394.89
-57.385,-105.23,-129.42
-12.803,-114.79,-109.26
-39.031,-139.35,-15.474
-37.183,-120.94,-480.01
-14.589,-118.22,-297.27
-61.265,-130.04,-137.79
-15.852,-112.02,-237.29
-39.431,-88.632,-335.09
-35.3,-92.152,-50.027
-37.511,-95.719,-128.39
-53.029,-141.36,-151.45
-17.819,-134.54,-191.45
-17.681,-119.47,-411.78
-21.955,-134.26,-302.92
-59.738,-135,-178.18
-56.359,-82.14,-465.44
-53.565,-101.31,-164.71
-40.222,-95.2,-106.36
-13.55,-101.16,-20.27
-19.644,-127.87,-350.53
-16.321,-108.94,-146.23
-18.455,-100.87,-74.082
-8.9216,-111.42,-7.3724
-10.114,-114.12,-40.837
-62.573,-113.94,-171.98
-42.862,-78.732,-424.41
-45.184,-137.99,-23.995
-33.341,-145.46,-201.29
-16.443,-133.97,-85.956
-13.343,-101.14,-17.634
-14.203,-121.35,-206.5
-63.82,-118.92,-330.81
-37.381,-146.21,-156.94
-23.209,-121.36,-443.94
-31.272,-145.07,-188.94
-57.565,-105.65,-58.839
-50.922,-98.476,-222.7
-42.841,-88.404,-340.1
-29.728,-95.237,-88.809
-44.567,-136.92,-346.68
-34.675,-95.66,-236.63
-39.989,-146.17,-198.06
-59.245,-132,-109.43
-58.946,-99.741,-315.75
-62.882,-128.22,-181.11
-16.008,-133.37,-87.593
-38.557,-133.3,-384.49
-21.909,-74.701,-486.55
-42.704,-138.86,-330.72
-35.45,-96.304,-207.64
-40.618,-138.13,-4.684
-15.581,-119.78,-363.48
-32.183,-138.82,-322.19
-56.034,-133.17,-68.739
-27.069,-74.277,-469.3
-10.045,-122.29,-5.6765
-64.123,-113.31,-345.38
-59.531,-109.29,-85.81
-39.425,-144.75,-103.25
-60.428,-89.196,-469.09
-59.096,-135.37,-159.42
-30.943,-84.811,-381.48
-64.28,-119.2,-308.44
-10.422,-123.19,-9.6328
-18.899,-105.6,-157.18
-63.191,-112.93,-224.85
-29.691,-140.91,-39.942
-19.13,-137.08,-87.883
-31.081,-139.82,-305.3
-59.469,-108.39,-125
-57.948,-127.1,-361.71
-57.197,-105.14,-29.892
-58.608,-106.65,-149.36
-60.522,-125.99,-84.423
-50.554,-74.853,-482.63
-36.377,-86.057,-361.25
-38.482,-95.472,-229.1
-51.063,-136.87,-53.405
-14.036,-106.39,-484.73
-45.187,-96.128,-99.34
-27.059,-142.47,-221.23
-49.045,-135.33,-347.91
-22.743,-95.393,-48.221
-54.034,-97.816,-276.7
-64.371,-122.52,-255.59
-16.469,-117.5,-412.85
-60.881,-117.51,-65.59
-18.617,-104.26,-122.32
-17.423,-135.12,-78.681
-50.25,-96.661,-38.098
-61.342,-125.2,-336.45
-32.102,-97.066,-206.87
-19.568,-105.48,-186.02
-51.356,-134.58,-31.633
-51.754,-96.962,-7.1267
-57.699,-137.62,-224.53
-41.104,-131.29,-399.55
-42.637,-124.65,-447.54
-13.353,-85.691,-485.29
-46.677,-141.68,-285.43
-18.711,-105.76,-252.22
-14.395,-110.96,-336.06
-34.163,-69.546,-491
-59.378,-133.94,-269.81
-40.452,-145.44,-229.25
-55.516,-134.74,-78.319
-30.164,-141.16,-280.92
-28.273,-142.81,-89.266
-44.79,-91.944,-303.4
-59.52,-108.92,-101.56
-52.735,-98.591,-27.956
-15.147,-114.14,-422.28
-19.387,-105.8,-206.43
-26.901,-96.626,-278.06
-14.641,-119.71,-276.02
-17.774,-135.55,-80.915
-64.086,-115.39,-242.12
-37.844,-74.525,-452.49
-45.321,-140.38,-307.95
-64.058,-121.41,-300.93
-15.552,-121.07,-343.32
-12.917,-126.3,-104.06
-12.245,-102.02,-456.96
-8.5667,-114.92,-1.3202
-23.548,-101.4,-169.13
-45.769,-143.36,-261.06
-63.374,-127,-256.22
-58.694,-136.2,-236.23
-56.481,-104.1,-95.252
-61.04,-109.76,-437.78
-43.88,-92.056,-18.512
-62.61,-107.14,-298.23
-44.187,-81.188,-407.06
-31.349,-140.52,-28.537
-57.436,-106.31,-6.1303
-32.368,-95.705,-249.95
-23.365,-137.36,-275.48
-64.348,-113.95,-291.45
-46.667,-96.224,-84.369
-15.516,-111.72,-274.11
-32.45,-126.62,-433.14
-48.621,-95.773,-44.92
-49.092,-141.04,-282.15
-63.183,-111.02,-258.24
-35.826,-145.92,-201.42
-63.771,-117.79,-191.69
-17.046,-102.65,-331.33
-40.237,-143.93,-87.891
-27.251,-78.598,-438.21
-17.053,-91.17,-412.37
-19.149,-105.47,-242.64
-48.284,-138.94,-314.12
-43.618,-145.55,-212.17
-28.214,-76.878,-447.55
-57.906,-136.42,-145.59
-15.606,-129.61,-200.65
-48.498,-87.524,-364.11
-57.117,-132.82,-318.52
-27.885,-96.801,-265.46
-18.277,-129.62,-303.23
-60.263,-99.083,-347.24
-28.137,-143.8,-189.88
-38.889,-71.351,-477.22
-17.446,-92.26,-401.65
-56.294,-139.33,-199.24
-57.666,-98.259,-315.84
-10.357,-121.03,-38.9
-57.325,-92.291,-378.98
-56.079,-99.945,-267.87
-49.638,-139.68,-75.566
-48.196,-143.41,-242.87
-14.648,-104.26,-60.389
-41.701,-93.067,-51.742
-15.053,-114.83,-241.48
-52.775,-130.33,-372.91
-51.017,-142.99,-212.15
-18.291,-136.33,-138.95
-38.471,-88.48,-336.78
-29.523,-122.34,-460.99
-13.881,-105.16,-380.39
-17.017,-108.43,-160.43
-19.56,-135.98,-221.06
-16.851,-132.02,-211.78
-11.574,-104.61,-322.73
-26.142,-107.97,-127.56
2.8371,-116.27,-402.94
-20.322,-152.68,-31.107
-17.748,-144.88,-383.55
-46.298,-118.13,-304.29
-30.788,-106.51,-42.777
-31.488,-109.16,-214.45
-17.741,-105.1,-67.385
1.0834,-134.14,-285.97
-43.515,-126.7,-30.679
-9.2881,-143.99,-360.45
-42.524,-99.091,-447.51
-2.5802,-138.39,-351.66
-34.46,-111.24,-145.79
-4.7473,-98.23,-414.46
-28.629,-157.48,-188.5
-10.044,-150.77,-284.02
-44.764,-122.12,-157.4
-3.1932,-99.261,-418.22
-10.262,-88.347,-456.39
-5.8048,-150.01,-49.16
-9.3085,-130.89,-474.72
-25.153,-107.74,-217.76
-6.4584,-96.774,-414.33
1.4109,-118.06,-353.7
-16.515,-136.57,-448.78
-32.809,-107.99,-49.656
-47.175,-125.96,-374.6
-4.3583,-140.43,-353.82
2.3906,-127.04,-140.28
4.3232,-109.79,-471.36
-47.835,-133.64,-186.88
3.1057,-135.32,-133.09
-44.933,-143.68,-156.07
3.0095,-113.5,-18.787
-44.701,-124.34,-94.655
-42.516,-144.66,-300.66
3.0946,-111.69,-3.3078
-28.741,-139.39,-422.69
-35.449,-108.82,-265.11
-39.194,-103.81,-362.44
-41.644,-116.7,-186.73
-5.5119,-150.73,-75.746
1.3213,-127.56,-205.86
0.64618,-123.35,-282.06
-4.0336,-144.84,-292.61
2.9098,-116.5,-405.15
5.2234,-130.86,-65.499
-28.932,-155.99,-115.82
-1.1201,-113.58,-336.92
2.2002,-123.86,-401.53
-40.429,-150.46,-161.62
-38.12,-151.78,-250.04
-41.236,-123.77,-467.47
-9.1845,-130.58,-476.71
-0.67309,-146.12,-72.139
-45.313,-109.4,-392.71
-4.412,-87.151,-490.28
-37.756,-112.7,-204.69
-0.92546,-146.47,-135.08
-48.385,-128.17,-269.02
-44.72,-144.74,-248.21
-36.63,-100.69,-373.82
-0.88085,-121.41,-223.73
-27.16,-88.581,-441.43
-20.131,-145.53,-380.93
-44.429,-126.45,-61.499
-27.193,-148.48,-352.33
-35.595,-126.81,-486.33
-23.705,-107.64,-127.51
-40.472,-103.35,-379.27
-7.1832,-152.33,-92.672
-9.1769,-88.223,-461.09
-27.372,-104.92,-284.71
-16.721,-108.46,-142.77
-43.943,-114.16,-300.89
1.4624,-132.46,-262.12
-45.183,-110.47,-483.67
-13.144,-133.91,-462.97
-46.777,-137.13,-304.22
-35.651,-98.15,-391.43
-18.705,-146.07,-374.69
-10.237,-152.09,-46.172
-10.671,-154.83,-196.97
-14.495,-156.75,-144.32
-18.03,-142.49,-403.95
-26.292,-108.13,-205.63
-19.784,-155.38,-267.91
-34.729,-152.84,-107.45
-24.211,-106.32,-87.115
-42.507,-148.39,-228.16
1.4979,-114.18,-378.13
-46.641,-136.53,-139.33
1.8524,-126.23,-380.86
-34.851,-154.88,-164.95
2.1715,-131.79,-184.04
-19.518,-145.25,-382.76
0.47862,-132.27,-356.2
-18.676,-157.89,-170.88
-42.82,-145.85,-279.2
-32.743,-110.12,-193.12
-0.85805,-116.62,-100.22
-19.256,-151.97,-316.06
-34.361,-106.45,-294.29
-46.161,-132.12,-109.99
-45.638,-142.44,-264.3
-4.6015,-148.04,-248.6
-7.4947,-152.88,-108.05
-48.492,-129.58,-284.62
-47.218,-124.25,-241.57
-47.201,-119.55,-319.93
2.9758,-135.9,-135.93
-23.389,-133.65,-472.83
-44.416,-133.02,-378.28
-47.455,-134.73,-167.12
-4.9707,-134.69,-416.51
-0.51482,-144.7,-179.55
-35.021,-154.2,-142.12
-47.696,-130.39,-334.8
-38.801,-143.4,-39.569
-31.78,-152.68,-77.532
-38.35,-151.62,-249.91
4.4879,-135.78,-67.829
-4.5893,-147.14,-265.7
-4.1094,-111.15,-317.8
-42.552,-123.64,-7.7862
-15.593,-108.89,-149.62
-40.021,-151.01,-226.66
-0.014442,-123.18,-196.23
-5.2353,-148.35,-256.52
-33.022,-99.538,-365.62
-30.123,-100.75,-343.13
-46.299,-113.33,-440.83
-23.801,-157.62,-134.28
3.2553,-116.81,-462.34
-27.142,-106.55,-255.39
-15.546,-106.86,-269.36
-40.279,-115.49,-48.917
-11.153,-144.46,-366.5
-37.653,-144.73,-346.29
-9.3756,-149.65,-6.1258
-46.612,-113.04,-418.47
-43.208,-141.16,-84.663
-26.039,-155.55,-90.2
-40.76,-150.29,-227.64
-16.699,-146.66,-365.66
-40.554,-116.22,-125.6
-43.075,-120.42,-83.092
-8.1651,-146.71,-321.84
-4.8681,-114.61,-141.11
-30.077,-143.79,-386.25
-18.003,-99.343,-351.89
-1.166,-115.5,-318.7
-0.074197,-118.39,-108.18
-26.581,-149.84,-11.578
-3.0377,-116.08,-132.37
-46.788,-118.65,-314.94
-42.648,-111.61,-312.79
-39.138,-142.76,-353.3
-36.599,-132.82,-440.59
-29.453,-157.28,-182.02
-22.811,-104.98,-279.25
-36.97,-91.055,-461.95
-0.6913,-132.07,-389.64
-46.272,-132.2,-356.59
-46.274,-127.58,-134.98
-43.138,-119.97,-117.3
-14.283,-134.27,-462.8
-14.301,-153.13,-281.07
-18.779,-105.03,-285.26
-5.554,-132.37,-441.58
1.8422,-126.83,-345.56
-8.5136,-107.04,-58.341
0.78003,-95.806,-473.3
-2.8492,-100.97,-409.55
-45.443,-105.95,-474.82
-48.035,-132.06,-202.13
-13.553,-154.97,-239.47
-21.099,-85.952,-456.11
-25.982,-105.12,-278.71
-32.75,-143.02,-384.1
-8.0309,-112.96,-207.47
-35.796,-154.4,-170.34
-43.937,-143.49,-123.27
-34.733,-144.12,-4.5297
-31.847,-102.94,-325.45
-35.423,-110.96,-85.288
-39.206,-151.93,-215.61
-19.572,-101.72,-14.552
-6.7,-92.46,-442.58
-47.844,-135.84,-276.38
-44.102,-145.61,-162.91
-48.295,-134.15,-237.25
-45.66,-124.16,-157.8
-33.683,-96.338,-397.51
-17.041,-141.72,-408.8
5.038,-127.33,-67.353
-15.212,-96.775,-380.13
-35.422,-147.39,-334.76
2.3561,-138.22,-147.26
-20.947,-157.88,-143.79
-18.843,-88.674,-436.52
-24.898,-107.45,-227.04
-30.64,-93.604,-409.37
-15.046,-103.65,-316.38
-30.595,-152.89,-72.09
-8.5662,-150.04,-18.999
-39.36,-149.46,-276.77
-28.799,-155.08,-95.81
4.4101,-107.01,-476.48
-7.1072,-108.78,-71.295
-45.864,-118.22,-288.37
-5.4978,-150.99,-195.3
-20.959,-81.582,-489.37
-40.071,-97.893,-427.3
-39.19,-150.43,-129.43
-45.022,-139.96,-114.17
3.6023,-106.04,-458.11
0.047107,-121.79,-276.32
-43.516,-123.43,-45.748
-9.9684,-150.41,-16.107
-26.726,-148.44,-353.43
-40.982,-112.18,-277.67
-47.15,-116.37,-386.62
0.26135,-124.39,-454.22
-41.599,-136.61,-25.722
1.1878,-134.71,-265.82
-46.75,-139.28,-277.29
-36.842,-144,-23.6
-9.7091,-141.6,-385.75
16.304,-145.58,-345.96
10.473,-163.36,-176.72
-19.751,-159.64,-328.86
2.2602,-121.69,-177.93
7.5584,-161.61,-13.94
-29.948,-132.92,-245.9
7.0218,-117.25,-330.72
4.0276,-116.07,-39.097
0.15738,-121.01,-182.1
-7.7599,-168.61,-108.27
-31.629,-148.93,-263.06
12.434,-155.39,-305.39
14.132,-116.12,-395.74
1.3373,-166.56,-256.72
8.5627,-119.51,-59.961
10.354,-163.35,-100.22
16.23,-134.97,-255.11
22.777,-143.85,-6.636
6.1348,-148.03,-434.27
23.172,-142.28,-4.0791
-2.0052,-168.67,-229.29
9.7659,-139.06,-491.53
-25.775,-124.97,-277.9
-7.9632,-163.17,-327.57
-2.1814,-114.12,-23.527
-32.132,-139.03,-327.64
-27.68,-128.59,-254.92
-7.5408,-165.33,-48.822
10.776,-159.06,-279.1
6.6258,-122.55,-127.52
5.6111,-148.47,-432.78
-27.098,-159.51,-222.52
-14.685,-116.34,-302.5
-32.208,-145.05,-278.3
8.2116,-124.49,-155.4
17.945,-136.58,-338.39
16.626,-132.39,-122.36
-29.508,-131.31,-259.45
-14.306,-168.53,-216.17
4.7989,-119.79,-89.991
11.211,-105.23,-446.47
14.876,-132.34,-238.66
-29.066,-116.12,-464.74
15.065,-131.84,-157.81
-30.125,-142.81,-113.44
-1.0616,-98.863,-450.98
8.7555,-120.43,-310.95
16.476,-136.28,-229.09
-31.435,-148.67,-184.28
3.4929,-162.29,-309.52
-5.032,-104.97,-401.63
-14.215,-167.9,-129.37
-28.161,-133.45,-140.83
16.416,-134.26,-156.41
16.866,-130.78,-331.44
-26.06,-131.41,-31.586
4.3133,-122.57,-200.03
-19.832,-120.62,-271.41
5.3046,-164.24,-264.96
-22.926,-150.78,-5.8942
4.8027,-119.24,-80.886
-15.185,-112.08,-352.62
19.492,-149.75,-96.928
-0.96745,-169.3,-192.38
-22.195,-108.97,-418.89
-16.527,-144.94,-456.83
-25.414,-160.85,-154.07
3.5168,-121.61,-230.13
13.455,-103.83,-469.63
-29.617,-145.89,-353.58
2.7452,-117.16,-305.31
-21.98,-149.07,-402.83
-14.98,-96.827,-481.92
10.499,-126.54,-231.22
15.901,-151.76,-265.08
-31.051,-142.16,-351.4
1.8512,-107.43,-392.56
-28.409,-136.71,-77.398
-23.158,-163.92,-194.32
-12.925,-99.534,-453.29
-2.2876,-94.879,-479.44
-24.579,-150.06,-378.19
-28.14,-151.37,-92.409
-26.598,-160.2,-219.39
12.975,-122.29,-337.36
-15.329,-164.58,-294.3
11.032,-122.57,-78.947
4.9043,-164.96,-255.49
-16.846,-164.25,-291.04
-5.1517,-159.48,-363.65
-26.606,-130.83,-481.96
0.60371,-163.23,-312.41
-5.5742,-150.83,-434.15
-9.4056,-119.66,-125.05
-1.5863,-114.85,-34.26
-16.603,-98.745,-472.88
10.284,-163.62,-170.79
-32.248,-145.13,-235.32
16.964,-145.87,-307.41
-13.668,-142.96,-480.12
16.471,-135.18,-172.42
8.8766,-97.448,-487.62
6.0489,-149.09,-425.79
-22.839,-115.44,-362.89
0.029011,-157.1,-377.49
19.499,-113.81,-473.1
-29.85,-123.01,-457.62
-15.534,-118.82,-42.375
-17.735,-122.15,-102.56
-22.815,-150.67,-3.5829
-5.7624,-114.88,-307.82
-18.011,-115.98,-323.27
17.611,-141.36,-291.17
-27.218,-132.93,-78.96
-19.975,-164.41,-262.79
-32.323,-143.7,-281.42
-11.681,-167.77,-106.25
4.5388,-162.85,-18.155
-6.3984,-169.82,-147.07
-29.504,-139.48,-396.38
-30.649,-139.17,-164.23
-9.5542,-166.9,-79.625
-20.979,-124.71,-171.02
18.749,-150.82,-121.85
20.387,-142.93,-95.261
-27.466,-115.91,-414.18
21.638,-144.61,-48.47
-31.938,-135.36,-312.58
2.5161,-168.4,-161.68
-2.4417,-98.953,-448.95
9.6181,-163.12,-71.647
12.1,-158.96,-253.58
-13.695,-167.78,-246
10.985,-163.19,-131.36
-18.451,-159.99,-332.53
-18.514,-150.11,-412.84
-28.088,-148.61,-73.274
-20.654,-119.38,-298.33
-6.5585,-105.96,-393.56
-17.147,-161.14,-327.05
-1.3326,-155.06,-397.66
17.138,-152.18,-191.86
-10.758,-166.15,-72.458
8.4199,-117.74,-38.883
21.336,-130.3,-22.334
-19.021,-149.18,-417.21
19.178,-152.16,-29.623
10.483,-162.2,-220.49
-27.237,-129.77,-215.38
19.109,-130.49,-444.74
-28.425,-148.54,-350.93
17.493,-143.04,-305.94
-31.599,-148.04,-280.92
16.105,-105.97,-476.75
-11.645,-116.65,-36.138
-28.098,-114.44,-445.3
-5.3311,-160.99,-349.64
-2.4932,-161.85,-337.33
-26.04,-147,-26.119
-5.7755,-114.52,-25.698
21.652,-142.78,-55.173
2.9888,-162.75,-10.541
-27.432,-116.73,-404.82
-5.0953,-120.08,-188.89
-4.4005,-92.947,-493.54
19.197,-130.46,-425.82
-24.818,-106.11,-472.1
8.6722,-164.65,-105.94
-18.33,-141.04,-476.29
-26.857,-128.63,-231.36
-15.495,-150.53,-420.8
-0.32464,-119.27,-109.27
7.6586,-150.75,-403.41
-17.557,-165.33,-107.14
7.8711,-162.96,-256.28
5.661,-166.39,-108.69
13.264,-128.22,-272.63
3.1131,-154.03,-395.37
-29.479,-126.95,-457.74
7.4849,-124.12,-224.6
-24.72,-158.25,-302.24
-14.018,-160.31,-346.65
21.777,-131.73,-23.038
-28.283,-133,-165.9
-29.962,-136.58,-169.45
-4.1271,-106.56,-389.41
-10.92,-167.2,-90.845
10.186,-122.65,-88.62
-30.928,-127.58,-399.43
10.36,-125.8,-249.62
-21.203,-151.48,-389.88
-6.3806,-105.65,-396.01
-8.1162,-161.5,-344.82
19.212,-126.94,-30.048
6.059,-121.09,-274.48
-12.496,-116.13,-18.863
3.9668,-161.9,-311.58
2.4666,-118.91,-279.02
12.975,-148.64,-377.64
14.617,-132.21,-200.65
10.333,-104,-449.91
12.375,-148.82,-383.11
20.208,-133.94,-63.545
-1.9735,-164.43,-306.11
10.148,-161.98,-49.786
11.873,-127.69,-243.43
-4.6021,-167.78,-85.59
3.6871,-146.51,-455.4
2.0924,-108.39,-385.71
11.801,-159.92,-241.16
13.222,-127.73,-279.75
-8.1977,-164.43,-38.029
-32.037,-135.9,-316.43
14.219,-159.64,-92.032
0.91589,-110.56,-364.6
-27.238,-154.43,-313.43
-29.918,-121.04,-441.51
-8.4165,-114.14,-10.014
-31.662,-145.69,-182.49
-8.116,-119.01,-109.03
-26.238,-146.33,-390.72
-13.461,-168.16,-129.25
16.618,-126.23,-57.19
-12.861,-167.87,-116.57
-16.689,-121.48,-99.514
16.453,-156.61,-107.62
-30.22,-145.67,-117.7
-30.576,-149.14,-145.52
20.514,-147.74,-70.466
-20.05,-118.23,-308.87
15.218,-130,-121.07
-96.383,-45.529,-95.078
-124.35,-48.533,-397.6
-80.61,-56.42,-360.09
-132.35,-57.281,-221.47
-114.19,-44.902,-81.711
-109.29,-90.064,-313.95
-100.89,-92.511,-183.24
-83.805,-62.263,-127.69
-109.62,-32.934,-486.34
-124.38,-67.437,-408.66
-129.67,-64.862,-360.86
-102.46,-86.718,-367.42
-111.75,-88.876,-21.456
-113.27,-45.126,-5.1958
-88.051,-54.65,-140.26
-128.62,-83.438,-264.32
-110.87,-34.018,-477.7
-105.27,-41.928,-281.48
-112.43,-44.242,-57.893
-103.72,-91.93,-254.71
-91.599,-84.257,-310.66
-127.06,-79.599,-324.72
-129.83,-75.05,-88.507
-134.51,-72.932,-235.7
-84.723,-54.114,-82.655
-85.163,-60.98,-269.6
-91.72,-85.507,-224.42
-127.62,-69.468,-372.41
-129.51,-83.371,-245.97
-84.976,-67.737,-235.93
-93.249,-45.776,-72.438
-129.47,-53.572,-329.71
-84.796,-72.251,-178.38
-119.07,-86.089,-329.17
-86.206,-57.804,-141.83
-89.661,-86.755,-112.46
-99.388,-42.979,-291.84
-84.965,-61.005,-274.79
-85.122,-65.357,-192.14
-99.394,-44.771,-103.25
-93.373,-87.053,-228.28
-90.724,-51.916,-244.13
-86.365,-55.842,-122.61
-128.47,-75.003,-70.002
-105,-92.514,-243.75
-96.025,-78.506,-473.3
-94.242,-89.17,-165.55
-127.27,-60.004,-393.2
-112.95,-44.565,-127.96
-84.722,-80.407,-107.86
-119.62,-81.769,-13.696
-111.25,-71.833,-478.42
-90.267,-83.092,-295.82
-131.95,-61.132,-136.03
-86.625,-77.153,-235.9
-90.683,-44.704,-333.87
-86.789,-48.228,-48.811
-91.598,-50.042,-127.12
-133.06,-75.183,-149.58
-102.12,-92.842,-189.79
-94.641,-82.797,-410.29
-106.28,-90.683,-301.25
-134.39,-66.166,-176.36
-100.85,-29.688,-464.23
-107.87,-44.244,-163.3
-93.109,-47.761,-105.08
-75.603,-68.917,-19.036
-100.9,-87.581,-348.93
-84.046,-73.902,-144.89
-79.737,-65.886,-72.828
-78.516,-79.669,-6.0381
-81.513,-81.183,-39.464
-122.96,-48.169,-170.39
-87.886,-35.488,-423.29
-123.54,-76.821,-22.208
-121.13,-91.293,-199.45
-99.597,-92.617,-84.324
-75.405,-69.019,-16.401
-91.034,-85.159,-205.02
-128.79,-52.205,-329.15
-124.25,-88.992,-155.08
-100.43,-80.898,-442.41
-119.17,-92.248,-187.11
-112.61,-44.313,-57.377
-104.63,-44.139,-221.34
-93.201,-42.37,-338.88
-84.91,-54.421,-87.576
-125.77,-78.473,-344.89
-90.522,-52.514,-235.36
-126.65,-87.545,-196.19
-131.36,-63.745,-107.65
-112.57,-40.548,-314.34
-132.47,-58.968,-179.36
-98.894,-92.446,-85.969
-119.24,-79.806,-382.75
-69.896,-46.266,-485.56
-125.42,-81.051,-328.91
-91.226,-52.323,-206.36
-119.93,-79.74,-2.9144
-92.723,-84.074,-361.99
-117.25,-87.725,-320.42
-129.23,-66.448,-66.962
-73.395,-42.514,-468.3
-86.342,-87.261,-4.2112
-125.56,-47.804,-343.78
-116.74,-46.014,-84.297
-124.31,-86.216,-101.4
-108.54,-32.501,-467.78
-133.94,-66.741,-157.6
-82.211,-47.531,-380.34
-129.08,-51.981,-306.78
-87.255,-87.739,-8.1552
-83.993,-69.761,-155.86
-123.35,-47.344,-223.27
-113.72,-89.121,-38.18
-103.67,-93.279,-86.203
-116.87,-89.095,-303.52
-116.53,-45.615,-123.49
-129.87,-62.442,-359.97
-111.7,-43.972,-28.44
-115,-44.988,-147.88
-128.22,-58.162,-82.711
-91.897,-27.946,-481.53
-86.963,-44.862,-360.07
-93.239,-49.875,-227.82
-127.64,-72.375,-51.606
-84.209,-75.589,-483.4
-97.436,-45.236,-98.035
-114.61,-93.173,-219.45
-128.19,-74.382,-346.12
-79.233,-58.77,-47.016
-107.16,-41.98,-275.33
-130.74,-54.13,-253.89
-92.459,-82.076,-411.38
-122.84,-51.309,-63.977
-82.547,-68.688,-121.02
-101.01,-92.821,-77.031
-101.02,-41.997,-36.772
-130.98,-58.643,-334.72
-89.143,-55.054,-205.59
-84.731,-69.424,-184.7
-126.16,-70.29,-29.86
-102.04,-41.063,-5.7932
-135,-69.784,-222.68
-120.05,-76.722,-397.83
-117.46,-70.955,-445.88
-70.391,-60.176,-484.2
-129.8,-80.367,-283.57
-84.95,-70.614,-250.9
-85.863,-77.908,-334.68
-76.017,-34.47,-490.02
-134.39,-66.173,-268
-126.86,-86.891,-227.38
-129.94,-68.043,-76.525
-116.77,-90.554,-279.14
-114.38,-91.807,-87.484
-96.584,-43.595,-302.13
-116.66,-45.834,-100.05
-104.05,-41.813,-26.598
-89.388,-80.414,-420.86
-85.012,-69.917,-205.1
-85.623,-58.516,-276.81
-91.042,-84.065,-274.54
-101.58,-92.939,-79.259
-125.79,-48.757,-240.51
-81.633,-35.67,-451.44
-128.16,-80.385,-306.11
-130.26,-53.768,-299.24
-93.323,-84.956,-341.82
-92.153,-89.119,-102.53
-79.736,-73.213,-455.69
-80.43,-82.54,0.053137
-84.976,-63.627,-167.84
-129.93,-82.08,-259.19
-132.85,-58.202,-254.48
-134.97,-68.131,-234.4
-111.17,-44.056,-93.81
-121.89,-47.661,-436.23
-92.969,-42.438,-17.265
-119.94,-43.745,-296.71
-90.298,-36.407,-405.91
-114.62,-87.684,-26.774
-112.39,-44.568,-4.6656
-88.924,-54.117,-248.69
-109.06,-91.974,-273.77
-125.58,-47.806,-289.84
-98.475,-44.262,-83.058
-86.558,-77.37,-272.73
-110.77,-78.919,-431.5
-99.268,-42.408,-43.61
-131.21,-78.305,-280.29
-122.46,-46.096,-256.68
-123.33,-90.048,-199.57
-126.56,-50.48,-190.06
-82.501,-69.805,-330.04
-124.25,-84.967,-86.048
-75.986,-45.508,-437.16
-75.981,-61.528,-411.21
-84.998,-70.049,-241.32
-129.58,-77.422,-312.29
-129.18,-84.828,-210.29
-75.716,-43.631,-446.51
-133.56,-68.222,-143.76
-97.357,-90.551,-199.06
-97.221,-38.214,-362.87
-132.46,-67.083,-316.73
-86.357,-57.937,-264.2
-100.48,-89.497,-301.63
-113.49,-39.4,-345.82
-115.96,-93.298,-188.08
-80.653,-32.726,-476.2
-76.87,-62.041,-400.48
-134.76,-71.831,-197.38
-110.64,-40.236,-314.44
-86.123,-86.312,-37.446
-107.2,-36.288,-377.65
-110,-42.24,-266.47
-128.59,-75.589,-73.737
-131.63,-80.443,-240.99
-78.854,-70.84,-59.112
-92.299,-44.827,-50.49
-87.862,-79.843,-240.07
-128.1,-68.312,-371.16
-133.2,-78.116,-210.27
-103.08,-93.573,-137.28
-89.868,-45.216,-335.57
-106.07,-77.701,-459.41
-82.206,-74.078,-379.08
-84.404,-73.159,-159.09
-104.69,-93.019,-219.38
-99.977,-91.668,-210.16
-79.479,-74.768,-321.44
-90.75,-66.725,-126.19
-76.773,-93.477,-401.56
-114.01,-104.1,-29.245
-110.73,-102.04,-381.76
-114.58,-62.69,-302.7
-92.487,-62.085,-41.412
-96.523,-64.76,-213.04
-81.843,-69.548,-66.085
-88.377,-105.29,-284.39
-115.08,-69.287,-29.029
-103.43,-106.65,-358.7
-100.95,-51.45,-446.15
-94.604,-106.62,-350.01
-99.42,-64.009,-144.35
-71.113,-74.858,-413.26
-125.12,-103.45,-186.54
-107.57,-110.87,-282.2
-114.42,-65.789,-155.79
-70.624,-76.671,-417.02
-69.427,-64.012,-455.29
-101.37,-111.51,-47.384
-96.227,-97.332,-473.12
-90.79,-67.764,-216.39
-71.487,-72.643,-413.14
-78.504,-93.621,-352.3
-105.12,-96.883,-447.09
-95.058,-61.963,-48.265
-121.02,-68.579,-372.92
-97.295,-107.04,-352.14
-81.282,-99.758,-138.79
-72.192,-89.911,-470.06
-124.49,-72.833,-185.12
-85.977,-106.51,-131.51
-128.39,-82.189,-154.2
-70.833,-89.005,-17.474
-115.14,-67.128,-93.023
-128.69,-85.424,-298.78
-69.444,-87.576,-2.0177
-116.03,-91.021,-420.92
-99.873,-62.282,-263.68
-100.54,-56.656,-361.05
-108.86,-63.83,-185.2
-101.89,-112.42,-73.962
-83.124,-99.891,-204.36
-81.732,-96.716,-280.6
-99.24,-110.24,-290.89
-76.89,-93.716,-403.77
-80.783,-104.03,-63.989
-123.63,-101.65,-113.88
-77.387,-88.455,-335.57
-82.126,-98.875,-400.06
-129.36,-90.315,-159.7
-129.37,-93.38,-248.1
-116.04,-71.316,-465.83
-95.957,-97.191,-475.12
-95.176,-111.97,-70.427
-109.14,-57.207,-391.23
-64.531,-67.073,-489.21
-103.5,-63.385,-203.22
-96.257,-112.48,-133.36
-122.26,-68.813,-267.31
-129.88,-83.731,-246.32
-96.69,-55.989,-372.47
-81.044,-93.876,-222.29
-82.364,-53.235,-440.26
-112.94,-100.99,-379.13
-115.94,-68.708,-59.846
-119.95,-98.53,-350.46
-113.87,-77.387,-484.68
-88.672,-68.041,-126.15
-101.4,-55.592,-377.88
-104.37,-112.67,-90.862
-68.564,-64.644,-459.99
-91.38,-64.607,-283.35
-84.009,-73.256,-141.43
-110.19,-61.145,-299.37
-86.752,-104.09,-260.56
-110.68,-58.69,-482.17
-100.98,-97.107,-461.32
-127.16,-76.942,-302.42
-94.494,-54.787,-390.12
-112.13,-102.28,-372.89
-106.07,-110.23,-44.355
-109.74,-113.02,-195.11
-113.36,-111.69,-142.43
-109.62,-100.16,-402.19
-91.792,-67.26,-204.25
-117.82,-108.04,-266
-125.95,-95.453,-105.53
-87.789,-66.448,-85.774
-130.32,-87.823,-226.24
-76.199,-90.861,-376.77
-124.93,-75.505,-137.55
-83.697,-100.33,-379.36
-127.96,-97.309,-162.99
-84.963,-103.54,-182.5
-112.31,-101.18,-380.96
-88.376,-103.92,-354.63
-117.57,-110.05,-168.96
-129.46,-85.999,-277.31
-97.878,-64.552,-191.69
-76.654,-89.43,-98.854
-115.73,-106.07,-314.19
-97.822,-61.351,-292.9
-121.42,-72.25,-108.26
-129.27,-81.482,-262.44
-101.27,-112.05,-246.84
-105.12,-112.99,-106.23
-123.41,-69.931,-282.9
-118.56,-66.386,-239.92
-116.35,-63.3,-318.33
-86.484,-106.9,-134.35
-108.77,-90.389,-471.14
-123.48,-75.783,-376.53
-124.69,-73.787,-165.35
-94.736,-102.66,-414.88
-95.266,-111.67,-177.85
-127.42,-96.535,-140.17
-123.85,-71.382,-333.07
-122.29,-85.168,-37.743
-123.28,-97.037,-75.622
-129.44,-93.106,-247.97
-84.532,-107.34,-66.258
-100.86,-111.47,-263.95
-77.916,-84.55,-316.46
-112.14,-67.418,-6.1777
-83.49,-74.352,-148.28
-130.08,-91.414,-224.73
-81.232,-95.616,-194.78
-102.04,-111.93,-254.75
-93.102,-57.374,-364.3
-91.423,-60.02,-341.82
-112.93,-59.888,-439.29
-120.94,-106.32,-132.34
-77.422,-94.539,-460.96
-91.946,-65.816,-254.02
-83.407,-73.597,-268.04
-105.59,-62.903,-47.41
-105.23,-105.85,-364.74
-125.49,-88.897,-344.43
-103.42,-108.66,-4.3441
-112.75,-59.327,-416.94
-124.71,-80.91,-82.842
-120.86,-103.01,-88.278
-130.2,-90.397,-225.71
-110.88,-103.96,-363.86
-107.08,-63.777,-124.07
-111.26,-65.096,-81.513
-103.91,-109.2,-320.07
-78.861,-85.573,-139.74
-119.5,-93.297,-384.43
-81.326,-66.79,-350.63
-78.461,-89.774,-317.32
-77.274,-91.341,-106.79
-116.78,-97.782,-9.726
-78.313,-87.821,-130.99
-115.4,-62.84,-313.35
-107.68,-60.095,-311.3
-125.44,-86.477,-351.45
-118.02,-81.055,-438.86
-125.55,-102.73,-180.06
-87.867,-67.549,-277.91
-91.686,-48.956,-460.71
-89.495,-103.23,-388.07
-124.15,-73.821,-354.84
-118.85,-68.857,-133.3
-111.38,-64.933,-115.72
-102.09,-96.649,-461.14
-112.32,-109.92,-279.2
-84.878,-70.222,-283.94
-93.958,-100.67,-439.98
-83.722,-100.56,-344.06
-75.924,-76.904,-57.055
-65.938,-76.932,-472.15
-71.371,-78.149,-408.34
-107.89,-55.007,-473.38
-123.79,-71.588,-200.38
-112.48,-111.54,-237.6
-76.186,-55.21,-454.99
-90.384,-65.618,-277.36
-121.03,-90.981,-382.28
-80.924,-82.706,-206.1
-128.44,-96.37,-168.38
-127.17,-82.475,-121.41
-119.28,-88.114,-2.7132
-93.969,-60.481,-324.1
-99.339,-62.781,-83.85
-129.93,-92.572,-213.66
-80.519,-65.441,-13.289
-69.196,-69.364,-441.44
-126.85,-75.086,-274.59
-129.07,-84.244,-161.03
-125.7,-73.253,-235.48
-116.43,-66.779,-156.17
-91.886,-54.703,-396.22
-108.42,-100.23,-407.05
-78.675,-101.21,-65.883
-77.834,-66.798,-378.91
-125.37,-92.292,-332.88
-88.566,-108.34,-145.65
-119.02,-108.41,-141.86
-76.002,-58.619,-435.37
-90.507,-67.766,-225.68
-87.922,-54.64,-408.13
-81.459,-71.766,-315.09
-122.45,-97.924,-70.183
-103.18,-109.56,-17.214
-129.11,-90.976,-274.85
-122.73,-100.91,-93.882
-70.39,-87.868,-475.21
-76.1,-79.223,-69.994
-114.14,-62.939,-286.79
-103.29,-113.39,-193.51
-73.62,-52.166,-488.3
-98.092,-51.979,-425.97
-128.05,-90.883,-127.52
-125.63,-79.014,-112.35
-70.192,-86.487,-456.86
-81.132,-95.104,-274.88
-113.14,-66.878,-44.135
-104.47,-108.92,-14.313
-119.58,-98.804,-351.57
-106.4,-61.38,-276.19
-114.97,-61.326,-385.05
-84.502,-98.37,-452.73
-119.93,-78.084,-23.965
-88.452,-105.67,-264.24
-128.23,-78.434,-275.46
-121.01,-86.786,-21.776
-102.48,-104.71,-384.03
-84.695,-124.22,-344.3
-98.816,-133.01,-174.84
-121.17,-111.71,-326.89
-78.34,-95.819,-176.5
-98.212,-128.75,-12.085
-110.94,-84.155,-244.21
-73.444,-96.46,-329.36
-71.919,-91.76,-37.757
-79.557,-93.972,-180.67
-115.44,-124.88,-106.27
-122.7,-95.448,-261.18
-93.537,-128.99,-303.6
-67.951,-100.58,-394.41
-108.71,-130.1,-254.76
-70.874,-97.444,-58.597
-98.098,-132.44,-98.348
-76.98,-115.46,-253.58
-75.064,-124.88,-5.0478
-94.986,-120.13,-432.53
-73.727,-123.92,-2.5109
-112.34,-129.39,-227.3
-87.044,-115.96,-489.91
-102.97,-80.953,-276.33
-114.4,-121.98,-325.61
-75.257,-86.173,-22.186
-117.4,-87.959,-325.87
-106.52,-82.358,-253.29
-112.54,-122.12,-46.861
-96.89,-130.57,-277.26
-75.019,-98.959,-126.11
-95.655,-120.12,-431.04
-125.6,-106.21,-220.54
-89.191,-81.629,-301.07
-120.81,-92.204,-276.46
-75.346,-101.65,-153.97
-77.574,-118.33,-336.85
-73.624,-112.89,-120.87
-109.71,-83.291,-257.79
-121.53,-121.3,-214.13
-74.253,-95.432,-88.606
-63.725,-90.686,-445.26
-76.156,-112.47,-237.15
-101.77,-73.257,-463.24
-74.844,-111.7,-156.32
-116.04,-90.767,-111.65
-69.079,-77.947,-449.79
-73.947,-99.878,-309.56
-77.361,-116.46,-227.55
-121.56,-94.872,-182.41
-104.87,-128.56,-307.62
-75.531,-79.76,-400.36
-120.15,-120.32,-127.35
-108.81,-85.035,-139.15
-75.348,-114.41,-154.9
-74.604,-113.16,-329.96
-104.74,-84.121,-29.949
-77.561,-97.949,-198.61
-95.558,-81.399,-269.9
-104.27,-130.93,-263.05
-114.53,-100.81,-4.0462
-73.8,-94.954,-79.509
-87.363,-78.367,-351.23
-82.323,-127.87,-95.251
-111.56,-130.31,-190.39
-91.426,-71.898,-417.5
-110.6,-103.34,-455.05
-124.46,-107.88,-152.09
-77.874,-96.9,-228.71
-61.349,-91.204,-468.44
-120.16,-94.995,-351.74
-76.39,-93.473,-303.93
-116.86,-102.65,-400.98
-78.758,-67.64,-480.7
-75.702,-105.17,-229.77
-88.125,-128.18,-263.35
-118.83,-91.202,-349.59
-71.739,-86.005,-391.29
-110.43,-86.97,-75.687
-125.12,-111.93,-192.3
-78.623,-70.85,-452.04
-67.756,-74.289,-478.28
-119.24,-101.59,-376.32
-119.81,-98.471,-90.527
-125.63,-107.04,-217.4
-72.19,-104.19,-335.96
-120.6,-118.12,-292.3
-71.149,-101.5,-77.555
-104.94,-131.16,-253.57
-121.51,-116.86,-289.04
-110.25,-121.2,-361.75
-109.51,-86.214,-480.29
-107.71,-127.44,-310.49
-105.76,-114.75,-432.34
-85.414,-86.421,-123.61
-75.384,-87.185,-32.912
-81.139,-68.008,-471.62
-99.066,-133.05,-168.91
-120.44,-91.962,-233.48
-83.97,-124.62,-305.76
-107.38,-103.81,-478.36
-76.065,-115.25,-170.9
-60.941,-83.485,-486.48
-95.643,-120.83,-424.04
-95.491,-76.084,-361.43
-104.9,-122.79,-375.63
-63.167,-102.75,-471.81
-106.72,-77.982,-456.04
-88.706,-81.314,-40.926
-93.164,-82.837,-101.06
-114.34,-100.78,-1.7369
-81.471,-86.276,-306.43
-91.724,-79.347,-321.82
-80.411,-121.48,-289.57
-107.11,-84.85,-77.298
-123.72,-114.8,-260.78
-120.07,-91.118,-279.6
-117.88,-121.69,-104.24
-101.37,-127.79,-16.273
-115.58,-126.92,-145.06
-116.4,-90.433,-394.61
-114.64,-87.973,-162.47
-115.41,-122.22,-77.636
-98.009,-83.148,-169.47
-83.84,-128.37,-120.16
-77.235,-123.21,-93.667
-99.88,-73.803,-412.69
-76.868,-125,-46.865
-114.73,-85.171,-310.86
-107.99,-131.66,-159.71
-70.173,-77.116,-447.75
-98.209,-131.6,-69.777
-95.544,-131.18,-251.75
-120.89,-121.31,-243.97
-97.835,-132.92,-129.49
-120.44,-112.84,-330.57
-114.98,-105.74,-410.98
-117.79,-96.266,-71.427
-95.672,-80.092,-296.84
-77.248,-79.481,-392.27
-120.12,-114.52,-325.08
-104.84,-120.48,-395.82
-86.683,-128.83,-190.14
-115.78,-120.84,-70.473
-69.624,-95.86,-37.54
-67.628,-113.68,-20.897
-114.82,-104.73,-415.37
-83.403,-129.08,-27.922
-98.521,-132.41,-218.62
-106.52,-83.291,-213.75
-73.884,-115.1,-443.26
-120.92,-97.776,-349.06
-81.731,-122.78,-304.31
-122.29,-94.904,-279.05
-60.765,-94.589,-475.54
-84.263,-82.107,-34.73
-99.74,-72.463,-443.82
-111.21,-122.14,-347.72
-109.46,-124.55,-335.4
-114.69,-96.042,-24.302
-78.29,-84.183,-24.338
-75.751,-123.65,-53.589
-102.41,-126.67,-8.6547
-100.28,-74.387,-403.32
-83.054,-89.926,-187.46
-68.282,-71.542,-492.4
-73.599,-115.01,-424.34
-92.158,-68.366,-470.73
-100.28,-132.39,-104.05
-109.68,-99.322,-474.53
-105.66,-82.76,-229.74
-113.03,-108.06,-418.96
-78.043,-91.861,-107.87
-95.242,-122.99,-401.66
-120.82,-116.06,-105.13
-101.38,-131.54,-254.4
-103.73,-131.8,-106.76
-75.097,-108.5,-271.16
-100.75,-122.53,-393.56
-108.97,-81.241,-456.11
-76.385,-101.33,-223.17
-123.81,-107.28,-300.27
-117.4,-116.02,-344.7
-68.213,-115.06,-21.586
-108.88,-84.771,-164.23
-112.51,-86.461,-167.73
-75.728,-81.478,-388.12
-116.77,-121.65,-88.847
-71.949,-101.08,-87.224
-109.88,-80.421,-397.8
-75.527,-104.63,-248.18
-117.68,-104.92,-388.01
-76.942,-79.378,-394.72
-113.62,-120.72,-342.88
-67.175,-109.79,-28.641
-76.058,-98.421,-273.07
-84.4,-81.051,-17.459
-104.27,-128.58,-309.68
-77.455,-94.468,-277.62
-89.549,-124.63,-375.93
-75.874,-111.97,-199.15
-63.638,-89.197,-448.7
-90.181,-124.42,-381.39
-71.263,-116.01,-62.058
-110.39,-126.66,-304.17
-96.843,-130.93,-47.933
-75.516,-107.01,-241.97
-112.25,-126.13,-83.61
-96.111,-117.53,-453.67
-72.101,-86.853,-384.43
-96.262,-131.64,-239.33
-74.888,-108.14,-278.29
-112.35,-120.94,-36.077
-115.2,-85.545,-314.7
-92.665,-132.02,-90.219
-74.176,-87.625,-363.29
-123.4,-102.81,-311.5
-105.34,-76.332,-439.95
-79.902,-82.091,-8.6499
-119.8,-92.431,-180.66
-83.843,-86.653,-107.61
-118.24,-97.74,-388.88
-119.74,-121,-127.23
-68.992,-107.75,-55.78
-118.96,-121.08,-114.56
-91.899,-82.975,-98.025
-89.172,-131.24,-105.85
-118,-92.923,-115.88
-120.79,-95.53,-143.65
-79.968,-126.82,-68.818
-94.583,-79.669,-307.39
-73.153,-110.14,-119.61
-104.09,26.459,-94.163
-130.63,40.194,-396.52
-101.79,6.2782,-359.09
-140.53,39.765,-220.27
-117.19,38.47,-80.735
-144.9,-0.76921,-312.44
-138.67,-7.2008,-181.76
-105.56,5.3457,-126.63
-110.25,42.106,-485.49
-142.91,25.657,-407.36
-144.81,31.335,-359.56
-138.08,-2.9365,-365.98
-142.95,3.5975,-19.981
-115.83,38.201,-4.2258
-104.05,13.826,-139.27
-154.93,17.053,-262.83
-111.81,42.135,-476.83
-110.54,33.733,-280.56
-115.17,37.994,-56.933
-141.21,-5.3933,-253.21
-127.58,-7.6669,-309.29
-151.9,18.603,-323.27
-148.62,25.385,-87.117
-152.39,29.071,-234.31
-100.55,12.467,-81.686
-107.26,6.2915,-268.53
-127.57,-7.9939,-223.05
-146.32,26.415,-371.07
-155.37,17.791,-244.48
-111.11,1.2107,-234.79
-101.61,24.4,-71.534
-137.07,40.056,-328.55
-113.26,-1.9941,-177.19
-149.99,8.4642,-327.68
-104.68,10.214,-140.8
-125.62,-9.5555,-111.08
-106.82,29.082,-290.92
-107.18,6.1119,-273.73
-109.23,3.4084,-191.03
-106,28.922,-102.33
-129.87,-8.1403,-226.89
-105.43,16.973,-243.15
-103.34,11.943,-121.61
-147.36,24.666,-68.619
-142.45,-4.9481,-242.24
-128.98,-1.4597,-471.97
-131.24,-8.8018,-164.13
-140.19,33.311,-391.97
-116.51,37.634,-126.99
-117.71,-7.8367,-106.59
-144.33,14.153,-12.273
-136.41,13.403,-477.11
-125.66,-7.5355,-294.47
-141.8,37.105,-134.79
-118.42,-4.9416,-234.65
-101.7,21.895,-332.97
-97.994,18.522,-47.905
-103.67,19.721,-126.17
-151.82,26.965,-148.17
-139.89,-6.7064,-188.3
-130.02,-5.2324,-408.92
-142.86,-3.0945,-299.75
-147.33,34.556,-175.05
-101.21,39.096,-463.45
-112.79,34.392,-162.35
-103.13,22.581,-104.15
-102.41,-4.3257,-17.935
-137.25,-4.4793,-347.49
-113.4,-3.5253,-143.69
-104.19,0.30832,-71.742
-111.41,-10.608,-4.8014
-115.03,-10.055,-38.196
-126.94,41.036,-169.33
-94.576,26.585,-422.5
-144.25,20.411,-20.827
-153.56,6.6371,-197.9
-136.71,-7.4793,-82.848
-102.29,-4.5141,-15.3
-126.62,-8.0442,-203.65
-135.66,40.67,-328.01
-154,10.687,-153.54
-133.57,-0.26487,-441.04
-152.54,4.724,-185.55
-115.35,38.062,-56.415
-110.85,32.016,-220.39
-102.19,25.27,-337.99
-100.94,12.321,-86.602
-150.4,18.509,-343.45
-105.57,16.441,-234.38
-155.34,13.076,-194.65
-142.73,34.907,-106.39
-115.59,39.271,-313.4
-141.26,38.817,-178.14
-136.07,-7.8106,-84.497
-146.65,13.046,-381.33
-88.374,6.3666,-484.71
-151.62,16.412,-327.45
-105.68,17.226,-205.38
-143.16,15.978,-1.5149
-128.86,-7.1334,-360.62
-149.56,6.0966,-318.92
-142.41,31.727,-65.676
-88.463,11.6,-467.48
-122.27,-11.381,-2.8555
-130.52,41.877,-342.71
-119.89,39.242,-83.297
-151.7,13.2,-99.897
-108.94,41.86,-466.94
-147.15,33.946,-156.28
-97.517,13.987,-379.44
-135.52,41.176,-305.64
-123.32,-11.186,-6.7901
-110.81,-0.45785,-154.71
-127.26,41.576,-222.22
-144.79,4.5723,-36.693
-140.27,-5.3813,-84.703
-149.97,4.9145,-302.01
-119.88,39.158,-122.5
-143.4,33.325,-358.71
-114.13,37.922,-27.488
-118.57,38.502,-146.89
-136.47,37.323,-81.524
-93.414,34.567,-480.81
-99.23,19.216,-359.18
-105.87,20.258,-226.86
-144.84,26.26,-50.258
-118.16,-6.8844,-482.15
-104.74,27.341,-97.119
-149.98,0.87799,-217.89
-149.64,23.19,-344.72
-98.961,5.601,-46.017
-111.96,34.948,-274.4
-137.61,40.931,-252.73
-127.89,-6.0895,-410.03
-127.75,39.236,-62.893
-108.65,-0.34154,-119.89
-137.84,-6.6811,-75.548
-104.76,32.516,-35.884
-141.54,37.113,-333.5
-105.83,13.8,-204.59
-111.46,0.089543,-183.55
-142.13,27.047,-28.545
-104.62,34.086,-4.9144
-150.61,31.88,-221.32
-145.45,15.835,-396.44
-140.27,18.279,-444.56
-97.678,-3.9631,-483.19
-154.06,20.042,-282.1
-113.09,-1.1061,-249.72
-119.36,-6.6439,-333.41
-85.529,19.309,-489.28
-148.3,33.966,-266.68
-155.41,13.515,-225.85
-144.08,30.9,-75.217
-150.58,3.8908,-277.6
-147.54,2.6192,-85.959
-105.18,26.742,-301.22
-119.88,39.224,-99.049
-106.86,34.674,-25.701
-124.57,-6.8508,-419.54
-112.21,-0.2382,-203.94
-106.1,8.4282,-275.77
-126.65,-7.6459,-273.19
-138.38,-6.4198,-77.772
-130.22,41.952,-239.43
-90.198,22.246,-450.67
-153.06,18.829,-304.65
-137.48,40.608,-298.08
-129.68,-7.2947,-340.44
-128.95,-9.7008,-101.12
-112.92,-7.7615,-454.49
-114.66,-11.537,1.3303
-107.75,4.7964,-166.75
-155.01,18.967,-257.71
-141.85,39.169,-253.26
-149.65,33.053,-233.05
-114.46,37.097,-92.854
-128.59,39.034,-435.17
-98.677,27.132,-16.405
-123.11,41.676,-295.71
-96.832,27.543,-405.1
-144.44,6.3253,-25.301
-114.79,38.062,-3.7055
-105.51,14.1,-247.7
-145.53,-2.1189,-272.25
-129.97,42.233,-288.77
-104.76,28.851,-82.15
-118.89,-5.3873,-271.46
-140.11,7.9711,-430.11
-103.76,31.035,-42.723
-153.78,22.545,-278.84
-126.13,41.748,-255.64
-154.45,9.0041,-198.02
-131.4,41.455,-188.96
-111.53,-2.5673,-328.88
-150.69,14.213,-84.565
-92.044,11.171,-436.3
-102.06,-0.93727,-410.17
-112.67,-0.581,-240.15
-152.3,21.968,-310.85
-155.68,16.692,-208.78
-90.729,12.376,-445.68
-147.67,32.655,-142.43
-134.87,-8.0722,-197.61
-102.85,30.884,-362.02
-147.91,31.71,-315.4
-106.16,9.4247,-263.17
-137.66,-5.9129,-300.17
-115.89,40.539,-344.89
-150.77,1.8527,-186.52
-87.815,23.712,-475.46
-102.96,-0.69031,-399.42
-151.47,30.316,-196
-113.92,38.268,-313.52
-121.84,-11.008,-36.1
-109.41,38.68,-376.78
-114.21,36.632,-265.53
-147.86,24.266,-72.347
-155.07,21.432,-239.52
-106.56,-3.9666,-57.972
-100.05,24.658,-49.602
-121.14,-6.2347,-238.77
-145.93,27.618,-369.83
-154.45,24.423,-208.82
-140.55,-6.3114,-135.77
-101.43,20.969,-334.67
-136.02,5.7046,-458.06
-114.56,-6.3453,-377.86
-113.35,-2.8173,-157.89
-142.29,-5.3782,-217.87
-137.71,-7.3151,-208.69
-112.31,-8.2567,-320.23
-113.73,6.4007,-125.05
-123.1,-24.842,-400.14
-154.55,-6.659,-27.583
-154.41,-9.4538,-380.11
-131.24,23.674,-301.5
-111.19,11.616,-40.323
-117.8,11.06,-211.89
-108.09,-1.1004,-64.949
-138.36,-25.685,-282.79
-132.99,20.698,-27.769
-151.54,-17.524,-357.03
-115.08,22.609,-445.13
-144.66,-23.117,-348.37
-118.81,13.938,-143.2
-106.92,-14.292,-412.08
-164.29,-0.033608,-184.83
-156.62,-17.607,-280.47
-131.57,22.144,-154.56
-107.75,-16.019,-415.82
-99.101,-7.3359,-454.24
-149.81,-20.574,-45.684
-141.23,-15.751,-471.57
-115.37,5.053,-215.23
-105.78,-12.353,-411.99
-124,-23.524,-350.88
-147.49,-9.5218,-445.52
-113.15,13.318,-47.166
-140.7,22.854,-371.62
-147.02,-21.729,-350.48
-127.84,-25.071,-137.3
-118.02,-25.494,-468.69
-144.12,23.03,-183.77
-135.7,-27.18,-129.92
-152.8,18.569,-152.73
-111.65,-22.771,-16.158
-132.33,21.983,-91.783
-156.62,15.356,-297.26
-109.5,-22.47,-0.72468
-151.8,2.1475,-419.37
-119.3,14.787,-262.55
-117.22,18.9,-359.96
-126.36,19.878,-184.01
-151.07,-21.109,-72.247
-130.02,-24.409,-202.85
-127.71,-23.361,-279.13
-149.92,-22.535,-289.19
-123.37,-24.964,-402.35
-129.41,-28.181,-62.456
-161.23,0.85696,-112.2
-119.65,-20.176,-334.21
-130.66,-25.528,-398.56
-158.82,12.931,-158.13
-161.72,10.022,-246.48
-139.61,16.96,-464.51
-140.96,-15.829,-473.58
-145.61,-25.056,-68.744
-124.48,23.814,-390.1
-97.674,-13.045,-488.14
-122.16,16.661,-202.06
-147.43,-25.158,-131.66
-140.69,24.146,-266.01
-155.89,17.753,-244.82
-113.96,16.864,-371.41
-124.75,-21.253,-220.86
-101.93,9.3321,-439.28
-155.4,-7.2073,-377.48
-133.61,21.501,-58.586
-158.89,-0.63423,-348.82
-142.05,10.791,-483.3
-112.98,4.0577,-125
-117.37,20.161,-376.81
-153.32,-19.819,-89.133
-98.896,-8.4047,-458.93
-114.5,7.421,-282.22
-112.92,-3.0325,-140.23
-126.85,22.059,-298.2
-136.09,-25.656,-258.99
-127.57,23.085,-481.02
-144.61,-12.445,-459.76
-150.03,20.843,-301
-111.69,16.261,-389.08
-155.54,-8.676,-371.23
-152.57,-16.557,-42.651
-158.75,-17.297,-193.35
-160.11,-13.623,-140.67
-152.57,-8.8542,-400.57
-115.69,6.1611,-203.09
-162.49,-8.7432,-264.26
-158.94,7.1518,-103.91
-110.86,4.9701,-84.649
-158.65,15.031,-224.69
-120.72,-23.048,-375.39
-145.68,21.571,-136.17
-132.58,-25.502,-377.84
-162.28,6.654,-161.35
-133.54,-25.881,-180.95
-155.06,-7.77,-379.32
-138.21,-25.087,-353.05
-162.56,-9.8253,-167.2
-157.36,15.547,-275.78
-118.48,12.227,-190.54
-117.23,-19.877,-97.503
-160.12,-8.8895,-312.48
-117.44,13.994,-291.78
-140.59,21.999,-106.93
-154.15,18.983,-260.96
-152.18,-22.331,-245.12
-154.26,-19.677,-104.49
-142.45,23.933,-281.58
-136.01,23.804,-238.66
-133.15,24.244,-317.11
-136.36,-27.167,-132.76
-146.36,-2.3564,-469.63
-147.25,18.893,-375.13
-144.68,22.556,-163.99
-142.9,-20.416,-413.29
-146.61,-25.457,-176.16
-161.12,7.043,-138.54
-144.25,22.78,-331.73
-148.82,13.114,-36.268
-157.6,4.412,-74.002
-161.6,10.277,-246.36
-134.43,-28.323,-64.671
-151.68,-22.264,-262.24
-117.35,-16.723,-315.14
-129.3,20.386,-4.9522
-113.3,-4.2494,-147.08
-160.76,12.135,-223.14
-125.72,-22.288,-193.34
-152.77,-21.796,-253.03
-112.02,13.549,-363.24
-112.2,10.587,-340.73
-129.61,23.883,-438.12
-162.36,-4.5646,-130.62
-124.9,-25.62,-459.52
-115.4,7.046,-252.87
-114.01,-4.4922,-266.83
-121.82,19.374,-46.259
-152.47,-15.797,-363.07
-156.88,10.345,-342.87
-149.1,-16.797,-2.6722
-128.88,24.342,-415.78
-148.4,17.636,-81.404
-159.71,-1.7983,-86.598
-160.21,12.983,-224.13
-155.57,-10.713,-362.18
-124.32,19.167,-122.9
-127.92,21.116,-80.312
-153.15,-18.925,-318.37
-116.87,-15.766,-138.42
-155.54,2.8662,-382.84
-108.9,-1.1447,-349.51
-121.13,-20.38,-315.94
-119.02,-20.993,-105.41
-152.41,0.087834,-8.128
-117.81,-17.784,-129.65
-132.08,24.018,-312.15
-124.38,21.174,-310.16
-155.36,12.118,-349.93
-147.11,10.945,-437.42
-164.09,0.84225,-178.35
-113.64,2.9443,-276.76
-106.53,18.47,-459.74
-138.98,-24.053,-386.49
-146.27,20.964,-353.46
-136.7,22.785,-132.02
-128.27,21.099,-114.52
-145.16,-11.385,-459.58
-159.62,-13.812,-277.46
-113.13,-1.0641,-282.77
-141.29,-19.554,-438.41
-132.38,-25.435,-342.54
-108.19,-10.482,-55.857
-104.91,-19.584,-470.96
-109.18,-16.616,-407.11
-122.97,24.165,-472.28
-142.94,23.432,-199.05
-160.35,-14.677,-235.84
-98.62,3.7532,-454.01
-114.32,6.0442,-276.22
-155.2,5.6405,-380.71
-117.31,-12.669,-204.81
-162.09,7.6429,-166.75
-151.7,17.772,-119.94
-148.03,9.1416,-1.2187
-114.26,11.984,-323
-117.33,15.214,-82.723
-161.27,11.224,-212.06
-103.88,1.5331,-12.209
-102.22,-11.495,-440.33
-148.31,22.246,-273.2
-154.71,17.384,-159.53
-145.85,23.164,-234.12
-133.75,22.669,-154.92
-109.71,14.609,-395.2
-151.74,-9.7153,-405.42
-126.01,-27.394,-64.391
-106.53,-3.5766,-377.8
-158.85,7.7392,-331.29
-139,-27.011,-144.03
-162.34,-7.4635,-140.12
-100.46,1.1488,-434.36
-115.25,4.8096,-224.51
-106.75,12.033,-407.12
-111.83,-4.6433,-313.91
-157.47,3.2343,-68.556
-149.64,-17.721,-15.532
-160.26,11.523,-273.27
-159.85,0.9762,-92.218
-115.38,-25.12,-473.87
-109.95,-12.228,-68.767
-130.9,23.303,-285.59
-154.03,-21.715,-191.77
-95.047,4.2224,-487.37
-113.02,20.494,-424.94
-157.85,11.863,-125.95
-148.2,19.496,-110.93
-114.15,-24.071,-455.54
-126.16,-22.474,-273.43
-130.11,21.199,-42.909
-150.18,-16.391,-12.633
-158.79,-1.0921,-349.92
-123.86,19.594,-275.03
-131.53,24.44,-383.85
-132.7,-23.951,-451.22
-142.31,17.111,-22.583
-138.44,-25.795,-262.64
-151.53,20.566,-274.02
-148.71,11.153,-20.289
-149.83,-16.81,-382.38
-148.33,-42.936,-342.5
-163.02,-39.509,-172.89
-168.05,-9.7941,-325.09
-123.45,-24.185,-175.07
-158.11,-35.587,-10.198
-141.64,5.2705,-242.78
-121.71,-28.804,-327.92
-114.46,-24.313,-36.403
-123.23,-22.015,-179.25
-169.8,-22.151,-104.35
-158.08,4.0653,-259.57
-157.74,-40.642,-301.71
-120.83,-35.907,-392.94
-169.56,-31.433,-252.8
-117.53,-29.473,-57.179
-161.3,-39.039,-96.413
-135.84,-40.603,-251.92
-137.81,-47.455,-3.2977
-154.51,-33.751,-430.73
-136.14,-47.559,-0.77747
-171.6,-28.383,-225.33
-146.35,-36.032,-488.18
-133.81,2.3954,-274.96
-169.45,-22.011,-323.72
-113.26,-17.788,-20.885
-149.89,5.9844,-324.36
-137.19,3.747,-251.9
-165.19,-21.524,-44.993
-161.04,-39.528,-275.34
-122.39,-28.403,-124.65
-155,-33.306,-429.24
-166.79,-2.0494,-218.79
-123.95,-7.1399,-299.74
-154.71,5.2393,-274.89
-124.66,-30.43,-152.48
-139.01,-42.953,-335.14
-130.22,-39.936,-119.26
-140.28,5.0548,-256.37
-173.3,-16.184,-212.23
-119.14,-25.953,-87.196
-111.77,-31.371,-443.91
-133.11,-38.738,-235.53
-129.9,6.317,-461.95
-130.76,-38.467,-154.71
-148.4,4.3337,-110.13
-107.73,-18.199,-448.58
-124.08,-30.972,-308.08
-136.49,-40.954,-225.87
-156.01,4.2795,-180.81
-166.18,-33.057,-305.69
-113.32,-15.125,-399.1
-170.7,-15.767,-125.46
-139.47,3.9001,-137.72
-132.87,-40.211,-153.26
-133.33,-40.852,-328.32
-134.62,2.6863,-28.556
-124.45,-26.46,-197.15
-128.35,-2.672,-268.56
-166.78,-34.975,-261.1
-152.57,-3.6489,-2.4222
-118.39,-25.819,-78.107
-120.98,-6.1371,-349.94
-146.24,-45.66,-93.431
-171.2,-29.345,-188.42
-120.63,1.0043,-416.28
-155.91,-11.001,-453.37
-166.27,-3.6267,-150.33
-124.33,-25.648,-227.26
-110.53,-33.444,-467.1
-156.79,2.1974,-350.13
-121.78,-24.459,-302.52
-159.71,-6.1014,-399.29
-108.85,-4.2803,-479.56
-127.99,-33.385,-228.23
-152.65,-43.241,-261.5
-153.32,4.2674,-348.04
-114.34,-22.288,-389.97
-141.29,3.8674,-74.235
-169.81,-6.5659,-190.49
-110.51,-6.6432,-450.88
-104.67,-16.43,-477.12
-160.58,-3.6026,-374.64
-156.02,0.98622,-88.903
-167.31,-2.6476,-215.65
-125.78,-35.572,-334.43
-171.36,-14.849,-290.43
-120.55,-32.523,-76.088
-167.34,-34.663,-251.61
-171.22,-13.282,-287.18
-166.15,-24.304,-359.87
-144.34,1.2608,-478.82
-167.68,-30.388,-308.56
-159.3,-22.708,-430.55
-122.27,-12.101,-122.26
-114.13,-18.551,-31.598
-110.81,-2.9738,-470.48
-163.17,-39.34,-166.96
-153.82,5.4625,-231.92
-147.62,-43.459,-303.95
-154,-13.58,-476.69
-134.13,-40.498,-169.24
-105.44,-27.908,-485.23
-155.37,-33.812,-422.23
-125.84,0.77019,-360.14
-163.21,-29.054,-373.76
-119.38,-41.145,-470.33
-136.66,5.9262,-454.67
-120.64,-5.5417,-39.627
-125.67,-4.2288,-99.721
-152.38,-3.7272,-0.11419
-121.07,-15.696,-305.08
-124.64,-3.8964,-320.51
-142.71,-43.239,-287.81
-137.4,3.3445,-75.884
-171.29,-10.101,-258.94
-153.47,5.5724,-278.05
-169.61,-18.133,-102.35
-159.95,-32.849,-14.385
-171.63,-23.879,-143.11
-151.43,3.0034,-393.07
-146.07,5.2483,-160.98
-167.78,-19.955,-75.753
-130.3,-1.792,-168.1
-147.99,-45.228,-118.33
-139.33,-45.348,-91.922
-128.28,5.0096,-411.41
-139.71,-46.658,-45.104
-145.89,6.5008,-309.39
-169.02,-32.479,-157.74
-108.02,-16.846,-446.54
-160.54,-38.142,-67.853
-160.14,-40.697,-249.83
-173.13,-16.793,-242.07
-161.73,-39.774,-127.55
-168.25,-11.152,-328.76
-160.35,-9.7409,-409.27
-152.85,1.5029,-69.838
-127.88,-1.7702,-295.51
-114.37,-13.756,-391.01
-169.03,-12.611,-323.25
-161.9,-27.452,-393.98
-151.19,-44.198,-188.29
-167.09,-18.608,-68.606
-115.34,-28.928,-36.147
-125.08,-43.754,-19.305
-159.63,-9.1002,-413.67
-147.14,-45.46,-26.089
-162.86,-39.517,-216.68
-137.38,3.2872,-212.34
-135.22,-43.529,-441.59
-159.13,0.57452,-347.42
-144.71,-43.482,-302.54
-157.61,4.1077,-277.44
-112.33,-36.457,-474.17
-117.68,-8.9652,-33.44
-127.63,5.7464,-442.55
-167.34,-24.324,-345.83
-167.42,-27.213,-333.5
-149.84,-0.0175,-22.731
-114.33,-14.328,-23.048
-138.06,-46.385,-51.847
-159.95,-31.27,-6.7764
-128.86,4.878,-402.03
-123.38,-16.712,-186.07
-103.45,-14.078,-491.27
-134.75,-43.524,-422.68
-119.48,3.8398,-469.54
-162.99,-37.634,-102.1
-152.83,-8.6382,-472.91
-136.54,3.039,-228.34
-160.43,-12.824,-417.22
-119.95,-20.904,-106.48
-156.22,-35.583,-399.82
-168.25,-11.928,-103.3
-164.87,-37.24,-252.45
-165.29,-34.983,-104.81
-130.1,-36.589,-269.58
-160.06,-31.64,-391.71
-140.48,4.875,-454.71
-125.98,-29.966,-221.67
-166.94,-4.5381,-298.51
-168.12,-15.638,-342.86
-126.42,-44.439,-19.976
-139.61,3.9838,-162.8
-143.51,4.9983,-166.27
-114.45,-16.235,-386.85
-168.56,-18.714,-86.965
-120.99,-31.748,-85.757
-140.03,6.4595,-396.4
-127.71,-33.204,-246.64
-161.65,-7.2267,-386.29
-114.1,-13.889,-393.47
-168.22,-21.648,-341
-122.32,-41.113,-27.096
-124.38,-28.265,-271.6
-116.93,-7.9577,-16.183
-165.76,-33.465,-307.75
-122.96,-24.369,-276.19
-152.64,-40.335,-374.1
-132.17,-38.286,-197.54
-110.78,-30.308,-447.38
-153.05,-39.801,-379.56
-129.8,-43.465,-60.422
-169.16,-28.03,-302.23
-158.84,-38.366,-46.024
-129.16,-34.994,-240.41
-167.93,-25.013,-81.694
-153.92,-31.175,-451.89
-115.09,-22.661,-383.11
-160.86,-40.513,-237.4
-129.79,-36.496,-276.72
-164.17,-20.672,-34.224
-146.53,6.487,-313.22
-156.78,-42.162,-88.311
-116.95,-21.783,-361.95
-163.87,-1.4451,-309.79
-134.37,6.4074,-438.61
-114.06,-11.589,-7.3794
-153.07,5.0295,-179.1
-121.05,-13.185,-106.26
-157.47,-1.3769,-387.25
-170.82,-16.554,-125.34
-122.69,-38.56,-54.249
-170.15,-17.036,-112.67
-124.75,-5.1285,-96.691
-153.77,-43.908,-103.96
-151.33,3.9108,-114.32
-155.44,3.5314,-142.06
-143.48,-46.195,-67.022
-126.88,-2.2137,-306.06
-128.08,-38.128,-118.03
-63.73,86.57,-94.056
-78.402,112.2,-396.45
-77.714,67.93,-358.73
-84.415,119.37,-220.16
-65.906,104.28,-80.718
-114.78,90.535,-311.84
-112.77,82.442,-181.12
-78.758,71.126,-126.27
-62.493,100,-485.51
-97.268,108.89,-407.07
-94.57,114.77,-359.34
-111.51,84.148,-365.38
-107.41,94.504,-19.462
-64.233,103.69,-4.2171
-72.286,76.572,-139.01
-110.49,110.95,-262.4
-63.583,101.08,-476.85
-65.952,95.091,-280.5
-64.41,102.76,-56.92
-114.31,85.005,-252.58
-105.91,74.141,-308.68
-107.81,109.81,-322.86
-98.46,114.41,-86.824
-100.52,118.71,-234.03
-69.875,73.652,-81.432
-80.945,72.036,-268.17
-105.21,74.438,-222.44
-99.009,111.9,-370.78
-110.16,111.92,-244.06
-86.803,70.832,-234.35
-62.916,83.544,-71.415
-82.713,116.68,-328.46
-89.912,70.134,-176.71
-112.91,100.79,-327.16
-75.106,74.2,-140.5
-103.54,72.707,-110.47
-66.199,89.07,-290.82
-81.053,71.813,-273.36
-83.493,71.589,-190.63
-63.693,89.629,-102.25
-107.11,75.78,-226.27
-72.411,79.204,-242.92
-72.766,74.786,-121.34
-97.758,113.17,-68.324
-114.85,86.214,-241.61
-104.7,78.754,-471.41
-107.92,76.555,-163.5
-90.103,113.11,-391.78
-66.405,102.9,-126.96
-96.331,68.967,-106.03
-101.6,103.53,-11.872
-100.89,94.88,-476.7
-104.2,73.1,-293.87
-86.201,118.7,-134.66
-96.358,70.82,-234.11
-67.337,80.005,-332.81
-63.672,76.864,-47.733
-68.068,80.926,-125.98
-100.53,117.29,-147.88
-113.45,83.565,-187.66
-107.26,76.934,-408.32
-114.57,87.524,-299.13
-92.495,120.04,-174.87
-57.272,92.026,-463.48
-66.007,97.796,-162.3
-65.585,82.912,-104
-81.421,62.391,-17.482
-111.67,82.551,-346.88
-90.648,69.262,-143.19
-80.375,66.742,-71.332
-92.22,63.451,-4.2411
-94.988,65.986,-37.625
-72.655,111.94,-169.3
-59.803,78.442,-422.41
-97.608,108.21,-20.499
-115.45,102.51,-197.36
-110.4,81.602,-82.219
-81.428,62.19,-14.846
-104.31,73.912,-203.05
-81.237,116.25,-327.93
-112.72,106.18,-153.05
-107.12,82.814,-440.48
-115.77,100.47,-185
-64.5,102.93,-56.403
-66.656,94.357,-220.32
-65.59,82.867,-337.86
-70.321,73.761,-86.344
-106.93,108.64,-343.06
-72.766,78.942,-234.14
-112.65,108.61,-194.18
-88.03,117.8,-106.23
-66.607,102.37,-313.38
-85.143,119.39,-178.03
-110.15,80.932,-83.867
-107.97,101.8,-380.88
-68.697,58.568,-484.4
-109.05,107.92,-327.02
-72.044,79.801,-205.15
-99.417,104.24,-1.1404
-107.09,75.045,-360.01
-114,98.75,-318.38
-89.398,115.41,-65.483
-65.221,62.745,-467.23
-101.01,69.847,-2.2438
-76.675,113.77,-342.66
-67.502,106.58,-83.278
-108.78,106.98,-99.449
-61.459,99.094,-466.96
-92.558,119.58,-156.09
-69.699,70.958,-379.19
-80.562,116.68,-305.57
-101.73,70.645,-6.1762
-86.81,69.879,-154.26
-73.107,112.22,-222.19
-108.37,96.33,-36.176
-111.81,85.489,-84.085
-114.9,98.22,-301.45
-67.959,106.26,-122.47
-92.202,115.39,-358.51
-63.349,102.23,-27.481
-67.63,104.76,-146.87
-81.421,115.78,-81.419
-54.394,83.436,-480.81
-67.439,76.194,-358.99
-70.469,82.11,-226.66
-94.609,112.88,-49.993
-100.01,67.578,-481.57
-63.692,87.644,-97.02
-116.62,95.672,-217.3
-103.35,111.73,-344.38
-72.697,67.6,-45.692
-66.192,96.973,-274.35
-81.766,118.18,-252.64
-106.19,74.906,-409.43
-73.315,111.76,-62.845
-84.714,68.801,-119.45
-110.69,82.991,-74.924
-59.737,92.012,-35.85
-88.084,117.26,-333.35
-74.353,77.278,-204.32
-87.261,70.532,-183.1
-91.806,111.89,-28.301
-58.293,93.321,-4.9017
-97.212,119.8,-221.09
-105.41,103.07,-396.02
-100.37,101.3,-444.19
-82.447,56.645,-482.73
-108.11,112.56,-281.71
-89.97,70.237,-249.25
-99.207,69.486,-332.84
-58.248,66.625,-489.14
-94.578,119.62,-266.48
-112.75,108.79,-225.38
-91.309,115.79,-75.007
-115.77,97.982,-277.04
-112.25,96.282,-85.405
-66.551,86.155,-301.1
-67.668,106.46,-99.029
-59.854,95.082,-25.685
-104.24,72.127,-418.94
-88.257,70.63,-203.48
-78.763,72.884,-275.43
-104.81,73.792,-272.58
-110.95,83.521,-77.149
-75.314,114.3,-239.39
-59.533,72.124,-450.54
-108.35,110.84,-304.24
-82.354,117.56,-297.99
-107.6,75.575,-339.82
-106.08,74.796,-100.5
-96.261,63.713,-453.92
-95.24,64.864,1.9137
-81.214,71.858,-166.38
-109.26,112.5,-257.3
-86.157,119.55,-253.14
-95.846,120.01,-232.84
-64.821,101.39,-92.831
-77.991,109.76,-435.08
-58.331,84.102,-16.334
-70.637,109.16,-295.69
-60.732,80.737,-405.01
-106.86,97.519,-24.807
-63.518,102.91,-3.6994
-74.369,77.028,-247.43
-115.71,90.166,-271.63
-75.46,114.04,-288.73
-62.574,88.905,-82.07
-97.395,70.548,-270.92
-106.73,93.398,-429.63
-59.993,90.189,-42.676
-106.25,114.32,-278.48
-72.482,111.41,-255.61
-114.61,104.89,-197.5
-76.002,115,-188.91
-90.54,67.604,-328.39
-107.2,107.2,-84.134
-67.913,64.919,-436.03
-83.096,62.25,-409.72
-89.205,70.427,-239.69
-105.82,112.72,-310.49
-110.73,111.51,-208.35
-66.23,64.936,-445.43
-93.636,119.01,-142.22
-110.58,79.229,-196.98
-62.74,87.439,-361.95
-96.242,117.33,-315.17
-78.034,73.765,-262.84
-112.41,82.022,-299.54
-66.348,103.33,-344.89
-116.27,97.125,-185.94
-57.025,71.557,-475.36
-83.513,63.085,-398.98
-98.612,119.32,-195.74
-65.966,100.52,-313.49
-100.79,69.643,-35.491
-62.914,97.536,-376.78
-66.741,99.767,-265.49
-98.438,113.16,-72.045
-107.54,114.55,-239.14
-84.788,65.075,-57.505
-61.319,82.874,-49.494
-99.317,71.552,-238.21
-97.926,112.58,-369.55
-104.82,116.64,-208.48
-113.15,84.626,-135.14
-67.737,79.106,-334.49
-105.34,88.854,-457.56
-95.806,66.346,-377.31
-90.301,69.679,-157.4
-114.75,85.932,-217.23
-112.39,81.564,-208.05
-94.706,63.805,-319.67
-84.324,77.196,-124.67
-114.47,57.523,-399.34
-122.97,94.057,-26.898
-128.36,89.565,-379.36
-88.491,100.55,-301.24
-78.137,80.102,-40.019
-85.36,82.826,-211.54
-84.193,68.21,-64.508
-125.47,67.433,-281.93
-88.874,101.16,-27.487
-131.1,81.685,-356.2
-78.307,88.432,-444.9
-129.34,73.035,-347.51
-83.568,86.124,-142.89
-95.421,55.13,-411.47
-127.82,104.38,-184.17
-134.24,85.375,-279.63
-88.188,100.54,-154.29
-97.206,54.316,-415.18
-85.401,55.161,-453.73
-128.47,80.234,-44.854
-123.27,75.682,-470.8
-87.397,76.643,-214.82
-93.302,55.884,-411.4
-113.8,59.427,-350.09
-123.78,84.642,-444.79
-78.619,82.624,-46.875
-96.999,105.55,-371.31
-130.27,75.601,-349.62
-115.49,62.076,-136.5
-111.71,53.317,-467.9
-97.537,109.09,-183.46
-122.78,65.559,-129.07
-106.73,111.45,-152.34
-100.33,54.21,-15.454
-88.209,101.3,-91.514
-113.24,110.52,-296.8
-98.336,53.161,-0.03385
-119.31,96.522,-418.77
-84.65,86.323,-262.23
-81.433,87.51,-359.7
-85.958,95.261,-183.73
-130.06,80.464,-71.404
-117.42,63.566,-202.04
-115.78,62.398,-278.34
-132.37,77.242,-288.32
-114.78,57.586,-401.54
-117.91,61.185,-61.616
-124.14,103.56,-111.57
-108.14,59.303,-333.48
-120.68,61.863,-397.72
-115.02,110.97,-157.65
-120.04,110.04,-245.95
-100.93,99.747,-464.12
-123.13,75.432,-472.8
-128.37,73.95,-67.876
-84.154,95.749,-389.86
-88.332,49.653,-487.57
-84.997,89.98,-201.76
-130.49,74.637,-130.78
-95.053,107.21,-265.72
-110.59,112.23,-244.4
-80.365,83.783,-371.14
-111.54,62.481,-220.11
-76.699,69.844,-438.96
-127.65,91.938,-376.76
-89.152,101.97,-58.309
-125.79,99.399,-348.16
-106.96,96.465,-482.83
-85.258,74.922,-124.6
-80.915,88.466,-376.55
-131.13,82.788,-88.294
-85.98,54.181,-458.41
-85.908,77.465,-281.84
-89.927,69.354,-139.74
-86.131,96.515,-297.94
-123.46,66.151,-258.13
-87.941,96.59,-480.75
-123.61,80.461,-459.01
-104.7,110.47,-300.63
-79.2,81.749,-388.8
-128.63,90.944,-370.49
-127.97,85.1,-41.858
-134.76,87.542,-192.51
-132.89,91.57,-139.88
-126.77,88.707,-399.83
-86.799,77.773,-202.69
-132.87,96.04,-263.5
-118.26,106.97,-103.37
-82.621,74.515,-84.267
-114.24,112.04,-224.23
-111.23,57.526,-374.62
-99.167,109.28,-135.84
-121.92,63.251,-376.99
-121.74,108.36,-160.78
-120.84,64.843,-180.11
-127.77,91.277,-378.59
-125.71,67.349,-352.19
-132.61,95.884,-166.44
-113.45,111.28,-275.33
-84.907,84.293,-190.21
-103.61,59.495,-96.805
-131.66,94.098,-311.72
-84.039,84.331,-291.46
-94.688,106.53,-106.63
-108.63,111.95,-260.56
-133.51,79.132,-244.24
-131.92,83.402,-103.65
-96.707,108.09,-281.28
-91.399,104.12,-238.39
-89.753,102.12,-316.85
-123.32,65.979,-131.89
-118.57,89.252,-468.99
-104.6,106.71,-374.75
-98.063,109.22,-163.67
-126.93,73.556,-412.46
-130.53,73.599,-175.28
-120.36,108.06,-137.98
-99.348,108.03,-331.4
-105.96,105.46,-35.835
-118.68,104.2,-73.431
-119.78,110.16,-245.83
-121.87,64.292,-63.809
-133.26,78.748,-261.36
-103.95,60.589,-314.47
-86.005,98.688,-4.683
-91.072,68.621,-146.57
-117.7,111.19,-222.63
-112.67,62.49,-192.57
-133.7,79.87,-252.15
-80.92,80.046,-362.93
-82.724,78.036,-340.39
-88.539,98.788,-437.85
-128.69,100.02,-129.92
-116.97,57.705,-458.7
-86.532,77.946,-252.48
-93.026,68.122,-266.31
-81.356,92.839,-46.005
-130.76,83.563,-362.26
-117.13,106.56,-342.35
-125.05,82.945,-1.8922
-87.449,98.812,-415.52
-103.21,108.37,-81.022
-124.42,100.72,-85.945
-116.74,111.48,-223.64
-129.87,89.461,-361.42
-84.211,93.797,-122.63
-85.272,97.879,-80.051
-132.83,81.89,-317.52
-101.12,62.152,-137.77
-121.33,99.707,-382.24
-87.834,66.877,-349.04
-109.21,60.214,-315.21
-105.78,59.738,-104.69
-116.79,97.97,-7.5315
-103.04,61.262,-128.97
-89.022,101.28,-311.88
-84.932,94.172,-309.89
-114.9,106.89,-349.43
-110.25,100.13,-436.94
-127.04,104.96,-177.71
-88.07,73.519,-276.33
-74.57,79.673,-459.51
-125.98,68.417,-385.63
-102.29,107.81,-353.11
-91.468,104.47,-131.74
-85.908,97.87,-114.26
-123.34,81.626,-458.84
-134.07,90.227,-276.65
-90.32,70.083,-282.29
-125.41,73.02,-437.59
-121.35,63.398,-341.7
-90.202,61.145,-55.307
-97.896,49.404,-470.28
-98.594,54.835,-406.46
-83.631,94.518,-472.04
-96.534,108.54,-198.75
-134.75,90.303,-235.02
-77.904,63.349,-453.63
-86.595,76.336,-275.83
-119.27,101.63,-380.14
-100.16,64.377,-204.18
-121.02,108.97,-166.19
-106.05,110.34,-119.55
-107.54,102.14,-0.74546
-83.219,80.545,-322.67
-80.975,86.534,-82.434
-118.56,110.89,-211.54
-78.724,67.862,-11.819
-90.316,54.067,-439.76
-102.19,110.61,-272.86
-109.02,111.73,-159.12
-99.301,109.98,-233.8
-89.519,102.33,-154.65
-78.802,79.167,-394.91
-126.75,87.486,-404.69
-114.81,59.59,-63.573
-87.875,63.307,-377.31
-120.19,105.9,-330.73
-125.36,67.725,-143.16
-130.63,97.72,-139.38
-80.784,62.664,-433.95
-87.56,76.321,-224.1
-78.321,75.22,-406.81
-91.951,66.306,-313.4
-119.28,103.25,-67.972
-126.19,82.499,-14.738
-118.23,110.08,-272.75
-122.8,102.9,-91.596
-109.51,51.874,-473.09
-92.809,60.856,-68.189
-88.3,100.15,-285.33
-133.97,81.132,-190.89
-75.215,61.198,-487.01
-77.873,85.616,-424.71
-114.62,109.73,-125.46
-102.17,109.48,-110.57
-107.7,52.003,-454.78
-113.96,62.113,-272.66
-86.506,99.592,-42.643
-125.72,83.885,-11.853
-126.02,98.978,-349.26
-85.18,92.853,-274.75
-89.081,100.8,-383.59
-121.79,64.049,-450.39
-98.263,104.43,-22.224
-125.39,67.535,-261.78
-105.75,111.39,-273.65
-106.97,103.99,-19.835
-129.6,80.97,-381.57
-144.82,60.244,-341.39
-152.09,73.399,-171.78
-138.45,98.42,-324.29
-111.95,59.69,-174.29
-144.1,74.291,-9.1635
-107.67,93.513,-242.27
-115.19,54.057,-327.09
-103.69,54.708,-35.669
-110.44,61.19,-178.5
-145.42,91.498,-103.42
-121.21,103.05,-258.98
-150.12,68.31,-300.6
-119.77,47.633,-392.02
-152.75,83.279,-251.75
-109.58,52.596,-56.371
-149.67,73.143,-95.319
-132.8,54.584,-250.89
-136.11,52.2,-2.2045
-144.57,70.685,-429.7
-134.87,51.062,0.31017
-152.07,87.102,-224.31
-140.39,63.326,-487.15
-103.86,86.075,-274.44
-147.36,89.971,-322.77
-98.422,59.037,-20.233
-114.38,98.84,-323.82
-105.33,89.429,-251.38
-140.85,89.391,-44.092
-151.67,71.459,-274.23
-113.32,56.104,-123.83
-144.65,71.353,-428.21
-131.39,104.23,-218.1
-102.69,72.271,-299.15
-118.04,101.68,-274.33
-116.66,55.832,-151.62
-137.61,54.289,-334.07
-126.68,52.335,-118.27
-106.91,92.39,-255.86
-145.39,97.625,-211.34
-108.87,56.135,-86.421
-110.44,44.957,-443.08
-129.34,54.368,-234.54
-100.3,85.368,-461.48
-126.52,53.581,-153.74
-112.06,97.995,-109.59
-98.935,52.423,-447.91
-118.2,54.049,-307.21
-133.26,54.905,-224.84
-118.66,102.39,-180.24
-151.76,79.525,-304.63
-100.72,58.688,-398.45
-142.22,96.83,-124.6
-105.78,91.743,-137.21
-129.24,53.613,-152.26
-131.84,52.295,-327.3
-101.7,88.396,-28.058
-114.41,58.451,-196.34
-102.86,78.723,-268
-152.98,78.724,-260.01
-119.25,95.248,-1.7819
-108.11,55.814,-77.336
-100.29,70.808,-349.37
-142.36,58.416,-92.319
-151.99,86.348,-187.39
-96.133,75.629,-415.78
-131.27,88.874,-452.6
-131.28,103.12,-149.63
-114.12,58.804,-226.46
-111.07,42.421,-466.24
-122.38,100.21,-349.52
-112.19,57.594,-301.73
-130.46,95.412,-398.57
-91.17,63.604,-479.05
-121.9,55.224,-227.32
-147.47,63.306,-260.37
-118.36,99.576,-347.46
-106.01,53.91,-389.24
-106.53,93.295,-73.722
-136.31,102.89,-189.73
-93.659,63.044,-450.33
-95.749,51.625,-476.48
-129.26,98.045,-373.94
-119.82,100.46,-88.297
-132.14,104.12,-214.94
-122.73,51.449,-333.5
-143.87,96.9,-289.56
-114.05,52.076,-75.231
-153.11,79.386,-250.53
-142.72,98.032,-286.34
-146.68,85.859,-358.91
-114.79,90.667,-478.24
-151.22,82.51,-307.52
-141.15,82.228,-429.63
-102.73,68.531,-121.63
-99.684,58.937,-30.933
-91.741,65.927,-469.97
-152.04,73.666,-165.85
-116.76,101.56,-231.37
-144.21,59.638,-302.84
-131.71,85.518,-475.89
-130.56,54.099,-168.23
-103.8,43.278,-484.46
-145.19,71.25,-421.19
-99.691,79.162,-359.63
-147.63,80.244,-372.75
-122.83,42.189,-469.35
-105.65,89.456,-454.17
-96.4,73.04,-39.087
-100.04,76.89,-99.172
-119.13,95.081,0.52603
-106.04,63.836,-304.4
-101.35,75.066,-319.95
-140.14,56.752,-286.73
-103.9,90.383,-75.379
-140.44,100.7,-258.13
-116.91,101.13,-277.49
-142.66,94.461,-101.47
-143.8,77.549,-13.375
-148.33,91.101,-142.15
-118.2,97.107,-392.49
-110.22,96.869,-160.46
-142.15,92.061,-74.857
-102.73,81.293,-167.56
-143.68,59.708,-117.21
-136.85,54.222,-90.84
-99.368,83.645,-410.93
-137.49,53.764,-44.009
-110.84,96.764,-308.87
-152.01,82.741,-156.69
-98.261,53.654,-445.89
-148.21,73.529,-66.775
-151.45,70.144,-248.71
-145.97,96.859,-241.17
-150.8,72.658,-126.44
-139.51,97.486,-327.94
-133.4,92.974,-408.5
-116.87,98.946,-69.251
-102.2,78.939,-294.96
-100.56,60.464,-390.37
-140.99,96.907,-322.41
-145.8,80.498,-392.99
-146.21,62.108,-187.16
-140.69,92.699,-67.73
-107.33,51.737,-35.355
-124.15,46.751,-18.304
-132.48,92.97,-412.9
-142.21,59.577,-24.981
-152.44,73.013,-215.56
-105.36,89.451,-211.83
-136.2,50.73,-440.52
-125.19,100.49,-346.77
-141.98,57.759,-301.44
-121.01,102.66,-276.85
-114.46,41.225,-473.27
-96.269,68.555,-32.872
-98.73,83.597,-442.09
-147.46,86.7,-344.87
-149.25,84.619,-332.5
-115.04,96.146,-22.142
-97.039,62.36,-22.432
-136.12,52.867,-50.761
-142.71,78.806,-5.7849
-99.8,83.978,-401.56
-107.22,65.306,-185.38
-93.456,52.556,-490.66
-135.63,50.551,-421.62
-93.988,76.72,-469.08
-150.12,75.273,-101.02
-127.6,88.578,-472.18
-105.05,88.624,-227.83
-135.52,90.61,-416.41
-106.45,60.4,-105.76
-146.74,70.581,-398.76
-137.64,98.336,-102.49
-152.89,75.819,-251.35
-150.21,78.762,-103.75
-126.01,53.86,-268.63
-147.06,76.121,-390.68
-109.25,91.105,-454.18
-118.1,56.593,-220.81
-133.94,101.91,-297.78
-142.44,93.873,-341.99
-125.62,47.084,-18.961
-106.1,91.739,-162.29
-108.48,95.001,-165.75
-102.17,58.64,-386.18
-142.07,93.445,-86.08
-113.99,52.892,-84.907
-107.28,92.407,-395.89
-121.76,55.06,-245.74
-132.54,95.885,-385.55
-100.46,60.17,-392.83
-146.36,89.347,-340.06
-120.41,46.946,-26.136
-116.3,56.549,-270.77
-94.861,68.952,-15.631
-151.72,78.928,-306.69
-112.76,58.589,-275.41
-146.78,64.808,-373
-127.93,54.352,-196.56
-109.04,45.115,-446.56
-146.81,65.442,-378.47
-128,49.738,-59.402
-150.78,85.313,-301.22
-146.82,72.4,-44.951
-123.96,54.665,-239.48
-145.58,88.243,-80.738
-142.69,72.148,-450.89
-106.75,54.15,-382.36
-151.76,70.827,-236.28
-125.79,53.683,-275.76
-139.41,89.461,-33.338
-111.37,97.137,-312.7
-148.13,67.902,-87.198
-107.39,56.157,-361.21
-129.72,102.23,-309.11
-103.43,88.459,-438.13
-94.904,64.383,-6.797
-115.91,101.09,-178.54
-102.32,67.017,-105.62
-125.59,97.673,-386.59
-142.82,96.306,-124.47
-119.34,48.965,-53.315
-142.48,95.583,-111.8
-99.884,75.634,-96.135
-147.11,64.526,-102.84
-114.62,99.526,-113.77
-118.3,101.7,-141.48
-140.31,56.401,-65.916
-101.84,77.892,-305.52
-123.86,52.354,-117.07
5.824,106.68,-94.809
7.8857,133.8,-397.42
-19.645,99.687,-359.19
9.734,144.29,-221.21
15.676,121.72,-81.669
-33.019,141.13,-312.43
-35.308,134.47,-181.62
-15.952,104.3,-126.78
11.295,113.66,-486.4
-8.8074,143.33,-407.92
-2.4637,146.4,-360.28
-35.18,133.79,-365.89
-21.757,141.31,-20.141
17.381,120.69,-5.1739
-7.6268,104.23,-139.61
-16.094,154.33,-263.24
11.247,115.24,-477.74
7.6416,113.44,-281.33
16.099,119.76,-57.862
-35.59,136.97,-253.1
-36.729,122.89,-309.11
-15.41,151.34,-323.7
-2.8139,150.37,-87.766
-3.1743,154.05,-235.01
-7.0526,100.81,-82.01
-18.532,105.49,-268.67
-35.096,123.22,-222.88
-7.8305,146.98,-371.67
-15.028,154.98,-244.91
-23.438,108.55,-234.82
4.7405,103.98,-72.137
8.169,140.44,-329.47
-25.664,110.38,-177.16
-25.16,147.68,-327.87
-11.328,104.21,-141.06
-33.758,121.54,-110.91
3.4749,108.92,-291.58
-18.812,105.36,-273.86
-19.957,107.28,-191.12
7.7326,108.94,-103.03
-35.727,125.44,-226.71
-7.1222,105.66,-243.54
-8.9572,103.28,-121.92
-2.8831,149.09,-69.256
-35.119,138.32,-242.15
-34.546,124.6,-471.88
-35.194,126.96,-163.95
-0.4498,142.05,-392.72
13.924,120.69,-127.89
-30.589,114.07,-106.44
-11.431,144.54,-12.68
-21.321,134.47,-477.37
-35.929,121.08,-294.29
8.8307,145.47,-135.69
-30.763,114.68,-234.54
-3.6632,102.43,-333.45
0.11744,99.501,-48.376
-1.4608,104.94,-126.65
-3.1965,153.52,-148.84
-35.182,135.73,-188.17
-37.013,125.26,-408.77
-34.667,138.77,-299.68
4.4489,150.29,-175.89
10.402,104.34,-464.29
10.578,116.3,-163.17
1.9476,105,-104.71
-22.465,100.01,-17.889
-36.136,132.79,-347.37
-26.436,110.4,-143.63
-19.431,102.33,-71.79
-29.917,107.85,-4.6192
-30.758,111.36,-38.019
14.501,131.36,-170.31
0.16439,95.82,-423.06
-5.4485,145.5,-21.376
-24.639,151.47,-198.09
-33.001,132.95,-82.731
-22.571,99.882,-15.251
-34.54,122.36,-203.48
9.0304,139.16,-328.94
-19.724,152.81,-153.84
-33.466,129.47,-440.99
-26.066,150.19,-185.7
16.146,119.95,-57.346
7.2618,113.71,-221.14
-0.53825,103.47,-338.55
-7.3762,101.15,-86.922
-15.699,149.76,-343.88
-7.4708,105.74,-234.76
-18.536,154.36,-194.99
7.1477,146.14,-107.25
11.473,119.22,-314.29
9.6281,145.04,-179.07
-33.255,132.26,-84.373
-21.284,144.94,-381.61
-20.072,85.914,-484.78
-17.614,150.67,-327.83
-6.061,106.12,-205.78
-9.1853,143.75,-1.9661
-37.589,124.01,-360.43
-27.217,146.88,-319.06
4.9957,145.45,-66.473
-14.544,86.989,-467.67
-32.521,118.42,-2.6622
10.78,134.24,-343.66
15.909,124.5,-84.25
-15.635,151.23,-100.26
11.699,112.42,-467.84
4.3033,150.1,-157.11
-11.774,96.724,-379.71
10.061,139.21,-306.59
-32.6,119.46,-6.6008
-23.216,108.34,-154.72
13.779,131.53,-223.19
-21.497,143.22,-36.872
-31.597,136.81,-84.637
-28.07,147.16,-302.12
14.94,124.3,-123.44
-0.24052,145.36,-359.46
16.875,118.85,-28.422
13.97,122.78,-147.81
11.178,140.51,-82.444
6.9047,95.795,-481.53
-6.4653,99.413,-359.59
-3.5964,106.74,-227.33
-0.45927,146.96,-50.935
-38.237,112.96,-481.93
6.5123,107.46,-97.785
-30.14,146.85,-217.94
-10.987,149.81,-345.25
-12.729,98.217,-46.191
8.7314,115.07,-275.2
10.655,141.47,-253.68
-37.513,123.01,-409.85
14.999,132.34,-63.856
-21.937,106.39,-119.91
-32.247,134.24,-75.453
12.991,108.65,-36.686
4.382,144.31,-334.35
-9.4425,105.68,-204.91
-23.443,108.94,-183.56
1.2767,144.54,-29.244
15.263,108.93,-5.7609
0.19599,152.84,-222.09
-18.671,144.17,-396.78
-16.453,139.27,-444.95
-31.824,93.288,-483.03
-13.437,153.91,-282.58
-26.402,110.03,-249.69
-34.839,114.86,-333.24
-6.9392,85.34,-489.65
1.6235,150.72,-267.48
-18.823,154.36,-226.19
3.6753,146.91,-75.994
-28.63,147.69,-277.71
-25.013,145.36,-86.082
1.2234,106.84,-301.82
15.538,124.41,-99.998
14.981,111.14,-26.557
-37.9,119.56,-419.34
-24.358,109.53,-203.94
-16.391,104.69,-275.95
-35.729,122.14,-273.01
-32.134,134.8,-77.683
13.245,134.43,-240.41
-3.9848,90.625,-451.12
-14.966,152.6,-305.09
9.332,141.08,-299.02
-37.433,124.88,-340.25
-34.254,124.83,-100.95
-37.562,107.77,-454.25
-31.258,110.92,1.5304
-17.783,106.18,-166.88
-14.106,154.76,-258.17
8.1703,145.34,-254.18
1.2521,152.04,-233.84
14.525,118.74,-93.752
6.2222,131.42,-436.03
9.1892,101.81,-17.085
12.933,127.13,-296.67
1.1096,98.287,-405.68
-19.451,143.23,-25.524
17.437,119.64,-4.65
-10.068,105.22,-248.02
-33.548,141.7,-272.21
12.448,134.01,-289.75
8.3359,107.8,-82.855
-32.118,114.9,-271.34
-26.247,137.39,-430.26
11.552,107.38,-43.489
-10.849,154.08,-279.38
13.388,130.3,-256.61
-22.465,152.75,-198.26
13.695,135.73,-189.94
-29.362,107.88,-328.8
-14.115,150.48,-84.957
-14.883,90.585,-436.49
-27.954,98.468,-410.09
-25.594,109.75,-240.14
-11.885,152.37,-311.37
-15.355,155.26,-209.2
-13.68,89.456,-445.89
3.2564,150.44,-143.23
-35.865,130.5,-197.45
4.3296,104.99,-362.7
-1.633,149.72,-316.13
-15.135,104.98,-263.37
-36.548,133.16,-300.03
11.956,119.59,-345.8
-28.606,147.94,-186.6
-2.6882,88.42,-475.94
-27.623,99.444,-399.36
-0.91952,153.53,-196.73
10.775,117.39,-314.38
-32.833,117.91,-35.906
10.53,112.74,-377.64
10.199,117.62,-266.37
-3.4483,149.49,-72.973
-11.278,155.33,-240.04
-23.739,103.98,-57.927
5.7635,102.58,-50.216
-32.602,117.12,-238.64
-6.5507,146.81,-370.46
-7.5315,155.39,-209.42
-33.718,136.69,-135.67
-4.5656,101.99,-335.12
-28.401,132.84,-458.14
-34.718,109.98,-377.68
-26.051,110.41,-157.85
-34.961,138.19,-217.77
-35.864,133.38,-208.54
-34.903,107.7,-320.02
-16.298,112.54,-125.23
-54.918,115.08,-399.53
-34.044,150.92,-27.511
-44.756,148.68,-379.88
-6.3332,131.97,-302.04
-8.8026,111.33,-40.644
-14.386,116.96,-212.15
-21.341,105.95,-64.968
-55.741,130.49,-282.2
-3.3668,134.44,-28.316
-51.68,144.55,-356.62
-7.8274,115.22,-445.6
-55.794,136.85,-347.82
-10.173,118.77,-143.55
-41.989,100.92,-411.7
-32.775,160.94,-184.87
-50.91,149.89,-280.08
-4.5691,132.71,-155.11
-43.919,101.42,-415.4
-34.737,94.237,-454
-47.329,143.75,-45.283
-50.737,134.19,-471.16
-19.954,113.51,-215.35
-39.881,100.14,-411.65
-52.661,116.42,-350.31
-45.101,141.55,-445.26
-7.6234,113.53,-47.527
-10.373,140.82,-372.13
-54.885,139.4,-349.97
-50.012,120.9,-136.76
-56.229,109.64,-468.04
-6.5386,145.09,-184.33
-53.287,128.31,-129.34
-11.736,153,-153.21
-42.19,105.92,-15.692
-3.4361,133.71,-92.342
-18.838,155.54,-297.63
-41.171,103.93,-0.26844
-33.77,147.94,-419.4
-12.126,118.85,-262.89
-9.9206,117.07,-360.37
-6.56,127.05,-184.49
-48.677,144.78,-71.827
-51.224,122.87,-202.31
-51.52,120.43,-278.59
-54.795,142.4,-288.68
-55.134,115.31,-401.74
-51.653,122.26,-61.862
-29.722,158.41,-112.29
-48.231,112.79,-333.72
-56.87,122.4,-397.94
-18.456,157.92,-158.48
-23.826,159.87,-246.74
-18.091,138.31,-464.86
-50.811,133.89,-473.16
-51.534,138.72,-68.23
-7.0274,124.94,-390.62
-40.877,91.684,-487.77
-9.4065,122.27,-202.46
-53.375,140.21,-131.13
-6.7063,141.52,-266.58
-15.163,155.48,-245.26
-11.618,113.46,-371.77
-47.609,118.14,-220.38
-18.479,99.986,-439.44
-42.657,150.06,-377.3
-3.3817,135.04,-59.145
-36.143,154.76,-348.8
-25.013,139.55,-483.5
-18.474,111.39,-125.13
-9.0867,117.36,-377.24
-48.18,147.14,-88.739
-35.859,93.827,-458.67
-18.988,112.75,-282.38
-25.789,110.03,-140.19
-7.0852,127.39,-298.7
-54.779,128.37,-258.4
-10.341,127.43,-481.49
-47.801,138.14,-459.43
-12.375,149.99,-301.49
-12.218,111.04,-389.41
-43.986,149.97,-371.02
-43.784,147.17,-42.345
-49.001,152.44,-192.99
-44.428,154.67,-140.41
-44.309,146.87,-400.34
-18.643,114.07,-203.25
-42.836,157.28,-264.08
-22.939,157.29,-104.14
-16.293,109.65,-84.805
-17.867,157.82,-225.07
-52.176,113.16,-374.82
-7.1673,146.58,-136.71
-56.709,124.4,-377.22
-25.31,160.22,-161.55
-52.79,126.18,-180.38
-43.194,149.61,-379.12
-56.718,130.13,-352.45
-41.716,157.62,-167.02
-18.291,156.4,-276.16
-12.872,117.93,-190.84
-42.154,111.55,-97.086
-43.661,154.71,-312.28
-13.245,116.75,-292.09
-5.1999,141.78,-107.49
-14.016,153.91,-261.42
-53.988,144.86,-244.62
-48.551,148.01,-104.1
-7.5754,143.15,-282.14
-5.6103,136.98,-239.22
-6.4577,133.88,-317.66
-53.455,128.96,-132.17
-38.397,141.57,-469.53
-15.49,146.57,-375.55
-6.6544,145.65,-164.55
-54.3,135.29,-412.79
-54.536,139.15,-175.61
-24.209,159.26,-138.76
-10.159,144.49,-332.25
-13.777,148.66,-36.647
-24.725,155.63,-74.175
-23.55,159.8,-246.63
-52.715,127.17,-64.077
-54.223,144.3,-261.74
-43.999,111.21,-314.74
-2.5155,130.85,-5.4963
-27.208,110.16,-147
-21.049,159.4,-223.45
-48.174,119.05,-192.84
-53.743,145.5,-252.54
-14.359,111,-363.52
-16.796,110.77,-340.95
-8.9378,129.78,-438.63
-35.673,158.5,-130.57
-57.342,116.45,-458.88
-18.849,113.71,-253.03
-30.282,110.27,-266.72
-3.1466,123.12,-46.765
-50.277,145.74,-362.69
-24.849,154.72,-343.11
-42.513,143.9,-2.3693
-7.8525,129.24,-416.3
-10.275,148.83,-81.875
-31.492,156.57,-86.625
-20.14,159,-224.46
-45.792,149.68,-361.93
-5.5217,125.19,-123.38
-3.2642,129.28,-80.852
-52.462,146.07,-317.93
-38.971,111.72,-138.09
-32.884,151.91,-382.9
-27.973,105.45,-349.45
-48.275,114.3,-315.46
-43.743,113.08,-104.97
-26.588,150.07,-8.2156
-40.922,112.33,-129.27
-6.3809,132.81,-312.69
-7.7979,124.74,-310.63
-22.999,153.49,-350.2
-24.702,144.77,-437.65
-31.731,160.92,-178.42
-23.122,111.15,-276.82
-10.747,106.02,-460.11
-56.591,130.91,-385.91
-12.791,146.07,-353.94
-4.3186,137.97,-132.59
-4.1164,129.46,-115.05
-46.849,138.86,-459.28
-47.626,153.51,-277.16
-27.116,109.93,-282.73
-53.741,133.74,-437.92
-55.808,124.37,-341.93
-30.389,104.46,-55.662
-48.183,97.751,-470.44
-44.558,102.77,-406.68
-8.2799,123.13,-472.78
-6.2836,143.92,-199.62
-47.662,154.28,-235.53
-23.73,95.691,-454.03
-20.177,112.37,-276.36
-30.047,152.07,-380.83
-37.502,112.38,-204.53
-24.426,160.19,-166.97
-11.587,151.93,-120.41
-16.757,147.36,-1.5149
-15.377,113.12,-323.26
-7.288,117.81,-83.12
-21.785,159.8,-212.36
-16.823,102.51,-12.301
-39.058,96.647,-440
-10.065,148.67,-273.73
-13.388,154.64,-159.98
-7.8478,146.58,-234.67
-4.4374,134.94,-155.48
-13.637,108.76,-395.49
-45.123,145.89,-405.18
-50.33,119.04,-63.813
-30.595,102.56,-377.68
-27.494,156.26,-331.47
-54.016,131.54,-143.45
-38.738,157.93,-140
-26.17,97.144,-434.33
-20.383,113.31,-224.63
-15.93,105.35,-407.35
-31.12,107.88,-313.78
-25.74,155.33,-68.703
-43.807,144.21,-15.205
-22.7,158.57,-273.55
-28.912,157.17,-92.308
-55.519,107.09,-473.23
-32.707,105.83,-68.53
-6.2785,131.64,-286.13
-52.495,147.03,-191.3
-23.403,92.101,-487.39
-9.0933,112.91,-425.37
-18.609,156.93,-126.28
-9.0783,148.83,-111.44
-53.858,106.14,-454.93
-50.247,119.08,-272.91
-2.7169,131.62,-43.462
-42.526,144.99,-12.338
-36.601,154.58,-349.9
-8.4671,124.12,-275.48
-7.4934,132.01,-384.39
-56.867,124.45,-450.62
-8.4004,143.01,-23.055
-55.407,130.65,-262.05
-12.298,151.55,-274.51
-15.327,148.29,-20.626
-51.253,142.88,-381.97
-75.811,137.04,-341.5
-71.148,152.88,-172.03
-46.215,162.3,-324.88
-49.233,116.56,-174.53
-62.748,149.47,-9.4645
-24.929,139.28,-242.92
-56.94,113.35,-327.24
-44.656,108.33,-35.897
-47.154,116.71,-178.77
-53.686,162.89,-103.91
-29.353,155.19,-259.68
-74.264,146.89,-300.78
-65.254,110.95,-392.07
-66.144,160.36,-252.1
-50.74,110.36,-56.551
-68.653,151.62,-95.578
-69.291,125.56,-250.99
-70.749,127.46,-2.2798
-69.84,144.32,-429.92
-70.504,125.8,0.24309
-62.873,163.02,-224.71
-71.969,135.62,-487.3
-27.128,130.93,-275.02
-58.455,161.56,-323.22
-37.673,108.35,-20.534
-27.508,147.16,-324.5
-25.862,134.6,-252
-50.921,158.73,-44.579
-73.144,150.46,-274.45
-52.059,115.02,-124.03
-69.454,144.89,-428.44
-35.964,162.89,-218.78
-35.362,119.45,-299.57
-27.958,152,-275.03
-55.08,116.78,-151.81
-74.04,127.89,-334.14
-64.653,120.75,-118.38
-25.213,137.85,-256.5
-50.863,166.88,-211.9
-48.235,112.42,-86.642
-60.367,102.58,-443.14
-66.609,123.28,-234.64
-26.823,126.91,-462.05
-64.104,121.38,-153.86
-24.022,146.39,-110.28
-46.803,100.88,-448.1
-59.038,115.4,-307.35
-69.161,126.27,-224.95
-26.999,153.55,-180.95
-68.354,156.51,-304.94
-43.627,107.14,-398.71
-48.034,164.79,-125.16
-23.521,137.39,-137.86
-66.155,123.16,-152.37
-70.831,122.7,-327.36
-21.4,132.9,-28.688
-52.147,117.05,-196.55
-31.022,124.7,-268.5
-69.336,156.97,-260.31
-30.165,149.6,-2.4251
-47.767,111.75,-77.558
-34.996,116.46,-349.78
-72.488,135.66,-92.435
-62.916,162.64,-187.79
-29.407,117.06,-416.26
-48.2,149.55,-453.09
-35.875,162.42,-150.3
-52.009,116.94,-226.68
-62.717,100.89,-466.27
-33.019,153.18,-350.18
-52.1,114.29,-301.94
-42.81,154.39,-399.14
-33.996,104.25,-479.4
-60.284,119.2,-227.47
-75.027,141.61,-260.51
-30.33,150.13,-348.13
-50.649,106.94,-389.42
-22.431,139.47,-74.386
-40.293,165.21,-190.39
-35.961,105.6,-450.67
-45.175,98.033,-476.67
-39.944,155.79,-374.55
-28.16,153.4,-88.992
-36.572,163.32,-215.62
-64.46,116.16,-333.6
-50.982,164.84,-290.1
-54.696,112.71,-75.386
-68.912,157.62,-250.84
-49.342,164.99,-286.9
-60.957,157.75,-359.31
-34.693,140.17,-478.81
-66.051,158.43,-307.87
-59.797,150.96,-430
-35.935,117.75,-122.02
-38.816,109.02,-31.227
-32.846,106.45,-470.35
-70.874,153.09,-166.1
-26.611,151.36,-232.08
-75.33,136.43,-302.95
-50.934,147.11,-476.34
-67.019,124.28,-168.34
-56.794,96.765,-484.52
-69.858,145.2,-421.42
-29.272,122.41,-360.14
-65.439,153.97,-373.08
-71.911,108.26,-469.33
-28.217,133.52,-454.77
-27.323,117.66,-39.558
-28.265,122.56,-99.669
-30.157,149.41,-0.11583
-43.408,115.11,-304.71
-32.76,120.59,-320.41
-73.894,131.71,-286.82
-22.307,135.54,-76.02
-45.583,165.75,-258.73
-27.487,150.83,-278.19
-49.65,163.4,-102
-60.468,151.75,-13.714
-56.583,164.22,-142.62
-32.267,147.85,-393.13
-23.868,144.02,-161.15
-50.523,161.41,-75.368
-28.219,127.23,-168.09
-72.93,137.33,-117.33
-70.946,128.91,-90.93
-26.683,125.31,-411.49
-71.241,129.27,-44.094
-25.966,143.38,-309.54
-64.928,160.08,-157.05
-45.475,101.4,-446.1
-66.992,151.16,-67.047
-73.559,149.48,-248.92
-52.109,166.47,-241.71
-70.157,151.77,-126.69
-47.67,162.24,-328.51
-46.732,154.34,-409.03
-26.67,150.47,-69.942
-30.663,124.27,-295.46
-42.279,108.45,-390.65
-49.118,162.79,-322.97
-64.091,152.86,-393.33
-74.058,140.35,-187.3
-48.917,161,-68.254
-49.346,108.39,-35.536
-65.255,115.49,-18.361
-46.074,153.72,-413.44
-70.921,136.88,-25.116
-72.12,152.52,-215.8
-25.451,134.88,-212.44
-76.361,123.57,-440.55
-34.963,155.22,-347.43
-74.814,133.57,-301.54
-29.634,154.65,-277.56
-66.158,102.11,-473.26
-30.039,114.18,-33.292
-26.552,124.66,-442.64
-60.866,158.98,-345.28
-63.446,158.62,-332.88
-26.576,147.45,-22.811
-34.501,110,-22.777
-70.837,127.66,-50.841
-58.741,152.05,-6.1443
-26.701,125.9,-402.11
-42.113,117.75,-185.71
-42.969,97.181,-490.87
-75.845,123.2,-421.64
-27.622,116.17,-469.57
-67.693,153.5,-101.3
-45.781,146.84,-472.67
-25.913,133.95,-228.43
-49.961,153.85,-416.91
-43.842,114.01,-106.04
-71.241,145.83,-398.98
-43.327,163.14,-103.09
-71.038,154.73,-251.61
-65.544,156.21,-104.07
-64.742,120.53,-268.74
-67.843,150.33,-390.96
-29.916,137.1,-454.78
-56.42,117.84,-220.99
-40.246,162.25,-298.42
-52.382,161.27,-342.5
-66.177,116.69,-19.016
-24.032,137.43,-162.93
-23.79,141.44,-166.42
-44.639,108.11,-386.44
-49.692,162.35,-86.606
-54.229,113.24,-85.07
-26.959,137.21,-396.52
-60.473,118.86,-245.88
-43.962,156.17,-386.12
-42.418,108.15,-393.11
-58.276,160.34,-340.51
-62.351,113.19,-26.21
-55.599,116.33,-270.95
-28.525,113.69,-16.062
-68.729,156.01,-306.99
-51.619,115.59,-275.63
-74.716,141.6,-373.16
-65.141,122.6,-196.67
-59.228,101.78,-446.62
-74.384,142.06,-378.63
-66.721,119.99,-59.476
-63.844,160.33,-301.6
-66.422,149.54,-45.217
-62.348,120.01,-239.61
-55.664,160.65,-81.191
-67.682,144.09,-451.14
-50.991,107.64,-382.55
-73.222,150.28,-236.49
-64.757,120.2,-275.88
-49.662,157.92,-33.832
-26.177,143.99,-313.37
-70.76,146.67,-87.403
-49.972,109.73,-361.42
-36.923,159.71,-309.77
-26.982,131.43,-438.72
-31.401,110.28,-7.1753
-25.711,150.8,-179.25
-36.428,116.43,-106
-37.498,153.06,-387.2
-48.828,164.77,-125.02
-60.516,113.87,-53.414
-48.898,164.08,-112.34
-28.923,121.52,-96.618
-72.309,143.32,-103.01
-25.042,149.18,-114.47
-26.758,153.03,-142.19
-71.937,132.97,-66.019
-31.166,123.16,-306
-62.473,118.96,-117.19
