163.35,-21.882,228.01
43.791,-95.025,138.18
69.649,-85.994,93.089
240.92,-17.467,343.31
67.372,-60.167,156.28
268.89,39.039,355.38
259,-5.5297,344.23
141.2,-21.422,250.28
79.848,-59.737,182.06
292.84,46.624,378.25
290.93,58.241,387.6
71.007,-111.74,117.97
102.99,-41.113,183.05
142.58,-75.919,204.89
59.934,-67.219,153.74
44.471,-106.89,130.24
24.287,-78.588,78.617
227.11,-25.196,330.42
115.94,-49.933,232.51
73.081,-86.501,96.762
193.57,9.8466,297.96
178.21,-6.0797,307.55
45.524,-75.273,85.489
317.01,68.337,412.26
244.86,43.327,371.68
46.169,-68.205,115.46
104.11,-96.072,163
171.35,-59.112,258.91
76.36,-106,147.23
205.03,16.791,329.72
168.46,-35.007,220.8
299.26,77.89,426.52
36.886,-104.65,125.49
81.875,-59.729,185.56
246.86,-13.692,330.42
40.857,-116.52,57.13
117.25,-33.172,208.69
112.82,-38.282,185.12
137.72,-27.668,254.51
124.72,-56.053,241.58
-4.7219,-102.23,74.54
276.77,48.623,369.88
16.296,-127.78,81.731
42.892,-96.155,136.7
53.784,-76.765,151.36
6.6107,-129.89,72.727
63.438,-62.076,123.02
14.898,-134.31,65.188
132.41,-65.639,240.43
46.081,-123.05,87.028
313.04,61.204,403.89
126.47,-84.65,194.81
19.491,-104.81,29.327
149.88,-72.237,224.03
88.151,-102.94,133.45
66.071,-88.184,165.3
16.239,-82.071,68.694
176.25,-8.7664,253.06
200.39,-19.516,259.95
200.03,-37.36,308.88
180.82,0.24179,304.31
121.69,-66.451,158.97
253.92,-4.4106,330.24
283.68,59.749,387.8
277.47,13.274,406.41
174.25,-5.0207,298.53
291.47,32.588,371.85
24.532,-118.93,100.59
173.18,-20.061,236.05
184.98,-49.955,249.63
284.87,69.66,417.11
124.12,-69.633,230.47
125.91,-76.986,167.76
178.29,-55.836,247.79
76.998,-56.588,171.64
218.36,-32.766,304.82
182.55,-31.04,309.22
78.696,-101.87,157.95
94.11,-95.203,129.52
184.78,3.5406,282.14
123.15,-32.996,197.92
207.32,5.6615,285.75
9.6159,-87.164,82.522
39.929,-99.063,54.343
149.34,-21.37,269.55
111.98,-76.651,214.33
99.411,-74.434,130.9
261.26,48.985,408.49
221.87,8.0469,296.33
27.183,-100.34,40.121
177.44,-31.628,231.44
177.04,-3.5814,264.24
236.52,13.077,381.99
142.37,-74.677,224.63
100.12,-71.1,132.98
230.99,-18.933,345.51
211.47,-31.823,278.62
133.71,-77.738,183.99
131.02,-69.043,171.39
184.43,-11.695,252.33
252.6,34.969,342.96
142.24,-19.872,246.8
203.01,16.192,323.31
273.85,59.45,389.41
202.99,-38.842,271.03
142.01,-35.351,198.71
183.43,-33.985,237.54
70.636,-111.83,116.21
237.16,22.538,320.66
19.065,-111.62,102.96
211.01,-35.685,308.5
3.3296,-94.302,81.578
168.55,-54.493,272.45
92.688,-55.225,200.2
226.44,23.083,368.36
112.37,-83.856,150.43
111.27,-36.462,204.39
212.49,-36.275,295.19
222.14,-15.396,286.17
273.51,44.137,428.93
162.54,-58.91,215.76
62.749,-83.049,87.72
215.58,12.928,299.24
27.937,-100.34,118.19
26.548,-125.77,41.504
215.29,-32.685,315.29
124.76,-50.48,243.45
134.17,-33.436,253.39
186.81,1.7238,315.52
42.597,-106.02,55.921
123,-63.098,235.71
36.038,-89.62,57.7
38.07,-95.808,131.38
192.21,-47.821,265.38
89.358,-87.949,117.22
231.53,10.752,305.38
155.46,-39.804,279.96
24.987,-123.78,36.596
85.012,-57.325,188.87
115.75,-40.473,227.41
181.15,-33.687,305.93
94.54,-79.753,123.87
58.37,-64.756,115.13
188.36,-27.625,316.4
236.96,-13.57,356.01
10.002,-87.462,48.148
212.66,-29.223,325.38
288.19,12.702,383.96
25.482,-121.19,98.014
175.58,-20.264,237.49
210.81,11.769,349.81
231.26,30.556,369.73
40.55,-71.111,101.58
293.75,71.671,411.2
44.18,-72.105,128.84
146.82,-23.856,218.81
50.493,-107,134.72
153.41,-70.162,219.31
169.16,-9.1247,293.7
152.91,-70.517,228.66
276.85,60.621,390.78
270.27,53.319,375.86
256.22,12.556,328.84
93.289,-93.206,179.93
179.9,-53.061,243.69
181.91,2.9788,298.71
215.16,-16.49,344.6
59.437,-93.338,155.44
228.79,24.525,371.32
198.69,-42.538,295.5
216.76,-33.543,298.82
284.64,48.924,442.32
97.924,-43.254,183.76
289.93,35.424,370.57
227.06,0.24423,294.81
49.298,-81.219,146.36
280.03,54.376,378.66
71.897,-84.835,173.14
139.7,-28.844,259.31
148.84,-44.779,271
16.317,-92.786,101.98
80.584,-52.67,151.48
279.23,45.47,367.73
61.975,-114.41,96.928
120.5,-36.182,189.44
247.72,18.1,394.82
105.49,-84.7,139.76
2.1692,-101.83,84.677
285.57,11.045,380.33
284.14,61.485,390.94
21.354,-88.144,49.638
21.286,-98.476,110.35
175.71,-23.582,234.65
17.709,-81.012,76.086
16.44,-83.64,90.074
250.72,15.838,396.2
57.617,-93.52,76.57
55.691,-78.149,154.65
90.207,-62.018,199.39
158.7,-65.636,245.54
301.8,42.456,384.98
255.57,30.393,339.02
-3.5277,-106.54,77.729
110.64,-69.591,220.04
14.375,-136.81,52.11
131,-45.544,251.61
143.43,-41.065,266.89
215,7.3516,291.54
292,64.165,396.22
146.06,-33.279,203.74
98.757,-93.283,135.93
220.81,19.269,361.51
185.17,-5.1587,318.4
39.6,-98.191,132.18
267.58,0.50084,353.53
16.168,-92.9,38.732
124.72,-84.949,180.35
253.03,38.347,348.08
59.638,-79.621,160.26
87.519,-92.043,179.08
212.39,-32.893,316.8
51.996,-106.38,136.59
71.057,-99.953,94.595
17.231,-92.868,103.44
222.44,-25.719,293.05
162.13,-65.596,237.84
77.87,-77.098,106.72
73.271,-70.291,177.54
132.75,-26.007,239.08
168.38,-40.398,218.84
135.13,-49.244,180.49
168.77,-25.973,298.86
94.559,-49.69,197.83
138.41,-24.418,250.73
307.31,52.307,393.9
263.21,54.609,384.9
165.74,-6.0722,272.23
79.656,-60.749,127.58
99.775,-84.292,131.04
91.566,-101.95,142.17
236.35,35.877,346.82
33.608,-84.526,62.658
204.32,-38.635,304.29
140.95,-20.35,242.71
91.698,-88.59,120.71
222.61,-14.578,350.64
98.498,-97.942,165.44
140.11,-63.161,182.74
43.918,-74.144,87.675
175.21,-56.094,267
143.09,-58.687,186.19
215.1,5.9173,356.99
168.3,-51.938,220.13
171.18,-8.84,297.32
159.31,-19.444,229.89
314.35,30.701,433.34
132.24,-60.304,245.64
146.43,-52.987,263.1
4.7431,-99.995,87.806
192.84,3.7197,279.16
134.04,-33.109,198.09
4.767,-99.479,87.64
257.63,42.899,356.34
178.59,-14.105,311.54
240.34,35.67,382.11
234.16,-18.735,345.13
157.63,-42.913,206.22
228.64,-15.498,295.42
293.51,15.835,393.55
90.8,-100.15,131.44
171.22,-59.126,235.93
18.265,-135.32,50.986
291.5,71.484,412.21
43.395,-85.111,68.737
297.48,21.264,387.97
254.83,46.541,364.98
140.61,-34.18,263.42
5.3691,-136.33,59.228
169.35,-59.173,260.63
132.94,-25.692,218.59
145.66,-22.001,262.96
122.37,-81.724,210.13
257.23,1.3266,384
280.91,10.585,367.08
162.89,-65.162,233.84
275.81,4.7873,367.41
153.54,-18.95,274.85
99.036,-55.042,146.71
112.74,-35.602,204.83
138.17,-59.975,250.42
235.52,-11.847,304.28
52.694,-108.55,134.07
197.26,-0.68349,272.78
217.17,-32.757,295.75
208.76,19.837,321.47
155.95,-16.993,277.22
288.01,14.29,404.93
134.37,-75.001,181.05
127.49,-42.551,180.76
92.101,-80.741,120.73
26.762,-117.79,35.938
138.74,-71.617,185.37
231.67,-21.332,339.26
129.91,-43.829,180.87
196.08,2.2709,276.83
66.449,-103.42,149.98
60.862,-115.67,98.756
144.5,-34.276,268.73
169.05,-4.2991,271.33
164.19,-24.497,293.6
269.98,4.4539,351.95
48.637,-70.571,135.78
134.45,-29.279,205.99
210.01,13.743,347.08
49.622,-68.757,103.77
-8.3594,-121.02,68.748
176.45,-4.5373,302.52
295.82,76.43,426.5
291.33,72.486,416.02
237.17,-8.0293,305.29
127.57,-27.869,216.99
191.37,-15.683,326.09
299.09,23.75,387.63
179.71,-55.716,257.99
76.359,-100.12,103.09
23.01,-123.75,33.289
147.24,-70.233,236.84
60.188,-68.796,156.12
119.52,-53.355,236.79
210.51,-27.509,328.2
103.65,-55.853,148.6
32.434,-81.542,67.453
102.16,-74.6,134.04
182.11,3.052,299.21
80.592,-97.44,108.08
116.7,-82.079,156.34
138.78,-67.998,182.61
230.2,33.625,349.38
186.11,-26.187,315.69
41.842,-70.334,105.41
63.765,-107.02,87.665
232.42,-17.273,348.85
36.918,-72.46,100.77
190.44,-21.056,322.66
187.37,-44.757,246.97
44.971,-111.62,60.519
291.06,22.691,423.88
201.13,-39.304,267.59
183.23,-4.9817,261.33
203.71,-10.204,340.52
46.191,-70.471,98.703
125.24,-53.198,243.27
204.67,-3.1257,343.8
125.76,-62.693,238.37
65.809,-103.24,88.229
124.21,-85.935,189.77
39.504,-72.456,94.447
183.16,3.5235,284.74
202.25,-5.4093,340.65
262.95,52.227,375.97
-7.1451,-91.964,43.155
137.75,-46.243,184.97
218.54,-29.167,289.86
282.92,62.507,436.03
221.57,-1.2707,288.95
26.844,-129.61,78.707
137.51,-32.279,258.06
317.58,69.816,413.95
-10.97,-105.35,66.559
223.34,25.416,359.95
224.57,-14.103,352.11
112.09,-57.505,227.3
56.411,-105.57,140.69
128.39,-57.219,169.35
177.26,-53.819,238.8
23.183,-111.41,107.15
158.78,-67.345,227.3
267.53,54.899,413.68
314.7,29.864,426.6
244.17,-1.2656,376.49
73,-105.77,147.83
153.02,-66.483,206.78
196.2,-37.12,255.99
83.039,-105.56,127.97
139.55,-21.02,238.07
25.439,-112.74,108.13
302.69,75.896,418.13
76.97,-63.337,121.73
136.12,-68.82,178.9
178.64,-11.853,311.22
113.3,-78.786,148.87
184.08,0.72775,311.14
191.55,-48.851,271.6
58.513,-116.05,117.5
319.43,35.339,415.88
209.37,-16.446,270.57
260.31,26.209,410.2
77.453,-105.26,149.32
58.931,-97.82,77.312
235.18,-3.1903,302.37
24.857,-109.64,33.225
70.72,-111.93,120.74
271.65,61.029,404.18
255.96,50.412,380.21
269.64,9.6188,399.44
52.996,-119.97,98.053
132.9,-43.578,183.32
312.06,28.066,422.58
296.19,58.116,390.01
275.05,63.28,408.24
134.24,-63.443,174.87
241.79,-6.5776,311.48
187.44,-51.097,270.71
51.387,-73.917,90.569
124.26,-85.359,195.99
208.09,14.023,343.2
186.28,-2.0919,267.14
78.378,-90.98,174.14
151.87,-46.737,229.62
231.11,41.579,375.32
115.64,-56.074,261.35
40.554,-119.82,106.45
19.442,-118.4,123.38
304,35.777,424.86
110.68,-32.871,215.19
278.38,35.858,387.86
270.46,65.711,448.17
26.517,-73.396,134.47
139.97,-66.278,262.84
117.15,-58.367,186.69
165.96,0.81373,295.56
214.69,-24.635,348.07
218.09,33.794,363.49
237.43,-10.718,347.86
65.18,-58.359,149.4
109.01,-72.42,175.14
138.45,-66.576,218.8
280.01,48.877,395.58
94.761,-39.744,200.95
45.845,-114.49,141.05
178.83,-48.518,281.6
182.16,-30.297,334.14
257.76,25.563,434.06
199.74,-36.338,310.71
105.68,-67.077,171.1
104.9,-34.281,234.91
169.05,-24.573,328.83
149.82,-24.318,307.49
6.5008,-83.421,78.083
92.158,-57.613,234.56
200.8,19.237,363.57
174.23,-38.203,258.4
254.14,55.884,426
89.349,-41.581,201.28
-18.386,-98.171,85.248
141.93,-17.786,249.06
71.336,-100.58,179
159.16,-6.7227,311.85
184.17,-4.7799,283.65
201.19,22.032,337.17
169.84,-45.733,255.24
290.8,73.579,429.27
90.211,-80.796,150.76
196.76,-8.871,289.75
174.78,-45.782,307.49
49.972,-93.331,174.99
139.1,-69.641,226.1
100.43,-91.234,198.86
215,-15.584,367.14
61.022,-108.84,126.2
156.99,-25.635,244.39
96.5,-89.181,166.39
72.514,-101.55,136.77
260.25,40.572,443.75
212.84,11.375,385.76
234.21,40.603,368.98
181.59,-15.075,345.28
5.7998,-81.536,88.207
215.76,-25.975,326.59
288.68,21.231,418.14
98.64,-81.338,224.2
219.99,5.765,390.98
269.12,11.562,383.66
260.1,6.1915,371.66
140.47,-64.171,267.6
87.303,-42.503,202.45
180.39,3.0166,342.12
273.91,69.921,428.29
113.14,-85.254,201.92
29.543,-121.15,80.966
109.38,-85.443,188.6
293.91,33.362,408.58
-28.581,-100.77,69.213
185.57,12.593,319.35
25.224,-73.728,131.81
26.224,-125.83,85.683
-16.143,-131.1,81.027
73.881,-49.365,186.97
95.191,-71.869,232.21
163.23,-29.242,320.95
286.33,63.106,412.83
179.47,-27.869,334.98
268.64,26.961,375.45
267.72,13.245,421.92
-1.4035,-121.98,103.38
84.388,-98.407,182.82
170.75,-8.3614,272.32
34.717,-75.776,102.36
156.67,-14.187,314.37
132.74,-71.351,250.88
29.643,-91.495,78.164
250.26,-4.3452,376.98
50.117,-111.96,148.19
214.89,-15.703,309.92
240.26,40.542,417.02
207.12,-25.94,304.03
59.167,-64.249,188.08
233.61,9.8461,333.64
168,-11.681,266.53
214.28,-7.6433,308.25
41.234,-119.65,108.3
34.959,-115.69,136.12
-5.698,-134.3,81.892
171.84,-4.3029,279.06
189.58,-41.039,313.69
271.81,52.07,458.47
67.111,-94.835,121.51
96.749,-67.954,160.73
157.2,-17.949,316.47
232.08,-15.5,361.16
45.269,-110.79,149.85
86.302,-71.693,147.84
302.33,67.906,426.5
266.67,53.225,392.68
31.686,-116.02,78.395
-27.288,-113.56,79.59
106.97,-42.741,192.8
142.29,-20.358,243.56
265.99,11.299,377.31
21.294,-78.553,92.25
287.58,21.035,413.54
16.973,-103.62,135.19
183.54,0.87487,290.79
12.929,-102.25,53.789
200.42,-8.9371,293.15
211.68,-13.459,304.92
122.66,-72.528,196.07
136.09,-45.499,212.14
60.785,-77.039,194.03
1.5835,-113.63,113.3
249.41,50.035,425.01
220.87,-13.623,371.52
272.2,11.112,412.12
122.76,-80.312,215.54
236.05,18.069,340.07
58.3,-91.426,184.09
78.211,-102.47,168.7
271.09,25.835,442.24
136.84,-16.08,273.39
42.74,-78.477,102.78
87.662,-94.978,193.6
24.744,-77,138.87
172.46,-52.627,277.22
184.75,-17.776,346.79
209.05,25.302,340.6
42.913,-101.95,89.161
155.11,-5.0869,293.34
56.07,-73.036,187.9
225.77,36.005,393.5
243.17,-0.32402,396.86
141.94,-61.131,273.69
171.23,-41.238,314.97
125.98,-37.426,277.4
50.811,-69.328,178.14
304.82,33.662,430.66
118.4,-73.416,245.21
159.95,-46.562,240.43
222.89,19.168,331.96
115.62,-45.044,194.84
134.7,-66.317,262.48
251.02,15.973,421.27
71.246,-96.398,187.16
62.267,-102.35,118.38
226.99,-7.0069,383.14
197.06,-34.932,328.42
96.04,-85.551,216.19
43.458,-73.129,168.83
85.433,-95.189,193.31
228.84,-6.0149,385.11
89.827,-60.15,159.58
170.12,-47.114,256.88
210.46,25.536,375.39
45.026,-63.3,147.69
30.087,-82.868,87.981
225.12,-19.246,356.27
131.39,-23.423,236.32
290.61,62.442,414.25
137.25,-72.564,234.99
241.8,18.816,345.44
273.1,52.852,394.84
232.92,37.61,406.42
132.53,-74.802,224.73
-24.656,-97.261,70.707
-28.163,-109.93,77.723
8.2687,-102.91,125.56
297.99,32.732,416.36
216.48,-23.446,350.47
141.9,-63.032,270.09
170.17,4.0295,309.89
19.516,-129.15,78.89
11.628,-99.408,130.33
36.475,-105.18,152.53
214.87,10.91,387.97
115.85,-29.01,225.8
77.911,-61.314,215.83
260.74,20.781,365.63
32.451,-77.102,153.53
116.27,-73.995,243.47
250.82,42.388,372.67
46.49,-62.63,147
106.98,-32.127,228.1
255.53,58.505,421.11
12.94,-122.43,52.427
286.64,19.749,423.06
64.189,-57.354,188.39
269.48,64.606,447.78
174.53,4.3453,327.76
282.02,26.667,393.32
250.03,-0.51084,395.29
-5.6358,-109.54,107.27
249.84,32.686,361.42
201.06,-27.397,294.47
196.78,-14.469,287.28
84.677,-64.532,151.17
288.41,43.168,400.36
38.529,-71.195,113.7
290.71,22.752,419.31
155.44,-58.488,279.8
271.95,41.679,455.77
278.22,49.41,394.68
64.908,-80.366,197.66
88.156,-87.29,149.89
217.76,-16.139,366.82
34.241,-73.971,153.29
210.04,24.788,375.61
278.99,48.549,394.58
220.33,0.25086,387.5
249.99,42.442,372.48
184.56,-45.467,298.28
174.51,-21.909,261.91
104.48,-43.492,248.2
31.336,-119.67,82.14
131.51,-75.372,234.88
147.48,-61.395,273.86
-29.132,-110.37,76.459
246.29,-6.1051,362.43
174.47,5.8833,305.92
10.763,-79.943,90.56
301.39,31.088,427.29
68.953,-101.43,129.43
246.45,28.593,425.99
64.866,-96.816,118.95
244.54,40.519,423.82
183.93,8.0086,343.45
63.082,-55.451,161.01
260.1,56.307,439.12
106.4,-86.376,214.53
108.28,-87.198,208.94
276.6,28.039,447.28
213.93,-27.395,326.18
250.32,4.6165,406.06
49.012,-96.671,97.145
176.48,-33.35,260.74
285.74,24.294,442.13
62.669,-60.739,143.27
217.95,-0.15528,385.45
279.75,15.265,415.6
49.179,-92.437,174.86
129.63,-71.47,207.78
16.151,-82.491,130
175.24,-21.469,262.83
168.98,-41.927,251.98
260.32,40.621,375.28
164.38,-4.5845,278.03
306.9,59.068,424.34
23.391,-98.348,144.57
229.93,4.1706,328.06
-15.517,-91.308,75.869
263.92,56.944,445.58
291.63,63.056,415.45
180.45,-20.268,268.39
226.02,36.98,392.17
56.568,-102.16,108.92
75.489,-76.605,210.52
3.3189,-104.57,42.526
6.0705,-94.614,55.004
235.81,45.538,386.6
149.18,-43.353,299.39
285.24,23.705,401.37
250.05,45.983,429.72
209.24,28.242,354.04
199.84,22.093,352.14
193.39,-16.749,354.41
6.4352,-90.444,61.491
68.887,-65.961,137.36
107.29,-60.963,250.58
245.71,24.419,423.54
131.76,-19.599,269.91
235.56,33.283,355.1
67.94,-81.332,200.3
-12.545,-114.49,97.605
65.883,-53.816,166.5
141.42,-32.412,296.87
59.013,-57.639,154.39
57.775,-60.28,144.41
249.39,-0.15304,396.46
216.4,-22.046,317.94
191.32,-13.919,282
108.99,-32.058,240.13
73.56,-102.2,140.41
97.911,-77.939,160.84
82.442,-86.538,207.77
50.08,-97.5,98.481
244.17,30.238,424.04
48.402,-61.747,148.99
142.39,-49.217,289.17
175.85,-17.689,265.85
287.07,31.237,399
30.342,-78.025,150.73
231.57,-12.496,336.76
273.9,22.868,439.32
249.69,13.037,351.98
38.426,-73.905,107.59
9.4255,-89.906,64.116
101.87,-42.14,242.78
24.08,-73.303,112.76
290.73,27.8,407.57
280.06,50.937,397.19
122.57,-69.063,193.68
268.07,61.419,406.99
9.7164,-130.09,55.403
185.12,-14.041,349.15
257.26,25.419,362.93
59.714,-56.29,165.86
210.81,11.539,316.95
286.57,74.682,432.15
131.52,-73.967,242.79
115.42,-72.99,184.63
195.58,18.782,331.6
193.41,15.452,352.75
107.82,-87.818,193.58
265.71,6.7882,404.01
238.7,6.7045,338.44
14.102,-87.627,70.594
27.428,-83.08,149.53
277.8,65.816,414.79
272.46,69.471,429.36
17.004,-130.53,77.735
90.412,-88.455,154.36
78.024,-74.897,213.99
102.76,-89.328,205.66
310.58,41.171,431.71
249.89,5.593,407.64
148.72,-55.894,227.44
16.661,-81.852,83.046
281.81,54.626,401.51
91.587,-55.842,165.63
253.71,39.838,436.18
259.53,45.566,380.1
101.39,-91.446,190.64
164.54,-30.888,247.68
171.55,-53.225,277.72
149.26,-48.307,294.78
56.39,-94.174,179.98
69.943,-102.91,133.71
290.6,22.372,421.91
157.13,-28.22,242.39
66.78,-86.519,195.66
245.83,50.317,415.94
242.84,5.8424,343.63
35.517,-93.577,82.56
93.095,-93.367,196.85
112.88,-30.189,246.09
227.57,22.705,404.03
217.56,19.632,329.96
232.36,-14.756,364.47
19.345,-77.736,128.27
298.39,27.615,430.51
248.46,-1.6851,392.98
190.58,-33.565,332.55
181.91,8.3839,306.82
255.81,53.048,434.28
103.59,-57.09,248.34
141.46,-45.907,217.57
99.634,-36.187,222.14
31.506,-120.11,83.226
285.98,74.733,432.53
200.93,-21.922,291.8
76.576,-57.678,154.17
4.384,-127.83,99.144
244.04,5.9748,406.57
267.26,63.362,444.67
45.981,-102.95,93.525
216.11,29.432,382.01
216.42,33.065,365.64
203.57,23.223,362.25
169.13,-5.5575,329.3
61.466,-104.8,167.45
240.77,14.154,342.39
219.7,-3.2072,315.17
248.83,29.965,428.84
145.81,-10.47,280.66
216.08,-9.1455,310.31
275.9,30.643,450
90.002,-70.271,152.45
254.58,1.8114,366.09
-19.71,-125.7,83.472
86.819,-65.99,226.96
253.03,29.61,361.36
215.94,-14.725,368.68
179.23,-2.9312,343.57
133.53,-74.421,227.45
151.31,-53.151,230.09
226.51,-12.866,327.14
59.885,-77.28,192.9
74.949,-80.23,207.81
135.48,-72.953,226.77
11.008,-87.892,126.42
171.31,-53.377,278.05
171.42,3.8047,300.76
260.18,38.064,372.95
75.432,-48.558,185.57
224.28,12.716,327.01
91.714,-85.882,213.87
302.3,30.425,433.52
156.18,-10.048,266.11
5.8585,-130.03,109.85
1.014,-121.21,68.795
253.08,52.373,466.62
72.294,-95.721,208.96
173.98,-39.111,337.37
159.66,-20.879,276.77
-19.712,-134.1,99.017
44.108,-60.466,161.68
-6.6447,-98.594,139.34
102.49,-83.88,216.33
-23.142,-90.005,77.894
29.886,-72.646,128.85
218.84,24.409,424.83
156.49,-11.235,283.91
245.19,12.108,435.23
132.57,-43.047,238.85
6.7961,-95.812,156.82
232.56,50.821,428.96
232.74,-7.4012,383.09
225.74,40.052,430.3
56.302,-74.053,145.63
156.09,-36.783,335.34
159.94,-45.998,323.32
177.56,-25.044,294.09
60.629,-103.16,157.3
204.14,14.093,406.67
130.94,-66.208,278.55
6.8808,-89.983,156.54
245.2,60.365,438.12
145.05,-5.0861,320.59
44.222,-59.829,191.39
-13.682,-97.242,63.284
144.01,-17.329,269.73
-34.144,-120.3,101.57
271.7,35.099,410.67
184.49,-34.784,311.54
21.48,-81.485,174.96
115.75,-71.387,221.17
178.42,-21.677,364.52
176.26,15.381,344.79
200,20.122,345.1
148.21,-6.4526,290.41
-44.131,-101.09,78.831
208.34,33.303,403
99.989,-85.937,220.01
213.53,39.236,390.1
120.11,-48.156,298.24
108.62,-29.121,280.63
-28.192,-104.37,110.32
219.66,-15.958,369.91
203.95,-25.615,344.86
90.12,-90.536,216.63
224.8,36.55,430.88
236.05,23.264,441.43
38.254,-63.795,152.13
128.19,-23.286,310.41
163.96,-48.265,288.6
159.08,-42.901,328.78
116.37,-31.907,296.37
70.892,-56.093,238.27
105.09,-33.254,278.76
149.12,-52.109,310.39
32.661,-103.9,108.93
247.35,13.297,381.79
-26.524,-108.1,113.39
54.898,-53.356,200.05
-4.1851,-134.82,93.55
189.32,-33.148,346.41
39.847,-62.52,156.03
195.62,8.1631,396.11
89.853,-41.504,210.29
233.08,-3.8593,371.18
147.46,-14.592,275.14
284.6,29.68,435.39
181.66,2.6735,379.03
225.69,-6.74,400.24
117.78,-41.853,298.6
49.437,-57.667,169.5
6.3749,-125.54,82.196
162.59,-44.078,279.25
11.952,-92.036,89.753
22.31,-87.121,177.09
128.22,-21.728,257.11
290.55,35.072,440.3
117.29,-24.936,249.31
70.471,-45.182,218.05
8.8575,-128.08,94.294
21.05,-115.8,152.48
219.26,-6.8732,400.31
279.39,28.758,425.25
-35.66,-101.31,96.156
252.51,19.508,447.84
9.5265,-121.86,135.8
-7.9524,-95.741,136.91
180.7,17.769,347
-6.4891,-81.461,112.34
-17.977,-106.47,124.53
283.39,70.28,441.59
77.303,-61.367,175.04
236.59,45.473,444.8
183.27,19.794,353.53
-21.845,-115.4,117.43
167.36,9.9236,340.87
244.26,59.591,438.4
166.09,-5.147,359.49
141.52,-63.314,275
237.46,23.202,442.53
-10.577,-134.45,100.47
255.66,66.815,454.44
4.7707,-90.358,85.783
84.875,-57.88,184.53
82.317,-70.102,249.62
109.59,-67.958,271.68
262.54,12.582,428.04
154.66,-37.947,265.29
223.97,35.477,374.57
200.65,29.609,367.3
59.855,-104.15,185.46
98.18,-76.477,195.36
68.909,-68.828,236.45
102.49,-82.703,239.37
211.77,-2.9662,336.77
94.384,-45.735,269.06
230.27,41.168,384.87
93.103,-88.983,220.55
49.455,-105.22,137
208.68,-22.718,361.02
161.21,-9.1689,353.56
127.2,-58.378,293.51
274.43,22.638,452.62
75.322,-95.824,175.61
107.94,-25.809,251.83
47.894,-93.652,200.44
204.39,-5.6441,327.79
53.963,-54.355,180.31
20.858,-91.218,174.8
24.805,-67.546,147.23
204.76,22.505,406.56
184.59,19.826,368.38
116.4,-37.778,228.52
14.162,-91.781,166.47
146.59,-13.385,276.63
191.7,25.016,362.63
174.59,-43.48,307.47
254.51,64.679,457.87
26.697,-67.364,165.4
26.75,-81.217,182.48
20.999,-71.49,130.69
88.672,-90.856,217.47
246.4,54.864,454.74
-21.41,-88.398,85.812
122.46,-45.05,227.67
14.78,-118.86,143.92
122.47,-42.103,303.55
29.467,-97.639,180.88
107.19,-29.27,239.61
36.915,-74.711,195.18
205.86,-24.001,344.87
204.9,33.906,383.48
248.36,33.417,386.25
189.58,14.606,386.89
118.54,-34.345,300.06
223.11,6.2857,418.8
82.254,-89.735,224.07
166.21,9.3234,336.41
266.28,46.543,409.09
129.85,-38.937,238.31
108.31,-24.884,257.58
37.494,-115.54,132.9
141.46,-24.379,259.78
184.5,-33.86,347.45
69.003,-85.761,224.73
156.91,-20.57,347.1
279.02,34.506,420.65
128.17,-13.845,281.17
78.049,-93.845,177.69
151.07,-45.468,322.11
96.728,-64.091,192.41
6.5614,-75.865,123.56
133.7,-55.582,300.39
197.56,-25.36,325.55
184.35,-2.8356,310.23
-27.345,-108.46,112.32
128.31,-67.686,275.24
3.6893,-91.368,83.69
64.847,-57.403,171.89
107.58,-79.31,248.26
55.658,-89.801,138.45
175.85,5.5826,315.88
101.06,-38.667,276.09
231.3,8.6928,425.71
189.07,-28.171,312.3
271.66,23.699,415.67
66.627,-57.163,232.2
-0.66486,-131.81,80.131
174.66,11.821,330.08
250.44,32.908,387.75
243.94,8.8801,429.81
40.682,-70.66,137.66
54.982,-54.439,205.08
70.858,-98.035,169.95
-24.472,-113.56,115.18
146,-14.415,333.56
155.05,-49.524,315.9
135.25,-62.407,287.8
11.603,-76.162,151.45
114.15,-76.514,253.85
167.93,-24.377,354.84
204.81,-6.4856,395.48
203.39,-3.4815,327.16
50.308,-91.079,131.53
104.59,-26.881,253.58
116.94,-38.179,298.17
252.53,33.084,389.72
191.98,25.4,372.52
4.3557,-76.789,121.49
235.59,7.9674,426.58
141.48,-61.803,286.17
-17.059,-110.3,124.87
64.875,-100.43,161.12
78.614,-81.427,168.43
144.25,-5.7431,294.78
57.19,-106.98,162.16
179.35,10.649,372.35
-19.021,-125.25,112.48
-7.0065,-122.07,57.21
68.726,-101.31,175.85
230.43,-8.9422,381.06
103.27,-27.464,254.86
146.71,-5.0321,295.15
176.06,-15.914,294.63
24.344,-121.08,114.06
145.11,-51.653,255.38
129.93,-35.759,313.64
-32.88,-106.73,104.29
192.5,-10.868,383.66
5.3524,-99.516,154.35
186.09,-26.605,306.29
294.58,38.368,444.43
268.8,58.154,420.75
-2.771,-111.7,62.659
207.21,-6.8962,331.08
25.81,-90.413,104.12
43.513,-90.611,199.28
129.19,-50.817,303.49
32.277,-72.182,186.44
278.28,60.559,428.56
37.983,-113.53,127.55
40.871,-102.34,185.04
277.97,25.299,458
212.2,13.535,415.12
46.365,-64.089,152.08
22.465,-81.542,110.16
174.17,12.485,332.91
193.4,22.035,387.09
220.96,-12.125,357.03
97.916,-85.696,208.14
128.68,-45.351,233.85
91.855,-58.866,189.92
-18.766,-92.097,116
182.32,-36.16,308.96
221.85,21.18,357.16
-37.422,-96.58,83.149
90.924,-89.019,198.32
224.14,36.562,429.86
294.86,38.711,444.58
175.03,-6.1556,300.62
263.11,28.137,462.95
112.8,-78.899,242.98
251.04,64.262,444.88
213.97,-8.2204,397.17
176.9,-42.255,311.33
241.61,19.85,442.83
267.8,27.955,464.36
98.866,-32.261,233.75
115.08,-47.702,219.04
13.739,-99.279,163.92
242.54,47.816,452.9
278.41,32.216,420.75
262.78,13.047,430.37
252.85,10.683,393.21
266.11,58.99,420.49
107.48,-25.177,259.03
181.71,-30.816,301.71
99.837,-31.173,237.13
165.52,-8.2967,359.03
106.37,-81.193,218.57
41.825,-95.08,120.48
30.869,-95.981,183.42
88.434,-80.593,182.4
56.108,-99.151,198.1
25.563,-115.93,153.82
87.73,-87.423,229.81
-3.5448,-131.9,73.07
229.1,-1.2257,411.02
2.0042,-124.99,126.46
21.155,-75.713,119.31
104.68,-48.526,282.22
126.08,-65.564,234.04
194.62,12.753,394.88
149.12,-54.546,304.87
128.19,-67.902,241.99
11.475,-74.658,123.1
-31.673,-133.76,92.326
130.46,-15.504,271.35
-1.0578,-132.79,82.898
190.01,-15.229,309.78
171.1,-2.8035,365.83
31.246,-65.324,150.22
201.78,26.163,399.06
188.8,14.652,333.87
186.51,-25.815,306.58
19.893,-124.35,122.19
126.39,-27.758,309.54
249.2,11.875,435.41
144.55,-14.069,274.86
8.2783,-102.96,156.23
2.0251,-121.71,132.3
54.9,-66.648,218.63
67.652,-83.068,226.56
99.941,-63.309,196.29
220.26,-10.307,352.72
228.97,45.421,430.89
87.602,-82.036,240.43
26.124,-74.772,178.17
177.2,-24.806,360.58
284.47,26.896,444.87
140.19,-16.712,325.76
154.13,-46.294,266.63
211.68,-7.173,397.92
118.2,-75.086,234.29
54.309,-107.5,153.51
163.66,1.2739,306.45
75.57,-45.935,199.2
23.588,-68.242,158.07
116.24,-71.898,266.65
216.22,6.471,343.67
159.09,-50.576,281.21
256.18,61.247,422.26
17.186,-108.25,160.56
36.227,-97.685,113.17
234.87,0.79005,369.06
-28.368,-106.08,110.58
270.96,31.685,410.03
129.98,-64.466,283.44
142.45,-62.809,274.14
57.753,-82.858,142.15
130.35,-67.421,274.86
245.35,17.523,442.45
157.27,-0.06153,341.13
34.535,-108.51,114
-7.6694,-107.51,58.847
89.021,-89.457,223.37
204.49,-23.962,363.83
85.861,-62.064,182.1
105.44,-62.582,275.05
54.709,-102.89,143.98
275.05,25.101,459.15
287.09,28.567,455.91
268.4,29.536,466.76
20.721,-71.851,129.5
104.93,-61.005,202.61
10.808,-78.023,153.41
228.32,0.74715,358.37
-36.202,-121.57,98.703
202.72,-21.174,330.73
162.52,-16.617,354.26
123.55,-47.856,227.44
52.751,-59.151,209.65
123.96,-22.989,303.07
245.5,47.205,457.33
259.96,25.827,396.31
186.01,-28.115,359.41
238.02,51.971,406.39
241.64,45.176,393.51
261.81,13.7,435.06
229.37,-5.0161,364.7
-23.468,-91.856,105.52
118.6,-42.598,299.29
9.1189,-75.564,120.84
19.91,-70.523,156.51
140.58,-8.3543,288.39
252.19,64.024,433.1
254.86,7.1971,415.52
-4.2722,-100.43,142.43
45.119,-99.08,125.41
-9.2277,-99.108,64.356
150.29,-1.1497,324.15
31.777,-110.97,111.42
268.65,66.524,432.05
128.33,-23.704,253.7
85.682,-91.614,191.45
209.16,-2.6383,401.85
262.33,55.305,414.42
184.45,17.591,341.24
89.615,-43.103,207.04
120.8,-18.855,266.99
161.5,-15.616,282.36
120.44,-67.481,225.74
135.19,-55.643,300.9
49.066,-106.93,138.83
203.61,-16.246,382.33
147.81,-17.766,271.13
111.32,-43.568,218.97
187.31,-2.1,313.07
199.16,-5.6267,392.68
10.773,-82.959,100.77
150.9,-7.6812,287.65
-4.9494,-80.835,116.4
288.13,62.165,436.76
228.49,37.753,435.91
221.71,-14.618,373.16
40.465,-114.87,150.98
22.838,-102.77,170.64
197.19,19.737,343.94
255.3,21.727,390.71
37.847,-115.7,150.89
8.2966,-94.713,83.989
215.45,-5.3788,180.83
120.03,-96.588,79.401
124.57,-61.297,40.453
313.29,1.4377,279.39
129.92,-62.643,108.53
315.54,56.688,312
323.58,20.028,283.72
203.09,-23.862,203.03
147.92,-64.11,130.76
339.22,67.813,333.67
335.23,72.926,347.23
144.48,-88.911,51.625
159.56,-37.628,137.58
214.94,-51.323,138.7
125.99,-71.274,103.89
123.5,-103,67.115
78.611,-74.587,34.695
301.21,-7.7151,265.72
189.07,-53.798,177.07
128.79,-61.086,43.228
247.7,12.787,254.62
244.58,-10.92,257.76
97.154,-63.058,40.392
360.14,86.569,371.39
298.12,42.167,330.64
103.44,-66.869,70.302
178.9,-73.802,95.857
247.85,-40.498,191.88
155.13,-91.07,79.903
263.73,13.974,285.11
223.45,-10.692,168.26
345.1,80.149,389.89
114.69,-103.68,64.489
150.67,-64.174,133.73
312.84,11.71,268.89
103.06,-88.784,-2.3958
175.71,-32.201,162.76
167.25,-30.909,139.78
204.16,-31.974,204.45
201.89,-56.948,181.81
63.311,-107.1,23.473
322.26,63.665,328.45
94.537,-118.51,17.074
119.33,-97.473,77.673
124.31,-81.243,98.195
84.611,-122.34,8.9406
117.59,-55.432,78.182
91.346,-119.02,-0.47033
212.3,-60.088,175.97
119.22,-100.87,21.197
357.46,81.585,361.16
202.19,-63.384,127.34
71.566,-81.772,-20.431
225.16,-50.791,156.83
159.68,-78.007,67.775
143.89,-88.301,104.72
70.402,-78.336,25.004
227.98,3.5953,207.82
255.22,5.5731,207.23
277.29,-24.518,243.56
243.04,-3.5237,257.33
179.48,-39.949,103.38
314.65,22.779,272.08
328.49,70.241,348.71
349.3,24.371,346.01
238.1,-9.2419,250.47
342.38,58.12,322.01
103.18,-113.33,37.078
225.35,-1.3968,187.97
252.58,-23.132,186.26
333.78,69.171,379.19
204.1,-64.353,166.04
190.31,-48.881,106.38
248.98,-30.673,182.68
141.03,-59.752,123.01
289.57,-9.9658,240.25
259.8,-28.83,248.15
158.46,-90.067,91.102
160.14,-67.515,67.041
238.37,8.3343,238.48
177.43,-25.478,152.63
257.58,20.666,240.61
71.143,-90.303,35.833
93.726,-74.626,2.6862
215.66,-25.795,219.64
192.16,-71.017,149.62
155.84,-48.83,76.725
320.4,43.297,364.69
271.97,26.753,249.84
79.291,-77.71,-9.499
232.7,-6.7712,178.47
229.66,4.4671,220.03
307.5,10.639,327.66
220.06,-56.85,156.99
155.58,-46.511,79.969
306.18,-5.6405,281.62
275.57,-4.3506,217.73
202.05,-50.636,119.94
192.2,-41.122,112.6
235.98,5.8161,205.18
299.87,48.96,300.55
202.25,-20.968,200.47
260.39,14.517,279.28
320.78,64.326,350.91
269.24,-11.867,208.65
194.67,-17.688,150.63
240.62,-7.458,182.4
143.68,-88.607,50.035
285.7,38.294,276.56
96.017,-111.22,42.842
285.73,-17.316,242.95
68.702,-98.914,32.482
247.44,-42.724,206.29
162.16,-59.698,147.85
290.5,17.641,320.61
176.76,-55.776,89.069
170.83,-36.539,158.02
283.31,-12.688,230.62
279.56,11.73,230.62
338.96,39.286,379.86
227.53,-30.98,154
115.84,-60.862,37.512
265.35,26.349,255.11
103.04,-102.62,60.578
90.419,-98.51,-19.128
290.04,-14.906,249.96
200.01,-53.15,185.88
203.38,-38.017,201.29
250.77,-2.8465,267.51
99.531,-79.213,0.87517
201.82,-61.492,173.66
87.247,-70.324,10.108
113.52,-98.007,73.474
262.42,-22.761,200.68
149.26,-60.312,59.529
281.62,31.012,258.27
232.09,-40.463,220.52
86.765,-96.173,-22.543
153.24,-61.709,137.46
183.21,-44.802,176.57
258.81,-30.582,244.19
151.99,-53.297,68.564
112.15,-57.645,70.395
265.33,-25.418,255.55
311.98,-1.6818,292.82
61.426,-79.195,4.7852
289.26,-16.836,260.76
351.99,36.823,324.64
104.22,-113.78,33.71
227.89,-0.76339,188.96
276.79,6.5431,300.48
291.68,25.607,324.62
95.867,-67.608,57.087
338.66,77.324,373.96
107.45,-75.319,80.827
199.61,-12.627,173.2
129.98,-101.38,70.548
225.83,-45.777,153.16
234.17,-13.575,244.82
228.33,-49.35,161.46
323.2,66.378,352.37
316.45,62.016,336.42
308.67,37.793,277.91
173.48,-82.709,113.26
247.91,-26.315,180.05
241.09,1.0193,253.38
291.43,-11.73,283.27
137.63,-92.644,94.238
292.73,19.05,323.68
274.49,-24.961,229.44
286.79,-9.4724,234.67
350.23,44.562,392.95
156.43,-42.2,137.75
339.44,59.96,322.21
279.36,23.824,244.65
121,-85.485,92.196
325.06,67.057,338.51
149.66,-85.147,112.68
207.78,-33.419,208.09
226.03,-44.95,210.93
85.065,-97.518,50.305
136.36,-48.251,106.25
325.1,63.173,324.94
131.79,-88.939,32.378
174.09,-26.625,143.87
318.56,16.315,340.34
168.15,-56.597,79.737
71.969,-106.45,32.136
349.43,35.32,320.9
329.03,70.832,352.23
71.779,-74.256,4.8137
94.265,-102.1,54.931
228.63,-2.3842,184.97
73.366,-79.127,31.969
77.596,-86.394,43.522
322.5,15.66,340.34
112.83,-68.183,23.454
127.51,-82.398,100.38
162.83,-66.083,144.42
236.07,-47.94,178.21
350.64,67.056,337.12
303.24,48.193,294.78
67.174,-110.9,24.379
189.59,-68.014,157.9
88.139,-117.02,-13.249
205.53,-48.63,194.77
218.59,-43.532,209.31
265.04,24.15,245.85
336.07,75.357,357.43
198.68,-15.557,155.68
165.12,-65.642,73.21
285.39,13.901,313.32
253.28,-10.058,267.28
116.1,-99.337,73.028
330.93,26.261,293.9
66.265,-77.187,-6.5638
196.56,-59.847,114.37
300.25,50.182,306.57
133.16,-83.303,104.44
167.83,-84.549,113.52
288.12,-17.084,251.49
131.53,-100.7,72.363
132.39,-72.034,35.682
86.306,-97.574,51.496
286.42,1.5354,232.34
236.68,-43.612,170.99
131.63,-54.399,55.79
145.69,-74.406,122.76
194.65,-28.274,191.75
225.19,-14.343,164.19
189.61,-26.327,128.91
242.83,-28.715,242.25
160.59,-53.592,147.93
202.19,-27.827,202.39
353.59,74.813,348.87
312.57,56.392,345.73
223.57,-6.0131,227.15
132.08,-47.353,81.396
160.55,-56.446,72.586
164.71,-78.256,75.738
286.86,39.893,305.87
84.404,-69.196,16.969
280.13,-21.785,238.51
200.16,-20.695,196.71
152.56,-60.72,62.182
298.68,-8.2713,288.85
175.7,-79.008,97.746
200.65,-35.396,124.51
95.942,-63.721,42.985
252.18,-38.72,200.11
202.21,-31.432,129.26
285.13,1.8606,304.04
230.62,-23.884,160.4
236.83,-13.468,248.02
211.51,-6.1923,183.94
380.78,48.72,374.4
211.34,-57.665,182.95
225.28,-50.114,200.51
74.261,-104.67,35.505
244.23,13.675,235.15
186.76,-19.903,151.76
74.004,-104.2,35.575
304.58,53.502,315.54
249.64,-18.331,257.86
300.77,30.384,337.14
308.67,-3.6937,281.08
213.46,-17.876,152.73
287.84,12.064,238.3
357.94,38.975,334.12
160.09,-73.768,66.934
240.94,-33.132,171.25
90.439,-113.44,-13.967
337.14,75.673,374.98
94.747,-66.49,21.303
357.25,47.139,331.09
303.15,52.097,325.12
212.13,-38.473,209.41
82.413,-123.68,-5.8443
246.69,-42.153,193.58
188.61,-21.288,173.46
210.88,-26.086,213.78
201.95,-68.196,142.73
330.82,11.607,322.56
341.77,36.805,309.22
235.95,-41.574,167.52
340.11,29.456,307.48
219.71,-23.403,225.06
151.62,-38.889,99.301
171.83,-35.23,158.65
217.63,-55.844,186.86
294.68,15.681,247.22
132.33,-101.23,69.105
248.02,14.592,227.13
285.87,-7.6476,232.21
263.09,21,278.67
221.59,-21.362,227.81
357.34,31.183,344.18
200.53,-47.184,118.42
180.25,-25.158,132.71
149.43,-54.338,65.539
85.422,-90.316,-20.72
204,-43.627,123.36
305.97,-5.1454,274.91
182.91,-24.931,132.05
246.92,14.987,232.15
146.41,-95.128,84.374
131.94,-91.106,33.58
217.04,-38.226,213.79
225.32,-2.5891,226.81
236.74,-28.25,238.57
330.74,31.147,293.96
112.6,-74.021,87.322
187.74,-19.236,160.46
274.43,8.5638,298.95
103.15,-61.704,59.254
66.832,-121.92,10.521
240.92,-9.0009,254.06
342.84,77.205,389.56
337.67,75.135,378.85
294.69,19.226,249.61
184.55,-25.304,171.57
265.46,-17.583,269.12
357.41,50.05,331.71
253.15,-33.14,191.77
139.46,-72.137,42.772
84.1,-96.118,-25.326
225.83,-54.755,169.44
127.61,-73.154,105.32
194.88,-56.004,179.13
287.52,-17.526,264.21
156.44,-37.719,100.24
83.509,-69.018,22.665
159.17,-48.538,79.236
241.37,1.017,253.84
143.34,-69.421,48.023
181.39,-54.018,94.753
201.62,-39.863,122.43
283.4,34.062,307.75
262.58,-25.237,255.73
97.75,-67.56,60.747
127.29,-79.179,27.071
307.65,-4.6594,285.2
93.147,-70.311,56.099
266.03,-21.187,263.81
251.52,-16.921,185.89
105.38,-83.863,2.3886
361.81,33.258,364.54
266.86,-12.089,205.53
234.66,7.5537,216.26
277.75,-11.47,283.34
99.505,-63.211,54.269
201.57,-54.976,184.5
276.41,-6.4539,289.24
204.76,-60.588,175.98
127.51,-75.31,29.021
199.35,-63.946,122.46
93.464,-66.904,50.191
237.77,6.6291,240.95
274.43,-8.5016,285.64
310.76,57.274,336.7
47.426,-90.119,-0.099346
191.82,-24.046,133.99
283.7,-2.1939,228.34
340.9,56.385,393.29
273.66,21.65,239.24
103.38,-113.43,12.625
207.08,-36.863,205.68
360.47,87.485,373.49
57.042,-110.25,15.52
284.36,20.577,314.34
300.57,-7.3434,290.2
187.62,-60.093,169.49
136.12,-99.085,75.999
184.13,-32.536,116.08
244.56,-26.715,175.57
100.65,-110.25,46.334
231.49,-43.333,161.07
324.62,49.56,371.32
379.45,50.424,367.95
318.69,5.1442,315.87
152.36,-92.846,80.843
220.17,-39.026,143.52
258.28,-9.2019,196.49
154.89,-80.974,62.189
197.9,-20.456,192.38
103.44,-110.43,46.438
346.41,83.099,381.2
129.22,-48.904,75.268
198.64,-40.704,118.98
248.59,-16.426,258.54
174.84,-50.794,89.762
247.6,-3.643,263.39
264.16,-25.934,205.89
135.67,-98.706,50.471
377.86,60.692,360.25
264.6,9.2584,217.29
330.17,24.315,356.52
156.35,-90.59,81.998
116.06,-71.118,22.156
290,22.932,249.25
79.399,-84.019,-19.484
145.14,-90.108,54.063
322.58,59.627,365.06
306.9,50.804,340.36
342.23,19.641,338.89
126.98,-98.389,31.806
186.05,-23.956,134.09
376.82,48.926,363.81
340.45,74.807,348.87
325.67,61.866,369.37
193.47,-36.151,117.83
299.78,20.783,255.38
261.41,-29.57,204.5
103.02,-60.559,45.014
200.97,-65.484,128.29
271.53,9.03,295.76
237.68,9.5497,222.44
158.16,-86.907,110.36
217.21,-31.492,172.63
288.33,32.395,334.39
200.07,-68.138,200.37
118.87,-107.53,40.532
105.38,-122.97,58.241
367.26,50.027,369.89
171.94,-37.518,169.31
334.59,48.638,338.97
332.53,48.432,406.7
94.735,-87.43,86.912
225.62,-63.881,195.15
180.27,-44.954,132.17
227.61,-8.0406,251.05
295.67,-19.509,282.94
277.25,23.268,321.59
308.7,3.4466,286.69
125.23,-60.14,103.33
176.17,-56.546,116.49
211.43,-50.643,155.59
332.49,57.236,351.35
157.29,-46.669,154.99
131.23,-111.76,73.433
256.21,-35.59,216.16
266.52,-36.525,270.9
335.37,14.739,377.91
277.14,-24.459,245.67
169.79,-52.776,115.45
173.5,-48.056,186.95
251.32,-37.178,269.76
228.61,-40.155,252.41
65.536,-87.553,33.733
172.94,-72.991,177.74
269.08,2.7104,316.95
240.89,-22.364,200.16
316.5,39.314,384.02
153.62,-51.063,154.99
53.118,-114.55,36.062
201.74,-20.221,203.43
157.89,-99.738,111.23
230.01,-22.82,263.06
241.97,0.97568,236.31
260.36,13.667,294.4
239.56,-29.571,194.47
340.66,71.425,391.27
156.75,-65.103,92.66
256.25,2.389,238.91
259.24,-43.948,240.96
135.4,-103.94,112.65
215.5,-55.079,160.77
184.26,-83.541,130.48
297.58,-18.402,303.93
137.18,-94.539,61.156
216.58,-16.982,194.51
170.41,-73.469,102.54
146.81,-86.195,72.758
333.7,24.718,392.84
289.33,-4.3491,332.44
289.51,35.311,328
262.59,-28.454,287.49
67.105,-89.718,43.702
290.81,-13.04,262.96
358.74,32.715,358.97
185.86,-84.908,157.67
299.4,-6.7079,334.07
336.26,26.016,325.59
327.45,20.943,313.3
226.52,-63.505,200.29
152.64,-53.242,155.83
252.64,-13.82,292.54
327.7,59.998,390.34
193.27,-73.162,134.67
102.59,-106.09,18.045
186.23,-70.963,122.95
354.97,48.109,355.12
40.894,-116.75,21.449
246.04,3.8172,275.73
93,-87.509,84.498
103.25,-113.05,20.57
68.339,-137.92,17.922
139.73,-60.669,140.16
181.12,-81.858,169.24
246.12,-41.356,261.19
336.65,66.166,372.4
263.42,-36.297,272.93
326.61,40.545,324.87
345.65,14.204,360.81
83.398,-130.25,40.602
169.1,-92.41,114.42
228.85,-5.2151,225.8
93.223,-74.593,56.302
231.96,-30.816,262.33
218.2,-67.798,182.88
88.722,-81.787,28.263
325.36,5.7606,314.44
135.84,-109.85,80.557
280.59,-0.0137,252.48
308.88,22.864,370.6
276.81,-10.238,243.48
134.19,-80.466,136.08
292.16,22.239,283.09
226.27,-7.3961,219.41
276.02,6.5521,254.49
119.92,-107.63,42.206
121.08,-116.82,69.464
78.855,-135.24,16.385
229.97,-3.6296,233.5
271.5,-34.456,247.24
342.76,35.069,409.97
134.75,-78.798,62.416
159.55,-54.797,106.56
234.69,-34.182,262.56
310.22,-7.4354,297.06
131.71,-112,82.979
148.55,-59.045,94.304
352.12,73.91,385.32
318.42,54.597,351.82
101.37,-100.09,17.749
50.719,-129.5,25.163
166.54,-39.976,145.28
201.55,-20.274,197.35
331.85,26.226,320.05
80.098,-80.547,47.228
356.54,33.476,354.85
100.25,-116.47,75.43
241.06,2.7814,245.22
72.12,-91.13,3.2352
260.39,3.1555,241.61
275.41,1.6923,249.23
193.96,-56.249,134.02
198.13,-33.133,158.87
142.98,-91.613,135.79
85.17,-125.33,52.834
314.79,32.552,381.04
302.97,-15.198,308.18
347.5,18.055,350.69
203.26,-68.633,148.16
292.49,27.906,292.18
144.31,-101.02,120.9
161.49,-94.273,100.55
348.95,19.296,384.18
203.88,-29.431,226.48
101.33,-72.643,54.797
173.55,-91.486,125.29
96.13,-92.622,89.473
251.33,-40.748,211.03
266.91,-29.409,287.41
266.58,19.255,298.18
107.84,-86.619,32.461
220.38,-17.657,247.49
135.41,-88.95,132.43
291.66,19.313,348.82
323.47,-1.2381,334.67
228.22,-62.312,206.93
256.43,-44.664,249.95
205.32,-53.236,221.88
126.43,-85.631,125.72
370.61,46.913,374.11
205.3,-75.11,178.17
227.18,-30.613,181.7
278.46,24.492,286.54
175.49,-37.912,145.36
221.07,-66.561,195.28
330.12,7.7995,362.89
158.37,-99.134,120.37
133.04,-86.238,56.812
308.66,-10.544,320.92
279.49,-30.499,262.43
183.15,-86.99,148.89
119.13,-89.464,116.38
171.67,-92.729,125.14
310.37,-9.4332,322.95
149.9,-51.915,109.5
240.9,-31.042,195.33
277.97,8.9022,329.42
109.85,-74.054,101.47
88.187,-77.946,40.751
304.54,-12.451,291.68
191.54,-26.06,190.51
340.99,67.426,373.01
217.86,-61.23,167.67
298.61,29.773,296.81
324.67,56.98,353.02
300.83,20.142,360.48
211.81,-62.147,157.91
43.104,-112.41,23.949
47.818,-126.49,25.124
89.712,-117.35,67.857
361.01,47.232,361.48
297.37,-18.412,285.44
227.96,-62.665,202.89
234,-7.9397,264.93
97.029,-116.97,13.643
92.419,-114.38,73.352
122.57,-113.07,88.594
291.9,-4.3676,334.04
177.74,-35.207,180.05
156.97,-77.311,160.6
319.75,34.715,314.1
107.04,-93.409,101.91
203.24,-76.12,176.56
303.87,44.234,330.6
110.59,-72.534,101.01
172.3,-43.061,181.57
315.07,43.693,380.63
80.655,-106.56,-6.6577
359.13,28.885,362.94
135.48,-72.503,138.87
332.07,47.173,405.96
242.83,-11.197,280.73
343.36,41.547,339.6
328.89,2.7256,332.56
75.462,-123.94,49.819
304,39.728,316.41
269.49,-11.467,234.8
258.01,-1.2104,234.28
144.99,-55.341,100.52
343.55,55.606,352.44
97.78,-72.663,68.122
360.14,34.599,360.5
240.29,-55.126,212.35
346.68,27.837,403.07
330.48,57.01,350.94
149.02,-93.244,137.25
157.62,-71.013,89.276
300.06,-17.285,303.15
107.1,-89.928,102.89
278.01,8.0235,329.33
331.47,56.767,350.4
301.1,-9.7386,328.54
303.09,43.903,330.52
264.65,-35.583,231.94
234.95,-10.528,210.28
181.16,-59.828,194.96
103.8,-104.36,19.577
214.21,-66.42,166.88
233.08,-59.668,206.47
46.817,-126.94,23.887
318.47,7.0037,300.97
235.64,-2.9402,261.78
71.298,-86.622,46.055
367.85,44.183,370.29
141.57,-85.587,66.539
322.06,13.803,372.97
132.97,-80.708,59.471
314.52,22.89,376.31
253.82,-8.4601,295.56
125.6,-62.716,115.2
325.24,38.528,395.46
191.79,-81.664,146.11
192.1,-79.512,140.57
354.13,22.294,389.16
289.77,-14.988,262.15
330.05,3.4201,344.42
113.03,-81.847,41.359
241.33,-18.121,204.14
362,25.807,382.11
122.34,-61.344,97.015
298.66,-10.645,326.74
353.07,24.157,354.92
134.3,-103.61,112.99
202.86,-55.554,144.37
88.662,-98.581,79.917
235.65,-10.1,211.24
236.19,-25.971,193.26
313.47,46.987,331.33
223.48,-7.4341,233.12
359.25,70.05,379.17
106.12,-111.98,85.548
289.89,17.643,275.96
49.733,-104.6,30.327
330.1,38.939,401.19
341.94,68.06,374.26
241.17,-8.2227,216.29
291.04,20.642,348.01
125.34,-86.021,48.9
160.12,-88.898,149.48
61.678,-94.349,-7.0204
63.293,-89.109,8.2246
293.9,34.324,345.81
234.09,-52.848,237.01
349.77,38.296,345.27
318.52,28.171,383.47
269.42,17.31,311.51
263.63,8.158,308
276.02,-26.538,293.92
63.677,-87.738,15.812
128.16,-60.276,88.908
191.98,-72.875,189.34
322.56,10.921,369.04
200.1,-33.742,222.29
289.78,34.752,312.27
152.8,-93.271,138.94
68.944,-128.33,39.629
128.87,-61.739,120.58
221.93,-47.495,240.15
121.17,-64.429,108.67
118.33,-63.921,98.676
328.54,2.2916,333.83
287.05,-6.8083,256.82
251.59,-1.9273,230.26
177.53,-45.847,192.22
149.06,-87.333,75.664
164.98,-62.081,102.26
169.59,-92.177,142.12
114.69,-82.372,42.107
318.83,14.531,372.13
112.4,-71.48,103
227.91,-57.719,225.93
235.38,-7.7808,215.52
347.29,45.953,346.21
104.84,-94.336,99.193
301.24,2.5724,276.47
351.78,19.383,380.03
309.78,27.243,299.5
97.082,-72.868,61.471
66.747,-86.595,18.134
176.75,-58.381,190.91
86.202,-81.598,67.66
354.44,42.389,352.11
332.1,58.363,353.68
191.66,-52.794,133.37
320.22,57.145,368.07
82.196,-115.24,-6.9851
266.28,-27.04,291.11
313.95,37.415,313.97
124.56,-66.716,119.5
267.16,17.009,270.86
337.45,69.139,394.71
215.93,-67.874,174.59
184.66,-56.705,124.19
255.4,9.9697,288.5
261.3,-0.64314,306.27
187.44,-75.266,126.55
341.51,13.87,342.13
299.27,20.876,285.6
71.615,-84.447,24.515
104.25,-99.454,96.201
328.81,63.185,376.09
326.98,58.537,391.23
95.173,-119.01,12.236
161.37,-72.192,92.585
162.54,-87.347,153.1
187.4,-83.023,137.2
372.47,55.507,377.77
329.72,3.4491,346.3
217.96,-39.644,167.02
74.911,-82.593,37.955
333.22,60.782,359
151.27,-49.558,116.62
326.25,23.161,386.31
312.04,48.901,337.86
182.73,-80.542,122.92
226.27,-18.219,194.53
250.98,-41.858,211.3
234.99,-55.21,230.74
142.69,-102.85,116.2
144.33,-87.621,69.656
360.98,33.399,362.68
217.25,-18.297,191.59
152.74,-96.455,132.64
308.95,33.831,373.33
304.7,20.693,289.52
95.917,-81.768,30.792
178.4,-88.422,128.42
181.76,-44.269,198.04
302.18,6.3739,352.4
273.15,22.705,285.43
311.11,-7.7756,300.33
88.749,-92.6,80.118
367.8,38.832,371.96
327.4,1.7272,330.12
274.62,-34.163,267.31
241.09,2.6417,262.99
321.62,35.277,390.09
186.46,-71.049,189.33
204.46,-32.397,163.09
166.11,-48.179,175.12
104.46,-104.98,20.348
337.04,68.747,395.13
266.16,-6.3586,234.77
135.98,-55.169,106.88
89.632,-130.44,33.765
324.28,1.0303,346.02
329.82,46.038,402.83
112.17,-87.204,35.681
282.99,12.792,336.53
276.8,21.12,323.35
269.28,7.7289,317.23
243.1,-22.325,278.34
147.98,-104.49,99.923
298.9,26.552,292.16
280.69,10.647,262.13
324.31,15.206,375.91
211.14,-22.664,234.62
278.81,5.6444,255.54
353.19,23.091,392.79
152.41,-57.478,98.726
323.07,16.405,306.91
63.654,-136.33,22.757
169.88,-79.926,167.8
308.05,39,314.75
298.44,-17.735,305.6
254.72,-19.581,291.39
213.3,-62.203,160.43
219.71,-36.986,170.35
294.27,2.7426,268.12
142,-91.91,134.76
160.47,-91.156,145.53
214.1,-59.802,160.27
85.641,-104.37,74.843
250.94,-42.211,211.55
232.45,-4.5024,256.52
313.79,45.651,328.15
140.28,-58.769,139.12
281.02,21.748,279.19
178.95,-88.77,147.05
370.76,42.118,375.52
215.42,-12.178,220.8
95.022,-134.87,42.306
74.867,-117.17,9.6401
329.18,22.832,419.1
165.42,-105.12,140.15
264.45,-48.803,270.74
226.31,-22.331,225.41
71.971,-147.98,33.117
111.96,-76.837,115.34
79.256,-126.24,83.428
187.91,-82.338,149.16
43.302,-108.23,33.389
95.59,-83.249,81.88
300.2,-3.6056,372.61
221.48,-18.716,236.25
331.03,-2.8275,374.3
201.97,-41.71,184.24
94.578,-122.67,99.131
301.35,23.047,386.43
313.68,-7.8221,320.18
300.74,10.558,383.62
123.54,-75.931,93.988
247.67,-55.705,271.53
251.45,-57.042,256.42
248.44,-21.825,237.58
143.54,-100.35,91.577
286.95,-13.554,353.17
222.6,-73.657,210.11
91.988,-117.94,101.38
310.53,34.223,397.63
219.94,-31.768,272.88
120.57,-85.904,142.3
50.187,-104.23,16.304
209.41,-25.469,222.01
54.404,-145.52,42.628
336.02,37.139,359.74
263.79,-31.51,248.46
106.04,-109.56,120.27
195.04,-67.113,157.68
268.53,-41.546,302.23
244.46,-7.1194,300.62
262.55,8.9694,300.81
214.28,-21.403,244.89
30.718,-128.28,31.348
280.91,4.956,357.75
187.8,-86.461,151.8
278.86,16.535,348.24
211.27,-71.513,236.52
187.91,-56.857,229.91
54.982,-132.69,56.803
302.5,-17.153,305.84
286.06,-24.877,280.59
180.48,-94.164,147.67
301.66,7.1212,382.72
320.19,-0.85675,385.49
105.65,-79.435,105.85
210.71,-51.642,257.42
245.58,-45.461,223.89
250.97,-56.822,262.73
200.36,-60.084,242.16
155.37,-84.158,183.64
186.19,-61.356,226.77
241.17,-63.337,243.14
105.88,-99.938,50.31
316.51,16.562,326.6
58.956,-135.75,57.814
129.3,-78.013,151.91
83.817,-138.63,26.501
277.47,-38.988,280.05
107.59,-78.859,109.76
279.23,-19.274,341.9
156.68,-53.658,163.07
308.88,-0.9964,310.98
212.73,-23.253,227.74
356.66,31.636,378.47
264.79,-25.383,325.44
312.51,-16.556,336.51
206.61,-67.893,239.76
117.54,-74.373,123.09
85.286,-122.1,19.343
239.8,-39.857,217.41
77.418,-95.255,40.028
109.87,-114.25,119.69
194.26,-33.125,210.19
360.76,37.41,384.66
184.12,-38.863,202.79
144.2,-69.238,170.19
92.092,-126.72,28.9
114.2,-129.51,85.367
307.15,-20.06,337.1
349.66,31.463,369.42
43.114,-129.62,46.063
337.69,2.7531,388.16
102.2,-134.93,68.808
76.168,-123.9,82.589
247.82,-3.625,303.24
63.814,-103.93,66.519
68.767,-133.59,67.757
339.5,60.945,401.59
144.41,-64.455,123.99
311.81,15.816,398.01
251.02,-2.8005,309.74
67.34,-140.35,57.883
238.18,-14.819,295.56
310.16,33.027,397.64
249.28,-33.38,305.92
229.22,-64.678,207.21
321.74,-0.51884,386.32
80.292,-143.94,33.454
321.36,39.501,414.13
69.421,-96.416,37.825
152.09,-60.812,133.33
174.6,-92.867,186.79
203.26,-84.016,205.09
343.37,8.9798,366.49
226.24,-34.667,208.21
284.76,24.086,331.74
265.47,9.5829,324.77
151.66,-110.67,116.52
174.78,-71.975,133.88
158.78,-94.633,176.71
194.22,-88.874,170.36
280.27,-0.32572,282.35
179.78,-73.653,213.65
290.63,28.534,342.87
183.48,-92.646,151.59
128.98,-101.26,73.458
293.57,-25.351,295.93
245.18,-37.185,299.3
220.39,-74.308,227.25
356.26,15.17,391.83
158.15,-92.799,109.87
177.34,-45.273,205.52
141.32,-113.53,135.57
272.54,-3.3993,273.79
123.11,-72.894,133.83
109.77,-117.5,115.99
94.473,-87.858,101.04
283.72,-6.5705,356.63
256.52,-6.898,322.99
182.89,-42.701,178.67
101.89,-118.75,108.87
211.9,-23.246,229.67
258.54,2.7831,319.41
258.05,-42.229,241.94
322.35,36.102,416.4
101.37,-92.612,117.28
112.61,-109.02,126.67
88.102,-87.601,84.828
179.65,-95.45,148.42
318.91,25.139,410.1
46.401,-108.62,41.039
191,-44.967,174.24
107.72,-132.43,76.918
212.16,-67.234,243.68
121.7,-120,117.93
174.62,-44.429,193.11
122.09,-102.68,139.96
286.97,-22.608,281.12
271.96,9.9565,340.78
309.78,31.483,339.16
268.54,-14.382,336.92
204.37,-62.061,244.24
310.05,-13.677,359.02
175.67,-100.07,155.4
236.16,-14.445,291.39
325.9,43.816,363.72
197.69,-39.727,185.76
178.95,-46.213,211.05
122.21,-114.33,66.408
207.44,-29.129,210.27
274.01,-42.418,281.12
162.89,-104.11,158.89
244.67,-46.323,288.98
345.44,37.286,367.79
197.85,-34.749,235.21
160.2,-90.486,112.35
243.35,-60.886,256.36
167.2,-62.032,136.68
75.706,-96.312,77.837
226.69,-70.924,234.05
274.82,-21.772,263.92
249.14,-6.0137,261.01
58.101,-136.12,56.768
220.04,-75.129,206.73
68.333,-97.1,35.608
131.18,-66.85,123.97
199.65,-86.415,179.35
127.84,-86.339,80.833
239.89,-5.6797,270.47
184.38,-66.867,222.4
317.96,-9.7224,365.52
264.96,-24.148,251.57
342.51,26.528,359.33
150.43,-85.272,178.1
81.49,-130.06,15.424
240.33,-5.992,286.01
312.21,31.686,340.11
329.79,-4.2695,368.16
106.46,-78.876,89.685
131.34,-80.45,155.95
153.67,-95.048,104.23
63.637,-139.55,56.893
228.7,-42.819,280.44
246.68,-59.975,248.68
227.3,-71.403,219.66
88.36,-102.94,102.31
205.64,-82.578,184.99
257.98,-46.045,293.32
293.31,-25.773,334.21
270.55,-2.0115,274.24
121.83,-87.909,74.542
175.5,-48.444,206.93
204.14,-65.303,241.03
314.49,32.284,341.77
261.54,0.0283,328.43
73.635,-97.525,75.777
322.17,-8.3246,365.61
231.82,-67.127,217.9
71.337,-136.23,66.337
147.06,-97.212,95.809
152.44,-77.414,109.31
211.91,-24.342,249.48
143.76,-106.73,94.613
257.33,-18.153,323.07
72.627,-145.02,48.948
65.026,-118.29,-0.41673
155.07,-100.66,108.32
311.81,-9.5857,317.9
175.02,-50.007,207.95
213.78,-22.611,249.89
243.29,-15.605,242.13
107.96,-119.49,48.274
221.29,-47.256,194.27
218.66,-61.591,254.81
50.274,-135.06,50.79
281.33,-31.854,322.81
94.263,-125.54,95.444
259.96,-22.535,247.11
363.94,40.781,389.43
326.35,50.496,378.97
65.638,-109.68,8.5511
276.46,-3.9715,275.96
92.683,-91.36,52.396
135.92,-113.06,136.22
221.68,-70.545,239.28
114.46,-100.29,133.62
335.62,54.836,386.17
120.15,-110.76,62.426
134.66,-119.06,118.63
359.68,17.376,397.5
296.52,-12.501,359.8
112.63,-75.394,104.96
87.714,-88.091,61.932
240.46,-6.647,288.89
268.55,-6.594,339.95
298.1,-9.2719,295.79
182.42,-83.511,141.42
198.22,-43.942,179.11
160.03,-59.672,137.13
59.213,-119.93,66.339
261.79,-32.893,245.74
284.15,17.362,310.15
35.68,-122.6,36.564
175.07,-86.615,131.8
300.8,7.1154,381.87
364.06,41.15,389.68
239.88,-10.401,251.79
347.3,10.211,404.49
202.33,-81.637,174.31
315.75,38.162,404.86
302.33,-22.879,334.16
260.6,-41.306,245.73
326.82,-1.0727,384.77
351.78,12.074,405.26
167.16,-49.254,187.31
183.37,-48.132,166.01
104.09,-124.05,103.4
318.21,18.162,405.76
345.96,35.129,366.95
344.07,8.721,368.76
325.7,13.688,335.24
323.63,49.831,379.33
178.8,-47.35,212.3
256.76,-26.663,241.58
168.5,-48.984,190.73
250.07,-36.007,304.2
190.68,-78.907,151.97
113.15,-91.928,63.65
122.9,-118.79,120.8
164.52,-76.131,121.34
150.02,-112.79,130.37
118.48,-127.68,86.108
180.98,-97.24,161.07
77.003,-129.36,9.2982
316.14,-13.92,348.26
94.446,-138.31,59.741
86.735,-87.155,72.779
193.63,-74.714,223.35
205.02,-61.275,170.82
275.99,-15.782,342.85
240.62,-63.463,237.13
210.19,-64.588,176.77
79.196,-92.634,77.505
59.717,-151.83,28.32
197.62,-31.665,225.46
82.413,-131.94,17.522
259.28,-12.653,254.78
254.37,-30.961,312.18
99.828,-83.699,104.11
277.36,-2.8268,351.73
252.16,2.4257,289.37
260.06,-21.782,247.67
108.04,-127.03,54.581
210.9,-55.828,254.88
334.58,-0.96842,374.01
209.95,-24.282,227.97
98.821,-127.32,95.401
94.742,-137.61,66.4
140.69,-94.497,162.89
161.1,-103.3,161.82
170.72,-60.988,140.22
295.42,-6.8172,292.77
301.27,16.288,386.17
181.63,-96.509,172.94
107.95,-102.88,125.62
267.72,-43.374,297.46
360.59,26.302,385.8
222.5,-45.142,272.96
229.89,-41.951,205.88
300.15,-23.504,335.5
202.64,-72.99,167.67
138.99,-105.85,86.879
228.69,-12.413,261.24
143.26,-61.046,152.48
96.96,-92.558,110.59
209.15,-81.995,198.28
281.9,7.2032,292.21
240.29,-47.445,216.69
314.74,45.819,382.78
109.99,-128.22,96.214
107.4,-94.549,56.468
307.71,4.29,310.91
55.67,-134.22,56.32
336.71,34.27,357.77
222.46,-74.374,215.33
229.53,-63.509,206.57
127.63,-80.971,86.946
221.54,-73.728,206.32
330.91,-0.82137,383.1
234.14,-28.058,292.4
111,-104.23,52.714
58.509,-107.72,7.3654
181.07,-96.076,154.29
291.4,-29.442,298.29
154.05,-62.799,129.26
198.37,-83.056,210.81
134.47,-98.931,80.259
357.63,15.318,398.7
365.33,25.417,396.2
352.3,12.854,408.04
87.674,-87.647,83.634
175.8,-58.606,146.44
89.092,-105.45,103.35
299.02,4.2849,301.87
52.376,-146.67,39.693
278.87,-17.448,269.91
249.8,-42.584,296.61
193.09,-46.529,172.73
132.89,-86.811,158.23
204.82,-51.25,251.33
322.3,17.797,409.21
325.94,28.334,343.91
276.29,-40.973,294.19
298.78,34.13,366.16
301.04,34.856,351.35
344.34,7.2062,373.34
304.34,-1.7543,304.99
52.023,-118.81,57.447
207.85,-68.27,239.99
76.931,-93.849,75.29
94.396,-95.779,108.54
208.07,-26.251,242.95
313.35,42.401,394.07
335.55,4.7676,353.62
82.993,-127.45,85.207
119.17,-94.947,66.071
55.101,-103.71,16.066
223.68,-27.076,277.3
108.99,-106.78,49.587
325.86,53.343,392.73
194.22,-33.521,206.27
169.75,-89.183,124.98
297.17,-22.531,341.2
320.26,46.911,372.63
249.37,0.067604,297.65
156.22,-53.988,159.48
189.63,-37.964,220.97
227.2,-19.031,232.53
198.64,-63.059,163.05
228.13,-70.357,234.35
129.95,-103.4,74.402
292.72,-29.825,318.32
213.25,-24.27,222.74
178.33,-46.829,168.06
252.16,-4.8015,263.62
287.32,-27.157,332.57
75.662,-92.297,53.929
216.29,-20.064,241.64
66.042,-103.94,70.296
345.68,58.614,393.34
305.75,8.3732,387.43
304.61,-16.074,309.15
129.78,-118.1,82.676
115.33,-124.2,107.11
260,7.5674,299.86
322.15,24.478,337.53
127.91,-120.1,82.472
73.802,-97.412,34.027
238.29,50.243,140.87
167.85,-38.761,19.089
144.55,4.0237,-1.1499
347.26,75.018,223.59
169.82,-16.291,58.964
334.37,109.12,276.43
349.03,93.651,234.55
242.57,22.013,153.98
192.29,-15.2,76.693
355.9,123.28,298.56
354.28,120.82,313.3
176.93,-10.883,-4.7597
192.44,9.5395,93.16
245.71,27.464,83.321
168.94,-23.639,51.433
169.99,-37.999,4.9845
109.82,-28.692,-7.9165
337.04,65.902,208.46
236.27,-0.49531,119.05
148.84,5.504,1.0565
279.39,57.557,212.08
288.17,36.239,205
122.1,-11.731,0.49473
376.48,136.8,338.64
331.57,82.505,288.5
137.97,-21.122,25.169
212.47,4.7393,38.392
284.52,36.022,132.81
195.27,-16.154,18.767
301.45,57.021,238.55
243.69,54.335,126.58
372.07,117.86,353.85
162.05,-42.311,3.1224
195.52,-14.771,79.088
339.22,86.268,218.61
125.82,-15.012,-49.535
211.16,14.13,116.66
196.63,18.151,97.334
247.49,15.728,151.68
249.92,2.2212,120.8
107.94,-58.675,-30.599
341.83,112.81,293.6
137.52,-49.191,-44.048
167.14,-39.263,17.219
170.24,-30.527,42.186
128.41,-54.782,-52.113
147.21,-7.2506,35.896
129.85,-45.583,-59.746
258.39,7.1047,113.27
151.83,-23.688,-34.976
373.38,134.78,327.54
236.89,14.959,69.073
90.719,-20.18,-59.905
259.49,27.374,98.918
189.75,0.444,13.074
191.87,-27.918,43.258
101.66,-32.811,-17.5
252.91,55.136,167.86
274.91,71.178,165.73
317.67,47.305,183.47
283.46,41.389,207.93
200.2,29.251,59.646
336.81,94.898,226.08
350.2,114.68,314.08
387.32,90.379,290.08
279.78,36.519,199.75
359.41,121.09,283.64
148.47,-47.067,-24.624
247.01,56.258,148.11
279.18,53.999,134.79
364.18,106.74,340.53
250.4,2.6608,103.26
214.22,26.934,57.535
278.41,47.333,128.66
182.24,-12.876,72.222
320.64,66.28,185.64
306.13,33.244,187.31
200.96,-17.249,28.962
185.28,9.1801,16.882
268.68,54.382,196.51
206.65,23.61,110.3
280.12,73.48,202
110.79,-45.35,-12.978
113.16,-10.416,-38.048
258.99,21.707,166.95
238.38,-3.5295,86.704
176.24,18.493,33.997
360,84.054,317.58
292.33,82.835,211.62
98.697,-16.471,-49.029
252.81,58.967,136.6
257.56,52.75,179.04
352.58,63.58,271.43
257.91,19.873,96.92
175.95,19.131,37.932
345.04,64.994,223.19
299.64,70.646,169.08
228.95,27.322,67.912
214.22,32.018,66.284
257.92,61.94,165.72
321.14,98.522,264.23
239.83,24.681,153
296.66,57.584,233.85
346.94,105.27,314.2
294.92,64.354,158.26
217.21,39.436,110.31
260.98,61.31,139.13
175.65,-10.546,-5.9871
306.76,90.463,239.36
143.18,-51.03,-17.896
321.44,57.599,185.26
111.54,-52.323,-19.471
289.43,29.388,144.83
207.45,-9.7921,92.669
333.01,62.454,269.63
200.67,20.007,40.23
207.55,9.6886,110.98
313.7,63.971,176.38
299.72,81.222,187.21
381.98,85.719,327.83
251.9,45.129,104.67
136.09,0.73594,-2.8225
288.47,77.33,216.78
150.57,-46.321,1.106
114.47,-23.882,-67.615
326.1,59.487,192.21
247.85,2.9027,126.26
248.56,11.585,146.31
292.72,42.684,216.67
119.57,-10.393,-42.167
249.45,1.2455,111.53
107.97,-12.836,-28.95
161.21,-41.371,13.737
291.61,54.781,147.03
170.66,11.576,14.201
301.12,88.52,220.16
279.64,18.497,159.97
109.33,-22.854,-69.353
197.72,-12.689,83.267
227.18,3.6711,122.99
304.9,32.633,183.08
172.54,15.602,25.09
141.28,-9.3237,28.436
311.49,36.435,194.92
351.51,67.522,234.44
88.46,-31.645,-35.232
329.49,54.062,201.15
377.75,108.52,275.99
148.55,-45.781,-27.936
249.18,57.772,149.04
320.35,53.044,248.01
331.66,68.041,276.56
127.97,-21.399,13.656
363.14,117.42,338.9
148.21,-29.083,30.636
225.83,38.696,132.32
175.77,-34.44,8.1839
256.76,32.86,97.721
276.7,32.881,193.16
262.91,28.673,103.41
348.52,107.68,316.18
340.01,105.88,300.58
326.83,101.69,238.3
216.98,-10.756,50.691
274.79,51.052,128.26
278.63,45.226,206.51
335.74,51.924,223.38
185.4,-31.222,32.538
335.18,63.738,272.8
311.32,50.064,170.84
316.42,67.016,181.09
393.06,91.546,340.85
191.87,4.2444,91.627
356.17,120.93,284.87
298.35,86.087,205.04
167.55,-33.656,35.27
345.69,113.69,303.86
197.72,-24.987,51.249
252.27,15.312,154
273.66,14.897,149.96
130.05,-48.412,-4.3219
168.23,-0.8429,62.523
343.42,115.05,289.99
160.5,-11.328,-20.929
201.74,23.79,102.24
363.18,69.741,284.28
190.98,17.865,32.264
117.54,-56.43,-23.314
375.15,107.2,272.21
351.44,114.3,317.45
95.046,-22.334,-34.012
141.24,-48.688,-2.9577
249.34,58.178,144.69
106.58,-34.135,-11.847
116.8,-41.379,-4.968
366.81,71.296,283.64
132.62,-2.0511,-18.33
174.11,-30.465,43.371
209.83,-13.358,86.787
273.8,28.417,118.38
366.93,127.56,300.31
322.62,101.56,258.41
113.16,-59.932,-31.765
237.33,-5.1978,95.67
122.47,-41.555,-70.083
253.15,6.475,135.7
266.26,12.631,149.78
286.44,78.441,207.54
356.93,119.87,323.43
221.15,41.58,115.4
190.49,11.27,22.784
328.18,59.191,261.94
297.97,38.397,213.15
163.86,-40.917,12.533
355.51,99.112,245.72
88.308,-23.848,-45
226.72,18.993,59.443
322.7,97.734,270.12
180.5,-29.526,46.121
213.09,-15.252,50.639
325.89,56.271,192.82
177.32,-33.683,9.9665
154.5,1.2212,-10.75
131.48,-48.191,-3.3875
310.55,76.244,183.76
270.26,34.478,113.7
152.01,8.1872,14.962
192.59,-21.884,65.279
234.04,17.767,142.7
245.57,53.691,121.2
210.31,37.018,87.53
289.97,26.338,183.58
203.45,-5.8346,95.506
243.38,18.628,151.79
369.47,131.41,313.94
341.97,96.397,306.88
259.15,38.995,181.49
156.85,5.6713,40.958
182.37,16.314,26.584
196.48,0.30912,19.672
315.71,82.833,266.28
107.09,-15.664,-22.046
317.36,52.582,179.85
236.82,25.019,149.92
174.42,12.126,16.115
341.99,56.643,229.23
212.62,-1.6502,38.139
222.37,37.103,78.687
122.14,-13.73,2.6484
289.83,37.028,140.58
223.34,39.499,84.524
330.54,52.586,248.44
253.26,50.258,113.2
279.85,33.321,195.85
236.23,46.528,143.66
411.59,116.87,323.23
258.57,6.2421,120.68
272.23,13.815,138.45
119.69,-54.916,-19.726
270.29,62.74,195.29
211.82,33.174,111.07
119.29,-54.702,-19.437
327.55,99.712,279.22
295.76,33.026,201.46
340.95,72.517,289.04
346.12,68.007,223.32
233.82,48.47,110.43
308.85,83.343,193.51
384.65,110.26,284.9
187.97,4.2699,14.103
269.31,44.883,118.05
122.62,-37.298,-69.397
362.89,114.99,339.24
115.93,-9.5103,-17.916
379.55,117.31,285.74
329.8,94.752,287.35
258.58,13.19,152.62
122.77,-52.203,-65.779
284.78,33.561,133.73
220.42,26.022,129.81
253.33,20.868,161.98
243.38,6.0639,80.851
370.38,78.235,265.18
364.54,108.14,263.04
267.71,36.826,111.52
365.88,102.04,258.47
262.96,23.959,172.49
174.95,16.788,58.931
208,11.039,112.02
264.25,9.71,124.41
315.69,86.89,202.47
177.27,-32.618,6.7417
270.72,68.053,188.13
314.11,68.768,179.75
295.9,64.303,235.85
264.47,25.66,175.67
390.56,100.55,290.64
225.68,29.734,68.163
203,31.797,92.285
169.94,14.421,22.153
106.14,-19.539,-65.077
228.51,32.756,73.819
342.65,67.445,217.4
204.95,33.581,91.553
271.1,66.159,192.91
191.01,-25.373,21.821
161.95,-13.341,-20.794
263.92,14.542,156.23
259.01,42.719,182.49
283.52,24.704,181.01
353.2,102.84,247.89
153.92,-27.464,36.568
214.93,31.395,119.09
317.01,53.895,247.71
132.16,-13.631,17.487
113.64,-64.294,-48.919
283.12,37.026,202.83
371.35,114.46,352.49
364.73,113.59,342.44
314.83,88.907,206.14
218.21,21.343,126.76
312.15,38.271,210.48
378.58,119.48,287.53
285.72,44.633,135.39
162.64,2.5571,-5.0577
106.23,-23.306,-71.59
265.55,20.517,108.49
171.57,-24.736,51.772
242.77,0.14932,119.43
329.35,51.484,204.12
178.79,19.937,59.842
107.94,-17.84,-16.772
179.67,19.658,36.08
279.01,45.221,206.9
166.27,5.0252,0.48058
205.5,21.978,45.678
224.55,34.769,74.818
315.92,75.819,265.77
309.14,35.075,195.41
130.62,-21.559,16.796
150.8,-4.2869,-21.101
346.91,65.377,226.7
126.57,-24.634,11.85
312.66,37.458,204.1
275.42,58.451,137.22
127.02,-11.474,-43.329
399.46,97.937,309.43
292.08,63.941,155.57
259.31,59.023,176.54
324.06,44.928,224.77
128.27,-15.115,12.688
249.57,2.7289,124.1
322.45,46.259,232.35
252.23,2.7522,113.74
149.85,-1.7571,-17.706
233.3,14.61,64.702
123.58,-19.871,7.9776
269.66,51.926,198.05
320.62,44.777,228.41
337.37,99.066,299.3
79.998,-46.009,-43.061
212.68,38.327,92.881
308.71,73.176,178.81
380.03,95.844,347.07
292.88,83.139,199.75
141.45,-39.114,-46.657
252.49,13.013,150.42
376.97,137.01,340.89
101.67,-61.868,-38.538
324.65,63.574,265.81
343.58,57.926,230.67
235.58,-3.7536,109.66
181.57,-31.175,13.518
204.62,33.413,73.826
270.81,50.432,124.36
147.7,-48.965,-14.756
262.81,35.191,105.37
362.77,89.048,325.86
407.8,119.6,318.29
360.99,68.949,257.48
193.99,-19.309,19.096
246.12,38.324,92.468
280.86,64.64,149.46
185.35,-2.5948,7.2097
233.52,25.421,146.34
150.17,-47.676,-14.988
369.29,123.68,347.19
153.3,4.936,35.041
221.38,33.657,71.626
294.23,33.758,202.98
197.05,22.695,43.166
289.17,41.73,212.91
296.03,51.508,150.19
173.46,-22.842,-9.2164
399.63,129.34,315.92
284.2,75.743,175.52
374.26,76.892,301.21
196.71,-15.817,20.746
136.27,-2.2432,-21.048
309.11,89.479,207.83
98.624,-18.144,-60.721
178.74,-12.268,-3.1428
354.74,97.936,324.73
338.06,90.765,300.16
381.32,85.254,282.28
160.44,-21.104,-25.073
207.78,35.339,93.52
405.01,118.38,314.16
358.35,124.51,315.11
357.63,99.919,329.29
214.65,34.9,73.012
320.16,90.935,211.54
294.9,47.657,147.62
127.33,-8.1835,5.1959
237.08,12.362,69.131
313.4,53.774,245.3
262.82,60.177,182.68
205.01,-21.158,47.647
248.9,33.27,122.12
328.72,68.461,288.55
258.82,-13.562,132.84
160.2,-35.38,-20.431
160.86,-60.356,-9.948
398.23,112.26,320.95
212.26,5.8407,120.61
362.04,104.04,295.5
380.44,80.847,356.45
144.61,-47.26,32.039
277.02,4.8937,127.68
211.61,16.395,83.298
270.54,31.774,201.73
342.67,48.137,219.35
319.59,59.614,274.11
344.64,71.825,231.42
163.2,-15.096,55.781
208.63,10.206,64.586
247.44,20.686,99.099
360.12,105.69,310.51
199.68,-4.4097,105.12
182.28,-42.889,6.2047
296.61,36.406,155.98
321.96,23.342,203.84
389.23,65.149,315.85
318.14,46.588,185.41
201.26,10.164,65.844
223.48,-7.3457,131.79
309.04,15.219,203.9
286,6.5768,189.07
104.21,-45.448,-13.181
231.31,-24.284,112.85
320.4,40.648,261.85
273.05,43.96,148.66
364.19,72.606,333.59
198.51,-9.7925,103.56
106.33,-73.966,-21.575
239.93,24.041,156.02
210.71,-31.682,42.94
282.67,17.51,205.95
274.35,51.186,191.07
301.49,52.001,247.08
273.44,39.435,140.57
372.58,108.21,351.74
188.92,0.99713,41.242
286.58,58.951,192.74
310.22,23.381,174.4
193.96,-47.251,44.427
254.38,17.65,101.49
231.57,-11.332,64.837
350,43.202,238.52
176.06,-22.231,2.0395
248.43,37.269,148.08
207.12,-1.6196,45.304
183.96,-14.369,15.187
387.82,67.289,333.71
345.24,40.697,270.91
326.53,73.447,283.95
319.97,22.256,222.57
109.44,-49.559,-5.2946
329.78,57.151,204.62
395.45,97.702,304.46
241.58,-20.376,88.534
355.3,43.596,270.47
369.5,91.449,273.6
360.65,86.811,261.17
279.14,3.9956,132.38
198.9,-12.292,103.46
306.57,26.915,234.28
366.39,92.719,347.15
235.84,0.21039,72.251
139.14,-35.507,-38.563
225.44,2.0442,63.298
384.31,109.09,307.96
92.633,-77.38,-34.556
288.2,42.783,227.35
142.46,-47.45,29.991
143.52,-41.454,-39.342
124.19,-78.493,-49.279
186.62,-19.837,87.355
239.64,-24.213,100.66
303.95,11.979,194.87
365.92,108.09,332.88
319.83,21.233,206.04
354.69,98.051,280.07
393.11,75.665,299.34
140.26,-71.904,-26.955
217.91,-21.064,47.954
262.86,42.832,180.14
128.59,-28.03,10.187
287.64,12.472,201.69
268.84,1.8952,115.64
119.66,-26.968,-17.696
365.94,73.396,255.86
187.45,-41.269,13.014
312.26,65.437,201.71
361.05,60.01,315.15
310.92,58.317,189.58
189.49,-37.005,75.678
321.26,79.102,237.74
259.76,41.831,173.7
306.08,67.549,206.76
161.63,-35.457,-19.068
174.76,-50.908,1.3734
131.45,-70.368,-50.451
265.39,42.174,187.64
318.26,35.253,183.02
395.98,74.639,352.73
167.41,-11.527,10.153
190.85,6.0771,57.905
291.51,11.184,200.21
353.82,60.697,235.93
185.62,-45.922,14.633
179.79,0.92862,46.056
379.42,118.11,346.43
349.52,96.08,311.05
135.36,-31.329,-36.141
107.69,-83.461,-37.576
201.67,8.8586,98.445
238,25.872,150.56
364.04,91.094,269.11
117.43,-36.665,0.65058
392.03,98.479,301.29
158.73,-63.499,8.7516
275.41,49.239,199.93
102.33,-34.924,-42.711
290.54,60.849,195.12
306.15,65.109,200
228.75,14.096,78.873
229.41,26.424,110.76
201.77,-41.069,69.839
143.2,-71.065,-14.008
364.85,67.355,328.16
354.42,47.18,243.24
389.97,82.944,291.73
246.29,4.6449,85.429
321.73,80.788,248.32
202.65,-42.954,52.299
208.18,-22.029,35.372
400.57,73.831,322.23
252.65,10.448,172.58
134.15,-21.751,8.9451
224.48,-21.525,57.716
148.85,-51.444,31.983
293.25,31.451,149.59
324.03,23.798,221.7
305.4,58.438,252.32
139.23,-22.098,-17.712
267.63,21.565,195.05
193.18,-41.859,68.637
341.6,55.238,295.59
373.42,60.339,271.2
282.02,3.6755,138.71
310.82,18.429,182.43
263.04,-6.0475,158.1
182.13,-41.789,64.847
403.7,110.2,323.11
259.76,-9.1096,109.43
259.63,36.255,129.75
309.69,72.564,243.04
208.35,15.157,98.598
274.4,0.35467,127.06
383.41,61.798,299.85
213.56,-33.913,51.367
167.6,-16.461,2.0729
360.94,49.703,256.17
327.76,37.636,197.66
237.61,-20.591,79.992
174.88,-45.61,55.461
223.39,-23.442,57.218
362.5,50.814,258.32
182.27,2.3257,62.651
275.48,38.701,140.59
328.87,46.144,274.92
155.8,-33.518,49.516
121.21,-28.273,-4.7762
349.64,55.513,229.45
230.06,18.282,142.82
369.22,111.15,333.59
261.14,11.811,104.83
327.45,83.972,252.73
354.11,100.85,312.59
352.44,56.924,305.6
253.54,11.08,96.209
93.322,-73.614,-30.642
103.89,-82.607,-36.061
147.96,-67.271,2.5112
391.69,109.51,312.76
344.36,49.08,221.92
280.76,4.5727,134.95
280.02,30.709,213.67
137.94,-45.566,-46.696
150.56,-65.292,8.4834
180.02,-53.375,20.039
347.9,41.514,272.11
219.34,7.2291,130.73
214.63,-30.509,97.021
348.28,93.352,268.5
162.11,-50.369,41.846
257.99,-10.46,107.72
335.51,87.167,288.83
155.61,-31.783,49.684
218.65,-2.3048,129.21
360.03,76.403,332.55
113.46,-39.385,-58.995
398.65,93.606,306.35
187.88,-30.964,81.492
380.39,79.855,355.29
293.61,27.661,225.68
372.78,102.86,292.23
375.63,66.988,270.52
133.47,-74.091,-15.252
333.41,88.287,274.14
302.7,56.32,181.91
288.29,58.539,186.87
176.97,-0.037215,53.55
370.53,109.86,309.79
135.09,-27.95,21.228
396.25,99.422,306.52
290.66,13.91,145.59
400.45,73.239,343.07
358.4,104.59,310.22
208.04,-39.658,69.91
191.28,-2.097,35.584
351.38,45.639,238.08
160.91,-47.914,44.211
329.27,45.502,274.45
359.19,105.1,309.54
356.44,43.896,264.05
334.97,86.52,288.7
308.42,35.727,169.41
265.79,46.879,163.37
237.54,-15.19,133.24
139.85,-34.009,-36.552
260.12,6.0669,102.22
284.82,8.4533,139
102.88,-83.079,-37.273
355.57,75.124,244.91
278.26,36.526,212.84
112.32,-45.684,-2.2252
401.44,107.84,318.75
177.41,-14.627,10.329
376.91,59.028,312.2
165.88,-13.01,6.8454
367.5,61.14,319.79
306.09,30.776,239.19
168.17,-20.774,65.307
375.33,72.873,342.75
241.74,-10.965,79.013
239.41,-7.3141,74.932
405.1,77.298,327.53
329.51,55.333,203.15
379.82,64.303,281.37
144.14,-18.503,-8.1318
272.73,46.243,154.02
408.12,86.477,321.99
159.42,-15.514,49.852
354.24,42.484,262.26
393.24,89.302,297.66
192.98,-47.683,44.974
239.04,15.958,87.678
142.33,-56.957,21.506
266.47,47.272,164.35
268.63,40.891,141.33
342.63,94.133,289.81
261.47,35.892,186.25
385.34,120.81,338.61
164.71,-60.169,19.242
319.27,76.605,229.57
97.366,-66.055,-22.151
380.95,73.889,347.64
370.11,111.75,334.89
271.81,50.012,169.2
340.25,56.22,295.5
158.64,-17.769,-4.2521
219.13,-34.373,81.768
91.885,-39.615,-52.374
95.446,-39.584,-36.569
335.96,69.202,299.14
291.7,4.4559,169.28
381.34,101.83,295.35
370.67,65.075,328.13
312.61,54.078,263.2
310.72,44.972,256.63
332.4,28.729,227.97
97.41,-40.762,-29.196
161.48,-8.9888,42.505
250.81,-17.96,121.62
377.45,58.293,307.39
250.12,6.4265,167.31
322.35,78.249,269.55
211.75,-38.245,71.08
126.88,-77.667,-25.711
172.11,-20.032,70.272
279.97,1.2725,175.49
163.25,-22.337,59.108
157.66,-20.185,50.597
375.9,66.053,271.5
322.02,62.074,202.11
281.98,55.908,183.53
227.47,-5.2029,137.11
187.22,-15.026,17.107
197.4,4.5892,50.427
226.42,-29.6,72.897
146,-18.284,-7.8346
373.61,58.176,312.05
157.27,-30.648,51.767
285.35,0.97355,157.78
266.49,47.572,169.22
376.12,106.25,299.72
159.85,-51.374,39.201
335.69,70.534,222.53
401.69,76.729,318.28
338.82,86.972,253.06
132.62,-26.321,15.226
100.19,-39.004,-26.894
231.96,-15.056,130.62
129.11,-40.909,18.01
385.5,105.28,302.84
359.98,105.62,313.12
225.08,15.813,79.987
354.72,93.762,326.59
118.51,-45.305,-63.158
323.54,24.132,226.09
342.14,92.474,270.07
170.33,-25.863,67.546
298.8,65.828,226.75
371.89,103.61,354.14
264.5,3.3292,108.37
218.16,12.038,70.679
297.18,48.399,240.63
312.13,37.385,251.5
229.43,-1.8746,64.572
384.22,79.282,282.78
328.63,80.948,238.78
105.25,-36.826,-20.674
160.74,-54.741,34.366
361.7,100.43,335.62
366.69,90.905,347.39
136.85,-47.685,-48.668
195.95,-2.1308,37.714
221.56,-33.058,85.471
235.98,-11.454,70.817
402.55,116.76,329.92
380.09,63.543,283.1
251.48,29.063,113.52
111.2,-37.992,-8.096
361.44,106.39,318.83
184.5,2.5927,69.941
380.27,64.269,327.84
342.51,92.774,296.63
226.71,-7.323,59.468
257.18,41.373,146.69
293.52,30.303,149.39
291.65,5.1028,162.55
200.7,-43.721,47.429
181.57,-15.789,12.009
398.14,98.214,307.89
248.71,37.53,144.83
211.24,-38.742,64.055
357.06,67.792,322.31
334.47,82.384,241.73
126.49,-23.996,-16.06
228.15,-17.582,61.412
232.07,-3.6269,142.64
357.29,49.415,292.31
305.66,68.732,241.75
355.69,59.835,238.64
139.82,-52.27,24.249
404.26,103.06,317.95
374.09,66.211,268.03
326.71,30.616,200.9
280.76,43.39,215.84
372.1,70.149,336.85
245.33,-19.414,122.89
235.69,28.958,114.31
213.77,-7.49,121.77
140.91,-34.392,-36.181
371.84,102.95,354.38
297.61,58.609,184.37
171.16,-6.6904,60.149
143.59,-66.569,-33.74
376.47,58.877,282.3
378.06,78.796,352.19
144.1,-21.331,-15.458
333.5,49.534,282.53
320.67,57.11,274.82
318.42,44.607,264.24
298.06,19.817,218.73
201.08,-36.961,31.628
327.75,83.097,247.14
310.48,70.749,214.96
379.07,60.361,315.24
258.21,16.947,182.16
309.15,67.963,207.06
405.02,76.254,331.21
183.68,2.7591,50.357
357.06,83.012,253.87
120.95,-81.272,-43.834
228.85,-28.126,101.21
336.67,90.376,271.97
350.94,43.641,240.23
310.54,23.844,230.59
255.57,10.998,98.313
252.77,30.999,117.49
327.25,69.717,215.73
200.76,-41.486,68.869
219.25,-34.691,77.221
255.14,13.357,99.133
140.84,-61.457,14.73
293.72,29.923,149.47
274.7,35.329,207.73
342.55,94.279,286.36
185.93,-17.718,87.185
310.9,74.131,235.03
234.29,-23.602,77.953
406.36,106.05,322.3
253.1,31.924,173.86
152.64,-69.992,-28.45
118.08,-56.052,-48.39
392.6,54.92,356.89
228.03,-41.338,65.945
325.59,12.642,198.61
268.18,28.156,172.67
136.21,-89.432,-40.275
162.92,-39.096,60.59
147.66,-84.806,13.617
239.66,-14.52,81.808
94.436,-73.282,-20.384
142,-41.89,29.237
366.01,33.972,306.35
265.7,24.949,184.39
392.26,50.214,305.45
243.96,13.467,129.53
163.69,-79.037,27.891
359.27,51.07,330.12
363.77,54.717,256.23
363.45,41.831,322.29
166,-25.384,40.757
314.68,-1.8494,197.85
314,3.9763,183.37
290.29,36.224,181.83
193.02,-33.326,26.308
353.44,25.484,285.8
283.22,-9.2338,137.2
160.07,-77.407,32.17
365.42,61.058,344.17
281.01,1.9958,211.84
182.2,-50.45,80.145
93.435,-60.98,-34.631
254.26,17.916,169.78
123.07,-99.8,-29.1
374.49,89.01,309.09
310.78,33.129,186.07
173.85,-69.557,51.488
241.47,-1.5578,95.37
335.16,10.293,229.65
299.07,25.278,245.15
307.32,47.373,250.62
263.35,16.257,191.64
92.051,-95.002,-29.703
341.5,35.399,298.42
242.17,-18.682,82.425
331.82,46.52,295.03
280.5,-22.053,162.87
252.28,-20.637,165.32
122.08,-93.994,-10.903
354.18,46.151,240.34
336.22,39.628,215.8
238.16,-27.248,76.057
365.49,39.904,319.92
385.52,42.449,317.32
155.92,-41.378,51.515
277.42,-13.482,190.24
294.27,20.555,159.63
315.37,1.8543,189.18
267.87,-20.614,173.82
223.12,-44.208,114.92
251.89,-24.059,160.71
304.15,-2.0704,169.65
148.74,-39.396,-7.2214
357.27,73.315,272.22
127.1,-94.644,-11.665
188.94,-42.768,91.387
140.15,-73.713,-43.265
335.03,24.184,210.03
158.46,-41.174,55.101
346.1,20.583,273.91
204.64,-12.848,109.43
353.96,60.553,251.32
257.78,19.545,175.58
399.94,89.442,321.71
331.71,13.53,257.79
371.47,41.934,267.25
275.92,-22.698,167.75
168.85,-36.737,68.116
131.95,-57.612,-42.725
284.98,24.03,156.74
119.54,-47.314,-11.898
178.99,-71.054,48.609
241.32,7.7679,157.23
402.69,94.13,329.38
233.09,0.32849,149.02
203.08,-33.971,110.25
142.59,-60.77,-36.73
179.26,-69.662,10.826
368.66,36.172,266.76
391.41,88.561,314.13
107.49,-94.318,-18.167
399.53,53.61,319.7
166.59,-74.861,-5.3052
143.75,-84.308,14.148
301.14,28.944,248.71
119.7,-69.866,9.3952
137.39,-91.017,-2.6822
379.29,96.01,356.61
187.47,-15.119,70.772
374.76,47.119,336.49
305.41,29.168,254.62
136.25,-93.882,-14.329
295.66,17.564,237.86
365.64,59.92,343.7
316.35,5.4232,238.2
283.99,2.2458,137.86
386.93,43.258,318.07
141.57,-81.993,-38.981
377.14,65.55,360.29
112.63,-51.711,-13.661
195.12,-11.252,80.049
244.19,-41.993,112.29
269.95,-25.912,129.97
395.17,68.517,302.4
268.49,23.983,151.92
328.59,60.909,282.91
316.61,41.623,272.15
211.84,-45.267,43.56
219.43,-8.303,73.709
228.6,-48.412,103.89
254.17,-23.226,97.489
320.97,55.337,228.45
248.02,-32.851,144.21
334.88,63.878,294.3
241.18,-25.75,79.964
175.74,-35.809,10.941
347.32,38.222,228.7
312.6,2.4196,230.99
286.72,-16.46,152.52
410.84,71.942,326.67
207.46,-25.642,44.676
230.99,-9.1607,149.32
210,-59.12,60.366
313.25,51.637,220.14
176.09,-36.129,77.896
179.25,-72.459,43.904
148.76,-52.313,44.574
348.64,28.164,292.2
315.81,24.537,264.27
226.6,4.4788,125.81
171.03,-75.278,37.668
257.64,18.485,177.4
312.17,34.375,265.03
308.74,23.792,176.13
380.15,62.656,360.78
161.52,-57.696,56.505
181.07,-67.761,56.886
138.46,-50.201,30.687
238.24,-28.941,76.255
380.22,54.265,350.72
99.497,-74.443,-13.956
233.15,8.384,120.13
172.56,-72.631,2.559
281.48,-20.541,171.06
191.03,-68.799,43.5
224.64,-5.9059,138.78
190.22,-62.1,70.704
336.13,41.717,217.17
326.68,40.138,286.11
348.69,77.456,290.52
333.42,20.436,272.5
272.76,-20.738,174.48
374.78,35.616,288.93
238.99,-36.93,80.898
292.55,18.145,234.46
364.15,87.664,316.45
239.91,12.287,132.13
234.4,-10.849,153.74
173.71,-47.367,-0.40482
250.72,17.802,157.83
333.93,19.325,209.82
230.99,-47.947,83.44
313.15,-1.6966,217.83
384.78,91.459,315.55
252.48,0.26657,178.68
208.91,-23.549,47.713
308.82,-3.2789,182.38
209.44,-5.3643,81.176
129.75,-61.297,21.773
292.56,-12.692,159.51
320.39,41.576,203.16
290.81,41.437,209.63
126.22,-95.04,-12.684
280.71,-10.639,133.76
111.36,-52.102,-15.849
177.32,-23.943,70.913
260.33,-21.351,106.13
170.35,-27.055,24.079
285.64,33.783,219.1
251.5,-27.933,154.59
381.65,40.772,295.77
309.44,38.53,191.93
384.56,84.197,303.58
217.8,-45.881,109.92
131.1,-64.599,-49.326
290.75,28.731,232.89
350.93,78.584,291.24
390.03,50.42,299.42
151.57,-35.272,37.156
192.95,-44.927,93.791
203,-27.935,39.047
132.47,-94.877,-14.544
295.56,-4.5513,213.1
308.97,1.6756,175.57
289.03,-8.0908,146.33
150.64,-67.802,39.785
265.37,-17.02,112.31
325.58,4.1006,220.66
358.62,25.349,262.95
311.09,51.543,221.31
164.1,-29.408,18.291
231.25,-13.083,149.4
273.05,-22.366,170.22
353.09,79.713,292.79
318.6,30.855,271.69
127.92,-62.672,19.586
384.62,44.054,296.07
290.44,-1.7778,146.18
140.31,-91.285,-5.3224
195.86,-30.382,31.143
195.66,-16.349,51.3
264,11.212,194.72
196.93,-39.222,26.272
321.49,16.071,259.44
140.15,-91.888,-24.837
107.27,-58.845,-57.029
207.87,-32.944,40.185
362.29,53.087,253.59
231.84,-14.893,149.68
264.94,13.422,195.67
284.52,36.942,189.06
158.55,-53.033,-17.637
265.74,15.99,134.43
287.77,-16.292,182.9
117.36,-96.378,-16.901
347.79,17.967,251.16
163.6,-80.267,23.373
303.18,38.622,189.06
405.29,96.907,334.83
366.08,88.216,332.97
106.63,-54.651,-45.325
317.46,52.54,221.49
134.4,-40.245,-0.47941
205.42,-61.797,61.643
289.7,-16.72,164.83
180.83,-62.169,66.71
374.14,94.167,340.48
169.2,-44.345,-2.2633
201.79,-61.479,43.366
414.44,73.633,332.41
363.04,29.187,291.36
159.77,-34.242,51.82
131.57,-43.37,9.9389
292,27.351,235.18
330.87,25.588,278.56
343.99,53.299,235.09
233.24,-15.818,74.846
240.26,11.406,124.29
202.46,-7.4171,83.237
122.84,-84.818,2.7707
308.9,31.876,183.21
324.65,62.289,260.68
95.285,-89.624,-23.023
225.54,-19.003,65.527
364.51,39.723,319.23
405.31,97.181,335.21
282.19,36.114,200.28
409.2,59.236,336.72
259,-14.554,103.42
370.24,64.555,351.89
364.96,32.375,263.34
311.62,24.63,179.7
391.03,45.994,315.99
412.4,62.8,337.81
218.74,-11.736,132.16
225.66,4.5561,112.06
173.62,-76.518,30.278
381.44,49.814,343.88
385.93,90.309,313.82
396.55,67.941,304.27
368.88,73.073,277.93
364.18,86.148,333.25
235.15,-12.226,154.39
300.65,35.487,182.6
220.77,-11.927,135.23
317.66,4.322,235.46
241.31,-11.28,85.563
155.3,-33.598,7.5549
192.37,-68.138,46.493
208.87,-12.898,61.577
215.49,-52.29,55.235
182.28,-66.217,11.894
243.91,-33.746,86.726
125.18,-64.415,-54.126
376.86,42.11,278.62
158.84,-78.651,-14.21
133.53,-46.663,20.174
263.08,-29.565,151.24
251.23,4.0182,108.79
342.1,21.325,276.55
301.96,-0.51235,164.24
258.83,2.1949,112.25
130.98,-56.463,22.742
126.12,-97.337,-45.141
248.04,5.7316,171.28
133.34,-66.273,-48.331
300.49,43.555,200.26
321.43,7.9677,244.41
152.36,-47.223,48.638
340.15,29.359,289.98
298.03,40.478,238.46
303.09,39.085,189.88
163.83,-60.968,-15.219
278.68,-15.852,186.14
394.36,53.634,305.67
255.95,17.198,175.6
168.24,-79.265,22.159
160.75,-80.103,-7.9529
209.13,-53.326,93.154
229.98,-49.194,86.58
213.01,-3.8398,84.488
339.75,54.806,233.67
362.13,45.796,326.99
247.65,-36.676,97.648
174.09,-65.031,58.997
333.87,9.9728,224.65
407.8,84.928,325.65
289.12,-7.2123,205.93
274.1,20.917,146.37
363.79,30.306,264.47
253.47,-5.4307,101.14
190.21,-38.524,20.128
276.41,25.595,208.91
193.42,-22.27,97.939
155.77,-57.803,50.914
272.02,-19.025,124.19
321.93,58.927,240.4
288.54,18.549,152.79
359.46,77.208,335.43
178.33,-74.373,21.505
149.47,-36.351,0.49096
350.61,64.122,253.64
123.2,-94.679,-12.056
375.76,87.756,306.02
284.97,-11.564,141.6
283.55,3.538,137.76
169.61,-24.92,31.897
281.23,-8.6193,133.86
393.88,48.876,314.23
297.17,6.0429,229.7
155.69,-40.86,-7.3629
99.378,-56.464,-44.909
241.46,-30.589,81.13
347.99,33.097,229.27
196.46,-10.464,75.358
267.08,-29.575,135.96
181.36,-33.303,17.56
413.97,70.551,332.79
415.28,83.351,334.19
413.31,62.784,340.6
137.76,-50.074,29.633
218.09,-1.3204,90.65
152.68,-69.736,39.57
340.58,62.486,246.29
121,-100.82,-32.05
323.68,45.162,210.04
318.1,1.4648,225.84
235.16,8.7426,117.91
197.75,-49.859,92.968
270.46,-14.29,185.46
386.08,50.551,346.46
365.16,81.92,291.98
339.1,17.422,221.98
346.2,65.015,316.91
343.4,71.574,303.7
398.81,65.41,307.7
348.67,59.51,246.02
113.62,-84.829,-4.095
277.19,-22.422,167.68
128.94,-57.89,20.433
154.42,-61.02,47.918
259.66,9.811,188.37
363.13,70.128,344.23
386.61,65.268,289.72
151.88,-84.368,14.363
162.45,-33.6,7.8941
97.293,-57.914,-35.061
283.41,6.2211,217.49
154.19,-42.907,-11.089
368.48,85.742,346.61
240.3,8.7036,153.54
220.15,-21.608,58.773
362.52,27.661,270.28
360.64,84.252,326.28
299.16,34.472,245.14
203.34,-12.185,106.11
242.73,-1.9646,165.25
269.58,28.912,180.4
244.32,1.7816,101.61
293.62,-11.589,159.9
177.78,-37.292,10.782
355.21,27.003,246.98
257.18,20.634,170.61
221.43,2.2743,114.91
293.61,43.134,212.22
353.68,21.645,261.42
120.86,-50.412,2.0201
263.49,19.416,189.13
122.71,-69.932,12.583
383.11,100.09,347.64
369.79,41.507,324.32
356.47,47.033,243.59
186.59,-51.633,11.915
184.3,-71.944,32.545
305.5,45.24,249.39
361.78,78.964,284.94
185.84,-54.127,11.038
115.65,-48.965,-17.894
221.17,118.96,126.82
164.88,51.4,-14.54
120.23,79.405,-12.253
326.93,168.85,202.03
168.42,57.201,30.768
316.57,171.79,265.31
323.43,180.89,219.72
241.17,94.739,126.08
192.2,64.105,45.153
335.08,187.07,289.35
339.16,179.5,301.68
153.17,85.836,-24.802
186.25,78.32,70.566
220.5,123.57,64.655
168.69,53.395,20.921
162.19,57.695,-27.077
103.31,37.621,-29.28
317.84,161.21,185.43
235.46,85.034,85.591
123.87,82.11,-10.02
273.8,123.21,190.26
288.57,113.33,173.96
108.69,54.691,-15.534
358.38,195.52,329.33
329.55,145.47,264.97
133.58,47.63,1.1791
189.11,102.8,17.499
264.21,134.64,109.32
178,83.691,-7.5719
300.55,125.79,211.84
219.7,129.65,115.25
367.54,173.37,335.26
156.82,50.738,-29.892
195.46,65.364,47.199
313.68,175.09,203.11
98.486,70.274,-62.23
207.03,84.143,91.98
187.22,85.942,77.641
247.43,93.119,120.87
246.33,93.768,87.109
108.27,20.383,-62.375
326.34,173.05,281.66
125.14,47.735,-73.034
163.95,51.238,-16.372
170.1,51.653,9.5374
117.51,41.165,-81.867
138.44,59.923,15.95
112.4,51.637,-84.902
249.11,104.5,81.685
128.65,72.38,-55.207
353.37,195.91,318.77
214.35,113.72,47.27
67.988,51.143,-70.624
236.82,125.68,77.396
164.29,95.702,-5.0599
187.58,64.711,9.6843
95.395,33.203,-38.93
239.37,121.74,151.86
250.27,146.6,154.87
302.27,144.5,156.72
283.18,113.96,179.23
174.18,108.77,48.227
310.02,178.2,213.74
338.65,172.28,300.12
373.73,180.41,264.78
279.79,110.85,170.11
334.61,192.03,274.69
139.21,48.856,-55.65
228.03,125.93,135.12
252.32,145.35,119.31
361.83,164.8,319.22
241.35,100.05,71.492
186.44,114.98,44.08
252.8,141.68,111
181.34,62.107,43.035
297.04,160.3,166.56
299.87,126.14,155.16
186.31,82.509,0.60878
157.77,98.996,2.5162
261.54,120.14,175.87
197.13,91.298,90.738
264.39,139.39,187.98
110.01,26.66,-41.072
89.131,63.522,-48.8
259.04,98.911,136.13
229.01,94.235,55.035
151.06,96.035,22.706
361.55,152.19,289.22
273.44,150.05,199.55
76.319,54.725,-59.973
228.34,134.83,125.43
247.67,118.68,160.47
350.66,147.13,239.62
238.21,119.59,72.52
151.7,95.113,26.541
329.38,159.92,197.56
272.42,158.08,155.44
201.81,119.66,52.25
186.78,116.15,54.125
239.97,130.42,152.41
306.45,160.46,250.98
237.38,95.715,126.6
294.85,125.24,208.29
340.1,163.12,296.47
268.01,154.16,143.43
199.06,109.29,96.602
234.96,140.14,127.98
151.58,85.828,-25.646
290.48,154.64,226.46
138.48,40.781,-50.833
301.45,154.01,162.42
111.81,23.67,-49.97
274.86,128.1,116.84
207.37,71.142,60.473
334.06,136.55,239.28
172.92,108.03,26.767
204.25,80.591,85.288
289.44,157.83,157.87
273.18,160.56,176.26
382.45,161.71,297.18
224.24,133.81,90.878
114.04,72.921,-14.411
274.13,142.02,202.17
148.28,42.209,-32.399
87.449,63.194,-81.27
306.61,155.69,169.05
245.89,91.451,92.494
248.59,92.161,114.18
293.03,117.01,186.8
93.326,68.238,-53.065
243.62,95.76,78.404
88.501,55.945,-41.2
158.84,47.598,-19.876
266.12,148.52,129.53
143.54,94.079,2.4463
280.89,156.37,208.88
275.88,109.49,126.63
82.13,61.87,-81.929
197.62,66.798,51.653
227.08,82.265,91.737
297.84,126.38,151.21
146.57,94.705,13.791
132.13,57.597,8.8881
305.25,128.99,162.9
337.06,161.66,208.17
78.454,32.938,-53.178
314.53,150.3,174.45
353.43,194.24,260.77
137.73,50.986,-58.08
229.47,127.95,136.42
321.11,129.51,216.94
332.5,138,248.02
121.83,45.895,-8.3882
355.75,173.19,322.43
147.4,44.968,1.7532
213.2,106.1,115.29
166.45,62.493,-23.191
231.73,128.96,78.923
276.85,108.51,162.9
240.47,127.04,81.686
340.95,165.21,299.15
329.93,164.38,285.11
302.19,174.35,228.53
203.43,88.987,21.488
247.98,142.84,112.57
276.97,114.91,180.02
327.34,144.69,192.95
180.39,62.187,-0.78864
336.27,137.68,242.48
291.94,147.43,147.13
291.79,160.13,163.17
393.1,167.89,310.39
187.66,74.348,66.965
332.3,189.8,276.02
275.14,157.9,194.5
167.16,50.017,2.2197
332.25,172.44,290.9
193.59,67.496,17.6
252.35,94.547,122.35
269.45,106.76,116.63
130.23,31.554,-36.336
161.29,67.372,40.746
325.63,176.82,279.23
134.68,82.104,-38.051
190.5,91.474,84.011
360.71,153.38,252.86
163.31,103.84,19.557
117.57,24.832,-55.725
350.69,193.06,257.05
340.87,171.54,302.86
80.269,43.328,-48.672
140.23,36.765,-36.23
228.15,129.77,132.67
101.82,32.912,-34.86
115.71,30.344,-32.707
362.9,156.71,252.63
107.74,73.932,-29.232
173.7,53.348,10.282
209.22,71.488,53.443
254.23,127.71,94.046
343.04,195.66,291.78
304.64,165.52,246.92
112.9,22.511,-64.43
231.51,89.466,62.467
101.31,54.284,-91.799
251.59,93.986,102.03
264.13,101.15,116.16
269.19,144.82,194.52
344.83,176.87,310.14
202.95,111.4,101.74
163,101.46,8.2493
329.14,133.95,231.39
298.32,117.53,181.32
160.52,49.734,-20.999
329.8,184.97,231.52
71.982,42.161,-58.592
201.11,114.68,41.261
309.86,158.75,255.8
179.51,56.549,12.584
202.11,83.423,19.858
308.04,152.85,168.24
167.95,63.325,-21.403
127.06,85.534,-22.975
131.62,32.174,-35.529
283.53,163.45,170.05
247.17,132.13,92.766
129.48,81.376,3.3447
192.03,62.699,31.999
232.49,90.574,114.89
219.99,131.87,109.97
187.55,111.15,75.713
288.14,113.43,150.29
203.07,71.236,65.082
242.7,93.209,122.58
347.53,195.6,305.45
337.65,155.91,286.52
255.83,107.89,156.61
142.39,73.514,25.187
155.02,99.942,14.559
172,96.988,0.20715
309.4,144.6,246.56
91.056,51.022,-36.133
298.61,149.67,155.76
233.77,95.401,124.24
147.04,95.864,4.0656
332.28,149.79,199.67
192,97.935,14.513
195.1,120.41,66.724
110.25,52.438,-14.461
270.56,135.71,116.26
196.59,120.92,72.912
330.06,134.36,216.22
225.65,135.8,100.62
280.11,109.64,165.22
221.9,114.05,127.92
392.36,203.26,303.77
251.83,101.51,87.952
265.31,108.89,105.95
119.78,25.988,-52.043
258.84,127.96,178.22
197.5,101.29,95.082
119.43,25.85,-51.655
315.79,159.91,264.39
295.37,115.94,168.71
342.07,142.35,260.32
329,162.82,198.87
209.16,125.08,99.105
281.84,164.99,182.02
361.14,196.34,268.91
161.4,97.448,-2.3327
243.04,138.42,101.23
99.761,57.491,-89.366
356.71,171.03,321.72
97.039,59.167,-30.57
353.95,198.94,273.15
322.29,154.55,269.36
258.22,96.634,119.64
107.55,44.663,-92.533
265.79,132.54,109.07
213.49,94.1,108.08
253.15,96.891,131.82
227.26,106.31,53.45
357.39,170.04,238.71
338.59,191.2,250.15
243.32,133.35,92.042
341.06,188.59,243.31
263.05,100.98,141.72
158.11,85.937,44.492
204.34,81.555,86.764
256.21,106.01,92.287
288.7,168.46,190.98
166.49,65.181,-23.839
254.73,134.68,174.03
288.66,160.73,162.92
291.83,129.48,213.04
264.51,102.07,145.18
372.14,189.94,269.37
198.05,119.76,53.805
185.08,101.66,78.397
144.03,93.364,10.878
79.229,61.419,-76.378
200.78,121.79,59.933
324.55,162.47,193.62
185.72,104.33,78.332
257.31,131.84,177.48
179.37,73.209,-8.4076
136.83,81.235,-38.924
263.21,99.335,122.98
254.36,110.42,159.13
282.64,109.59,147.86
326.84,185.99,235.28
153.27,47.315,7.2684
203.29,98.922,101.24
317.82,128.53,217.33
123.08,52.97,-1.9836
110.17,24.892,-81.762
283.31,112.01,172.8
368.03,170.76,332.63
359.84,169.86,323.83
288.17,168.41,195.22
212.78,90.245,103.52
309.6,125.75,177.6
352.7,199.56,275.78
262.18,141.21,115.24
135.04,89.012,-18.015
79.041,60.609,-83.856
247.82,120.36,82.508
171.5,53.801,20.52
240.78,88.83,85.626
316.42,147.23,176.02
160.23,90.135,46.32
94.299,48.046,-32.405
154.07,98.08,24.77
277.41,114.98,180.34
138.66,91.064,-12.304
177.74,110.35,32.077
196.84,120.98,62.049
312.54,139.36,243.08
304,126.53,162.96
125.08,46.145,-5.8735
123.3,82.611,-34.311
331.83,160.07,200.71
121.55,43.2,-11.276
308.5,127.44,171.48
247.89,146.09,123.74
99.772,71.677,-55.241
386.39,186.47,284.32
264.99,153.21,141.09
245.64,125.34,160.76
320.96,132.6,192.24
119.02,51.312,-6.5851
246.78,92.915,90.324
321.25,130.35,199.76
245.96,97.69,80.788
122.38,83.005,-30.089
210.17,112.98,43.514
115.76,46.635,-12.441
263.91,118.22,176.11
319.19,129.5,195.75
330.34,158.05,281.28
75.33,19.728,-65.627
190.56,111.69,80.872
281.86,161.68,164.45
382.01,162.42,318.99
270.25,154.42,188.96
123.23,58.571,-71.4
252.49,94.012,118.13
359.37,195.22,331.4
102.03,17.154,-70.319
325.36,134.29,237.07
333.48,151.17,201.37
233.54,85.152,75.815
171.49,66.379,-17.515
180.28,109.77,62.361
243.73,141.52,109.15
142.33,43.763,-47.53
238.08,131.49,86.257
364.13,154.89,298.56
386.49,205.02,300.85
351.28,160.29,228.64
178.41,80.43,-8.5175
218.75,129.38,77.504
253.38,149.85,136.9
160.18,92.903,-11.241
229.74,95.146,121.49
143.78,46.148,-47.406
360.64,178.66,332.02
137.96,72.99,19.873
193.7,119.47,58.988
294.2,115.22,170.53
169.53,107.29,30.885
289.33,115.62,183.33
272.25,147.24,130.56
154.21,76.049,-33.636
374.55,209.17,303.64
259.01,151.9,164.79
371.94,159.34,270.16
179.65,84.069,-5.7777
110.11,76.578,-32.084
283.58,165.31,197.5
73.537,57.159,-71.191
155.79,85.172,-24.107
353.06,158.03,302.08
334.84,151.6,278.41
368.61,175.76,256.11
137.73,75.722,-45.969
187.93,106.56,80.601
383.44,203.94,296.86
341.51,183.96,304.53
355.99,159.63,306.78
187.86,116.47,61.371
293.38,171.05,200.47
272.24,144.45,126.7
112.94,58.704,-10.254
215.67,111.75,46.19
314.11,127.32,215.44
249.91,126.1,166.46
197,75.502,15.356
232.12,117.24,101.73
333.37,132.9,259.24
264.41,82.117,90.348
145.22,62.856,-47.912
159.93,40.146,-49.283
382.42,193.36,300.94
212.79,76.918,91.862
347.89,176.14,277.78
391.77,147.79,320.94
152.81,28.317,-4.474
270.12,107.87,92.013
196.53,96.973,62.933
274.66,101.63,170.68
333.69,146.65,187.08
325.29,125.82,243.28
328.45,162.42,207.93
161.34,55.698,29.014
191.2,96.602,43.728
229.63,114.03,75.765
349.98,171.57,292.15
202.09,67.262,74.673
175.11,59.9,-29.183
281.14,133.78,129.22
322.54,121.29,164.34
394.14,153.21,276.92
303.57,143.56,158.11
185.35,92.291,45.5
231.43,68.801,95.237
315.22,108.1,162.06
295.15,94.012,147.09
104.42,23.193,-40.707
239.95,65.716,70.243
330.73,115.3,224.04
255.68,129.74,128
374.89,140.18,298.31
203.02,62.921,71.058
116.35,4.5811,-60.693
238.65,94.289,129.03
205.09,71.74,6.093
292.49,95.398,167.26
266.14,122.36,169.1
305.33,119.1,217.34
255.62,129,118.75
371.61,166.73,329.17
171.68,86.575,20.561
273.54,134.35,172.83
303.87,124.7,138.96
198.25,50.212,2.2399
237.56,114.52,75.984
220.22,91.605,32.644
347.76,140.4,201.53
159.47,74.246,-23.492
237.63,111.73,126.81
189.45,92.747,21.456
166.57,80.317,-9.008
397.29,148.37,294.01
354.43,125.44,229.98
327.95,137.17,257.44
326.89,113.33,180.88
113.01,20.15,-35.856
314.43,151.76,178.87
381.63,185.78,280.12
239.71,82.062,49.153
361.52,133.14,229.93
353.3,177.25,252.03
344.18,172.98,239.67
273.7,106.75,95.662
204.43,61.187,69.864
316.94,106.16,194.61
371.87,152.77,318.94
220.93,100.53,43.883
122.07,57.574,-62.371
208.66,99.418,37.557
368.19,187.77,289.15
102.43,-1.0888,-72.597
292.32,111.26,196.84
150.47,27.704,-6.2033
128.18,55.446,-66.018
125.27,19.368,-89.131
192.61,54.024,53.249
243.36,74.094,58.577
309.67,105.81,153.01
360.45,169.25,312.76
322.33,117.8,165.61
339.75,172.57,262
387.88,168.87,266.26
142.56,25.752,-67.68
207.97,82.248,14.516
256.88,113.3,156.72
124.27,42.126,-14.41
297.67,95.421,160.82
260.96,105.12,80.636
107.99,47.313,-38.208
353.01,166.91,228.65
180.78,61.68,-22.831
295.07,150.02,181.39
372.35,134.6,276.61
293.49,147.65,167.55
199.17,45.799,35.124
307.31,153.83,218.83
252.78,112.97,150.78
290.4,146.81,187.38
146.86,63.103,-46.848
170.86,51.205,-36.296
127.47,29.954,-87.343
261.53,111.68,162.95
307.97,135.47,151.09
406.57,152.27,313.53
149.81,75.5,-10.827
176,86.184,37.543
301.07,96.921,158.58
342.48,157.02,206.37
181.78,56.535,-23.213
165.41,80.166,25.676
371.45,179.83,328.04
345.42,158.26,289.46
117.74,58.097,-58.061
116.97,3.0064,-79.272
195.93,80.914,74.196
234.58,96.488,125.07
347.5,175.55,248.33
115.82,32.562,-25.689
377.45,185.63,277.91
165.05,30.491,-33.641
270.52,118.51,176.13
89.436,40.063,-62.551
276.76,137.15,175.44
289.54,147.12,180.25
210.74,105.59,56.434
215.28,105.31,90.326
209.65,50.943,27.029
148.52,23.762,-55.95
376.17,138.16,291.11
351.13,144.32,207.08
379.75,175.42,262.83
231.71,105.24,56.693
310.09,151.97,229.02
206.03,55.601,10.381
196.44,80.462,3.6671
401.78,163.92,285.37
260.32,84.895,136.93
125.82,50.386,-13.326
216.63,82.17,22.501
158.23,27.266,-6.7011
278.59,130.19,121.65
329.38,116.95,180.4
307.35,124.52,224.46
122.39,61.419,-37.882
274.73,94.227,160.55
202.37,46.201,26.38
352.21,126.97,258.73
369.67,155.59,236.15
278.16,105.96,100.95
308.95,118.52,143.99
272.13,82.059,115.89
191.86,41.684,23.995
388.6,193.9,301.51
256.31,93.703,71.138
242.14,122.75,108.91
301.98,140.89,221.82
198.84,89.33,76.44
269.73,103.12,89.739
385.96,152.7,261.63
210.99,68.748,12.451
149.77,74.336,-20.225
359.36,145.54,219.2
319.3,137.59,164.41
233.92,82.577,41.742
184.64,37.915,14.569
216.41,80.254,21.327
360.83,146.54,221.47
171.81,77.192,40.965
257.67,129.48,118.28
339.34,119.83,237.38
161.37,39.34,16.132
113.7,42.909,-27.298
339.32,152.84,198.7
228.93,88.855,115.57
362.09,173.17,314.42
246.85,112.38,75.87
314.83,156.05,233.83
347.65,163.93,292.48
363.61,130.75,267.48
238.19,110.61,68.494
102.5,0.96891,-67.524
113.83,1.1955,-77.204
155.76,23.893,-39.904
375.68,190.41,292.98
335.47,147.45,189.64
275.58,107.22,98.072
286.69,101.89,180.1
123.1,51.664,-73.893
158.85,24.882,-33.92
181.94,45.979,-21.055
356.67,127.09,231.17
221.16,78.443,100.92
223.9,57.193,54.839
332.98,169.26,250.17
171.9,31.879,1.4345
254.9,92.262,69.188
330.92,151.1,266.92
160.49,40.553,17.045
224.35,71.072,95.517
369.39,141.33,299.38
96.007,47.668,-80.096
386.7,183.63,279.77
196.86,47.828,43.087
391.82,147.36,319.47
303.1,102.74,188.36
356.54,181.91,273.38
368.4,162.21,238.2
141.26,16.679,-57.497
324.3,155.64,254.38
285.15,144.25,160.53
273.44,136.82,167.24
165.67,75.501,32.246
356.73,180.54,292.37
133,42.024,-5.0378
382.15,186.89,282.64
282.98,116.32,110.75
408.12,156.64,303.85
348.92,169.9,291.57
214.35,55.318,27.139
173.37,87.21,13.936
347.72,143.19,202.05
170.5,32.414,4.7217
339.83,119.69,236.66
349.16,170.93,291.11
360.46,136.06,224.18
330.72,150.35,266.57
295.41,135.1,139.94
252.6,123.45,143.13
247.24,69.536,91.916
122.61,58.475,-59.984
247.75,108.17,71.148
278.5,111.09,103.01
112.82,0.68207,-78.404
340.23,166.38,220.48
282.38,105.82,182.01
114.63,23.714,-31.691
386.44,192.28,296.78
159.7,78.252,-12.896
385.34,143.11,272.12
148.19,74.6,-14.299
378.69,137.37,280.68
316.28,107.36,200.72
170.88,50.751,34.688
386.91,143.27,305.65
232.87,92.641,44.627
228.07,95.613,42.738
405.65,167.31,291.21
314.57,150.66,176.79
376.34,158.78,246.42
127.79,63.722,-28.17
255.99,129.63,133.83
402.51,177.92,289.92
156.57,55.306,23.846
358.69,134.37,222.17
381.46,180.22,270.6
197.77,49.181,2.6339
221.23,109.61,64.224
152.06,22.904,-17.901
253.29,123.8,144.12
251.13,127.37,120.5
334.16,160,270.16
260.57,105.12,159.35
372.95,187.6,321.64
171.75,32.855,-23.319
304.31,153.47,210.59
105.09,6.289,-57.008
392.67,145.44,309.98
362.97,173.68,315.77
258.03,127.19,149.17
350.6,127.07,259.19
140.89,70.654,-25.667
224.9,61.456,39.07
79.806,34.017,-72.312
87.485,30.789,-58.417
342.31,133.85,268.42
295.06,101.75,127.89
365.16,184.58,274.98
382.1,139.43,289.59
318.6,121.34,231.72
319.08,115.31,222.08
336.14,123.19,187.4
91.851,28.504,-52.474
153.25,63.904,19.863
256.25,78.086,79.091
384.7,144.37,267.43
258.4,82.111,130.69
318.03,143.42,246.94
217.21,57.998,28.465
134.16,13.795,-67.84
175.35,51.789,39.116
288.37,91.071,133.15
165.57,48.944,28.888
157.37,50.465,22.665
369.33,161.3,238.66
304.94,152.37,179.43
268.28,132.52,163.67
235.44,70.856,100.59
170.19,80.892,-7.858
179.99,90.875,29.598
226.33,71.911,32.498
129.36,64.778,-27.975
382.88,140.75,271.91
162.01,41.644,19.256
287.81,99.396,116.63
254.61,122.47,148.61
360.08,183.9,281.26
169.65,30.758,-1.1715
318.82,159.59,200.19
400.28,168.07,282.97
323.23,164.28,234.4
128.42,43.954,-9.5095
94.108,30.601,-49.9
241.68,67.564,90.115
132.72,29.726,-12.962
369.37,187.05,282.82
350.66,170.59,294.48
207.2,104.66,58.501
355.45,154.14,301.96
101.67,47.008,-86.833
330.11,115.53,184.54
328.63,164.83,251.75
175.62,47.153,34.319
290.92,135.15,205.26
373.77,161.97,329.41
254.5,106.33,75.105
200.26,101.07,49.136
301.37,116.09,210.39
322.12,111.74,214.08
214.15,98.015,36.661
373.85,172.42,253.73
313.04,158.81,219.89
99.268,32.954,-43.828
170.46,30.139,-7.0418
361.08,160.12,312.32
373,151.43,318.35
122.54,50.065,-76.478
177.98,88.946,15.418
227.48,62.566,42.745
225.79,91.89,37.569
386.74,196.26,310.54
377.42,157.76,247.63
233.61,118.08,91.956
108.54,31.082,-33.561
353.24,170.12,299.82
175.73,76.209,47.429
390.49,143.93,288.12
336.68,156.66,275.71
212.75,93.951,29.978
242.81,120,126.55
279.27,129.49,120.96
292.73,104.41,122.12
203.27,55.551,5.8509
164.23,78.976,-12.259
384.69,186.49,283.18
236.79,113.14,123.98
214.92,59.616,21.985
367.65,136.31,286.74
318.22,162.05,222.64
112.94,52.707,-36.072
219.09,86.005,27.186
240.27,72.721,105.81
367.1,131.69,251.87
299.88,136.18,219.37
345.24,156.44,208.27
148.66,24.385,-13.197
390.7,190.26,293.76
366.7,161.59,235.77
322.47,130.46,164.4
282.35,111.56,187.43
383.65,141.35,299.48
252.63,73.654,80.097
220.52,109.45,94.035
220.31,66.84,87.044
123.78,58.609,-59.911
374.09,161.35,329.35
280.56,142.58,164.18
165.65,65.075,35.837
141.02,33.902,-71.784
376.18,152.45,245.22
389.4,146.31,316.44
126.84,63.851,-35.964
344.01,122.47,245.26
327.52,124.2,242.74
328.02,116.6,228.07
308.28,101.15,178.35
195.93,66.196,-5.4768
313.82,157.33,228.41
295.13,148.98,195.73
387.48,144.3,275.23
264.99,89.828,147.82
292.91,148.65,187.55
407.14,165.26,294.08
169.16,82.254,29.978
340.66,170.47,231.79
125.37,13.718,-85.143
236.12,65.171,58.354
325.49,159.7,253.04
348.86,140.69,203.17
320.57,107.02,189.62
240.57,110.93,70.168
235.03,118.99,96.239
310.02,156.72,194.48
208.69,50.397,26.07
223.8,62.743,34.837
239.4,112.29,71.957
150.77,20.773,-25.789
279.63,129.27,120.85
278.38,104.66,177.22
333.01,161.19,267.12
191.04,55.385,54.068
299.94,145.36,215.18
231.84,79.129,38.913
392.45,192.3,298.76
251.58,101.62,147.26
151.76,34.244,-69.312
110.43,33.536,-78.142
413.67,133.62,309.11
230.84,65.772,21.063
328.8,116.47,154.72
265.66,106.96,143.22
142.96,14.152,-86.818
173.14,35.099,23.048
166.55,6.3334,-37.432
233.51,87.843,45.798
106.33,-1.5097,-58.263
147.39,32.08,-4.4495
385.47,119.56,257.08
268.45,99.33,152.6
400.24,146.41,260.89
238.89,96.665,100.32
181.79,14.664,-23.564
379.24,121.78,286.38
359.56,150.95,221.15
384.55,119.24,275
163.81,53.937,10.843
325.75,99.585,148.79
318.31,108.51,138.34
283.52,121.94,152.94
185.92,66.549,-7.9727
372.5,112.94,236.09
284.44,96.918,93.935
179.28,12.661,-18.695
384.18,128.31,302.74
299.69,80.407,166.02
200.28,29.944,34.013
95.825,12.265,-65.69
257.55,92.526,137.47
139.73,-4.5275,-80.055
369.1,166.44,282.42
303.49,128.89,153.59
193.18,19.809,0.80195
233.32,94.604,63.391
347.13,109.58,180.75
314.54,97.414,204.35
313.36,117.36,218.01
272.45,88.906,155.59
111.17,-16.837,-75.756
361.74,110.39,252.75
237.66,85.685,44.339
347.63,115.16,255.35
295.41,77.08,111.74
271.62,62.59,117.08
141.71,-6.3756,-61.121
350.53,144.33,204.05
330.94,137.72,180.81
236.17,78.901,35.296
386.43,119.56,271.86
401.48,132.92,268.82
165.54,32.571,14.54
297.11,73.34,140.29
287.25,118.89,125.9
322.13,105.67,142.52
287.33,68.036,123.33
242.45,45.064,64.278
271.44,61.184,111.5
308.59,103.02,124.3
141.2,49.398,-36.741
350.56,157,244.09
146.02,-4.0064,-62.534
205.92,35.889,46.81
138.44,29.557,-83.102
335.06,126.81,169.09
168.67,32.904,17.623
364.94,109.09,223.95
211.31,61.83,74.474
347.22,151.99,220.13
261.53,93.777,143.07
394.19,176.05,291.66
351.11,101.2,207.73
375,141.36,224.87
293.26,72.584,116.26
179.35,37.631,30.292
124.54,37.756,-74.965
276.99,117.69,125.63
118.6,29.354,-41.73
197.35,22.264,-2.8891
247.38,81.817,122.99
396.71,178.69,300.33
241.27,74.299,113.16
219.57,44.117,66.277
136.72,38.908,-71.888
185.77,35.743,-36.264
375.02,135.51,222.2
385.11,173.33,285.24
127.35,-11.933,-66.481
409.11,148.28,274.51
172.57,30.229,-51.857
163.18,4.5057,-36.392
315.72,100.24,208.93
135.03,4.7893,-32.302
155.78,1.3388,-53.827
384.13,159.07,327.7
186.33,63.556,40.3
395.98,124.74,289.01
320.99,100.74,213.95
152.64,2.2588,-65.42
312.91,91.919,194.78
384.73,127.69,301.81
335.89,93.107,188.02
280.2,106.14,99.393
402.54,134.05,269.72
144.58,22.398,-82.939
396.88,132.77,318.11
114.18,22.838,-44.584
193.84,67.609,49.611
258.52,58.717,60.98
278.45,79.167,81.465
393.7,163.33,265.75
261.62,110.56,122.75
334.93,128.72,250.94
330.15,110.74,234.06
212.25,61.44,0.71117
211.24,84.747,43.004
245.68,48.206,52.065
254.28,83.523,54.847
314.83,137.98,200.3
267.17,57.581,93.246
342.32,130.66,261.89
239.22,80.403,39.179
167.84,60.505,-21.299
344.78,138.26,190.81
331.91,91.113,180.59
295.13,88.099,104.28
412.63,166.39,287.63
200.18,74.225,10.539
243.78,65.631,109.54
221.79,44.122,10.025
307.47,133.71,191.92
188.1,38.737,38.693
196.8,22.82,-7.7433
162.27,22.456,4.2458
369.15,110.46,243.42
334.69,99.422,219.7
227.07,81.686,94.666
189.23,18.304,-13.821
262.42,92.282,144.26
327.49,105.01,224.94
302.95,123.69,140.82
400.86,131.92,317.04
178.98,21.047,11.511
200.09,23.262,5.7772
148.5,23.21,-6.4004
237.05,77.55,34.739
401.65,128.61,304.38
113.04,-1.8502,-53.44
229.21,90.038,90.654
178.96,32.569,-44.367
297.99,76.127,119.66
205.03,32.015,-7.5897
233.84,68.275,102.04
209.43,28.045,19.805
330.35,138.88,182.95
343.46,110.33,245.06
346.88,149.82,263.09
353.85,102.77,223.76
291.71,70.288,123.43
387.01,131.1,241.34
242.59,70.15,35.411
309.01,91.846,192.26
363.12,157.57,289.38
236.75,92.765,102.51
248.73,64.661,112.48
167.88,54.017,-36.278
251.08,94.454,127.01
336.22,122.48,166.92
241.45,56.456,33.678
330.31,92.428,166.95
378.64,171.68,288.35
266.49,74.817,138.05
201.38,75.646,14.038
316.85,100.4,134.8
203.69,79.396,51.871
143.4,12.795,-18.398
300.48,91.866,111.66
312.94,135.04,171.71
289.88,117.31,180.11
145.15,-4.4463,-63.542
281.91,95.607,90.467
112.63,22.571,-46.604
181.69,51.24,37.544
261.23,85.436,62.866
163.3,60.31,-5.25
291.69,105.51,185.79
271.01,59.919,104.37
392.57,136.55,249.09
301.69,130.54,161.29
378.13,169.72,274.51
237.2,42.577,59.536
124.96,33.949,-83.823
302.34,99.742,195.55
348.49,151.66,264.02
396.47,147.36,255.76
154.91,39.747,4.6511
210.97,35.511,47.684
195.75,71.902,4.896
149.81,-0.43914,-65.702
315.28,82.483,163.04
312.77,106.58,130.8
291.55,97.906,102.11
169.29,12.801,-6.8801
265.41,89.485,69.831
339.1,102.6,170.86
370.18,122.96,215.03
306.03,132.12,193.13
157.33,57.05,-10.902
245.76,62.658,107.9
291.42,70.543,118.88
350.28,153.18,265.7
336.46,103.45,228.84
141.82,11.464,-20.79
393.72,140.59,250.5
289.91,103.67,104.56
157.59,3.5176,-56.576
188.46,68.792,-2.6183
188.04,73.197,21.542
276.15,84.281,156.13
191.83,63.972,-10.888
341.82,97.308,211.22
151.94,9.2794,-74.354
99.962,28.465,-86.136
202.43,70.147,3.3304
358.25,149.75,218.21
247.14,61.45,107.32
276.25,86.209,157.85
280.46,117.14,160.26
152.46,47.189,-52.839
257.66,108.49,103.85
304.94,78.941,131.56
136.99,-8.7848,-67.112
360.8,115.28,202.24
180.93,15.113,-28.144
295.51,128.25,159.31
399.3,180.48,306.19
369.4,153.66,304.29
101.03,27.639,-73.761
311.04,136.19,193.15
131.43,39.016,-29.763
219.48,39.196,10.433
301.42,85.472,114.97
200.32,24.354,17.028
375.82,160.15,312.87
162.18,54.635,-36.246
210.86,43.467,-5.5288
416.62,167.75,293.19
380.64,119.09,241.81
165.74,40.111,17.535
133.5,31.695,-21.491
304.69,98.57,196.91
351.21,103.52,231.65
337.19,146.31,203.32
226.59,85.708,39.56
235.12,94.795,95.059
199.3,73.447,53.467
142.33,-3.1871,-44.959
301.61,127.84,150.65
324.41,134.94,231.91
113.5,-13.071,-67.733
218.72,82.181,30.507
385.47,119.13,271.25
399.31,180.59,306.64
282.17,111.63,170.2
419.84,152.27,291.34
256.29,90.962,63.471
388.99,131.09,310.75
372.56,131.69,217.83
306.07,124.7,144.14
404.18,139.03,268.66
421.29,156.4,293.57
229.48,62.739,94.114
222.17,85.708,82.427
189.79,21.085,-21.226
402.63,127.96,296.22
379.61,171.94,286.21
395.67,163,267.06
362.18,161.05,248.08
368.79,150.95,303.83
250.16,63.76,112.41
292.85,126.55,152.39
232.19,62.658,96.608
336.68,93.819,184.97
234.58,90.044,50.416
148.56,52.615,-21.561
206.75,32.264,-4.735
200.74,79.519,31.075
221.9,54.044,7.857
187.12,39.697,-34.095
247.07,73.347,41.575
118.45,32.541,-87.526
382.84,140.65,234.68
165.05,26.065,-60.793
139.66,26.819,-13.886
280.55,65.795,99.62
243.09,99.765,76.973
362.01,106.71,227.01
304.45,104.85,120.31
251.35,101.2,78.617
142.59,16.931,-15.56
136.47,4.2112,-93.683
258.12,79.189,134.14
127.89,33.481,-83.848
294.37,127.1,171.74
340.91,95.768,194.24
164.27,27.035,9.7622
360.77,107.66,242.7
304.95,111,204.95
295.47,128.3,160.26
161.15,42.93,-54.548
298.01,73.466,135.47
400.56,150.13,262.37
261.02,90.963,142.24
184.05,18.728,-29.22
169.17,23.898,-55.966
228.2,37.599,42.054
242.07,53.926,36.055
207.02,81.395,55.182
332.51,145.73,203.07
383.06,120.14,281.05
254.77,69.466,49.795
193.61,21.066,9.4716
344.7,110.27,176.23
404,175.34,292.57
308.88,79.33,156.04
266.09,112.89,115.95
372.81,129.08,218.06
246.89,95.98,65.834
184.02,62.987,-15.507
284.48,97.514,173.95
202.58,52.249,61.104
172.51,19.762,6.9555
275.44,87.547,79.048
317.59,137.44,212.48
281.27,116.53,119.41
369.4,140.73,302.37
190.23,28.085,-28.61
142.75,49.677,-28.568
343.49,152.29,224.04
142.61,-5.9552,-62.551
369.83,167.12,279.01
288.25,94.575,96.731
279.23,106.96,99.896
164.04,59.069,2.7583
281.5,97.44,91.38
404.8,143.36,268.06
316.87,86.284,182.37
147.69,51.939,-38.12
95.815,22.27,-73.516
241.94,76.362,38.123
347.79,134.39,189.05
193.23,70.451,45.615
279.41,72.835,85.527
173.46,63.285,-14.779
417.71,164.96,292.25
413.56,175.26,298.89
422.9,155.96,295.99
147.54,23.287,-7.2312
212.03,84.049,61.347
171.81,12.42,-8.087
333.55,148.12,217.64
137.55,-5.4639,-82.958
316.18,137.36,179.14
335.47,94.918,175.05
230.09,92.096,88.633
216.97,34.415,44.395
290.16,70.599,136.27
406.99,130.14,298.44
359.28,161.51,264.84
345.04,119.75,176.57
358.09,130.17,281.67
348.91,138.15,272.87
399.72,161.08,268.86
341.64,150.11,215.39
132.51,-5.8071,-50.308
294.2,73.494,116.2
140.81,15.488,-18.066
171.9,17.491,3.0028
271.22,82.958,150.21
378.24,134.23,306.9
384.13,160.39,253.74
170.15,8.6524,-36.952
154.72,56.256,-21.897
97.607,16.843,-65.104
301.53,83.161,172.71
146.23,50.749,-42.214
376.57,148.56,315.27
245,83.212,120.17
213.31,79.492,23.803
374.63,124.45,222.26
364.57,149.85,297.07
310.54,104.71,208.27
208.93,62.746,71.888
255.25,72.299,125.89
268.8,105.78,150.37
236.1,96.7,70.182
301,93.163,112.39
170.18,60.463,-22.263
361.84,127.65,201.7
259.07,95.934,139.12
220.44,80.766,84.388
292.26,119.28,182.91
367.18,117.94,212.51
125.21,23.097,-30.673
270.43,92.286,154.67
138.55,5.2839,-29.736
382.9,167.19,321.06
390.66,121.65,276.12
353.04,145.17,207.15
184.32,53.432,-28.196
197.48,29.554,-18.181
312.4,115.13,216.15
355.64,159.69,257.54
184.53,51.355,-29.987
114.27,27.959,-47.478
172.11,168.61,145.25
112.52,131.71,-5.7492
63.006,129.57,12.338
261.82,239.02,224.79
126.35,123.44,37.137
270.48,215.39,283.85
258.76,240.92,246.18
199.54,160.29,132.39
147.69,136.7,50.898
286.5,229.34,310.35
296.96,221.53,317.82
84.325,155.99,0.87516
143.89,136.53,80.373
151.1,192.04,91.439
125.36,123.79,26.629
103.74,139.31,-14.068
62.136,93.324,-19.399
252.59,233.61,207.41
187.01,162.77,92.351
65.548,132.89,15.182
233.56,179.02,199.37
245.61,184.29,179.15
63.204,105.13,-0.1955
314.32,235.26,347.82
293.02,201.59,271.07
92.345,107.22,9.5584
119.77,174.5,42.954
196.42,209.22,132.41
111.39,161.75,13.212
261.45,188.1,217.47
162.71,180,139.58
333.63,220.71,342.81
101.44,131.93,-19.106
150.49,138.74,52.986
248.16,236.63,229.63
33.843,127.17,-34.543
165.23,145.08,100.25
143.43,140.74,89.919
204.02,163.99,126.45
192.8,174.86,96.494
64.165,93.084,-56.986
283.04,216.21,298.2
63.181,126.92,-56.323
111.26,131.68,-7.3813
123.95,126.84,15.525
57.017,120.61,-66.399
95.392,114.66,27.677
47.162,127.15,-64.169
188.8,186.52,95.981
60.526,142.38,-30.03
306.78,236.36,338.95
145.11,186.69,72.135
14.009,98.825,-47.573
167.75,198.14,102.33
95.217,163.19,21.857
133.01,146.24,19.703
54.53,88.818,-29.258
193.7,172.24,167.31
192.81,196.55,179.73
238.31,221.6,175.83
242.32,180.24,184.64
113.58,161.4,74.466
246.83,233.71,240.85
299.26,216.08,313.35
314.89,252.34,281.96
238.14,178.97,175.42
279.57,237.74,299.35
79.744,129.55,-41.481
177.29,175.01,155.09
184.58,208.17,147.05
327.85,216.17,325.22
181.18,182.25,85.608
119.98,174.07,72.312
184.15,208.23,137.97
138.75,130.11,49.109
229.8,228.09,191.93
243.94,206.38,166.75
121.37,162.53,19.309
90.478,159.91,30.665
220.28,174.83,186.21
153.32,145.92,103.1
217.76,187.56,205.12
69.164,92.033,-35.304
32.889,112.59,-24.538
215.8,169.69,141.61
168.44,176.53,69.426
92.087,147.51,48.134
324.3,215.81,292.88
224.12,196.95,219.28
22.63,102.56,-37.209
170.74,185.31,150.18
204.63,171.4,172.99
302.65,222.19,247.11
170.18,195.65,95.209
94.174,145.88,51.126
266.52,234.72,216.72
206.66,217.03,183.18
133.34,183.17,80.285
122.72,171.91,81.809
190.53,179.2,171.49
262.68,205.8,267.01
196.05,158.9,133.61
255.82,185.83,214.55
303.46,210.81,306.01
201.1,215.52,171.1
148.73,159.19,115.93
174.75,192.15,154.16
82.729,155.42,0.25654
244.49,200.78,243.9
84.125,121.25,-40.557
235.09,226.79,185.11
69.377,93.508,-44.745
210.56,207.22,135.4
161.95,145.23,66.329
293.17,205.27,243.74
106.49,167.11,54.98
162.47,142.99,92.965
221.89,224.98,183.74
212.36,212.63,202.9
340.14,231.7,302.25
157.5,193.56,119.06
59.991,121.92,8.1682
229.04,190.14,218.12
97.245,121.55,-24.258
21.998,121.97,-53.704
240.68,228.68,191.33
195.05,171.06,100.38
203.43,166.01,119.92
251.56,185.35,191.87
33.09,119.89,-26.72
187.05,177.83,89.77
37.959,103.83,-20.909
107.5,127.27,-11.636
197.88,214.6,156.36
80.59,148.59,29.764
230.4,202.8,229.71
222.56,189.93,136.11
17.887,118.35,-54.389
153.01,139.56,57.41
182.97,154.21,97.433
240.95,206.79,163.49
86.239,147,39.955
88.989,111.8,20.898
249.52,208.95,174.45
275.39,236.68,226.31
36.09,84.335,-40.658
251.36,226.84,193.15
290.41,253.87,286.11
76.831,131.24,-42.617
178,176.94,157
278.71,200.17,221.81
293.8,202.76,252.36
80.335,102.79,1.269
319.94,218.54,332.25
105.38,112.19,7.6933
167.64,158.05,130.08
106.37,144.06,-8.8965
162.44,197.54,105.57
234.55,177.92,168.2
171.51,199.73,106.44
304.05,212.04,309.24
290.93,210.15,297.25
246.29,221.77,253.18
139.18,169.85,39.319
180.01,206.1,140.3
236.89,177.48,186.32
270.17,223.16,206.21
124.94,143.88,9.8526
295.49,206.28,246.91
225.42,221.59,169.4
224.43,226.31,189.28
350.33,237.88,315.82
145.77,135.31,75.305
279,234.35,299.79
220.6,205.66,217.96
120.02,126.38,8.511
291.04,215.84,305.72
139.21,149.03,27.474
207.99,167.21,127.96
215.36,187.65,126.53
85.517,104.96,-30.757
118.77,124.47,51.111
280.04,219.59,297.7
66.4,147.64,-10.976
145.64,144.76,97.725
312.31,228.1,260.79
98.068,161.11,47.563
72.033,99.309,-49.933
287.5,252.71,282.5
302.28,215.77,315.3
34.363,92.005,-32.306
91.701,114.28,-29.318
174.96,178.89,154.53
61.302,90.641,-26.302
74.834,95.213,-26.716
312.62,231.95,261.82
49.828,124.21,-4.1505
126.47,129.82,16.6
161.28,148.75,59.995
186.52,203.47,116.6
290.16,239.49,315.51
257.71,210.15,265.7
66.534,97.856,-58.334
174.87,171.68,73.831
34.561,125.65,-68.235
201.57,172.96,109.52
213.2,180.59,124.17
221.35,192.23,212.9
305.42,219.68,323.77
152.61,161.23,121.1
95.514,162.74,36.408
287.83,203.19,235.98
254.18,190.32,186.7
107.65,130.2,-11.878
265.85,243.65,257.96
24.928,89.952,-40.979
131.69,182.44,68.335
267.76,204.69,270.3
130.65,134.64,19.524
140.04,165.3,35.582
242.9,227.46,189.25
107.81,144.93,-7.0676
62.896,141.46,4.7266
86.655,105.92,-29.89
218,222.35,197.63
178.2,203.66,117.99
74.575,130.92,26.372
144.27,139.77,38.49
190.72,156.08,121.32
160.41,183.62,135.77
131.98,161.38,98.989
238.19,191.8,157.97
159.63,141.56,70.895
200.48,161.02,128.45
298.03,237.37,327.37
301.63,207.08,294.19
215.17,168.44,164.16
95.448,124.43,41.464
91.301,155.31,42.137
102.73,166.54,26.452
270.9,196.3,255.96
43.8,99.659,-18.7
232.64,224.05,177.52
192.44,157.52,131.69
83.246,151.31,31.672
274.08,227.59,214
123.48,173.15,37.921
131.61,175.55,94.215
65.832,103.82,-0.33831
203.38,211.14,138.53
134.48,174.72,99.858
283.93,208.92,222.44
160.69,192.71,128.54
237.5,179.77,170.47
175.23,164.78,144.06
332.09,267.47,325.14
194.28,183.57,100.09
207.75,190.61,118.22
74.483,100.19,-46.326
215.23,178.81,191.92
150.5,152.56,111.26
74.361,99.768,-46.005
274.81,205.92,277.98
248.66,191.6,174.95
303.62,207.22,264.43
265.3,236.38,219.18
151.03,176.11,124.06
219.43,218.8,209.2
298.4,256.93,293.63
92.803,162.17,25.317
174.44,203.7,128.66
32.547,126.57,-64.532
321.49,217.58,330.6
46.906,107.41,-10.738
292.43,253.83,299.2
284.16,203.51,279.56
211.23,172.81,125.89
43.879,121.59,-73.587
198.61,208.48,131.14
171.06,151.09,118.42
210.43,166.41,137.4
161.15,185.63,73.346
297.94,244.05,255.53
276.04,247.13,276.59
174.2,202.84,118.2
277.26,248.59,269.1
219.93,171.61,147.16
108.97,136.2,62.739
162.56,143.32,94.697
197.28,188.01,105.52
226.36,222.23,218.12
105.02,146.41,-8.3265
207.54,183.31,191.42
221.44,225.22,189.59
252.79,186.04,220.91
221.7,172.12,150.61
310.68,257.52,290.31
130.57,180.77,82.062
134.88,151.75,97.545
83.814,145.55,36.989
17.274,114.68,-49.334
133.8,181.82,88.196
260.14,235.48,214.71
134.23,154.21,98.573
211.99,181.3,193.07
116.95,154.49,7.8332
68.351,148.37,-12.327
215.25,176.48,129.6
213.55,168.85,167.64
234.52,186.68,154.62
264,241.69,262.04
110.95,115.33,13.131
158.28,151.75,115.26
276.48,197.54,222.03
80.156,106.93,9.9519
58.033,103.91,-72.638
241.4,180.86,178.01
334.43,219.77,339.28
325.28,217.61,331.72
227.19,220.53,221.96
170.82,149.16,112.73
258.99,203.91,185.87
291.87,252.81,301.95
193.55,211.41,140.73
69.581,146.77,9.9623
15.259,116.36,-56.385
180.93,198.06,103.65
127.44,125.71,26.191
189.85,168.54,93.535
254.79,224.91,193.08
109.45,140.03,65.995
48.966,97.811,-16.92
94.34,150.03,50.598
237.32,177.66,186.59
73.428,148.44,15.652
111.11,169.75,60.315
131.45,178.42,90.101
274.84,194.95,250.29
249.57,206.33,173.56
83.718,103.87,3.3451
57.652,140.86,-6.378
269.46,235.1,219.39
80.43,101.45,-2.4577
255.5,206.65,181.2
181.81,204.99,151.75
36.38,126.68,-27.775
328.71,257.42,300.98
198.27,213.95,168.87
200.04,175.48,176.3
269.91,210.53,200.96
76.089,104.99,5.4689
194.51,173.38,98.975
273.38,206.47,206.72
188.88,179.8,92.531
57.952,139.32,-2.3332
140.78,185.13,68.816
73.669,101.5,-1.5105
223.2,174.49,185.39
270.83,206.01,202.94
292.94,206.62,291.05
35.607,76.332,-57.239
135.81,161.72,103.59
215.72,221.89,191.98
345.91,224.96,322.19
216.36,202.15,211.93
57.251,133.92,-50.027
207.09,168.23,123.92
315.91,234.88,349.46
57.96,89.841,-64.953
286.15,199.63,241.57
274.99,228.75,216.02
182.44,165.02,83.789
110.6,147.93,-2.5788
122.48,160.81,87.049
175.99,203.94,137.05
87.038,124.55,-36.653
168.87,200.5,112.67
328.06,216.27,302.19
325.48,266.72,323.79
294.09,236.44,242.84
112.9,159.7,10.924
150.85,191.52,105.63
188.69,206.57,164.7
91.144,160.84,15.469
188.32,156.09,129.47
87.248,127.15,-35.646
324.49,222.3,342.79
90.357,123.42,36.86
128.55,176.58,86.983
248.52,189.83,176.37
105.16,163.42,58.666
248.02,183.44,188.49
203.94,216.47,156.19
86.923,151.7,-11.36
314.37,262.82,329.15
200.8,202.09,190.14
324.3,233.07,277.89
113.15,162.33,14.838
49.82,128.46,-5.7881
225.35,214.95,223.09
15.876,106.66,-45.994
87.046,156.62,0.97974
318.35,211.79,307.7
298.76,204.84,285.31
310.05,248.8,272.62
69.462,146.78,-21.106
135.78,156.39,101.37
322.2,265.56,320.02
297.82,225.34,322.08
321.5,213.07,312.35
125.64,170.38,88.357
231.99,223.65,227.34
204.02,215.52,151.52
66.586,108.81,5.8927
146.78,186.19,70.202
273.31,195.25,220.15
205.01,176.48,181.36
137.89,157.85,28.592
174.71,181.14,120.99
300.11,195.56,260.17
214.22,174.13,92.777
80.921,141.22,-29.051
103.02,131.51,-41.359
327.22,255.38,319.23
173.28,142.45,96.528
298.75,231.21,294.12
361.22,217.93,316.78
115.49,103.94,-5.5416
208.15,196.85,104.83
142.07,159.08,80.609
238.04,168.83,172.42
272.94,229.94,201.22
291.68,190.92,243.52
267.7,232.85,227.19
120.51,119.12,35.549
132.04,162.22,63.67
166.34,185.72,96.504
306.8,224.05,304.88
163.4,134.81,77.893
113.08,148.51,-16.17
217.02,210.97,148.41
267.99,211.49,170.89
347.8,237.71,279.34
240.23,221.08,176.56
129.52,155.18,63.934
193.64,144.75,94.403
266.96,198.01,163.83
251.77,181.24,146.12
66.073,86.251,-35.965
194.82,154.9,69.857
295.25,191.73,221.22
196.91,194.83,147.85
343.61,210.42,294.69
165.04,133.05,72.696
78.496,84.342,-62.989
198.47,157.65,135.07
143.66,162.13,17.927
254.88,174.4,165.07
221.19,181.19,180.67
270.09,183.56,219.11
194.44,197.21,139.23
338.21,219.6,334.12
113.1,151.59,40.294
223.25,193.3,188.52
243.16,212.6,151.22
146.25,142.84,5.8285
172.9,190.19,96.198
155.54,177.11,48.965
291.89,227.72,210.25
95.177,149.75,-3.4919
189.23,171.57,140.66
125.67,165.48,42.16
102.78,153.56,11.495
357.67,230.01,292.34
312.58,210.22,228.79
293.11,196.66,260.88
280.09,202.14,181.94
76.125,86.791,-33.683
251.95,226.51,197.76
323.74,255.75,297.34
181.15,174.47,57.952
315.16,220.02,231.42
295.22,243.26,270.97
285.73,239.12,258.84
212.76,196.67,107.3
166.65,132.81,70.752
278.91,186.84,192.09
341.58,212.06,318.91
155.51,180.86,62.835
59.387,129.6,-42.239
143.75,175.6,57.772
314.17,247.33,307.51
65.692,76.428,-74.874
256.47,177.2,198.49
113.27,102.79,-7.1492
64.422,132.31,-46.978
71.081,109.88,-82.986
154.89,126.36,53.804
190.55,167.06,62.669
260.6,196.22,155.21
322.8,221.04,321.46
269.73,208.23,170.55
288.77,229.24,279.13
332.42,250.21,277.05
89.244,117.03,-62.519
143.94,169.18,29.753
213.69,173.21,166.49
82.279,103.05,-5.9794
257.34,179.22,158.83
198.25,193.57,94.243
59.159,106.3,-23.675
292.63,242.56,245.54
118.97,150.83,-10.206
237.07,214.17,201.01
337.5,211.73,273.02
232.69,215.95,187.69
158.72,129.2,33.396
256.83,211.45,235.19
208.62,172.73,161.37
236.31,207.24,205.43
82.521,141.93,-28.136
111.22,141.74,-25.917
68.791,118.79,-77.029
220.19,172.36,170.97
245.46,219.3,166.38
369.58,231.63,310.72
90.195,141.56,9.2919
121.95,148.04,54.999
258.9,182.91,157.16
281.5,236.46,222.22
121.98,147.43,-12.849
112.14,141.59,42.699
331.94,230.19,338.75
308.03,212.05,297.15
56.769,126.34,-37.754
74.214,89.446,-80.414
152,142.47,83.882
192.89,158.53,132.83
289.97,240.08,267.43
76.021,94.741,-19.466
319.62,254.15,295.66
116.26,121.53,-31.911
228.68,178.18,184.95
39.458,98.744,-47.001
225.51,196.35,191.77
233.34,209.35,199.24
148.36,175.43,77.201
162.36,166.6,107.12
162.92,141.37,27.395
98.637,114.78,-53.367
343.45,211.83,287.24
294.65,230.77,216.62
321.62,252.2,277.52
166.35,186.07,75.4
263.02,208.15,243.3
152.86,148.53,14.762
131.76,165.24,20.27
352.03,247.42,290.85
223.32,159.08,136.19
80.263,110.02,-1.5951
153.66,171.08,36.119
119.89,106.68,-8.4801
214.22,209.26,140.29
280.45,206.46,182.84
271.5,186.57,227.66
65.201,124.85,-18.611
238.38,166.33,160.13
158.66,134.03,25.426
318.53,200.95,255.48
313.96,239.96,245.93
218.44,196.67,111.32
251.69,208.77,152.63
228.34,169.86,115.02
151.06,125.73,22.284
332.38,258.86,319.42
196.55,185.22,81.222
182.88,188.41,128.91
258.93,197.5,232.8
151.41,149.9,89.254
209.25,193.65,100.78
336.57,237.97,266.12
151.86,160.81,21.827
87.889,143.67,0.352
304.67,232.13,227.3
258.06,222.6,178.25
173.82,174.24,52.032
143.82,122.03,12.842
153.98,169.84,34.26
306.14,232.94,229.64
123.39,137.65,54.585
195.82,198.82,138.83
304.48,195.49,234.39
123.96,110.43,16.943
69.17,102.29,-16.276
278.4,234,213.81
188.67,152.64,121.51
322.94,224.45,324.48
181.68,193.43,94.347
266.65,212.29,248.95
308.31,216.7,302.1
329.1,207.06,263.94
172.95,189.88,87.734
66.347,76.443,-69.438
72.967,85.702,-79.053
109.46,113.49,-39.541
320.46,252.1,311.42
274.85,230.67,203.7
214.85,197.25,109.5
250.9,172.3,179.92
59.465,129.22,-55.224
113.41,113.95,-34.017
127.42,138.5,-15.461
314.1,212.31,230.37
182.36,145.11,104.57
180.45,144.76,53.791
281.01,226.91,267.68
131.83,114.85,-0.41298
195.42,183.98,78.975
292.27,206.11,275.11
122.95,110.63,18.363
186.73,142.73,96.265
338.76,208.09,296.64
36.461,113.86,-60.087
328.89,256.83,295.64
158.23,127,41.63
361.03,218.1,315.27
266.86,178.9,186.24
302.22,241.71,291.86
310.57,243.83,250.73
95.167,105.9,-57.15
280.94,210.28,266.4
225.05,211.17,180.68
220.42,197.01,184.56
116.37,135.93,46.574
308.61,234.58,308.32
92.495,104.52,1.6155
324.44,256.08,300.03
220.84,204.18,124.15
366.09,239.02,303.77
306.47,222.36,303.73
164.99,147.24,28.952
112.29,155.12,34.463
290.78,229.72,211.93
131.38,113.47,2.8964
304.74,195.87,233.63
306.09,223.45,303.74
311.27,223.62,227.6
292.32,205.53,274.5
231.69,216.03,157.32
201.55,183.36,159.02
205.72,154.71,90.319
60.148,129.81,-39.755
182.91,192.12,88.213
217.07,200.23,115.35
71.983,85.156,-80.262
279.63,238.08,239.12
246.07,172.51,183.71
77.159,89.101,-28.555
329.87,257.99,314.66
96.734,149.59,7.7292
343.4,226.7,271.47
88.193,141.13,5.9309
342.84,215.92,277.3
279.63,185.45,198.15
132.45,118.39,37.667
354.59,216.79,301.54
169.33,180.68,59.044
163.39,181.11,59.053
355.54,250.22,297.21
251.93,226.4,195.41
321.24,242.64,255.92
71.632,126.35,-9.3785
198.94,193.01,153.02
347.8,257.34,300.89
115.12,117.98,31.164
309.92,222.02,225.23
323.24,254.36,286.4
146.42,141.66,5.782
157.77,181.57,84.984
113.28,103.63,-19.864
202.28,183.68,160
191.87,193.01,140.5
292.02,213.77,281.56
221.22,167.86,165
327.88,239.17,336.2
123.94,123.56,-22.222
252.02,212.26,227.9
69.299,78.582,-57.936
359.78,220.11,305.84
323.86,224.87,325.84
206.29,187.19,165.57
317.27,200.03,256.08
80.393,137.87,-5.3253
174.74,153.75,41.364
31.092,92.095,-57.507
43.134,89.081,-47.096
309.98,198.02,268.03
242.59,193.5,132.2
308.81,247.82,293.67
347.46,216.44,285.88
284.58,187.63,231.81
284.81,186.26,220.51
285.49,212.65,191.21
49.601,87.648,-43.13
107.32,124.29,31.577
205.76,170.32,81.662
340.91,228.87,267.86
221.08,157.9,129.56
278.83,199.78,255.02
166.62,150.42,31.039
87.378,103.26,-67.047
137.09,120.12,41.691
243.21,179.88,132.94
127.04,116.06,32.155
117.58,114.97,27.952
311.9,243.46,250.66
243.81,221.83,199.37
216.89,192.07,179.97
197.71,146.74,99.734
105.94,155.54,12.451
120.9,156.4,49.518
169.38,164.86,39.824
72.551,127.95,-8.891
342.3,223.62,270.5
124.41,111.57,20.682
234.16,191.5,121.72
205.32,181.86,163.35
306.67,242.59,299.48
129.65,113.63,-3.0344
258.5,228.07,219.88
348.21,250.67,290.61
270.29,222.98,252.24
86.434,105.08,-1.1621
51.346,89.649,-40.118
201.35,150.82,88.352
95.353,97.257,-10.763
313.6,249.44,301.4
308.5,222.89,306.49
146.39,172.16,78.972
322.05,210.02,305.71
39.551,118.5,-66.93
282.93,204.39,185.88
279.75,220.64,267.59
137.95,118.17,35.365
247.2,192.55,216.44
342.22,216.91,332.09
190.61,192.92,90.371
139.33,168.74,69.638
266.01,181.37,211.92
286.59,187.63,211.52
148.75,177.66,55.872
315.26,249.7,268.58
259.79,218.04,237.77
56.469,92.241,-34.113
128.87,115.47,-8.6473
327.24,214.33,317.08
342.96,211.79,317.7
58.928,128.5,-58.183
115.85,158.42,36.128
177.52,154.78,44.914
161.58,178.65,53.013
332.44,256.81,328.71
322.96,242.01,256.47
172.71,185.75,112.43
68.188,92.308,-26.523
312.48,222.14,310.84
129.06,136.84,59.62
352.14,224.86,285.74
297.28,210.66,284.89
147.38,175.89,48.246
189.88,180.88,143.52
214.9,209.3,139.31
237.73,196.24,128.37
149.21,148.51,10.917
100.44,152.33,8.207
326.93,256.92,300.11
187.06,173.15,138.8
162.04,152.6,26.117
335.77,207.32,283.28
263.55,222.41,241.17
61.595,112.45,-19.882
155.44,173.87,41.756
202.52,149.05,104.8
327.02,214.7,250.01
258.51,193.48,228.76
284.66,236.84,223.43
111.14,101.5,-14.698
333.48,259.61,310.7
308.68,243.24,248.43
263.89,218.65,174.89
245.11,175.26,191.05
350.85,215.56,295.45
204.96,164.61,80.986
166.07,171.41,111.77
182.67,140.03,87.194
61.105,130.51,-39.737
342.75,216.61,331.74
222.99,206.27,183.65
122.03,126.55,45.323
83.116,123.96,-62.565
323.55,237.96,252.14
358.54,216.99,312.31
68.464,128.48,-16.242
309.61,197.46,242.18
294.13,190.99,242.14
293.57,190.02,225.64
268.98,183.61,176.09
134.93,156.71,5.9702
263.62,214.52,244.72
241.83,208.73,213.44
345.6,227.75,274.6
228.31,161.88,147.68
237.67,209.95,206.15
358.55,248.46,298.78
115.66,143.81,47.125
281.53,237.85,251
74.849,104.19,-81.84
188.3,156.31,59.284
279.76,214.53,266.83
293.18,227.99,211.75
280.12,191.04,187.65
175.31,190.83,89.161
174.77,185.82,116.55
250.64,223.04,214.31
162.06,140.75,26.384
171.99,155.56,38.213
174.25,190.72,91.46
110.8,103.84,-27.753
215.26,209.35,139.08
241.79,171.05,179.27
289.62,215.09,279.45
153.2,126.34,55.266
253.26,202.09,228.94
172.75,171.35,48.195
335.54,260.52,315.91
211.58,164.3,153.45
92.789,129.07,-61.16
55.503,109.68,-65.696
382.53,222.12,298.1
172.52,166.1,26.508
272.58,214.1,159.61
219.93,177.2,150.84
89.045,114.3,-84.734
137.85,111.03,20.28
127.09,104.53,-45.832
172.34,176.85,57.977
73.43,73.502,-62.525
109.25,104.05,-3.4175
349.48,213.11,247.83
228.45,169.62,155.75
351.23,240.76,261.47
189.13,168.96,110.27
140.42,114.59,-31.158
351.9,202.08,275.68
303.02,235.86,231.36
354.14,206.56,263.88
118,124.92,18.244
275.72,201.13,147.3
262.37,207.64,142.41
231.3,195.22,164.42
125.57,152.54,4.776
335.22,207.89,227.29
225.68,195.13,100.57
140.61,110.12,-27.417
358.03,204.52,292.74
267.24,166.78,156.88
166.34,117.66,25.486
56.24,81.235,-62.338
217.76,163.45,140.21
96.582,95.716,-86.394
322.38,233.2,292.22
245.32,210.96,166.19
154.99,116.72,-8.0738
174.4,176.38,76.707
298.84,209.87,178.39
283.63,175.54,197.29
277.85,186.19,218.25
237.34,162.55,153.6
79.127,69.645,-85.262
332.17,194.83,242.13
176.38,177.81,55.367
318.88,190.34,247.78
249.02,179.5,107.05
236.88,153.88,107.76
104.68,89.164,-70.353
293.24,231.45,213.96
272.71,223.5,191.99
175.44,174.62,44.461
354.66,208.82,261.03
360.6,228.22,262.69
130.02,107.81,12.23
260.56,168.2,130.95
227.8,203.54,138.48
268.1,206.05,144.61
249.61,164.39,114.31
204.31,141.89,55.399
235.7,154.49,102.16
252.42,202.77,128.31
86.786,124.9,-24.437
299.51,228.46,255.38
106.86,93.748,-70.99
172.28,121.15,39.034
79.507,122.86,-74.372
277.56,220.87,176.41
133.43,108.71,14.863
326.93,204.82,215.41
173.55,135.43,74.555
291.81,230.53,231.99
222.23,164.71,145.42
342.1,250.94,302.4
313.91,196.62,198.68
321.43,235.21,229.2
250.53,173.37,109.38
144.13,113.93,27.321
66.522,119.38,-62.292
219.57,197.3,138.64
75.049,98.875,-35.507
156.34,122.04,-10.708
209.6,154.37,123.51
345.63,251.53,311.1
204.84,148.44,111.99
185.96,128.49,58.838
77.227,125.68,-60.123
130.69,137.38,-33.867
323.25,231.48,224.29
333.72,246.12,296.28
93.401,78.992,-76.27
361.94,242.47,273.72
117.35,131.17,-49.065
125.36,100.99,-45.382
284.74,176.89,202.51
102.61,85.105,-39.062
115.34,100.26,-61.745
351.77,220.61,328.39
141.52,134.76,46.828
365.54,212.35,277.81
290.46,178.43,206.77
108.84,103.09,-71.485
281.85,173.46,186.48
358.5,204.62,291.58
298.78,188.64,178.86
219.63,198.4,109.81
361.26,229.37,263.89
87.919,120.39,-77.851
371.36,209.72,307.33
73.343,92.35,-40.475
148.84,138.87,56.263
210.9,162.14,56.862
224.78,182.05,82.271
339.64,249.07,273.7
208.87,184.55,134.37
300.83,195.78,250.78
299.74,184.59,228.31
152.68,159.53,8.0248
154.03,163.64,56.131
202.04,150.01,45.486
194.51,181.42,62.391
264.72,208.93,211.06
228.27,155.33,84.591
309.46,197.64,260.79
178.51,176.14,48.321
108.99,142.62,-8.1755
287.14,227.94,199.96
294.09,187.4,171.68
241.7,190.44,105.12
360.79,254.32,292.97
139.72,160.07,23.43
209.73,144.11,104.79
171.18,147.89,8.0972
257.91,204.42,202.36
153.53,116.67,34.561
154.19,123.76,-14.782
128.67,101.47,-1.0725
335.65,201.8,233.11
304.34,182.72,210.14
184.08,152.79,99.817
147.99,118.21,-21.506
223.99,163.61,145.76
297.33,181.64,217.9
243.39,210.72,152.54
374.79,211.48,305.64
145.59,106.77,3.3531
160.79,121.46,-2.7388
113.53,98.282,-9.0809
176.62,174.19,43.3
373.17,213.4,292.78
80.68,75.188,-58.938
181.01,161.79,99.609
123.94,133.94,-41.903
253.97,177.54,113.53
157.14,135.27,-11.43
197.93,143.4,100.07
170.73,125.57,11.084
272.33,223.41,194.46
314.45,187.69,236.83
305.2,214.73,269.69
320.28,194.09,213.51
252.35,168.43,114.97
341.02,228.1,238.52
184.78,171.06,40.228
277.84,172.17,184.53
323.3,220.83,295.19
189.7,164.05,110.76
215.22,144.99,106.57
107.46,142.38,-24.426
208.33,164.96,132.21
279.81,218.78,172.48
189.36,160.24,32.889
288.11,192.01,160.13
329.89,240.41,298.94
233.34,154.02,132.31
141.14,160.68,27.078
263.68,201.64,135.88
152.64,152.59,62.475
110.28,91.297,-23.88
246.75,193.83,112.89
255.96,214.89,184.27
246.78,186.11,186.27
106.02,93.274,-72.008
223.1,193.9,97.112
71.549,91.979,-42.266
142.23,123.52,39.476
201.93,183.98,69.795
109.98,134.88,6.5682
255.22,175.93,186.14
233.78,155.58,95.243
345.6,232.79,247.32
245.35,208.82,173.98
326.22,243.09,285.7
199.57,138.71,50.54
65.939,119.47,-71.924
269.67,173.81,191.48
306.03,216.71,271.17
346.1,241.19,257.61
114.91,111.08,7.3807
176.98,123.22,39.204
135.33,157.75,17.758
107.56,99.574,-72.644
278.64,177.56,153.69
256.3,205.65,135.3
233.69,196.99,107.7
135.6,101.16,-15.847
205.73,187.1,77.419
292.21,203.36,167.23
322.59,221.38,212.88
257.75,202.02,202.89
104.7,131.01,0.6236
212.24,143.34,101.86
250.65,169.95,111.02
307.36,218.3,273.17
306.76,183.86,219.93
108.82,90.192,-26.459
345.21,236.12,250.22
230.48,199.87,112.52
115.09,103.82,-63.441
128.3,153.91,10.323
133.15,149.32,33.962
242.67,160.68,151.76
130.84,154.56,0.5199
308.8,187.55,200.97
102.5,111.15,-76.434
46.518,102.78,-74.119
141.29,160.38,14.999
301.57,235.18,228.32
213.78,143.3,100.7
242.41,161.69,154.12
233,187.46,169.2
92.526,134.28,-40.858
200.83,186.97,116.85
262.13,179.55,124.81
99.982,86.735,-76.348
314.25,214.56,198.93
138.13,115.97,-35.002
240.54,204.41,171.78
348.76,252.4,316.9
334.77,216.22,306.35
51.452,98.683,-63.451
260.19,207.85,204.2
85.175,109.34,-21.752
171.52,142.66,6.5544
251.35,188.22,113.02
163.83,118.79,7.8193
339.86,221.91,316.27
102.37,139.87,-23.62
157.61,146.67,-5.18
365.21,255.68,298.19
341.08,215.15,234.35
127.73,112.88,18.144
92.617,101.98,-17.651
272.58,173.69,191.99
320.05,190.74,221.16
280.86,226.24,215.35
165.58,173.56,52.075
185.21,167.21,105.08
152.02,145.08,61.747
108.58,86.765,-54.517
243.32,210.1,163.27
283.54,201.32,237.3
81.812,71.234,-76.644
157.8,169.59,43.13
353.87,208.17,260.38
348.86,252.34,317.35
239.83,180.8,175.61
374.24,245.79,289.6
195.48,185.54,73.156
363.25,206.64,300.7
321.56,228.59,218.94
246.56,212.08,155.67
360.13,234.49,264.93
374.3,249.08,293.24
194.34,139.32,90.965
174.53,157.35,90.988
145.04,123.09,-27.015
371.87,216.04,285.08
329.96,241.82,297.03
341.84,249.41,274.55
308.74,236.46,259.66
335.31,213.91,304.82
216.81,145.05,105.99
236.99,203.92,165.07
197.41,139.87,92.928
298.23,190.61,176.35
173.64,177.66,62.976
96.086,126.37,-10.074
159.33,135.44,-8.9125
143.93,157.88,44.107
166.24,156.45,10.403
130.73,140.51,-30.341
188.98,173.93,46.739
59.95,116.14,-75.273
331.29,235.58,237
110.18,126.84,-58.21
102.23,98.906,-13.464
237.85,166.75,92.65
184.4,181.16,90.253
326.4,200.42,217.39
246.92,203.33,125.88
191.25,186.1,91.606
108.6,93.206,-19.48
85.925,105.3,-94.593
223.16,154.33,131.43
68.615,120.65,-72.41
243.76,198.88,182.55
303.69,191.36,185.14
129.97,104.33,5.6727
329.58,195.44,232.01
269.68,181,204.54
240.77,204.13,172.65
101.26,136.05,-45.003
259.85,170.33,126.6
350.29,243.38,264.37
222.8,162.5,143.51
138.85,120.81,-34.695
116.05,125.73,-55.173
188.97,135.73,33.499
191.72,157.81,33.881
155.55,154.83,66.011
277.08,223.41,215.29
354.28,204.53,269.83
199.65,172.25,51.767
157.36,115.13,0.21838
295.14,210.6,174.85
350.99,255.24,302.03
272.55,173.99,146.62
209.6,190.94,128.85
323,226.6,218
186,183.79,78.277
123.3,151.18,-3.3541
249.15,169.69,172.71
166.44,127.64,59.207
139.34,103.84,-0.71314
217.81,187.86,83.969
270.91,206.01,221.53
221.86,200.64,132.16
339.91,206.65,299.06
140.12,131.22,-30.68
90.395,123.28,-17.112
289.68,227.54,235.98
104.84,90.434,-71.538
321.68,235.22,289.38
230.78,194.38,101.73
218.6,198.37,110.7
113.53,131.7,13.164
222.21,194.82,98.758
358.56,238.42,266.2
284.02,175.12,172.55
90.745,130.75,-25.165
49.486,91.641,-65.07
182.29,174.73,45.392
290.88,227.05,196.46
145.89,142.09,53.948
229.59,176.26,83.114
114.44,145.64,-1.6254
367.09,254.36,296.05
360.98,258.14,306.82
376.57,248.79,295.08
112.44,98.109,-9.7087
160.44,157.56,72.242
137.54,102.57,-17.321
281.21,221.11,229.32
94.293,94.777,-89.21
259.87,216.01,191.66
293.78,194.05,168.02
180.25,164.53,98.598
181.57,126.58,35.24
254.71,163.7,126.79
375.26,219.33,287.61
311.05,229.86,275.18
291.34,218.12,179.19
328.88,199.12,276.94
314.98,203.43,273.29
346.65,249.44,274.98
286.52,227.65,227.43
99.841,81.279,-59.569
250.9,174.6,109.63
106.99,91.95,-22.193
138.66,103.02,-5.186
237.33,158.96,146.32
351.62,204.72,299.55
329.29,245.62,262.49
129.26,108.09,-44.727
99.583,132.58,-9.3628
55.895,85.583,-60.004
269.56,167.74,163.9
88.821,130.37,-29.223
346.34,212.4,313.37
206.14,155.14,121.78
152.43,166.81,36.434
327.84,222.55,219.62
330.22,213.02,298.65
278.18,177.91,204.31
170.36,135.74,72.838
221.34,150.08,121.32
225.23,175.61,156.48
177.83,177.28,83.46
246.83,194.88,114.05
110.71,144.13,-9.2695
309.5,225.02,203.66
218.02,166.4,143.02
175.83,151.92,90.781
248.75,188,189.42
321.52,216.68,208.73
86.685,93.836,-28.853
233.86,164.45,154.4
106.13,86.511,-36.859
345.17,228.52,326.01
358.58,211.3,265.38
295.91,232.43,216.88
124.03,147.94,-18.888
148.7,132.8,-21.327
277.47,184.53,215.7
306.6,228.88,268.16
124.59,146.99,-21.408
70.298,97.367,-40.883
114.06,175.97,187.54
35.253,164.58,41.347
-0.35834,131.06,61.118
182.39,252.7,281.22
63.317,151.44,75.091
217.66,219.51,323.36
185.29,245.66,301.53
137.16,187.98,169.95
79.584,168.61,91.24
232.89,230.31,351.74
247.41,227.23,354.15
2.6036,166.75,60.258
85.165,156.93,117.99
69.979,200.82,151.14
59.212,154.59,65.886
21.993,168.65,37.925
5.5522,112.35,17.104
171.82,249.23,264.11
113.6,196.34,136.17
1.1681,134.08,64.869
177.5,198.88,235.14
179.38,215.9,218.15
6.9172,115.98,39.334
264.91,237.43,385.45
239.06,224.61,303.93
33.547,129.76,46.386
36.868,186.29,102.85
112.87,224.86,191.28
26.617,181.49,71.393
202.44,214.8,252.8
99.387,181.84,188.18
286.21,237.73,372.97
21.825,163.27,30.433
81.675,171.01,93.74
173.31,242.08,285.77
-37.858,129.05,20.574
105.34,168.42,137.62
85.737,156.92,128.42
137.56,195.17,165.81
114.38,207.55,144.56
-3.7506,125.41,-16.955
232.17,222.09,335.49
-19.36,151.31,-1.7323
33.714,164.43,39.983
53.383,159.86,57.348
-24.767,146.37,-12.946
38.197,131.34,65.59
-35.347,145.63,-7.247
105.68,214.79,149.47
-20.668,153.57,28.775
255.42,237.21,378.63
61.561,199.72,132.03
-45.96,100.55,-1.5367
84.603,210.84,162.06
14.846,171.34,81.231
53.698,178.53,68.627
-1.8097,108.01,6.9893
137.26,183.01,206.99
129.43,197.66,228.67
155.7,242.51,231.86
180.01,209.22,221.64
46.755,162.51,126.09
176.81,235.45,294.72
250.45,225.6,347.59
238.34,272.51,333.56
174.3,209,213.18
220.05,236.85,346.08
-2.1129,157.27,11.252
118.53,180.54,198.67
107.65,213.07,205.04
278.12,236.82,355.73
98.047,210.8,139
45.928,176.55,129.02
104.56,215.83,196.94
74.404,159.32,87.603
150.39,237.94,249.87
164.52,236.43,216.66
36.526,185.37,76.313
14.897,163.41,88.157
164.21,192.87,222.7
95.725,161.91,141.6
162.04,195.44,245.38
7.3646,120.18,1.6276
-29.253,113.83,23.385
149.49,200.93,180.83
85.004,204.85,123.14
26.916,148.84,98.384
265.7,245.16,326.83
167.46,201.59,261.57
-37.25,104.66,8.6097
106.97,186.8,199.27
148.57,186.24,210.75
231,253.65,290.4
85.647,212.46,154.37
30.29,147.68,100.18
185.88,254.39,271.71
133.11,219.92,239.33
55.571,188.13,138.9
52.019,173.21,136.38
132.73,185.47,214.02
210.31,213.33,304.81
135.18,184.66,170.77
197.82,211,249.71
254.16,226.03,338.36
125.5,219.73,228.33
89.76,165.79,159.24
108.52,193,205.42
1.3219,165.67,59.601
190.3,207.31,283.52
5.5419,152.73,8.1226
153.42,241.91,242.71
4.0976,124.51,-6.2405
126.61,229.73,191.84
92.446,177.82,107.49
229.47,236.45,280.95
32.455,169.61,111.67
101.77,167.69,130.42
142.65,233.99,241.89
145.71,213.06,254.65
274.85,262.94,340.66
82.902,196.42,176.04
-0.75681,124.8,54.351
174.3,199.18,257.16
21.343,154.57,21.719
-51.257,124.95,2.1856
159.17,244.31,248.61
119.11,204.48,146.22
134.23,198.57,160.86
187.7,215.74,229.51
-32.957,120.39,24.541
106.21,209.05,140.31
-20.011,108.43,22.429
31.23,160.37,34.6
118.81,222.1,214.98
11.268,149.61,83.371
173.27,206.11,272.9
144.62,222.19,183.98
-53.338,120.17,0.38282
84.752,171.55,97.843
115.48,185.83,137.41
160.84,236.24,214.17
19.771,148.02,91.338
32.034,127.93,58.845
170.38,238.89,224.17
195.36,257.49,280.38
-18.81,98.497,-3.5277
169.56,247.88,248.51
218.16,259.52,340.14
-5.6626,157.44,11.217
118.84,181.81,201.15
213,231.95,260.34
233.66,232,287.55
22.888,122.65,38.109
272.46,232.25,363.78
41.834,141.12,45.677
110.47,170.23,169.77
23.652,172.1,44.379
81.33,206.53,165.18
169.59,208.63,206.56
88.295,212.73,166.1
255.07,226.26,341.73
241.26,221.77,331.32
185.28,221.77,300.72
54.283,193.99,95.842
102.7,211.23,198.5
177.13,203.64,222.45
190.98,250.62,256.97
44.998,175.62,59.482
231.93,237.43,284.01
142.9,237.83,227.22
145.85,234.57,247.2
284.76,268.76,354.6
85.798,158.6,112.74
221.2,233.73,345.08
160.24,207.02,264.45
48.18,159.71,51.2
241.34,223.56,341.36
60.016,181.46,76.25
139.93,199.3,168.19
136.7,219.72,175.03
16.831,137.47,9.8042
60.58,143.75,88.769
227.99,223.34,336.76
-12.382,154.61,47.628
88.146,158.7,136.96
240.61,258.93,304.36
25.793,162.86,103.18
2.2428,132.15,-8.6472
215.15,258.25,336.66
253.72,226.31,348.94
-21.194,100.92,7.4268
18.37,147.58,14.544
114.68,182.55,200.04
3.9906,112.04,9.8223
13.3,122.88,10.203
239.48,261.79,306.91
-14.022,125.26,45.179
54.511,163.18,59.37
88.445,182.29,103.38
102.35,220.26,175.49
233.02,238.54,360.41
203.8,214.56,305.95
-4.2555,130.85,-16.328
93.897,202.98,124.44
-46.551,139.15,-10.417
126.51,206.43,154.67
137.3,213.8,170.07
165.32,198.49,254.06
257.16,228.29,357.95
93.68,167.75,164.42
19.607,166.42,94.083
223.57,234.52,273.56
186.2,222.7,226.76
29.986,162.83,35.628
193.57,247.71,312.66
-30.839,97.164,-0.40268
50.963,190.57,128
216.08,214.05,306.83
56.781,168.22,63.694
55.918,192.08,90.454
160.97,245.19,246.02
25.025,172.95,46.265
-7.9628,142.82,59.394
17.629,138.53,10.891
144.63,225.38,253.59
95.639,215.6,177.56
12.992,133.64,73.271
71.662,173.26,81.715
128.28,183.63,158.99
94.708,184.71,186.52
69.597,164.21,146.47
163.5,224.79,203.01
93.463,172.23,110.23
136.47,190.33,166.65
244.13,237.16,369.44
250.77,225.96,326.29
156.19,192.31,200.6
38,134.6,82.172
21.025,156.51,96.416
21.084,176.43,86.126
218.2,213.74,290.07
-12.565,107.49,22.096
150.32,240.92,234.93
132.17,182.31,168.77
12.877,152.52,86.016
194.63,253.63,265.52
39.116,188.8,97.412
61.604,176.72,148.29
9.6778,116.38,38.409
119.72,228.04,196.98
66.069,175.74,152.75
213.73,241.37,264.2
88.791,194.36,183.91
171.94,210.9,209.14
118.05,174.97,184.55
258.99,279.46,377.32
112.84,214.02,151.4
126.5,220.76,169.52
4.9959,132.96,-5.2483
159.87,191.51,230
92.811,163.01,152.04
5.1727,132.46,-5.1294
223.77,216.23,313.64
177.48,224.62,217.25
243.58,236.76,299.44
184.84,254.26,274.74
86.628,177.68,173.61
150.84,219.59,262.32
225.81,263.69,347.51
14.282,168.14,84.114
95.597,210.19,187.5
-47.568,137.62,-6.5134
273.71,232.85,361.74
-11.008,112.64,32.301
223.77,256.3,351.71
233.22,218.72,313.18
139.59,206.09,168.45
-38.45,142.58,-17.806
114.68,225.83,189.62
112.99,170.33,156
145.15,196.9,176.11
75.967,206.92,131.23
219.83,265.65,307.77
206.17,249.76,329.98
92.676,212.77,177.76
204.34,253.98,323.77
153.78,202.81,186.27
50.536,144.07,105.14
102.21,167.44,132.11
115.02,217.32,157.93
157.83,223.03,271.2
21.639,173.06,46.02
151.22,191.17,232.17
143.9,232.05,247.29
197.04,207.52,255.79
156.08,203.03,189.42
234.96,271.68,343.67
54.816,184.22,139.71
75.89,158.62,140.77
17.481,146.57,88.268
-50.734,115.32,3.3999
58.901,184.75,145.38
179.55,252.29,270.8
74.554,159.88,142.81
156.36,191.4,232.39
32.941,180.44,62.944
-11.454,156.65,46.553
142.47,209.88,173
155.66,190.65,204.05
161.67,219.91,198.14
194.08,243.87,315.65
46.762,144.75,51.414
100.94,165.16,154.59
212.34,228.63,259.61
23.471,123.01,47.709
-18.366,135.78,-25.818
176.99,211.36,216.03
286.26,238.55,369.33
277.23,234.5,362.42
160.42,220.89,273.84
111.95,170.53,150.08
184.01,236.19,231.43
224.56,254.32,353.79
111.93,222.37,199.95
-3.1076,148.82,65.784
-55.273,117.87,-2.0299
96.179,217.26,162.03
59.992,157.34,66.132
113.8,201.99,139.46
173.29,248.18,247.3
50.214,146.28,109.66
-6.8475,108.17,22.439
28.437,151.21,101.48
177.5,203.92,222.74
1.0957,150.3,71.267
36.786,172.38,117.18
58.978,180.23,145.85
220.46,216.58,284.04
171.32,237.14,222.25
25.886,124.61,40.139
-15.423,143.19,49.628
188.99,255.37,274.01
22.456,122.86,34.178
178.46,238.03,228.72
108.1,207.59,208.15
-33.492,127.81,26.218
253.42,277.6,351.6
123.14,217.74,225.9
143.86,185.98,215.89
194.79,242.24,246.84
19.563,120.8,43.21
117.22,206.48,146.01
201.23,239,249.97
107.7,210.67,143.48
-13.291,140.83,52.574
57.612,197.3,128.77
16.994,119.04,35.655
166.59,194.41,221.56
198.15,238.53,246.6
242.68,222.06,324.06
-20.585,97.318,-21.822
74.058,165,150.4
141.23,225.66,248.52
288.63,254.21,355.17
156.42,203.98,257.9
-25.613,151.66,7.4624
137.53,200.95,165.08
266.91,237.42,386.62
-9.9264,122.18,-24.951
225.38,229.03,277.2
195.49,254.37,267.75
106.2,198.49,129.85
27.391,175.32,51.338
58.278,162.64,136.34
99.286,208.47,195.01
7.7056,155.59,12.786
87.571,209.93,172.26
271.44,244.47,335.07
253.32,275.83,376.38
216.19,261.75,293.45
28.124,181.42,68.323
74.203,195.69,163.69
117.06,208.25,219.85
10.551,169.42,74.843
128.66,179.75,166.53
7.0306,157.42,14.788
277.76,234.19,374.45
32.778,132.62,78.055
56.418,178.26,142.51
178.57,222.7,217.78
34.061,164.81,113.51
184.55,213.48,225.97
123.06,226.8,215.09
3.0813,168.7,47.187
247.23,265.19,380.51
136.82,202.84,239.69
253.62,263.6,320.79
28.332,182.35,72.947
-16.395,129.14,45.535
161.66,215.16,272.62
-47.378,107.19,3.0791
4.6593,168.64,60.379
266.83,234.06,338.97
246.7,225.57,317.6
233.04,270.21,324.09
-12.41,158.83,37.883
75.73,161.5,146.12
249.94,274.42,372.79
247.71,229.3,359.54
270.31,235.22,343.4
57.108,171.41,141.34
164.69,224.12,279.59
122.17,227.61,210.47
9.9554,118.68,46.082
62.625,200.83,129.93
210.11,225.78,257.22
149.13,187.73,220.42
55.326,187.34,81.162
103.54,195.06,170.9
244.51,227.12,290.92
131.73,219.42,138.99
-2.5984,163.04,27.327
16.761,170.98,10.116
258.46,269.3,367.25
112.2,171.79,132.42
237.63,243.47,336.85
303.09,258.46,345.92
50.121,144.22,29.336
120.11,230.22,160.13
73.717,173.65,128.06
177.82,201.95,206.14
188.84,259.03,255.15
234.49,224.44,274.71
190.81,250.14,280.21
59.816,145.48,72.328
58.827,176.35,115.08
87.176,202.21,151.61
250.8,238.57,342.72
101.71,166.63,113.28
25.207,181.48,39.153
134.27,231.86,204.56
183.84,251.74,220.41
271.9,279.11,321.98
157.77,242.88,232.12
59.887,169.4,112.52
127.8,184.97,129.67
186.84,242.87,208.37
176.16,227.44,186.61
7.1117,114.22,-1.174
117.04,201.53,111.87
230.56,234.18,254.7
124.22,208.78,198.92
284.97,250.46,324.42
102.34,167.79,107.7
10.472,128,-27.389
138.22,184.48,171.32
55.159,197.2,72.905
187.43,217.54,200.42
160.53,200.15,220.38
212.25,215.23,251.55
118.53,212.15,192.42
288.01,242.08,364.27
40.577,165.61,91.208
159.24,208.23,232.45
156.51,245.96,205.44
62.306,187.3,53.513
90.662,209.27,152.67
67.772,205.16,106.16
208.54,264.3,260.62
13.258,168.95,52.682
125.9,188.77,183.16
45.62,182.54,97.727
22.448,171.09,67.103
287.5,274.02,329.47
239.28,255.37,267.9
238.3,224.08,292.65
201.49,247.15,225.24
16.057,119.18,0.20789
171.57,246.43,252.45
248.88,274.85,348.05
93.275,213.62,110.81
237.91,263.6,274.24
222.46,258.6,321.55
212.66,254.29,309.72
124.82,231.69,161.86
103.23,169.07,105.71
210.27,231.19,227.89
289.7,242.84,347.07
70.194,203.61,120.24
-19.588,146.86,12.413
61.069,194.93,114.48
247.51,259.91,354.43
-0.38138,118.9,-40.321
197.43,209.76,231.51
48.274,142.67,27.596
-17.931,153.18,8.8705
-13.024,150.68,-33.721
91.119,163.31,88.761
105.91,211.19,111.02
179.7,240.92,200.43
270.58,239.22,354.9
186.65,250.19,218.55
225.62,241.54,323.44
252.67,281.62,326.67
5.2449,159.21,-13.885
55.773,199.07,86.535
153.52,194.54,204.87
22.272,126.23,31.535
185.54,224.65,196.67
110.04,225.87,150.09
-3.975,122.39,19.102
213.05,264.93,298.64
30.935,184.47,44.98
165.4,227.85,251.4
272.81,255.31,306.06
156.95,231.28,240.59
87.062,174.18,71.304
193.44,225.01,279.17
147.92,193.15,200.53
169.13,220.57,252.47
-1.2894,164.14,28.312
23.747,178.34,27.653
-17.142,154.56,-24.334
160.72,195.82,207.95
159.98,247.52,221.73
302.31,275.59,345.61
16.448,155.75,61.096
53.993,162.7,102.1
184.73,228.92,196.62
199.42,261.84,276.05
34.203,184.22,40.874
44.898,156.46,89.16
279.38,245.62,373.54
254.86,232.28,330.52
-19.036,141.47,15.278
-0.57029,135.41,-40.469
90.444,164.73,122.97
132.44,182.97,170.19
218.37,254.49,317.48
16.659,120.78,16.407
245.59,271.97,346.23
35.18,167.01,13.131
169.47,200.33,222.25
-24.213,113.66,-3.3376
160.76,210.76,236.48
163.85,222.68,248.07
70.799,190.93,131.46
95.416,181.63,153.29
83.449,187.9,70.764
16.897,159.41,-7.4677
282,253.91,318.35
211.41,266.09,267.41
242.78,277.38,328.91
80.782,209.33,132.8
202.55,223.03,284.48
68.03,192.35,63.392
44.401,192.65,77.413
274.59,285.24,336.11
158.95,198.28,170.72
18.78,129.24,38.648
65.052,203.6,92.198
51.759,149.64,27.479
130.25,231.68,196.78
200.15,250.45,227.87
214.64,215.57,260.4
-5.5726,138.52,31.084
175.57,204.14,194
82.514,180.53,66.222
256.33,242.55,287.36
232.37,273.95,295.95
130.82,233.37,164.96
165.84,246.96,204.3
152.16,216.27,155.87
78.821,171.02,60.514
261.34,274.68,368.46
108.44,222.62,134.96
109.58,202.5,180.4
200.68,215.91,270.84
88.247,168.53,131.04
121.25,229.58,155.01
258.36,277.72,311.21
63.835,199.2,75.107
10.918,159.09,54.175
222.45,268.95,276.68
172.69,252.88,232.69
85.424,211.51,106.05
71.54,167.37,51.088
65.32,203.39,89.966
224.03,269.61,279
59.688,155.42,97.14
118.87,214.28,192.63
240.6,237.72,267.33
61.072,146.49,51.569
8.4618,122.09,23.133
195.4,261.01,267.72
128.13,179.78,157.87
270.09,241,359.07
96.11,217.02,151.61
205.46,226.36,291.02
254.5,234.48,336.93
265.07,250.17,296.65
88.334,211.79,144.93
1.7751,117.49,-35.489
0.43492,131.37,-40.743
30.724,159.59,3.4291
251.88,265.7,359.43
190.87,259.8,257.52
126.99,232.53,163.9
189.39,208.99,213.22
-23.2,150.82,0.57765
35.5,160.24,8.2375
41.988,180.9,34.205
240.11,257.31,270.08
121.1,176.04,139.97
104.6,191.21,94.368
216.68,239.34,312.84
60.639,159.72,37.168
107.37,221.78,132.51
237.62,226.47,309.58
60.551,145.65,53.021
123.39,179.15,131.1
282.47,245.45,325.6
-37.316,128.23,-8.3299
252.25,278.96,346.53
90.052,169.52,77.802
302.4,258.98,344.65
201.85,220.52,220.31
235.25,254.29,339.03
229.2,273.66,302.23
16.772,151.82,-14.373
223.61,226.63,304.55
150.53,225.78,232.92
154.02,210.94,230.74
52.135,152.97,89.83
248.68,246.69,350.19
32.518,130.29,38.074
250.12,274.61,350.55
133.32,236.38,179.5
294.02,281.83,342.85
250.93,237.44,341
83.066,193.11,74.502
36.6,169.86,87.56
207.2,264.74,263.08
61.847,157.32,39.589
240.43,238.4,266.78
250.12,238.1,341.51
231.89,265.62,272.71
237.74,226.24,308.77
147.09,240.66,213.43
136.54,198.57,203.61
132.4,200.47,129.2
-18.305,146.63,14.67
95.917,218.62,145.43
129.28,234.15,170.23
-0.51417,130.82,-41.975
202.13,256.66,292.1
186.33,205.4,217.15
17.427,119.88,5.716
258.2,274.22,364.03
17.969,166.01,62.555
270.72,270.69,310.57
13.951,155.45,58.07
276.74,260.02,311.23
213.29,228.52,232.68
70.875,150.5,72.849
293.47,259.01,332.32
80.853,211.95,115.52
75.639,209.17,116.24
278.2,287.23,342.72
170.91,247.1,250.29
240.3,276.64,305.43
1.9388,140.09,39.449
128.27,206.74,202.6
269.59,287.58,349.77
54.455,143.18,68.383
230.76,264.42,270.01
245.83,277.05,337.68
62.963,186.47,52.946
78.353,198.18,140.24
44.14,147.46,16.534
137.3,198.89,204.56
118.59,207.09,191.99
235.93,230.28,318.68
161.81,194.75,200.57
271.22,251.38,375.48
43.65,169.5,22.022
186.85,225.48,273.41
6.7323,117,-24.499
297.67,262.97,337.15
271.08,241.38,360.39
140.78,201.95,210.72
255.84,240.97,287.62
5.4566,152.44,47.256
92.117,199.32,87.577
-31.462,107.44,-14.885
-16.853,108.02,-7.9046
254.09,231.69,298.15
158.84,236.78,180.19
238.66,261.96,342.69
282.96,260.07,318.75
226.47,221.92,263.41
223.93,224.62,252.65
204.15,255.25,237.6
-9.5713,109,-5.5362
45.185,143.92,72.166
122.97,215.59,128.13
266.58,272.26,308.48
155.61,198.33,164.45
223.11,220.94,290
83.654,195.79,77.598
8.4174,148.86,-23.703
75.224,152.98,76.793
165.62,226.15,174.95
65.691,147.6,67.38
56.925,143.15,63.982
230.47,274.09,301.89
167.22,237.95,252.62
151.86,206.69,224.81
131.94,186.95,134.95
24.524,173.99,68.531
47.782,170.51,100.87
82.205,205.75,91.446
2.1568,141.67,40.488
270.86,268,308.47
62.056,146.41,55.378
149.5,234.18,170.67
141.66,197.97,206.52
240.89,254.84,345.86
58.556,158.46,34.484
182.97,243.93,272.41
269.84,285.88,337.64
204.78,235.62,298.25
26.317,128.45,36.363
-8.0878,110.51,-2.126
129.85,195.75,126.15
34.486,130.08,23.577
244.29,263.25,349.9
253.23,238.02,343.52
71.102,186.75,131.82
270.16,235.26,336.08
-38.777,135.72,-12.764
204.06,249.13,229.49
218.37,233.77,310.18
74.946,153.95,70.193
188.11,211.15,255.07
291.99,242.72,360.94
102.71,222.6,147.02
63.881,183.37,122.59
207.64,213.69,244.52
222.16,229.55,245
63.826,199.8,113.22
235.86,274.96,320.37
193.79,230.91,284.06
-3.121,113.3,3.9244
55.42,161.32,30.301
276.01,237.69,347.68
290.62,243.74,345.74
-24.213,150.93,-2.3417
38.65,173.79,90.155
95.058,200.44,90.961
73.399,208.24,109.92
265.05,270.09,375.93
242.2,276.87,305.5
97.276,200.41,165.37
9.016,117.04,9.723
258.22,238.11,346.75
66.337,156.13,100.81
283.15,269.2,321.82
242.74,229.51,319.86
61.192,200.16,105.73
123.16,195.52,189.66
130.52,232.38,195.85
152.39,237.64,178.37
63.809,191.67,60.257
20.033,169.95,63.831
251.88,276.55,350.77
122.8,189.48,182.35
77.365,196.69,74.519
276.32,247.6,313.54
196.05,235.23,288.65
-3.5127,127.28,24.936
66.986,204.9,98.304
136.49,189.65,140.07
255.81,259.6,287.6
200.91,213.83,265.52
202.28,263.41,277.02
44.81,142.98,20.448
259.36,278.68,360.85
227.18,272.96,300.09
178.39,253.93,227.46
186.48,204.68,225.01
289.05,258.06,326.66
124.62,210.89,125.14
97.797,185.86,159.2
118.47,177.84,122.15
-17.798,147.67,14.901
292.47,242.87,360.45
151.83,219.87,233.67
60.705,148.96,84.167
-3.0253,161.47,-10.398
243.21,275.4,299.82
299.92,257.76,341.74
-3.7165,142.32,34.48
246.37,239.43,274.72
236.13,226.23,273.28
231.2,230.52,258.09
198.55,228.63,213.02
46.631,192.23,60.613
200.66,227.9,288.45
175.52,222.04,259.81
273.04,271.66,313.63
165.34,199.38,181.8
169.29,223.18,254.16
282,286.92,343.1
48.212,158.63,93.775
207.35,253.63,302.51
-6.9796,147.81,-35.471
107.76,202.65,103.56
220.85,229.21,306.87
209.96,264.7,261.96
208.12,236.58,225.6
90.337,213.32,146.41
100.2,200.22,168.91
176.89,237.65,265.95
82.702,187.29,69.666
88.052,200.32,85.768
90.17,211.93,148.52
39.617,148.88,9.7561
130.74,232.68,195.64
182.04,203.44,212.92
232.69,230.74,317.56
90.13,161.93,90.218
192.71,217.8,269.85
84.661,209.92,101.46
262.25,278.78,365.74
151.8,190.64,189.52
3.3189,170.11,-7.8082
-21.005,136.75,-16.874
313.75,278.99,329.02
80.376,212.69,79.732
183.22,259.86,210.99
152.4,206.02,191.98
-0.29548,164.16,-34.998
73.553,153.17,53.581
47.755,163.83,-7.653
84.774,210.86,112.65
11.118,116.65,-31.176
45.415,140.34,31.85
274.88,270.84,282.94
164.41,202.94,192.36
268.16,289.1,306.93
117.97,196.51,154.74
58.923,173.99,8.6633
290.05,254.41,303.01
220.6,269.7,282.08
286.47,262.94,294.13
50.004,154.34,59.496
187.98,255.28,194.08
172.36,254.99,193.67
158.07,221.77,210.9
40.192,184.42,58.589
259.04,265.91,263.52
134.45,239.44,153.99
62.177,169.36,10.083
299.21,254.02,318.84
198.85,220.69,188.68
96.28,171.66,58.555
-6.7995,113.66,-26.145
153.49,197.5,176.7
13.819,154.03,-45.152
256.19,258.05,333.89
163.49,240.94,218
77.151,175.83,29.014
92.274,205.5,129.09
212.89,264.22,223.7
220.8,223.09,227.29
217.4,221.65,251.21
174.43,202.73,186.59
10.917,123.98,-53.773
266.63,249.22,271.52
86.998,214.58,110.35
259.04,236.88,275.86
163.04,237.29,151.01
164.31,210.52,141.72
28.321,147.92,-34.279
209.13,266.74,265.43
188.77,256.82,244.11
84.389,215.11,99.262
285.07,265.91,292.49
282,283.76,301.79
65.965,149.13,45.665
184.89,226.71,166.59
143.75,234.89,191.48
178.55,256.03,194.46
172.38,223.35,150.98
126.55,200.96,92.441
161.39,212.19,137.06
161.91,250.5,179.8
10.954,151.77,23.935
228.02,254.26,300.8
27.95,152.88,-33.077
103.77,173.13,71.697
-9.0863,162.53,-21.158
189.42,262.35,228.54
69.23,150.78,48.113
249.86,263,252.27
109.04,173.52,109.64
213.66,259.42,281.37
158.26,199.15,181.53
268.04,279.06,348.89
237.52,255.12,234.88
235.84,279.55,278.21
167.72,232.5,150.33
79.666,156.47,60.593
-14.962,149.06,-10.635
139.58,225.6,189.67
9.2579,128.72,3.8579
75.159,181.58,28.81
145.66,191.49,158.53
273.34,278.56,356.65
140.85,188.05,146.06
117.96,179.66,91.418
-8.0465,158.94,-6.9388
39.803,187.7,16.893
237.57,279.16,272.03
261.27,272.85,342.07
21.525,135.91,-42.956
280.09,292.1,317.7
26.756,180.73,1.7637
47.99,159.99,-8.6148
222.69,223.05,232.46
37.632,133.5,-7.7225
34.983,159.46,-22.732
297.34,251.85,358.34
74.02,165.17,87.301
297.68,268.96,308.12
228.11,225.88,236.44
25.343,161.43,-29.685
217.02,224.02,216.84
299.22,254.72,317.8
222.37,247.33,215
130.62,235.84,164.24
282.41,284.62,303.31
-1.9044,166.13,-26.097
312.51,260.38,332.99
9.2314,124.3,-3.2565
81.189,169.19,96.891
123.6,219.88,101.87
134.05,234.6,132.01
258.29,285.6,322.52
134.9,211.34,181.32
242.24,230.72,282.5
239.62,228.61,257.61
61.017,203.1,62.078
74.583,191.45,106.95
118.1,209.37,87.229
102.83,224.67,116.59
194.1,234.99,255.7
149.53,214.65,122.3
251.69,233.46,291.52
87.456,216.67,103.11
26.723,172.11,44.17
201.38,265.32,251.89
216.83,246.21,208.43
151.43,242.69,154.63
279.58,294.59,340.2
54.365,191.73,77.316
144.78,189.54,137.28
81.85,203.62,55.485
187.74,230.68,246.56
88.557,161.21,67.433
71.372,183.13,26.082
63.698,147.74,31.107
263.81,259.45,266.09
238.97,235.45,240.07
117.75,184.53,138.85
66.59,177.68,18.21
160.35,199.11,181.21
235.8,228.4,247.2
157.92,244.17,205.8
314.13,264.11,331.92
76.981,159.37,35.848
81.542,180.87,35.323
49.919,139.89,23.9
85.229,215.77,97.933
308.11,268.94,321.33
17.571,120.62,-27.878
111.1,190.06,142.8
33.231,184.05,8.7989
170.02,236.24,155.55
69.764,192.64,33.775
133.71,184.33,133.8
92.223,184.85,48.622
189.22,255.76,246.33
253.22,236.01,265.28
243.15,241.79,307.25
248.42,251.67,246.55
173.11,227.75,153.07
258.33,281.22,281.77
92.618,218.59,93.095
213.61,221.54,214.89
263.32,247.83,331.16
120.76,192.79,153.02
149.56,192.54,138.77
20.719,176.38,29.606
142.48,196.33,171.01
191.09,263.16,223.92
99.109,214.86,81.442
206.31,250.45,200.57
261.34,265.49,342.35
168.52,200.81,164.16
56.375,191.78,80.73
174.18,253.06,185.11
80.168,179.97,108.03
45.872,137.48,7.8935
156.5,245.48,162.61
176.11,243.76,234.98
181.66,215.64,225.23
27.151,152.4,-34.12
131.79,238.24,150.59
7.346,123.65,-4.8645
77.414,159.08,75.803
110.16,228.17,123.68
35.351,161.76,54.004
193.28,212.1,219.98
157.23,214.29,131.49
262.73,284.47,291.29
166.77,236.75,224.07
253.13,269.96,331.94
122.5,197.54,87.136
-18.349,151.95,-19.198
208.03,216.29,222.58
243.41,243.31,309.36
262.48,288,304.1
50.295,145.35,44.067
106.88,177.17,72.319
49.997,189.43,71.615
25.471,158.37,-32.122
202.78,236.19,189.43
165.99,252.54,186.98
142.52,242.8,160.48
65.322,155.93,17.079
114.26,230.15,131.53
206.86,259.23,211.46
238.11,274.57,257.51
188.83,228.54,246.02
30.831,157.87,47.474
146.37,191.2,134.1
169.82,229.34,150.32
244.43,244.62,311.72
243.4,234.44,249.13
44.362,136.68,5.232
261.79,285.94,295.37
139.95,241.82,166.34
32.699,162.68,-22.706
43.55,185.13,63.913
56.68,176.41,82.749
179.23,204.65,183.66
42.507,190.16,55.158
237.89,244.56,233.5
14.946,166.05,-30.102
-28.052,129.33,-26.601
53.065,195.53,69.731
218.78,269.39,279.19
147.35,192.36,132.9
179.26,204.55,186.24
164.35,215,211.71
6.7979,167.5,12.698
121.84,214.7,167.34
179.38,238.45,165.81
23.645,145.49,-40.289
229.94,269.35,242.79
55.235,175.12,6.0079
164,231.47,220.63
277.32,279.02,361.95
278.37,246.6,338.18
-18.903,125.24,-19.219
188.71,233.98,249.48
17.272,137.81,19.805
83.993,200.19,51.823
162.92,243.43,159.91
88.422,176.95,43.391
283.1,250.54,349.08
17.763,171.47,29.705
66.97,199.85,44.249
284.26,296.29,345.08
262.87,272.41,272.46
63.539,150,53.361
28.041,134.6,19.662
210.7,217.55,222.72
251.97,246.44,252.01
201.36,255.69,265.55
78.762,206.64,106.53
113.88,194.76,149.67
82.755,173.97,104.2
37.375,142.95,-21.431
161.31,240.16,215.18
221.16,230.37,274.32
15.037,123.84,-45.588
71.288,202.33,97.488
284.49,265.2,291.7
277.57,278.87,362.32
174.98,211.27,213.99
293.74,296.03,332.3
105.01,224.92,127.94
305.05,255.85,326.43
235.84,277.74,266.14
160.93,245.89,208.91
279.49,287.73,306.54
293.41,297.46,336.98
129.77,182.18,124.19
105.03,185.97,133.73
60.301,181.76,15.621
303.56,272.84,315.66
260.22,267.25,341.24
260.26,286.75,323.24
233.56,264.01,307.26
279.4,245.57,335.76
150.71,193.62,138.14
159.22,231.4,214.71
132.71,183.59,125.91
220.29,249.4,213.64
87.005,210.56,117.37
22.425,153.16,36.641
72.287,193.11,35.916
65.02,185.51,94.574
74.558,207.02,61.681
39.499,189.04,21.399
96.832,220.94,99.802
-22.937,147.27,-23.1
246.33,282.5,284.5
19.898,176.53,-7.6705
38.781,135.87,21.242
154.96,226.05,133.59
102.63,210.13,142.42
251.95,258.61,252.21
156.29,248.84,178.35
106.65,217.17,145.14
44.91,136.67,12.817
-1.8715,158.63,-47.445
159.5,196.01,164.42
-16.747,154.44,-19.369
172.36,225.32,227.64
227.18,250.01,221.37
65.525,148.5,38.283
261.17,251.62,262.92
208.72,217.72,237.4
164.57,231.08,221.28
12.187,174.81,8.9492
182.05,229.42,163.66
267.06,289.73,310.74
159.16,198.33,178.81
53.8,179.2,8.2954
26.258,177.75,-5.9447
109.81,195.16,71.494
102.47,213.85,81.078
82.684,182.11,111.91
199.4,251.5,264.62
289.25,259.48,298.6
108.09,223.59,102.64
82.319,173.14,35.567
208.39,264,221.16
273.55,287.23,349.61
197.1,232.48,182.09
131.06,218.54,179.04
237.66,277.23,264.31
99.278,216.92,132.64
36.47,184.79,50.901
186.92,208.36,205.78
101.92,168.64,93.135
71.78,155.1,31.496
126.09,234.96,136.65
203.73,232.54,263.3
138.13,231.54,185.09
284.8,244.14,327.06
51.457,186.77,16.263
16.892,150.02,29.499
214.36,254.66,283.85
27.542,149.39,-34.812
253.86,260.19,332.27
139.44,241.15,154.25
130.02,234.99,165.12
41.716,158.98,58.245
131.11,237.96,152.54
276.79,289.58,309.51
213.99,230.98,204.84
11.5,158.69,25.44
-17.93,119.19,-23.524
90.411,218.49,99.535
203.9,267.71,248.02
76.581,170.92,96.457
140.95,232.3,129.85
31.939,175.22,50.866
285.8,296.93,342.42
282.15,293.21,354.27
296,297.84,338.31
48.888,139.38,23.359
87.466,184.81,118.24
65.906,158.54,16.188
208.07,247.32,275.86
11.464,153,-47.88
181.12,244.3,241.74
212.54,252.47,208.03
108.95,192.15,143.14
108.11,183.51,69.787
180.69,221.44,161.44
305.72,276.38,319.05
243.02,255,318.16
203.12,266.52,228.63
272.25,239.59,304.94
257.5,236.87,304.75
264.44,289.16,323.21
209.1,255.86,276.51
30.908,135.68,-27.544
167.57,233.58,151.05
43.303,135.72,9.9839
70.246,155.54,27.183
173.86,202.26,178.51
295.71,248.6,325.62
247.74,281.09,311.9
48.339,167.41,-5.3242
22.85,159.65,39.632
-8.3248,116.14,-22.149
202.46,220.39,195.2
8.8368,158.7,21.804
291.93,247.4,341.81
141.88,190.83,157.62
65.99,199.49,90.758
244.03,276.06,263.59
273.66,244.2,330.3
217.22,219.82,235.1
105.69,172.65,108.51
156.85,194.98,153.66
159.26,205.72,195.88
96.777,205.83,135.24
156.45,245.98,164.1
27.184,174.55,43.682
222.69,273.55,251.96
153.25,199.05,180.47
108.48,182.44,131.09
183.44,217.14,228.69
238.06,271.65,251.85
23.307,128.7,6.6295
170.89,202.14,188.45
40.643,135.74,-5.4545
287.55,255.37,360.2
288.58,268.52,297.12
211.82,267.96,268.23
33.928,187.66,35.483
60.783,189.48,24.577
217.06,220.97,248.24
237.62,254.17,311.83
34.076,188.02,32.761
4.3124,126.78,-1.195
74.192,137.6,233.91
-30.756,134.65,104.71
-40.211,83.16,111.26
125.81,203.49,344.93
8.803,128.1,126.87
182.82,182.22,365.37
137.39,192.89,359.89
83.222,164.87,221.19
19.754,144.91,147.3
199.34,189.52,394.14
213.7,193.93,393.69
-53.755,113.09,125.56
37.567,129.98,165.82
15.102,145.81,215.83
1.2091,131.41,120.32
-44.795,132,104.57
-39.959,85.804,63.147
113.33,200.76,329.01
49.58,170.03,196.54
-39.145,85.123,115.79
131.84,173.5,280.83
120.87,193.38,272.71
-33.829,82.172,84.559
233.27,201,424.63
192.93,203.77,348.19
-15.298,104.71,94.429
-20.789,132.64,169.15
52.656,174.24,258.37
-36.655,133.68,139.75
151.14,193.39,301.31
59.36,134.31,238.32
247.47,216.47,411.63
-44.774,130.1,95.546
21.203,147.09,150.39
124.17,188.89,345.27
-83.067,75.039,77.328
55.368,143.25,186.58
41.146,126.89,175.13
79.148,172.08,220.52
47.761,176.54,208.83
-63.695,102.24,38.989
197.55,187.94,376.07
-83.864,109.5,65.193
-32.397,134.16,103.56
-8.5839,135.26,115.44
-89.575,106.4,53.48
-6.3771,102.17,111.95
-96.514,98.42,59.229
38.643,176.09,217.13
-76.939,100.7,93.692
223.31,198.06,419.25
2.8061,146.72,198.94
-83.859,55.522,45.943
26.281,157.83,228.63
-39.213,116.33,145.28
-13.24,146.46,133.56
-47.263,81.799,52.852
96.473,149.01,252.33
89.779,149.4,278.8
93.109,197.46,298.58
125.4,187.32,272.92
4.9804,111.59,178.93
132.71,182.61,350.14
215.05,196.37,386.82
179.89,231.49,395.46
118.15,186.9,265.74
183.9,189.76,393.02
-68.057,119.03,77.874
79.248,139.93,245.47
57.523,157.76,266.14
235.92,217.09,396.48
30.853,172.33,206.69
-1.0608,121.25,187.67
51.293,160.94,260.33
18.407,136.06,140.5
95.97,185.24,313.28
98.761,202.23,281.53
-28.527,140.34,144.95
-33.611,107.87,148.09
119.57,165.82,268.27
51.294,131.79,188.23
123.31,159.36,289.95
-46.47,97.93,52.442
-68.218,66.667,72.545
91.145,178.01,235.42
17.75,165.94,191.05
-13.962,99.393,149.94
213.16,226.5,375.21
129.97,161.79,306.65
-75.302,60.039,56.045
66.871,138.6,249.74
105.73,156.27,256.08
169.25,226.78,349.22
24.172,162.15,222.32
-10.06,99.669,150.76
125.19,209.74,336.8
86.194,165.4,297.62
4.8967,132.23,200.66
7.7492,119.44,192.31
93.629,146.29,260.1
173.85,179.51,346.7
83.256,160.96,220.67
147.99,188.98,297.31
215.27,201.65,378.38
76.581,164.82,288.33
49.748,126,206.28
67.258,142.29,257.78
-54.554,111.77,124.62
153.26,171.17,326.78
-60.498,120.49,72.429
94.661,192.27,308.28
-53.482,102.18,47.526
62.287,185.1,259.74
31.381,153.64,164.71
172.77,215.5,333.48
-14.531,114.34,170.31
50.535,143.14,180.12
88.797,180.65,305.11
104.43,161.65,307.31
217.13,240.81,394.45
35.358,141.07,235.15
-39.782,80.218,102.53
135.51,164.92,301.04
-43.909,125.82,84.019
-98.04,70.74,60.246
100.21,195.26,314.1
53.616,176.08,208.57
73.363,174.62,217.83
131.35,193.94,282.11
-73.911,69.507,76.733
38.923,174.81,206.38
-58.284,67.57,68.534
-34.294,131.4,97.199
65.922,167.5,277.95
-31.991,96.651,138.19
136.24,164.73,318.25
78.55,191.17,247.82
-98.217,66.466,56.757
24.784,147.8,154.03
56.186,162.34,192.97
94.993,200.95,279.54
-21.731,97.28,143.9
-12.082,98.438,104.98
104.86,204.8,288.81
134.41,214.34,345.06
-60.556,68.797,40.838
107.39,203.56,314.61
170.51,208.54,397.6
-71.146,117.31,78.234
79.678,140.29,248.21
154.71,209.99,314.51
180.24,212.06,337.13
-23.626,96.203,84.894
235.53,207.91,402.25
-13.52,118.23,97.93
68.428,136.94,215.79
-43.008,133.49,111.71
26.34,151.72,229.88
112.37,186.28,260.06
29.765,159.95,232.74
216.94,201.22,381.42
204.15,193.8,371.38
147.71,174.34,348.9
-11.53,150.12,164.61
52.213,155.83,259.92
125.67,181.16,271.51
126.82,214.21,321.47
-22.025,142.57,124.88
175.32,216.57,336.44
82.971,188.55,293.56
92.823,181.07,309.85
227.07,246.08,408.59
35.812,133.33,161.77
185.95,188.24,390.67
122.3,161.34,312.21
-14.739,134.4,110.31
206.4,192.01,381.16
-6.9312,149.61,141.11
80.034,175.81,224.22
70.288,187.97,239.43
-43.687,113.86,66.369
13.942,116.17,136.1
193.84,186.32,378.13
-64.806,99.761,110.34
44.922,126.79,183.36
179.18,231.45,363.18
-19.7,108.29,160.38
-59.147,108,48.814
167.49,207.09,394.2
217.91,198.21,388.04
-60.405,65.904,51.936
-45.455,121.08,74.833
75.5,139.05,247.91
-43.299,87.098,56.61
-40.101,100.39,60.774
177.71,232.28,366.8
-53.931,76.594,95.674
-8.4991,137.81,118.58
24.797,156.4,163.29
41.113,170.21,243.15
198.37,193.26,405.46
168.12,176.7,348.84
-66.342,106.05,41.933
26.489,168.72,190.62
-104.07,88.468,54.601
61.511,178.76,216.34
71.949,185.23,232.38
127.31,160.66,298.76
222.61,198.65,396.68
53.73,127.92,211.42
-29.204,110.79,154.29
166.44,213.28,326.54
126.18,199.53,282.76
-36.131,132.35,99.291
146.78,195.24,370.03
-69.223,60.422,44.15
-3.3103,135.27,192.33
179.01,182.45,348.31
-7.528,141.56,124.43
-10.895,151.22,158.8
100.58,197.74,311.99
-41.659,134.27,113.64
-52.363,88.984,115.45
-43.163,114.76,67.733
97.754,171.13,311.74
38.106,162.35,243.61
-26.456,88.263,122.1
8.1747,147.5,141.45
74.387,160.34,210.27
53.636,134.65,238.47
29.596,118.31,195.93
99.017,196.95,264.35
35.524,148.89,164.67
80.615,167.43,219.29
211.06,195.07,411.99
208.86,203.73,367.81
106.48,168.33,248.89
-3.0754,99.256,128.26
-22.923,102.97,152
-34.738,122.02,151.31
175.98,188.75,332.93
-51.665,70.849,67.166
90.166,192.38,301.15
81.154,158.17,218.14
-31.137,98.933,141.67
131.11,215.73,330.12
-21.609,137.57,165.15
17.839,123.37,203.66
-31.942,84.233,83.651
58.736,178.49,264.25
23.369,123.5,206.85
152.31,216.54,321.96
43.586,139.98,240.8
114.12,188.46,263.13
77.119,139.87,230.43
207.25,233.61,435.91
45.619,178.61,217.89
59.558,185.21,235.84
-56.168,108.98,51.968
118.66,160.1,274.63
51.429,127.75,198.35
-55.762,108.64,51.845
186.57,186,354.67
115.13,199.54,275.82
190.04,217.15,348.96
125.27,208.11,339.55
46.089,129.05,224.58
108.16,167,316.54
177.31,213.44,405.32
-37.423,112.58,146.55
43.406,154.85,250.23
-103.1,85.463,57.541
235.73,209.7,400.57
-49.604,72.412,78.408
180.1,205.2,406.1
193.33,193.07,354.49
76.815,180.88,227.4
-100.92,97.812,48.708
53.261,176.49,257.14
66.441,142.81,203.23
87.86,174.09,229.84
11.579,160.21,200.02
159.62,224.73,371
161.67,197.85,385.35
36.906,158.51,242.84
156.41,202.23,381.74
95.555,179.98,240.73
10.143,105.85,151.84
51.524,142.62,181.49
47.937,180.24,224.98
115.18,170.49,325.37
-44.647,132.66,113.77
112.13,154.6,277.21
92.315,178.03,309.01
150.67,183.86,301.35
98.337,180.33,243.45
180.39,225.78,404.49
6.2315,128.49,199.78
35.711,119.06,187.84
-23.936,95.931,140.72
-92.972,63.035,57.149
11.133,129.22,204.74
120.49,205.05,335.64
34.627,118.69,190.33
116.44,157.4,277.04
-33.338,138.91,131.14
-65.24,102.2,110.16
78.924,183.9,232.86
107.8,165.63,251.32
98.181,193.73,258.04
149.8,191.52,371.02
-9.2562,121.81,104.2
58.115,132.87,200.83
155.41,207.27,312.49
-20.448,93.679,93.621
-83.281,105.6,36.791
120.23,189.25,269.07
246.07,218.31,408.71
238.18,212.63,401.57
119.1,169.31,326.6
63.723,144.34,198.09
119.74,207.48,292.95
182.27,203.38,407.05
55.528,168.98,265.18
-49.016,94.182,123.33
-99.552,64.424,53.775
33.228,168.98,230.33
0.72614,133.9,121.65
48.223,173.52,201.9
110.06,206.15,313.32
10.232,105.95,156.89
-47.024,74.274,67.254
-12.805,101.05,153.6
125.94,181.48,271.85
-44.492,95.78,128.52
-10.461,117.01,176.06
13.338,125.54,203.2
174.85,194.13,328.53
105.86,204.55,286.24
-21.355,98.66,87.291
-61.734,88.528,107.5
128.07,211.39,339
-25.246,97.413,81.489
113.43,206.9,291.8
61.249,152.68,266.54
-77.15,74.521,81.474
195.74,237.56,412.5
74.746,162.8,285.5
103.37,151.92,261.01
130.75,212.91,308.43
-24.109,91.344,88.977
51.061,176.73,209.41
138.56,212.72,309.27
40.409,175.85,209.79
-58.011,86.831,108.94
-0.43135,143.8,195.32
-27.743,91.061,81.664
120.57,168.65,267.69
135.17,211.83,306.32
203.08,197.14,364.85
-66.953,72.866,24.053
34.188,120,199.4
93.255,171.2,307.61
236.95,236.47,402.5
118.48,159.07,305.37
-86.591,103.51,74.167
76.351,176.85,222.35
235.31,201.67,425.49
-69.861,99.045,30.97
171.48,208.73,327.29
132.16,216.04,332.37
40.495,169.89,192.45
-39.205,135.73,119.01
17.713,114.42,187.17
49.512,153,255.9
-58.55,122.37,77.653
32.216,155.37,237.14
220.76,226.3,381.79
203.78,228.08,434.02
154.03,224.39,356.78
-36.255,135.41,136.82
24.666,139.92,224.52
72.005,154.1,276.53
-43.889,114.63,139.1
78.655,155.03,215.34
-59.338,122.8,80.298
242.33,208.77,412.2
-7.8386,96.29,124.18
11.053,123.74,199.59
117.07,198.43,275.37
-10.502,110.81,169.76
128.64,191.66,278.23
67.471,173.4,279.69
-58.083,119.11,114.61
204.55,215.17,433.7
97.001,153.79,290.27
192.99,236.63,378.78
-35.122,134.76,141.36
-57.548,78.282,97.871
122.33,165.85,322.92
-86.628,58.502,53.067
-52.816,115.62,126.3
222.62,214.43,381.24
203.02,204.1,360.2
173.62,229.96,386.43
-69.58,106.22,103.4
35.887,119.51,193.9
200.47,226.36,430.48
214.64,193.98,399.39
226.37,215.72,385.41
14.322,119.09,195.54
122.99,172.23,332.77
64.993,175.06,275.97
-30.453,83.702,91.508
2.5944,148.83,197.43
154.08,204.63,309.31
108.4,154.6,265.36
-12.052,150.19,148.47
51.906,152.49,228.09
192.57,212.82,337.08
55.548,196.8,207.37
-66.263,118.11,94.841
-58.487,140.1,81.057
208.32,228.6,422.54
58.152,151.19,182.75
193.12,207.19,386
244.57,250.41,394.72
-12.716,130.31,83.838
47.185,192.35,232.04
23.458,133.87,183.07
122.17,185.48,256.07
120.75,220.3,323.64
180.49,210.7,322.27
133.76,206.22,342.16
7.6586,122.46,122.14
5.8201,132.38,173.91
29.184,155.78,215.31
208.17,208.34,387.99
45.889,147.82,164.27
-47.388,143.38,110.9
71.597,186.68,271.4
109.45,223.2,289.75
201.95,258.05,384.88
94.778,198.75,298.79
9.0339,128.3,168.53
64.703,170.64,184.55
112.35,221.7,274.84
103.7,211,249.62
-44.877,94.016,47.387
42.999,183.8,176.63
166.92,222.79,308.83
71.641,165.06,257.32
226.41,241.57,373.59
44.256,150.88,159.7
-55.889,115.12,29.45
86.069,162.23,220.83
-19.002,160.54,145.3
121.71,204.65,256.77
112.54,170.37,269.64
158.88,199.28,299.49
63.405,166.83,253.43
244.49,223.65,405.53
-11.946,122.09,149.48
111.45,172.14,284.07
84.446,209.16,276.26
-14.31,162.78,122.98
29.323,162.82,218.98
-2.0022,162.65,177.47
136.7,233.02,329.06
-47.953,122.87,118.74
77.244,155.3,234.4
-13.237,135.95,162.16
-36.849,124.7,131.8
219.62,259.81,388.02
168.84,239.77,329.01
189.18,206.61,337.89
127.86,227.29,290.53
-39.092,102.17,49.959
110.9,202.2,317.35
192.06,234.16,408.54
17.219,181.18,183
165.91,243.47,338.36
169.04,216.1,380.11
159.16,211.4,368.51
51.037,195.42,233.81
43.85,153,158.38
143.13,218.48,285.27
240.49,230.71,390.24
4.9038,158.13,189.24
-77.901,101.29,76.013
-0.68554,148.38,181.15
199.41,219.61,407.97
-64.878,106.45,14.893
142.82,193.7,280.46
-14.108,128.69,81.774
-80.342,108.28,75.395
-87.693,122.69,35.614
31.131,147.6,141.76
29.052,185.84,181.02
104.82,218.99,267.51
228.23,215.29,397.44
111.97,224.06,287.15
179.83,203.71,374.19
185.95,248.41,391.9
-70.13,132.57,55.465
-15.271,157.91,158.29
104.5,167.3,253.92
-27.676,100.83,80.579
115.85,210.47,256.62
37.622,186.89,222.06
-51.873,88.054,70.108
151.5,223.56,363.08
-42.136,146.85,116.91
113.59,184.68,308.98
208.54,244.95,360.26
101.73,186.44,301.5
17.721,159.68,131.11
146.81,188.16,330.2
99.09,164.67,249.92
120.29,180.56,306.47
-65.352,119.34,96.084
-50.637,143.87,99.349
-90.117,120.54,46.084
110.94,171.09,256.59
91.512,206.93,291.26
236.25,263.58,401.87
-36.919,111.42,120.35
3.9238,123.31,156.82
113.26,213.42,258.48
134.64,221.3,342.68
-40.476,149.7,112.82
-4.8445,117.82,143.32
238.37,218.91,416.15
210.78,209.48,373.95
-74.2,96.409,76.221
-72.39,119.4,21.874
40.058,137.28,173.18
81.509,158.37,219.67
166.2,212.03,375.05
-34.492,98.49,65.146
190.02,230.77,405.95
-40.246,145.66,80.41
120.58,174.6,270.6
-71.785,77.836,48.009
112.81,173.62,288.64
113.58,180.87,303.9
14.348,144.84,193.81
45.764,143.36,207.24
8.4304,168.76,136.84
-58.455,136.76,60.272
220.58,244.69,369.88
140.35,233.73,335.66
180.12,239.15,392.97
15.054,164.12,202.03
156.96,189.66,333.3
-8.7757,166.56,133.52
-24.757,149.85,148.36
205.69,259.71,399.97
97.333,184.17,224.35
-29.856,99.052,88.574
-7.7459,164.52,164.5
-14.275,136.04,84.35
65.973,186.94,264.69
126.04,228.33,294.43
163.37,197.94,307.38
-56.819,96.032,87.95
115.7,189.95,246.3
9.5567,163.94,129.68
194.7,232.32,339.46
163.06,241.68,362.82
56.29,198.89,236.78
91.56,215.21,274.83
79.234,199.57,219.35
8.9467,156.37,120.8
208.73,233.96,425.68
33.224,188.4,207.21
56.539,158.44,239.29
154.5,187.5,318.15
38.907,136.5,182.25
46.924,194.11,227.07
187.92,253.33,375.82
-11.89,165.95,147.36
-45.129,113.4,116.06
151.18,238.78,344.24
103.14,214.27,302.27
10.098,176.94,178.52
1.6091,152.73,111.41
-8.0882,165.22,162.38
152.91,239.37,346.47
10.499,122.18,148.72
62.808,168.62,254.51
177.6,226.76,320.79
2.1333,130.64,103.81
-40.022,93.042,72.488
129.14,221.23,335.2
75.624,157.59,207.62
228.26,215.08,401.99
30.191,172.13,220.87
159.89,191.7,340.35
211.4,208.94,380.7
201.48,239.89,350.29
23.944,166.1,213.31
-61,104.91,18.438
-69.832,116.83,19.8
-43.605,140.62,68.901
202.02,224.85,414.56
122.83,221.21,325.92
53.104,196.56,235.8
130.94,194.79,264.42
-86.211,106.34,67.4
-38.425,142.08,73.073
-34.392,153.34,104.7
169.33,241.02,331.73
66.037,156.76,190.56
31.858,174.82,157.58
170.1,200.72,364.52
-8.353,145.5,96.593
31.964,187.97,204.74
192.56,202.64,354.18
2.49,129.24,104.8
63.969,163.28,183.72
226.86,235.93,372.72
-90.802,84.044,50.957
192.65,239.66,408.63
24.237,155.48,134.68
243.39,250.86,393.87
138.48,208.11,274.62
186.96,213.75,392.82
162.37,237.75,368.62
-57.247,132.96,50.818
179.14,197.04,350.99
96.453,181.23,292.81
105.33,172.09,284.16
3.0243,118.65,141.77
204.99,211.21,398.37
-18.862,107.28,87.28
193.96,233.81,410.57
61.379,197.86,250.91
225.65,265.04,402.82
208.27,208.08,385.94
6.9078,171.45,142.48
-18.271,124.53,148.38
136.11,231.87,331.58
-5.5533,143.46,97.631
176.99,227.37,320.61
207.45,208.01,386.75
159.47,242.4,338.4
192.52,202.78,353.35
81.184,197.45,282
87.971,161.97,256.04
61.604,185.41,190.36
-76.043,101.05,77.825
27.487,175.29,216.01
56.203,196.98,241.98
-70.755,116.3,18.54
143.98,213.44,354.64
131.11,189.09,266.68
-36.61,101.65,55.086
204.97,233.38,421.79
-39.739,119.82,125.93
201.3,254.5,371.12
-39.795,110.86,117.72
211.31,249.05,366.58
148.29,216.4,288.15
14.956,132.04,123.77
232.16,250.2,383.61
8.8374,171.82,187.62
5.8684,166.66,187.55
209.82,261.02,406.44
109.41,203.08,315.75
171.4,244.88,371.78
-48.678,98.496,95.466
77.06,164.39,259.39
204.47,254.49,413.7
2.9735,119.11,118.09
158.23,241.74,335.56
185.44,237.65,400.43
-13.554,162.66,122.06
20.135,151.66,204.15
-23.001,133.87,74.263
88.758,162.31,256.96
65.569,163.02,250.87
192.14,201.81,364.15
110.15,173.22,249.41
229.48,218.53,421.1
-31.546,149.19,88.709
139.31,186.94,325.81
-53.332,103.56,27.656
235.4,253.95,389.27
229.32,215.47,403.25
92.175,164.56,263.5
195.06,230.74,339.06
-48.855,107.53,107.47
15.688,176.85,156.08
-78.587,72.878,35.61
-64.409,78.736,40.82
200.81,219.1,344.69
83.011,211.34,249.42
187.53,220.4,399.1
218.78,249.91,372.8
171.47,208.17,311.75
164.93,212.45,303.47
130.18,231.05,304.88
-57.978,82.562,42.717
-4.0837,113.61,122.64
46.61,192.71,196.74
196.48,254.24,370.29
92.633,184.48,219.04
176.92,197.02,335.52
7.1351,172.86,146.36
-65.771,129.27,41.912
18.704,135.01,128
91.895,208.23,239.54
10.229,128.82,118.08
3.776,121.81,113.9
163.16,238.86,368.38
111.03,193.19,314.25
103.63,169.54,277.2
68.898,172.66,189.77
-35.955,127.61,134.14
-5.1555,126.6,159.62
5.5977,175.46,163.21
-48.883,99.515,97.058
201.99,253.13,368.06
4.1285,129.86,107.11
73.43,207.47,240.58
93.44,163.24,257.94
193.5,214.93,398.68
-10.355,144.28,93.829
127.57,199.75,333.19
201.85,257.22,402.04
157.35,196.28,350.88
-23.803,103.13,85.506
-56.383,83.427,46.299
60.623,181.34,185.83
-21.398,112.85,73.99
193.86,222.02,405.63
210.7,208.93,388.25
16.561,141.59,192.32
224.05,218.05,378.86
-96.665,90.608,50.321
130.42,228.82,294.97
173.21,198.09,359.59
16.086,137.76,122.51
141.29,182.27,303.06
246.6,227.33,402.45
31.955,181.47,218.55
9.2116,138.13,183.22
153.57,197.93,292.92
158.99,217.88,298.88
-0.88132,154.07,181.86
172.8,236.39,384.88
145.94,191.4,337.09
-51.619,86.264,52.487
-15.512,146.24,91.578
231.37,219.27,389.8
240.48,232.34,389.35
-87.982,106.84,64.916
-17.507,127.86,152.22
18.684,178.18,159.34
2.5125,166.8,181.67
216.12,229.87,430.09
172.92,246.04,371.77
42.6,155.21,225.99
-41.286,93.702,58.218
215.84,210.57,390.75
16.899,125.04,151.72
215.81,256.2,379.47
198.59,204.39,364.27
-5.4862,155.4,175.52
73.873,157.07,243.4
65.615,187.94,264.14
76.624,209.22,248.72
-12.974,164.83,130.78
-39.361,123.6,128.59
194.66,236.19,411.44
74.075,154.5,234.27
0.49954,171.27,144.54
217.14,238.31,363.36
147.3,194.5,342.87
-51.92,90.257,77.41
-4.8774,164.58,170.37
73.069,175.51,195.12
186.78,245.39,347.04
154.04,187.71,312.46
136.66,223.72,343.97
-19.294,129.43,75.796
203.03,238.53,420.74
160.34,236.83,366.57
105.95,219.78,297.5
133.88,186.05,273.42
227.17,248.96,378.51
49.2,190.84,191.89
47.658,146.02,214.15
57.739,162.57,175.56
-76.009,102.06,78.436
246.79,227.86,402.03
100.39,177.02,290.83
10.378,121.83,134.19
-77.097,128.87,60.308
172.75,247.25,365.94
240.96,249.54,390.94
-55.925,98.898,92.469
183.91,228.74,327.65
180.66,213.44,321.6
170.08,219.14,310.24
129.95,215.12,271.86
-27.658,156.14,132.88
154.38,191.22,339.13
127.21,182.69,313.13
203.74,255.49,374.07
105.53,184.79,234.21
119.77,182.16,309.1
213.29,262.65,406.3
-1.6311,119.77,148.1
152.82,210.42,362.22
-81.824,124.18,32.267
32.194,182.5,170.48
176.35,196.88,354.43
138.13,233.65,330.31
138.25,222.33,285.71
25.402,167.87,215.12
46.213,155.44,228.82
123.29,193.7,325.23
7.7426,168.24,135.66
11.27,176.09,155.25
26.503,166,216.43
-29.464,134.81,69.188
65.602,188.36,264.05
127.08,186.66,262.42
188.86,200.83,363.64
31.334,145.52,142.57
146.62,185.12,318.79
8.7962,176.78,173.78
206.88,238.54,424.92
100.23,168.31,238.61
-74.784,138.16,65.779
-83.294,102.08,45.479
239.51,277.63,387.4
-2.4883,183.75,155.83
102.55,232.32,284.82
94.656,179.93,247.37
-83.262,140.4,39.118
10.336,141.8,107.37
-34.347,156.49,59.241
11.787,173.96,184.23
-51.444,107.76,21.116
-14.237,123.97,84.852
196.57,265.76,345.98
106.31,183.68,245.31
189.9,268.83,375.98
58.694,166.44,212.91
-24.559,165.06,77.266
222.62,254.28,355.6
150.88,236.65,349.58
213.2,261.99,351.6
-8.365,128.45,115.3
103.59,236.7,267.23
90.382,228.4,268.14
98.086,189.17,270.62
-30.251,147.26,128.29
179.59,259.85,327.83
53.426,209.13,229.2
-19.334,162.67,76.26
235.24,253.65,368.83
126.5,216.92,246.55
22.865,166.67,117.75
-63.795,94.364,25.954
94.831,178.75,229.89
-69.834,143.12,24.375
201.49,229.37,387.94
96.296,204.81,284.76
-3.9213,169.49,94.712
25.375,168.34,196.02
129.5,247.21,295.46
155.46,217.82,280.3
160.3,207.15,301.48
113.17,190.65,239.14
-61.544,120.74,3.9763
195.77,248.11,327.17
11.345,178.79,183.56
196.1,233.01,326.44
77.697,223.4,223.04
87.867,206.01,203.08
-51.637,142.4,30.221
137.55,233.69,334.37
118.39,222.11,312.78
5.6194,181.43,174.06
210.21,264.13,351.53
202.47,273.55,367.83
3.3571,137.2,99.201
105.49,221.49,230.53
74.408,198.27,260.1
95.399,232.22,268.74
91.764,217.34,216.19
45.551,194.63,158.07
83.274,207.3,199.87
79.419,223.88,254.69
-50.811,117.45,85.739
169.54,222.32,359.1
-53.79,145.72,33.465
32.441,167.49,129.52
-85.883,130.01,51.64
111.89,231.85,301.11
6.1174,139.42,101.82
169.79,256.39,317.29
47.957,158.28,163.3
149.35,225.15,345.14
99.567,180.99,234.5
206.67,247.26,409.38
157.68,249.35,299.39
158.27,253.65,348.97
83.576,222.31,219.95
16.126,145.33,114.54
-81.781,112.92,55.834
74.46,189.36,254.86
-47.987,104.92,57.946
-8.2102,173.03,97.176
85.482,175.79,211.67
213.67,247.14,415.66
79.242,174.61,199.42
47.402,173.7,148.77
-79.203,123.12,62.778
-44.377,163.16,92.267
158.08,256.26,343.1
201.67,241.03,401.19
-54.645,132.19,17.874
201.86,273.96,385.88
-56.815,155.73,76.847
-32.732,153.9,56.705
158.6,217.1,284.77
-29.513,127.33,47.053
-47.686,151.24,44.958
246.31,238.16,403.56
15.403,140.56,142.78
224.16,268.08,365.75
163.12,220.89,289.06
-58.777,149.98,40.421
148.75,219.96,271.65
234.63,254.54,368.19
142.42,241.71,279.54
54.812,200.96,237.21
202.87,273.95,369.53
-82.86,138.22,48.106
247.87,261.05,383.08
-48.159,103.74,49.656
22.529,144.38,152.49
37.468,204.92,174.94
48.726,212.23,207.41
187.72,255.84,389.37
74.338,178.39,241.64
186.57,217.18,331.27
177.92,222.22,308.23
-19.855,171.76,137.58
10.065,155.17,171.68
33.128,198.51,157.76
22.128,193.02,192.08
136,203.96,313.33
67.779,207.8,188.73
196.02,221.38,339.71
8.6632,183.03,177.91
-40.471,135.17,111.25
127.61,232.89,322.29
136.28,240.05,273.65
66.551,220.38,229.65
206.99,268.36,407.21
-15.946,154.39,146.98
79.307,180.69,191.83
-4.4045,185.25,130.01
129.82,200.21,303.84
23.577,151.52,121.93
-12.908,173.14,95.728
-2.2583,139.64,85.728
187.26,256.44,326.94
169.14,232.94,295.47
59.11,162.05,193.5
-16.876,168.9,86.743
101.26,182.15,234.01
171.7,223.42,299.13
86.541,208.37,275.68
247.28,265.19,383.58
5.2458,154.22,93.791
-0.56767,173.72,102.15
-12.577,128.56,77.11
5.6439,182.83,173.07
236.91,269.26,376.68
-46.762,113.2,25.208
52.207,161.63,200.03
-50.72,159.46,84.014
85.411,224.77,226.04
-16.204,177.3,106.87
71.213,171.89,187.45
10.651,178.14,114.85
119.9,220.79,314.27
188.42,232.7,317.08
189.77,218.36,358.18
171.89,248.57,307.42
91.051,220.51,219.89
177.62,265.61,350.87
9.2203,190.49,169.27
146.39,216.84,269.14
211.25,225.95,380.46
62.196,165.54,209.51
82.472,185.07,194.03
-51.758,140.11,100.54
84.338,173.89,225.26
111.58,234.86,297.15
12.917,194.74,156.62
123.17,240.41,269.35
205.07,235.18,398.27
102.37,193.3,218.69
-13.253,154.37,149.89
90.242,230.62,259.46
20.194,148.72,167.21
-19.674,129.72,62.054
71.976,222.66,237.57
110.76,208.15,300.1
125.01,192.09,278.76
-54.562,145.26,32.393
50.699,207.88,225.87
-49.942,102.75,48.1
17.568,141.27,129.53
28.885,197.33,199.3
-25.676,128.37,114.86
134.86,197.09,271.48
77.18,208.58,196.14
182.73,267.4,360.42
102.73,201.26,288.12
193.06,237.77,391.57
42.064,191.54,152.2
-88.462,116.19,49.685
146.26,207.29,274.29
189.94,219.01,360.71
184.75,265.9,373.47
-8.7069,126.52,97.544
33.472,172.11,131.53
-20.315,152.14,141.27
-58.034,148.43,36.903
123.19,230.94,253.53
84.095,225.3,261.65
60.691,213.9,235.75
-8.6566,151.48,76.493
33.798,198.5,206.84
122.97,244.08,282.86
156.27,257.63,328.02
131.53,199.26,302.34
-29.714,125.05,107.73
78.978,183.86,189.53
86.753,220.93,218.4
190.92,219.8,363.3
176.03,231.54,302.78
-21.387,129.16,59.454
182.48,266.74,364.81
60.685,209.88,240.83
-51.037,152.56,46.569
-26.147,147.86,133.07
-5.5972,141.78,145.08
115.52,195.63,236.91
-31.846,154.11,127.46
162.26,241.68,293.58
-69.745,148.29,42.962
-88.858,95.696,34.184
-20.972,159.15,141.92
148.62,236.38,347.01
78.939,185.67,188.87
116.35,194.73,239.18
106.64,186.88,267.89
-64.613,131.29,82.771
57.656,178.71,231.69
95.392,228.1,235.38
-56.297,139.98,24.194
147.31,254,313.29
-28.968,164.88,75.697
101.7,196.76,283.01
218.41,247.87,420.26
226.61,230.61,384.89
-77.116,94.882,38.238
130.04,202.35,307.8
-40.506,111.12,75.462
-2.1545,184.85,125.06
77.513,225.29,233.69
9.3811,171.62,107.1
232.1,232.66,395.95
-52.057,134.66,98.779
-18.656,178.11,119.63
211.65,270.57,411.91
182.61,264.08,338.31
3.1955,134.12,106.71
-30.01,114.29,72.989
148,209.64,274.72
178.83,244.55,309.75
135.9,220.88,330.43
6.7583,169.46,177.46
54.514,164.56,207.97
23.903,146.6,160.97
-37.97,139.08,38.818
93.963,203.96,282.09
166.46,208.5,325.66
-55.575,120.14,10.905
-0.33929,165.07,168.15
209.8,263.51,350.57
218.79,247.76,420.51
117.97,188.78,267.38
216,279.48,399.46
27.221,190.69,202.2
241.62,255.69,375.91
155.5,256.14,337.35
89.252,210.3,278.95
199.99,273.82,374.03
216.48,278.92,404.31
65.989,171.26,178.24
46.195,158.16,190.66
-24.77,169.65,86.732
229.66,271.77,373.67
203.01,236.34,398.13
189.08,257.54,390.34
171.82,230.81,368.59
227.22,231.12,382.18
82.773,186.73,193.81
95.932,196.12,278.09
68.361,173.35,180.13
139.34,242.69,279.39
15.206,173.36,188.14
-37.954,120.45,96.725
-13.643,178.3,108.77
0.93519,149.49,158.86
-10.249,182.09,137.7
-43.89,162.59,96.916
13.731,192.38,175.94
-91.43,111.37,44.58
167.71,259.44,354.95
-63.553,151.88,67.178
-21.014,120.41,73.994
70.677,215.96,203.28
36.043,173.1,209.06
173.48,254.05,315.17
74.966,220.09,253.17
37.132,179.87,214.17
-18.676,126.99,66.219
-85.834,139.25,25.7
96.941,184.71,217.66
-88.258,119.04,50.457
113.58,194.04,285.92
147.19,244.28,285.98
1.0806,138.86,92.334
187.55,249.92,320.96
150.6,203.98,288.16
102.54,196.55,283.37
-64.4,141.09,82.064
101.01,223.09,229.32
189.83,267.51,379.77
99.886,181.69,231.62
-31.312,166.6,79.636
-58.199,155.62,68.684
27.743,188.07,138.26
16.098,195.83,155.56
22.522,150.47,171.4
135.82,216.85,327.97
218.4,259.28,353.88
22.932,199.45,178.62
3.5873,167.95,98.977
125.03,245.49,293.49
207.93,256.35,413.05
117.86,227.42,245.84
67.228,182.78,243.03
156.73,257.29,335.32
27.305,179.85,203.5
-35.843,148.1,121.87
126.93,195.42,257.68
39.216,156.04,147.01
1.4445,149.54,88.512
43.201,206.83,212.45
147.48,204.63,318.25
69.247,194.76,253.42
229.85,235.65,373.26
-34.283,168.74,90.253
-43.363,117.39,89.455
152.78,220.96,345.26
-53.103,143.32,30.442
198.1,230.36,387.61
56.971,213,229.73
54.943,199.68,237.69
-17.803,128.15,116.91
50.823,206.68,227.57
197.77,272.9,377.74
139.56,227.73,264.14
-52.965,122.7,90.016
-74.889,92.026,31.683
9.2997,187.17,175.22
127.54,237.35,319.62
17.735,143.47,153.25
54.94,214.74,203.86
-35.453,138.2,118.13
211.88,272.74,409.65
213.94,264.06,419.03
218.9,280.15,405.44
-13.388,127.8,76.5
27.252,153.05,177.81
-9.5816,154.13,76.762
148.34,214.46,335.5
-72.18,141.96,21.692
116.76,209.01,305.96
129.76,242.85,276.37
49.56,162.03,201.42
30.96,178.56,131.87
102.74,216.81,224.02
230.92,274.6,378.04
187.05,225.15,373.67
121.67,242.29,301.76
214.69,232.65,352.55
203.35,222.82,352.54
191.55,261.65,390.97
145.62,221.52,339.65
-42.036,131.94,30.782
83.186,222.85,221.08
-20.453,126.32,63.408
-1.3271,150.48,84.965
110.5,192.6,231.73
236.68,245.35,372.9
177.63,250.19,378.83
-34.747,158.86,62.819
-39.58,124.81,102.16
-65.003,94.225,30.75
131.62,216.47,251.95
-56.3,122.49,86.991
238.81,237.17,387.28
82.304,173.59,210.91
-5.5598,162.24,161.35
162.42,259.94,333.6
221.35,228.79,377.19
156.18,210.84,286.24
45.182,156.2,162.22
91.969,185.99,207.8
101.75,182.03,250.13
30.864,168.97,201.28
72.149,222.54,239.13
-41.306,137.5,111.81
142.03,250.54,323.98
95.054,178.62,233.96
49.891,158.05,186.47
126.88,193.07,282.36
155.84,257.14,321.69
-35.267,111.39,59.171
110.98,187.72,240.87
-27.285,129.94,49.784
237.02,235.19,407.62
213.39,266.52,356.49
140.11,235.16,337.18
-43.826,154.01,109.48
-25.128,173.07,98.054
159.43,207.4,298.56
180.97,223.71,368.12
-44.668,155.26,107.17
-52.811,102.44,53.016
71.151,71.439,262.65
-54.625,55.902,154.7
-37.904,8.2938,139.31
118.54,114.41,386.09
-11.681,64.329,168.25
182.27,120.97,390.21
137.47,107.3,393.95
62.959,101.77,262.14
-3.8057,76.694,192.85
201.54,126.06,417.72
211.61,137.22,417.92
-58.38,20.107,166.23
23.363,68.288,201.48
12.143,52.753,255.23
-21.512,65.07,164.47
-65.377,46.496,154.69
-53.104,26.099,97.187
104.48,110.87,371.73
24.898,96.164,245.21
-36.528,8.9296,144.13
117.95,114.74,315.07
97.461,127.27,317.31
-39.969,19.519,114.32
234.2,143.03,447.01
176.2,148.8,383.13
-31.335,43.785,131.21
-26.226,38.677,210.84
43.948,81.045,302.3
-48.821,40.696,186.29
131.54,133.9,340.29
61.357,59.635,266.53
235.53,166.86,440.7
-67.194,47.941,145.77
-2.6279,78.165,196.43
123.72,101.95,380.27
-80.631,-9.5949,109.17
38.705,81.346,224.24
30.519,64.713,208.2
56.122,105.52,264.99
24.118,96.346,259.22
-87.619,34.404,84.667
195.38,129.74,400.97
-100.15,21.04,113.14
-56.14,55.033,153.6
-32.953,64.547,162.61
-107.08,19.406,101.8
-17.475,40.792,145.06
-107.72,7.6168,104.15
19.059,88.514,267.3
-81.956,8.5159,134.35
225.48,137.23,441.8
-3.6662,52.488,241.55
-81.955,-15.201,72.65
20.076,63.933,270.89
-41.668,23.899,184.03
-36.486,65.047,184.13
-60.562,22.45,86.871
90.413,86.145,282.11
92.412,74.359,306.66
79.815,107.53,344.79
104.04,124.81,314.48
7.7989,32.461,208.28
135.17,99.911,381.18
209.64,142.07,412.68
166.89,148.46,438.68
95.965,123,308.5
188.03,118.51,418.2
-87.232,32.731,127.21
77.818,72.184,273.58
57.661,68.111,301.77
221,166.2,428.39
11.036,84.852,257
0.99838,34.06,220.82
49.259,69.228,298.47
-3.0391,71.219,183.06
91.997,94.646,352.49
77.441,119.77,331.01
-43.349,48.518,193.1
-32.35,19.27,182.42
107.24,106.33,301.59
40.815,69.652,221.16
119.69,96.185,317.95
-67.151,35.696,93.362
-65.773,-6.8401,99.94
68.064,111.65,279.85
-1.8565,78.014,241.38
-11.418,22.312,178.69
191.27,168.56,415.36
129.19,96.187,333.41
-73.721,-10.428,82.902
69.195,63.255,277.96
96.143,95.502,287.77
146.28,154.15,396.07
14.515,68.264,267.27
-7.9947,24.312,179.19
112.85,121.64,381.52
87.867,78.973,330.77
5.0263,41.621,236.68
10.63,35.756,223.42
91.509,79.995,288.18
170.35,120.18,373.08
64.568,98.87,259.98
129.65,130.06,335.09
204.99,149.08,407.34
77.236,76.484,323.04
47.414,58.432,235.03
70.27,63.759,286.74
-58.754,18.959,164.89
150.72,109.27,353.44
-83.093,39.615,122.27
86.297,101.11,351.13
-76.42,36.95,91.398
47.697,94.209,307.34
7.3266,84.023,211.2
149.6,152.22,376.76
-12.487,27.18,203.46
32.752,80.814,218.82
85.535,89.919,343.81
107.83,82.46,336.23
193.99,175.68,438.45
37.111,53.385,268.73
-38.824,9.0336,130.16
130.84,103.37,329.21
-67.98,48.761,133.49
-96.46,-15.301,93.312
91.388,104.49,357.15
29.203,99.138,258.26
49.307,105.35,264.19
108.87,130.17,325.05
-70.609,-8.9501,105.43
16.68,91.138,257.07
-58.951,0.3841,95.835
-58.408,53.928,146.87
63.953,76.364,315.81
-28.946,14.501,168.56
136.64,98.028,344.53
55.249,111.38,297.78
-95.751,-17.627,88.355
1.1684,79.422,199.69
32.841,94.73,238.11
74.226,117.44,329.01
-18.849,18.529,173.04
-22.716,37.12,137.7
83.623,122.64,338.11
121.07,127.43,390.1
-69.616,9.133,71.68
93.948,114.63,360.53
169.74,124.78,431.58
-88.98,29.639,127.07
78.836,71.804,276.17
131.13,144.56,358.96
158.52,152.25,377.89
-37.443,35.81,119.73
226.44,156.91,429.67
-34.777,54.224,140
61.198,73.77,246.61
-62.415,46.299,161.58
23.204,58.742,269.38
89.664,121.32,303.64
23.306,66.094,275.19
207.5,148.63,409.74
196.98,139.34,398.68
151.16,101.68,375.17
-27.468,58.762,213.44
52.175,65.828,295.82
106.58,120.56,310.54
107.71,130.98,369.54
-44.773,60.19,175.44
152.16,153.44,379.65
73.688,96.823,337.35
90.162,90.824,347.89
204.26,180.46,452.52
19.196,71.313,199.43
189.75,119.15,415.25
124.54,90.004,338.9
-39.3,62.3,158.19
202.57,135.93,406.5
-30.308,68.394,191.69
56.318,107.72,269.84
47.188,107.25,289.61
-67.72,45.177,112.47
0.67915,54.647,170.96
193.56,125.85,402.45
-66.343,8.7507,147.81
36.192,63.955,215.21
156.75,158.52,409.73
-17.124,22.922,192.4
-83.41,38.142,95.563
166.82,123.16,428.17
211.61,144.62,414.31
-64.922,3.3388,80.395
-69.91,47.196,123.34
75.759,68.73,275.73
-58.438,27.484,92.169
-60.381,38.273,101.33
156.21,157.23,413.47
-51.225,0.97616,123.71
-33.08,65.58,166.52
0.1139,83.196,211.7
31.452,76.754,287.93
202.41,124.83,429.59
167.38,114.27,374.3
-90.674,35.059,89.187
4.1837,84.926,241.4
-111.08,-2.6825,96.396
37.002,102.87,265.69
47.719,108.25,281.94
125.1,96.453,326.07
217.95,144.64,421.84
51.455,60.37,240.12
-28.077,21.875,188.85
143.16,149.4,370.13
102.21,131.64,328.5
-59.765,53.033,149.32
147.38,110.79,403.22
-72.266,-3.0818,71.834
-5.7306,42.403,231.23
173.89,124.68,375.32
-32.189,67.151,173.3
-29.136,61.843,208.64
89.979,107.33,356.28
-61.042,46.988,163.53
-49.528,5.1437,146.66
-67.274,45.725,114.04
99.297,84.974,344.88
32.524,68.835,285.24
-25.312,16.018,150
-16.484,74.546,189.74
54.252,97.103,251.16
56.406,56.851,267.33
30.692,45.164,224.23
74.908,121.32,313.28
12.925,82.471,208.75
59.06,103.02,261.76
214.28,130.8,435.09
195.52,150.78,399.31
89.318,107.72,286.42
-8.5598,34.943,158.17
-19.98,19.762,182.87
-38.615,28.777,191.5
163.98,133.04,364.48
-55.205,6.8821,95.421
80.33,101.15,345.18
63.271,96.394,256.69
-28.201,15.617,172.59
113.23,131.63,377.58
-30.283,43.417,209.44
20.792,40.464,234.4
-39.553,22.426,114.22
48.952,85.68,308.87
26.358,42.438,236.83
128.4,146.04,368.69
46.23,55.017,272.61
91.09,122.96,307.19
71.592,75.892,260.24
201.08,151.38,473.49
24.071,93.916,268.44
38.262,100.61,286.15
-80.388,39.454,98.552
110.88,99.294,304.92
45.714,63.262,228.5
-79.932,39.44,98.259
180.61,129.38,381.89
90.797,128.1,323.26
168.07,157.57,389.83
114.46,119.51,383.3
48.38,52.989,253.11
111.35,85.626,346.49
175.61,129.71,440.02
-38.118,21.479,183.4
42.287,63.57,287.48
-108.06,-5.4892,97.66
225.31,158.96,428.91
-50.823,5.5505,106.01
181.86,124.43,436.93
183.15,138.55,384.16
52.289,108.99,275.17
-114.29,8.2366,94.834
43.098,83.536,302.11
53.201,81.417,238.02
65.366,108.65,273.45
-1.889,67.356,247.52
145.48,140.43,415.61
163.36,115.7,416.77
32.981,65.431,283
155.91,117.55,415.88
72.498,113.8,285.08
6.693,39.426,181
34.221,80.484,219.74
27.408,94.121,275.3
118.36,89.201,355.3
-62.82,44.11,163.23
108.56,90.698,305.46
90.831,88.434,345.88
135.38,126.13,336.27
75.502,114.65,287.43
172.51,141.3,444.29
7.551,39.662,234.16
33.144,51.582,216.74
-21.058,17.34,169.81
-89.676,-17.701,86.764
12.848,41.198,238.49
110.6,115.87,378.9
33.128,49.913,218.92
110.92,95.228,306.13
-50.876,49.343,180.51
-67.841,10.499,148.74
54.354,110.71,281.18
92.341,105.5,287.33
73.757,120.39,306.31
151.88,109.13,402.24
-30.896,57.25,146.8
49.84,70.002,232.34
132.33,143.44,355.92
-31.053,32.662,126.21
-106.34,27.487,85.894
97.674,124.86,312.32
232.66,168.53,439
226.38,162.23,430.85
122.57,89.931,355.54
48.702,82.86,234.3
96.255,131.22,341.64
184.77,123.83,436.81
50.722,76.207,305.91
-46.662,8.4368,155.68
-96.86,-18.969,84.918
21.529,75.797,276.59
-22.629,66.347,166.78
23.795,96.456,251.65
94.68,118.49,360.25
8.216,37.92,185.58
-52.766,11.985,96.556
-10.089,23.039,182.59
106.76,120.84,310.96
-42.004,10.388,160.62
-8.5196,29.553,209.41
15.884,39.963,235.33
159.35,138.1,362.94
83.818,123.79,335.6
-35.898,38.159,122.74
-59.612,2.441,140.16
115.21,123.74,383.96
-40.358,37.015,117.34
90.829,127.81,340.93
63.181,65.94,299.61
-74.167,-8.2401,112.14
182.67,156.04,455.18
75.74,74.846,319.79
97.534,89.25,290.54
107.76,136.25,356.9
-34.493,30.408,121.36
27.003,98.035,259.53
114.7,139.93,356.88
18.487,91.628,260.44
-55.282,2.5928,140.39
-6.1865,49.664,237.32
-39.608,30.648,114.99
106.66,109.28,302.19
111.35,138.4,354.15
192.66,143.52,394.34
-81.801,14.417,58.919
34.859,47.776,227.66
94.233,84.008,341.61
215.08,180.05,442.04
120.29,88.424,332.12
-97.151,11.992,118.88
52.186,107.21,268.94
235.89,144.34,447.89
-93.8,31.255,76.644
149.66,148.22,368.4
114.65,131.7,379.63
16.062,92.605,242.29
-58.026,47.691,168.76
19.764,38.699,215.75
49.955,63.48,291.24
-80.727,40.418,127.6
28.71,62.349,276.95
199.74,170.26,420.51
200.03,145.82,469.72
136.69,141.84,403.19
-50.112,43.213,184.37
25.42,50.317,259.65
74.613,69.468,308.23
-46.704,22.112,178.17
61.715,93.523,253.06
-80.804,39.491,130.23
234.75,157.92,438.37
-12.488,31.432,153.66
13.681,38.51,231.52
92.796,128.38,322.2
-7.6767,26.693,201.08
106.43,128.2,320.83
63.168,81.256,319.77
-67.95,26.124,159.36
206.31,136.17,463.82
99.977,77.888,318.2
170.76,164.79,424.73
-47.521,41.821,188.06
-54.384,-0.30571,126.73
125.74,90.094,350.46
-83.509,-16.618,80.58
-58.485,22.351,167.89
206.4,162.07,414.75
188.15,150.47,393.16
159.58,146.9,430.47
-75.299,13.581,144.78
34.889,50.061,222.36
196.95,143.88,466.1
214.07,135.9,422.99
210.24,163.7,418.71
17.306,37.881,225.58
126.39,92.273,361.98
59.235,82.467,317.37
-35.732,20.243,120.92
-5.2265,54.527,241.11
131.42,141.69,352.05
101.89,92.581,295.15
-32.719,63.776,199.02
43.974,73.348,265.82
168.61,159.34,377.07
21.311,116.85,265.91
-80.282,27.448,141.9
-87.514,53.306,138.27
200.26,152.33,459.23
36.413,90.298,223.95
186.04,139.34,418.55
213.05,197.54,440.35
-43.616,68.727,132.46
23.505,100.96,286.92
14.806,58.352,219.91
97.134,127.12,298.84
100.52,131.89,374.64
154.93,156.13,363.93
123.25,121.64,384.07
-11.557,60.828,161.68
-2.1781,50.893,212.62
19.499,68.157,257.78
198.86,147.5,419.49
22.05,87.203,207
-70.738,52.045,165.5
58.332,96.556,317.66
79.644,139.22,346.44
170.68,184.37,438.61
80.717,109.35,345.38
0.75592,51.111,205.74
33.882,108.46,233.35
78.351,144.4,332.15
68.297,139.61,305.66
-65.566,35.089,86.995
7.3445,109.99,233.83
134.12,162.88,358.26
63.768,84.129,295.71
195.34,187.9,419.2
17.968,90.226,204.36
-89.536,51.73,80.932
66.432,101.3,260.41
-44.12,69.301,201.24
88.469,141.75,307.75
99.687,105.78,305.4
134.95,143.18,340.49
54.862,82.46,293.72
228.03,172.94,438.57
-19.894,41.387,187.84
102.25,101.93,319.22
60.698,119.42,330.53
-47.747,80.76,181.73
17.586,72.585,264.09
-21.139,69.456,229.53
110,148.52,383.54
-59.815,33.059,163.78
66.045,86.815,270.43
-23.366,47.506,205.3
-47.361,36.097,175.3
185.79,194.02,440.61
134.2,170.71,383.52
168.73,152.41,375.43
93.645,151.85,347.26
-63.515,43.708,92.291
98.334,114.51,362.09
179.89,152.72,450.49
-11.435,92.341,240.74
132.86,169.05,393.78
159.98,135.63,419.24
150.26,130.5,407.69
25.931,104.83,289.48
16.295,92.109,204.12
108.92,154.64,337.37
216.99,181.35,428.23
-9.8124,65.714,237.54
-88.266,14.206,118.8
-12.621,57.724,226.59
192.37,145.3,443.07
-97.619,44.909,64.934
118.2,136.53,322.44
-44.686,67.384,130.04
-93.608,18.626,121.47
-117.99,39.005,92.575
2.997,86.572,188.01
-4.0657,102.86,239.9
71,140.69,325.07
215.56,160.44,429.17
80.624,142.07,344.26
172.84,133.46,407.64
163.47,166.11,442.21
-101.61,49.56,113.08
-35.952,64.98,211.45
89.587,104.24,290.68
-44.194,38.72,118.2
80.888,143.3,310.64
14.871,94.886,276.46
-62.124,19.361,105.48
136.78,137.82,408.73
-66.049,55.585,171.92
105.88,104.85,346.8
174.76,185.5,410.27
92.849,102.43,341.9
-16.855,92.495,184.83
138.74,118.14,364.39
84.983,100.63,286.44
112.64,105.93,342.18
-79.691,28.497,143.47
-77.123,54.467,155.62
-115.99,32.648,101.28
94.151,109.74,294.13
72.105,116.51,342.42
202.29,201.22,453.18
-44.936,29.323,159.32
-4.829,48.298,193.54
77.941,143.66,313.81
117.48,133.8,390.94
-67.117,60.026,169.32
-13.816,43.748,179.84
228.09,162.55,446.63
196.41,154.32,407.13
-82.911,12.239,116.56
-107.64,48.895,77.443
24.418,72.955,211
63.936,96.244,258.13
157.87,132.57,413.21
-53.499,38.306,103.95
178.89,149.81,446.89
-74.728,67.469,138.44
104.91,113.02,307.36
-80.999,8.0299,83.013
104.1,102.33,323.85
106.06,103.49,340.6
5.4207,58.722,235.09
36.64,69.7,243.71
-27.039,92.906,194.72
-92.161,57.429,118.16
187.92,188.5,417.72
114.73,148.86,389.46
162.96,155.42,439.72
-0.083904,71.608,250.7
147.59,123.65,366.91
-41.617,83.225,192.32
-43.354,56.873,199.91
177.58,182.75,452.55
67.3,123.34,272
-42.888,33.589,124.82
-30.668,72.115,219.19
-47.318,72.247,135.52
51.47,95.985,312.25
92.803,150.45,351.37
141.68,141.93,346.6
-64.56,17.263,125.38
86.785,130.42,292.56
-26.073,92.025,186.1
162.48,175.03,387.4
138.48,158.23,415.24
29.721,109.36,293.17
63.616,128.38,331.21
43.683,127.58,275.75
-25.869,88.625,174.93
199.16,155.75,464.32
6.0829,98.58,264.16
48.578,76.832,278.02
141.98,125.56,352.59
26.479,68.793,218.93
21.036,103.82,283.23
158.2,176.23,429.7
-39.886,76.627,204.78
-54.027,27.956,157.05
124.2,155.73,398.37
81.961,124.83,354.42
-16.914,86.72,235.53
-33.248,84.951,165.59
-31.895,73.173,217.62
126.06,156.38,400.46
-1.159,53.48,185.18
53.883,83.207,295.51
144.94,167.73,369.76
-25.28,70.305,149.22
-53.595,28.736,108.7
110.64,133.28,384.68
55.731,96.448,247.49
217.03,158.82,433.17
14.763,79.75,269.71
151.26,124.5,373.85
199.17,152.04,412.9
168.07,181.04,399.78
9.9073,74.173,260.89
-92.605,44.583,67.109
-104.95,48.891,74.248
-78.748,65.47,126.24
194.22,148.66,451.01
102.56,132.95,376.9
27.768,106.16,291.58
102.91,136.35,309.56
-100.09,16.611,113.98
-73.774,67.986,130.15
-65.977,68.711,163.05
134.87,171.08,386.46
42.936,96.288,232.67
-3.7532,103.25,213.86
163.07,129.14,398.54
-42.866,78.832,150.06
4.4765,98.378,261.87
178.16,145.78,388.06
-24.064,69.068,149.48
36.273,102.56,229.51
197.96,183.98,415.95
-98.97,1.9799,90.033
177.98,157.32,452.88
-8.4224,91.449,185.65
211.6,197.56,439.89
106.42,147.49,323.77
179.94,139.06,428.05
141.34,152.89,418.82
-92.255,58.136,107.92
168.34,135.37,383.99
88.12,98.379,332.33
97.121,98.645,319.84
-7.9823,49.035,178.1
197.98,144.73,430.34
-37.604,46.252,126.21
182.25,152.78,451.99
38.667,106.64,304.97
192.96,196.5,455.61
198.46,148.01,417.53
-27.85,92.397,201.07
-26.652,40.34,188.47
110.75,146.49,385.37
-39.288,78.362,149.86
144.1,167.96,369.92
198.03,147.26,418.3
127.89,164.82,393.93
177.82,146.14,387.38
64.816,106.64,330.95
78.581,90.68,291.78
26.447,116.57,245.2
-86.049,14.403,120.16
9.6378,82.393,266.95
32.033,106.12,297.03
-105.87,48.394,72.968
132.4,128.64,397.46
106.24,131.22,309.12
-59.669,42.943,96.454
195.08,154.58,460.91
-49.387,32.645,168.19
167.62,185.69,424.78
-47.896,28.218,156.97
177.17,188.13,417.46
115.05,154.78,338.61
-9.1366,71.67,166.61
199.35,194.47,431.39
-13.019,79.076,241.62
-13.271,73.481,239.6
182.41,183.86,458.56
96.207,114.94,361.17
146.77,162.22,423.92
-56.533,21.04,132.46
69.261,85.779,296.8
182.92,173.56,462.75
-15.241,57.047,157.02
126.29,164.57,391.2
170.34,154.62,445.3
-47.327,81.359,180.78
10.359,63.78,246.79
-56.732,69.232,126.31
79.369,91.063,292.68
57.619,81.43,289.58
181.13,141.67,396.7
90.415,113.33,288.66
222.19,155.98,451.71
-66.466,72.119,146.64
131.64,114.67,360.59
-82.788,44.559,74.126
202.11,197.28,437.8
218.13,159.27,434.37
83.202,92.506,299.21
163.37,174.11,386.32
-57.129,24.169,147.15
-18.783,96.852,214.83
-88.232,4.5757,70.351
-77.281,14.939,76.28
175.05,166.14,385.87
50.571,129.08,307.48
179.35,142.56,436.5
184.95,190.71,422.76
145.3,152.82,354.2
135.42,155.44,349.19
98.194,151.38,361.56
-72.969,20.711,79.052
-17.432,47.536,159.37
12.412,112.38,255.41
163.42,183.23,424.35
61.612,122.83,267.79
161.89,139.19,370.28
-27.136,92.374,205.14
-100.47,53.644,99.096
-6.0258,74.601,171.34
56.543,134.5,296.47
-13.396,68.496,160.53
-16.995,60.949,154.34
141.45,154.26,419.02
101.51,108.49,355.42
94.748,97.996,312.64
38.087,110.56,238.53
-47.2,38.099,178.58
-13.14,45.212,198.28
-24.596,88.147,221.54
-56.687,21.218,134.35
167.9,185.98,421.38
-22.269,69.669,151.67
41.558,123.87,298.74
83.207,93.939,293.54
186.7,141.53,433.24
-44.843,77.723,147.23
118.22,116.2,373.78
176.04,178.11,453.69
150.2,123.37,385.52
-40.476,40.968,123.27
-70.942,21.068,82.499
26.073,114.33,239.47
-46.151,53.613,116.89
185.92,145.05,442.5
200.82,149.21,419.75
8.289,57.812,232.16
205.31,166.44,414.04
-107.03,4.2748,92.807
96.449,152.96,351.68
165.4,130.29,392.7
-11.086,77.174,167.83
128.65,119.4,337.97
227.27,177.93,437.19
11.434,88.782,271.48
0.90611,54.18,223.16
129.11,141.46,334.49
126.63,158.09,347.92
-15.095,61.87,229.69
155.59,152.03,431.92
138.62,118.01,372.05
-66.333,23.796,88.851
-50.741,77.287,146.51
214.2,167.7,423.74
216,182.91,428.13
-102.54,16.883,112.12
-26.342,42.118,193.28
-15.869,98.413,218.06
-17.913,73.735,234.69
208.52,154.98,465.86
147.54,163.93,424.27
34.268,71.288,265.93
-59.181,33.216,96.271
205.19,152.39,422.24
3.8835,58.116,188.54
181.62,191.95,431.72
185.48,147.05,397.34
-21.457,62.553,224.97
65.071,83.524,279.57
50.56,96.763,312.21
45.899,124.29,306.52
-45.211,80.541,189.5
-49.952,34.955,172.17
182.04,154.74,453.74
63.678,84.565,270.25
-32.585,88.227,203.42
185.9,183.78,409.43
140.11,119.29,378.46
-60.977,18.704,112.99
-26.528,71.765,224.23
41.936,113.26,244.19
152.24,178.71,400.53
139.81,127.33,347.61
118.49,136.34,392.96
-51.175,67.186,125.45
190.85,157.96,462.35
139.43,151.77,416.77
80.492,132.18,352.26
111.92,128.1,313.63
194.16,192.52,426.72
13.993,113.85,250.01
39.11,70.55,250.89
28.899,101.37,222.42
-86.288,15.022,121.14
227.07,178.58,437.03
92.73,97.772,328.39
-5.4076,57.851,172
-104.44,41.426,116.47
145.13,166.68,419.57
209.26,196.19,436.91
-63.734,18.524,130.59
151.44,170.38,376.21
153.67,158.59,364.49
138.83,161.21,357.69
95.272,149.43,325.06
-53.173,65.314,188.97
146.45,121.63,373.05
119.53,109.09,348.46
170.13,186.8,427.64
76.882,124.94,280.39
112.27,106.06,345.27
184.58,187,458.82
-10.543,45.418,184.68
143.47,128.45,402.19
-114.66,44.336,89.679
-3.0499,105.3,228.71
167.07,132.66,387.26
111.3,149.35,384.81
103.21,154.96,339.87
10.891,75.749,263.14
38.064,72.449,268.26
114.91,111.78,364.41
-27.743,92.522,193.49
-22.431,94.202,214.15
13.038,74.43,263.42
-64.121,68.224,122.73
50.337,97.118,312.32
102.65,128.58,304.61
178.63,139.35,396.11
4.3255,84.785,187.83
136.56,119.35,352.85
-19.347,87.445,231.32
195.34,158.63,465.76
80.992,107.76,277.73
-104.97,48.18,125.17
-102.22,21.89,92.187
194.55,218.68,445.93
-37.297,92.826,219.2
68.309,144.38,346.56
73.721,111.14,291.1
-121.03,54.13,102.93
-22.22,82.238,156.48
-80.794,85.95,123.55
-12.472,83.405,239.22
-84.983,50.971,69.883
-41.799,62.61,130.79
151.2,200.22,407.46
81.314,120.87,289.82
153.08,189.42,436.33
39.049,92.815,257.56
-70.965,91.991,142.55
181.18,201.75,408.83
126.48,152.16,402.28
168.6,204.16,409.4
-29.794,59.344,159.54
62.044,154.07,332.54
54.806,140.31,330.97
79.423,112.67,315.66
-52.803,58.46,181.25
134.07,192.55,390.13
20.523,118.37,291.02
-65.779,93.173,140.15
196.05,203.58,419.32
84.068,157.24,303.4
-19.548,105.02,175.36
-88.079,32.38,69.582
69.218,115.96,274.87
-115.23,68.096,89.653
183.89,160.57,429.07
75.171,119.46,335.24
-50.29,100.65,158.28
5.0054,82.297,246.19
87.676,166.79,360.1
118.17,162.2,331.52
133.26,149.47,345.54
82.214,131.95,286.66
-104.35,61.442,60.965
152.77,192.01,383.04
-15.183,87.195,240.74
159.51,180.53,375.87
32.928,144.33,289.44
43.324,142.45,263.12
-97.783,75.187,92.967
111.99,147.77,388.54
94.511,135.59,365.87
-24.012,89.348,233.85
165.11,204.3,410.52
159.21,202.37,429.91
-28.512,77.605,147.79
59.515,154.99,292.86
52.236,110.82,312.24
57.538,145.75,332.7
45.488,149.17,279.42
-0.78473,125.88,221.58
37.914,142.1,261.2
43.544,135.36,317.93
-69.608,37.993,132.06
151.42,147.6,403
-100.11,75.618,97.501
-8.3241,106.89,185.44
-114.95,40.523,109.96
81.242,143.63,360.15
-26.382,79.951,150.84
124.18,188.09,380.05
18.89,96.827,210.45
128.95,143.75,393.48
73.602,118.72,279.55
186.7,170.42,455.57
111.75,181.99,362.03
125.02,169.63,408.37
37.473,147.56,285.67
-16.76,85.734,163.92
-102.67,27.862,106.01
54.67,105.53,303.69
-69.9,38.62,101.45
-54.759,100.39,162.4
57.221,114.63,258.07
194.54,171.96,460.53
48.834,114.4,247.11
7.2941,113.38,204.07
-102.95,34.995,116.41
-82.456,75.228,156.99
121.97,173.48,404.23
182.8,165.54,445.98
-99.467,69.576,77.756
163.86,196.53,446.36
-94.261,67.848,141.05
-79.032,85.582,120.01
122.47,161.84,334.95
-67.404,69.483,99.635
-93.987,79.439,109.65
222.56,185.95,442.87
-6.9007,72.448,187.31
179.38,210.13,423.75
125.89,165.8,340.03
-104.16,74.101,106.03
108.99,163.16,325.27
194.96,204.17,419.18
96.334,174.4,342.27
27.682,110.07,294.58
159.88,202.35,431.57
-117.07,49.713,110.04
207.69,211.42,434.17
-71.974,40.281,93.505
0.31301,76.051,197.03
-7.1879,124.27,241.88
8.7208,125.4,273.19
160.94,173.71,442.97
55.512,101.11,287.11
159.88,161.51,374.26
143.5,168.4,356.5
-52.093,80.187,199.2
-9.3324,71.784,220.03
-13.107,122.51,224.08
-9.8307,101.29,253.55
117.61,130.37,356.99
21.28,137.97,252.79
168.52,167.04,382.8
-20.999,90.949,237.73
-61.148,49.103,161.66
100.36,145.84,378.23
90.127,171.78,336.82
26.785,133.97,295.08
176.99,187.89,462.66
-38.311,65.515,199.83
43.954,121.68,242.9
-47.222,101.36,196.81
111.23,127.25,347.4
-11.003,92.118,172.55
-59.214,98.484,161.57
-38.332,80.942,137.23
141.8,194.18,387.18
127.55,176.37,350.42
35.603,95.862,238.2
-63.354,95.971,152.03
74.373,120.68,279.46
135.01,169.03,349.4
62.649,120.09,329.49
205.51,214.2,436.45
-36.047,93.746,150.07
-47.119,103.33,166.48
-44.714,69.598,125.65
-24.899,90.777,233.56
192.88,214.2,432.93
-82.217,56.387,75.479
31.874,89.796,244.5
-88.631,71.662,148.55
39.739,148.49,292.03
-60.543,96.412,173.66
39.697,111.93,235.91
-35.822,108.58,178.79
96.815,134.86,366.51
150.38,179.29,368.01
170.03,155.39,398.66
126.49,186.24,367.63
44.576,150.09,284.17
136.67,188.58,413.49
-26.388,99.916,233.12
107.62,160.28,321.89
191.44,165.42,420.01
41.409,95.04,253.81
45.343,126.08,246.47
-76.057,50.535,155.17
61.117,108.13,269.56
78.476,147.12,357.92
-28.884,109.3,223.24
77.603,166.58,334.29
187.41,163.67,440.54
65.847,135.01,270.39
-35.165,65.974,202.2
51.133,144.8,324.14
0.77738,73.465,212.34
-55.694,71.669,113.26
32.714,136.04,302.69
90.474,124.71,349.16
103.33,126.47,321.81
-100.88,75.197,96.408
17.778,117.04,287.73
-73.509,39.077,91.844
-9.3066,78.44,175.52
-3.8819,105.89,261.28
-44.543,50.341,160.67
107.3,137.93,316.54
31.084,141.12,258.94
143.03,189.57,422.38
83.18,118.95,336.16
174.11,161.58,436.71
-4.1057,123.51,215.29
-111.59,28.923,102.49
113.26,151.03,322.43
170.63,155.18,401.19
149.27,185.22,433.28
-34.487,63.403,142.79
-8.8976,110.41,189.14
-42.705,63.303,194.12
-103.89,74.408,102.13
77.128,164.27,316
48.933,136.67,324.37
26.502,123.81,298.3
-51.72,89.894,134.59
1.9929,106.95,268.11
79.809,164.99,348.02
115.36,178.49,391.44
112.65,127.89,345.49
-48.604,47.923,153.19
41.591,124.75,242.23
40.314,148.65,283.4
171.88,155.48,403.77
136.16,176.51,355.78
-57.665,71.172,110.84
144.41,187.51,426.06
29.778,119,301.13
-96.933,78.204,111.97
-48.176,59.532,185.45
-24.538,61.644,191.78
81.334,137.83,286.58
-57.425,63.276,183.6
117.3,180.24,353.1
-111.95,66.194,108.57
-107.45,17.607,79.795
-46.175,68.271,197.78
123.91,151.6,400.06
40.562,126.36,242.41
83.113,136.83,288.15
86.866,116.25,311.45
-88.292,42.6,136.57
38.305,95.833,279.8
49.479,153.32,300.96
-102.44,72.788,86.928
105.02,175.71,377.44
-75.081,90.041,141.46
82.787,116.53,329.73
199.6,173.53,464.56
203.7,175.71,424.62
-95.947,21.815,82.035
111.64,127.77,351.87
-61.123,41.745,119.18
-46.612,103.84,191.99
35.087,142.28,299.84
-36.307,105.3,169.14
210.71,176.62,434.95
-74.419,46.659,151.28
-59.199,91.627,185.69
181.35,190.56,467.41
137.85,194.06,401.09
-25.063,72.663,153.22
-54.374,50.549,117.38
113.83,153.66,323.66
134.84,185.96,367.38
115.1,138.1,379.63
-16.741,79.417,231.66
34.882,90.738,252.69
3.0067,75.767,205.48
-82.197,76.957,98.039
72.78,118.44,332.69
145.03,145.94,367.29
-96.984,61.862,66.401
-23.566,75.26,222.04
164.75,203.91,409.43
200.04,173.57,464.7
95.462,123.85,310.8
177.4,203.89,459.66
-1.4904,98.848,261.18
202.65,206.24,425.99
118.13,173.9,399.24
65.058,121.97,333.01
158.83,199.27,435.81
179.49,202.13,463.74
32.831,111.67,227.83
25.548,86.945,235.13
-70.369,92.419,153.04
184.74,213.35,431.95
185.11,163.55,441.1
161.63,175.46,444.45
152.41,152.4,414.97
203.19,177.32,422.35
44.802,127.61,246.96
76.732,114.59,325.54
34.474,113.94,230.22
93.253,173.61,342.83
-8.1558,83.462,242.17
-56.798,43.539,142.06
-58.256,97.928,175.57
-18.338,66.671,206.89
-48.498,93.319,202.88
-80.416,73.528,160.87
-21.434,101.61,239.51
-113.48,25.222,96.099
132.22,177.2,415.38
-101.12,64.415,131.31
-49.172,59.767,120.11
24.427,141.2,269.12
15.789,87.415,259
127.71,188.87,376.81
41.003,130.53,315.34
15.23,91.656,266.4
-52.406,68.692,115.74
-126.68,56.227,90.616
64.749,125.72,266.26
-112.45,31.026,104.39
94.906,119.68,330.1
101.15,176.84,348.73
-33.207,79.943,142.54
143.16,191.13,378.97
122.51,146.21,333.08
83.703,116.69,329.88
-92.66,50.657,140.13
54.664,154.29,292.86
154.72,187.11,439.18
72.71,120.37,277.24
-76.66,88.888,145.94
-97.8,69.68,133.79
-18.82,117.78,202.56
-26.988,112.17,222.48
3.2105,74.712,216.64
116.09,135.68,375.7
174.88,204.02,409.81
-15.983,111.14,244.14
-41.992,102,160.78
84.072,163.74,357.99
184.83,177.05,462.66
71.896,161.19,308.06
47.964,100.39,290.89
118.06,176.1,397.81
3.7588,89.946,257.68
-59.803,58.258,176.35
97.244,136.92,304.13
7.6569,95.761,195.63
-38.756,89.777,143.66
7.926,116.62,275.9
128.49,135.33,360.67
47.445,107.51,305.19
200.77,185.15,416.05
-76.978,85.572,156.67
-62.175,40.647,134.7
133.74,142.21,391.49
-99.365,75.069,93.692
180.48,159.67,429.51
21.966,123.1,292.84
28.499,108.98,294.45
-37.175,53.635,161.7
18.921,115.6,288.73
158.45,196.18,438.95
95.536,166.89,322.68
-72.487,39.605,138.35
-94.739,22.861,74.719
-23.092,95.419,237.03
97.533,150.18,377.75
-3.1133,72.566,197.76
11.821,131.79,270.52
-56.198,51.882,168.7
179.91,193.12,466.3
188.27,184.33,470.81
181.33,204,465.06
-45.243,68.769,124.85
7.9729,77.143,223.09
-53.597,91.408,136.06
129.97,137.93,380.32
-117.5,66.82,86.953
96.906,126.63,354.26
84.174,169.69,341.05
29.868,88.273,246.16
-13.78,114.06,192.44
57.333,151.97,285.24
185.86,214.82,436.98
169.31,154.29,415.74
85.091,156.77,364.34
183.13,181.55,397.51
177.88,167.86,394.29
162.08,179.78,446.56
125.78,140.72,387.33
-84.861,71.812,88.117
37.239,147.42,286.95
-54.444,68.139,113.08
-42.568,90.213,141.12
76.898,134.49,281.08
202.15,196.49,419.28
151.79,167.38,431.98
-81.122,86.446,127.82
-58.495,44.355,148.97
-87.62,30.082,73.939
90.2,157.81,307.61
-76.111,38.668,135.84
211.83,186.51,428.5
55.281,111.48,256.73
-28.741,72.49,215.19
121.2,181.73,396.89
197.77,174.02,417.4
123.63,155.16,333.79
17.139,94.088,208.83
57.052,127.32,258.39
79.618,115.61,293.85
10.932,83.965,250.7
33.376,135.53,304.02
-62.714,50.308,163.25
105.25,166.75,386.03
70.67,114.66,278.45
27.485,90.156,230.99
105.54,127.05,325.3
113.34,179.94,385.58
-61.631,49.986,104.19
82.167,127.94,287.15
-65.864,71.821,103.01
217.21,177.42,446.08
168.21,206.25,415.72
114.34,149.36,391.45
-72.848,62.743,168.47
-68.839,91.261,164.72
131.55,150.17,343.09
163.15,151.77,410.68
-74.794,64.028,167.01
-74.344,35.731,96.384
106.36,8.4559,260.32
-25.184,-34.801,167.91
5.4834,-58.51,132.13
164.01,27.15,385.45
11.45,-10.022,179.86
216.26,64.427,386.26
185.5,28.936,387.76
85.855,28.193,273.62
19.927,-4.13,206.58
238.46,69.628,411.44
242.11,83.634,415.52
-9.1077,-68.683,163.23
49.199,0.71689,208.28
62.486,-34.816,250.91
1.6803,-13.373,177.66
-30.123,-47.848,164.83
-27.731,-38.824,103.3
149.42,21.638,372.29
51.107,9.2919,259.42
7.793,-58.85,136.61
142.33,50.112,321.84
120.11,48.496,331.06
-8.63,-42.661,114.68
267.28,90.634,442.12
196.71,85.442,392.4
-7.0594,-24.504,139.52
23.099,-51.651,208.42
90.825,-11.111,302.51
-4.1879,-53.964,189.25
152.83,64.153,351.51
104.45,-7.2325,259.61
255.98,112.14,446.58
-34.944,-44.77,157.59
21.333,-3.5146,210.32
172.18,21.948,374.41
-31.69,-85.248,101.19
63.144,11.671,232.97
58.826,-0.51787,212.14
79.254,26.632,278.41
54.512,4.4879,272.15
-64.329,-46.345,98.708
226.66,74.716,398.52
-60.59,-72.666,119.67
-26.406,-35.925,166.69
-8.3224,-19.188,176.8
-69.094,-73.916,109.4
10.098,-24.074,149.43
-63.719,-84.294,106.51
56.089,-6.9517,276.5
-33.372,-79.849,131.71
260.92,83.179,435.74
45.172,-38.889,239.92
-41.139,-78.522,66.088
68.891,-26.929,269.07
8.6325,-62.698,179.36
-5.1641,-27.622,196.66
-35.483,-42.268,93.127
121.92,23.835,282.4
136.1,7.6493,299.22
122.04,14.789,348.86
125.93,50.924,326.88
53.892,-37.854,200.39
183.04,26.051,373.33
236.75,88.117,413.07
205.43,62.28,443
118.12,47.207,321.45
230.51,56.438,409.84
-50.666,-61.247,136.18
114.91,8.9983,269.87
108,-13.921,295.25
240.33,107.98,436.54
47.869,-10.707,266.39
51.142,-44.23,212.96
99.415,-16.382,293.52
20.1,-4.8632,195.36
140.33,8.549,349.15
110.53,27.648,341.94
-1.0028,-47.14,198.23
18.091,-60.929,175.09
133,42.244,307.07
69.193,4.5741,224.99
152.87,35.486,316.29
-45.001,-37.404,105.24
-23.062,-72.292,92.752
91.046,32.913,293.33
35.358,-17.794,250.57
33.356,-46.337,171.16
210.27,98.456,428.51
165.49,35.468,329.33
-33.246,-73.766,76.613
112.86,-3.9724,270.73
124.31,32.371,290.99
172.85,69.754,409.01
61.196,-25.266,268.18
35.518,-43.13,172.17
154.63,31.335,384.97
137.34,1.0844,323.26
55.899,-41.303,230.1
59.313,-38.682,215.16
127.37,17.601,285.11
201.45,63.096,371.6
87.861,27.455,270.3
151.38,61.824,345.36
228.13,92.922,411.7
127.16,-3.9492,316.2
83.851,-5.289,232.04
116.15,-5.859,278.75
-9.3128,-69.349,161.57
183.85,50.567,351.02
-51.671,-52.055,134.33
132.25,11.086,351.22
-53.983,-40.645,104.85
89.663,-0.41438,312.36
31.539,1.5353,225.22
170.79,76.234,390.53
37.63,-51.094,195.61
56.736,9.8843,228.41
134.39,4.248,339.9
154.31,12.538,327.88
216.25,98.001,452.06
87.341,-25.592,261.08
1.6688,-55.446,124.31
162.46,43.346,328.5
-39.606,-40.559,146.99
-47.256,-92.909,85.909
136.84,14.469,357.62
57.299,9.6628,272.04
73.32,23.185,278.23
130.77,54.256,338.24
-24.597,-78.271,97.214
49.885,-2.8195,268.65
-21.701,-61.695,91.556
-29.829,-35.805,160.37
113.83,-8.6731,310.85
18.978,-58.403,160.28
174.27,37.218,339.45
85.625,20.165,310.48
-47.094,-92.762,80.393
24.954,-1.5876,213.45
56.364,14.632,251.71
108.25,24.77,339.43
27.071,-51.386,165.13
5.1079,-27.331,141.71
116.6,30.848,349
161.57,37.419,394.43
-41.751,-52.579,74.567
135.52,22.698,364.79
216.22,47.439,426.2
-50.818,-64.553,134.89
116.71,8.3954,271.93
153.28,66.276,372.9
178.67,80.573,390.77
-12.098,-30.268,126.32
249.43,103.1,433.21
-11.989,-20.944,152.21
92.158,10.265,247.8
-25.488,-48.681,170.67
73.389,-28.884,265.21
112.09,44.15,316.93
71.94,-24.925,273.57
231.16,93.104,413.44
223.09,83.856,400.45
194.01,37.787,367.25
13.929,-37.335,219.49
102.6,-16.671,289.42
128.79,50.188,321.28
142.6,39.873,378.67
-12.601,-32.979,187.51
173.27,77.602,393.42
119.39,5.5583,338.12
139.11,6.0676,343.54
227,102.59,465.84
43.726,1.5755,208.12
230.81,58.8,407.31
165.91,26.381,332.03
-14.01,-22.854,172.43
231.65,81.576,405.51
0.82355,-24.197,204.35
79.881,26.896,283.7
78.21,15.329,302.07
-44.023,-36.432,126.54
26.998,-12.032,177.03
227.29,70.222,398.34
-16.273,-75.834,142.52
66.04,-0.40963,217.61
183.82,74.263,422.22
32.315,-53.296,184.26
-59.195,-44.725,109.73
213.45,45.735,422.7
237.76,90.627,415.45
-32.633,-57.5,79.487
-43.552,-39.515,137.37
115.34,4.5031,270.5
-34.345,-38.908,99.86
-38.051,-34.405,112.91
185.05,71.749,425.08
-7.1718,-66.207,116.16
-7.7289,-19.708,180.77
25.947,-3.0625,225.95
77.892,-16.39,288.88
243.26,65.274,421.5
201.92,56.488,370.42
-65.867,-48.898,103.32
37.419,-9.1905,253.02
-64.303,-91.65,95.413
64.446,14.288,279.61
75.949,18.878,295.57
159.73,35.906,323.22
245.35,91.526,421.66
87.921,-3.2928,237.09
22.458,-58.72,181.6
164.63,72.783,383.94
125.51,50.802,342.57
-29.856,-38.015,162.31
195.09,33.885,396.71
-38.542,-63.633,69.694
44.834,-44.567,226.5
203.12,67.768,375.23
-5.6632,-20.202,187.45
9.7308,-34.229,216.65
134.14,16.24,358.19
-24.055,-48.05,172.6
-0.78613,-69.473,138.42
-43.423,-36.275,128.14
148.54,7.2332,337.5
81.506,-21.187,282.96
15.89,-49.288,143.93
9.2246,-11.465,203.99
77.301,23.508,262.54
101.72,-12.281,259.57
72.371,-21.01,218.14
102.46,33.281,326.91
36.24,4.0452,221.85
81.886,27.259,274.17
252.3,74.418,427.95
216.98,91.885,406.07
112.72,38.845,295.64
24.113,-28.248,157.9
28.477,-54.195,174.6
11.267,-59.675,187.89
187.83,72.662,369.97
-21.528,-54.48,93.641
125.41,9.9184,346.42
86.886,25.893,266.4
20.31,-58.442,164.32
149.37,40.673,385.68
17.15,-49.592,209.55
69.083,-33.202,226.14
-9.5935,-40.122,115.81
94.952,-6.9646,309.96
73.638,-29.513,228.67
153.2,62.858,382.52
95.485,-20.778,264.45
113.62,45.04,320.69
104.05,12.973,260.03
243.38,71.244,472.47
58.279,-0.43946,279.4
72.571,6.5385,296.92
-56.333,-43.075,112.71
140.18,37.533,306.71
78.341,-0.26426,228.4
-56.027,-42.751,112.4
208.67,72.865,382.55
115.86,43.725,337.36
187.93,85.902,402.93
157.46,29.922,385.5
92.43,-14.927,245.86
158.93,13.554,338.14
221.51,51.669,435.37
12.521,-62.535,177.44
92.765,-20.935,281.84
-60.127,-92.682,95.071
247.34,104.38,433.5
-14.095,-56.66,102.19
228.21,51.79,429.77
207.43,80.685,388.3
77.483,24.058,289.39
-72.316,-84.235,98.989
88.945,-9.5341,303.49
79.463,14.869,244.09
88.193,31.211,286.53
41.866,-28.19,251.52
184.03,52.205,420.75
210.45,41.743,409.56
82.737,-22.903,279.45
203.06,39.58,410.22
95.396,35.235,298.55
41.8,-24.113,178.98
58.399,10.097,228.96
63.043,-0.74924,285.35
165.89,17.189,346.97
-24.377,-51.148,171.24
142.18,29.373,303.71
140.14,5.1881,340.64
158.32,61.357,344.22
98.256,36.724,300.76
215.02,57.779,444.47
58.157,-40.703,226.76
69.389,-12.244,213.94
24.768,-52.433,161.91
-42.39,-89.116,78.387
63.242,-38.117,230.84
154.51,26.459,380.32
70.758,-14.271,215.18
142.37,33.96,306.05
-11.467,-46.361,187.95
-18.039,-75.546,144.24
80.253,24.542,295.35
116.53,38.389,295.23
99.827,34.207,320.35
199.34,35.252,394.71
-8.0321,-18.728,159.27
79.986,5.9637,234.37
153.89,67.01,369.58
-3.3796,-31.489,130.22
-76.75,-62.012,98.515
119.88,48.329,325.52
252.31,112.5,446.02
247.37,106.88,436.56
169.2,19.894,347.12
73.916,14.848,241.77
124.54,43.083,354.74
230.91,52.888,429.14
99.766,-12.532,303.06
2.8528,-68.299,147.68
-48.456,-93.286,76.828
66.556,-18.674,279.16
0.85398,-13.704,180.39
51.951,6.856,265.43
134.35,26.207,366.12
45.109,-25.981,182.3
-21.386,-49.552,96.635
35.314,-46.332,174.86
128.95,50.374,321.77
7.3957,-65.921,152.55
41.701,-49.074,201.62
65.425,-36.473,227.2
181.21,74.713,371.17
115.51,32.67,347.23
-10.94,-28.582,129.9
-10.048,-74.787,132.33
156.42,33.437,387.85
-15.807,-30.073,124.95
121.24,37.789,353.11
112.99,-12.033,291.88
-25.937,-81.752,103.86
220.31,71.181,459.67
125.65,-4.9712,312.71
129.07,27.283,290.67
136.57,48.135,369.58
-6.7293,-33.498,125.2
56.298,7.2311,272.89
140.81,54.686,370.52
52.197,-2.578,271.73
-6.3822,-72.471,132.21
43.039,-41.067,235.14
-13.05,-33.93,120.04
131.38,44.062,308.92
137.84,52.607,367.7
216.31,86.286,398.73
-58.181,-50.679,66.463
75.758,-17.878,221.97
143.71,4.8764,334.6
233.23,111.34,455.28
161,25.1,325.64
-52.352,-80.075,120.67
76.34,24.621,283.04
268.38,92.271,443.33
-70.542,-49.468,90.699
170.15,75.827,381.3
151.15,40.81,387.43
44.338,2.8003,256.06
-20.264,-47.609,177.33
63.473,-29.086,208.72
100.41,-18.199,284.49
-48.448,-51.906,139.25
78.694,-25.608,273.06
218.21,102.57,433.11
243.84,67.54,466.8
172.29,52.719,410.98
-6.9642,-52.037,188.72
76.113,-31.199,252.64
123.66,-6.0509,300.12
3.4238,-64.847,173.77
85.762,23.994,262.04
-47.323,-53.531,141.22
258.59,105.45,440.71
21.006,-31.61,152.69
63.073,-37.536,223.35
117.11,45.336,336.36
41.215,-48.184,192.84
128.33,52.797,333.82
112.17,-6.518,316.58
-21.903,-66.746,160.5
251.68,65.148,456.78
144.35,10.658,310.42
197.35,81.686,437.14
-3.0613,-52.969,191.21
-8.3832,-69.854,118.61
170.31,23.334,342.34
-39.48,-83.022,72.743
-9.6973,-67.512,165.7
225.77,101.49,423.81
209.06,89.773,401.06
197.5,59.876,435.61
-26.89,-75.75,142.67
73.203,-14.347,218.18
241.02,65.567,462.98
246.28,82.243,419.28
229.46,103.5,427.73
64.664,-34.206,217.42
173.31,21.656,353.58
107.59,-6.8497,315.29
-3.4102,-42.005,120.54
42.821,-37.963,240.54
152.76,66.415,365.43
132.65,30.7,295.85
2.9943,-31.47,209.16
83.452,-5.3324,266.42
183.83,91.714,392.17
45.043,16.985,287.23
-38.097,-66.518,146.49
-56.737,-48.783,154.98
238.04,76.181,460.14
57.157,17.607,236.77
219.72,71.681,419.29
223.28,124.6,461.46
-28.122,-11.725,152.46
60.149,-1.1753,299.08
51.81,-17.568,221.34
114.43,54.194,314.43
137.62,35.158,384.29
169.78,86.267,380.21
164.19,35.958,386.32
11.16,-10.585,172.45
38.575,-29.989,213.11
62.652,-19.659,259.16
227.23,84.526,422.49
41.351,13.127,221.49
-33.917,-49.796,177.41
100.68,3.6706,321.69
108.36,39.111,363.98
192.72,92.556,458.03
122.17,16.508,350.09
38.926,-26.049,206.76
49.756,27.533,253.24
100.74,47.137,353.47
86.51,46.678,328.52
-45.275,-34.986,99.118
26.759,14.653,256.71
147.5,82.493,379.88
104.28,3.8544,296.14
206.29,114.56,439.9
35.776,14.219,220.78
-74.725,-32.503,102.97
88.492,30.205,271.56
-8.443,-33.826,214.55
103.26,58.27,329.5
127.97,36.612,310.93
151.66,73.182,355.38
96.896,-1.4885,294.43
246.31,113.67,447.95
20.45,-38.74,188.35
135.94,30.44,321.47
96.375,18.737,342.87
-22.361,-20.387,202.27
60.942,-19.223,266.91
19.317,-30.811,237.98
140.93,50.339,398.58
-16.777,-58.451,166.73
97.54,15.357,274.37
19.973,-41.404,206.98
-4.1704,-53.256,177.27
201.84,107.43,462.62
151.58,80.513,405.94
186.51,86.849,387.71
114.86,56.132,368.88
-45.786,-28.842,107.4
139.75,24.399,365.74
218.04,68.624,454.29
20.721,-11.337,257.01
154.21,75.179,414.56
199.5,54.851,420.65
190.12,49.46,408.93
61.25,2.3095,302.82
33.456,14.901,221.53
123.63,69.546,359.83
230.19,117.84,443.26
32.931,-30.408,242.55
-45.833,-73.645,120.76
30.848,-34.621,229.53
229.7,71.746,443.31
-83.284,-36.93,86.387
135.08,65.005,337.79
-29.153,-12.556,149.8
-51.522,-73.833,125.53
-89.728,-61.224,110.51
19.88,8.7853,205.86
22.055,1.0811,260.11
94.068,42.652,346.17
238.51,100.34,435.25
107.28,42.573,363.15
207.91,63.657,408.14
195.77,73.238,454.06
-74.47,-50.968,132
3.406,-36.249,221.14
115.75,34.865,297.94
-19.553,-31.025,126.81
97.009,54.576,333.44
52.434,-7.1025,287.84
-29.931,-51.548,108.66
175.79,47.807,414.22
-29.615,-46.628,184.27
145.89,25.71,347.18
187.29,104.77,432.69
134.47,18.558,342.9
-0.48651,4.0588,207.33
173.03,47.722,365.75
112.2,30.981,293
149.76,31.605,342.88
-37.597,-65.89,148.29
-43.319,-48.039,170.14
-82.647,-67.999,115.42
118.2,40.469,303
110.84,18.584,351.28
216.34,117.69,475.53
-3.8512,-52.134,159.78
31.83,-27.239,195.08
95.292,52.286,336.71
155.96,40.276,398.23
-33.253,-42.852,183.95
22.18,-31.097,181.62
253.35,102.91,450.72
218.49,92.607,414.53
-41.093,-71.656,117.42
-89.829,-43.107,100.24
50.845,1.8596,218.75
87.94,25.658,267.56
197.29,53.299,414.1
-31.467,-31.614,114.65
217.42,66.978,449.89
-52.13,-30.982,160.08
129.77,44.411,315.33
-47.543,-63.093,85.295
138.7,30.23,325.63
144.8,26.745,341.01
48.195,-27.122,235.98
72.312,-4.887,245.64
-6.3626,-4.1667,217.3
-68.45,-41.459,139.1
199.31,111.62,439.5
146.53,51.167,403.62
199.33,65.363,447.28
42.453,-24.926,256.04
178.83,55.879,369.59
-15.126,-18.662,212.29
-2.6886,-42.774,207.94
203.41,90.389,469.24
82.904,44.252,291.37
-14.217,-36.523,130.43
7.0116,-30.367,230.68
-31.908,-11.888,157.05
93.523,1.3731,317.19
115.99,53.256,372.05
159.72,73.75,359.72
-25.172,-60.928,125.86
102.35,53.394,311.14
-7.7037,-1.5633,209.1
174.76,97.504,408.74
170.12,62.654,428.68
63.547,6.6665,307.74
95.079,27.104,347.06
62.143,33.984,298.67
-9.3356,-0.50924,197.57
237.1,76.644,466.28
39.72,-4.8209,279.16
89.42,-4.1279,278.47
168.99,59.084,358.04
56.777,-2.9031,223.9
55.703,0.97243,297.21
183.13,82.493,447.65
-7.0529,-26.985,220.5
-11.614,-57.247,157.97
154.14,58.658,413.73
119.05,26.412,364.75
17.028,-16.948,250.4
-16.72,-4.2471,188.26
5.0395,-29.669,229.83
156.05,59.469,415.73
30.17,-18.526,189.47
96.265,-1.9932,296.45
157.92,88.262,391.33
-8.3399,-6.2881,166.55
-25.907,-40.736,114.82
148.54,38.308,393
77.756,24.959,258.83
241.65,98.535,438.01
57.044,-16.886,275.29
183.61,56.228,375.86
223.54,90.392,418.49
180.49,101.15,421.94
52.791,-20.965,265.4
-78.252,-35.26,87.752
-88.498,-40.664,97.124
-58.261,-30.71,148.62
232.12,72.79,451.72
139.54,36.333,386.59
62.836,3.6439,305.12
118.4,61.016,327.52
-58.33,-76.391,118.52
-54.007,-27.387,152.77
-37.99,-33.384,181.94
152.85,80.199,408.67
62.608,22.922,246.59
14.435,9.9967,236.86
198.86,58.071,398.98
-26.751,-9.079,172.54
37.772,-5.081,277.16
201.17,82.491,395.36
-6.6872,-6.7073,166.14
53.258,25.382,247.04
209.28,113.91,435.06
-58,-79.563,90.613
215.1,70.472,458.58
7.356,7.3963,206.86
221.9,124,461.18
120.65,67.015,344.76
217.49,65.18,428.25
175.97,58.793,429.36
-71.872,-37.635,130.21
196.26,70.456,388.11
129.43,15.984,332.99
133.23,24.967,321.07
24.265,-23.311,181.81
230.92,78.365,431.12
-14.939,-24.232,136.64
220.45,69.426,455.45
75.817,5.397,316.38
211.25,108.29,476.52
226.08,85.349,420.98
-4.9441,-7.051,222.86
15.38,-43.314,189.07
143,48.539,399.29
-23.572,-7.5079,171.85
157.15,87.952,391.64
226.29,84.289,421.39
151.92,69.19,413.32
200.52,82.819,394.93
105.64,10.7,337.38
112.76,18.061,294.09
43.38,26.175,268.04
-43.642,-72.766,121.86
50.72,-16.601,274.4
68.081,4.0796,309.62
-89.433,-41.122,95.842
172.8,41.931,400.54
123.36,58.868,324.62
-40.96,-28.774,110.46
233.16,74.686,463.08
-6.4612,-54.733,169.58
185.46,96.478,446.45
-6.5625,-53.798,157.46
190.29,105.78,440.07
129.13,72.476,360.45
9.8699,-2.3781,181.32
210.39,117.89,453.31
25.511,-22.895,252.25
27.176,-26.777,248.05
208.78,91.847,474.69
137.49,23.916,365.29
177.93,67.332,437.46
-17.953,-56.038,133.12
108.53,7.6839,297.34
215.01,82.645,473.98
8.3347,-13.983,166.96
149.88,69.044,410.9
207.58,66.787,451.29
-22.551,-19.387,201.63
53.601,-24.341,248.23
-41.27,-16.217,148.32
113.52,18.483,295
98.461,0.48881,290.03
208.06,78.015,401.09
111.83,43.108,299.96
252.77,93.005,452.99
-44.77,-25.64,168.7
167.42,42.49,361.48
-67.854,-32.401,93.167
213.37,119.48,460.03
242.74,99.078,439.19
118.06,19.513,301.15
175.59,97.589,407.3
-15.494,-58.647,147.72
4.8349,-3.2467,236.33
-55.885,-65.505,73.082
-49.447,-53.522,81.881
188.88,97.597,402.42
76.704,28.498,327.22
217.94,64.882,437.39
197.3,110.18,445.24
160.22,81.758,370.91
149.21,80.258,368.41
123.16,53.517,381.12
-47.53,-47.614,86.466
11.387,-23.382,165.19
36.378,12.201,276.67
182.86,92.469,445.38
77.064,42.238,287.87
185.05,74.531,378.01
-3.122,-8.0156,226.45
-79.454,-42.625,121.09
12.607,0.028371,186.55
76.102,39.464,319.11
5.8698,-5.1425,174.88
4.3305,-10.965,166.39
175.51,59.863,430.11
143.13,23.49,356.88
129.38,25.544,314.53
53.922,29.711,258.42
-3.949,-52.658,181.06
27.564,-35.566,198.76
5.7524,-15.323,239.14
-17.603,-56.59,134.91
184.56,97.947,443.49
-4.784,-6.003,168.21
68.792,22.499,317.93
115.75,22.483,296.66
223.65,68.983,433.37
-28.77,-10.074,169.7
159.29,32.378,375.19
204.49,85.554,468.41
186.66,51.001,385.95
-15.9,-28.947,131.99
-44.952,-47.386,89.536
42.361,26.069,261.96
-28.191,-19.903,132.2
224.17,68.344,443.27
228.21,86.816,423.28
50.157,-25.381,232.7
222.69,104.58,425.15
-65.013,-82.884,94.814
118.05,57.046,373.07
198.59,62.099,394.02
6.1446,0.53704,184.95
156.11,51.977,343.46
243.05,117.65,448.92
50.755,-12.099,281.06
42.851,-29.199,223.71
145.7,70.713,349.76
140.22,78.139,369.2
27.835,-33.659,234.32
192.28,61.351,439.47
175.25,45.065,372.59
-40.378,-44.879,96.002
-33.782,-13.28,169.4
232.54,107.09,433.61
228.63,118.59,443.93
-61.08,-76.865,117.18
16.279,-43.311,194.12
7.566,-1.535,239.64
21.678,-27.419,244.16
245.83,80.455,466.5
177.94,68.972,438.44
76.18,-12.083,266.5
-36.296,-36.115,106.08
231.24,90.805,426.49
33.38,-13.318,194.03
196.59,106.5,454.12
209.55,84.33,403.59
20.752,-34.934,230.94
100.88,9.2931,281.26
92.397,1.5206,317.57
74.587,22.581,324.71
-17.817,-21.746,208.93
-6.7847,-54.5,174.19
219.93,70.292,457.87
96.477,12.403,273.45
-6.4093,-13.582,223.61
197.23,109.54,430.2
177.84,44.78,378.76
-26.445,-53.897,115.02
12.165,-30.105,234.69
57.657,32.026,264.32
168.35,90.765,423.04
164.9,60.951,354.52
156.29,42.161,401.05
-35.915,-14.631,146.17
228.51,74.662,466.21
174.23,57.571,427.2
113.91,32.131,366.1
130.89,57.93,326.82
205.47,115.15,448.75
35.471,15.931,272.31
76.154,-5.2499,252.24
45.444,22.873,240.82
-43.827,-72.723,123.03
242.55,118.11,449.07
132.44,19.203,328.77
20.736,-13.043,179.89
-72.261,-59.953,131.81
173.29,71.397,435.62
219.65,122.66,458.13
-23.488,-61.191,131.01
164.15,91.669,397.68
167.79,87.357,381.88
152.05,83.839,378.23
110.74,62.272,347.75
-17.975,-37.737,202.62
180.57,51.704,374.33
156.05,35.67,349.26
187.93,97.732,449.27
92.79,47.823,298.74
150.3,30.513,345.75
209.31,95.377,476.08
25.646,-29.634,186.4
183.65,46.061,403.72
-90.134,-54.347,109.9
18.523,7.1597,251.02
197.35,66.597,390
142.03,51.263,399.97
119.4,66.002,362.72
53.594,-19.94,268.01
79.569,-9.9317,268.75
155.68,30.195,365.17
-7.1502,-4.4422,216.1
2.7177,-7.0267,234.91
56.077,-19.94,267.5
-48.137,-19.729,145.34
92.083,1.6478,317.84
120.16,56.363,319.76
206.8,75.068,399.79
21.741,8.1354,204.81
167.22,51.262,356.09
13.4,-16.289,247.15
233.02,76.439,469.16
103.09,37.318,288.59
-73.126,-57.737,142.57
-68.922,-66.294,101.4
199.91,129.72,477.21
-7.7634,-17.548,240.18
96.517,37.182,367.31
99.391,31.832,302.71
-95.935,-54.276,126.59
-8.8827,2.3579,177.92
-69.853,-14.791,155.18
23.348,-18.423,251.9
-73.806,-27.131,92.307
-24.373,-15.042,148.16
160,104.91,438.6
101.13,43.892,305.06
174.91,88.031,459.73
68.224,10.081,267.81
-58.582,-11.036,173.97
185.1,121.4,437.8
158.8,55.783,415.51
173.56,116.51,440.48
-4.2548,-20.629,171.52
82.776,46.064,359.44
82.275,31.942,352.77
110.81,28.072,324.92
-16.912,-40.439,192.71
143.77,95.488,421.27
51.137,9.6275,310.51
-55.426,-6.6062,171.85
199.99,127.25,446.68
91.392,69.557,332.65
-11.114,15.574,204.45
-68.288,-43.292,84.325
88.639,38.528,290.6
-101.14,-35.936,120.14
211.62,83.844,438.05
110,24.839,345.82
-40.258,1.5349,189.97
40.696,-12.381,256.12
107,60.603,387.37
126.38,82.251,356.99
148.94,75.611,362.76
96.054,54.112,306.9
-97.474,-26.165,90.527
157.73,107.18,412.99
19.825,-17.355,255.14
166.39,104,401.01
49.679,37.088,319.14
51.52,49.593,293.75
-88.524,-22.269,124.6
144.42,49.175,402.57
128.3,37.76,378.54
9.3601,-18.061,250.66
170.87,114.42,441.86
172.47,103.52,458.98
-14.729,-1.7751,168.69
68.482,58.319,324.41
87.602,13.456,323.49
82.689,37.103,356.42
55.205,50.733,311.08
9.2232,26.856,253.25
46.53,47.096,292.36
71.071,26.361,339.92
-36.642,-49.425,141.22
182.15,65.046,411.96
-89.346,-24.623,129.07
0.54475,19.667,213.29
-82.684,-64.069,126.51
111.82,38.972,378.04
-13.061,0.19929,172.25
134.38,90.057,411.18
35.436,17.928,229
162.02,53.304,403.77
92.518,41.477,295.6
217.48,84.49,465.84
121.22,84.572,393.48
151.65,66.79,428.62
50.982,43.237,316.73
-3.6044,5.564,185.62
-67.855,-66.312,116.43
89.474,13.341,313.32
-46.228,-39.165,114.01
-42.705,-2.3514,193.96
74.1,36.627,276.01
224.9,88.212,470.26
63.861,35.592,266.82
16.405,26.941,231.42
-68.169,-64.211,128.85
-56.617,-34.939,180.77
146.13,69.563,426.83
213.5,81.71,455.48
-91.969,-22.64,108.67
183.87,96.035,470.83
-68.06,-41.78,164.34
-69.246,-13.011,151.69
131.2,83.115,359.52
-58.311,-12.975,125.42
-82.253,-22.337,141.08
237.2,119.65,457.89
17.546,-7.3,200.05
184.28,122.21,454.97
133.85,86.378,365.49
-89.576,-30.705,136.44
116.34,80.214,352.61
198.76,127.18,446.91
105.68,76.913,373.84
61.925,5.6987,309.5
173.54,103.32,460.4
-88.52,-57.973,130.72
210.76,134.71,462.35
-51.071,-36.372,107.77
24.935,-3.8284,209.69
10.524,15.651,271.37
32.756,14.749,298.57
190.49,77.638,458.24
87.235,15.676,296.45
174.65,89.75,391.36
152.48,92.33,379.83
-20.613,-28.781,218.11
25.467,-19.702,229.38
1.0235,16.927,255.16
21.909,-7.6005,272.22
147.53,48.651,366.25
31.787,37.841,284.52
182.04,95.868,400.64
12.349,-16.476,254.57
-25.633,-45.835,171.84
132.38,44.889,393.52
99.974,73.359,368.38
50.737,23.877,320.3
203.63,90.852,480.59
-2.2664,-33.301,211.14
55.262,40.124,266.59
-26.568,-8.7849,224.62
140.68,45.953,356.86
0.99764,10.814,195.61
-45.879,-5.9214,192.79
-27.644,-0.88178,161.52
148.72,101.79,418.62
133.65,92.204,379.22
58.226,16.945,252.03
-51.096,-6.9795,183.51
92.276,43.454,296.29
142.91,90.671,374.48
97.424,20.623,342.04
208.36,135.02,465.79
-27.575,6.2345,178.35
-36.33,2.6473,198.21
-31.454,-9.4078,146.81
7.8912,-17.309,251.1
196.63,129.53,463.76
-72.205,-23.23,99.413
59.621,8.1716,255.42
-62.763,-38.253,172.21
54.373,43.093,322.64
-42.506,-12.17,202.89
53.905,32.48,256.51
-25.449,8.7241,210.51
130.76,38.189,378.59
156.89,100.78,394.24
193.17,82.353,409.75
133.48,93.838,399.02
55.432,49.441,315.84
154.64,86.163,440.31
2.4559,-10.754,254.76
115.45,78.33,348.46
213.18,94.57,431.32
68.126,14.287,265.18
55.548,43.159,271.57
-40.809,-50.429,167.95
83.677,29.83,283.2
107.27,40.994,377.78
-6.734,-1.4777,250.14
90.926,63.513,364.99
216.61,84.421,449.38
76.033,53.196,295.06
0.89341,-32.054,213.18
75.156,35.763,348.88
31.003,-10.579,222.29
-45.333,-9.5245,137.55
57.09,26.155,327.5
124.76,32.49,359.21
126.76,49.484,334.24
-90.132,-25.002,127.97
48.429,8.2055,307.23
-52.328,-37.588,105.9
9.3655,-0.023816,192.24
27.197,-3.3628,280.61
-12.422,-35.822,169.98
123.48,62.3,334.07
40.514,43.473,290.52
162.21,87.401,448.16
117.28,28.343,345.71
205.15,77.034,446.22
5.595,25.293,246.88
-76.919,-69.019,114.52
124.48,73.834,344.46
194.53,81.678,411.87
172.64,83.716,455.53
-14.981,-14.47,158.63
-0.40251,20.937,218.19
-6.6986,-35.497,205.45
-90.633,-29.057,133.05
86.133,67.37,347.61
76.957,28.139,345.8
55.947,14.688,318.86
-43.719,-0.0077275,164.19
33.727,-1.6654,286.68
97.562,58.966,376.44
134.53,74.186,418.08
141.03,47.821,355.3
-17.001,-37.435,162.59
51.705,41.517,267.52
52.234,46.316,314.9
196.21,81.737,414.21
142.46,95.097,383.32
-47.499,-10.165,135.34
165.38,85.307,450.45
61.687,11.704,319.04
-83.515,-25.607,142.89
-12.229,-38.525,196.52
8.7196,-26.508,201
92.682,58.305,309.43
-22.262,-39.833,197.3
124.05,89.001,384.21
-91.915,-41.838,136.02
-75.121,-68.393,88.888
-10.75,-34.594,211.18
156.22,54.716,413.5
50.172,42.19,268.47
95.102,57.935,310.26
114.28,36.158,322.01
-53.161,-57.068,148.93
72.843,4.8578,289.16
63.12,49.117,331.86
-93.191,-24.645,118.56
122.87,71.106,405.23
-61.526,-14.377,172.52
116.11,28.316,338.92
229.68,90.796,474.1
220.36,107.61,438.78
-66.586,-59.772,91.68
142.11,45.134,361.06
-34.933,-37.845,130.5
-28.576,-4.9497,221.3
55.495,33.233,327.4
-27.265,9.0131,200.47
228.95,108.66,447.83
-38.859,-51.359,162.64
-35.691,-19.129,211.52
207.54,93.695,485.62
149.54,95.113,431.43
-8.0141,-5.6166,171.14
-33.65,-26.789,132.06
124.16,75.794,346.65
140.6,98.079,397.92
148.69,46.075,390.14
19.26,-21.351,243.77
64.173,7.8386,262.91
29.843,-5.3772,216.92
-74.613,-14.34,128.52
107.68,23.605,343.3
166.91,71.958,379.73
-89.815,-23.729,94.932
12.477,-25.089,233.96
170.41,114.28,440.74
230.08,91.007,474.2
118,46.865,323.93
196.01,104.63,484.74
32.309,-7.6193,277.28
206.37,130.64,453.23
141.22,69.493,422.87
99.673,22.227,345.8
175.27,98.971,462.98
199.76,103.01,487.46
45.815,31.292,249.75
52.753,5.6437,246.34
-55.161,-13.787,183.53
189.83,124.9,463.24
214.89,82.933,450.03
190.73,78.896,460.26
184.41,65.464,424.69
218.55,109.34,437.48
54.559,43.919,272.72
110.61,24.97,334.87
46.905,33.172,252.73
103.59,74.486,374.29
27.849,-17.069,254.19
-25.291,-41.58,151.44
-40.677,-10.394,205.05
16.218,-24.196,216.19
-22.292,-17.752,226.74
-52.986,-36.467,183.35
7.7903,-8.8905,260.79
-78.773,-70.851,107.35
156.46,74.253,437.53
-75.232,-44.927,154.72
-32.518,-17.688,138
37.855,36.745,300.29
51.349,-6.8417,268.86
136.06,93.578,408.29
70.29,22.068,335.75
51.19,-6.1966,277.38
-40.498,-10.945,138.2
-105.29,-51.594,116.93
77.989,46.653,287.46
-78.017,-68.432,117.21
125.09,37.033,339.53
110.59,79.265,380.27
-21.293,-0.69672,165.4
148.78,102.76,409.82
137.59,71.436,351.13
116.87,28.872,339.05
-59.37,-54.172,155.98
64.684,55.225,324.54
178.16,86.154,461.15
90.347,43.058,294.32
-61.025,-17.568,176.2
-74.015,-39.843,158.92
-8.0947,17.188,234.3
-6.6282,2.0277,250.52
33.786,-9.717,226.47
149.44,45.971,385.47
179.06,119.56,440.23
9.5578,-0.02901,268.55
-33.092,6.1426,192.05
104.67,56.99,384.49
215.06,86.432,475.23
80.715,64.776,339.62
82.284,9.9192,300.21
139.76,71.658,422.53
39.656,-10.738,269.84
-24.199,-42.683,188.85
111.75,60.252,323.39
22.014,15.993,216.24
-30.011,3.7678,171.13
36.771,6.5416,297.3
155.64,57.073,370.71
82.926,10.62,316.16
211.17,116.27,435.4
-56.652,-23.82,184.44
-30.743,-44.292,144.07
166.16,55.26,400.88
-89.596,-23.428,125.34
209.25,81.211,438.37
50.801,13.524,314.05
63.06,5.3121,308.84
-7.3353,-29.698,171.67
50.328,7.3508,307.41
177.24,95.325,464.51
102.53,76.931,353.09
-37.93,-51.706,147.82
-68.192,-55.944,85.447
8.3926,-13.83,256.05
127.92,46.975,395.21
23.792,-8.6046,209.15
31.764,22.266,298.64
-20.59,-43.33,178.91
204.86,95.322,485.84
217.16,91.328,485.37
200.88,105.02,489.28
-31.772,-10.077,145.78
38.649,-7.3928,232.88
-45.544,-0.27564,166.33
161.55,53.529,389.35
-103.29,-37.255,117.37
130.86,35.728,364.04
97.115,67.214,371.81
59.088,5.3812,256.44
-5.1742,20.179,223.16
65.713,57.271,316.46
191.61,125.01,468.29
198.1,75.571,424.68
110.5,49.981,387.11
192.35,110.19,418.77
193,97.705,410.47
189.83,81.853,463.97
158.85,51.251,397.22
-77.528,-16.572,117.63
51.227,42.583,317.84
-42.765,-11.589,135.76
-34.181,2.9311,169.38
88.78,55.127,303.45
208.28,124.88,443.06
182.28,71.42,446.47
-69.086,-15.958,159.26
-25.045,-44.065,158.15
-65.593,-46.271,87.211
97.571,71.869,336.12
-41.326,-53.532,145.49
223.61,119.12,446.18
73.457,33.56,273.62
7.293,-27.765,227.08
139.66,78.031,423.85
213.95,105.5,432.1
134.8,78.842,355.52
34.687,15.377,226.53
68.437,46.421,281.77
103.22,37.56,306.57
46.308,-9.4172,260.36
58.271,25.668,328.42
-27.024,-46.222,173.92
129.57,61.385,409.08
91.507,37.101,293.13
51.745,10.532,243.82
129.4,49.974,337.43
130.45,76.161,413.61
-43.448,-26.767,120.61
97.935,50.77,305.62
-57.043,-11.421,129.32
237.4,109.08,457.59
174.18,115.9,447.09
146.57,50.718,405.67
-39.559,-43.446,184.86
-49.895,-17.68,193.39
146.46,76.055,361.02
192.51,71.998,419.6
-42.207,-42.983,184.28
-50.211,-42.131,108.62
