10.036,-142,-38.622
-63.46,-297.08,312.69
-45.711,-299.87,377.52
-82.803,-295.9,334.71
-0.53984,-190.48,120.55
-54.935,-266.31,234.29
16.363,-135.05,-46.648
-5.5795,-137.5,-49.586
-22.233,-119.71,9.2175
-20.816,-178.36,146.72
-58.912,-238.81,189.29
-36.85,-210.24,105.76
-69.995,-288.56,297.9
-69.493,-330.12,411.38
3.6098,-173.8,94.177
-69.014,-233.2,251.53
-32.721,-273.59,292.81
-38.731,-178.89,61.572
18.829,-142.66,5.7055
-13.115,-171.91,127.37
-24.065,-253.37,231.81
-99.096,-295.99,414.76
-45.075,-233.56,158.03
-48.217,-182.64,105.54
-16.908,-160.52,-1.0315
-47.835,-201.4,198.68
-29.528,-240.92,270.91
-47.53,-205.41,210.56
13.742,-153.37,38.44
-95.748,-311.43,393.94
-46.696,-209.86,120.45
-11.273,-144.39,-33.402
-65.61,-306.97,468.95
-23.155,-236.35,165.78
-11.347,-144.8,75.013
-35.664,-278.37,290.57
-63.764,-227.29,193.05
-81.15,-293.94,456.5
-46.344,-258.04,335.84
-22.098,-237.8,172.51
12.655,-116.33,3.3559
8.148,-159.26,66.348
-19.591,-193,61.337
-67.321,-310.87,351.3
-36.56,-224.27,132.44
-88.924,-335.55,429.08
22.088,-134.2,-21.211
-88.135,-274.62,365.01
-28.511,-132.67,29.559
-43.298,-295.06,338.86
-81.331,-273.85,299.64
-21.254,-235.23,237.77
-37.427,-263.59,228.02
-28.844,-255.71,217.75
-11.369,-187.18,49.569
-75.723,-294.43,455.64
20.007,-137.91,1.4499
10.47,-101.28,-17.91
-28.267,-141.1,57.16
-52.296,-288.51,289.67
-4.9641,-183.19,130.49
-59.134,-309.4,350.5
-80.772,-260.32,329.2
-63.975,-267.99,378.47
-6.533,-123.86,32.386
-14.923,-232.41,187.21
-21.191,-245,238.4
-95.418,-290.26,416.71
-46.238,-295.83,325.16
-19.524,-102.73,-41.14
-37.009,-193.2,77.438
-48.092,-302.55,350.72
-96.612,-292.7,424.28
-87.217,-289.82,337.99
-10.017,-172.4,124.26
-82.551,-289.9,444.13
-7.8032,-136.99,58.325
-38.887,-212.28,229.52
-48.455,-197.19,109.78
-18.617,-100.62,-43.566
-33.484,-190.67,178.37
-47.236,-299.28,392.63
-70.324,-235.38,251.36
-55.325,-203.64,187.37
-59.513,-281.6,406.46
-1.7847,-195.34,88.127
-51.887,-198.54,180.77
-18.774,-194.12,174.03
-43.008,-189.38,170.11
-33.5,-147.36,18.436
-55.86,-318.13,442.09
-14.08,-228.81,195.95
-55.993,-290.23,416.47
-40.236,-281.45,351.51
-1.4918,-138.43,56.282
-88.175,-303.5,360.55
-57.851,-248.25,202.41
2.3703,-88.803,-37.966
-2.9929,-139.68,59.897
-78.255,-274.61,396.77
-80.466,-321.46,386.02
-12.185,-107.15,-5.8507
-15.25,-163.1,112.87
-55.768,-217.13,153.38
-60.471,-326.78,420.11
-27.714,-221.35,235.88
-92.042,-296.56,363.03
-64.951,-222.58,214.89
-56.111,-229.36,271.79
4.6392,-181.24,65.386
-48.668,-254.86,332.7
-44.093,-184.92,155.03
-16.448,-201.38,181.99
-80.271,-293.24,454.36
-5.6437,-192.45,142.92
-51.722,-210.58,220.89
-75.801,-248.71,293.32
-25.501,-206.47,205.7
-77.704,-261.73,275.23
-18.764,-226.76,221.04
-31.784,-218.18,117.34
-80.222,-261.83,341.41
-26.28,-236.48,161.97
-3.8613,-144.77,-37.069
-52.554,-236.22,172.85
-53.343,-316.08,407.14
-57.941,-207.68,191.09
1.0622,-140.6,56.991
-40.821,-263.66,334.21
-61.172,-312.25,465.06
-21.689,-231.37,153.19
-9.1553,-126.44,37.861
-45.929,-283.83,280.75
-30.759,-266.64,294.26
-53.931,-270.76,243.66
-86.516,-278.19,395.61
-71.876,-240.79,275.7
-84.718,-285.43,427.73
-58.704,-302.11,443.13
-28.34,-244.15,181.41
-18.373,-226.72,219.57
-64.018,-296.44,311.25
-81.324,-294.85,329.58
-54.295,-299.97,323.94
-103.68,-324.42,436.99
-8.6479,-180.55,35.83
-20.101,-214.48,109.51
-54.132,-197.73,165.34
7.9522,-158.07,65.99
-7.7889,-97.599,-23.852
-22.182,-215.08,214.99
-10.406,-191.62,60.374
-77.562,-289.74,443.75
-38.099,-251.03,307.14
-26.709,-177.5,37.685
-6.3756,-192.65,67.326
-25.622,-156.55,4.2593
11.731,-163.4,40.684
-25.618,-222.05,233.11
-83.159,-336.48,427.49
3.5555,-152.09,-20.992
-30.734,-268.63,270.92
-28.819,-262.4,282.86
-54.326,-299.92,426.27
-36.928,-198.11,196.02
-51.661,-306.99,419.12
-1.6926,-168.88,104.11
-81.226,-346.19,456.22
3.3284,-139.16,-48.663
-17.385,-192.08,168.44
-6.8083,-90.474,-39.654
-37.341,-182.69,62.98
-47.373,-263.63,348.65
-41.434,-181.19,71.737
-53.807,-198.85,135.71
-61.756,-321.84,392.57
-65.399,-243.41,305.97
-86.178,-272.03,326.65
-43.685,-264.13,225.64
-38.916,-260.15,323.83
-36.723,-281.24,325.15
-13.29,-191.38,58.305
-78.767,-261.07,343.79
-19.492,-183.7,42.784
-62.222,-275.91,261.78
-33.736,-218.15,238.32
-68.977,-258.6,351.43
4.595,-148.44,-28.463
-28.641,-227.15,247.48
-72.345,-258.62,251.98
-21.845,-216.89,114.46
-22.705,-213.94,107.12
-18.088,-234.92,222.15
-37.098,-153.06,41.232
-37.922,-263.55,325.83
-7.6728,-124.28,33.377
-46.051,-176.4,94.413
-29.3,-263.54,285.56
-26.554,-172.28,136.1
-96.939,-292.09,414.69
-62.177,-253.48,219.14
-85.118,-280.27,320.45
1.265,-97.963,-19.584
-74.715,-302.19,474.11
-35.302,-231.08,146.26
-10.593,-209.21,107.2
-45.927,-279.78,268.1
-21.945,-154.06,-5.4132
-84.339,-292.24,332.5
-3.3913,-172.59,112.85
-50.924,-281.08,388.27
-89.303,-294.39,350.61
-32.036,-271.99,284.53
-10.682,-112.02,6.7041
-35.147,-241.5,284.66
-55.317,-318.76,435.29
-9.8783,-209.03,108.32
-78.044,-275.6,400.26
-53.224,-275.15,253.86
-41.081,-162.31,70.676
-57.169,-299.64,320.47
-44.874,-238.51,292.63
-49.386,-271.02,366.71
-9.1293,-217.84,163.58
-13.606,-207.51,183.7
-80.873,-271.88,296.08
-17.887,-189.83,165.23
-42.165,-293.02,335.14
-56.562,-202.66,157.77
-36.577,-229.33,142.99
-66.196,-304.62,465.81
4.7072,-181.23,65.967
-74.386,-244.55,274.63
-21.052,-170.64,20.086
-4.0806,-160.44,95.99
-43.423,-294.8,335.38
-51.886,-224.87,153.32
-42.569,-292.7,328.09
-60.941,-287.61,287.56
-81.125,-259.2,308.3
-26.521,-247.18,268.36
2.4682,-185.29,102.55
-31.134,-140.59,4.9072
-5.8271,-181.12,38.838
-30.58,-133.87,6.4073
-60.984,-314.94,467.63
-27.361,-241.33,265.28
-98.903,-295.62,419.97
-62.404,-253.32,337.88
-60.829,-293.69,303.03
-31.364,-252.03,290.72
-56.107,-282.72,273.52
-28.635,-236.11,261.68
-17.633,-166.86,121.76
-35.095,-155.95,29.027
-53.871,-317.16,417.66
26.78,-120.76,-44.036
-23.593,-219.38,119.72
-117.58,-312.58,396.22
-95.204,-257.02,300.14
-42.603,-120.36,-33.154
-19.264,-194.61,116.07
-84.764,-231.49,224.36
-21.017,-204.29,125.3
-96.644,-274.94,278.27
-125.01,-316.31,463.43
-23.83,-214,127.59
-24.415,-210.08,146.19
-71.949,-320.19,419.47
-74.74,-313.29,436.76
-25.561,-161,86.485
-37.751,-228.71,128.22
-56.539,-290.14,322.71
0.43171,-148.35,-2.9907
-50.049,-216.37,216.19
-48.42,-271.39,254.66
-76.17,-276.55,375.3
-65.875,-249.52,175.86
-26.35,-145.9,-48.131
2.3467,-113.79,-27.74
-16.787,-143.91,-55.394
-97.957,-260.98,291.69
-76.176,-239.32,278.71
-80.866,-222.85,183.58
-92.85,-256.98,311.88
-42.322,-228.57,123.64
-48.609,-214.69,93.084
-109.59,-302.1,455.12
-109.42,-328.5,398.14
-87.066,-283.32,268.92
-33.197,-199.73,162.31
-115.15,-305.18,380.48
-38.373,-195.48,50.156
-81.416,-296.68,427.45
-63.153,-304.06,355.63
-67.573,-189.22,122.85
-11.03,-157.54,-22.493
-121.34,-311.67,463.79
-83.006,-299.09,299.28
-25.487,-184.73,124.58
6.0593,-130.87,-52.857
2.3703,-136.38,-7.7593
-79.052,-331.32,409.87
-26.175,-151.72,-37.902
-22.513,-210.01,130.12
-59.572,-286.37,350.05
-22.476,-209.91,129.92
-50.42,-270.01,297.48
-68.099,-303.9,400.5
-55.98,-207.6,87.26
-22.905,-106.28,-19.736
-78.976,-224.48,168.52
-17.389,-123.95,13.91
-93.265,-341.26,421.13
-66.647,-273.18,229.41
-12.918,-117.93,0.074025
-57.999,-293.38,328.55
-27.796,-168.57,102.2
-85.907,-237.99,254.65
-98.818,-275.41,371.95
-49.855,-168.6,19.365
-61.206,-279.85,349.81
-77.91,-290,407.39
-54.212,-157.84,65.416
-83.101,-318.13,352.13
-56.079,-233.63,257.82
-100.7,-278.86,297.5
-70.107,-270.4,353.29
-83.881,-250.6,306.59
-50.65,-271.28,241.53
-109.9,-347.8,443.19
-4.7603,-142.63,-50.815
-27.24,-198.22,146.97
-51.694,-194.04,59.019
-64.94,-244.9,290.97
-34.239,-223.61,118.89
-28.717,-226.34,157.78
-43.524,-135.81,28.343
-85.377,-243.54,207.46
-101.74,-316.5,359.94
-39.841,-197.57,54.835
-78.27,-331.86,458.86
-72.535,-234.57,158.94
-37.164,-108.9,-36.529
-76.899,-212.27,165.27
-102.89,-275.72,360.37
-61.737,-236.9,146.88
-86.937,-250.01,218.72
-62.831,-298.38,314.24
-83.205,-275.85,380.13
-113.17,-295.22,414.42
-47.035,-162,92.895
-92.832,-249.62,262.09
-97.21,-259.33,288.04
-50.148,-146.12,39.743
-24.399,-97.79,-39.47
-33.563,-234.18,157.35
-24.726,-155.46,-31.652
-25.65,-177.75,114.38
-65.096,-183.27,91.897
-33.815,-216.72,187.83
-101.9,-269.63,312.49
-68.985,-268.08,346.68
-85.125,-292,422.34
-113.48,-303.49,453.65
-66.308,-279.68,363.77
-48.566,-218.86,219.51
-80.499,-278.82,385.53
-53.498,-255.6,293.29
-98.28,-273.44,365.32
-33.703,-235.47,198.98
-21.57,-151.74,66.124
-100.1,-270.17,344.83
-24.211,-158.75,81.083
-81.607,-226.46,184.75
-27.871,-210.98,162.56
-18.319,-186.23,107.05
-78.274,-223.45,164.66
-30.779,-230.67,159.67
-40.783,-140.93,46.598
-59.397,-253.9,302.7
-35.575,-243.02,198.36
-7.2072,-164.71,6.8385
-74.157,-325.27,405.38
-64.131,-217.87,116.91
-70.458,-306.43,412.93
-71.976,-256.88,324.65
-121,-331.88,430.84
-104.02,-296.75,442.06
-58.573,-288.3,345.46
-57.361,-227.11,245.28
-30.299,-219.32,113.9
-54.561,-214.75,97.987
-2.9614,-117.33,-12.921
-95.306,-255.85,269.96
-61.899,-184.84,133.8
-54.515,-181.13,45.681
-34.069,-219.22,191.55
-122.28,-322.01,424.01
-75.178,-229.6,250.72
-79.38,-271.42,366.16
-50.469,-238.56,258.76
-111.53,-289.22,373.11
-47.395,-190.24,47.159
-65.407,-299.17,384.97
-70.788,-316.51,415.42
-115.61,-316.79,392.94
-85.033,-267.04,236.03
-76.964,-323.68,380.78
-82.177,-228.95,230.8
-95.349,-287.9,292.96
-30.615,-177.15,120.6
-31.117,-218.37,180.87
-77.015,-273.57,236.22
-45.53,-210.72,200.14
-53.374,-176.95,37.833
-51.513,-252.12,283.05
-77.04,-219.58,212.66
-90.098,-243.45,250.02
-56.546,-276.04,329.06
-80.82,-227.82,232
-21.009,-193.73,122.98
-27.851,-206.93,81.788
-76.182,-249.48,189.72
-59.899,-222.07,235.37
-125.44,-324.73,440.92
-26.154,-122.43,13.3
-36.111,-231.53,210.81
-80.867,-306.16,444.97
-49.276,-187.28,152.66
-80.234,-324.36,469.3
-24.205,-198.24,138.16
-74.763,-208.12,147.51
-64.726,-181.31,95.389
-61.364,-198.9,176.56
-94.083,-264.68,340.03
-81.843,-280.05,389.84
3.0467,-127.77,-15.182
-49.341,-218.33,100.8
-59.812,-172.21,58.008
-4.4024,-155.93,31.026
-68.92,-292.29,280.76
-68.36,-311.52,401.3
-25.31,-212.77,151.33
-26.557,-178.08,13.589
-14.098,-128.19,18.566
-60.127,-246.69,289.59
-98.146,-265.77,280.4
-100.78,-281.17,299.75
-29.099,-132.39,33.653
-73.248,-299.75,300.5
-73.166,-250.18,308.6
-68.342,-202.91,177.7
-108.17,-282.37,356.85
-26.907,-216.56,160.6
-51.146,-260.17,292.8
-28.889,-146.38,-45.258
-53.754,-267.41,309.89
-41.466,-190,41.178
-52.992,-236.71,141.27
-29.335,-227.82,164.1
-75.979,-329.74,431.12
-6.7195,-149.96,35.895
-98.492,-265.07,283.56
-98.265,-328.64,384.77
-56.056,-284.83,279.44
-54.96,-225.62,240.02
-98.926,-296.33,442.38
-62.987,-303.66,350.96
-74.088,-207.03,142.38
-40.154,-238.28,152.53
-78.81,-334.61,457.06
-66.375,-200.86,100.88
-18.001,-197.13,107.11
-16.422,-194.46,94.051
-112.06,-293.19,363.74
-62.077,-176.72,101.84
-62.098,-235.68,267.84
-112.16,-295.22,362.75
-49.02,-162.38,9.9678
-100.35,-266.09,308.41
-17.182,-193.1,104.09
-58.649,-165.1,63.228
-33.016,-191.74,148.98
-54.583,-285.53,314.63
-38.548,-234.21,222.22
-18.575,-194.65,67.137
-104.72,-299.3,334.94
-29.249,-213.13,97.144
-38.476,-229.8,130.32
-55.265,-189.2,57.93
-67.115,-200.63,173
-59.88,-205.22,194.24
-100.93,-323.68,375.01
-75.656,-230.88,161.54
-39.026,-154.78,-19.826
-43.578,-259.22,220.25
-77.005,-257.63,329.2
-63.895,-271.83,344.54
-48.527,-225.47,232.01
-70.164,-289.73,390.31
-89.933,-274.65,259
4.1875,-132,-18.002
-75.853,-210.08,171.81
-65.38,-193.77,91.662
-59.436,-180.98,59.643
-114.5,-303.11,449.32
-67.968,-246.91,297.94
-86.132,-267.04,238.37
-106.5,-287.65,404.09
-60.186,-222.85,119.04
-82.675,-342.16,455.02
-27.259,-170,-2.978
-39.373,-180.56,22.508
-110.01,-329.54,401.32
-15.044,-189.21,90.333
-15.922,-142.26,-14.192
-64.58,-193.61,148.94
-35.426,-198.22,96.985
-37.743,-198.08,109.77
-14.03,-141.17,-27.66
-48.995,-168.8,-19.676
-69.064,-148.3,13.308
-91.382,-308.96,413.6
-69.554,-174.89,17.934
-132.38,-304.05,425.03
-100.15,-315.27,322.48
-135.04,-304.56,402.54
-109.33,-324.54,350.05
-50.874,-239.42,159.75
-69.435,-163.04,70.023
-41.432,-104.15,-41.44
-69.164,-202.37,57.106
-89.638,-325.33,391.5
-61.019,-170.81,-4.0828
-98.03,-226.99,204.7
-90.648,-234.08,245.6
-132.1,-311.79,368.78
-60.021,-232.85,116.01
-125.42,-333.34,387.56
-80.798,-182.87,98.778
-68.836,-282.34,277.47
-73.309,-251.4,274.64
-67.542,-148.81,29.522
-134.91,-339.7,418.02
-89.544,-292.96,383.46
-82.514,-216.73,202.99
-134.14,-312.15,456.83
-86.224,-197.68,98.547
-103.99,-343.89,416.58
-74.77,-243.2,261.23
-138.78,-313.48,409.86
-45.091,-213.02,80.873
-73.246,-260.76,180.63
-77.047,-297.58,299.36
-38.379,-152.37,-54.409
-62.412,-236.28,123.28
-103.82,-262.51,216.42
-85.214,-234.17,133.48
-134.68,-309.07,380.89
-31.966,-192.35,64.336
-111.46,-301.2,297.62
-72.579,-166.5,72.41
-94.607,-231.34,152.21
-106.6,-290.53,402.35
-95.244,-325.92,445.82
-109.37,-251.12,256.88
-86.119,-197.05,131.89
-83.747,-188.22,90.946
-69.114,-269.34,289.46
-28.298,-170.4,53.847
-84.927,-281.62,231.83
-20.4,-157.13,10.955
-87.737,-295.6,269.17
-32.222,-191.72,76.223
-101.35,-286.32,387.64
-106.62,-342.64,406.99
-65.299,-155.1,55.585
-51.152,-125.22,-1.2154
-57.89,-218.1,81.672
-25.885,-167.96,-6.4235
-63.089,-261.68,197.55
-97.402,-322.87,347.91
-69.151,-156.75,0.57799
-88.16,-256,302.6
-112.24,-271.84,253.84
-107.43,-346.55,420.28
-69.796,-154.11,3.8352
-88.29,-222.04,212.93
-9.3792,-127.75,-53.97
-95.318,-336.01,416.71
-34.203,-197.54,86.1
-87.653,-200.94,107.13
-117.25,-310.61,326.28
-59.092,-255.66,234.5
-26.437,-143.51,19.388
-123.22,-281.6,319.38
-108.26,-295.52,416.63
-104.41,-239.56,225.94
-86.206,-220.24,209.91
-101.49,-248.47,277.7
-85.287,-277.97,346.62
-77.056,-199.75,161.42
-100.73,-337.15,396.24
-58.905,-253.28,233.61
-73.935,-271.83,308.85
-110.54,-304.53,441.64
-80.749,-182.12,68.156
-84.75,-225.74,225.89
-131.31,-324.82,383.18
-39.732,-185.91,104.04
-89.398,-202.81,134.55
-54.177,-226.52,104.65
-139.32,-313.91,440.34
-60.999,-261.08,203.73
-67.392,-210.52,69.585
-72.084,-280.14,240.72
-102.11,-298.83,280.92
-84.302,-217.36,106.58
-25.479,-171.96,39.551
-105,-308.28,443.81
-70.865,-157.23,9.9048
-64.942,-272.94,243.01
-90.692,-226.09,222.05
-48.333,-234.4,156.85
-49.247,-230.62,127.9
-57.569,-116.44,-46.045
-73.617,-267.54,198.57
-58.919,-123.09,-58.206
-98.097,-312.64,438.52
-39.25,-207.03,79.002
-57.672,-153.63,-34.258
-73.424,-290.21,315.58
-132.05,-308.63,447.22
-88.255,-222.83,123.53
-90.164,-207.97,121.18
-59.526,-187.49,21.277
-84.737,-295.89,374.66
-53.813,-149.28,-46.823
-105.2,-351.51,447.62
-130.94,-296.91,367.41
-86.704,-315.35,342.91
-52.209,-208.55,163.29
-102.13,-345.78,431.6
-27.668,-143.14,21.189
-44.343,-164.01,-30.668
-54.406,-241.36,207.13
-76.171,-283.99,330.51
-72.87,-218.42,207.02
-104.21,-262.37,320.02
-84.461,-189.96,96.192
-94.191,-286.9,380.4
-77.68,-299.45,339.8
-38.668,-186.18,18.363
-81.808,-304.93,312.6
-58.133,-140.37,27.757
-85.493,-243.07,269.9
-74.906,-169.9,32.837
-34.062,-194.12,89.404
-76.533,-217.57,206.27
-104.67,-314.06,455.47
-102.07,-241.58,190.01
-92.941,-326.94,374.52
-111.29,-328.07,360.47
-101.74,-311.22,444.14
-32.957,-194.97,69.385
-63.595,-154.81,-19.921
-77.025,-239.55,256.2
-73.3,-269.48,204.29
-64.645,-155,56.444
-114.25,-267.51,260.62
-118.71,-272.8,290.49
-63.028,-133.7,-34.102
-81.244,-303.92,364.22
-39.645,-206.48,121.89
-84.564,-191.08,92.34
-109.02,-352.37,439.98
-49.716,-195.28,137.72
-76.703,-261.51,181.79
-56.483,-120.56,-23.651
-85.351,-254.53,297
-88.511,-202.41,142.31
-50.323,-107.5,-45.226
-95.842,-337.35,423.07
-77.916,-297.73,295.04
-58.143,-232.7,211.98
-64.619,-263.57,200
-82.046,-214.96,198.52
-137.49,-312.54,445.82
-61.695,-142.44,27.329
-90.77,-223.15,131.32
-89.978,-326.08,401.31
-31.104,-187.64,71.441
-89.347,-311.46,408.92
-81.49,-245.59,273.43
-42.877,-210,76.776
-82.86,-234.81,248.96
-68.992,-229.72,108.38
-63.571,-136.46,2.0561
-102.81,-250.55,282.55
-80.833,-218.87,209.26
-45.907,-124.67,1.0345
-94.393,-305.36,294.88
-36.056,-153.23,49.42
-114.8,-275.93,352.87
-35.507,-166.3,68.333
-121.52,-292.08,402.49
-94.309,-220.76,144.58
-77.408,-272.91,320.11
-91.616,-326.75,380.43
-76.961,-258.82,175.35
-118.78,-271.95,294.45
-11.654,-134.31,-41.067
-76.977,-293.69,280.04
-94.632,-232.01,152.95
-16.649,-140.9,-61.43
-43.229,-212.25,141.52
-85.995,-258.6,306.88
-63.101,-140.42,-33.606
-97.645,-239.65,254.6
-60.154,-136.7,14.448
-118.28,-316.93,340.98
-32.212,-156.36,-45.311
-59.235,-135.56,13.235
-65.33,-195.74,41.347
-44.802,-150.21,-55.385
-64.739,-143.97,-24.736
-36.737,-125.54,2.0829
-99.808,-230.59,211.84
-52.796,-121.22,-13.23
-80.346,-179.36,70.509
-55.548,-146.64,45.169
-77.815,-264.53,189.17
-89.387,-324.94,393.68
-84.016,-197.89,144.35
-79.878,-179.2,86.841
-60.253,-262.13,215.95
-121.83,-277.79,318.24
-33.118,-151.27,42.141
-132.15,-331.2,396.2
-81.786,-269.78,324.33
-105.94,-246.34,255.83
-100.49,-270.13,344.33
-57.226,-255.48,216.1
-66.835,-276.02,276.89
-74.8,-191.04,140.2
-52.207,-237.43,194.63
-99.667,-266.6,334.4
-46.483,-194.39,31.663
-61.194,-262.91,211.98
-81.529,-308.68,339.29
-14.983,-144.64,-24.351
-100.74,-235.8,231.97
-110.51,-302.42,298.63
-101.49,-306.04,433.2
-107.24,-250.07,219.95
-77.768,-192.39,59.477
-50.048,-224.63,177.86
-125.2,-337.01,395.49
-88.47,-203.87,111.28
-96.057,-271,215.52
-79.655,-243.2,266.56
-114.89,-288.98,283.39
-125.74,-311.88,466.57
-16.397,-116.89,-35.476
-39.038,-172.97,-12.438
-51.878,-162.64,79.778
-96.622,-238.62,252.89
-68.051,-250.1,261.65
-101.61,-232.73,206.94
-109.19,-253.01,271.52
-116.99,-298.01,302.79
-121.07,-276.15,318
-94.464,-223.82,146.15
99.406,-108.63,-8.6047
29.842,-270.94,340.23
26.519,-261.49,406.75
7.9266,-281.16,356.84
73.068,-151.14,150.44
41.465,-242.5,261.36
102.65,-99.417,-16.177
87.95,-114.52,-23.381
48.122,-109.18,25.985
43.029,-153.06,168.81
35.71,-223.57,212.31
60.5,-188.9,131.91
24.212,-268.26,323.06
15.609,-299.38,439.51
74.375,-135.73,123.03
6.8614,-224.03,268.66
45.943,-234.1,323.65
53.944,-165.62,83.395
93.841,-103.16,35.912
50.867,-143.62,150.78
58.66,-213.75,263.41
-27.577,-289.58,429.93
52.38,-211.63,184.46
36.132,-173.54,124.1
78.327,-138.92,24.864
20.332,-186.78,216.85
36.155,-206.35,297.36
19.435,-189.61,229.03
86.6,-114.24,68.116
-10.256,-300.33,413.57
48.467,-194.22,143.74
82.815,-123.17,-7.869
-11.051,-277.51,491.24
68.656,-200.67,197.23
51.874,-121.7,96.028
47.029,-239.73,321.74
24.347,-217.15,212.72
-26.867,-276.53,473.49
14.257,-229.01,358.98
68.366,-201.09,204.18
74.809,-85.752,27.446
77.616,-121.83,94.698
76.786,-165.53,89.993
23.607,-283.66,378.9
61.024,-199.53,160.11
-1.3841,-315.02,453.17
99.284,-94.89,9.2932
-16.965,-266.74,380.76
44.79,-122.97,46.47
36.747,-256.85,369.37
6.6128,-263.18,319.51
48.826,-197.41,266.39
55.237,-229.98,258.71
60.334,-218.71,249.32
83.211,-156.16,79.465
-22.156,-273.69,473.95
93.276,-98.718,31.22
70.688,-75.339,3.822
41.84,-129.12,74.513
40.204,-257.8,319.07
62.659,-147.75,157.65
29.318,-277.6,379.67
-9.1121,-251.49,345.45
-5.9401,-246.78,397.76
55.944,-102.75,52.404
66.622,-192.23,218.85
54.238,-205.2,268.81
-28.548,-282.76,431.55
38.848,-259.46,355.75
55.034,-94.792,-24.778
58.838,-175.8,101.61
33.892,-265.52,381.06
-30.255,-285.3,438.99
0.12559,-278.85,357.89
54.429,-142.22,148.57
-26.688,-274.33,460.58
54.971,-113.6,79.388
24.564,-189.65,250.37
42.981,-185.28,130.79
55.23,-92.594,-27.291
31.153,-169.96,198.59
20.67,-261.67,420.78
7.1379,-226.56,268.6
19.069,-193.23,204.78
-2.8099,-254.57,428.06
84.17,-156.33,120.01
20.726,-187.2,198.27
45.705,-164.02,198.32
25.442,-174.74,188.33
52.469,-137.92,37.423
10.513,-281.1,469.72
62.725,-188.69,226.74
1.9337,-259.23,440.01
27.755,-243.89,379.66
61.241,-111.02,79.089
0.67341,-290.02,381.8
38.117,-230.28,226.84
63.115,-70.5,-19.473
59.756,-112.86,82.451
-18.459,-260.3,413.35
9.5079,-299.41,411.21
53.074,-93.356,11.455
48.383,-138.07,134.8
36.142,-204.9,174.61
18.17,-291.17,449.25
36.508,-190.16,260.6
-6.959,-286.72,382.05
14.488,-213.7,232.5
8.8301,-212.91,290.2
87.652,-141.57,97.051
11.561,-227.9,354.89
26.403,-172.07,172.83
49.335,-168.32,207.79
-25.97,-275.48,471.5
63.823,-155.38,171.11
16.169,-196.08,238.96
-1.5676,-239.82,310.05
38.43,-177.4,229.44
9.5454,-251.71,294.69
50.745,-189.42,249.36
65.589,-192.05,145.58
-11.336,-252.16,357.55
67.413,-202.7,192.91
89.804,-119.11,-9.6744
43.862,-217.97,197.49
21.323,-278.55,436.43
18.276,-197.97,208.51
64.244,-111.24,80.733
22.176,-230.25,359.68
-3.5175,-279.16,489.47
70.575,-196.01,184.57
53.815,-106.29,57.546
45.022,-250.39,311.06
43.096,-227.32,324.19
42.074,-245.31,271.37
-22.469,-268.12,411.08
2.0276,-231.42,292.57
-26.194,-272.31,443.58
-1.0696,-269.92,467.14
64.593,-209.75,212.49
51.444,-189.17,248.03
29.464,-270.79,338.62
9.9437,-279.52,352.06
35.328,-267.61,353.57
-21.362,-314.75,455.44
85.492,-149.45,65.685
74.754,-182.25,139.98
22.96,-188.15,182.85
76.887,-120.99,94.09
56.215,-83.377,-6.5759
43.212,-182.18,240.65
83.369,-158.96,90.843
-22.824,-271.23,461.29
24.88,-218.96,332.03
69.29,-157.74,62.913
85.069,-157.27,98.582
67.831,-140.84,27.277
90.095,-123.45,71.671
39.316,-189.51,258.53
4.0487,-312.36,453.1
95.071,-120.3,8.7099
50.949,-229.31,302.21
45.459,-222.96,312.92
5.9042,-265.84,451.56
27.648,-177.68,216.1
14.026,-270.05,446.6
64.64,-134.77,130.47
2.7996,-318.51,482.84
95.5,-110.53,-20.226
47.228,-161.65,192.89
57.464,-77.343,-22.807
56.769,-167.82,85.75
12.957,-233.89,372.06
50.242,-168.9,92.957
32.354,-189.36,154.75
22.282,-288.44,421.68
-0.17787,-229.14,323.48
-5.9092,-264.15,343.97
51.397,-234.19,255.15
24.634,-226.48,349.51
37.914,-242.07,355.14
81.604,-160.52,88.182
-11.328,-250.65,360.01
76.912,-158.32,70.532
33.401,-254.08,287.84
29.345,-191.14,261.01
-7.3667,-242.69,369.02
95.944,-116.87,1.1105
35.752,-195.17,272.58
18.591,-246.41,273.04
73.354,-185.14,144.77
73.126,-183.42,137.02
55.577,-195.54,252.07
46.381,-144.25,59.512
26.755,-228.58,352.27
55.016,-103.74,53.178
37.452,-167.42,112.77
44.961,-224.11,315.61
38.196,-151.78,156.24
-28.104,-285.16,429.61
32.942,-236.78,242.88
1.3639,-270.24,339.78
62.184,-78.198,-0.42306
-22.276,-279.01,493.3
61.893,-204.01,174.88
79.768,-172.39,138.89
46.355,-247.36,298.21
72.034,-136.82,18.366
5.2985,-279.18,353.71
62.92,-138.61,139.15
8.7457,-249.34,412.44
-2.5149,-283.55,370.35
47.943,-232.55,315.57
53.393,-96.154,24.709
28.205,-209.93,309.39
13.239,-281.4,463.45
79.897,-171.81,140.09
-18.739,-260.91,416.93
42.185,-248.24,282.11
40.11,-153.56,88.54
33.919,-269.11,349.54
16.712,-213.2,314.33
10.414,-240.71,390.27
69.612,-177.49,194.8
54.521,-171.53,211.18
6.8702,-261.38,315.84
46.483,-160.2,189.29
37.53,-254.6,365.68
26.056,-193.69,175.98
60.858,-203.43,171.14
-11.94,-276.02,487.68
87.531,-141.51,97.62
2.5285,-235.95,291.69
74.81,-149.15,46.041
60.337,-129.56,120.61
37.501,-256.78,365.97
43.545,-208.8,176.84
39.062,-254.71,358.78
33.624,-262.26,314.98
-4.0233,-251.15,325.15
42.764,-209.62,296.73
77.61,-145.49,132.91
54.339,-131.31,23.74
87.125,-148.17,69.292
50.52,-125.56,24.06
-2.5844,-281.16,492.47
39.675,-205.48,292.52
-29.132,-289.08,434.9
-1.4043,-234.76,356.53
32.723,-266.82,330.94
35.355,-216.02,317.97
38.612,-255.7,301.69
36.767,-202.11,287.83
46.12,-142.35,143.48
53.076,-145.59,48.798
18.509,-279.55,446.59
101.83,-81.697,-14.009
71.91,-188.09,149.89
-27.101,-314.24,411.15
-13.785,-257.94,313.83
44.93,-122.56,-18.974
62.245,-165.7,142.79
1.5398,-232.52,238.84
63.736,-174.35,153.02
1.5491,-273.55,295.87
-50.01,-320.52,474.57
66.417,-183.79,156.39
58.4,-180.67,173.35
5.7595,-292.74,444.89
-5.2776,-288.57,459.57
46.805,-142.98,106.86
63.84,-203.88,156.63
28.369,-261.07,350.08
85.368,-118.85,24.572
22.093,-199.81,235.89
43.53,-242.34,283.24
-9.5853,-260.98,393.61
40.266,-236.54,199.88
76.265,-133.62,-25.025
74.339,-90.391,-5.08
84.602,-126.45,-30.236
-11.236,-262.9,305.86
-2.9889,-232.75,294.23
11.345,-223.94,199.05
-15.359,-256.3,325.58
61.546,-206.57,151.2
57.59,-199.7,117.99
-43.792,-300.05,467.39
-12.326,-322.12,417.72
16.382,-274.72,290.56
41.126,-177.33,184.94
-24.912,-307.12,395.25
66.906,-178.91,75.596
-17.184,-279.37,446.11
21.718,-275.63,382.72
19.952,-190.06,137.63
87.335,-133.39,5.057
-49.918,-314.6,474.87
19.746,-284.44,323.44
49.391,-161.33,147.74
94.105,-102.31,-25.169
81.443,-108.17,18.227
9.3447,-306.07,436.18
76.769,-138.02,-14.115
64.444,-179.76,158.36
16.045,-259.4,374.9
64.474,-179.66,158.16
28.912,-241.7,323.55
4.9317,-277.69,424.57
49.549,-198.51,109.48
48.294,-99.292,-4.3694
18.052,-224.38,185.35
52.921,-109.61,32.33
0.78379,-322.33,445.66
37.73,-255.08,255.36
56.925,-102.35,18.955
27.404,-264.44,355.95
44.861,-150.12,122.82
-4.3509,-237.89,268.8
-26.753,-273.63,385.2
51.633,-164.71,38.619
11.152,-255.14,373.11
-12.508,-272.27,426.44
28.946,-157.89,79.78
15.312,-298.88,377.55
15.284,-216.55,277.62
-4.8798,-278.79,314.1
-2.0774,-252.8,372.73
-10.541,-245.92,321.32
45.517,-243.81,270.15
-14.676,-337.12,464.32
91.845,-118.17,-23.432
49.267,-172.82,171.28
53.267,-185.55,80.88
5.3266,-230.32,309.48
66.331,-197.85,147.52
60.983,-196.09,186.49
35.333,-134.46,42.57
12.749,-242.83,224.74
-2.2395,-308.55,380.62
65.618,-181.38,80.139
-3.8026,-305.2,483.37
31.499,-228.8,179.45
43.597,-110.18,-23.117
13.658,-213.4,180.45
-26.393,-276.5,373.26
44.614,-224.44,170.72
11.984,-248.76,236.38
30.622,-271.59,342.1
-16.797,-264.53,396.55
-38.777,-297.36,426.35
28.958,-156.48,108.45
-5.2316,-251.23,276.54
-10.548,-261.19,302.21
32.799,-146.49,53.927
47.986,-93.702,-25.165
61.811,-205.28,186.46
78.214,-140.05,-7.1202
48.234,-156,136.65
27.378,-184.34,107.43
42.961,-190.89,212.38
-15.344,-271.84,326.5
-0.63055,-250.39,366.23
-21.232,-277.92,439.53
-45.582,-303.52,465.38
3.1111,-257.81,385.32
23.7,-200.87,239.86
-14.575,-265.21,402.87
19.561,-232.04,316.21
-25.549,-271.84,378.6
50.489,-205.69,226.54
50.472,-133.51,86.537
-22.926,-270.64,357.97
48.121,-140.46,101.57
12.489,-227.27,200.67
51.545,-183.17,188.43
60.807,-158.56,132.81
19.119,-223.21,181.62
61.302,-200.76,188.65
35.117,-136.63,61.603
11.346,-234.04,323.61
53.506,-212.88,226.93
85.937,-136.37,35.316
10.979,-298.37,431.85
40.575,-211.11,137.97
0.97874,-280.92,436.42
-2.9709,-243.56,342.4
-28.729,-331.18,447.11
-38.78,-292.66,455.13
19.225,-260.42,371.08
14.197,-212.3,264.12
68.368,-192.14,142.83
51.621,-203.22,121.39
68.001,-96.15,8.5961
-5.8662,-257.57,284.68
18.708,-182.98,148.55
47.59,-177.09,65.103
43.116,-192.99,216.35
-33.358,-324.13,438.47
0.2976,-224.83,265.86
-12.348,-258.94,383.2
22.141,-217.15,280.66
-29.059,-292.27,386.05
57.833,-180.14,69.77
8.7841,-272.55,409.41
5.7292,-289.16,440.59
-22.249,-316.5,409.22
18.151,-261,256.51
14.973,-299.19,407.37
0.24115,-228.82,245.12
5.6878,-282.93,312.6
42.279,-158.38,141.4
47.976,-190.73,206.62
27.99,-261.46,259.67
26.982,-192.85,220.47
48.352,-173.19,57.068
22.062,-228.24,306.19
4.0973,-218.54,227.14
-3.158,-244.86,264.45
18.54,-249.65,353.56
0.30515,-227.08,246.35
58.417,-165.91,148.85
72.446,-181.28,110.32
28.308,-242.42,210.87
12.222,-209.94,253.14
-39.11,-327.91,454.47
45.468,-113.63,29.531
42.997,-203.76,236.61
-16.406,-286.36,464.76
24.42,-177.09,169.86
-12.575,-300.17,491.55
54.15,-171.18,163.52
18.053,-209.1,163.13
25.547,-182.49,110.49
14.826,-193.22,192.22
-20.025,-262.73,353.69
-16.15,-266.93,406.93
79.206,-100.98,9.6792
56.874,-202.93,125.9
34.906,-172.89,74.097
76.174,-127.24,57.482
32.078,-270.9,307.56
8.8206,-283.94,426.68
57.765,-183.28,178.57
76.651,-158.52,39.975
56.527,-110.97,38.295
10.455,-228.91,309.56
-5.4258,-267.05,295.88
-4.272,-280.64,316.67
43.005,-123.03,50.21
27.304,-279.13,326.89
-3.0838,-239.16,325.53
11.385,-200.57,192.51
-25.682,-285.05,369.95
56.018,-187.11,187.79
24.112,-234.32,317.1
73.754,-135.47,-22.744
21.304,-241.39,334.22
63.989,-176.51,65.305
52.87,-219.17,167.24
59.531,-197.54,192.69
4.7191,-302.6,456.92
69.603,-123.75,60.534
-6.998,-266.64,298.7
0.20133,-315.8,407.4
38.151,-257.26,307.76
16.711,-209.76,259.34
-35.178,-289.28,456.48
22.959,-275.29,378.21
19.426,-207.91,158.17
60.435,-212.58,181.14
-2.1486,-307.76,482.04
33.789,-199.06,118.99
67.222,-167.12,134.95
70.671,-164.25,122.29
-24.528,-295.93,377.68
23.136,-177.11,116.41
8.925,-221.61,286.26
-23.166,-297.64,377.09
51.445,-159.38,28.656
-14.985,-268.15,322.28
66.433,-163.44,131.49
30.272,-166.4,78.043
40.554,-171.03,170.74
29.586,-256.35,341.92
39.363,-207.17,247.49
76.843,-166.15,96.077
-7.1295,-296.95,352.84
70.479,-186.83,125.87
63.294,-205.15,158.68
48.078,-183.81,78.157
12.388,-198.09,187.86
14.48,-197.1,210.65
-1.8693,-313.58,396.55
26.251,-227.66,180.57
63.398,-147.83,0.92529
50.237,-230.27,249.11
-7.7328,-247.08,345.79
6.0395,-250.4,365.98
23.893,-205.94,253.05
-1.7773,-267.72,411.74
12.096,-269.64,278.83
83.296,-103.74,8.0094
11.347,-210.91,186.53
33.182,-192.94,109.07
39.702,-179.67,77.362
-45.339,-303.89,460.94
2.133,-233.62,315.86
16.633,-261.62,258.52
-34.961,-287.48,416.54
45.831,-212.71,141.8
-0.25819,-316.16,480.62
76.28,-152.74,22.464
65.604,-168,46.145
-13.103,-323.24,420.83
69.823,-159.28,118.07
72.507,-123.91,9.1126
17.267,-191.36,164.09
57.298,-178.56,121.6
51.758,-179.6,133.31
77.212,-122.13,-3.5714
63.617,-165.02,1.4533
27.026,-159.98,24.835
-13.926,-295.41,432.91
40.412,-181.53,34.061
-51.635,-315.73,433.9
9.0389,-307.25,344.86
-46.951,-318.1,411.87
-0.69871,-319.7,370.95
50.737,-219.76,185.9
18.826,-171.06,81.791
39.014,-109,-29.639
45.06,-202.68,76.727
3.0495,-307.89,415.14
51.001,-173.54,14.104
-5.6119,-237.15,216.25
-7.6295,-237.74,258.37
-30.887,-322.72,381.51
52.502,-220.69,140.78
-18.891,-335.72,404.95
13.056,-193.27,110.48
27.437,-262.91,302.6
7.2439,-240.8,293.2
23.835,-159.2,40.795
-31.353,-345.96,433.2
-12.937,-281.99,401.49
1.0331,-219.69,216.15
-57.526,-322.73,465.46
17.339,-208.39,111.79
-4.692,-330.91,439.42
5.3147,-235.32,278.52
-46.871,-327.37,419.7
62.859,-196.47,106.77
39.589,-249.88,204.89
23.465,-279.67,324.56
72.457,-146.1,-32.499
50.52,-224.75,147.84
6.7083,-268.91,232.75
28.796,-236.48,152.2
-37.892,-321.88,392.05
66.006,-172.33,90.015
-0.5417,-303.13,315.97
17.676,-175.67,84.02
14.563,-239.49,167.54
-32.901,-289.89,415.38
-16.536,-310.77,466.04
-15.648,-262.39,268.18
7.4903,-207.26,143.64
16.06,-199.45,103.31
16.407,-252.45,311.63
59.396,-152.71,76.733
27.715,-272.72,255.2
70.269,-138.08,34.949
22.759,-284.97,292.92
62.042,-171.78,101.23
-27.016,-283.62,401.67
-4.6795,-331.63,429.42
21.657,-162.47,67.412
31.923,-131.02,10.625
55.636,-208.17,105.64
77.168,-150.34,19.09
43.092,-244.27,223.51
8.1738,-311.28,371.23
35.41,-167.03,14.182
-9.6342,-252.87,317.55
-5.2376,-280.77,268.45
-6.9076,-335.04,442.7
32.477,-165.24,16.672
-3.2637,-227.23,225.38
80.743,-109.04,-30.216
-2.5115,-319.41,440.01
60.981,-177.47,111.32
15.62,-211.71,120.29
-7.8983,-313.64,343.87
32.152,-236.43,258.68
55.462,-130.61,39.184
-26.98,-294.04,330.6
-35.448,-294.64,429.61
-9.504,-250.68,237.5
-1.8085,-224.59,222.61
-17.05,-255.21,289.37
-7.5881,-268.04,364.39
7.5406,-203.51,174.42
-0.168,-323.9,419.42
31.2,-234.42,257.43
8.5364,-256.99,329.59
-39.283,-302.8,454.72
21.458,-193.16,81.023
-2.1545,-227.86,239.25
-27.013,-332.47,397.89
44.961,-171.12,125.14
7.4631,-213.78,146.51
56.686,-212.32,130.02
-55.792,-327.52,448.85
42.59,-242.44,229.78
47.467,-207.95,90.572
34.235,-263.72,266.28
10.128,-295.94,301.6
27.683,-222.9,123.53
66.559,-152.53,63.951
-33.492,-302.47,458.71
31.679,-168.27,22.824
34.999,-253.63,268.72
-5.44,-231.75,234.32
50.681,-214.27,182.76
56.14,-212.27,154.13
34.855,-128.56,-35.346
38,-255.24,223.25
41.077,-134.91,-46.066
-24.177,-301.94,455.97
64.509,-188.22,105.16
52.498,-158.27,-17.225
17.426,-271.32,339.53
-55.156,-318.83,456.07
22.868,-229.36,139.91
13.635,-218.61,134.5
54.336,-185.6,41.796
-5.0394,-281.62,394.67
56.611,-152.69,-29.21
-10.213,-337.22,470.29
-38.038,-310.12,377.72
13.597,-298.95,367.41
31.174,-195.73,183.31
-6.4937,-331.07,454.56
53.783,-131.01,40.569
67.64,-158.59,-8.9324
35.513,-222.62,230.85
7.4885,-267.71,352.09
8.274,-215.22,222.46
-23.407,-267.27,331.86
14.993,-201.18,108.5
-19.084,-279.95,396.42
12.434,-280.87,363.5
70.527,-172.16,43.367
20.16,-288.18,337.55
26.815,-146.85,39.626
-5.5279,-241.46,284.43
29.167,-180.46,46.231
58.2,-174.58,113.89
5.1797,-216.74,220.77
-33.308,-306.72,471.01
3.7588,-251.51,203.99
6.2887,-311.44,398.45
-3.2024,-323.52,381.15
-29.407,-302.89,460.29
65.28,-174.94,95.115
44.482,-162.51,-4.5822
2.9427,-233.82,272.54
37.701,-256.5,229.15
21.861,-161.99,68.361
-11.192,-278.39,273.71
-20.201,-284.79,302.3
37.012,-145.47,-21.93
5.2068,-286.16,386.92
51.581,-187.28,146.05
16.653,-202.21,104.99
-10.484,-340.32,462.28
32.909,-184.03,156.92
37.009,-252.52,205.38
31.606,-130.84,-12.898
-6.6892,-250.12,312.53
5.6958,-212.81,154.07
35.14,-117.05,-34.61
-3.9809,-320.69,446.22
24.122,-280.39,320.25
26.323,-217.82,233.09
42.278,-246.66,225.87
1.6703,-218.06,211.65
-56.732,-325.23,454.25
25.366,-150.64,38.812
18.872,-230.98,146.87
0.39954,-308.53,424.6
61.961,-167.92,96.143
-9.595,-296.28,429.33
-2.0207,-241.04,289.16
64.031,-192.8,102.77
-2.1728,-233.62,263.44
45.994,-223.66,130.91
27.781,-147.39,13.09
-18.277,-257.58,294.11
1.7412,-220.29,222.92
35.016,-127.41,13.837
15.783,-296.34,317.87
44.934,-143.63,67.616
-33.314,-283.9,363.49
47.344,-153.47,88.26
-43.582,-300.02,412.5
10.977,-230.95,158.35
3.2329,-259.74,339.81
5.5022,-310.39,404.37
37.135,-250.63,198.66
-21.878,-284.08,305.92
79.001,-115.43,-17.152
26.858,-276.84,305.35
14.712,-240.03,168.37
84.735,-124.05,-36.542
46.45,-193.71,165.12
-7.7157,-253.6,322.61
40.621,-150.89,-20.234
-12.457,-246.22,266.47
26.992,-145.33,25.756
-9.3207,-319.08,358.89
76.866,-145.46,-21.69
27.403,-143.89,24.587
48.779,-195.34,61.259
66.553,-148.21,-35.249
38.828,-154.57,-11.445
42.282,-122.62,17.024
-6.9897,-240.98,223.37
31.831,-128.99,-1.9824
19.523,-190.65,82.855
27.372,-150.04,58.029
35.75,-255.48,212.76
2.3981,-307.39,417.22
6.0111,-206.46,156.19
15.111,-189.98,98.574
40.256,-242.63,241.85
-27.742,-290.17,329.11
48.181,-140.43,60.933
-27.783,-337.87,411.35
-3.132,-259.76,342.31
-15.413,-256.52,267.05
-23.109,-270.86,357.4
38.776,-235.48,241.43
25.566,-256.67,301.32
10.434,-195.54,152.98
38.567,-218.37,218.65
-21.625,-267.71,347.42
65.337,-183.18,55.894
41.11,-243.88,237.98
14.847,-290.58,363.86
77.496,-125.43,0.027625
-10.535,-245.37,243.4
0.59883,-303.53,317.37
-29.014,-298.76,448.92
-3.9967,-260.9,233.08
32.075,-199.77,75.26
37.786,-207.1,200.7
-18.915,-338.4,413.27
15.461,-214.48,124.63
17.778,-271.11,235.17
0.013936,-238.15,282.54
-6.0363,-295.62,299.33
-53.991,-317.34,476.6
63.852,-104.19,-16.055
71.586,-162.3,11.35
29.351,-160.11,94.936
-11.756,-244.82,264.86
14.292,-236.85,281.68
-5.7574,-243.85,218.67
-18.642,-263.55,282.59
-8.1042,-303.78,319.11
-28.023,-288.41,328.74
12.144,-233.47,160.39
140.83,-28.047,33.718
79.115,-193.85,382.39
52.097,-187.12,443.62
63.232,-214.84,395.34
98.971,-75.16,188.07
94.586,-165.44,304.16
140.28,-18.845,25.482
139.57,-39.857,18.123
91.63,-58.476,55.629
71.608,-94.304,199.38
93.48,-154.51,252.43
116.02,-113.28,174.5
78.176,-195.35,364.2
55.77,-223.47,479.57
99.105,-62.479,159.26
55.302,-171.13,300.12
75.394,-154.96,363.27
111.67,-99.326,122.3
120.65,-26.216,74.118
77.474,-82.359,182.11
90.953,-132.08,304.63
19.632,-241.53,459.06
107.57,-135.47,227.23
90.735,-115.61,158.82
132.14,-64.354,66.703
59.43,-134.08,246.61
59.641,-138.98,330.81
56.85,-136.68,258.6
112.11,-38.876,105.41
43.795,-240.1,449.19
106.35,-124.52,184.16
136.06,-49.592,33.44
7.9363,-220.94,519.2
110.24,-116.74,241.04
81.527,-65.097,125.85
79.979,-158.87,362.71
80.951,-156.13,249.13
0.26955,-229.89,498.53
37.912,-169.18,389.18
108.26,-117.14,247.7
98.516,-23.738,58.601
101.85,-49.873,130.28
127.36,-85.517,133.65
70.419,-207.12,420.39
114.36,-121.01,203.6
47.611,-245.93,491.79
127.8,-16.785,48.3
28.973,-217.71,410.1
91.005,-71.185,77.056
68.086,-177.93,409.22
62.728,-201.83,355.98
73.237,-124.78,302.3
98.873,-147.23,302.36
99.106,-135.3,292.42
130.02,-74.347,123.25
2.1661,-224.8,499.49
119.04,-23.067,68.681
96.208,-18.241,33.146
84.171,-77.405,104.4
85.729,-177.49,361.98
86.95,-78.528,192.05
71.171,-198.84,421.27
36.515,-201.38,375.2
21.281,-194.83,425.13
86.436,-48.204,81.474
97.679,-110.82,259.74
81.142,-127.76,307.24
14.545,-236.6,459.14
75.097,-179,397.12
103.37,-43.675,5.8845
116,-104.27,142.7
67.447,-186.39,421.38
12.536,-239.54,466.35
55.602,-217.62,394.19
80.061,-79.148,180.52
2.8657,-228.24,485.8
84.101,-57.038,109.1
54.708,-133.29,280.17
100.76,-120.83,168.9
103,-41.838,3.1157
63.479,-114.44,228.4
43.657,-190.52,455.8
56.968,-172.99,300.59
65.584,-140.22,235.95
19.415,-198.69,456.29
119.22,-73.226,162.33
65.31,-134.5,228.98
71.422,-101,230.26
64.73,-121.86,218.2
108.02,-78.762,72.842
32.796,-211.33,504.01
90.4,-110.17,265.78
22.289,-199.4,469.64
50.836,-172.72,414.7
87.562,-51.233,109.73
55.496,-225.85,419.28
94.976,-158.22,268.12
94.304,-19.27,8.2717
86.494,-53.538,112.96
14.812,-212.88,439.8
59.202,-227.62,451.12
90.646,-43.076,39.89
76.995,-79.659,165.23
94.044,-139.92,212.98
50.292,-215.19,487.96
61.277,-126.4,292.7
47.661,-227.75,417.22
65.708,-158.91,265.27
44.33,-160.66,319.13
120.12,-59.692,138.39
36.378,-169.97,384.45
68.404,-119.4,203.07
73.946,-102.13,240.93
0.93748,-228.55,496.63
88.313,-83.726,206.61
55.154,-143.66,268.57
45.876,-188.12,340.81
64.468,-115.55,260.93
65.607,-191.3,330.75
75.07,-117.51,284.94
117.81,-112.54,189.3
31.709,-203.05,386.42
111.67,-119.19,237
139.67,-42.202,32.506
100.85,-145.41,239
49.248,-203.4,474.04
66.591,-144.43,240.22
89.529,-49.585,112
44.529,-165.44,391.82
15.196,-217.8,519.47
112.71,-112.07,228.48
85.329,-52.231,86.582
87.544,-168.81,354.01
69.198,-151.22,361.91
93.775,-167.16,314.41
16.808,-221.58,438.18
48.902,-179.54,323.32
6.9828,-226.62,469.26
18.256,-209.31,496.93
107.88,-126.2,256.43
75.853,-116.92,283.77
79.2,-193.98,380.73
65.232,-212.41,390.91
77.63,-187.68,395.75
31.387,-257.59,489.51
131.93,-67.836,109.32
120.93,-99.301,184.16
71.999,-134.2,214.88
100.99,-49.644,129.38
92.583,-33.501,21.475
67.648,-116.34,273.6
128.47,-76.306,134.7
3.8856,-223.43,486.76
48.142,-155.23,363.86
124.92,-84.199,104.62
126.6,-73.801,142.18
124.44,-72.115,67.052
119.01,-44.123,111.28
63.671,-124.24,291.22
50.315,-240.56,492.43
139.13,-39.698,51.495
82.695,-148.5,342.95
71.781,-146.5,350.83
25.794,-202.14,482.79
60.129,-122.43,245.83
35.872,-200.76,480.61
88.915,-67.392,164.06
44.303,-245.73,521.77
142.23,-32.092,22.075
72.811,-98.287,224.97
94.783,-28.189,5.0921
114.42,-99.364,125.59
35.925,-173.65,402.32
107.93,-104,131.25
88.003,-130.04,190.26
59.831,-211.02,461.95
37.036,-178.5,352.01
46.596,-209.66,376.83
99.318,-152.95,298.88
47.203,-161.12,381.93
64.683,-165.62,393.13
128.76,-78.661,132.05
30.149,-201.78,388.5
128.95,-79.991,113.71
87.333,-179.09,329.89
56.188,-131.45,291.7
26.105,-192.88,396.54
140.04,-36.557,43.777
60.098,-130.67,304.93
75.801,-182.02,311.02
120.11,-102.37,188.97
121.18,-101.26,181.18
81.497,-119.49,289.73
100.57,-87.097,93.822
49.239,-161.49,385.43
86.064,-49.544,82.195
91.535,-110.11,147.13
71.28,-147.68,353.51
70.757,-96.371,186.05
16.809,-238.3,457.82
90.063,-166.24,283.53
56.865,-210.28,375.54
92.485,-25.679,27.73
-0.46515,-228.8,518.97
113.33,-123.84,218.76
119.52,-88.418,182.41
90.541,-165.8,341.44
127.96,-66.53,58.703
60.977,-214.87,391.4
87.272,-71.348,172.7
29.85,-187.87,442.91
52.649,-222.75,406.42
78.376,-152.67,355.68
88.676,-44.905,53.17
52.086,-146.39,341.24
36.868,-210.05,498.66
118.94,-87.849,183.47
13.914,-213.47,443.27
92.443,-169.26,325.25
92.676,-97.811,121.95
78.551,-189.8,391.87
43.65,-155.78,344.04
32.608,-180.33,420.45
98.522,-97.611,234.65
78.792,-101.55,245.91
62.964,-200.3,352.19
72.444,-97.625,221.08
68.472,-175.72,405.45
79.504,-136.91,209.99
113.28,-124.05,214.84
7.4304,-220.34,515.32
119.83,-59.706,138.9
52.113,-182.89,323.41
129.16,-74.304,88.096
85.466,-65.941,152.71
69.602,-177.48,406.11
101.33,-138.59,217.47
71.695,-175.01,399.2
84.359,-185.06,357.43
46.08,-198.43,356.82
66.782,-137.68,332.27
104.3,-68.213,171.24
109.63,-72.575,58.931
131.43,-65.772,112.9
103.33,-70.23,57.335
16.192,-218.8,522.92
63.253,-136.26,326.79
16.723,-241.97,463.38
29.794,-183.18,384.43
81.667,-188.98,373.36
58.594,-146.87,352.16
88.296,-177.05,344.6
60.446,-135.38,321.03
75.186,-84.297,173.83
109.57,-84.362,85.285
44.728,-205.72,483.34
128.97,-5.0742,24.113
119.21,-105.52,194.1
39.381,-261.35,445.72
45.645,-209.89,345.07
109.67,-71.889,14.332
101.08,-93.428,181.03
64.569,-181.62,271.95
104.2,-99.312,192.76
71.494,-213.58,334.13
7.06,-278.97,502.56
110.66,-105.23,198.31
97.832,-107.22,212.22
42.858,-223.93,481.32
27.759,-226.91,492.18
86.582,-85.017,139.03
120,-122.89,201.68
69.552,-186.64,389.67
126.27,-44.052,64.279
62.722,-143.17,267.63
89.81,-163.71,325.55
27.714,-208.47,422.97
107.92,-162.42,243.92
141.86,-62.18,17.49
110.12,-28.295,28.2
145.72,-51.54,13.016
52.718,-212.49,338.91
45.31,-183.57,324.04
78.693,-169.57,234.42
40.13,-209.31,355.68
121.32,-126.5,196.47
123.9,-123.92,162.53
2.306,-258.97,493.29
53.368,-258.75,456.72
85.129,-205.76,332.54
79.28,-114.64,218.89
41.594,-254.6,429.66
131.46,-102.39,120.14
17.216,-226.86,474.97
63.313,-201.74,422.15
83.741,-138.29,171.25
141.64,-54.882,48.702
3.6888,-274.17,501.78
83.8,-210.99,366.56
87.256,-97.504,182.13
137.91,-26.416,15.518
119,-37.931,55.367
55.687,-232.64,476.23
141.62,-65.223,28.861
106.28,-103.13,199.02
51.965,-192.23,410.42
106.31,-103.04,198.82
66.592,-171.22,360.81
39.513,-212.69,458.91
119.46,-127.9,152.38
94.867,-50.959,24.773
88.052,-166.16,222.86
93.759,-55.856,62.845
55.586,-250.63,486.42
100.57,-177.87,299.91
96.567,-47.865,49.58
69.035,-189.83,395.7
84.551,-91.632,155.2
54.477,-188.94,300.33
24.055,-229,413.46
122.23,-100.74,78.74
46.288,-191.76,406.84
22.437,-218.71,455.85
89.031,-108.09,111.9
73.044,-224.31,420.07
54.99,-159.95,309.18
64.269,-221.3,351.14
34.86,-197.78,403.13
39.181,-198.18,350.74
95.934,-163.92,313.72
46.69,-271.4,503.61
144.66,-40.463,19.606
86.923,-106.4,206.77
123.18,-115.77,123.42
45.969,-176.39,340.04
121.11,-116.71,192.4
104.8,-117.83,228.22
91.348,-86.115,73.352
83.121,-183.45,262.82
64.103,-242.48,420.92
130.56,-105.07,124.67
31.505,-238.98,518.37
102.63,-161.78,221
102.8,-62.82,7.7877
79.836,-160.04,215.17
29.388,-231.29,402.64
112.78,-150.61,214.72
82.557,-188.47,274.89
79.548,-193.87,384.46
23.319,-215.57,424.86
16.431,-254.51,454.59
80.011,-106.46,139.1
59.143,-200.04,310.01
53.324,-210.77,335.26
92.96,-97.089,85.887
97.427,-47.011,3.7577
110.66,-124.71,230.06
141.87,-65.87,36.253
86.523,-94.106,170.27
94.895,-129.79,142.91
80.516,-123.96,248.07
48.695,-221.76,359.42
36.473,-195.09,396.77
15.156,-228.22,467.51
3.4694,-262.85,491.61
38.091,-198.49,417.25
63.426,-142.99,271.98
23.603,-214.68,431.52
56.003,-169.17,349.94
25.864,-226.96,407.08
90.658,-131.11,266.02
89.873,-75.576,118.63
33.13,-224.78,387.67
87.686,-82.3,133.79
80.996,-171.53,236.84
89.635,-113.06,225.61
98.781,-88.727,169.84
89.279,-164.64,219.3
107.08,-121.35,231.21
86.948,-87.66,91.933
48.672,-175.55,355.58
96.952,-135.07,268.39
133.57,-57.591,77.923
53.825,-225.56,471.02
111.5,-142.88,180.01
34.891,-217.44,469.98
37.63,-191.41,372.18
37.414,-275.31,482.93
5.5012,-250.25,481.29
56.097,-191.22,407.65
55.612,-157.42,295.23
120.79,-111,187.3
120.31,-130.24,165.11
104.57,-36.465,40.961
59.914,-205.36,318.83
75.627,-133.16,180.13
118.53,-112.64,105.5
80.685,-125.49,252.3
32.323,-272.56,472.33
51.496,-175.73,296.14
27.409,-208.65,412.02
59.745,-156.29,313.72
32.612,-245.32,417.2
126.82,-108.89,112.79
43.921,-206.53,444.3
42.039,-221.15,476.54
44.962,-260.31,445.36
88.482,-194.27,297.79
64.396,-224.25,448.62
59.669,-179.32,276.99
75.206,-218.35,352.8
81.913,-99.485,173.95
85.947,-120.94,243.63
95.428,-188.72,303.07
66.973,-134.93,252.66
119.21,-109.19,97.248
58.653,-164.81,340.2
61.973,-169.08,258.73
60.596,-193.89,297.71
54.488,-183.28,388.73
58.378,-177.87,277.87
96.505,-95.782,186.04
127.11,-100.41,155.06
98.875,-174.08,252.89
55.899,-156.88,283.84
25.439,-278.75,487.08
91.089,-63.571,59.26
80.889,-133.85,273.66
16.429,-231.69,494.29
70.578,-124.67,200.71
19.532,-240.03,523.34
91.989,-102.3,200.11
85.757,-154.27,198.77
91.55,-129.34,145.1
65.907,-142.95,222.98
32.11,-216.78,382.76
22.197,-216.93,435.38
115.65,-33.638,45.361
122.91,-126.8,170.53
103.77,-116.67,110.54
114.49,-55.705,95.315
90.195,-193.04,351.58
45.456,-215.35,462.94
97.326,-109.6,217.55
137.63,-80.828,84.419
95.599,-54.692,69.604
49.108,-172.21,340.98
62.417,-212.52,331.41
65.056,-222.39,354.08
88.589,-72.235,80.256
85.632,-202.17,370.56
39.892,-188.24,355.18
67.341,-150.9,223.86
35.741,-237.79,401.19
95.504,-113.56,226.71
60.55,-168.27,352.22
140.32,-65.126,19.461
57.482,-175.33,369.3
130.8,-102.38,109.2
117.16,-141.52,212.24
102.73,-119.75,234.1
44.198,-232.26,494.44
106.56,-56.772,96.145
60.161,-213.08,333.68
62.413,-246.39,448.45
87.085,-178.47,350.6
57.483,-153.96,290.73
5.9764,-245.37,482.75
65.372,-200.8,418.04
87.565,-152.58,194.1
115.27,-131.48,226.01
34.614,-240.07,517.93
104.88,-137.58,158.11
107.97,-91.735,174.89
112.64,-87.593,163
40.585,-245.7,410.86
84.942,-126.36,149.24
50.473,-167.66,316.99
42.774,-246.27,410.91
121.92,-96.741,68.173
48.087,-218.65,354.78
106.27,-89.314,170.72
95.383,-114.16,112.1
79.339,-110.17,204
70.153,-182.27,381.26
76.896,-138.57,283.91
126.01,-85.879,139.6
61.721,-236.56,391.1
124.28,-105.77,170.54
119.71,-124.2,203.76
118.97,-117.51,119.34
68.043,-148.39,219.17
62.555,-145.96,241.27
62.669,-246.03,437.19
97.611,-163.98,220.7
132.54,-80.814,42.123
97.934,-150.61,292.12
34.982,-197.02,375.02
41.695,-191.12,398.01
62.662,-146.72,285.6
32.362,-208.91,443.3
82.306,-204.44,319.42
120.85,-33.444,45.174
74.891,-159.32,220.03
103.78,-133.2,147.35
110.39,-119.2,115.97
5.1442,-263.08,487.48
43.548,-180.84,346.05
87.087,-195.64,299.49
16.584,-244.48,444.22
115.37,-140.96,185.13
41.247,-245.7,518.53
139.09,-76.706,66.5
132.71,-94.917,89.638
52.514,-260.07,459.74
110.38,-84.18,157.85
123.65,-56.043,47.566
74.812,-140.48,196.23
110.63,-107.06,162.02
103.59,-111,172.2
129.91,-52.026,36.128
142.32,-94.474,45.846
104.5,-111.85,59.235
32.622,-238.02,466
124.42,-121.01,74.998
14.761,-276.79,462.37
82.336,-235.32,388.92
26.048,-276.28,442.74
74.393,-250.67,414.05
110.5,-142.95,229.75
88.118,-124.66,114.02
100.46,-64.711,0.31079
127.76,-134.48,120.79
57.899,-238.21,455.03
133.78,-108.62,56.748
68.161,-189.98,249.59
54.854,-190.95,289.59
49.78,-270.93,418.07
125.34,-143.4,187.1
59.685,-273.8,445.56
88.029,-145.44,144.31
83.507,-189.49,344.33
58.074,-183.95,326.8
97.02,-112.85,73.673
47.77,-288.97,471.75
34.783,-227.19,433.66
63.413,-172.01,247.74
5.129,-285.39,492.59
99.541,-155,149.3
58.02,-260.89,480.81
57.69,-180.95,311.3
29.121,-283.54,451.97
129.35,-118.37,152.34
113.53,-173.44,251.03
83.645,-204.93,367.58
148.15,-74.592,11.79
124.08,-147.72,194.17
90.958,-207.85,273.97
112.72,-170.02,195.71
40.869,-274.25,426.46
122.89,-97.409,132.54
80.894,-238.22,358.37
89.206,-129.01,116.75
99.042,-180.66,207.82
19.872,-245.2,444.01
29.812,-251.34,499.99
59.836,-215.35,301.76
82.156,-159.42,177.42
95.913,-148.73,139.25
66.463,-187.51,348.62
110.47,-85.831,114.75
102.89,-197.99,300.8
122.55,-68.313,74.429
95.191,-210.14,338.09
116.3,-99.14,142.3
24.793,-236.89,431.02
61.312,-261.63,471.37
89.555,-116.33,99.288
95.931,-85.929,41.369
130.74,-132.09,151.83
139.38,-74.305,63.021
107.71,-166.53,268.6
76.387,-238.62,414.72
118.03,-112.69,52.182
44.908,-203.28,348.62
78.224,-223.89,307.71
57.712,-265.47,484.23
114.04,-112.96,53.589
61.727,-180.47,257.02
132.86,-39.87,8.9755
53.012,-250.35,479.74
115.81,-104.16,152.79
97.659,-158.54,157.68
73.174,-250.57,385.41
84.72,-166.16,298.42
105.67,-71.075,73.84
51.132,-246.44,364.88
16.521,-250.29,457.95
66.736,-202.8,271.58
62.149,-177.53,254.2
48.598,-210.06,320.42
41.647,-213.44,396.73
71.237,-155.86,206.22
63.277,-252.91,461.37
83.205,-165.14,296.65
57.812,-195.55,364.92
10.984,-258.7,482.66
102.91,-140.84,117.94
58.961,-180.08,270.66
53.599,-276.16,436.4
95.878,-108.39,161.32
85.013,-164.63,181.37
126.91,-134.38,176.17
13.95,-288.48,477.95
104.48,-165.26,274.16
128.64,-137.04,135.55
99.634,-186.7,311.19
89.172,-226.33,345.64
112.39,-160.28,165.5
119.56,-81.627,104.05
14.118,-254.91,487.7
113.38,-115.76,59.865
93.8,-178.11,311.84
60.046,-185.25,265.94
108.24,-138.62,225.72
119.54,-134.25,199.14
109.99,-82.99,-2.4676
110.08,-178.38,269.25
121.48,-84.557,-10.191
21.795,-248.98,487.03
126.4,-110.79,149.64
135.27,-96.004,24.258
69.949,-201.58,379.05
7.4382,-281,483.4
107.64,-168.05,181.32
95.964,-165.02,172.12
135.25,-115.84,86.229
42.63,-222.3,428.8
138.71,-89.275,12.658
48.479,-268.72,510.32
38.196,-265.14,410.53
74.67,-225.56,409.99
82.505,-135.37,218.52
52.372,-261.83,494.95
104.2,-72.376,74.871
144.75,-87.085,35.6
87.468,-153.55,269.97
56.628,-204.39,388.21
64.657,-164,254.55
38.337,-222.8,361.94
94.584,-150.67,144.3
30.338,-229.3,427.07
64.634,-211.81,402.66
139.67,-95.367,88.83
82.197,-213.51,380.85
92.646,-101.18,70.934
51.107,-192.24,315.7
111.64,-126.64,83.975
111.29,-103.46,154.1
63.613,-167.09,252.53
13.141,-258,500.3
87.066,-196.14,242.56
67.206,-239.41,440.41
71.705,-255.06,423.97
17.053,-252.78,490.19
122.35,-99.85,137.75
127.86,-103.97,35.379
56.723,-181.26,304.77
108.87,-179.47,275.07
89.166,-115.8,100.15
70.768,-225.44,310.99
59.235,-235.45,337.57
117.4,-95.046,13.975
55.335,-219.96,424.47
104.16,-117.05,185.78
97.453,-150.56,141.5
52.33,-271.51,503.17
84.779,-125.39,191.47
112.9,-177.09,251.42
102.34,-86.377,18.737
47.057,-199.4,343.95
80.925,-164.77,188.04
103.47,-73.572,-3.8198
50.819,-252.15,485.6
85.794,-205.18,363.73
77.01,-155.14,269.2
107.76,-168.89,271.12
64.275,-170.41,243.27
10.377,-287.11,482.49
93.916,-105.11,70.535
103.47,-171.62,187.4
53.503,-240.14,463.62
115.51,-96.177,136.71
37.485,-236.2,463.69
52.215,-189.73,320.93
129.32,-114.79,148.1
55.272,-184.3,294.89
124.83,-149.84,176.76
101.32,-101.5,45.834
47.636,-212.61,325.12
62.359,-171.96,254.49
95.351,-81.137,44.463
89.094,-223,362.55
96.773,-87.323,101.15
31.049,-241.52,393.11
98.29,-93.431,123.27
18.208,-259.75,440.76
94.066,-176.1,196.65
52.342,-200.74,374.04
64.305,-238.94,445.71
113.85,-175.61,244.66
56.5,-235.82,340.53
131.4,-45.819,22.282
90.168,-200.96,349.41
99.227,-180.99,208.74
146.28,-49.647,6.5651
98.368,-124.95,204.1
45.348,-202.63,354.02
122.78,-97.216,17.395
53.616,-200.5,297.85
95.904,-100.1,57.41
70.851,-255.53,400.49
148.09,-71.269,22.999
95.738,-98.716,56.115
130.91,-126.64,105.44
145.58,-79.854,8.2421
120.96,-101.09,26.095
97.324,-72.903,48.236
67.229,-193.76,256.81
98.328,-84.571,28.899
99.469,-139.95,118.8
89.608,-103.1,89.272
111.49,-180.09,258.75
56.518,-238.16,456.78
76.96,-159.45,188.97
91.166,-141.77,132.76
99.328,-166.6,285.23
48.778,-243.82,362.57
99.382,-82.934,94.875
52.204,-280.72,450.12
46.729,-204.51,375.04
57.008,-210.51,299.65
33.277,-225.08,387.13
94.25,-161.75,283.19
78.884,-185.61,341.54
75.1,-148.1,184.86
90.914,-148.53,258.17
35.496,-221.83,377.31
138.33,-107.1,101.71
101.81,-167.16,281.95
71.903,-218.15,405.33
130.97,-54.442,40.245
61.235,-199.06,276.02
81.597,-237.83,360.04
18.28,-249.43,478.62
78.058,-207.8,270.44
116.5,-139.91,115.98
89.066,-140.25,238.74
58.803,-275.83,454.01
97.862,-160.79,162.3
100.05,-202.97,279.13
54.044,-186.3,314.51
77.168,-235.75,339.84
1.6034,-278.77,503.05
113.01,-45.808,17.917
144.09,-87.37,56.582
86.253,-109.37,126.91
53.822,-198.98,296.2
64.574,-176.76,316.59
71.158,-195.41,253.1
54.047,-217.82,315.11
74.525,-243.2,359.83
47.667,-242.58,361.83
95.813,-177.4,199.32
114.93,62.051,68.544
61.302,-101.89,419.43
19.054,-111.56,470.88
57.236,-127.98,432.19
65.051,1.9044,215.82
79.571,-71.187,342.68
111.64,68.965,58.837
125.13,51.557,55.506
87.933,8.6619,84.279
51.548,-29.585,224.15
87.367,-63.959,290.88
103.73,-18.749,213.62
66.646,-103.96,402.08
32.197,-137.93,512.82
66.227,11.67,185.92
53.642,-99.248,331.19
41.852,-73.222,393.12
107.44,-11.034,160.09
86.72,52.175,102.45
54.256,-16.795,206.69
57.703,-46.571,336.18
20.44,-174.32,488.52
94.665,-40.701,266.34
90.044,-35.969,193.44
119.35,28.293,104.91
51.164,-67.965,274.02
29.939,-70.34,355.62
47.208,-71.388,285.41
78.327,37.45,132.86
41.112,-158.93,484.14
99.877,-33.371,222.81
123.55,41.912,71.195
-17.531,-163.75,539.75
82.14,-23.846,276.71
63.736,-1.4816,150.53
47.766,-73.632,394.33
79.563,-72.785,285.25
-12.438,-175.85,519.91
13.552,-106.54,412.29
78.924,-25.228,282.73
72.683,40.698,82.243
69.511,22.931,156.45
108.46,9.5934,171.87
51.21,-117.07,456.35
98.49,-25.455,242.54
35.137,-160.61,526.86
94.295,63.567,77.559
28.185,-150.46,439.3
88.512,-1.5454,107.01
36.054,-95.232,439.76
60.759,-118.51,391.99
40.557,-51.32,328.7
73.063,-54.046,338.55
69.331,-44.506,326.88
107.16,19.97,160.45
-14.138,-170.62,520.3
85.25,53.649,96.304
75.088,43.299,56.341
78.919,-10.147,132.83
62.977,-85.156,398.33
56.542,-7.9002,217.6
46.841,-109.97,455.83
34.761,-133.46,404.53
4.9508,-136.43,447.78
70.677,14.248,105.99
63.716,-26.263,290.75
46.933,-48.916,335.72
13.697,-173.4,486.56
45.547,-92.116,429.91
102.87,26.697,36.499
107.73,-12.075,181.49
36.872,-102.2,452.83
11.74,-176.83,493.57
53.255,-134.79,429.93
54.885,-12.702,205.16
-7.7173,-173.2,507.99
65.956,6.236,133.57
37.44,-69.578,304.98
97.852,-34.009,206.28
102.34,27.901,33.426
48.369,-50.098,253.86
10.971,-119.11,481.3
55.852,-99.746,332.35
62.455,-69.404,266.31
-3.2375,-140.12,477.92
86.97,15.095,195.29
61.004,-65.099,258.51
46.342,-34.546,254.91
56.474,-55.48,245.73
107.15,2.446,108.12
0.56178,-141.47,528.92
55.995,-29.981,294.81
-4.4505,-138.74,491.47
18.207,-101.24,440.24
65.156,12.969,133.86
50.641,-141.02,455.45
86.122,-65.774,306.92
81.342,40.915,32.286
64.712,10.538,137.14
5.9891,-154.52,463.73
45.363,-139.69,487.09
82.952,20.167,66.149
57.199,-15.201,189.93
90.845,-52.581,250.53
20.865,-134.41,518.11
35.005,-59.918,317.16
46.261,-147.25,452.1
64.742,-83.831,297.86
33.779,-97.071,345.05
86.858,26.087,170.06
14.171,-108.17,407.57
62.258,-51.576,231.6
45.868,-33.764,265.9
-12.139,-174.41,517.99
56.366,-11.011,232.8
46.994,-77.827,295.88
44.33,-117.82,371.21
40.428,-49.848,285.43
64.248,-108.77,366.52
42.829,-44.687,311.13
100.45,-16.836,228.05
28.774,-137.47,414.52
85.794,-25.022,273.6
122.41,49.981,69.737
91.745,-52.489,277.97
17.364,-125.8,502.38
64.398,-72.112,271.39
65.085,15.503,136.17
15.779,-99.551,415.6
-13.786,-156.89,541.03
85.003,-18.84,264.36
70.641,10.443,111.38
61.74,-77.244,389.49
35.334,-73.933,389.77
76.981,-72.879,352.64
12.935,-160.35,464.22
46.815,-109.42,353.55
-0.71215,-169.72,492.75
-9.7707,-148.64,518.55
81.264,-32.579,292.67
43.434,-43.765,310.08
61.918,-101.97,417.88
58.669,-124.91,427.94
52.816,-97.59,430.76
29.886,-179.68,523.24
108.93,26.097,146.32
96.819,-4.442,221.37
70.038,-61.103,246.42
68.971,22.584,155.36
84.299,28.693,47.175
39.691,-48.367,298.42
103.78,17.665,171.43
-9.9321,-168.71,508.24
20.803,-89.68,387.73
114.16,8.7075,143.29
98.772,18.688,177.71
117.71,17.477,104.97
84.947,37.456,140.98
36.052,-56.785,315.87
33.99,-154.67,527.07
115.13,51.991,87.342
49.65,-64.026,374.09
37.828,-68.791,378.85
-3.9642,-138.63,505.35
45.316,-58.21,271.28
3.656,-131.55,505.23
59.772,1.7324,189.18
23.865,-161.91,554.8
121.64,59.438,58.445
47.394,-31.629,249.65
87.685,33.988,30.99
108.65,-9.3686,163.85
10.784,-111.09,425.26
104.64,-16.866,168.69
87.1,-48.646,225.61
33.323,-125.81,494.54
28.831,-115.17,378.22
46.771,-134.06,409.84
77.656,-58.436,336.37
18.229,-94.656,405.91
31.059,-87.65,421.33
106.1,15.903,169.39
26.256,-137.35,415.94
112.27,14.64,152.11
74.338,-86.034,368.24
34.232,-67.026,316.01
15.776,-132.48,421.11
116.26,54.924,79.573
33.006,-63.838,329.4
72.514,-95.582,348.16
96.549,-7.3108,226.37
98.98,-5.9098,218.93
47.542,-42.367,317.5
100.11,-8.327,128.11
19.009,-93.681,409.78
70.943,12.963,106.85
90.892,-31.274,181.41
37.341,-69.991,381.53
55.891,-31.979,211.57
16.786,-173.43,486.12
82.457,-74.882,322.08
55.415,-128.45,410.99
77.99,35.018,51.703
-19.487,-175.07,539.12
94.952,-28.076,257.35
90.057,3.4206,217.38
65.954,-73.254,377.56
119.66,23.915,96.725
56.643,-129.42,427.93
58.269,-2.275,197.82
2.5146,-125.43,465.41
50.378,-140.46,441.93
45.025,-69.727,386.1
78.657,17.75,78.771
25.322,-80.617,365.31
4.5144,-138.1,524.45
88.984,3.5519,218.16
4.635,-155.48,466.97
74.034,-75.176,363.12
92.022,-21.153,155.28
55.845,-98.806,427.63
23.336,-93.136,367.85
6.8099,-118.12,443.13
64.074,-15.589,264.48
47.848,-30.324,271.63
61.16,-117.2,388.13
47.849,-31.383,245.73
36.181,-93.291,435.82
78.771,-58.888,243.91
96.151,-28.347,253.63
-17.149,-163.63,535.81
86.496,25.91,170.48
51.167,-110.19,354.96
116.56,18.891,126.57
59.547,0.6465,177.27
37.86,-94.017,437.04
94.426,-47.097,256.19
40.059,-90.905,430.42
67.525,-92.131,395.06
45.74,-125.69,388.49
34.293,-65.013,358.35
70.052,10.372,199.6
108.88,8.1406,94.014
106.35,27.514,149.26
103.14,6.2366,90.662
-13.44,-157.04,544.74
32.34,-66.074,352.06
17.206,-176.33,492.1
16.592,-122.7,408.53
63.101,-96.611,410.44
27.479,-76.931,377.29
69.697,-83.567,382.16
31.323,-67.135,345.77
55.964,-19.855,198.62
107.95,-0.90873,121.41
12.518,-130.2,510.71
95.495,73.251,52.493
96.162,-10.29,231.66
50.759,-178.68,483.75
55.278,-135.35,379.26
121.32,7.9517,51.178
79.061,-11.621,212.91
74.832,-102.62,308.19
81.448,-14.279,225.92
80.462,-123.08,375.16
19.498,-211.13,534.31
88.19,-15.081,233.75
75.431,-24.091,244.61
21.987,-145.96,511.73
8.9125,-157.18,519.34
75.157,-14.229,167.94
104.46,-23.625,242.29
47.74,-101.68,422.97
104,41.044,97.55
52.826,-72.938,296.56
68.766,-72.284,361.79
18.275,-143.58,449.65
105.44,-61.834,287.37
139.75,34.997,59.519
92.951,43.444,56.527
137.98,45.762,54.126
63.98,-133.32,375.4
46.122,-114.78,354.19
89.667,-85.168,273.14
47.652,-138,388.09
109.02,-25.834,238.26
119.29,-22.796,205.85
7.137,-198.06,520.7
56.92,-168.06,496.9
87.008,-108.7,375.21
63.41,-40.999,248.27
53.246,-172.21,467.62
125.07,-1.7345,162.95
5.687,-163.72,500.53
42.17,-116.96,455.48
93.947,-58.129,207.98
126.48,41.254,88.019
14.394,-209.29,531.94
79.184,-113.12,408.47
70.392,-23.115,211.67
116.97,61.307,50.167
97.476,41.47,86.283
38.29,-145.39,511.29
138.02,32.601,70.916
83.421,-16,233.08
31.38,-116.3,439.98
83.446,-15.914,232.88
44.989,-91.561,391.83
19.463,-139.32,487.45
121.03,-28.811,195.88
95.022,16.101,54.055
98.272,-77.043,263.51
86.018,12.157,91.178
45.499,-159.71,524.34
92.458,-77.669,342.22
87.458,20.019,77.619
47.416,-104.44,429.21
72.702,-20.474,184.2
63.051,-114.03,334.49
29.831,-162.4,443.51
128.89,-6.6145,120.96
27.761,-119.37,435.21
10.576,-154.38,481.86
97.929,-31.748,146.74
63.081,-129.31,459.79
44.459,-90.313,337.74
74.387,-133.3,391.29
23.423,-131.08,430.25
42.018,-129.71,381.11
77.009,-69.006,351.86
45.485,-181.4,542.67
128.98,54.133,58.162
68.111,-30.034,236.84
125.33,-17.347,166.73
37.969,-108.36,368.33
104.48,-18.165,232.51
82.24,-28.177,263.42
98.31,-13.386,106.29
92.811,-93.186,303.88
66.249,-149.21,461.99
124.6,-4.3392,167.58
11.133,-164.18,547.48
107.58,-64.872,264.13
112.75,11.025,41.725
90.67,-77.169,253.2
38.354,-161.24,434.75
110.87,-49.955,258.3
91.761,-97.345,316.24
61.053,-101.61,421.51
18.371,-151.87,451.79
26.62,-186.72,485.93
82.237,-35.359,170.5
70.17,-119.99,346.84
64.519,-131.64,371.72
102.18,-21.018,120.67
100.79,20.438,33.764
90.136,-30.172,267.75
136.47,32.362,78.172
71.302,-21.028,199.52
105.86,-45.134,181.74
61.279,-47.248,278.21
60.249,-142.81,395.86
24.965,-128.06,424.02
7.0108,-166.16,493.17
10.722,-200.51,520.06
22.265,-129.48,444.62
52.023,-72.304,300.85
16.173,-150.87,458.08
38.775,-96.417,378.7
31.902,-159.79,437.42
68.007,-46.628,298.96
78.197,-5.0369,147.38
41.846,-154.04,420.04
75.972,-11.48,162.66
91.86,-85.324,276.33
68.575,-33.439,256.7
77.834,-9.4071,200.82
99.378,-75.154,260.09
85.134,-29.593,267.44
90.458,-16.933,123.4
35.117,-105.81,383.66
74.435,-46.014,303.34
113.4,34.761,114.72
34.332,-140.9,504.58
115.46,-45.106,223.35
15.411,-145.7,497.91
30.829,-124.84,400.04
46.48,-190.42,521.53
8.1046,-189.37,508.3
34.792,-113.07,438.06
47.506,-88.145,324.05
102.45,-13.854,226.5
119.36,-29.964,208.69
89.641,33.796,69.03
71.256,-123.66,356.44
82.226,-58.702,213.76
125.11,-17.912,147.96
61.06,-48.297,282.58
44.033,-191.43,509.75
54.461,-105.28,327.39
21.288,-144.09,439.12
44.747,-84.459,342.46
44.625,-170.33,451.99
127.3,-9.8368,156.08
23.564,-132,473.29
21.152,-144.3,506.45
54.576,-174.51,484.45
93.053,-98.078,340.54
48.179,-133.93,485.21
68.299,-103.61,311.51
80.677,-124.38,394.74
69.742,-28.03,203.01
65.028,-41.657,274.6
93.745,-89.388,346.11
55.731,-64.047,281.64
126.05,-14.879,139.57
41.137,-91.496,369.15
69.507,-94.332,292.65
71.334,-114.4,334.25
34.476,-107.98,418.12
66.227,-103.2,311.8
75.432,-16.151,217.13
110.57,-2.1364,195.07
102.5,-76.436,296.12
50.693,-87.74,313.1
38.001,-200.25,523.5
89.364,4.3123,88.576
59.834,-54.527,304.62
2.2725,-167.73,519.75
67.6,-54.545,230.79
1.0637,-172.08,549.79
71.607,-23.837,230.82
96.67,-69.281,237.73
102.4,-46.731,183.01
67.979,-71.625,254.46
37.926,-148.31,413.63
15.257,-153.45,461.87
95.323,42.745,75.168
117.86,-25.563,213.82
114.57,-29.866,150.27
92.61,25.193,126.82
78.235,-95.154,392.22
24.404,-137.84,493.11
74.861,-26.215,250.04
127.86,18.648,126.13
84.837,14.304,97.843
37.745,-103.11,369.16
73.638,-127.69,370.35
74.768,-133.65,394.47
86.324,-3.7744,109.73
74.445,-104.87,411.07
35.653,-121.23,383.68
73.345,-77.136,257.08
47.358,-162.69,435.96
73.074,-30.324,259.14
41.118,-92.941,381.72
139.67,31.748,61.61
37.854,-100.15,398.7
127.7,-2.3058,152.32
109.81,-40.088,255.21
80.042,-30.859,268.95
23.986,-151.63,526.12
86.859,19.623,126.07
71.56,-129.45,372.14
59.261,-152.89,488.69
67.849,-85.332,387.91
48.278,-84.33,319.51
5.2808,-185.14,508.91
44.406,-115.05,451.82
98.446,-66.926,233.35
98.699,-32.926,266.14
14.275,-163.21,547.94
113.63,-45.176,199.93
85.188,-6.2533,208.24
89.853,-0.34689,197.12
52.81,-165.99,447.75
94.421,-48.214,184.98
43.105,-99.059,345.64
54.808,-165.14,448.39
129.42,-3.7719,110.03
59.35,-140.76,390.71
83.698,-5.3956,203.42
106.22,-32.829,149.45
65.191,-37.628,233.2
48.135,-97.953,414.23
56.488,-60.522,314.43
105.91,8.5997,177.34
69.612,-146.39,431.8
106.98,-7.8649,210.26
104.38,-24.813,244.47
124.25,-21.329,162.22
73.808,-74.783,252.28
61.849,-75.729,271.79
62.484,-152.63,477.9
105.03,-69.63,263.14
136.06,14.906,84.49
77.196,-57.492,329.15
31.153,-130.87,403.21
26.388,-121.75,425.63
49.64,-75.519,314.41
16.279,-140.82,470.23
87.845,-109.55,361.78
99.283,46,76.101
85.047,-79.453,256.63
113.38,-42.497,188.58
119.55,-27.859,157.4
13.331,-199.77,516.51
36.899,-113.27,374.38
92.264,-99.98,342.12
24.02,-178.75,474.18
115.89,-41.178,228.76
22.421,-163.77,551.02
131.79,22.521,108.52
130.56,4.497,132.63
56.141,-169.57,499.84
87.648,0.95448,191.06
113.58,29.574,83.175
81.127,-64.789,230.35
99.629,-17.183,199.33
93.513,-24.375,208.25
119.42,36.338,72.862
150.29,9.8356,92.731
127.12,-26.43,100.41
26.482,-163.64,497.39
143.16,-21.638,121.59
35.739,-205.47,497.12
85.444,-133.14,434.04
49.795,-198.66,480.71
80.81,-149.76,459.19
100.45,-44.913,270.78
106.02,-45.558,151.63
114.17,7.9853,34.396
140.25,-29.681,168.67
49.245,-148.9,492.49
148.6,-6.4197,103.9
88.769,-107.57,289.11
67.565,-115.6,324.66
72.154,-180.63,461.33
124.4,-37.158,233.29
73.541,-176.56,490.38
109.04,-61.765,184.45
73.138,-96.411,383.14
55.397,-107.43,359.71
117.77,-31.457,112.77
65.435,-195.4,515.63
31.288,-154.21,464.89
75.438,-96.015,282.98
24.51,-217.6,525.52
121.92,-62.489,193.53
54.807,-166.59,521.4
57.848,-105.52,344.23
53.636,-202.49,491.56
123.27,-15.265,196.27
113.98,-67.216,297.45
75.334,-108.33,408.29
153.28,28.688,57.735
123.85,-41.251,240.58
109.5,-107.9,320.78
127.3,-65.893,243.66
64.753,-188.46,468.01
112.08,-2.6312,172.02
94.742,-136.84,405
108.54,-48.351,155.28
119.3,-82.386,254.2
27.028,-177.37,474.83
22.116,-175.42,531.78
81.761,-132,341.91
102.94,-75.926,217.44
118.45,-59.791,181.95
57.633,-104.92,383.12
101.03,-1.0502,150.1
105.42,-92.421,347.3
111.98,19.527,110.92
95.667,-106.13,383.55
105.17,-7.7843,180.23
29.841,-168,461.95
60.48,-165.38,513.22
106.62,-38.258,136.3
110.92,-11.048,76.63
132.27,-25.454,198.61
131.65,24.562,104.82
100.53,-64.845,311.72
75.32,-138.89,458.05
140.06,-19.157,96.796
49.945,-130.43,381.27
99.092,-127.79,353.24
56.189,-170.39,525.44
136.72,-21.731,97.311
76.273,-103.65,293.05
122.59,47.389,45.266
45.272,-161.14,517.32
104.63,-11.93,191.09
120.07,-66.314,201.79
88.03,-150.9,431.47
74.016,-77.751,335.14
100.69,7.2327,107.14
74.571,-161.08,406.18
23.33,-183.22,488.38
88.632,-118.34,312.21
75.74,-101.09,289.9
64.732,-134.15,356.33
39.38,-139.7,428.51
84.228,-79.094,241.96
59.919,-157.38,502.46
72.777,-77.864,332.92
50.836,-116.25,398.31
16.735,-192.85,512.38
125.49,-49.652,161.62
70,-104.75,305.44
72.809,-182.24,480.7
89.197,-27.062,195.64
106.97,-78.333,222.82
123.63,-29.163,221.5
37.274,-215.06,514.01
95.717,-65.65,316.1
138.13,-30.96,183.47
93.512,-85.118,354.45
98.039,-122.58,392.44
130.18,-58.786,212.86
108.73,7.5635,141.09
15.558,-187.86,517.2
136.01,-24.271,103.69
83.949,-81.692,352.2
75.123,-108.33,302.1
97.409,-42.861,265.62
111.28,-33.068,241.85
132.69,-1.0481,37.207
108.89,-72.926,315.05
144.66,4.4103,32.632
18.308,-178.53,517.16
117.47,-10.986,191.64
151.91,4.0347,70.78
59.569,-113.61,415.63
26.441,-212.85,516.42
126.38,-67.592,228.39
118.3,-72.278,216.44
145.36,-10.836,133.79
35.965,-145.69,461.07
154.08,11.293,59.191
43.418,-178.06,549
62.092,-183.02,450.49
67.938,-129.51,450.73
77.766,-55.716,252.45
46.925,-170.47,533.87
100,5.3324,108.05
150.91,17.042,82.093
77.148,-66.477,306.18
48.255,-123.66,421.99
69.897,-88.728,288.3
52.126,-149.79,396.18
117.07,-62.055,186.85
30.949,-158.67,457.99
54.494,-124.59,438.95
136.41,8.2711,133.48
75.275,-115.85,422.26
108.56,-24.746,107.03
57.91,-118.43,349.08
133.92,-33.631,128.41
100.37,-14.04,191.22
71.424,-91.865,286.7
12.94,-190.71,529.63
108.87,-101.36,287.68
61.307,-144.56,480.77
78.38,-154.72,468.9
15.899,-184.36,519.84
111.55,-4.8253,177.34
147.52,-6.5882,81.264
59.152,-106.45,337.83
106.91,-74.425,320.56
105.78,-38.055,136.95
93.275,-133.43,355.02
82.429,-147.89,379.78
140.53,-6.0254,56.812
45.686,-136.31,459.3
93.48,-28.663,222.5
120.03,-60.305,184.78
50.025,-178.12,543.51
81.624,-46.814,225.21
115.45,-70.515,298.35
122.62,-7.9706,56.45
50.739,-126.11,376.56
101.98,-80.771,228.33
122.7,2.5985,32.737
42.915,-163.79,522.78
78.241,-107.32,405.12
70.201,-74.002,303.42
101.18,-66.669,314.58
76.475,-94.287,278.59
32.437,-216.02,517.32
111.88,-27.146,107.66
123.45,-72.832,233.95
44.483,-152.93,500.11
104.48,-5.9746,174.15
29.863,-159.31,495.91
55.84,-115.66,353.87
122.43,-12.485,191.54
62.594,-109.93,328.6
130.63,-42.797,224.46
122.63,-20.254,84.965
64.087,-136.69,361.09
72.657,-96.486,289.2
106.87,-7.4954,78.583
91.238,-119.67,408
95.204,-10.647,134.33
48.175,-168.62,427.88
93.492,-14.268,156.97
34.934,-190.1,474.04
116.08,-81.885,241.56
46.94,-123.52,406.8
57.277,-145.82,485.12
117.29,-68.875,291.82
79.676,-149.77,382.08
121.01,41.967,58.783
83.33,-101.56,391.59
119.37,-82.526,255.18
139.18,47.502,47.72
88.234,-38.138,240.22
48.366,-129.55,386.42
144.93,-4.5029,61.674
69.659,-123.86,334.05
114.34,-22.162,94.6
84.723,-156,446.31
148.13,31.51,67.845
113.8,-21.173,93.068
142.63,-21.77,153.22
155.3,22.873,54.74
143.22,-8.547,70.318
102.64,0.35388,81.114
88.12,-111.04,296.51
115.58,-8.74,64.966
122.08,-50.978,161.53
102.04,-27.787,124.28
113.97,-73.64,305.62
47.651,-149.65,493.86
95.632,-78.852,227.36
112.7,-57.152,173.4
89.321,-69.612,325.82
71.929,-160.41,402.96
96.529,-5.6755,128.09
70.383,-186.5,494.37
44.466,-129.88,407.2
77.441,-129.85,338.37
42.282,-154.2,419.61
83.24,-68.786,321.84
68.171,-96.104,378.73
88.939,-70.926,220.92
80.342,-60.588,294.71
44.968,-150.44,410.1
138.33,-1.7254,147.68
92.496,-68.639,323.32
62.94,-125.3,444.29
120.42,35.099,77.484
80.985,-118.54,314.57
94.586,-136.08,406.68
18.265,-181.13,508.41
100.53,-115.62,314.55
136.02,-40.83,162.58
79.799,-55.38,274.16
71.584,-178.57,498.65
120.18,-67.913,206.68
112.27,-98.472,326.83
57.153,-111.94,347.49
95.786,-137.4,385.97
15.031,-214.21,533.54
108.07,30.935,50.542
144.54,16.773,102.09
92.202,-34.178,160.75
69.429,-122.55,332.25
59.267,-97.962,350.05
93.151,-110.08,294.13
74.861,-137.21,353.88
92.232,-144.61,405.9
70.579,-160.1,401.78
117.4,-81.836,244.74
33.815,119.5,79.577
-15.261,-38.074,434.02
-57.147,-70.153,475.76
-7.2567,-61.223,450.16
-12.821,43.995,220.71
3.446,-3.8465,358.89
30.143,122.93,68.281
51.389,116.95,71.276
38.76,60.825,98.53
-7.7643,10.812,231.51
20.232,5.7221,309.66
29.383,50.449,230.94
-4.982,-36.843,418.97
-44.079,-82.765,523.69
-8.8743,52.025,190.54
2.6571,-42.025,347.33
-38.988,-27.115,399.25
43.234,57.943,179.07
7.9187,95.332,107.64
-7.9229,22.394,213.04
-25.531,2.7572,343.3
-25.53,-119.39,504.53
19.709,28.322,283.49
34.381,28.124,211.78
45.95,95.67,121.61
-0.59835,-19.37,286.27
-39.052,-32.545,360.17
-4.979,-24.282,296.93
1.067,79.027,137.63
-17.049,-94.793,502.06
32.069,36.572,241.59
51.138,108.53,87.731
-75.538,-132.68,543.27
-2.4963,34.556,287.54
6.8266,39.382,158.51
-34.536,-23.897,401.79
20.832,-6.1113,304.17
-59.044,-139.7,527.62
-47.425,-70.406,417.51
-5.9223,31.631,292.85
9.3964,77.406,87.31
-4.2692,62.519,160.96
28.929,75.302,186.78
-25.031,-55.65,469.96
20.842,42.434,258.72
-32.97,-98.975,541.96
14.445,108.57,83.379
-18.962,-96.467,454.7
38.475,53.365,122.31
-44.36,-47.443,446.7
1.6261,-52.203,410.69
-33.923,-11.406,333.23
-10.116,5.9582,350.34
-15.059,11.19,336.58
25.318,82.661,173.64
-63.439,-136.51,526.66
7.7113,95.534,101.16
17.212,80.488,62.553
28.54,41.181,146.51
-17.406,-24.006,411.1
-14.336,31.082,222.35
-32.287,-52.562,467.19
-13.555,-79.492,419.72
-47.289,-98.92,455.11
16.04,55.387,114.49
-19.375,21.868,297.37
-32.383,-5.5559,340.92
-30.695,-122.71,501
-35.975,-39.449,438.79
53.772,83.397,52.741
37.905,57.646,199.83
-43.527,-52.322,460.68
-32.272,-126.51,507.91
-5.8183,-69.096,448.37
-9.3176,26.028,210.95
-53.485,-134.95,516.75
9.0276,46.611,141.34
-19.16,-28.322,313.18
35.611,34.571,225.43
53.557,83.991,49.457
-7.1064,-7.0403,263.05
-62.096,-80.855,485.35
4.3101,-41.087,349.03
11.147,-13.922,281.64
-60.168,-106.25,482.85
2.5045,67.303,203.45
9.8217,-11.466,273.05
-17.798,4.2495,260.74
4.5353,-6.6647,258.04
50.274,67.702,126.75
-71.107,-104.2,532.78
-24.391,14.348,300.25
-65.774,-105.64,495.31
-54.863,-62.899,444.33
4.5062,51.542,140.2
-11.62,-75.228,473.38
15.697,3.7955,325.08
30.295,81.894,41.334
4.6005,49.382,143.69
-40.799,-112.55,473.95
-25.532,-76.765,502.27
33.591,66.779,77.946
-1.7431,25.143,197.33
28.042,16.241,269.69
-56.342,-86.607,525.61
-30.017,-21.815,322.53
-10.503,-82.896,470.35
12.042,-23.6,315.02
-17.887,-51.888,355.82
3.4233,75.628,177.24
-44.67,-71.423,413.43
10.84,-0.32272,245.07
-21.76,4.7807,271.01
-59.081,-138.39,525.58
-17.07,28.738,237.44
-4.4946,-29.399,308.1
-5.4822,-61.798,387.03
-22.441,-11.038,291.49
6.1048,-42.74,385.26
-30.892,-5.0272,315.68
21.62,50.271,243.69
-18.769,-86.11,428.7
1.8812,35.739,285.6
46.101,114.3,84.596
20.807,17.319,296.15
-59.41,-82.059,508.18
12.723,-14.85,287.43
2.35,53.573,141.93
-50.62,-63.412,419.88
-76.904,-124.93,544.06
0.41646,40.071,275.43
16.624,52.403,120.35
-20.315,-18.544,400.91
-42.652,-31.63,394.73
-0.44969,-6.5791,368.17
-32.275,-113.07,477.03
-3.2585,-53.879,369.11
-45.678,-128.25,503.06
-72.035,-116.29,521.89
-2.7988,27.297,304.25
-30.644,-3.9449,314.63
-14.295,-37.798,432.69
-6.6723,-57.976,445.84
-27.502,-39.493,442.21
-25.163,-117.47,540.85
27.267,88.397,159.38
13.705,57.941,234.21
17.996,-3.0764,262.74
-4.1751,61.9,159.86
35.24,74.103,58.499
-27.576,-10.069,303.49
20.869,78.986,183.84
-57.811,-132.67,515.68
-44.345,-52.968,392.47
42.04,77.508,160.83
14.618,76.925,188.56
50.802,86.012,123.3
3.843,83.118,146.87
-30.618,-18.697,320.96
-37.286,-94.89,540.82
34.282,111.87,99.48
-32.724,-15.409,381.05
-40.511,-26.202,383.88
-69.445,-105.02,508.69
-9.8601,-15.076,280.55
-67.549,-94.796,508.95
-9.1506,40.255,194.06
-48.952,-106.26,566.48
43.378,121.24,71.868
-17.131,7.1279,255.4
39.493,80.096,42.769
42.138,60.061,182.63
-50.703,-75.487,430.16
41.913,51.74,187.77
30.069,16.742,244.27
-44.839,-72.68,504.2
-20.955,-68.802,389.84
-5.4673,-72.723,427.56
-3.4546,5.1372,350.07
-48.729,-58.187,410.24
-47.225,-44.652,426.54
24.245,78.921,182.72
-21.185,-87.491,429.48
34.686,81.293,167.76
0.4966,-18.448,384.95
-26.25,-27.999,322.57
-33.52,-89.747,431.22
35.725,114.77,91.749
-32.848,-25.944,334.54
10.268,-27.54,367.08
13.691,55.562,239.46
16.906,58.01,232.62
-30.399,-0.24653,322.4
45.217,55.198,146.32
-49.79,-56.874,413.94
16.729,54.529,115.6
35.825,32.193,199.58
-40.974,-27.41,386.56
0.55613,11.267,220.86
-28.163,-120.91,501.26
13.685,-5.4406,340.47
-2.3069,-63.049,429.54
25.481,75.493,60.278
-70.441,-142.95,544.32
15.346,38.472,272.62
5.1714,60.15,227.44
-15.9,-13.032,389.67
51.016,92.197,114.64
-5.6747,-62.801,446.21
-10.518,36.289,202.75
-60.47,-91.247,469.43
-8.266,-75.157,460.27
-36.505,-22.538,392.58
28.025,62.493,89.532
-39.565,-43.382,370.33
-68.684,-99.215,528.75
4.0424,59.629,227.93
-42.233,-114.07,476.93
-4.4288,-10.003,377.98
38.453,40.545,172.93
-23.576,-38.716,440.11
-34.725,-54.569,374.63
-54.908,-83.197,447.69
-17.615,30.2,270.32
-23.83,8.8208,276.31
2.3042,-50.984,406.84
-15.794,7.5305,251.7
-44.233,-45.877,442.6
24.202,3.866,261.84
17.495,38.906,269.36
-74.177,-132.43,539.55
3.1219,75.277,177.6
0.13185,-51.879,371.57
42.907,86.824,143.47
-5.2912,39.047,182.81
-42.873,-45.438,444.26
26.068,22.874,274.89
-41.042,-41.741,437.84
-9.0014,-26.947,410.26
-4.8835,-66.985,405.34
-39.499,-25.626,362.77
-9.1099,53.496,204.72
52.428,73.064,112.57
23.623,88.042,161.36
50.043,68.058,108.45
-77.615,-124.78,547.71
-38.599,-27.751,356.51
-27.91,-122.88,507.62
-34.832,-81.622,417.55
-14.288,-32.919,424.84
-43.431,-38.933,381.6
-8.4818,-18.998,396.81
-36.975,-29.315,350.45
-2.5512,20.82,206.25
48.985,65.717,140.28
-63.05,-88.332,515.91
17.07,116.63,57.851
13.563,53.031,244.99
1.7104,-104.89,507.46
10.607,-69.203,400.39
74.428,79.601,74.325
6.4997,41.445,223.51
27.527,-32.487,330.6
6.1181,40.957,236.98
24.258,-44.409,399.76
-18.514,-148.72,554.96
9.5272,44.467,246.13
1.6782,29.812,255.36
-47.086,-95.32,521.87
-52.999,-111.99,528.34
17.876,36.259,180.06
24.479,47.457,259.47
-26.86,-45.935,434.38
28.977,96.62,108.82
-2.9633,-21.986,309.14
-9.7555,-10.846,375.02
-33.486,-96.676,461.15
33.981,18.147,309.9
70.914,112.44,81.397
30.862,91.26,66.647
64.985,119.93,73.856
17.28,-62.453,398.24
-0.9344,-58.587,370.57
39.13,-10.229,297.1
3.6882,-75.726,407.65
30.409,48.336,257.02
45.914,56.345,227.68
-31.56,-145.84,536.79
-3.332,-92.475,519.46
21.139,-28.967,398.6
0.94376,9.1365,259.33
4.5937,-98.497,491.37
50.741,75.968,183.99
-46.376,-119.48,510.82
-31.818,-60.97,467.11
45.795,12.915,230.65
48.942,110.03,104.61
-22.811,-150.33,551.22
8.0582,-36.607,429.54
6.689,27.03,222.53
41.089,119.81,62.564
26.933,92.88,96.509
-34.706,-85.143,524.94
67.669,109.68,92.374
6.561,40.875,244.6
-36.078,-67.131,449.76
6.5908,40.955,244.39
-25.789,-39.985,402.09
-45.835,-91.909,496.84
53.535,52.388,219.63
48.685,70.508,69.776
43.928,1.2588,288.27
33.318,62.606,104.07
-24.758,-92.12,541.67
17.202,-1.3705,362.49
33.86,69.543,89.953
-27.339,-48.237,440.8
14.858,30.06,196.24
17.359,-48.223,355.3
-12.127,-104.99,461.3
68.513,73.616,145.51
-35.76,-71.836,444.96
-42.543,-109.39,492.3
51.475,35.419,168.01
-9.9151,-58.33,478.13
-11.381,-40.219,349.93
20.74,-55.959,415.75
-31.038,-83.906,441.41
-3.3557,-72.556,398.19
-2.4014,-3.4682,366.71
-17.725,-109.22,563.22
52.135,121.35,74.194
1.6308,20.545,247.4
58.719,63.659,190.54
-14.929,-58.055,381.13
24.204,51.684,249.1
3.8508,30.914,275.64
52.963,49.694,125.96
37.286,-14.266,328.7
3.1947,-72.378,484.6
50.529,73.677,188.8
-55.387,-115.81,557.07
44.024,16.587,288.67
68.788,76.799,62.814
41.091,-3.5507,276.74
-3.689,-99.132,454.57
39.777,30.424,281.07
35.288,-18.019,341.07
-16.209,-37.965,435.91
-29.324,-103.23,464.76
-12.977,-125.71,505.7
34.594,23.567,187.97
22.69,-48.549,369.8
17.799,-60.846,394.52
56.154,46.123,142
56.498,77.083,50.815
9.8339,34.096,281.9
64.522,108.69,99.024
9.6934,29.041,210.71
55.151,30.004,205.74
-5.7505,3.3595,288.7
13.913,-71.947,418.76
-29.769,-80.673,435.23
-41.856,-120.78,504.52
-27.219,-145.68,537.42
-36.963,-83.068,454.62
-5.1733,-21.883,312.95
-33.391,-103.64,470.11
-24.06,-47.81,389.03
-10.261,-101.77,455.44
-6.865,8.2224,309.94
20.907,45.099,159.34
-0.85856,-91.523,439.93
18.46,38.862,174.68
39.998,-8.9916,300.66
-1.7795,18.427,267.16
7.7678,42.285,211.25
44.69,3.3769,284.89
5.734,31.572,280.39
44.005,42.456,141.27
-22.978,-57.446,394.71
-3.5102,12.624,315.44
34.865,97.475,128.5
-38.379,-84.021,516.82
50.595,36.455,247.71
-48.347,-99.265,507.14
-20.191,-74.997,412.96
-5.7739,-116.22,544.86
-32.187,-138.49,523.52
-34.723,-62.54,448.07
-6.3297,-36.896,337.09
21.919,53.833,242.1
49.225,50.687,231.74
30.193,81.756,79.67
22.852,-50.679,379.9
35.416,5.5628,233.69
64.255,62.754,172.62
-6.5762,2.4616,293.02
-3.7074,-118.69,533.22
7.805,-46.446,344.98
-27.847,-95.472,451.83
-15.835,-35.269,353.44
1.3585,-102.4,474.15
59.026,70.675,179.4
-42.763,-83.825,482.83
-47.16,-94.576,516.33
2.0958,-99.263,508.2
29.723,-17.423,364.78
-26.089,-70.496,500.04
22.094,-37.123,332.53
19.541,-44.991,418.8
11.46,22.551,215
-4.9918,10.022,285.03
23.728,-9.942,368.66
-1.4842,-13.372,293.85
65.662,65.604,164.24
-22.289,-42.615,379.5
23.174,-29.274,313.01
24.03,-43.583,356.96
-32.131,-58.985,427.97
20.178,-38.024,332.27
5.0585,35.717,227.59
30.555,67.542,211.63
37.485,4.8228,320.32
-0.95833,-34.856,327.24
-7.3017,-129.14,546.69
41.099,58.261,103.76
-10.315,-2.8943,315.01
-52.251,-124.41,529.22
16.88,0.46695,246.02
-59.339,-128.11,558.53
2.5409,27.501,241.26
45.685,6.0951,261.79
53.018,26.677,206.49
20.071,-12.612,271.92
-5.2974,-89.369,431.87
-33.725,-106.19,474.02
27.739,92.43,85.153
44.093,53.409,235.52
62.235,46.912,174.72
20.779,77.605,137.26
1.7965,-23.034,410.46
-44.485,-87.682,503.08
0.88245,27.86,260.84
51.894,93.36,145.58
29.276,63.738,109.8
-18.317,-53.963,380.9
22.986,-52.26,394.5
20.32,-55.96,418.94
37.27,50.318,124.84
-1.024,-32.775,429.47
-13.818,-69.504,397.69
26.586,-13.79,276.63
3.733,-94.905,457.99
-0.7762,23.652,269.91
-25.091,-43.573,391.8
72.093,109.82,83.98
-28.397,-51.013,408.68
56.143,76.896,174.5
34.241,37.655,276.06
2.089,27.545,280.95
-46.46,-98.429,537.14
19.718,69.692,136.29
21.866,-54.877,396.08
-7.7804,-79.04,509.31
-10.555,-21.419,402.23
-6.5978,-33.451,332.22
-36.94,-136.78,522.71
-30.127,-58.166,463.75
46.977,8.9693,257.55
18.47,36.964,282.75
-53.648,-113.14,558.03
55.945,34.91,224.89
9.5254,49.328,219.4
12.966,56.66,208.69
6.4273,-94.098,471.09
47.138,20.763,206.89
-9.7312,-47.912,358.81
7.3045,-92.214,471.98
70.441,76.025,134.64
13.533,-70.924,413.25
9.2704,49.045,214.3
57.709,39.541,172.63
4.7304,12.648,244.67
-26.165,-42.857,425.42
-12.311,-9.5339,324.77
25.959,73.08,191.64
12.851,-68.62,455.91
26.682,61.067,226.44
24.47,46.493,261.75
61.432,59.739,186.72
26.987,-11.707,271.7
12.693,-19.266,287.92
-2.3378,-77.098,499.64
45.045,11.234,288.04
72.301,94.541,108.2
-2.274,5.498,342.89
-17.428,-79.59,417.18
-32.719,-74.726,435.92
-9.0797,-25.654,326
-42.5,-95.303,479.92
26.12,-29.376,386.08
28.68,97.42,86.321
37.063,-8.6784,279.2
57.492,36.72,213.47
62.892,51.613,182.27
-24.609,-143.58,534.46
-14.703,-62.531,387.59
29.742,-19.393,366.46
-16.134,-121.06,492.4
47.146,39.956,252.26
-47.929,-108.68,562.89
57.781,98.513,128.88
60.14,83.724,155.02
-3.9192,-94.103,522.38
12.265,56.287,202.16
47.004,92.883,99.278
33.259,0.30532,250.47
29.43,49.017,216.07
26.229,39.749,224.59
50.632,101.62,89.443
83.792,99.097,120.17
84.283,56.305,129.09
-29.473,-107.07,512.39
87.867,70.08,152.04
1.4844,-135.12,521.88
16.91,-48.506,459.11
13.178,-121.56,508.02
15.55,-64.187,485.23
25.29,28.467,289.79
64.154,29.244,177.02
73.708,75.078,56.667
76.668,62.687,197.97
-18.863,-81.749,510.01
88.506,85.233,133.49
46.569,-28.475,316.32
24.557,-46.958,347.16
25.766,-94.081,491.06
50.137,48.337,257.74
16.193,-89.497,518.44
66.261,18.598,212.11
1.1816,-27.238,400.87
0.46589,-47.059,376.55
76.373,46.906,139.8
13.376,-109.02,544.31
-21.788,-97.186,480.59
31.482,-27.252,305.37
-8.452,-151.07,548.84
74.005,25.852,223.78
-12.828,-92.138,542.18
5.7151,-44.325,361.91
15.204,-122.16,519.96
47.466,64.604,218
40.735,19.094,322.44
2.4204,-35.064,427.64
85.449,115.42,83.838
49.943,44.849,265.36
53.668,-15.833,351.29
65.702,27.181,273.6
22.583,-104.67,497.27
38.617,67.653,189.97
34.522,-46.427,434.02
66.635,28.569,181.59
65.862,9.3542,284.98
-14.782,-118.15,493.44
-36.026,-118.55,546.53
39.868,-51.362,369.84
60.119,4.1559,244.97
73.118,25.748,211.43
-5.9524,-43.311,399
35.484,61.959,166.25
34.117,-5.3967,372.93
43.508,84.34,127.35
23.964,-21.593,408.03
33.853,59.538,197.27
-14.236,-109.17,479.99
-6.7857,-87.927,535.38
64.879,35.202,161.13
69.882,58.587,99.91
59.521,61.833,224.11
57.581,100,124.92
24.91,13.215,332.69
5.4719,-58.756,480.93
91.183,69.8,127.15
3.1205,-68.402,400.23
47.602,-37.453,383.74
-10.766,-94.295,547.06
89.922,65.753,127.38
33.566,-32.71,316.61
54.727,111.91,61.674
-22.11,-93.52,535.17
32.674,56.075,208.31
72.38,21.822,231.99
29.72,-61.26,460.49
5.0473,-12.555,351.66
42.853,67.674,123.51
32.369,-77.889,435.17
-18.207,-124.82,506.68
45.94,-36.801,340.4
32.606,-31.026,313.01
23.801,-62.991,380.29
-13.328,-81.343,444.85
40.437,-9.1278,264.91
-8.672,-82.021,523.47
4.7938,-13.423,349.27
-9.1276,-56.199,414.13
-24.719,-136.07,529.98
78.633,37.738,191.64
25.797,-37.126,327.29
21.627,-94.653,510.05
28.042,34.804,212.05
63.048,4.7165,251.45
48.385,54.092,244.81
3.2653,-141.62,540.17
20.396,9.7737,335.97
71.515,60.652,211.91
18.733,-6.5123,375.81
32.578,-33.23,420.1
72.732,34.078,243.43
39.126,73.311,157.73
-29.846,-132.68,533.41
88.978,63.397,133.8
10.054,-9.5042,370.91
32.738,-37,325.89
23.258,28.212,283.8
35.228,43.938,262.29
92.323,78.923,65.112
34.994,11.773,339.21
99.775,90.363,62.367
-33.005,-123.56,532.27
41.887,64.497,211.5
94.636,95.035,100.57
-8.8577,-48.577,432.16
-7.0393,-146.27,539.68
70.341,25.012,259.09
70.189,16.226,246.73
79.938,80.27,162.21
-21.915,-87.626,476.39
95.52,101.96,88.614
-23.03,-107.67,568.21
22.469,-102.18,478.9
-3.4489,-55.753,470.56
19.173,5.9574,269.22
-20.285,-99.744,553.1
43.141,65.754,124.57
83.24,105.07,108.79
9.3816,-2.1328,322.52
-13.712,-63.28,437.61
21.543,-24.618,307.9
11.51,-82.382,418.56
71.933,23.195,216.24
-17.537,-101.09,474.72
-13.24,-60.017,455.41
62.276,90.261,156.42
2.6334,-40.899,442.39
67.102,46.701,131.03
11.7,-54.568,368.94
85.583,55.059,158.74
30.545,51.842,207.88
24.959,-26.252,307.29
-33.817,-136.32,545.27
58.964,-11.522,318.23
-8.6478,-71.275,500.64
13.699,-69.449,494.91
-32.329,-129.63,535.38
37.929,65.667,195.35
94.265,84.069,111.6
9.0925,-44.409,356.23
32.733,9.4824,344.33
63.924,34.872,161.52
45.798,-45.413,385.2
38.528,-63.068,409.19
95.571,79.938,86.537
-19.227,-74.33,475.11
24.548,36.531,239.01
73.818,26.328,214.58
-16.319,-103.87,564.43
24.92,14.939,242.34
43.482,17.338,324.23
82.954,67.688,82.597
2.6344,-64.543,395.1
58.998,-0.12244,256.08
83.828,75.817,57.955
-23.993,-96.958,540.37
4.9986,-32.571,425.06
9.0821,-12.361,319.74
25.625,12.188,335.92
32.561,-25.322,301.08
-0.8739,-145.22,542.44
70.849,46.767,132.8
69.452,19.151,264.74
-22.438,-87.691,516.99
34.042,60.477,190.96
-28.895,-101.61,510.92
7.1578,-53.502,372.57
46.598,66.253,212.77
16.369,-45.302,348.8
60.677,47.375,251.7
81.752,58.325,112.17
23.379,-65.335,385.18
27.817,-29.183,310.81
64.176,59.053,100.23
21.212,-34.683,432.96
40.963,50.517,151.63
10.051,-99.317,451.52
35.197,46.976,173.61
-1.2305,-123.67,496.77
66.717,7.6195,272.07
-10.445,-64.214,422.74
-12.293,-74.616,504.15
45.845,19.639,318.08
36.807,-66.177,411.13
52.709,106.85,75.273
9.5432,-25.147,412.16
65.709,9.2977,285.96
66.766,121.94,67.666
20.788,26.099,256.58
-0.072624,-68.553,404.66
96.706,83.865,91.884
28.163,-52.181,358.15
73.666,52.01,119.92
25.807,-67.078,474.91
76.971,114.78,91.864
73.127,52.455,118.15
78.451,70.193,182.24
91.168,111.9,82.486
95.203,79.749,100.53
55.73,62.872,100.27
45.91,-31.514,323.9
75.516,63.019,89.341
76.783,34.642,191.05
58.846,40.666,146.67
42.023,14.068,331.44
-20.056,-83.283,511.1
53.292,-2.3817,253.4
69.64,24.295,201.48
14.919,2.9453,344.6
30.878,-78.986,431.38
40.955,55.191,145.03
18.248,-99.285,523.4
-8.8616,-70.788,423.76
36.325,-52.267,365.11
-0.30733,-91.396,439.64
10.898,-0.086051,339.3
-1.5617,-30.028,395.5
45.477,-0.12224,244.29
11.798,4.3038,311.16
2.3595,-86.936,430.43
65.352,83.624,172.29
17.535,5.5772,342.73
-7.8472,-55.463,462.51
50.783,101.3,94.319
39.475,-41.481,341
33.49,-45.884,435.46
-29.052,-125.82,524.36
52.909,-27.481,344.76
81.479,51.113,193.26
14.321,7.8097,290.4
13.448,-92.134,526.3
71.963,20.683,236.99
48.718,-6.5108,355.95
7.8871,-49.836,366.06
41.106,-46.575,416.13
-19.991,-153.87,553.8
51.343,90.132,66.556
72.731,101.39,126.59
44.415,30.292,180.61
27.76,-51.296,356.13
0.8538,-37.317,366.4
49.93,-27.786,322.56
34.062,-59.452,380.74
36.733,-54.142,435.77
29.993,-79.556,429.9
66.792,8.4983,275.4
-64.551,117.43,61.654
-114.75,-32.272,419.34
-140.85,-82.286,455.98
-100.07,-45.802,440.83
-98.209,31.416,200.46
-98.169,5.0745,345.21
-66.086,117.79,49.394
-47.155,125.71,58.054
-32.88,73.606,91.713
-78.577,7.9858,218.03
-76.513,21.926,300
-72.235,61.94,218.38
-103.19,-25.411,406.97
-137.37,-83.798,507.1
-91.058,39.701,170.95
-73.795,-26.233,341
-129.3,-38.219,378.79
-50.909,75.331,170.37
-78.879,83.061,87.276
-79.968,16.872,198.16
-119.8,-7.172,322.66
-96.768,-102.46,499.59
-82.228,39.306,270.65
-50.209,46.677,205.24
-53.726,106.25,108.98
-71.637,-11.031,277.62
-115.05,-43.28,342.34
-75.292,-17.404,287.77
-83.523,66.4,117.49
-103.47,-77.7,494.57
-65.344,52.586,231.72
-47.295,119.09,75.311
-138.94,-142.29,528.11
-104.07,31.136,268.48
-62.573,38.373,146.06
-128.42,-32.938,381.6
-67.76,12.694,297.05
-117.74,-138.35,518.06
-116.49,-77.682,402.39
-106.58,26.836,273.35
-61.73,69.21,71.431
-84.968,50.366,141.7
-74.011,80.863,171.4
-122.63,-51.593,454.84
-82.253,50.886,244.58
-124.84,-89.872,530.04
-74.388,97.163,63.036
-90.406,-80.99,449.09
-35.691,67.854,115.8
-135.53,-56.929,426.79
-87.001,-33.938,403.33
-115.35,-23.715,313.77
-111.74,4.7098,332.21
-114.58,5.7263,316.98
-77.202,84.391,156.66
-122.67,-138.42,515.58
-77.293,82.989,80.987
-50.341,75.923,48.876
-43.392,52.562,139.03
-117.81,-22.652,394.32
-92.52,20.178,204.07
-129.19,-53.489,450.02
-85.825,-64.738,413.65
-111,-99.845,443.69
-51.91,55.964,102.99
-112.72,11.054,276.51
-119.69,-17.97,320.4
-97.86,-108.26,495.68
-131.32,-45.647,419.59
-20.959,99.894,47.011
-60.812,72.269,189.13
-136.13,-60.11,441.26
-98.905,-112.13,502.66
-93.976,-51.293,440.88
-82.507,18.921,195.18
-113.02,-131.41,508
-60.048,45.196,128.77
-88.608,-28.828,300.95
-56.837,52.817,217.4
-20.52,100.19,43.709
-76.991,-5.4125,251.67
-141.35,-93.662,466.05
-73.539,-24.465,342.81
-64.334,0.26626,274.77
-124.74,-112.93,468.76
-94.652,58.968,183.01
-64.287,1.3016,265.8
-90.987,-2.7671,245.02
-66.782,1.7465,249.37
-35.996,86.471,120.02
-148.67,-116.96,513.79
-113.15,2.0776,279.54
-132.99,-115.58,479.34
-134.19,-75.637,425.05
-66.008,46.437,125.77
-102.15,-59.248,464.69
-83.347,17.938,314.12
-34.951,84.493,31.181
-65.713,44.819,129.54
-103.66,-106.59,465.67
-120.31,-68.287,489.58
-34.34,74.952,69.76
-72.251,22.496,183.98
-64.98,34.345,261.49
-145.2,-94.163,506.94
-103.36,-29.92,306.31
-96.072,-64.788,463.45
-67.732,-6.3982,308.72
-86.493,-46.255,346.41
-91.142,65.751,156.57
-112.61,-76.925,399.27
-61.791,10.375,237.17
-97.295,-4.5293,253.89
-117.92,-137.36,515.85
-97.632,16.924,218.35
-75.219,-21.032,299.52
-80.253,-46.28,380.87
-94.721,-17.282,276.26
-81.617,-24.105,378.22
-111.6,-17.086,296.46
-81.784,57.384,228.9
-88.673,-73.005,422.33
-100.8,34.663,267.36
-53.559,120.66,70.132
-78.771,31.346,285.05
-145.15,-92.638,488.73
-64.255,0.56072,280.84
-69.321,46.81,126.58
-123.6,-73.934,402.66
-144.62,-136.87,527.14
-101.47,37.093,256.5
-51.447,54.017,109.27
-120.23,-20.176,382.91
-128.27,-44.104,374.48
-102.29,0.71599,353.73
-97.667,-101.88,470.6
-77.887,-38.902,362.74
-106.88,-121.6,495.37
-139.4,-127.41,505.39
-104.98,25.414,285.75
-111.72,-16.088,295.31
-113.78,-31.497,418.23
-100.22,-42.921,436.22
-125.74,-40.572,424.75
-108,-100.08,534.11
-74.86,89.915,142.37
-89.524,58.657,216.67
-59.777,12.733,256.18
-84.228,49.907,140.78
-31.641,81.481,50.148
-102.68,-19.362,286.45
-81.478,78.962,166.12
-117.35,-132.18,505.6
-116.82,-62.277,375.87
-57.696,90.011,149.03
-86.489,73.661,169.65
-44.987,101.42,113.45
-86.352,71.495,126.2
-105.14,-27.804,304.09
-130.16,-89.187,527.25
-65.572,111.91,82.227
-125.88,-25.398,360.58
-126.58,-38.656,363.56
-140.01,-117.04,491.24
-79.581,-13.205,269.31
-144.42,-107.7,490.02
-85.604,30.151,176.43
-140.08,-104.84,551.34
-55.943,124.39,56.062
-90.57,-0.15028,239.52
-27.244,88.56,34.917
-53.979,76.438,173.15
-119.76,-83.499,414.72
-50.906,69.713,179.56
-56.405,35.524,237.51
-138.08,-76.49,486.4
-89.025,-61.08,381.43
-85.675,-54.349,421.7
-106.06,8.0188,333.58
-122.34,-68.777,392.89
-133.54,-56.741,406.34
-78.515,80.905,165.81
-89.977,-75.542,422.79
-67.51,88.78,153.35
-99.64,-7.9592,372.21
-96.957,-32.637,308.31
-98.717,-84.678,422.16
-63.884,114.97,74.607
-106.65,-34.718,317.94
-81.81,-9.7323,358.92
-89.693,56.83,222.13
-86.637,60.595,215.84
-115.86,-12.842,302.12
-38.422,73.754,139.95
-124.97,-68.293,395.95
-51.211,55.705,104.36
-47.901,50.596,193.12
-127.02,-39.856,366.24
-69.357,13.132,209.58
-97.006,-105.3,496.16
-84.076,9.5878,330.12
-89.292,-44.667,422.51
-40.472,76.808,49.442
-129.49,-147.47,532.14
-88.234,44.665,257.4
-95.421,55.227,207.89
-116.72,-13.311,372.11
-45.846,106.37,104.07
-96.817,-46.192,437.69
-86.902,26.301,185.18
-129.63,-101.3,453.08
-95.843,-57.415,452.86
-128.07,-33.178,372.1
-39.529,68.39,80.419
-112.21,-52.109,353.95
-148.48,-111.59,509.55
-96.138,54.143,208.21
-104.76,-108.61,468.49
-106.23,-4.2375,362.88
-42.965,58.413,166.65
-122.55,-37.643,423.46
-103.37,-58.128,361.21
-123.67,-91.896,432
-108.32,18.331,249.45
-102.7,-2.4311,257.76
-86.065,-32.62,399.56
-88.705,0.9073,236.19
-135.14,-55.666,422.6
-58.671,21.991,255.42
-85.888,46.24,254.68
-136.97,-141.34,524.81
-91.279,65.296,156.91
-77.112,-35.234,365.47
-57.331,97.709,130.88
-78.711,31.291,166.73
-134.82,-54.475,424.42
-71.76,38.58,264.82
-133.66,-50.525,417.98
-109.41,-20.014,395.92
-82.104,-49.774,399.49
-120.07,-37.95,343.46
-96.145,40.983,184.2
-33.307,91.818,105.92
-78.039,87.491,143.53
-31.123,86.308,102.37
-146.31,-137.11,530.45
-116.37,-39.224,338.05
-97.513,-106.62,502.67
-100.42,-79.173,407.28
-114.29,-27.711,409.82
-120.96,-50.653,363.08
-109.66,-13.553,381.68
-112.49,-39.614,332.9
-72.981,18.697,193.14
-39.747,84.339,133.05
-146.62,-99.713,496.49
-69.608,104.76,37.68
-89.942,54.817,227.87
-84.815,-74.525,505.74
-67.467,-42.4,398.57
-9.0582,109.53,72.942
-82.655,40.941,207.87
-55.213,-4.0311,328.71
-86.538,40.55,220.78
-70.82,-14.372,396.42
-89.192,-120.95,554.85
-88.523,45.556,229.64
-88.917,29.271,239.46
-132.04,-95.699,507.01
-129.01,-112.49,514.98
-58.458,42.823,169.72
-82.51,57.099,245.17
-119.34,-45.493,418.58
-63.694,96.673,92.811
-78.542,-14.152,299.48
-109.01,-8.1411,359.02
-103.35,-89.71,452.11
-73.021,40.101,300.97
-32.434,133.91,72.887
-47.093,92.778,53.824
-39.096,136.26,62.976
-65.53,-33.04,396.74
-73.84,-41.271,365.51
-49.27,20.182,295.07
-71.19,-51.637,405.21
-77.73,61.299,243.97
-61.885,76.474,217.81
-95.678,-126.73,534.03
-99.196,-67.363,513.83
-81.657,-3.859,391.77
-78.891,12.308,246.91
-81.599,-67.948,489.78
-56.756,94.357,173.42
-114.61,-114.85,501.03
-124.03,-59.958,451.6
-38.186,41.599,228.63
-54.689,119.27,90.717
-90.519,-124.87,550.62
-96.297,-17.265,419.93
-74.046,29.468,209.62
-54.229,121.72,46.908
-59.616,92.244,81.26
-129.14,-80.096,510.81
-36.523,129.95,83.192
-88.336,40.878,228.19
-118.85,-67.738,435.18
-88.299,40.957,227.98
-112.62,-40.628,386.79
-125.83,-92.641,482.68
-51.448,77.706,212.51
-22.461,86.806,64.579
-49.551,32.112,285.56
-39.68,71.884,95.49
-122.31,-79.478,530.31
-89.99,15.326,351.23
-39.146,77.534,80.811
-120.25,-47.516,425.04
-61.914,36.324,185.69
-61.22,-22.303,353.01
-82.187,-83.645,458.49
-30.66,102.41,140.92
-114.55,-71.406,431.52
-112.06,-104.79,482.28
-28.593,61.981,165.75
-111.79,-44.59,466.5
-86.402,-33.11,340.06
-71.57,-25.467,413.08
-103.04,-78.337,431.38
-75.71,-53.455,394.01
-105.14,2.0239,351.34
-113.37,-88.639,555.65
-49.917,129.74,60.202
-81.409,21.67,233.53
-45.495,89.349,183.72
-87.974,-49.009,372.44
-82.144,60.151,234.4
-93.686,31.796,259.16
-23.475,73.61,123.17
-57.475,16.379,325.68
-95.557,-47.936,478.18
-57,92.475,178.4
-136.93,-116.49,542.67
-58.292,44.478,283.14
-8.5177,103.72,61.188
-45.703,26.364,274.78
-77.07,-74.023,452.83
-67.238,52.92,272.37
-60.437,12.386,337.78
-116.09,-32.718,420.93
-97.451,-92.43,457.69
-83.833,-100.02,504.65
-40.626,42.742,183.32
-61.08,-19.139,368.14
-64.974,-31.504,393
-23.59,72.92,139.89
-14.72,96.42,46.932
-92.669,38.024,265.88
-40.296,127.39,89.051
-69.476,32.673,198.6
-33.514,60.47,203.7
-89.208,4.1787,274.62
-68.633,-42.318,417.41
-102.12,-75.091,425.15
-108.58,-113.31,496.24
-92.6,-124,535.57
-111.88,-80.973,442.57
-81.4,-15.322,302.63
-101.9,-95.088,461.99
-103.1,-46.099,376.11
-80.896,-80.045,452.7
-98.924,7.7782,293.82
-55.19,51.373,148.92
-75.001,-66.477,438.03
-57.94,45.169,164.21
-50.325,21.752,298.45
-88.51,18.273,252.09
-78.633,42.162,196.25
-49.195,34.209,282.1
-93.968,33.528,264
-30.676,62.719,137.19
-98.429,-53.09,383.56
-100.41,13.405,299.02
-65.284,101.21,112.8
-130.28,-81.524,502.01
-52.736,63.645,241.7
-126.55,-99.867,493.35
-91.559,-65.203,404.89
-94.897,-87.446,542
-96.522,-121.43,519.84
-119.92,-63.274,433.02
-80.704,-27.649,328.26
-83.118,60.394,226.79
-57.286,73.977,223.48
-45.955,84.974,67.901
-62.648,-20.58,378.25
-42.899,29.561,230.62
-35.564,91.618,167.95
-90.576,3.0393,278.74
-88.56,-88.394,531.76
-66.64,-26.75,340.7
-97.005,-85.539,444.2
-93.654,-31.735,341.52
-76.942,-73.298,473.3
-46.039,94.973,171.82
-124.02,-84.56,468.46
-130.93,-95.24,501.55
-87.923,-69.766,505.49
-71.873,9.9495,359.14
-123.66,-63.627,486.16
-57.327,-10.959,330.2
-79.596,-17.328,413.72
-65.661,28.59,204.29
-91.35,9.9154,270.05
-81.861,12.444,360.16
-77.9,-6.6173,283.58
-33.689,94.603,159.7
-101.95,-41.035,366.41
-55.347,-4.3481,310.31
-59.181,-14.573,355.22
-114.17,-59.217,413.68
-58.221,-12.829,329.7
-81.686,35.553,212.51
-75.487,76.028,196.99
-65.746,31.675,314.18
-74.887,-22.977,319.63
-89.271,-98.691,545.79
-31.122,73.032,97.714
-96.735,-3.1144,299.97
-121.63,-122,518.27
-57.85,14.627,239.27
-133.41,-128.7,545.46
-82.893,27.691,226.57
-43.341,36.591,259.7
-33.488,56.54,204.56
-55.4,6.4742,267.19
-77.336,-67.533,428.94
-101.83,-97.267,466.13
-55.48,92.17,70.644
-63.875,73.165,225.46
-28.735,77.736,172.43
-67.396,77.008,121.75
-103.36,-10.431,397.77
-128.98,-88.337,488.18
-89.995,27.323,244.88
-54.709,108.35,133.68
-45.086,70.479,99.875
-92.846,-47.75,370.72
-65.837,-21.52,392.54
-72.811,-25.663,416.05
-35.621,64.733,118.52
-105.46,-19.606,417.15
-85.372,-57.253,390.65
-51.056,9.4944,273.36
-74.722,-66.146,456.96
-91.492,23.111,253.99
-107.1,-43.266,377.75
-30.778,132.56,76.105
-110.27,-50.921,394.56
-50.388,98.162,165.35
-74.175,55.337,265.02
-94.656,28.132,264.47
-134.18,-97.561,522.34
-63.447,70.008,122.05
-65.669,-24.262,394.29
-107.34,-59.407,500.66
-111.44,-16.641,386.86
-81.466,-25.128,322.9
-100.93,-122.9,517.69
-123.35,-56.757,448.24
-42.758,39.596,255.39
-87.876,45.491,268.07
-137.37,-113.3,543.48
-41.181,65.206,221.31
-83.611,49.001,203.14
-82.043,56.755,192.3
-76.86,-63.669,469.96
-34.783,48.294,204.73
-83.313,-38.149,350.35
-77.509,-61.618,470.66
-27.418,105.31,130.49
-67.924,-41.817,411.86
-82.184,48.535,198.26
-27.448,69.086,170.79
-73.753,17.134,233.05
-117.98,-42.76,409.58
-97.31,-9.4673,310.1
-76.439,77.391,175.81
-82.002,-39.649,452.14
-79.053,68.773,211.51
-82.625,56.359,247.53
-40.078,87.755,181.38
-50.513,11.322,268.34
-61.912,-2.9932,282.11
-101.47,-54.767,492.23
-54.285,40.78,283.75
-28.901,120.83,102.17
-103.29,8.8902,326.89
-88.03,-67.169,410.38
-107.97,-72.066,424.06
-86.022,-20.456,314.96
-116.47,-93.664,467.84
-73.986,-1.4296,380.95
-57.92,96.755,71.05
-46.61,19.889,277.19
-37.736,67.387,210.38
-33.065,82.029,178.95
-90.923,-120.81,532.92
-87.113,-52.358,379.5
-71.224,8.4087,361.12
-85.088,-98.401,490.36
-58.691,64.474,244.65
-136.88,-106.23,548.57
-48.294,115.71,118.03
-45.587,105.69,146.31
-99.564,-68.97,516.8
-80.497,55.926,185.95
-44.923,104.26,88.341
-46.395,24.341,247.17
-67.116,60.565,204.4
-66.774,51.363,213.57
-44.256,113.27,78.111
-26.052,131.54,115.32
-3.9538,97.646,131.87
-109.06,-94.784,503.98
-15.59,111.23,152.09
-71.975,-98.676,525.07
-91.201,-21.032,452.39
-66.669,-81.05,511.87
-90.851,-33.983,480
-79.811,42.858,277.89
-17.89,64.74,178.31
-1.9797,105.17,56.704
-33.22,99.399,194.97
-114.56,-68.178,499.37
-18.369,123.46,131.67
-38.692,10.302,318.48
-54.047,-17.134,346.58
-67.677,-51.782,493.35
-62.71,73.077,249.01
-85.524,-53.346,516.61
-20.295,58.05,214.35
-98.693,-14.334,389.22
-81.017,-31.082,369.42
-7.7985,85.568,142.11
-84.048,-70.252,544.37
-99.61,-82.812,473.39
-47.889,2.0993,304.45
-78.333,-116.94,551.64
-21.784,68.689,225.9
-113.24,-72.369,533.43
-74.315,-26.007,356.06
-68.193,-80.122,523.88
-62.595,83.863,207.36
-71.943,45.102,314.29
-100.98,-19.421,416.57
-23.606,145.01,77.884
-63.068,70.292,256.91
-50.424,25.276,351.21
-43.247,65.651,271.54
-65.908,-62.072,500.55
-63.111,80.556,178.01
-71.588,-9.2871,431.87
-16.904,65.756,183.36
-36.271,51.634,285.75
-85.995,-95.241,491.11
-117.41,-107.32,537.35
-46.241,-11.151,372.49
-26.272,43.356,247.13
-18.864,67.866,213.89
-94.54,-31.52,388.82
-55.489,73.714,155.64
-77.646,22.36,365.7
-50.832,95.799,116.03
-86.366,3.9046,400.07
-64.277,71.326,185.44
-86.813,-87.934,476.7
-109.01,-65.502,527.48
-16.15,69.684,162.15
-7.9871,90.393,100.32
-53.472,88.932,216.38
-48.159,116.72,113.92
-83.765,31.121,321.71
-100.47,-35.708,472.65
-5.7272,112.56,129.04
-73.656,-46.224,396.63
-52.154,4.8601,384.95
-111.82,-72.787,538.96
-4.4714,108.56,129.73
-46.408,-0.84625,316.68
-38.963,123.5,50.523
-117.6,-79.133,524.92
-66.392,68.033,196.39
-23.108,64.625,234.15
-74.473,-23.604,458.89
-89.914,-1.0829,340.23
-40.776,81.968,115.27
-55.726,-35.8,438.29
-88.654,-102.41,504.27
-41.366,3.6544,342.95
-47.071,-0.12944,312.7
-55.041,-29.887,381.09
-91.814,-65.66,438.12
-39.648,21.297,264.33
-110.4,-62.09,514.57
-88.933,-1.9707,338.05
-94.022,-43.499,404.99
-93.983,-114.93,527.22
-15.733,80.44,193.95
-52.965,-8.8423,326.01
-75.998,-54.386,510.73
-58.971,48.262,202.87
-26.189,45.663,253.88
-63.617,76.431,235.18
-72.162,-102.52,544.18
-86.237,25.724,324.49
-40.046,94.93,207.57
-89.712,12.34,365.27
-76.579,-0.091782,415.67
-33.075,74.865,242.92
-56.674,84.852,146.19
-100.85,-115.21,528.76
-5.7065,106.22,136.11
-93.308,4.679,359.22
-47.278,-4.625,326.17
-79.517,41.341,271.75
-73.027,60.734,250.89
7.7816,119.5,68.192
-77.036,36.089,330.44
7.8298,133.08,65.099
-108.14,-109.79,525.28
-64.974,80.34,199.92
-9.7541,134.42,99.696
-103.31,-36.914,420.91
-77.337,-112.4,542.29
-34.27,66.43,259.07
-25.853,59.078,248.81
-30.412,114.85,158.21
-103.93,-75.287,467.58
-9.5677,140.3,87.162
-119.77,-90.473,558.98
-62.133,-60.459,482.47
-106.09,-38.795,460.2
-65.857,20.796,260.99
-117.81,-82.735,543.65
-39.769,80.618,116.71
-26.604,135.82,103.2
-84.122,9.3708,311.37
-100.28,-51.517,427.76
-57.781,-1.6706,304.19
-64.507,-52.129,418.6
-19.71,65.192,218.71
-92.433,-83.507,469.44
-106.88,-48.314,444.32
-48.05,112.24,146.93
-101.74,-23.725,431.83
-12.32,79.726,131.7
-65.903,-30.538,366
-10.752,97.926,160.78
-65.511,63.357,196.29
-54.041,-0.95488,304.66
-105.25,-120.29,539.9
-39.296,31.332,319.93
-109.93,-53.84,490.73
-92.073,-39.145,489.84
-105.06,-114.2,529.52
-64.06,78.644,183.37
-6.9836,125.58,112.2
-70.032,-24.156,351.38
-78.949,32.989,335.27
-16.812,68.856,162.38
-49.449,-2.5796,387.41
-51.926,-20.676,412.04
3.563,122.62,89.242
-109.03,-63.035,464.5
-70.385,48.024,227.61
-19.559,68.802,216.96
-115.66,-83.489,556.13
-58.801,30.974,234.85
-69.342,45.362,316.94
1.9073,105.2,84.941
-74.748,-43.504,390.9
-27.898,39.443,258.31
5.0421,111.82,60.034
-118.6,-82.927,530.12
-99.663,-15.926,414.22
-77.749,0.936,310.52
-83.556,30.779,325.14
-46.919,4.2189,300.22
-73.97,-107.83,546.11
-9.9741,82.043,134.21
-33.253,61.293,265.36
-115.95,-74.96,506.37
-62.852,72.086,179.26
-111.29,-90.081,501.7
-71.053,-32.33,368.27
-62.701,84.58,201.86
-61.776,-20.661,346.03
-52.295,78.488,245.73
-2.197,97.47,114.73
-55.44,-31.937,386.12
-51.182,-1.5434,309.2
-12.747,87.37,99.278
-88.219,-7.8179,425.75
-40.572,67.55,144.96
-65.486,-66.029,452.98
-49.321,61.643,165.39
-73.363,-91.527,498.31
-30.924,50.532,273.9
-92.961,-50.57,414.42
-111.85,-58.635,493.9
-67.058,48.513,311.14
-52.048,-24.164,414.09
-41.553,118.46,64.035
-96.667,-7.4773,401.5
-36.639,51.514,286.67
-37.082,138.83,57.071
-72.41,37.708,245.52
-77.304,-48.175,400.19
0.67572,126.54,93.889
-51.453,-18.987,358.86
-7.0782,87.712,121.53
-78.332,-30.362,472.91
-32.092,139.58,83.817
-7.2391,87.718,119.64
-31.588,106.22,178.92
-16.81,145.58,78.499
-0.63083,122.49,102.6
-21.445,85.398,96.752
-39.653,7.5985,326.16
-3.1202,97.13,90.62
-15.233,76.843,193.54
-19.757,70.225,145.97
-70.681,41.99,324.13
-114.92,-70.102,500.44
-30.25,34.181,254.9
-17.87,64.456,203.87
-89.065,17.124,332.8
-55.167,-37.635,434.54
-41.334,71.184,137.77
-79.807,-59.892,523.62
-88.302,-54.884,416.96
-47.102,-14.071,367.34
-74.564,-66.052,437.85
-88.928,12.203,327.39
-97.684,-18.301,383.99
-34.951,31.179,244.04
-82.647,15.784,299.83
-72.393,-61.038,428.8
-46.466,109.02,164.03
-88.003,20.764,331.1
-107.34,-41.322,451.47
-45.359,113.19,82.874
-43.873,-3.947,342.96
-73.106,-9.4423,432.92
-101.53,-109.38,518.99
-42.527,15.365,346.94
-21.588,92.899,193.66
-76.731,19.749,279.86
-88.403,-56.967,524.03
-24.218,63.547,239.05
-60.873,29.885,352.87
-70.702,-29.063,361.53
-61.287,-5.7837,416.21
-87.075,-125.98,554.36
-30.621,104.09,58.465
-37.735,126.9,118.61
-34.748,53.87,177.2
-51.686,-18.552,356.67
-83.333,-23.205,358
-38.28,12.965,325.08
-49.26,-20.921,383.14
-66.005,-14.131,435.45
-55.101,-38.645,433.02
-32.32,51.338,276.94
-134.15,56.791,23.163
-190.61,-87.196,382.26
-192.9,-142.28,420.81
-177.77,-88.934,408.58
-151.16,-29.945,164.53
-177.73,-48.598,308.03
-132.02,55.961,11.015
-124.39,73.755,22.027
-93.466,41.023,67.018
-127.75,-36.742,190.01
-157.6,-22.929,266.4
-153.58,10.346,181.8
-182.03,-75.009,371.69
-204.02,-140.54,470.81
-141.87,-19.534,136.31
-139.94,-59.26,315.14
-186.83,-101.34,341.3
-130.94,32.994,138.06
-133.06,21.104,50.874
-128.17,-30.778,169.04
-181,-71.713,283.92
-159.94,-131.44,476.02
-163.45,-12.888,233.83
-124.14,11.009,176.89
-133.03,55.084,72.939
-128.71,-46.851,252.12
-162.5,-97.521,310.47
-130.83,-53.973,262.21
-135.86,5.4776,81.861
-177.72,-115.65,465.17
-146.78,7.1756,197.83
-125.69,68.648,39.745
-178.08,-188.07,501.37
-175.05,-32.506,228.44
-111.99,-4.0352,119.01
-189.95,-96.525,343.22
-144.76,-25.168,267.22
-161.06,-172.43,495.69
-161.32,-124.96,374
-175.94,-37.37,233.34
-107.42,19.945,42.036
-134.83,-7.8403,107.68
-152.2,23.674,132.92
-195.92,-106.8,418.08
-162.56,-4.053,206.72
-197.49,-137.56,496.67
-130.64,34.687,26.05
-152.72,-111.27,425.1
-99.284,35.141,90.525
-194.8,-119.25,389.35
-163.65,-72.258,373.35
-165.63,-82.485,279.43
-184.27,-57.207,292.65
-182.66,-58.341,277.25
-152.43,24.352,117.45
-164.11,-175.47,492.24
-129.99,21.885,45.214
-95.961,31.741,21.709
-103.22,18.671,113.9
-191.25,-81.726,355.85
-141.43,-35.51,171.31
-198.52,-112.31,412.37
-148.23,-96.099,389.17
-156.36,-138.77,418.86
-101.38,15.708,76.867
-172.63,-53.643,237.92
-174.14,-80.35,283.77
-156.37,-136.81,473.11
-195.88,-107.81,381.3
-86.352,68.469,21.99
-142.23,24.95,154.41
-197.61,-121.92,403.66
-156.98,-140.42,480.27
-169.97,-89.707,410.98
-130.44,-30.698,165.25
-158.47,-164.22,485.82
-108.95,2.6517,101.75
-138.41,-70.857,274
-136.23,12.191,185.94
-85.231,68.909,18.87
-128.58,-45.976,225.05
-189.72,-151.54,432.44
-141.27,-57.657,316.62
-128.67,-33.477,248.92
-166.74,-157.05,442.25
-159.04,-6.0091,143.52
-126.65,-32.771,240.15
-138.98,-52.313,215.1
-124.11,-34.182,223.78
-111.29,49.972,91.067
-195.85,-173.79,480.84
-168.74,-61.052,242.38
-174.64,-163.91,451.05
-182.64,-133.49,391.43
-113.39,0.042514,97.334
-178.6,-100.56,433.44
-164.66,-29.964,279.16
-83.868,47.496,6.5785
-113.33,-1.0158,101.31
-153.18,-139.44,442.78
-194.63,-118.22,454.94
-89.055,40.859,45.422
-121.33,-21.903,156.12
-144.69,-6.7392,229.78
-204.14,-153.54,470.84
-150.71,-80.442,276.08
-170.41,-101.4,434.62
-137.25,-40.275,281.92
-139.94,-82.808,321.22
-152.59,1.0777,117.73
-157.86,-122.1,371.74
-121.65,-24.488,211.6
-145.39,-57.338,222.53
-161.13,-171.78,493.36
-147.63,-40.927,184.46
-132.09,-56.641,274.14
-145,-78.521,355.6
-142.59,-65.657,246.88
-157.87,-61.583,348.68
-161.53,-75.221,262.46
-161.38,1.1742,190.61
-148.23,-104.28,398.38
-174.2,-27.746,227.44
-129.93,66.089,33.112
-160.4,-16.97,249.85
-199.74,-152.59,453.14
-130.52,-33.091,254.7
-116.39,-1.62,97.307
-169.01,-126.19,372.01
-185.26,-187.12,498.19
-172.98,-26.38,216.44
-101.72,14.529,83.35
-191.25,-81.375,343.93
-181.45,-105.52,338.49
-180.88,-54.407,316.09
-152.64,-132,447.95
-142.15,-71.498,337.4
-155.67,-152.9,473.28
-180.35,-176.79,476.76
-177.46,-37.346,245.83
-161.86,-74.512,261.15
-189.98,-86.015,381.27
-178.2,-86.791,403.6
-195.94,-100.32,386.54
-179.87,-135.64,506.16
-149.66,29.938,103.27
-164.56,-2.6277,176.95
-126.89,-21.071,229.82
-133.73,-7.7833,107.04
-85.048,47.375,26.03
-150.48,-71.899,255.26
-155.37,17.606,126.57
-160.69,-167.46,482.71
-162.71,-113.25,345.7
-138.38,40.364,113.42
-157.24,10.423,129.82
-124.83,56.497,80.041
-143.43,8.0279,88.632
-152.65,-79.843,273.17
-201.18,-140.23,492.69
-137.71,52.11,43.657
-186.24,-89.32,322.25
-180.11,-100.32,327.4
-182.64,-169.07,461.16
-131.22,-53.475,242.81
-191,-164.23,457.31
-133.82,-23.852,144.53
-206.87,-158.29,516.46
-129.85,67.419,18.423
-138.56,-50.058,209.44
-81.3,55.419,11.108
-134.73,32.099,139.84
-164.09,-131.38,386.16
-130.38,28.644,147.89
-131.86,-1.087,208.48
-202.78,-135.46,449.49
-143.53,-95.62,356.93
-156.32,-87.535,395
-182.15,-51.139,294.61
-168.16,-121.47,361.97
-187.5,-118.26,370.16
-154.1,20.927,126.57
-147.93,-107.09,399
-146.49,33.598,115.61
-179.22,-59.476,335.97
-144.8,-78.768,279.91
-149.31,-119.65,398.15
-135.96,55.439,36.169
-153.87,-86.056,287.38
-160.64,-50.492,327.51
-165.23,-4.1019,182.48
-163.2,0.63513,176.43
-168.85,-74.258,266.16
-111.67,38.658,111.97
-171.34,-122.6,364.24
-101.09,15.941,78.389
-121.11,15.324,165.07
-180.54,-101.5,330.09
-121.14,-27.258,183.01
-157.53,-133.91,473.21
-165.08,-36.828,295.86
-164.84,-81.908,393.19
-89.009,38.346,24.267
-168.99,-186.52,508.27
-167.32,-12.394,218.83
-164.65,-9.0469,167.88
-189.33,-73.96,333.09
-125.61,59.792,69.951
-174.14,-87.362,406.35
-135.14,-27.567,153.33
-172.61,-150.9,424.01
-171.37,-95.529,423.17
-186.82,-96.669,334.24
-92.396,32.68,55.695
-158.63,-102.72,323.84
-197.53,-169.43,475.83
-164.68,-10.338,168.22
-153.69,-141.67,445.6
-183.74,-60.579,324.89
-114.14,24.091,139.36
-194.77,-96.089,385.47
-150.47,-102.15,333.86
-167.29,-140.15,403.4
-165.6,-45.642,211.63
-151.87,-58.814,224.65
-162.6,-70.706,369.71
-136.77,-48.153,206.48
-194.01,-118.08,385.19
-131.07,-12.995,227.63
-165.62,-9.7779,216.45
-176.15,-186.18,498.47
-152.54,0.63682,118.11
-144.42,-68.045,339.52
-137.25,46.452,94.693
-126.36,-18.991,136.55
-194.96,-116.9,386.78
-153.28,-7.3279,230.69
-194.46,-113.15,380.15
-186.72,-74.575,358.74
-149.79,-82.111,373.68
-169.71,-96.216,309.45
-150.33,-21.313,147.65
-108.21,55.626,77.178
-151.07,26.117,104.12
-102.38,52.447,75.27
-187.37,-188.26,501.03
-164.59,-95.127,305.32
-159.04,-135.17,479.57
-149.47,-116.49,382.51
-190.11,-83.424,372.4
-168.82,-106.61,330.39
-186.5,-69.78,343.86
-159.89,-93.213,301.31
-122.37,-25.232,165.43
-116.72,46.245,103.12
-199.08,-159.01,461.54
-123.98,43.205,1.4191
-165.92,-5.7689,188.29
-168.33,-101.78,479.4
-142.41,-67.481,374.67
-90.079,83.743,47.676
-146.69,-12.899,173.31
-134.67,-30.569,303.38
-153.17,-15.309,184.88
-160.28,-47.024,366.7
-159.46,-140.82,534.03
-160.08,-12.325,192.01
-153.96,-25.461,204.33
-193.13,-146.92,474.1
-183.55,-158.45,485.49
-118.13,2.3926,141.76
-166.45,0.78973,206.08
-186.44,-100.56,382.95
-130.65,41.178,57.018
-138.55,-53.101,272.11
-182.56,-65.437,321.31
-158.63,-125.94,426.74
-165.5,-6.2437,264.76
-121.94,89.367,37.971
-104.44,47.289,24.059
-125.57,87.109,26.575
-145.7,-58.845,371.62
-138.48,-70.937,341.39
-134.17,-8.1656,268.02
-141.95,-77.001,381.9
-164.8,6.9909,205.22
-153.67,28.173,180.86
-155.22,-149.67,513.72
-185.82,-104.48,482.65
-173.28,-45.128,357.92
-138.74,-32.969,216.8
-165,-94.86,463.62
-147.12,44.829,136.18
-167.09,-152,475.75
-191.32,-114.4,416.2
-118.7,14.502,202.88
-135.92,64.649,52.834
-157.05,-144.83,530.4
-185.05,-64.139,384.12
-134.04,-16.943,179
-124.38,66.143,10.526
-121.68,39.858,47.67
-200.84,-132.61,475.5
-125.8,83.924,47.669
-156.87,-15.992,191.52
-178.19,-117.83,403.06
-156.82,-15.91,191.32
-174.89,-93.189,353.09
-183.09,-141.17,451.6
-144.8,35.296,177.86
-85.127,57.369,40.896
-138.42,1.0792,256.64
-98.821,35.65,69.452
-201.51,-127.7,495.57
-178.96,-35.391,313.72
-97.402,40.253,54.469
-187.84,-102.61,389.31
-121.69,-4.6126,157.49
-135.92,-48.402,328.71
-147.57,-108.34,436.41
-122.22,66.304,109.33
-171.75,-118.28,401.18
-165.46,-142.72,456.5
-104.81,35.511,141.01
-194.87,-94.514,430.35
-145.5,-72.313,312.73
-159.35,-56.092,384.54
-158.89,-116.98,404.86
-141.19,-81.347,370.51
-183.14,-55.1,312.92
-196.68,-129.29,523.51
-129.42,75.38,22.731
-142.15,-27.185,201.71
-138.54,47.7,149.46
-146.99,-85.459,346.33
-164.81,3.2739,195.28
-164.73,-25.944,221.68
-95.239,47.17,99.223
-147.13,-15.589,296.23
-183.8,-87.321,445.73
-147.67,43.257,141.25
-195.34,-165.91,511
-151.5,5.7497,250.12
-82.992,79.204,37.608
-129.1,-1.4225,248.23
-147.45,-97.663,430.34
-160.1,7.0064,236.28
-150.62,-20.355,307.89
-191.84,-88.325,383.56
-154.13,-124.51,433.89
-152.79,-121.68,483.27
-108.23,13.193,158.74
-141.94,-45.522,342.64
-145.07,-57.344,367.87
-99.736,46.833,115.34
-79.542,69.401,23.931
-169.41,-20.225,227.2
-128.94,79.716,52.92
-129.16,-11.833,168.86
-118.64,32.008,176.55
-150.04,-45.174,242.56
-148.76,-67.79,392.44
-158.23,-113.93,398.49
-161.94,-147.24,472.2
-154.83,-145.62,515.37
-167.43,-124.17,414.12
-140.99,-55.692,274.71
-157.29,-129.22,437.52
-161.37,-92.083,345.97
-146.95,-104.78,430.49
-165.1,-47.753,258.15
-114.49,10.849,120.98
-145.89,-90.625,415.23
-117.48,4.4899,136.16
-136.84,-7.4769,270.73
-151.03,-33.83,218.54
-140.94,-9.7185,162.84
-138.35,2.9154,253.03
-167.32,-24.64,225.93
-98.641,34.374,113.07
-155.93,-94.78,355.42
-170.93,-44.036,261.76
-140.19,44.207,74.979
-198.38,-134.58,467.09
-146.19,23.74,208.12
-182.6,-147.22,462.99
-149.88,-100.04,379.6
-179.19,-117.55,514.28
-154.8,-146.17,498.96
-180.94,-114.93,399.93
-140.82,-64.733,301.68
-163.51,2.7585,187.74
-150.33,29.008,187.76
-103.17,41.944,39.231
-145.24,-47.442,352.24
-116.08,2.0643,205.96
-127.64,55.175,136.12
-151.64,-46.835,246.42
-170.82,-114.71,506.05
-134.04,-55.413,316.53
-153.83,-118.94,419.8
-152.3,-75.509,312.28
-153.64,-96.657,449.84
-138.74,51.686,136.9
-182.2,-133.86,436.89
-190.97,-145.98,469.03
-173.36,-99.823,477.6
-164.2,-28.767,326.28
-198.87,-116.54,450.07
-132.8,-37.364,305.63
-170.35,-54.335,381.88
-125.54,-12.737,175.91
-153.64,-41.926,236.66
-173.62,-32.704,324.59
-137.76,-46.942,255.63
-125.52,58.548,128.09
-160.57,-87.496,336
-129.31,-31.217,285.79
-139.36,-40.945,329.85
-173.25,-108.57,381.93
-132.29,-39.407,305.29
-144.21,-16.566,178.96
-157.94,19.349,158
-158.89,-8.4425,280.57
-136.5,-57.661,293.84
-169.55,-123.15,521.23
-93.506,41.713,73.259
-158.99,-55.085,266.53
-173.4,-161.63,492.02
-121.62,-18.689,213.7
-186.5,-173.57,516.7
-144.72,-23.356,193.6
-128.75,7.937,232.42
-116.64,28.885,178.11
-123.12,-23.296,242.49
-144.48,-93.02,406.2
-157.19,-130.86,441.9
-115.39,42.086,38.43
-155.53,24.461,188.36
-115.78,48.183,144.48
-130.66,23.68,87.542
-188.02,-63.241,360.09
-189.54,-139.5,455.38
-155.25,-27.575,209.65
-142.07,56.603,95.991
-103.45,31.373,72.718
-150.97,-87.383,343.38
-151.27,-49.854,365.41
-161.05,-56.939,387.14
-98.242,32.724,93.727
-190,-71.53,379.87
-145.53,-90.213,365.87
-123.25,-18.177,248.8
-151.3,-89.871,433.37
-156.63,-31.693,218.81
-166.53,-92.164,346.14
-120.81,89.321,41.668
-169.46,-99.914,362.94
-142.05,51.542,129.15
-164.71,4.6835,227.26
-164.92,-29.373,227.23
-198.12,-149.43,488.65
-123.72,20.423,89.988
-150.09,-51.925,367.62
-192.84,-103.17,466.77
-187.61,-73.232,349
-141.3,-63.255,295.92
-156.75,-150.02,496.2
-191.65,-111.49,412.55
-128.77,10.623,227.87
-170.58,-11.337,228.98
-197.73,-163.61,511.1
-132.3,31.537,190.86
-150.64,-7.0812,167.08
-150.72,-0.10747,155.61
-158.08,-88.937,444.88
-113.01,21.498,179.51
-143.21,-74.34,324.2
-159.95,-87.666,445.04
-118.37,70.386,99.519
-146.91,-67.06,387.18
-147.87,-6.6871,162.8
-109.41,41.981,144.79
-133.54,-26.267,203.78
-184.35,-97.707,374.13
-158.74,-60.354,277.27
-153.37,19.515,137.25
-170.57,-73.03,422.26
-160.74,11.648,172.46
-166.8,0.16712,208.45
-132.79,49.612,148.71
-122.43,-16.473,243.77
-127.06,-34.524,257.09
-188.52,-96.088,459.15
-146.48,5.1816,252.27
-120.19,81.474,69.203
-178.59,-48.902,288.65
-147.62,-99.421,386.01
-164.15,-115.01,395.61
-145.18,-62.358,286.45
-171.03,-136.67,439.64
-165.63,-38.788,348.8
-120,44.317,37.435
-126.82,-7.1187,251.54
-127.74,35.156,180.75
-123.43,49.157,148.97
-154.58,-142.11,512.62
-146.45,-87.513,353.9
-163.39,-29.583,328.61
-150.58,-121.37,469.01
-152.1,20.904,209.48
-202.82,-157.55,514.77
-136.81,66.07,81.061
-137.15,60.127,110.59
-186.04,-105.93,485.71
-147.23,0.04106,150.03
-119.19,58.388,55.48
-120.56,-3.9278,222.01
-144.83,12.058,169.8
-141.98,5.0332,180.34
-120.85,65.838,44.17
-127.85,91.994,80.46
-96.307,78.25,107.43
-175.04,-132.53,476.1
-118.8,82.556,121.73
-150.27,-113.18,505.2
-188.3,-63.571,417.04
-152.38,-96.095,490.48
-188.61,-73.286,445.95
-165.68,-8.4734,240.64
-101.72,44.321,154.9
-77.481,84.19,34.489
-138,63.277,161.09
-193.06,-114.54,465.57
-122.02,90.363,99.305
-127.12,-9.3879,294.6
-131.47,-40.085,323.17
-164.45,-73.523,467.13
-161.34,25.485,211.19
-184.02,-85.026,485.76
-110.13,38.131,190.12
-179.75,-63.738,353.65
-150.92,-66.974,341.67
-95.36,66.439,118.61
-181.25,-97.241,515.78
-165.76,-117.81,446.68
-125.53,-21.694,280.64
-152.44,-131.18,532.61
-120.63,45.977,198.9
-199.44,-116.53,499.25
-144.8,-59.132,329.42
-157.53,-96.055,501.47
-155.41,33.502,169.34
-171.33,-1.3607,276.83
-186.48,-68.717,380.28
-122.86,103.62,42.66
-162.3,23.172,219.19
-154.07,-3.8103,320.6
-148.57,31.517,238.43
-159.32,-80.604,476.31
-145.51,30.04,141.71
-173.94,-42.798,399.55
-102.99,45.811,159.77
-139.31,24.669,256.17
-153.29,-119.36,468.95
-183.95,-147,508.53
-136.27,-30.188,348.61
-115.81,23.332,222.9
-114.46,46.855,188.19
-166.68,-75.061,357.34
-129.33,28.714,123.24
-177.58,-22.138,329
-126.89,48.542,82.259
-183.7,-41.565,363.39
-143.3,22.065,150.27
-153.93,-114.23,453.62
-198.36,-108.6,493.22
-98.546,49.052,138.9
-86.249,69.487,77.657
-153.84,43.164,179.05
-136.1,66.891,76.967
-174.65,-19.505,283.9
-192.95,-80.534,437.1
-105.33,89.112,101.58
-144.46,-74.274,372.14
-153.5,-20.652,356.28
-199.7,-115.93,504.94
-102.29,86.666,103.26
-126.23,-22.967,293.22
-114.65,76.733,17.03
-196.53,-124.71,491.39
-146.21,18.346,160.91
-121.71,42.067,207.25
-175.8,-55.549,427.43
-166.44,-48.702,306.22
-111.07,43.426,86.301
-148.49,-54.507,414.08
-155.05,-126.48,482.28
-132.43,-15.901,318.66
-126.01,-22.855,289.13
-134.9,-50.326,358.36
-159.35,-99.994,411.46
-118.55,-2.0558,240.49
-197.67,-106.91,479.92
-164.55,-48.866,304.52
-164.12,-84.09,375.15
-158.65,-139.31,505.4
-113.45,58.474,167.46
-129.43,-33.136,302.18
-174.39,-80.28,482.42
-131.13,7.0155,172.4
-118.99,25.348,228.96
-159.97,27.401,197.12
-153.72,-116.05,524.17
-174.29,-25.263,287.01
-144.35,55.834,172.47
-181.08,-37.383,327.77
-178.36,-38.67,381.23
-137.73,44.49,211.57
-133.85,36.786,111.87
-164.23,-143.6,505.4
-103.74,84.156,109.52
-177.77,-45.779,322.59
-127.48,-26.357,302.82
-162.83,-9.6199,235.11
-162.83,9.4594,212.99
-81.377,101.71,45.005
-174.78,-11.356,292.84
-88.156,112.58,39.55
-171.93,-143.66,499.47
-153.12,29.129,162.33
-112.41,103.75,68.56
-179.6,-84.075,387.14
-151.56,-127.1,523.04
-138.5,37.283,228.32
-124.89,36.227,221.71
-134.05,76.728,123.65
-171.7,-114.44,438.78
-112.01,108.37,55.512
-201.54,-134.53,525.62
-152.13,-77.365,459.53
-191.95,-86.571,424.51
-137.54,-18.145,231.6
-200.02,-127.41,509.94
-109.94,42.967,88.148
-127.22,94.888,67.942
-159.61,-37.349,277.93
-170.94,-93.869,397.06
-130.96,-30.623,278.9
-140.36,-73.182,396.3
-114.98,44.286,193.11
-158.69,-114.15,444.6
-182.6,-94.951,410.87
-142.94,63.92,109.43
-189,-72.366,395.52
-92.548,58.876,108.73
-138.59,-57.583,341.63
-110.01,74.912,133.57
-142.85,15.118,161.87
-128.61,-27.811,280.05
-167.94,-150.12,516.04
-139.94,7.154,291.98
-195.14,-100.42,455.67
-189.44,-77.99,456.05
-168.27,-145.3,505.02
-146.7,28.031,147
-108.85,98.53,82.775
-141.2,-55.172,325.54
-175.88,-14.903,297.61
-98.653,47.996,139.12
-147.9,-24.968,360.62
-146.61,-40.549,386.99
-92.442,102.05,63.661
-181.7,-107.71,432.44
-146.9,0.43792,193.61
-116.41,47.244,190.8
-201.51,-126.52,522.51
-130.36,-6.2136,206.25
-170.23,0.44404,279.89
-82.6,87.008,62.387
-145.2,-72.84,365.91
-118.05,19.412,233.97
-76.791,93.771,38.003
-196.64,-128.26,496.85
-186.77,-65.169,377.66
-149.66,-40.332,280.07
-175.27,-19.596,287.3
-124.78,-19.487,276.41
-152.65,-121.36,526.6
-92.773,62.178,111.22
-136.61,33.874,235.52
-192.29,-120.69,473.21
-140.86,23.419,144.53
-178.78,-130.13,472.55
-142.2,-62.053,343
-154.32,33.921,163.91
-135.27,-47.534,321.6
-155.43,35.983,209.34
-89.933,78.865,91.436
-135.49,-52.124,363.46
-127.37,-26.501,285.13
-87.909,64.205,76.17
-185.85,-51.641,389.74
-111.25,32.482,117.43
-143.09,-84.337,431.57
-120.51,22.872,136.16
-147.71,-108.73,477.94
-131.16,26.772,246.2
-162,-88.972,385.72
-194.82,-105.36,459.17
-168.59,4.2365,274.27
-145.31,-43.386,389.57
-117.67,71.38,30.327
-185.6,-56.818,364.59
-139.79,24.369,256.99
-123.77,90.269,20.891
-147.75,-8.7428,212.22
-147.19,-77.954,375.11
-98.229,103.55,66.752
-131.94,-39.817,335.85
-90.115,68.238,98.671
-178.96,-63.035,441.25
-128.03,94.307,47.47
-89.699,68.115,96.82
-136,69.45,144.81
-118.11,108.14,44.644
-99.438,99.67,75.553
-92.778,57.392,72.194
-128.53,-12,302.24
-83.532,77.631,68.203
-110.91,55.878,167.85
-96.993,47.059,122.5
-171.41,-2.9381,287.1
-192.55,-116.28,466.87
-115.9,13.728,231.16
-108.88,44.54,179.44
-173.98,-33.71,295.93
-145.94,-55.71,410.95
-111.84,34.822,109.71
-177.9,-86.75,494.93
-156.68,-89.612,389.98
-133.8,-33.133,344.03
-145.74,-90.026,415.08
-169.53,-37.67,291.69
-175.22,-66.409,349.59
-114.71,8.3309,220.27
-158.8,-31.519,266.02
-144.31,-84.862,405.96
-144.8,62.57,126.76
-174.73,-30.184,293.87
-188.98,-89.492,416.33
-123.02,65.197,48.503
-130.06,-23.497,319.52
-175.32,-43.809,400.24
-165.26,-139.5,494.83
-141.12,-7.1279,320.07
-124.96,64.976,163.59
-150.75,-25.148,247.47
-186.31,-89.522,492.89
-123.36,40.623,211.9
-165.22,-6.315,319.03
-141.84,-59.337,336.01
-163.48,-34.109,386.18
-154.83,-143.6,534.95
-99.474,66.266,30.055
-135.17,81.357,81.883
-108.25,25.526,152.12
-131.74,-39.644,333.62
-153.9,-62.228,328.76
-130.21,-6.8926,300.51
-136.12,-39.647,359.95
-167.91,-43.294,405.1
-144.89,-56.507,409.7
-133.56,26.638,248.66
-142.4,-34.029,-17.887
-207.35,-177.15,340.12
-188.92,-222.06,386.69
-204.01,-170.44,368.48
-146.89,-111.38,129.74
-198,-139.75,264.76
-136.8,-33.633,-28.9
-144.17,-14.615,-19.948
-114.65,-21.677,36
-132.29,-102.44,160.56
-185.09,-107.85,224.6
-176.58,-80.191,138.32
-204.61,-162.43,329.65
-212.84,-226.45,431.81
-137.53,-97.963,102.85
-164.83,-125.65,281.87
-184.65,-186.94,304.33
-159.4,-49.258,97.253
-129.27,-61.549,15.472
-129.97,-98.26,139.29
-180.5,-160.67,245.2
-185.49,-192.77,444.85
-185.95,-103.84,190.26
-152.83,-62.19,139.99
-154.86,-33.888,30.347
-145.12,-110.07,221.7
-159.19,-169.89,279.47
-145.61,-116.88,232.21
-131.46,-75.234,47.411
-205.05,-190.89,427.62
-174.14,-78.41,155.76
-147.37,-19.189,-2.3247
-174.63,-248.6,475.56
-182.22,-126.59,186.15
-118.3,-68.001,90.016
-190.34,-184.9,304.59
-174.14,-101.98,228.62
-168.74,-226,470.99
-160.94,-190.13,345.64
-181.56,-130.94,191.55
-106.28,-47.337,12.879
-130.51,-84.865,74.82
-169.05,-69.505,89.358
-210.61,-195.44,376.87
-182.49,-96.677,162.86
-216.92,-219.72,457.47
-127.98,-49.626,-10.273
-176.74,-173.14,393.96
-122.55,-29.467,58.314
-194.43,-205.25,351.9
-192.46,-149.23,334.78
-161.23,-160.22,246.28
-193.75,-150.82,250.17
-187.45,-151.04,235.99
-165.18,-69.364,74.364
-168.38,-230.32,467.58
-125.72,-59.188,10.583
-98.303,-31.385,-6.2353
-122.95,-44.634,82.866
-203.37,-173.59,313.68
-138.17,-109.93,139.41
-207.85,-201.51,371.84
-171.58,-158.9,357.74
-162.15,-197.49,392.24
-109.22,-46.544,48.353
-171.08,-141.95,199.66
-170.26,-163.51,248.16
-178.85,-195,443.83
-199.45,-196.85,341.84
-111.81,3.8262,-10.615
-168.24,-62.168,111.9
-199.19,-208.82,365.47
-179.33,-198.14,451.23
-198.24,-166.36,372.65
-130.68,-99.612,135.14
-168.57,-218.03,460.6
-114.79,-61.114,72.921
-145.26,-134.75,244.94
-165.43,-68.298,145.78
-110.3,4.7949,-13.437
-137.74,-109.75,195.64
-184.56,-227.39,400.24
-167.19,-125.13,282.7
-151.75,-99.364,216.18
-166.51,-217.95,415.72
-160.53,-97.225,103.47
-148.08,-97.741,208.1
-139.32,-121.2,184.99
-140.62,-97.638,193.24
-140.39,-24.718,53.45
-190.55,-248.09,449.34
-165.16,-145.5,206.16
-171.24,-228.02,423.67
-177.56,-209.39,359.19
-115.48,-65.933,68.191
-205.19,-179.84,394.26
-190.21,-117.5,236.55
-93.566,-11.787,-20.962
-115.97,-66.676,72.204
-166.19,-195.72,415.97
-213.71,-203.21,414.56
-104.95,-19.545,16.32
-126.02,-87.281,126.79
-173.8,-87.789,189.39
-205.57,-236.95,434.2
-149.91,-149.74,245.98
-198.72,-175.61,397.35
-163.99,-109.38,247.14
-153.21,-144.44,292.04
-152.17,-88.131,78.88
-159.25,-185.81,343.7
-140.73,-88.599,180.34
-143.55,-128.94,191.61
-168.49,-225.56,468.62
-143.66,-117.74,151.64
-148.49,-119.56,243.86
-169.42,-143.44,323.06
-143.65,-133.53,217.08
-186.98,-137.64,310.46
-157.31,-152.23,229.59
-179.93,-92.056,146.73
-169.57,-165.31,368.06
-183.98,-122.29,184.5
-147.28,-23.884,-9.1414
-185.87,-105.02,207.03
-197.63,-233.87,418.04
-155.06,-100.06,221.24
-116.84,-69.057,67.809
-165.61,-195.74,342.25
-179.79,-252.17,470.75
-180.66,-120.65,173.99
-110.67,-47.584,54.704
-200.14,-173.51,302.2
-177.32,-187.13,303.6
-199.45,-146.15,272.85
-171.48,-189.34,419.67
-165.98,-136.41,304.96
-169.23,-207.49,447.12
-175.72,-241.32,449.41
-186.33,-131.62,203.17
-157.59,-151.88,228.13
-207.25,-175.84,339.09
-204.13,-169.06,363.22
-205.24,-190.78,345.46
-207.14,-207.51,470.09
-162.13,-63.467,60.36
-176.31,-97.238,133.64
-151.94,-88.672,196
-129.52,-84.177,74.445
-99.991,-12.256,-2.5695
-148.6,-143.1,224.52
-166.23,-76.373,83.695
-167.55,-222,457.73
-160.54,-182.04,316.07
-162.26,-48.2,70.648
-164.53,-83.199,87.717
-151.37,-27.743,38.699
-140.69,-77.588,51.755
-150.92,-150.47,242.66
-217.12,-224.13,453.33
-148.38,-39.563,1.8179
-185.55,-177.26,284
-176.05,-182.35,292.31
-177.39,-236.76,432.54
-140.62,-117.04,213.45
-185.48,-237.92,426.11
-131.23,-96.486,113.29
-218.08,-241.61,478.17
-143.76,-23.017,-23.437
-138.65,-119.24,179.24
-97.38,-3.8194,-17.517
-162.33,-52.209,98.284
-162.93,-196.72,357.85
-159.33,-52.251,107.59
-160.99,-75.961,170.78
-208.65,-221.99,410.72
-158.97,-156.26,327.81
-184.35,-156.75,359.96
-196.12,-144.66,251.39
-164.76,-191.61,331.96
-183.85,-200.43,334.95
-167.13,-72.949,83.361
-167.93,-167.38,369.25
-165.31,-58.433,72.21
-201,-148.89,293.19
-147.4,-144.81,250.65
-161.62,-178.29,370.44
-146.77,-35.971,-5.5806
-152.41,-155.93,257.14
-189.33,-130.75,287.53
-177.57,-98.722,139.07
-176.95,-93.813,132.85
-164.57,-155.76,231.34
-140.26,-33.668,75.471
-167.22,-194.37,333.64
-109.56,-46.158,49.832
-149.54,-57.118,128.55
-176.48,-183.51,295.01
-130.55,-91.002,153.57
-181.42,-193.36,443.14
-191.43,-122.97,253.72
-193.6,-157.35,355.31
-97.419,-21.895,-3.4689
-170.48,-241.82,483.88
-184.91,-106.01,174.94
-170.13,-102.6,126.12
-199.76,-166.6,290.87
-150.95,-25.732,28.256
-201.46,-167.05,366.86
-132.67,-100.11,122.11
-169.3,-216.83,395.82
-199.52,-171.67,385.08
-185.26,-183.3,296.71
-105.84,-27.927,26.929
-157.09,-171.52,294.09
-192.89,-245.68,443.37
-169.52,-103.64,126.68
-166.13,-197.77,418.98
-200.68,-152.66,281.79
-141.76,-46.361,103.85
-206.43,-186.71,343.92
-153.99,-166.03,305.38
-165.38,-205.38,375.28
-162.65,-131.79,174.56
-148.32,-133.95,192.49
-191.49,-147.42,331.24
-137.5,-116.7,176.45
-193.29,-203.91,347.87
-159.12,-84.721,191.48
-184.4,-102.94,172.56
-173.37,-245.98,472.86
-151.98,-88.446,79.338
-170.3,-134.96,305.85
-159.47,-42.963,51.842
-125.94,-88.272,106.4
-195.15,-203.5,348.96
-180.36,-93.369,188.47
-194.99,-200.3,342.03
-204.76,-165.1,316.13
-176.27,-148.87,339.97
-165.21,-173.16,276.66
-146.31,-104.24,112.17
-137.23,-18.576,39.786
-161.3,-67.361,61.571
-130.38,-17.682,39.832
-181.59,-254.3,473.22
-160.68,-169.3,273.64
-183.69,-195.16,449.13
-159.05,-176.12,354.84
-206.27,-173.99,330.09
-164.63,-180.61,298.82
-203.04,-161.37,301.04
-156.99,-165.03,270.48
-127.61,-90.411,136.09
-145.92,-30.74,64.482
-195.89,-238.48,427.42
-120.61,-39.241,-33.966
-178.83,-100.38,144.79
-209.76,-173.92,440.77
-179.16,-132.71,339.85
-130.72,14.299,10.348
-155.63,-94.881,135.99
-173.67,-99.684,266.48
-162.59,-100.48,146.1
-202.27,-127.09,324.51
-196.45,-199.02,502.24
-171.67,-102.09,150.84
-163.02,-108.77,166.41
-201.77,-225.02,438.53
-191.1,-228.36,453.69
-133.21,-66.115,109.26
-188.06,-95.124,160.5
-196.74,-185.37,344.16
-140.57,-43.899,18.187
-154.9,-120.61,239.83
-195.99,-155.92,279.51
-173.45,-188.41,396.92
-200.18,-99.203,218.2
-155.72,-0.35271,-7.0135
-114.34,-23.923,-8.7215
-153.96,-4.5223,-18.313
-185.72,-127.79,334.62
-164.61,-133.71,309.48
-175.84,-82.007,228.59
-175.47,-139.95,348.64
-190.06,-89.178,158.89
-186.5,-65.957,134.12
-182.31,-203.94,485.36
-222.66,-186.45,440.52
-210.86,-133.46,312.88
-150.6,-105.51,183.1
-206.59,-166.64,425.11
-178.07,-49.443,89.7
-179.26,-213.54,446.8
-202.21,-198.83,377.49
-158.07,-55.697,165.45
-156.75,-28.277,8.6912
-191.27,-200.86,500.04
-216.68,-155.3,338.88
-145.21,-90.485,144.98
-136.55,-20.917,-29.559
-130.21,-39.764,11.458
-216.24,-218.1,435.54
-158.39,-6.8615,2.4248
-166.96,-103.12,151.76
-186.35,-193.97,368.43
-166.92,-103.04,151.56
-183.44,-173.08,316.75
-190.82,-214.8,418.15
-182.83,-54.998,131.89
-109.99,-4.0303,9.8091
-181.11,-77.319,215.06
-116.43,-29.141,38.14
-225.3,-214.23,453.71
-208.08,-129.79,267.5
-113.65,-24.855,23.254
-198.49,-187.75,350.33
-136.51,-73.595,124.83
-171.78,-114.31,293.75
-177.67,-167.52,405.38
-163.33,-17.818,65.518
-180.59,-190.52,368.13
-177.74,-205.44,427.01
-141.52,-31.607,105.38
-220.29,-184.74,386.59
-161.02,-139.48,280.74
-201.53,-133.5,343.47
-172.46,-181.75,374.26
-169.16,-143.18,338.7
-199.89,-148.11,269.45
-228.69,-212.15,481.82
-149.18,-16.302,-20.684
-152.18,-103.16,166.83
-176.89,-41.798,103.78
-164.36,-150.35,315.02
-185.1,-92.334,150.06
-176.04,-115.29,180.74
-128.75,-17.253,65.321
-189.73,-95.214,254.12
-220.24,-172.1,402.44
-179.05,-50.946,94.72
-203.29,-240.95,476.89
-191.98,-81.476,205.07
-119.79,14.711,3.1066
-170.08,-73.909,209.52
-181.9,-158.99,397.63
-195.35,-85.833,189.67
-193.07,-100.92,265.4
-208.04,-178.77,341.3
-172.84,-184.46,404.5
-187.59,-180.55,451.57
-136.57,-51.253,125.72
-182.06,-115.35,305.23
-185.01,-126.28,330.89
-136.65,-19.931,79.829
-107.64,8.668,-7.4246
-184.48,-113.4,183.94
-159.94,-12.02,7.5367
-141.44,-83.651,135.4
-160.4,-42.063,137.02
-159.79,-121.61,207.53
-188.99,-136.44,355.53
-171.85,-179.02,367.74
-176.96,-206.71,443.66
-184.79,-200.43,486.28
-177.62,-192.46,382.56
-156.06,-124.1,242.25
-173.65,-190.06,408.14
-171.59,-164.25,312.72
-177.52,-164.4,399.19
-174.42,-132.39,219.61
-129.24,-57.511,88.606
-180.35,-152.67,382.2
-132.3,-64.14,103.66
-179.08,-83.003,230.47
-160.09,-113.5,182.21
-150,-89.081,126.65
-181.05,-75.861,211.27
-180,-115.71,184.01
-128.09,-29.315,80.189
-168.58,-163.01,323.47
-182.06,-132.82,221.1
-154.8,-46.849,32.727
-210.81,-218.37,428.38
-186.03,-64.587,162.7
-190.28,-219.17,430.27
-167.86,-163.21,348.93
-219.21,-192.45,474.69
-179.74,-201.13,470.67
-189.22,-193.33,364.29
-158.54,-130.79,269.8
-181.65,-92.105,143.22
-186.38,-63.177,141.31
-114.69,-27.199,7.0749
-186.27,-118.7,314.06
-149.87,-64.062,171.27
-168.89,-29.523,92.036
-161.18,-123.82,211.18
-212,-185.32,468.12
-162.86,-119.02,283.8
-171.72,-180.05,390.05
-164.33,-146.11,279.4
-192.84,-161.54,414.75
-175.7,-38.929,90.977
-190.06,-208.65,402.9
-199.17,-223.06,433.98
-214.24,-175.37,437.57
-204.05,-115.46,281.57
-216.54,-204.47,408.65
-169.01,-103.98,270.3
-210.25,-138.7,338.17
-140.15,-82.094,143.12
-162.71,-121.24,200.48
-208.6,-124.26,278.6
-153.06,-115.48,223.09
-166.86,-25.689,84.19
-170.72,-160.26,302.5
-164.12,-97.308,250.94
-179,-110.36,292.71
-181.73,-183.95,347.58
-167.36,-105.32,270.47
-153.27,-96.254,142.63
-178.22,-75.973,112.91
-198.37,-96.759,235.21
-156.97,-122.68,261.94
-210.58,-191.08,484.5
-116.86,-21.04,41.842
-167.95,-134.49,230.34
-183.34,-224.75,462.77
-144.6,-83.894,181.28
-193.75,-241.72,485.71
-154.01,-101.75,157.79
-170.58,-66.459,192.73
-157.53,-43.349,139.52
-151.4,-87.994,209.37
-175.32,-153.9,374.31
-173.9,-191.24,412.66
-123.97,-34.388,3.5838
-187.97,-69.914,141.57
-158.16,-27.918,103.94
-139.4,-57.425,50.646
-212.58,-156.75,315.04
-197.83,-217.24,420.03
-164.34,-111.15,171.61
-169.32,-37.668,50.151
-118.52,-35.281,41.034
-165.49,-154.32,311.66
-193.34,-124,325.78
-203.11,-135.15,345.75
-121.29,-30.731,62.056
-215.08,-164.25,335.08
-166.14,-152.96,334.93
-156.22,-83.857,214.44
-190.16,-154.98,398.24
-165.7,-115.12,180.84
-175.58,-167.39,311.76
-155.88,0.34388,-3.2157
-178.26,-175.07,328.63
-175.95,-41.15,82.853
-195.01,-90.603,180.45
-175.84,-118.06,186.65
-208.37,-229.76,451.83
-132.9,-55.862,55.119
-191.89,-124.92,328.54
-224.26,-189.86,423.52
-203.41,-164.71,306.35
-158.09,-129.99,263.89
-178.27,-205.43,468.31
-203.06,-196.75,373.38
-170.82,-64.392,187.88
-190.94,-106.93,183.75
-206.46,-240.52,476.03
-174.78,-50.343,147.79
-160.2,-92.677,128.09
-160.92,-87.32,115.8
-199.23,-158.08,407.6
-150.94,-47.088,143.02
-161.4,-139.55,292.6
-201.44,-158.17,407.1
-159.86,-12.412,56.22
-186.46,-134.84,350.77
-157.06,-90.783,124.53
-149.82,-29.092,106.79
-146.65,-97.249,170.54
-194.22,-181.99,335.65
-167.85,-138.38,241.66
-168.84,-73.467,94.013
-211.4,-153.14,380.24
-180.17,-83.58,127.56
-188.66,-95.789,162.81
-173.32,-36.844,103.98
-155.11,-82.084,209.5
-152.26,-99.105,224.56
-222.76,-181.73,415.87
-188.4,-78.903,208.34
-158.86,-5.1148,24.74
-192.93,-140.84,246.06
-168.31,-161.25,355.45
-174.98,-183.46,363.87
-158.88,-131.75,253.8
-180.63,-204.19,408.52
-205.94,-123.97,304.67
-128.5,-35.358,1.2043
-166.03,-77.063,214.24
-170.42,-44.893,138.44
-165.91,-31.621,106.38
-185.8,-197.52,483.05
-164.95,-151.55,322.76
-203.63,-115.59,284.12
-181.96,-179.22,438.34
-189.38,-70.367,163.22
-214.89,-238.64,477.31
-166.34,-27.184,35.269
-171.71,-31.657,64.575
-222.88,-187.7,443.67
-156.72,-85.219,111.19
-141.04,-23.277,16.073
-154.54,-71.274,186.75
-167.36,-73.807,128.44
-164.2,-77.562,140.47
-143.3,-18.48,3.5008
-173.97,-1.0465,31.893
-149.56,7.1923,67.217
-196.54,-202.65,441.79
-173.47,-2.5232,75.158
-196.76,-171.85,471.57
-228.95,-156.22,369.59
-203.86,-159.65,453.85
-231.98,-163.71,399
-192.13,-101.51,195.48
-148.12,-22.458,117.74
-117.47,21.945,0.41681
-188.65,-28.776,112.17
-217.64,-199.13,424.41
-173.95,1.4398,51.528
-177.34,-78.331,255.83
-171.48,-105.07,287.9
-219.28,-149.13,424.66
-199.59,-72.169,161.97
-233.2,-169.71,440.3
-161.2,-31.838,150.76
-204.07,-152.33,310.79
-176.55,-137.94,306.28
-145.34,-1.5316,80.315
-232.75,-177.35,471.92
-189.29,-185.8,412.95
-165.13,-87.5,245.08
-196.09,-187.12,500.66
-176.27,-31.655,155.4
-231.1,-203.97,455.63
-172.75,-128.2,294.45
-211.01,-162.5,463.23
-187.56,-62.916,121.71
-210.91,-98.554,227.58
-214.08,-159.89,335.73
-165.86,10.621,-5.3527
-201.32,-74.464,169.84
-208.76,-89.482,273.76
-200.98,-59.251,189.77
-213.93,-151.59,435.89
-170.02,-60.257,98.081
-224.64,-131.28,352.18
-151.34,-21.935,121.85
-195.04,-58.923,210.06
-185.18,-179.23,437.31
-204.51,-219.02,473.55
-188.11,-99.565,309.38
-166.6,-46.548,183.63
-168.94,-27.455,146.34
-188.62,-153.56,319.3
-151.48,-51.984,84.2
-218.92,-118.07,280
-149.09,-35.318,41.835
-222.49,-136.73,315.17
-166.25,-65.197,108.24
-184.18,-175.75,421.55
-233.03,-197.06,448.63
-143.76,-17.04,102.24
-128.28,5.652,42.537
-194.61,-54.056,129.59
-165.08,-26.171,31.353
-205.21,-114.97,236.96
-228.67,-172.26,390.9
-161.01,10.431,57.624
-176.16,-139.43,338.24
-209.01,-102.05,311.17
-233.27,-203.54,460.91
-157.76,10.309,60.348
-168.55,-88.723,257.21
-136.91,-6.5,-23.133
-221.95,-208.93,450.25
-169.44,-69.735,118.46
-177.29,-35.297,163.88
-226.84,-142.15,380.82
-188.71,-133.13,265.54
-135.13,-29.917,50.141
-202.53,-125.26,373.87
-186.32,-185.76,451.01
-184.65,-86.317,278.91
-167.27,-88.57,253.33
-178.42,-114.74,322.73
-184.34,-168.28,377.34
-159.36,-68.258,204.55
-229.64,-195.52,435.73
-186.67,-132.17,264.35
-186.63,-158.98,338.59
-188.45,-197.81,474.72
-168.81,-17.883,124.58
-167.83,-98.64,266.96
-227.5,-160.22,438.35
-154.67,-69.636,134.89
-171.94,-46.724,188.36
-195.59,-70.055,148.44
-203.23,-175.89,489.5
-202.56,-119.33,241.08
-192.59,-38.341,123.04
-212.62,-132.41,280.86
-225.13,-130.91,332.9
-192.27,-42.833,164.04
-156.28,-48.396,70.831
-190.33,-204.59,474.28
-159.25,7.5347,66.494
-203.82,-137.27,278.18
-170.35,-92.026,266.75
-187.69,-100.82,191.02
-192.17,-85.893,166.31
-133.43,33.859,6.4004
-212.5,-108.36,243.99
-143.27,38.45,-2.3243
-194.53,-209.33,466.91
-181.29,-65.173,116.32
-165.31,17.393,21.734
-202.02,-167.99,346.65
-194.98,-183.49,490.93
-193.58,-48.791,181.24
-180.58,-41.634,178.11
-182.49,-16.262,74.705
-193.52,-186.77,403.45
-163.87,21.117,8.4758
-230.08,-219.21,483.74
-205.41,-144.99,420.81
-220.87,-176.73,380.17
-162.33,-92.643,194.81
-228.44,-212.85,467.74
-134.53,-29.58,52.245
-171.53,1.4383,19.508
-181.76,-120.43,237.85
-192.63,-170.52,359.87
-163.75,-97.929,243.87
-180.55,-135.69,362.08
-169.29,-29.741,151.41
-185.32,-178.69,411.85
-204.98,-178.11,370.72
-178,-32.086,61.485
-218.33,-164.06,350.44
-136.04,-6.0921,72.86
-172.34,-123.05,307.23
-165.75,-3.2136,89.84
-165.29,-70.304,120.72
-163.86,-94.253,244.96
-192.55,-211.85,484.86
-195.86,-72.743,247.45
-224.41,-189.21,411.86
-232.85,-167.81,409.35
-192.38,-208.36,473.34
-171.32,-62.487,103.25
-163.68,15.566,37.097
-171.11,-122.94,290.8
-212.71,-111.78,248.97
-143.3,-17.947,102.63
-203.48,-102.1,317.35
-201.22,-113.39,345.77
-147.52,27.853,21.763
-203.24,-187.44,393.93
-169.19,-83.96,152.93
-171.41,-28.261,148.35
-233.71,-212.82,479.29
-156.29,-79.222,169.91
-211.97,-96.398,230.42
-131.03,21.629,25.487
-175.76,-138.82,331.84
-169.28,-50.843,194.46
-123.38,30.105,2.1685
-221.59,-211.75,456.11
-215.57,-157.26,332.51
-173.01,-116.86,242.65
-206.62,-115.37,240.1
-164.58,-85.347,240.79
-200.09,-179.47,493.04
-138.81,-3.534,74.592
-192.25,-50.276,189.18
-215.75,-203.48,433.04
-163.49,-62.752,103.03
-199.78,-203.01,437.13
-172.98,-128.76,308.57
-185.4,-62.021,116.68
-169.74,-113.35,286.92
-200.46,-60.25,159.57
-140.4,11.215,53.193
-179.32,-116.45,327.82
-165.11,-92.377,249.86
-126.14,0.39717,41.719
-226,-145.65,341.79
-138,-38.278,81.935
-186.45,-145.67,397.31
-145.07,-51.197,99.595
-189.49,-167.21,445.2
-187.08,-52.542,201.92
-185.26,-161.45,350.08
-222.36,-192.92,416.2
-211.24,-92.473,224.7
-199.35,-114.85,349.05
-140.02,-12.372,-10.077
-215.65,-150.08,318.7
-195.48,-59.436,210.79
-152.74,-1.014,-23.944
-169.99,-91.519,172.27
-177.03,-143.96,341.15
-153.73,25.661,23.17
-175.63,-104.92,299.89
-136.59,2.7014,62.04
-229,-149.81,394.74
-165.95,0.14164,-0.17054
-135.67,2.8191,60.382
-185.94,-22.907,95.885
-165.33,17.112,-3.2381
-154.99,21.973,32.048
-124.89,-8.0418,38.093
-179.14,-81.139,263.32
-128.09,13.647,32.581
-165.48,-18.443,125.98
-136.72,-17.992,87.252
-213.03,-99.695,237.69
-216.63,-200.21,426.09
-163.59,-54.17,193.29
-160.81,-26.135,139.62
-200.08,-125.77,251.25
-198.98,-124.75,371.65
-137.56,-36.882,73.978
-230.13,-167.29,450.76
-182.01,-158.72,355.45
-183.21,-100.53,306.07
-180.53,-152.1,381.98
-193.19,-126.37,248.9
-197.89,-151.84,308.39
-156.48,-57.975,184.12
-181.03,-115.47,225.55
-179.74,-147.26,372.61
-183.64,-33.982,77.916
-202.08,-123.43,248.46
-214.57,-177.43,373.54
-145.86,-20.216,7.2895
-178.76,-90.982,281.66
-225.33,-132.9,352.72
-190.42,-202.09,463.17
-196.74,-84.433,276.73
-180.26,-19.592,117.13
-173.11,-105.87,208.38
-234.47,-174.57,447.45
-179.08,-37.363,168.24
-215.5,-98.172,270.26
-172.25,-126.49,301.45
-217.66,-118.3,340.08
-191.56,-198.48,504.66
-123,-5.6303,-5.3804
-173.99,-13.928,33.6
-141.69,-41.48,117.1
-174.93,-104.7,297.76
-177.83,-136.13,292.39
-182.83,-78.068,260.36
-185.87,-106.87,322.01
-221.3,-127.99,358.92
-197.35,-124.78,370.84
-189.57,-54.044,203.77
-85.462,-112.54,-42.287
-157.14,-260.04,312.65
-130.8,-284.3,369.59
-166.5,-252.18,339.31
-87.409,-174.78,112.37
-149.51,-225.73,235.63
-78.204,-109.07,-51.673
-97.252,-98.048,-48.23
-86.517,-85.156,13.173
-90.054,-158.37,143.47
-146.11,-193.11,194.14
-130.48,-167.31,108.29
-160.36,-246.77,300.51
-159.72,-301.32,408.34
-80.08,-158.89,86.207
-136.82,-194.35,256.75
-123.79,-254.96,285.18
-122.99,-132.94,67.045
-69.284,-126.22,-2.3671
-84.534,-154,122.83
-118.52,-232.41,224.62
-161.46,-257.75,420.65
-139.2,-190.99,160.32
-122.84,-138.67,111.81
-109,-119.04,1.134
-113.18,-171.1,200.6
-106.68,-226.52,263.85
-112.71,-176.68,211.81
-72.377,-137.97,30.263
-172.68,-268.2,399.48
-134.61,-164.12,125.2
-102.18,-103.32,-31.213
-130.21,-295.56,462.75
-122.23,-207.09,161.41
-78.555,-123.59,72.639
-129.41,-256.72,283.8
-142.15,-181.8,199.33
-137.18,-273.99,455.52
-115.54,-242.68,330.57
-120.8,-210.1,167.52
-58.865,-101.15,-2.3972
-74.048,-144.67,58.498
-116.68,-155.08,61.086
-159.82,-276.03,350.5
-132.73,-183.65,133.53
-174.05,-297.91,430.77
-67.667,-116.33,-28.938
-151.24,-237.65,370.22
-94.597,-95.739,34.237
-134.6,-274.68,331.96
-159.95,-228.85,305.67
-104.21,-220.54,229.83
-135.76,-232.33,224.65
-126.7,-228.98,212.49
-109.46,-152.91,47.554
-133.47,-277.3,453.12
-66.48,-122.29,-6.7003
-56.27,-83.918,-21.882
-93.347,-107.73,60.459
-148.49,-255.25,287.54
-84.279,-168.25,123.29
-152.8,-279.34,347.41
-144.93,-223.76,334.05
-125.67,-248.52,376.29
-71.76,-101.66,30.786
-108.8,-212.55,179.64
-109.85,-228.53,230.24
-154.78,-255.6,421.56
-140.35,-271.11,319.67
-85.415,-63.788,-35.547
-126.69,-148.32,81.503
-140.15,-280.16,344.57
-155.48,-258.28,429.11
-165.56,-245.39,343.82
-83.122,-155.57,118.95
-138.58,-267.67,444.13
-74.849,-116.26,55.771
-105.96,-190.6,227.38
-130.76,-150.99,115.7
-83.989,-62.157,-38.095
-100.19,-166.9,177.21
-128.29,-285.74,384.52
-139.17,-195.32,256.92
-122.79,-166.57,191.87
-124.16,-267.14,401.59
-98.424,-172,81.594
-118.55,-163.21,184.65
-91.845,-177.21,168.77
-108.59,-158.93,172.04
-109.66,-102.65,24.765
-135.27,-305.09,434.04
-104.08,-211.76,187.82
-124.39,-277.9,410.01
-121.32,-267.83,343.43
-71.283,-120.62,51.978
-169.48,-259.99,365.47
-148.02,-203.7,206.24
-59.508,-65.615,-38.554
-72.39,-121.44,55.851
-136.6,-249.1,397.8
-168.62,-283.47,387.34
-74.595,-77.998,-3.9293
-84.129,-143.04,109.71
-138.68,-170.88,159.21
-148.83,-305.37,414.17
-101.34,-205.39,230.11
-167.78,-252.68,369.08
-135.44,-181.38,220.67
-120.11,-202.32,272.51
-90.073,-160.13,58.209
-116.13,-238.24,328.29
-110.1,-151.96,157.99
-92.623,-185.82,175.6
-136.56,-273.53,453.22
-87.584,-177.59,135.23
-116.75,-180.36,222.82
-142.09,-210.65,298.46
-97.412,-189.14,200.82
-155.32,-216.68,281.46
-100.93,-212.08,213.24
-128.75,-178.68,117.79
-142.71,-227.53,345.57
-125.56,-204.72,158.65
-97.495,-107.16,-36.858
-143.28,-191.61,176.62
-139.81,-298.43,399.88
-126.4,-169.01,196.12
-70.454,-123.95,51.887
-114.98,-250.03,327.33
-130.79,-301.59,457.67
-120.91,-201.6,149.01
-74.117,-103.26,36.739
-142.75,-253.46,277.24
-117.81,-250.77,286.13
-149.32,-231.6,244.25
-145.37,-247.08,399
-138.23,-203.27,280.59
-141.21,-259.83,429.13
-127.68,-290.82,436.13
-127.44,-213.29,177.73
-100.93,-211.99,211.71
-157.5,-258.95,311.44
-165.87,-251.23,333.99
-149.3,-269.63,320.74
-177.05,-282.06,442.77
-106.44,-146.6,33.727
-119.25,-180.91,107.01
-123.21,-158.44,170.53
-73.564,-143.53,58.232
-69.48,-69.511,-22.27
-97.936,-199.64,208.62
-108.98,-159,57.551
-134.72,-270.3,442.34
-111.33,-236.45,300.84
-118.15,-134.24,40.739
-104.95,-163.4,63.036
-112.19,-111.88,8.7702
-79.415,-145.29,32.819
-100.75,-206.63,226.84
-170.5,-301.64,427.58
-92.592,-120.21,-23.714
-124.13,-248.08,263.73
-116.3,-246.36,274.72
-126.71,-288.44,418.76
-103.38,-174.16,194.97
-130.45,-294.31,411.03
-79.046,-153.76,97.328
-168.46,-315.82,454.38
-91.162,-104.6,-49.931
-90.794,-175.33,163.05
-67.961,-61.437,-37.565
-123.87,-137.04,67.929
-116.84,-248.95,343.04
-124.2,-135.12,77.517
-130.16,-154.06,142.04
-152.96,-295.6,388.24
-128.11,-214.63,307.68
-156.65,-229.62,332.96
-141.44,-228.77,224.16
-113.71,-246.38,316.9
-124.3,-264.79,317.17
-111.52,-156.8,56.401
-140.61,-228.19,347.44
-115.15,-144.25,43.447
-154.79,-234.37,263.89
-103.54,-199.85,234.22
-129.9,-233.17,351.98
-91.259,-116.49,-31.106
-102.95,-211.66,241.39
-154.46,-212.94,257.7
-120.94,-182.76,112.2
-121.47,-178.56,105.48
-105.03,-219.21,213.96
-110.81,-109.38,47.535
-114.53,-250.04,318.47
-72.67,-101.53,32.055
-119.9,-132.84,100.64
-116.75,-247.5,277.43
-93.198,-148.27,135.04
-157.49,-255.83,420.03
-150.79,-208.53,223.42
-162.11,-235.69,326.58
-61.767,-75.727,-20.787
-133.24,-287.5,470.4
-132.77,-192.37,146.28
-109.28,-181.65,102.15
-143.13,-247.88,265.2
-110.01,-110.19,-1.5071
-165.99,-247.96,337.7
-80.635,-157.38,106.13
-121.24,-268.24,381.71
-167.11,-250.2,356.43
-124.14,-252.54,277.08
-73.567,-85.072,7.581
-108.33,-226.33,278.62
-136.72,-304.65,427.36
-108.38,-182.12,103.02
-136.25,-250.66,401.07
-149.14,-237.4,253.74
-112.91,-119.98,76.721
-152.09,-267.1,318.25
-112.29,-219.88,289.1
-118.81,-257.06,360.78
-100.86,-199.79,155.58
-93.714,-192.67,176.32
-159.21,-226.87,302.17
-90.546,-172.65,160.16
-133.32,-273,328.1
-129.69,-159.63,163.9
-133.44,-189.64,143.55
-129.95,-292.76,459.96
-89.885,-160.27,58.747
-142.64,-204.67,280.22
-113.58,-128.7,22.377
-77.646,-144.14,90.378
-135.3,-273.76,328.67
-140.31,-179.28,157.91
-135,-271.22,321.47
-155.09,-249.23,288.02
-149.15,-218.81,314.15
-108.65,-232.78,260.43
-85.964,-169,94.357
-106.79,-96.069,11.244
-103.94,-149.2,35.789
-102.02,-91.263,12.636
-131.68,-304.33,460.03
-106.49,-227.04,257.83
-159.94,-258.53,425.6
-124.66,-230.16,337.21
-155.22,-257.03,302.69
-110.34,-238.04,283.16
-151.54,-245.47,273.26
-105.16,-221.47,254.83
-86.244,-146.34,118.84
-113.68,-110.6,35.22
-138.54,-300.94,410.09
-61.07,-104,-51.917
-122.62,-184.74,117.71
-189.71,-257.17,407.91
-160.52,-207.57,310.42
-111.97,-66.307,-21.573
-105.31,-166.65,113.39
-153.96,-179.04,235.28
-110.4,-175.12,122.56
-177.14,-217.1,289.58
-182.84,-268.33,474.36
-117.86,-181.74,125.4
-111.86,-181.69,143.45
-153.91,-293.45,416.96
-148.13,-289.51,434.44
-96.657,-130.64,87.43
-137.23,-185.76,129.75
-145.44,-260.24,320.37
-88.797,-118.75,-5.5124
-119.95,-185.09,217.75
-143.01,-237.26,253.19
-140.89,-247.89,376.61
-160.83,-195.28,183.1
-117.97,-93.266,-41.018
-72.169,-87.537,-29.179
-111,-95.76,-50.685
-166.87,-207.62,303.05
-140.01,-200.21,284.73
-154.79,-166.79,195.25
-156.08,-211.03,320.98
-141.69,-182.21,126.68
-145.01,-161.87,99.452
-164.29,-264.14,462.22
-192.49,-274.92,407.14
-176.81,-227.54,277.73
-108.91,-171.37,161.58
-186.9,-249.7,392.28
-135.12,-144.35,55.726
-145.43,-270.68,427.72
-151.59,-273.73,353.57
-137.88,-136.15,133.84
-107.43,-116.03,-21.058
-177.17,-266.75,473.73
-176.38,-248.08,305.38
-102.34,-156.75,123.49
-85.033,-98.722,-54.591
-81.217,-109.37,-10.432
-168.14,-296.58,409.62
-119.05,-99.926,-31.37
-113.9,-179.75,127.51
-139.51,-260.54,347.49
-113.86,-179.65,127.31
-134.28,-242.91,294.79
-145.41,-279.07,397.97
-147.75,-150.93,96.11
-85.417,-68.662,-14.136
-157.63,-166.4,180.26
-84.271,-92.173,16.205
-182.55,-298.57,424.31
-163.73,-223.7,234.2
-80.282,-87.327,1.7721
-147.21,-263.09,326.33
-99.423,-138.35,103
-152.03,-189.18,264.5
-158.42,-233.51,379.92
-134.75,-110.59,29.989
-136.93,-254.33,347.84
-143.17,-263.61,407.61
-121.53,-107.97,75.528
-176.15,-273.06,355.69
-125.71,-203.19,259.06
-178.37,-221.48,309.09
-137.4,-242.34,353.89
-146.52,-210.02,313.45
-147.57,-233.49,241.25
-194.42,-298.44,450.1
-99.95,-102.4,-49.73
-106.8,-170.71,145.21
-142.59,-137.27,68.063
-131.95,-213.32,293.15
-133.54,-181.94,119.89
-122.33,-194.43,155.51
-108.32,-89.516,37.328
-165.34,-185.24,219.06
-187.83,-262.62,368.56
-136.47,-146.06,60.593
-157.05,-306.49,456.3
-160.79,-176.39,169.06
-101.69,-59.579,-26.172
-149.46,-157.18,176.76
-164.3,-229.31,369.99
-156.51,-182.16,154.37
-167.92,-191.62,230.19
-157.09,-261.72,313.93
-144.83,-244.23,383.27
-171.94,-249.08,424.38
-112.41,-120.44,99.716
-162.67,-195.96,273.42
-166.11,-206.05,299.36
-117.07,-96.133,49.972
-85.86,-57.361,-32.463
-130.83,-197.89,156.36
-118.78,-104.9,-25.863
-100.56,-149.18,113.89
-139.26,-127.08,103.58
-113.89,-189.35,185.92
-170.48,-216.16,323.95
-136.61,-239.9,347.28
-146.63,-263.88,423.97
-168.46,-262.78,461.9
-137.68,-253.87,362.68
-119.56,-188.54,220.46
-143.32,-249.14,387.61
-128.99,-228.82,291.91
-158.3,-231.01,373.45
-122.53,-206.52,196.25
-92.544,-121.72,66.941
-162.27,-223.57,354.4
-95.464,-128.61,81.907
-157.26,-169.49,196.52
-111.45,-183.46,160.11
-101.57,-158.79,104.62
-157.33,-165.26,176.37
-126.08,-197.08,157.84
-105.24,-98.548,53.938
-130.45,-225.85,302.65
-128.61,-211.41,196.06
-102.28,-129.36,5.8158
-161.75,-293.68,404.02
-153.62,-160.01,126.67
-145.99,-282.05,410.5
-137.1,-225.15,327.23
-196.23,-277.1,441.73
-159.69,-260.6,448.2
-140.89,-261.8,342.78
-125.58,-194.92,247.52
-129.04,-179.81,114.06
-148.55,-159.45,105.86
-75.11,-90.103,-13.522
-166.55,-201,281.56
-128.48,-137.88,142.77
-140.01,-122.85,56.318
-114.75,-191.9,189.51
-192.83,-267.19,435.72
-139.61,-187.82,257.81
-142.32,-240.27,368.86
-124.11,-210.5,258.26
-176.21,-237.59,384.45
-139.62,-134.47,55.535
-143.94,-273.94,382.39
-151.71,-290.41,412.81
-191.43,-261.06,404.13
-172.79,-209.56,245.92
-168.4,-286.28,381.29
-149.02,-179.65,240.75
-180.63,-230.94,303.05
-102.66,-147.03,121.28
-114.32,-190.93,178.45
-170.45,-219.39,243.7
-116.63,-180.16,201.17
-138.37,-118.69,48.544
-127.65,-225.27,281.59
-143.47,-171.7,222.05
-159.54,-190.34,261.18
-135.64,-250.09,326.7
-147.04,-179.73,241.52
-104.61,-166.22,120.52
-126.85,-165.34,82.807
-165.7,-191.95,199.33
-126.72,-187.61,238.84
-193.16,-270.69,452.78
-90.263,-85.866,18.162
-119.42,-204.17,208.33
-146.79,-281.83,444.19
-116.03,-150.48,157.17
-151.79,-301.27,466.99
-106.41,-170.82,135.9
-149.26,-151.79,159.19
-137.03,-126.36,106.85
-127.01,-157.35,183.33
-155.41,-221.7,348.17
-144.14,-250.16,392.11
-77.194,-101.47,-17.589
-146.04,-165.8,106.99
-136.06,-114.96,69.795
-89.54,-128.36,28.326
-165.54,-247.21,283.71
-149.97,-285.18,398.68
-113.03,-184.29,148.58
-123.7,-130.35,17.608
-83.229,-98.296,19.647
-129.61,-217.23,290.42
-172.36,-209.28,292.21
-179.3,-223.71,311.23
-93.985,-95.94,38.332
-168.97,-254.38,303.74
-137.56,-216.14,312.31
-134.53,-156.81,186.36
-173.13,-231,368.02
-114.47,-188.13,157.86
-130.01,-233.74,290.69
-119.58,-92.742,-37.546
-132.57,-241.22,307.68
-136.22,-136.54,48.108
-150.89,-185.94,146.49
-122.29,-196.44,161.72
-160.14,-300.97,429.11
-86.696,-123.15,33.756
-171.51,-209.1,295.34
-186.91,-278.9,391.13
-151.45,-248.28,278.88
-124,-194.11,241.82
-155.44,-263.21,447.05
-152.25,-272.64,349.05
-149.22,-150.35,154.11
-139.43,-196.55,153.56
-159.5,-308.05,454.69
-148.75,-142.12,112.25
-107.82,-167.73,104.4
-107.89,-164.08,91.484
-181.06,-238.74,375.55
-130.83,-125.37,112.35
-129.36,-203.27,270.34
-182.56,-240.14,374.61
-132.47,-104.34,20.854
-168.08,-213.44,319.66
-105.45,-164.4,101.34
-129.77,-110.88,74.582
-106.95,-162.6,148.9
-142.97,-256.17,312.15
-120.38,-207.04,219.91
-115.6,-158.05,66.322
-185.4,-242.5,345.76
-128.24,-172.35,97.811
-137.98,-186.61,131.96
-142.7,-131.16,68.127
-133.26,-154.81,181.55
-125.73,-166.52,199.74
-188.17,-271.61,382.64
-160.43,-172.13,172.5
-126.8,-98.419,-10.421
-139.61,-223.9,219.05
-140.42,-223.74,333.02
-135.39,-245.4,343.7
-120.71,-196.17,232.3
-140.8,-264.64,389.04
-176.04,-217.12,269.2
-79.458,-104.99,-20.69
-145.91,-157.22,182.75
-145.79,-135.3,103.26
-140.64,-122.51,71.104
-169.97,-261.1,458.05
-133.95,-214.5,300.66
-173.12,-209.37,248.49
-164.55,-244.89,412.7
-153.08,-166.63,127.5
-167.44,-311.54,453.71
-123.08,-120.42,2.0792
-133.1,-126.71,29.787
-192.86,-276.01,410.34
-104.51,-159.96,87.617
-100.26,-102.52,-11.443
-132.43,-146.19,157.9
-124.15,-156.85,99.685
-123.03,-157.78,112.59
-101.12,-100.23,-24.867
-142.82,-104.04,-7.6541
-138.81,-82.279,30.046
-163.5,-272.33,417.1
-154.02,-104.2,34.165
-189.69,-247.23,439.9
-194.14,-255.62,332.24
-197.01,-241.98,419.12
-200.67,-262.93,361.12
-146.79,-192.71,163.53
-135.37,-104.35,84.222
-103.23,-52.435,-29.57
-161.46,-133.69,71.103
-176.8,-282.38,395.16
-149.86,-101.71,10.697
-165.85,-164.27,220.33
-155.36,-181.69,257.26
-206.5,-243.23,385.82
-159.58,-174.19,124.38
-210.06,-267.78,401.52
-149.62,-119.12,114.69
-160.27,-238.66,280.71
-145.89,-210.78,279.81
-134.35,-86.539,45.13
-214.45,-273.11,433.31
-159.19,-254.97,387.98
-148.13,-164.53,214.41
-188.86,-258.59,470.73
-162.69,-127.88,115.77
-193.4,-293.76,422.98
-145.09,-200.9,267.52
-203.61,-248.37,427.05
-143.99,-160.27,86.776
-172.18,-201,189.59
-170.86,-250.27,303.77
-132.5,-90.48,-43.688
-161.87,-176.93,131.96
-188.92,-191.65,232.62
-175.96,-164.18,148.32
-204.2,-241.82,398.21
-125.18,-148.08,67.522
-199.96,-233.33,311.92
-139.33,-105.78,87.351
-177.39,-160.03,169
-166.74,-246.83,411.01
-169.48,-289.68,448.79
-177.48,-186.82,273.15
-154.87,-133.58,147.69
-156.81,-120.29,107.94
-150.08,-230.29,292.49
-111.58,-130.62,56.796
-182.33,-220.55,241.62
-107.03,-116.54,13.674
-184.59,-237.05,277.95
-122.38,-149.63,78.99
-163.42,-243.72,395.49
-196.8,-289.49,414.57
-130.63,-97.666,69.341
-114.42,-71.244,11.387
-156.72,-157.24,91.128
-121.56,-118.92,-1.5804
-161.15,-210.62,202.86
-190.94,-267.97,355.68
-146.72,-86.668,17.734
-153.93,-211.19,310.77
-192.72,-201.25,270.71
-196.83,-294.62,427.48
-144.92,-84.78,21.084
-153.57,-167.34,225.5
-95.337,-87.258,-51.173
-181.98,-292.37,420.76
-125.2,-155,88.92
-163.84,-131.27,124.34
-203.72,-242.87,340.87
-146.32,-214.86,237.21
-101.71,-103.74,23.715
-192.55,-214.94,336.47
-167.85,-252.52,425.08
-173.58,-174.65,242.29
-151.55,-166.52,222.04
-165.22,-193,290.87
-155.09,-238.57,351.74
-142.97,-146.33,173.33
-191.36,-286.44,402.69
-144.95,-212.89,236.35
-151.01,-233.12,312.4
-169.46,-263.06,449.54
-155.89,-112.9,85.356
-150.18,-174.7,236.83
-210.49,-256.79,399.16
-118.57,-145.83,107.89
-160.25,-136.83,151.07
-153.81,-170.34,111.92
-197.55,-254.03,456.39
-157.81,-212.46,208.19
-162.2,-143.53,82.408
-169.58,-228.29,246.48
-195.02,-233.66,293.28
-171.17,-146.25,122.57
-113.49,-130.84,42.268
-166.93,-269.62,449.96
-146.27,-87.795,27.151
-159.26,-226.98,246.75
-155.82,-170.91,234.86
-142.47,-189.6,160.11
-147.31,-180.71,132.71
-124.03,-52.293,-29.558
-172.55,-209.54,206.76
-131.72,-54.623,-40.931
-165.38,-276.06,442.84
-136.33,-158.44,83.409
-143.69,-84.257,-18.872
-160.09,-249.4,318.39
-187.27,-255.18,460.99
-173.74,-151.52,139.86
-166.87,-138.07,138.41
-153.05,-120.61,34.274
-159.17,-258.43,378.13
-140.89,-80.636,-31.94
-192.03,-304.9,452.93
-197.04,-231.7,384.43
-179.3,-267.08,347.95
-128.63,-167.84,167.83
-189.78,-299.1,436.8
-102.04,-103.08,25.8
-138.8,-100.81,-19.436
-140.22,-201,209.89
-155.2,-245.6,333.59
-140.81,-172.09,215.48
-166.27,-210.41,331.95
-157.24,-122.25,113.14
-159.84,-246.91,386.49
-163.54,-258.87,342.65
-136.82,-130.86,25.519
-176,-255.91,317.69
-122.45,-84.78,40.883
-151.37,-196.3,278.9
-151.88,-99.896,50.059
-122.32,-152.94,92.102
-143.29,-169.19,215.83
-167.56,-276.6,460.93
-180.91,-170.97,207.18
-184.05,-278.67,379.82
-201.99,-266.57,371.61
-166.1,-273.89,449.3
-126.4,-150.56,72.597
-145.8,-84.487,-3.4607
-145.76,-195.76,263.42
-172.19,-212.32,212.12
-129.87,-98.118,69.977
-190.2,-197.89,277.86
-190.2,-205.11,307.66
-135.91,-65.254,-16.846
-163.57,-264.93,366.99
-126.84,-165.68,124.61
-158.84,-122.38,109.46
-197.18,-302.02,446.7
-124.43,-153.89,142.85
-175.03,-199.85,191.68
-120.71,-60.348,-8.4918
-152.12,-210.58,304.62
-157.62,-138.45,158.26
-112.93,-49.382,-30.701
-181.78,-294.32,426.97
-172.58,-249.1,299.88
-136.87,-192.83,215.76
-162.91,-211.72,205.62
-147.7,-162.55,210.03
-194.11,-254.97,461.14
-126.53,-84.346,41.46
-174.15,-151.78,148.03
-175.34,-284.6,404.64
-120.14,-146.11,74.16
-164.46,-274.62,411.99
-149.01,-201.25,281.1
-141.38,-158.35,82.267
-149.04,-187.31,258.24
-166.32,-165.18,119.7
-129.99,-73.825,17.894
-166.41,-194.81,295.86
-146.73,-168.35,219.9
-109.55,-74.197,12.046
-189.88,-245.85,304.32
-108.3,-111.62,55.075
-175.28,-221.34,366.23
-111.5,-125.91,72.81
-179.15,-239.62,415.4
-172.53,-150.3,161.79
-151.85,-234.09,324.17
-181.61,-280.35,385.11
-175.05,-196.36,185.63
-188.87,-205.12,311.48
-98.153,-93.604,-38.273
-172.75,-243.63,285.31
-177.64,-160.69,169.7
-110.44,-92.311,-56.455
-128.71,-171.89,144.34
-152.86,-215.3,314.21
-139.86,-70.69,-16.464
-162.09,-183.84,267.8
-124.76,-78.234,28.778
-205.04,-250.08,355.14
-128.11,-98.854,-36.813
-123.64,-77.617,27.372
-158.03,-127.64,55.022
-136.38,-84.92,-42.743
-141.28,-74.248,-7.5596
-102.76,-80.286,10.404
-167.79,-167.47,227.62
-115.96,-64.884,0.42034
-153.41,-111.34,87.541
-120.35,-94.49,56.71
-176.06,-203.01,199.01
-175.89,-282.61,397.18
-151,-137.74,159.01
-149.35,-114.5,103.05
-155.17,-215.98,219.67
-189.45,-212.46,335.04
-106.47,-110.38,47.293
-212.07,-263.83,411.77
-152.43,-229.88,329.52
-172.21,-184.73,271.24
-162.66,-223.23,354.04
-148.84,-212.39,219.05
-155.09,-234.63,279.68
-140.72,-136.71,152.49
-138.93,-196.79,197.36
-162.11,-219.03,344.35
-144.81,-135.46,40.361
-157.24,-215.34,216.12
-172.13,-264,343.11
-103.19,-103.09,-21.483
-167.18,-174.83,247.08
-199.73,-235.04,312.6
-165.23,-267.86,438.83
-183.36,-180.38,237.18
-161.63,-121.23,76.014
-133.34,-184.66,180.89
-210.33,-272.31,408.99
-165.3,-133.92,128.5
-188.19,-202.7,229.38
-147.69,-199.11,274.02
-198.47,-218.96,299.48
-180.07,-264.94,477.65
-90.19,-77.963,-31.261
-136.02,-114.37,-3.6508
-119.43,-115.79,88.532
-161.07,-183.28,265.88
-143.93,-210.32,265.88
-171.54,-167.26,223.4
-175.24,-191.13,287.09
-201.19,-228.58,318.51
-187.95,-211.53,334.62
-174.13,-152.96,163.29
