149.02,56.008,-0.13077
149.21,51.864,35.558
183.43,-18.971,21.431
261.91,-93.995,-49.869
127.04,23.785,31.16
215.08,-59.971,-29.502
120.89,75.443,45.771
371.29,-164.28,-76.785
246.61,-30.296,-21.409
393.29,-193.36,-43.02
326.16,-146.84,-21.191
266.4,-85.82,-51.851
244.67,-81.243,-0.55974
339.48,-180.4,-72.88
165,44.76,-0.55302
150.34,57.328,2.3874
84.08,57.018,31.259
155.17,57.847,20.863
157.83,53.036,4.1975
375.15,-169.71,-79.283
116.52,27.313,11.122
376.03,-175.69,-37.248
118.66,92.177,22.582
324.48,-118.54,-61.712
257.57,-39.442,-14.919
123.81,31.648,-2.6886
248.92,-93.059,-8.4665
313.32,-149.28,-66.16
224.97,-50.312,11.662
107.74,83.955,4.9854
309.95,-95.128,-22.757
168.15,37.998,-6.1819
268.87,-50.369,-18.98
154.98,-4.188,20.409
183.21,29.395,-3.1644
210.4,-63.031,-15.953
333.87,-164.69,-74.365
121.34,41.312,-4.2565
276.89,-65.941,-8.5185
270.97,-67.245,-44.996
381.6,-171.07,-43.233
116.39,87.035,43.41
157.33,55.937,10.647
209.98,2.9053,-13.522
117.45,93.252,32.944
277.7,-128.89,-38.614
257.2,-51.291,0.62199
314.08,-112.67,-16.506
143.11,3.6659,18.942
261.17,-109.96,-19.359
241.21,-74.341,-42.866
130.07,81.901,21.172
338.4,-123.82,-32.04
135.51,37.983,41.433
111.53,58.107,-1.8489
328.33,-147.19,-21.479
264.78,-68.591,-47.072
207.55,6.0003,-11.368
298.02,-146.24,-31.115
341.58,-192.97,-56.718
309.46,-160.77,-44.312
391.29,-180.56,-46.666
336.89,-186.71,-47.705
332.4,-125.29,-63.493
76.908,66.252,40.577
151.79,2.028,24.929
156.94,-10.266,12.762
319.56,-170.88,-51.322
135.03,76.192,28.995
337.32,-145.34,-23.283
159.72,53.883,18.035
370.76,-152.52,-61.499
216.7,-59.04,4.8555
115.48,87.004,10.017
250.65,-36.034,-4.2906
281.49,-126.93,-50.076
240.38,-33.224,-31.6
254.97,-92.907,-45.89
132.99,52.087,-6.4405
332.14,-128.52,-65.941
332.08,-113.3,-37.735
228.61,-16.645,-22.093
185.36,1.3482,-23.581
77.608,70.541,14.685
226.85,-78.801,-22.09
178.14,20.311,27.881
172.9,-4.124,27.168
99.769,58.004,3.4984
293.03,-74.051,-26.905
171.48,-6.204,-20.342
85.112,79.465,6.6854
342.5,-126.49,-56.827
320.29,-152.64,-69.477
379.44,-206.95,-41.589
146.99,12.896,-11.36
318.07,-98.823,-36.834
144.7,48.079,39.482
356.89,-191.26,-37.441
176.95,35.62,17.874
115.88,89.636,41.772
150.79,50.984,-3.7659
343.46,-173.94,-30.738
185.91,-39.237,-9.246
165.63,-17.352,12.455
233,-79.864,-6.0023
253.22,-35.381,-18.93
305.55,-90.966,-21.021
114.41,28.208,18.043
149.4,27.778,-13.597
355.55,-136.57,-46.418
152.07,57.002,3.6291
298.68,-149.61,-38.211
303,-118.82,-12.298
197.95,-45.763,-21.956
137.9,29.711,38.672
118.99,45.16,-3.7874
360.73,-210.73,-56.239
125.35,86.494,24.351
137.1,68.995,5.6307
112.64,98.421,28.267
193.85,-29.937,-27.062
349.23,-198.92,-67.3
223.98,-76.366,-16.611
175.06,-29.153,-4.1463
157.45,18.93,34.828
318.78,-152.53,-68.646
395.7,-176.69,-66.878
199.17,16.316,5.9741
239.68,-45,-39.16
105.5,101.7,19.949
183.84,-36.162,3.5731
355.92,-203.21,-49.261
277.28,-75.28,-4.3954
359.16,-210.54,-62.392
89.328,72.164,52.696
114.97,46.202,-1.9988
190.5,-41.764,3.1766
275.47,-72.041,-4.244
295.59,-108.15,-9.3694
386.94,-187.46,-86.976
167.26,20.903,32.84
155.58,41.95,-8.52
165.28,16.841,-18.014
215.61,-39.1,15.39
175.96,-24.7,-14.797
353.09,-182.39,-81.103
223.44,-25.601,-32.061
381.82,-212.27,-43.74
351.38,-132.09,-47.728
78.474,66.515,17.382
222.31,-10.002,-19.217
382.22,-196.53,-90.292
228.84,-21.22,-27.029
373.99,-188.46,-87.533
227.93,-74.531,-31.913
347.84,-148.12,-73.585
248.67,-95.521,-11.712
101.51,58.767,47.808
289.02,-80.391,-10.922
244.68,-90.582,-9.0067
294.73,-76.705,-35.824
116.19,36.316,1.0732
159.53,34.816,34.614
327.48,-115.14,-56.829
302.81,-109.74,-61.262
275.27,-60.944,-11.128
359.33,-210.72,-62.696
284.06,-119.75,-13.536
301.1,-141.45,-22.824
213.68,-60.568,-27.417
236.46,-41.069,-37.745
295.21,-141.65,-53.717
107.54,56.27,47.479
358.6,-199.74,-43.05
374.17,-154.91,-54.806
116.66,42.172,41.601
245.56,-84.276,-42.517
251.58,-66.296,-46.15
298.97,-106.2,-60.067
153.9,57.273,25.464
288.55,-128.7,-18.384
198.49,16.933,6.3366
241.87,-46.905,8.4268
293.17,-86.371,-11.36
111.82,98.742,25.361
200.78,11.464,12.412
194.68,-44.422,4.2862
342.97,-193.94,-61.475
113.75,29.128,21.641
345.04,-160.29,-26.456
344.52,-187.18,-39.719
336.85,-185.93,-45.981
322.89,-115.53,-60.065
389.23,-179.11,-45.559
134.2,74.429,33.74
115.79,88.446,42.933
331.68,-182.99,-55.371
257.68,-103.41,-13.444
317.54,-112.4,-59.945
313.01,-141.22,-19.349
348.96,-133.81,-36.262
247.34,-88.195,-4.7363
258.89,-63.231,2.8229
198.23,11.768,-13.142
334.43,-184.33,-61.802
185.57,28.525,12.798
199.76,-15.636,-29.067
351.49,-169.81,-80.524
344.05,-192.36,-67.929
133.51,33.983,40.127
238.52,-24.703,0.14759
327.47,-162.31,-71.294
152.89,-5.2105,16.577
195.19,-48.621,-8.6407
182.34,22.411,23.976
309.76,-111.24,-14.462
111.27,37.96,35.444
327.78,-178.31,-46.661
388.94,-186.72,-42.084
379.51,-197.2,-38.588
363.07,-173.63,-32.083
335.84,-160.03,-25.539
300.83,-99.039,-12.142
325.74,-159.7,-26.619
103.76,40.631,12.343
104.33,59.947,48.796
136.56,17.778,31.039
316.2,-99.462,-46.483
311.25,-161.29,-53.677
321.92,-126.96,-18.169
87.885,68.931,50.583
145.81,67.305,19.517
253.46,-104.99,-29.706
126.75,85.135,23.278
290.09,-84.085,-49.945
259.07,-78.44,1.8293
325.85,-171.11,-65.21
107.96,48.854,43.391
228.2,-37.823,13.126
252.03,-100.21,-14.957
324.62,-111.94,-25.558
170.79,-23.199,-8.5209
279.31,-70.153,-43.572
182.37,32.627,9.6291
324.94,-105.92,-42.565
214.78,-55.662,-31.833
286.47,-81.756,-8.2896
257.88,-68.157,3.3866
256.11,-38.103,-19.411
315.25,-133.23,-16.851
253.52,-39.758,-4.0303
126.18,61.758,-3.1156
211.92,1.2289,-13.846
268.53,-51.531,-28.578
376.95,-188.65,-36.871
271.06,-112.32,-13.36
231.89,-77.697,-4.2411
272,-53.333,-21.592
202.5,-26.289,19.715
327.07,-120.94,-62.453
164.39,15.135,-18.194
307.12,-90.18,-24.805
137.72,55.088,-4.9109
144.3,7.6282,-6.4525
377.8,-180.51,-37.34
154.77,50.373,31.639
176.74,-8.5501,-22.455
327.18,-121.99,-63.176
167.46,24.33,32.534
142.07,24.621,-11.313
239.08,-30.942,-30.239
371.05,-190.2,-87.257
158.83,-8.5039,18.327
306.54,-91.77,-21.563
320.55,-150.61,-22.76
224.33,-9.2659,-15.131
141.9,16.486,-9.2873
215.47,1.1741,-4.3793
92.028,68.944,5.0382
291.08,-140.34,-30.759
322.02,-144.04,-20.16
376.11,-190.01,-36.811
101.73,53.128,4.0034
363.77,-214.17,-58.424
296.58,-80.56,-19.936
256.93,-84.42,-48.834
178.98,-26.929,12.842
280.09,-113.6,-55.626
242.68,-32.612,2.6213
177.37,-29.94,-9.7297
214.13,-10.236,14.855
388.01,-168.72,-61.615
339.65,-190.96,-58.188
312.73,-117.34,-63.72
313.31,-99.975,-22.344
370.02,-213.56,-49.272
330.98,-173.82,-35.3
312.13,-94.065,-28.815
335.8,-162.68,-26.527
343.06,-183.68,-37.316
271.51,-121.14,-24.796
129.19,66.959,43.362
298.35,-93.603,-12.235
300.95,-138.61,-61.369
231.37,-15.458,-1.538
105.31,80.995,52.494
245.01,-96.212,-19.411
195.95,4.0377,21.921
241.9,-77.25,-42.53
313.97,-143.6,-67.804
399.82,-180.53,-64.259
238.83,-90.276,-17.776
388.76,-177.21,-78.52
204.41,11.557,2.994
289.04,-129.89,-55.86
147.48,0.39871,-3.2057
365.07,-212.41,-52.439
109.76,33.485,25.503
318.13,-158.83,-65.775
169.18,6.0531,-20.222
96.368,79.211,3.5004
357.99,-189.93,-82.347
300.39,-88.004,-47.515
332.92,-182.85,-46.613
100.37,94.624,9.5346
159.85,9.0323,31.677
233.63,-85.451,-17.221
287.72,-120.77,-58.308
135.2,72.982,9.184
331.16,-178.55,-64.766
236.44,-25.382,3.6589
130.26,16.476,24.282
108.45,90.728,9.6658
293.46,-89.46,-52.538
274.14,-110.04,-52.956
134.31,17.369,-3.4613
188.25,-13.492,-26.446
130.93,58.145,44.254
334.09,-150.75,-74.39
125,72.73,44.05
89.417,54.468,36.55
166.07,16.226,32.974
190.88,-38.961,8.1742
222.4,-64.829,-33.361
359.36,-195.55,-81.695
267.26,-74.501,-49.312
169.08,-22.163,-6.7164
269.08,-97.584,-52.784
200.41,-51.566,-0.65045
373.02,-190.72,-36.387
368.85,-214.5,-79.442
298.04,-147.36,-50.73
332.55,-139.12,-71.219
222.03,-12.502,-22.6
266.97,-67.222,-0.47718
316.38,-157.12,-28.355
211.42,-16.992,18.265
278.74,-129.85,-39.357
353.58,-203.18,-52.802
317.44,-160.3,-30.716
367.74,-196.87,-38.333
245.29,-87.437,-40.692
306.27,-92.222,-47.444
281.05,-74.001,-7.5113
380.81,-210.67,-43.111
97.963,64.305,2.985
295.96,-147.3,-43.45
173.61,-8.4919,25.201
349.98,-158.74,-77.893
280.4,-63.98,-15.558
259.45,-106.74,-40.914
91.264,50.234,28.753
216.64,-5.3099,-18.406
262.67,-96.432,-49.745
398.96,-180.19,-60.253
246.98,-29.749,-8.7446
320.16,-163.33,-31.965
326.43,-157.58,-25.299
279.96,-115.45,-12.006
365.32,-157.05,-73.719
119.62,32.637,0.25751
325.82,-146.35,-21.036
331.31,-123.62,-62.658
157.09,-8.695,-6.3716
380.16,-215.45,-45.908
146.81,59.004,1.5502
169.04,1.4553,-20.192
331.74,-124.66,-24.436
389.19,-169.97,-59.568
104.28,37.971,18.214
384.73,-165.44,-60.459
303.76,-86.448,-24.424
240.07,-66.821,-43.323
332.06,-114.22,-49.405
191.02,23.439,-2.1554
325.19,-168.64,-66.435
393.08,-174.42,-57.827
201.36,-24.084,-30.601
198.17,6.8287,19.143
329.3,-171.01,-33.628
374.47,-192.53,-36.953
269.83,-92.005,-2.52
327.89,-168.96,-32.564
212.92,-9.9009,15.602
357.07,-156.41,-30.884
223.29,-62.892,-35.075
171.19,3.2047,29.726
109.91,98.106,19.52
293.41,-79.837,-16.006
323.23,-168.3,-35.143
311.32,-155.35,-61.325
100.18,94.609,9.4711
207.64,-39.42,14.988
231.08,-24.684,8.4612
274.85,-115.68,-51.111
351.67,-177.11,-80.919
156.07,57.471,12.936
144.11,37.537,40.057
95.827,50.029,37.16
387.88,-207.12,-41.766
199.55,13.735,-8.6019
326.9,-168.64,-32.843
182.84,9.5516,27.604
287.06,-68.079,-26.882
88.649,88.464,6.3048
90.918,87.999,5.9428
243.76,-80.509,-0.36112
365.98,-193.93,-85.626
112.44,82.177,4.9943
199.56,16.325,-0.062384
268.25,-60.642,-41.086
282.42,-133.87,-37.136
102.99,86.519,5.5461
238.08,-72.881,-41.449
163.62,49.079,5.6291
303.65,-138.09,-63.346
190.62,22.351,-5.5283
281.45,-131.54,-29.411
389.26,-170.46,-56.746
198.4,-25.38,-40.33
173.96,11.721,-36.172
340.08,-105.66,-54.018
206.09,-21.568,-46.334
127.36,88.198,27.914
106.87,83.542,-14.48
240.96,-74.247,-26.698
347.77,-181.35,-64.797
171.15,-4.7939,-27.352
106.57,90.429,-13.087
189.79,26.03,9.3169
321.78,-89.334,-62.995
223.68,-14.116,-0.022424
239.02,-56.037,-10.699
254.3,-22.72,-39.894
351.17,-130.87,-44.306
152.04,17.783,-24.693
376.65,-151.88,-54.93
186.59,-23.065,-11.499
226.29,-62.814,-30.436
224.35,-59.371,-39.641
175.3,46.716,-23.002
241.78,-61.141,-56.965
249.01,-59.429,-11.163
290.22,-120.27,-39.271
223.54,-21.543,0.095905
153.51,15.845,-24.828
348.99,-142.57,-92.116
315.56,-91.789,-33.743
151.63,76.006,9.6038
250.81,-77.918,-56.4
246.67,-78.877,-50.503
185.83,45.078,-8.7053
380.12,-181.22,-52.996
228.54,-15.054,-2.1615
124.35,36.661,-8.3908
94.444,67.921,24.63
307.02,-100.56,-27.391
207.03,-42.666,-18.124
375.53,-147.78,-56.502
296.26,-71.809,-27.689
379.14,-158.21,-95.243
234.85,-70.997,-32.418
276.79,-98.263,-67.72
346.29,-175.55,-57.368
356.76,-142,-91.377
117.44,106.24,23.862
135.63,71.579,28.005
310.88,-145.27,-54.272
239.96,-7.5383,-20.162
225.32,-61.602,-28.376
256.93,-23.215,-28.587
115.94,43.225,-2.6487
295.52,-70.402,-27.825
371.08,-169.53,-49.5
211.83,19.847,-20.904
280.6,-113.59,-40.593
287.04,-58.86,-27.285
162.29,38.937,-30.57
119.73,98.656,28.441
375.93,-146.9,-86.634
178.7,-17.19,-16.768
119.8,106.74,8.176
371.45,-194.2,-99.226
261.65,-64.155,-13.184
271.82,-51.483,-59.069
194.19,-12.37,-42.109
234.96,-5.0032,-35.352
397.28,-186.31,-58.08
256.81,-89.394,-53.097
375.04,-200.62,-63.234
82.405,74.236,9.7307
369.05,-183.39,-100.75
328.06,-135.26,-36.872
304.53,-120.01,-32.302
287.69,-67.742,-22.874
228.2,2.8639,-14.143
203.76,-34.832,-9.3698
329.81,-99.46,-69.201
318.06,-90.163,-37.2
115.01,55.792,-14.498
255.97,-46.065,-59.316
212.36,-7.7261,3.8588
122.98,38.955,12.277
146.88,27.765,-25.481
281.95,-47.825,-43.932
260.01,-72.891,-15.898
173.51,56.238,-8.8779
238.67,-74.239,-41.772
116.68,95.807,-9.4551
281.19,-115.11,-58.587
395.06,-159.92,-76.841
311.48,-89.057,-71.151
377.39,-160.74,-97.361
308.71,-133.89,-40.35
168.48,2.7508,6.0499
353.56,-126.69,-81.481
200.62,-17.969,-44.3
379.45,-187.3,-104.71
116.01,107.86,23.917
273.9,-93.26,-24.085
324.3,-142.43,-84.805
319.5,-84.416,-51.915
283.89,-107.42,-69.229
364.54,-143.84,-90.45
91.284,79.727,-7.6479
235.18,-6.4545,-37.433
378.63,-167.88,-100.63
113.81,50.314,19.216
373.31,-140.24,-79.306
244.65,-47.767,-7.6172
376.72,-149.58,-89.064
331.38,-100.54,-69.016
327.13,-97.839,-69.708
119.44,43.471,-9.9593
282.81,-81.57,-19.657
199.47,22.434,-32.036
255.41,-78.856,-20.569
166.85,62.672,1.5276
314.58,-149.57,-66.794
168.16,52.526,-21.658
369.46,-134.94,-64.163
203.45,-36.742,-12.267
397.81,-166.47,-90.805
309.22,-87.803,-30.557
373.28,-206.46,-72.582
321.08,-115.31,-82.845
105.29,89.206,-13.268
153.31,75.441,5.7757
403.94,-168.88,-78.788
245.88,-79.529,-48.161
234.11,-18.944,-4.2992
313.53,-143.07,-46.57
177.43,43.989,10.313
147.1,13.012,-4.8778
119.15,57.341,27.526
140.44,41.781,-25.247
270.18,-76.294,-16.931
146.14,61.607,24.679
157.78,14.862,11.135
123.19,92.693,28.949
216.43,-7.1344,-46.068
113.17,106.98,28.852
146.45,13.546,-5.7235
203.09,-14.407,4.1047
297.52,-93.904,-24.349
133.6,52.843,-23.321
263.25,-31.243,-42.513
253.44,-31.244,-12.897
358.99,-193.89,-72.362
322.54,-89.886,-62.847
184.04,32.663,10.743
248.17,-25.962,-11.273
375.22,-193.19,-102.12
195.32,7.6158,9.3585
279.41,-87.359,-70.83
333.58,-167.39,-60.5
196.93,-32.407,-31.78
138.49,49.066,-24.874
153.97,9.0218,1.161
128.3,58.27,28.693
87.748,69.217,16.183
157.37,3.4949,-13.754
350.17,-178.04,-89.065
159.44,1.6565,-6.548
278.25,-54.82,-58.901
97.053,60.275,6.1675
286.19,-60.728,-59.832
191.01,-25.886,-10.001
281.78,-84.429,-19.985
386.04,-152.24,-81.836
310.9,-142.2,-48.084
291.61,-76.022,-22.968
183.98,-21.67,-23.379
298.71,-67.389,-56.998
228.61,-37.501,-3.7258
123.22,62.699,30.2
245.59,-19.531,-44.71
147.59,12.696,-10.112
268.6,-102.8,-39.011
145.41,14.869,-2.5923
268.13,-99.391,-33.29
257.29,-23.453,-33.302
360.13,-187.78,-60.227
208.57,23.3,-17.779
323.34,-142.14,-40.569
255.16,-90.666,-38.263
140.56,87.743,4.964
299.97,-94.607,-75.803
270.02,-36.368,-30.653
222.34,-58.475,-26.314
364.65,-166.24,-47.842
282.65,-84.427,-71.46
264.46,-96.446,-56.297
232.39,-63.709,-20.375
371.04,-183.5,-53.431
289.16,-109.42,-29.891
179.38,-1.7795,6.9528
150.43,57.737,-23.873
355.04,-181.47,-91.71
202.18,22.931,-29.681
157.84,9.5945,-24.639
246.71,-17.241,-16.54
261.4,-32.225,-20.43
169.19,59.553,-10.137
253.31,-64.991,-62.025
175.61,38.851,14.086
87.453,76.555,29.34
120.35,101.97,-1.2775
169.4,3.3086,6.9829
148.5,55.744,-24.893
86.692,69.783,11.8
106.03,57.691,21.783
263.87,-30.879,-40.296
175.72,50.729,6.2463
104.36,108.78,-4.5247
243.72,-21.423,-9.9491
370.97,-178.96,-51.683
177.27,25.288,-35.215
209.12,-0.4638,4.7326
195.05,-27.586,-7.958
383.29,-148.74,-68.998
273.15,-75.948,-68.395
348.94,-176.3,-89.016
336.8,-140.87,-90.058
130.37,44.133,22.34
139.01,89.231,6.5859
300.16,-111.32,-28.832
370.71,-156.76,-96.513
342.82,-111.77,-72.585
201.12,-35.536,-34.58
164.78,26.997,-33.155
368.35,-194.1,-96.645
340.27,-128.82,-38.782
131.11,48.084,24.772
107.89,98.019,36.752
301.6,-85.096,-26.495
351.95,-183.04,-86.708
279.85,-55.143,-58.33
375.44,-146.69,-86.811
259.96,-74.335,-16.562
320.56,-130.81,-35.392
220.44,-48.014,-11.737
347.13,-115.7,-73.448
310.45,-113.6,-29.795
133.86,43.947,-22.456
161.91,52.324,18.307
192.39,35.521,0.081393
206.93,-10.431,-46.466
197.59,1.9615,-42.811
256.16,-47.249,-59.772
153.34,72.441,-9.4858
344.21,-153.12,-92.75
379.21,-170.72,-101.68
399.52,-176.63,-100.68
352.34,-117.25,-61.721
300.46,-81.401,-69.783
117,41.49,0.20917
340.21,-111.52,-74.907
206.55,6.453,4.8831
222.44,-56.602,-40.713
359.93,-145.5,-92.618
208.36,-25.724,-46.761
367.93,-178.96,-51.772
194.67,16.87,-37.53
130.83,92.761,20.818
160.68,4.0905,1.5033
121.05,75.076,-18.127
158.66,70.773,0.60671
350.66,-143.09,-92.314
339.2,-107.88,-47.724
341.04,-108.53,-50.034
365.49,-135.17,-55.422
223.36,-34.972,-2.8872
170.46,42.955,-28.029
233.67,-12.219,-44.781
132.63,46.705,-22.395
328.51,-95.346,-46.98
120.76,81.995,-16.002
147.8,12.52,-10.333
346.38,-118.15,-47.022
335.55,-100.43,-57.241
210.25,1.9368,3.8819
172.47,22.978,16.098
233.08,-6.9931,-9.2435
397.53,-171.34,-62.87
125.15,70.893,-19.504
357.29,-176.56,-95.675
132.52,91.781,-3.2365
290.22,-100.24,-25.013
374.65,-139.75,-67.597
298.45,-132.71,-49.639
260.82,-38.8,-53.948
399.12,-164.15,-76.449
389.63,-178.85,-55.472
220.37,-8.2402,-46.117
253.57,-20.428,-25.332
351.9,-174.5,-52.887
181.15,11.884,-38.394
231.51,1.0928,-19.389
278.02,-66.264,-17.883
352.41,-179.76,-90.196
216.3,-51.268,-20.404
201.87,-32.802,-8.5001
123.12,104.07,13.448
363.95,-162.13,-98.381
378.41,-160.01,-52.947
133.36,47.958,24.997
316.98,-106.66,-79.883
156.97,15.743,11.484
244.14,-31.731,-54.163
253.97,-76.559,-19.415
185.75,13.153,12.205
372.16,-151.31,-92.932
364.43,-167.48,-48.079
373.4,-192.62,-57.822
200.8,20.281,-33.265
326.04,-135.45,-36.94
81.493,81.085,0.092443
354.17,-167.74,-95.805
225.17,-51.432,-48.897
169.93,17.177,14.799
262.59,-87.353,-61.565
254.31,-28.558,-15.303
203.71,-20.051,1.8248
186.88,39.346,3.6155
316.52,-138.04,-81.104
344.06,-174.38,-84.86
389.79,-172.27,-56.575
154.36,65.559,-17.247
146.76,31.584,-26.538
269.12,-104.28,-42.302
172.66,28.896,-33.96
104.81,65.287,28.439
135.42,33.915,16.507
112.34,54.951,23.237
239.34,-73.791,-44.826
215.51,1.803,0.88424
243.73,-59.848,-58.341
335.9,-130.05,-87.847
150.36,21.752,-25.454
133.04,41.765,21.585
391.06,-157.26,-83.542
142.65,85.679,3.1383
279.65,-56.513,-21.616
298.57,-120.44,-34.223
212.85,-16.284,-48.415
178.49,49.828,-15.351
259.94,-87.779,-58.81
304.17,-119.51,-78.595
227.79,2.7842,-31.273
394.22,-186.13,-56.929
317.12,-152.65,-62.155
199.53,28.708,-2.1994
241.39,-32.625,-5.6698
115.89,107.25,1.8009
170.28,58.931,-9.2216
129.37,96.297,0.77102
88.71,76.828,-4.1296
305.36,-134.4,-43.18
234.77,-48.828,-55.744
302.73,-105.02,-78.318
113.65,65.19,30.67
184.1,-16.407,-3.5046
138.22,79.691,-13.074
124.72,72.501,-19.084
86.164,76.561,28.359
327.55,-162.09,-60.45
325.57,-98.913,-38.814
277.77,-63.538,-18.149
232.31,-7.8082,-41.507
362.87,-189.34,-59.948
326.96,-100.8,-73.145
389.4,-157.24,-86.551
241.95,-74.77,-26.238
176.61,51.893,-14.119
284.58,-54.707,-54.165
350.75,-168.17,-49.05
334.75,-103.66,-45.945
392.49,-165.45,-61.732
157.37,14.495,-27.41
335.55,-130.44,-37.111
376.6,-194.79,-58.272
366.51,-143.38,-89.291
376.45,-154.19,-93.35
152.56,44.654,22.863
232.44,-37.432,-3.942
127.07,43.375,-17.816
205.69,-3.2371,5.966
107.69,80.173,-14.989
379.86,-164.94,-99.13
277.19,-65.378,-17.616
99.416,70.065,-9.3736
136.74,86.346,19.918
302.29,-77.657,-29.774
314.03,-90.288,-70.949
132.82,92.773,-0.95056
95.121,77.706,-9.4192
290.73,-123.82,-44.296
264.97,-83.247,-20.355
355.35,-190.65,-79.087
397.02,-171.87,-97.894
230.45,1.8224,-17.83
281.91,-78.134,-19.088
207.36,-36.195,-8.2257
189.06,3.9717,-40.984
362.23,-197.77,-78.041
113.87,103.22,30.916
365.75,-131.03,-71.781
146.97,13.189,-9.2538
291.75,-83.968,-22.232
316.15,-81.814,-45.771
106.36,52.819,-1.1448
106.86,60.237,25.11
173.11,47.613,-23.459
179.43,51.142,-6.8832
185.3,-20,-7.4201
171.8,2.4144,7.3042
165.74,-4.8122,-12.614
266.96,-53.941,-61.695
119.09,107.86,14.623
225.09,-23.709,-0.46405
241.51,-10.982,-36.892
276.92,-71.893,-17.34
111.22,65.089,-15.22
387.9,-173.03,-101.88
171.86,4.5243,8.8198
145.09,73.777,-14.771
212.39,-46.919,-17.899
133.08,67.689,-20.878
237.86,-59.5,-54.983
278.41,-45.729,-46.929
255.95,-31.211,-15.108
260.57,-43.762,-13.135
139.1,83.185,20.114
328.53,-114.85,-82.33
313.1,-91.486,-31.937
229.12,17.458,-28.527
185.88,-4.6261,-44.956
240.22,-1.498,-60.154
183.27,31.688,-52.51
364.38,-155.12,-113.92
290.97,-80.386,-38.077
344.34,-156.49,-69.592
106.8,83.627,16.505
294.94,-64.791,-38.217
277.5,-92.019,-49.614
138.9,50.29,4.243
121.81,120.29,2.4039
240.91,-1.0893,-24.592
302.71,-52.078,-62.989
334.72,-88.329,-59.646
206.9,38.659,-21.247
383.65,-167.7,-119.74
223.73,-31.955,-24.168
300.54,-61.693,-42.744
159.46,82.764,-4.6059
406.81,-173.94,-76.572
189.16,-10.919,-39.78
335.93,-106.94,-99.443
267.75,-48.66,-28.785
171.62,13.664,-11.025
311.63,-60.84,-65.41
296.73,-104.54,-49.312
295.77,-55.234,-42.078
156.85,38.058,1.4243
242.27,0.63255,-27.346
238.15,-21.481,-19.223
234.85,-53.165,-58.802
293.47,-74.419,-88.521
192.76,33.886,-4.825
119.76,122.43,-5.7595
266.31,-32.241,-72.893
134.3,41.972,-24.215
156.1,44.843,-44.897
214.88,-3.0229,-63.554
122.79,86.655,17.692
251.24,-41.367,-24.863
294.98,-55.698,-79.011
326.94,-75.999,-68.738
176.41,66.616,-9.7469
271.66,-57.895,-30.826
250.52,-70.177,-50.178
187.27,56.435,-33.899
215.63,-30.748,-57.214
250.63,-56.659,-73.423
198.5,-19.333,-31.103
324.2,-109.69,-48.422
185.94,46.3,-45.844
134.58,108.52,-2.5569
205.38,-14.818,-57.828
374.94,-190.26,-108.77
378.4,-196.1,-106.48
262.78,-13.015,-48.596
366.79,-178.1,-109.56
216.15,21.941,-16.117
270.19,-68.136,-34.119
404.84,-155.45,-87.88
242.95,-15.004,-20.96
241.64,-57.158,-38.057
251.73,-16.581,-25.591
150.46,92.397,-19.532
239.84,-12.878,-19.826
201.97,-3.3908,-59.201
392.04,-141.12,-89.213
128.23,89.837,16.341
387.85,-147.82,-109.99
107.22,84.291,-28.386
219.98,-34.016,-59.425
172.2,56.115,1.1829
290.24,-39.833,-54.325
129.68,45.433,-19.999
181.18,-3.1584,-37.655
384.29,-170,-68.846
277.28,-29.176,-43.869
376.96,-188.35,-79.838
386.12,-179.18,-121.32
122.62,120.14,-1.8115
331.88,-95.948,-94.132
332,-151.6,-84.42
178.17,11.03,-9.8984
287.15,-39.196,-65.608
363.2,-134.04,-108.62
291.79,-110,-76.203
259.51,-78.808,-52.547
242.38,-22.965,-20.389
299.56,-119.29,-71.972
169.68,62.797,-39.849
380.39,-133.81,-75.274
148.35,48.709,-42.069
150.86,83.597,-31.332
385.91,-164.49,-119.24
250.8,-65.095,-39.801
318.79,-100.24,-97.218
351.48,-166.58,-101.06
300.75,-55.001,-74.139
313.64,-80.714,-89.823
170.93,74.17,-13.298
105.82,80.723,14.3
317.05,-90.502,-45.217
260.9,-19.47,-65.008
207.86,32.644,-15.378
288.71,-103.06,-80.657
236.51,-10.052,-66.703
321.69,-95.779,-46.746
202.37,-20.778,-27.481
92.454,80.389,-8.1431
228.5,-34.472,-24.233
181.55,2.4184,-46.577
218.02,-7.5137,-13.57
217.01,-33.906,-55.799
145.87,95.127,0.31795
360.05,-132.2,-108.14
148.15,28.12,-26.445
304.04,-64.013,-44.494
284.19,-92.963,-45.827
151.06,92.132,-18.925
120.89,70.414,12.039
314.3,-93.108,-44.249
283.52,-54.543,-81.635
368.53,-141.45,-111.35
269.79,-20.393,-54.832
383.76,-163.77,-67.874
161.96,68.004,-38.845
117.75,76.774,-32.211
128.66,106.87,-21.874
338.27,-120.33,-103.96
242.85,-32.446,-21.908
159.88,17.561,-31.946
374.67,-127.01,-96.54
237.48,-4.6319,-20.34
106.83,92.546,20.597
137.76,73.819,13.089
342.49,-95.719,-87.01
133.98,109.47,-7.1385
286.01,-60.032,-34.777
144.31,89.672,7.0895
362.89,-168.85,-70.371
284.03,-98.192,-51.417
347.12,-148.5,-62.057
182.69,26.217,-2.1446
397.54,-169.31,-120.69
280.91,-78.877,-37.787
292.73,-47.371,-71.833
247.94,-2.7383,-55.49
346.84,-137.77,-107.97
132.39,110.63,-9.4468
115.96,65.561,-26.377
257.79,-35.559,-75.563
317.42,-105.16,-97.792
152.42,32.738,-39.083
127.85,54.795,-30.461
227.84,20.24,-40.068
257.81,-76.86,-51.037
203.03,5.4864,-9.033
250.61,-3.2173,-35.449
252.76,-3.3817,-45.865
142.99,35.928,-8.0916
235.24,-2.8223,-63.107
316.75,-91.046,-94.333
378.59,-130.91,-97.834
189.93,11.12,-7.0825
318.13,-84.284,-46.779
179.63,23.394,-52.507
169.96,34.853,1.0411
384.84,-157.45,-116.75
329.97,-146.51,-70.708
204.9,36.671,-44.11
246.21,-2.5514,-29.199
310.73,-74.638,-44.99
364,-120.71,-66.714
148.06,85.486,-31.097
304.92,-84.942,-92.166
232.6,12.932,-27.658
238.71,-22.094,-70.652
249.09,-47.187,-26.971
347.64,-101.74,-90.034
191.7,19.812,-55.947
319.54,-107.8,-47.454
131.79,91.295,-32.157
142.5,33.577,-25.018
170.19,46.248,2.9838
349.26,-121.06,-56.262
366.57,-184.97,-100.99
203.58,22.54,-55.546
353.24,-167.12,-102.9
295.9,-108.53,-53.639
326.84,-82.78,-85.264
320.08,-112.39,-48.825
280.22,-98.826,-71.483
250.45,-42.489,-75.575
401.71,-172.44,-74.181
299.66,-59.495,-43.133
232.64,-22.954,-18.662
295.28,-93.086,-42.604
253.93,-34.709,-75.141
240.81,-15.462,-68.648
366.46,-183.39,-103.76
188.12,46.399,-44.923
363.56,-177.94,-78.805
383.56,-195.93,-83.13
274.41,-25.805,-59.248
156.12,88.685,-14.095
343.64,-132.86,-55.877
371.36,-123.23,-94.564
136.27,101.22,-22.558
173.33,49.452,1.8185
366.6,-116.35,-77.142
174.67,53.292,0.51529
261.14,-58.043,-30.564
379.14,-191.3,-113.14
208.59,38.163,-35.87
291.64,-65.258,-85.541
261.85,-24.565,-29.641
120.94,109.38,-23.767
280.81,-64.599,-84.851
147.98,29.341,-13.406
199.44,46.586,-33.863
128.66,47.541,-7.3144
402.08,-162.31,-77.459
226.98,-29.874,-66.839
211.33,-23.685,-58.041
338.64,-138.33,-104.58
402.7,-157.09,-81.826
119.21,65.533,-29.366
341.88,-150.07,-64.979
231.3,-45.38,-32.409
118.67,61.678,-26.14
346.18,-95.946,-70.275
133.67,41.382,-14.186
173.65,27.223,-50.476
383.74,-134.51,-96.454
349.74,-134.61,-56.966
132.94,108.77,1.8063
352.37,-144.66,-59.77
334.99,-114.3,-102.17
211.35,0.91324,-10.993
248.49,-36.17,-23.358
369.86,-187.96,-102.76
276.96,-90.65,-48.357
330.11,-135.61,-58.906
238.72,10.097,-38
179.14,51.364,-44.594
205.07,2.2655,-10.034
199.38,47.792,-27.597
111.47,108.28,-26.674
143.9,94.541,3.8263
265.62,-73.523,-77.472
346.46,-95.578,-73.668
259.48,-76.461,-46.964
199.16,40.715,-12.389
231.55,8.9689,-22.28
121.81,120.84,-4.0836
299.28,-60.416,-42.342
222.69,-41.054,-35.43
370.64,-137.44,-109.02
133.74,103.6,7.5009
394.35,-174.52,-122.54
286.72,-79.427,-87.651
218.45,17.712,-15.769
267.37,-17.455,-50.071
229.33,18.086,-30.509
140.35,35.144,-22.318
298.33,-51.269,-71.297
267.85,-17.964,-47.67
93.415,82.121,6.982
311.7,-99.064,-44.581
241.48,-61.945,-50.957
301.53,-63.388,-42.746
380.01,-138.06,-71.207
97.803,78.544,-16.569
385.53,-134.67,-91.052
214.82,29.02,-20.64
267.8,-29.207,-70.094
400.13,-183.86,-73.867
213.63,26.308,-49.268
376.11,-183.38,-75.845
360.59,-180.26,-91.272
194.38,48.861,-14.497
160.07,28.694,-3.7093
208.71,-10.166,-14.689
168.96,67.794,-35.921
373.67,-169.83,-116.94
114.21,122.46,-14.891
151.36,91.55,-19.826
132.56,109.05,2.0845
209.13,12.505,-59.282
298.46,-98.13,-90.982
138.73,52.739,-37.886
393.73,-169.06,-120.84
206.98,7.6511,-60.477
120.5,117.34,-15.819
315.68,-100.09,-96.756
285.13,-64.366,-34.459
274.39,-32.701,-69.577
365.33,-148.9,-113.44
190.52,7.8388,-8.4963
217.88,-21.74,-63.711
128.48,50.397,-2.193
280.81,-31.906,-61.013
256.98,-26.059,-71.536
119.34,95.234,-31.244
280.1,-99.305,-69.64
318.56,-68.187,-61.685
143.89,95.682,2.6237
278.89,-66.715,-84.784
288.85,-39.144,-61.817
207.6,22.421,-54.891
230.31,17.796,-41.258
366.06,-185.57,-91.395
319.05,-110.42,-98.569
113.85,69.418,-26.995
310.91,-77.515,-44.229
406.06,-155.06,-95.875
372.63,-150.21,-114.43
177.95,23.691,-51.903
312.74,-70.637,-82.545
328.1,-77.179,-70.228
132.87,86.157,14.824
293.19,-89.651,-89.641
119.84,79.469,-33.362
354.22,-123.45,-58.304
157.76,52.758,-44.918
160.15,63.796,5.7904
108.52,119.85,-20.724
239.32,-49.42,-31.261
274.33,-32.776,-69.696
191.41,22.898,-4.105
152.89,90.463,-5.5005
211.28,-17.621,-60.891
168.09,62.299,1.802
241.15,5.4386,-31.568
346.46,-157.52,-102.84
256.71,-43.489,-25.924
157.57,18.581,-23.798
387.95,-149,-72.257
136.8,48.091,-34.446
288.97,-107.79,-61.874
290.17,-67.308,-86.325
374.87,-123.92,-86.633
309.69,-95.849,-43.639
165.07,77.66,-26.371
237.13,-46.675,-29.998
236.06,-38.022,-69.959
325.02,-140.52,-91.642
395.01,-148.99,-79.637
238.35,-51.374,-65.75
289.12,-62.238,-84.477
350.71,-127.96,-106.89
309.01,-128.73,-75.184
162.43,75.339,-0.49225
256.88,-64.381,-35.306
173.67,14.586,-9.0415
191.64,50.205,-38.633
240.27,-48.085,-29.708
217.98,0.99354,-12.424
233.07,-0.83082,-62.461
381.06,-164.91,-118.83
321.3,-124.38,-54.3
142.7,86.144,-32.7
316.02,-76.642,-86.144
351.54,-149.08,-109.28
399.07,-150.23,-102.54
197.85,9.8311,-58.352
233.81,-53.856,-54.441
341.06,-138.29,-105.76
346.21,-164.93,-93.217
357.49,-147.31,-60.74
217.42,-36.35,-34.453
280.56,-98.777,-72.504
379.53,-179.46,-118.41
224.44,-36.636,-27.876
272.72,-24.038,-43.834
312.85,-109.19,-47.912
139.65,98.201,-23.441
168.96,8.7739,-34.508
224.1,-42.358,-35.793
120.23,94.999,-31.343
359.06,-141.61,-111.12
386.11,-135.16,-87.422
319.37,-102.85,-46.442
114.18,106.58,20.464
186.41,27.879,-53.702
250.57,-1.4488,-46.69
210.2,-11.902,-15.329
251.84,-12.78,-64.023
287.63,-107.2,-64.692
343.32,-152.45,-102.93
290,-43.828,-69.703
373.94,-125.01,-76.485
110.94,96.281,-30.091
105.49,67.662,-8.3598
136.15,66.67,11.813
357.18,-176.49,-94.78
288.88,-38.536,-58.77
225.82,-39.853,-30.336
344.84,-153.34,-103.78
225.37,22.951,-34.431
133.46,108.23,-14.447
376.37,-128.23,-75.965
276.85,-95.538,-57.168
211.68,19.017,-55.918
185.66,9.1282,-53.247
349.61,-113.37,-99.941
404.84,-162.03,-80.212
144.99,32.181,-28.334
282.12,-51.408,-80.291
273.42,-40.542,-76.091
261.09,-30.788,-73.286
248.14,-68.151,-57.599
323.28,-123.82,-53.495
359.6,-176.65,-81.715
176.68,60.795,-38.086
132.18,89.03,14.833
392.74,-152.15,-74.721
327.94,-79.637,-59.912
358.4,-107.63,-82.452
219.82,24.792,-45.476
278.31,-30.42,-62.4
102.27,70.682,-6.9108
361.6,-176.52,-78.883
314.1,-112.25,-49.159
190.32,30.781,-3.4704
248.07,-68.156,-57.156
309.42,-105.07,-95.199
154.59,76.861,5.3954
321.75,-124.83,-98.082
316.8,-135.03,-84.523
338.59,-133.9,-56.219
367.97,-186.79,-100.31
130.75,90.791,-32.528
277.86,-85.515,-81.61
312.69,-66.138,-52.485
166.93,66.193,1.0433
315.95,-71.569,-81.16
133.43,10.533,86.188
116.65,-7.9594,112.02
150.91,-72.7,80.039
250.96,-128.74,19.042
98.168,-24.919,86.133
201.32,-95.459,32.94
87.726,15.661,120.25
357.52,-207.05,7.1247
226.37,-81.054,66.186
359.96,-252.11,27.934
292.19,-203.3,41.032
256.15,-121.94,23.261
213.01,-133.66,56.809
327.06,-214.54,-10.287
147.31,-3.2196,86.701
133.46,10.297,89.315
61.446,15.098,85.405
129.04,1.8298,105.86
139.05,3.8728,91.594
361.9,-211.74,4.0633
98.453,-10.805,68.093
342.67,-234.64,34.211
97.282,40.468,109.48
310.81,-161.35,22.627
232.64,-94.553,71.117
111.54,-3.1623,62.343
220.05,-141.78,46.576
301.96,-183.44,-0.23999
191,-106.68,73.598
95.639,43.421,87.453
280.5,-153.37,58.605
152.49,-7.5923,80.271
244.12,-105.31,67.101
126.85,-52.051,75.188
164.04,-20.23,84.388
190.7,-102.55,40.141
323.39,-198.77,-6.0004
110.45,6.5538,64.858
245.7,-125.3,70.827
257.62,-109.76,39.46
350.56,-229.57,34.007
85.281,27.916,122.28
135.68,3.8527,97.831
191.56,-45.931,74.01
91.371,37.413,117.59
258.33,-167.93,17.038
224.57,-111.25,77.289
280.57,-172.33,56.55
117.36,-41.532,73.176
235.37,-155.16,34.707
230.13,-109.17,25.878
107.63,29.152,107.89
308.91,-181.87,48.653
101.31,-18.982,104.4
101.27,22.734,71.035
294.23,-204.05,41.495
253.09,-108.48,34.737
188.51,-43.5,76.232
272.08,-191.41,22.457
320.85,-232.76,-2.9992
287.85,-201.55,9.6337
360.38,-238.91,30.549
312.69,-229.84,5.2037
318.39,-168.54,21.088
51.069,21.13,94.319
122.13,-47.684,80.473
131.95,-54.68,67.047
299.7,-210.06,3.2502
108.12,19.643,113.16
303.07,-204,44.551
134.24,-1.6259,103.53
350.28,-203,24.544
186.6,-109.34,60.776
100.21,41.995,95.92
221.66,-94.212,78.31
267.13,-162.43,10.574
225.57,-77.77,54.361
243.01,-127.66,19.922
122.13,13.862,73.022
319.2,-170.27,17.505
306.41,-168.7,46.85
211.31,-64.224,65.182
174.54,-36.771,55.679
64.032,35.449,76.537
207.52,-118,34.189
144.62,-39.747,102.11
139.46,-59.417,87.571
88.383,23.451,70.491
268.3,-128.9,58.954
160.51,-41.128,49.022
74.735,44.624,77.632
324.1,-174.96,29.682
309.54,-186.79,-1.7001
346.6,-260.99,16.943
135.38,-21.89,55.629
294.15,-152.83,49.061
110.69,-11.729,111.44
325.33,-243.22,18.892
148.84,-21.927,101.32
85.702,30.995,122.08
136.52,7.2039,81.611
310.96,-227.43,27.24
166.81,-78.272,47.265
139.51,-62.973,66.797
205.33,-127.19,48.624
230.85,-88.223,68.254
275.95,-149.32,60.241
93.371,-12.357,73.082
139.1,-8.5989,62.099
330.34,-191.43,38.035
134.38,9.0531,90.805
275.88,-191.57,15.556
268.6,-176.59,52.446
183.17,-81.786,38.959
104.41,-25.666,99.167
108.29,10.324,66.166
336.86,-253.39,-3.7103
102.14,33.053,110.73
120.68,22.539,92.285
89.519,45.105,114.56
182.53,-64.803,41.076
332.36,-235.52,-11.11
202.5,-117.41,38.503
155.21,-68.8,51.857
123.07,-38.509,98.657
307.82,-186.65,-1.5947
373.92,-228.28,18.446
173.34,-39.548,91.442
228.09,-84.722,42.461
87.259,53.261,106.86
159.07,-80.384,57.923
329.61,-248.49,3.4851
243.77,-135.27,69.638
338.38,-250.26,-9.0257
56.523,18.054,111.55
103.95,11.523,66.479
164.92,-86.82,57.518
242.22,-132.04,70.618
261.07,-166.59,56.99
375.28,-227.07,-5.9129
132.72,-38.49,101.96
142.66,0.062645,75.406
154.78,-20.396,59.616
181.39,-96.037,78.261
161.18,-60.722,46.094
342.86,-216.36,-12.266
211.13,-66.563,51.012
349.52,-265.36,13.615
327.44,-185.91,37.549
63.382,30.592,77.016
204.64,-58.001,68.165
372.36,-232.38,-14.778
213.68,-66.224,59.203
364.09,-224.37,-11.955
213.25,-110.47,29.052
335.92,-188.24,8.2107
221.27,-142.51,42.75
69.077,5.2604,106.03
257.01,-140.04,66.713
216.66,-138.3,45.686
273.9,-127.95,51.391
103.22,1.3096,64.53
125.58,-25.098,107.06
311.27,-161.19,29.268
291.81,-148.28,18.69
245.69,-119.45,70.593
338.67,-250.33,-9.282
252.45,-172.01,43.53
271.06,-191.47,32.467
199.08,-96.486,33.719
224.73,-81.052,44.205
280.41,-177.29,5.9957
74.457,1.6658,106.95
329.17,-248.73,11.068
350.05,-208.75,29.938
84.756,-10.54,99.111
233.44,-119.1,23.027
241.1,-103.46,31.351
287.99,-144.69,19.825
125.73,-0.25441,108.66
258.37,-178.96,37.17
172.59,-38.985,91.756
207.54,-106.72,79.431
260.66,-146.14,65.1
90.179,46.803,112.14
171.55,-46.87,94.723
167.98,-90.677,58.74
324.28,-231.98,-6.6251
91.123,-12.878,76.068
310.82,-217.71,37.849
315.65,-235.53,14.212
311.88,-229.86,6.9138
308.74,-159,24.746
358.09,-237.58,31.297
105.08,16.349,115.66
85.033,29.498,122.36
311.84,-222.06,-1.0091
229.74,-151,41.124
304.08,-154.94,24.244
279.93,-195.78,39.999
319.86,-191.55,44.68
217.08,-138.68,51.226
224.59,-123.02,73.849
181.34,-35.33,73.974
317.25,-221.27,-5.5783
158.57,-28.229,97.32
189.21,-53.017,48.829
341.63,-205.22,-6.3159
328.33,-228.2,-10.451
100.01,-21.412,100.64
209.29,-83.048,82.488
316.38,-196.33,-4.9849
126.77,-50.812,70.88
174.37,-89.101,46.836
150.24,-37.376,101.76
275.85,-170.82,57.129
82.761,-10.27,90.136
304.48,-220.59,6.508
355.93,-245.58,30.182
345.59,-253.75,24.057
328.89,-231.66,34.103
302.29,-215.5,35.047
267.32,-158.84,61.349
293.91,-212.16,30.372
87.108,3.5931,70.484
71.142,5.1527,108.5
106.4,-32.56,86.878
297.03,-148.9,40.501
293.83,-198.57,2.8026
287.75,-186.13,51.394
56.13,16.483,107.76
121.76,13.051,105.72
233.62,-144.54,26.026
103.83,31.953,109.79
276.2,-127.32,34.969
224.68,-135.92,65.734
311.77,-206.11,-5.1792
76.486,-3.2141,100.32
193.61,-97.226,82.105
225.59,-146.12,39.27
294.14,-170.65,54.034
153.72,-60.689,49.665
264.19,-115.04,42.45
157.39,-22.51,95.589
302.65,-158.42,43.861
202.31,-90.654,33.11
253.47,-141.66,67.088
223.26,-127.29,71.487
233.52,-91.141,67.696
281.02,-190.42,46.724
223.94,-98.309,77.835
114.92,22.67,77.63
193.36,-47.758,73.707
248.3,-102.25,58.933
342.84,-246.34,28.554
241.18,-162.25,42.143
203.6,-125.75,50.614
248.01,-107.61,64.863
168.26,-83.282,82.682
313.35,-163.81,21.902
154.01,-21.578,58.289
279.15,-147.47,58.302
125.69,14.626,77.547
130.5,-27.83,55.814
344.1,-239.27,32.493
123.34,-9.0649,110.44
166.05,-43.651,48.314
313.76,-164.44,20.876
133.16,-35.423,103.47
131.44,-10.413,59.433
223.86,-76.009,56.017
361.31,-225.25,-13.754
131.07,-55.943,72.989
277.05,-150.05,59.82
287.85,-204.5,35.749
204.53,-59.577,72.504
130.04,-18.308,56.978
192.03,-52.654,82.454
81.229,34.349,73.959
266,-184.62,22.864
288.16,-200.22,41.56
342.02,-247.34,27.601
89.695,18.483,69.282
340.45,-256.26,-5.8823
267.91,-138.39,62.61
246.43,-119.54,22.545
150.75,-74.928,67.714
268.99,-148.13,12.201
211.5,-92.046,82.203
159.85,-67.762,48.041
181.39,-70.255,91.333
364.95,-221.53,23.387
319.92,-229.9,-3.9287
301.44,-156.44,16.998
283.1,-158.63,57.894
341.67,-261.14,4.0123
302.11,-222.22,18.807
285.31,-150.48,55.27
302.63,-217.39,32.97
313.35,-233.1,17.211
246.64,-165.31,29.119
95.87,7.1226,117.53
265.38,-153.42,62.945
289.18,-172.94,3.7957
204.11,-72.438,82.85
71.022,21.726,122.02
221.64,-138.98,34.975
162.55,-56.056,96.594
230.47,-112.03,24.996
303.51,-177.97,1.5102
376.19,-233.77,20.247
215.64,-132.89,36.694
373.27,-222.11,6.3852
179.19,-43.812,88.879
276.4,-164.55,7.6189
131.52,-36.306,56.077
338.84,-257.54,0.1488
85.946,-9.655,79.619
305.67,-193.17,-2.6893
158.87,-29.895,54.182
86.148,42.827,79.485
347.5,-223.69,-14.971
283.99,-134.4,39.028
308.82,-225.9,6.3699
87.385,52.736,93.277
126.31,-46.453,92.33
210.97,-127.57,37.421
276.73,-155.24,9.6396
117.48,25.029,96.244
315.97,-214.15,-6.3628
205.78,-84.563,84.067
103.98,-29.266,78.491
94.308,47.201,94.68
280.19,-131.8,31.662
262.62,-144.6,13.657
120.64,-18.003,58.938
177.9,-49.271,47.358
96.663,-1.3839,114.61
324.09,-186.66,0.86416
92.061,12.951,119.22
63.568,9.3008,90.392
131.44,-42.317,99.306
163.01,-86.55,62.927
209.41,-99.979,30.467
348.19,-229.21,-16.661
256.11,-113.34,31.094
151.4,-60.095,50.897
258.52,-132.51,17.86
175.11,-96.336,53.686
339.07,-247.34,26.364
354.81,-249.12,-20.387
281.29,-184.24,6.6568
321.66,-177.43,8.392
205.9,-58.705,64.205
233.13,-127.21,72.536
286.57,-206.78,26.572
177.15,-76.869,89.62
259.56,-168.73,16.403
329.22,-246.39,-0.18238
288.51,-208.84,23.606
335.11,-250.54,19.758
232.23,-122.55,22.8
288.99,-139.63,39.353
248.6,-133.82,69.327
348.38,-263.96,14.483
87.26,29.627,72.449
276.03,-186.68,11.53
140.86,-62.594,84.193
339.46,-196.27,0.53208
252.18,-121.57,67.692
244.12,-142.95,18.823
68.715,8.3704,82.991
199.44,-52.785,68.84
251.48,-131.11,18.249
373.56,-234.92,23.191
220.75,-85.934,76.457
291.38,-211.67,22.231
293.97,-211.04,32.702
248.27,-167.84,45.195
351.08,-200.48,10.674
106.5,-2.4465,63.462
291.84,-202.86,41.254
317.09,-167.15,22.114
141.16,-45.4,52.985
348.96,-266.8,9.7234
130.8,13.017,88.083
158.56,-33.88,51.906
299.43,-184.05,51.523
364.99,-223.77,24.839
84.712,-1.3019,73.965
361.64,-218.3,24.588
276.15,-143.51,59.09
229.61,-102.13,28.739
311.85,-164.65,37.31
170.23,-27.856,85.36
311.85,-203.28,-5.1952
367.43,-229.38,25.563
191.03,-60.16,44.149
165.91,-53.039,96.672
299.95,-220.03,20.813
340.55,-249.05,25.615
235.72,-148.72,59.993
298.27,-218.32,22.08
179.98,-69.961,91.596
323.66,-215.59,41.056
211.08,-97.807,30.432
137.01,-53.647,92.459
91.222,49.167,106.52
263.29,-138.57,64.764
295.41,-215.48,18.55
297.7,-190.24,-0.22638
87.253,52.796,93.148
174.55,-94.097,74.637
198.82,-84.569,86.023
262.18,-150.47,12.628
341.71,-211.47,-10.114
133.55,4.5639,99.862
109.52,-21.013,106.52
68.771,3.5237,91.24
354.11,-263.24,20.062
180.44,-35.842,78.991
297.54,-217.67,21.627
148.51,-50.229,98.513
263.24,-122.16,59.521
78.357,51.722,83.123
80.51,50.882,83.512
212.14,-132.87,56.961
355.94,-227.87,-16.31
99.716,40.655,88.454
176.52,-37.133,86.902
253.61,-104.93,44.644
261.61,-174.1,17.63
91.281,46.647,87.259
226.75,-107.68,26.454
143.34,-1.6662,93.073
292.51,-172.36,3.5805
171.43,-27.303,82.048
257.21,-175.03,24.396
363.71,-225.39,26.826
192.96,-56.488,34.776
170.79,-19.553,46.422
321.4,-157.33,41.071
202.7,-52.648,35.006
102.3,32.541,115.13
104.03,51.37,71.76
222.29,-115.74,38.407
330.53,-220.86,-1.177
163.57,-36.901,44.123
103.36,56.876,76.084
163.84,-30.045,95.064
310.09,-134.64,34.798
196.67,-69.919,81.642
213.7,-106,58.967
242.12,-68.745,58.536
325.69,-186.21,40.728
146.28,-13.387,49.634
352.4,-206.69,32.304
169.06,-63.405,53.667
211.54,-100.44,35.266
214.29,-93.112,29.013
167.03,5.1589,74.263
237.75,-91.948,21.568
222.61,-111.35,60.91
269.98,-163.35,25.689
196.22,-76.41,78.058
147.58,-15.402,49.169
345.87,-176,-3.0493
290.74,-147.34,53.904
131.87,23.261,104.55
244.84,-109.14,17.404
238.37,-111.36,19.887
169.53,-4.9223,88.759
353.5,-233.98,20.879
201.93,-71.101,81.445
114.88,3.4388,60.565
74.096,24.695,89.663
279.91,-155.42,51.193
189.49,-83.016,47.045
352.3,-202.17,32.636
271.6,-127.45,60.715
373.35,-196.1,-1.1744
219.72,-108.96,33.122
272.33,-128.88,8.9571
325.93,-218.51,6.8479
352.38,-177.8,0.88078
96.107,52.522,116.85
108.94,15.876,110.38
294.36,-184.26,10.002
220.74,-60.006,75.618
209.76,-99.987,37.076
239.1,-74.554,68.138
105,8.9462,64.905
271.05,-125.97,61
344.3,-222.9,25.719
197.28,-28.561,77.256
262.36,-154.51,24.104
263.74,-113.94,63.69
158.85,4.8689,59.43
95.698,43.411,117.62
366.87,-188.99,9.7704
164.79,-54.057,49.306
105.59,58.866,105.82
367.15,-223.86,-24.858
234.53,-117.88,62.033
265.56,-90.384,36.527
190.55,-43.314,38.066
223.57,-50.195,63.052
370.83,-240.73,21.233
248.16,-122.07,16.754
353.14,-245.35,1.4392
70.727,39.495,76.381
366.14,-213.18,-21.723
301.66,-187.18,35.221
279.32,-169.71,36.901
261.92,-123.69,63.054
207.91,-50.403,80.72
182.77,-78.977,56.385
319.72,-142.96,28.207
294.63,-145.12,52.995
110.22,25.071,61.442
251.9,-81.473,32.704
185.09,-63.039,83.295
104.02,-2.7928,77.225
142.47,-3.0229,51.845
267.49,-96.091,54.102
234.05,-123.95,55.016
159.15,8.059,89.188
227.38,-108.88,25.775
110.75,57.454,85.535
271.3,-148.51,9.592
378.65,-209.34,18.615
304.86,-128.36,24.508
372.72,-196.98,-4.745
286.3,-179.56,25.525
145.76,-43.51,72.741
345.45,-167.73,14.778
197.05,-48.944,36.176
377.03,-217.63,-22.599
94.878,54.276,117.11
249.42,-141.9,44.212
320.66,-172.55,-7.0647
303.04,-134.37,44.915
278.97,-138.07,6.127
358.74,-181.8,3.7855
86.935,49.218,69.048
224.7,-50.653,60.813
375.09,-202.17,-10.279
93.083,6.5953,84.533
361.35,-185.55,17.682
217.52,-101.52,67.628
368.61,-190.52,6.8825
320.98,-144.39,28.446
317.66,-140.65,27.544
111.54,11.296,60.72
255.6,-135.84,56.882
191.72,-18.497,64.962
231.99,-126.03,46.653
148.61,11.063,97.787
303.36,-183.76,-0.37596
160.32,11.508,75.315
351.02,-186.22,30.528
183.78,-79.358,53.073
387.42,-209.96,5.6459
283.8,-143.55,55.817
355.77,-246.11,-9.3807
317.88,-148.88,6.407
102.27,56.215,74.84
135.13,23.927,101.96
387.08,-218.64,16.249
236.55,-112.7,21.077
207.7,-75.039,80.088
293.15,-186.22,18.118
153.12,-11.609,99.703
132.43,-24.51,60.775
94.133,7.8971,96.54
137.19,10.764,56.313
243.38,-129.11,56.578
119.41,5.8508,107.09
134.37,-32.3,78.367
98.296,37.105,116.48
212.21,-42.83,46.34
90.023,52.195,119.41
132.28,-23.526,60.121
176.56,-66.582,76.56
270.34,-148.44,53.043
130.64,21.378,60.493
250.94,-77.4,55.889
228.35,-87.177,75.052
343.53,-231.54,-8.7338
310.67,-135.38,34.944
158.35,-23.373,97.135
223.13,-81.886,76.806
371.87,-222.76,-25.127
168.04,-47.553,88.311
276.5,-118.75,12.891
316.5,-206.81,3.359
187.39,-65.792,37.422
135.55,17.468,59.38
135.5,-32.27,66.249
101.68,5.868,101.52
72.218,31.059,81.071
145.32,-31.77,53.292
344.19,-208.5,-17.497
143.69,-36.902,58.825
271.03,-95.021,37.576
84.814,25.023,72.6
278.26,-101.83,37.116
172.14,-67.625,55.205
254.75,-137.93,54.827
373.34,-198.25,14.903
291.57,-184.15,16.324
265.12,-131.89,60.495
172.4,-56.578,44.066
287.71,-112.05,41.028
201.92,-90.051,69.312
96.653,10.413,102.85
236.83,-61.72,52.898
135.31,-22.738,56.741
251.43,-142.66,25.847
129.93,-23.406,62.791
248.45,-141.94,31.777
241.63,-72.894,64.494
339.04,-231.55,4.1372
193.06,-26.008,80.082
299,-190.43,27.125
239.67,-128.92,27.026
124.72,38.279,102.28
296.7,-128.3,13.624
251.14,-88.54,65.298
206.27,-97.348,39.025
337.97,-219.08,26.065
279.75,-116.76,15.11
256.15,-128.87,13.853
212.14,-106.97,45.073
345.61,-233.46,15.832
265.02,-157.52,37.854
154.78,-50.644,75.549
145.92,21.541,69.113
349.6,-211.65,-19.301
193.02,-19.74,68.11
151.08,-22.048,47.98
224.63,-71.714,76.379
238.88,-86.954,71.864
156.05,12.587,88.113
250.15,-96.172,20.314
149.56,-17.191,99.415
66.026,32.071,94.771
110.35,58.491,96.353
146.15,-43.646,74.101
144.63,20.723,66.585
73.372,33.646,77.518
85.284,13.968,87.048
250.45,-78.161,58.036
153.78,-3.6001,99.148
98.04,69.899,90.821
218.74,-77.33,78.287
344.89,-230.2,19.38
173.75,-8.9682,55.092
182.09,-56.234,86.234
174.68,-70.998,57.566
364.99,-199.81,25.514
270.24,-108.19,17.869
343.15,-206.69,-17.099
334.22,-172.23,-5.4423
105.99,-4.3602,90.506
122.65,39.302,103.65
274.14,-162.45,42.104
366.57,-192.14,-4.7896
332.34,-155.65,24.725
192.28,-68.437,35.376
161.83,-5.1154,52.583
363.2,-224.05,-24.031
313.56,-183.91,41.707
105.63,-2.1139,94.617
81.322,42.452,119.09
275.27,-140.91,57.282
344.47,-214.31,-17.398
272.16,-95.952,38.496
366.53,-188.61,9.5401
234.26,-124.92,53.773
294.52,-181.98,35.58
198.11,-93.788,54.717
336.4,-159.83,23.844
283.59,-166.69,44.321
130.15,13.191,56.934
135.98,-3.6616,103.84
170.82,-18.599,93.533
203.9,-43.093,40.662
194.4,-31.396,45.853
252.24,-82.364,31.845
142.24,27.641,88.631
341.57,-183.7,-10.578
375.99,-204.36,-12.253
393.21,-215.17,-6.3134
335.41,-167.39,34.275
294.77,-119.41,24.942
104.53,5.9725,66.702
331.14,-153.79,22.005
180,-49.601,88.707
213.2,-89.757,28.771
355.64,-181.16,-0.53426
204.76,-56.683,33.546
342.26,-229.38,18.108
189.87,-19.83,56.071
108.85,38.577,113.21
141.07,-38.443,66.767
117.94,41.847,70.41
142.11,20.623,97.777
347.41,-176.8,-2.797
317.58,-161.65,44.537
320.26,-161.73,43.147
343.4,-189.03,35.647
196.98,-86.84,69.119
165,5.2116,66.603
226.61,-52.24,51.686
129.14,15.886,57.841
308.26,-148.27,46.994
116.93,47.076,75.318
135.6,-22.855,56.568
323.21,-172.75,42.92
319.11,-150.26,39.315
183.57,-54.078,87.191
145.27,-31.066,92
209.55,-62.295,81.659
373.84,-225.74,24.902
122.05,37.716,68.918
353.63,-206.3,-19.101
121.64,47.28,94.68
263.99,-151.81,46.544
357.04,-190.33,27.563
281.67,-172.02,14.812
253.91,-78.615,42.344
381.9,-214.24,18.468
363.13,-233.34,23.872
215.66,-44.789,47.322
234.71,-72.609,70.699
328.81,-220.9,13.066
178.19,-20.341,47.62
213.24,-50.622,77.085
251.1,-121.99,63.829
346.63,-210.12,-18.333
198.42,-91.96,44.746
180.76,-77.08,57.302
105.94,53.49,109.93
361.3,-194.31,-11.537
352.73,-215.06,30.582
107.51,-2.8975,95.622
313.18,-141.51,11.308
133.52,-31.467,78.747
239.56,-68.063,39.019
230.25,-124.14,48.098
158.46,-41.44,89.439
366.36,-189.25,1.2274
337.85,-220,25.191
349.43,-240.19,8.9022
193.39,-20.208,63.483
299.91,-186.8,34.278
74.708,49.709,71.858
351.27,-197.75,-16.135
219.65,-82.549,26.002
143.44,-34.933,87.156
257.31,-118.26,13.446
230.35,-84.059,74.835
177.98,-70.719,72.279
164.44,-15.311,95.967
312.22,-168.25,-5.1194
336.96,-205.49,-14.86
364.03,-227.18,26.283
146.54,24.601,79.638
142.99,0.77936,52.835
253.38,-142.71,22.769
169.22,-5.1536,56
81.347,18.144,95.449
112.81,-12.15,82.983
90.062,9.3484,89.342
229.42,-107.4,23.883
189.61,-54.303,86.874
240.16,-90.751,21.9
332.77,-163.48,1.1981
145.3,-9.1757,50.311
108.61,-6.8,89.822
378.38,-203.21,13.115
127.35,36.699,100.68
254.64,-112.35,66.322
274.95,-167.75,32.835
209.83,-48.914,38.636
166.35,3.8735,82.996
253.66,-119.1,14.334
300.82,-149.95,0.97589
215.61,-43.249,67.185
367.59,-240.26,21.004
303.3,-189.03,2.7397
177.94,-25.434,91.262
214.27,-88.28,75.232
105.16,62.963,99.556
156.56,11.382,88.956
117.14,50.366,98.754
82.905,45.89,69.354
284.65,-177.96,21.748
231.43,-79.907,25.745
299.94,-137.06,7.6811
88.087,14.855,100.64
163.33,-60.275,62.146
130.86,39.351,83.388
121.53,39.053,69.861
65.352,32.815,93.5
311.36,-200.66,3.5928
301.69,-154.02,50.446
251.11,-119.44,64.853
224.03,-49.402,55.846
341.26,-233.73,4.6794
319.02,-141.76,23.361
378.34,-201.51,10.128
222.93,-116.65,38.902
164.19,5.6473,84.218
274.38,-98.521,43.824
326.21,-216.67,18.684
312.98,-157.56,46.219
369.08,-219.79,26.661
152.14,-16.5,48.027
308.55,-184.81,40.35
352.39,-242.73,8.7619
359.95,-182.39,5.6895
370.23,-192.7,1.1942
125.32,-9.8383,99.951
205.4,-90.888,70.694
121.96,12.512,57.579
178.38,-58.282,84.485
104.87,48.431,70.048
375.57,-200.54,-7.1922
250.27,-121.11,64.14
94.568,39.412,66.214
114.26,31.831,111.72
277.68,-133.24,58.628
306.97,-130.17,25.075
120.86,47.118,97.062
91.078,47.203,68.203
272.66,-164.5,20.245
240.15,-132.41,48.46
343.6,-224.99,-13.831
389.87,-211.52,-2.8148
211.59,-50.359,78.233
254.67,-132.84,58.646
185.35,-81.57,58.036
186.09,-28.205,44.878
348.92,-233.4,-13.763
89.527,47.876,119.45
351.48,-178.69,25.037
134.38,-22.503,57.403
264.61,-139.16,57.247
297.28,-133.79,49.636
96.188,19.16,66.957
84.535,14.594,91.205
165.35,6.6962,73.476
163.25,1.2586,90.601
166.11,-62.092,57.824
148.08,-45.178,74.865
151.86,-41.646,53.442
262.43,-90.187,31.363
101.97,57.344,111.1
197.77,-78.465,77.178
229.86,-56.459,61.534
249.67,-126.84,61.073
107.54,34.46,63.909
383.67,-208.53,-10.093
147.5,-43.983,77.098
137.5,33.128,81.902
193.96,-88.201,47.27
129.57,33.448,69.426
233.42,-90.33,22.359
265.86,-92.105,51.389
231.6,-86.876,74.341
234.29,-99.835,71.587
116.14,28.384,111.27
324.22,-150.61,9.9826
287.73,-147.19,54.483
216.02,-31.932,77.002
184.85,-33.235,36.335
240.01,-38.188,47.542
187.41,2.2562,47.125
369.24,-181.85,-20.043
271.51,-129.25,46.355
330.66,-196.29,5.8541
89.374,38.59,95.886
275.64,-116.61,55.419
264.66,-131.14,26.374
122.25,6.3329,82.8
110.57,72.568,108.73
223.89,-52.784,75.692
294.61,-97.231,45.415
319.95,-138.49,43.016
193.77,-10.737,84.207
388.52,-195.36,-23.081
207.44,-75.463,54.176
282.82,-113.47,55.622
145.71,33.044,99.882
388.38,-224.71,16.643
185.07,-41.719,38.593
339.09,-138.51,3.4505
247.81,-99.454,59.86
156.96,-27.702,66.013
303.3,-106.17,42.788
281.01,-147.14,28.118
278.54,-106.89,57.403
138.96,-7.7909,81.75
226.45,-50.488,74.925
218.2,-72.094,68.837
232.79,-82.442,21.283
297.68,-103.73,10.994
173.4,-18.082,89.064
112.68,78.355,102.61
267.91,-66.437,32.97
131.29,12.086,54.776
160.36,17.566,48.711
219.23,-31.58,34.124
103.02,36.619,104.62
231.67,-90.469,59.932
295.22,-91.743,28.122
317.82,-121.95,38.87
162.48,16.727,94.718
251.89,-107.67,55.321
241.93,-104.9,25.904
183.07,15.081,75.259
215.9,-58.592,25.836
253.46,-83.479,14.447
188.92,-55.071,44.943
304.62,-159.08,37.17
187.15,11.546,60.494
123.74,61.071,104.19
207.73,-41.8,29.067
374.87,-217.37,-28.99
376.62,-224.3,-28.679
254.04,-58.848,59.853
368.49,-204.32,-26.901
198.91,-29.836,83.713
251.77,-114.86,47.181
392.63,-203.38,16.075
223.48,-66.958,72.542
228.86,-96.291,38.168
233.34,-68.67,71.643
145.15,49.967,89.399
220.28,-64.774,73.23
205.78,-30.384,32.221
382.5,-187.02,16.96
108.56,38.557,107.27
388.34,-183.15,-4.1384
110.91,57.712,61.441
220.66,-61.647,24.247
153.25,4.1093,96.438
279.98,-86.936,53.191
125.36,14.543,57.915
177.32,-33.778,40.875
365.04,-218.69,15.662
264.02,-78.646,61.393
363.09,-228.24,-4.7359
391.03,-205.36,-28.924
113.26,73.977,105.7
333.41,-130.08,11.339
326.94,-182.69,-8.1861
162.11,-32.155,68.198
282.6,-80.898,43.499
366.47,-165.36,-6.1054
289.12,-139.45,2.5736
250.65,-113.76,23.41
222.42,-73.993,68.878
293.65,-151.33,4.4089
170.59,27.636,66.764
365.93,-183.44,26.757
152.33,21.761,49.727
150.74,47.089,76.085
390.4,-193.36,-20.228
237.46,-104.85,36.566
323.17,-129.16,1.6636
351.41,-193.86,-20.729
298.03,-94.643,34.535
315.85,-113.88,14.899
159.6,26.204,93.467
89.45,37.224,92.369
297.5,-141.83,46.192
259.88,-57.176,43.188
191.64,-18.67,86.224
288.75,-130.76,1.2693
239.52,-41.975,36.807
302.12,-146.99,44.265
190.57,-58.833,48.589
88.223,49.7,69.448
211.58,-78.858,54.782
182.05,-25.301,36.795
198.3,-57.073,72.077
216.34,-62.291,25.945
131.85,45.284,104.36
363.53,-163.14,-6.0904
144.06,-2.6412,51.772
286.64,-115.67,54.515
268.73,-135.26,31.507
145.39,49.328,89.982
103.43,25.288,91.549
294.53,-143.8,44.584
286.39,-86.693,22.107
372.18,-172.06,-9.7395
262.89,-64.499,54.177
364.34,-213.51,19.249
163.5,33.748,67.03
121.73,50.029,58.97
127.56,69.177,86.004
342.79,-148.91,-5.6655
223.21,-81.755,63.263
156.6,-12.586,46.983
371.14,-167.2,11.258
218.74,-56.757,75.914
87.796,44.664,103.43
117.92,23.479,100.7
339.42,-135.57,21.192
125.4,63.953,100.84
266.32,-111.59,56.883
127.09,38.113,106.36
346.93,-211.54,6.5621
271.04,-137.46,24.546
329.85,-193.18,16.713
162.99,-23.293,83.427
401.15,-199.95,-19.105
262.57,-125.47,43.336
290.15,-86.881,36.877
244.58,-43.197,53.624
351.61,-164.66,-13.899
125.13,66.342,98.986
116.99,38.286,57.334
261.53,-66.026,25.9
322.06,-132.87,-1.7235
153.93,5.5395,45.875
129.01,27.527,53.615
220.43,-24.382,68.873
248.52,-112.25,24.863
183.42,-43.756,76.012
237.48,-52.628,70.044
244.27,-48.998,62.709
131.14,-2.1248,67.817
236.97,-36.836,42.63
320.35,-121.82,7.5831
375.06,-171.07,9.901
171.15,-36.276,75.089
299.41,-136.03,48.434
183.9,-4.0447,41.645
150.58,-13.804,85.078
388.53,-187.98,-15.286
318.88,-183.43,4.1626
202.7,-2.4571,64.653
230.68,-53.51,73.489
292.39,-126.46,51.599
347.93,-171.34,33.322
148.23,49.359,76.081
309.11,-114.35,7.5599
218.52,-37.138,76.851
242.89,-51.405,28.734
230.57,-94.118,54.607
345.16,-140.9,17.939
196.03,-8.8473,41.998
300.13,-156.63,37.005
134.6,59.058,71.649
138.6,2.9821,53.306
150.27,-4.7282,92.233
329.99,-172.2,35.444
364.02,-213.82,-23.665
206.41,-9.6941,48.342
353.8,-194.03,-21.726
282.17,-148.61,22.475
325.26,-120.98,22.662
301.08,-160.21,33.91
277.11,-128.69,7.113
254.82,-70.177,19.61
382.81,-223.08,17.218
282.31,-111.17,56.044
213.03,-72.194,66.375
276.99,-139.56,38.348
257.96,-64.467,25.117
244.03,-46.993,34.358
365.28,-211.27,-25.092
188.65,10.686,62.124
351.17,-216.13,-4.1637
370.19,-235.18,-8.3812
268.85,-68.576,49.932
147.45,43.011,94.063
324.43,-181.2,27.771
367.43,-163.86,13.331
134.38,62.578,85.731
153.71,-2.2585,94.132
355.28,-163.88,28.355
155.64,1.2877,95.521
242.49,-105.2,51.288
380.59,-217.53,-31.233
202.12,-5.5298,73.254
295,-96.509,17.056
243.88,-76.559,68.605
121.73,74.15,82.699
285.15,-93.43,13.626
137.81,-6.9498,62.447
193.42,3.3403,75.302
118.57,11.374,68.412
385.05,-212.98,19.751
230.47,-56.754,23.265
212.76,-50.98,26.935
342.76,-164.46,-14.779
387.84,-206.77,19.142
121.27,38.664,56.282
326.55,-191.98,11.601
217.51,-85.699,44.21
119.13,34.102,56.698
334.78,-143.67,35.565
126,7.5647,62.046
177.82,-0.0075491,42.726
378.83,-176.11,11.263
330.27,-183.84,28.489
120.25,59.894,107.05
333.54,-192.13,22.445
339.28,-143.55,-2.6344
191.51,-49.074,75.551
228.74,-85.854,62.552
367.64,-216.55,-25.202
263.64,-130.33,27.807
313.84,-178.86,18.718
228.68,-36.89,69.842
180.75,17.194,61.246
185.56,-46.673,74.468
190.46,1.8046,80.742
114.72,76.833,76.153
128.44,43.822,106.03
267.97,-100.37,9.0086
336.64,-142.01,33.216
248.08,-114.02,28.887
182.85,-10.631,89.04
214.92,-42.56,78.689
113.64,75.744,103.95
281.57,-112.2,56.061
211.5,-78.453,40.562
373.09,-170.07,-5.1315
118.09,52.814,109.28
399.02,-202.91,-24.342
291.15,-106.73,6.5607
200.62,-34.263,82.832
258.63,-63.291,58.358
217.17,-30.616,75.852
135.49,3.7813,55.319
294.7,-91.947,37.611
257.9,-64.856,60.169
82.01,44.68,82.444
292.17,-148.18,40.392
234.62,-95.067,25.733
283.63,-115.2,55.187
363.53,-188.74,27.7
96.839,50.213,64.109
377.86,-178.95,16.097
200.12,-21.439,83.117
268.01,-65.337,37.218
380.86,-232.76,11.269
212.46,-11.606,59.046
360.64,-225.34,0.45439
354.34,-212.21,-16.173
179.92,-1.4175,89.479
143.88,-14.657,74.464
190.52,-56.524,66.229
168.28,30.548,71.972
378.32,-195.82,-25.883
112.09,83.598,93.315
146.05,49.119,89.113
119.79,60.129,107.26
212.7,-18.327,42.741
302.39,-124.68,-0.50465
142.02,26.016,51.14
397.87,-198.69,-20.605
211.2,-21.511,38.595
117.89,77.901,92.588
320.22,-128.43,0.86262
265.24,-115.28,54.668
273.45,-70.295,38.524
370.09,-176.87,-16.262
172.22,-38.704,72.625
221.27,-48.614,26.062
116.1,11.783,73.72
275.11,-74.814,48.118
259.27,-59.203,33.346
123.34,65.322,69.351
276.12,-129.85,8.2676
307.39,-115.91,44.85
129.04,45.319,105.64
283.35,-94.81,11.888
282.31,-82.864,47.145
209.65,-11.108,50.389
223.08,-26.656,67.732
359.03,-218.2,-16.69
323.67,-137.55,-4.2475
115.57,42.45,57.899
292.09,-129.33,50.858
397.49,-200.03,10.527
376.93,-179.47,-14.783
182.15,-3.604,41.596
311.99,-107.88,25.118
319.5,-122.66,37.595
113.24,34.779,106.13
297.41,-116.48,2.5861
124.21,52.32,60.216
335.24,-174.71,34.657
162.11,24.052,53.21
140.74,11.999,99.001
109.73,85.217,85.255
223.89,-91.767,46.311
273.45,-70.295,38.369
171.48,-27.621,83.736
140.61,41.824,100.34
214.27,-44.493,27.652
149.56,10.306,98.308
227.63,-44.254,73.54
348.15,-183.93,-19.677
236.92,-93.29,60.24
150.77,-14.488,52.909
370.62,-199.89,24.693
138.53,21.03,50.786
279.97,-142.75,13.688
294,-97.593,14.866
366.77,-168.67,20.553
290.08,-145.25,41.9
160.71,36.189,82.675
221.47,-89.333,47.765
239.66,-64.908,20.462
324.59,-168.23,-11.167
380.33,-198.64,21.751
239.21,-78.893,18.134
292.39,-93.668,18.361
354.86,-157.55,-6.7446
303.15,-160.66,1.0489
146.12,24.093,100.64
240.73,-107.66,42.818
157.87,-28.251,68.819
188.92,10.488,70.266
224.05,-91.492,48.546
198.02,-50.115,77.098
234.82,-34.805,43.24
385.91,-192.64,-22.033
304.3,-168.7,24.289
144.29,51.981,73.033
316.37,-112.47,20.69
355.96,-175.2,-18.568
394.64,-191.24,4.9297
202.23,-18.141,37.696
229.79,-84.587,23.927
345.45,-164.55,-14.72
343.13,-194.33,-15.902
338.42,-195.35,22.426
206.56,-73.397,41.529
277.89,-128.31,6.4768
383.83,-205.12,-29.406
209.64,-78.188,49.287
260.17,-73.004,62.12
294.4,-155.93,33.323
137.67,59.438,84.909
165.5,-21.529,44.303
212.86,-79.802,40.2
124.15,64.931,69.508
363.72,-169.86,-13.381
376.64,-181.04,18.909
299.68,-152.69,40.135
94.847,55.065,113.08
190.6,-1.3799,45.584
242.8,-46.404,62.14
192.08,-58.157,65.475
251.67,-49.415,43.629
280.14,-140.72,11.252
345.6,-178.66,-18.526
286.87,-83.971,39.181
361.13,-173.59,27.557
115.42,67.921,67.432
99.36,35.328,68.237
116.84,18.187,95.587
353.11,-206.59,-18.418
280.92,-83.609,49.826
211.9,-80.328,46.35
347.31,-179.47,-19.02
215.69,-23.722,73.603
128.34,66.041,94.345
362.91,-177.24,27.351
267.51,-130.9,18.521
213.61,-14.701,49.544
189.06,-17.736,36.503
351.15,-147.43,5.3454
388.78,-212.3,18.834
142.3,2.5014,51.029
284.64,-84.156,24.127
275.38,-74.181,29.249
263.54,-63.661,31.306
243.39,-99.437,20.173
305.69,-169.06,25.97
349.1,-212.78,-7.367
175.86,23.354,69.932
112.73,37.461,107.27
375.89,-202.85,23.137
314.41,-129.05,44.362
350.87,-151.96,25.23
216.07,-16.098,63.708
273.61,-72.296,46.772
95.948,38.191,69.562
349.53,-214.36,-4.3072
295.97,-158.4,31.353
170.51,-20.727,87.642
243.12,-99.607,20.488
313.79,-131.81,-2.8276
136.49,24.992,102.86
325.3,-151.02,-9.8222
314.18,-164.28,-6.2067
320.1,-180.67,24.996
364.86,-216.06,-23.469
133.84,59.04,70.703
280.27,-112.26,4.7869
297.96,-116.43,50.685
149.04,14.315,99.159
314.14,-110.1,27.013
77.409,-60.987,125.03
49.785,-83.528,129.47
92.717,-135.55,86.586
207.61,-184.86,51.399
45.075,-82.809,93.743
158.51,-148.81,58.788
21.265,-58.893,135.95
304.33,-275.67,46.128
165.45,-156.51,101.6
295.07,-324.26,41.323
230.92,-269.67,48.483
210.44,-182.02,60.048
156.2,-195.07,63.368
285.41,-267.13,16.868
88.905,-76.771,124.21
75.952,-62.498,127.36
14.49,-38.137,98.149
63.959,-75.619,134.35
79.576,-70.49,128.21
309.47,-279.62,43.194
54.33,-63.075,86.697
277.49,-307.17,47.878
35.655,-35.238,143.44
257.5,-230.21,61.982
168.18,-171.95,101.34
68.845,-57.388,91.127
166.93,-199.71,54.235
259.67,-237.71,29.911
129.86,-172.84,80.874
44.685,-23.087,127.08
214.13,-230.39,81.876
96.345,-79.25,119.13
179.8,-182.62,97.516
74.532,-109.32,83.351
104.13,-94.96,120.75
145.5,-155.26,56.732
280.72,-254.21,26.437
67.053,-49.677,97.391
178.72,-202.02,91.293
204.55,-178.5,79.174
284.73,-304.69,53.317
18.597,-48.415,142.53
73.666,-72.23,131.72
132.35,-120.16,111.03
26.516,-39.749,145.92
213.64,-220.12,33.649
157.55,-187.01,94.81
214.48,-246.1,71.055
67.494,-96.861,83.157
185.54,-210.4,44.539
186.73,-165.26,58.011
45.116,-47.112,140.78
242.84,-258.44,71.483
39.453,-86.027,112.1
56.635,-35.763,106.45
232.47,-271.03,49.285
202.82,-174.25,74.331
128.7,-118.17,112.74
222.36,-246.4,31.862
275.85,-284.45,11.203
241.94,-253.97,23.185
294.68,-313.94,49.958
264.9,-283.21,15.781
264.65,-237.8,60.281
1.3632,-33.906,103.92
68.044,-106.49,87.726
82.772,-109.54,77.755
255.08,-261.8,18.757
42.722,-57.724,140.44
238.82,-274.54,55.186
69.517,-79.005,132.91
289.89,-277.51,58.79
131.93,-168.7,67.861
44.673,-29.025,134.79
155.12,-171.82,102.76
224.64,-214.9,34.785
170.43,-148.53,93.683
200.23,-182.24,49.465
73.77,-49.702,111.93
266.99,-238.03,56.966
241.95,-245.55,75.509
153.26,-137.54,103.06
126.31,-100.17,94.497
21.678,-17.366,102.19
162.58,-170.59,51.23
77.966,-114.35,117.34
79.554,-124.14,94.389
45.557,-31.593,101.28
204.09,-206.05,89.245
116.92,-97.588,81.636
30.927,-12.572,111.75
265.41,-248.44,66.101
266.93,-241.98,30.144
288.14,-324,23.149
92.349,-77.077,86.21
230.68,-229.48,80.112
44.667,-85.041,124.82
269.11,-303.83,24.91
82.696,-99.557,127.07
19.175,-45.753,144.04
82.169,-62.785,121.07
253.09,-289.82,33.416
121.96,-130.88,64.656
89.251,-118.62,76.507
153.51,-184.05,57.113
168.17,-164.78,101.49
209.5,-226.37,83.319
47.445,-65.191,87.811
93.056,-69.127,99.195
266.38,-267.89,67.038
76.02,-64.441,128.28
228.96,-244.65,27.919
205.71,-245.03,61.051
140.17,-134.71,62.956
44.417,-90.484,105.99
64.669,-46.375,99.391
289.56,-306.27,6.9302
39.077,-43.477,142.72
63.73,-49.761,130.58
26.584,-31.305,146.58
139.22,-120.61,72.63
289.72,-286.46,8.0977
156.14,-170.58,52.886
109.92,-121.54,68.257
60.636,-106.28,106.72
265.37,-241.45,29.616
312.69,-303.12,51.083
108.31,-117.14,120.5
178.01,-150.3,82.029
28.513,-20.408,143.67
110.04,-135.16,68.856
279.96,-303.12,12.049
177.21,-209.72,84.747
293.51,-301.73,4.9214
-2.0537,-45.153,117.99
60.739,-44.341,98.501
115.16,-142.11,67.718
175.5,-206.91,86.471
197.29,-236.25,66.481
325.4,-292.29,33.252
67.594,-110.12,113.12
90.247,-68.019,115.19
107.63,-82.428,97.72
119.58,-163.02,85.891
118.18,-113.64,70.071
300.2,-271.96,20.694
159.68,-133.64,90.822
292.12,-327.17,19.586
264.25,-262.12,68.207
20.704,-21.634,99.94
146.2,-131.63,105.78
326.81,-292.49,22.606
158.09,-137.41,98.371
318.49,-284.55,25.439
170.32,-163.37,53.17
285.46,-254.15,47.595
169.78,-199.08,51.38
11.148,-57.256,112.43
190.08,-216.08,85.384
164.48,-195.44,53.893
212.63,-203.52,86.04
60.642,-52.252,91.715
59.374,-98.718,120.79
254.79,-232.95,67.413
243.08,-212.28,57.772
179.03,-196.81,93.963
293.89,-301.76,4.7991
195.84,-233.16,49.953
216.75,-250.34,39.223
156.13,-149.46,58.009
174.36,-146.96,83.846
237.97,-229.39,29.233
15.331,-62.157,113.52
275.99,-306.37,17.656
286.94,-284.71,60.097
27.66,-72.202,105.54
190.63,-173.6,52.26
194.04,-165.38,69.399
239.31,-208.64,58.888
59.649,-77.747,134.2
203.8,-238.11,43.957
107.52,-116.58,120.72
141.69,-179.55,91.944
193.84,-221.67,82.599
28.371,-28.985,145.78
104.92,-124.43,118.77
117.15,-146.78,68.004
280.61,-283.15,10.115
44.039,-66.308,88.991
248.32,-285.71,46.358
263.06,-292.68,21.185
263.38,-283.73,16.778
254.77,-228.51,63.957
292.36,-312.5,50.284
38.75,-60.856,139.58
18.396,-47.005,143.27
267.36,-273.62,14.4
177.71,-207.99,49.333
251.04,-223.56,63.699
220.87,-259.51,46.496
254.01,-268.05,68.002
162.23,-198.18,58.187
158.77,-195.85,86.406
123.74,-108.26,112.13
274.31,-272.43,13.371
92.932,-105.9,124.75
141.88,-115.27,87.051
296.72,-264.4,30.271
286.12,-279.31,10.583
39.993,-86.251,107.47
142.65,-160.63,106.55
274.16,-250.69,25.648
76.541,-106.43,80.573
128.44,-142.1,62.035
83.171,-113.58,120.45
210.1,-243.81,70.375
30.137,-67.724,97.901
257.38,-273.57,18.05
290.69,-318.46,44.659
284.16,-320.38,31.816
265.51,-300.98,43.794
242.2,-280.42,41.878
201.03,-232.91,76.126
237.13,-273.4,36.552
43.722,-48.585,91.086
11.805,-58.904,115.11
51.702,-91.903,93.855
237.39,-223.23,76.505
250.53,-250.08,21.684
222.74,-257.84,63.161
-0.67136,-44.846,114.12
58.015,-63.896,136.83
188.47,-197.08,42.27
40.972,-44.481,142.12
222.41,-196.74,74.474
162.2,-203.75,73.832
269.84,-257.96,18.903
20.066,-64.182,106.78
128.49,-168.8,93.137
175.1,-201.9,48.624
227.69,-247.08,75.293
109.93,-113.17,69.916
208.74,-186.04,81.531
92.915,-99.89,125.72
240.42,-234.38,76.708
159.47,-144.95,61.655
186.74,-216.74,83.484
158.55,-198.25,81.957
170.68,-167.78,100.69
218.85,-257.91,54.769
157.2,-175.78,101.29
65.555,-42.073,116.95
134.01,-122.09,110.62
187.44,-177.64,94.306
279.89,-315.08,37.839
186.9,-221.18,49.167
151.11,-183.17,58.682
184.19,-184.71,96.187
106.39,-150.34,90.352
260,-232.71,61.227
107.53,-82.709,95.807
213.3,-224.77,83.978
74.801,-51.832,117.23
87.75,-81.081,81.528
279.4,-310.86,44.855
56.389,-85.562,130.36
122.05,-100.92,82.05
260.81,-232.94,60.277
67.383,-108.19,115.96
87.497,-67.63,93.205
168.21,-147.24,95.154
316.85,-283.85,22.506
79.15,-112.89,81.413
210.64,-227.12,83.071
229.53,-267.4,42.069
144,-134.78,108.34
87.141,-73.139,86.894
128.55,-129.65,114.51
38.01,-21.683,106.46
217.06,-239.08,33.084
227.22,-266.16,48.799
279.58,-315.34,36.286
47.104,-35.762,98.433
293.64,-308.8,5.2576
201.69,-215.74,87.313
202.3,-177.12,56.819
98.297,-132.33,75.843
226.03,-203.58,43.758
144.41,-168.93,102.82
115.84,-120.24,67.627
114.35,-145.95,108.63
302.71,-296.97,54.669
275.57,-281.33,11.503
252.07,-221.18,56.285
216.57,-235.36,79.782
289.88,-317.49,11.064
249.44,-279.49,25.892
220.05,-227.73,82.589
243.41,-281.29,39.473
259.71,-291.21,23.796
197.74,-219.84,39.701
29.421,-67.307,132.89
198.76,-228.34,79.24
246.89,-226.93,33.116
138.29,-150.19,109.96
5.9268,-50.034,133.67
173.9,-192.86,47.204
95.779,-130.9,112.19
187.35,-167.48,56.069
260.42,-234.06,34.556
313.64,-309.25,50.702
168.02,-186.71,49.135
318.02,-292.56,44.446
114.52,-121.3,118.74
234.13,-217.91,35.122
88.218,-88.846,78.003
289.33,-312.01,8.6892
37.92,-63.638,91.277
263.75,-246.13,24.734
113.45,-89.51,90.48
40.049,-17.85,116.84
305.3,-278.43,16.853
227.11,-206.61,77.265
261.09,-279.26,17.078
35.003,-15.255,132.89
66.188,-111.42,99.207
163.75,-181.17,50.444
233.8,-210.71,41.361
59.134,-48.409,133.6
273.8,-265.56,15.723
138.76,-161.7,105.66
53.639,-84.923,87.976
40.245,-22.448,134.02
227.32,-200.3,71.297
219.85,-199.46,44.088
77.941,-71.265,84.846
132.74,-108.48,83.258
31.186,-73.721,126.78
278.55,-246.67,37.966
25.476,-61.944,135.53
13.803,-45.813,100.04
67.572,-112.03,108.68
110.94,-143.63,71.303
166.64,-153.82,57.865
306.51,-282.72,13.12
207.03,-177.76,70.324
107.33,-112.57,70.246
214.7,-189.61,51.636
125.6,-151.45,64.132
277.56,-314.06,34.157
313.39,-300.25,3.1348
238.18,-235.95,26.709
273.19,-241.12,47.359
149.15,-130.92,102.85
166.76,-201.16,86.718
232.65,-265.24,33.313
111.18,-149.92,102.4
214.99,-220.86,33.254
281.41,-299.66,10.062
235.67,-266.31,30.762
277.06,-313.09,25.888
189.55,-176.2,49.924
231.18,-212.59,76.951
181.67,-209.58,87.121
290.76,-326.02,20.493
43.868,-26.729,105.37
231.16,-238.74,27.233
82.261,-125.86,90.764
291.91,-258.87,39.107
186.04,-199.13,93.237
201.17,-195.41,41.592
21.791,-44.876,95.868
141.48,-126.02,106.79
208.36,-186.74,49.83
309.9,-310.79,51.391
155.49,-163.59,104.99
238.75,-268.94,29.452
236.13,-273.41,38.936
191.52,-229.14,51.629
297.22,-269.76,49.543
63.902,-55.93,90.351
230.51,-269.28,48.734
263.07,-236.68,61.241
97.84,-97.976,74.977
293.41,-326.67,15.634
74.287,-58.929,126.67
114.1,-91.962,86.643
233.05,-259.09,68.901
301.97,-299.55,54.718
39.794,-53.684,90.46
299.33,-293.8,55.865
210.42,-220.87,85.335
185.18,-160.18,63.466
251.39,-239.46,72.212
108.86,-103.61,120.23
270.01,-255.5,20.301
303.58,-305.36,53.517
145.43,-120.03,80.648
98.817,-129.17,115.05
246.67,-277.86,27.662
279.15,-315.63,33.323
174.17,-215.37,67.496
244.66,-276.46,28.819
112.99,-145.44,108.42
258.2,-288.5,54.966
168.21,-152.34,59.555
75.303,-120.5,100.04
32.018,-24.86,142.98
196.59,-215.61,87.069
243.9,-271.77,26.324
255.67,-242.54,24.926
34.949,-15.114,132.77
115.32,-158.05,81.307
131.7,-160.72,104.42
219.74,-204.05,40.251
298.35,-268.3,24.299
70.857,-71.905,132.8
45.621,-90.792,116
17.782,-52.546,99.947
293.21,-329.19,27.454
120.57,-110.56,115.43
244.25,-275.52,28.495
82.71,-123,110.97
199.61,-199.1,90.97
31.789,-9.5948,120.92
33.474,-11.044,121.67
155.39,-194.22,63.528
313.22,-283.7,17.112
47.707,-26.966,128.13
113.34,-113.96,119.4
198.75,-175.41,83.983
216.03,-226.59,32.402
41.051,-19.069,126.78
183.54,-163.34,57.851
82.462,-77.041,128.36
249.95,-227.19,34.55
111.49,-102.06,118.4
208.93,-229.08,35.471
299.85,-301.45,54.969
151.68,-113.43,75.907
127.98,-80.334,94.201
258.3,-237.09,82.49
160.3,-112.68,81.815
37.126,-45.793,145.96
59.754,-11.793,122.07
173.69,-174.18,61.457
283.95,-277.32,22.249
122.07,-92.653,81.095
57.327,-8.6135,127.85
98.571,-107.91,124.19
252.1,-211.79,84.187
132.4,-145.57,107.3
156.79,-172.02,78.806
183.38,-146.65,107.88
261.21,-263.25,69.842
105.09,-69.977,90.005
287.98,-284.5,63.875
121.46,-121.15,77.775
166.24,-156.76,62.217
171.87,-148.48,62.01
112.45,-69.375,126.43
196.1,-150.41,66.069
163.54,-179.78,81.24
220,-222.72,47.226
133.45,-149.63,101.17
106.38,-71.876,89.174
299.97,-241.36,48.735
225.59,-225.81,85.21
67.847,-57.108,144.9
203.69,-165.51,57.252
196.74,-166.81,55.544
107.46,-84.834,133.78
293.34,-303.85,42.109
137.08,-147.87,108.65
72.87,-51.753,94.286
23.981,-34.793,111.15
217.03,-228.95,74.87
141.89,-140.77,71.149
287.9,-280.67,66.297
206.22,-206.36,92.628
322.58,-266.75,51.27
174.16,-165.41,59.634
231.19,-186.3,51.939
276.21,-277.42,27.825
303.8,-246.24,53.494
31.583,-27.481,154.58
44.625,-60.066,136.76
248.12,-240.71,34.476
156.8,-140.62,116.97
163.83,-156.66,63.14
175.99,-154.93,111.33
62.315,-46.206,96.436
205.66,-205.05,93.355
283.35,-293.82,47.635
136.48,-107.83,124.29
214.35,-212.38,47.291
198.38,-193.79,98.417
112.21,-61.357,111.5
30.53,-35.645,150.58
311.98,-263.42,60.694
120.1,-110.09,77.251
45.367,-19.808,152.85
327.28,-279.53,16.855
173.27,-189.02,83.645
213.63,-162.42,89.483
148.48,-102.68,83.938
165.57,-127.57,113.1
308.21,-314.34,45.958
206.46,-177.37,51.757
301.77,-305.59,21.298
27.798,-15.496,106.69
325.29,-271.26,24.1
242.58,-255.62,55.57
222.73,-235.33,56.549
196.73,-201.57,92.449
143.44,-131.06,120.55
131.71,-139.4,77.726
263.39,-218.79,78.812
229.53,-224.51,87.121
69.122,-32.043,103.67
203.71,-149.54,85.445
121.66,-137.27,107.36
55.229,-61.314,99.915
101.06,-60.871,95.267
206.85,-175.2,101.14
175.94,-191.28,75.035
98.575,-71.015,136.34
184.37,-164.26,56.982
59.417,-13.941,138.42
229.28,-203.42,42.458
317.47,-287.89,62.318
252.56,-200.68,77.172
323.68,-265.87,47.814
233.88,-240.99,45.658
92.665,-105.72,93.097
291.51,-241.45,66.474
154.9,-108.48,82.293
335.15,-277.58,25.564
30.438,-25.743,155.16
193.92,-206.4,63.96
279.77,-230.19,37.314
241.13,-213.93,89.403
238.04,-194.85,47.883
307.89,-252.57,56.324
45.888,-8.1412,112.14
167.6,-127.33,111.58
328.19,-268.71,41.915
42.481,-53.342,105.85
303.51,-262.29,66.343
156.23,-172.69,89.242
314.82,-264.01,58.388
264.34,-220.46,78.802
261.97,-215.96,78.609
70.131,-44.101,96.913
193.63,-207.97,79.225
137.74,-92.506,117.43
177.98,-189.08,66.694
85.347,-69.253,140.32
260.96,-238.29,30.205
106.26,-62.543,127.68
288.33,-265.55,71.921
134.15,-138.62,75.365
331.28,-285.3,55.393
218.7,-221.52,85.796
309.16,-302.44,13.552
271.82,-214.42,58.236
56.929,-8.393,126.13
71.965,-56.291,144.5
325.67,-297.18,59.28
194.53,-168,55.096
142.67,-152.23,107.96
243.16,-245.49,39.356
87.607,-90.99,132.55
87.231,-80.742,87.77
37.799,-57.465,116.24
94.797,-49.34,103.38
183.24,-198.83,77.428
55.044,-70.143,133.46
80.377,-95.346,98.431
33.131,-41.341,147.65
163.69,-111.27,99.184
25.004,-27.262,154.01
87.439,-79.572,87.679
117.18,-135.37,97.013
207.97,-221.16,75.928
87.442,-40.132,109.21
192.09,-155.38,105.1
162.8,-166.05,106.3
298.58,-286.85,16.308
252.51,-212.64,84.17
92.994,-101.53,126.88
157.56,-160.82,108.18
331.6,-279.67,19.053
104.82,-121.45,112.06
233.38,-180.17,61.59
269.96,-263.33,27.078
145.18,-121.21,71.225
92.151,-44.345,108.38
87.079,-90.576,89.462
42.031,-63.247,122.12
26.6,-25.187,106.82
101.85,-87.286,83.508
304.12,-263.28,20.981
97.626,-93.641,84.667
217.78,-168.31,90.203
41.475,-30.178,102.27
224.13,-175.93,89.385
123.31,-126.27,78.137
193.77,-208.72,76.269
314.93,-275.3,62.734
242.69,-242.53,38.344
200.46,-208.48,87.73
129.17,-112.07,74.953
230.25,-188.9,91.194
142.1,-159.36,89.969
37.143,-58.539,123.37
181.63,-136.82,104.83
91.736,-78.262,86.636
204.32,-199.95,50.096
84.12,-79.972,88.888
198.92,-201.02,53.88
179.99,-152.62,110.3
288.57,-291.05,24.542
131.53,-105.68,126.06
243.93,-254.41,46.632
193.89,-185.43,53.055
63.154,-41.221,147.63
250.49,-194.01,65.5
187.43,-169.05,107.06
159.94,-154.27,64.564
277.74,-289,47.266
235.27,-180.2,65.573
214.62,-184.15,49.352
161.92,-166.69,66.904
288.79,-299.26,35.319
210.11,-221.4,57.575
99.035,-115.44,95.374
96.853,-47.506,122.05
309.63,-266.67,20.185
137.35,-95.232,119.79
109.78,-78.08,86.393
159.46,-152.15,113.4
173.59,-167.24,108.09
96.515,-65.82,136.48
207.47,-156.77,67.943
84.401,-94.822,128.19
14.728,-28.401,115.53
54.006,-17.427,147.18
92.36,-106.51,94.242
96.876,-46.836,119.17
29.383,-21.752,105.77
34.688,-45.946,108.31
190.62,-156.81,106.2
88.732,-83.941,136.28
46.169,-2.0055,143.56
153.17,-156.33,109.82
286.6,-297.71,39.382
126.89,-75.465,107.28
117.87,-131.78,111.77
124.31,-130.85,79.335
302.52,-278.92,66.926
225.9,-171.42,68.133
303.08,-261.6,21.76
290.96,-234.07,44.099
50.648,-68.704,110.26
60.715,-40.367,148.37
215.97,-229.82,62.091
318.46,-260.05,47.706
275.7,-231.66,74.915
150.37,-123.93,70.282
117.7,-67.991,102.49
323.4,-279.03,15.842
250.13,-258.53,66.918
48.483,-68.362,114.42
17.132,-33.389,145.57
210.59,-217.63,84.845
304.11,-268.45,18.338
218.31,-169.8,90.912
311.8,-262.91,60.566
176.68,-191.66,73.678
236.3,-249.39,55.559
145.48,-155.58,75.28
279.54,-235.98,73.802
223.11,-236.87,65.491
88.385,-45.668,102.26
70.831,-81.361,132.86
105.86,-99.083,131.34
159.03,-107.01,91.349
148.63,-96.511,97.329
204.38,-150.05,84.475
84.64,-49.345,138.75
299.45,-243.84,37.419
329.83,-270.03,39.671
341.83,-286.37,45.841
273.49,-246.66,77.839
243.79,-190.46,77.881
60.943,-49.424,96.198
275.99,-228.6,73.228
115.11,-126.49,116.11
171.15,-145.17,63.028
307.22,-249.42,52.046
162.65,-116.13,79.525
284.9,-295.78,37.748
140.25,-89.499,109.13
44.032,-41.416,150
91.527,-97.612,89.063
72.313,-23.124,121.88
79.97,-59.235,142.4
301.18,-242.56,49.152
253.14,-241.32,81.566
256.16,-241.51,81.507
279.1,-268.17,71.518
137.96,-155.21,89.431
114.27,-65.624,119.69
173.53,-125.42,104.46
87.166,-43.434,103.88
244.25,-228.27,86.31
69.296,-20.34,127.85
92.067,-78.366,86.557
258.47,-251.78,77.126
257.36,-229.61,83.661
118.81,-130.68,114.16
83.613,-102.74,113.96
144.02,-142.24,116.13
309.67,-303.57,57.312
76.485,-27.165,120.33
313.28,-263.12,24.544
64.339,-29.419,144.88
205.31,-219.77,66.71
294.88,-269.45,69.994
235.12,-228.77,39.163
201.04,-151.57,95.137
320.22,-292.94,61.1
300.44,-307.01,48.567
166.2,-114.28,100.36
170.98,-153.17,112.53
275.72,-282.83,32.635
133.91,-83.425,97.677
149.84,-131.11,119.72
186.88,-197.61,89.599
306.61,-264.97,20.511
150.52,-149.92,68.535
129.58,-137.61,78.571
43.541,-26.296,153.57
316.91,-257.77,39.313
288.78,-291.17,58.583
49.634,-69.945,115.56
265.64,-208.81,63.786
79.481,-94.559,98.797
190.34,-137.29,92.014
175.84,-187.58,68.057
96.071,-114.12,112.13
315.54,-259.97,53.715
278.02,-289.41,46.086
295.17,-303.24,28.151
139.85,-93.815,116.11
241.5,-254.45,54.328
33.805,-5.7309,109.73
310.11,-256.29,30.083
178.4,-139.39,66.938
84.138,-103.63,107.58
216.22,-175.03,54.663
164.78,-163.75,108.44
120.3,-137.56,92.226
99.206,-95.581,132.31
271.57,-225.07,37.584
296.61,-259.88,21.64
300.32,-302.87,53.799
92.557,-49.369,131.98
101.19,-58.101,98.1
207.49,-199.22,48.445
122.61,-71.348,108.05
27.412,-44.779,115.33
59.928,-74.133,103.31
37.653,-52.16,109.74
187.12,-162.71,57.044
124.27,-132.3,116.19
198.11,-150.13,67.867
286.88,-228.82,52.962
104.06,-66.333,92.198
53.198,-71.225,109.58
320.03,-280.18,60.92
66.166,-42.612,146.65
189.18,-191.15,97.642
220.86,-230.8,52.612
165,-112.77,89.28
107.69,-73.949,132.33
212.56,-175.19,53.504
259.31,-208.7,46.737
156.86,-121.18,116.55
305.48,-313.01,44.726
259.26,-244.17,30.04
112.96,-105.94,129.06
150.27,-163.46,100.33
48.085,-13.521,149.8
96.525,-67.353,136.75
58.565,-27.261,147.78
42.071,-10.133,109.16
234.26,-237.6,42.849
189,-140.02,72.691
255.83,-200.01,57.891
30.791,-51.54,120.43
112.54,-120.47,83.634
77.502,-34.022,135.88
75.636,-26.258,121.51
14.759,-27.05,114.63
265.53,-256.74,28.22
236.63,-233.03,83.596
186.5,-195.81,91.644
169.4,-124,108.06
290.19,-293.75,24.783
265.1,-215.54,75.352
321.47,-277.45,59.406
173.99,-175.34,61.656
105.28,-72.353,133.29
217.68,-174.83,94.688
270.95,-280.81,38.042
248.44,-237.27,83.045
304.86,-297.88,59.698
110.9,-73.535,89.556
246.32,-257.46,63.447
297.75,-306.15,27.978
308.04,-254.19,57.995
318.85,-263.96,53.542
63.045,-82.386,122.6
144.49,-161.56,92.014
80.839,-44.419,99.186
115.36,-131.89,107.95
61.199,-13.863,119.64
327.22,-268.7,45.303
186.04,-196.77,89.943
53.597,-17.484,108.18
49.256,-48.077,147.69
212.36,-212.11,90.591
254.09,-203.05,77.564
62.528,-30.351,146.35
49.865,-10.616,112.14
224.89,-222.15,43.494
184.09,-197.5,68.222
301.29,-279.03,15.565
337.36,-283.78,49.017
147.86,-130.94,120.09
192.08,-205.85,81.688
133.12,-143.01,78.771
141.89,-91.182,94.839
305.63,-287.77,13.619
24.39,-30.921,151.74
291.59,-256.82,71.501
90.609,-78.092,86.895
201.28,-213.34,81.454
233.85,-213.9,91.082
53.947,-35.878,99.524
32.093,-46.934,111.56
111.39,-67.273,125.9
101.28,-78.59,135.74
116.96,-120.98,80.483
93.649,-108.66,94.855
107.19,-97.647,81.398
213.3,-159.3,84.32
39.634,-22.397,154.78
135.16,-151.46,100.1
171.6,-134.02,111.35
186.75,-200.34,84.526
65.942,-24.189,109.11
335.43,-276.54,42.357
92.127,-108.39,96.945
83.828,-40.542,134.32
145.53,-146.54,70.565
82.723,-33.037,121.62
191.97,-148.21,65.759
206.83,-170.18,100.33
166.01,-166.33,107.18
169.22,-177.18,99.785
50.998,-51.379,146.4
275.66,-219.04,62.686
222.67,-225.15,84.543
153,-115.49,129.87
144.63,-91.7,85.245
187.8,-114.89,113.39
143.08,-65.881,111.96
328.36,-245.42,41.909
212.85,-201.95,80.54
281.64,-258.84,39.749
35.018,-29.191,128.81
212.67,-195.75,95.39
216.14,-193.53,61.356
68.995,-60.362,115.92
48.878,-10.346,163.76
159.81,-135.16,121.8
234.8,-179.57,104.56
256.78,-221.1,92.611
130.76,-94.259,137
346.3,-260.91,40.588
154.63,-141.77,87.487
219.02,-194.94,99.921
82.59,-50.199,151.52
326.42,-302.98,57.142
143.46,-100.1,82.956
292.28,-209.6,69.388
186.67,-175.46,96.195
106.27,-92.019,99.999
243.37,-188.51,101.6
229.16,-212.42,61.389
214.64,-188.84,102.82
83.712,-76.552,114.83
162.51,-133.5,123.33
157.33,-147.69,104.8
192.21,-140.72,68.52
253.49,-171.74,75.821
110.26,-97.439,129.14
53.828,-3.2959,162.65
218.23,-140.66,99.319
90.369,-46.03,100.49
119.04,-46.216,109.95
176.03,-98.193,97.939
42.867,-38.054,140.05
172.73,-163.49,94.244
243.68,-167.76,94.019
257.45,-204.4,96.603
99.225,-66.61,146.19
192.11,-181.79,90.272
197.28,-164.59,64.785
126.47,-65.263,138.39
176.03,-117.46,77.004
213.6,-144.11,70.875
143.38,-115.37,82.911
245.28,-232.68,71.957
136.9,-63.264,126.79
62.211,-21.88,159.84
167.91,-102.05,84.47
336.25,-274.14,19.859
337.41,-280.76,17.417
193.63,-141.64,118.45
330.12,-261.98,25.317
134.83,-112.04,129.34
195.58,-184.65,80.388
331.2,-285.23,68.784
160.42,-146.11,112.28
180.29,-158.81,73.352
169.47,-149.77,114.64
87.643,-30.936,151.39
157.36,-143.67,112.61
165.12,-92.896,91.721
322.44,-268.72,73.433
46.572,-38.892,145.25
337.67,-258.08,61.215
70.909,-3.746,119.85
180.87,-120.69,76.164
89.82,-75.953,137.72
218.62,-170.05,109.84
83.751,-43.663,101.78
135.84,-92.122,85.534
306.52,-291.31,50.076
200.98,-162.12,113.95
314.07,-290.66,28.776
350.9,-267.86,32.16
52.731,-8.5486,163.15
283.87,-204.07,77.389
285.46,-240.19,33.981
109.62,-98.138,101.57
225.7,-161.43,106.28
319.95,-236.11,59.699
248.62,-197.2,48.465
205.82,-173.53,61.979
160.96,-150.45,105.58
251.31,-209.48,45.896
119.92,-47.567,132.96
303.35,-265.4,76.245
111.64,-40.91,109.6
98.74,-29.356,141.84
346.68,-260.83,44.529
188.32,-167.82,71.34
279.43,-196.61,66.249
312.54,-251.02,28.462
243.03,-173.68,98.709
267.3,-186.89,81.105
97.611,-57.079,148.69
36.692,-28.941,125.44
235.38,-219.55,84.57
206.68,-134.76,108.61
127.65,-101.47,133.86
249.22,-188.97,51.543
192.29,-113.6,102.99
240.17,-224.44,82.381
142.99,-120.6,84.569
46.852,-8.2185,113.2
157.86,-146.05,87.942
142.23,-84.25,88.363
138.8,-130.81,106.76
176.23,-120.84,75.459
68.711,-37.814,155.49
317.44,-233.42,59.63
102.51,-60.917,96.026
222.83,-197.39,99.502
217.17,-200.3,64.957
87.556,-31.798,151.62
48.969,-42.613,124.52
233.44,-219.83,81.182
238.91,-158.58,88.306
326.46,-241.92,55.865
203.9,-146.49,114.78
304.4,-288.1,55.112
113.77,-40.519,133.34
81.33,-12.208,118.47
74.431,-8.2372,151.15
299.46,-215.84,58.688
164.02,-155.1,97.736
115.46,-70.835,92.416
315.83,-246.13,74.165
155.02,-137.39,118
30.293,-26.621,137.02
57.369,-51.728,136.49
284.32,-214.5,84.756
65.355,-18.406,159.3
203.95,-189.58,95.289
63.32,-43.672,151.66
295.1,-276.63,39.31
222.4,-199.92,59.379
275.92,-260.43,49.4
103.54,-96.962,118.09
355.4,-269.82,46.446
206.52,-195.09,76.495
235.26,-165.85,101.2
188.78,-122.96,117.49
310.55,-228.44,48.091
66.071,-15.478,158.91
77.507,-20.554,109.59
215.96,-135.72,91.493
279.91,-198.14,61.369
114.28,-53.874,99.334
89.465,-31.491,106.21
160.99,-106.66,128.97
203.31,-172.27,63
124.31,-116.99,110.43
174.45,-136.18,122.86
184.02,-131.71,121.61
83.586,-63.807,103.65
187.48,-110.88,109.02
274.42,-191.94,73.319
319.78,-249.96,72.774
114.2,-106.93,108.5
236.22,-215.92,89.896
142.35,-68.198,103.23
92.172,-86.174,119.09
342.91,-257.71,50.26
272.52,-243.88,40.042
148.14,-81.213,129.35
166.8,-136.63,122.42
228.88,-207.07,94.249
284.82,-252.93,80.126
96.613,-26.728,141.95
264.79,-182.51,72.498
155.09,-120.61,128.2
198.71,-119.34,93.445
174.14,-164.18,87.882
290.73,-219.27,81.902
152.7,-75.658,105.97
241.49,-229.32,71.244
87.033,-12.914,137.83
97.176,-55.244,97.801
88.857,-81.149,128.96
267.99,-249.94,74.261
324.32,-270.46,21.439
158.83,-81.706,114.6
315.11,-251.37,28.553
232.79,-211.66,56.74
271.68,-198.73,87.412
243.66,-231.4,67.469
236.28,-186.6,52.488
212.86,-135,81.918
321.3,-300.36,56.181
218.45,-192.98,101.17
153.92,-145.43,100.79
221.08,-209.03,71.451
213.24,-133.12,90.231
197.23,-118.12,100.43
326.19,-267.97,22.07
137.42,-65.077,128.23
303.72,-277.27,30.4
321.79,-297.03,25.361
211,-149.82,111.85
87.224,-39.535,152.54
266.38,-253.18,61.7
311.7,-243.13,75.934
80.337,-15.638,150.42
91.08,-80.668,133
293.91,-246.25,82.808
92.258,-78.649,136.57
185.81,-175.54,84.616
342.35,-274.83,20.297
143.47,-87.319,134.32
248.52,-167.26,82.997
179.91,-158.11,112.61
71.029,-1.0248,148.69
241.57,-160.61,77.93
91.82,-67.503,99.762
135.15,-78.19,136.79
72.706,-49.039,105.72
322.44,-293.18,63.962
190.15,-118.54,81.665
173.02,-110.46,80.326
303.17,-225.61,44.004
325.41,-288.23,67.619
81.784,-20.888,110.65
275.47,-256.41,44.699
167.82,-149.15,78.725
79.54,-24.491,107.91
273.17,-226.34,90.157
82.118,-51.631,101.85
136.62,-63.558,103.63
322.28,-255.89,72.868
271.08,-257.28,63.279
57.742,-23.198,160.11
276.52,-262.84,55.834
295.13,-211.52,62.27
131.47,-123.53,110.68
169.08,-159.8,97.369
328.13,-273.13,20.345
214.6,-193.15,62.464
261.38,-244.65,51.603
167.35,-120.1,126.89
131.11,-57.002,127.6
126.82,-119.45,108.65
129.93,-81.027,139.11
68.026,5.8419,142.13
64.869,-38.902,154.72
228.35,-160.32,64.153
275.98,-224.4,89.874
200.97,-175.37,65.095
118.86,-93.363,136.49
150.86,-125.18,125.56
53.952,-6.3799,162.81
217.75,-193.69,100.39
164.5,-139.77,77.041
325.16,-242.33,60.779
54.532,-29.744,157.54
355.88,-269.68,40.085
249.71,-170.82,68.325
136.6,-115.98,127.17
198.21,-146.07,116.94
154.6,-114.16,130.07
93.514,-54.581,98.525
238.74,-171.74,101.1
196.66,-148,117.29
35.076,-16.398,118.41
233.19,-221.31,74.849
191.27,-154.06,66.553
219.88,-196.48,99.059
300.6,-269.8,73.444
56.98,-7.7719,112.7
319.04,-260.13,74.858
136.49,-104.78,133.45
216.37,-141.49,103.2
322.03,-305.84,46.056
159.05,-89.378,124.39
309.56,-289.66,33.254
312.31,-269.68,24.219
116.41,-84.753,140.16
91.232,-80.782,107.76
134.72,-125.9,99.403
115.54,-46.596,137.52
338.62,-257.52,34.151
57.872,5.29,157.74
88.541,-31.789,151.11
57.249,-22.96,160.2
166.7,-88.531,108.52
262.29,-186.44,58.522
102.04,-35.132,108.7
353.26,-267.26,44.592
167.22,-89.199,103.15
63.118,-0.87065,156.7
277.23,-194.88,64.815
203.9,-191.59,91.34
220.36,-147.76,103.95
327.51,-242.86,47.616
116.22,-108.3,105.82
181.02,-110.23,84.169
68.049,-50.252,109.07
217.14,-156.12,109.87
210.7,-132.28,99.716
78.412,-3.5944,134.64
234.82,-187.83,52.432
245.66,-198.92,100.07
65.633,-37.592,155.39
240.75,-160.63,75.193
223.66,-164.59,108.04
160.67,-84.624,116.79
163.78,-108.85,128.02
316.47,-275.9,22.755
282.35,-201.6,57.758
76.132,-16.789,111.5
228.86,-209.18,92.152
338.21,-281.25,68.02
332.75,-247.51,50.207
140.84,-67.342,102.72
259.3,-184.91,90.455
259.51,-204.92,95.93
51.095,-42.922,144.38
256.75,-179.3,62.955
83.014,-11.367,121.53
272.89,-253.16,74.502
118.71,-42.88,117.31
77.87,-66.913,138.61
59.643,10.66,151.33
172.24,-156.96,79.929
220.43,-147.7,103.83
110.73,-103.05,119.58
78.204,-41.418,154.14
174.25,-105.49,84.646
85.908,-70.373,140.73
164.42,-127.79,125.76
309.52,-241.95,32.83
177.11,-167.44,95.186
107.46,-73.453,93.792
307.87,-280.1,68.477
98.954,-38.435,104.61
235.2,-202.34,51.884
248.64,-167.04,80.369
307.54,-250.15,78.948
230.74,-218.84,76.622
104.04,-44.172,145.6
169.51,-154.82,81.287
199.27,-126.85,79.146
285.31,-225.72,37.782
317.85,-280.28,70.64
199.47,-137.97,70.34
245.71,-164.65,84.365
310.3,-226.04,58.414
260.94,-218.68,42.493
82.274,-58.427,147.9
188.16,-173.71,76.13
105.73,-93.898,102.27
133.82,-68.703,134.58
171.34,-157.69,81.865
136.44,-126.75,113.95
185.37,-108.81,109.63
343.6,-258.3,41.697
250.72,-235.64,57.115
94.665,-22.159,139.29
265.08,-188.2,86.503
316.2,-236.81,41.044
338.65,-270.53,66.818
159.85,-83.574,100.54
188.24,-142.92,68.344
305.51,-226.41,45.071
302.95,-251.3,28.715
280.71,-266.91,56.176
159.88,-134.49,78.304
237.28,-186.2,52.487
344.8,-265.59,29.054
158.77,-142.68,83.224
197.45,-156.51,115.74
238.2,-225.7,66.452
83.51,-18.884,149.55
124.24,-79.814,89.494
165.83,-141.15,76.641
79.043,-4.2103,134.89
320.79,-236.31,50.755
316.57,-262.8,75.545
239.76,-227.07,75.422
32.339,-23.371,152.39
146.49,-69.235,110.25
183.08,-128.84,121.85
136.38,-127.41,98.635
199.51,-126.06,109.48
236.57,-199.6,51.044
306.93,-237.18,35.288
231.39,-163.42,103.11
299.1,-255.9,79.77
72.433,1.5088,131.28
56.722,-23.121,109.66
58.639,-53.941,129.51
312.49,-263.52,24.73
221.15,-166,109.22
162.07,-143.91,80.791
308.64,-238.13,35.183
154.61,-106.83,131.1
71.078,-14.639,156.42
300.63,-259.46,78.532
222.37,-190.79,56.49
164.43,-88.427,115.94
148.82,-79.332,94.597
301.7,-221.28,71.287
326.19,-293.17,65.057
101.5,-55.671,97.261
236.51,-156.75,90.421
226.3,-147.8,95.606
215.27,-136.42,97.649
201.46,-157.82,63.569
251.14,-237.01,58.797
303.52,-272.48,28.721
122.92,-53.976,135.42
50.205,-40.919,146.36
313.14,-283.39,67.91
251.61,-211.99,96.068
291.93,-233.42,84.443
159.88,-96.165,127.26
216.55,-152.97,109.46
53.194,-20.296,110.73
302.41,-275.24,30.506
240.42,-227.45,64.337
108.28,-98.41,125.59
201.07,-158.03,63.624
273.18,-194.63,57.754
72.779,-56.089,146.26
285.93,-211.45,47.501
273.95,-221.66,39.449
263.88,-250.44,58.086
324.89,-272.71,20.834
86.807,-12.341,136.78
240.76,-172.12,59.94
234.58,-199.37,100.63
85.193,-67.095,143.14
260.22,-188.18,91.699
7.1644,-125.09,98.212
-20.089,-139.48,79.748
36.075,-178.1,38.008
152.15,-236.1,32.062
-7.3909,-122.8,50.429
106.68,-195.07,35.947
-47.39,-113.33,85.507
236.61,-338.04,21.975
92.363,-221.37,68.262
228.96,-376.05,-9.1178
171.01,-314.87,-2.3242
150.67,-237.94,41.299
100.82,-236.73,16.048
234.02,-313.56,-4.1195
17.112,-141.48,94.436
4.729,-127,98.711
-34.817,-77.779,63.528
-9.6092,-138.26,93.013
7.2331,-135.26,96.915
242.38,-341.59,19.8
4.7947,-105.04,58.229
211,-359.34,-2.6421
-37.383,-99.517,108.57
189.5,-292.91,37.939
94.33,-235.43,61.611
15.708,-105.66,70.194
114.41,-239.75,10.925
206.25,-286.68,10.184
70.161,-217.83,30.085
-21.285,-84.449,105.34
141.9,-290.16,36.167
25.975,-143.45,92.216
105.99,-246.14,58.032
22.513,-149.19,41.078
31.511,-159.83,88.895
95.951,-196.49,26.058
225.85,-305.05,7.769
11.457,-101.07,78.119
107.27,-260.2,43.305
136.59,-241.3,55.565
214.9,-361.3,5.6631
-52.467,-106.24,94.683
0.30907,-136.71,96.459
60.052,-185.04,80.223
-46.769,-102.13,104.68
164.54,-261.03,3.4475
87.501,-243.11,44.986
146.73,-299.46,20.222
16.849,-136.43,44.214
135,-249.84,5.5366
131.33,-216.37,38.496
-28.218,-111.21,104.45
171.09,-317.7,25.768
-21.105,-131.78,60.918
-1.4921,-90.013,87.829
171.95,-316.8,-1.7541
137.51,-235.14,53.184
56.106,-183.08,81.077
172.13,-285.46,-7.3013
227.64,-323.86,-20.757
193.2,-293.51,-9.9984
224.92,-370.53,2.4804
215.88,-321.85,-20.922
196.33,-300.66,35.747
-48.952,-73.104,64.885
14.836,-146.87,43.294
32.403,-149.19,39.874
206.59,-301.88,-12.057
-30.549,-119.71,98.065
174.64,-323.95,3.6452
-4.1537,-142.05,92.441
217.85,-341.19,25.216
78.264,-209.34,22.795
-25.137,-92.826,108.43
82.159,-232.53,57.612
173.9,-259.79,11.229
100.77,-212.39,67.964
146.64,-231.1,28.915
10.529,-108.86,92.081
199.95,-300.09,33.978
168.88,-307.91,34.832
81.609,-202.28,73.826
63.235,-159.18,74.709
-29.637,-63.189,79.645
113.04,-211.98,21.06
9.3543,-168.59,66.436
21.208,-168,44.432
-8.6697,-81.371,81.45
130.46,-269.4,49.796
61.104,-149.16,62.239
-25.814,-65.363,93.084
193.88,-312.56,35.387
212.38,-292.37,11.156
231.42,-366.48,-25.876
38.032,-126.84,66.072
157.35,-292.89,41.79
-22.467,-137.55,73.368
214.55,-344.72,-22.203
9.4725,-160.95,83.096
-52.57,-104.69,97.383
13.161,-126.23,96.137
196.92,-331.91,-15.099
72.349,-172.46,34.79
38.375,-158.26,37.043
101.8,-223.83,15.492
94.511,-229.23,65.218
137.28,-286.06,37.414
-1.875,-105.57,55.338
32.828,-125.49,80.334
193.59,-330.17,27.019
4.2863,-129.09,98.507
179.86,-284,-6.9073
143.75,-292.1,9.4903
89.062,-179.78,38.808
-14.016,-134.41,55.961
8.5316,-98.407,80.341
240.95,-344.65,-29.297
-34.324,-107.29,105.34
-7.1025,-114.07,102.59
-46.717,-95.056,109.34
84.177,-171.26,52.834
241.25,-327.89,-18.664
106.59,-211,19.807
60.373,-162.7,37.379
-0.63038,-152.67,55.245
211.27,-291.29,10.384
240.66,-366.2,15.761
34.511,-180.15,79.544
112.87,-211.05,61.03
-43.254,-84.837,113.15
59.709,-174.86,31.255
230.19,-341.55,-27.577
108.75,-263.81,33.863
245.54,-340.86,-27.077
-58.994,-87.88,68.998
5.5603,-95.25,79.085
64.504,-181.77,29.005
106.53,-261.64,35.896
134.09,-284.53,14.663
260.65,-352.62,12.193
2.3521,-160.47,61.107
22.862,-130.44,92.207
45.887,-140.23,78.47
59.095,-208.7,34.71
67.087,-158.69,45.915
245.08,-323.17,2.3558
93.176,-195.45,68.74
236.49,-368.8,-28.622
191.38,-325.07,29.9
-29.589,-65.726,75.427
74.321,-196.43,76.025
266.9,-348.74,4.3666
88.079,-201.46,72.148
258.51,-340.84,7.1495
119.21,-208.48,29.156
220.06,-315.02,26.138
118.29,-238.75,10.14
-45.175,-99.53,63.998
119.57,-272.94,36.355
112.57,-235.25,11.776
139.58,-268.06,51.912
8.3856,-99.307,69.909
-8.0959,-151.6,69.382
184.46,-296.85,39.757
179.42,-271.8,37.696
106.47,-256.84,48.046
245.93,-340.94,-27.042
140.71,-274.6,2.7281
163.58,-290.52,-5.7169
104.93,-194.7,34.087
108.92,-207.95,62.628
187.74,-273.55,5.1225
-42.177,-105.33,64.111
223.93,-345.69,-26.368
214.38,-347.25,21.558
-27.917,-113.96,57.89
137.18,-222.26,31.503
132.4,-223.09,50.192
175.7,-268.12,38.844
-13.414,-138.94,90.153
150.37,-278.48,-1.199
33.732,-179.55,79.675
75.138,-231.33,40.11
123.99,-277.63,32.948
-44.682,-93.16,110.55
32.075,-184.92,73.308
65.955,-186.47,27.742
232.39,-323.5,-19.088
-5.4727,-106.16,54.364
186.77,-332.47,-4.9108
211.36,-331.88,-22.064
214.04,-322.33,-21.004
186.23,-291.54,39.222
222.77,-368.81,2.517
-33.759,-121.06,94.297
-52.939,-105.27,95.865
219.04,-313.55,-16.353
125.93,-247.72,7.3431
183.24,-286.15,39.958
163.45,-302.6,-2.8985
182.23,-327.52,22.792
108.47,-238.85,12.891
92.211,-247.64,34.617
52.376,-172.9,83.466
225.69,-313.87,-13.821
19.363,-168.15,82.242
79.92,-173.27,67.713
237.78,-319.66,12.118
237.16,-321.76,-14.67
-18.46,-130.2,57.424
69.783,-221.14,61.087
220.56,-299.97,6.2724
25.696,-146.04,41.12
78.887,-182.82,29.846
12.506,-170.55,71.289
143.28,-296.04,19.079
-21.973,-107.52,55.105
208.52,-312.45,-17.436
223.74,-371.25,-5.4275
223.96,-365.9,-18.941
202.58,-349.15,-7.546
183.68,-324.42,-8.2408
132.97,-286.59,25.276
181.97,-314.78,-10.971
-6.1003,-91.488,64.509
-45.918,-102.25,65.54
-1.9295,-132.48,48.705
165.19,-287.67,44.682
201.62,-291.7,-5.8688
157.31,-308.55,11.625
-55.941,-86.36,66.682
-15.594,-127.53,98.304
139.13,-238.03,11.426
-32.408,-108.4,105.14
153.89,-259.86,50.085
100.87,-250.2,22.335
219.66,-302.39,-4.2308
-34.905,-105.52,59.756
63.329,-219.05,41.058
124.18,-241.43,8.7275
156.35,-305.48,28.273
59.904,-156.09,42.755
138.91,-249.94,55.385
19.106,-163.31,85.924
167.37,-298.26,40.607
106.32,-193.14,40.446
117.49,-271.87,33.226
94.029,-247.84,29.898
96.996,-232.16,64.129
157.83,-304.12,3.5198
84.543,-235.92,55.364
1.1981,-102.18,96.458
61.644,-186.98,79.618
114.42,-242.43,60.99
217.55,-362.68,-13.36
133.63,-261.52,4.4246
98.971,-223.1,16.189
110.41,-248.54,57.722
45.817,-196.1,39.135
191.97,-295.42,37.121
46.693,-139.65,76.805
140.38,-285.91,40.211
8.8653,-113.19,95.577
36.039,-127.21,58.657
213.97,-361.79,-6.039
-14.758,-143.32,82.059
65.31,-153.57,62.965
193.13,-295.44,36.59
0.8955,-159.91,64.18
30.802,-120.26,74.201
98.165,-211.31,68.857
258.47,-338.59,4.5582
27.367,-152.69,39.658
138.38,-286.9,37.31
172.89,-309.87,-6.7566
71.061,-199.68,75.613
33.261,-122.35,66.463
54.719,-193.79,76.798
-17.404,-72.934,87.325
167.14,-278.22,-4.8813
167.73,-310.99,-1.8297
218,-362.18,-14.82
-6.1173,-84.225,77.817
245.24,-347.21,-30.217
128.9,-276.43,42.613
145.19,-230.23,37.952
46.168,-172.27,33.425
171.3,-254,24.28
72.794,-227.28,54.833
65.934,-162.83,39.865
44.388,-201.91,58.652
230.39,-359.75,17.594
227.36,-321.18,-19.114
187.73,-281.27,35.758
144.85,-294.25,33.079
238.88,-356.23,-31.417
197.62,-318.83,-17.36
146.88,-289.66,40.36
185.84,-324.49,-10.062
207.24,-330.83,-20.641
147.69,-259.21,1.9982
-39.064,-121.5,82.252
129.66,-283.32,29.026
193.86,-275.32,12.873
64.716,-212.32,67.099
-59.519,-100.71,81.98
124.12,-232.65,11.553
26.885,-185.48,61.41
132.71,-217.66,36.15
204.85,-285.63,15.87
241.46,-371.63,12.854
118.24,-226.58,13.724
248.86,-355.6,17.852
40.665,-184.65,78.607
181.99,-265,13.78
37.832,-132.64,52.313
239.71,-350.33,-30.815
-11.847,-103.21,55.022
211.98,-292.93,3.6631
54.172,-144.9,71.686
-20.357,-74.428,98.079
251.15,-328.53,-1.7668
156.37,-270.84,49.307
212.04,-317.96,-19.499
-32.272,-77.534,109.84
7.6165,-155.46,49.092
114.06,-221.19,15.754
179.02,-261.22,22.013
-12.53,-112.97,103.79
224.38,-308.73,-8.8433
66.737,-220.7,58.323
2.7973,-124.45,48.3
-28.444,-85.631,109.29
159.59,-262.91,47.822
165.85,-248.95,24.097
26.184,-117.5,62.141
73.897,-163.42,64.455
-34.865,-125.02,75.075
218.77,-302.71,19.556
-43.595,-116.91,85.367
-36.591,-85.086,60.988
4.3526,-160.29,56.716
59.04,-183.5,29.383
114.1,-201.15,36.012
253.82,-331.04,-6.2883
142.98,-237.62,50.021
57.475,-155.03,42.276
158.11,-242.16,32.739
75.063,-191.12,25.798
217.27,-359.67,-16.653
263.95,-343.95,-19.881
188.88,-278.28,0.043817
209.83,-300.39,27.45
78.325,-195.36,75.26
98.918,-254.47,35.435
179.83,-305.15,-11.288
44.39,-201.97,50.614
165.9,-261.87,3.3115
232.52,-338.08,-26.862
183.66,-305.81,-12.596
220.76,-355.25,-22.81
137.23,-223.28,27.988
159.88,-276.98,47.756
111.57,-265.82,37.544
234.91,-367.82,-27.892
-11.91,-78.392,86.335
182.34,-279.13,-3.6884
25.24,-168.7,41.84
229.57,-317.27,19.782
112.91,-260.37,49.124
150.71,-239.56,16.741
-27.55,-84.591,61.358
69.888,-190.74,77.675
153.47,-237.27,30.223
237.78,-372.3,11.153
81.73,-226.38,63.508
186.9,-308.35,-13.682
179.96,-315.51,-9.5162
136.26,-270.68,4.2847
228.95,-332.47,24.701
11.769,-102.79,68.344
170.55,-314.53,-2.098
194.53,-299.68,36.414
47.409,-141.82,49.316
239.51,-367.05,-30.941
3.7127,-123.17,99.259
56.468,-145.61,67.765
163.65,-314.68,19.567
229.63,-361.83,16.088
-9.4514,-94.665,59.981
226.97,-356.62,18.736
137.34,-282.33,42.03
127.58,-213.8,44.609
178.97,-303.65,38.972
35.605,-168.38,86.151
219.25,-300.88,-1.876
231.4,-366.82,12.955
85.896,-175.68,61.818
28.277,-185.94,65.685
194.4,-317.42,-16.285
219.01,-361.09,-17.435
113.99,-260.79,16.478
192.13,-316.17,-15.499
43.31,-201.03,58.201
191.32,-341.02,4.3386
114.74,-200.96,38.667
14.933,-166.08,48.916
-39.998,-89.336,111.83
124.53,-274.9,40.472
192.81,-310.85,-15.458
204.9,-287.8,2.3642
-32.256,-77.346,109.79
57.678,-201.37,31.875
61.133,-217.52,55.043
167.39,-251.33,18.833
241.89,-321,6.2165
-2.6659,-136.15,96.349
-17.679,-139.15,64.076
-33.281,-91.944,59.206
233.68,-374.11,-23.049
47.942,-175.46,83.656
191.96,-315.11,-15.453
16.226,-174.71,59.138
125.95,-262.9,52.749
-29.264,-66.796,102.01
-28.183,-68.804,102.55
100.06,-235.85,16.268
257.82,-335.28,-0.99893
-19.253,-89.045,105.45
39.576,-178.22,82.23
129.33,-239.1,58.522
167.01,-266.78,0.26784
-24.201,-79.881,105.62
128.66,-213.8,38.049
9.4714,-141.78,94.98
195.87,-276.93,15.072
38.849,-166.95,86.525
159.21,-268.39,-1.3665
227.57,-363.05,14.514
93.872,-169.56,63.819
65.562,-142.18,84.809
180.3,-307.64,50.86
98.714,-173.58,72.191
-37.653,-110.15,105.96
-5.2329,-76.393,112.9
117.89,-222.23,31.668
229.83,-324.31,-5.4794
66.081,-145.96,66.265
-9.9819,-75.397,117.99
24.524,-171.12,83.064
174.95,-284.67,62.062
60.935,-205.67,64.949
94.903,-223.19,39.535
105.56,-219.99,85.054
187.88,-325.95,29.413
47.731,-125.51,77.53
213.52,-348.9,25.01
66.082,-169.29,49.547
111.6,-205.42,37.805
116.95,-199.56,43.91
37.09,-142.01,109.08
136.33,-209.17,55.717
99.424,-232.71,40.316
163.67,-270.58,15.264
64.61,-206.94,58.617
49.19,-127.15,76.468
232.77,-308.06,39.006
150.6,-290.5,45.528
-10.484,-127.5,111.79
146.63,-220.64,44.499
141.26,-219.28,39.785
28.671,-157.27,105.29
227.8,-358.12,0.76063
64.346,-209.45,66.732
17.971,-103.09,76.993
-32.452,-82.706,79.032
147.8,-286.74,32.562
86.496,-188.91,42.908
212.45,-346.55,28.729
130.73,-271.63,53.117
250.6,-337.1,37.55
119.48,-213.93,34.712
172.62,-243.65,41.115
220.38,-324.72,-4.2513
233.73,-315.29,41.844
-45.942,-96.332,119.41
-27.226,-120.71,94.816
193.81,-288.23,7.6987
78.073,-211.66,84.55
109.04,-205.1,37.62
97.128,-226.74,80.775
7.8543,-96.425,77.192
129.94,-270.64,54.099
216.75,-349.1,5.9942
57.898,-180.86,98.189
159.03,-260.13,18.118
121.55,-261.05,60.646
44.194,-128.75,101.28
-45.279,-101.52,111.9
236.93,-335.38,42.31
65.521,-159.07,53.991
-32.698,-92.468,127.26
270.48,-335.16,6.3938
106.54,-244.28,41.539
140.32,-233.9,75.019
87.66,-162.7,74.042
88.097,-200.92,91.368
238.72,-372.71,4.5249
151.23,-229.42,35.534
244.97,-353.17,-12.95
-26.295,-65.005,86.483
265.62,-330.44,15.282
178.46,-308.57,14.654
161.23,-286.16,17.449
122.62,-264.93,51.557
64.959,-201.36,86.706
74.479,-187.83,44.669
187.18,-291.45,58.936
153.21,-291.17,49.209
10.96,-88.826,92.418
133.94,-218.43,74.23
51.742,-195.69,64.786
-0.57358,-109.22,69.73
42.026,-118.71,84.468
128.4,-248.14,75.183
112.87,-243.36,34.792
20.136,-143.98,110.5
129.77,-214.46,37.248
-13.306,-84.972,124.44
174.78,-254.15,24.632
240.13,-358.81,33.818
179.06,-272.18,62.198
253.22,-335.18,35.723
175.98,-289.44,10.629
34.037,-154.78,57.594
216.96,-313.33,49.418
93.879,-168.72,72.473
273.39,-339.1,17.242
-47.158,-94.76,120.25
133.39,-256.58,25.919
220.75,-288.37,27.565
162.74,-285.88,60.733
180.27,-251.19,36.502
235.78,-323.04,42.581
-12.65,-65.511,101.47
90.61,-200.6,91.104
259.87,-336.37,31.532
-14.317,-101.45,73.188
226.85,-334.56,43.907
89.476,-227.97,47.111
240.5,-335.66,41.353
187.96,-293.15,58.49
186.12,-288.54,59.592
14.596,-96.8,81.683
125.88,-264.21,36.918
62.785,-164.96,100.81
118.67,-238.5,30.178
6.6621,-140.7,109.23
207.22,-287.64,10.639
31.291,-134.98,110.94
210.72,-335.81,40.649
77.77,-186.79,44.179
255.66,-357.23,35.158
144.4,-285.22,45.353
255.24,-349.1,-14.513
204.46,-281.26,48.392
-9.5139,-74.387,116.6
-6.6356,-127.68,113.5
248.45,-367.77,30.17
139.48,-219.56,37.978
69.437,-214.41,66.281
186.97,-293.14,7.2058
11.533,-157.01,93.474
32.655,-129.37,63.474
-23.487,-108.16,77.414
33.105,-110.41,93.923
117.9,-252.82,35.862
-16.851,-130.82,91.459
21.068,-144.77,61.939
-41.81,-105.94,107.87
93.578,-180.44,87.739
-51.46,-94.206,116.46
32.923,-128.37,64.057
52.738,-188.58,55.894
139.61,-278.05,33.599
24.205,-102.91,100.04
114.24,-228.69,82.082
87.47,-230.95,66.221
245.19,-333.92,-8.9549
175.29,-285.51,61.797
18.571,-165.24,86.058
82.158,-225.82,68.159
273.26,-337.31,9.7493
35.256,-179.51,69.494
170.23,-242.88,52.48
215.73,-310.51,-0.44192
90.073,-172.73,53.811
28.595,-107.45,99.208
31.37,-138.61,59.937
-22.731,-116.74,80.841
-27.76,-73.204,81.383
47.315,-137.08,62.756
248.72,-316.73,8.3637
42.814,-142.01,58.886
143.43,-240.4,74.354
-12.686,-79.499,81.298
149.14,-248.34,72.517
67.353,-174.38,48.064
127.37,-263.68,34.306
238.15,-347.35,39.275
187.14,-290.02,7.6734
127.88,-269.95,45.994
74.533,-162.18,54.831
153.22,-261.98,70.027
77.157,-213.01,48.579
-27.462,-111.89,82.18
105.81,-209.69,86.774
37.249,-127.9,65.584
149.31,-247.87,22.39
29.414,-128.36,63.488
142.74,-248.99,22.677
101.22,-225.33,82.686
232.33,-338.43,-8.5604
52.77,-178.45,98.65
183.9,-304.15,8.8229
139.25,-233.75,27.645
-15.331,-113.56,119.79
182.97,-260.98,55.551
108.71,-240.24,75.101
105.02,-202.6,38.352
212.16,-343.29,5.842
170.02,-245.04,56.316
159.31,-236.43,33.591
105.22,-214.91,34.903
227.15,-350.13,-4.0893
150.12,-271.18,20.044
38.23,-165.84,57.152
26.192,-117.1,110.16
253.82,-320.78,8.2706
61.238,-168.22,101.17
53.275,-132.28,72.626
81.681,-220.92,77.198
96.094,-235.52,71.308
18.438,-138.98,112.33
145.24,-218.43,58.575
10.62,-157.72,86.947
-42.439,-76.566,81.891
-22.329,-90.26,127.42
33.201,-155.86,57.982
27.591,-115.32,108.26
-24.689,-70.488,83.344
-22.08,-94.016,75.626
112.37,-230.02,81.664
11.021,-152.7,100.26
-26.978,-73.286,129.03
77.673,-221.45,69.883
223.36,-349.9,-1.0366
58.615,-143.09,96.928
46.523,-191.76,69.401
67.51,-179.13,47.163
225.1,-349.05,35.859
160.87,-236.03,58.878
247.49,-315.32,9.3784
227.28,-297.46,35.384
-9.7501,-118.79,72.367
-17.802,-112.5,119.83
152.86,-281.92,21.775
248.88,-328.71,36.411
199.4,-304.23,54.502
94.989,-176.04,53.804
53.043,-132.21,93.205
267.56,-333.3,4.3189
179.66,-317.77,25.055
-13.602,-119.66,74.911
-54.646,-94.018,103.79
137.84,-279.35,43.297
249.76,-320.14,3.78
143.51,-242.13,74.392
236.86,-334.83,42.391
114.14,-243.32,33.841
173.15,-301.51,15.198
87.188,-204.47,40.329
203.16,-308.53,53.049
157.29,-291.32,23.807
28.113,-105.09,92.303
-3.0542,-144.42,91.769
27.898,-168.27,95.817
93.316,-172.26,81.878
81.71,-162.91,87.532
134.97,-218.64,73.492
7.4928,-122.5,117.43
237.55,-305.4,28.781
262.33,-337.01,29.794
269.42,-356.91,31.382
195.54,-317.97,48.587
171.36,-261.3,64.263
6.6415,-98.78,74.894
200.56,-300.93,54.794
42.237,-188.23,74.261
115.96,-196.91,46.029
237.31,-318.34,40.52
101.74,-176.24,69.662
222.71,-347.1,-2.0425
69.013,-159.54,96.811
-33.31,-109.79,113.97
35.226,-145.73,57.957
5.5168,-89.435,112.2
1.3031,-131.44,113.6
233.6,-309.6,39.225
176.04,-309.61,46.039
178.72,-310.53,47.095
202.69,-335.55,35.406
73.909,-208.09,48.545
42.002,-136.41,106.39
99.259,-197.51,88.846
26.356,-103.5,94.171
166.44,-297.91,52.572
0.14711,-88.708,117.01
37.574,-128.04,65.603
182.45,-318.27,39.591
179.2,-301.36,55.048
46.265,-192.03,72.164
16.342,-158.51,71.699
67.142,-209.43,78.042
235.05,-368.4,19.194
9.7786,-93.391,110.68
255.12,-320.43,14.838
-12.57,-102.43,123.88
141.65,-272.32,26.05
217.27,-340.1,39.841
180.57,-276.41,12.02
126.96,-223.54,79.728
242.95,-363.42,31.498
230.91,-365.39,7.0588
95.13,-184.2,88.183
92.209,-224.41,80.587
217.49,-331.31,-3.3362
69.038,-147.85,88.353
70.986,-202.71,88.569
115.43,-257.75,47.371
251.07,-318.65,8.1601
95.008,-198.03,39.832
72.267,-186.07,45.356
-34.879,-97.955,123.93
251.55,-322.84,30.374
216.48,-352.73,17.955
-13.183,-121.81,75.483
196.6,-277.08,52.996
20.134,-144.01,62.253
119.51,-207.03,80.025
116.2,-237.21,31.122
27.775,-170.89,69.656
243.49,-330.39,39.971
212.94,-343.23,4.829
236.01,-352.27,-9.0814
65.221,-166.1,99.981
178.13,-306.75,13.83
-22.078,-59.294,95.983
249.95,-315.95,21.224
120.71,-195.36,54.756
19.777,-156.77,66.507
158.55,-231.09,42.802
88.286,-230.35,69.789
57.66,-189.31,52.331
21.701,-163.91,95.645
213.58,-281.91,27.024
241.91,-312.11,7.5614
228.49,-363.93,13.098
17.662,-121.74,115.28
40.911,-117.51,88.077
152.91,-247.37,22.712
54.624,-138.71,97.842
-31.755,-94.039,78.774
1.5071,-123.03,67.985
-20.361,-100.79,74.879
132.22,-213.84,39.143
50.067,-195.7,75.12
137.27,-210.19,58.052
219.69,-295.51,43.223
45.921,-122.97,80.606
-7.2724,-121.36,71.617
243.33,-352.16,37.505
-12.266,-115.14,119.55
113.9,-256.05,57.689
161.6,-280.09,15.853
99.343,-177.97,79.821
29.953,-147.23,109.56
155.86,-229.81,40.372
199.05,-268.27,37.275
79.022,-194.54,93.721
236.94,-370.33,3.138
205.59,-292.26,6.9711
34.984,-175.13,93.512
79.326,-222.98,57.875
-28.64,-86.416,129.02
18.265,-140.43,111.8
-18.944,-100.26,124.9
-14.683,-65.029,96.668
177.77,-285.42,10.248
127.33,-201.03,63.128
191.05,-264.43,48.817
-31.422,-102.93,80.787
55.48,-168.83,50.905
3.1068,-106.09,119.84
8.5061,-92.872,111.71
-41.942,-75.025,81.867
211.53,-304.09,1.9093
160.83,-298.97,45.125
114.19,-256.94,49.687
93.973,-196.71,90.7
233.55,-341.3,-9.0437
190.43,-287.62,58.501
245.4,-349.53,38.224
118.02,-223.39,31.376
27.428,-145.61,110.13
140.99,-247.92,74.626
210.81,-330.56,-0.034645
171.34,-305.48,47.303
229.89,-363.19,21.921
52.935,-129.92,77.747
177.98,-314.41,21.371
238.26,-355.4,-9.6137
235.06,-325.18,43.151
246.34,-334.64,39.2
-5.1228,-139.04,80.202
78.22,-216.39,50.043
22.952,-100.78,87.535
46.104,-189.62,65.376
-2.8891,-77.56,110.57
257.43,-337.51,33.793
114.55,-256.94,47.718
-4.3241,-74.001,96.88
-27.86,-115.99,111
136.9,-277.38,51.158
180.13,-274.8,61.957
-14.89,-103.38,123.85
-9.2334,-68.695,101.84
169.75,-269.79,14.573
123.04,-248.06,29.682
248.2,-327.49,-4.6534
264.08,-354.82,33.348
69.071,-202.2,88.158
123.44,-262.99,39.255
75.098,-191.77,44.278
77.127,-155.49,85.521
252.63,-335.43,-8.7055
-51.066,-96.299,112.67
214.11,-328.85,45.87
36.14,-127.56,65.422
131.38,-271.8,39.061
155.54,-284.68,59.173
-0.60373,-86.542,81.318
-25.931,-95.557,76.642
36.481,-139.68,109.28
22.525,-151.04,107.42
60.838,-169.1,49.955
33.971,-158.32,57.92
52.641,-146.61,58.175
142.58,-228.94,72.396
-38.756,-94.054,125.23
66.552,-208.53,57.566
94.005,-207.38,89.25
117.6,-257.99,42.043
5.8784,-83.415,99.221
265.77,-345.25,30.926
31.655,-158.57,59.073
9.1843,-112.76,117.95
89.776,-194.64,41.085
14.457,-100.66,111.29
132.91,-206.06,54.912
128.94,-243.41,76.99
89.877,-232.39,68.042
95.793,-239.61,58.263
-25.835,-118.78,109.08
205.58,-288.14,51.121
148.36,-288.89,44.177
69.557,-194.11,105.33
84.044,-152.66,78.887
108.01,-195.7,106.58
71.033,-140.84,111.65
260.87,-316.09,42.951
142.42,-264.46,48.483
220.22,-314.86,16.232
-30.84,-88.002,99.879
135.5,-265.18,62.992
154.66,-249.99,38.964
4.0611,-118.59,88.095
-34.402,-89.653,141.75
78.649,-209.68,92.158
151.27,-260.58,86.778
174.78,-297.5,65.935
47.356,-172.83,112.43
276.75,-333.68,41.471
89.997,-199.85,60.18
138.99,-267.99,69.424
-0.35379,-128.01,126.14
249.91,-372.13,25.975
83.788,-158.74,72.549
217.42,-286.96,67.517
112.93,-241.11,63.217
43.273,-149.19,75.03
159.9,-269.35,83.506
165.45,-269.84,34.932
133.98,-262.74,72.927
16.963,-136.05,85.182
80.363,-209.56,95.23
84.012,-212.91,71.834
132.09,-200.74,60.806
181.55,-246.61,75.625
32.87,-167.05,96.642
-29.262,-84.315,146.28
140.53,-220.18,95.108
30.681,-105.18,91.538
51.495,-116.66,110.16
105.52,-171.69,98.033
-29.532,-102.42,107.41
101.99,-226.28,62.016
164.48,-248.17,87.845
174.08,-284.76,77.445
16.229,-144.4,120.57
120.28,-245.58,57.673
137.46,-221.31,48.271
43.966,-147,125.94
114.68,-179.8,72.348
149.72,-210.18,69.457
83.189,-172.03,65.035
173.94,-296.06,39.661
58.688,-143.13,122.02
-21.215,-101.52,138.35
104.56,-167.37,82.458
277.18,-334.01,14.918
279.1,-339.07,10.242
109.8,-222.65,99.781
269.63,-324.1,22.66
53.915,-186.2,99.41
127.89,-244.86,49.961
249.28,-362.71,45.583
83.276,-215.43,79.649
118.66,-215.45,51.034
90.009,-221.94,83.292
4.8549,-112.46,137.43
80.505,-212.65,79.887
99.017,-161.68,91.457
239.96,-347.98,53.782
-28.745,-106.27,112.52
259.52,-337.55,55.486
5.9321,-71.325,119.52
119.22,-183.52,72.034
11.59,-146.61,105.7
134.86,-250.29,89.118
24.324,-101.95,91.078
76.145,-150.89,75.428
236.12,-353.89,18.291
117.67,-240.54,89.203
252.82,-346.42,5.0167
284.52,-337.42,33.351
-30.655,-88.823,143.68
206.43,-283.29,73.111
226.98,-297.18,22.352
45.265,-156.05,74.592
143.09,-243.12,93.353
245.41,-313.19,58.007
189.23,-256.2,39.998
145.99,-230.15,45.112
86.748,-216.57,72.53
192.37,-266.54,33.077
41.388,-127.62,127.75
221.93,-341.34,50.034
45.321,-109.98,109.55
19.19,-109.97,135.16
275.23,-335.34,44.729
126.37,-224.55,48.252
208.03,-271.01,66.319
253.05,-311.31,23.491
161.49,-255.12,88.354
190.69,-265.58,77.817
13.97,-136.71,126.53
-27.767,-86.813,98.038
159.75,-287.29,51.96
126.19,-215.92,100.64
45.831,-177.01,105.24
188.61,-250.46,46.64
116.91,-191.42,100.89
164.83,-291.88,49.768
81.873,-177.17,63.624
-12.301,-66.266,102.63
92.484,-204.61,59.73
80.732,-146.84,83.998
67.362,-194.22,74.26
115.46,-182.16,69.575
-14.011,-115.28,129.77
243.33,-310.17,58.266
42.945,-119.44,85.61
142.46,-270.93,69.417
153.63,-257.66,38.87
4.6356,-113.29,137.16
-17.002,-101.52,95.513
159.63,-285.63,48.419
163.3,-236.57,85.987
252.75,-318.34,54.765
120.4,-228,98.626
231.99,-352.64,22.934
36.04,-120.05,129.05
15.466,-80.815,118.44
-5.8614,-89.153,143.08
228.56,-289.81,58.991
92.974,-218.16,65.379
55.706,-129.93,83.094
234.6,-326.88,62.746
76.136,-208.81,86.213
-38.777,-87.952,105.65
-15.566,-116.61,103.72
202.99,-295.57,73.941
-18.065,-99.072,140.87
128.08,-257.5,62.47
-17.172,-117.42,121.8
231.65,-333.66,12.549
160.88,-256.36,36.785
210.58,-318.78,20.71
32.175,-160.32,85.619
281.69,-346.23,45.289
139,-255.17,46.175
153.75,-247.32,91.032
106.65,-204.7,106.22
242.87,-299.26,48.989
-17.144,-96.539,142.28
15.974,-83.426,105.95
142.39,-212.04,90.523
210.7,-270.45,61.963
52.021,-117.7,96.279
27.712,-94.642,102.72
77.34,-188.1,112.1
143.34,-228.82,45.527
53.361,-179.96,78.111
91.019,-214.78,98.281
100.21,-212.83,103.27
22.572,-120.26,82.648
109.93,-190.32,105
200.45,-268.58,72.116
238.61,-330.66,61.365
45.721,-167.77,77.518
158.11,-286.55,58.207
74.409,-139.05,103.44
22.068,-148.39,87.155
269.31,-334.03,49.216
212.58,-299.59,20.142
66.744,-162.75,119.72
84.467,-213.01,94.692
149.92,-278.75,63.006
204.23,-327.31,51.797
17.358,-107.18,135.68
192.7,-257.54,72.262
71.997,-198.43,102.37
126.86,-194.12,93.202
106.2,-224.59,57.286
209.81,-300.2,71.927
81.976,-149.36,106.03
171.06,-291.85,39.244
11.349,-90.946,135.42
37.615,-113.86,87.648
14.679,-147.26,95.974
192.25,-317.92,42.026
266.04,-328.39,13.212
83.098,-159.8,112.23
255.26,-312.31,24.413
170.86,-268.18,33.122
191.16,-279.66,78.689
174.68,-292.66,36.149
176.84,-245.45,43.41
144.19,-206.63,82.195
245.94,-368.13,24.477
137.97,-266.65,71.13
82.983,-208.39,68.47
153.7,-268.98,41.216
140.68,-208.54,89.735
122.31,-195.57,98.644
267.49,-326.96,15.66
58.404,-145.44,122.46
243.42,-332.75,8.7136
261.01,-352.55,2.3093
127.93,-231.51,97.532
3.6347,-120.33,133.96
196.63,-315.11,30.036
230.24,-323.93,63.953
-0.5787,-96.828,141.24
14.752,-149.09,100.23
211.21,-324.93,60.739
14.18,-149.12,104.47
117.62,-236.15,53.826
282.32,-336.36,17.335
60.071,-168.93,118.76
173.96,-244.41,81.428
99.868,-231.05,81.773
-7.4451,-80.964,143.34
170.45,-234.71,77.972
31.529,-123.99,81.077
51.905,-159.85,121.84
12.541,-105.43,87.148
243.55,-365.39,34.487
124.89,-186.32,81.037
110.71,-174.3,77.149
238.39,-293.19,44.266
244.62,-363.35,40.922
19.233,-85.259,108.31
212.53,-313.21,18.829
105.49,-206.05,54.986
18.418,-86.683,103.52
190.19,-305.27,67.957
22.566,-108.51,86.598
69.337,-133.69,103.75
240.55,-336.51,59.536
199.89,-320.56,31.126
-25.331,-101.63,136.15
207.99,-323.72,24.773
223.21,-286.42,62.17
59.318,-187.61,77.956
97.432,-223.41,64.801
269.82,-331.25,12.567
152.8,-249.73,39.398
197.29,-302.19,24.361
83.443,-200.59,106.45
53.432,-136.51,123.41
56.325,-182.01,76.528
46.106,-161.95,120.19
-6.7549,-71.474,140.39
-17.076,-114.93,127.12
165.3,-225.33,62.158
192.87,-304.18,69.795
140.18,-231.8,44.716
37.142,-168.77,107.76
69.342,-200.22,96.411
-29.336,-87.101,144.95
137.7,-266.77,69.894
103.7,-196.31,56.937
249.27,-320.41,57.874
-27.185,-105.44,129.69
285.11,-343.58,40.6
181.78,-241.73,68.74
56.349,-189.19,96.504
114.39,-227.07,98.253
70.921,-193.45,106.77
34.07,-112.63,87.085
156.65,-253.32,89.458
112.79,-228.5,96.978
-25.427,-72.532,98.039
162.33,-284.22,42.668
131.71,-211.31,52.404
140.09,-269.2,68.342
220.67,-343.3,44.62
-3.1243,-68.28,106.48
236.61,-340.21,57.736
53.697,-182,106.8
137.03,-222.04,96.985
251.16,-368.89,14.218
78.405,-170.62,116.19
246.78,-346.25,7.2063
254.18,-325.77,11.006
33.558,-162.15,113.84
26.768,-138.74,80.595
67.41,-185.83,69.311
35.416,-127.54,130.04
273.13,-326.06,35.075
-23.077,-75.827,148.25
5.7474,-113.32,137.15
-25.8,-101.33,136.14
92.654,-165.26,107.29
196.93,-254.52,58.478
37.498,-102.09,107.86
280.76,-342.66,44.249
95.612,-163.74,102.98
-18.181,-82.117,146.51
206.83,-268.34,65.177
129.83,-257.61,58.397
139.97,-228.85,96.096
257.52,-316.01,48.302
48.71,-168.37,75.564
115.96,-177.76,83.42
6.8127,-106.68,87.324
134.05,-237.77,95.356
134.01,-211.1,96.52
5.5897,-79.268,134.07
175.53,-246.12,42.189
162.25,-278.39,78.149
-16.671,-114.26,128.59
171.02,-233.38,75.509
140.35,-246.08,92.379
83.586,-163.73,113.23
80.166,-190.33,111.4
258.31,-331.65,8.482
214.43,-272.6,58.435
14,-80.579,108.73
150.81,-279.72,60.331
255.97,-360.73,49.703
260.76,-322.49,50.127
73.355,-137.7,102.86
179.31,-265.68,82.894
176.2,-285.46,77.481
-24.492,-110.59,111.66
190.21,-248.7,63.218
15.536,-81.79,121.9
196.35,-322.09,42.588
47.854,-116.72,117.38
0.96352,-136.02,106.07
-18.3,-68.933,146.57
108.54,-214.5,53.865
140.09,-228.76,96.061
37.586,-168.1,86.656
-5.1382,-120.31,130.72
109.94,-172.08,83.422
6.9231,-141.99,109.22
81.112,-206.08,100.66
248.66,-304.44,30.119
105.27,-231.23,62.562
47.912,-130.72,79.721
229.04,-352.1,38.609
36.581,-102.48,101.85
175.61,-258.65,34.842
175.31,-243.15,79.535
224.9,-330.24,61.228
159.43,-282.18,44.28
21.553,-125.82,132.96
105.56,-212.49,54.884
133.82,-194.87,78.635
225.57,-286.1,32.302
236.82,-355.73,44.155
137.74,-200.97,66.44
170.93,-241.98,82.651
237.88,-301.39,58.094
202.13,-275.63,29.755
0.77248,-133.61,119.19
123.75,-231.64,49.042
41.657,-151.64,75.671
52.111,-150.31,124.21
106.8,-215.71,54.657
62.046,-193.06,80.9
107.86,-188.22,105.65
273.94,-331.16,42.54
185.62,-293.88,28.82
17.055,-101.58,135.07
186.15,-268.4,80.5
250.87,-305.09,41.663
257.31,-350.99,54.169
90.551,-155.85,100.78
128.6,-201.56,58.028
239.92,-294.93,45.635
244.47,-309.19,19.759
211.37,-328.48,24.718
99.214,-191.04,58.663
177.73,-245.36,43.998
280.68,-332.58,29.62
95.622,-199.94,58.057
113.91,-235.47,91.935
170.54,-285.86,35.974
2.51,-100.12,140.24
64.502,-138.81,79.919
105,-197.69,56.478
6.0033,-80.074,134.21
250.36,-309.86,51.283
234.01,-342.19,55.987
167.65,-291.18,42.907
-44.094,-92.03,120
74.721,-143.94,110.04
99.369,-210.17,104.49
69.185,-187.26,68.636
119.77,-206.85,102.73
177.3,-256.26,36.065
245.39,-300.62,33.331
149.53,-245,92.17
216.87,-333.43,55.722
2.0849,-71.881,131.57
-2.4696,-80.339,96.521
-11.237,-115.97,97.703
254.32,-320.66,14.475
137.53,-247.15,91.616
99.631,-200.85,56.87
246.91,-301.85,33.466
70.71,-187.49,111.15
-11.53,-96.064,142.73
218.67,-336.41,53.631
162.54,-247.19,38.973
87.156,-167.66,112.21
83.778,-146.84,93.853
224.4,-300.37,67.031
246.33,-366.8,36.827
41.662,-115.12,88.729
160.25,-235.23,87.57
149.13,-226.94,91.931
138.86,-215.03,94.701
141.97,-215.98,52.283
185.15,-295.88,29.626
244.21,-327.82,9.6636
42.641,-135.01,127.73
-26.139,-109.44,113.83
233.84,-356.09,38.65
168.91,-289.66,71.013
209.16,-313.9,67.482
77.541,-177.94,115.45
133.83,-234.7,96.329
-5.9852,-77.412,97.34
242.29,-330.68,9.2672
173.44,-287.08,34.358
32.761,-165.92,92.629
141.59,-216.08,52.068
206.6,-264.15,58.198
-6.7411,-128.44,115.29
222.06,-277.85,47.066
214.92,-280.32,31.081
196.24,-310.58,27.57
266.75,-330.25,11.87
11.663,-89.953,134.8
177.8,-237.06,58.041
152.21,-276.16,73.974
5.2761,-139.95,112.41
179.42,-269.29,82.631
-44.434,-151.77,18.29
-60.28,-149.64,-13.885
7.4903,-180.46,-42.964
110.51,-258.48,-29.921
-34.681,-126.17,-23.543
70.082,-212.59,-24.895
-86.116,-122.19,-7.4633
186.05,-364.98,-54.033
41.302,-245.27,-18.229
192.57,-383.24,-99.786
140.49,-317.77,-87.617
104.79,-263.54,-24.215
72.79,-239.16,-63.009
196.93,-332.11,-63.431
-34.478,-167.07,11.297
-46.885,-153.02,16.784
-63.404,-85.279,-2.2585
-57.245,-156.78,1.1817
-44.129,-160.12,12.35
192.03,-368.66,-55.173
-26.974,-117.06,-3.9913
174.29,-366.73,-93.711
-87.656,-122.29,21.178
138.63,-320.1,-38.253
45.662,-255.28,-29.483
-23.01,-125.38,9.3391
87.076,-243.17,-63.088
166.69,-307.45,-50.19
39.836,-220.6,-55.004
-71.403,-111.95,32.384
97.606,-304.71,-57.134
-25.691,-170.14,12.119
57.239,-266.14,-32.875
-4.8691,-153.02,-31.85
-19.837,-184.48,3.7409
65.233,-206.96,-37.529
184.43,-327.52,-53.269
-30.324,-123.58,16.059
64.796,-272.62,-50.684
85.55,-268.77,-20.322
173.76,-372.9,-86.657
-94.657,-118.51,1.1261
-50.07,-159.42,8.5454
8.4967,-210.22,-4.0031
-94.193,-120.54,13.166
134.02,-271.53,-59.436
47.194,-253.31,-48.87
109.04,-307.44,-72.163
-10.879,-141.73,-25.431
107.4,-255.03,-64.051
89.847,-238.58,-23.536
-78.06,-133.14,15.905
127.24,-331.93,-67.101
-52.033,-134.84,-25.188
-45.913,-114.63,23.881
140.98,-319.93,-87.74
87.699,-262.64,-18.808
4.6871,-207.85,-3.9456
144.89,-290.33,-76.708
198.77,-332.54,-83.924
164.44,-301.66,-74.391
183.75,-382.21,-89.669
188.55,-327.69,-87.733
145.4,-327.71,-41.034
-76.335,-78.123,-4.5185
-12.596,-149.94,-32.034
4.4157,-155.06,-28.87
176.91,-311.56,-74.775
-77.415,-137.3,5.8699
140.56,-329.1,-85.955
-52.304,-161.26,1.0505
167.87,-364.24,-60.47
50.716,-212.26,-53.334
-76.557,-119.55,29.184
36.92,-247.96,-36.001
138.64,-276.09,-49.072
49.176,-239.48,-10.76
107.33,-251.4,-32.112
-37.997,-135.94,22.759
149.44,-327.41,-40.702
121.37,-326.58,-56.148
29.89,-228.15,-8.8507
14.83,-186.19,5.5742
-65.902,-80.581,19.448
82.094,-222.79,-42.205
-29.107,-177.08,-26.779
-8.2755,-170.48,-38.925
-48.925,-102.59,20.288
81.849,-289.31,-40.936
19.184,-171.72,-0.092591
-68.939,-89.045,30.36
142.98,-337.31,-48.087
171.43,-314.4,-49.781
202.98,-368.57,-107.19
-2.1546,-147.9,4.6395
108.48,-313.4,-47.975
-59.303,-144.69,-18.851
187.16,-346.76,-100.4
-36.573,-177.37,-10.042
-95.963,-118.25,3.941
-38.212,-153.46,18.489
168.74,-334,-95.606
41.182,-183.54,-28.359
10.686,-163.33,-33.13
74.379,-227.92,-56.762
44.346,-251.41,-23.581
93.093,-300.45,-55.993
-31.511,-114.61,-9.1422
-13.408,-151.3,14.34
146.04,-349.12,-63.296
-47.254,-154.65,15.428
151.57,-291.21,-72.627
111.73,-295.8,-78.11
53.759,-195.9,-22.187
-43.545,-136.9,-27.523
-33.853,-121.42,17.93
213.77,-350.55,-95.44
-83.723,-128.52,16.095
-58.674,-140.31,21.417
-96.087,-116.32,20.261
43.155,-193.03,-9.0477
209.64,-340.43,-78.872
77.03,-219.76,-45.256
29.759,-173.02,-26.328
-32.066,-155.98,-31.682
170.85,-312.85,-50.294
191.53,-388,-70.992
-13.521,-199.09,-12.255
63.155,-238.54,-10.71
-94.461,-109.88,29.578
31.619,-180.91,-37.285
203.59,-345.8,-96.852
70.418,-272.23,-59.206
216.91,-349.36,-90.048
-87.655,-90.136,-12.495
-35.767,-117.38,17.314
36.656,-187.24,-40.507
67.583,-270.6,-57.442
101.05,-288.85,-74.219
211.32,-379.82,-59.237
-32.478,-165.99,-29.743
-27.962,-157.99,17.221
-1.5507,-166.75,10.872
28.233,-211.71,-51.335
31.801,-174.79,-15.07
203.29,-346.04,-58.7
42.727,-223.06,-4.9011
208.66,-370.76,-108.45
142.91,-345.3,-59.447
-63.965,-81.054,14.947
22.641,-222.09,-7.1754
220.65,-374.79,-60.961
36.413,-228.41,-7.1957
212.23,-366.9,-58.264
83.845,-224.69,-31.753
170.33,-342.36,-46.119
90.9,-242.96,-61.673
-73.539,-101.78,-16.596
78.451,-284.01,-57.432
85.215,-239.12,-60.959
88.94,-291.37,-35.024
-29.102,-117.84,9.3135
-45.264,-158.99,-23.111
133.19,-323,-40.759
130.62,-298.99,-32.144
61.982,-271.45,-45.673
217.23,-349.54,-89.906
112.86,-276.93,-76.048
136.42,-293.2,-81.325
69.43,-211.04,-26.852
59.03,-235.48,-9.5194
153.22,-289.12,-55.055
-71.158,-107.66,-18.151
197.36,-348.3,-100.41
166.32,-367.11,-67.646
-55.969,-116.28,-21.553
98.082,-242.31,-29.532
85.043,-249.57,-17.282
126.93,-295.29,-30.928
-59.278,-155.21,-2.8834
123.08,-281.17,-77.168
-14.248,-198.43,-12.172
39.016,-237.83,-51.816
83.785,-287.82,-60.621
-94.797,-115.69,22.936
-12.903,-200.04,-20.398
38.361,-191.19,-43.207
202.19,-334.14,-80.569
-34.245,-113.79,-11.611
154.97,-336.1,-91.968
184.75,-334.81,-95.297
186.96,-327.6,-88.753
135.19,-318.6,-37.887
181.9,-380.17,-89.652
-78.518,-136.09,1.0079
-95.594,-118.02,2.3343
189.49,-323.16,-78.879
98.624,-251.59,-65.199
132.4,-313.43,-35.87
134.55,-304.88,-85.072
138.1,-342.13,-69.796
80.941,-241.66,-63.468
56.065,-254.17,-57.285
0.6403,-199,1.4005
194.14,-326.2,-74.43
-27.711,-185.85,-10.303
32.324,-199.87,-0.13618
192.38,-345.14,-52.282
204.37,-335.68,-74.393
-47.999,-132.68,-26.087
24.785,-236.27,-32.641
180.66,-321.1,-54.047
-1.9696,-151.1,-29.019
48.901,-192.21,-34.671
-28.685,-181.62,-22.711
106.65,-303.09,-72.758
-49.187,-111.03,-18.227
180.77,-319.04,-83.346
186.41,-379.24,-96.641
193.16,-369.03,-104.46
169.55,-353.63,-95.894
154.1,-326.9,-91.859
94.987,-294.77,-67.408
154.23,-316.92,-89.96
-39.047,-105.04,3.189
-75.017,-104.6,-17.016
-29.405,-135.31,-27.444
114.21,-312.07,-40.077
169.98,-303.97,-66.962
122.08,-314.52,-79.099
-83.818,-88.634,-12.349
-64.626,-148.08,8.1602
108.69,-248.24,-52.074
-81.976,-129.9,16.149
102.71,-287.14,-26.786
69.389,-253.53,-64.662
184.73,-318.62,-63.757
-62.704,-107.89,-18.753
28.603,-224.46,-49.762
96.657,-246.23,-61.751
113.51,-318.51,-65.026
27.051,-169.36,-19.108
87.365,-276.83,-23.755
-29.498,-183.08,-5.178
117.67,-320.18,-47.549
67.718,-212.68,-20.594
78.128,-281.24,-60.17
59.882,-252.85,-60.331
46.943,-254.16,-24.877
126.52,-307.43,-83.043
39.959,-250.59,-38.458
-48.042,-129.52,25.73
10.115,-212.08,-4.7906
63.408,-266.3,-25.426
185,-366.88,-101.09
106.3,-264.4,-71.148
71.585,-226.84,-56.983
61.198,-269.24,-32.534
14.899,-199.13,-47.003
141.1,-322.59,-39.137
-0.035316,-165.77,10.175
94.509,-302.29,-52.522
-41.266,-140.74,22.713
-0.43242,-144.63,-2.0976
178.43,-368.22,-96.375
-56.808,-155.32,-11.85
22.391,-176.95,-0.0084299
142.37,-322.68,-39.101
-35.188,-166.4,-27.655
-12.118,-143.67,11.314
46.498,-238.23,-10.567
213.5,-363.85,-59.2
-0.047457,-156.73,-32.739
94.079,-301.43,-56.051
144.42,-312.05,-87.883
19.844,-223.91,-10.368
-6.3824,-142.92,5.2457
5.0933,-215.06,-13.045
-59.087,-95.423,25.516
139.61,-283.74,-73.268
137.51,-313.74,-86.637
186.1,-365.96,-101.8
-45.067,-104.23,17.08
217.9,-353.51,-95.706
83.605,-292.06,-50.573
101.82,-254.01,-25.229
18.755,-176.06,-39.691
130.42,-275.79,-37.12
30.163,-239.81,-39.312
33.484,-175.6,-22.256
4.2398,-211.94,-35.215
181.84,-380.49,-70.489
197.85,-330.81,-81.454
138.51,-308.58,-34.978
101.51,-307.75,-60.363
212.53,-359.25,-103.55
170.89,-321.83,-90.711
100.03,-307.29,-51.657
156.87,-326.77,-92.455
180.48,-333.41,-95.309
119.91,-265,-66.347
-77.538,-130.11,-10.683
90.426,-292.62,-64.201
154.91,-295.47,-47.462
17.805,-229.77,-25.669
-94.692,-106.59,-8.8536
95.588,-239.73,-55.295
-11.895,-194.24,-31.984
92.122,-239.08,-25.441
162.81,-308.53,-45.803
193.4,-391.74,-75.587
89.607,-233.82,-52.97
198.16,-381.74,-60.952
-7.8168,-204.22,-12.743
144.39,-283.78,-46.421
3.9393,-147.19,-8.9721
213.2,-354.56,-99.878
-40.067,-109.84,-12.181
174.58,-311.67,-56.043
8.7784,-170.14,6.5959
-66.807,-100.43,31.988
210.39,-350.56,-62.118
104.87,-297.04,-31.765
184.64,-323.9,-86.246
-82.959,-104.96,34.911
-21.999,-157.98,-34.567
85.162,-228.88,-50.417
138.03,-283.14,-39.35
-63.983,-138.44,20.738
190.84,-323.45,-68.567
23.418,-233.95,-35.784
-24.758,-129.36,-21.973
-79.618,-112.78,32.051
108.69,-290.33,-27.779
125.88,-269.91,-36.961
-10.411,-135.06,1.4471
28.904,-188.37,-0.25194
-70.584,-131.27,-16.32
172.73,-328.55,-45.752
-82.833,-126.23,-7.8128
-64.035,-90.141,-8.4989
-28.64,-164.52,-32.278
31.599,-187.5,-43.218
76.381,-219.83,-24.866
214.78,-351.56,-65.803
93.921,-264.9,-20.314
25.174,-167.61,-19.925
115.23,-265.58,-29.988
47.137,-196.78,-43.378
186.41,-362.81,-102.29
229.64,-359.79,-78.666
156.45,-291.43,-60.862
161.22,-327.51,-42.021
26.57,-221.87,-5.6635
61.346,-262.19,-57.319
152.85,-307.84,-86.361
8.0246,-208.65,-41.497
135.25,-272.56,-59.414
205.44,-343.67,-93.678
156.82,-308.85,-86.18
192.54,-357.3,-103.55
99.746,-241.76,-32.744
108.47,-302.65,-34.571
71.095,-276.23,-56.206
206.96,-369.8,-108.03
-53.974,-101.19,24.26
152.42,-288.94,-66.766
-3.527,-171.05,-39.687
181.62,-344.13,-48.401
67.021,-276.64,-44.007
116.34,-254.77,-44.102
-56.221,-92.191,-4.3914
18.161,-216.67,-4.8706
112.51,-259.08,-31.399
190.94,-390.67,-78.696
33.988,-244.93,-28.585
160.09,-311.46,-86.986
151.75,-317.65,-89.982
108.34,-273.01,-74.685
178.21,-359.27,-52.228
-25.509,-121.1,7.7381
140,-317.45,-87.456
143.54,-326.67,-40.749
13.462,-156.42,-11.991
212.47,-369.04,-108.21
-47.901,-149.64,18.673
12.624,-169.73,4.105
123.71,-324.8,-73.395
181.81,-381.48,-72.975
-39.983,-105.07,-3.2098
178.4,-377.35,-69.425
91.108,-299.14,-50.561
83.756,-237.91,-19.009
128.47,-327.19,-46.859
-15.244,-191.85,-0.94322
183.31,-318.17,-61.35
184.67,-384.99,-77.144
40.281,-201.06,-3.5309
-12.698,-196.78,-28.33
167.6,-320.22,-90.465
188.26,-364.18,-102.91
83.329,-263.72,-69.19
165.28,-318.87,-90.139
3.5332,-210.71,-35.563
154.32,-348.58,-87.138
75.697,-220.93,-22.457
-15.85,-169.06,-36.984
-91.131,-114.09,27.646
80.815,-288.71,-53.224
166.04,-314.42,-87.247
169.14,-304.83,-57.356
-82.916,-104.78,34.971
28.583,-203.77,-50.528
20.137,-228.37,-39.003
129.63,-270.19,-41.605
198.73,-344.92,-55.9
-52.621,-158.12,7.5539
-50.765,-143.46,-24.966
-60.525,-96.236,-11.919
203.36,-376.98,-107.82
-3.4493,-200.17,-1.4539
165.14,-317.92,-89.652
-19.834,-181.16,-32.722
76.716,-283.71,-37.257
-76.235,-93.115,35.244
-75.609,-95.37,35.114
72.05,-238.28,-62.707
215.66,-358.48,-62.168
-69.833,-116.53,31.04
-10.251,-199.83,-7.2198
77.836,-266.22,-19.823
137.48,-275.86,-63.736
-73.942,-107.33,33.677
87.799,-235.46,-23.685
-41.48,-165.58,8.551
155.59,-298.3,-45.739
-12.509,-191.6,1.3303
131.32,-274.58,-68.881
180.69,-381.36,-75.609
46.59,-198.61,4.1667
12.737,-176.16,22.64
123.91,-335.95,-39.02
46.771,-206.85,10.637
-87.051,-130.42,13.863
-60.526,-112.2,48.553
81.006,-237.39,-37.023
193.49,-339.84,-71.389
21.79,-171.89,6.5718
-67.073,-112.22,51.12
-23.657,-190.11,-9.0681
114.74,-319.18,-21.223
15.724,-222.1,-25.599
57.002,-235.58,-40.47
45.08,-254.44,0.7339
140.02,-344.97,-61.641
1.0472,-154,18.046
163.87,-369.76,-66.105
28.824,-185.29,-17.811
73.17,-223.65,-26.546
75.23,-222.46,-16.817
-23.784,-178.76,30.346
86.402,-240.74,-4.6464
60.276,-245.37,-42.714
127.34,-284.55,-55.243
21.9,-221.52,-29.688
2.7744,-155.36,16.997
175.72,-344.91,-27.684
100.85,-311.13,-46.575
-66.468,-154.97,20.693
100.35,-248.73,-14.887
97.89,-244.21,-20.016
-29.97,-188.33,16.627
187.55,-371.41,-83.818
17.755,-227.02,-24.702
-24.125,-126.55,16.778
-68.797,-96.627,8.3413
104.63,-301.74,-55.937
49.237,-204.91,-24.463
161.26,-368.98,-62.488
80.445,-292.7,-39.33
191.08,-374.23,-35.914
81.268,-231.83,-29.983
124.03,-274.1,-18.45
184.57,-338.27,-74.373
174.97,-352.64,-28.618
-100.19,-121.82,27.783
-72.991,-137.69,4.166
156.83,-304.56,-57.801
21.386,-239.88,-6.4772
71.018,-222.64,-27.542
39.417,-256.38,-9.2265
-32.896,-118.21,16.177
79.324,-292.05,-38.398
175.67,-362.87,-79.72
-1.7112,-213.48,11.167
122.28,-275.42,-49.764
69.186,-284.24,-31.949
-13.371,-165.78,33.548
-96.257,-123.39,19.671
176.85,-371.18,-36.78
26.605,-178.07,-9.591
-92.073,-125.11,41.015
223.34,-364.71,-51.346
65.56,-257.8,-44.582
79.941,-271.36,-0.09614
36.547,-195.27,13.008
27.398,-235.93,8.0295
194.87,-388.51,-83.679
108.31,-253.85,-24.324
209.31,-365.81,-85.28
-66.241,-85.866,25.207
215.04,-363.03,-44.052
139.29,-321.25,-68.383
123.6,-298.42,-62.103
74.272,-284.12,-40.488
9.1815,-228.42,-4.9719
37.855,-201.6,-27.319
126.75,-326.95,-22.122
101.4,-313.92,-43
-37.055,-118.71,32.96
75.248,-255.89,4.3061
8.057,-210.96,-24.498
-37.272,-124.11,0.79345
-7.004,-149.48,24.501
68.841,-280.78,-11.634
74.344,-255.83,-46.882
-39.468,-176.7,23.777
89.125,-235.99,-24.194
-73.386,-122.4,50.158
133.32,-276.97,-35.543
182.82,-388.92,-53.549
118.75,-309.41,-13.406
194.32,-372.47,-35.361
139.7,-302.25,-63.172
-2.6897,-167.72,-17.157
156.69,-349.76,-28.409
42.55,-201.48,11.311
220.66,-373.4,-43.673
-101.6,-120.48,28.722
96.136,-268.96,-52.111
171.22,-319.88,-31.749
104.56,-316.55,-27.681
132.67,-280.73,-22.693
176.15,-360.23,-31.012
-61.289,-96.049,42.023
29.749,-236.19,8.9748
202.11,-373.47,-36.57
-50.735,-115.22,1.8336
167.24,-368.53,-39.127
48.479,-241.49,-39.051
180.44,-371.96,-36.252
127.58,-328.45,-22.986
125.61,-324.41,-20.608
-29.083,-122.14,22.158
84.066,-278.26,-50.243
1.9326,-201.97,22.891
81.808,-251.17,-45.809
-50.626,-169.84,19.054
167.3,-308.73,-49.917
-29.517,-171.9,32.924
154.52,-364.12,-48.656
41.024,-201.34,-25.894
195.94,-392.1,-45.59
95.663,-304.86,-46.588
219.25,-364.26,-80.446
147.31,-318.14,-18.521
-65.97,-110.89,50.716
-63.891,-156.83,23.464
191.56,-397.36,-57.459
97.155,-243.24,-22.267
22.278,-232.47,-25.453
150.86,-306.88,-63.289
-39.502,-178.78,0.76907
-5.7621,-147.64,-0.74276
-61.049,-120.47,-1.7779
-19.021,-143.87,32.376
77.938,-265.82,-48.669
-62.629,-147.78,0.73478
-15.807,-157.46,-14.034
-91.46,-126.47,15.752
34.675,-217.97,17.359
-103.59,-117.31,24.342
-5.7637,-147.08,0.30623
13.379,-201.32,-27.558
97.226,-292.48,-54.139
-29.477,-137.57,37.273
53.816,-263.03,-2.3837
37.605,-251.52,-26.428
208.32,-350.74,-72.701
115.13,-319.9,-21.706
-30.102,-184.69,-6.2279
32.195,-246.48,-24.52
224.13,-368.7,-48.684
-8.1086,-194.55,-19.471
116.59,-277.53,-10.177
179.18,-326.27,-66.324
47.839,-196.24,-6.6704
-25.378,-142.32,36.146
-5.5613,-153.91,-8.5102
-62.305,-129.57,-2.9919
-65.426,-90.523,16.661
7.2213,-157.84,0.74494
203.89,-343.85,-49.444
4.8986,-159.38,-6.4551
82.765,-277.56,-2.5535
-52.326,-99.862,19.493
88.371,-285.19,-5.5953
30.459,-189.44,-20.942
86.629,-277.09,-51.425
178.92,-380.67,-44.497
150.9,-304.4,-61.337
81.349,-287.55,-45.185
34.041,-183.46,-6.8861
92.65,-297.11,-12.569
37.468,-225.88,-35.492
-66.931,-124.68,-1.4608
44.859,-246.24,7.1916
-2.6528,-148.42,3.4364
112.15,-264,-44.309
-8.589,-145.93,-1.5231
106.17,-263.4,-47.232
42.177,-257,-5.4298
196.63,-351.52,-79.681
-6.3618,-210.25,10.669
147,-316.36,-68.61
101.31,-251.27,-37.315
-74.01,-144.89,31.8
125.73,-297.88,-11.568
51.815,-268.78,-15.635
67.223,-219.73,-27.346
171.9,-356.55,-78.825
114.53,-280.96,-8.3292
116.1,-261.25,-26.057
68.577,-229.09,-35.956
189.54,-362.25,-83.953
113.12,-283.57,-57.179
0.81609,-178.26,-21.233
-33.002,-154.67,39.017
208.29,-348.65,-49.468
0.286,-204.56,20.965
7.9995,-159.3,13.121
27.695,-245.84,-15.286
42.647,-259.84,-21.282
-41.646,-172.66,26.967
92.575,-252.3,-3.4057
-37.258,-176.45,-5.0171
-78.726,-89.886,9.6069
-82.933,-125.93,46.328
-3.6481,-168.61,-17.713
-30.808,-152.69,38.954
-63.546,-89.76,20.727
-58.458,-107.75,4.2831
52.319,-263.54,-4.0958
-42.993,-177.71,7.9483
-87.174,-110.59,54.008
27.587,-242.23,-22.825
184.78,-362.34,-82.964
0.8741,-180.19,28.882
1.4248,-208.11,-21.057
30.851,-193.25,-23.897
168.97,-377.38,-53.15
105.58,-271.8,-5.566
202.39,-342.72,-48.451
172.97,-332.74,-27.509
-46.947,-131.19,-5.45
-76.165,-143.34,31.366
114.34,-294.36,-59.978
190.4,-365.99,-33.39
139.15,-339.41,-26.965
52.057,-200.4,-6.3458
-1.8925,-167.72,29.081
221.81,-361.47,-53.21
135.13,-333.9,-64.295
-51.572,-132.01,-5.4194
-100.43,-111.07,13.312
91.057,-297.19,-47.921
206.85,-345.19,-54.261
82.755,-279.1,-3.3345
176.77,-370.72,-36.481
75.916,-255.73,-47.1
134.62,-313.95,-66.619
50.502,-217.59,-33.78
142.99,-343.52,-28.703
116.95,-304.54,-61.225
-22.466,-137.27,31.733
-51.103,-163.33,-0.19329
-26.585,-193.79,3.5808
37.498,-208.33,16.681
24.942,-199.54,21.046
76.494,-256.03,4.0354
-53.102,-157.58,34.642
184.85,-339.57,-32.449
205.08,-373.95,-37.26
209.85,-393.79,-42.925
138.03,-347.94,-39.794
111.38,-298.79,-9.5397
-32.968,-119,12.76
140.15,-336.95,-24.672
-4.5138,-205.94,-17.249
73.45,-220.77,-14.271
178.64,-355.68,-29.719
50.534,-208.89,8.5718
184.77,-359.32,-82.645
9.5023,-197.17,24.887
-86.982,-134.55,21.993
-1.4869,-160.29,-11.995
-51.192,-126.06,45.908
-57.076,-162.19,24.852
176.3,-346.55,-27.932
122.35,-334.57,-45.422
124.18,-336.5,-43.986
149.91,-359.64,-55.792
34.798,-220.74,-34.409
-17.983,-174.02,32.924
38.547,-234.78,12.152
-24.837,-136.2,33.266
111.23,-324.6,-38.434
-58.163,-126.04,47.878
-2.3807,-148.63,3.5099
130.72,-341.09,-52.123
121.18,-331.92,-33.137
-0.11241,-209.42,-19.141
-25.063,-172.28,-15.005
14.895,-232.42,-14.785
184.89,-389.9,-71.614
-46.86,-129.97,44.479
206.35,-351.41,-43.678
-73.1,-137.59,41.5
102.79,-284.88,-56.411
160.51,-369.21,-48.787
143.55,-292.64,-53.917
66.318,-260.84,3.329
186.23,-392.71,-56.485
187.06,-381.17,-81.231
35.698,-221.83,16.487
35.253,-253,-10.183
181.36,-343.66,-78.016
13.928,-183.47,24.012
13.568,-231.92,-1.7945
70.159,-274.27,-43.097
205.99,-346.04,-49.607
57.861,-213.78,-27.933
35.645,-199.78,-26.803
-92.626,-127.96,34.888
195.81,-359.05,-34.17
169.66,-370.93,-72.292
-51.549,-134.23,-5.8577
138.36,-314.38,-16.012
-16.751,-156.68,-13.786
60.208,-244.63,8.6609
79.228,-249.8,-45.424
-14.469,-185.17,-18.104
183.91,-367.54,-33.574
173.07,-356.28,-79.276
199.63,-364.33,-85.375
4.4306,-203.24,22.653
139.46,-319.23,-68.267
-66.792,-85.917,37.053
198.96,-348.83,-38.567
73.585,-224.27,-4.8422
-19.528,-169.49,-16.837
111.28,-260.22,-16.589
36.666,-252.69,-23.034
19.368,-201.74,-28.737
-31.809,-188.32,3.1224
165.39,-312.17,-31.858
198.44,-337.73,-50.509
182.13,-381.78,-76.775
-43.097,-158.65,37.36
-9.6423,-149.64,27.456
115.18,-264.62,-42.389
-2.9168,-175.73,30.145
-68.469,-106.59,2.8925
-35.113,-135.96,-6.4707
-56.835,-113.79,1.0787
90.414,-236.86,-21.446
1.7144,-214.83,-17.123
86.094,-242.84,-2.953
162.66,-332.35,-23.461
-1.905,-152.6,20.959
-44.502,-133.76,-6.3073
184.14,-385.48,-46.173
-71.25,-146.96,32.05
64.015,-276.68,-34.843
124.89,-292.56,-60.241
43.574,-214.01,14.685
-30.488,-181.67,25.35
110.1,-257.4,-18.916
148.24,-300.79,-22.983
18.52,-229,9.3824
194.04,-385.4,-84.301
167.42,-310.82,-55.672
-19.501,-200.64,1.2473
34.643,-239,-32.262
-89.111,-121.62,46.948
-41.6,-173.66,25.776
-79.12,-134.48,40.826
-60.803,-93.11,37.718
141.59,-299.04,-60.798
75.271,-234.4,1.5292
135.9,-300.18,-15.294
-69.444,-115.26,0.25761
18.855,-182.72,-20.726
-57.512,-143.14,42.775
-48.446,-129.62,45.027
-78.221,-88.659,10.536
174.61,-320.56,-63.029
109.75,-320.99,-46.967
68.009,-274.2,-41.385
33.044,-233.49,11.892
197.84,-354.14,-80.973
129.96,-324.27,-19.306
185.73,-384.01,-43.506
81.213,-238.32,-37.769
-32.924,-179.85,25.581
80.214,-283.6,-6.9734
173.94,-342.66,-77.729
117.76,-330.28,-44.284
179.24,-385.16,-68.994
5.3736,-159.28,18.124
135.5,-329.01,-66.189
201.75,-367.42,-86.425
175.17,-362.16,-31.897
186.63,-371.67,-35.121
-47.287,-153.3,-7.3943
37.594,-229.71,-35.581
-24.615,-130.2,28.08
3.0283,-204.46,-23.31
-57.405,-112.86,47.099
198.85,-374.78,-36.337
69.256,-273.48,-42.776
-52.095,-103.69,37.61
-81.002,-140.13,18.815
86.593,-298.49,-41.219
119.71,-311.87,-14.444
-75.166,-137.81,40.093
-58.565,-99.859,42.111
133.06,-285.14,-52.986
85.546,-260.42,-49.124
209.18,-347.69,-65.026
204.3,-391.41,-42.489
12.092,-230.81,-2.623
80.855,-277.53,-48.796
38.443,-205.04,-29.303
22.117,-191.05,21.284
214.71,-354.07,-70.292
-101.53,-117.67,20.527
155.29,-361.09,-39.863
-3.5425,-147.77,3.0328
87.63,-287.18,-50.095
98.991,-313,-31.16
-41.939,-109.13,20.858
-62.387,-108.52,2.7981
-24.328,-176.65,31.389
-36.163,-182.19,18.881
24.016,-183.94,-19.475
-3.0293,-170.93,-18.657
13.729,-165.63,-5.361
83.346,-266.53,1.1716
-96.517,-124.1,36.268
24.05,-222.97,-30.51
33.37,-242.21,5.5717
74.577,-272.82,-46.497
-44.543,-115.51,38.881
207.28,-382.49,-39.036
-5.6224,-171.03,-18.796
-51.504,-149.74,40.458
52.782,-209.99,-27.375
-43.286,-137.77,43.266
83.881,-236.81,-5.1086
68.643,-277.55,-7.7062
38.818,-254.15,-24.759
48.377,-257.91,-33.548
-78.411,-142.29,16.756
146.77,-325.56,-19.302
99.573,-308.59,-47.727
4.7242,-231.02,14.88
31.439,-187.6,20.238
37.978,-242.83,30.292
4.9676,-187.55,46.351
198.34,-360.79,-17.403
93.189,-287.54,-34.816
175.13,-338.15,-53.693
-77.383,-110.32,22.622
80.228,-292.41,-26.614
108.98,-274.12,-30.325
-42.172,-141.1,12.356
-100.3,-128.24,52.996
18.382,-241.47,0.6359
83.096,-302.34,0.38263
112.3,-331.94,-24.532
-17.419,-209.68,21.989
212.4,-379.6,-20.845
43.796,-222.53,-14.969
80.173,-298.43,-21.6
-64.316,-163.99,35.62
194.66,-399.8,-62.274
33.98,-190.2,12.243
149.52,-334.39,-1.2873
61.094,-265.69,-23.642
-2.5579,-172.47,2.7896
91.925,-310.86,-3.0269
119.67,-292.53,-38.873
74.302,-294.02,-18.294
-30.056,-158.45,6.6833
18.451,-243.08,3.7642
32.564,-237.22,-14.632
80.575,-234.41,1.7497
115.54,-293.32,10.498
-22.547,-194.35,6.7846
-97.711,-126.79,61.159
71.164,-267.79,22.307
-19.846,-137.69,32.108
-10.679,-160.8,49.242
40.665,-217.69,34.361
-80.296,-126.37,21.971
52.556,-249.43,-21.671
94.685,-295.36,12.489
106.73,-325.43,-9.6373
-47.668,-180.25,29.864
70.028,-269.18,-27.222
90.469,-248.53,-15.91
-25.843,-191.89,43.756
60.544,-216.45,14.046
91.702,-250.78,10.857
36.511,-198.52,-0.31973
123.99,-319.56,-44.606
-10.878,-190.67,48.419
-87.501,-140.58,49.784
47.312,-207.2,23.97
225.27,-368.97,-41.503
228.99,-371.95,-46.847
41.784,-263.97,12.578
215.33,-361.6,-33.629
-5.9896,-217.63,7.9332
80.393,-267.31,-29.86
185.21,-399.57,-42.671
28.144,-242.48,-10.072
72.809,-239.72,-18.344
32.129,-251.4,-7.7443
-64.481,-156.45,54.052
25.69,-239.44,-9.6269
38.394,-204.55,31.553
173.67,-387.73,-32.798
-82.145,-132.05,24.381
190.48,-384.37,-18.645
-53.617,-113.4,60.59
64.563,-220.73,13.788
-44.836,-174.8,15.38
67.897,-290.11,0.71984
-25.117,-133.04,30.81
26.169,-182.58,15.284
186.78,-377.14,-64.818
53.055,-277.21,-1.2619
208.02,-369.41,-64.896
222.95,-381.5,-25.909
-97.875,-129.28,56.383
137.34,-330.68,0.5089
178.85,-327,-37.632
-0.84196,-178.78,-0.10231
73.421,-287.73,10.773
177.73,-360.53,-10.391
138.74,-288.86,-18.866
99.16,-257.12,-19.298
34.516,-241.41,-14.794
144.4,-295.82,-28.05
-28.269,-175.07,53.591
159.78,-375.72,-39.612
-15.594,-153.13,49.578
-50.687,-157.03,59.173
209.47,-382.02,-19.721
80.582,-248.49,-21.896
142.39,-317.56,1.8407
200.79,-346.52,-33.315
91.559,-300.86,8.3156
121.89,-313.14,6.5734
-52.188,-175.43,37.354
-73.765,-109.31,22.985
106.01,-313.36,-36.379
56.067,-262.68,23.013
-15.527,-209.95,13.749
135.27,-286.45,-11.145
48.65,-239.02,31.473
111.35,-317.77,-38.315
35.831,-202.08,-4.4468
-61.557,-97.282,42.701
46.029,-227.13,-16.653
26.322,-183.8,25.742
17.417,-217.64,-10.225
62.455,-217.56,11.046
-77.607,-150.88,39.247
175.88,-357.47,-9.5446
-6.758,-150.83,25.398
83.13,-301.89,-21.664
107.84,-280.5,-34.547
-64.577,-157,53.351
-63.617,-123.87,18.113
107.63,-310.41,-38.374
94.938,-284.16,16.235
185.54,-365.57,-12.524
51.483,-270.89,13.267
181,-376.92,-62.23
-33.321,-167.63,56.175
-45.046,-123.69,58.898
-75.748,-135.71,65.567
163.26,-336.2,-4.9001
43.314,-241.43,-18.667
5.2977,-162.22,23.378
165.48,-371.66,-17.654
18.997,-237.59,-4.5614
-87.094,-110.63,23.995
-66.757,-140.81,17.709
133.47,-340.85,-6.1932
-85.823,-140.3,54.183
74.211,-283.58,-26.216
-76.718,-148.61,30.755
186.27,-355.96,-61.198
115.26,-280.37,-32.665
164.39,-340.95,-55.933
-17.727,-183.72,1.2147
214.51,-393.41,-22.036
91.591,-277.59,-33.436
83.76,-293.18,11.138
36.626,-250.18,25.091
180.24,-343.97,-11.624
-85.582,-138.91,56.877
-38.814,-120.91,48.109
75.252,-259.26,23.445
146.81,-315.95,-0.21872
-3.7192,-156.08,38.141
-27.349,-132.38,44.774
8.6157,-230.58,26.159
96.676,-255.46,-19.378
3.7762,-203.19,-5.8175
26.219,-251.64,7.8129
32.036,-254.38,16.285
-23.35,-145.06,14.631
40.604,-237.97,32.455
133.07,-315.9,4.5376
169.53,-375.41,-18.986
-2.2402,-190.34,-3.3624
101.65,-314.89,-31.806
11.874,-183.45,42.171
-26.93,-171.35,4.2219
202.19,-381.21,-17.93
167.11,-324.48,-46.226
-3.3988,-208.9,40.25
22.198,-246.93,3.2849
92.443,-307.97,-27.513
143.84,-359.66,-38.409
-52.449,-154.34,60.218
126.56,-304.33,6.963
8.1168,-234.18,11.432
60.947,-240.74,28.119
58.552,-247.08,-22.867
140.26,-345.81,-7.319
16.954,-195.46,42.154
121.8,-314.97,-44.024
-57.037,-138.52,65.547
-12.214,-145.43,27.597
-37.554,-172.12,8.715
138.23,-344.33,-46.179
216.46,-360.49,-44.496
14.649,-207.44,42.331
202.27,-348.35,-32.21
125.36,-291.73,-37.328
121.38,-325.9,0.57477
126.41,-315.32,-45.395
126.6,-277.71,-15.874
80.956,-251.55,20.312
192.01,-394.67,-63.059
78.521,-297.71,-20.019
33.404,-231.61,-15.452
106.39,-291.37,-38.211
74.242,-255.44,23.859
54.324,-243.1,29.843
216.63,-360.63,-41.323
-11.422,-192.8,47.524
198.48,-356.6,-59.075
216.29,-375.74,-66.751
58.503,-275.44,13.681
-64.209,-161.57,47.036
147.84,-338.02,-52.406
161.17,-368.47,-17.006
-70.503,-143,62.487
-39.562,-175.5,11.166
145.88,-363.1,-27.527
-42.06,-177.14,14.22
69.83,-258.67,-26.675
228.58,-373.36,-38.734
-9.0524,-212.19,33.847
106.2,-291.86,13.082
41.206,-261.26,-9.4655
-76.971,-128.26,69.133
105.08,-281.06,13.732
-14.849,-149.97,15.136
-17.375,-203.44,37.439
-33.777,-131.41,21.391
185.28,-395.82,-54.883
65.218,-228.37,21.674
54.982,-212.63,18.891
178.73,-335.56,-14.116
183.27,-396.99,-48.456
-37.115,-124.33,50.338
167.2,-335.8,-53.904
59.674,-229.77,-15.901
-35.633,-123.37,45.599
124.66,-343.53,-20.646
-24.793,-136.45,23.431
7.4524,-177.59,43.013
171.89,-380.26,-22.495
150,-344.07,-52.925
-90.099,-138.7,46.39
160.01,-346.27,-56.203
157.17,-333.19,-2.8873
8.8244,-211.33,-7.308
47.327,-246.92,-19.912
220,-363.69,-44.895
107.14,-273.58,-30.598
151.56,-324.56,-50.26
16.206,-240.71,18.084
-15.927,-184.12,50.646
7.0601,-205.09,-6.8776
-21.785,-203.09,32.84
-74.633,-118.94,71.738
-79.049,-148.68,36.148
108.33,-264.98,3.9581
126.19,-344.04,-17.625
94.163,-256.9,-22.713
-24.078,-201.57,16.291
8.5161,-232.59,4.8711
-97.248,-128.65,58.732
78.86,-297.23,-21.148
57.526,-221.62,-10.343
180.93,-367.77,-12.487
-88.827,-138.87,38.766
219.83,-390.04,-23.039
119.16,-286.26,7.6134
-2.5837,-219.66,5.1776
46.393,-268.37,11.052
5.2734,-231.39,16.862
-15.03,-143.22,26.351
86.841,-298.51,8.1375
45.528,-268.68,8.7259
-71.189,-97.457,30.874
112.77,-307.49,-41.095
83.817,-240.04,-10.094
81.616,-299.32,-22.592
161.14,-374.87,-45.285
-55.35,-103,48.342
169.13,-381.72,-27.256
-9.5112,-216.98,15.647
67.124,-269.29,21.475
201.41,-392.41,-69.348
8.2551,-217.31,38.288
201.67,-368.62,-65.501
207.14,-354.23,-49.632
-29.864,-197.4,22.834
-19.35,-161.41,5.6827
20.092,-208.27,-9.9667
-34.608,-174.41,53.047
212.5,-369.37,-23.543
-92.88,-121.8,69.275
-63.594,-157.32,53.77
-90.498,-138.32,46.342
25.202,-212.61,39.609
136.89,-297.06,-0.61611
-21.412,-143.53,49.017
214.31,-389.63,-21.475
29.892,-210.25,38.169
-87.969,-127.82,66.79
141.96,-314.45,1.7798
77.666,-282.44,-28.746
69.893,-275.62,18.629
192.87,-362.08,-14.525
1.2932,-190.83,-3.9926
56.531,-219.59,24.166
-38.955,-131.1,18.65
64.697,-281.57,11.359
65.073,-258.77,25.252
-61.056,-126.29,67.906
126,-277.45,-17.668
96.2,-317.12,-10.667
-79.356,-148.8,37.772
106.79,-279.02,12.69
71.353,-289.2,7.4852
14.464,-211.41,41.394
11.357,-232.97,25.641
211.76,-359.39,-52.83
151.68,-317.32,-2.534
-41.757,-119.07,50.875
94.453,-307.93,-29.715
189.23,-401.28,-35.854
194.63,-369.33,-14.986
11.268,-181.75,41.96
109.46,-312.4,5.9736
108.55,-326.61,-9.1176
-78.15,-136.56,23.295
128.95,-292.22,3.2521
-46.652,-126,61.147
141.43,-349.25,-46.153
-17.291,-162.91,53.391
-53.995,-162.98,16.625
-87.632,-116.32,73.223
62.585,-237.46,-19.687
70.019,-275.56,18.693
-13.726,-192.33,0.36773
-70.414,-157.94,41.047
51.429,-213.09,24.553
-50.44,-171.03,18.524
16.679,-242.49,9.9838
194.04,-342.15,-26.543
55.009,-254.83,-22.367
-0.013093,-159.5,17.28
171.04,-382.2,-50.937
-19.402,-141.14,43.783
129.07,-285.35,-29.464
108.32,-290.32,12.754
157.52,-371.46,-24.315
109.52,-305.63,-39.992
-48.14,-170.56,50.669
59.556,-235.37,-19.09
73.912,-237.14,19.167
173.33,-321.11,-25.042
175.15,-389.67,-45.312
82.893,-238.4,8.2599
103.04,-289.46,14.021
171.47,-348.33,-7.5544
154.23,-304.88,-31.204
-60.253,-166.28,27.93
77.651,-254.33,-25.77
-4.372,-174.45,1.4574
-17.967,-196.16,44.018
60.638,-238.4,-20.346
9.6461,-218.02,-6.598
38.544,-235.87,33.162
209.51,-377.13,-19.898
139.47,-316.16,-47.358
-52.227,-149.13,62.349
116.51,-315.53,5.491
190.53,-348.08,-17
188.66,-394.98,-27.1
26.752,-201.16,38.297
78.774,-233.07,-2.1949
179.38,-338.05,-13.293
195.06,-340.91,-38.581
162.85,-351.28,-57.229
52.953,-216.58,-8.2031
127.12,-278.11,-15.019
221.49,-374.74,-27.974
49.751,-223.18,-14.438
48.64,-272.96,1.8443
123.1,-308.25,-43.85
-67.427,-146.25,61.327
14.227,-170.91,20.059
58.843,-222.97,-10.855
-60.79,-127.16,67.792
185.38,-356.11,-12.044
167.59,-382.05,-30.614
117.09,-315.03,-42.195
-98.688,-118.79,31.075
8.8679,-190.53,45.045
30.821,-252.36,18.195
21.924,-209.7,-10.486
49.755,-253.98,26.522
130.08,-284.21,-26.676
189.78,-339.31,-23.479
79.581,-290.54,11.481
152.92,-369.89,-33.333
-62.705,-117.91,68.18
-50.519,-109.55,34.975
-60.086,-138.86,15.057
205.81,-351.25,-44.385
69.193,-289.1,5.2555
53.811,-224.51,-14.219
191.02,-340.83,-23.368
3.241,-227.95,23.092
-80.831,-140.13,59.685
155.39,-372.08,-35.7
116.02,-273.7,-25.835
17.951,-215.33,40.093
24.367,-188.67,34.619
155.43,-347.68,-5.4335
186.59,-398.74,-52.646
-9.2018,-148.02,29.426
91.551,-282.87,16.91
79.995,-274.58,19.944
70.066,-262.7,23.84
92.745,-246.7,-8.4043
138.6,-318.12,-47.894
198.91,-352.9,-55.622
-27.421,-181.83,50.47
-80.581,-136.03,24.892
175.1,-386.94,-50.953
105.02,-325.7,-19.079
141.29,-355.75,-17.717
7.5814,-223.17,33.793
64.156,-279.24,13.524
-53.898,-106.43,35.647
197.3,-354.73,-58.086
126.37,-309.39,-44.555
-20.713,-191.67,4.1711
92.508,-246.61,-8.7719
145.19,-307.83,-1.7021
-64.856,-158.22,24.444
163.57,-319.14,-10.924
164.72,-312.82,-27.394
148.81,-332.95,-52.275
217.65,-361.74,-46.168
-56.431,-137.48,65.67
120.86,-276.72,-0.019253
89.394,-310.85,-16.805
-53.321,-170.15,21.351
109.55,-315.46,4.0516
-53.243,-128.56,-77.341
-51.983,-109.25,-107.61
20.337,-141.51,-118.44
102.2,-241.53,-105.55
-24.027,-91.358,-93.559
65.844,-193.17,-95.27
-76.792,-81.314,-99.463
176.3,-343.87,-146.33
36.161,-217.03,-117.4
202.94,-342.48,-188.26
153.66,-277,-167.49
94.288,-246.84,-105.84
85.222,-201.21,-136.81
191.5,-314.1,-133.31
-41.724,-141.56,-86.299
-54.738,-128.39,-80.092
-57.895,-57.127,-68.428
-56.66,-122.52,-98.172
-50.478,-133.45,-85.915
181.97,-348.15,-146.64
-26.111,-93.515,-70.849
184.56,-325.89,-182.72
-91.64,-92.908,-77.832
128.69,-299.07,-130.94
44.942,-222.21,-129.32
-29.194,-107.33,-62.963
97.708,-208.35,-133.17
159.49,-290.3,-122.96
53.073,-179.86,-134.58
-82.217,-92.728,-57.637
101.97,-267.22,-154.37
-34.477,-146.85,-83.681
56.353,-233.26,-132.67
5.1973,-119,-101.31
-25.888,-157.38,-94.873
67.722,-181.76,-104.28
175.86,-311.1,-128.12
-38.74,-106.67,-59.749
71.168,-233.46,-146.7
75.303,-248.07,-112.98
180.54,-334.06,-180.45
-88.232,-79.471,-94.364
-53.897,-129.73,-90.884
1.8068,-183.92,-102.23
-93.567,-86.366,-85.801
136.35,-246.71,-125.58
55.493,-212.84,-142.84
119.03,-266.31,-162.87
-2.716,-110.28,-93.191
115.64,-223.54,-131.66
81.691,-221.5,-99.058
-81.09,-102.65,-83.427
131.8,-294.47,-163.67
-38.858,-93.763,-105.93
-55.842,-98.098,-55.47
154.07,-278.96,-168.44
76.705,-243.9,-107.96
-1.493,-180.9,-102.54
153.38,-258.73,-143.88
202.76,-306.43,-148.74
169.12,-274.61,-139.86
190.44,-343.51,-183.37
195.72,-297.99,-153.39
135.69,-306.29,-134.13
-67.97,-46.615,-71.817
-1.4164,-114.25,-103.01
11.905,-124.42,-96.311
179.93,-286.3,-140.05
-75.945,-102.28,-93.01
152.53,-287.6,-171.69
-52.403,-127.64,-98.497
163.34,-335.87,-158.17
62.178,-176.07,-124.91
-85.527,-96.703,-65.874
40.57,-210.87,-134.28
135.38,-256.18,-117.9
39.792,-217.11,-105.65
100.67,-233.62,-105.06
-49.103,-118.26,-63.597
139.11,-307.21,-132.13
121.67,-292.84,-154.86
22.301,-203.06,-106.28
3.7449,-168.56,-80.558
-70.149,-61.403,-50.234
84.216,-197.97,-108.96
-19.422,-135.86,-118.69
4.8977,-130.42,-116.68
-56.372,-85.328,-53.59
81.008,-256.46,-140.5
10.772,-154.71,-76.193
-78.269,-72.538,-47.07
136.53,-311.11,-145.26
163.23,-297.75,-124.15
216.12,-329.28,-182.75
-9.4081,-130.4,-69.344
106.93,-281.42,-147.18
-48.605,-103.12,-108.68
199.77,-309,-173.1
-33.894,-141.14,-108.76
-90.701,-80.082,-92.566
-47.913,-131.71,-75.546
181.73,-295.11,-170.43
43.047,-158.94,-95.242
19.14,-131.48,-101.18
84.086,-194.41,-125.84
41.143,-220.95,-123.36
97.608,-262.83,-153.2
-27.597,-88.068,-75.459
-24.018,-134.5,-67.906
145.96,-315.89,-161.65
-54.484,-129.15,-82.087
157.32,-262.92,-138.49
124.62,-254.37,-160.76
50.782,-175.53,-91.489
-30.351,-96.779,-105.39
-42.654,-104.66,-58.64
220.75,-321.23,-160.55
-86.004,-97.243,-83.268
-66.855,-116.19,-74.957
-98.424,-85.143,-78.971
35.351,-175.75,-84.061
209.67,-318.21,-144.36
81.299,-192.75,-111.86
32.4,-147.66,-93.055
-18.961,-114.65,-113.39
163.02,-296.04,-124.02
188.29,-358.32,-168.58
-13.314,-165.11,-111.95
52.125,-219.92,-99.624
-101.15,-83.814,-67.937
38.915,-150.48,-104.69
212.61,-313.87,-163.36
80.15,-231.03,-150.91
221.03,-323.23,-154.53
-74.625,-50.865,-88.362
-43.906,-100.38,-57.907
44.645,-155.96,-108.29
76.879,-229.61,-149.87
113.62,-247.18,-158.58
200.49,-361.17,-147.61
-20.598,-124.08,-116.92
-38.444,-137.78,-74.685
-12.489,-149.59,-73.444
41.438,-170.63,-131.98
28.836,-154.41,-84.35
194.37,-329.85,-133.91
31.94,-203.57,-95.644
221.65,-332.13,-182.55
141.53,-313.35,-158.03
-66.338,-60.445,-53.201
15.341,-196.6,-104.89
209.71,-358.47,-142.81
27.262,-205.65,-102.53
201.3,-350.53,-140.19
80.77,-204.42,-101.06
159.53,-323.38,-135.37
100.42,-209.75,-130.46
-60.67,-62.956,-91.643
85.971,-244.11,-152.09
95.21,-205.22,-130.28
84.401,-262.54,-134.09
-34.28,-99.174,-61.717
-34.739,-117.44,-113.41
124.96,-299.15,-136.46
119.51,-281.12,-119.07
66.37,-233.8,-143.34
221.24,-323.53,-154.38
125.32,-239.07,-149.52
147.99,-257.13,-152.22
66.247,-190.84,-96.296
48.038,-216.68,-98.838
150.58,-268.82,-123.14
-58.052,-68.055,-94.778
208.7,-312.97,-169.81
165.24,-335,-165.78
-43.371,-78.069,-95.613
91.639,-224.38,-102.28
74.116,-232.45,-101.45
115.82,-277.45,-117.78
-56.481,-118.94,-101.37
134.71,-244.93,-148.4
-13.971,-164.38,-111.84
50.229,-196,-140.82
92.038,-247.49,-154.33
-98.525,-86.041,-76.074
-8.9697,-162.71,-118.5
47.276,-158.72,-111.64
204.13,-310.1,-145.56
-28.814,-85.624,-78.063
167.81,-294.92,-174.08
195.67,-300.07,-164.25
194.8,-297.07,-154.77
125.53,-297.02,-131.29
188.87,-341.26,-183.1
-74.584,-98.919,-96.639
-89.61,-79.311,-93.559
192.53,-297.95,-143.92
108.58,-217.8,-134.35
122.31,-292.63,-128.3
147.68,-265.28,-161.58
142.28,-305.04,-166.44
92.533,-205.3,-135.16
67.244,-212.38,-146.3
-7.2589,-174.35,-95.67
194.44,-303.65,-140.1
-26.265,-150.71,-109.59
21.361,-182.64,-84.749
181.77,-328.93,-132.79
203.09,-314.58,-140.64
-34.802,-92.55,-103.98
28.712,-198.94,-130.77
173.14,-304.2,-127.08
6.489,-119.25,-97.024
52.511,-165.87,-101.33
-21.128,-141.62,-117.57
117.36,-261.66,-162.16
-38.77,-76.62,-87.781
187.1,-290.26,-148.84
196.17,-338.71,-186.3
206.17,-328.29,-184.74
181.87,-312.34,-179.91
167.32,-286.71,-169.85
104.86,-253.61,-158.56
166.9,-278.83,-163.46
-39.701,-82.905,-64.182
-61.878,-64.863,-93.931
-17.867,-99.071,-98.963
108.31,-285.01,-138.11
170.42,-281.14,-133.01
133.53,-272.96,-166.56
-71.258,-50.603,-85.997
-66.139,-115.93,-91.42
111.39,-222.92,-118.52
-84.539,-98.918,-83.207
92.813,-265.83,-120.17
82.485,-212.19,-146.45
181.38,-299.05,-131.82
-50.324,-70.181,-92.012
40.565,-182.51,-136.83
105.41,-214.05,-129.83
119.21,-280.08,-160.95
26.745,-146.78,-86.727
78.229,-254.13,-118.86
-30.154,-149.97,-104.96
114.58,-289.87,-146.51
61.732,-194.43,-92.903
87.076,-240.47,-153
72.091,-210.94,-146.51
43.943,-223.48,-124.68
139.56,-266.28,-164.42
44.31,-212.92,-136.27
-59.126,-111.31,-62.133
3.537,-185.63,-103.11
58.278,-238.08,-124.51
197.46,-325.71,-184.29
117.68,-228.48,-142.19
81.766,-192.66,-126.6
59.571,-237.13,-132.35
28.097,-158.03,-127.76
131.19,-301.5,-131.86
-10.79,-148.83,-72.906
97.156,-266.23,-150.83
-52.136,-121.58,-67.266
-4.5997,-125.19,-72.307
189.4,-327.15,-183.88
-50.086,-115.95,-107.43
13.371,-160.13,-77.406
132.29,-301.93,-131.38
-23.985,-124.61,-116.57
-21.181,-126.92,-66.031
37.386,-215.42,-105.96
202.97,-347.81,-138.94
9.7326,-123.11,-101.9
98.47,-263.91,-153.33
157.45,-272.91,-163.35
14.313,-196.14,-109.37
-13.241,-125.21,-68.115
2.8903,-183.51,-112.98
-67.532,-78.628,-50.049
147.35,-253.05,-140.08
150.71,-273.13,-165.94
198.8,-324.89,-183.97
-51.519,-86.417,-55.359
224.41,-324.76,-160.57
86.995,-255.31,-148.64
92.487,-237.34,-103.16
28.884,-141.93,-109.29
122.51,-258.77,-111.71
36.466,-200.64,-135.56
33.674,-152.57,-89.669
12.69,-171.36,-129.05
179.78,-349.49,-168.37
200.84,-305.72,-146.35
127.45,-290.34,-122.82
106.83,-269.55,-156.82
223.17,-325.12,-171.59
181.76,-287.09,-159.84
101.44,-272.38,-150.41
170.04,-287.06,-169.16
191.97,-297.75,-165.27
127.4,-234.51,-133.36
-68,-89.095,-102.43
99.404,-251.89,-156.82
148.26,-277.94,-119.66
19.51,-194.37,-124.94
-83.135,-64.916,-96.333
101.66,-210.78,-122.06
-2.417,-153.1,-124.29
84.575,-221.73,-99.885
153.97,-292.06,-121.61
191.97,-360.16,-173.24
95.511,-205.05,-119.74
189.63,-358.74,-155.09
-8.2413,-170.85,-112.57
138.92,-265.47,-117.31
2.3986,-125.69,-77.177
222.19,-322.73,-166.19
-33.536,-80.444,-78.887
169.06,-293.58,-126.45
-1.4929,-153.43,-74.335
-77.566,-83.7,-50.511
202.08,-334.21,-135.96
96.7,-272.95,-128.02
191.71,-294.29,-151.93
-93.343,-84.703,-56.837
-8.8016,-117.79,-112.62
90.568,-200.66,-117.11
130.01,-266.21,-114.02
-71.147,-112.91,-76.677
188.86,-302.84,-135.5
29.07,-195.26,-132.63
-16.133,-97.343,-89.961
-89.332,-91.199,-61.553
98.436,-269.74,-120.13
118.65,-252.53,-110.52
-14.72,-115.75,-68.837
18.815,-171.68,-80.586
-59.258,-89.561,-104.64
161.97,-312.11,-127.4
-73.879,-85.538,-100.4
-55.687,-58.613,-75.904
-15.968,-122.74,-116.66
41.455,-153.75,-112.53
71.122,-201.12,-96.284
207.65,-334.68,-137.58
82.818,-246.85,-107.77
25.539,-144.43,-87.253
106.13,-248.91,-107.19
54.892,-165.79,-111.03
199.42,-322.02,-182.69
226.51,-340.34,-145.71
156.07,-269.25,-127.51
150.1,-309.78,-128.55
18.1,-198.05,-102.05
71.626,-220.72,-148.14
164.31,-272.04,-156.78
19.102,-166.85,-130.84
137.38,-247.92,-125.57
212.83,-313.81,-159.12
167.69,-274.02,-155.56
205.62,-318.27,-178.55
94.638,-222.99,-103.85
101,-277.6,-131.51
79.19,-235.94,-150.26
219.98,-331.03,-182.43
-62.642,-84.453,-51.814
155.39,-263.59,-132.49
9.4214,-131.83,-115.67
170.49,-326.88,-133.54
69.84,-240.31,-142.58
114.14,-233.89,-112.47
-50.808,-64.121,-70.615
10.502,-191.67,-102.23
104.63,-241.95,-106.2
191.3,-357.3,-176.11
34.602,-210.55,-128.19
170.86,-276.8,-156.16
164.7,-278.81,-164.81
120.84,-235.05,-148.33
168.74,-337.63,-145.25
-30.488,-102.29,-63.109
153.16,-276.66,-167.4
133.95,-305.02,-134.14
11.882,-134.95,-80.26
224.96,-331.72,-180.02
-56.402,-125.97,-77.379
3.0843,-153.02,-74.549
131.92,-284.72,-166.49
180.89,-349.31,-170.8
-37.514,-80.029,-69.546
176.36,-346.3,-167.37
93.348,-263.43,-149.11
74.214,-221.22,-97.62
123.53,-299.06,-145.12
-19.899,-163.05,-100.3
179.02,-299.3,-130.29
185.24,-351.38,-174.62
29.931,-184.31,-84.821
-4.9367,-156.63,-123
178.8,-284.94,-160.17
201.29,-323.44,-183.1
96.539,-222.78,-149.42
176.65,-283.3,-160.17
12.275,-169.96,-129
164.51,-307.65,-176.66
69.345,-202.91,-95.218
-2.6416,-128.03,-117.47
-97.453,-87.546,-70.177
85.904,-250.57,-150.18
176.12,-280.81,-155.45
165.12,-285.66,-126.29
-93.326,-84.582,-56.685
41.652,-164.13,-127.35
27.895,-188.21,-133.71
124.13,-251.81,-112.78
189.08,-328.87,-132.99
-55.632,-127.53,-92.033
-38.155,-101.7,-109.46
-51.202,-63.414,-80.148
216.45,-336.45,-187.18
-9.5617,-173.14,-100.08
176.34,-282.63,-159.39
-8.5955,-139.34,-121.63
74.953,-251.78,-136.93
-87.146,-76.239,-48.142
-86.614,-78.313,-49.094
84.459,-200.38,-136.44
206.47,-342.45,-137.77
-80.366,-96.571,-60.295
-12.83,-168.69,-107.09
68.36,-244.05,-114.4
141.27,-249.59,-129.66
-84.899,-88.583,-55.385
80.068,-218.19,-98.466
-46.55,-137.32,-90.486
147.94,-281.31,-119.43
-18.549,-164.48,-97.318
138.31,-244.75,-135.48
181.14,-347.82,-173.23
31.955,-187,-75.137
-5.7752,-166.36,-63.215
115.5,-308.78,-145.09
28.772,-196.92,-74.045
-87.955,-97.114,-87.248
-80.253,-102.47,-40.87
80.292,-212.58,-112.47
191.94,-316.65,-144.64
9.9252,-158.29,-70.054
-87.234,-101.87,-41.475
-23.426,-155.99,-109.1
99.64,-299.19,-126.7
17.919,-187.18,-121.97
60.822,-203.38,-123.77
30.231,-233.89,-105.62
140.03,-311.4,-160.72
-13.118,-142.11,-60.613
162.26,-337.32,-166.84
27.124,-161.67,-92.78
68.945,-202.93,-100.73
66.223,-206.46,-91.756
-41.689,-162.43,-72.943
69.681,-230.34,-86.775
64.412,-211.84,-129
128.01,-258.08,-131.3
25.309,-186.56,-122.43
-11.151,-143.31,-61.413
155.51,-334.65,-120.13
99.625,-278.05,-148
-73.912,-126.67,-85.752
86.511,-236.65,-93.12
86.92,-229.94,-95.879
-41.026,-163.48,-90.731
191.41,-337.49,-172.05
19.11,-192.36,-122.87
-33.721,-111.16,-58.184
-68.048,-70.042,-67.846
107.7,-266.94,-149.21
47.544,-181.28,-99.441
158.29,-337.47,-164.67
78.893,-259.73,-141.46
171.87,-360.76,-134.75
77.407,-210.72,-104.18
108.15,-263.4,-98.886
185.53,-311.74,-149.73
155.01,-340.82,-124.92
-105.78,-92.006,-77.422
-71.257,-103.05,-92.772
154.5,-282.08,-131.37
13.265,-212.09,-113.52
67.555,-201.07,-101.86
29.86,-229.98,-116.56
-40.87,-101.37,-58.06
77.488,-259.26,-140.86
179.32,-328.69,-169.4
-14.452,-190.44,-96.058
121.3,-251.1,-124.59
65.797,-252.51,-136.04
-33.551,-155.12,-60.002
-98.551,-91.024,-82.946
159.85,-354.08,-139.57
21.557,-158.22,-83.743
-104.98,-102.47,-65.519
207.92,-354.36,-129.35
69.501,-223.27,-134.42
60.742,-257.28,-100.72
19.06,-185.17,-70.604
11.876,-216.22,-97.922
197.19,-354.36,-177.38
97.785,-239.25,-99.809
211.49,-337.61,-161.85
-73.349,-68.319,-48.463
197.23,-353.79,-126.14
143.42,-287.72,-154.69
127.45,-266.37,-144.88
74.305,-250.17,-140.62
2.2116,-199.57,-111.59
38.974,-174.27,-104.55
110.37,-308.68,-126.43
98.325,-282.11,-146.36
-52.456,-107.71,-46.887
55.089,-244.41,-91.608
11.043,-175.94,-118.72
-37.695,-98.999,-74.638
-23.092,-138.78,-56.575
56.052,-257.85,-118.68
78.398,-222.85,-131.77
-52.347,-153.87,-83.261
81.458,-218.78,-98.594
-92.712,-108.72,-49.684
124.28,-261.2,-109.91
172.36,-364.13,-158.9
99.844,-294.94,-114.26
174.53,-360.29,-132.18
142,-273.41,-141.21
-0.32932,-138.49,-96.179
138.9,-333.68,-130.59
24.927,-191.43,-72.575
201.62,-364.44,-128.68
-107.42,-90.867,-76.598
99.596,-237.75,-133.62
154.36,-309.97,-112.87
93.808,-291.58,-134.47
117.52,-269.65,-102
156.9,-346.75,-130.02
-77.269,-85.464,-38.379
13.494,-217.44,-96.382
181.93,-362.68,-130.52
-49.732,-88.213,-74.826
152.58,-348.32,-143.91
52.428,-206.94,-128.93
162.73,-355.9,-138.12
111.46,-309.84,-127.5
108.75,-306.8,-124.46
-40.466,-108.27,-53.811
87.743,-243.53,-141.47
-16.346,-186.2,-79.878
84.639,-221.16,-125.71
-59.711,-143.04,-88.004
159.86,-291.68,-123.13
-47.71,-156.04,-69.863
146,-337.23,-154.21
41.106,-175.45,-102.06
180.06,-373.59,-149.07
95.287,-271.24,-147.01
218.03,-340.83,-153.39
127.12,-307.78,-111.19
-86.023,-100.81,-40.7
-73.012,-130.11,-83.484
181.6,-372.12,-162.6
87.368,-227.97,-97.45
23.254,-197.96,-124.32
151.73,-280.28,-139.14
-41.617,-146.11,-102.19
-10.044,-127.01,-74.834
-57.312,-88.634,-84.278
-37.19,-134.06,-52.467
82.047,-231.75,-136.61
-60.871,-113.09,-96.261
-12.993,-127.46,-93.939
-92.589,-93.314,-85.595
14.544,-206.3,-79.024
-107,-85.774,-79.251
-10.519,-126.95,-73.742
17.522,-167.63,-114.29
100.67,-257.71,-146.23
-48.486,-127.91,-49.726
39.091,-242.33,-108.78
36.538,-218.13,-128.3
205.23,-329.43,-145.1
100.19,-299.71,-127.27
-30.25,-150.78,-106.8
31.052,-213.13,-126.5
207.22,-359.15,-128.91
-4.9824,-159.55,-113.21
97.573,-267.91,-97.062
177.43,-303.23,-139.74
38.245,-180.75,-81.92
-44.513,-132.64,-51.295
-6.4351,-129.3,-83.852
-58.175,-95.743,-90.155
-68.775,-69.041,-57.061
0.33245,-139.87,-73.509
190.63,-331.94,-125.39
1.6201,-137.62,-80.782
64.165,-262.4,-104.53
-58.897,-81.739,-54.225
70.264,-269.23,-108.4
29.89,-164.41,-96.593
90.601,-242.68,-140.81
164.96,-359.69,-149.38
150.94,-278.94,-136.4
82.631,-253.03,-143.14
26.644,-165.95,-81.319
76.89,-277.83,-117.95
41.608,-191.96,-122.9
-62.798,-90.924,-88.412
27.291,-229.35,-96.685
-9.2992,-130.22,-70.728
110.21,-240.79,-118.79
-12.107,-124.47,-75.727
106.35,-237.51,-123.14
30.483,-232.81,-112.82
198.19,-324.21,-155.54
-18.2,-186.21,-96.711
150.49,-285.35,-149.43
97.83,-229.8,-111.43
-85.426,-120.55,-75.18
105.55,-287.45,-104.45
43.359,-241.33,-122.69
64.221,-197.64,-101.79
175.81,-322.58,-167.12
94.758,-271.14,-98.115
105.2,-246.99,-101.68
69.132,-202.58,-112.52
193.57,-329.96,-166.9
116.43,-252.76,-137.96
4.3005,-146.9,-103.1
-53.03,-142.64,-58.097
194.35,-337.26,-126.02
-16.984,-187.24,-83.291
-4.8619,-146.48,-64.279
22.76,-215.25,-120.78
38.259,-228.82,-126.35
-55.623,-151.11,-79.67
74.123,-242.53,-88.998
-36.831,-142.25,-104.67
-77.153,-62.13,-67.505
-99.45,-107.75,-58.164
-0.94458,-138.79,-97.424
-50.995,-141.45,-56.313
-69.004,-70.549,-52.78
-57.425,-80.722,-72.334
38.559,-241.68,-110.95
-48.036,-147.26,-97.463
-106.25,-96.461,-46.387
26.345,-208.94,-124.93
188.9,-329.23,-168.06
-19.316,-169.42,-65.02
3.6798,-173.17,-117.27
31.49,-166.61,-100.59
160.38,-350.66,-158.45
85.897,-262,-95.044
188.87,-330.98,-124.67
153.44,-323.4,-115.15
-43.538,-100.09,-86.777
-87.066,-118.46,-75.615
118.43,-261.33,-144.92
170.38,-354.45,-129.04
123.13,-320.73,-131.36
41.66,-185.59,-82.024
-21.4,-157.91,-59.88
207.56,-350.37,-129.82
137.36,-299.38,-159.32
-47.659,-99.628,-88.985
-98.789,-76.556,-83.537
92.13,-262.81,-146.13
195.46,-331.87,-128.63
64.469,-263.41,-105.9
159.65,-353.78,-139.15
79.89,-223.08,-131.27
138.73,-280.88,-151.61
52.589,-188.8,-112.37
127.19,-324.59,-133.2
120.95,-270.37,-149.82
-39.686,-127.15,-51.113
-50.834,-129.24,-100
-32.096,-163.7,-102.21
17.698,-198.33,-73.736
4.8926,-189.24,-71.021
56.309,-244.74,-91.396
-68.792,-138.19,-70.88
165.99,-330.36,-117.62
184.85,-363.57,-130.12
191.01,-379.76,-142.31
127.88,-322.56,-145.95
91.914,-285.38,-108.99
-39.353,-100.62,-61.131
123.03,-319.8,-127.99
-3.2698,-171.33,-115.61
63.516,-205.59,-89.658
158.66,-343.95,-125.81
32.988,-198.81,-75.161
188.85,-326.72,-166.34
-10.441,-184.8,-72.992
-91.871,-104.11,-82.907
-1.4326,-134.46,-88.061
-71.279,-115.86,-45.989
-67.851,-137.12,-82.321
156.08,-336.13,-120.9
117.19,-304.52,-150.02
118.06,-307.27,-149.12
145.46,-329.18,-159.4
38.929,-187.24,-120.61
-37.619,-160.86,-66.328
19.804,-219.79,-89.738
-42.46,-126.24,-50.341
104.46,-295.86,-144.12
-78.35,-114.86,-47.206
-9.1018,-130.51,-70.668
127.49,-309.58,-155.1
110.47,-307.01,-139.63
1.3753,-174.72,-117.03
-21.228,-137.6,-105.58
11.725,-200.46,-118.92
182.66,-358.01,-172.62
-66.928,-119.8,-47.295
189.81,-341.57,-123.62
-88.929,-118.44,-63.711
106.91,-251.56,-142.09
151.17,-343.17,-154.42
141.39,-269.87,-127.8
47.5,-246.01,-98.314
176.62,-367.09,-161.68
189.41,-346.96,-174.99
15.718,-209.57,-81.181
26.762,-225.57,-117.31
184.22,-314.1,-156.46
-5.6344,-173.62,-65.241
4.456,-205.08,-109.09
72.263,-239.44,-139.47
192.48,-334.33,-125.76
56.459,-189.8,-103.05
36.849,-172.33,-104.14
-102.68,-102.26,-71.892
175.76,-349.46,-124.12
170.24,-337.26,-169.93
-47.513,-101.39,-90.401
118.19,-303.25,-110.95
-13.914,-126.64,-93.74
40.186,-232.52,-88.685
82.233,-219.45,-125.76
-10.895,-150.3,-110.09
164.69,-354.06,-132.51
177.06,-322.46,-166.88
203.05,-333.78,-165.03
-14.078,-187.86,-79.695
143.58,-286.05,-153.55
-79.415,-73.143,-39.486
180.98,-339.54,-121.31
59.069,-212.59,-83.971
-15.386,-135.83,-103.46
96.532,-248.78,-95.719
34.07,-220.31,-126.6
23.342,-169.05,-113.05
-36.288,-157.39,-101.96
149.55,-301.7,-111.51
186.54,-324.75,-125.4
182.95,-348.07,-173.77
-61.292,-142.82,-65.324
-26.815,-139.47,-55.399
111.96,-242.91,-116.4
-23.092,-165.08,-63.362
-65.552,-76.55,-76.812
-32.799,-106.88,-85.216
-54.702,-85.081,-77.132
81.268,-221.01,-96.371
1.8405,-180.74,-117.38
68.537,-232.8,-86.602
142.46,-322.08,-115.89
-17.042,-141.34,-58.833
-41.072,-102.6,-87.73
170.18,-364.53,-150.96
-83.186,-123.17,-74.901
62.874,-243.38,-136.66
127.92,-262.36,-140.07
23.79,-204.02,-75.651
-45.351,-161.17,-80.903
96.69,-245.05,-96.62
130.66,-291.04,-105.84
3.6632,-208.45,-97.004
196.87,-351.17,-176.68
162.6,-291.14,-128.58
-24.999,-170.53,-104.56
37.125,-204.02,-127.91
-105.03,-102.65,-58.023
-55.058,-151.5,-81.067
-93.806,-113.9,-65.103
-74.708,-81.237,-40.104
142.67,-272.09,-137.05
57.19,-224.51,-83.282
116.18,-290.52,-104.44
-65.482,-82.773,-83.477
19.802,-155.65,-97.743
-75.989,-127.83,-59.258
-68.572,-119.31,-47.324
-77.102,-61.575,-65.984
172.05,-298.44,-136.21
107.3,-288.78,-149.59
69.564,-239.53,-138.96
15.121,-217.14,-91.49
199.77,-326.27,-157.35
111.97,-308.34,-121.66
170.38,-364.77,-147.54
80.792,-213.13,-113.43
-47.541,-159.04,-80.798
63.78,-265.17,-111.93
177.58,-311.44,-158.69
112.77,-300.07,-148.86
176.62,-353.51,-170.51
-9.5312,-147.86,-61.414
138.76,-294.42,-158.26
205.3,-336.59,-166.51
156.39,-347.81,-132.03
167.67,-357.72,-134.65
-43.718,-118.49,-99.206
41.623,-195.3,-124.79
-39.606,-118.91,-51.361
6.2853,-169.46,-116.61
-76.841,-103.24,-41.085
178.9,-363.07,-132.27
71.344,-238.65,-139.2
-67.362,-92.668,-41.901
-85.304,-109.2,-85.733
84.993,-265.58,-143.32
101.1,-296.91,-115.89
-90.096,-117.52,-65.733
-75.047,-89.526,-39.09
131.97,-261.01,-127.57
89.162,-228.82,-131.32
202.49,-330.18,-137.3
186,-376.43,-143.01
3.5851,-203.38,-109.78
84.257,-242.67,-141.27
40.303,-176.6,-107.54
2.5954,-181.2,-67.815
209.61,-334.99,-142.32
-103.4,-85.027,-81.578
142.66,-338.45,-145.58
-9.8703,-129.26,-71.081
90.493,-252.29,-144.3
90.662,-285.6,-137.65
-50.717,-93.064,-53.567
-60.216,-79.769,-75.423
-42.584,-160.88,-71.319
-47.326,-157.47,-88.439
23.718,-158.56,-95.321
-0.037929,-140.58,-99.046
8.6636,-145.8,-79.482
63.32,-254.47,-96.027
-106.62,-98.469,-70.476
27.539,-188.04,-122.92
18.071,-222.21,-100.53
77.811,-237.9,-139.66
-61.729,-105.45,-43.681
187.32,-370.85,-134.79
-2.2617,-139.94,-100.23
-69.84,-134.17,-61.899
51.856,-185.42,-102.78
-63.488,-127.02,-50.627
67.818,-226.07,-86.217
54.143,-256.61,-114.13
36.726,-221.43,-127.8
49.155,-223.52,-132.69
-82.128,-110.89,-87.361
126.74,-313.79,-115.63
99.135,-275.03,-148.17
-11.159,-208.94,-99.17
11.429,-180.17,-63.261
10.47,-234.21,-79.769
-24.198,-184.15,-53.391
170.04,-358.6,-110.91
88.186,-260.38,-130.38
167.48,-317.8,-137.31
-82.834,-85.711,-66.807
72.724,-264.7,-131.5
100.48,-254.61,-114.09
-48.07,-117.36,-75.862
-117.98,-108.06,-60.977
7.2114,-215.65,-109.94
62.182,-285.32,-114.2
98.592,-308.31,-136.46
-33.256,-187.57,-91.999
183.37,-377.21,-117.2
37.643,-199.19,-102.8
70.098,-272.02,-130.56
-79.369,-141.3,-77.682
186.51,-373.05,-166.31
17.34,-179.77,-69.745
120.37,-329.7,-104.83
55.42,-237.7,-123.74
-9.777,-150.96,-82.92
71.263,-293.6,-117.51
113.26,-269.88,-125.49
63.525,-268.03,-128.16
-35.344,-133.26,-83.938
5.7405,-218.37,-108.27
27.054,-209.26,-114.14
61.761,-225.97,-81.015
86.344,-290.01,-89.085
-30.066,-166.56,-98.39
-119.49,-110.85,-52.892
42.584,-261.22,-85.019
-37.569,-128.35,-49.991
-38.389,-157.99,-44.293
11.828,-214.66,-63.284
-85.673,-98.69,-76.29
47.552,-222.14,-117.66
66.947,-287.25,-96.788
86.901,-307.39,-123.9
-62.569,-157.37,-83.496
64.855,-241.56,-124.69
78.29,-233.51,-97.728
-50.291,-178.93,-69.723
38.961,-210.26,-70.621
66.692,-246.91,-77.506
25.187,-182.46,-82.573
118.8,-292.18,-141.42
-39.252,-183.65,-59.575
-105.63,-120.78,-64.421
22.958,-202.9,-63.624
204.83,-362.67,-123
210.52,-364,-127.14
21.406,-246.27,-102.36
192.63,-356.95,-117.21
-16.85,-191.61,-102.29
75.301,-241.5,-121.73
168.97,-378.56,-154.68
20.822,-214.6,-114.9
64.186,-220.26,-102.32
22.917,-224.38,-115.87
-87.922,-142.33,-59.728
18.558,-211.5,-114.05
11.622,-201.44,-59.961
154.57,-369.35,-145.8
-88.641,-104.17,-77.915
162.84,-376.64,-126.49
-79.874,-110.3,-29.354
42.471,-214.92,-71.319
-53.056,-147.34,-90.993
49.066,-270.88,-113.99
-41.436,-122.4,-50.822
9.2975,-172.37,-66.755
181.58,-350.19,-160.37
37.381,-254.97,-115.12
200.62,-348.89,-148.25
194.98,-379.47,-117.89
-117.48,-111,-57.888
108.91,-324.07,-106.45
163.6,-315.7,-117.9
-7.1298,-155.71,-87.567
49.287,-274.4,-102.82
148.58,-355.98,-113.49
120.78,-279.9,-100.58
87.237,-241.83,-101.11
28.7,-213.35,-115.54
129.84,-283.61,-108.88
-56.455,-167.71,-54.829
145.96,-352.47,-150.75
-42.603,-150.17,-42.238
-78.195,-148.52,-50.564
180.17,-379.03,-118.66
72.395,-228.44,-106.28
113.21,-314.48,-97.016
180.2,-340.18,-115.38
65.959,-289.51,-103.96
93.07,-307.3,-99.29
-69.906,-155.12,-77.108
-79.779,-85.913,-64.6
99.291,-285.56,-139.11
29.128,-253.16,-87.95
-27.718,-184.87,-97.794
114.17,-280.11,-94.774
19.459,-234.12,-72.769
104.75,-289.98,-140.65
26.403,-183.67,-87.791
-77.87,-86.752,-38.559
40.238,-203.09,-105.47
4.4645,-177.81,-59.147
12.333,-190.1,-107.16
42.018,-210.47,-72.741
-92.32,-127.94,-73.728
146.66,-353.18,-112.07
-23.346,-140.39,-56.436
72.61,-275.77,-131.12
101.23,-258.13,-120.94
-87.696,-142.5,-60.581
-69.064,-99.198,-71.469
101.76,-282.58,-138.59
65.81,-279.1,-88.313
156.28,-361.5,-114.52
29.381,-255.09,-101.35
175.28,-349.58,-160.53
-61.858,-160.99,-51.188
-71.893,-120.77,-32.292
-102.53,-126.12,-45.113
134.11,-333.31,-103.09
38.279,-214.02,-115.08
-12.178,-152.59,-58.789
140.8,-359.52,-129.42
10.341,-210.27,-111.85
-92.052,-84.05,-69.734
-72.252,-113,-81.287
108.29,-329.16,-118.15
-106.21,-122.8,-60.2
67.55,-255.62,-129.27
-87.455,-122.66,-78.88
180.19,-333.09,-147.42
106.89,-260.7,-116.47
158.97,-316.54,-144.67
-22.811,-156.21,-95.633
185.29,-389.3,-124.03
86.486,-251.86,-125.09
58.032,-281.97,-101.1
11.464,-238.11,-87.936
151.96,-341.67,-105.39
-107.22,-122.77,-57.331
-61.219,-115.47,-36.867
45.959,-255.3,-78.355
118.14,-313.35,-96.081
-26.857,-151.05,-47.878
-49.956,-127.04,-40.514
-13.024,-214.25,-88.64
85.145,-239.71,-101.35
-1.2466,-175.82,-102.09
10.373,-229.53,-106.22
11.413,-236.94,-98.656
-32.693,-126.61,-68.572
11.942,-231.54,-74.677
103.78,-311.74,-97.796
144.86,-363.28,-130.68
-7.2434,-164.08,-96.295
93.239,-287.67,-138.03
-15.995,-180.61,-51.909
-31.894,-144.3,-90.905
172.94,-377.19,-119.76
157.39,-306.91,-128.01
-29.469,-198.09,-71.86
9.1307,-222.5,-109.03
83.354,-281.05,-134.95
131.93,-334.85,-148.28
-80.144,-146.15,-49.136
97.322,-300.98,-92.845
-6.6584,-211.13,-102.05
31.815,-237.4,-71.351
53.485,-221.13,-115.07
114.63,-334.76,-118.76
-11.941,-192.4,-55.769
116.75,-287.86,-139.6
-86.128,-133.39,-39.095
-28.997,-135.19,-54.253
-43.402,-144.1,-91.989
131.19,-316.81,-149.08
198.78,-351.75,-124.68
-14.488,-202.32,-62.381
180.92,-342.61,-114.82
117.57,-271.28,-121.64
94.989,-315.81,-110.38
121.45,-288.78,-139.01
109.07,-268.28,-97.623
52.74,-248.74,-74.777
184.74,-367.56,-165.47
67.923,-271.62,-129.63
28.383,-204.24,-111.71
101.28,-265.71,-129.66
45.011,-251.88,-76.571
25.081,-238.47,-73.782
197.43,-353.24,-122.21
-39.387,-185,-61.526
189.94,-337.67,-141.25
208.56,-355.77,-149.51
35.211,-261.04,-100.47
-84.562,-143.95,-67.573
142.82,-311.19,-147.05
136.81,-355.89,-129.06
-96.718,-132.55,-48.99
-46.448,-147.56,-92.528
128.48,-342.9,-140.69
-50.147,-149.61,-91.937
64.801,-232.57,-119.22
206.28,-368.49,-121.67
-31.556,-196.84,-80.682
76.943,-287.4,-90.06
31.374,-234.6,-118.42
-105.02,-120.79,-39.193
76.044,-277.96,-84.731
-25.615,-133.29,-67.207
-40.269,-188.56,-76.918
-44.576,-114.83,-60.785
174.91,-370.23,-162.33
39.06,-225.03,-68.648
31.915,-207.5,-67.188
152.11,-332.91,-103.82
170.07,-373.4,-158.7
-60.894,-119.82,-36.126
160.67,-313.62,-139.47
51.816,-209.21,-100.76
-57.322,-117.4,-38.761
107.24,-323.22,-134.19
-37.799,-122.39,-58.098
-20.078,-174.72,-50.15
148.42,-366.66,-134.84
144.75,-316.81,-149.55
-106.26,-117.07,-67.178
155.04,-319.94,-149.2
127.9,-329.95,-102.46
3.6121,-183.6,-105.22
42.204,-219.32,-117.13
201.97,-355.29,-125.16
99.002,-253.55,-114.77
145.57,-301.3,-137.34
-2.8955,-221.68,-96.857
-44.516,-177.56,-56.647
2.079,-177.88,-102.54
-41.977,-185.2,-82.07
-103.85,-114.34,-31.694
-92.052,-124.36,-75.637
84.082,-260.71,-83.215
107.15,-325.31,-131.48
84.448,-238.93,-105.64
-36.152,-176.41,-95.116
-3.1599,-207.12,-106.22
-118.01,-111.58,-55.502
68.77,-270.82,-130.14
47.6,-203.86,-93.318
152.13,-362.25,-117.38
-101.55,-114.37,-72.688
190.58,-387.31,-121.06
91.149,-283.58,-86.454
-12.623,-193.11,-104.07
26.028,-250.67,-103.87
-11.622,-210.22,-97.589
-30.812,-132.02,-55.259
61.97,-286.16,-104.81
26.35,-249.75,-106.17
-80.797,-79.511,-51.661
107.68,-280.22,-137.25
69.993,-226.8,-91.697
71.804,-272.76,-131.19
149.87,-349.72,-154.2
-75.26,-95.681,-34.498
148.17,-365.25,-140.35
-23.563,-193.34,-97.364
39.361,-261.14,-87.996
196.06,-365.4,-165.54
-18.575,-207.61,-72.874
195.34,-346.31,-150.85
193.2,-341.76,-129.32
-44.182,-174,-90.283
-25.543,-138.19,-81.925
14.906,-182.73,-101.34
-61.764,-165.28,-57.442
185.1,-367.18,-114.28
-118.88,-111.11,-42.228
-87.038,-143.2,-60.017
-106.57,-116.61,-67.185
-4.0902,-208.42,-62.843
110.26,-294.15,-91.109
-47.122,-140.07,-40.301
184.99,-386.19,-121.82
0.80629,-206.98,-60.961
-113.59,-116.6,-45.155
112.98,-311.62,-95.713
71.828,-254.45,-129.31
42.914,-266.19,-92.201
163.82,-359.51,-111.47
-3.8495,-165.15,-95.622
30.545,-216.17,-65.867
-47.838,-112.09,-64.817
41.543,-267.02,-102.81
36.153,-253,-80.74
-90.341,-122.66,-32.887
109.4,-267.16,-99.133
78.404,-297,-124.82
-93.092,-125.07,-74.558
78.114,-276.19,-83.872
48.959,-273.79,-106.92
-14.352,-205.35,-65.12
-10.45,-216.82,-89.123
198.6,-346.12,-132.49
123.47,-314.84,-96.621
-65.05,-114.26,-34.983
86.164,-280.62,-135.85
169.24,-383.91,-148.62
165.32,-366.1,-114.66
-16.369,-178.89,-51.489
82.425,-303.2,-104.32
88.218,-309.1,-123.35
-84.771,-108.68,-79.376
101.61,-289.49,-88.883
-74.45,-123.31,-32.303
133.82,-321.94,-150.2
-46.247,-159.85,-44.713
-61.29,-135.18,-87.884
-115.91,-109.32,-34.407
55.888,-215.1,-106.31
42.997,-266.2,-92.07
-19.195,-164.41,-98.908
-87.082,-136.7,-72.925
26.1,-209.35,-64.416
-59.34,-143.91,-88.925
1.2715,-219.99,-103.84
171.22,-337.44,-110.64
49.847,-227.19,-119.86
-13.89,-146.32,-64.314
160.99,-356.32,-158.26
-42.8,-136.32,-42.409
117.37,-269.94,-110.94
79.024,-286.47,-88.726
136.93,-354.53,-137.65
104.37,-278.22,-136.76
-72.432,-157.44,-62.767
53.012,-212.74,-106.02
47.588,-233.88,-71.431
153.01,-314.37,-107.42
161.7,-366.23,-155.9
60.595,-232.76,-76.978
73.804,-284.89,-89.413
142.17,-344.91,-107.81
139.67,-292.73,-111.86
-72.249,-141.14,-83.173
71.426,-231.17,-113.3
-10.82,-151.67,-85.642
-43.626,-184.79,-68.482
54.449,-215.14,-108.05
3.7612,-189.94,-107.6
9.8681,-229.48,-73.922
180.47,-374.7,-116.4
133.86,-292.06,-135.77
-80.763,-142.55,-44.85
88.757,-307.56,-103.43
163.42,-345.67,-107.5
164.84,-381.91,-138.96
-1.6945,-198.29,-57.669
62.08,-222.7,-84.146
152.2,-335.59,-104.14
177.83,-331.62,-119.01
157.85,-324.62,-151.32
42.742,-199.18,-91.007
109.11,-269.12,-96.948
194.92,-372.34,-116.78
42.619,-201.51,-100.34
32.179,-251.42,-112.38
118.06,-282.4,-135.67
-93.577,-135.7,-50.258
-3.0579,-161.1,-62.077
48.953,-205.16,-93.851
-90.084,-123.44,-33.294
156.26,-353.41,-109.6
148.39,-363.74,-143.74
111.74,-287.46,-140.06
-105.9,-91.118,-72.787
-20.253,-187.21,-54.315
9.5152,-235.65,-96.663
16.714,-184.23,-101.71
22.225,-245.4,-83.477
116.99,-270.36,-107.82
166.13,-335.14,-108.56
54.282,-278.73,-101.2
137.17,-348.22,-145.73
-91.622,-115.04,-29.24
-64.943,-97.089,-46.183
-65.052,-111.92,-79.762
189.67,-341,-124.31
48.109,-272.21,-109.45
46.046,-203.81,-99.214
167.11,-336.83,-108.73
-16.223,-209.29,-91.87
-104.4,-126.23,-53.86
140.38,-349.79,-147.66
104.58,-257.92,-107.61
-10.807,-209.13,-66.667
-1.6148,-185.25,-55.389
127.05,-341.09,-112.2
174.91,-374.04,-161.5
-27.296,-138.99,-52.901
62.553,-277.38,-88.498
51.236,-268.43,-86.673
41.077,-257.13,-81.776
76.827,-235.62,-90.096
133.27,-293.32,-137.49
188.82,-335.99,-136.59
-54.482,-172.53,-60.217
-87.647,-108.26,-78.838
164.41,-361.49,-158.97
89.834,-303.26,-132.05
120.07,-339.38,-131.29
-17.263,-210.68,-79.495
40.13,-265.75,-100.21
-68.126,-93.777,-45.478
188.49,-336.15,-140.04
121.23,-283.94,-135.48
-27.122,-163.61,-98.39
76.795,-235.32,-90.429
117.7,-305.24,-93.919
-74.374,-131.48,-83.778
137.84,-316.01,-99.334
146.83,-303.94,-108.62
143.8,-307.07,-144.09
200.57,-352.45,-126.12
-85.614,-132.68,-38.251
96.577,-272.53,-87.075
75.521,-287.23,-129.23
-63.179,-143.57,-87.436
83.298,-305.1,-107.27
-15.141,-66.305,-143.94
0.91983,-37.207,-157.58
68.605,-79.478,-153.11
131.09,-193.18,-159.43
19.588,-34.641,-126.86
95.947,-145.9,-142.25
-23.781,-9.8357,-147.44
211.93,-284.6,-211.73
79.345,-149.87,-182.86
255.2,-272.83,-233.14
204.34,-211.65,-204.56
124.06,-195.65,-165.38
132.3,-140.64,-170.83
220.27,-267.95,-181.07
-1.2376,-76.893,-152.69
-15.158,-64.629,-146.59
-20.867,-6.4955,-104.02
-8.1269,-51.507,-158.56
-8.8421,-67.727,-151.9
216.92,-289.66,-211.81
6.9797,-45.421,-111.06
236.99,-255.93,-228.01
-47.472,-25.112,-142.14
164.33,-239.64,-196.76
92.509,-151.71,-191.18
0.050949,-59.958,-112.88
141.33,-151.6,-166.53
188.04,-243.25,-174.08
103.68,-114.66,-171.41
-48.669,-35.772,-122.6
152.95,-195.25,-210.05
3.7272,-84.461,-150.36
103.75,-162.89,-194.66
48.002,-63.066,-134.8
16.189,-91.213,-160.8
102.25,-132.68,-142.95
204.15,-263.47,-181.75
-9.8533,-58.255,-113.83
123.4,-161.05,-199.8
110.65,-188.87,-179.05
232.08,-262.96,-231.82
-36.2,-7.3995,-147.11
-9.3823,-61.531,-155.31
43.112,-118.44,-168.51
-45.182,-15.598,-145.91
170.43,-198.17,-164.03
108.51,-140.63,-192.96
172.02,-195.31,-209.46
37.518,-56.786,-127.36
155.89,-170.1,-165.66
110.68,-173.12,-152.73
-35.888,-34.007,-147.07
182.65,-222.84,-218.75
12.254,-27.779,-143.53
-26.634,-48.15,-113.1
205.08,-213.07,-206.09
109.67,-187.68,-172.56
40.458,-114.82,-168.58
193.64,-205.44,-177.39
237.73,-257.75,-184.88
205.04,-225.02,-175.78
241.84,-272.54,-234.79
234.02,-246.64,-187.17
171.74,-246.43,-199.99
-27.774,6.6781,-105.52
43.144,-56.508,-136.42
51.366,-71.592,-130.89
214.24,-237.92,-177.34
-26.827,-31.025,-152.31
204.94,-218.85,-213.44
-4.4057,-56.933,-159.62
206.37,-269.36,-222.18
107.29,-117.73,-158.43
-47.851,-34.965,-132.26
91.401,-138.62,-191.24
165.63,-209.37,-163.06
77.01,-155.76,-172.32
129.8,-186.08,-155.8
-17.593,-64.098,-126.58
173.78,-248.94,-197.53
169.62,-222.47,-215.12
62.394,-138.74,-172.87
35.166,-114.55,-143.39
-40.389,-14.629,-96.795
118.41,-149.13,-147.97
33.879,-64.211,-166.29
54.564,-66.566,-152.45
-27.526,-37.655,-105.62
128.33,-186.23,-202.3
39.804,-106.09,-130.45
-49.438,-23.566,-102.98
177.55,-246.23,-210.67
191.62,-250.21,-177.16
264.71,-267,-217.2
19.666,-82.526,-121.26
153.43,-211.9,-209.41
4.6208,-32.29,-154.09
246.47,-249.11,-206.27
16.255,-69.216,-166.86
-39.244,-8.043,-146.98
-11.402,-71.176,-141.97
229.82,-233.45,-204.57
77.071,-110.18,-134.57
59.781,-77.594,-135.26
126.38,-138.97,-159.43
86.4,-152.1,-187.43
148.71,-190.78,-208.71
8.0368,-38.371,-112.58
5.9631,-82.935,-127.92
193.41,-246.01,-222.02
-14.022,-64.53,-148.41
194.42,-212.35,-173.68
176.39,-187.22,-199.79
81.524,-128.2,-136.67
19.391,-32.824,-141.22
-13.753,-55.953,-113.54
258.62,-270.39,-194.16
-40.1,-28.087,-146.25
-27.816,-52.999,-141.44
-52.636,-16.117,-141.92
64.416,-127.51,-137.11
241.34,-271.63,-184.47
117.4,-142.62,-148.84
67.062,-98.505,-131.58
32.552,-48.029,-151.64
191.44,-248.72,-176.31
232.45,-291.05,-231.35
35.034,-94.103,-172.88
84.941,-163.89,-164.11
-60.184,-18.841,-133.77
78.184,-97.801,-139.43
253.04,-260.71,-195.98
133.39,-159.49,-198.34
255.96,-274.71,-190.34
-26.002,11.558,-123.1
-15.048,-52.207,-111.38
84.732,-102.56,-142.64
130.07,-157.85,-198.14
165.93,-179.02,-198.93
233.23,-305.39,-211.59
32.433,-54.367,-159.64
-3.6792,-79.266,-140.51
18.19,-96.77,-135.03
92.531,-104.7,-169.49
59.578,-107.09,-129.51
222.51,-282.19,-188.07
65.863,-146.08,-161.03
269.38,-270.99,-216.24
187.89,-244.16,-219.72
-35.599,-13.542,-97.128
55.837,-131.88,-171.4
239.19,-307.4,-202.88
64.909,-143.83,-169.26
230.84,-299.4,-200.31
111.42,-157.15,-146.33
192.72,-266.96,-199.84
142.4,-154.64,-164.03
-12.592,-1.2214,-126.03
138.61,-171.91,-203.34
137.88,-149.43,-163.75
128.09,-195.07,-198.93
-4.725,-52.047,-109.95
18.554,-46.388,-159.26
163.64,-236.47,-202.57
151.29,-226.56,-182.4
117.58,-161.51,-199.26
256.06,-275.09,-190.29
172.26,-178.72,-183.3
192.87,-199.19,-185.24
96.869,-143.54,-141.75
81.085,-160.34,-163.54
181.04,-222.14,-167.28
-8.9904,-5.0414,-129.92
252.66,-256.23,-202.12
211.65,-265.93,-226.91
3.982,-17.212,-129.64
120.86,-176.86,-152.71
104.74,-179.73,-162.93
147.56,-222.94,-181.07
-6.332,-47.097,-159.23
179.8,-186.71,-181.57
34.434,-93.337,-172.71
103.53,-125.42,-185.26
144.89,-175.5,-204.32
-54.121,-18.079,-140.15
42.035,-90.405,-175.09
88.53,-104.26,-145.55
237.31,-262.63,-183.65
8.2775,-34.844,-113.9
219.27,-228.18,-212.82
239.02,-243.94,-196.66
233.89,-245.03,-188.16
161.78,-236.9,-197.28
240.42,-270.29,-234.09
-23.798,-26.935,-152.95
-37.788,-7.2387,-146.95
226.76,-249.73,-181.05
151.13,-162.15,-167.75
157.7,-233.49,-194.09
196.71,-202.34,-196.61
192.81,-233.61,-221.92
137.82,-146.78,-168.64
120.52,-141.81,-190.77
32.374,-110.49,-162.32
226.43,-256.78,-180.1
23.026,-79.185,-169.15
52.161,-129.62,-146.53
210.91,-278.6,-191.75
233.92,-268.31,-182.42
14.956,-28.574,-139.82
79.726,-126.62,-187.39
201.5,-257.18,-178.67
47.114,-65.398,-131.08
88.028,-116.13,-138.93
31.64,-69.262,-168.9
170.39,-191.12,-207.3
4.4019,-20.386,-121.01
224.56,-239.57,-183.27
248.45,-268.61,-232.46
256.9,-262.74,-222.2
233.79,-244.58,-220.28
217.15,-222.65,-205.72
157.96,-182.38,-205.53
214.05,-218.32,-197.07
-7.7574,-35.434,-106.08
-12.647,-1.6236,-129.21
27.284,-40.711,-132.39
150.25,-219.15,-203.55
202.73,-233.89,-173.11
186.31,-203.32,-209.84
-24.138,9.9363,-119.8
-19.424,-46.118,-153.84
145.97,-173.92,-156.82
-38.898,-29.951,-146.44
128.83,-205.88,-186.37
134.03,-145.51,-184.76
211.19,-252.84,-176.58
-3.5583,-10.036,-125.74
93.616,-112.82,-179.4
146.35,-159.94,-163.66
170.78,-208.18,-214.61
59.129,-98.906,-128.46
115.78,-192.47,-185.42
17.445,-79.46,-166.73
159.56,-221.52,-209.98
91.162,-146.92,-142.65
140.14,-168.65,-201.83
124.94,-141.72,-188.32
89.4,-154.48,-188.58
190.85,-199.93,-202.52
95.562,-140.55,-192.31
-26.867,-56.061,-126.02
44.989,-120.01,-169.34
101.43,-170.98,-189.89
249.11,-258.44,-224.04
162.46,-170.56,-175.46
124.75,-136.54,-160.08
106.29,-167.23,-195.02
79.237,-92.02,-165.34
166.88,-242.03,-197.67
19.462,-96.77,-133.56
147.08,-194.62,-208.71
-18.658,-64.692,-132.26
25.487,-77.985,-119.12
241.76,-257.79,-227.62
2.2636,-43.618,-159.96
42.47,-110.98,-133.01
167.6,-242.89,-197.07
29.263,-54.102,-160.96
7.8536,-77.831,-121.64
75.093,-153.54,-172.68
231.81,-297.98,-197.34
52.131,-67.574,-135.47
149.5,-191.89,-209
205.88,-210.77,-197.84
57.056,-129.36,-175.07
15.896,-77.525,-119.29
49.14,-113.9,-176.24
-38.79,-30.406,-104.01
186.73,-200.51,-174.05
201.15,-208.15,-202.63
250.17,-258.2,-222.86
-22.456,-39.12,-105.6
261.72,-274.41,-194.45
137.49,-183.38,-205.71
121.56,-188.02,-159.38
71.815,-85.853,-142.82
151.28,-210.89,-164.59
88.754,-128.11,-188.88
66.414,-104.52,-130.83
65.784,-99.145,-178.95
225.17,-281.25,-230.24
234.94,-257.63,-183.43
159.73,-235.09,-186.68
158.3,-197.51,-211.16
265.81,-269.82,-203.7
225.15,-230.86,-192.4
150.43,-201.26,-209.68
219.21,-223.95,-204.27
236.31,-240.54,-197.79
166.65,-181.99,-167.67
-14.912,-17.654,-150.07
152.4,-180.2,-205.49
177.02,-230.95,-169.93
69.033,-122.68,-184.27
-30.256,4.8035,-139.52
139.5,-159.36,-157.51
50.885,-81.304,-172.32
113.6,-173.72,-152.35
182.47,-243.93,-176.07
237.82,-291.67,-234.41
133.19,-153.74,-155.34
227.26,-297.36,-220.52
39.591,-100.16,-174.15
168.13,-218.63,-165.72
33.931,-78.206,-120.39
262.49,-269.73,-198.71
4.6902,-28.767,-113.88
197.99,-247.12,-174.61
28.164,-102.58,-133.24
-47.599,-32.054,-110.82
230.11,-287.12,-188.74
135.69,-209.84,-194.41
229.93,-242.99,-185.82
-58.564,-26.238,-122.47
41.034,-53.703,-148.56
127.75,-149.73,-153.11
158.7,-218.36,-167.05
-30.672,-48.321,-142.88
219.37,-256.54,-178.33
81.048,-122.73,-186.9
24.636,-43.39,-123.85
-53.042,-30.978,-127.72
133.63,-210.76,-186.02
147.53,-204.95,-162.15
15.272,-68.585,-115.82
48.352,-121.13,-138.96
-6.186,-19.397,-148.55
191.53,-261.07,-187.18
-20.922,-13.879,-149.08
-15.454,-5.2548,-109.69
36.439,-54.493,-156.94
83.995,-98.058,-146.12
100.79,-153.77,-144.82
235.77,-288.29,-188.03
114.86,-191.9,-171.43
58.398,-96.326,-128.2
135.07,-199.95,-162.76
94.699,-112.64,-145.5
250.21,-256.39,-220.22
256.03,-294.71,-189.65
187.92,-222.12,-168.71
181.69,-255.5,-191.64
56.879,-135.04,-168.8
124.95,-149.45,-194.54
208.87,-214.51,-189.59
72.44,-96.123,-175.6
171.3,-199.5,-164.21
251.23,-262.47,-192.57
211.2,-217.62,-188.27
253.86,-256.44,-212.72
124.3,-175.76,-152.07
140.96,-213.56,-197.7
132.07,-163.8,-200.62
267.89,-269.65,-216.27
-33.858,-36.014,-106.29
189.86,-214.93,-170.1
58.026,-69.375,-150.56
201.4,-273.6,-195.79
120.05,-168.4,-200.47
145.15,-186.72,-156.37
-13.842,-13.514,-106.33
50.494,-127.45,-168.84
133.53,-193.9,-159.18
238.69,-287.8,-235.52
83.285,-139.33,-188.71
214.18,-220.61,-188.84
212.75,-217.18,-198.99
167.9,-174.55,-182.19
204.98,-277.66,-210.83
-0.83921,-55.162,-111.05
203.87,-211.25,-204.53
170.26,-244.86,-200.07
43.408,-87.442,-123.54
271.11,-272.54,-212.76
-17.815,-63.217,-143.95
32.314,-103.32,-131.4
184.43,-213.2,-216.15
227.3,-280.36,-231.61
-3.2005,-31.26,-107.99
221.8,-278,-229.26
143.02,-191.9,-207.52
103.42,-171.55,-154.44
166.45,-232.42,-209.83
23.818,-95.45,-165.42
208.37,-253.08,-176.44
232.86,-281.7,-233.87
59.689,-133.26,-144.02
47.93,-84.265,-174.04
222.77,-228.09,-192.78
252.01,-257.94,-220.5
147.44,-157.14,-186.68
220.94,-226.1,-192.84
65.445,-97.835,-178.39
217.12,-237.36,-222.34
98.657,-155.31,-145.57
48.377,-62.21,-154.88
-56.007,-22.117,-135.87
137.42,-178.33,-205.02
218.34,-225.76,-188.16
194.73,-239.27,-172.18
-58.616,-26.2,-122.29
90.771,-101.01,-162.63
80.776,-115.82,-184.77
153.46,-204.79,-161.4
217.45,-280.35,-188.97
-10.291,-58.688,-155.81
14.249,-33.421,-149.87
-9.6751,-8.8349,-113.56
266.82,-271.5,-224.01
32.465,-107,-166.07
220.31,-225.77,-192.02
44.681,-68.809,-165.99
121.48,-182.07,-199.64
-56.891,-24.063,-109.13
-56.048,-25.614,-110.67
131.48,-139.88,-170.44
234.54,-294.69,-192.44
-45.924,-38.497,-125.81
33.047,-99.365,-170.66
105.34,-182.99,-180.94
176.59,-200.25,-166.66
-51.944,-32.401,-119.89
109.09,-170.06,-151.3
-3.3671,-70.215,-155.79
176.52,-233.89,-171.52
23.554,-98.277,-163.26
176.9,-192.85,-170
228.72,-278.12,-232.67
56.817,-140.15,-136.99
18.688,-117.38,-132.58
159.02,-238.84,-217.73
53.139,-148.43,-142.23
-39.941,-25.818,-150.06
-55.184,-51.738,-113.53
116.08,-159.4,-159.38
225.89,-265.59,-190.95
36.038,-111.55,-127.76
-61.031,-49.166,-116.47
25.108,-84.721,-170.22
136.72,-234.03,-205.01
66.492,-117.23,-179.08
104.57,-141.67,-171.4
67.965,-167.94,-184.25
187.9,-240.96,-221.45
11.863,-95.414,-121.64
209.45,-266.75,-230.05
61.777,-109.48,-140.28
100.9,-152.94,-150.03
94.147,-159.05,-145.84
-8.2468,-100.66,-152.45
93.99,-182.84,-152.24
109.89,-147.8,-178.17
165.38,-203.57,-177.33
73.242,-118.41,-176.21
13.931,-96.637,-122.07
181.6,-282.09,-195.07
147.5,-206.74,-211.3
-29.331,-55.84,-157.74
111.59,-190.05,-153.59
113.49,-183.15,-152.31
0.67584,-94.356,-166.55
237.59,-272.25,-222.66
67.776,-121.69,-181.83
-6.3269,-64.112,-112.82
-30.556,-15.389,-113.88
155.59,-198.63,-203.63
82.207,-129.08,-146.94
204.92,-266.75,-230.01
126.8,-188.14,-205.48
201.96,-303.01,-212.71
109.7,-160.48,-153.16
132.41,-216.56,-162.56
222.82,-257.54,-195.06
183.19,-285.35,-202.01
-60.098,-20.853,-146.98
-22.835,-33,-150.64
187.89,-231.29,-178.6
57.512,-141.28,-186.48
100.27,-150.5,-150.55
72.929,-159.9,-191.01
-12.335,-53.789,-110.78
125.3,-187.61,-205.34
226,-262.55,-221.09
25.638,-122.5,-173.31
156.55,-198.53,-171.35
112.97,-180.71,-202.93
-6.9042,-101.75,-135.6
-51.088,-19.564,-147.94
193.87,-292.08,-217.96
52.739,-108.79,-133.77
-65.37,-35.137,-142.5
231.42,-308.96,-191.11
116.52,-156.83,-185.94
91.705,-198.25,-179.76
43.381,-137.12,-137.67
48.795,-151,-176.91
244.58,-286.23,-232.74
124.58,-192.44,-155.6
250.48,-281.76,-206.83
-44.294,-20.574,-100.06
220.51,-307.04,-192.57
188.9,-223.67,-203.87
170.97,-205.01,-192.16
122.7,-178.96,-201.98
47.31,-128.31,-183.26
77.314,-118.63,-150.9
145.71,-245.19,-205.19
145.43,-210.63,-212.51
-28.037,-60.973,-109.76
82.898,-189.35,-168.63
59.303,-107.01,-173.79
-1.6449,-45.647,-121.27
1.2896,-91.616,-120.82
96.012,-190.07,-195.88
123.13,-159.86,-180.16
-12.474,-86.157,-160.53
110.35,-170.88,-151.14
-62.241,-50.323,-128.36
151.9,-214.21,-163.68
213.65,-296.04,-232.95
131.2,-235.55,-193.19
203.11,-304.35,-209.42
181.82,-216.43,-186.98
40.013,-80.777,-142.5
171.92,-272.62,-209.32
49.256,-143.27,-139.93
225.19,-316.4,-197.99
-61.89,-19.78,-146.43
142.15,-177.55,-180.47
178.05,-263.28,-177.85
135.51,-222.67,-209.66
141.91,-223.13,-164.32
187.05,-288.89,-208.12
-53.114,-38.711,-102.12
49.451,-153.12,-175.67
208.77,-309.03,-206.37
-11.778,-33.059,-120.92
189.72,-283.38,-221.41
99.474,-140.47,-180.47
195.66,-295.02,-216.57
147.13,-246.04,-206.16
143.42,-243.95,-203.38
-14.228,-61.674,-110.68
135.19,-176.27,-194.09
16.502,-125.04,-159.41
125.84,-162.51,-172.14
-16.342,-72.843,-161.85
188.39,-244.48,-174.74
-14.775,-94.814,-149.32
189.17,-267.73,-226.62
77.978,-121.25,-148.69
215.46,-310.36,-226.86
143.45,-200.09,-208.92
252.15,-289.76,-199.23
153.33,-255.05,-186.26
-60.29,-48.883,-114.87
-29.73,-60.014,-157.3
223.25,-303.85,-236.07
114.69,-180.9,-152.39
71.91,-127.04,-184.05
189.17,-225.79,-184.86
6.1766,-74.287,-167.23
21.812,-77.123,-124.13
-14.024,-27.547,-131.48
-12.901,-85.574,-120.91
128.31,-166.55,-186.82
-12.399,-42.991,-154.14
28.193,-68.822,-140.39
-44.667,-21.997,-148.75
42.605,-150.88,-156.31
-60.083,-14.343,-145.84
20.882,-77.403,-123.44
63.229,-103.26,-163.73
148.31,-190,-199.59
-23.928,-78.437,-120.25
76.955,-176.28,-187.32
84.767,-146.4,-191.72
237.37,-279.97,-192.28
137.45,-234.4,-205.49
18.197,-79.376,-168.59
79.263,-141.38,-190.05
230.42,-313.13,-193.38
43.172,-90.871,-167.85
122.07,-218.53,-167.52
211.28,-252.17,-186.34
65.78,-133.5,-136.73
-19.857,-82.935,-122.2
29.158,-76.302,-130.84
-12.273,-31.085,-139.86
-36.239,-18.81,-105.29
29.872,-91.564,-125.26
215.13,-286.58,-183.95
34.513,-86.914,-129.32
96.337,-202.01,-183.87
-29.324,-33.61,-105.36
103.29,-207.93,-187.8
65.913,-111,-143.49
137.43,-176.54,-192.03
202.8,-294.21,-226.31
187.23,-225.55,-182.38
131.13,-182.56,-202.04
55.804,-117.85,-133.64
113.31,-213.18,-196.8
87.639,-127.12,-172.76
-16.995,-26.414,-137.99
61.327,-166.95,-176.25
20.42,-81.823,-122.21
144.42,-189.09,-166.2
20.506,-74.002,-124.4
143.17,-183.43,-169.52
71.612,-164.08,-189.23
236.27,-269.26,-200.65
22.793,-117.58,-173.25
192.74,-225.61,-195.83
130.43,-179.37,-160.02
-44.239,-51.926,-151.09
131.88,-234.56,-179.64
87.303,-170.73,-195.96
97.425,-146.67,-150.14
222.05,-257.27,-217.72
119.97,-220.18,-171.03
131.72,-200.32,-157.9
106.63,-147.79,-158.96
237.34,-268.37,-214.13
158.49,-193.18,-184.5
47.052,-86.428,-150.15
-24.522,-86.639,-135.74
218.51,-291.92,-185.55
17.51,-124.36,-162.82
20.709,-99.83,-123.36
69.186,-143.46,-189.92
84.983,-156.98,-194.74
-16.954,-84.396,-157.68
98.514,-193.69,-158.15
11.702,-71.124,-165.38
-38.457,-6.2832,-113.36
-64.152,-44.216,-137.16
40.046,-80.361,-143.85
-23.525,-86.869,-132.97
-38.511,-21.844,-102.78
-19.462,-25.578,-118.38
77.533,-174.67,-188.9
-1.7494,-75.6,-166.65
-75.287,-37.512,-125.18
74.528,-137.16,-188.66
233.79,-266.04,-216.52
7.4916,-115.81,-140.84
52.233,-103.29,-174.23
69.128,-111.66,-147.04
203.36,-281.39,-230.78
111.04,-211.2,-167.69
213.27,-285.6,-183.61
177.83,-273.81,-186.54
-1.1184,-40.049,-133.56
-45.404,-49.501,-151.06
163.22,-198.27,-193.29
198.18,-299.49,-205.77
158.85,-256.94,-209.85
68.665,-138.56,-137.82
3.6488,-107.37,-132.05
231.48,-305.18,-189.68
185.33,-230.36,-215.56
-3.6941,-37.669,-136.69
-50.498,-6.6353,-141.44
140.56,-192.29,-205.37
220.91,-286.43,-184.52
97.21,-202.41,-185.31
193.51,-291.95,-217.56
124.2,-160.65,-179.28
183.56,-217.78,-200
92.473,-131.56,-158.67
163.15,-260.59,-211.55
167.43,-204.77,-200.52
-15.491,-79.462,-117.47
-2.3724,-58.109,-160.95
13.944,-92.08,-172.05
43.182,-146.95,-147.07
30.943,-136.84,-145.59
83.861,-190.04,-168.15
-32.236,-73.385,-149.76
189.81,-282.09,-186.88
211.12,-310.72,-205.33
221.71,-321.37,-220.27
169.84,-253.7,-220.21
122.07,-227.36,-187.56
-9.5244,-52.249,-112.21
157.2,-257.5,-206.81
45.387,-100.59,-174.79
90.804,-158.46,-144.86
186.71,-288.65,-202.78
57.313,-150.71,-142.36
233.03,-264.56,-213.98
18.515,-128.2,-151.03
-45.689,-32.719,-151.64
35.363,-80.35,-134.65
-45.345,-63.608,-120.49
-25.981,-67.944,-157.77
182.4,-283.21,-196.17
162.98,-233.51,-218.82
163.22,-236.51,-219.11
191.43,-258.41,-226.95
84.369,-123.26,-169.74
-7.7174,-103.08,-144.93
51.801,-159.56,-169.15
-18.267,-78.283,-117.53
149.29,-225.13,-215.05
-50.969,-60.414,-123.75
20.555,-82.15,-122.22
174.27,-238.47,-221.16
152.08,-238.28,-214.6
50.032,-104.15,-175.71
26.052,-70.711,-157.65
59.114,-128.49,-185.63
229.4,-287.65,-236.57
-41.037,-67.621,-121.7
213.22,-295.51,-187.59
-52.65,-53.952,-142.52
152.09,-187.96,-190.89
193.61,-274.15,-227.63
175.09,-218.75,-175.05
79.308,-186.01,-177.64
218.6,-298.56,-234.87
236.87,-278.77,-230.35
44.537,-153.14,-159.12
70.708,-154.94,-190.66
224.75,-256.47,-201.97
19.504,-122.91,-137.64
47.913,-134.73,-183.11
120.75,-169.55,-196.66
216.84,-288.99,-184.67
91.459,-137.3,-150.37
75.315,-116.56,-150.47
-60.337,-32.899,-146.45
200.79,-298.57,-197.38
217.94,-267.47,-229.27
-2.9619,-38.657,-138.59
145.5,-248.89,-187.39
27.317,-67.953,-140.2
68.813,-176.35,-166.46
123.81,-160.38,-172.31
36.825,-82.572,-163.26
194.81,-296.24,-210.54
223.04,-257.58,-216.98
244.68,-274.92,-210.78
18.355,-127.15,-159.17
188.57,-222.73,-202.11
-54.041,-26.949,-97.822
204.42,-292.42,-188.3
83.955,-165.79,-145.61
30.265,-71.554,-152.82
121.21,-202.13,-157.56
81.712,-148.38,-192.44
67.722,-106.52,-161.15
10.361,-85.594,-170.44
173.47,-255.39,-174.66
211.79,-279.26,-182.07
230.56,-278.58,-232.5
-28.408,-81.67,-144.72
-2.5704,-91.747,-121.72
144.76,-192.39,-164.68
3.5389,-111.74,-138.93
-24.368,-17.985,-123.04
7.3685,-49.388,-131.4
-14.961,-28.089,-123.16
109.06,-173.7,-150.57
50.387,-109.39,-178.73
92.812,-184.76,-153.76
168.55,-269.53,-190.81
7.5938,-94.47,-121.43
1.4134,-42.483,-134.55
207.97,-299.13,-227.83
-42.489,-54.904,-151.26
111.01,-171.74,-200.11
169.27,-203.64,-186.27
49.248,-152.68,-148.92
-7.6805,-95.306,-159.48
121.9,-198.54,-156.38
154.54,-243.58,-172.53
41.403,-142.49,-175.66
244.08,-283.66,-230.77
193.39,-242.45,-177.63
21.061,-98.891,-174.4
85.609,-134.41,-184.31
-68.956,-38.389,-136.77
-15.812,-84.301,-158.74
-56.131,-48.154,-143.32
-49.892,-34.966,-100.39
180.5,-217.17,-182.82
81.545,-175.99,-151.62
141.13,-239.98,-176.92
-21.392,-20.662,-131.24
57.877,-100.28,-144.11
-43.68,-67.329,-138.51
-42.454,-66.759,-122.13
-39.108,-6.4448,-111.89
205.05,-248.08,-183.39
154.63,-217.42,-214.72
118.13,-169.15,-197.38
48.593,-155.32,-171.07
238.43,-270.71,-202.43
144.89,-247.29,-200.68
206.52,-300.8,-225.2
116.95,-159.62,-160.19
-9.584,-92.934,-159.23
99.38,-201.26,-191.13
220.05,-251.51,-205.03
158.69,-228.97,-217.49
223.24,-283.05,-235.12
15.195,-101.02,-123.65
186.24,-226.84,-211.77
247.26,-277.34,-212.41
187.5,-288.85,-210.4
198.32,-299.31,-212.81
3.9132,-50.889,-152.27
88.422,-129.25,-175.85
-15.007,-72.194,-113.62
54.351,-101.01,-170.88
-52.102,-53.2,-112.72
206.9,-307.86,-209.12
119.84,-168.74,-196.43
-42.982,-46.083,-104.45
-38.753,-37.673,-153.72
132.84,-194.04,-207.36
133,-236.91,-194.91
-52.694,-52.008,-144.11
-50.967,-42.531,-103.77
167,-208.69,-174.28
132.19,-168.02,-178.45
231.25,-283.16,-187.67
217.74,-316.88,-221.18
47.53,-132.75,-183.16
132.05,-174.71,-194.89
79.809,-119.76,-153.83
27.698,-130.57,-140.09
239.72,-287.1,-191.09
-55.791,-13.651,-145.87
182.12,-271.52,-221.82
20.117,-80.694,-122.24
138.63,-183.45,-199.47
134.45,-215.32,-210.47
-22.832,-45.869,-107.13
-20.434,-22.745,-121.42
-9.7445,-99.754,-150.79
-5.7404,-88.445,-164.33
60.084,-104.84,-142.09
41.545,-81.484,-145.63
39.815,-96.406,-129.5
91.871,-198.41,-173.72
-64.341,-29.161,-145.05
75.388,-120.06,-176.43
55.268,-156.74,-179.41
125.79,-169.55,-193.87
-37.639,-57.942,-109.83
215.24,-315.77,-211.54
40.164,-79.861,-147.12
-37.244,-73.347,-141.23
87.433,-132.41,-149.85
-36.695,-73.422,-126.45
92.239,-178.87,-150.46
92.229,-190.39,-192.48
84.58,-149.54,-192.87
97.764,-152.53,-192.77
-35.248,-39.293,-154.56
154.87,-258.35,-192.79
147.25,-203.91,-210.14
29.34,-138.2,-183.45
33.377,-133.84,-132.54
38.36,-173.87,-172.11
-2.8181,-132.24,-140.9
189.2,-310.55,-193.83
129.75,-195.7,-193.5
200.85,-263.33,-195.49
-44.642,-25.682,-126.56
116.5,-195.02,-202.59
133.12,-200.59,-173.14
-10.875,-58.488,-135.28
-79.174,-38.548,-146.84
50.363,-144.31,-187.83
98.314,-217.48,-203.35
140.06,-237.67,-217.47
7.2545,-116.84,-176.2
203.25,-327.61,-202.51
74.415,-140.76,-162.21
113.47,-201.12,-206.47
-38.467,-70.548,-160.75
229.29,-304.38,-237.46
41.654,-132.32,-135.05
143.59,-275.07,-194.66
98.561,-170.23,-190.24
24.993,-94.728,-142
107.58,-225.67,-206.37
149.21,-212.47,-184.39
106.69,-196.95,-205.26
3.5731,-72.279,-144.28
48.18,-147,-188.44
70.061,-142.1,-180.13
84.454,-179.38,-148.76
107.62,-238.23,-176.53
13.833,-96.684,-169.67
-84.412,-43.956,-142.5
68.167,-203.53,-176.65
-14.196,-81.522,-116.35
-18.669,-109.53,-126.68
32.498,-164.02,-149.21
-43.146,-32.334,-141.4
89.323,-157.15,-181.04
94.247,-227.62,-188.86
123.88,-239.07,-211.87
-21.501,-86.485,-166.47
107.19,-175.63,-189.12
106.62,-183.27,-158.9
-17.939,-114.17,-161.39
60.028,-164.12,-142.04
86.394,-200.38,-154.29
54.516,-131.35,-143.24
160.79,-226.74,-205.47
-13.158,-125.35,-151.43
-67.123,-51.396,-150.83
42.892,-156.49,-139.34
225.41,-318.04,-191.45
232.33,-318.95,-193.06
58.2,-177.83,-191.24
212.14,-312.31,-188.98
26.417,-120.32,-179.68
115,-179.5,-182.66
208.15,-309.5,-238.04
64.735,-144.84,-185.8
96.829,-166.18,-161.6
66.683,-153.51,-190.49
-54.499,-76.709,-150.67
62.448,-141.91,-184.52
31.227,-153.82,-140.27
191.6,-301.45,-232.34
-45.195,-35.674,-146.51
189.54,-317.96,-217.59
-60.554,-63.451,-108.23
63.283,-168.8,-143.46
-9.2235,-77.064,-163.64
87.176,-201.59,-201.34
-16.999,-74.989,-115.62
33.424,-125.04,-132.3
222.96,-285.65,-223.64
77.979,-184.24,-199.09
234.09,-294.45,-206.04
213.72,-332.29,-199.56
-80.288,-42.528,-145.67
134.46,-266.54,-197.71
188.36,-268.57,-180.9
29.344,-97.618,-146.88
81.984,-209.36,-194.28
171.59,-301.67,-203.05
143.75,-233.5,-166.92
115.8,-191.43,-162.05
72.023,-145.51,-182.56
155.51,-235.62,-171.6
-29.982,-108.99,-146.78
186.96,-282.46,-231.37
-23.069,-102.48,-122.94
-50.462,-88.418,-142.71
201.05,-327.76,-205.8
105.64,-173.78,-165.42
134.15,-263.2,-184
200.92,-295.24,-184.3
96.669,-226.36,-195.93
117.73,-250.81,-190.24
-30.895,-85.283,-163.3
-42.996,-27.562,-123.74
142.75,-216.9,-208.17
57.976,-191.81,-180.33
14.962,-113.51,-177.2
135.18,-234.4,-165.12
42.99,-179.02,-163.06
148.13,-221.52,-209.36
58,-130.56,-147.41
-53.605,-39.605,-103.12
77.82,-143.72,-165.15
25.385,-131.7,-130.95
54.487,-124.5,-171.19
63.713,-164.21,-142.58
-51.265,-57.203,-156.29
169.33,-299.33,-201.34
0.94245,-93.014,-121.6
115.82,-204.81,-207.74
136.89,-201.01,-179.89
-53.904,-76.559,-151.33
-30.794,-39.057,-131.32
144.79,-215.15,-205.33
89.547,-223.74,-178.74
178.67,-308.04,-203.49
64.441,-188,-191.6
217.51,-283.42,-225.97
-36.217,-103.25,-142.8
-52.513,-73.427,-112.47
-73.672,-64.874,-137.18
154.76,-282.49,-189.63
80.225,-148.76,-178.74
11.455,-105.56,-124.96
172.11,-296.13,-220.25
54.216,-139.63,-185.46
-51.329,-20.643,-131.68
-29.479,-46.201,-146.95
139.24,-265.96,-209.55
-69.698,-54.762,-148.76
111.21,-186.69,-198.48
-44.361,-51.713,-155.8
216.26,-275.74,-205.78
139.68,-206.57,-175.43
196.85,-256.99,-203.97
19.301,-90.669,-159.61
207.72,-335.82,-212.96
126.07,-190.03,-185.9
88.61,-218.93,-193.17
42.941,-174.14,-179.98
171.28,-293.43,-188.43
-71.934,-55.669,-146.91
-40.759,-69.651,-109.22
68.217,-202,-167.24
138.09,-263.87,-180.77
-6.5657,-104.97,-121.53
-29.53,-81.131,-113.24
22.547,-146.72,-178.58
114.14,-188.94,-162.02
40.643,-110.64,-165.65
50.896,-158.78,-190.45
47.986,-168.65,-187.77
-1.0864,-73.545,-128.03
37.356,-174.04,-166.26
126.31,-258.06,-187
176.15,-299.94,-221.46
33.052,-101.27,-157.8
136.82,-217.63,-210.75
3.8423,-131.88,-134.78
9.4981,-79.902,-153.72
195.26,-323.85,-208.62
187.96,-255.1,-186.94
0.73086,-135.37,-164.16
51.38,-151.16,-189.71
126.9,-210.58,-209.04
174.06,-264.5,-226.42
-52.767,-86.444,-141.21
118.67,-249.07,-180.46
34.584,-140.08,-184.98
53.096,-185.65,-158.67
93.369,-158.88,-176.18
144.91,-272.23,-210.24
8.8088,-141.6,-141.92
158.28,-223.2,-202.75
-62.31,-77.939,-129.54
-4.8792,-87.928,-119.6
-0.12857,-76.314,-159.02
174.44,-248.23,-218.53
221.26,-306.26,-189.83
9.3206,-146.86,-152.91
201.21,-297.78,-184.77
151.15,-216.4,-180.38
124.34,-254.12,-202.26
162.12,-225.46,-200.89
132.45,-221.58,-163.59
72.745,-199.51,-158.58
227.52,-299.49,-234.83
111.13,-200.6,-206.41
70.27,-139.07,-175.27
140.77,-204.02,-190.35
66.665,-199.52,-164.56
48.266,-183.84,-163.75
218.86,-308.24,-189.17
-12.406,-125.68,-153.66
221.78,-284.82,-199.35
241.43,-301.97,-207.23
68.949,-195.06,-191.51
-47.901,-75.725,-156.24
183.93,-247.17,-209.61
168.56,-292.09,-219.78
-66.956,-70.373,-141.03
-2.6838,-78.321,-162.33
167.15,-273.78,-225.8
-6.2964,-79.403,-164.33
104.89,-170.05,-180.51
225.86,-324.05,-192.68
3.0907,-130.07,-171.24
99.884,-233.12,-179.74
74.971,-163.55,-194.11
-78.462,-62.045,-130.96
96.922,-226.87,-171.35
4.2694,-81.764,-127.42
-6.0638,-122.17,-167.72
-14.803,-63.439,-120.93
217.29,-300.59,-237.58
58.654,-177.85,-147.67
52.299,-161.33,-140.81
170.99,-286.47,-182.88
211.2,-303.62,-238.21
-40.978,-73.832,-110.63
196.01,-257.04,-197.83
85.591,-153.99,-159.9
-36.501,-71.546,-110.09
146.08,-253.84,-219.56
-10.367,-72.894,-119.84
-0.37291,-126.41,-132.15
181.12,-302.08,-224.94
186.61,-251.53,-213.53
-66.242,-46.849,-151.41
195.41,-257.06,-210.72
149.11,-278.22,-189.96
46.12,-117.39,-169.96
84.462,-153.54,-181.37
224.17,-309.97,-190.66
132.18,-199.01,-173.74
182.15,-243.28,-196.14
35.076,-152.4,-184.59
-18.957,-119.9,-148.27
43.712,-113.11,-165.69
-5.0224,-116.66,-170.77
-80.73,-59.834,-121.51
-50.001,-53.356,-155.93
103.91,-214.52,-158.57
144.65,-256.77,-218.5
115.58,-186.3,-165.27
6.5716,-105.07,-174.33
39.777,-135.75,-184.89
-81.901,-43.891,-144.3
112.15,-199.91,-206.08
78.56,-151.33,-153.16
176.33,-306.44,-207.73
-59.402,-43.42,-152.52
211.05,-336.68,-207.58
110.85,-234.95,-169.45
30.929,-121.98,-180.13
62.828,-182.23,-192.73
28.142,-139.86,-183.03
-5.8913,-84.274,-119.56
93.677,-222.06,-196.54
64.229,-180.55,-193.94
-49.755,-27.09,-110.95
149.46,-215.18,-200.79
96.71,-177.79,-154.22
115.25,-201.94,-206.65
192.13,-279.63,-231.17
-53.538,-49.754,-103.28
183.55,-298.49,-228.63
18.118,-122.15,-179.35
66.73,-201.39,-180.2
237.62,-300.49,-229.35
10.468,-146.06,-165.28
230.75,-289.76,-208.9
218.89,-294.18,-190.77
-2.6961,-102.91,-172.58
11.087,-79.94,-141.24
54.278,-121.15,-162.04
-33.344,-104.42,-149.73
203.75,-320.52,-194.67
-88.899,-48.771,-134.09
-53.614,-77.571,-150.97
-66.5,-46.366,-151.32
18.484,-154.66,-152.13
129.5,-247.16,-170.66
-27.601,-93.311,-118.3
206.53,-333.94,-209.85
21.965,-155.45,-148.02
-83.063,-53.703,-136.95
133.44,-261.19,-181.68
115.05,-186.76,-196.25
71.66,-204.97,-184.53
183.94,-309.52,-197.16
35.689,-103.35,-156.45
50.158,-169.09,-144.55
-15.681,-58.531,-124.02
75.42,-200.93,-193.74
60.779,-196.48,-171.86
-68.562,-70.075,-121.15
133.49,-220.06,-164.09
117.19,-227.43,-210.89
-51.451,-54.154,-155.84
98.406,-226.22,-168.99
83.645,-207.04,-197.3
10.621,-148.39,-156.47
24.95,-149.43,-179.19
224.98,-298.05,-193.23
143,-266.32,-179.8
-44.979,-68.388,-108.67
129.82,-210.56,-208.42
205.34,-316.76,-235.82
186.54,-314.32,-202.27
3.3769,-130.46,-133.76
110.86,-242.4,-196.37
124.72,-241.13,-211.76
-41.258,-39.999,-148.31
121,-241.79,-170.08
-54.853,-74.975,-114.72
177.09,-252.92,-220.86
-25.465,-108.96,-131.03
-17.508,-65.628,-158.55
-89.905,-51.223,-125.95
91.579,-157.88,-165.47
71.672,-205.05,-184.4
23.736,-97.389,-164.72
-47.341,-66.533,-157.87
45.802,-162.59,-141.85
-15.613,-73.313,-162.85
42.099,-149.1,-187.56
190.88,-292.51,-182.83
92.2,-161.24,-184.3
12.773,-97.353,-126.88
203.6,-286.56,-233.14
-22.664,-90.278,-116.4
145.99,-219.63,-171.47
101.12,-233.4,-177.42
172.75,-287.37,-225.76
146.38,-212.78,-200.75
-39.958,-92.616,-154.27
88.994,-155.2,-165.24
67.164,-186.61,-150.77
174.14,-269.03,-176.28
202.75,-296.38,-235.86
81.281,-186.68,-149.39
96.903,-230.39,-179.25
163.67,-292.72,-195.77
165.25,-244.88,-174.48
-29.601,-69.966,-162.13
107.99,-172.99,-172.59
25.33,-93.948,-144.87
-12.86,-121.52,-160.65
91.128,-156.82,-167.42
47.145,-121.97,-174.84
35.246,-172.02,-165.49
200.4,-325.01,-201.82
171.41,-232.85,-195.06
-55.202,-84.923,-136.37
115.87,-248.2,-195.29
182.22,-298.99,-187.48
196.99,-317.9,-229.07
18.524,-148.59,-142.21
86.327,-175.31,-149.48
171.12,-288.7,-184.39
200.85,-285.66,-183.89
198.71,-260.98,-213.53
73.359,-146.96,-151
132.14,-222.6,-163.45
213.4,-326.51,-195.24
77.562,-145.09,-159.46
72.231,-180.93,-197.28
157.78,-220.41,-196.52
-63.704,-73.397,-142.31
20.736,-113.96,-128.06
79.957,-152.6,-153.68
-68.171,-70.653,-121.75
176.62,-303.02,-195.73
185.39,-295.83,-230.45
154.1,-221.36,-204.91
-62.351,-21.973,-142.98
0.98469,-135.54,-141.55
45.421,-167.87,-186.34
55.993,-122.76,-162.35
50.065,-185.13,-175.8
144.16,-221.2,-169.4
185.49,-290.05,-182.11
85.468,-215.1,-193.15
177,-278.57,-228.87
-71.134,-64.609,-115.1
-38.993,-48.784,-108.98
-23.812,-47.745,-142.39
213.45,-294.69,-187.9
84.147,-204.39,-198.84
79.969,-148.44,-158.34
186.37,-291.71,-182.67
21.426,-140.23,-179.94
-71.205,-60.852,-144.78
180.68,-279.96,-229.87
133.57,-207.24,-168.08
14.337,-151.96,-158.11
17.99,-138.18,-134.05
152.54,-283.67,-203.31
216.75,-304.26,-238.79
-4.153,-92.24,-119.73
86.825,-221.32,-179.33
76.312,-211.36,-178.03
65.459,-200.92,-172.73
101.66,-187.91,-154.57
171.66,-233.09,-197.24
218.66,-285,-195.35
-25.879,-111.46,-152.54
-44.031,-39.112,-148.82
206.76,-291.66,-234.86
130.45,-232.84,-215.05
155.45,-272.45,-220.09
14.631,-146.32,-171.41
72.993,-200.54,-191.65
-42.012,-45.368,-108.08
219.99,-283.62,-198.24
160.43,-222.65,-195.87
16.534,-94.864,-167.06
101.8,-187.5,-154.69
136.99,-257.58,-175.3
-30.841,-60.734,-158.73
156.9,-269.91,-176.8
169.63,-257.85,-174.58
183.55,-245.06,-204.91
223.49,-306.74,-190.58
-62.23,-77.808,-128.34
116.32,-226.45,-162.39
117.08,-216.33,-210.7
-19.686,-72.65,-163.05
112.95,-243.06,-199.25
52.044,5.8561,-150.33
73.675,32.774,-140.41
129.71,-23.395,-130.75
183.67,-136.05,-166.36
75.755,17.439,-107.86
146.3,-92.892,-143.85
48.112,58.801,-128.96
276.26,-214.9,-219.63
150.65,-75.213,-183.96
324.91,-206.88,-213.42
268.82,-152.28,-181.49
180.19,-133.93,-174.98
191.99,-85.799,-149.14
269.77,-215.26,-184.35
68.039,-3.3264,-156.8
53.338,8.4233,-151.59
30.354,42.924,-92.379
65.645,23.034,-151.72
61.296,6.3023,-154.73
280.52,-220.57,-220.19
56.814,4.7192,-105.81
307.05,-189.58,-208.4
24.182,49.373,-141.65
228.87,-169.64,-204.91
166.1,-76.746,-186.12
51.04,-5.4226,-117.06
197.54,-99.47,-147.56
238.96,-188.31,-179.63
167.97,-55.522,-148.25
13.545,32.266,-132.12
226.7,-122.47,-198.11
71.046,-12.175,-156.71
177.25,-87.953,-189.83
103.52,-11.378,-116.65
86.707,-16.935,-163.2
152.67,-82.698,-135.46
256.05,-206.92,-189.08
42.82,-0.98905,-120.89
197.06,-89.273,-185.16
175.04,-118.88,-187.62
304.27,-192.87,-216.74
37.094,63.985,-132.42
62.646,13.261,-154.58
113.09,-44.422,-171.81
28.32,58.651,-139.04
220.33,-148.63,-156.8
181.45,-70.465,-175.77
243.23,-127.67,-190.13
90.998,-6.2907,-111.95
209.29,-119.71,-150.14
163.25,-116.08,-159.45
36.393,40.677,-145.24
255.98,-150.56,-206.58
77.388,32.241,-120.39
28.045,11.841,-122.03
270.15,-153.07,-183.08
171.17,-120.29,-182.37
110.91,-40.553,-171.16
246.82,-155.4,-161.56
287.33,-209.28,-175.43
255.41,-176.09,-165.33
313.92,-202.5,-219.85
285.53,-197.68,-173.27
236.69,-176.13,-207.79
25.446,56.819,-89.859
100.23,-3.7317,-116.64
104.34,-21.305,-116.44
263.79,-189.07,-169.19
46.955,43.121,-144.28
273.27,-155.03,-191.68
69.23,17.783,-153.72
276.83,-195.84,-222.54
164.93,-64.515,-138.22
18.842,36.772,-138.92
165.63,-65.018,-180.23
215.24,-157.57,-163.4
143.41,-84.13,-179.55
181.08,-131.04,-160.58
41.79,1.2028,-136.72
237.23,-179.86,-206.29
242.8,-148.4,-208.72
131.41,-65.279,-177.47
94.392,-49.418,-153.51
9.4512,37.855,-98.449
168.69,-99.123,-140.99
105.85,4.3432,-147.31
117.48,-8.7898,-129.49
24.115,18.12,-111.45
201.67,-111.47,-197.42
92.695,-48.603,-137.49
4.0635,34.957,-111.2
246.84,-173.01,-213.71
243.32,-194.04,-184
325.99,-210.87,-194.41
71.463,-26.682,-126.82
226.22,-137.38,-205.54
75.47,34.66,-133.83
305.42,-195.1,-184.41
90.41,4.7547,-157.17
34.329,64.156,-133.84
54.238,-0.17486,-149.7
290.5,-177.86,-182.04
127.33,-60.061,-127.93
113.59,-26.895,-119.43
181.46,-87.555,-141.8
158.94,-77.076,-185.82
222.5,-118.03,-196.57
58.716,11.229,-103.14
62.507,-20.741,-137.62
266.17,-172.19,-216.15
55.201,8.9741,-152.51
245.51,-163.17,-161.72
242.82,-125.76,-176.93
131.6,-76.057,-136.59
82.407,25.039,-118.23
39.328,1.9013,-121.08
309.66,-221.83,-180.55
32.51,46.588,-143.38
40.175,19.691,-146.92
19.853,58.461,-139.14
116.75,-70.864,-143.36
289.82,-222.49,-180.46
168.43,-92.821,-138.89
117.53,-48.541,-123.88
98.37,12.717,-128.54
242.81,-193.04,-182.68
303.36,-217.67,-229.92
108.9,-19.292,-166.55
146.25,-96.673,-173.99
9.2612,54.639,-137.11
131.05,-47.531,-125.24
305.94,-211.19,-179.46
205.24,-91.091,-179.31
305.36,-226.5,-180.74
35.464,67.924,-100.46
37.304,4.6059,-118.09
138.16,-52.04,-127.46
202.27,-88.887,-179.66
233.49,-116.26,-176.41
294.22,-238.58,-221.22
101.8,10.539,-137.9
60.066,-9.8281,-149.45
76.132,-33.009,-145.06
157.61,-44.753,-146.32
109.64,-54.966,-129.41
274.54,-225.35,-195.85
128.62,-77.5,-170.46
329.51,-215.95,-193.77
260.29,-170.11,-215.65
13.869,37.709,-96.283
125.18,-58.227,-175.58
295.3,-245.49,-213.07
131.74,-71.872,-176.15
287.02,-237.43,-210.47
161.46,-105,-146.39
254.37,-199.5,-209.38
197.19,-103.44,-146.68
48.201,54.536,-103.66
211.74,-101.2,-187.18
193.26,-97.847,-145.7
199.56,-120.51,-199.21
45.733,1.4899,-112.81
89.679,20.92,-139.22
231.12,-164.28,-208.15
211.09,-160.83,-192.52
191.66,-88.397,-187.26
305.41,-226.88,-180.84
231.72,-124.13,-161.59
250.06,-146.49,-164.92
146.97,-91.28,-141.95
142.71,-92.819,-173.34
230.35,-170.92,-166.81
53.069,51.892,-107.12
308.66,-204.64,-182.2
283.84,-192.24,-222.46
63.934,37.817,-107.7
172.08,-121.97,-157.22
162.57,-116.07,-172.96
207.31,-157.27,-191.19
67.703,26.699,-149.39
237.27,-133.76,-161.16
108.32,-18.542,-166.28
173.98,-59.112,-164.34
217.61,-105.53,-187.21
17.637,56.394,-139.31
116.25,-16.952,-163.7
142.82,-53.287,-129.05
286.2,-213.94,-177.02
59.675,14.791,-102.35
285.28,-167.12,-190.07
294.51,-192.67,-177.35
285.95,-195.83,-173.31
226.97,-166.38,-204.98
312.42,-200.46,-218.78
50.077,46.178,-141.59
35.626,64.468,-132.85
276.14,-201.05,-172.88
206.37,-110.69,-149.78
221.99,-163.67,-202.45
258.69,-145.5,-173.79
266.04,-161.27,-210.27
195.61,-93.481,-148.25
190.96,-75.501,-169.9
101,-37.287,-167.38
275.15,-207.51,-175.71
97.097,-4.7343,-161.13
110.31,-65.636,-156.58
266.17,-217.7,-201.55
282.43,-218.54,-180.17
77.992,29.308,-116.82
153.96,-53.142,-176
252.49,-202.03,-184.66
100.9,-14.73,-115.24
138.83,-66.264,-129.89
104.93,1.5992,-152.69
240.93,-124.49,-187.06
60.13,31.358,-102.37
275.61,-190.69,-170.53
318.79,-201.74,-213.51
321.62,-203.07,-199.32
301,-182.06,-198.12
280.26,-164.7,-182.69
229.45,-114.4,-186.33
273.61,-163.72,-175.07
41.838,15.157,-102.9
49.639,55.524,-106.36
84.923,12.458,-112.07
220.4,-145.32,-205.78
251.79,-184.34,-168.5
255.71,-138.19,-188.67
35.493,64.658,-97.946
53.66,28.685,-149.9
196.25,-124.18,-149.05
33.591,44.73,-143.96
193.91,-135.36,-194.42
199.91,-84.699,-161.67
260.2,-201.61,-177.08
55.711,44.401,-104.16
162.94,-48.002,-157.56
200.31,-109.23,-147.41
244.1,-136.44,-200.9
109.05,-48.143,-124.79
182.44,-120.69,-192.31
91.027,-4.5439,-161.59
231.54,-147.11,-208.24
142.24,-92.385,-146.55
212.5,-99.367,-183.82
193.7,-77.577,-166.19
162.04,-79.445,-186.69
256.39,-139.44,-179.54
169.73,-67.328,-180.36
33.641,10.37,-136.04
115.07,-45.931,-172.48
172.67,-96.395,-190.99
315.77,-196.54,-201.74
219.68,-117.74,-155.39
180.42,-84.739,-141.76
179.5,-92.241,-191.22
144.39,-31.993,-142.17
231.47,-172,-205.77
76.565,-33.943,-143.42
220.92,-120.95,-199.09
43.503,3.3165,-141.85
75.751,-25.108,-120.63
311,-192.59,-207.12
75.745,27.82,-144.85
96.074,-52.497,-140.81
231.79,-173.19,-205.43
99.641,12.138,-140.06
61.401,-19.384,-129.5
141.97,-81.545,-179.51
286.53,-237.68,-207.08
107.31,-16.095,-117.74
223.28,-119.08,-197.02
267.05,-154.71,-175.23
128.07,-54.813,-176.72
67.393,-22.165,-124.34
122.2,-38.799,-173.23
13.691,26.678,-111.12
239.34,-150.71,-159.28
265.23,-149.21,-179.55
316.16,-197.1,-200.29
28.525,15.53,-110.14
312.39,-226.02,-181.5
211.45,-109.93,-195.07
175.43,-129.12,-167.57
127.46,-34.06,-124.57
203.25,-154.56,-171.02
162.56,-56.152,-174.31
116.38,-53.93,-126.48
138.68,-29.092,-161.56
296.77,-207.7,-227.16
284.19,-209.06,-175.35
220.24,-168.67,-196.66
231.86,-125.35,-197.96
320.51,-219.23,-184.84
280.75,-179.46,-173.16
224.09,-127.21,-201.75
281.35,-166.96,-181.38
292.78,-188.54,-177.65
219.3,-132.03,-153.24
56.885,50.787,-131.3
224.61,-111.08,-187.45
227.74,-176.47,-174.76
143.2,-48.253,-175.89
39.203,69.95,-118.22
191.4,-109.51,-145.04
123.07,-12.441,-153.6
165.62,-117.51,-158.28
234.97,-186.65,-183.71
309.51,-218.31,-230.47
185.02,-103.89,-143.12
293.46,-226.33,-226.62
113.3,-25.219,-168.69
218.37,-165.19,-169
83.781,-26.949,-118.38
315.23,-220.36,-182.24
56.725,21.011,-100.8
247.84,-194.04,-177.99
83.873,-41.391,-142.55
9.0708,30.336,-120.71
281.38,-231.33,-195.77
203.6,-137.24,-199.88
281.43,-194,-172.06
5.1047,43.077,-131.29
104.19,4.3005,-125.55
179.32,-99.917,-141.58
210.69,-161.96,-173.63
38.504,25.106,-146.89
268.11,-206.22,-177.01
155.03,-50.293,-173.2
78.473,7.2569,-107.79
12.273,39.7,-135.5
197.79,-141,-194.62
199.02,-149.43,-167.71
65.533,-15.646,-117.53
103.69,-60.396,-148.06
63.798,46.388,-127.51
247.57,-199.32,-197.13
51.258,55.218,-131.07
37.839,44.967,-94.043
104.06,8.2787,-134.28
139.31,-46.472,-128.27
151.5,-99.938,-147.77
285.98,-234.11,-193.55
175.06,-125.78,-181.5
108.38,-45.812,-123.62
188.5,-141.6,-170.67
147.93,-62.208,-130.66
315.02,-196.63,-197.34
304.37,-244.25,-189.92
237.09,-172.08,-165.2
241.19,-190.08,-201.78
124.76,-62.324,-174.69
196.36,-81.741,-174.8
265.66,-162.17,-169.45
143.08,-29.56,-154.85
221.14,-149.94,-157.24
302.68,-213.68,-178.37
266.98,-166.03,-169.01
314.71,-200.72,-190.07
174.84,-122.17,-154.83
209.65,-140.48,-202.17
204.98,-93.567,-183.7
328.27,-214.39,-193.73
18.909,21.461,-113.68
239.72,-165.74,-162
119.54,-12.918,-128.02
259.87,-209.22,-206.03
194.15,-94.544,-190.59
194.86,-135.31,-155.26
37.379,35.95,-94.814
119.42,-54.042,-173.54
185.68,-137.41,-165.56
310.93,-214.71,-229.11
157.26,-64.603,-181.82
269.77,-169.17,-169.73
273.41,-161.59,-176.53
227.5,-119.83,-160.42
269.97,-207.43,-218.3
49.565,-1.7709,-113.64
268.4,-151.83,-181.46
235.47,-174.35,-207.68
93.29,-36.136,-121.59
329.35,-219.19,-191.12
49.807,9.246,-149.9
86.636,-43.867,-139.83
256.67,-143.69,-199.15
299.32,-206.91,-226.95
46.903,18.417,-100.55
293.46,-204.4,-226.15
216.87,-118.03,-198.44
157.71,-112.13,-162.89
237.16,-158.46,-210.71
95.451,-20.68,-165.84
257.65,-201.15,-178.21
305.24,-208.57,-227.16
115.63,-71.797,-153.42
121.17,-13.552,-157.55
278.93,-176.27,-173.04
316.68,-198.32,-197.59
212.21,-97.501,-163.52
277.41,-174.03,-172.84
138.16,-28.095,-160.62
287.54,-170.62,-202.8
149.92,-100.43,-149.95
113.33,-2.3849,-131.71
13.813,51.579,-138.69
211.25,-105.79,-192.1
272.93,-175.01,-170.06
244.11,-187.36,-173.56
4.9732,43.048,-131.15
152.96,-43.932,-139.88
154.04,-45.085,-168.29
203.89,-151.13,-164.7
270.56,-222.07,-197.66
62.186,16.187,-153.94
81.928,29.438,-127.29
44.625,41.962,-96.511
330.91,-212.51,-201.07
102.97,-32.709,-168.56
276.49,-173.92,-172.29
115.07,-2.5761,-145.04
194.54,-107.18,-196.04
0.37261,38.999,-119.18
1.7858,38.07,-120.8
191.12,-85.081,-148.78
286.74,-237.54,-200.59
17.378,30.514,-134.86
105.91,-24.295,-168.17
171.47,-111.6,-188.33
226.93,-150.94,-157.42
9.5021,34.923,-129.66
161.28,-113.59,-157.47
67.863,4.3372,-156.8
227.94,-178.25,-177.63
94.1,-23.974,-165.64
229.04,-143.17,-156.3
301.16,-204.87,-226.12
109.54,-79.984,-152.44
74.679,-52.133,-153.01
234.09,-158.86,-222.94
108.47,-84.087,-162.02
34.524,50.107,-145.18
2.9523,16.243,-135.42
171.63,-102.74,-155.79
279.47,-210.55,-188.67
87.909,-53.514,-139.54
-0.72392,21.215,-138.77
99.236,-9.6568,-163.84
208.63,-154.21,-219.52
138.71,-44.996,-170.2
167.79,-79.316,-161.06
140.62,-87.468,-198.36
261.23,-166.6,-215.43
64.301,-35.756,-136.49
283.34,-191.08,-226.17
116.57,-53.137,-138.09
154.08,-97.084,-151.38
145.94,-102.41,-153.77
60.895,-22.351,-170.98
147.95,-120.47,-170.41
175.44,-83.223,-167.21
221.95,-146.51,-171.78
143.27,-48.955,-165.86
66.282,-37.177,-136.6
241.77,-211.82,-217.45
222.07,-130.56,-206.84
46.414,24.377,-161.59
163.84,-130.72,-168.01
165.16,-125.73,-162.89
75.623,-13.296,-175.34
304.47,-206.19,-211.95
140.98,-48.072,-174
45.239,-7.4301,-121.56
26.137,41.758,-108.22
225.88,-128.75,-193.71
137.01,-72.731,-144.74
279.33,-189.93,-227.93
201.75,-111.42,-201.43
267.27,-227.99,-233.31
163.04,-104.63,-154
185.46,-155.49,-179.67
278.99,-201.03,-189.15
246.33,-212.19,-223.8
15.484,58.351,-148.34
49.618,39.677,-142.36
241.39,-175.97,-177.37
133.42,-60.584,-191.24
153.86,-94.57,-150.84
148.47,-78.92,-197.73
39.356,2.2774,-117.32
200.38,-110.63,-201.66
293.87,-195.4,-210.59
99.8,-41.469,-184.45
211.54,-142.33,-168.17
188.63,-102.44,-201.31
54.101,-30.655,-157.86
23.924,57.552,-144.89
263.01,-214.19,-235.27
105.56,-52.912,-136.26
8.2142,45.386,-153.9
282.86,-249.74,-207.74
184.62,-89.576,-175.04
158.34,-121.89,-200.24
98.13,-73.595,-156.81
120.88,-70.799,-191.98
314.88,-216.01,-223.85
176.15,-135.32,-165.59
308.03,-224.39,-199.17
7.3304,35.029,-105.43
273.99,-244.64,-212.26
254.46,-159.08,-192.93
233.81,-143.05,-181.81
196.83,-103.82,-195.86
123.38,-47.986,-186.44
134.93,-60.714,-144.66
216.23,-166.18,-221.54
220.68,-132.92,-210.5
24.776,-0.36983,-126.24
145.66,-116.47,-190.73
130.26,-36.423,-163.94
54.011,10.984,-117.28
54.732,-30.06,-138.18
170.02,-109.17,-207.1
187.61,-96.325,-169.4
61.492,-5.2566,-171.87
162.29,-114.7,-157.24
3.7705,25.46,-149.07
203.26,-158,-171.68
287.36,-216.51,-241.04
198.13,-159.02,-213.24
266.69,-230.82,-230.95
240.52,-157.96,-179.05
99.461,-21.573,-134.44
240.29,-195.15,-227.75
104.15,-79.534,-159.25
280.34,-251.77,-219.19
13.686,59.521,-148.1
203.89,-116.53,-170.73
231.22,-201.65,-196.28
210.16,-142.05,-218.08
194.43,-162.94,-180.48
252.47,-213.74,-228.76
-0.12649,22.335,-119.37
120.8,-73.338,-191.79
270.07,-237.62,-228.62
45.368,24.431,-114.89
261.28,-204.1,-235.36
167.6,-73.188,-169.55
263.83,-217.79,-234.91
217.91,-166.89,-222.14
213.41,-165.26,-220.43
37.354,-4.157,-121.83
204.21,-107.96,-183.46
85.107,-47.109,-178.48
186.13,-102.66,-163.38
59.187,7.9061,-167.94
239.54,-189.2,-180.6
53.878,-16.871,-168.28
263.82,-188.14,-232
134.39,-64.083,-143.96
285.57,-232,-242.56
217.62,-124.71,-203.35
305.64,-234.96,-196.49
213.68,-184.61,-208.6
-0.81187,20.609,-137.09
45.703,20.653,-163.44
297.01,-224.5,-243.48
166.34,-124.04,-161.38
145.48,-52.885,-176.7
245.67,-168.9,-179.06
81.516,3.079,-163.91
74.901,-21.328,-125.57
48.56,34.206,-121.31
42.48,-21.099,-140.92
195.07,-100.73,-175.8
60.106,29.728,-145.83
88.479,-8.9755,-131.65
29.882,54.116,-144.17
105.73,-77.662,-178.34
15.199,63.555,-144.28
73.746,-21.619,-125.53
129.11,-38.348,-152.73
217.88,-121.03,-189.24
32.706,-12.307,-141.29
149.69,-95.785,-201.26
159.73,-69.9,-187.02
289.7,-225.49,-192.17
209.49,-154.51,-219.78
92.569,-3.8905,-162.7
154.27,-64.791,-185.45
282.9,-252.18,-211.94
113.82,-20.658,-157.84
178.61,-152.48,-188.59
264.9,-197,-184.32
117.56,-76.598,-145.45
37.053,-16.468,-143.39
84.563,-19.718,-127.48
53.923,34.151,-128.86
16.958,36.667,-105.45
82.018,-35.533,-130.3
265.93,-229,-197.71
88.186,-30.987,-129.35
164.23,-124.65,-203.44
22.555,22.005,-109.99
171.99,-129.98,-206.64
121.67,-54.195,-139.69
205.21,-109.63,-181.11
274.73,-214.88,-239.28
242.8,-169.22,-177.78
204.15,-109.09,-194.33
107.88,-61.664,-139.37
184.88,-133.4,-212.23
154.02,-61.694,-161.73
49.045,38.663,-126.99
131.04,-88.212,-194.28
72.599,-25.869,-126.91
198.75,-133.11,-164.36
73.991,-18.156,-124.77
199.42,-126.47,-164.68
146.32,-82.97,-198.9
293.05,-212.39,-193.89
97.438,-36.471,-183.13
253.99,-165.1,-186.09
183.86,-123.6,-160.35
30.281,28.866,-160.41
192.39,-163.96,-201.94
163.08,-90.013,-201.18
151.3,-90.668,-149.79
288.99,-191.17,-206.96
178.35,-151.93,-192.95
183.25,-143.09,-168.4
163.52,-90.351,-153.55
300.37,-206.29,-203.53
219.63,-132.7,-175.02
109.07,-25.136,-140.36
39.184,-12.872,-157.58
269.47,-233.86,-200.22
87.627,-45.358,-180.41
72.748,-41.175,-136.47
145.25,-64.072,-190.35
160.96,-77.932,-194.44
56.268,-3.7483,-170.57
154.33,-128.64,-178.51
85.631,3.6488,-158.75
19.256,51.522,-106.51
6.4458,34.933,-153.69
100.14,-20.655,-135.28
38.749,-14.481,-155.14
13.667,33.564,-105.88
37.665,31.879,-112.3
151,-93.872,-201.47
74.21,3.7349,-167.24
-8.7667,38.675,-145.51
149.59,-60.473,-184.18
298.46,-202.35,-205.66
68.754,-44.45,-163.1
124.36,-31.18,-165.27
126.15,-54.128,-141.51
277.79,-201.98,-236.28
169.23,-143.18,-189.51
264.17,-227.8,-197.7
234.73,-207.17,-208.26
60.464,20.839,-123.91
29.327,31.269,-159.66
227.76,-134.71,-182.48
260.8,-226.83,-227.7
229.58,-177.88,-225.69
120.43,-81.306,-147.63
61.533,-39.746,-153.67
282.37,-247.05,-204.76
256.57,-159.14,-206.7
59.751,24.877,-126.2
21.849,65.979,-133.3
213.68,-118.63,-197.93
271.3,-230.11,-195.79
165.66,-124.63,-204.41
262.51,-214.14,-235.04
188.12,-97.652,-168.68
248.14,-154.18,-189.16
151.49,-72.668,-151.02
234.05,-181.46,-227.09
234.63,-138.46,-189.6
38.8,-16.528,-136.29
71.606,16.786,-154.53
89.992,-12.44,-173.27
102.02,-78.218,-169
90.904,-66.864,-167.76
146.26,-117.53,-190.31
39.462,6.5009,-165.08
245.15,-217.34,-207.83
271.6,-240.14,-227.7
287.59,-245.95,-240.33
244.26,-173.58,-227.82
187.74,-151.86,-208.49
42.559,3.4886,-116.56
226.67,-179.21,-224.25
118.69,-26.831,-167.1
142.55,-101.45,-154.04
249.67,-215.66,-224.62
112.13,-87.098,-161.57
296.64,-201.92,-203.25
82.822,-53.864,-172.7
29.955,46.226,-152.05
91.684,-23.262,-129.96
14.476,6.2459,-142.73
48.944,12.965,-166.19
242.96,-212.55,-218.53
238.29,-154.78,-219.61
238.54,-157.34,-221.21
266.3,-180.45,-226.82
149.86,-58.744,-158.79
57.73,-27.729,-166.09
119.56,-82.269,-188.92
36.422,-14.76,-136.86
224.75,-145.51,-218.01
11.168,11.836,-145.93
72.714,-26.183,-127.03
249.17,-161.04,-219.39
226.52,-157.88,-222.97
123.09,-30.747,-167.71
94.655,-2.8986,-146.85
134.89,-50.199,-183.7
303.25,-211.75,-233.53
18.7,2.1391,-143.92
265.64,-234.78,-205.65
18.76,25.707,-158.06
217.18,-123.84,-179.99
267.98,-194.46,-234.16
228.89,-163.21,-173.56
146.86,-108.89,-197.53
292.54,-219.19,-241.8
307.22,-208.5,-221.4
108.67,-78.964,-180.86
146.53,-74.164,-195.92
283.98,-197.72,-193.24
77.581,-55.062,-159.32
123.6,-53.805,-189.22
192.94,-97.307,-187.91
267.69,-231.24,-198.76
146.48,-80.864,-147.76
133.05,-58.572,-144.11
14.59,47.683,-153.89
259.19,-230.18,-219.68
290.43,-194.22,-222.56
61.257,24.617,-127.87
207.54,-176.75,-209.58
87.65,-8.0708,-131.42
132.69,-102.41,-188.28
184.49,-100.21,-163.27
106.36,-13.693,-152.73
260.2,-221.15,-231.15
289.5,-192.01,-206.15
305.03,-215.29,-201.21
86.554,-49.519,-178.59
253.37,-158.91,-191.23
-2.5423,31.05,-110.66
258.33,-229.53,-208.17
136.6,-105.76,-160.91
96.064,-6.726,-141.84
173.76,-142.09,-173.18
157.3,-70.54,-189.75
131.74,-43.419,-150.53
86.31,-6.5279,-170.27
225.96,-194.91,-191.77
262.36,-222.53,-194
302.68,-205.82,-225.48
40.168,-3.8036,-163.69
51.746,-28.808,-140.47
198.22,-136.7,-164.65
64.515,-40.673,-161.19
35.813,41.706,-114.17
66.593,9.6097,-123.42
43.794,30.516,-115.46
160.78,-117.07,-158.69
124.64,-34.15,-172.48
147.56,-121.21,-172.99
228.72,-199.27,-213.17
60.474,-33.92,-137.55
63.075,18.475,-124.87
279.83,-219.87,-240.81
31.798,25.889,-161.3
185.9,-95.279,-195.52
229.59,-143.86,-177.23
108.04,-84.013,-170.83
64.896,-14.907,-173.62
173.94,-139.63,-170.24
208.69,-180.62,-191.84
114.08,-61.988,-189.78
313.6,-214.46,-221.26
245.38,-187.52,-179.89
97.128,-19.238,-175.6
157.41,-62.733,-175.07
2.2401,41.094,-152.45
57.774,-3.5219,-170.89
16.277,31.993,-157.23
2.033,24.053,-114.92
237.37,-160,-176.7
136.94,-111.54,-171.51
199.07,-172.2,-198.81
42.197,42.008,-120.68
115.26,-42.519,-138.13
24.299,10.061,-157.91
17.686,3.4371,-144.4
17.982,50.936,-105.7
258.17,-193.04,-182.49
229.58,-140.29,-211.89
190.98,-95.988,-189.31
117.8,-76.939,-189.62
295.75,-213.47,-195.13
213.31,-169.67,-219.37
277.26,-222.05,-240.15
172.78,-102.82,-156.19
63.186,-12.451,-173.02
170.36,-121.76,-207.52
281.45,-190.91,-195.07
234.05,-150.27,-218.07
297.31,-206.75,-232.6
67.982,-40.673,-139.46
255.71,-157.88,-201.67
307.99,-217.38,-202.63
253.95,-212.87,-230.34
264.24,-223.78,-233.03
73.32,17.86,-141.76
156.09,-62.471,-164.86
37.673,-11.913,-129.56
124.74,-31.123,-160.71
5.2356,13.839,-134.28
269.77,-234.99,-230.93
192.06,-96.464,-187.69
9.6369,14.262,-120.77
36.869,40.981,-153.34
207.75,-117.34,-203.39
200.48,-159.95,-214.54
19.539,28.073,-158.36
2.4079,19.137,-121.67
221.76,-152.66,-171.26
194.51,-106.49,-168.46
282.02,-228.62,-192.55
284.67,-240.63,-240.42
123.37,-51.951,-188.44
201.88,-105.46,-184.57
138.48,-61.126,-146.51
85.678,-62.845,-161.71
290.95,-232.81,-193.79
19.017,63.062,-142.26
255.21,-191.62,-232.91
72.389,-24.792,-126.51
209.52,-112.88,-189.79
209.87,-135.03,-215.54
28.67,10.374,-114.77
38.344,35.866,-113.67
58.824,-21.867,-169.84
69.136,-7.4081,-173.28
116.1,-47.899,-137.91
102.26,-21.283,-136.61
92.606,-40.554,-132.02
155.64,-124.58,-195.55
10.54,51.397,-152.57
145.21,-50.86,-165.99
127.55,-76.435,-194.16
196.06,-99.772,-183.74
16.456,4.7777,-128.62
277.97,-243.02,-233.37
101.8,-18.893,-137.53
31.032,4.2804,-160.41
142.87,-75.774,-146.56
24.555,-2.0657,-148.73
145.72,-117.29,-167.78
165.08,-109.88,-206.11
159.99,-72.109,-189.52
171.46,-78.157,-185.68
40.294,39.012,-153.39
218,-185.18,-214.68
221.41,-128.51,-204.66
107.27,-51.902,-198.53
87.013,-70.29,-155.18
108.6,-90.061,-203.52
59.104,-56.096,-175.24
246.86,-239.13,-227.35
198.44,-123.76,-194.63
259.61,-200.24,-201.01
19.322,41.676,-128.69
191.06,-115.97,-206.62
191.65,-137.35,-179.84
52.011,7.9809,-138.1
-2.0342,47.768,-164.41
127.65,-60.829,-196.6
174.59,-130.56,-225.36
217.31,-153.06,-229.67
85.158,-30.597,-191.22
262.72,-254.01,-236.86
136.91,-74.576,-165.4
190,-118.9,-213.81
39.249,15.15,-174.72
302.97,-225.94,-242.43
95.547,-70.053,-153.12
208.33,-196.08,-228.75
170.33,-94.857,-192.03
85.484,-30.084,-146.79
183.88,-138.84,-228.04
210.7,-147.18,-188.02
183.61,-114.02,-213.52
68.486,-4.0334,-146.11
125.91,-62.364,-199.25
141.46,-67.173,-181.73
138.04,-116.44,-169.79
169.41,-162.2,-210.92
88.607,-17.418,-173.7
-8.8859,42.599,-165.74
135.94,-121.72,-209.71
39.337,-19.126,-135.91
39.255,-38.116,-159.38
93.002,-89.466,-183.22
27.385,41.649,-142.88
158.32,-84.892,-182.14
163.81,-144.39,-220.63
200.35,-152.44,-232.4
56.321,-0.75081,-180.22
177.21,-102.25,-190.38
162.21,-121.33,-170.8
56.075,-27.929,-188.36
113.89,-99.626,-166.79
141.59,-132.96,-183.56
110.77,-69.123,-153.93
230.32,-153.85,-206.79
55.195,-43.055,-184.17
10.006,35.115,-169.01
97.787,-89.674,-167.75
277.39,-255.97,-214.81
284.21,-257.87,-213.77
134.95,-90.676,-212.49
264.74,-248.58,-215.35
103.56,-37.118,-188.04
180.92,-110.33,-184.13
284.42,-224.72,-253.74
139.34,-65.837,-189.58
155.46,-102.77,-168.45
142.95,-71.956,-196.68
20.149,9.7148,-176.23
136.82,-63.223,-188.06
88.037,-83.955,-171.78
267.44,-215.81,-251.93
27.866,41.386,-149.3
258.09,-235.81,-249.31
-4.6971,5.2076,-139.13
117.26,-103.96,-168.89
66.152,3.1327,-168.57
164.39,-114.67,-220.46
36.76,-13.005,-133.27
87.26,-62.723,-150.69
291.56,-213.71,-225.04
155.85,-98.095,-213.89
292.76,-231.56,-211.23
270.4,-262.02,-232.69
-3.7104,44.097,-165.88
202.03,-185.02,-230.58
241.55,-207.65,-197.15
91.513,-31.698,-150.28
156.21,-123.04,-220.81
236.01,-223.01,-237.16
196.9,-171.38,-186.83
171.49,-129.5,-173.6
144.21,-69.647,-184.51
209.4,-174.31,-186.85
38.763,-26.379,-179.23
263.57,-198.44,-243.75
33.867,-32.386,-154.77
19.535,-4.8488,-174.14
262.33,-252.22,-240.37
164.75,-110.08,-171.64
195.42,-187.72,-218.4
253.26,-232.75,-207.83
169.32,-140.97,-224.56
184.33,-170.09,-223.72
46.593,1.4022,-180.89
19.374,38.437,-126.75
216.04,-139.5,-211.24
129.11,-107.35,-210.9
92.543,-29.255,-187.32
188.47,-170.7,-189.26
108.23,-99.505,-197.16
221.18,-144.42,-212.29
115.84,-67.595,-155.41
-0.11796,22.099,-120.78
141.19,-76.805,-167.79
79.296,-67.028,-156.06
124.16,-51.523,-172.35
117.39,-100.43,-165.8
26.348,28.234,-169.81
233.29,-221.09,-235.59
54.742,-30.866,-139.61
192.54,-122.19,-215.67
198.13,-135.88,-183.81
20.988,9.9656,-176.43
33.285,28.415,-133.43
216.56,-139.68,-207.37
155.04,-143.99,-212.73
242.22,-230.21,-237.81
140.26,-101,-215.25
287.93,-209.4,-227.93
31.603,-21.413,-175.8
4.0269,-3.8064,-144.11
-2.6805,19.372,-167.54
215.54,-207.52,-224.03
149.52,-76.177,-179.86
65.139,-43.122,-144.18
244.76,-211.17,-247.64
130.09,-58.722,-190.94
16.019,49.92,-132.86
41.549,28.339,-148.55
211.83,-180.82,-237.61
6.6411,31.981,-170.06
184.77,-109.05,-201.45
32.402,31.042,-164.02
277.6,-210.76,-208.97
198.29,-143.31,-181.94
260.31,-190.15,-206.1
88.906,-17.76,-160.77
271.28,-257.99,-247.22
191.82,-121.02,-187.41
161.18,-133.56,-221.98
116.33,-88.207,-207.96
229.14,-221.81,-221.89
3.7667,30.998,-169.94
12.993,-4.8894,-135.09
131.61,-124.31,-201.63
197.35,-190.67,-214.66
47.659,-39.389,-148.35
24.371,-16.126,-139.37
98.684,-59.613,-201.58
170.11,-126.91,-173.02
109.84,-38.172,-166.77
128.83,-72.503,-205.47
124.64,-81.481,-209.35
56.682,-10.689,-135.92
104.95,-92.378,-199.45
190.1,-179.97,-221.34
248.75,-215.02,-248.85
99.792,-31.3,-159.09
212.01,-137.54,-215.95
62.104,-60.044,-167.66
77.878,-8.2892,-154.82
258.69,-246.14,-242.94
244.52,-193.29,-195.44
73.071,-50.079,-193.46
129.18,-66.286,-200.99
202.71,-129.55,-215.11
250.52,-181.51,-236.25
16.87,-3.1538,-172.93
180.61,-172.87,-214.89
112.55,-54.256,-198.56
114.83,-109.72,-192.97
159.54,-89.458,-177.61
216.93,-187.47,-238.97
69.496,-66.836,-175.99
226.96,-151.25,-203.95
3.2701,1.8765,-163.48
48.853,-25.76,-137.88
72.019,-0.47686,-161.01
247.73,-170.69,-222.03
273.4,-245.3,-209.45
74.934,-66.986,-186.91
253.64,-234.84,-209.32
210.38,-152.78,-186.04
195.69,-169.68,-232.07
229.38,-154.98,-202.08
185.8,-159.45,-182.9
131.61,-126.91,-191.88
300.35,-222.31,-238.69
187.93,-117.87,-214.44
139.47,-66.607,-176.38
206.37,-135.16,-191.88
129.07,-122.86,-198.95
113.03,-104.78,-197.95
270.9,-246.68,-210.85
56.896,-42.611,-185.77
279.11,-222.77,-206.21
299.52,-239.52,-212.92
143.93,-108.36,-216.84
28.62,11.186,-177.47
251.93,-175.92,-210.82
241.55,-206.92,-246.72
4.8555,14.445,-170.57
71.252,-0.19439,-165.57
243.81,-188.09,-243.03
68.973,0.6245,-169.09
171.33,-100.37,-181.86
278.15,-260.82,-218.52
78.676,-43.126,-195.45
164.29,-154.43,-213.99
151.6,-81.341,-201.11
-9.7293,20.49,-163.22
157.95,-151.7,-205.58
60.821,-19.49,-137.33
69.235,-35.334,-192.49
41.611,-1.2897,-130.9
292.59,-219.49,-245.42
114.83,-108.92,-178.41
106.6,-95.709,-167.53
226.52,-217.98,-214.3
287.4,-220.3,-249.8
13.315,-7.8939,-138.31
256.68,-192.53,-201.67
145.19,-89.957,-165.63
17.088,-7.2785,-135
223.01,-167.86,-236.79
44.668,-11.134,-132.9
57.348,-55.283,-164.62
254.7,-216.73,-250.62
255.98,-178.79,-214.93
11.22,39.095,-166.89
262.21,-187.04,-211.96
210.87,-202.2,-224.44
116.46,-43.674,-171.24
154.33,-80.349,-182.57
276.22,-248.94,-210.76
191.16,-135.48,-179.91
244.16,-177.66,-199.15
112.35,-65.3,-204.07
48.791,-38.12,-181.34
112.48,-41.099,-166.78
71.787,-29.53,-191.76
-16.096,19.079,-155.69
27.428,31.112,-167.15
158.54,-148.03,-186.85
221.15,-170.48,-237.96
172.99,-123.64,-173.69
84.101,-20.927,-184.29
117.24,-51.854,-194.32
-5.8226,42.757,-166.12
188.7,-117.66,-213.44
135.92,-88.623,-161.88
242.21,-226.44,-241.25
17.896,40.787,-163.38
271.66,-261.83,-242.14
169.04,-163.12,-202.53
107.69,-39.539,-187.41
139.57,-95.086,-213.96
105.96,-53.216,-199.48
48.071,-22.331,-136.46
167.13,-136.19,-224.13
141.44,-93.479,-213.53
7.4114,35.277,-119.25
218.54,-142.79,-202
151.47,-115.94,-168.41
191.62,-120,-213.64
268.14,-197.39,-240.17
-0.34887,13.295,-125.83
258.71,-212.69,-250.79
96.026,-36.713,-191.95
136.43,-118.01,-212.01
306.63,-228.06,-230.92
81.795,-61.45,-195.68
291.33,-225.43,-212.49
272.19,-233.76,-205.23
75.183,-17.383,-185.54
73.401,-13.917,-144.5
119.79,-52.346,-163.68
37.353,-20.298,-180.62
259.72,-251.22,-227.1
-16.978,36.058,-163.32
21.037,8.8589,-176.53
10.967,39.545,-166.69
82.361,-76.481,-186.47
185.61,-178.07,-202.04
28.016,-25.146,-148.48
268.84,-257.33,-244.36
83.468,-79.769,-182.28
-10.663,31.441,-165.64
193.77,-186.75,-215.9
187.1,-111.02,-198.23
142.68,-120.6,-215.17
243.84,-235.48,-231.52
101.41,-34.359,-158.01
106.19,-100.37,-175.07
42.47,4.5025,-131.26
150.48,-114.22,-218.88
127.43,-115.66,-205.48
-5.9095,6.8597,-155.58
187.01,-158.19,-182.14
194.42,-140.98,-228.6
26.082,30.756,-168.05
158.17,-152.49,-202.85
159.18,-120.19,-221.36
77.698,-67.186,-189.91
100.99,-62.34,-202.43
278.57,-237.69,-206.62
201.13,-194.46,-213.15
9.0639,-2.9261,-135.72
204.99,-130.54,-213.46
280.64,-231.25,-256.67
248.36,-238.22,-236.81
61.266,-59.107,-166.36
181.46,-158.44,-227.11
200.96,-154.5,-232.98
32.03,37.349,-151.25
178.04,-171.44,-202.34
2.9704,-3.6166,-147.54
251,-174.5,-225.08
35.331,-34.062,-165.17
56.866,13.13,-162.32
-21.782,30.799,-158.58
152.96,-92.571,-169.49
142.63,-120.73,-215.1
94.98,-22.64,-166.27
30.212,19.738,-174.03
101.32,-94.704,-171.53
60.28,7.7207,-168.65
120.06,-62.996,-201.99
243.82,-228.39,-209.32
162.25,-87.837,-185.54
67.501,-35.505,-141.15
278.93,-205.57,-240.55
31.584,-24.56,-143.57
201.52,-157.96,-182.73
164.28,-155.95,-211.83
248.24,-201.4,-247.4
215.9,-139.92,-202.02
34.088,-6.4113,-181.03
150.66,-89.664,-169.02
123.48,-117.46,-181.72
226.82,-206.31,-199.41
279.11,-212.79,-247.78
135.27,-121.73,-175.09
161.53,-151.48,-213.46
225.91,-216.18,-230.27
219,-183.7,-189.75
47.735,13.946,-172
170.23,-107.02,-175.91
87.163,-28.294,-148.52
59.936,-35.955,-189.35
153.51,-90.724,-170.67
119.5,-45.904,-176.87
102.8,-90.393,-198.7
259.98,-251.3,-236.17
234.56,-166.25,-197.47
12.497,-3.2128,-169.38
185.16,-165.23,-227.12
238.14,-229.88,-219.53
270.06,-232.89,-255.27
77.946,-75.312,-175.78
140.17,-113.07,-167.62
227.27,-219.32,-216.51
253.35,-224.54,-202.86
266.31,-190.14,-214.75
130.48,-84.362,-160.12
185.43,-160.32,-183.42
268.28,-258.7,-226.65
138.23,-80.301,-164.12
150.05,-94.485,-213.15
223.68,-151.27,-197.93
8.215,11.499,-171.75
74.475,-51.558,-147.01
137.35,-89.87,-162.34
-5.3054,6.5029,-156.18
236.94,-228.53,-230.13
261.28,-210.08,-250.18
224.35,-147.67,-206.38
11.578,56.294,-146.67
62.643,-59.686,-175.85
121.74,-80.729,-208.87
121.38,-54.072,-164.03
120.25,-101.36,-207.24
198.88,-159.72,-182.61
238.81,-225.16,-209.7
158.55,-129.41,-221.35
253.76,-193.53,-243.85
-10.828,9.7781,-149.23
15.189,12.761,-124.03
44.339,23.636,-143.51
266.02,-234,-205.4
160.44,-117.37,-221.07
139.71,-84.313,-163.94
239.79,-226.6,-210.59
98.571,-53.096,-199.92
3.2177,25.402,-170.52
257.43,-195.27,-243.85
189.42,-145.36,-178.97
81.62,-70.575,-191.46
74.007,-69.489,-164.57
219.98,-202.29,-236.13
292.55,-222.05,-248.37
49.397,-29.657,-139.79
153.01,-140.94,-213.09
143.49,-130.08,-211.38
131.8,-120.38,-206.46
155.63,-125.9,-171.65
235.79,-165.62,-199.18
274.47,-223.79,-204.41
45.004,-27.2,-183.29
29.859,39.05,-152.32
282.35,-210.12,-243.12
207.87,-147.38,-229.23
230.85,-186.28,-242.57
88.342,-60.207,-198.94
147.37,-114.12,-218.02
12.226,16.143,-122.86
277.05,-221.73,-205.47
225.63,-154.18,-197.47
89.826,-17.609,-169.72
155.83,-125.52,-171.5
194.02,-187.16,-207.77
45.373,20.907,-165.35
211.83,-202.43,-207.07
222.45,-196.1,-194.42
249.46,-175.93,-206.28
275.7,-245.98,-209.38
2.7791,1.4696,-162.44
170.85,-160.04,-190.73
194.63,-131.34,-223.09
56.807,9.4299,-170.1
184.64,-158.35,-228.84
116.88,54.161,-93.541
132.24,67.951,-64.136
175.06,0.50115,-61.814
235.34,-96.882,-123.09
118.19,40.513,-45.454
193.35,-58.958,-99.321
105.25,92.481,-52.649
339.2,-167.38,-166.34
216.71,-27.989,-120.2
379.44,-175.5,-138.34
316.93,-126.69,-109.07
236.4,-90.555,-130.14
236.37,-62.34,-81.895
316.85,-180.69,-141.62
133.69,44.718,-96.72
118.7,56.588,-92.752
71.801,68.007,-38.953
130.14,66.221,-80.864
127.12,53.995,-93.085
343.01,-173.2,-167.85
100.08,33.444,-57.559
361.96,-157.89,-133.06
89.794,95.694,-76.598
292.12,-121.81,-151.57
231.29,-32.41,-116.51
99.915,30.756,-73.54
240.03,-76.349,-85.139
288.44,-151.2,-137
215.87,-30.108,-75.954
75.314,79.55,-81.731
288.7,-82.924,-124.14
135.98,36.188,-99.774
242.46,-43.515,-120.45
145.77,11.875,-55.354
152.67,30.697,-100.95
195.38,-55.19,-85.301
307.28,-167.91,-146.67
94.634,38.333,-77.614
257.68,-51.711,-109.62
238.36,-70.844,-134.68
363.31,-156.58,-142.26
97.355,101.28,-57.18
128.48,59.652,-89.036
178.99,3.5014,-110.61
92.548,101.64,-68.409
262.7,-121.27,-107.27
240.17,-35.183,-99.318
299.34,-95.036,-113.93
132.7,17.584,-54.17
250.87,-95.967,-92.361
214.8,-77.067,-116.06
101.93,86.453,-78.795
317.49,-111.46,-132.84
126.07,58.212,-47.345
82.609,53.805,-78.097
318.82,-127.06,-110.17
232.42,-73.254,-132.82
176.9,7.1638,-109.07
288.04,-132.02,-103.79
328.34,-183.69,-124.82
296.64,-150.72,-113.41
372.94,-166.18,-145.56
326.16,-174.01,-118.19
300.14,-128.28,-153.89
66.789,80.346,-32.161
143.14,19.386,-52.917
146.03,2.9143,-59.701
305.38,-162.59,-119.42
110.88,85.465,-72.674
325.56,-126,-116.58
134.05,61.548,-83.561
341.75,-149.69,-159.08
208.14,-41.338,-73.735
83.347,84.941,-82.729
228.52,-24.504,-106.4
260.99,-125.01,-118.79
207.93,-35.736,-123.98
230.51,-94.244,-117.18
101.26,47.088,-89.275
299.77,-132.31,-154.33
306.96,-105.28,-138.67
197.05,-17.062,-117.93
153.71,-3.6465,-106.2
56.052,71.492,-54.422
211.51,-71.347,-91.272
162.83,37.724,-70.622
164.22,15.87,-58.557
74.387,55.899,-68.355
266.72,-67.168,-128.16
144.7,-9.1561,-94.001
57.201,75.647,-67.889
311.99,-125.72,-152.95
294.14,-155.5,-141.47
371.3,-187.15,-125.06
121.75,11.004,-83.414
291.24,-92.719,-137.38
130.79,66.4,-57.385
349.03,-172.26,-117.73
153.87,46.158,-84.21
95.593,102.73,-59.298
118.29,48.07,-95.116
335.38,-154.36,-113.39
170.32,-32.044,-78.435
155.4,-3.1032,-61.091
223.57,-64.211,-81.205
224.83,-30.978,-119.27
284.44,-78.606,-122.44
100.73,37.523,-51.553
119.16,22.983,-92.474
330.2,-128.97,-146.81
120.79,56.971,-92.463
286.69,-138.39,-108.22
292.82,-98.742,-102.89
177.58,-43.5,-91.285
129.21,49.736,-47.183
91.75,41.834,-77.738
349.98,-198.27,-126.08
97.851,91.839,-76.008
105.3,67.87,-88.84
85.125,103.7,-71.93
167.87,-32.331,-99.903
332.43,-193.77,-134.18
210.52,-66.655,-86.668
160.18,-21.152,-73.549
147.7,39.161,-54.9
293.1,-155.05,-140.16
367.83,-172.5,-164.97
173.72,24.316,-95.916
207.36,-49.72,-124.64
74.694,102.25,-76.404
172.78,-23.188,-68.764
346.58,-188.48,-121.51
262.06,-57.834,-102.71
346.11,-201.16,-130.21
81.011,91.859,-31.034
88.654,43.471,-74.89
179.93,-28.028,-69.878
259.69,-55,-103.09
284.69,-88.273,-101.55
354.93,-192.01,-172.01
155.05,40.266,-61.886
122.96,38.044,-97.321
134.22,11.86,-98.846
206.21,-18.846,-73.304
155.6,-22.427,-84.109
326.1,-185.94,-153.61
190.85,-29.92,-119.53
373.92,-192.76,-125.64
324.85,-125.85,-147.72
58.921,69.325,-51.059
190.92,-10.091,-115.48
351.79,-201.7,-168.6
196.48,-23.451,-119.98
343.55,-193.62,-165.93
207.47,-72.372,-101.2
315.63,-152.57,-159.52
239.16,-80.089,-86.523
93.262,78.228,-35.007
271.14,-65.052,-111.19
235.44,-74.605,-84.592
265.37,-73.77,-134.79
93.485,36.387,-68.963
145.36,52.99,-62.647
295.82,-116.36,-150.59
270.93,-114.7,-144.67
253.94,-48.682,-112.96
346.19,-201.46,-130.45
275.87,-100.84,-94.543
292.81,-123.69,-100.78
193.1,-58.512,-96.793
204.07,-45.716,-123.66
275.44,-139.13,-121.96
99.089,76.106,-37.064
350.5,-182.33,-119.38
348.03,-148.39,-154.48
108.43,61.27,-40.076
221.33,-85.408,-113.7
220.57,-71.277,-126.84
267.1,-111.16,-143.4
130.98,67.918,-76.445
280.22,-110.85,-96.71
173.11,25.007,-95.569
228.61,-28.104,-87.845
276.17,-70.334,-111.01
83.173,102.53,-73.941
178.94,23.28,-89.646
184.74,-29.656,-69.879
327.93,-186.81,-128.77
101.33,40.056,-48.822
334.95,-140.31,-116.47
336.17,-170.26,-115.37
326.61,-172.49,-117.16
290.6,-118.45,-150.79
371.19,-164.45,-144.32
112.47,86.21,-67.855
96.279,102.26,-57.857
317.57,-174.69,-123.25
248.45,-87.493,-88.837
285.12,-115.85,-149.48
304.62,-121.36,-103.78
327.71,-121.85,-136.95
238.86,-70.345,-83.513
245.6,-44.466,-93.439
166.5,10.995,-108.46
317.8,-178.9,-128.99
161.29,37.803,-89.272
168.6,-20.62,-110.19
321.69,-174.74,-157.63
325.92,-188.54,-134.96
124.81,54.014,-45.756
216.67,-12.893,-101.94
302.24,-164.57,-142.25
142.67,9.0393,-56.928
181.15,-39.602,-78.436
164.45,37.804,-76.514
295.97,-92.945,-110.9
102.34,54.4,-40.584
316.38,-166.5,-116.58
374.27,-169.4,-138.33
370.04,-177.19,-126.81
352.06,-154.05,-123.8
327.14,-139.97,-111.53
285.87,-81.49,-109.96
317.72,-140.57,-107.75
85.878,45.198,-56.132
95.836,79.841,-36.056
128.08,35.557,-47.533
285.94,-98.047,-143.75
294.65,-155.67,-121.33
309.27,-108.03,-112.98
79.735,87.957,-30.656
118.92,73.479,-81.433
238.7,-96.953,-98.848
99.01,90.181,-76.938
257.59,-87.26,-140.54
249.29,-58.212,-87.98
305.49,-169.33,-133.1
99.752,67.658,-37.363
216.09,-18.383,-81.526
242.05,-85.642,-88.684
304.85,-98.43,-126.24
153.15,-18.244,-77.417
247.02,-72.387,-136.28
156.16,39.723,-91.937
296.86,-101.46,-142.13
191.06,-56.345,-102.79
270.29,-65.052,-107.38
246.21,-48.525,-90.479
227.88,-33.483,-119.87
305.52,-113.09,-106.21
232.12,-27.523,-106
94.085,56.9,-87.5
181,1.9506,-111.07
238.66,-49.22,-127.28
366.27,-168.98,-127.82
262.57,-94.742,-91.371
222.74,-61.502,-80.215
244.95,-47.262,-122.73
193.07,-6.0337,-69.087
294.73,-124.18,-152.37
133.8,10.252,-97.853
284.12,-79.708,-126.46
105.26,50.621,-91.558
122.67,8.7036,-76.137
364.73,-162.07,-131.97
135.98,64.94,-69.186
149.1,-12.044,-97.145
294.81,-125.44,-152.55
154.22,43.113,-63.641
114.41,21.078,-85.929
206.74,-33.129,-123.26
341.52,-195.11,-163.61
149.45,7.2332,-56.996
285.3,-79.536,-123
312.34,-130.95,-106.08
194.13,-7.3845,-113.56
117.16,14.963,-80.895
187.89,6.6459,-105.36
65.355,65.915,-68.057
280.54,-126.95,-102.69
312.97,-123.89,-107.48
365.9,-170.17,-126.81
77.568,51.961,-66.858
352.69,-202.23,-127.78
274.28,-69.321,-121.7
228.89,-88.204,-123.92
169.79,-10.789,-63.097
254.13,-116.13,-127.98
223.35,-18.436,-98.685
160.2,-24.478,-78.653
197.27,6.021,-85.018
361.08,-163.26,-160.56
325.54,-182.73,-125.89
280.66,-122.17,-148.1
293.08,-86.83,-123.39
361.66,-197.01,-123.86
322.54,-156.93,-111.11
287.95,-84.872,-130.32
327.4,-142.77,-111.18
334.93,-166.08,-114.27
260.71,-108,-96.817
113.8,84.203,-54.907
282.25,-76.882,-111.12
276.69,-140,-131.89
207.31,-5.9059,-103.72
92.741,100.04,-42.385
233.07,-84.576,-90.506
180.36,21.263,-76.89
216.29,-79.416,-114.91
286.9,-147.03,-140.95
373.49,-174.42,-163.28
226.74,-78.824,-88.79
357.24,-178.88,-170.54
178.39,18.9,-98.727
266.12,-130.14,-125.61
128.63,4.094,-72.106
355.75,-197.72,-124.47
98.221,45.595,-45.748
295.29,-159.17,-135.01
139.57,1.5129,-97.919
65.928,74.278,-75.563
331.88,-192.95,-153.75
268.65,-89.122,-141.87
322.1,-170.25,-117.08
67.871,90.809,-79.152
151.11,29.076,-54.37
221.13,-74.531,-87.915
261.64,-123.42,-130.69
104.01,73.013,-86.838
312.25,-175.42,-132.16
216.4,-11.847,-97.945
120.19,30.9,-49.285
76.051,87.766,-81.238
260.92,-93.091,-141.9
249.02,-111.94,-124.58
112.54,18.3,-73.153
158.94,-17.886,-103.62
117.95,77.011,-51.368
303.87,-155.75,-152.58
108.89,89.423,-54.796
79.256,68.553,-36.289
155.25,36.208,-59.277
181.53,-23.132,-67.336
199.53,-64.813,-103.75
334.79,-197.48,-151.55
235.25,-79.412,-133.27
152.09,-16.523,-75.637
241.42,-101.18,-127.24
189.68,-38.088,-73.454
363.52,-170.69,-124.73
348.93,-212.57,-146.4
280.58,-142.55,-118.6
300.77,-144.11,-154.22
189.99,-13.931,-116.95
252.45,-49.265,-98.157
308.12,-139.5,-105.77
197.97,1.6912,-78.282
263.57,-122.44,-107.93
343.1,-190.26,-123.17
308.94,-143.39,-106.79
359.68,-177.19,-121.2
222.63,-87.286,-110.84
274.94,-92.556,-142.83
263.82,-58.101,-107.44
372.86,-191.1,-125.34
70.969,61.081,-70.522
281.62,-139.03,-111.98
165.19,11.127,-58.608
318.55,-163.85,-159.47
257.48,-53.306,-117.56
240,-103.73,-109.67
78.889,61.125,-41.468
185.04,-5.8067,-114.13
236.68,-98.92,-122.33
374.23,-172.21,-159.89
221.91,-21.324,-110.75
311.62,-146.54,-107.78
318.31,-138.05,-107.93
271.76,-96.49,-93.21
333.29,-159.8,-164.15
97.139,32.903,-69.687
316.57,-126.2,-108.99
299.07,-126.47,-153.41
138.19,-5.0365,-75.318
372.42,-196.65,-125.23
114.82,57.515,-92.437
140.63,-2.4888,-95.916
314.85,-108.72,-123.43
363.26,-163.31,-159.01
89.351,45.759,-50.705
357.8,-159.95,-159.48
280.35,-76.387,-126.13
211.68,-70.771,-119
302.56,-111.78,-147.36
161.48,26.274,-101.36
303.78,-167.8,-134.76
368.52,-166.2,-157.63
171.58,-28.679,-108.63
180.5,22.423,-81.256
321,-153.73,-110.19
365.04,-172.49,-125.1
260.54,-71.779,-90.793
319.65,-151.47,-109.54
196.41,6.6332,-84.004
342.81,-138.65,-127.19
199.14,-63.926,-106.31
161.84,23.45,-58.806
79.34,99.058,-77.323
272.85,-66.889,-117.45
314.35,-152.32,-109.63
290.16,-154.22,-129.78
67.688,90.758,-79.109
199.11,-19.608,-69.731
213.4,-9.0904,-91.973
251.84,-115.94,-121.14
323.57,-181.3,-154.99
127.89,62.061,-87.3
133.21,57.462,-52.28
86.291,65.209,-36.989
378.71,-187.09,-129.1
168.95,14.972,-106.37
318.58,-151.36,-109.43
169.63,28.371,-68.581
259.93,-62.162,-127.81
57.851,83.44,-73.59
59.827,82.939,-74.747
235.46,-61.635,-81.617
338.66,-197.75,-158.4
79.92,78.173,-83.199
171.67,21.395,-100.8
235.81,-63.276,-133.09
268.72,-124.72,-106.27
70.689,81.888,-80.123
212.22,-75.216,-114.09
133.81,51.45,-93.055
278.15,-140.41,-134.91
160.08,23.666,-103.35
270.33,-118.96,-100.77
364.56,-162.35,-156.64
165.46,-34.66,-114.27
136,-1.146,-114.93
305.6,-106.26,-158.28
168.88,-33.984,-124.14
100.6,95.136,-74.892
66.952,69.669,-96.3
220.95,-69.113,-103.39
327.61,-177.28,-138.84
141.27,-11.355,-99.886
65.468,76.345,-97.938
164.27,34.082,-92.931
281.71,-97.06,-163.43
200.79,-4.2732,-99.481
220.88,-45.498,-97.594
214.21,-30.115,-141.35
325.71,-123.12,-145.47
119.66,8.9492,-98.197
349.38,-145.71,-157.01
165.86,-19.01,-87.229
203.6,-61.489,-104.15
197.36,-63.043,-111.83
133.38,35.852,-119.86
206.32,-72.405,-132.78
230.38,-48.323,-101.25
271.25,-113.61,-117.26
202.63,-10.7,-96.236
121.41,7.246,-98.193
307.88,-156.72,-176.79
288.44,-85.165,-136.72
117.88,76.447,-95.504
218.83,-86.44,-129.63
217.76,-84.551,-122.69
148.75,41.771,-113.01
360.76,-170.25,-144.95
204.47,-5.9598,-103.05
96.849,32.368,-80.317
75.503,74.66,-53.522
285.69,-90.023,-124.11
186.31,-38.604,-93.867
346.71,-142.94,-159.41
268.68,-65.478,-131.22
337.24,-170.8,-186.92
212.47,-69.286,-106.32
242.48,-108.77,-142.21
327.75,-168.65,-134.77
314.87,-155.58,-180.11
85.6,108.54,-80.869
112.2,80.979,-71.809
289.96,-142,-128.27
205.47,-7.7669,-125.55
203.25,-59.462,-102.59
221.14,-24.939,-133.59
90.017,40.591,-74.615
267.6,-64.344,-131.56
351.16,-158.67,-142.83
173.33,14.75,-124.26
260.53,-108.78,-116.53
257.37,-54.317,-131.94
120.92,24.908,-116.39
91.386,104.24,-75.233
334.91,-156.85,-183.41
155.31,-16.738,-90.055
81.345,101.42,-94.397
338.16,-204.41,-171.45
241.94,-52.976,-106.81
229.48,-63.924,-152.58
157.69,-24.329,-119.07
194.4,-13.141,-136.07
375.19,-176.54,-154.87
228.38,-94.626,-125.11
357.23,-192.35,-142.46
57.368,72.472,-62.072
332.66,-195.81,-176
309.41,-124.17,-126.98
286.56,-109.48,-118.68
261.98,-59.892,-125.13
194.82,3.8185,-119.65
184.87,-27.619,-88.77
288.94,-108.63,-167.83
288.86,-85.342,-141.26
81.271,45.744,-88.621
214.01,-59.887,-147.56
190.7,2.7855,-93.782
103.23,44.396,-64.539
112.23,17.088,-100.53
243.46,-52.988,-147.09
241.67,-61.979,-104.52
134.94,50.98,-111.98
212.97,-76.537,-114.05
74.434,83.172,-102.11
254.32,-118.86,-130.18
359,-162.75,-179.39
269.33,-101.16,-165.04
335.52,-174.1,-186.7
290.63,-125.36,-121.14
150.2,11.414,-75.771
312.02,-137.52,-177.26
163.93,-30.05,-121.48
341.26,-200.78,-182.35
83.944,109.93,-80.824
255.92,-83.24,-108.97
288.97,-153.92,-159.53
282.82,-87.45,-155.78
250.5,-117.24,-142.93
322.57,-156.45,-182.29
56.901,69.11,-82.059
194.15,-15.413,-137.19
337.16,-181.88,-186.85
94.968,57.358,-59.54
333.79,-147.57,-179.24
224.94,-36.577,-101.29
335.33,-160.35,-184.56
290.67,-109.43,-167.98
285.96,-107.56,-167.64
90.145,37.368,-82.054
262.51,-70.562,-114.58
157.37,11.134,-128.18
237.31,-69.625,-103.52
131.54,61.425,-103.42
289.37,-151.72,-137.97
126.12,41.318,-117.86
335.02,-135.7,-167.84
183.94,-30.71,-90.081
357.59,-175.17,-188.83
283.09,-80.363,-132.91
353.48,-202.06,-146.48
279.93,-129.43,-167.76
64.581,75.144,-96.967
117.99,74.148,-99.038
368.37,-171.2,-181.36
218.15,-84.006,-120.22
209.54,-10.194,-105.71
294.78,-136.23,-124.44
149.15,49.79,-93.798
124.38,14.269,-78.47
101.16,67.731,-58.509
103.04,29.198,-103.14
251.1,-65.085,-108.7
122.72,71.037,-75.204
139.66,24.074,-71.805
96.175,99.411,-73.991
174.38,-20.891,-134.8
83.623,111.47,-75.285
123.34,14.299,-79.045
184.35,-3.2563,-86.45
276.8,-83.08,-120.03
94.918,39.539,-103.01
223.27,-38.504,-144.07
226.34,-24.421,-116.4
337.73,-191.5,-144.81
282.58,-97.442,-163.45
158.07,40.357,-91.873
220.98,-19.21,-114.85
340.08,-204.81,-175.89
173.91,18.237,-87.855
240.75,-100.68,-150.4
313.2,-163.51,-134.62
169.36,-36.675,-104
99.589,35.663,-104.95
133.86,13.979,-75.348
109.44,69.44,-62.292
65.924,71.432,-57.481
132.37,2.0091,-86.259
319.26,-186.13,-160.24
137.52,3.9927,-80.864
236.07,-66.522,-154.09
72.465,59.083,-65.943
244.23,-71.844,-156.1
171.08,-20.582,-86.972
262.22,-73.253,-113.16
347.1,-158.81,-182.22
291.64,-136.3,-124.74
267.53,-67.019,-123.61
158.49,-23.678,-95.823
258.09,-75.823,-157.02
209.7,-26.302,-94.97
104.42,73.856,-60.57
203.81,-29.993,-142.33
122.82,11.46,-82.642
247.8,-99.03,-114.13
123.32,16.942,-76.667
248.77,-93.283,-110.88
219.65,-27.433,-137.33
341.97,-180.21,-138.43
170.81,19.168,-121.73
305.57,-132.14,-124.78
233.12,-88.563,-112.26
103.26,84.026,-98.779
258.77,-108.69,-160.94
235.24,-36.95,-135.89
200.63,-55.837,-100.88
345.31,-155.23,-139.87
242.6,-98.314,-153.63
235.67,-102.06,-128.27
213.19,-57.146,-98.817
353.17,-172.78,-140.06
271.23,-99.619,-113.96
161.33,8.2945,-78.318
108.28,44.146,-113.4
323.39,-190.24,-163.16
160.56,12.813,-127.83
126.9,2.0407,-97.485
215.36,-14.223,-121.88
230.63,-28.662,-125.6
129.78,53.102,-112.3
215.47,-77.815,-140.55
150.36,47.081,-87.872
68.982,84.237,-50.152
79.309,92.667,-100.03
151.23,12.389,-75.707
106.69,41.841,-112.46
63.113,69.751,-60.63
87.227,64.765,-56.946
224.59,-37.083,-142.78
144.3,53.626,-98.959
62.184,96.451,-97.86
216.41,-14.765,-113.61
352.63,-167.96,-140.56
135.8,11.275,-121.39
186.32,9.4305,-94.596
175.88,-20.924,-86.578
348.85,-149.59,-172.39
233.26,-89.765,-150.29
317.75,-184.63,-160.34
297.51,-154.67,-170.16
112.39,54.085,-62.339
102.16,86.058,-97.406
281.84,-100.37,-117.53
328.94,-170.46,-184.55
302.24,-120.55,-171.48
172.75,-40.618,-106.85
125.17,13.32,-114.61
336.42,-203.18,-168.02
317.76,-119.04,-136.89
112.99,58.743,-62.436
84.401,107.31,-62.924
277.28,-76.295,-127.29
323.05,-189.28,-157.16
237.79,-66.468,-154.26
334.36,-156.78,-183.4
241.73,-63.564,-104.41
302.25,-119.83,-124.15
202.03,-39.673,-92.988
306.71,-124.24,-172.55
291.12,-102.45,-122.18
97.782,32.211,-98.766
136.49,60.399,-83.732
160.47,37.953,-105.29
166.69,-24.303,-129.27
156.72,-12.046,-127.18
214.3,-61.136,-147.51
112.75,64.092,-109.68
306.13,-166.4,-170.65
337.98,-184.85,-186.77
357.81,-188.79,-193.1
316.34,-119.69,-165.23
258.19,-94.216,-161.97
92.528,40.509,-72.168
298.95,-121.56,-172.16
182.34,15.446,-96.143
194.53,-61.219,-112.91
318.08,-159.12,-181.12
171.78,-37.736,-123.82
349.92,-168.11,-139.2
152.39,3.4287,-127.88
99.666,95.781,-83.94
141.18,10.086,-76.192
80.191,61.017,-102.3
121.86,67.748,-103.64
309.41,-157.21,-177.51
307.88,-105.16,-152.04
308.76,-106.8,-154.44
335.04,-131.78,-159.08
204.75,-23.876,-92.895
128.1,29.946,-119.93
191.39,-24.078,-139.8
96.018,34.602,-99.288
295.53,-94.255,-151.64
78.988,68.077,-103.38
122.97,11.205,-82.842
317.14,-113.52,-150.62
298.98,-103.44,-160.83
186.37,11.151,-96.788
152.48,34.102,-78.232
203.59,-2.2163,-114.04
369.65,-165.81,-164.93
84.33,56.843,-103.56
322.54,-187.8,-169.35
91.89,83.261,-103.05
271.74,-89.198,-114.48
339.47,-141.38,-170.96
277.61,-129.23,-124.03
218.54,-50.758,-148.68
363.83,-166.1,-179.24
367.55,-169.04,-152.34
178.11,-21.737,-136.23
218.75,-21.042,-130.63
334.19,-165.35,-134.36
141.42,-1.8285,-120.12
196.11,-0.1644,-124.56
255.05,-56.517,-117.3
321.23,-188.11,-161.45
195.79,-46.886,-96.431
183.03,-25.493,-88.045
87.043,101.78,-90.746
323.62,-176.3,-180.58
353.81,-151.78,-152.92
115.1,58.824,-63.268
275.26,-120.58,-167.12
138.85,24.983,-71.518
201.94,-45.297,-143.93
235.9,-67.111,-102.89
165.18,24.112,-83.435
330.24,-163.91,-184.71
345.34,-156.43,-139.44
355.86,-182.79,-140.8
158.61,8.7049,-128.87
307.66,-124.44,-126
50.984,73.716,-71.989
317.47,-180.29,-171.65
192.37,-60.6,-122.71
151.22,28.317,-75.637
229.59,-96.765,-135.27
225.47,-23.219,-119.8
185.45,-9.2699,-86.171
156.02,42.815,-101.53
282.45,-148.56,-154.82
314.6,-181.11,-155.61
365.57,-163.84,-156
112.35,54.342,-113.34
110.72,19.899,-102.88
247.33,-101.91,-116.32
131.3,14.868,-119.74
86.83,74.593,-54.346
117.16,42.509,-65.01
94.07,63.311,-57.646
212.23,-77.61,-116.93
189.85,9.762,-101.54
207.16,-71.877,-135.31
294.81,-144.19,-172.51
116.86,11.98,-99.648
115.06,51.747,-63.202
352.14,-163.84,-183.82
104.91,81.41,-100.33
252.5,-49.771,-125.03
280.65,-111.01,-117.19
172.65,-30.146,-131.14
138.42,42.41,-116.7
228.46,-95.889,-131.7
267.79,-131.62,-154.75
187.69,-4.6165,-132.76
372.89,-175.94,-152.61
294.25,-152.06,-134.28
167.61,31.154,-107.59
218.93,-22.536,-104.52
75.241,98.61,-97.725
131.27,53.045,-111.84
89.538,89.041,-100.33
56.771,68.204,-76.905
286.68,-127.3,-121.56
197.45,-61.32,-133.65
262.89,-118.9,-159.87
95.532,75.914,-56.733
165.11,-9.3949,-82.599
96.138,68.123,-108.37
83.709,58.435,-103.7
67.456,83.717,-50.311
306.55,-159.09,-133.94
297.09,-93.492,-142.42
254.03,-54.278,-118.53
190.35,-18.683,-138.45
344.89,-181.34,-138.86
285.21,-111.82,-169.01
349.48,-165.35,-185.4
222.14,-69.309,-103.29
136.72,44.745,-115.71
243.5,-63.886,-153.43
333.07,-157.99,-133.47
303.59,-100.78,-150.32
364.15,-160.31,-164.12
124.13,4.9486,-101.46
314.68,-119.81,-132.69
359.07,-184.78,-141.76
324.65,-155.42,-182.51
334.59,-166.47,-185.85
132.03,55.593,-72.598
212.97,-26.21,-96.971
93.784,33.729,-91.721
184.5,7.4889,-90.868
68.343,66.512,-95.684
338.07,-178.54,-187.49
254.2,-55.644,-117.07
65.874,60.133,-83.218
106.18,89.96,-84.762
274.67,-71.379,-133.25
271.98,-102.05,-165.58
92.805,85.251,-101.83
60.102,66.622,-84.405
270.62,-119.15,-119.93
246.94,-73.007,-106.02
331.03,-192.08,-149.67
355.47,-183.36,-191.73
195.61,1.1937,-123.15
261.06,-67.32,-115.14
188.85,-28.122,-89.009
149.41,-9.7088,-122.57
339.33,-197.53,-149.14
86.02,109.22,-72.442
327.73,-136.13,-173.65
122.49,12.285,-81.886
269.99,-73.588,-119.8
281.62,-82.306,-150.5
79.69,49.349,-72.916
88.615,68.638,-55.801
131.04,36.333,-119.55
142.27,47.719,-111.1
165.55,-14.394,-84.72
153.7,11.851,-76.216
142.34,-4.381,-85.86
224.79,-67.523,-151.31
82.984,105.51,-89.51
204.33,-12.807,-96.5
201.11,-18.871,-137.87
255.75,-61.203,-114.02
75.243,53.367,-91.257
346.16,-186.65,-190.06
153.81,14.433,-75.942
103.04,62.384,-110.47
192.22,-42.011,-94.449
91.603,53.663,-107.03
203.23,-70.148,-130.08
238.61,-52.748,-148.62
227.67,-25.379,-119.31
235.76,-35.201,-114.74
109.15,87.382,-84.408
286.58,-128.5,-171.06
286.91,-84.109,-134.28
186.17,9.5708,-137.34
147.24,-19.26,-120.59
188.32,-21.984,-159.31
132.59,8.6428,-140.33
316.05,-177.74,-195.79
262.11,-78.215,-133.25
316.28,-158.05,-151.29
79.13,84.845,-72.186
261.54,-64.536,-141.71
248.67,-94.473,-131.05
111.16,50.941,-82.997
77.342,110.5,-105.47
202.9,-4.2662,-132.13
255.31,-65.241,-169.93
294.19,-94.085,-167.34
164,30.815,-130.02
333.97,-190.86,-204.17
195.88,-31.605,-110.89
263.88,-63.839,-149.15
117.42,75.697,-113.06
373.08,-174.43,-178.89
153.8,-22.108,-115.49
284.29,-129.68,-191.15
237.15,-46.845,-128.26
143.39,12.724,-95.069
264.46,-73.745,-172.37
268.96,-104.55,-134.67
258.28,-58.051,-149.07
129.02,39.542,-88.563
202.56,-4.058,-135.62
207.85,-19.538,-118.18
197.43,-66.592,-134.26
242.81,-97.512,-176.16
159.27,34.149,-108.6
71.746,108.31,-111.74
214.2,-54.075,-168.74
97.982,29.646,-99.521
108.28,22.853,-127.08
165.03,-25.884,-149.39
92.919,88.642,-80.053
222.27,-39.165,-120.47
243.09,-76.489,-177.25
280.55,-88.04,-175.87
134.48,59.713,-118.33
242.17,-55.754,-127.86
219.04,-76.665,-127.86
137.12,39.449,-138.01
175.34,-46.953,-133.29
206.45,-76.199,-151.62
167.64,-24.882,-109.64
294.85,-107.63,-144.77
133.82,24.737,-142.47
89.666,98.271,-110.45
161.96,-33.724,-135.56
336.44,-205.51,-182.16
341.9,-209.36,-179.58
215.75,-25.585,-156.15
325.81,-195.58,-183.99
178.5,19.065,-123.44
242.21,-66.347,-125.47
362.1,-163.88,-194.44
209.72,-14.562,-124.48
212.65,-59.717,-119.65
216.03,-17.879,-131.56
101.09,76.5,-124.44
206.88,-12.266,-123.02
155.47,-24.548,-139.77
346.6,-152.49,-195.41
96.355,90.955,-84.985
336.4,-168.61,-206.82
61.562,63.556,-107.6
179.15,-50.726,-135.7
137.8,55.729,-103.48
244.59,-50.784,-162.4
94.688,34.553,-95.503
145.61,-14.589,-113.31
355.28,-168.04,-163.91
234.56,-36.857,-152.59
349.19,-189.66,-161.39
338.48,-201.56,-201.79
76.425,108.34,-109.06
279.99,-117.64,-189.67
298.28,-161.46,-159.05
150.29,11.211,-96.182
237.24,-55.841,-169.99
311.68,-156.81,-199.87
255.37,-122.6,-151
228.25,-85.025,-130.35
211.49,-21.249,-120.46
266.29,-128.37,-147.51
117.61,41.465,-137
339.97,-139.74,-182.11
101.57,27.325,-122.83
99.043,63.085,-130.15
335.34,-187.74,-206.18
222.08,-67.162,-122.03
268.33,-123.36,-184.13
312.72,-181.94,-174.95
249.92,-73.298,-176.46
261.7,-102.91,-184.06
126.3,64.375,-121.65
78.146,81.202,-72.238
284.88,-89.582,-146.89
209.25,-39.285,-165.35
168.72,28.464,-123.41
249.1,-118.83,-155.9
184.66,-32.773,-159.1
289.72,-94.764,-148.07
172.85,-24.238,-108.05
57.565,69.489,-83.27
200.7,-33.661,-112.13
140.97,-14.061,-122.74
188.74,-5.3219,-110.1
177.93,-48.969,-131.52
104.2,88.394,-107.96
308.61,-155.09,-198.78
112.88,16.973,-102.03
266.87,-66.589,-151.2
256.3,-93.209,-130.86
101.94,76.587,-124.14
93.19,71.648,-76.811
283.51,-91.483,-143.75
231.65,-77.172,-174.38
317.2,-164.42,-201.42
221.36,-34.809,-161.24
353.59,-162.14,-165.49
109.87,46.219,-134.75
71.27,55.513,-112.41
77.228,87.198,-122.01
288.01,-143.47,-190.2
213.75,-30.243,-117.93
123.76,5.5019,-107.44
324.75,-144.38,-198.79
202.47,-5.4078,-125.73
78.479,94.622,-72.722
107.6,75.739,-85.35
292.1,-113.59,-189.22
87.082,96.84,-114.13
253.8,-59.028,-136.8
106.91,86.88,-99.691
335.51,-168.55,-155.49
255.3,-100.5,-132.96
319.66,-147.31,-150.05
153.43,28.402,-98.587
346.25,-192.23,-210.78
252.97,-77.12,-128.91
241.8,-65.806,-174.07
197.29,-20.514,-158.8
298.47,-160.34,-190.12
84.46,96.677,-115.66
74.887,48.51,-102.37
206.48,-58.578,-165.42
268.17,-127.98,-181.89
110.45,14.994,-115.79
86.526,37.555,-106.67
179.76,6.326,-146.88
226.85,-82.651,-129.19
173.98,7.6916,-104.91
207.7,-11.067,-144.26
205.51,-16.21,-153.31
113.58,32.545,-88.554
183.11,-24.758,-158.71
265.31,-114.01,-184.74
328.7,-148.27,-200.02
161.75,13.085,-99.566
283.61,-84.88,-151.19
131.53,1.2776,-135.17
141.25,37.031,-93.703
333.56,-180.42,-206.66
300.61,-150.41,-149.54
153.7,17.864,-146.05
206.12,-7.5971,-137.6
275.31,-75.859,-150.32
325.54,-124.72,-173.18
96.185,64.747,-129.44
254.17,-108.06,-180.02
190.75,6.1717,-136.43
188.14,-45.124,-158.21
221.04,-45.346,-118.68
297,-120.14,-191.49
141.72,-3.0891,-142.04
290.65,-105.67,-142.61
79.928,68.712,-125.02
107.06,22.226,-100.52
139.28,47.927,-97.029
316.77,-120.47,-157.95
330.79,-197.4,-174.37
151.65,-0.086339,-148.45
313.68,-183.24,-176.98
267.54,-110.18,-135.99
275.66,-102.02,-185.87
291.76,-110.33,-142.02
244.16,-110.97,-146.52
201.79,-64.893,-159.1
369.14,-172.13,-175.25
262.39,-62.142,-149.95
203.59,-20.748,-114.54
267.39,-91.346,-133.53
203.03,-57.769,-163.63
189.07,-38.285,-160.39
329.19,-197.38,-177.12
136.09,25.35,-142.82
335.1,-180.56,-158.6
355.65,-197.64,-163.91
225.08,-41.517,-164.6
109.2,76.116,-121.33
315.01,-130.77,-150.1
321.65,-140.23,-197.27
85.116,82.214,-123.78
140.77,50.267,-100.75
322.57,-125.91,-184.32
140.44,53.03,-103.99
233.04,-56.135,-122.64
338.68,-208.39,-187.11
159.83,23.315,-141.99
240.02,-88.132,-176.79
225.4,-26.454,-136.16
69.02,88.193,-120.89
230.57,-87.611,-171.42
117.58,24.388,-92.306
150.39,31.312,-139.62
98.269,42.54,-86.028
365.56,-164.88,-182.18
181.31,-50.474,-146.48
169.4,-41.35,-134.84
292.73,-159.47,-183.37
363.03,-162.43,-188.04
76.579,47.146,-106.22
314.28,-150.29,-149.21
202.74,-47.062,-115.28
78.369,45.336,-101.85
302.04,-105.5,-177.84
101.55,33.997,-91.177
126.08,5.3935,-132.36
334.72,-150.55,-199.88
320.41,-132.61,-153.1
89.885,100.55,-106.38
324.2,-142.65,-152.34
284.28,-137.46,-189.77
181.71,3.046,-108.46
219.11,-33.996,-120.16
333.75,-200.76,-176.04
248.34,-92.685,-130.39
302.59,-135.14,-144.95
192.78,-1.1224,-146.18
127.03,29.518,-140.4
176.2,4.467,-105.31
152.51,35.417,-135.22
59.811,85.473,-118.24
104.01,89.521,-104.06
222.41,-92.345,-154.82
300.85,-106.82,-180.77
229.82,-80.257,-126.97
160.16,36.648,-120.34
192.97,5.2984,-130.1
74.629,107.82,-110.74
262.6,-62.573,-148.78
192.84,-45.07,-115.38
318.95,-159.7,-202.27
94.176,98.85,-100.18
344.05,-197.79,-208.55
238.5,-101.7,-170.23
181.75,15.628,-122.49
220.35,-30.012,-157.62
185.41,9.1607,-139.25
105.83,24.831,-98.057
247.95,-68.744,-174.67
221.86,-29.268,-155.76
63.954,78.408,-72.672
282.62,-96.935,-140.31
208.64,-70.188,-127.63
265.19,-65.283,-148.92
342.34,-141.48,-177
59.421,63.964,-91.58
338.47,-147.99,-196.45
173.71,22.988,-129.27
215.84,-50.01,-168.52
370.81,-182,-169.51
162.03,6.6233,-149.87
348.74,-183.41,-159.94
328.15,-188.77,-165.94
153.01,42.555,-123.11
132.24,28.986,-90.184
180.78,-8.5162,-105.49
117.25,47.713,-135.68
326.83,-191.71,-196.4
63.236,103.68,-116.24
101.99,75.65,-124.74
89.581,100.93,-106.11
157.65,-10.462,-149.81
252.34,-119.22,-170.58
93.706,32.533,-116.72
342.77,-192.22,-209.2
156.54,-15.356,-147.71
69.729,98.991,-117.8
265.74,-123.12,-182.36
254.27,-62.686,-134.34
222.75,-52.568,-169.77
315.48,-172.05,-198.45
162.56,9.5551,-99.583
172.43,-42.181,-143.14
99.405,47.521,-83.145
231.59,-47.469,-166.46
204.91,-48.356,-165.85
68.3,72.145,-120.08
244.91,-110.5,-144.84
273.94,-78.089,-169.68
103.23,89.93,-105.47
229.45,-89.493,-169.59
240.22,-53.886,-167.86
155.49,0.27382,-149.79
182.1,3.7026,-147.95
334.29,-193.26,-166.41
270.65,-132.89,-181.07
71.792,51.498,-103.46
276.51,-77.993,-148.62
359.91,-167.39,-201.4
321.85,-173.41,-202.12
130.21,1.7711,-134.03
261.19,-90.605,-182.16
281.29,-89.754,-177.09
100.8,87.172,-86.825
246.04,-111.36,-170.57
71.964,57.378,-115.41
320.95,-123.37,-160.88
107.69,29.807,-131.16
127.03,64.243,-97.412
56.581,98.362,-117.02
211.31,-49.738,-116.49
222.66,-52.694,-169.8
161.2,24.865,-102.84
109.29,81.741,-113.86
166.67,-37.451,-139.55
132.83,61.278,-103.63
198.67,-1.9634,-140.38
305.26,-175.07,-177.73
227.22,-41.336,-122.99
124.69,10.281,-100.44
351.74,-151.25,-177.01
94.56,30.086,-111.2
257.99,-113.79,-139.45
238.94,-90.356,-175.86
328.06,-136.85,-192.46
280.4,-93.743,-139.97
115.06,60.836,-130.52
209.17,-46.806,-115.61
190.18,-58.776,-149.81
286.41,-155.56,-165.99
355.04,-154.58,-186.08
197.3,-68.29,-142.06
237.44,-85.07,-176.03
299.78,-151.11,-195.17
275.78,-137.83,-150.54
123.57,71.332,-108.17
229.03,-64.13,-121.69
145.75,14.569,-94.874
140.7,31.863,-141.16
212.42,-47.782,-116.28
186.96,2.6568,-112.72
180.93,-22.784,-158.01
331.32,-188.07,-203.4
293.75,-123.41,-141.88
90.656,64.347,-128.44
264.21,-97.48,-184.01
305.01,-170.67,-188.65
349.87,-166.68,-205.3
148.77,-12.748,-142.66
198.42,-65.106,-130.09
294.38,-159.92,-185.45
310.76,-176.86,-167.05
329.02,-145.25,-154.41
187.37,-40.68,-114.09
244.05,-111.42,-147.5
333.89,-200.62,-196.3
196.24,-37.471,-112.16
229.23,-32.522,-152.55
284.93,-107.35,-139.24
88.527,79.269,-124.8
133.01,-3.0859,-110.06
194.27,-46.334,-115.78
69.098,71.924,-120.47
308.99,-164.78,-196.72
340.55,-146.63,-193.69
289.62,-100.87,-143.8
81.296,107.06,-82.118
135.87,4.8524,-141.15
202.76,-15.005,-153.72
182.29,-10.289,-105.97
199.93,-33.294,-163.1
255.54,-114.7,-141.25
301.14,-170.81,-178.43
239.32,-61.775,-172.59
331.54,-132.88,-183.67
61.078,73.318,-115.66
72.251,58.749,-84.291
107.51,68.822,-82.614
322.78,-187.32,-168.63
241.3,-51.869,-165.76
197.31,-41.427,-113.39
302.38,-171.95,-179.44
179.12,11.35,-142.45
84.046,92.176,-119.05
334.71,-135.35,-183.07
246.01,-101.25,-135.16
159.56,-3.0493,-151.1
140.23,-11.311,-132.66
297.81,-135.03,-195.31
366.83,-165.88,-185.74
108.3,19.481,-103.69
230.14,-73.833,-173.97
221.33,-62.62,-171.12
209.06,-53.187,-167.19
213.48,-78.6,-133.36
295.67,-122.46,-142.42
330.13,-181,-159.53
125,40.83,-138.09
99.448,89.657,-87.684
355.8,-155.02,-179.87
285.86,-86.875,-167.96
311,-121.19,-188.22
169.38,7.3722,-149.2
228.45,-46.939,-166.98
69.208,61.975,-82.902
332.98,-179.43,-158.33
286.32,-110.58,-139.53
158.46,32.012,-105.11
213.59,-78.391,-132.98
262.12,-126.93,-176.14
118.61,75.247,-100.53
276.94,-145.13,-175.98
280.57,-147.6,-158.85
310.69,-132.03,-147.56
332.76,-198.61,-173.73
78.995,68.055,-124.6
234.65,-104.38,-158.83
271.88,-72.028,-160.61
130.51,64.263,-105.29
264.81,-90.627,-182.2
