121.51,-181.24,-199.12
153.46,-153.7,-234.22
-17.786,-143.36,-97.245
26.243,-118.29,-108.87
55.561,-163.52,-198.52
-45.798,-111.82,-103.79
78.443,-143.63,-213.51
-45.785,-82.103,-36.142
-15.403,-140.62,-88.407
131.69,-181.57,-264.35
219.21,-167.07,-295.59
176.56,-163.92,-244.81
184.11,-188.58,-244.7
229.29,-173.94,-325.44
160.52,-202.81,-271.87
-10.238,-102.85,-71.194
-11.032,-96.387,-111.67
-34.649,-134.31,-76.615
171.38,-197.07,-242.58
169.38,-190.07,-235.45
20.552,-132.16,-100.45
65.258,-177.97,-182.85
242.29,-191.7,-289.11
218.88,-170.7,-315.48
-42.989,-76.789,-64.589
252.83,-184.21,-301.64
-27.063,-123.44,-60.494
50.034,-168.02,-150.51
79.108,-172.56,-167.32
14.472,-157.77,-128.99
29.971,-140.21,-177.4
-11.081,-92.877,-86.479
-10.843,-94.411,-105.87
19.823,-117.84,-101
-74.167,-112.88,-65.149
-67.488,-119.46,-50.884
132.17,-195.76,-226.2
-26.967,-116.26,-122.39
50.438,-145.3,-129.42
50.021,-127.39,-132.57
18.563,-107.7,-112.03
-79.387,-113.7,-43.543
-81.929,-81.162,-62.477
-13.825,-91.264,-93.587
212.53,-167.52,-281.41
151.85,-188.31,-223.2
8.1089,-101.48,-114.95
109.7,-141.87,-196.72
161.41,-204.61,-257.83
-15.705,-139.96,-127.35
172.81,-178.56,-234.37
96.945,-160.73,-171.44
224.24,-168.07,-303.41
215.43,-166.2,-298.33
111.91,-141.11,-218.44
236.02,-172.69,-324.22
-16.04,-91.47,-76.984
77.245,-133.85,-162.46
108.07,-189.67,-207.98
215.45,-205.39,-275.43
23.391,-161.03,-135.5
137.9,-199.03,-244.91
187.75,-210.72,-279.59
137.36,-197.78,-232.92
65.508,-126.61,-158.04
3.5349,-109.97,-84.929
61.383,-154.57,-206.28
-55.916,-80.739,-77.082
-54.739,-75.591,-28.716
2.5093,-152.26,-115.89
-48.524,-126.8,-90.279
241.95,-201.71,-290.02
179.41,-160.84,-253.16
124.04,-161.85,-194.72
33.97,-146.87,-181.6
175.99,-170.58,-294.41
-73.768,-116.56,-52.958
25.495,-132.1,-170.87
109.26,-188.29,-203.94
218.39,-179.23,-272.93
247.23,-185.77,-295.34
149.01,-190.86,-223.88
99.697,-136.7,-199.79
229.82,-169.35,-304.82
151.38,-155.95,-226.83
136.09,-166.34,-204.65
88.152,-177.93,-223.5
-11.921,-117.19,-135.27
28.622,-117.29,-157.68
100.39,-150.21,-175.71
-10.181,-116.74,-136.36
137.26,-148.93,-222.56
250.54,-204.83,-297.21
48.971,-146.76,-128.7
227.54,-198.68,-278.84
169.64,-202.68,-250.27
174.98,-162.85,-284.82
-49.609,-81.956,-80.748
-16.618,-133.51,-76.599
119.37,-151.86,-194.78
199.55,-212.83,-284.3
67.471,-152.89,-211.07
-32.313,-125.35,-59.948
32.695,-133.26,-111.61
48.449,-147.9,-128.75
17.397,-106.39,-113.79
11.908,-103.25,-112.89
108.27,-184.95,-238.78
108.91,-191.15,-224.43
14.023,-131.78,-161.83
201.08,-164.58,-295.82
248.07,-188.97,-294.61
245.12,-191.34,-291.47
132.65,-176.2,-203.32
166.11,-205.24,-258.03
160.79,-153.92,-257.74
199.83,-181.27,-256.1
-1.4217,-107.93,-79.733
158.99,-184.6,-286.85
105.32,-190.27,-220.28
-15.152,-97.062,-113.02
149.79,-185.02,-219.57
192.93,-198.39,-256.11
27.738,-161.99,-136.67
100.96,-184.24,-230.98
213.42,-215.79,-294.54
221.88,-178.8,-276.4
18.107,-160.01,-145.5
171.81,-204.77,-255.79
-0.32772,-118.94,-78.918
97.084,-151.05,-172.07
130.7,-145.79,-225.84
95.039,-185.23,-195.04
108.39,-183.11,-240.9
84.912,-142.06,-215.28
173.44,-165.69,-288.1
93.867,-167.2,-234.2
99.709,-172.13,-238.54
164.25,-156.09,-266.67
75.053,-152.19,-151.7
242.02,-179.21,-295.65
43.846,-117.96,-138.3
104.02,-183.88,-235.17
94.968,-137.32,-183.57
142.52,-165.85,-270.17
41.23,-163.98,-180.58
163.31,-198.38,-240.33
17.836,-147.83,-164.87
102.55,-155.19,-237.41
35.357,-167.1,-156.25
43.758,-116.73,-149.83
96.012,-165.01,-236.01
14.464,-137.11,-163.3
116.31,-142.64,-206.44
181.17,-161.63,-284.53
-28.002,-94.537,-105.73
127.57,-148.87,-242.38
-66.499,-84.226,-75.365
200.46,-212.95,-298.73
157.82,-154.45,-261.23
80.79,-177.41,-175.19
92.391,-181.8,-223.81
179.96,-192.58,-243.86
146.06,-201.01,-246.76
40.332,-145.96,-121.68
-6.7134,-98.281,-81.384
4.2436,-144.37,-98.994
125.44,-184.88,-204.85
110.38,-185.76,-240.22
-43.643,-80.812,-79.205
-54.852,-104.38,-27.516
59.184,-175.53,-172.84
97.686,-171.21,-176.57
138.31,-198.59,-249.88
5.8647,-114.75,-145.1
-32.892,-110.6,-47.606
23.449,-123.53,-163.37
199.22,-163.93,-272.81
139.05,-149.31,-244.5
19.446,-156.49,-159.12
178.02,-164.36,-245.86
-58.443,-104.48,-90.675
64.467,-159.24,-208.89
69.106,-179,-191.34
51.897,-129.65,-184.43
228.42,-202.24,-281.08
49.244,-143.59,-193.91
125.38,-193.14,-246.68
-81.671,-75.925,-59.06
225.39,-181.66,-277.91
94.223,-153.63,-230.94
-7.7637,-121.99,-73.084
113.05,-143.97,-197.09
-75.728,-115.51,-45.428
-6.8941,-105.83,-128.82
198.86,-175.99,-312.52
169.77,-161.31,-240.62
89.196,-140.21,-170.39
-31.735,-83.123,-79.985
33.778,-139.62,-113.87
-71.822,-117.56,-55.144
208.15,-208.73,-317.8
-1.7692,-138.03,-88.652
219.63,-209.83,-282.64
-21.91,-120.73,-61.61
-42.642,-98.17,-101.59
157.05,-167.64,-280.59
-1.4444,-102.65,-84.109
152.42,-159.31,-223.83
88.198,-183.03,-215.59
13.363,-130.53,-160.87
74.798,-132.83,-160.45
192.99,-206.53,-265.77
110.9,-153.31,-241.1
15.665,-119.76,-155.42
-52.478,-120.77,-47.419
76.094,-132.74,-196.87
53.46,-156.63,-198.99
161.83,-168.19,-227.05
132.62,-163.23,-262.11
-60.506,-114.35,-35.209
-54.464,-72.522,-60.447
25.303,-109.29,-134.66
142.59,-181.62,-273.72
132.92,-178.88,-204.77
4.2649,-114.7,-144.19
-55.857,-125.62,-64.35
226.45,-216.43,-296.96
191.18,-207.06,-301.63
-21.044,-104.05,-57.698
-24.151,-133.41,-121.73
201.31,-179.42,-316.48
139.73,-148.51,-229.72
166.68,-158.26,-241.95
34.13,-130.7,-175.9
-19.833,-127.05,-67.969
235.78,-218.99,-305.47
-2.0579,-107.99,-133.59
221.9,-178,-327.64
55.195,-130.22,-136.83
17.235,-138.03,-100.37
122.75,-194.96,-226.68
201.33,-209.66,-274.66
25.533,-110.25,-120.6
-36.022,-85.977,-47.626
101.6,-137.59,-206.81
164.98,-157.18,-242.01
10.29,-103.73,-104.58
151.73,-182.66,-281.15
51.676,-157.59,-197.04
-74.698,-112.95,-32.291
73.833,-150.86,-150.47
238.16,-208,-291.05
125.74,-195.76,-237.29
209.64,-179.32,-321.66
3.2454,-106.28,-132.77
211.04,-165.65,-286.13
56.464,-124.84,-176.8
97.978,-141.11,-180.75
50.065,-128.24,-131.92
-60.479,-104.28,-88.588
113.07,-180.12,-247.84
61.967,-174.98,-192.13
-53.437,-125.47,-82.395
-35.859,-133.84,-101.34
-55.241,-124.55,-57.557
-2.7312,-151.3,-122.8
-32.492,-82.692,-61.738
119.58,-148.69,-198.25
26.055,-116.56,-155.78
-39.941,-124.87,-106.63
120.46,-191.31,-212.96
-8.3897,-100.57,-75.612
32.538,-113.64,-126.14
-34.093,-133.79,-74.785
187.98,-209.77,-290.88
-42.197,-90.416,-36.167
216,-166.25,-297.11
109.23,-153.54,-240.33
73.517,-136.72,-203.17
189.91,-166.18,-256.55
144.63,-196.09,-265.55
-38.845,-105.59,-40.544
-24.297,-104.11,-54.171
79.524,-150.52,-155.52
76.134,-142.56,-211.19
83.748,-179.17,-216.6
105.39,-140.74,-192.48
146.35,-167.69,-273.78
157.13,-200.11,-273.64
139.59,-160.4,-264.13
128.94,-194.88,-223.46
20.882,-117.58,-155.5
76.824,-130.58,-168.94
-18.005,-143.35,-97.475
168.68,-201.75,-248.11
19.829,-108.24,-113.33
-25.535,-95.964,-108.57
51.7,-125.64,-178.06
137.8,-165.35,-266.79
163,-155.88,-265.99
198.31,-167.44,-301.97
110.05,-142.52,-195.68
89.272,-133.54,-194.73
195.42,-201.75,-260.61
-14.959,-104.35,-123.4
198.52,-162.52,-278.88
45.157,-155.39,-131.41
113.43,-163.27,-222.16
-49.085,-104.71,-16.819
200.91,-224.6,-300.38
41.338,-173.04,-175.44
-29.165,-102.57,-77.482
237.17,-189.78,-313.48
86.429,-153.03,-160.64
121.15,-211.65,-217.34
77.061,-158.24,-199.25
-58.258,-102.95,-70.691
-35.585,-124.29,-32.512
103.97,-187.68,-169.22
91.127,-179.44,-156.05
-6.6119,-129.15,-124.41
207.79,-225.27,-263.72
209.63,-181.85,-278.63
169.94,-196.87,-220.98
63.062,-152.79,-130.92
-16.565,-154.92,-116.27
-13.346,-108.33,-71.868
38.682,-175.1,-171.32
-40.038,-145.24,-90.984
176.99,-175.42,-263.17
159.46,-186.81,-272.43
159.42,-215.63,-267.45
120.15,-167.27,-231.19
105.95,-157.32,-206.83
108.87,-157.49,-187.65
152.8,-174.65,-256.17
-11.988,-158.77,-118.65
-46.397,-91.18,-40.19
212.84,-182.8,-277.97
145.91,-168.11,-239.28
85.783,-153.69,-158.63
36.268,-162.99,-107.45
108,-157.19,-187.01
97.705,-163.89,-163.18
-84.153,-109.49,-52.024
-65.633,-105.07,-67.366
120.92,-209.55,-230.24
25.612,-125.72,-117.4
92.773,-192.4,-166.27
227.15,-236.48,-299.5
-70.09,-121.83,-65.92
115.26,-188.33,-177.52
-45.987,-139.75,-41.182
-25.483,-142.53,-112.25
37.668,-136.19,-152.21
139.55,-169.03,-241.2
104.52,-206.67,-210.42
133.03,-212.04,-213.2
208.5,-182.66,-270.16
29.23,-137.92,-99.045
91.852,-201.11,-181.15
187.55,-226.81,-262.06
-1.5856,-146.09,-70.118
45.862,-183.11,-135.24
238.79,-231.14,-286.51
-8.7597,-115.1,-104.97
-67.321,-133.78,-30.066
-76.886,-102.99,-57.496
118.71,-204.94,-194.75
247.73,-191.05,-302.17
126.63,-202.04,-194.53
203,-230.78,-277.06
171.18,-224.01,-258.26
169.94,-217.4,-276.58
56.706,-149.15,-125.6
6.3007,-118.79,-111.2
-77.703,-129.14,-46.003
-19.102,-151.66,-115.63
-24.895,-141.55,-51.633
120.9,-208.8,-232.03
178.67,-174.86,-252.8
75.513,-169.81,-206.02
-54.704,-139.39,-40.708
-52.493,-135.17,-32.352
-32.547,-102.79,-41.316
-18.087,-136.55,-52.36
-17.218,-149.52,-64.138
-49.898,-111.28,-15.858
-8.8151,-149.86,-68.549
95.971,-182.62,-160.97
-47.907,-140.92,-43.242
86.292,-150.2,-186.19
-82.274,-128.16,-35.604
104.54,-156.93,-205.74
-33.593,-112.67,-33.138
55.068,-142.11,-166.74
32.797,-141.42,-101.54
117.82,-210.03,-223.12
181.68,-226.15,-261.45
-17.232,-144.94,-59.142
-45.869,-146.34,-58.149
155.13,-219.22,-236.37
73.323,-153.26,-191.41
176.4,-224.93,-266.55
225.5,-194.86,-318.27
71.953,-195.78,-167.85
149.03,-217.14,-251.31
106.53,-187.33,-170.81
116.01,-158.49,-202.62
16.125,-123.41,-97.226
233.5,-205.43,-271.32
-34.229,-145.99,-53.882
-45.96,-113.38,-86.786
93.54,-152.6,-174.2
-45.566,-94.018,-31.249
141.65,-213.28,-250.33
-23.181,-132.96,-46.533
153.13,-180.92,-264.02
185.97,-213.72,-239.42
-34.806,-132.33,-103.33
97.763,-153.34,-193.16
17.179,-125.7,-94.288
235.35,-189.08,-311.09
-12.19,-152.25,-124.09
38.75,-180.18,-166.3
148.35,-167.68,-225.59
158.04,-195.15,-274.76
58.613,-139.92,-142.98
127.67,-211.3,-210.73
131.73,-196.88,-253.63
208.81,-232.19,-291.57
62.474,-140.86,-158.87
106.43,-204.82,-191.57
-16.378,-117.52,-107.17
-34.276,-100.94,-41.022
35.282,-171.67,-114.26
148.55,-218.64,-239.34
89.868,-202.4,-197.81
-45.76,-119.51,-90.289
217.79,-233.77,-286.89
73.051,-184.79,-203.22
161.95,-217.44,-232.25
230.21,-232.56,-285.06
64.707,-167.16,-196.85
15.707,-147.37,-84.33
-22.125,-103.52,-71.811
-20.671,-104.2,-68.969
123.19,-177.22,-182.97
33.644,-180.11,-158.38
24.425,-126.99,-105.77
-23.112,-156.46,-102.34
214.42,-184.56,-272.78
96.627,-154.79,-173.28
137.21,-171.48,-244.73
9.0133,-158.91,-87.186
-28.055,-124.02,-39.084
96.515,-164.7,-216.44
163.27,-197.55,-279.06
138,-165.17,-215.6
-40.191,-148.06,-85.589
56.743,-138.44,-148.62
17.766,-161.81,-94.793
-9.6779,-161.63,-86.949
187.35,-221.76,-249.4
6.0792,-151.29,-143.83
144.77,-190.31,-200.53
173.94,-173.71,-249.52
-6.0759,-114.39,-71.609
211.78,-212.04,-255.34
191.71,-213.15,-242.53
-7.3089,-111.21,-91.535
124.4,-193.2,-248.03
162.19,-221.77,-254.25
-51.685,-132.12,-28.348
-0.5265,-168.27,-118.95
156.95,-175.63,-218.28
82.297,-160.23,-148.47
-87.898,-110.6,-47.714
91.116,-158.78,-159.55
50.587,-170.63,-122.23
102.17,-156.34,-178.79
8.6968,-148.67,-79.194
100.21,-204.92,-209.57
94.65,-203.44,-189.24
142.75,-213.9,-219.45
-15.673,-110.38,-94.638
-35.225,-150.63,-64.933
168.21,-189.36,-220.09
183.93,-183.8,-238.2
44.106,-140.11,-160.83
113.7,-185.51,-175.32
89.997,-201.78,-201.49
113.09,-158.52,-192.36
171.24,-218.39,-276.69
157.64,-171.6,-250.71
-84.825,-119.86,-47.08
-18.799,-155.77,-111.77
-30.732,-132.15,-107.21
119.82,-210.85,-223.21
97.847,-183.8,-162.88
-14.87,-162.17,-102.28
34.725,-167.87,-110.1
72.253,-144.57,-169
-29.372,-131.61,-108.35
-9.9773,-145.49,-128.21
179.62,-225.8,-261.02
-78.912,-105.01,-56.516
157.88,-169.89,-241.85
52.472,-189.74,-167.06
29.956,-128.36,-114.91
148.97,-202.83,-208.41
73.972,-162.38,-201.03
-4.3498,-114.18,-101.6
-61.542,-104.62,-69.954
-10.433,-157.83,-78.615
247.52,-215.8,-282.12
-1.791,-132.31,-65.682
220.74,-235.1,-296.65
39.079,-160.8,-174.47
132.18,-210.57,-209.54
18.488,-169.4,-150.8
73.633,-178.18,-142.76
133.84,-185.7,-191.36
103.03,-179.3,-165.38
168.81,-222.44,-247.05
167.23,-209.25,-224.5
16.296,-146.32,-84.548
-34.272,-150.65,-92.321
199.66,-186.62,-294.88
181.81,-212.46,-235.89
102.12,-163.43,-168.43
153.15,-201.65,-210.39
90.707,-156.2,-202.28
103.35,-169.03,-166.52
-10.902,-137.57,-126.09
203.26,-180.57,-271.41
83.005,-148,-174.07
187.65,-217.65,-244.07
85.833,-148.97,-175.19
34.165,-175.49,-165.5
-40.241,-101.41,-75.97
-36.025,-135.99,-101.92
204.88,-205.38,-311.36
230.29,-220.06,-271.62
92.094,-201.83,-183.48
201.26,-224.5,-259.65
103.03,-181.58,-165.92
57.206,-158.01,-187.05
48.294,-184.89,-173.06
193.61,-188.76,-243.53
10.691,-127.7,-81.937
194.03,-227.42,-263.89
176.03,-176.21,-266.06
127.8,-172.64,-189.53
146.86,-213.57,-256.16
38.352,-134.12,-147.44
11.872,-139.37,-79.473
54.395,-147.17,-175.16
-17.367,-160.5,-103.32
15.571,-156.74,-152.9
87.284,-150.12,-185.06
198.63,-180.77,-261.22
-8.2151,-128.09,-122.54
133.57,-164.33,-226.84
195.83,-184.85,-249.61
212.46,-189.99,-261.06
-12.799,-160.84,-85.739
202.41,-190.34,-300.93
153.46,-219.31,-237.53
76.269,-194.75,-197.08
-33.979,-97.554,-53.678
107.8,-156.87,-187.95
137.81,-193.36,-258.98
171.45,-224.08,-258.33
119.23,-162.88,-222.84
99.352,-195.76,-223.64
146.21,-206.75,-262.51
36.769,-177.98,-123.76
64.861,-176.15,-197.88
222.24,-185.85,-280.37
59.537,-144.75,-172.91
115.65,-182.66,-176.2
4.8468,-124.17,-123.85
41.537,-179.06,-126.83
207.62,-211.94,-252.41
143.49,-176.55,-202.95
-39.581,-144.35,-92.798
-30.15,-111.31,-37.752
-20.402,-157.15,-77.787
112.17,-158.49,-190.56
109.91,-204.71,-191.77
145.79,-179.76,-203.28
-5.0717,-123.47,-63.945
44.271,-183.56,-169.19
155.34,-203.76,-213.11
48.529,-165.37,-183.27
75.353,-154.4,-144.25
135.23,-215.18,-226.22
160.27,-178.6,-265.27
99.8,-188.77,-167.14
68.152,-145.85,-145.09
63.006,-178.9,-136.52
95.205,-180.46,-159.53
24.441,-144.02,-91.959
8.9178,-170.69,-133.84
-8.5032,-124.06,-118.5
117.4,-181.75,-241.22
144.66,-213.25,-218.54
194.12,-181.96,-252.14
138.33,-215.54,-225.34
-57.138,-98.671,-66.848
19.949,-126.23,-98.404
78.438,-197.95,-173.56
195.37,-223.77,-295.54
-23.407,-127.8,-111.91
39.702,-198.42,-153.81
-3.6251,-128.96,-75.196
-5.4219,-182.11,-105.03
144.44,-190.56,-195.27
103.03,-188.59,-214.96
156.79,-237.41,-231.65
212.34,-230.56,-245.19
234.73,-234.09,-262.07
-11.383,-179.66,-98.15
25.702,-170.8,-83.496
175.59,-218.11,-214.82
92.215,-190.35,-208.5
206.31,-238.81,-297.45
-0.51169,-161.41,-58.609
149.51,-218.79,-196.9
-70.219,-106.19,-38.741
191.53,-239.45,-241.12
-0.030433,-131.95,-70.788
-27.405,-134.43,-90.599
-74.758,-148.87,-27.554
28.669,-143.8,-105.78
-60.339,-151.53,-58.236
160.58,-237.03,-248.71
-26.952,-119.35,-40.735
76.746,-191.93,-132.05
24.45,-194.49,-112.75
57.491,-155.75,-143.63
-8.9592,-180.93,-85.237
193.61,-209.76,-230.06
-45.277,-126.73,-8.7488
135.55,-224.35,-240.15
-40.724,-163.31,-44.559
190.18,-243.26,-273.47
-60.153,-145.59,-9.6751
197.79,-246.99,-266.31
-57.412,-150.1,-17.25
150.84,-213.46,-195.29
73.142,-172.65,-129.17
-51.263,-106.2,-37.466
148.46,-205.52,-192.21
73.179,-173.75,-128.64
-11.553,-174.07,-66.407
140.37,-209.41,-249.72
217.86,-208.25,-254.06
-59.22,-152.5,-58.835
237.73,-208.61,-307.29
107.27,-176.87,-202.77
86.362,-186.11,-202.31
88.278,-195.39,-206.81
-10.927,-178.24,-103.71
79.061,-209.43,-192.46
68.01,-174.47,-122.83
-34.151,-123.44,-74.72
114.29,-223.34,-216.66
5.0422,-151.29,-124.64
229.29,-241.64,-263.18
39.774,-152.05,-105.04
111.56,-184.64,-216.46
121.6,-188,-172.75
-71.155,-143.56,-49.583
212.03,-250.08,-280.9
143.28,-199.95,-248.39
90.924,-206.55,-207.48
152.54,-197.63,-252.26
-47.536,-151.69,-22.342
213.1,-220.63,-305.62
56.064,-208.01,-148.66
115.61,-212.57,-171.03
31.853,-198.99,-133.01
238.43,-208.21,-276.94
-40.503,-146.74,-20.785
60.883,-168.52,-172.45
-36.074,-117.79,-64.409
172.27,-205.35,-270.42
245.99,-219.32,-272.14
124.2,-229.16,-213.66
165.21,-189.11,-226.51
162.01,-218.25,-266.98
16.531,-138.31,-99.803
-17.226,-177.39,-79.079
-53.136,-157.11,-32.034
91.158,-184.21,-143.61
119.93,-193.7,-168.75
47.59,-164.94,-104.03
-28.305,-119.24,-37.883
37.835,-188.15,-160.91
181.25,-212.01,-218.86
184.26,-225.4,-284.15
51.772,-183.58,-174.84
-78.977,-145.5,-30.942
113,-175.94,-178.64
113.5,-226.36,-198.2
-4.9355,-128.47,-79.35
122.34,-182.46,-217.99
111.3,-225.72,-202.45
183.87,-230.67,-226.96
199.27,-247.33,-267.92
186.25,-211.25,-283.12
219.12,-237.92,-309.78
98.235,-217.48,-169.39
-34.843,-166.8,-80.194
201.31,-246.02,-258.39
97.491,-201.5,-214.72
196.52,-195.95,-261.08
226.5,-253.36,-290.89
22.732,-153.56,-80.075
-28.204,-120.09,-68.548
99.299,-208.08,-214.91
41.351,-202.74,-140.49
218.83,-221.6,-248.38
-72.524,-149.86,-32.348
254.46,-233.32,-276.25
-74.262,-147.4,-37.688
139.84,-182.09,-209.99
-32.047,-170.51,-73.44
92.026,-185.73,-144.16
-24.834,-170.81,-91.928
-16.138,-123.04,-59.906
177.06,-199.45,-267.32
112.24,-175.01,-180.64
227.11,-253.23,-285.63
70.99,-170.19,-128.24
44.301,-150.92,-117.53
13.881,-166.83,-139.21
97.319,-221.59,-183.77
169.12,-213.59,-272.09
175.97,-215.76,-214.67
97.985,-218.29,-171.08
-65.455,-148.85,-14.44
-1.5028,-181.71,-114.52
42.346,-176.69,-99.17
-51.204,-147.8,-15.988
217.35,-216.89,-248.07
49.592,-163.45,-161.06
214.22,-248.55,-292.3
32.773,-193.07,-108.66
52.933,-204.26,-163.93
-23.117,-124.46,-78.243
203.36,-199.86,-277.7
95.776,-169.33,-178.85
-4.4445,-129.45,-67.727
-30.654,-136.06,-89.935
-29.485,-171.58,-77.637
-14.518,-128.9,-47.703
-40.953,-146.02,-19.931
78.181,-213.65,-184.17
68.659,-186.76,-123.82
27.833,-144.49,-119.57
182.19,-218.12,-282.64
73.137,-164.51,-138.02
80.863,-167.37,-177.17
154.4,-207.55,-197.07
147.3,-229.25,-206.58
118.77,-206.44,-232.37
14.443,-151.21,-129.96
-12.588,-141.72,-43.046
120.38,-179.63,-211.44
198.91,-225.33,-295.92
-10.407,-154.9,-47.646
-13.217,-128.38,-86.377
-69.574,-143.88,-51.681
198.53,-218.1,-232.41
-10.17,-136.38,-101.09
77.68,-162.88,-156.7
81.914,-210.17,-195.09
92.202,-185.35,-144.39
113.72,-181.85,-213.81
44.689,-150.54,-121.32
26.633,-173.76,-85.614
26.472,-169.65,-83.684
24.375,-153.79,-81.925
36.741,-200.87,-138.32
231.26,-238.21,-261.79
206.23,-198.06,-266.92
18.628,-186.13,-139.39
142.14,-188.79,-194.68
193.75,-230.25,-232.74
117.89,-225.83,-192.41
93.448,-169.47,-162.25
-11.439,-151.19,-112.93
160.89,-235.89,-252.26
78.255,-212.07,-187.66
138.51,-181.7,-212.72
159.48,-211.18,-201.33
43.417,-187.77,-106.62
101.35,-185.31,-211.42
129.51,-199.3,-238.83
160.94,-231.29,-215.46
185.43,-244.14,-260.56
-55.669,-103.63,-31.604
87.009,-181.24,-140.29
241.15,-222.79,-266.44
137.6,-222.87,-193.4
66.557,-200.65,-132.13
128.84,-187,-227.82
71.734,-195.06,-192.56
243.3,-210.81,-277.91
247.33,-209.76,-284.86
37.164,-148.04,-110.24
9.547,-173.59,-135.31
40.952,-174.37,-163.66
213.99,-231.04,-307.5
179.36,-200.63,-269.96
227.09,-237.88,-258.92
203.3,-208.68,-291.65
38.056,-195.29,-155.92
-0.28281,-130.62,-77.478
78.669,-213.7,-158.54
-17.488,-174.34,-99.1
24.251,-167.14,-147.79
141.84,-219.57,-192.61
154.11,-186.01,-228.95
107.59,-182.72,-212.21
73.852,-198.67,-134.21
42.121,-191.64,-163.92
-75.028,-148.58,-29.486
240.36,-208.08,-306.57
-5.2452,-169.68,-120.3
241.52,-206.25,-298.99
-16.082,-123.62,-72.024
-18.546,-174.87,-95.87
9.0906,-177.79,-133.38
168.55,-236.27,-226.9
177.27,-191.62,-247.22
24.41,-185.88,-94.991
161.24,-228.45,-262.4
78.85,-214.28,-160.39
-37.357,-134.15,-84.038
-14.381,-179.07,-88.137
164.42,-199.69,-260.97
74.925,-178.5,-128.86
16.436,-168.87,-75.386
-44.411,-160.09,-74.051
88.622,-190.44,-141.14
-21.465,-172.73,-64.015
111.96,-204.6,-226.78
192.41,-245.65,-266.69
-38.347,-123.53,-73.386
159.33,-201.35,-202.61
174.99,-191.23,-246.68
137.76,-199.65,-183.65
68.918,-184.22,-188.82
97.784,-203.59,-153.15
-53.745,-151.7,-68.484
137.37,-213.69,-247.24
175.26,-209.51,-274.9
-21.845,-132.62,-91.546
115.88,-191.86,-225.45
166.01,-208.85,-268.31
195.36,-204.18,-282.43
222.25,-224.64,-251
-2.9591,-140.2,-108.96
218.75,-226.62,-248.57
45.27,-173.49,-166.55
-4.4832,-170.82,-63.9
-55.86,-158.24,-39.512
97.441,-173.59,-193.7
147.53,-189.21,-238.87
42.186,-164.29,-98.311
77.88,-185.35,-131.27
-69.552,-142.15,-53.013
116.95,-216.71,-175.77
52.552,-165.45,-109.43
-28.383,-143.24,-95.898
-76.433,-129.38,-48.458
137.28,-218.97,-189.37
81.36,-190.18,-200.28
81.097,-165.27,-170.48
67.022,-207.54,-142.88
227.77,-209.84,-305.65
-31.423,-118.43,-32.98
55.915,-185.78,-178.64
114.18,-220.95,-220.37
140.63,-232.83,-230.4
95.65,-195.81,-212.78
-29.279,-161.88,-42.579
-50.166,-107.16,-40.225
155.72,-186.38,-229.94
67.919,-161.32,-136.04
68.831,-210.18,-149.37
166.6,-201.27,-263.72
77.045,-204.65,-194.32
-31.211,-124.18,-76.66
46.691,-198.53,-121.54
146.71,-191.35,-196.95
204.59,-224.87,-237.78
174.27,-193.99,-256.75
-84.568,-129.36,-39.368
36.568,-192.4,-108.64
20.713,-146.53,-125.87
-6.5746,-129.26,-86.45
-23.877,-155.42,-38.298
-38.901,-149.37,-87.525
245.09,-206.92,-300.7
9.2649,-163.37,-134.36
48.617,-189.82,-111.51
-64.521,-149.19,-15.107
143.96,-184.5,-226.35
64.472,-164.02,-167.45
248.84,-225.77,-272.13
70.398,-210.72,-178.39
57.247,-161.46,-118.53
131.28,-206.48,-178.62
66.037,-185.81,-187.06
250.26,-225.16,-273.46
148.73,-234.51,-219.7
-26.892,-172.35,-66.72
105.93,-192.98,-219.44
95.814,-118.84,-252.9
144.46,-98.067,-267.48
-41.787,-64.817,-156.13
9.7772,-61.144,-150.67
44.342,-74.179,-248.53
-52.607,-24.259,-148.39
76.315,-63.276,-250.08
-60.887,-28.29,-75.071
-41.207,-67.36,-146.94
123.48,-97.529,-308.92
214.96,-114.66,-322.47
163.98,-112.67,-279.99
161.26,-135.61,-291.44
229.84,-112.73,-351
142.97,-124.71,-323.75
-27.347,-47.108,-113.06
-13.916,-25.307,-145.08
-59.151,-58.127,-135.02
146.24,-137.14,-294.72
145.06,-133.59,-285.24
-2.9049,-72.755,-150.59
42.878,-96.416,-241.32
224.07,-147.46,-327.23
219.04,-109.32,-341.54
-48.205,-13.937,-96.945
239.79,-141.47,-333.66
-53.024,-59.682,-115.13
23.913,-94.525,-209.48
52.622,-104.96,-224.15
-9.6989,-78.456,-188.38
24.551,-52.399,-220.63
-19.906,-32.712,-121.5
-14.678,-26.191,-139.06
2.0264,-60.959,-144.09
-89.117,-27.374,-117.46
-89.85,-41.444,-107.82
107.52,-124.3,-282.74
-32.352,-29.074,-165.32
26.773,-85.409,-179.98
34.09,-69.887,-173.95
7.9404,-47.947,-148.77
-100.25,-34.292,-99.49
-84.718,0.083784,-100.13
-19.656,-27.284,-127.07
204.82,-117.61,-310.87
126.78,-128.92,-275.03
1.9378,-36.978,-149.02
99.628,-83.378,-232.35
139.02,-132.21,-312.39
-29.982,-50.967,-180.44
152.13,-126.61,-278.39
73.976,-102.39,-220.61
221.26,-114.66,-329.38
212.75,-111.1,-324.7
108.13,-75.035,-250.66
235.88,-115.41,-348.84
-26.476,-33.115,-112.93
64.219,-75.676,-201.06
83.365,-115.56,-265.71
191.34,-151.11,-324.07
-1.2101,-82.58,-194.98
116.73,-122,-300.17
166.16,-140.59,-332.34
113.26,-125.62,-289.19
55.362,-66.257,-194.54
-13.961,-53.618,-127.47
55.087,-66.759,-250.44
-57.462,-5.9102,-110.68
-68.444,-21.973,-66.088
-21.919,-73.805,-175.19
-64.573,-40.196,-144.22
220.25,-154.78,-332.97
170.06,-108.21,-285.51
104.1,-106.6,-239.36
26.761,-57.81,-227.26
175.27,-97.581,-326.35
-93.677,-35.375,-108.65
21.796,-46.571,-211.31
83.769,-116.67,-261.44
203.1,-132.99,-308.83
232.46,-142.61,-329.36
123.52,-129.31,-277.09
93.667,-73.377,-233.21
226.09,-117.71,-330.82
139.65,-101.85,-262.32
115.88,-111.77,-249.3
74.766,-90.716,-274.89
-15.753,-31.674,-175.85
26.337,-41.758,-192.36
82.211,-94.035,-218.89
-13.74,-31.703,-176.44
128.66,-91.423,-256.21
228.7,-158.37,-340.12
24.724,-86.154,-180.18
205.5,-150.15,-322.84
144.81,-137.62,-304.28
174.55,-94.915,-314.3
-51.317,-8.3481,-114
-42.997,-65.987,-133.29
103.79,-96.544,-234.85
177.1,-145.89,-336.59
62.46,-66.369,-253.33
-58.523,-58.938,-115.99
10.581,-74.816,-159.92
23.85,-86.78,-180.83
7.9177,-45.661,-149.74
4.0156,-40.984,-147.82
94.217,-99.509,-290.11
88.299,-110.47,-280.66
9.2157,-44.584,-204.16
200.02,-104.09,-322.78
231.78,-145.82,-330.24
227.38,-147.55,-328.9
108.73,-118.43,-253.25
142.98,-134.84,-312.52
157.62,-92.18,-287.46
181.14,-132.65,-296.59
-19.049,-51.788,-122.32
152.84,-103.65,-327.93
84.266,-109.77,-276.89
-17.407,-23.356,-146.88
125.17,-126.84,-270.42
168.6,-142.85,-305.52
2.5899,-84.9,-196.15
85.801,-98.661,-283.53
191.14,-150.6,-345.91
207.33,-132.88,-311.38
-2.5816,-75.25,-203.55
147.52,-138.05,-309.93
-22.487,-61.272,-126.94
77.941,-94.607,-216.39
125.02,-84.551,-257.99
69.846,-111.18,-253.26
95.633,-97.259,-291.04
83.109,-64.37,-250.37
173.06,-95.096,-318.66
86.941,-80.657,-278.48
91.47,-85.513,-284.24
162.43,-91.901,-296.02
52.249,-93.384,-200.89
230.45,-134.89,-326.8
33.88,-57.269,-174.74
89.847,-98.126,-286.77
84.592,-78.192,-219.78
140.63,-87.934,-305.46
26.378,-75.064,-234.24
138,-135.29,-294
7.3756,-57.744,-214.4
100.05,-74.016,-274.73
13.008,-84.586,-215.09
37.598,-51.599,-184.16
90.179,-79.216,-278.82
8.0114,-48.382,-208.02
107.95,-83.156,-240.68
180.37,-96.989,-313
-29.858,-18.28,-140.26
125.88,-78.812,-274.1
-68.585,-4.3647,-111.68
182.02,-140.58,-349.11
155.82,-89.791,-290.96
54.54,-106.37,-233.24
77.12,-95.619,-276.75
155.86,-137.14,-292.99
123.69,-126.64,-302.15
15.404,-84.3,-174.33
-19.579,-41.065,-119.41
-22.288,-75.258,-156.52
99.55,-121.23,-259.37
96.185,-100.55,-291.61
-46.082,-10.879,-111.65
-79.78,-44.997,-79.198
35.566,-95.695,-231.87
72.145,-108.89,-230.15
118.68,-119.84,-304.24
3.651,-34.149,-181.88
-57.015,-52.076,-98.07
21.074,-41.914,-200.75
191.98,-112.01,-302.63
136.41,-83.698,-275.3
3.8608,-67.61,-213.54
165.39,-113.27,-281.01
-64.739,-17.856,-134.33
56.784,-70.824,-254.77
48.325,-95.6,-248.9
49.859,-51.581,-219.93
205.57,-152.46,-326.47
44.988,-57.443,-235.2
108.45,-110.78,-299.73
-83.497,2.6907,-94.572
209.77,-136.16,-313.83
91.446,-71.493,-268.96
-31.868,-62.532,-123.93
101.88,-86.446,-233.45
-97.178,-36.674,-101.75
-8.897,-27.731,-164.3
198.58,-105.25,-343.04
157.78,-109.12,-275.57
74.618,-83.075,-210.19
-36.257,-17.974,-112.59
9.7785,-79.407,-164.93
-91.713,-36.193,-110.9
195.89,-133.18,-363.02
-28.166,-71.64,-144.88
195.42,-153.65,-332.2
-47.143,-59.526,-114.39
-45.305,-15.923,-139.53
155.74,-91.952,-314.3
-15.809,-45.865,-123.53
138.43,-106.18,-261.29
70.594,-97.936,-270.52
8.829,-43.684,-202.76
61.878,-74.529,-199
168.36,-145.35,-317.9
109.16,-74.98,-276.39
13.354,-38.518,-192.56
-78.142,-50.922,-104.34
73.566,-60.347,-230.46
45.233,-67.599,-245.71
144.28,-116.27,-267.76
130.58,-84.483,-297.9
-86.3,-47.047,-91.186
-57.88,-6.8689,-92.1
19.798,-43.222,-168.7
135.75,-98.904,-316.27
108.37,-120.08,-255.8
2.0003,-33.725,-181.18
-78.062,-46.301,-121.67
203.05,-156.25,-347.37
176.92,-130.42,-349.42
-41.206,-48.432,-102.74
-36.556,-44.128,-172.96
200.58,-107.5,-347.98
133.06,-89.369,-262.04
156.61,-104.74,-275.45
31.372,-47.5,-214.35
-45.872,-62.892,-122.86
212.75,-159.2,-355.32
-4.0855,-29.775,-169.14
222.44,-111.55,-355.45
38.798,-72.821,-178.66
-8.0673,-75.837,-153.65
99.673,-119.05,-283.47
177.08,-148.14,-326.54
15.578,-49.767,-156.95
-50.45,-31.278,-86.223
97.033,-72.132,-239.6
155.53,-103.07,-275.1
0.014475,-43.954,-140.96
145.54,-101.02,-322.56
42.738,-68.302,-244.62
-99.098,-40.461,-89.014
51.324,-92.265,-199.26
214.83,-157.52,-337.23
105.06,-116.8,-292.84
209.44,-109.24,-351.81
0.99105,-31.254,-167.21
205.58,-113.53,-314.15
53.493,-53.037,-210.61
84.993,-83.72,-218.98
33.618,-70.84,-173.8
-67.058,-17.589,-132.57
102.88,-94.314,-295.25
43.792,-88.774,-248.14
-70.666,-40.028,-137.08
-52.899,-47.195,-156.34
-79.078,-48.499,-115.21
-24.173,-67.801,-181.1
-42.028,-24.655,-96.597
106.17,-92.75,-236.3
23.807,-40.746,-190.54
-51.573,-36.106,-156.83
95.08,-120.66,-269.93
-23.586,-44.406,-115.65
22.059,-53.474,-162.9
-58.996,-58.723,-133.14
169.98,-135.39,-341.66
-60.869,-36.49,-78.913
212.88,-111.9,-323.62
107.39,-74.686,-275.96
71.611,-59.717,-238.08
178.26,-115.97,-290.3
129.72,-114.52,-316.15
-62.394,-48.198,-89.916
-45.105,-48.369,-99.946
57.914,-92.634,-203.06
74.019,-62.29,-247.72
68.432,-92.405,-269.83
95.042,-82.175,-228.42
144.34,-89.718,-309.2
141.52,-120.28,-324.22
138.37,-84.715,-297.75
104.22,-123.2,-280.17
18.791,-39.226,-191.18
66.959,-70.289,-205.1
-41.911,-64.617,-156.34
143.69,-137.31,-302.02
9.2233,-48.444,-150.07
-27.409,-19.412,-143.25
49.365,-50.912,-212.45
135.69,-86.689,-302.62
161.2,-91.426,-295.42
198.28,-102.56,-329.72
99.383,-84.465,-231.73
84.236,-68.036,-228.03
170.81,-144.83,-310.89
-16.994,-24.966,-159.46
193.66,-108.12,-307.25
18.886,-90.041,-187.05
102.16,-91.641,-264.66
-77.921,-52.29,-69.651
178.49,-149.27,-356.23
21.564,-84.3,-234.22
-42.073,-35.45,-119.78
227.33,-133.7,-347.83
64.52,-95.775,-208.23
89.261,-135.17,-283.67
65.459,-79.851,-244.99
-69.768,-24.82,-116.22
-68.922,-67.657,-91.896
69.315,-127.74,-231.4
57.336,-120.56,-216.87
-18.745,-47.948,-171.9
173.7,-167.84,-324.23
196.05,-128.61,-315.71
138.81,-145.04,-275.98
35.476,-96.614,-184.03
-39.593,-66.773,-178.23
-31.961,-49.68,-116.57
17.262,-86.326,-231.85
-63.878,-58.364,-153.26
165.3,-114.47,-301.54
148.26,-111.43,-316.46
135.88,-136.03,-326.3
109.16,-94.283,-273.97
93.403,-89.647,-248.98
90.369,-98.909,-232.21
142.3,-105.33,-296.87
-36.336,-70.984,-181.85
-63.691,-33.488,-83.089
198.32,-131.14,-315.37
133.84,-103.78,-279.51
63.121,-96.801,-206.85
1.2758,-101.51,-170.65
89.529,-98.521,-231.57
71.062,-108.57,-214.93
-100.41,-25.323,-105.14
-78.017,-24.361,-114.92
93.577,-128.2,-293.85
8.8736,-63.232,-161.76
56.836,-127.37,-231.98
196.82,-171.28,-359.37
-88.695,-36.003,-122.22
81.397,-130.2,-238.09
-81.413,-71.39,-107.78
-43.91,-54.483,-169.32
25.566,-63.048,-196.23
128.45,-100.74,-282.09
74.518,-126.24,-276.45
98.362,-142.74,-279.39
192.3,-132.14,-308.84
2.1414,-81.927,-151.56
57.026,-127.76,-249.24
154.84,-160.2,-325.04
-36.406,-85.545,-132.74
10.128,-110.57,-203.95
205.32,-177.81,-344.62
-20.93,-43.766,-148.29
-101.13,-61.166,-96.767
-89.976,-21.426,-106.16
83.13,-137.89,-260.95
232.88,-144.23,-337.86
91.121,-139.43,-258.75
171.26,-164.52,-338.87
140.4,-151.85,-321.58
147.1,-138.67,-334.32
29.728,-92.919,-178.1
-7.2796,-51.221,-154.4
-103.9,-46.204,-109.09
-40.778,-63.285,-176.27
-60.525,-78.491,-116.18
94.358,-126.88,-295.04
164,-119.01,-292.14
61.672,-85.47,-256.66
-89.083,-67.204,-107.83
-87.953,-68.306,-98.344
-55.576,-48.657,-88.751
-52.437,-77.478,-113.85
-53.176,-83.299,-130.38
-81.397,-57.447,-72.101
-44.643,-85.738,-133.76
61.816,-123.34,-222.35
-82.951,-70.574,-110.28
72.848,-83.158,-229.02
-110.56,-47.491,-99.917
91.999,-89.122,-247.95
-62.594,-59.221,-86.583
42.827,-70,-210.47
4.6741,-85.342,-155.18
88.612,-130.01,-288.14
149.75,-157.17,-324.62
-52.9,-81.721,-123.8
-78.903,-69.759,-125.73
121.77,-149.4,-301.41
61.79,-77.356,-236.01
147.03,-151.68,-328.83
216.53,-130.26,-355.33
37.7,-119.6,-236.54
121.51,-138.85,-313.8
72.162,-128.03,-232.42
100.6,-96.997,-245.16
-4.422,-65.115,-143.82
206.01,-161.29,-319.19
-69.765,-76.681,-121
-58.247,-32.276,-134.4
74.852,-93.299,-219.26
-66.614,-39.72,-76.662
116.19,-132.76,-311.59
-57.242,-74.621,-107.41
142.49,-107.23,-306.74
151.86,-158.35,-299.08
-50.829,-45.704,-157.25
83.76,-88.2,-235.77
-5.2101,-68.597,-142.32
225.31,-133.26,-345.54
-32.477,-63.575,-183.39
13.951,-92.373,-229.98
132.2,-110.13,-267.23
144.53,-116.36,-322.68
39.914,-79.55,-188.51
93.213,-140.63,-277.28
114.63,-113.9,-307.13
180.02,-162.49,-351.73
47.541,-75.682,-202.48
71.455,-133.32,-259.04
-27.909,-41.192,-151.95
-56.479,-46.505,-87.711
-0.90805,-105.1,-180.9
117.06,-144.65,-304.18
59.603,-121.11,-264.49
-59.382,-35.77,-140.44
185.97,-169.85,-347.78
53.036,-97.192,-261.76
127.25,-152.87,-296.45
196.83,-175.48,-344.69
50.523,-82.017,-248.2
-17.577,-88.933,-144.43
-37.879,-41.799,-114.81
-37.68,-44.168,-112.57
94.149,-123,-236.78
7.1969,-93.124,-223.46
3.9912,-68.372,-152.38
-49.958,-70.539,-167.38
197.54,-135.35,-311.61
76.474,-96.837,-219.31
126.49,-100.13,-286.53
-27.002,-93.682,-153.06
-60.297,-68.324,-96.909
85.088,-87.117,-261.64
149.46,-118.96,-327.21
121.15,-107.33,-258.09
-66.638,-62.689,-149.98
40.458,-75.229,-192.81
-18.203,-96.997,-160.45
-44.541,-87.131,-155.58
152.92,-161.27,-311.59
-10.347,-63.432,-198.7
113.24,-136.33,-256.86
159.33,-117.21,-289.08
-27.932,-57.952,-118.79
179.8,-162.73,-310.17
158.03,-159.34,-301.07
-22.063,-46.829,-134.61
107.96,-109.82,-301
132.18,-147.49,-317.66
-87.243,-67.908,-93.31
-29.762,-83.704,-185.93
134.64,-123.36,-264.16
54.648,-104.4,-201.51
-105.36,-26.175,-102.22
66.153,-102.93,-209.76
15.248,-108.26,-186.18
82.35,-98.432,-224.44
-25.715,-88.73,-141.12
71.142,-123.19,-275.17
60.941,-127.63,-257.2
108.01,-146.24,-285.01
-28.208,-40.988,-137.51
-69.204,-75.383,-132.94
139.87,-138.69,-271.64
161.03,-134.4,-283.48
32.235,-65.668,-205.16
80.456,-128.15,-234.91
61.012,-119.2,-267.36
95.05,-99.799,-236.49
147.9,-140.02,-334.8
146.14,-107.41,-290.27
-106.35,-35.139,-105.99
-43.179,-68.21,-174.91
-46.057,-45.91,-160.22
90.09,-131.55,-288.47
63.57,-124.38,-224.45
-44.884,-78.914,-169.53
-1.1617,-103.54,-175.46
57.667,-79.09,-212.37
-44.329,-45.668,-160.85
-26.786,-57.647,-183.47
147.94,-156.11,-324.22
-92.804,-22.454,-106.45
144.43,-109.76,-281.72
22.623,-106.02,-234.33
10.977,-68.353,-160.58
114.48,-144.94,-269.54
61.688,-80.928,-248.79
-17.679,-46.484,-144.59
-73.499,-24.881,-116.64
-46.172,-87.158,-146.53
217.54,-171.65,-332.63
-32.654,-76.428,-122.13
190.88,-168.34,-356.68
23.926,-74.026,-227.53
97.116,-142.66,-275.56
-4.2686,-80.655,-212.73
38.59,-116.72,-206.01
102.73,-131.27,-247.44
70.55,-122.28,-224.02
135.67,-154.04,-311.25
132.76,-152.05,-285.32
-16.598,-88.299,-144.06
-60.469,-64.783,-156.66
190.16,-121.1,-332.89
147.66,-156.82,-295.7
76.639,-108.16,-218.94
119.18,-145.18,-270.37
79.106,-83.44,-245.6
75.052,-113.91,-219.94
-25.216,-51.855,-177.82
188.85,-127.53,-309.29
67.286,-84.794,-217.66
153.2,-160.34,-304.92
69.729,-86.432,-218.9
11.459,-86.864,-227.32
-51.816,-29.951,-118.72
-53.693,-48.574,-157.91
192.42,-131.61,-356.02
197.74,-171.14,-326.87
57.641,-127.49,-251.6
167.08,-165.81,-320.8
69.847,-123.84,-225.61
44.557,-75.273,-235.75
22.513,-97.828,-237.47
169.2,-140.69,-289.82
-15.237,-72.103,-133.05
160.83,-162.99,-326.45
164.99,-113.47,-304.51
101.83,-118.93,-239.89
122.36,-133.08,-316.41
25.574,-63.673,-191.02
-19.326,-82.816,-136.56
42.752,-70.25,-220.31
-46.15,-76.011,-169.79
-1.4405,-68.503,-208.55
73.422,-84.025,-227.93
181.75,-129.63,-300.88
-20.293,-47.117,-169.88
120.82,-100.05,-267.76
174.39,-136.21,-293.01
190.39,-143.43,-304.25
-47.336,-85.531,-154.37
192.92,-122.87,-339.77
120.61,-148.21,-302.57
50.328,-109,-261.1
-51.285,-38.875,-97.012
89.75,-97.793,-232.24
122.86,-111.83,-309.6
140.63,-152.01,-321.65
107.6,-93.781,-264.63
77.915,-109.91,-282.94
126.19,-124.86,-318.62
0.75686,-106.91,-192.13
47.559,-88.721,-253.49
206.13,-136.97,-318.26
47.54,-71.679,-216.79
83.51,-126.47,-234.13
-6.942,-49.649,-168.13
5.4284,-108.76,-194.97
175.33,-161.88,-307.89
118.02,-123.95,-252.3
-62.617,-57.151,-154.37
-57.718,-57.906,-89.664
-54.921,-82.271,-146.21
93.732,-100.07,-234.98
74.611,-134.78,-258.9
118.93,-127.42,-253.99
-32.698,-68.652,-116.53
18.36,-96.457,-233.75
121.09,-146.77,-273.6
33.051,-78.494,-236.72
49.525,-98.272,-195.49
102.87,-140.97,-292.08
150,-108.26,-306.16
64.639,-127.48,-230.44
46.67,-87.833,-192.55
27.168,-114.81,-201.72
61.543,-121.87,-220.08
-6.4215,-87.321,-148.76
-18.07,-84.023,-199.35
-20.186,-45.448,-164.42
104.17,-100.3,-289.99
109.67,-147,-283.77
174.71,-132.12,-293.92
105.21,-143.07,-291.26
-68.274,-23.541,-110.7
-1.7843,-68.649,-145.94
44.234,-122.04,-242.09
172.53,-147.97,-352.03
-36.615,-44.044,-161.63
4.2802,-112.19,-228.03
-30.254,-69.093,-128.88
-43.324,-97.894,-181.01
111.35,-138.5,-252.44
81.355,-109.52,-271.61
115,-166.36,-306.12
170.35,-181.62,-310.41
193.58,-188.09,-325.15
-49.624,-95.944,-174.28
-17.885,-112.35,-154.47
133.97,-166.85,-280.65
69.311,-108.43,-267.67
177.02,-164.14,-360.27
-44.576,-102.72,-130.19
105.6,-162.37,-267.35
-90.736,-34.65,-90.958
147.51,-180.46,-312.79
-29.493,-74.905,-126.25
-48.789,-55.976,-146.69
-114.1,-70.526,-102.55
1.3693,-83.551,-160.33
-93.567,-66.989,-129.42
123.4,-160.94,-320.46
-57.086,-64.515,-95.969
33.033,-133.3,-203.23
-19.499,-118.52,-191.59
33.129,-91.178,-196.93
-51.7,-103.3,-163.51
157.38,-162.62,-288.44
-85.23,-74.618,-73.182
103.7,-142.69,-308.65
-84.719,-90.983,-121.89
154.22,-169.74,-342.83
-105.18,-82.048,-84.346
157.44,-179.14,-337.89
-102.28,-83.81,-92.931
108.32,-159.47,-263.24
36.327,-117.64,-191.53
-74.436,-44.083,-88.46
108.34,-153.36,-256.84
35.789,-118.74,-191.6
-56.826,-104.31,-144
116.36,-129.36,-309.26
186.21,-163.13,-306.74
-92.779,-68.041,-130.34
218.91,-151.24,-351.66
85.997,-107.24,-254.97
63.982,-104.85,-260.65
63.457,-111.22,-268.97
-47.083,-92.803,-178.37
45.895,-123.7,-264.09
29.293,-119.22,-187.3
-55.151,-50.6,-128
78.611,-141.39,-289.33
-16.799,-70.7,-182.12
186.27,-191.02,-330.22
7.8009,-95.548,-162.93
90.788,-109.83,-270.35
85.725,-134.85,-233.32
-102.56,-59.149,-118.79
173.01,-182.36,-351.02
122.11,-123.84,-303.24
61.754,-120.95,-274.83
132.25,-124.81,-304.78
-92.733,-87.649,-97.408
192.22,-149.77,-357.93
13.559,-129.48,-227.08
70.666,-152.01,-244.34
-8.8417,-117.35,-210.84
210.92,-163.52,-325.07
-85.123,-87.697,-93.106
39.603,-91.145,-227.97
-57.684,-49.434,-116.42
151.93,-132.81,-322.88
211.98,-177.73,-325.8
84.254,-151.84,-288.86
139.18,-134.49,-277.32
137.03,-139.5,-326.99
-8.9579,-75.959,-153.34
-59.41,-99.124,-157.04
-96.907,-85.344,-108.89
51.969,-129.35,-208.41
80.948,-140.15,-232.77
9.5076,-109.75,-167.8
-59.057,-64.944,-93.538
8.5745,-100.38,-229.29
142.42,-163.1,-280.74
158.85,-148.63,-343.77
26.58,-97.718,-238.11
-115.56,-64.53,-104.15
84.42,-118.97,-233.14
71.439,-150.85,-274.85
-30.02,-66.409,-132.34
101.53,-112.56,-269.81
70.97,-147.6,-278.38
140.01,-175.69,-296.75
159.07,-179.45,-339.34
165.66,-138.88,-335.77
192.17,-164.48,-369.59
53.051,-148.36,-246.61
-70.578,-82.083,-154.1
158.61,-183.23,-330.29
71.53,-117.15,-278.16
174.11,-140.61,-308.37
187.38,-187.7,-360.23
-14.965,-98.808,-143.25
-50.434,-53.26,-120.56
70.688,-123.08,-281.42
0.2519,-121.73,-218.48
180.37,-176.35,-308.3
-111.13,-70.418,-107.03
215.32,-191.03,-335.63
-110.18,-65.511,-110.59
114.75,-123.73,-261.39
-71.474,-89.042,-149.86
52.318,-130.72,-209.58
-59.906,-85.196,-165.52
-43.434,-64.742,-113.62
157.47,-131.68,-316.94
84.681,-117.07,-234.48
186.45,-190.01,-355.56
35.096,-115.07,-189.67
15.816,-91.742,-172.88
-10.695,-81.157,-201.75
54.846,-145.34,-261.18
146.52,-137.12,-328.61
135.15,-165.25,-279.34
53.013,-148.19,-248.49
-109.7,-80.184,-90.471
-36.984,-95.585,-188.77
-0.95082,-118.46,-169.75
-96.32,-85.437,-90.251
180.76,-172.09,-305.83
28.3,-86.464,-216.42
178.8,-177.59,-360
-12.825,-122.98,-186.73
16.631,-118.89,-238.71
-44.814,-55.162,-130.75
183.45,-140.17,-324.22
71.831,-105.6,-231.35
-33.317,-72.111,-122.7
-52.456,-55.998,-147.15
-68.411,-89.385,-153.84
-47.75,-75.036,-105.79
-85.493,-87.267,-92.044
41.13,-129.95,-259.03
25.5,-128.77,-194.15
4.3535,-78.13,-172.71
159.36,-142.55,-339.03
41.956,-107.67,-195.21
58.975,-97.724,-230.03
114.2,-155.78,-261.62
102.5,-165.63,-281.06
93.474,-123.89,-294.33
-6.9651,-72.907,-186
-52.244,-87.881,-107.9
98.985,-112.07,-262.88
175.17,-150.7,-352.87
-53.983,-97.391,-118.21
-35.243,-59.609,-139.01
-100.69,-59.301,-120.66
159.22,-170.52,-294.22
-31.339,-61.368,-155.48
51.96,-100.99,-210.29
48.884,-124.56,-266.52
52.681,-130.42,-209.58
92.976,-109.72,-266.52
17.399,-90.086,-175.95
-17.576,-114.26,-157.7
-16.72,-111.73,-154.02
-13.073,-99.014,-144.85
-3.72,-118.97,-216.02
188.9,-189.81,-327.18
183.54,-144.47,-313.76
-13.768,-98.46,-211.03
109.82,-136.26,-251.23
150.53,-177.68,-300.83
73.833,-154.84,-269.24
64.94,-111.32,-217.18
-34.64,-67.61,-173.12
125.12,-158.76,-322.96
42.802,-127.33,-261.28
114.52,-121.7,-263.67
118.53,-159.29,-266.72
-2.0452,-124.64,-181.58
80.099,-107.59,-267.06
107.48,-120.73,-295.64
116.28,-170.05,-288.76
145.98,-173.42,-332.41
-79.035,-42.373,-82.438
48.484,-126.41,-204.37
204.77,-180.48,-322.92
92.571,-161.39,-267.19
20.798,-135.32,-208.34
108.37,-115.22,-280.09
44.914,-108.94,-257.66
214.5,-167.46,-326.83
220.45,-165.71,-332.05
8.5251,-89.07,-165.66
-18.192,-86.004,-202
17.321,-89.92,-224.68
189.61,-157.59,-364.61
159.82,-132.62,-319.64
184.52,-188.75,-324.84
184.09,-141.43,-340.66
4.6274,-108.1,-228.45
-27.281,-71.039,-131.43
34.144,-140.57,-236.78
-52.706,-88.516,-172.94
0.78428,-82.81,-208.59
97.316,-161.11,-264.57
131.3,-125.86,-278.73
86.792,-108.17,-266.01
28.567,-136.35,-208.63
11.893,-103.91,-233.31
-113.67,-69.392,-104.1
221.22,-152.35,-350.59
-34.057,-82.049,-188.15
220.75,-154.52,-343.02
-40.106,-60.327,-124.42
-54.77,-89.738,-170.47
-20.738,-89.863,-202.43
124.39,-172.91,-300.57
154.82,-133.76,-295.64
-21.408,-118.93,-171.95
131.18,-148.99,-328.08
34.615,-140.37,-238.65
-59.33,-53.728,-141.59
-54.931,-98.124,-165.52
144.44,-128.5,-312.48
35.594,-123.19,-194.01
-27.649,-109.76,-147.17
-78.23,-74.806,-146.18
46.671,-134.04,-209.52
-65.727,-99.568,-141.99
86.565,-121.51,-289.08
153.32,-175.4,-337.95
-59.262,-49.242,-127.2
122.48,-151,-263.02
152.8,-132.6,-295.15
98.676,-147.18,-247.32
45.459,-100.62,-249.29
53.223,-143.81,-225.73
-84.873,-66.084,-137.92
111.39,-132.32,-309.43
154.28,-135.67,-328.59
-42.942,-56.789,-146.21
94.45,-113.9,-281.38
144.49,-133.47,-323.23
176.15,-137.89,-331.03
182.98,-179.28,-311.82
-24.17,-64.577,-163.66
178.46,-180.19,-310.94
22.286,-90.092,-226.44
-50.1,-106.1,-139.7
-97.574,-81.935,-116.14
75.976,-103.72,-246.21
127.17,-121.26,-289.4
3.3528,-109,-162.92
36.299,-128.98,-199.24
-99.63,-57.411,-120.96
71.648,-153.98,-250.39
15.239,-110.29,-172.38
-51.451,-60.286,-155.68
-102.17,-45.999,-111.24
92.605,-159.81,-261.81
57.457,-106.52,-261.25
58.041,-98.895,-223.17
21.706,-136.6,-221.02
209.22,-148.18,-351.57
-62.91,-64.826,-89.116
30.49,-99.854,-242.18
80.489,-137.97,-291.39
102.15,-155.67,-303.98
71.503,-112.6,-273.81
-74.685,-96.044,-118.63
-73.041,-44.244,-91.249
132.85,-126.51,-279.65
38,-103.52,-192.31
24.175,-136.89,-227.82
146.54,-129.65,-315.48
46.467,-118.25,-263.5
-52.284,-51.778,-129.83
1.0716,-128.6,-199.57
113.53,-139.51,-254.12
163.54,-176.51,-301.76
154.04,-130.36,-305.29
-111.94,-45.833,-103.94
-9.237,-124.24,-186.11
-0.85975,-73.833,-179.7
-29.712,-63.392,-139.01
-68.724,-95.241,-111.34
-65.438,-63.536,-152.2
224.13,-156.03,-344.57
-14.848,-78.237,-196.18
3.1606,-126.73,-186.44
-108.81,-80.621,-91.149
122.19,-120.95,-276.48
43.017,-91.323,-221.15
212.04,-184.14,-328.76
33.726,-126.33,-253.15
23.505,-105.69,-177.97
88.941,-151.52,-246.78
41.815,-101.23,-248.76
213.91,-183.78,-329.5
105.55,-165.12,-294.92
-69.576,-95.624,-144.55
83.537,-112.52,-277.45
112.34,-36.071,-270.81
167.2,-36.749,-269.67
-16.189,31.891,-170.42
28.974,8.3243,-160.08
82.701,21.404,-248.88
-12.603,65.67,-144.58
115.39,15.554,-242.51
-42.578,36.767,-83.538
-19.295,25.908,-163.65
160.91,-9.7089,-306.93
238.8,-60.68,-320.36
182.45,-52.322,-286.27
174.69,-64.412,-307.68
260.86,-54.626,-343.08
172.06,-34.203,-331.72
-9.2257,21.591,-123.28
20.077,45.325,-139.38
-35.026,36.771,-150.1
161.85,-57.23,-312.38
159.42,-57.728,-302.5
13.406,5.1438,-166.65
70.921,1.7289,-253.65
235.79,-88.774,-339.94
249.91,-50.701,-333.99
-19.679,50.909,-94.538
253.73,-88.867,-341.41
-35.968,24.632,-133.15
45.763,-0.73957,-226.48
71.305,-16.491,-242.22
16.187,19.142,-202.76
65.478,36.521,-215.42
5.1986,32.797,-122.98
17.334,42.555,-134.64
20.327,9.4537,-154.85
-54.822,67.889,-121.96
-63.572,53.297,-120.55
129.19,-33.795,-298.53
8.2799,59.215,-160.15
43.209,-6.8567,-196.19
53.773,-0.55516,-182.79
31.802,18.775,-152.08
-72.423,60.434,-110.58
-45.572,80.361,-93.104
9.0818,39.193,-125.14
225.42,-62.918,-312.49
142.16,-49.597,-292.69
30.743,30.304,-147.36
123.18,-18.345,-235.27
162.47,-42.821,-325.83
6.4493,47.034,-183.85
166.29,-58.338,-292.6
90.032,-25.951,-236.32
246.34,-60.848,-325.89
238.85,-55.946,-320.71
139.09,-8.3931,-246.44
264.54,-60.444,-342.08
-3.2066,32.107,-116.23
85.912,-8.3025,-206.94
106.33,-22.464,-281.24
204.7,-77.53,-341.39
23.997,14.581,-209.88
143.19,-29.276,-311.85
188.92,-54.094,-345.27
135.6,-34.922,-304.35
79.801,0.61518,-197.31
4.2445,16.013,-138
95.509,22.946,-246.1
-20.819,67.11,-103.2
-49.429,41.646,-73.195
3.3868,23.201,-189.92
-30.358,57.106,-149.67
231.31,-90.406,-348.79
191.08,-49.455,-288.43
120.35,-35.832,-252.44
67.288,33.915,-223.67
211.47,-27.054,-318.26
-64.401,60.196,-118.58
62.568,38.621,-204.67
105.03,-25.254,-278.05
217.5,-74.994,-318.4
245.61,-88.047,-338.78
139.73,-47.535,-294.91
121.96,-7.3484,-231.55
249.85,-64.934,-328.29
160.04,-39.534,-267.41
131.62,-41.41,-262.74
110.82,4.7803,-277.64
24.936,53.626,-169.34
62.91,32.603,-185.52
99.941,-23.958,-230.11
26.867,52.898,-169.72
152.56,-28.659,-257.8
239.45,-94.301,-356.14
41.183,-6.3949,-196.88
217.16,-83.93,-338.82
163.17,-53.074,-321.02
208.37,-29.49,-306.55
-15.379,63.648,-106.82
-24.291,22.31,-151.27
122.58,-29.622,-243.61
197.77,-61.68,-350.75
102.98,20.953,-247.87
-40.277,28.146,-133.93
27.182,0.95873,-174.77
40.364,-6.2151,-197.81
32.926,20.971,-151.8
30.71,25.7,-148.13
128.99,-5.1102,-293.73
116.92,-14.747,-291.35
50.189,43.203,-198.41
229.75,-45.242,-316.54
244.05,-89.89,-341.18
239.14,-89.726,-341.19
123.95,-41.683,-269.96
164.99,-46.694,-326.94
186.77,-30.238,-283.16
194.78,-69.36,-309.23
-1.0245,17.761,-133.01
189.91,-20.63,-324.27
112.54,-13.826,-288.03
18.265,49.224,-140.24
140.19,-49.066,-287.79
182.47,-67.855,-322.92
26.8,11.447,-211.75
120.01,-3.1476,-288.23
211.02,-68.206,-360.12
222,-75.877,-320.25
28.037,24.44,-213.81
167.02,-52.4,-325.94
-6.3013,13.803,-141.93
95.246,-23.412,-228.53
152.47,-20.835,-256.24
92.504,-17.707,-269.28
131.36,-3.6359,-293.33
121.04,11.618,-242.79
208.25,-27.172,-310.53
126.37,8.4022,-274.92
130.18,4.7898,-281.96
193.57,-28.818,-290.1
68.638,-16.636,-216.38
246.02,-82.086,-332.92
58.591,9.7661,-177.3
124.71,-3.3227,-290.47
108.28,-12.288,-222.93
178.63,-11.647,-297.94
62.44,23.377,-238.23
155.09,-52.191,-311.45
46.548,37.88,-213.9
139.32,5.9338,-267.43
41.55,14.451,-227.27
66.723,16.271,-182.41
129.86,8.1479,-274.26
48.808,42.349,-203.72
132.99,-18.718,-241.78
212.33,-34.38,-306.01
7.3226,56.385,-132.92
160.04,-10.227,-267.33
-29.728,73.956,-104.13
207.72,-54.766,-358.65
187.09,-26.1,-285.16
75.081,-14.828,-250.67
111.57,0.57717,-281.48
169.81,-62.449,-310.17
148.13,-35.391,-315.33
31.999,-2.9226,-191.58
1.7237,25.245,-125.25
-2.8758,14.69,-174.46
116.59,-37.088,-277.33
130.76,-6.252,-295.4
-12.408,58.256,-105.65
-64.322,34.208,-96.718
62.036,1.914,-245.63
88.721,-26.329,-247.93
146.9,-26.856,-314.17
42.807,45,-174.36
-41.528,25.579,-114.9
60.643,38.344,-193.27
213.87,-55.82,-303.53
167.81,-18.527,-270
39.479,31.445,-218.26
183.76,-53.049,-287.35
-24.911,70.715,-130.12
96.716,20.71,-251.73
78.211,2.8746,-259.43
87.843,24.982,-212.55
217.41,-84.305,-343.1
85.752,28.845,-229.04
140.03,-16.755,-306.57
-45.116,79.586,-86.91
223.62,-78.605,-323.81
131.04,9.6235,-261.81
-15.899,16.005,-140.62
124.32,-21.367,-237.57
-69.966,58.031,-113.48
29.124,48.832,-156.88
233.89,-37.284,-334.8
177.07,-48.408,-281.15
94.896,-15.305,-217.74
-6.1802,48.447,-109.22
26.187,-0.24025,-181.43
-62.334,59.539,-120.79
226.73,-49.857,-366.05
-10.04,15.585,-163.01
209.68,-78.156,-349.4
-30.951,21.69,-131.99
-5.5835,65.2,-132.26
192.95,-18.325,-306.48
4.4139,21.371,-130.91
157.03,-42.783,-268.74
103.15,-0.6895,-277.7
49.784,43.524,-196.78
83.69,-7.1354,-204.76
184.89,-64.702,-334.9
147.46,1.5651,-268.67
52.775,41.331,-185.07
-57.861,38.953,-121.33
108.42,11.216,-224.25
85.159,25.006,-243.13
160.23,-50.835,-278.88
168.91,-7.2676,-290.43
-67.371,40.51,-108.61
-26.914,59.044,-87.573
49.774,24.965,-166.19
173.3,-13.585,-313.08
123.76,-41.772,-273.01
41.314,45.827,-173.67
-51.041,49.545,-134.1
219.79,-77.651,-363.28
207.17,-44.275,-354.3
-24.896,22.896,-116
1.0961,52.469,-174.49
236.23,-37.988,-340.05
158.88,-26.761,-261.52
177.66,-44.466,-278.98
71.516,34.62,-207.06
-28.66,21.875,-140.91
229.5,-81.307,-370.92
33.98,46.922,-161.73
256.08,-48.428,-346.91
58.164,-3.1674,-187.97
8.5842,6.3909,-171.2
124.48,-25.695,-297.16
194,-67.494,-343.13
40.194,17.064,-159.52
-31.308,34.025,-93.916
127.24,-5.3692,-236.24
177.25,-42.793,-277.94
24.088,22.48,-143.93
182.94,-17.308,-318.85
82.383,25.186,-242.71
-76.763,50.815,-104.43
67.777,-15.982,-214.48
226.74,-88.282,-354.24
132.78,-22.671,-303.79
244.47,-41.976,-343.57
37.327,42.592,-160.4
228.58,-58.75,-313.28
87.798,18.365,-204.91
106.31,-17.138,-224.92
52.957,-1.1387,-183.17
-27.357,71.304,-128.64
140.06,-3.0315,-295
76.585,10.052,-255.74
-37.714,57.219,-143.84
-19.238,51.026,-162.77
-54.632,45.685,-129.64
5.3832,31.362,-192.27
-18.401,39.454,-99.045
126.53,-27.18,-242.82
60.542,33.851,-183.63
-13.737,59.299,-157.65
115.93,-30.27,-286.55
-4.15,22.987,-123.92
46.211,13.515,-166.03
-35.659,35.469,-148.75
196.94,-48.05,-350.51
-44.554,31.878,-90.898
238.35,-57.078,-320.16
145.88,2.4551,-268.28
109.14,15.708,-230.69
196.74,-57.457,-295.79
162.06,-23.053,-321.09
-47.147,27.855,-106.31
-29.109,23.647,-113.83
74.529,-17.838,-217.47
113.07,16.453,-240.14
103.15,4.3872,-274.54
118.46,-16.831,-231.62
182.3,-13.276,-301.8
172.59,-29.861,-330.05
175.63,-11.172,-289.84
125.96,-32.423,-296
56.889,37.659,-183.81
91.527,-3.728,-207.61
-16.161,32.192,-170.52
161.64,-53.213,-318.99
33.119,18.31,-153.37
9.9097,55.551,-135.88
85.502,22.715,-205.76
173.93,-9.492,-295.23
192.5,-28.112,-289.43
230.8,-40.411,-321.94
122.37,-19.332,-235.29
114.19,-0.81609,-225.13
185.22,-68.28,-328.39
21.65,52.851,-151.91
218.15,-51.688,-305.51
36.563,-3.9235,-205.19
131.61,-12.958,-267.19
-68.202,23.753,-91.878
203.39,-57.042,-369.35
54.708,18.387,-243.11
-15.83,40.375,-124.47
249.8,-71.183,-350.81
80.645,-21.315,-223.02
109.29,-33.365,-306.03
98.106,5.5946,-247.03
-37.197,60.296,-118.2
-59.676,16.456,-118.07
79.462,-39.286,-258.47
67.445,-33.897,-243.22
15.011,40.671,-174.13
182.91,-82.305,-351.06
214.94,-65.468,-322.74
146.91,-67.509,-300.54
47.796,-18.101,-204.57
-8.619,38.258,-190.41
-13.244,23.161,-127.93
49.475,17.862,-242.36
-34.007,46.179,-166.39
189.16,-45.649,-305.76
179.62,-29.214,-318.48
162.27,-38.727,-340.01
139.45,-14.557,-276.06
120.13,-13.614,-253.25
109.12,-26.233,-243.47
171.03,-29.547,-298.91
-6.3013,34.886,-195.38
-44.694,37.247,-93.257
215.88,-68.655,-323.52
159.16,-31.372,-283.7
78.629,-22.021,-222.43
12,-11.274,-197.88
108.34,-25.793,-242.78
83.494,-31.723,-234.64
-67.533,69.824,-111.09
-44.653,64.008,-117.45
118.66,-25.815,-311.12
30.593,11.595,-170.8
68.795,-32.893,-259.72
212.09,-81.66,-381.53
-56.338,62.846,-130.3
91.089,-44.194,-264.6
-67.489,25.818,-134.61
-10.341,46.327,-176.95
55.298,17.826,-199.4
156.32,-25.41,-284.86
97.61,-22.352,-296.46
113.19,-45.312,-305.36
208.33,-69.252,-318.79
14.656,-4.0317,-171.63
73.797,-26.313,-274.88
169.44,-67.112,-349.4
-26.051,3.6421,-159.91
25.972,-9.0882,-230.58
212.84,-96.749,-371.32
7.8525,35.434,-151.74
-84.14,38.658,-121.48
-56.592,68.392,-109.29
96.306,-41.802,-288.1
247.82,-86.086,-346.92
102.12,-47.652,-286.35
186.24,-72.632,-362.31
158.9,-55.173,-343.35
173.46,-42.834,-347.44
42.423,-14.9,-198.03
18.803,25.637,-159.7
-77.366,56.68,-125.03
-8.9086,40.757,-187.08
-49.378,13.822,-143.85
120.19,-24.661,-311.45
183.58,-52.4,-299.93
96.02,7.6816,-260.2
-72.635,32.731,-133.17
-74.798,27.499,-125.39
-41.66,23.819,-105.02
-42.552,9.8759,-140.74
-40.632,12.336,-158
-72.502,22.331,-96.794
-33.073,7.7762,-161.5
71.915,-35.97,-249.01
-67.81,28.194,-136.5
98.746,-6.9266,-234.25
-86.351,55.092,-118.19
118.8,-12.959,-252.2
-52.454,17.953,-108.85
71.961,10.012,-213.9
16.638,-6.4377,-176.26
111.96,-27.202,-307.41
165.99,-62.512,-347.91
-41.693,10.783,-151.49
-59.481,33.175,-149.21
137.62,-52.643,-326.01
93.231,5.6483,-238.28
166.9,-55.221,-349.07
243.77,-60.377,-356.43
56.221,-15.955,-261.27
144.96,-39.234,-331.61
82.152,-40.437,-259.29
122.58,-24.307,-253.01
13.006,9.1155,-157.13
212.35,-94.39,-341.08
-55.428,21.535,-147.83
-24.633,56.379,-136.79
93.853,-19.772,-230.61
-51.478,31.134,-90.954
141.95,-32.847,-327.09
-47.558,11.771,-134.09
173.33,-27.137,-308.4
160.02,-74.751,-326.17
-16.591,51.59,-162.67
108.38,-13.288,-241.78
10.563,6.1471,-157.6
247.53,-70.817,-348.76
0.33937,39.507,-192.79
43.735,13.918,-243.95
151.78,-40.545,-276.29
176.27,-28.822,-326.57
59.446,-4.9884,-199.75
108.85,-42.09,-302.87
146.42,-19.114,-314.07
198.43,-69.961,-371.83
71.65,0.10627,-209.41
87.215,-33.496,-285.05
3.7457,42.215,-154.17
-41.94,25.512,-103.13
11.678,-8.9263,-208.7
136.08,-45.583,-326.43
82.982,-16.142,-284.65
-25.209,56.612,-143.84
199.74,-80.124,-371.58
85.465,4.6088,-271.02
139.7,-59.951,-323.01
206.27,-90.895,-370.86
85.077,12.213,-251.98
-7.3962,-3.1426,-170.33
-15.977,31.412,-122.97
-17.345,28.555,-122.17
104.65,-45.07,-258.99
35.626,13.865,-239.16
21.647,6.0668,-165.55
-22.292,35.791,-183.6
212.52,-73.118,-322.39
93.956,-23.291,-232.28
156.11,-22.219,-288.55
-14.988,1.0523,-180.85
-50.895,13.904,-122.11
117.43,-2.6037,-263.61
180.93,-31.35,-331.42
140.49,-36.85,-267.8
-39.019,42.756,-165.87
62.801,-0.11431,-201.32
-6.3723,-2.701,-188.24
-27.212,15.453,-181.11
163.46,-72.487,-338.39
24.279,35.405,-204.38
122.2,-56.384,-281.56
179.27,-50.027,-296.73
-12.189,15.671,-133.62
186.15,-86.836,-335.89
165.65,-77.619,-327.93
1.749,28.036,-141.46
140.32,-15.259,-307.24
152.19,-49.47,-338.41
-75.477,25.443,-120.77
-4.152,23.464,-204.68
148.03,-53.318,-279.94
66.758,-26.161,-222.15
-73.059,70.306,-109.33
79.816,-27.08,-227.74
26.219,-16.863,-213.64
100,-25.229,-237.08
-15.431,-0.49353,-167.96
95.426,-18.886,-294.09
79.586,-24.837,-281.43
121.98,-50.322,-311.25
-0.60946,36.68,-141.56
-50.996,27.116,-157.51
149,-64.782,-293.58
172.65,-66.581,-300.19
62.749,16.244,-207.94
90.121,-43.423,-260.9
85.775,-14.142,-286.11
114.13,-27.404,-247.27
173.79,-44.065,-348.46
171.72,-35.654,-293.93
-76.225,65.259,-117.08
-13.276,37.472,-188.49
-11.613,50.388,-165
112.77,-28.97,-308.35
73.672,-36.76,-251.22
-20.377,27.701,-189.21
10.476,-9.7784,-203.23
82.124,-3.3284,-218.92
-9.8195,50.02,-165.31
7.611,41.517,-189.53
164.69,-60.987,-347.18
-59.384,69.032,-110.25
166.86,-40.155,-287.79
47.457,0.89222,-253.79
30.165,6.111,-172.14
123.69,-58.603,-296.7
95.479,8.0567,-251.13
8.6152,30.277,-149.63
-40.38,62.172,-118.87
-31.268,12.542,-173.39
222.45,-102.5,-356.99
-22.365,4.7464,-145.95
207.21,-77.649,-378.2
58.74,22.634,-232.08
111.02,-46.214,-302.09
27.16,24.703,-224.56
49.274,-26.459,-233.29
112.15,-51.283,-271.68
80.486,-38.56,-249.3
150.93,-58.843,-335.81
141.64,-66.396,-312.54
-6.4024,-3.2542,-169.63
-32.457,40.912,-172.24
217.57,-49.861,-334.4
155.93,-72.945,-322.8
89.712,-32.403,-237.51
127.98,-60.658,-297.19
108.93,-3.3883,-248.32
86.43,-35.762,-241.31
9.5489,43.037,-181.66
207.16,-63.83,-317.17
89.954,-10.188,-225.61
162.14,-74.58,-332.12
91.842,-12.119,-227.31
42.858,18.336,-239.12
-22.626,48.841,-121.57
-20.003,50.953,-164.87
222.26,-49.826,-359.47
203.57,-95.124,-353.2
75.121,-25.438,-276.75
176.86,-78.981,-347.57
79.731,-38.82,-251.49
78.786,15.277,-238.3
51.364,8.6381,-252.5
179.29,-72.793,-308.18
-2.2563,4.3661,-152.02
174.07,-71.552,-351.55
190.12,-43.518,-307.87
113.84,-44.229,-259.12
148.64,-34.049,-330.98
53.562,15.224,-195.18
-8.8913,-0.69924,-160.63
74.642,13.828,-222.57
-20.317,30.679,-188.1
33.037,31.219,-214.76
98.607,-8.3187,-233.69
197.7,-65.546,-311.43
13.378,41.231,-172.08
145.73,-27.072,-272.63
186.47,-70.422,-308.37
201.05,-79.064,-320.49
-29.414,17.533,-179.48
221.31,-49.769,-341.03
137.38,-50.694,-326.53
78.424,-3.6537,-276.44
-31.801,32.816,-107.07
109.01,-25.054,-242.99
155.15,-20.359,-314.59
159.07,-55.377,-343.47
135.57,-17.207,-267.82
108.65,-8.5078,-293.82
155.76,-28.505,-328.57
15.703,-6.5862,-219.21
81.463,10.486,-260.09
221.38,-75.736,-328.32
77.294,9.031,-219.86
93.215,-43.859,-259.17
23.659,32.262,-170.82
19.933,-9.0834,-222.25
181.88,-84.993,-333.82
129.77,-50.762,-271.17
-32.121,46.985,-166.66
-46.778,17.938,-110.52
-37.208,20.36,-171.36
112.44,-27.604,-246.19
89.397,-36.185,-285.41
129.74,-53.223,-274.27
-21.081,8.6016,-137.27
47.155,10.161,-248.9
129.99,-61.498,-300.64
67.728,18.551,-241.57
62.833,-21.376,-214.29
121.49,-40.917,-315.17
179.38,-31.717,-307.85
75.171,-37.27,-257.85
63.422,-13.031,-206.82
38.714,-21.325,-229.47
71.579,-35.601,-246.35
4.2747,-5.3725,-172.47
9.8845,23.141,-215.62
12.527,40.284,-166.51
137.41,-10.459,-293.28
122.8,-52.198,-310.42
188.56,-66.999,-307.12
122.52,-43.991,-315.32
-36.992,58.365,-112.67
14.603,5.9619,-160.52
62.646,-18.7,-266.8
197.42,-54.917,-365.51
-2.1965,47.98,-164.61
27.172,2.1297,-252.71
-15.531,12.101,-148.03
-22.868,16.717,-208.38
118.44,-58.982,-278.92
108.55,-14.398,-283.54
126.61,-60.86,-338.93
170.76,-97.126,-346.08
193,-107.17,-360.34
-29.617,18.486,-202.04
-13.623,-17.31,-190.57
135.76,-80.457,-315.67
97.232,-9.4768,-280.47
197.63,-66.388,-380.27
-40.467,-7.02,-166.74
108.66,-68.985,-304.02
-66.649,52.23,-102.65
151.79,-84.514,-349.25
-17.818,6.1217,-148.55
-21.732,38.302,-158.4
-97.422,39.748,-132.05
15.894,-1.399,-180.09
-70.265,43.732,-152.13
140.19,-54.762,-348.1
-46.902,15.004,-119.19
37.315,-37.98,-239.44
-6.6605,-6.3921,-225.94
51.511,-7.5186,-213.27
-37.332,9.3408,-196.47
160.2,-84.992,-318.63
-82.055,11.097,-106.45
126.36,-35.958,-330.33
-73.731,17.704,-156.73
170.43,-67.114,-369.56
-99.188,19.157,-121.26
168.28,-78.002,-369.66
-94.83,19.884,-129.36
110.96,-69.646,-298.82
42.756,-31.97,-221.34
-56.602,36.156,-103.91
111.44,-67.45,-290.27
41.889,-32.547,-221.98
-47.859,3.0656,-180.4
142.7,-31.205,-323.39
190.64,-91.552,-332.64
-69.705,42.908,-153.38
236.87,-79.437,-363.38
108.69,-21.52,-267.64
91.872,-6.9995,-273.01
91.406,-8.3825,-283.4
-25.01,21.413,-203.87
69.83,-11.894,-286.59
34.749,-31.615,-218.96
-30.688,37.959,-140.01
99.201,-30.954,-314.78
11.066,26.032,-194.03
186.93,-103.97,-366.71
17.764,-12.786,-187.77
116.37,-19.581,-281.9
91.762,-51.8,-262.43
-78.281,49.818,-139.71
184.54,-82.539,-381.48
148.11,-32.01,-315.03
87.921,-12.848,-293.39
157.11,-36.911,-316.09
-86.589,14.191,-134.43
215.77,-63.205,-370.06
28.516,-16.189,-259.69
75.206,-53.736,-281.54
8.7162,-2.6989,-241.29
217.52,-96.067,-346.92
-81.156,8.8369,-130.16
66.179,2.0077,-239.71
-35.819,35.384,-129.58
176.62,-45.119,-334.28
213.29,-107.42,-354.46
100.08,-41.993,-319.08
151.62,-58.865,-296.5
162.17,-41.707,-342.23
7.6665,6.5904,-171.06
-44.403,13.624,-189.37
-86.073,22.602,-143.57
56.962,-41.682,-240.59
85.395,-53.941,-264.91
15.303,-22.757,-198.85
-49.499,14.611,-117.44
35.78,9.8859,-247.68
144.63,-81.45,-313.28
182.76,-52.347,-359.67
55.167,7.0707,-252.7
-95.977,45.784,-130.6
96.569,-38.798,-254.56
85.135,-40.857,-307.39
-13.311,15.494,-149.69
124.63,-26.995,-281.99
86.972,-36.656,-308.89
142.37,-83.731,-333.54
170.02,-78.426,-370.95
190.12,-51.134,-347.44
213.52,-70.014,-387.41
61.748,-41.675,-283
-48.628,31.059,-179.27
165.56,-84.838,-364.98
98.916,-13.119,-293.69
188.99,-67.543,-323.88
197.83,-89.762,-391.04
-9.1723,-12.593,-173.97
-29.694,30.647,-134.51
96.874,-16.059,-299.5
17.259,-7.33,-249.4
180.96,-98.552,-340.92
-93.472,40.248,-135.67
214.04,-115.46,-369.27
-89.76,45.09,-136.28
129.6,-45.378,-279.19
-53.273,24.304,-179.07
57.084,-42.455,-242.25
-37.122,28.214,-189.92
-29.883,15.543,-133.62
180.2,-49.249,-328.16
97.903,-36.892,-254.78
194.78,-93.026,-388.2
42.108,-30.128,-218.56
29.127,-9.5437,-193.95
18.147,22.891,-215.75
68.678,-34.257,-294.03
171.89,-43.647,-341.77
137.02,-80.289,-313.66
62.323,-40.764,-284.56
-100.69,25.219,-125.99
-14.18,18.682,-213.51
3.3687,-23.895,-205.59
-90.974,14.72,-127.39
182.2,-96.389,-336.65
54.675,6.3285,-228.23
194.04,-77.888,-386.51
-3.8771,-14.988,-223.42
38.581,-4.6257,-264.36
-22.529,30.63,-143.88
201.95,-65.179,-336.73
90.033,-23.119,-247.37
-21.151,8.6737,-144.37
-24.831,40.196,-159.09
-49.561,24.203,-182.46
-39.833,6.3294,-132.2
-81.625,8.9197,-129.05
61.814,-16.604,-285.62
29.78,-34.554,-229.88
24.143,6.4543,-187.95
184.13,-49.733,-352.53
52.54,-25.308,-219.23
81.325,-11.428,-243.3
117.06,-70.175,-295.17
108.65,-64.543,-317.74
120.34,-22.188,-309.42
20.003,21.248,-197.76
-48.035,-0.78338,-140.67
120.57,-28.216,-275.92
198.95,-57.968,-367.38
-50.185,-3.2616,-154.41
-13.408,25.98,-152.52
-76.154,49.572,-141.27
160.5,-89.728,-327.39
-5.8853,29.421,-167.39
68.221,-18.668,-228.29
72.836,-12.99,-288.9
57.518,-42.388,-242.08
117.23,-22.076,-278.36
32.033,-7.7475,-195.68
-13.141,-17.648,-194.29
-12.498,-17.559,-189.79
-7.1247,-12.998,-175.32
14.1,-4.2911,-246.2
188.82,-105.49,-363.29
197.38,-72.821,-329.76
11.582,14.513,-232.54
117.59,-56.998,-276.89
152.05,-88.582,-337.28
84.112,-47.378,-304.3
77.718,-30.095,-238.39
-6.0547,33.207,-186.02
143.25,-52.854,-349.07
64.924,-14.427,-286.17
130.83,-42.76,-280.19
121.01,-72.9,-301.01
3.484,-23.448,-218.97
106.86,-14.132,-278.73
134.23,-25.764,-307.97
121.33,-71.383,-325.58
158.78,-70.339,-362.93
-61.738,37.226,-98.186
53.843,-39.37,-235.9
205.07,-107.35,-353.84
97.524,-62.155,-304.36
27.264,-31.749,-245.76
132.61,-28.139,-291.71
72.692,-2.4526,-273.83
219.69,-100.13,-350.11
227.09,-99.448,-353.35
21.64,-6.938,-186.9
9.7946,22.716,-218.91
46.096,12.114,-237.9
212.44,-65.419,-379.89
182.69,-49.998,-330.79
184.69,-103.55,-361.06
206.78,-59.819,-351.57
29.143,5.34,-251.03
-12.917,10.205,-150.97
45.226,-30.649,-272.04
-29.905,25.222,-197.46
29.593,18.962,-221.65
101.05,-65.223,-301.6
148.35,-47.823,-294.07
112.23,-18.156,-277.62
33.793,-36.089,-245.95
38.52,7.173,-252.66
-96.167,41.065,-132.81
238.18,-81.833,-362.82
-6.6642,27.676,-206.11
234.75,-86.371,-357.35
-22.168,21.807,-140.57
-32.894,24.236,-196.07
6.2185,21.057,-221.36
130.79,-72.662,-336.64
170.93,-58.24,-310.89
-14.163,-13.752,-209.24
153.75,-45.962,-348.27
46.259,-29.953,-273.53
-31.625,42.959,-153.65
-37.637,15.731,-195.9
168.66,-42.422,-323.68
40.727,-34.981,-226.27
-23.34,-13.64,-183.69
-54.893,37.164,-169.38
50.846,-42.426,-244.24
-54.472,10.163,-176.99
113.64,-19.193,-304.21
166.09,-73.108,-368.18
-34.021,40.634,-138.95
126.56,-69.747,-293.42
169.46,-56.585,-310.04
102.53,-61.912,-279.68
73.903,0.43807,-262.44
57.594,-46.622,-262.63
-59.824,43.789,-158.41
137.27,-31.117,-325.35
179.25,-46.165,-340.47
-17.034,34.723,-157.96
121.23,-20.04,-293.2
169.93,-42.004,-335.45
198.35,-57.204,-342.06
183.16,-100.66,-345.22
1.5705,26.842,-175.55
178.58,-99.594,-345.23
50.904,10.355,-239.14
-43.858,-3.2307,-177.05
-83.277,28.522,-148.24
98.682,-17.582,-259.04
149.54,-37.96,-301.37
8.7612,-21.253,-194.7
40.669,-37.737,-233.61
-74.419,50.678,-140.52
77.074,-53.293,-287.67
21.458,-24.033,-202.66
-23.105,39.808,-168.52
-75.14,56.898,-126.67
96.597,-63.105,-298.9
85.678,-4.9933,-274.84
78.081,-14.678,-238
31.241,-28.052,-257.33
229.48,-72.518,-362.51
-54.12,14.728,-113.82
58.975,5.2036,-257
102.74,-28.319,-314.74
118.73,-47.304,-332.77
99.357,-11.295,-287.69
-67.762,7.6977,-155.64
-54.63,36.501,-106.31
149.74,-48.687,-295.07
49.793,-21.362,-214.97
35.262,-26.698,-263.19
170.94,-43.107,-326.7
72.224,-8.1257,-283.36
-28.084,36.427,-141.97
9.9246,-20.744,-236.3
120.46,-60.12,-280.72
164.21,-93.414,-336.56
174.32,-51.302,-317.65
-85.78,58.671,-120.97
-1.3806,-17.919,-223.23
23.201,15.102,-192.29
-9.9733,20.414,-153.98
-64.321,2.5794,-148.48
-37.641,42.426,-168.13
237.6,-88.521,-359.19
13.993,24.887,-209.8
8.6794,-25.564,-223.83
-99.881,24.734,-126.73
141.56,-40.596,-290.37
67.146,-2.4929,-233.63
211.77,-111.28,-360.16
54.974,-12.656,-279.28
32.083,-22.047,-204.65
92.17,-60.957,-282.06
70.315,1.4614,-262.55
213.77,-111.58,-360.5
115.53,-59.977,-329.3
-55.626,16.102,-177.56
111.02,-15.419,-289.92
163.36,28.344,-244.48
211.02,1.5654,-239.79
47.028,101.52,-133.44
74.852,57.613,-132.71
152.69,78.508,-199.4
55.496,115.89,-94.152
177.39,55.976,-194.33
0.57694,82.629,-57.58
40.079,95.545,-130.73
226.47,40.796,-259.3
279.58,-30.384,-290.26
223.34,-11.116,-260.72
218.12,-8.3,-285.81
307.83,-26.822,-305.38
234.17,26.354,-292.03
35.647,71.108,-97.074
75.042,82.458,-97.222
26.438,105.98,-114.79
210.9,5.273,-287.31
205.72,2.0284,-279.15
61.852,65.091,-141.12
136.27,70.536,-214.07
271.96,-43.1,-321.27
297.06,-22.271,-296.37
29.241,87.406,-58.493
288.13,-51.013,-321.28
16.124,90.051,-106.11
105.36,69.447,-193.56
126.41,51.443,-213.08
80.017,89.36,-165.38
133.6,84.945,-164.2
52.485,72.998,-90.246
70.215,79.661,-94.675
66.163,60.449,-128.25
12.67,128.33,-76.538
-0.94941,120.43,-83.134
187.04,33.416,-266.19
75.917,107.3,-109.3
92.055,53.604,-170.46
99.861,48.167,-154.96
78.983,61.252,-120.43
-8.9142,126.16,-71.623
17.193,122.11,-44.689
58.943,77.063,-88.689
264.69,-29.033,-285.51
190.78,12.559,-267.92
81.046,68.884,-110.74
169.33,22.796,-204.13
220.77,21.724,-291.86
76.543,108.18,-135.99
208.68,-5.6827,-270.36
137.6,32.83,-211.22
287.75,-31.828,-294.59
281.51,-26.553,-288.23
190.32,27.635,-207.77
308.58,-33.522,-307.09
42.882,73.678,-85.343
132.17,36.742,-177.36
166.23,46.06,-247.29
249.29,-19.076,-319.3
87.219,84.989,-173.23
204.9,35.762,-274.49
245.39,8.2963,-312.31
193.93,31.868,-271.31
127.39,42.717,-165.06
49.633,66.346,-111.59
163.74,72.574,-195.28
36.866,104.15,-58.135
-6.59,85.497,-46.711
66.587,93.373,-153.18
38.112,119.57,-104.09
269.96,-38.696,-330.09
232.64,-12.054,-260.55
165.19,17.34,-227.83
136.59,85.383,-172.51
267.66,7.9978,-273.94
0.36186,125.43,-78.094
128.73,83.615,-154.06
163.11,43.191,-245.99
254.87,-32.396,-297.16
280.54,-47.613,-319.19
190.07,16.212,-269.01
171.35,30.487,-195.59
289.98,-35.714,-298.42
203.02,1.8292,-239.72
175.96,11.829,-238.68
179.44,63.872,-230.45
91.107,98.799,-118.79
121.23,70.994,-140.37
145.28,27.228,-204.12
92.641,97.475,-119.34
197.77,9.9954,-226.58
277.77,-42.613,-337.78
90.648,55.199,-170.98
257.09,-30.997,-319.29
216.13,11.403,-292.67
260.62,2.8115,-265.2
41.388,100.34,-62.578
30.747,90.063,-122.12
166.95,17.594,-216.95
251.89,0.40151,-320.15
170.06,68.216,-197.25
13.889,95.15,-105.38
74.729,58.612,-149.21
90.265,56.102,-171.77
80.721,62.333,-119.03
79.499,65.601,-113.68
196.33,54.073,-247.94
181.37,51.226,-251.5
117.77,90.501,-147.29
276.35,-15.559,-280.03
279.16,-47.361,-322.29
274.91,-44.916,-322.58
171.2,18.139,-245.65
221.85,17.948,-294.54
234.59,2.9249,-246.85
234.36,-20.999,-288.11
44.219,68.177,-106.79
252.85,25.602,-277.58
176.92,52.662,-248.48
75.172,86.719,-96.188
187.84,11.916,-263.55
228.06,-8.5036,-300.15
89.04,81.971,-176.19
187.58,57.61,-242.86
263.78,-7.164,-330.51
259.02,-34.455,-298.87
95.637,92.416,-171.5
221.19,12.11,-296.32
40.657,71.158,-116.87
140.9,29.225,-202.83
200.2,15.546,-221.39
152.41,51.459,-235.59
198.85,53.955,-246.69
180.95,50.35,-196.1
262.54,6.2964,-267.52
193.7,58.305,-225.17
197.72,56.529,-232.78
243.11,3.646,-251.67
116.55,42.139,-190.92
281.46,-45.502,-311.14
106.42,51.781,-144.77
192.29,56.173,-244.55
154.96,29.558,-191.54
238.73,27.315,-251.15
132.54,85.278,-190.68
206.59,12.027,-284.53
117.03,94.294,-163.61
201.99,47.252,-218.92
107.63,83.665,-187.09
117.5,55.127,-145.41
196.48,56.201,-224.47
117.76,92.624,-152.41
179.7,20.521,-209.24
262.1,-3.1031,-266.84
66.143,94.522,-87.123
214.08,24.791,-225.25
31.889,114.09,-56.236
265.53,4.341,-322.87
237.02,6.8254,-246.53
132.8,54.386,-219.31
179.62,61.775,-235.8
215.29,-3.4587,-287.37
207.94,30.051,-280.16
82.353,60.099,-165.36
47.227,69.621,-96.178
53.397,83.391,-144.41
168.59,28.182,-250.33
197.93,53.019,-249.82
41.622,94.243,-63.989
-15.711,96.17,-71.878
126.21,71.62,-207.68
139.66,37.842,-221.58
209.76,36.855,-275.05
105.01,85.658,-126.07
6.3224,86.032,-90.216
123.64,79.693,-144.44
254.63,-21.653,-275.1
218.55,15.707,-231.08
109.63,94.333,-171.08
224.53,-11.867,-261.92
42.406,119.79,-80.036
165.58,72.528,-201.18
144.78,70.346,-217.99
148.08,64.215,-165.73
258.39,-29.676,-323.17
152.46,74.895,-178.3
205.34,44.938,-263.99
15.513,118.78,-39.66
260.44,-35.919,-303.18
194.49,51.769,-212.85
32.672,76.87,-115.36
169.86,20.817,-207.53
-6.8238,124.29,-75.142
89.38,88.032,-110.02
288.28,-3.8844,-291.66
218.61,-7.5865,-254.75
140.54,31.387,-189.5
44.422,85.063,-71.45
75.325,60.833,-155.66
2.5677,124.84,-80.179
286.25,2.2485,-325.49
44.128,82.832,-134.56
255.74,-18.669,-326.2
19.091,84.918,-106.18
57.936,107.24,-83.176
251.26,18.794,-260.79
49.761,67.603,-102.79
199.53,1.2292,-242.69
170.65,63.207,-233.76
117.06,90.283,-145.74
130.03,37.821,-175.06
234.84,-2.3197,-308.83
207.86,40.504,-221.55
115.48,82.421,-136.43
-1.1268,106.8,-90.435
164.35,48.47,-181.13
154.55,77.855,-192.45
202.22,-2.4938,-255.21
229.67,32.282,-243.19
-12.575,107.35,-79.329
23.944,94.376,-48.985
101.2,63.362,-128.31
237.68,34.414,-265.63
171.87,19.394,-248.35
103.81,86.728,-125.17
12.564,117.07,-95.808
268.83,-17.42,-337.24
267.76,11.073,-313.99
20.254,76.552,-91.263
71.188,111.18,-125.59
291.58,-3.4131,-296.39
205.13,10.016,-228.42
219.99,-5.6457,-250.89
135.78,77.236,-157.44
23.749,87.589,-113.66
278.19,-21.763,-344.96
94.328,86.21,-114.81
307.08,-18.165,-306.01
104.23,46.147,-160.41
59.398,70.176,-144.82
185.57,41.429,-261.36
244.17,-5.4681,-316.67
87.863,58.968,-127.1
12.448,79.373,-67.104
178.09,31.455,-198.3
219.96,-4.5612,-249.19
71.246,64.491,-112.1
246.41,29.298,-271.76
152.06,79.133,-192.21
-18.145,118.17,-71.332
115.49,42.29,-189.01
268.32,-32.683,-334.11
195.92,42.58,-265.02
298.34,-8.9926,-300.8
95.251,80.703,-115.54
269.28,-26.927,-283.92
143.33,55.956,-162.35
151.96,27.483,-195.79
99.032,48.245,-155.63
40.048,120.8,-78.637
207.22,51.013,-247.21
145,75.253,-211.38
30.002,120.76,-99.516
49.374,114.87,-117.62
6.6582,113.93,-94.1
72.109,99.788,-151.07
27.335,79.64,-67.938
171.12,17.339,-214.78
119.07,72.322,-138.29
55.862,116.7,-108.71
173.25,37.571,-255.03
40.823,70.073,-96.567
93.692,55.986,-134.05
24.998,104.71,-114.3
256.25,11.389,-313.31
-0.88545,82.696,-66.515
280.49,-27.429,-288.35
206.69,41.786,-220.89
168.54,54.262,-184.46
236.71,-18.014,-270.45
226.52,35.508,-278.06
-0.23717,86.989,-82.06
16.206,78.245,-89.321
121.59,38.867,-192.02
175,56.821,-192.01
171.65,65.919,-228.52
164.7,24.72,-200.56
242.45,25.869,-255.03
235.8,28.839,-288.41
233.93,25.822,-244.1
183.99,34.987,-263.55
117.35,77.099,-136.84
139.03,37.96,-175.27
47.195,101.78,-133.38
214.15,11.19,-291.09
80.335,60.786,-121.68
68.959,93.85,-89.915
143.2,60.794,-161.12
234.63,30.118,-248.09
242.24,4.4342,-250.83
280.67,-10.082,-282.26
168.25,22.407,-204.69
165.13,36.67,-187.38
231.9,-7.9165,-304.91
82.893,92.692,-104.29
260.53,-19.625,-274.48
89.916,62.666,-177.32
188,35.96,-228.57
-24.475,87.833,-73.099
263.95,8.92,-333.6
125.26,86.969,-197.93
37.286,89.431,-89.364
294.08,-31.49,-321.04
127.26,35.506,-198.09
171.86,46.136,-273.94
159.73,58.117,-204.43
24.216,112.57,-75.709
-12.174,88.686,-98.788
129.66,36.291,-237.78
116.72,40.004,-222.78
78.861,95.236,-130.05
231.11,-8.6737,-331.64
257.47,-21.965,-296.44
190.46,-0.5581,-283.18
94.256,46.012,-182.92
61.864,111.03,-147.1
34.049,76.107,-100.63
120.25,88.717,-197.93
35.596,119.47,-124.24
237.39,-1.1543,-273.86
238.89,21.36,-277.53
226.24,30.758,-302.17
196.85,34.6,-236.47
173.63,35.204,-217.64
156.35,26.527,-216.16
225.56,17.229,-261.34
64.062,109.3,-152.9
1.7027,87.929,-65.935
257.32,-24.592,-298.61
210.04,15.231,-249.91
125.05,35.661,-198.07
63.422,65.491,-176.39
155.63,26.961,-215.4
129.18,30.696,-213.08
-0.91625,131.43,-67.089
18.846,118.69,-73.786
184.43,49.715,-273.96
80.607,63.751,-140.29
123.05,46.826,-236.51
265.81,-9.5636,-355.63
11.838,128.46,-86.368
139.8,29.452,-244.65
-10.729,106.39,-109.12
59.517,112.73,-131.58
112.95,68.587,-160.23
210.12,21.712,-248.2
162.99,56.399,-261.09
170.58,34.657,-278.95
249.08,-23.419,-295.36
60.918,59.315,-149.86
134.32,55.762,-246.06
224.53,8.9102,-323.73
24.634,79.736,-138.92
85.98,73.856,-202.67
257.81,-25.887,-354.11
64.12,85.443,-113.71
-24.309,118.99,-92.645
7.6469,124.44,-65.427
152.08,38.372,-263.48
285.57,-43.823,-325.13
154.47,30.345,-264.42
240.94,1.8996,-336.41
218.02,20.789,-313.4
236.68,25.279,-309.81
88.852,48.405,-176.06
72.344,75.825,-124.63
-10.51,131.38,-86.372
61.593,111.78,-143
3.3304,92.198,-121.7
186.31,50.032,-273.57
228.24,-6.1861,-272.53
162.48,66.057,-214.98
-13.058,113.65,-104.85
-19.185,107.42,-100.83
2.6907,80.722,-82.521
6.9433,84.636,-120.43
14.546,92.639,-134.06
-27.375,90.726,-78.381
20.48,86.923,-138.78
121.54,38.616,-228.49
-9.5683,109.17,-109.61
151.87,42.827,-199.44
-20.987,131.59,-81.881
172.4,35.92,-216.5
-7.9176,82.739,-89.517
128.84,60.483,-175.43
63.09,58.37,-154.92
176.94,50.276,-271.92
222.8,13.543,-320.44
11.146,89.289,-129.25
3.3115,114.3,-117.58
195.26,25.768,-298.67
152.94,56.915,-197.17
226.69,19.305,-317.8
294.48,-17.906,-321.05
118.85,66.653,-230.46
208.4,35.102,-296.4
131.83,34.454,-238.85
171.67,25.57,-222.5
60.255,64.548,-130.94
249.55,-36.025,-326.75
2.0744,102.7,-121.8
39.154,111.11,-92.846
141.65,33.577,-202.95
-7.2409,85.391,-67.439
206.87,39.702,-289.56
1.3389,85.79,-114.1
231.23,21.875,-268.22
206.65,-2.0451,-308.02
51.887,114.03,-117.07
160.11,36.347,-208.39
57.118,63.556,-132.98
291.62,-30.963,-319.25
70.903,108.76,-147.89
114.17,88.963,-201.67
197.93,8.5093,-248.53
238.43,26.516,-284.61
108.07,48.875,-171.43
167.27,38.219,-275.52
212.23,43.113,-271.19
255.42,2.1118,-342.46
123.52,51.04,-176.42
146.34,47.929,-257.42
63.775,93.677,-112.8
2.5376,81.417,-80.066
67.151,71.858,-184.66
196.69,32.204,-295.68
149.07,63.375,-248.87
40.769,114.41,-98.887
252.65,-6.5773,-347.14
155.16,72.983,-226.67
193.45,17.847,-299.51
254.12,-18.388,-351.33
152.2,71.434,-206.43
41.485,69.856,-149.92
33.331,81.858,-92.47
30.819,79.939,-93.285
149.77,20.121,-239.21
105.63,90.794,-198.13
69.131,61.495,-139.11
46.941,112.77,-143.41
252.35,-26.971,-300.06
140.89,31.439,-206.11
212.21,25.808,-249.85
39.432,80.97,-157.55
-4.2483,84.191,-102.9
178.41,49.299,-221.42
242.97,24.301,-289.71
186.94,13.285,-240.18
29.743,118.93,-125.83
113.32,51.758,-170.16
47.724,76.96,-165.17
34.201,98.117,-151.6
214.06,3.0512,-317.25
93.753,98.973,-158.2
167.45,12.115,-263.06
224.42,-3.5898,-268.91
33.786,72.033,-109.17
227.86,-19.877,-320.47
211.02,-6.2289,-310.54
52.985,78.352,-108.88
206.36,46.243,-263.81
212.86,26.418,-306.8
-21.893,104.26,-97.881
64.32,103.09,-166.43
190.86,1.727,-258.25
112.96,37.881,-200.74
-6.0998,133.7,-65.74
125.71,33.28,-205.08
78.367,60.794,-191.78
146.87,29.019,-210.79
34.736,74.754,-147.16
161.7,59.19,-257.49
141.86,56.849,-250.6
178.12,28.973,-285.87
54.209,86.284,-104.89
10.88,108.91,-127.14
191.31,-2.2099,-275.65
213.34,-12.071,-280.53
121.37,67.295,-167.88
138.17,29.016,-241.13
152.7,64.221,-248.94
161.41,24.787,-219.66
236.8,24.57,-311.28
222.41,10.105,-259.97
-8.5559,134.36,-75.177
56.918,111.83,-146.17
56.485,111.69,-119.31
177.26,48.886,-273.55
123.43,38.061,-230.66
47.184,107.79,-152.11
64.194,69.545,-180.42
134.18,47.268,-185.59
58.01,110.68,-119.62
77.119,105.6,-143.54
222.02,15.053,-319.15
5.7114,126.64,-66.155
214.66,6.3727,-257.21
115.35,80.969,-216.34
78.543,60.189,-144.18
172.29,15.792,-277.19
159.53,62.942,-206.97
62.229,80.182,-114.35
22.319,115.81,-75.603
27.303,94.62,-146.63
259.95,-40.712,-343.8
24.264,73.228,-125.99
262.07,-5.4709,-351.12
127.23,83.949,-185.98
167.39,33.648,-276.71
98.069,97.38,-180.77
100.69,50.366,-211.84
157.68,16.847,-252.72
128.19,32.672,-229.38
207.45,18.606,-309.24
189.7,7.6436,-293.44
42.113,69.016,-149.29
36.657,116.98,-131.79
269.05,-6.2432,-298.69
202.76,-0.068078,-304.51
135.22,28.4,-215.44
175.43,12.363,-278.31
166.22,46.502,-209.16
132.16,28.843,-220.63
77.125,102.7,-135.82
249.64,-19.274,-291.37
140.4,40.906,-194.18
210.29,-0.49793,-312.95
141.82,39.191,-196.47
113.67,90.888,-195.37
33.671,98.093,-83.185
49.28,116.02,-119.54
280.43,1.7162,-320.09
245.05,-27.577,-338.28
136.36,56.584,-247.16
226.03,-4.6282,-327.43
128.06,33.709,-231.47
143.88,71.268,-193.52
121.35,84.688,-211.12
219.14,-16.835,-290.02
43.559,65.93,-129.96
227.54,4.1204,-327.44
239.65,0.9174,-274.58
158.21,16.515,-238.23
213.42,37.186,-293.04
109.22,65.655,-157.98
38.293,68.555,-140.41
135.14,65.721,-180.88
48.043,109.65,-149.68
102.87,95.767,-168.62
151.05,41.572,-199.64
239.01,-18.493,-287.92
77.045,95.614,-128.11
196.65,20.445,-239.19
226.4,-18.275,-288.49
239.46,-27.01,-302.19
32.58,100.13,-149.33
274.29,-5.2464,-304.13
195.94,27.617,-298.18
147.41,72,-235.95
15.356,83.975,-79.153
156.56,27.312,-215.17
219.59,38.241,-271.61
218.13,20.597,-313.58
190.06,31.013,-230.9
177.18,61.005,-251.18
221.08,37.217,-287.7
74.613,76.053,-192.34
150.71,75.055,-214.58
260.86,-30.793,-305.84
134.88,59.614,-180.69
140.23,26.52,-239.62
82.332,83.236,-130.67
78.264,73.33,-195.88
224.2,-17.263,-318.08
173.23,8.7672,-250.72
37.639,119.33,-123.94
-2.4492,80.734,-90.555
24.449,102.73,-141.46
159.53,24.99,-218.95
147.35,44.942,-258.9
173.17,8.1041,-254.63
24.344,72.14,-116.46
117.18,86.407,-207.56
177.88,12.151,-281.56
136.33,80.357,-195.56
109.05,40.304,-191.86
182.37,38.171,-284.69
234.66,15.215,-269.55
126.47,39.64,-236.56
110.57,43.555,-181.23
92.24,57.818,-206.79
120.62,37.986,-226.02
51.525,63.486,-152.02
79.702,100.66,-175.05
74.331,93.021,-123.81
201.58,45.736,-249.55
177.89,26.783,-286.01
229.17,-17.075,-285.57
182.16,35.335,-286.25
22.069,108.72,-71.843
61.445,62.692,-135.31
125.06,63.716,-236.13
258.4,11.835,-329.66
63.743,105.21,-119.46
97.667,91.037,-216.28
33.655,76.625,-123.67
46.374,108.09,-174.33
162.4,10.779,-262.33
171.9,52.277,-245.17
186.2,29.72,-314.73
213.38,-16.603,-335.5
233.26,-29.171,-351.17
39.277,110.09,-168.46
36.494,69.849,-174.91
180.11,0.64012,-303.49
162.91,60.217,-240.92
258.51,8.7031,-348.09
9.8939,80.907,-151.14
157.25,17.675,-289.75
-9.2288,113.8,-68.345
202.38,3.4917,-333.45
29.532,73.219,-127.23
41.107,104.29,-120.27
-32.526,130.36,-102.26
65.448,64.221,-155.82
-1.3377,128.83,-115.73
203.09,31.827,-318.69
-1.1643,81.995,-99.531
87.586,49.435,-223.72
56.959,89.437,-199.73
104.04,56.084,-185
27.423,104.29,-168.68
200.75,-13.209,-306.49
-37.239,90.305,-92.983
192.91,45.902,-295.06
-12.902,111.9,-132.76
231.22,16.594,-341.16
-44.984,110.67,-103.14
225.24,9.0992,-346.75
-38.537,112.47,-109.49
157.53,13.97,-285.39
89.421,44.279,-204.66
-6.1063,96.978,-76.598
156.32,12.009,-276.85
88.626,44.493,-205.57
11.152,97.819,-158.59
207.08,39.139,-285.49
229.09,-27.008,-319.63
-0.79483,128.43,-117.18
283.21,-26.81,-336.95
164.73,40.193,-234.85
156.98,61.666,-233.62
159.05,64.998,-243.35
44.963,110.96,-168.27
139.67,73.677,-249.44
81.825,47.36,-203.01
27.791,100.8,-105.13
166.43,56.307,-281.1
75.599,93.646,-154.8
230.96,-21.231,-355.58
65.001,57.509,-167.94
176.34,43.871,-245.71
136.89,22.288,-246.45
-9.6703,132.36,-102.56
241.24,2.6747,-358.04
209.12,32.587,-278.23
157.18,67.173,-254.48
215.49,24.941,-280.9
-31.978,106.17,-116.08
272.72,-1.4513,-336.33
93.936,78.854,-231.24
127.11,36.275,-265.2
76.311,91.31,-210.1
255.15,-37.416,-332.26
-30.458,97.692,-114.6
128.18,67.352,-202.19
19.291,96.974,-97.719
234.79,16.68,-299.28
249.31,-41.287,-344.69
164.27,48.973,-290.19
196.69,2.377,-275.08
225.67,29.364,-305.57
58.625,70.708,-144.67
20.773,108.1,-160.93
-25.703,116.23,-119.85
103.8,37.762,-225.09
131.19,24.604,-250.12
62.265,55.321,-182.63
-4.1038,82.199,-98.394
106.72,91.047,-207.48
186.85,-5.274,-301.26
244.79,18.385,-324.41
124.16,81.751,-211.78
-29.391,133.83,-97.932
143.76,27.052,-232.88
148.18,52.162,-280.59
37.372,78.918,-123.29
180.82,34.206,-248.82
151.81,55.2,-279.69
189.85,2.1856,-320.13
226.97,8.4713,-347.95
248.19,10.933,-312.66
273.18,1.2727,-354.9
120.26,52.658,-261.54
20.736,119.69,-143.92
218.91,3.1229,-346.25
166.84,61.913,-254.06
234.19,-10.931,-300.36
252.95,-5.3727,-368.91
37.399,64.747,-157.85
24.312,92.374,-103.88
165.6,62.913,-260.69
84.415,86.937,-218.78
220.32,-24.601,-330.97
-27.817,130.36,-104.87
251.2,-41.958,-361.44
-22.547,132.65,-102.74
177.44,16.316,-255.06
14.038,116.49,-147.4
104.09,37.767,-226.9
32.856,116.35,-153.71
18.173,80.248,-110.53
234.62,9.2818,-295.73
145.72,28.008,-232.04
248.21,-7.6531,-368.27
88.743,44.903,-201.39
78.005,57.209,-170.87
86.912,96.634,-174.67
132.34,59.677,-266.96
233.35,23.086,-305.4
180.71,-0.63229,-301.57
121.56,53.731,-262.41
-42.645,118.04,-104.38
56.24,107.62,-177.18
53.283,62.762,-189.92
-37.666,105.81,-110.04
221,-25.213,-326.11
116.38,71.508,-190.94
252.8,3.8916,-359.42
55.429,80.366,-201.56
108.51,85.083,-228.87
33.31,92.776,-111.49
250.19,-9.9729,-309.39
141.87,39.52,-219.42
26.36,75.1,-122.6
39.295,107.51,-120.16
18.245,116.04,-150.13
5.5267,77.122,-114.56
-31.159,97.531,-113.64
130.55,73.357,-251.5
79.497,51.803,-214.3
77.942,69.682,-158.18
244.92,16.908,-316.83
99.935,44.051,-198.83
137.45,51.142,-210.79
161.64,9.2135,-282.03
162.89,26.706,-299.47
186.79,51.086,-270.59
82.728,87.2,-159.73
-1.9303,78.821,-126.01
175.04,32.703,-244.45
259.13,9.4786,-332.67
-0.79077,83.443,-139.32
42.07,88.335,-120.6
-7.4432,131.79,-103.87
201.75,-13.527,-316.4
54.282,93.509,-131.26
118.85,45.553,-202.28
142.56,72.338,-251.76
104.45,37.546,-226.69
175.13,40.08,-243.8
81.742,57.954,-171.28
37.863,70.858,-178.26
37.163,68.807,-174.27
39.437,64.012,-159.07
81.861,89.514,-214.75
231.06,-24.696,-353.21
241.27,-16.642,-307.43
82.815,99.931,-193.84
161.82,11.914,-259.65
197.61,-4.6586,-325.04
143.92,46.278,-281.18
125.8,36.204,-215.96
60.942,104.09,-145.58
206.79,32.276,-318.37
134.27,73.823,-250.67
179.79,18.196,-254.54
165.77,7.5757,-288.14
57.418,68.467,-201.31
169.12,51.334,-240.99
197.24,41.161,-270.06
173.72,18.55,-308.7
217.84,16.859,-337.85
-11.873,97.917,-71.479
100.58,39.144,-220.11
241.93,-37.618,-344.72
150.14,28.402,-287.5
82.929,61.604,-226.89
190.22,33.487,-257.23
142.07,74.582,-233.51
256.44,-40.327,-336.87
264.14,-41.965,-338.8
70.373,59.926,-164.03
80.41,101.7,-178.11
113.81,83.99,-197.13
271.79,2.3493,-346.2
237.28,8.5875,-298.2
227.53,-22.133,-350.63
260.75,-2.0416,-319.28
100.13,91.953,-213.11
36.089,75.1,-126.97
106.73,64.645,-247.83
40.248,113.66,-161.19
97.197,90.556,-180.88
151.28,23.223,-286.35
197.3,11.594,-267.79
172,45.204,-241.6
87.084,55.206,-228.7
109.54,89.641,-212.93
-30.705,131.11,-102.18
283.29,-29.529,-337.54
64.115,108.15,-165.78
276.98,-33.69,-335.28
29.337,84.349,-112.93
36.845,113.73,-160.69
77.346,103.07,-181.32
184.75,17.569,-318.23
218.08,-0.39658,-285.84
42.754,80.438,-189.4
218.4,32.423,-313.52
108.33,65.31,-248.71
32.794,110.68,-114.58
29.409,109.22,-165.07
225.75,18.256,-289.34
87.921,44.863,-210.57
27.347,74.512,-167.84
14.68,123.43,-132.8
99.194,41.528,-229.08
7.0345,105.12,-152.63
180.53,54.472,-265.08
224.73,13.372,-343.22
25.565,104.04,-103.15
169.65,4.378,-279.6
217.16,1.2542,-284.4
147.51,16.266,-265.6
140.94,71.678,-222.12
108.85,42.495,-246.6
9.6822,126.51,-120.39
202.9,42.558,-287.55
238.5,17.123,-304.97
43.757,99.096,-121.29
183.71,45.792,-255.39
230.43,22.744,-299.26
251.58,0.13008,-310.37
222.7,-25.55,-335.57
62.218,91.275,-139.06
219.08,-22.559,-335.4
117.73,80.852,-198.72
11.323,89.644,-158.49
-19.658,121.44,-120.78
154.94,44.514,-226.19
204.18,21.727,-269.19
55.881,57.898,-178.77
88.945,45.692,-218.29
-5.7136,131.54,-102.55
130.69,38.224,-270.17
68.297,52.969,-186.12
43.391,110.21,-128.41
-7.996,131.17,-87.526
147.39,25.888,-283.3
152.82,66.889,-234.67
131.84,47.973,-208.02
91.165,67.311,-234.82
279.07,-18.255,-333.34
-9.1665,83.003,-95.542
128.04,80.234,-216.15
170.53,56.696,-279.51
182.62,41.567,-303.3
166.18,60.711,-247.92
-11.75,100.8,-136.3
-3.5494,97.29,-78.364
198.48,10.666,-268.98
97.781,46.717,-193.4
96.906,68.852,-238.94
228.37,17.867,-292.13
142.26,74.202,-244.6
30.067,99.166,-107.39
69.108,74.565,-214.54
164.26,9.6618,-264.3
206.27,-14.457,-325.89
225.63,6.19,-288.05
-18.328,135.25,-82.494
56.461,76.816,-202.65
81.638,78.664,-157.77
43.406,82.941,-124.35
-12.726,92.274,-132.34
31.483,118.94,-127.86
279.21,-35.972,-337.72
82.293,97.745,-168.83
62.591,66.33,-206.18
-41.904,117.58,-105.2
192.99,18.965,-261.53
125.57,60.908,-199.05
248.16,-41.294,-351.65
124.2,77.107,-244.56
78.967,50.334,-186.08
139.45,22.848,-267.96
138.2,74.211,-221.97
249.9,-42.331,-351.94
174.01,31.729,-306.76
8.4292,110.55,-150.29
175.52,52.89,-251.02
224.99,44.263,-186.23
255.42,-1.0515,-191.8
118.29,111.48,-62.485
125.94,63.658,-81.368
221.56,70.414,-123.24
119.83,102.9,-20.701
233.31,39.076,-128.1
48.384,87.835,-9.3428
109.13,108.97,-63.579
289.49,30.354,-188.33
318.22,-37.949,-246.25
267.51,-8.3318,-215.29
271.22,6.4726,-236.07
348.78,-42.325,-255.54
300.24,28.629,-223.26
86.275,78.272,-46.697
125.26,68.719,-38.347
96.481,117.13,-45.618
270.44,21.123,-231.23
262.3,17.715,-226.13
119.77,79.036,-85.952
208.34,77.811,-141.11
315.65,-31.809,-279.97
338.42,-37.334,-246.27
75.666,78.478,-5.6768
326.89,-45.62,-282.67
78.878,105.97,-46.673
174.82,83.194,-126.12
192.16,67.06,-150.35
151.92,99.343,-93.744
197.04,70.216,-90.946
99.828,69.08,-38.601
119.22,67.763,-37.866
118.09,68.166,-76.745
81.78,125.67,-2.4558
68.716,128.54,-13.066
254,45.882,-200.83
138.91,92.678,-36.56
150.46,67.682,-114.83
150.79,53.48,-103.47
127.41,59.607,-68.616
60.554,132.13,-0.84828
74.209,105.79,22.463
106.6,68.605,-34.778
304.26,-31.81,-242.56
249.9,28.46,-212.31
129.31,60.709,-56.305
216.49,20.794,-153.5
286.66,31.226,-226.37
147.5,103.86,-59.244
259.45,6.718,-222.07
194.43,46.444,-157.05
326.1,-41.174,-250.11
320.78,-36.671,-242.47
237.83,16.192,-152.73
347.39,-47.239,-260.26
90.223,72.146,-34.719
181.35,38.382,-126.15
235.03,57.949,-179.76
304.24,-3.0992,-268.13
158.87,95.7,-102.17
273,42.68,-205.57
309.14,17.386,-248.91
260.96,43.501,-205.54
175.86,40.35,-112.89
100.97,73.829,-60.606
227.84,58.903,-121.78
88.604,87.89,3.4228
40.027,89.062,0.97098
138.11,103.88,-82.178
108.8,117.98,-28.794
318.11,-23.849,-285.61
275.28,-13.509,-214.91
217.63,28.038,-177.05
202.24,72.511,-97.718
317.53,-8.8282,-214.1
70.308,129.81,-6.1359
189.33,67.359,-83.15
230.82,56.638,-180.26
297.71,-25.122,-255.05
320.9,-40.226,-279.75
250.97,32.101,-211.51
218.71,22.426,-142.15
327.7,-43.724,-255.18
248.47,2.8884,-192.2
228.15,23.033,-188.38
248.52,58.909,-155.42
151.8,82.707,-47.858
174,55.451,-78.023
197.01,35.573,-153.08
152.8,81.168,-48.87
243.15,6.454,-177.18
325.71,-27.488,-293.63
149.97,69.807,-114.61
306.58,-16.122,-273.41
278.9,25.639,-232.49
306.86,-13.123,-209.59
92.422,84.571,-1.972
96.365,105.57,-59.481
216.13,23.011,-167.35
314.13,11.304,-259.11
232.33,53.305,-125.16
78.63,110.72,-43.699
130.98,71.167,-95.203
150.2,71.011,-114.87
128.94,59.071,-66.738
127.56,60.047,-60.581
264.72,50.349,-174.17
251.51,56.583,-179.75
180.34,75.178,-74.7
318.03,-28.936,-230.32
320.67,-38.13,-282.42
317.94,-34.093,-281.78
228.36,33.038,-191.68
286.96,28.842,-230.48
278.71,-8.2088,-195.53
281.37,-10.2,-243.1
95.511,75.87,-55.938
312.22,13.418,-209.71
247.27,58.585,-176.76
126.69,71.583,-35.347
245.81,27.57,-209.04
284.03,7.434,-247.88
160.19,93.672,-106.09
256.9,55.181,-168.66
324.72,3.9637,-270.94
301.08,-28.002,-257.23
168.59,96.873,-96.406
284.68,25.292,-234.94
96.415,83.956,-63.481
193.54,38.676,-151.3
245.89,7.5679,-169.76
221.54,63.953,-167.97
266.53,48.566,-172.95
234.82,33.703,-132.13
310.53,-10.351,-209.75
257.43,45.701,-152.51
262.49,45.495,-159.7
287.87,-9.7004,-198.73
173.57,55.438,-136.41
320.18,-42.256,-271.66
154.98,49.115,-92.369
260.98,52.522,-170.49
202.77,27.766,-140.3
292.81,10.72,-186.97
203.88,81.674,-113.84
268.41,27.321,-225.82
185.83,85.102,-87.058
258.74,30.606,-151.91
180.32,90.67,-113.35
166.18,46.788,-90.463
258.88,42.458,-152.74
182.61,78.919,-78.105
226.22,16.2,-158.28
306.39,-17.794,-213.81
119.08,78.286,-24.312
262.71,9.8586,-167.55
87.435,97.258,9.5851
328.41,9.081,-258.53
282.23,-6.4211,-193.15
200.69,68.885,-153.84
249.43,59.34,-161.07
271.01,12.232,-235.25
275.15,39.062,-213.07
142.91,75.276,-107.93
95.639,71.3,-45.795
120.2,98.698,-80.438
231.22,44.038,-191
266.27,49.526,-176.19
90.728,80.243,-6.1768
43.308,111.9,-16.301
198.05,80.807,-135.77
201.12,53.598,-163.43
277.84,41.482,-205.16
161.16,68.8,-59.604
64.147,101,-35.573
180.59,62.786,-77.101
295.2,-25.497,-230.64
264.88,2.9851,-176.74
181.5,91.626,-94.066
268.61,-8.9971,-216.61
105.71,106.41,-7.4966
231.15,60.385,-126.78
216.88,75.243,-143.97
202.38,47.761,-101.39
309.35,-14.131,-276.03
213.9,59.161,-106.73
273.82,45.434,-191.92
70.021,101.94,25.07
303.02,-28.075,-261.59
252.1,35.222,-144.98
91.117,91.583,-59.955
217.19,20.367,-157.38
62.703,131.1,-4.6654
143.67,71.526,-45.664
336.3,-20.682,-233.81
262.95,-5.7528,-208.72
190.2,35.155,-138.7
91.873,74.74,-16.955
134.2,75.236,-99.665
72.625,129.15,-8.0758
346.6,-1.2421,-260.3
108.99,98.635,-72.846
312.05,-3.0265,-273.44
79.567,100.57,-49.04
115.53,90.528,-15.242
303.4,2.0363,-198.6
99.014,71.198,-52.34
246.03,5.2583,-195.33
241.49,63.856,-159.26
179.19,74.716,-73.519
179.21,39.304,-123.78
294.84,12.608,-251.88
262.11,23.618,-157.08
172.14,65.527,-69.416
65.515,120.88,-26.108
215.18,33.983,-121.29
220.95,66.221,-117.4
250.6,6.1305,-207.82
284.43,15.661,-178.29
52.447,122.21,-17.043
70.898,82.594,5.6084
150.02,54.001,-72.781
298.76,22.634,-196.13
230.21,34.8,-193.36
160.25,69.842,-58.388
82.99,124.67,-24.721
327.23,-3.7356,-281.45
330.35,9.7249,-247.35
73.117,87.431,-40.112
140.92,104.53,-49.14
340.74,-19.953,-237.43
250.16,3.7521,-178.21
263.79,-6.4406,-204.31
194.09,60.408,-88.699
86.832,103.5,-53.873
336.05,-8.4264,-289.59
148.72,69.706,-50.35
351.57,-34.923,-251.89
155.44,52.046,-108.88
120.6,85.673,-86.841
254.34,50.912,-192.82
304.12,8.9189,-259.54
136.28,56.338,-74.875
60.343,83.55,-18.333
225.79,21.111,-143.53
263.68,-6.2608,-202.31
119.42,62.421,-60.369
306.27,16.993,-203.32
219.17,68.295,-116.75
49.329,130.08,-5.2012
172.15,55.284,-134.76
320.1,-16.737,-286.26
264.95,48.424,-194.66
345.85,-25.725,-243.5
147.66,65.246,-53.619
308.63,-32.956,-239.81
194.1,42.147,-102.86
200.58,29.264,-145.24
150.28,54.205,-104.08
103.62,107.74,-5.9594
272.93,42.531,-174.23
217.03,76.321,-135.81
100.8,120.88,-24.84
120.83,114.46,-42.022
76.114,124.29,-25.217
144.78,105.46,-76.785
73.779,77.098,-17.83
219.07,19.975,-165.29
172.01,56.667,-75.725
124.66,109.25,-32.905
240.22,51.116,-190.12
90.29,74.822,-46.383
142.29,54.068,-81.943
94.593,116.61,-45.926
320.15,15.112,-247.45
49.703,92.187,-17.173
319.58,-36.832,-243.07
261.38,24.903,-155.96
222.02,37.904,-121.03
279.47,-16.097,-226.14
292.95,33.763,-207.2
56.385,101.53,-28.508
69.637,89.877,-37.894
177.09,50.947,-138.6
230.85,39.924,-125.85
241.88,63.398,-153.31
212.12,23.036,-149.79
296.66,9.4,-190.77
301.58,28.351,-218.78
285.99,8.9561,-181.94
251.15,47.484,-198
171.88,60.638,-72.249
187.25,35.27,-123.23
118.51,111.58,-62.286
276.63,25.764,-231.36
128.78,59.109,-69.826
122.11,77.563,-26.857
195.46,45.507,-99.429
289.39,13.607,-183.24
287.16,-9.0154,-197.67
324.54,-25.764,-229.26
215.56,21.221,-154.25
213.21,26.882,-132.45
289,8.0141,-251.44
138.08,75.915,-38.877
300.97,-26.933,-228.67
153.98,78.57,-116.49
244.94,32.224,-166.86
32.799,109.97,-22.101
331.85,17.754,-265.71
200.21,89.355,-119.84
92.42,88.762,-30.883
339.43,-33.194,-272.44
182.55,48.101,-145.11
247.7,66.133,-202.43
221.49,53.139,-137.11
85.734,107.54,-8.6283
51.358,115.24,-43.072
196.42,63.629,-178.99
182.11,66.56,-165.1
142.93,90.216,-60.278
295.74,18.597,-275.07
303.74,-18.456,-249.1
249.06,24.488,-232.02
153.12,65.727,-129.21
138.88,117.49,-68.572
87.789,84.385,-47.448
196.46,93.084,-119.35
112.37,127.22,-46.516
287.42,-1.8071,-220.77
298.32,16.632,-212.78
297.87,39.91,-230.48
254.5,30.187,-173.74
228.87,33.965,-158.81
209.96,34.683,-163.06
280.36,13.115,-201.74
141.83,117.45,-74.291
53.791,94.841,-13.908
303.24,-19.567,-252.29
262.65,14.225,-193.95
180.66,49.255,-145.18
131.48,92.868,-116.25
209.28,35.055,-162.24
186.75,49.479,-160.34
68.274,130.67,6.2672
82.769,114.09,-4.3508
260.11,63.042,-199.77
135.51,68.832,-84.506
194.23,74.486,-173.2
332.85,11.279,-293.77
83.935,130.14,-10.986
204.73,56.275,-187.57
62.307,132.62,-43.235
132.98,113.66,-54.443
171.55,65.482,-97.056
264.68,18.576,-189.27
240.07,73.158,-186.89
243.68,59.748,-212.51
295.5,-16.09,-249.5
119.28,78.474,-96.439
210.27,80.063,-176.27
294.32,32.291,-260.05
91.933,107.13,-79.585
162.07,99.448,-133.29
319.21,1.6196,-301.06
121.54,82.861,-51.999
50.371,142.23,-23.751
72.681,120.49,4.9047
224.34,65.115,-198.63
328.47,-37.219,-282.67
223.68,58.066,-203.2
309.76,24.197,-273.29
290.11,40.49,-245.73
307.18,33.796,-239.03
147.29,67.373,-122.48
128.29,75.86,-65.59
65.383,142.93,-11.203
137.74,116.55,-64.667
72.937,119.96,-60.087
261.77,62.248,-199.13
277.1,-1.9972,-222.76
229.96,62.34,-142.17
61.773,137.69,-36.136
52.865,134.06,-36.157
56.723,95.426,-31.771
72.889,111.82,-62.438
86.538,120.03,-69.776
32.867,115.74,-25.478
90.959,114.67,-76.244
187.48,65.516,-170.39
64.521,134.46,-42.214
207.35,42.823,-140.87
54.952,146.21,-7.9712
227.73,34.646,-157.56
50.175,104.82,-37.633
186.84,57.797,-113.05
122.3,78.756,-101.13
253.15,66.175,-198.27
293.6,35.407,-255.05
80.892,117.06,-67.498
80.092,135.65,-45.663
267.72,49.147,-232.18
212.97,52.456,-131.9
298.44,37.029,-249.64
344.93,-22.721,-265.74
196.28,89.574,-158.52
282.15,49.375,-224.65
197.94,61.604,-180.67
224.9,29.296,-167.91
115.22,75.246,-77.499
300.2,-13.509,-282.9
75.836,128.84,-55.114
103.27,106.3,-23.12
195.89,41.786,-149.21
45.399,97.662,-17.119
280.57,50.943,-216.57
66.569,112.8,-56.791
289.09,16.876,-205.01
269.91,25.748,-253.11
122.56,112.39,-41.768
214.73,37.48,-151.21
112.67,76.768,-79.991
336.96,-32.349,-270.8
146.2,111.78,-69.709
192.29,97.648,-122.92
249.06,14.083,-196.94
301.91,23.757,-216.42
163.03,56.837,-116.82
241.12,62.718,-208.03
281.27,43.67,-198.55
324.33,20.002,-277.37
178.88,53.286,-118.94
221.16,72.86,-189.1
124.09,89.112,-47.183
56.142,95.051,-29.31
139.55,99.45,-120.02
270.55,52.314,-226.32
226.93,80.24,-173.88
107.68,110.57,-26.623
319.96,16.377,-285.9
229.52,75.939,-149.44
263.38,44.117,-236.93
317.99,8.1137,-295.23
220.48,67.937,-132.86
106.19,95.905,-92.748
86.975,85.935,-37.59
84.274,85.939,-39.426
208.41,42.066,-186.7
184.45,101.67,-119.58
124.23,71.977,-85.431
125.35,124.38,-65.617
298.38,-18.507,-255.09
195.32,41.744,-153.07
268.55,21.478,-188.54
110.8,108.68,-94.064
57.817,109.65,-48.268
239.49,44.306,-154.81
306.54,21.947,-221.61
238.79,19.619,-188.15
107.47,130.2,-48.599
168.37,56.115,-113.91
118.77,104.71,-102.04
110.96,122.18,-80.859
281.02,29.997,-258.08
165.57,97.527,-81.781
227.81,37.115,-210.03
273.67,0.37055,-218.62
88.481,84.763,-56.879
285.42,6.8167,-271.12
272.91,21.428,-257.04
107.67,80.575,-52.103
275.16,45.907,-191.05
285.79,44.669,-237.62
48.437,131.66,-35.352
143.61,117.92,-89.066
243.08,16.016,-209.23
171.64,57.756,-147.3
64.184,134.34,8.1703
182.37,49.905,-152.38
147.29,88.374,-130.81
201.01,38.928,-157.88
101.31,101.8,-88.439
238.95,74.504,-182.5
218.63,79.205,-179.12
250.16,54.544,-220.75
110.6,84.613,-44.658
87.471,131.73,-56.048
247.02,19.747,-226.23
264.07,3.6227,-233.68
180.67,63.598,-103.7
202.12,55.275,-184.85
230.47,79.226,-173.26
214.77,32.354,-166.58
307.44,33.774,-240.65
274.5,8.4505,-204.28
64.997,139.83,0.12229
134.56,120.06,-67.734
126.37,109.31,-44.53
253.38,65.592,-200.34
189.55,65.073,-172.41
126.19,123.87,-75.595
134.86,97.313,-117.7
189.48,49.024,-127.97
127.42,107.92,-45.183
149.21,104.62,-67.026
293.12,36.435,-253.24
72.023,123.42,5.2131
265.48,8.0483,-204.29
194.54,96.743,-139.49
133.47,68.578,-89.78
237.54,43.431,-220.12
223.88,58.046,-136.96
118.08,79.881,-55.278
85.26,110.93,-7.0849
102.14,120.67,-78.771
312.5,-15.189,-299.23
85.413,96.973,-71.588
329.81,14.427,-288.12
197.35,81.228,-110.8
239.84,59.555,-211.3
175.28,103.37,-101.83
168.77,77.809,-151.7
218.03,41.239,-199.45
191.33,58.089,-173.59
278.78,42.067,-243.97
254.46,35.423,-236.95
106.25,94.697,-92.567
114.53,127.82,-54.217
320.52,-10.651,-242.48
266.23,27.707,-249.38
191.88,45.795,-163.07
239.33,39.719,-222.55
224.18,42.887,-146.45
190.86,49.679,-167.59
145.89,99.225,-61.749
296.4,-14.71,-243.96
195.03,44.58,-138.1
275.12,27.241,-256.36
196.29,43.491,-140.82
190.76,96.845,-116.55
90.733,94.761,-21.531
121.74,116.18,-43.127
339.71,-1.1038,-256.31
302.77,-0.10595,-289.09
212.69,80.195,-176.67
291.59,22.453,-269.8
192.21,59.808,-174.9
209.37,66.5,-122.35
199.71,94.737,-132.69
270.11,0.9997,-243.84
100.77,83.783,-77.2
296.22,28.615,-265.4
290.4,-0.9575,-220.2
214.18,34.875,-187
286.38,47.292,-220.34
166.51,64.022,-96.811
100.15,92.541,-85.369
195.94,61.147,-114.75
126.94,123.95,-72.51
175.39,94.938,-91.729
206.22,42.303,-141.72
286.36,-10.493,-241.37
140.92,90.584,-58.546
249.76,20.271,-183.06
275.51,-4.1664,-242.68
287.65,-11.623,-257.9
109.64,123.6,-78.018
327.07,-10.134,-246.33
268.87,50.08,-230.79
225.01,82.563,-158.55
68.12,90.663,-26.317
210.15,34.804,-161.8
286.02,36.557,-200.77
290.18,40.366,-245.98
245.56,28.316,-171.17
251.43,66.102,-174.99
291.59,41.556,-215.13
149.92,102.34,-124.08
222.9,74.774,-138.26
306.09,-23.171,-261.35
193.35,56.402,-117.6
202.55,51.739,-184.61
141.62,79.42,-66.456
153.13,99.919,-128.22
282.5,9.6198,-268.03
228.07,26.783,-200.54
114.02,126.03,-46.176
54.526,101.1,-39.116
101.2,126.29,-70.515
212.98,33.108,-166
221.35,70.64,-191.77
228.9,27.868,-204.26
82.322,92.232,-63.85
195.67,96.604,-129.07
242.34,39.718,-225.3
206.77,78.005,-120.21
166.55,57.906,-138.68
257.04,59.285,-214.9
289.98,10.574,-209.19
194.53,67.267,-176.53
166.05,55.449,-127.75
162.7,85.586,-144.28
185.71,64.459,-168.62
113.22,87.034,-96.956
158.71,112.27,-96.607
136.31,88.086,-56.285
266.65,41.991,-179.27
249.17,52.992,-221.97
277.56,-5.7059,-239.36
256.23,57.791,-217.67
81.275,103.97,-7.3201
116.82,74.996,-82.117
202.27,86.645,-164.43
326.93,21.058,-261.26
130.35,100.87,-47.304
182.78,112.94,-135.8
94.289,94.288,-67.219
132,133.47,-94.792
222.65,38.146,-210.42
241.75,59.304,-174.44
265.88,63,-244.84
278.26,22.268,-283.62
295.52,9.3941,-301.93
124.82,136,-89.235
109.02,108.35,-114.81
246.29,38.499,-249.82
235.62,68.038,-167.51
331.16,25.999,-278.79
82.942,119.92,-90.708
228.65,57.055,-231.21
54.658,121.26,-4.0957
275.6,42.378,-272.78
90.402,94.992,-72.283
110.32,111.12,-50.121
50.222,158.91,-27.117
126.84,82.604,-98.871
80.963,148.49,-37.256
282.68,58.312,-246
58.725,105.11,-46.193
160.33,88.038,-163.43
141.59,124.13,-125.22
166.13,69.87,-125.35
112.26,137.11,-93.15
260.06,19.144,-257.71
28.248,125.94,-39.085
272.22,64.587,-219.32
69.305,147.52,-61.209
308.14,42.219,-270.91
32.07,149.67,-38.467
301.66,41.409,-279.89
40.256,150.62,-42.625
226.24,52.257,-229.22
154.49,75.427,-149.29
53.424,109.92,-19.293
221.96,47.838,-222.87
154.13,76.335,-150.03
92.596,135.61,-88.774
279.37,48.752,-213.3
283.57,0.30273,-273.8
81.708,148.51,-38.674
336.24,-17.98,-284.75
227.9,49.02,-171.95
228.85,69.014,-160.91
234.73,74.59,-167.56
130.1,133.93,-88.222
222.73,92.972,-170.01
148.49,80.748,-146.9
92.923,108.52,-39.685
248.84,79.559,-204.05
146.6,100.51,-82.78
297.78,18.486,-302.02
127.41,82.445,-112.72
242.63,50.84,-178.71
199.98,52.75,-192.86
71.165,149.85,-24.705
316.57,33.411,-291.67
276.59,39.719,-210.07
237.13,81.672,-176.29
280.07,31.805,-215.67
45.546,145.26,-50.95
336.42,6.5995,-272.53
179.21,111.18,-155.04
202.09,75.901,-202.99
162.32,120.69,-131.88
306.19,-15.008,-287.95
43.249,137.29,-53.722
196.59,74.312,-132.95
81.859,106.52,-35.755
299.23,23.676,-234.26
303.18,-10.276,-301.07
246.79,78.497,-215.7
253.32,20.583,-223.09
297.82,40.459,-234.15
120.07,86.392,-86.505
105.62,140.1,-85.043
55.954,151.72,-48.817
170.57,71.813,-169.17
196.91,58.729,-195.33
128.42,87.954,-126.75
55.888,106.19,-45.322
188.2,105.13,-127.49
249.33,29.787,-250.29
315.92,30.473,-254.49
201.27,91.38,-134.51
53.041,158.41,-21.422
203.91,47.773,-178.24
231.07,84.679,-206.98
98.315,94.185,-65.486
243.82,42.404,-185.83
235.16,84.989,-204.44
260.24,41.856,-262.78
303.3,40.583,-281.11
312.7,18.276,-247.7
343.22,16.025,-287.27
201.2,90.497,-192.27
105.06,142.33,-64.587
293.69,39.491,-282.85
243.51,72.837,-177.8
288.57,2.731,-248.8
326.96,25.983,-304.19
102.96,97.023,-102.44
86.314,103.04,-42.992
244.72,76.882,-183.15
170.3,116.96,-140.96
280.03,10.899,-283.11
55.115,157.75,-29.032
309.43,-4.921,-315.8
60.006,156.21,-25.668
235.87,32.482,-200.28
98.965,144.38,-69.678
171.35,72.41,-170.71
117.29,137.98,-73.834
78.249,99.099,-55.175
295.25,16.521,-234.82
205.75,47.261,-176.89
321.75,26.16,-305.1
153.18,74.913,-146.19
139.58,77.281,-114.45
163.42,105.57,-97.729
216.05,92.514,-192.63
302.15,31.856,-236.53
245.77,36.447,-248.74
203,91.077,-192.4
37.275,154.86,-35.749
141.33,129.62,-96.765
125.44,100.96,-130.08
38.661,145.2,-46.305
279,8.1359,-279.14
184.53,78.576,-122.02
327.59,29.487,-291.41
137.34,118.47,-131.38
193.7,108.25,-148.85
96.575,102.2,-48.732
305.61,-0.38542,-254.99
203.08,53.005,-160.57
86.986,96.086,-67.571
109.92,114.45,-48.579
103.28,143.15,-71.953
67.106,104.22,-61.137
42.293,137.1,-53.015
215.18,97.837,-172.62
151.39,89.891,-154.69
140.58,81.967,-97.313
313.29,26.188,-248.63
161.96,67.95,-143.57
201.1,60.709,-147.7
227.09,45.236,-228.35
239.84,65.422,-234.8
261.73,61.645,-195.99
151.86,94.09,-89.701
64.497,113.69,-70.791
236.91,42.177,-183.2
327.55,20.081,-264.98
71.088,122.15,-79.984
105.23,98.279,-58.181
73.29,148.89,-25.959
263.69,22.427,-266.39
121.01,100.91,-63.994
180.17,61.628,-144.43
225.44,91.498,-172.47
171.52,71.981,-170.61
239.58,47.664,-179.01
143.27,76.275,-114.17
111.57,109.85,-117.12
109.03,106.95,-114.71
104.82,95.982,-103.71
167.86,118.55,-136.38
295.87,14.764,-301.67
294.68,-2.2191,-257.23
166.6,117.83,-113.05
221.8,38.228,-207.58
265.89,34.826,-269.84
225.27,82.306,-210.71
186.69,56.556,-160.38
135,111.86,-70.733
286.01,56.795,-245.23
218.39,96.122,-171.41
238.51,32.642,-198.74
231.86,44.479,-234.15
134.52,108.1,-136.86
237.74,58.178,-171.48
267.02,48.731,-199.64
248.94,57.664,-246.02
295.52,47.377,-268.89
47.229,111.3,-14.814
166.82,72.4,-164.4
298.09,-3.9142,-299.85
225.81,67.909,-224.52
161.75,101.06,-160.55
254.24,40.826,-192.79
220.59,86.115,-155.57
307.56,-16.035,-293.29
314.27,-20.161,-295.2
131.92,80.237,-107.74
160.61,113.99,-98.707
188.78,92.075,-121.45
339.89,14.004,-279.29
298.05,15.72,-237.11
292.98,17.393,-298.42
320.75,4.87,-258.9
184.38,111.21,-132.41
96.805,93.281,-70.65
189.88,100.72,-175.48
124.93,135.41,-81.104
171.96,98.471,-105.35
224.52,62.844,-225.98
255.23,24.584,-212.18
238.13,52.264,-174.81
163.51,94.816,-164.96
191.73,104.9,-132.7
52.085,158.61,-26.546
335.45,-19.911,-286.59
145.16,121.73,-86.032
327.68,-21.126,-287.14
90.311,98.036,-54.416
121.82,136.86,-80.886
159.36,117.8,-101.04
261.02,55.561,-253.96
274.18,12.705,-232.21
122.71,119.57,-121.72
294.87,49.491,-240.09
191.79,100.84,-175.8
103.79,117.73,-42.664
114.83,138.59,-87.454
289,25.147,-225.52
155.09,78.979,-154.24
100.69,113.45,-107.06
97.936,143.62,-53.546
169.09,78.544,-171.11
90.012,140.86,-80.317
255.92,65.018,-190.01
301.82,43.573,-274.76
91.615,111.3,-36.533
231.6,36.696,-228.02
273.59,13.849,-230.22
212.58,50.769,-211.66
215.2,79.764,-147.19
183.01,81.845,-185.13
91.122,143.37,-41.628
277.58,54.234,-213.71
304.3,24.581,-238.7
110.99,106.21,-53.369
252.63,52.795,-185.63
297.68,30.479,-231.58
310.94,7.2811,-250.77
283.1,10.896,-287.39
129.39,98.575,-71.27
281,14.874,-286.04
191.51,88.411,-124.08
89.623,129.07,-92.683
63.514,153.35,-46.622
218.41,53.516,-163.03
265.53,29.867,-207.92
122.66,91.417,-122.6
158.54,82.27,-160.46
74.337,147.35,-24.81
207.41,77.756,-206.08
133.84,84.682,-130.48
116.92,117.98,-54.116
67.847,142.05,-12.123
221.23,65.53,-222.31
227.47,75.496,-159.56
194.16,59.743,-147.27
173.44,104.87,-164.02
334.79,-10.78,-277.72
50.916,108.05,-42.825
205.37,90.129,-138.76
252.13,77.295,-202.18
263.91,69.359,-229.37
240.7,69.722,-173.11
67.142,139.7,-69.642
56.301,109.68,-20.483
256.27,23.778,-213.59
159.51,68.857,-137.7
180.26,105.05,-166.42
291.96,24.738,-227.94
223.81,90.209,-165.36
94.958,107.08,-42.281
150.93,112.73,-144.49
224.44,37.188,-212.54
270.05,23.412,-274.75
283.96,15.215,-230.34
58.854,148.08,-6.5086
137.22,115.64,-133.99
147.11,87.112,-92.271
105.45,94.933,-63.983
61.917,131.87,-70.472
109.59,130.2,-50.222
329.48,-22.975,-290.22
158.09,106.25,-92.453
139.67,105.96,-141.76
37.989,154.48,-36.632
252.42,29.865,-203.45
190.95,69.214,-133.59
304.18,-6.9291,-307.2
209.01,100.96,-165.23
142.22,77.584,-130.96
208.66,60.678,-211.07
213.71,82.979,-146.02
305.4,-8.4418,-307.84
253.61,67.083,-237.83
92.618,143.52,-75.516
246.86,60.445,-178.95
268.4,4.239,-123.32
279.64,-43.375,-148.16
164.24,57.121,9.2445
158.34,23.632,-30.072
257.09,0.9093,-56.053
150.29,32.774,41.406
256.97,-27.238,-74.796
78.474,49.95,38.602
155.56,59.895,6.3857
320.47,-36.149,-127.21
336.63,-79.836,-208.92
294.29,-45.273,-171.24
309.16,-27.007,-181.72
364.53,-93.881,-216.88
339.36,-28.442,-157.58
118.97,39.732,4.2764
147.23,10.535,9.7026
142.33,64.986,25.05
312.61,-17.097,-170.39
302.69,-18.009,-168.23
160.05,40.454,-26.951
253.41,20.149,-68.896
346.43,-60.184,-235.36
354.64,-88.843,-207.15
97.872,28.301,39.197
351.87,-75.212,-243.66
122.93,64.93,17.355
221.64,34.07,-55.712
237.79,23.052,-83.391
198.26,44.419,-21.37
226.12,-0.77641,-29.925
125.07,22.876,7.7857
141.42,12.43,9.2059
151.8,28.994,-24.424
120.17,61.156,65.627
112.83,73.836,56.864
298.74,-2.2291,-133.05
167.79,22.195,24.028
191.08,28.791,-55.332
182.73,12.899,-52.425
154.41,14.611,-20.886
103.48,75.549,68.629
98.796,39.043,76.929
129.74,17.777,11.369
325.61,-69.95,-203.73
291.86,-9.3359,-151.87
152.95,9.6049,-9.5196
242.6,-23.413,-107.06
329.3,-18.76,-160.01
186.12,36.102,10.468
294.85,-26.939,-170.32
233.92,8.5226,-99.171
343.46,-84.513,-213.27
338.27,-81.569,-204.82
259.4,-37.368,-107.08
362.82,-95.176,-223.5
116.67,28.228,11.953
210.45,-4.1514,-77.268
280.53,7.6408,-110.23
343.83,-37.075,-211.82
205.43,41.702,-29.962
315.61,-11.757,-137.34
350.34,-31.079,-184.71
305.32,-5.4669,-137.79
202.53,-5.379,-65.205
134.23,34.961,-8.896
257.84,-11.67,-59.97
110.18,25.927,52.672
68.61,50.672,47.541
184.49,49.796,-10.123
148.63,53.061,40.977
353.23,-52.814,-236.16
299.06,-53.142,-172.88
253.13,-8.7445,-123.86
233.51,1.3215,-34.293
337.76,-69.658,-166.77
112.71,71.286,63.622
216.01,-2.5411,-25.13
276.48,8.794,-111.63
325.98,-56.577,-211.77
347.8,-69.342,-238.92
293.95,-7.3039,-149.31
241.89,-27.76,-96.247
345.36,-85.217,-218.81
275.13,-36.852,-147.09
263.77,-13.04,-135.37
285.73,-7.7851,-87.642
178.61,12.879,10.274
196.54,-6.7531,-27.659
230.93,-2.8283,-100.87
179.21,11.608,8.7136
267.45,-37.626,-132.69
360.86,-56.003,-244.35
191.4,30.594,-54.129
342.49,-46.264,-222.62
322.13,-17.026,-168.63
325.45,-69.838,-165.74
113.85,23.708,46.641
141.86,61.575,7.3335
247.12,-15.905,-118.02
355.38,-34.074,-196.19
260.64,-16.803,-65.323
123.65,67.576,22.255
169.6,32.75,-38.02
192.13,31.537,-53.748
155.02,12.711,-19.407
152.39,11.638,-13.685
302.16,-14.541,-106.93
294.51,-1.1843,-109.68
208.62,4.4051,-14.618
335.27,-79.114,-190.68
349.16,-66.516,-240.22
348.1,-62.319,-237.89
268.69,-3.9558,-133.31
329.84,-19.11,-164.72
298.48,-58.43,-153.2
313.81,-42.016,-195.27
128.85,37.241,-4.2435
340.23,-51.482,-152.42
290.67,1.1733,-106.42
148.71,10.899,13.818
286.98,-9.428,-149.78
324.2,-27.499,-190.56
206.95,41.077,-34.262
295.52,-9.296,-100.35
365.33,-40.03,-209.28
328.49,-59.537,-214.83
212.75,35.725,-23.666
327.79,-19.022,-170.51
134.88,46.209,-6.7517
228.54,0.51811,-98.061
268.15,-41.035,-125.51
267.54,13.928,-98.047
302.73,-17.281,-106.62
257.43,-30.535,-80.825
329.77,-69.324,-164.25
287.74,-23.512,-90.954
294.18,-23.149,-96.916
306.9,-62.612,-156.04
213.02,17.04,-78.374
344.06,-73.869,-232.94
181.56,3.017,-44.624
298.63,-12.567,-102.94
229.36,-16.826,-93.194
315.58,-53.667,-135.44
243.08,14.252,-43.66
311.6,-13.466,-162.79
220.77,14.604,-20.064
283.01,-36.216,-97.752
225.62,32.189,-40.555
189.98,-4.8458,-43.288
287.85,-26.649,-92.633
213.02,7.6458,-15.568
250.8,-29.658,-112.75
324.49,-71.578,-171.73
141.36,15.274,26.128
283.16,-48.038,-121.22
110.92,31.336,62.536
366.93,-42.763,-195.73
301.57,-59.641,-150
246.99,21.886,-84.899
288.33,-5.589,-92.274
310.91,-22.72,-178.2
318.29,-12.575,-145.47
185.32,35.507,-46.165
124.31,29.496,2.3236
166.27,53.45,-12.476
275.17,3.059,-127.1
303.8,-15.097,-108.97
111.93,22.808,40.74
85.118,74.027,44.008
243.96,25.176,-63.549
244.35,13.565,-100.7
319.3,-15.14,-137.21
184.98,2.3148,-6.0617
104.89,63.468,23.462
204.84,-4.4661,-22.771
316.59,-65.553,-190.96
285.13,-50.74,-132.41
221.45,24.591,-23.261
295.39,-45.783,-172.63
135.39,36.825,53.551
262.75,-10.038,-63.342
260.78,15.275,-72.016
225.34,-16.683,-49.623
346.44,-44.944,-223.72
241.33,-10.996,-47.81
313.43,-15.5,-124.08
92.903,36.936,76.991
331.42,-58.745,-218.5
276.91,-32.274,-89.952
132.09,53.259,-0.33533
244.17,-22.507,-110.59
106.08,75.277,64.971
166.6,7.0382,6.088
355.47,-79.816,-188.31
289.36,-43.765,-164.6
220.63,-5.7658,-89.1
113.97,22.308,28.767
175.27,36.229,-39.656
115.06,70.463,61.784
379.53,-58.696,-201
154.2,55.6,-6.7425
352.27,-38.548,-215.82
122.18,61.331,12.703
140.26,22.882,39.752
324.96,-60.757,-149.01
129.13,30.474,-3.1576
274.77,-32.581,-148.82
282.53,0.95328,-89.065
207.09,4.1048,-13.904
208.23,-3.3794,-74.916
336.81,-26.905,-190.69
284.82,-41.193,-105.42
196.23,-1.448,-15.377
110.88,74.605,41.548
237.13,-25.467,-72.721
253.28,-4.4544,-53.089
282.74,-28.997,-158.9
307.57,-49.355,-126.1
97.271,78.123,49.104
91.977,29.211,50.663
173.39,1.2635,-25.588
327.96,-43.413,-137.09
271.47,-2.7617,-133.76
184.22,3.0685,-4.5617
127.28,68.803,45.9
367.66,-43.001,-222
365.65,-47.69,-185.56
108.96,50.443,13.521
177.67,35.634,19.08
360.7,-79.868,-190.77
272.9,-42.621,-134.4
288.57,-46.479,-161.06
219.17,-7.9917,-33.01
131.07,62.166,10.482
375.99,-47.538,-230.72
171.71,5.1321,1.4985
368.74,-90.861,-209.87
187.84,11.771,-57.478
163.55,45.631,-24.401
298.63,-1.6837,-123.6
345.8,-31.065,-198.47
162.79,10.405,-27.271
89.968,44.599,29.575
248.01,-31.563,-97.569
287.96,-47.096,-159.24
146.08,17.239,-12.935
334.51,-48.465,-145.55
252.3,-2.255,-51.63
94.087,80.978,63.017
211.23,16.921,-77.124
357.86,-47.905,-233.09
307.55,-7.8728,-125.64
364.76,-84.344,-198.5
170.03,3.4529,-3.6083
328.22,-74.016,-201.58
216.36,-16.601,-54.27
229.42,-12.628,-96.9
182.73,13.951,-52.634
133.61,38.238,55.387
306.44,-24.508,-110.22
258.96,12.755,-64.396
141.54,57.5,45.244
161.7,49.993,28.656
121.24,71.938,44.777
189.4,45.722,-4.172
99.199,33.018,27.833
247.96,-20.505,-117.5
194.58,-5.79,-25.215
160.46,40.418,34.29
285.51,4.0275,-122.2
121.1,35.011,3.15
169.25,8.6564,-34.078
140.56,65.591,24.39
358.74,-38.624,-183.76
83.541,55.909,34.041
337.33,-80.886,-205.51
284.34,-40.293,-103.87
244.55,-25.71,-70.065
305,-52.603,-183.59
330.25,-27.472,-141.67
96.226,64.683,29.287
106.18,53.101,16.392
215.04,12.75,-82.225
254.48,-26.331,-72.604
280.99,-1.996,-84.099
238.53,-21.096,-103.07
319.56,-54.977,-139.1
339.14,-31.096,-153.74
307.46,-53.877,-132.44
296.02,-0.77751,-130.02
194.97,-4.0196,-20.256
213.61,-10.541,-75.835
164.42,57.014,9.4831
319.85,-16.31,-167.77
155.78,14.064,-22.08
144.49,14.312,23.787
217.84,-15.992,-49.541
312.58,-51.299,-131.03
306.23,-62.168,-154.83
341.89,-80.117,-187.72
242.16,-22.335,-107.57
235.93,-25.6,-86.042
329.82,-27.942,-193
161.38,10.371,13.722
320.55,-70.193,-189.52
198.78,36.346,-51.163
275.8,-22.419,-110.95
76.822,79.799,37.253
375.31,-34.673,-197.44
244.49,24.429,-45.367
123.78,38.683,23.607
364.65,-75.495,-227.75
220.65,10.576,-88.865
301.32,17.269,-124.96
254.49,-7.0085,-76.577
118.57,47.567,51.655
101.19,83.686,23.008
248.5,29.936,-109.62
233.02,33.346,-97.181
177.24,27.961,2.5301
346.57,-13.253,-207.81
332.09,-56.582,-202.89
295.31,-4.0891,-171
196.84,31.818,-68.578
186.38,54.619,8.4307
122.83,44.121,6.7385
242.46,28.92,-43.386
160.38,65.803,30.401
315.86,-47.302,-171.32
330.11,-41.186,-154.52
343.62,-15.554,-158.49
285.42,-25.73,-117.21
260,-16.752,-104.28
244.86,-5.5803,-109.01
309.79,-39.963,-148
190.62,55.507,3.663
87.198,54.751,38.48
332.15,-55.93,-206.24
292.39,-33.919,-141.99
219.45,12.399,-88.499
184.33,58.046,-45.591
244.17,-5.2968,-108.17
229.26,15.838,-101.09
107.66,67.903,74.659
117.21,52.368,58.365
310.3,7.9312,-123.25
169.62,24.46,-29.549
249.01,37.144,-99.423
381.84,-28.884,-224.9
126.22,67.094,60.575
255.51,23.724,-120.07
117.45,92.247,32.214
175.67,48.675,18.377
203.67,9.9646,-39.432
294.47,-33.352,-135.64
292.78,20.085,-108.58
298.28,18.22,-137.14
325.85,-50.693,-202.67
162.44,44.479,-36.365
266.12,35.219,-98.167
346.16,-7.9103,-188.16
144.36,73.009,-9.6752
218.65,55.715,-54.892
368.29,-27.101,-236.98
153.26,28.896,4.5264
104.96,97.522,52.966
108.08,58.391,68.798
279.3,25.912,-123.88
356.44,-69.363,-239.42
277.37,22.541,-131.36
360.51,-16.172,-202.48
341.42,-5.2889,-172.01
351.97,-21.27,-168.23
190.39,33.129,-62.359
160.47,25.724,-10.211
114.8,85.942,65.306
183.9,52.838,11.275
126.87,84.127,12.152
311.28,6.2714,-122.97
307.28,-41.793,-173.9
266.89,-1.7284,-75.823
116.84,93.604,40.825
107.64,94.948,38.364
95.155,61.051,23.48
124.43,78.71,6.1076
141.66,81.705,4.7799
80.038,85.658,37.16
145.39,78.031,-3.1445
238.87,32.142,-101.89
119.79,92.232,34.164
239.24,-6.9362,-85.952
105.93,92.112,68.952
258.89,-16.187,-102.95
94.643,73.872,22.525
218.84,3.2108,-55.966
166.55,45.182,-40.08
304.93,13.058,-120.93
345.26,-7.1523,-182.33
134.91,81.105,4.8795
134.93,87.243,32.903
321.09,6.5535,-157.64
245.23,-5.6429,-73.02
348.57,-10.341,-176.49
371.51,-72.567,-216.39
252.28,42.085,-79.119
331.7,-3.0935,-149.94
249.56,28.31,-111.96
257.37,-14.872,-114.77
152.17,36.202,-21.812
340.61,-37.376,-230.05
131.34,87.718,21.041
137.71,44.207,39.758
231.18,1.0126,-94.548
81.811,62.207,36.46
328.57,-4.3847,-142.27
117.61,80.17,11.026
319.84,-39.794,-148.35
320.22,-4.377,-187.15
162.37,47.455,27.989
246.7,-10.42,-97.007
151.23,39.6,-23.414
362.32,-74.328,-226.1
190.99,47.157,5.1789
241.55,35.909,-44.553
281.25,-26.431,-145.66
337.01,-35.808,-153.92
198.62,15.172,-61.459
295.86,19.944,-131.98
321.23,-17.705,-130.15
372.91,-24.66,-207.01
211.83,5.795,-63.877
276.68,29.632,-112.04
156.47,30.658,11.965
93.792,60.035,25.388
195.01,60.939,-45.034
323.09,5.3372,-150.79
280.15,26.561,-94.78
144.22,46.899,39.141
370.16,-22.001,-216.52
273.74,12.092,-75.492
316.74,6.5671,-164.56
367.99,-23.789,-228.82
257.98,3.3581,-65.695
156.45,62.817,-25.563
119.85,41.735,15.996
118.01,43.75,14.206
253.12,10.496,-126.02
235.21,41.395,-40.254
161.15,32.608,-29.638
176.24,65.193,13.384
329.09,-51.686,-208.5
231.77,2.8019,-97.953
298.75,-33.185,-133.3
165.71,71.205,-20.093
106.26,78.364,16.228
272.1,-15.248,-94.953
341.9,-37.31,-158.97
271.77,-20.813,-136.07
157.8,71.277,29.693
202.2,10.92,-58.893
173.53,67.568,-28.372
167.15,76.389,-1.9851
333.03,-4.258,-188.55
206.12,31.745,-10.874
275.05,6.9188,-147.27
303.96,-39.999,-169.4
126.3,47.904,-1.2103
331.89,-19.244,-210.93
322.35,-7.5885,-192.45
140.22,33.666,2.2919
314.53,-16.109,-122.99
336.86,-3.2567,-163.23
102.6,94.822,37.559
196.63,61.012,-8.7957
280.27,-17.136,-155.82
215.34,24.165,-86.824
104.9,71.937,77.812
223.27,15.018,-94.304
200.74,52.973,-59.268
237.1,-0.13874,-103.09
153.15,67.999,-19.285
291.04,19.891,-104.19
273.96,31.77,-100.45
304.39,14.426,-146.37
142.17,32.45,10.952
142.94,84.895,22.508
290.05,-9.1866,-168.45
301.1,-26.843,-181.58
212.91,6.8836,-45.454
252.05,23.069,-118.39
282.7,23.852,-94.482
249.23,-8.2443,-112.86
352.66,-20.759,-169.62
303.61,-39.842,-152.92
110.02,79.112,73.582
183.32,58.329,10.105
165.35,44.357,24.355
305.51,13.33,-122.99
241.11,31.636,-103.7
179.66,68.432,4.5366
189.4,60.532,-44.413
222.15,1.1179,-73.028
165.93,43.042,23.186
190.16,39.039,4.2136
344.71,-6.8473,-180.3
108.52,60.877,70.458
295.52,-35.913,-153.79
247.97,40.834,-59.209
169.25,27.352,-34.401
288.91,11.381,-152.21
258.41,-4.341,-73.864
150.03,29.513,-0.03864
118.99,49.826,54.625
158.22,78.509,-1.5652
355.51,-37.877,-244.15
132.47,64.871,-8.2046
378.72,-27.267,-218.68
236.29,15.746,-41.727
294.48,19.384,-136.47
222.66,39.869,-24.689
221.67,43.029,-81.007
264.95,10.478,-136.78
240.37,25.8,-108.03
331.55,0.56214,-170.54
305.62,3.9442,-169.5
155.99,61.771,-25.996
164.73,68.362,24.168
347.89,-61.022,-192.07
316.64,-2.6154,-183.22
233.17,11.644,-104.9
289.77,8.6098,-156.01
255.68,-12.543,-89.519
235.04,16.996,-106.99
183.68,34.23,5.8968
325.57,-52.274,-197.12
228.27,-0.88446,-83.59
326.3,-4.3416,-188.85
229.75,-1.2315,-86.395
238.06,33.418,-39.526
121.86,40.402,34.546
163.47,51.365,28.61
372.38,-56.966,-197.97
349.72,-25.566,-228.65
268.41,34.347,-98.271
342.86,-10.408,-201.65
242.18,27.264,-108.26
244.63,3.2054,-58.096
249.8,34.083,-53.917
308.35,-27.635,-191.24
142.61,49.571,-18.423
347.99,-9.5297,-194.46
318.64,-48.265,-170.19
255.56,2.26,-129.39
333.39,-8.4597,-146.91
198.62,11.09,-40.308
147.73,60.037,-21.256
228.6,2.2459,-55.12
179.47,66.887,7.3066
216.65,29.12,-20.056
238.3,-6.4684,-87.031
317.58,-45.289,-193.54
175.11,28.496,4.0661
280.19,-27.512,-130.52
310.82,-34.697,-192.38
323.06,-40.102,-208.35
165.71,76.975,1.0802
354.96,-62.144,-194.67
322.06,6.183,-155.9
274.91,23.092,-80.476
101.8,49.752,26.714
244.72,-6.0853,-107.85
323.36,-24.625,-135.22
341.51,-5.3193,-172.28
276.11,-24.035,-116.56
296.67,4.3974,-100.88
334.3,-17.516,-144.82
206.39,59.972,-46.372
264.25,9.7734,-66.85
335.92,-56.438,-215.66
225.34,0.89755,-60.117
251.02,19.996,-119.89
173.79,22.601,-8.2318
209.49,58.242,-50.923
329.5,-16.923,-207.09
268.63,-5.1441,-144.09
161.28,63.95,30.231
97.489,69.503,19.729
157.13,80.016,8.2883
247.78,-7.0498,-112.12
276.77,28.885,-115.43
270.84,-3.1779,-146.73
125.72,59.477,-4.0452
245.9,35.981,-50.148
293.22,8.3049,-158.17
246.07,12.595,-50.785
208.43,23.194,-79.651
310.54,12.545,-138.45
319.44,-43.468,-155
247.5,32.684,-105.84
203.9,17.086,-71.408
217.13,48.984,-71.192
236.41,31.429,-101
160.49,54.254,-33.055
209.95,52.526,-17.006
169.45,27.79,4.4614
302.17,-19.941,-115.32
303.28,14.165,-148.26
311.08,-38.212,-190.1
310.07,12.87,-141.65
112.92,46.332,50.708
154.82,37.118,-25.824
258.15,39.36,-85.249
370.94,-31.564,-192.33
166.46,36.993,18.098
242.68,57.577,-48.919
138,56.826,-5.0774
193.95,80.988,-6.981
271.01,10.312,-147.48
285.42,3.3948,-104.46
328.37,23.407,-161.97
335.05,1.2988,-214.72
350.64,-9.5149,-235.66
186.99,84.103,-1.4447
170.01,80.167,-38.389
303.31,15.405,-179.77
281.34,10.327,-94.605
381.6,-22.593,-204.8
144.5,91.767,-13.708
289.44,30.731,-155.8
95.117,71.103,60.035
337.18,13.949,-195.63
136.31,61.252,-9.4134
153.53,55.582,19.21
112.1,112.04,58.223
171.35,45.148,-35.89
138.13,93.508,46.571
341.71,12.298,-164.04
104.74,73.539,15.868
221.5,59.767,-86.788
207.64,81.445,-37.273
208.73,27.389,-62.228
177.49,92.459,-5.2231
310.38,-3.0705,-195.1
83.764,101.34,30.025
327.18,11.354,-138.57
134.43,107.91,24.448
365.21,-2.2299,-191.69
95.92,117.91,42.496
361.79,3.8087,-200.35
104.68,116.48,39.956
284.93,27.3,-156.61
207.51,46.9,-81.137
94.134,68.933,41.187
277.66,23.272,-153.58
207.75,48.079,-81.359
158.36,98.758,-3.6117
325.74,-6.8638,-140.59
328.57,-22.399,-216.59
139.2,93.744,45.402
371.15,-57.08,-231.2
268.63,0.82993,-108.37
273.84,11.607,-88.891
283.05,15.905,-91.494
190.55,79.591,-1.1932
280.15,36.962,-85.474
203.56,52.928,-76.894
134.23,57.508,25.711
307.87,27.922,-119.68
190.86,43.402,-11.674
356.1,-3.4041,-231.11
175.79,50.353,-47.943
284.23,-1.9339,-112.26
251.53,25.333,-126.74
126.4,94.109,57.41
375.28,-4.7124,-213.41
318.94,-13.951,-142.43
290.35,23.864,-95.412
320.63,-19.532,-150.92
109.71,113.16,30.489
377.08,-42.819,-208.5
244.43,65.654,-66.747
265.06,46.6,-124.01
226.49,71.697,-43.212
346.77,-39.329,-234.73
105.48,109.11,24
239.4,19.632,-64.405
122.61,59.548,27.322
339.77,-27.405,-169.64
349.7,-28.898,-244.02
309.03,32.763,-130.47
295,-12.766,-164.85
344.85,-13.614,-161.41
163.26,46.304,-23.795
170.44,94.65,2.7918
120.69,112.47,36.28
226.02,44.538,-98.979
251.8,32.466,-126.18
182.81,59.874,-57.341
102.41,75.37,16.947
242.1,45.542,-45.139
302.83,7.3271,-184.23
362.87,-21.738,-182.63
250.42,31.451,-57.024
112.75,108.01,63.127
248.88,13.67,-116.21
295.02,41.479,-121.02
141,54.152,-3.327
284.14,-6.2353,-122.49
298,38.774,-118.37
320.59,16.718,-188.34
363.27,2.8838,-201.7
353.46,-32.54,-182.97
390.88,-32.659,-216.17
266.71,54.138,-107.6
164.88,88.396,21.6
354.92,7.2481,-204.46
293.06,14.543,-100.59
326.67,-32.948,-193.34
385.23,-10.366,-227.16
156.83,69.134,-33.667
127.3,57.649,19.66
297.2,19.313,-103.17
234.72,68.691,-52.343
332.16,-8.6628,-219.73
116.52,109.6,56.351
361.47,-21.679,-253.71
119.27,104.73,58.877
277.57,-4.4448,-140.49
161.77,94.926,17.74
227.39,45.263,-99.969
176.66,82.969,12.336
122.23,63.273,6.5566
333.73,-30.919,-173.94
249.92,11.858,-115.16
380.97,-7.4084,-228.24
205.27,45.858,-78.797
185.04,41.282,-51.089
211.88,45.507,-20.925
280.63,48.887,-105.83
346.09,-21.441,-167.38
301.77,13.599,-179.87
268.54,53.798,-107.29
101.68,118.43,47.788
201.26,74.378,-9.9007
186.07,72.826,-54.062
102.29,114.47,33.985
329.06,-11.947,-217.72
227.25,24.226,-53.712
383.42,-13.078,-214.3
203.54,81.491,-45.71
254.29,54.047,-61.742
137.67,54.485,15.021
342.27,-40.902,-198.99
245.02,11.027,-98.366
132.36,61.812,-5.0382
153.99,57.766,22.156
165.75,92.851,15.478
116.09,74.938,3.0765
104.36,109.12,24.451
276.11,45.382,-85.91
211.81,61.889,-78.947
182.74,37.562,-33.838
357.24,-26.234,-179.85
209.6,35.205,-79.292
242.48,12.798,-83.552
282.77,21.036,-159.23
303.48,33.489,-153.98
310.11,4.5473,-120.54
195.05,38.694,-20.446
120.16,87.495,-0.84426
277.21,-4.2253,-120.83
372.2,-31.122,-195.99
131.82,94.756,-4.1778
146.53,51.161,5.5331
128.27,92.865,56.008
317.32,1.31,-200.76
163.07,48.156,2.9416
223.47,22.035,-81.805
282.68,35.526,-88.134
227.34,44.805,-100.08
280.43,-2.8732,-114.3
187.82,38.644,-51.064
173.49,81.082,-39.47
169.46,79.032,-38.99
158.44,67.952,-35.142
231.85,69.233,-47.765
352.91,-5.5732,-232.77
332.61,-36.301,-202.63
223.74,59.825,-27.964
269.47,9.6325,-145.05
324.94,11.396,-197.5
290.1,43.847,-125.85
231.9,21.436,-97.661
181.47,52.898,3.5057
343.84,9.2312,-163.87
277.93,42.036,-85.458
279.5,-6.1814,-138.88
288.36,20.543,-164.29
198.71,76.895,-55.77
280.62,3.196,-102.73
310.93,-6.5958,-129.66
311.79,27.658,-166.86
355.47,6.9359,-188.33
87.913,71.116,45.295
221.57,44.837,-94.832
347.27,-22.008,-240.2
289.11,37.879,-144.87
226.84,68.147,-77.783
294.72,-9.5572,-128.54
271.5,26.751,-76.465
349.12,-38.618,-239.77
354.02,-44.239,-242.96
177.48,44.49,-44.378
212.88,53.831,-17.844
235.93,32.587,-46.268
384.88,-35.908,-210.48
336.55,-31.937,-176.11
350.43,-3.4642,-228.88
358.71,-42.318,-198.68
242.46,54.106,-46.708
140.82,56.24,-8.3649
255.76,60.693,-88.836
184.51,80.302,5.3283
218.91,39.005,-30.392
286.49,35.101,-148.72
295.05,-14.932,-153.28
279.68,-0.27992,-108.5
227.3,64.208,-84.549
246.62,45.815,-49.515
113.46,110.69,58.709
370.26,-57.479,-233.81
198.55,62.045,-4.1789
363.12,-54.558,-235.45
132.22,56.462,7.5818
182.26,82.815,6.0021
213.89,58.354,-18.091
323.92,23.538,-173.89
313.01,-25.067,-175.1
188.3,85.33,-37.868
347.39,-2.7449,-162.34
257.59,60.017,-88.91
148.13,60.834,28.451
178.67,90.107,0.63583
328.82,-24.973,-162.09
210.82,51.403,-83.645
162.38,84.951,-29.77
155.92,88.292,31.29
227.83,51.301,-97.471
155.64,100.67,6.1171
304.54,7.509,-114.12
361.27,3.3638,-194.83
133.22,59.032,29.717
283.41,12.085,-162.82
312.34,-24.694,-172.85
267.28,25.453,-143.1
261.94,20.911,-72.71
245.37,53.015,-106.99
146.39,86.483,41.01
326.36,-1.5519,-138.39
345.86,-27.28,-172.68
153.2,52.733,14.029
295.76,-2.3083,-116.56
340.21,-22.418,-164.09
348.64,-39.097,-191.17
336.09,-8.3728,-223.22
171.67,45.325,-3.9017
335.36,-4.8111,-220.25
237.7,29.496,-50.151
154.4,96.605,-10.435
127.32,109.31,39.542
259.42,5.2112,-99.119
304.87,-17.348,-146.22
177.86,63.62,-52.466
216.89,54.88,-87.174
128.28,90.699,56.325
271.34,46.804,-125.39
187.42,56.267,-61.791
163.09,59.479,19.6
116.9,84.465,64.255
283.55,37.274,-144.46
274.69,16.799,-84.642
235.89,15.124,-84.162
239.56,67.045,-78.064
370.57,-53.592,-221.67
98.015,78.156,19.66
254.78,30.258,-61.024
309.37,23.841,-118.93
324.58,23.066,-145.56
288.06,11.521,-98.261
132,106.2,13.129
96.916,67.871,40.247
296.06,-15.484,-154.81
206.1,34.7,-73.936
246.33,64.947,-79.558
331.96,-25.708,-164.17
278.72,32.406,-82.72
136.23,56.47,22.9
217.1,75.904,-58.905
272.83,9.5788,-149.66
325.7,2.4735,-207.07
322.02,-28.45,-171.52
109.65,91.157,71.429
203.12,80.384,-49.379
188.97,36.492,-26.455
147.13,50.778,-1.13
124.68,102.85,8.1773
160.13,70.942,28.443
364.89,-55.61,-238.89
205.93,46.415,-16.403
203.85,74.777,-60.694
102.42,118.16,46.887
292.05,-12.996,-143.31
232.69,18.538,-67.874
353.62,-24.263,-247.62
269.73,47.747,-78.412
192.24,46.952,-65.074
267.41,34.832,-138.01
261.51,23.663,-70.226
354.3,-25.767,-248.82
317.1,29.543,-154.78
157.55,99.596,11.783
291.65,3.7106,-107.43
273.27,-73.002,-85.171
272.32,-105.6,-129.3
163.39,-36.125,48.183
156.89,-43.738,-2.8257
242.65,-97.485,-29.262
132.62,-61.668,63.108
237.3,-111.94,-59.365
76.768,-13.3,63.821
157.63,-28.712,46.424
304.92,-127.6,-104.56
326.2,-136.45,-195.74
291.16,-104.65,-149.18
314.17,-93.073,-148.21
347.73,-157.37,-207.49
333.23,-118.16,-125.74
118.43,-26.479,31.994
130.68,-64.868,24.443
142.53,-26.042,64.15
317.69,-91.502,-133.25
307.99,-88.426,-132.56
163.85,-32.602,8.2719
250.4,-75.469,-31.228
349.89,-114.95,-208.31
338.13,-152.69,-197.3
85.469,-39.645,55.133
351.39,-125.94,-222.5
127.67,-13.857,56.014
223.91,-54.941,-15.288
241.94,-59.988,-43.534
197.35,-49.711,17.879
207.23,-94.812,-9.6941
116.41,-43.994,27.209
126.43,-60.449,24.515
151.53,-38.739,4.2281
109.88,-35.03,95.853
110.74,-18.088,93.935
300.33,-88.406,-94.565
149.03,-71.171,44.119
194.93,-44.872,-19.803
180.73,-54.587,-25.702
147.37,-52.682,0.42618
99.772,-17.104,104.3
79.45,-46.902,93.225
117.56,-51.638,28.159
318.75,-125.61,-187.19
297.02,-83.142,-114.9
140.91,-60.517,7.7244
235.43,-89.141,-86.546
328.74,-104.85,-123.83
174.33,-63.398,40.532
298.32,-90.905,-139.33
237.6,-63.192,-64.652
331.7,-141.57,-201.31
325.81,-140.24,-192.91
244.94,-107.98,-92.179
347.65,-154.9,-214
109.84,-37.526,32.836
205.83,-70.955,-53.597
281.46,-81.325,-71.252
349.55,-105.11,-176.73
205.11,-51.739,9.615
312.8,-102.08,-101.72
349.72,-114.42,-149.77
306.26,-92.123,-99.784
194.92,-73.073,-44.313
133.85,-32.071,19.342
239.68,-106.12,-38.786
91.509,-52.742,66.568
65.784,-11.709,71.207
184.02,-43.562,29.267
138.96,-44.796,72.579
358.89,-112.04,-204.89
292.85,-112.41,-154.12
255.09,-75.796,-93.143
215.78,-94.875,-11.91
318.88,-146.03,-154.07
107.72,-22.764,98.539
196.28,-93.379,-7.1452
278.73,-77.954,-72.193
326.46,-112.04,-187.57
348.66,-121.34,-215.8
298.89,-83.563,-111.52
230.04,-96.587,-79.35
334.71,-140.78,-206.32
270.51,-98.798,-125.49
266.15,-79.512,-104.47
273.67,-105,-58.839
159,-78.01,28.403
178.3,-86.512,-12.843
231.17,-70.007,-71.926
159.49,-78.657,26.467
259.32,-101.62,-113.94
366.76,-114.82,-213
195.54,-44.092,-17.85
348.01,-107.32,-190.71
325.57,-96.628,-130.99
307.68,-140.8,-154.18
95.632,-53.767,60.513
145.94,-21.337,47.063
245.41,-80.945,-92.038
356.32,-114.5,-160.83
241.74,-109.3,-45.747
127.89,-14.1,61.62
172.54,-38.664,-4.4157
196.43,-43.85,-17.002
146.75,-55.055,0.82089
142.39,-56.975,5.0668
291.13,-110.23,-77.684
290.26,-95.045,-74.08
189.37,-88.703,4.8466
320.02,-142.61,-179.66
351.3,-119.24,-215.44
351.28,-116.39,-211.43
273.32,-75.533,-97.846
330.44,-103.47,-128.05
284.66,-124.24,-139.67
316.5,-101.56,-167
128.64,-29.636,24.103
323.78,-138.73,-132.51
286.83,-92.71,-70.369
130.93,-66.939,28.302
292.09,-81.767,-113.48
329.76,-96.958,-155.01
207.45,-51.206,5.6879
285.38,-105.65,-69.892
366.61,-118.56,-174.39
328.43,-114.3,-191.5
207.47,-62.416,12.683
330.34,-100.1,-133.18
138.06,-24.421,26.776
229.52,-67.394,-68.016
256.56,-107.52,-109.33
268.88,-75.208,-58.544
290.51,-112.78,-78.719
238.21,-112.3,-66.183
311.25,-143.03,-152.31
270.44,-116.95,-69.291
277.97,-117.28,-73.813
291.3,-130.33,-143.57
216.43,-55.089,-43.958
341.93,-125.55,-213.11
173.71,-64.944,-23.872
287.63,-108.64,-73.516
222.27,-83.353,-72.252
296.37,-135.72,-120.66
231.8,-85.441,-12.984
315.98,-91.249,-124.95
205.49,-84.212,6.0246
263.45,-121.95,-81.78
222.33,-64.414,-2.7639
177.76,-75.613,-25.954
269.84,-118.79,-72.281
194.74,-87.845,5.9378
241.93,-95.597,-93.951
307.91,-139.29,-160.3
122.57,-65.029,40.595
265.89,-121.81,-107.95
91.355,-52.831,77.84
363.07,-126.93,-163.85
285.99,-127.93,-137.27
250.03,-64.62,-44.737
278.13,-102.63,-61.589
316.32,-91.959,-142.92
317.2,-100.7,-108.98
189.76,-40.599,-8.9716
119.82,-36.231,25.664
170.06,-31.183,27.678
279.87,-75.58,-88.54
292.96,-110.61,-79.614
95.312,-51.189,54.809
90.157,0.28394,80.83
242.44,-69.242,-24.815
249.12,-63.523,-62.732
314.72,-106.52,-103
165.32,-82.689,9.504
109.48,-8.9913,59.267
185.05,-90.596,-6.8651
308.79,-123.08,-174.61
269.82,-120.33,-118.84
210.79,-75.404,8.2061
292.34,-105.01,-150.55
117.55,-56.394,74.541
245.59,-105.79,-40.549
255.94,-81.499,-35.788
206.21,-98.961,-34.662
352.3,-107.7,-190.72
221.9,-102.75,-29.117
305.64,-109.35,-92.211
73.452,-45.81,91.81
332.37,-113.58,-194.08
257.32,-119.14,-73.524
136.42,-20.17,35.602
238.17,-87.743,-89.047
103.02,-17.063,101.18
147.44,-75.257,21.016
336.83,-153.62,-176.45
285.48,-103.84,-143.04
217.6,-72.227,-63.909
100.37,-47.699,44.322
179.31,-37.937,-3.7092
110.01,-23.771,96.713
369.65,-143.23,-175.32
158.6,-26.137,32.82
357.56,-108.61,-180.29
126.99,-14.447,50.154
120.54,-64.046,56.074
305.86,-140.2,-135.23
126.01,-35.514,21.742
272.32,-94.582,-124.92
274.57,-96.068,-56.017
187.71,-88.509,5.2055
203.5,-70.258,-51.34
341.12,-102.37,-153.91
265.37,-123.6,-90.746
176.48,-87.164,0.39957
113.75,-10.38,80.876
219.93,-102.06,-58.156
236.41,-101.1,-29.605
283.59,-91.44,-131.32
288.26,-132.34,-111.02
100.92,-4.2751,88.159
77.318,-40.794,65.096
160.37,-70.175,-8.8133
311.62,-132.82,-116.15
276.34,-75.716,-97.451
164.51,-82.348,11.12
124.72,-24.402,83.013
371.2,-116.84,-186.71
357.14,-134.31,-157.54
111.01,-17.106,44.541
164.24,-63.273,47.153
342.12,-155.12,-178.23
262.71,-107.41,-117.48
282.73,-107.03,-141.35
199.28,-95.957,-16.429
135.77,-17.075,49.291
379.33,-120.8,-195.89
152.53,-77.296,16.472
350.55,-159.81,-199.62
186.26,-55.834,-30.265
168.15,-31.215,13.285
297.71,-91.747,-86.101
349.69,-106.71,-162.04
154.99,-57.339,-6.5641
87.459,-19.252,54.205
234.37,-101.92,-81.914
281.44,-107.96,-140.12
138.73,-49.914,8.0034
317.91,-136.45,-125.49
235.97,-99.507,-27.33
95.186,-6.162,101.4
214.45,-54.848,-43.062
363.93,-111.6,-199.47
303.8,-99.969,-90.258
346.23,-157.42,-186.84
151.9,-75.762,11.091
318.89,-130.89,-187.13
199.69,-92.799,-39.317
224.99,-78.592,-73.402
181.19,-53.68,-25.366
115.98,-55.191,76.697
292.08,-118.74,-85.12
251.19,-85.7,-30.546
133.18,-39.708,77.941
152.86,-48.37,61.341
120.91,-18.645,83.131
185.08,-51.472,32.792
91.701,-31.975,47.684
244.26,-85.16,-93.786
176.23,-85.824,-10.393
146.52,-57.577,61.437
287.92,-81.662,-83.049
118.85,-30.732,28.854
161.98,-58.999,-12.855
141.4,-24.47,63.744
353.98,-124.68,-152.03
84.795,-9.162,63.163
325.44,-138.98,-193.25
264.84,-123.3,-88.997
225.6,-106.82,-55.423
301.37,-110.45,-162.71
320.98,-119.54,-112.12
100.64,-6.319,64.281
108.74,-14.875,48.134
217.7,-57.852,-49.258
234.83,-110.94,-57.2
270.67,-99.664,-53.27
231.57,-87.025,-82.241
300.44,-137.14,-124.19
330.91,-121.69,-123.72
288.29,-133.28,-118.76
297.61,-87.217,-91.418
175.81,-86.621,-5.1903
205.79,-78.036,-55.259
163.44,-36.391,48.35
323.59,-95.346,-130.06
148.71,-53.272,-0.77807
125.63,-66.307,38.321
199.85,-94.927,-34.804
293.35,-134.23,-115.89
290.53,-130.15,-142.36
324.61,-147.71,-177.09
235.6,-87.88,-86.496
222.67,-96.219,-69.87
335.24,-98.961,-156.93
141.9,-73.272,28.893
310.11,-129.16,-175.35
203.36,-44.248,-11.906
266.13,-102.4,-86.987
86.993,11.443,77.191
373.99,-123.83,-160.75
237.38,-77.429,-9.3615
116.68,-37.375,48.609
357.93,-138.6,-207.89
223.73,-59.509,-55.676
307.64,-77.592,-77.773
243.3,-94.183,-51.156
107.37,-39.295,76.933
114.01,8.7938,68.532
261.54,-49.022,-62.129
245.62,-44.097,-50.797
165.73,-62.401,28.988
359.81,-89.322,-161.34
329.26,-118.51,-179.42
307.56,-72.919,-128.66
204.96,-39.849,-29.388
182.15,-48.168,47.878
122.77,-25.845,36.571
236.72,-73.751,-5.5859
157.17,-36.048,70.525
309.38,-116.35,-148.66
319.38,-125.04,-130.02
342.11,-109.68,-119.88
275.15,-106.99,-93.34
252.45,-93.216,-79.583
244.73,-75.423,-79.316
300.09,-117.17,-125.25
187.59,-47.535,44.489
86.292,-13.584,66.716
330.53,-116.67,-182
285.34,-106.67,-118.36
223.25,-57.66,-54.552
197.24,-22.68,2.5248
243.98,-75.214,-78.499
236.82,-54.486,-63.071
98.821,-27.508,106.08
106.04,-37.597,85.015
311.51,-89.831,-80.215
166.97,-48.603,-1.1339
261.77,-47.727,-49.699
389.85,-111.26,-181.25
118.9,-31.172,94.831
268.37,-52.969,-73.73
128.89,4.1502,81.925
167.61,-51.814,52.802
194.29,-71.988,-14.323
285.55,-109.77,-112.41
296.46,-77.988,-62.801
308.84,-70.494,-88.098
325.94,-111.04,-176.8
170.19,-26.762,2.2548
275.72,-57.787,-48.294
355.8,-92.883,-141.69
157.37,-6.6643,38.101
229.23,-36.881,-4.1648
382.1,-98.61,-191.86
144.42,-51.201,29.414
113.91,5.7727,101.61
97.282,-32.799,96.356
291.22,-60.893,-74.211
356.39,-125.21,-215.61
290.41,-59.609,-82.502
369.43,-100.32,-157.12
347.96,-95.127,-126.73
350.1,-114.15,-130.53
197.99,-38.303,-23.822
153.81,-51.122,15.596
114.62,-12.929,107.35
178.48,-49.548,49.289
139.9,1.4564,61.219
311.66,-91.706,-80.711
304.66,-106.95,-148.82
255.98,-96.171,-46.994
126.38,2.0183,90.021
119.51,8.3936,87.867
100,-6.3188,57.378
137.45,0.79757,53.132
154.12,-4.4153,54.72
92.064,14.566,80.226
158.29,-5.8471,46.312
251.67,-45.889,-55.042
130.38,2.2474,83.783
232.62,-83.168,-60.38
108.1,-5.3932,112.9
251.31,-92.792,-78.23
104.68,4.3674,62.81
209.85,-77.734,-30.873
175.15,-26.643,-0.3213
308.05,-84.224,-76.073
353.61,-94.22,-136.33
147.93,-1.7541,54.015
142.18,-8.2761,81.354
330.41,-82.082,-109.95
234.64,-90.196,-48.079
353.63,-100.64,-132.57
361.79,-144.12,-196.08
260.65,-53.595,-29.409
333.86,-97.753,-107.22
262.53,-49.849,-64.879
253.88,-86.268,-87.953
153.83,-34.313,10.063
351.87,-96.46,-192.93
142.62,-1.4205,71.028
126.36,-46.118,66.367
231.01,-69.664,-64.53
84.957,-4.3851,68.229
328.41,-100.39,-101.43
130.58,3.1597,57.615
309.09,-121.62,-124.74
334.02,-78.324,-140.99
152.68,-50.406,59.565
241.05,-84.939,-71.137
154.75,-30.556,10.272
355.84,-137.26,-206.05
184.33,-54.875,41.731
238.9,-67.367,-3.2336
279.42,-94.076,-118.68
327.31,-124.31,-126.35
198.18,-56.624,-31.255
305.87,-70.088,-82.954
313.42,-112.29,-97.993
378.43,-110.98,-164.31
206.95,-69.213,-36.987
286.9,-61.529,-62.297
145.76,-54.335,36.972
97.87,-7.2464,58.435
207.57,-25.656,5.2161
329.72,-86.745,-104.45
283.81,-72.546,-48.574
133.28,-46.816,67.634
379.76,-103.76,-171.46
267.14,-88.683,-39.414
328.58,-77.233,-116.26
380.73,-99.168,-183.17
247.14,-92.086,-36.361
168.75,-13.927,20.197
116.58,-30.06,43.214
116.24,-26.889,42.514
262.98,-59.817,-85.569
234.15,-61.818,2.7254
162.63,-38.19,2.1674
175.8,-37.103,56.624
330.1,-110.98,-182.11
233.2,-67.165,-66.562
288.7,-112.6,-109.98
178.48,-13.907,29.747
118.41,4.9766,60.407
260.97,-101.5,-69.855
332.5,-125.74,-131.11
270.45,-89.091,-108.3
157.18,-30.255,72.409
198.98,-62.681,-30.853
186.37,-17.09,21.351
176.48,-17.837,48.116
345.74,-83.686,-141.2
196.44,-67.593,21.342
287.05,-64.344,-104.16
301.13,-105.81,-144.27
129.56,-21.298,31.786
345.54,-85.866,-168.07
336.22,-79.702,-147.01
135.4,-40.427,28.857
306.06,-110.79,-91.487
342.18,-94.935,-118.45
115.26,10.987,86.735
198.56,-41.007,36.823
285.01,-82.218,-123.01
223.6,-47.174,-47.62
97.009,-24.32,110.6
229.28,-55.057,-58.021
213.71,-28.847,-10.629
238.25,-69.901,-72.074
165.99,-10.844,27.947
293.58,-79.096,-59.213
281.98,-63.261,-51.389
315.44,-72.61,-97.526
134.16,-45.799,35.92
151.33,-9.6807,71.768
300.27,-75.471,-129.35
307.1,-89.214,-148.6
202.99,-76.312,-20.383
264.59,-52.534,-72.85
284.94,-75.99,-49.458
248.67,-78.011,-83.643
351.3,-113.51,-131.43
296.12,-112.18,-129.93
105.44,-19.385,110.83
180.38,-44.492,50.928
155.17,-52.767,55.109
309.26,-83.444,-77.69
253.97,-46.604,-56.702
182.59,-32.597,50.789
202.3,-23.587,5.1412
216.89,-74.034,-46.467
155.53,-53.603,53.491
180.8,-60.465,36.844
352.65,-94.541,-134.45
98.132,-31.727,99.051
290.74,-104.94,-129.35
250.64,-60.598,-13.061
169.14,-44.199,-3.9518
302.36,-65.361,-105.23
246.96,-95.027,-47.202
143.13,-47.352,25.517
107.73,-38.92,80.652
169.3,-12.143,48.863
368.85,-98.161,-204.31
143.42,-8.0561,34.505
385.93,-111.04,-175.29
225.83,-81.859,-11.072
305.74,-68.068,-87.223
218.05,-63.409,14.561
234.63,-37.7,-32.839
276.48,-61.042,-94.049
252.37,-49.088,-63.381
341.06,-86.488,-123.31
319.24,-72.064,-122.66
168.07,-14.355,19.273
163.77,-33.568,66.693
338.36,-133.79,-171.05
330.41,-76.848,-136.97
239.77,-58.075,-68.148
303.17,-66.408,-109.82
245.98,-93.85,-65.02
244.05,-53.912,-67.19
172.79,-61.869,35.465
323.49,-114.39,-172.78
224.57,-74.214,-56.166
339.88,-80.469,-142
226.55,-74.051,-58.662
233.43,-69.713,-0.35029
112.49,-39.547,58.807
154.94,-48.106,62.106
363.13,-139.73,-172.37
363.94,-92.044,-185.24
277.44,-59.507,-48.644
355.84,-87.835,-154.87
254.57,-48.695,-62.727
233.15,-89.001,-30.825
248.17,-68.894,-11.649
315.97,-89.34,-156.84
149.5,-20.698,18.867
358.61,-92.465,-147.82
311.14,-118.87,-147.95
262.99,-66.068,-92.359
332.44,-103.98,-107.1
190.52,-68.374,-14.903
158.78,-13.75,21.927
217.82,-83.421,-29.894
181.04,-34.837,52.42
207.36,-70.889,12.859
232.28,-81.921,-61.157
318.08,-106.6,-166.83
163.62,-61.6,30.427
273.72,-100.55,-106.15
315.8,-95.58,-161.11
329.13,-99.123,-176.73
174.55,-17.936,50.958
344.9,-136.94,-173.33
330.61,-83.533,-108.54
273.76,-78.586,-38.25
100.64,-19.617,55.124
244.08,-76.222,-78.565
314.13,-116.68,-105.63
348.1,-95.083,-126.98
267.41,-101.54,-92.627
291.72,-95.236,-63.537
329.21,-112.36,-109.66
217.6,-31.224,4.4182
255.41,-89.531,-33.751
336.37,-115.03,-190.15
215.89,-80.928,-35.134
262.96,-53.856,-75.736
163.78,-60.635,16.761
220.99,-32.2,-0.15292
343.2,-84.471,-163.77
275.92,-72.076,-107.79
157.31,-37.859,69.534
106.34,0.73198,58.447
166.07,-14.433,58.075
247.63,-76.693,-82.517
287.68,-60.786,-65.608
279.37,-70.508,-108.95
134.24,-10.798,34.968
244.37,-67.096,-7.7326
306.71,-67.39,-111.6
235.86,-85.266,-19.761
215.09,-47.589,-42.381
317.86,-80.179,-91.126
309.27,-121.63,-132.34
260.61,-47.927,-57.568
206.42,-53.585,-38.561
230.05,-34.861,-21.73
248.98,-45.648,-54.807
171.22,-19.516,9.786
209.43,-50.607,26.51
158.26,-59.656,30.007
291.52,-111.08,-87.624
314.91,-71.53,-99.378
314.04,-99.383,-160.84
318.48,-78.409,-93.774
102.2,-37.225,75.089
157.67,-33.219,7.2266
266.55,-56.015,-35.635
369.85,-121.41,-155.1
155.17,-56.539,46.143
249.35,-49.134,3.7054
144.34,-18.232,33.675
203.24,-24.808,48.013
284.85,-59.698,-102.97
282.48,-89.29,-67.964
344.43,-70.533,-104.88
357.17,-69.699,-161.03
372.85,-77.051,-183.37
196.69,-21.327,53.835
190.93,-1.5022,18.587
324.5,-57.836,-126.11
278.67,-85.913,-56.309
386.22,-114.34,-160.73
165.76,9.6182,43.826
311.18,-48.982,-98.798
93.218,-13.189,94.04
358.33,-68.492,-138.1
145.77,-12.212,31.961
150.51,-36.326,55.286
124.16,11.676,113.83
178.15,-30.619,3.6524
143.41,-10.386,96.53
352.56,-84.682,-111.15
115.36,2.049,57.613
242.48,-22.15,-29.647
224.19,-18.638,22.954
211.92,-51.482,-25.176
192.59,-8.7803,53.961
328.16,-69.459,-147.97
103.33,28.002,82.01
332.07,-88.889,-90.586
151.99,11.599,84.131
375.72,-95.954,-140.56
116.69,30.246,101.87
377.5,-86.108,-145.36
124.59,26.039,99.61
306.15,-49.224,-101.52
223.68,-27.953,-32.094
96.974,-6.811,76.543
297.36,-50.193,-101.4
224.4,-27.053,-31.69
177.68,4.5037,57.044
324.49,-101.69,-101.4
343.06,-84.491,-174.78
144.78,-10.232,95.71
371.6,-125.81,-201.35
267.87,-81.829,-73.854
270.91,-83.694,-51.273
281.38,-83.598,-50.743
198.05,-26.644,52.1
285.06,-68.144,-35.388
221.26,-23.084,-25.741
132.39,-28.37,60.453
315.9,-74.442,-67.476
187.65,-50.948,25.249
378.64,-76.658,-176.02
187.5,-23.749,-3.9249
281.67,-89.758,-77.441
267.4,-47.136,-79.028
130.19,-8.783,105.37
389.91,-93.857,-159.88
316.37,-103.31,-106.97
291.95,-79.202,-49.696
318.19,-105.05,-116.96
130.49,24.89,90.129
375.66,-126.58,-174.22
259.09,-36.414,-7.672
286.56,-37.916,-65.208
238.8,-32.747,14.401
357.9,-98.998,-197.5
127.11,26.325,82.196
236.58,-71.103,-28.617
122.47,-21.956,61.997
337.46,-112.66,-135.66
367.1,-88.438,-200.22
321.86,-66.829,-74.377
302.23,-82.065,-127.61
344.76,-107.55,-121.37
167.98,-30.798,14.121
184.9,-6.9853,61.474
138.22,16.849,95.627
244.22,-31.3,-47.375
270.18,-41.897,-75.013
199.99,-15.782,-6.8878
113.68,4.1481,59.276
243.2,-59.831,1.0306
322.31,-62.144,-133.99
363.66,-113.82,-142.46
248.61,-69.994,-15.593
121.79,6.2355,116.15
257.62,-59.301,-75.809
310.11,-57.224,-62.928
145.46,-22.449,34.101
282.92,-88.954,-88.441
310.94,-61.823,-61.73
342.67,-61.466,-131.63
378.84,-86.987,-146.87
351.41,-117.74,-148.75
393.85,-122,-174.86
286.12,-39.408,-47.143
172.22,-16.881,74.317
373.94,-78.518,-147.74
292.3,-85.694,-58.571
330.68,-101.27,-159.92
400.49,-97.413,-173.86
173.81,-5.8716,16.294
128.09,-22.555,54.76
298.49,-82.858,-58.157
247.54,-35.284,5.6056
352.31,-74.134,-170.49
127.67,8.4434,111.33
382.98,-84.389,-204.22
127.52,2.3143,111.34
283.02,-77.186,-103.67
173.06,-8.7331,73.944
245.98,-30.97,-47.778
183.2,-22.931,64.478
129.55,-10.465,45.777
332.06,-110.84,-141.57
257.54,-61.634,-75.708
398.18,-92.651,-173.67
220.64,-28.666,-30.74
193.11,-33.945,-10.43
209.61,-55.439,19.803
295.87,-50.79,-47.161
344.62,-111.87,-130.3
322.49,-58.486,-127.2
287.52,-40.662,-46.907
120.42,25.814,107.14
208.01,-32.25,42.771
206.81,-8.476,2.5602
123.45,27.997,93.263
347.76,-76.064,-170.59
224.55,-66.112,-17.974
394.16,-103.89,-164.17
223.04,-13.264,15.353
261.92,-52.175,-8.3035
137.35,-28.035,49.944
343.02,-112.57,-167.58
248.08,-66.772,-61.905
141.25,-11.684,35.742
150.89,-36.018,58.95
176.44,-11.321,71.255
129.56,2.9819,48.034
126,26.68,82.514
284.82,-59.463,-31.928
232.5,-19.101,-22.513
184.71,-42.755,2.546
356.21,-115.83,-142.66
220.56,-38.862,-36.083
242.23,-70.175,-48.365
302.64,-52.061,-107.04
324.05,-54.152,-94.831
309.27,-93.49,-79.538
192.09,-53.067,15.633
139.02,12.505,51.099
277.11,-84.792,-86.525
372.18,-120.17,-157.97
152.99,14.071,52.632
146.63,-30.974,40.728
131.77,-10.071,103.68
337.55,-66.996,-150.22
160.79,-40.063,38.223
228.51,-54.7,-43.711
287.51,-69.39,-38.215
245.79,-31.265,-48.099
278.57,-87.885,-79.954
194.55,-37.332,-11.499
194.66,-1.9844,18.354
190.2,-1.8927,17.467
175.2,-6.9611,14.552
243.9,-35.363,9.6339
375.5,-76.192,-178.76
337.32,-102.94,-169.19
227.49,-46.933,21.601
282.53,-60.493,-101.3
347.13,-63.985,-141.88
308.07,-51.103,-66.315
240.27,-52.721,-57.147
178.61,-45.218,42.397
353.22,-88.16,-112.36
285.02,-63.127,-33.045
283.59,-80.108,-102.98
308.83,-53.032,-111.25
219.96,-10.537,4.0087
277.69,-87.885,-66.921
308.41,-98.932,-92.867
332.87,-57.428,-108.26
369.65,-85.542,-133.86
91.143,-3.8342,80.723
239.22,-30.649,-43.957
366.47,-83.433,-193.7
310.44,-47.636,-85.824
247.74,-21.724,-17.322
292.71,-94.087,-94.545
270.99,-75.733,-33.222
361.69,-97.511,-201.35
364.79,-102.93,-206.52
185.74,-30.588,-3.5862
212.75,-50.622,26.639
233.19,-66.639,-6.7673
385.71,-124.03,-171.96
334.78,-112.09,-143.74
372.99,-74.944,-174.53
356.86,-121.52,-166.8
247.2,-52.645,3.9027
147.55,-18.69,30.741
273.56,-36.705,-28.445
191.12,-25.882,57.664
216.07,-60.018,8.9106
308.19,-47.025,-90.726
298.11,-88.462,-118.63
277.21,-87.841,-73.703
248.61,-22.298,-25.095
248.54,-59.972,-2.2998
124.71,9.7873,113.69
371.42,-124.65,-203.88
199.31,-42.967,41.479
366.72,-118.34,-204.39
135.46,-20.918,44.057
189.89,-23.124,59.318
215.42,-47.45,28.722
344.01,-63.517,-115.5
316.37,-96.037,-141.22
208.82,-6.2575,22.922
351.38,-99.843,-116.65
274.93,-38.061,-28.707
145.08,-33.402,65.49
191.04,-13.546,57.978
326.56,-108.65,-128.72
229.01,-24.962,-31.815
183.55,2.3532,27.855
161.5,-16.665,82.015
247.93,-27.454,-42.611
173.2,3.3576,66.229
303.64,-91.145,-72.92
375.28,-88.442,-140.83
130.92,-28.32,64.605
300.85,-57.94,-114.49
315.28,-96.339,-139.14
286.03,-47.836,-92.004
259.29,-77.342,-33.535
266.76,-30.504,-48.741
149.62,-17.534,88.86
326.41,-98.697,-96.833
343.73,-114.19,-137.79
150.64,-36.31,49.366
292.92,-93.734,-80.509
338.13,-111.2,-128.36
347.05,-117.3,-159.44
356.89,-74.341,-173.09
169.26,-43.559,31.525
356.73,-72.402,-168.81
234.7,-68.326,-11.526
175.35,7.4335,49.773
141.91,9.9316,97.393
258.76,-77.798,-64.355
303.8,-97.826,-112.97
195.65,-12.486,-1.1807
236.69,-23.661,-32.723
130.87,-11.901,102.89
292.55,-40.149,-65.844
203.97,-18.98,-12.182
160.28,-37.918,58.243
116.21,-14.651,105.87
305.2,-45.66,-86.175
272.39,-81.736,-44.973
237.49,-65.005,-48.237
258.6,-28.458,-17.17
369.66,-126.66,-191.41
110.09,7.3018,62.676
253.15,-71.363,-19.33
315.46,-78.654,-68.716
336.23,-75.65,-91.089
286.09,-86.659,-58.4
152.48,15.972,73.288
99.291,-8.572,75.41
299.24,-88.751,-120.16
215.74,-39.773,-31.941
264.19,-32.68,-18.998
329.65,-109.87,-130.66
281.28,-72.16,-35.341
134.56,-28.986,57.651
236.67,-18.692,2.156
286.8,-60.248,-105.09
347.19,-67.475,-154.5
321.99,-104.37,-139.12
110.3,-8.8917,114.85
223.31,-12.453,11.594
187.65,-49.509,8.8878
148.93,-28.864,34.802
146.2,18.783,66.805
159.46,-31.109,71.332
368.88,-118.61,-207.77
203.41,-53.756,23.735
225.1,-12.622,-0.92679
121.23,25.614,106.28
293.33,-89.564,-109.25
231.27,-67.408,-32.659
373.34,-85.185,-200.78
277.93,-57.639,-24.729
205.63,-27.229,-19.252
288.22,-42.597,-82.97
259.24,-75.983,-30.06
373.72,-86.2,-202.51
334.77,-63.326,-96.463
172.84,-0.67688,70.758
288.94,-90.767,-69.934
237.33,-151.32,-89.648
236.91,-158.61,-144.03
116.14,-124.63,36.111
122.26,-106.93,-12.379
185,-178.73,-55.407
75.102,-136.24,34.251
183.52,-175.39,-89.026
44.063,-72.318,54.514
114.38,-115.39,37.802
250.12,-201.2,-130.96
291.82,-181.29,-212.88
259.57,-158.69,-159.43
283.92,-160.81,-151.21
306.24,-203.08,-231.77
284.7,-198.53,-142.62
84.912,-89.38,23.486
83.347,-122.21,-1.0224
96.99,-113.36,53.385
283.28,-167.28,-137.19
275.72,-160.59,-135.79
129.39,-105.95,3.2362
200.71,-164.3,-45.728
324.42,-170.48,-211.49
296.61,-199.01,-221.34
44.261,-93.569,34.673
325.67,-174.07,-229.09
90.876,-93.528,51.215
180.57,-142.19,-23.76
202.68,-143.21,-49.426
149.61,-139,5.6383
149.21,-167.89,-39.72
77.894,-100.24,10.581
81.258,-116.77,0.89761
117.41,-103.34,-4.1956
55.716,-117.88,74.08
63.441,-104.22,80.801
258.02,-172.33,-103.37
91.422,-143.73,14.31
160.2,-118.84,-24.868
145.73,-117.4,-35.806
109.57,-110.79,-14.651
51.171,-102.48,89.471
25.224,-111.83,63.726
75.734,-107.16,7.7343
286.9,-172.74,-200.68
262.97,-158.42,-118.68
98.815,-116.85,-12.642
198.34,-145.63,-101.56
285.24,-186.75,-134.76
117.65,-148.08,16.88
268.23,-155.25,-143.6
203.74,-135.14,-69.649
296.32,-185.64,-219.83
289.22,-185.22,-212.31
201.21,-162.61,-115
308.97,-198.47,-236.21
72.933,-94.349,18.158
169.68,-130.77,-66.208
237.36,-167.32,-81.053
318.71,-175.36,-179.26
158.05,-140.9,-1.9591
265.88,-186.02,-115.38
307.56,-193.64,-160.43
263.33,-175.92,-109.29
156.6,-131.06,-59.994
100.01,-95.902,10.894
181.87,-180.26,-68.135
41.318,-111.31,38.609
32.872,-68.892,60.897
136.93,-132.52,17.56
84.323,-129.81,51.225
332.44,-173.81,-206.42
259.56,-163.57,-167.4
222.59,-141.74,-99.279
157.35,-171.07,-41.044
269.72,-202.21,-181.96
57.687,-108.33,82.278
139.38,-162.65,-37.61
236.52,-163.02,-80.415
298.91,-165.56,-193.78
323.07,-171.88,-221.21
263.48,-161,-115.82
188.71,-151.85,-99.367
300.71,-184.41,-223.56
236.79,-153.96,-137.52
234.18,-145.28,-110.12
217.98,-187.26,-82.485
102.14,-147.43,-1.9549
127.81,-146.51,-40.507
197.61,-134.53,-79.783
102.89,-147.39,-3.9159
222.54,-155.58,-129.7
340.65,-176.41,-214.24
160.46,-119.3,-22.744
320.56,-170.72,-192.6
287.63,-175.92,-137.17
261.88,-192.8,-180.31
46.305,-111.6,33.155
106.7,-104.37,41.118
211.81,-141.68,-101.56
316.53,-192.34,-169.58
184.49,-180.91,-75.586
89.36,-96.089,55.977
138.4,-109.66,-10.114
161.1,-119.88,-21.824
108.02,-112.52,-15.52
102.22,-113.69,-13.099
236.8,-191.95,-100.12
240.73,-181.08,-89.599
131.61,-160.58,-25.415
279.4,-189.72,-202.41
326.09,-171.62,-219.67
325.99,-171,-214.8
240.08,-148.2,-101.89
288.47,-184.77,-137.62
243.71,-174.84,-161.28
288.17,-160.97,-171.51
94.976,-93.468,15.839
270.57,-207.5,-159.3
237.53,-179.14,-85.484
81.665,-125.51,1.3281
258.75,-155.6,-117.14
298.13,-168.44,-157.87
161.45,-140,-4.9335
231.22,-188.8,-91.534
327.95,-194.88,-182.58
300.92,-166.68,-198.16
155.21,-151.63,-4.3669
291.14,-180,-140.42
104.46,-94.885,21.415
196.02,-133.28,-75.228
216.56,-160.78,-128.81
224.95,-161.75,-67.945
235.59,-193.23,-102.32
186.14,-173.35,-95.058
263.64,-196.98,-179.52
213.64,-190.89,-97.662
221.44,-192.86,-101.2
248.37,-181.17,-167.17
182.21,-127.2,-49.268
314.79,-173.11,-221.44
135.11,-122.97,-39.822
233.12,-190.74,-95.98
184.83,-140.69,-87.278
244.17,-197.04,-149.55
175.31,-170.76,-36.162
279.48,-169.63,-129.99
147.15,-165.11,-20.998
209.2,-186.47,-111.47
171.98,-153.94,-17.661
135.24,-132.4,-46.572
213.28,-190.84,-101.2
136.34,-162.87,-23.65
203.75,-150.76,-110.68
264.42,-189.24,-184.87
71.487,-125.05,12.319
218.95,-176.94,-133.93
37.894,-115.86,48.337
318.63,-204.05,-177.81
242.79,-179.34,-160.91
208.39,-150.16,-52.15
223.59,-186.38,-83.377
284.7,-163.09,-145.91
272.37,-184.07,-120.68
154.13,-117.43,-13.749
84.271,-95.126,13.304
129.79,-115.6,21.233
243.14,-155.08,-93.352
238.82,-192.33,-101.85
48.645,-107.12,29.447
56.067,-74.829,76.935
194.21,-158.27,-37.689
213.2,-141.6,-67.296
266.26,-189.89,-118.53
111.39,-146.44,-20.19
75.783,-82.477,55.088
130.48,-155.3,-36.827
275.46,-171.16,-189.26
226.12,-173.22,-142.37
154.51,-161.57,-14.388
260.87,-158.97,-160.71
60.535,-129.63,45.653
187.7,-182.06,-69.065
204.62,-169.8,-52.238
153.95,-160.57,-63.503
324.19,-173.03,-192.48
164.71,-173.16,-59.394
254.08,-192.21,-111.23
20.77,-107.58,62.591
305.41,-166.92,-199.75
202.49,-184.72,-103.38
102.08,-94.344,31.042
202,-144.82,-102.84
54.94,-102.71,87.026
95.147,-136.85,-7.8657
289.1,-207.55,-203.79
253.12,-157.86,-154.12
182.52,-133.13,-74.915
57.443,-102.52,22.432
144.43,-112.56,-8.6443
59.842,-109.46,80.366
321.56,-215.29,-195.29
120.13,-108.33,27.331
325.47,-180.44,-183.49
91.748,-91.304,45.788
65.604,-129.58,26.087
255.03,-199.13,-163.71
91.121,-95.889,10.709
239.81,-151.74,-134.82
221.34,-181.81,-75.58
130.12,-159.79,-25.13
167.23,-130.04,-64.078
305.75,-178.47,-158.73
212.85,-185.05,-119.93
122.14,-151.52,-29.468
72.767,-94.304,73.475
171.63,-159.96,-84.406
178.24,-178.49,-57.94
252.76,-151.98,-138
235.53,-194.47,-140.13
61.696,-86.43,81.85
33.78,-94.666,42.155
117.05,-126.89,-30.305
257.38,-203.76,-143.1
242.55,-149.93,-101.41
110.33,-146.44,-18.68
76.501,-111.33,69.25
336.2,-190.71,-192.1
308.81,-209.59,-176.39
78.306,-83.608,38.433
106.91,-145.91,21.944
293.7,-210.51,-205.68
224.36,-160.29,-135.37
249,-159.75,-154.43
143.72,-162.33,-46.713
98.725,-97.144,44.396
344.51,-193.92,-201.41
100.17,-139.01,-12.436
305.51,-209.5,-225.92
151.44,-119.14,-39.971
132.25,-108.91,8.5852
252,-177.14,-97.863
313.99,-182.62,-167.29
116.53,-115.2,-22.445
53.992,-78.129,44.032
191.24,-157.04,-103.89
247.16,-160.37,-153.91
100.83,-107.62,-7.3516
264.24,-205.79,-152.52
177.8,-177.96,-55.215
52.112,-90.566,91.995
180.31,-126.44,-48.517
335.47,-178.03,-201.13
255.45,-184.77,-105.06
298.93,-210.76,-213.98
101.74,-135.33,-16.399
285,-176.98,-203.22
151.89,-150.79,-64.996
189.35,-137.76,-85.737
146.39,-117.04,-35.035
58.993,-128.83,48.001
236.56,-196.06,-110.68
197.33,-172.98,-50.103
79.613,-125.26,57.952
98.438,-134.6,40.74
75.293,-105.07,71.9
133.85,-140.65,16.812
54.794,-87.469,32.435
209.71,-143.74,-105.24
125.55,-145.99,-38.194
89.355,-138.89,35.833
246.33,-165.86,-90.981
84.577,-91.645,18.703
123.86,-117.24,-28.205
96.704,-111.43,53.722
308.08,-202.78,-167.11
52.878,-72.579,56.567
289.47,-183.93,-212.01
212,-185.27,-118.3
174.03,-167.46,-83.951
270.27,-162.57,-173.27
269.47,-199.37,-132.38
67.57,-78.251,60.101
76.12,-82.245,42.481
183.82,-127.82,-55.131
181.09,-174.32,-86.841
215.75,-183.91,-75.25
194.51,-143.9,-97.066
248.23,-198.64,-153.02
280.74,-201.03,-142.77
237.44,-192.09,-147.3
255.17,-171.39,-100.26
123.37,-148.52,-34.102
167.44,-135.63,-71.131
116.03,-124.93,36.129
286.1,-174.36,-135.87
110.87,-111.39,-15.888
74.353,-126.57,9.9433
149.92,-154.36,-62.113
240.71,-196.38,-144.91
247.41,-181.16,-166.09
280.77,-196.92,-202.34
198.95,-144.75,-100.88
179.63,-151.93,-91.501
302.74,-171.81,-160.12
88.753,-135.88,-0.4615
274.53,-176.25,-192.79
165.56,-125.5,-17.087
220.46,-170.29,-106.19
58.555,-63.115,79.025
328.52,-208,-172.79
182.2,-168.56,-28.671
74.454,-103.82,32.425
322.41,-192.99,-222.14
190.35,-129.36,-61.071
263.69,-174.06,-82.95
193.14,-167.59,-72.739
57.358,-112.4,55.379
83.816,-74.395,72.2
229.43,-136.3,-58.734
214.02,-129.53,-47.653
113.8,-138.59,6.7172
329.26,-174.01,-157.4
296.58,-175.25,-189.67
280.08,-149.79,-124.83
173.69,-115.74,-29.981
128.17,-142.77,31.313
87.651,-92.775,28.09
181.92,-166.89,-23.636
104.24,-130.67,55.081
271.03,-176.65,-163.38
271.16,-195.69,-150.74
294.02,-198.43,-132.72
228.49,-175.57,-113.29
209.76,-159.65,-96.262
209.62,-142.17,-87.859
255.79,-182.38,-144.16
134.17,-143.46,29.083
51.497,-78.189,57.588
299.14,-173.36,-190.92
244.79,-170,-134.1
190.3,-128.14,-59.222
164.18,-111.54,5.5821
208.81,-141.98,-87.102
205.9,-128.59,-64.057
45.883,-110.92,85.84
54.502,-113.71,63.13
263.17,-184.5,-90.796
128.8,-116.17,-12.557
226.53,-140.41,-47.294
353.14,-197.31,-183.24
65.407,-118.68,75.753
237.3,-137.92,-70.239
91.277,-90.445,82.638
112.58,-140.79,32.724
147.8,-142.03,-33.479
242.09,-174.93,-130.45
249.38,-175.17,-70.974
270.41,-164.89,-88.336
295.73,-168.89,-183.98
138.92,-101.92,1.3496
234.6,-155.44,-49.988
318.71,-182.87,-142.39
124.89,-94.608,41.389
188.87,-135.01,-4.8431
354.17,-179.45,-186.81
99.163,-119.95,11.018
73.032,-90.084,99.414
45.338,-110.41,74.684
254.53,-154.68,-72.865
328.36,-178.64,-222.38
256.7,-149.94,-79.49
332.35,-188.87,-158.43
306.65,-186.99,-131.08
302.44,-201.39,-143.57
166.53,-113.5,-24.903
111.45,-118.72,-0.24422
64.929,-107.42,95.268
124.01,-142.7,31.589
105.92,-89.366,64.155
262.73,-185.84,-92.137
270.48,-166.99,-159.26
202.34,-176.8,-69.169
85.931,-94.212,88.433
82.916,-85.107,89.188
69.001,-75.16,54.063
105.85,-85.461,56.632
118.08,-98.03,56.678
63.32,-64.275,83.567
123.64,-97.718,48.985
219.89,-132.07,-51.772
91.336,-93.391,83.426
190.57,-150.2,-76.121
60.446,-100.68,103.3
208.53,-159.33,-94.963
75.586,-71.168,64.371
164.08,-147.16,-49.519
144.07,-103.11,-0.46244
261.05,-180.15,-84.702
314.74,-185.06,-138.55
113.85,-92.747,56.917
98.43,-106.21,77.017
291.3,-175.29,-111.4
186.14,-161.64,-68.748
311.24,-191.62,-138.45
320.31,-203.9,-214.33
217.47,-152.7,-32.648
287.63,-190.31,-116.48
230.78,-136.3,-61.455
216.06,-151.48,-100.01
119.42,-103.3,3.2125
328.7,-163.11,-188.91
104.4,-96.868,71.456
74.534,-122.41,44.256
195.46,-137.17,-73.208
53.365,-70.955,63.322
280.16,-192.16,-113.15
99.412,-82.193,61.178
261.88,-190.31,-145.23
304.87,-161.49,-136.23
98.023,-135.4,38.186
200.43,-151.21,-85.705
121.59,-100.87,5.3068
320.55,-191.69,-220.04
129.32,-146.57,22.843
185.57,-163.85,-18.298
244.45,-157.2,-128.63
277.35,-200.33,-146.61
161.91,-124.96,-40.341
266.47,-165.25,-83.891
261.48,-195.84,-117.12
338.31,-198.56,-169.24
166.52,-136.64,-50.854
247.06,-157.97,-63.156
96.977,-126.1,16.137
66.468,-75.312,54.368
171.36,-119.81,7.217
287.35,-180.85,-108.97
236.21,-170.71,-56.884
79.991,-126.72,45.523
344.28,-190.63,-171.8
212.79,-179.23,-58.089
293.36,-168.07,-114.63
350.25,-182.75,-179.64
193.04,-173.74,-58.585
137.32,-98.417,23.12
78.692,-95.856,31.329
79.792,-92.924,32.254
233.38,-135.97,-84.276
181.78,-159.68,-10.75
127.97,-107.29,-4.8972
124.24,-134.64,43.871
300.94,-168.65,-188.25
198.92,-135.42,-73.583
243.09,-179.61,-129.5
143.13,-106.84,32.136
88.589,-76.175,63.597
211.31,-174.08,-91.258
282.74,-201.97,-151.07
235.45,-153.27,-117.83
105.89,-126.89,59.563
160.21,-130.25,-42.908
151.29,-109.65,23.867
134.58,-116.41,46.001
313.21,-171.12,-138.19
141.05,-154.01,-0.20708
258.21,-143.33,-100.86
266.49,-166.27,-155.01
96.718,-90.462,26.671
319.96,-161.88,-162.59
308.02,-161.17,-141.97
95.468,-107.03,15.163
253.71,-193.83,-111.27
299.25,-187.47,-124.23
80.492,-80.621,89.168
148.5,-140.4,26.444
255.1,-148.78,-126.15
192.58,-122.88,-48.03
44.192,-109.39,91.192
197.59,-127.53,-60.511
180.12,-118.8,-7.6504
203.93,-137.72,-79.338
133.82,-97.832,31.158
245.4,-176.14,-68.616
238.92,-161.42,-54.902
278.14,-165.84,-97.073
90.303,-113.52,18.562
108.72,-107.74,68.682
272.9,-148.09,-127.21
279.27,-154.3,-150.17
155.56,-147.06,-40.222
233.88,-136.16,-69.54
236.16,-173.58,-59.26
213.36,-144.3,-92.595
304,-201.09,-143.95
255.54,-174.71,-146.05
53.41,-109.57,94.437
127.12,-140.29,35.635
100.61,-136.62,33.342
262.87,-179.45,-85.634
222.12,-133.04,-53.394
133.61,-131.94,41.52
167.53,-115.68,7.7798
176.18,-141.27,-60.717
101.08,-136.79,31.554
125.52,-147.33,15.596
313.23,-185.61,-137.15
45.713,-111.06,77.613
253.38,-166.74,-142.39
201.3,-160.09,-22.637
133.19,-112.6,-12.68
271.6,-150.89,-101.16
194.9,-171.58,-69.451
100.61,-114.75,9.4308
56.748,-113.78,58.817
130.21,-108.87,48.917
346.28,-167.83,-198.37
113.13,-87.686,36.556
348.05,-197.7,-178.25
170.86,-165.91,-33.182
268.35,-161.88,-86.613
163.59,-158.14,-2.4461
201.59,-126.6,-29.735
247.25,-139.86,-91.241
221.7,-131.53,-60.529
302.87,-178.35,-124.38
288.94,-157.04,-118.34
136.83,-98.061,22.058
112.09,-130.28,53.46
296.39,-194.9,-189.25
301.09,-160.26,-132.29
208.6,-130.74,-70.009
273.24,-150.23,-105.6
199.63,-162.99,-84.41
213.66,-129.87,-66.818
118.34,-144.11,13.119
291.15,-171.99,-182.31
185.67,-141.1,-68.658
309.5,-165.52,-137.73
188.19,-140.89,-70.598
179.05,-164.29,-17.35
67.001,-107.68,39.901
100.15,-135.68,41.688
316.31,-210.68,-191.49
338.77,-168.43,-179.17
235.56,-157.45,-51.01
324.47,-173.6,-151.34
223.6,-132.53,-59.606
180.3,-166.97,-53.295
195.58,-166.01,-25.669
289.4,-155.24,-156.73
118.21,-94.144,17.222
323.12,-181.38,-147.3
271.41,-179.74,-163.87
232.99,-138.14,-93.238
283.99,-194.58,-119.54
146.01,-137.19,-32.485
128.12,-94.293,23.974
168.67,-155.77,-50.876
130.92,-133.62,41.721
151.85,-158.3,-8.3852
190.97,-148.75,-76.207
287.61,-165.74,-173.72
111.82,-137.55,8.2036
233.37,-164.66,-121.36
288.12,-158.33,-163.52
303.02,-161.07,-177.83
132.02,-116.72,48.276
301.61,-199.53,-192.3
290.53,-177.09,-110.88
222.11,-174.89,-51.632
65.185,-84.984,45.622
208.53,-142.79,-87.648
262.66,-196.52,-125.85
306.87,-186.92,-131.26
223.54,-167.95,-110.57
238.9,-186.18,-80.435
278.72,-198.6,-126.12
178.3,-128.58,4.5282
200.53,-176.67,-54.455
307.25,-171.52,-196.76
169.42,-150.79,-54.341
232.78,-135.26,-72.814
116.28,-131.34,-3.1718
182.23,-129.09,0.33105
317.19,-161.42,-158.35
246.55,-142.69,-108.63
103.97,-131.76,53.342
76.929,-73.037,58.921
123.84,-112.87,55.55
212.62,-143.23,-91.047
248.98,-156.41,-65.606
250.51,-142.62,-108.61
103.89,-85.712,34.935
191.79,-164.4,-21.667
276.49,-151.95,-107.37
180.9,-169.79,-41.659
183.42,-121.32,-44.313
275.55,-175.5,-95.057
264.23,-187.33,-151.82
227.71,-136.85,-54.307
172.42,-123.49,-44.581
195.43,-126.72,-19.035
217.55,-130.71,-51.648
140.39,-99.759,11.521
157.41,-148.88,13.579
107.97,-133.33,8.399
239.69,-188.78,-109.14
278.62,-164,-98.187
285.06,-160.6,-165.28
277.54,-173.34,-96.44
54.132,-107.6,54.415
124.02,-103.1,1.5702
223.55,-154.85,-38.806
324.16,-206.44,-167
101.77,-135.96,23.707
199.66,-157.27,-2.5488
110.33,-95.767,30.904
155.51,-134.41,44.458
257.69,-139.13,-97.71
234.31,-175.38,-82.037
306.55,-174.86,-100.3
334.28,-157.51,-147.69
351.74,-161.61,-169.53
149.39,-130.96,50.739
162,-98.447,29.461
299.95,-146.95,-113.96
228.86,-175.65,-70.543
342.86,-206.3,-167.21
136.77,-88.087,54.974
283.7,-144.78,-86.883
49.849,-92.179,82.008
329.13,-166.37,-127.1
114.37,-91.027,32.48
102.68,-121.6,41.229
80.758,-95.212,113.67
144.05,-109.25,1.254
94.336,-114.58,89.243
310.15,-187.25,-112.1
85.603,-75.907,59.508
213.45,-119.38,-18.747
183.51,-129.29,27.284
174.19,-129.84,-31.527
150.49,-119.23,56.709
305.09,-148.96,-138.37
77.798,-59.751,92.545
284.61,-189.24,-97.819
113.78,-96.352,89.914
334.75,-195.1,-141.45
84.661,-72.296,111.87
341.43,-186.27,-140.65
90.67,-78.398,108.42
279.97,-141.51,-89.736
195.43,-114.11,-25.107
60.617,-81.868,70.232
271.83,-138.18,-90.758
196.29,-113.91,-24.261
141.51,-103.05,64.812
276.22,-191.34,-114.05
320.24,-156.92,-167.92
95.834,-114.77,88.708
337.39,-192.02,-209.18
225.98,-160.28,-84.56
221.42,-172.3,-65.653
230.52,-177.36,-64.375
149.07,-135.06,46.721
235.16,-173.17,-43.186
193.31,-111.72,-17.379
88.258,-108.93,48.286
269.17,-179.64,-71.858
138.49,-138.39,10.712
354.86,-167,-162.53
157.06,-105.19,-1.2588
236.15,-171.54,-90.551
240.18,-130.75,-72.043
80.766,-110.68,96.728
353.6,-192.31,-156.14
270.07,-186.54,-120.28
241.17,-179.3,-60.528
273.9,-184.73,-129.67
98.161,-78.24,100.06
332.83,-205.5,-185.71
216.32,-147.27,-5.4576
256.53,-138.1,-54.108
193.49,-143.77,14.006
334.36,-166.1,-193.67
98.02,-72.318,93.635
189.45,-155.44,-42.334
81.515,-99.859,52.046
293.36,-192.2,-148.22
347.24,-161.04,-190.17
279.29,-173.68,-73.667
271.63,-154.89,-128.8
297.6,-197.4,-132.77
132.02,-108.84,9.503
142.24,-117.25,63.545
100.33,-90.403,101.46
216.64,-120.22,-38.5
243.44,-129.56,-65.78
171.92,-103.61,1.0037
84.444,-74.145,61.86
190.97,-161.69,-10.579
298.66,-146.12,-123.07
317.94,-202.68,-152.76
196.69,-165.49,-29.6
75.945,-99.309,112.85
226.05,-137,-75.945
269.28,-165.25,-59.879
109.6,-99.776,29.286
240.73,-167.05,-99.611
267.93,-169.73,-61.037
316.15,-156.11,-119.19
342.71,-186.98,-142.29
307.49,-197.45,-161.04
350.75,-210.2,-182.68
250.36,-146.37,-39.195
123.63,-124.24,68.896
341.85,-177.68,-139.25
241.59,-180.97,-71.395
298.71,-170.28,-164.18
365.6,-194.43,-169.24
145.94,-92.897,24.063
88.321,-100.05,45.884
247.98,-181.82,-69.186
202.75,-146.31,5.7698
331.06,-154.88,-158.43
83.338,-98.387,110.18
363.89,-163.71,-190.48
80.886,-103.13,107.16
249.67,-151.71,-107.04
127.56,-118.09,72.638
218.43,-120.62,-38.559
133.84,-130.17,58.193
96.768,-87.613,44.134
291.01,-185.85,-152.85
225.07,-138.83,-77.009
365.31,-189.68,-166.91
192.09,-113.79,-24.505
160.02,-113.2,-11.499
157.68,-150.04,5.3975
254.64,-159.88,-44.082
298.42,-197.11,-142.65
298.25,-146.08,-115.37
251.05,-148.1,-39.503
84.746,-79.661,114.54
158.41,-140.37,36.604
177.95,-104.9,13.295
92.242,-73.762,103.79
326.35,-154.21,-159.8
177.68,-150.17,-31.532
354.79,-200.45,-164.48
186.72,-121.46,23.241
213.04,-160.71,-13.539
95.783,-106.75,39.695
307.51,-181.84,-175.47
210.81,-143.99,-68.251
109.49,-90.012,35.688
102.07,-123.02,44.588
130.33,-120.62,69.281
101.21,-77.98,52.699
97.091,-71.648,94.004
237.24,-167.64,-35.937
203.77,-115.18,-11.793
145.55,-121.4,-5.1845
310.68,-200.68,-154.47
189.71,-119.59,-34.157
200.48,-149.38,-58.602
277.39,-139.85,-96.174
291.91,-156.49,-85.032
259.62,-186.59,-92.171
144.37,-138.26,1.6523
112.25,-76.196,60.735
236.64,-161.83,-96.332
327.5,-205.4,-168.71
124.68,-82.149,63.863
105.49,-109.69,30.936
82.155,-111.75,94.744
314.92,-150.53,-138.42
115.24,-122.47,25.341
192.91,-132.67,-47.972
237.67,-174.16,-46.071
218.25,-120.64,-38.995
234.85,-167.59,-92.041
160.32,-116.1,-13.985
165.16,-100.48,29.296
161.53,-97.956,28.243
147.26,-93.705,22.119
198.36,-146.3,8.9595
353.06,-164.05,-164.91
306.6,-170.96,-172.56
176.1,-152.49,12.453
254.87,-139.34,-96.823
322.08,-156.04,-128.99
270.78,-158.12,-59.961
207.89,-131.22,-57.795
127.75,-136.58,27.743
309.77,-189.81,-114.8
236.35,-170.16,-38.691
248.87,-154.55,-107.84
283.69,-141.82,-99.857
188.32,-113.29,14.508
230.32,-172.45,-80.794
260.66,-185.07,-106.48
302.31,-157.78,-97.646
331.42,-186.79,-130.96
55.407,-78.481,74.892
211.5,-118.74,-35.582
346.69,-159.45,-182.1
279.81,-148.62,-75.017
214.69,-126.51,-7.4533
249.16,-173.21,-106.71
219.29,-173.38,-46.07
339.37,-165.16,-196
341.54,-168.78,-202.93
152.84,-109.87,-4.4536
160.28,-150.5,13.928
181.85,-159.17,-21.427
341.99,-209.14,-181.76
293.56,-187.22,-155.15
350.1,-163.6,-160.81
316.06,-195.69,-178.17
196.39,-159.09,-4.261
113.83,-96.45,28.37
234.94,-145.9,-22.564
141.66,-133.46,51.414
164.77,-152.26,-5.8299
279.48,-145.11,-79.136
262.99,-161.6,-124.45
231.88,-169.45,-86.694
217.48,-124.22,-14.417
196.58,-162.96,-13.145
80.566,-96.897,112.67
338.4,-190.01,-210.82
147.07,-144.17,29.578
336.8,-182.63,-208.51
98.511,-97.899,37.942
141.15,-131.39,54.114
163.23,-150.11,17.49
311.89,-164.87,-106.1
282.72,-167,-146.44
174.68,-112.34,32.205
304.97,-196.37,-124.4
235.7,-147.5,-23.357
96.063,-120.88,51.121
146.17,-123.87,57.741
283.29,-186.74,-141.03
201.17,-114.38,-23.002
154.28,-95.696,38.854
112.06,-122.14,74.894
219.99,-120.87,-32.203
134.48,-105.55,71.89
253.65,-184.78,-85.69
337.28,-188.89,-138.02
85.788,-109.88,51.806
275.76,-140.61,-105.67
281.04,-167.56,-144.86
260.04,-134.81,-82.277
208.49,-169.02,-47.995
237.16,-129.63,-37.634
99.313,-120.01,79.533
277.72,-191.75,-108.48
298.92,-195.49,-150.36
104.5,-119.26,36.107
245.42,-178.7,-94.339
292.4,-194.31,-141.12
306.91,-190.74,-170.43
335.76,-156.14,-160.45
123.29,-126.49,18.434
335.12,-156.27,-155.8
183.91,-159.28,-26.275
142.67,-96.717,59.769
100.45,-98.282,99.863
216.74,-156.67,-75.007
262.82,-173.91,-123.72
167.7,-101.29,7.2557
208.67,-116.6,-22.586
80.894,-112.44,93.095
261.14,-142.42,-55.315
175.73,-105.85,-4.8699
109.81,-128.64,43.732
66.105,-108.92,93.253
276.04,-144.47,-74.737
221.65,-174,-59.115
198.23,-143.15,-56.301
221.65,-136.96,-9.8288
332.49,-195.79,-201.11
81.496,-71.356,66.095
201.25,-167.19,-33.181
267.55,-182.23,-75.036
293.41,-180.6,-91.447
235.71,-178.88,-72.178
118.99,-88.767,82.687
62.315,-83.881,68.554
264.32,-161.74,-125.84
183.93,-119.71,-31.365
225.49,-142.16,-13.078
286.11,-188.36,-143.08
230.31,-174.56,-45.397
90.745,-109.3,45.711
200.46,-126.79,10.125
259.81,-139.62,-99.673
324.45,-153.7,-141.66
283.89,-177.03,-148.29
60.487,-105.25,103.44
188.35,-119.43,20.397
143.75,-130.65,-2.7812
110.03,-106.73,26.999
116.41,-80.992,77.979
107.89,-128.2,58.377
339.57,-182.49,-211.42
151.72,-147.39,9.1802
193.48,-115.35,9.5791
85.628,-79.848,113.76
255.66,-164.01,-117.2
187.35,-148.41,-44.419
354.12,-161.19,-188.6
229.79,-165.88,-29.299
176.12,-110.25,-14.935
261.35,-135.38,-71.701
207.95,-169.33,-44.315
354.57,-161.46,-190.57
298.34,-168.07,-90.165
131.33,-110.38,73.813
239.99,-178.78,-83.996
177.4,-194.06,-134.65
189.97,-177.61,-185.47
44.582,-166.98,-21.323
70.666,-136.37,-54.261
111.11,-204.81,-122.25
4.638,-156.05,-31.663
120.78,-187.91,-149.9
-4.3364,-99.491,15.036
46.042,-159.59,-15.447
181.71,-222.51,-194.07
249.56,-193.38,-252.31
214.32,-182.1,-197.2
232.55,-198.53,-189.31
259.46,-209.62,-278.35
216.49,-231.97,-200.33
34.097,-119.54,-17.266
27.38,-134.66,-54.778
27.016,-156.12,-2.2076
225.5,-208.97,-180.37
220.98,-200.73,-176.43
72.801,-145.27,-39.702
127.59,-204.78,-105.61
281.92,-200.79,-243.39
249.52,-206.13,-268.01
-6.4715,-108.24,-12.609
286.74,-197.08,-260.34
29.768,-136.81,5.2022
111.9,-186.85,-77.164
138.37,-187.66,-98.312
77.389,-181.68,-52.365
79.201,-185.82,-105.95
27.543,-119.55,-34.318
27.045,-130.18,-50.595
65.39,-134.58,-45.754
-16.968,-148.63,10.495
-6.9481,-144.26,23.608
191.61,-214.72,-155.36
21.915,-161.54,-51.449
103.13,-158.5,-68.157
94.113,-146.15,-78.01
58.7,-132.51,-59.064
-19.585,-140.63,31.084
-38.51,-125.36,2.2344
23.848,-122.81,-40.347
244.95,-189.29,-237.89
205.64,-199.96,-161.45
46.369,-133.02,-61.088
148.69,-166.46,-145.07
219.15,-226.15,-187.68
42.6,-178.32,-49.421
218.67,-189.87,-181.14
148.19,-173.66,-111.82
253.88,-196.11,-260.15
245.63,-195.48,-253.95
148.67,-175.69,-164.87
264.88,-205.5,-279.74
23.22,-115.65,-25.213
118.89,-155.61,-109.2
168.89,-210.11,-135.05
265.75,-214.96,-218.24
86.289,-184.06,-59.269
196.81,-224.31,-171.93
243.59,-231.67,-211.7
196.63,-217.65,-161.87
105.49,-152.2,-104.91
48.546,-126.67,-30.286
111.45,-199.39,-134.28
-16.905,-122.36,-18.123
-14.726,-94.121,21.434
65.243,-175.44,-39.766
10.28,-162.2,-13.093
286.26,-209.22,-240.04
214.76,-182.7,-206.52
170.83,-175.73,-139.39
85.542,-191.6,-108.06
213.29,-211.9,-237.38
-13.99,-145.37,22.447
71.933,-177.94,-102.27
169.59,-206.59,-132.45
256.23,-192.1,-227.49
283.01,-197.33,-252.62
204.29,-203.37,-160.2
137.23,-167.7,-146.93
259.29,-195.69,-262.47
189.74,-176.54,-177.54
182.81,-179.57,-149.68
144.71,-216.06,-147.52
34.639,-162.91,-66.594
68.697,-158.66,-97.707
145.96,-166.21,-120.77
35.88,-162.43,-68.22
174.34,-174.27,-172.6
294.75,-211.96,-247.5
102.58,-159.85,-66.522
272.99,-206.8,-227.41
226.05,-217.8,-184.28
209.47,-201.5,-231.9
-11.056,-122.73,-22.634
42.504,-148.67,-7.7202
162.03,-169.68,-142.14
254.62,-231.17,-218.34
115.67,-198.13,-140.88
26.091,-140.03,7.966
83.176,-147.02,-52.448
102.65,-160.97,-65.958
56.929,-132.79,-60.782
50.693,-131.96,-59.683
164.58,-221.46,-163.74
169.12,-219.03,-148.98
62.361,-177.59,-91.242
232.43,-198.4,-248.28
285.32,-199.17,-250.94
284.06,-200.6,-246.41
184.52,-187.96,-143.54
223.57,-224.96,-188.95
194.79,-186.56,-207.91
242.1,-192.45,-206.7
43.61,-124.39,-25.169
205.49,-225.62,-220.25
165.84,-217.67,-144.69
23.974,-137.4,-54.483
202.55,-196.38,-159.04
244.09,-208.5,-197.8
90.476,-183.75,-61.156
158.39,-219.84,-155.15
267.46,-233.28,-230.03
258.85,-192.15,-231.69
80.423,-190.17,-66.839
228.53,-221.34,-188.84
49.809,-132.21,-20.327
143.72,-166.32,-116.32
166.85,-175.89,-174.82
156.29,-205.2,-121.85
163.66,-221.01,-166.37
125.6,-185.1,-153.94
209.21,-205.93,-233.15
143.9,-210.73,-162.79
151.04,-214.52,-166.25
198.2,-191.34,-215.78
126.38,-165.55,-91.818
275.33,-194.31,-254.04
83.827,-143.91,-85.013
160.61,-220.45,-159.82
134.55,-162,-131.24
183.42,-208.94,-208.6
100.05,-201.78,-102.35
219.19,-211.94,-175.56
73.036,-190.24,-88.489
145.66,-199.6,-172.93
98.141,-194.49,-78.275
82.32,-148.64,-95.495
144.63,-209.1,-165.87
65.147,-182.33,-90.488
154.14,-169.34,-155.1
214.37,-198.07,-233.93
12.023,-136.7,-45.468
164.33,-187.62,-187.03
-24.447,-128.26,-12.168
254.41,-238.02,-231.08
192.17,-189.81,-209.86
141.55,-194.7,-103.67
150.23,-217.65,-147.44
230.85,-202.82,-185.77
204.78,-223.69,-175.1
95.121,-159.04,-58.262
34.3,-119.63,-28.973
64.304,-160.3,-28.793
182.15,-198.25,-139.29
166.71,-222.01,-165.28
-6.2323,-118.82,-23.479
-1.202,-116.17,34.146
121.84,-200.25,-96.147
153.39,-184.12,-112.26
196.59,-226.26,-176.54
48.413,-159.1,-81.25
19.555,-122.61,12.881
66.656,-168.31,-98.637
232.18,-187.29,-228.04
174.47,-184.67,-192
78.942,-193.59,-80.472
215.72,-182.41,-198.35
-8.9686,-148.62,-19.596
116.17,-203.18,-135.55
130.83,-208.3,-113.67
93.005,-172.69,-122.65
275.27,-210.37,-228.17
96.528,-189.3,-124.48
182.89,-225.3,-172.24
-40.493,-119.47,3.0083
263.16,-193.8,-232.86
138.08,-198.34,-165.55
45.135,-134.56,-11.881
152.59,-167.02,-145.51
-15.652,-141.59,29.125
34.196,-148.93,-67.042
234.61,-216.39,-257.53
207.42,-180.56,-192.66
131.81,-159.98,-116.97
5.2703,-116.51,-26.661
86.956,-152.72,-52.152
-11.968,-146.5,20.393
257.79,-241.16,-251.55
56.799,-152.52,-20.642
270.99,-220.41,-223.91
32.943,-133.28,1.6495
1.1594,-143.06,-36.177
196.26,-209.96,-221.11
40.785,-122.4,-31.095
192.46,-177.3,-173.88
147.73,-216.15,-138.6
61.264,-176.39,-90.718
116.41,-154.75,-107.17
247.24,-219.61,-202.91
151.85,-196.78,-179.3
58.628,-164.39,-91.005
7.1203,-137.9,22.807
114.82,-172.08,-139.19
105.99,-200.42,-124.84
204.67,-182.29,-175.81
174.07,-206.67,-199.8
-2.0578,-129.9,33.128
-18.265,-107.2,-7.4259
63.712,-142.34,-80.008
190.62,-223.03,-205.32
185.91,-190.67,-143.8
47.049,-159.22,-80.018
5.1844,-151.3,11.052
279.04,-230.04,-235.64
243.26,-238.33,-233.3
26.155,-117.95,-1.9442
32.507,-173.61,-44.752
238.09,-220.1,-260.28
175.79,-176.52,-179.69
203.17,-179.98,-194.16
78.5,-176.05,-109.69
37.272,-140.58,-1.9137
287.81,-232.7,-244.69
39.114,-151.13,-71.698
254.71,-216.68,-276.48
99.682,-148.51,-82.056
72.651,-151.09,-36.303
182.91,-217.9,-153.38
255.4,-223.28,-211.77
65.401,-136.09,-67.482
5.2254,-104.48,3.8153
138.81,-171.13,-153.22
201.17,-179.81,-194.15
50.106,-128.87,-51.815
198.61,-224.04,-213.99
105.01,-200.89,-122.24
-14.981,-132.74,39.195
124.77,-164.36,-90.936
285.8,-216.1,-237.3
185.13,-222.6,-163.13
244.99,-219.41,-267.22
43.035,-147.39,-73.215
242.41,-190.7,-242.31
95.323,-163.45,-119.29
139.19,-162.45,-128.13
94.601,-146.49,-77.117
-10.697,-148.22,-17.275
165.87,-220.31,-174.95
122.61,-208.24,-113.92
5.9131,-159.13,-5.3694
23.908,-168.36,-23.508
5.7246,-146.9,16.338
59.677,-180.07,-44.635
5.746,-107.5,-10.779
160.46,-168.83,-146.49
66.235,-158.13,-95.611
15.716,-165.46,-30.54
180.2,-209.16,-142.29
34.327,-119.23,-22.554
72.744,-138.82,-72.945
27.398,-154.61,-0.98769
242.52,-236.38,-221.95
2.7255,-104.67,17.338
246.25,-194.7,-253.03
150.54,-197.21,-178.06
113.96,-179.27,-142.3
226.25,-184.58,-210.33
199.83,-229.6,-192.98
12.482,-117.45,18.703
23.579,-117.49,2.077
129.25,-164.42,-97.095
118.42,-186.81,-147.66
141.93,-215.31,-139.75
144.68,-165.11,-140.6
187.38,-210.71,-212.09
212.11,-232.01,-201.98
178.71,-202.8,-204.71
188.55,-213.9,-152.41
62.185,-160.74,-93.463
116.51,-156.38,-116.03
44.371,-167.17,-21.462
224.92,-216.38,-182.5
59.973,-133.1,-60.339
14.654,-138.28,-48.067
91.414,-166.49,-118.69
179.28,-208.67,-204.5
197.04,-191.32,-214.91
230.89,-204.71,-251.66
149.37,-166.32,-144
126.95,-166.67,-140.81
247.52,-212.41,-201.06
26.804,-148.15,-60.607
230.46,-189.42,-233.68
103.08,-169.4,-64.282
160.16,-194.33,-159.57
4.8139,-108.99,41.898
260.16,-247.8,-227.94
104.78,-206.32,-94.26
16.855,-129.57,-17.372
274.72,-213.2,-263.85
136.12,-166.3,-102.53
190.04,-227.01,-138.07
127.49,-192.89,-131.23
-8.0524,-137.54,-2.9224
24.736,-126.96,32.294
167.2,-191.06,-101.03
153.01,-182.98,-89.22
45.733,-164.95,-53.863
269.23,-227.7,-197.83
249.33,-200.27,-228.86
225.73,-198.75,-161.29
117.64,-160.34,-70.078
49.689,-184.93,-33.514
33.893,-125.35,-14.736
103.71,-206.91,-89.091
26.357,-173.8,-8.7035
218.74,-199.98,-208.61
208,-220.09,-206.98
221.87,-240.27,-191
167.27,-199.37,-167.74
151.9,-184.96,-146.52
155.97,-174.58,-130.64
197.62,-205.08,-195.86
55.35,-187.39,-35.346
-0.90634,-108.83,15.368
252.66,-199.48,-228.82
189.73,-194.26,-181.86
136.01,-166.07,-100.33
100.6,-166.95,-37.85
155.11,-174.36,-129.96
150.96,-171.79,-103.59
-26.378,-143.29,23.398
-13.298,-140.36,2.9496
187.9,-231.78,-150.04
72.976,-146.62,-58.474
159.79,-197.55,-93.331
288.88,-246.76,-229.94
-9.231,-154.49,12.267
176.83,-191.38,-111.23
22.214,-147.28,34.02
36.318,-176.61,-32.462
85.94,-167.39,-87.936
184.43,-198.33,-181.31
173.58,-225.99,-129.27
200.98,-220.79,-137.74
249.35,-197.17,-220.85
83.247,-145.82,-38.657
161.98,-212.04,-102.45
252.27,-235.76,-189.93
62.117,-149.67,-1.3496
116.45,-192.76,-56.61
297.57,-231.79,-224.19
38.669,-145.19,-42.054
1.4593,-145.2,47.412
-23.447,-138.13,13.923
186.41,-211.57,-120.47
285.44,-204.64,-256.57
192.02,-206.2,-123.73
266.62,-240.39,-205.8
236.84,-237.89,-183.03
231.29,-242.16,-201.25
110.73,-157.28,-65.098
53.189,-145.44,-50.32
-11.026,-153.31,34.702
45.976,-183.03,-33.544
40.84,-145.84,19.586
187.4,-232.08,-151.9
220.72,-193.81,-200.32
131.07,-205.88,-131.97
14.414,-150.06,36.804
14.988,-141.8,41.71
16.653,-113.26,15.086
44.425,-139.7,14.97
50.417,-155.34,9.737
7.2547,-113.97,45.62
57.646,-154.59,3.6228
158.4,-186.07,-93.607
20.924,-149.93,33.26
132.78,-176.67,-125.81
-14.74,-149.16,44.652
150.56,-184.66,-145.32
20.978,-117.39,26.478
102.96,-172.59,-103.18
87.847,-148.44,-40.437
185.93,-229.83,-142.77
246.84,-237.16,-187.97
48.622,-149.3,12.228
24.166,-160.74,21.923
222.08,-229.45,-161.33
122.43,-186.55,-125.35
241.25,-240.7,-191.36
266.49,-223.94,-262.58
142.95,-208.85,-87.321
214.63,-237.46,-173.38
169.17,-190.6,-103.29
161.61,-180.01,-145.29
65.033,-138.49,-39.159
281.96,-206.15,-219.87
34.554,-153.96,22.125
6.4795,-148.97,-16.229
141.17,-169.93,-116.52
1.8175,-106.35,24.035
206.4,-236.74,-171.95
38.687,-135.95,20.046
200.28,-213.73,-200.24
246.4,-214.97,-175.1
23.98,-167.75,-26.147
143.84,-178.22,-133.9
67.255,-138.45,-35.987
272.97,-212.16,-261.52
51.708,-185.03,-42.646
106.53,-208.41,-82.697
192.69,-186.27,-170.85
210.5,-228.31,-205.22
106.79,-157.86,-84.466
196.09,-221.02,-134.35
189.73,-229.24,-178.58
271.32,-246.43,-219.5
109.46,-164.94,-98.989
175.78,-214.56,-114.21
32.943,-151.05,-40.791
14.28,-112.31,15.089
103.31,-177.48,-39.967
215.8,-232.94,-162.24
159.62,-221.99,-115.82
9.2824,-155.43,-16.846
280.31,-241.98,-217.39
136.14,-217.18,-122.78
227.55,-223.45,-160.44
290.8,-235.43,-219.88
120.99,-203.39,-121.97
76.88,-151.12,-18.161
23.913,-124.87,-14.098
25.722,-123.46,-11.774
178.17,-182.34,-122.74
102.59,-206.4,-74.375
73.387,-142.36,-47.526
45.684,-181.78,-18.909
255.25,-197.71,-224.06
144.98,-170.02,-115.73
183.26,-202.87,-182.71
76.205,-164.1,-14.045
30.745,-127.12,24.305
146.37,-199.04,-149.15
215.91,-230.33,-209.49
183.14,-183.31,-160.21
27.948,-173.42,-2.8355
104.04,-160.17,-89.418
84.706,-166.8,-22.002
61.064,-173.2,-7.3408
250.66,-225.65,-180.92
65.87,-187.06,-65.439
202.02,-193.08,-138.92
216.26,-193.08,-196.57
43.152,-127.23,-14.163
267.14,-211.71,-197.06
250.95,-213.87,-179.7
39.108,-134.99,-32.384
181.96,-226.37,-173.1
228.17,-237.56,-177.86
14.559,-137.14,43.717
69.874,-190.66,-35.075
204.52,-185.67,-163.77
136.77,-167.53,-87.859
-28.833,-143.46,28.669
143.03,-168.5,-100.61
115.7,-174.79,-51.726
150.18,-171.85,-121.48
71.702,-152.26,-11.156
169.03,-225.83,-128
164.94,-216.78,-109.34
209.94,-221.64,-145.22
31.131,-139.02,-33
35.042,-163.41,14.695
220.74,-193.07,-163.05
230.63,-191.66,-185.56
92.81,-172.26,-95.687
174.29,-188.67,-110.01
159.17,-223.26,-119.3
159.82,-176.1,-135.53
232.88,-242.5,-201.32
200.85,-198.17,-193.75
-21.733,-149.25,32.073
48.456,-184.23,-28.619
27.193,-167.97,-30.761
188.06,-229.77,-143.11
160.46,-187.22,-95.328
55.621,-183.11,-18.932
101.34,-172.67,-37.732
119.06,-169.12,-109.11
28.054,-167.6,-32.362
50.172,-180.91,-49.587
244.9,-237.45,-187.14
-24.207,-140,16.175
200.9,-192.38,-186.82
123.04,-211.09,-83.457
78.222,-145.83,-56.501
211.02,-205.18,-141.91
126.58,-198.18,-130.2
42.366,-141.14,-40.77
-10.104,-139.73,-0.66152
59.225,-166.4,-1.428
298.36,-214.29,-229.1
55.784,-136.76,-3.0108
282.81,-246.69,-226.18
97.11,-197.09,-97.712
199.81,-218.16,-134.92
84.782,-200,-67.752
138.01,-182.08,-73.146
190.91,-189.08,-129.67
162.72,-182.96,-100.81
234.84,-232.04,-173.25
228.91,-211.21,-158.56
76.889,-150.18,-18.944
33.875,-176.52,-9.3396
241.61,-215.76,-238.15
242.4,-213.81,-171.35
154.24,-172.35,-109.62
214,-203.64,-145.32
138.3,-187.61,-138.62
158.09,-175.33,-106.04
45.792,-174.01,-50.684
243.66,-198.13,-221.27
129.76,-170.24,-115.22
249.38,-219.7,-178.04
132.62,-170.48,-116.62
100.35,-206.07,-82.571
6.6836,-132.11,-13.327
24.734,-170.39,-23.091
253.81,-236.6,-246.38
285.99,-218.99,-213.29
162.36,-213.66,-104.26
263.42,-227.57,-192.72
163.75,-185.01,-100.36
110.81,-194.23,-114.99
116.64,-211.82,-89.416
241.08,-194.51,-190.96
63.395,-136.4,-22.589
258.12,-234.68,-193.13
218.05,-202.38,-210.52
179.6,-180.23,-131.61
210.7,-237.86,-178.41
85.918,-163.15,-84.826
70.105,-143.91,-16.071
104.12,-180.95,-108.25
52.562,-183.25,-19.784
76.112,-192.2,-73.848
133.71,-175.69,-125.14
240.44,-195.03,-211
43.962,-163.81,-52.207
178.02,-189.85,-169.02
240.74,-193.58,-198.46
256.94,-196.95,-211.13
58.036,-173.16,-5.7097
245.33,-220.62,-242.69
220.57,-230.71,-161.82
144.11,-220.77,-114.36
12.018,-115.76,2.6524
154.71,-174.64,-130.85
193.03,-226.81,-186.41
237.1,-237.87,-183.14
165.02,-192.17,-162
162.93,-225.88,-143.66
206.45,-235.88,-186.48
106.89,-186.54,-46.094
125.27,-210.88,-119.28
262.17,-199.49,-232.39
107.67,-175.99,-108.75
174.6,-186.13,-112.49
53.51,-156.43,-58.704
111.36,-187.09,-49.698
263.65,-211.76,-193.36
194.24,-183.95,-146.21
26.209,-173.82,-10.768
23.026,-117.29,20.929
50.197,-169.23,1.894
159.12,-175.54,-133.72
178.77,-213.25,-115.43
197.75,-185.76,-145.87
48.872,-130.21,-4.1288
112.76,-210.39,-85.43
216.71,-205.8,-147.45
106.92,-201.42,-106.23
128.23,-163.51,-84.543
203.43,-228.82,-148.41
205.38,-209.83,-204.32
164.2,-192.47,-97.579
117.81,-159.93,-86.653
129.46,-183.6,-64.368
156.82,-183.95,-93.004
82.422,-148.93,-28.661
78.221,-196.3,-49.749
42.11,-158.77,-50.252
170.93,-216.69,-169.8
211.38,-219.97,-145.25
237.7,-193.21,-201.33
206.39,-227.49,-148.4
-8.7965,-131.87,-1.6407
69.635,-139.84,-40.147
149.25,-210.91,-93.277
255.25,-246.86,-222.47
31.247,-164.1,-38.711
116.86,-216.22,-64.755
51.896,-139.5,-12.092
73.103,-196.54,-15.982
202.24,-190.81,-134.16
163.43,-214.6,-140.09
232.44,-240.77,-150.37
277.08,-221.03,-180.92
297.19,-223.63,-200.61
67.212,-193.48,-9.2847
96.745,-165.31,-10.855
241.14,-210.25,-148.99
155.23,-216.89,-130.65
271.81,-255.46,-221.21
71.109,-155.63,14.519
219.85,-211.85,-125.63
-14.697,-128.91,29.568
263.25,-233.89,-167.79
56.785,-138.31,-8.0986
32.415,-160.35,-16.386
2.1982,-158.62,57.839
85.019,-153.94,-41.963
13.869,-170.32,28.121
234.33,-247.42,-166.42
29.4,-123.85,20.668
148,-186.44,-59.189
104.62,-198.74,-26.31
113.2,-171.02,-78.309
70.892,-187.22,1.7359
251.95,-204.37,-170.79
19.107,-120.86,56.702
206.99,-242.73,-156.89
37.668,-165.43,39.09
261.47,-253.27,-193.94
14.821,-141.74,67.815
270.46,-249.81,-188.41
18.792,-147.96,62.271
218.63,-206.37,-126.77
135.98,-171.25,-63.445
2.073,-121.12,25.206
213.03,-199.53,-126.62
136.56,-171.84,-62.548
66.777,-173.58,16.058
203.5,-233.89,-172.62
270.8,-205.79,-199.23
15.269,-170.96,27.674
284.52,-224.72,-251.02
162.55,-197.81,-135.47
148.54,-212.74,-125.3
154.26,-221.51,-126.01
66.539,-194.94,-14.814
153.81,-228.97,-105.22
132.78,-171.51,-55.721
22.486,-146.48,-5.0983
189.55,-238.44,-130.78
66.37,-178.02,-48.482
295.88,-232.16,-196.95
98.722,-155.86,-41.192
168.97,-209.01,-145.46
182.6,-186.38,-109.06
1.2472,-163.91,35.533
283.35,-254.01,-203.94
201.71,-224.71,-176.13
161.78,-229.59,-122.84
208.48,-221.29,-183.11
27.854,-147.98,55.646
268.63,-242.64,-237.6
136.14,-215.04,-61.14
189.01,-207.08,-95.901
111.76,-209.42,-44.212
287.18,-209.23,-225.05
31.826,-140.67,52.964
120.06,-193.91,-99.139
18.9,-137.71,2.1244
228.13,-228.81,-201.44
299.41,-212.73,-218.57
201.23,-237.79,-128.67
217.51,-197.16,-167.86
225.42,-241.12,-190.28
72.207,-151.3,-35.489
62.411,-184.54,8.0364
24.758,-159.1,51.038
156.19,-180.61,-76.507
184.11,-189.51,-102.8
111.73,-162.52,-37.359
28.368,-122.88,23.489
109.87,-212.36,-74.535
242.95,-205.31,-156.59
247.09,-246.75,-208.72
118.96,-210.35,-92.489
-3.3462,-159.23,54.755
168.93,-183.06,-116.56
191.63,-232.04,-113.3
50.205,-141.65,-15.52
177.31,-203.97,-150.78
189.08,-234.46,-116.61
253.44,-222.94,-156.84
271.79,-250.3,-190.1
242.27,-234.39,-214.11
281.74,-255.98,-235.96
176.16,-216.7,-87.472
41.855,-183.45,7.875
273.67,-243.83,-182.95
164.65,-226.71,-133.06
245.73,-207.67,-204.13
296.89,-256.01,-215.46
86.28,-151.22,-13.996
26.595,-138.56,-2.8137
169.32,-231.28,-131.09
121.32,-212.45,-51.927
278.34,-213.12,-189.19
4.2764,-160.91,53.435
313.14,-222.53,-218.93
1.1974,-162.25,48.307
193.12,-193.13,-149.03
46.559,-181.99,14.431
157.63,-181.74,-76.625
51.682,-188.58,-3.5759
39.232,-132.07,2.3969
229.79,-220.84,-202.51
167.68,-183.61,-118.45
297.75,-253.1,-211.12
132.99,-169.68,-63.011
101.25,-159.4,-53.797
80.375,-194.03,-57.401
176.22,-227.33,-98.034
229.11,-237.28,-198.65
240.38,-208.19,-149.91
176.19,-218.26,-88.541
11.337,-148.64,66.526
75.663,-199.4,-25.515
113,-171.34,-26.882
23.265,-143.19,60.646
274.85,-209.83,-190.4
108.59,-188.61,-88.042
283.72,-257.58,-215.08
111.58,-192.47,-25.736
130.5,-220.77,-74.999
32.409,-144.83,-10.93
252.35,-216.32,-218.96
150.66,-184.49,-114.44
51.956,-136.52,-5.1749
30.374,-162.53,-14.212
49.003,-183.91,10.479
44.312,-130.07,14.89
31.155,-139.85,53.545
155.63,-228.53,-96.061
139.06,-181.4,-51.803
83.596,-161.58,-53.413
241.96,-241.07,-209.75
131.49,-169.21,-74.415
136.75,-187.77,-109.47
218.85,-201.26,-131.73
222.11,-225.65,-129.17
184.39,-231.2,-152.53
74.21,-177.02,-55.845
52.377,-137.1,23.554
174.74,-199.28,-145.67
259.07,-246.93,-223.2
60.154,-148.88,24.26
42.363,-148.16,-19.262
2.6371,-164.6,33.388
260.02,-210.21,-170.88
47.717,-160.51,-29.677
133.35,-175.4,-92.594
156.47,-229.75,-108.03
157.59,-181.49,-77.024
169.75,-204.7,-144.91
101.13,-160.81,-57.358
98.801,-168.32,-11.764
96.868,-164.21,-11.705
87.698,-151.69,-15.983
116.55,-211.66,-49.473
296.1,-228.03,-197.7
254.83,-208.52,-211.15
93.611,-207.47,-51.126
199.42,-190,-133.7
261.51,-221.71,-164.88
195.67,-227.12,-109.76
149.9,-177.32,-99.302
52.692,-178.43,-33.599
233.81,-248.15,-170.05
154.69,-228.98,-99.754
191.57,-194.67,-151.17
224.71,-204.28,-135.43
118.6,-183.28,-29.183
160.68,-210.92,-137.86
190,-224.71,-164.12
234.41,-226.45,-139.98
258.66,-249.42,-181
-2.5736,-117.89,30.531
151.39,-178.21,-73.626
297.2,-214.48,-210.83
211.55,-217.83,-117.5
143.13,-197.17,-52.794
184.45,-209.91,-159.34
140.6,-220.51,-109
292.62,-209.9,-226.24
295.15,-210.97,-233.87
94.157,-156.25,-46.575
80.031,-199.06,-50.03
105.93,-201.72,-83.389
274.17,-251.39,-235.29
232.18,-222.19,-205
292.48,-227.95,-194.14
255.42,-230.11,-227.48
113.79,-215.43,-67.379
55.445,-140.65,-14.369
157.97,-215.8,-73.944
59.272,-192.09,-10.497
89.012,-194.57,-67.716
213.78,-213.25,-119.37
206.13,-200.13,-168.02
164.89,-206.92,-141.4
148.46,-193.88,-57.511
115.06,-214.96,-76.976
1.6828,-159.44,56.124
286.64,-222.95,-251.38
66.289,-194.21,-34.313
287.35,-217.35,-245.87
38.662,-138.46,-7.9018
58.827,-191.31,-7.1744
81.746,-201.58,-46.529
242.6,-233.1,-150.09
227.78,-204.75,-188.3
101.85,-183.28,-14.362
229.88,-247.16,-181.96
158.27,-217.1,-75.363
24.013,-160.67,-7.9324
65.039,-189.24,0.03532
219.26,-222.69,-193.26
140.32,-175.02,-61.33
88.287,-163.32,-1.9186
30.74,-178.78,13.259
157.07,-185.24,-71.115
57.604,-175.1,20.453
177.95,-229.59,-146.45
265.06,-250.97,-187.73
18.938,-147.48,-2.6912
219.86,-197.25,-140.47
225.63,-205.04,-187.33
201.49,-194.76,-118.47
133.3,-211.23,-109.32
170.43,-197.99,-78.87
18.996,-173,17.393
203.06,-237.16,-167.88
232.39,-233.14,-204.51
36.386,-157.29,-19.544
175.51,-217.46,-151.58
224.43,-232.88,-196.39
247,-225.05,-219
282.58,-215.5,-191.22
55.278,-164.65,-37.05
280.62,-217.18,-187.3
109.1,-200.82,-87.498
71.649,-167.11,14.876
22.347,-164.7,45.795
153.03,-194.5,-126.09
201.11,-210,-173.44
107.09,-161.24,-31.104
145.96,-180.46,-61.506
1.7425,-163.88,31.524
191.79,-212.15,-98.727
115.94,-163.7,-43.276
35.305,-170.23,-17.143
-9.9768,-154.23,32.303
209.73,-212.91,-115.49
146.21,-216.83,-120.45
136.46,-182.75,-104.58
145.98,-207.68,-59.477
276.46,-228.64,-246.23
25.607,-121.01,28.317
123.35,-212.37,-96.097
188.06,-238.43,-134.93
216.17,-242.67,-146.46
160.5,-221.99,-133.15
47.209,-159.01,36.927
3.2902,-122.82,22.886
207.64,-200.3,-169.19
125.55,-167.72,-72.477
148.34,-212.25,-64.568
221.71,-224.46,-195.63
149.65,-226.89,-108.18
25.276,-146.9,-7.3323
125.44,-197.81,-38.726
204.48,-191.39,-135.95
268.14,-215.86,-174.55
225.55,-212.42,-194.75
-16.471,-152.82,42.533
114.6,-190.5,-27.088
77.826,-168.97,-56.001
48.613,-146.38,-20.887
49.237,-149.79,36.471
29.553,-174.91,-4.3608
290.69,-217.37,-248.12
75.05,-190.69,-53.257
123.78,-185.33,-34.092
12.27,-148.88,65.816
196.67,-201.5,-163.45
121.47,-186.56,-97.651
304.95,-216.71,-216.78
147.83,-226.34,-89.985
117.52,-163.26,-54.143
199.36,-200.1,-109.48
131.65,-212.71,-106.32
305.81,-216.34,-218.59
224.87,-235.68,-138.83
52.452,-178.18,19.519
167.72,-219.15,-143.04
