-153.71,73.808,-43.353
-159.21,38.955,-36.954
-275.49,117.86,-501.08
-258.55,86.29,-521.53
-105.59,66.98,36.538
-223.4,99.629,-259.86
-286.69,87.633,-430.69
-180.7,72.896,-232.18
-188.33,62.545,-247.5
-153.68,82.077,-117.26
-190.35,65.361,-108.25
-193.32,76.418,-273.15
-260.47,63.443,-431.4
-153.46,60.302,-151.09
-242.9,80.613,-265.77
-143.06,27.535,-25.055
-185.42,44.138,-113.27
-248.84,101.26,-477.11
-98.446,50.274,-8.9159
-210.05,94.76,-312.74
-179.98,91.021,-168.36
-154.04,51.564,-14.032
-126.99,25.432,-28.223
-273.91,111.82,-439.13
-158.26,65.679,-35.013
-171.42,82.57,-189.69
-117.34,65.609,-44.71
-268.51,109.37,-411.46
-178.94,86.445,-207.2
-170.01,56.814,-54.214
-220.17,76.625,-365.98
-239.38,100.34,-295.95
-194.52,51.131,-127.13
-186.91,41.763,-133.18
-157.77,66.287,-163.89
-211.08,48.3,-216.46
-248.27,104.19,-466.37
-183.11,87.015,-135.1
-275.25,70.355,-411.75
-112.04,54.558,-42.519
-114.63,68.362,-26.246
-169.92,42.432,-63.924
-196.87,81.862,-283.52
-245.25,103.13,-322.18
-222.52,51.596,-260.93
-145.98,29.458,-22.832
-137.38,43.733,-96.348
-172.17,43.244,-69.499
-212.58,98.564,-238.39
-251.39,63.068,-416.05
-219.83,58.494,-200.98
-207.4,47.586,-226.61
-248.73,71.219,-451.43
-238.55,107.22,-392.3
-187.19,87.276,-142.21
-151.27,29.975,-62.959
-201.57,86.65,-166.23
-187.64,46.842,-203.74
-190.72,93.859,-218.19
-116.52,46.355,-52.626
-149.36,39.607,-6.6199
-255.92,67.578,-326.23
-85.324,39.125,22.896
-128.85,46.951,-81.501
-193.51,81.821,-271.41
-181,48.408,-197.47
-258.37,98.448,-524.48
-243.37,84.187,-460.28
-108.34,50.893,-33.955
-193.99,48.805,-223.45
-230.83,104.3,-370.12
-229.94,56.785,-248.51
-131.49,23.738,1.0717
-186.94,45.047,-115.81
-152.49,56.547,-12.73
-249.6,67.037,-299.79
-259.36,110.67,-398.64
-181.87,60.486,-84.884
-275.07,97.698,-394.67
-214.07,67.563,-331.72
-190.79,65.955,-109.66
-263.19,69.887,-352.81
-247.48,76.159,-461.95
-102.61,23.913,9.13
-266.94,115.2,-505.4
-142.54,48.01,-113.76
-125.43,72.977,-9.1091
-219.97,62.686,-194.92
-239.44,58.132,-289.84
-100.82,25.109,9.0281
-208.38,98.303,-233.72
-247.2,68.989,-285.96
-122.49,71.225,-43.937
-190.04,41.864,-161.39
-234.72,106.87,-340.29
-173.35,40.099,-82.301
-281.83,97.395,-418.43
-183.42,90.48,-155.77
-181.41,40.19,-117.01
-154.51,41.679,-18.873
-161.45,81.807,-84.117
-172.28,72.592,-74.905
-161.95,81.327,-157.4
-272.37,67.085,-486.65
-191.38,94.247,-216.93
-186.75,71.463,-251.02
-264.17,75.966,-518.04
-269.54,69.428,-385.78
-210.49,100.14,-263.11
-273.16,86.4,-375.99
-90.86,32.406,15.602
-160.21,38.54,-126
-207.95,47.39,-220.28
-151.07,65.413,-20.154
-182.71,39.737,-146.06
-158.47,78.925,-67.616
-283.78,115.75,-488.38
-212.88,96.894,-317.59
-266.56,64.644,-449.34
-106.67,27.571,-6.6513
-155.48,77.463,-57.921
-255.6,75.802,-489.08
-165.86,41.483,-146.05
-136.01,39.549,29.303
-281.82,117.5,-498.37
-224.65,103.25,-290.47
-228.94,82.649,-403.18
-265.15,64.15,-441.29
-154.73,82.156,-82.748
-226.35,101.68,-277.54
-192.34,87.836,-257.32
-203.24,93.502,-286.21
-227.88,53.415,-290.9
-253.82,60.579,-381.71
-100.34,65.935,25.297
-144.35,48.798,9.7536
-275.65,94.428,-391.57
-216.08,101.68,-293.85
-208.73,56.226,-284.57
-187.49,88.346,-147.27
-250.4,111.07,-397.22
-243.74,98.611,-300.39
-146.41,73.332,-30.551
-211.21,85.093,-335.02
-143.27,27.417,-41.714
-201.71,47.828,-164.38
-260.5,103.65,-527.36
-139.09,48.497,22.183
-297.19,90.296,-474.56
-210.58,76.57,-332.31
-259.49,63.208,-427.82
-208.52,94.389,-307.03
-148.93,80.253,-107.39
-296.25,102.45,-480.44
-218.04,84.032,-361.67
-166.03,35.081,-109.24
-123.32,73.259,-15.796
-162.32,85.607,-126.84
-102.77,23.836,9.0868
-179.81,41.41,-102.25
-162.93,59.889,-38.857
-238.51,97.725,-435.65
-235.86,64.117,-385.2
-231.83,62.051,-238.81
-243.75,58.306,-356.69
-128.92,22.754,0.88236
-234.62,107.07,-353.1
-150.51,35.062,-17.823
-141.17,60.94,-118.32
-133.24,27.519,-44.392
-213.01,76.197,-340.48
-106.57,18.796,22.641
-230.27,58.259,-341.34
-247.81,59.422,-372.05
-193.99,79.859,-134.12
-197.75,63.645,-127.33
-132.52,63.183,-93.515
-246.48,101.37,-465.57
-111.68,35.011,-30.086
-229.99,63.983,-368.53
-229.19,102.87,-290.14
-221.7,55.374,-307.26
-229.61,59.459,-346.99
-171.07,88.31,-150.62
-240,70.359,-420.66
-228.19,96.066,-391.69
-246.14,91.333,-474.86
-165.32,34.303,-86.296
-240.57,70.216,-422.01
-92.464,35.202,9.3909
-163.83,48.146,-161.01
-222.45,102.79,-329.89
-128.37,61.895,-82.726
-156.67,66.107,-32.436
-261.62,63.867,-377.17
-97.267,49.139,-6.3047
-219.18,53.019,-286.75
-234.37,56.407,-274.45
-221.78,95.316,-236.61
-110.05,66.968,-14.644
-228.24,103.14,-291.26
-281.05,83.612,-408.58
-88.725,58.862,31.959
-221.88,101.65,-337.43
-133.81,51.652,-96.838
-173.26,70.256,-73.113
-213.77,53.416,-281.61
-171.5,42.428,-69.08
-114.07,33.603,-32.392
-273.84,67.339,-424.94
-146.38,46.668,5.0427
-177.63,38.043,-123.3
-130.75,75.757,-43.395
-205.99,79.094,-317.14
-263.74,64.292,-444.35
-250.58,91.027,-493.35
-227.94,53.471,-266.01
-198.02,59.914,-128.71
-254.41,76.538,-305.86
-154.09,80.648,-71.414
-246.83,68.312,-434.34
-241.66,79.522,-261.21
-192.75,54.127,-240.56
-124.65,21.636,2.0658
-280.39,67.877,-473.3
-161.47,54.381,-32.654
-182.9,43.831,-104.84
-248.27,79.714,-283.37
-143.23,29.552,-10.617
-124.16,55.142,48.454
-257.79,113.41,-440.21
-116.87,19.366,40.729
-230.68,91.082,-409.61
-262.52,83.074,-334.97
-270.76,76.628,-371.91
-167.8,77.604,-186.86
-88.763,25.115,30.328
-159.58,55.557,-163.18
-191.1,51.02,-226.86
-205.64,74.96,-314.33
-145.85,66.401,-11.997
-291.69,92.568,-451.91
-217.62,100.94,-263.19
-104.7,47.246,-24.896
-278.71,69.923,-434.21
-228.94,72.073,-218.99
-161.63,66.603,-43.315
-156.26,33.739,-42.727
-286.9,116.61,-501.55
-148.4,40.815,-2.7653
-249.39,99.014,-316.94
-192.28,47.815,-215.91
-235.91,62.811,-379.28
-168.73,87.56,-145.54
-170.49,50.242,-180.18
-131.54,23.993,-17.666
-140.04,77.427,-84.412
-255.41,112.68,-425.08
-268.85,116.41,-488.73
-99.127,21.873,20.201
-193.06,43.102,-180.12
-197.22,73.154,-285.26
-228.33,61.205,-352.58
-132.88,31.125,28.876
-186.93,65.709,-247.52
-206.3,48.749,-180.43
-250.53,97.135,-314.69
-259.27,76.362,-503.17
-148.77,35.844,-10.581
-286.76,111.04,-472.07
-148.41,29.226,-38.353
-167.4,72.567,-190.56
-237.45,96.75,-432.53
-216.03,100.24,-313.89
-157.06,59.249,-160.02
-189.24,42.471,-139.71
-217.41,102.05,-281.65
-284.26,69.587,-475.25
-104.09,47.742,-23.471
-248.6,108.63,-445.95
-199.1,47.352,-222.71
-141.9,38.117,-94.048
-243.95,87.522,-275.79
-270.31,70.563,-384.98
-277.96,69.433,-433.16
-181.89,39.395,-140.62
-250.67,59.717,-369.93
-253.97,61.203,-397.75
-195.3,82.776,-277.03
-289.49,71.745,-488.28
-160.28,33.728,-60.492
-266.65,82.365,-350.64
-109.93,68.871,0.23066
-119.51,24.055,-14.44
-209.81,54.752,-172.59
-138.5,69.884,-7.9502
-263.55,110.24,-404.21
-218.75,81.545,-364.15
-280.1,114.36,-470.35
-223.38,57.197,-218.04
-240.91,95.527,-283.44
-274.34,107.54,-419.8
-242.87,70.164,-429.16
-247.57,107.71,-446.17
-267.31,64.298,-437.66
-178.08,38.319,-118.91
-194.06,62.024,-117.19
-249.52,97.427,-312.6
-230.6,65.44,-375.61
-104,29.292,-5.4904
-190.38,41.995,-164.22
-291.38,92.352,-450.55
-221.57,51.319,-256.03
-220.67,97.957,-246.06
-198.93,86.27,-159.8
-103.58,19.329,23.045
-227.91,105.14,-332.66
-104.54,67.114,12.72
-251.03,78.515,-292.92
-122.36,46.644,-66.338
-224.87,60.171,-339.38
-228.34,96.085,-392.35
-172.79,66.859,-67.634
-133.66,57.952,25.582
-163.94,56.507,-39.316
-129.51,47.811,44.353
-164.56,42.515,-147.4
-244.41,75.61,-449.9
-218.63,102.51,-298.06
-168.07,87.192,-148.12
-179.4,38.774,-121.39
-260.67,88.03,-330.99
-124.09,32.587,-48.63
-281.89,68.151,-487.59
-153.31,30.698,-51.865
-88.91,55.482,22.843
-115.49,67.624,29.239
-250.07,62.562,-318.61
-141.21,36.479,12.712
-135.79,52.933,-102.43
-239.48,63.829,-265.25
-165.21,74.808,-181.81
-182.85,81.255,-233.84
-238.56,99.041,-433.14
-254.5,68.527,-317.25
-303.69,100.02,-505.26
-247.26,63.039,-407.55
-136.51,25.214,-14.204
-151.88,45.261,-129.66
-196.55,47.312,-144.87
-148.46,44.361,-120.76
-184.18,60.222,-90.805
-225.72,65.622,-211.39
-273.94,107.58,-418.75
-188.74,44.061,-190.04
-151.61,66.966,-145.96
-294.33,100.22,-469.6
-249.62,108.27,-454.67
-92.216,59.304,21.378
-216.21,79.42,-353.97
-243.96,79.089,-268.64
-109.89,64.16,-23.929
-228.32,34.401,-231.25
-251.64,92.943,-375.87
-190.75,23.621,-139.12
-207.52,75.358,-165.16
-131.97,49.097,40.342
-223.03,52.17,-159.94
-253.9,90.291,-324.54
-280.03,49.17,-437.08
-263.05,85.706,-482.14
-229.16,43.068,-307.95
-125.2,43.565,-38.062
-290.4,58.88,-406.72
-213.18,30.652,-206.87
-293.15,64.041,-407.86
-227.04,34.264,-219.2
-264.58,95.934,-393.15
-235.56,77.102,-226.01
-145.85,50.822,13.98
-182.18,65.454,-87.047
-147.16,46.776,-96.834
-181.04,52.234,-191.59
-112.73,14.173,4.6134
-186.1,55.027,-206.83
-156.8,60.473,-33.518
-222.54,33.223,-233.04
-240.03,57.781,-211.12
-118.65,1.6121,38.261
-168.44,46.898,-22.201
-188.9,68.601,-108.82
-265.88,73.576,-303.7
-153.24,47.67,-113.34
-300.87,79.475,-436.34
-247.8,46.195,-367.09
-295.91,53.493,-505.07
-234.17,68.045,-371.93
-266.14,56.973,-303.23
-134.64,39.986,-65.305
-210.24,77.352,-261.15
-232.12,78.187,-221.7
-157.14,52.214,-121.88
-212.78,71.797,-161.33
-254.64,67.956,-450.78
-135.88,17.365,-44.104
-197.95,67.518,-237.53
-138.25,54.246,-59.396
-231.99,62.817,-361.29
-307.47,59.603,-494.84
-275.73,64.993,-523.68
-273.02,53.238,-341.09
-274.69,50.087,-450.87
-186.44,73.397,-136.7
-149.77,12.878,-47.605
-184.37,54.632,-66.241
-131.73,55.568,11.076
-214.76,80.356,-267.41
-208.22,59.072,-277.29
-284.6,53.542,-499.3
-282.15,89.9,-392.84
-230.71,37.253,-212.05
-141.47,47.427,29.315
-152.28,11.092,-16.394
-233.77,87.164,-322.51
-259.39,44.042,-366.87
-172.5,25.1,-33.43
-212.69,35.42,-144.41
-166.25,54.836,-146.95
-151.97,25.005,-90.962
-225.77,85.13,-290.55
-295.52,99.843,-478.44
-223.76,54.49,-323.3
-264.83,45.58,-343.4
-182.51,65.268,-86.934
-253.98,77.972,-275.51
-284.92,59.586,-378.92
-261.54,75.255,-292.39
-176.73,62.326,-68.218
-271.24,66.325,-510.75
-274.48,67.063,-523.94
-244.87,42.692,-339.36
-278.58,92.153,-391.6
-281.75,86.359,-380.39
-253.39,64.408,-255.26
-212.93,31.255,-213.39
-215.23,73.194,-294.2
-213.84,79.259,-269.15
-104.56,32.04,9.6713
-102.6,21.34,16.74
-231.35,86.588,-270.32
-159.13,48.38,-5.2074
-278.17,70.742,-343.85
-96.703,35.428,32.719
-108.21,4.5713,34.723
-234.36,86.3,-267.84
-278.28,75.692,-348.23
-202.83,60.093,-114.72
-268.2,62.828,-491.93
-239.27,63.396,-388.15
-210.91,30.466,-205.42
-306.85,81.595,-461.79
-179.22,65.346,-173.93
-209.22,42.943,-122.4
-258.53,67.912,-465.75
-234.49,69.869,-206.71
-109.74,39.484,0.93106
-203.66,34.303,-115.59
-159.51,13.237,-43.52
-232.12,82.065,-344.84
-181.2,60.649,-71.499
-249.46,52.642,-399.36
-312.84,95.142,-509.88
-260.01,43.604,-354.54
-222.7,81.628,-220.3
-127.9,5.4365,9.6298
-159.99,18.246,-8.5998
-227.24,38.497,-281.64
-229.57,74.314,-350.74
-189.77,73.413,-135.66
-157.71,35.311,-119.59
-154.16,49.232,-115.24
-126.65,54.322,-13.508
-235.08,37.462,-234.11
-243.45,38.847,-290.73
-278.12,50.601,-381.28
-169.44,31.561,-140.04
-207.67,28.196,-173.82
-209.16,80.009,-198.71
-310.3,62.797,-494.61
-233.75,85.926,-264.06
-176.31,26.409,-42.854
-208.98,75.123,-166.35
-183.41,70.975,-170.01
-313.32,79.389,-486.29
-117.28,34.906,-21.751
-294.54,99.553,-474.17
-159.36,15.219,-17.418
-268.34,46.867,-407.78
-124.53,51.975,37.261
-260.1,90.987,-340.68
-160.08,26.684,-110.51
-269.44,50.899,-332.58
-246.73,47.02,-368.71
-197.99,29.612,-187.43
-239.43,67.609,-391.95
-244.81,48.114,-234.46
-188.13,31.513,-70.957
-149.07,36.686,29.303
-145.2,38.837,-91.965
-176.37,55.522,-177.2
-234.25,61.327,-195.53
-205.42,28.902,-189.75
-157.68,18.317,-81.679
-246.54,68.865,-238.19
-184.03,49.483,-59.204
-220.39,84.114,-249.37
-221.87,75.277,-317.47
-277.33,62.656,-522.72
-120.88,50.284,-11.069
-304.8,75.692,-450.25
-218.78,65.461,-314.58
-234.84,37.665,-230.85
-208.42,59.152,-277.99
-188.82,58.67,-82.196
-273.39,85.632,-352.3
-261.26,92.808,-447.34
-308.5,65.592,-476.77
-268.82,45.968,-382.87
-127.88,47.512,-40.773
-307.95,66.662,-471.79
-268.72,81.837,-327.83
-245.86,81.626,-264.84
-233.33,87.592,-312.47
-239.73,81.18,-249.08
-177.98,66.904,-86.897
-300.97,61.48,-451.17
-118.28,15.924,-8.9432
-239.66,40.158,-239
-162.11,45.586,-7.3029
-186.64,43.427,-200.48
-230.54,78.874,-346.96
-150.9,25.808,27.155
-180.84,20.711,-80.42
-272.44,79.745,-334.86
-208.66,80.625,-211.51
-235.65,41.596,-214.79
-155.47,63.889,-56.391
-250.56,92.625,-351.18
-146.45,18.141,-64.126
-196.63,41.774,-87.426
-171.76,38.512,-23.809
-266.03,61.794,-298.78
-137.22,10.512,-24.221
-266.84,82.119,-503.99
-306.54,100.6,-511.72
-271.8,57.995,-324.79
-251.32,49.256,-391.2
-151.55,34.244,25.201
-173.96,17.797,-74.683
-200.06,76.068,-219.49
-120.61,18.505,-17.736
-195.96,67.561,-116.95
-308.89,96.161,-500.21
-184.19,56.027,-68.049
-185.6,22.781,-88.238
-252.68,44.431,-365.56
-115.19,3.7982,28.527
-290.74,101.9,-485.93
-258.47,82.083,-298.76
-310.15,89.202,-485.67
-308.01,59.197,-500.77
-213.71,30.449,-203.31
-220.59,75.953,-310.69
-232.86,86.199,-265.88
-212.21,59.004,-290.45
-206.3,37.93,-236.46
-237.69,86.878,-349.65
-169.76,19.067,-98.655
-224.6,33.648,-236.46
-206.22,72.673,-259.14
-270.64,46.506,-393.78
-188.42,73.364,-135.12
-253.83,83.292,-443.5
-259.14,87.773,-458.24
-127.15,54.77,-12.157
-208.22,78.95,-188
-282.03,49.835,-420.41
-251.85,92.088,-393.15
-155.2,60.561,-100.06
-276.35,93.17,-390.61
-312.42,78.58,-482.34
-291.59,52.173,-470.66
-185.32,32.415,-61.532
-275.32,54.549,-347.72
-147.79,48.712,-97.46
-124.93,18.655,-26.416
-275.09,99.217,-445.14
-210.05,61.702,-283.96
-283.41,87.283,-388.35
-253.12,44.532,-367.09
-160.29,57.211,-125.6
-142.26,56.947,-2.5035
-209.89,33.286,-224.15
-193.72,52.249,-228.8
-279.86,100.77,-480.39
-187.16,22.298,-126.24
-165.89,20.893,-103.24
-218.75,61.971,-314
-177.9,47.507,-181.02
-174.47,31.555,-31.836
-202.76,61.997,-117.7
-177.09,30.392,-40.009
-229.64,41.483,-191.49
-220.3,34.964,-248.85
-136.59,58.418,-21.53
-215.79,40.593,-144.9
-222.16,46.641,-301.79
-122.54,8.0906,3.2448
-253.24,44.591,-282.04
-253.62,52.819,-412.58
-145.6,59.986,-23.331
-184.28,61.323,-198.01
-309.39,75.763,-469.48
-266.24,84.073,-326.56
-209.79,78.094,-255.53
-235.91,60.102,-199.51
-165.31,66.998,-82.115
-252.68,89.587,-317.56
-183.73,69.991,-108.75
-310.96,76.443,-476.02
-288.55,103.05,-509.29
-275.02,52.506,-353.54
-237.69,44.125,-215.74
-147.08,59.923,-70.433
-161.32,30.701,2.1745
-263.89,93.79,-368.02
-116.71,51.338,42.754
-189.5,27.195,-84.422
-254.95,48.504,-274.43
-261.86,75.552,-293.88
-136.52,30.014,-65.603
-185.04,54.089,-203.61
-224.66,69.633,-335.22
-175.77,52.599,-176.21
-157.86,23.541,-98.686
-200.39,71.633,-238.47
-169.62,16.529,-73.842
-181.85,72.1,-152.19
-145.61,26.254,40.6
-267.33,92.399,-364.69
-167.43,66.225,-73.937
-182.52,53.04,-60.01
-262.46,90.149,-340.9
-225.54,59.556,-170.08
-283.98,98.07,-439.47
-184.46,36.013,-56.457
-243,80.577,-254.42
-143.15,35.542,-85.331
-263.48,88.417,-477.89
-211.92,41.091,-132.04
-186.07,38.506,-191.1
-277.66,48.59,-429.55
-271.09,94.979,-491.41
-137.35,6.4047,21.016
-255.85,89.893,-325.42
-146.25,50.235,-91.67
-150.17,10.443,-25.359
-123.67,54.307,12.592
-190.75,36.249,-196.99
-274.59,63.553,-516.04
-155.69,47.197,-120.21
-292.42,66.57,-401.49
-224.43,74.013,-192.03
-232.49,80.372,-230.61
-227.79,60.489,-176.91
-160.4,65.532,-70.442
-257.35,93.944,-364.74
-159.25,58.573,-119.72
-206.11,29.241,-143.09
-247.15,40.462,-280.55
-265.49,45.406,-384.36
-174.73,50.665,-40.252
-170.94,50.056,-31.499
-191.69,64.02,-99.358
-151.98,52.31,-106.44
-225.55,85.355,-258.48
-173.61,68.993,-135.27
-243.48,65.556,-405.85
-225.08,56.156,-166.72
-144.88,23.197,-73.45
-146.89,59.588,-71.469
-194.13,75.775,-188.56
-157.31,54.012,-120.64
-251.69,91.472,-398.49
-198.94,35.704,-213.38
-292.96,54.572,-442.21
-261.99,95.624,-390.94
-241.21,72.413,-399.5
-150.41,10.592,-27.432
-183.41,66.274,-91.836
-271.12,74.258,-521.42
-231.33,53.909,-184.4
-278.8,100.42,-483.45
-151.69,16.42,13.799
-239.95,63.075,-213.21
-242.41,55.8,-386.13
-143.16,58.763,-13.825
-192.23,75.237,-153.82
-183.31,46.914,-55.377
-141.07,24.908,-68.915
-233.08,60.598,-191.69
-286.52,95.453,-429.49
-262.23,94.566,-439.21
-180.79,37.523,-46.3
-234.61,86.298,-268.03
-195.54,74.467,-207.02
-246.65,68.796,-238.44
-238.55,73.557,-388.21
-205.16,79.482,-197.81
-163.94,63.165,-123.82
-137.41,55.399,9.4535
-192.61,55.968,-226.83
-178.79,44.583,-181.26
-241.64,41.551,-241.15
-328.01,51.853,-503.32
-174.16,32.81,-6.3866
-242.62,40.108,-341.53
-289.41,81.485,-510.98
-293.64,34.396,-412.11
-257.66,58.881,-239.37
-316.96,76.226,-467.14
-205.03,47.561,-94.718
-292.18,45.883,-349.65
-133.19,22.339,-26.458
-323.31,76.276,-489.45
-230.6,16.929,-180.21
-199.33,6.9902,-96.52
-156.43,-0.8139,37.083
-257.21,32.22,-231.87
-136.83,4.4745,-23.638
-304.53,45.286,-406.21
-214.24,42.108,-252.25
-274.78,35.337,-423.17
-277.7,63.901,-494.72
-300.28,39.968,-404.1
-276.72,48.223,-288.22
-183.16,2.0877,-81.197
-200.31,9.4913,-83.689
-164.6,2.5181,-68.373
-180.41,0.62135,-60.923
-231.94,17.153,-186.2
-321.39,58.91,-463.99
-168.24,38.042,-113.31
-269.6,29.142,-300.9
-185.51,25.584,-24.273
-308.4,73.312,-429.74
-250.88,63.448,-378.2
-158.66,29.897,28.467
-146.65,-7.7927,48.628
-303.97,75.314,-420.67
-177.43,50.867,-69.382
-237.61,55.34,-332.75
-171.74,32.823,-126.45
-299.39,82.305,-438.76
-190.5,15.339,-152.08
-263.44,52.266,-432.37
-322,62.052,-466.29
-201.24,57.704,-179.87
-284.07,31.526,-394.03
-284.98,50.87,-318.2
-272.12,74.794,-448.95
-274.1,48.572,-466.81
-169.5,20.965,-115.5
-257.22,52.529,-408.67
-258.18,29.368,-349.74
-187.48,12.651,-138.77
-267.78,40.856,-425.27
-141.15,39.092,23.828
-202.63,59.273,-173.92
-314.13,67.633,-439.41
-276.22,50.418,-286.72
-172.03,27.11,-126.32
-136.93,17.455,-35.817
-152.61,35.335,-69.583
-174.84,29.373,-134.54
-108.49,17.925,35.856
-296.22,78.705,-410.53
-209.21,59.186,-143.68
-219.05,61.619,-242.79
-114.34,24.132,26.721
-265.97,62.42,-269.82
-270.81,48.603,-454.87
-223.06,54.661,-148.11
-209.01,19.323,-88.94
-119.03,-0.07356,18.333
-273.41,79.375,-425.49
-242.89,66.196,-227.78
-281.68,34.205,-431.69
-157.77,0.0807,34.804
-229.99,26.983,-272.98
-258.55,54.303,-234.16
-152.46,44.2,-29.966
-232.34,57.782,-309.39
-172.11,43.512,-27.137
-252.67,35.15,-211.05
-160.98,-1.9602,-45.37
-298.87,38.121,-407.02
-153.49,39.112,-65.038
-154.91,-2.7533,37.23
-210.53,20.966,-209.5
-234.5,69.277,-264.4
-135.38,-11.866,28.168
-253.63,74.367,-304.33
-173.26,0.90316,-71.195
-157.47,-2.3456,-39.955
-297.29,62.321,-369.98
-292.15,35.832,-464.39
-302.01,73.55,-408.85
-293.3,34.463,-407.22
-223.03,62.122,-258.93
-286.98,38.808,-474.83
-146.41,-6.2603,-10.536
-263.83,29.673,-267.57
-306.17,84.165,-467.35
-305.23,70.2,-411.35
-263.67,62.291,-263.16
-252.21,67.758,-374.21
-254.67,74.466,-347.97
-160.16,30.238,-95.315
-280.09,43.048,-303.77
-137.85,39.284,19.483
-200.13,50.614,-93.848
-301.42,87.548,-495.37
-219.59,47.586,-125.34
-192.94,55.546,-153.35
-220.1,32.833,-260.68
-207.43,60.819,-158.14
-192.18,9.2272,-134.09
-245.56,51.989,-195.26
-314.16,85.659,-496.7
-202.68,31.511,-210.53
-275.2,79.498,-372.49
-197.08,40.467,-198.68
-222.21,40.044,-276.25
-176.42,-0.5836,-53.497
-189.99,55.961,-122.22
-276.66,52.363,-483.06
-253.76,64.512,-244.08
-230.02,33.783,-290.8
-247.57,56.555,-208.34
-254.6,73.242,-360.09
-276.13,30.12,-382.11
-181.59,2.6064,-40.809
-256.56,24.285,-302.85
-195.05,56.142,-159.71
-266.08,70.383,-295.04
-244.24,57.904,-357.13
-283.52,37.315,-330.37
-268.15,41.799,-259.86
-209.65,49.45,-234.75
-166.35,-0.95992,3.2221
-186.8,45.131,-55.195
-221.09,65.368,-219.17
-168.28,48.142,-47.265
-306.86,86.344,-484.91
-255.47,34.507,-221.61
-153.07,-6.7809,27.297
-257.08,55.573,-231.87
-273.92,34.78,-417.87
-218.77,45.701,-267.61
-208.57,59.47,-204.64
-159.25,44.249,-16.689
-155.15,35.426,-77.126
-285.37,70.218,-346.58
-292.95,55.491,-348.7
-295.2,35.509,-463.14
-251.43,70.77,-267.65
-156.94,19.903,43.924
-289.4,82.291,-418.02
-279.42,55.368,-497.7
-241.82,23.942,-193.52
-222.04,61.067,-258.65
-314.74,42.013,-475.85
-137.01,-7.6131,5.666
-280.93,43.708,-477.65
-167.73,19.534,19.833
-318.12,68.529,-455.85
-226.62,62.707,-184.12
-261.35,32.059,-248.63
-242.22,46.874,-348.98
-251.47,44.633,-378.8
-317.02,55.921,-446.58
-281.95,31.238,-396.05
-148,42.826,-15.861
-194.46,16.261,-49.429
-281.04,66.081,-508.16
-213.27,11.707,-167.18
-113.31,1.3231,28.199
-204.39,25.617,-206.24
-264.9,46.649,-429.77
-210.72,29.917,-230.08
-210.8,59.243,-145.52
-249.89,38.654,-199.7
-271.67,28.553,-359.01
-287.93,81.898,-499.32
-267.55,32.637,-389.98
-137.06,14.787,-34.972
-227.14,46.76,-141.57
-122.47,5.4722,4.6434
-197.16,56.561,-117.98
-320.64,72.863,-472.43
-272.33,31.052,-388.91
-257.58,71.406,-387.3
-276.78,73.955,-336.83
-221.95,58.073,-156.58
-291.6,85.184,-484.06
-187.53,48.585,-159.05
-284.72,67.797,-337.93
-275.99,74.266,-470.97
-319.88,55.752,-459.3
-212.94,11.218,-161.23
-244.91,49.557,-190.32
-184.69,34.089,-29.807
-179.31,33.944,-18.448
-284.24,33.195,-356.04
-278.27,78.089,-466.68
-157.42,41.502,-71.886
-264.35,77.873,-358.55
-220.18,17.742,-129.55
-269.92,53.014,-267.21
-215.73,20.734,-219.84
-246.92,22.724,-283.85
-217.75,63.578,-183.38
-274.46,80.622,-409.83
-220.78,31.971,-115.1
-244.26,64.762,-224.16
-192.65,16.101,-44.394
-170.23,16.286,14.535
-168.92,-2.1596,-47.142
-177.53,45.53,-131.12
-273.62,32.862,-300.31
-169.72,12.419,15.021
-153.64,15.504,53.927
-189.26,38.076,-175.6
-285.71,54,-519.62
-178.92,52.479,-98.645
-163.02,15.862,-94.737
-226.49,63.369,-269.5
-297.36,65.15,-374.22
-252.91,30.58,-218.84
-124.61,-7.6129,23.291
-150.13,30.216,-67.814
-204.5,47.571,-218.88
-170.01,-2.5743,-27.854
-265.47,70.003,-431.36
-215.31,45.112,-256.11
-214.98,61.055,-226.49
-308.48,38.577,-509.67
-207.56,34.264,-81.774
-233.37,68.947,-244.84
-286.24,82.416,-483.77
-184.45,53.773,-121.78
-227.35,53.459,-295.01
-291.56,82.142,-519.42
-275.94,30.477,-328.31
-176.63,-0.46164,-43.734
-294.46,65.381,-364.52
-285.14,33.807,-433.83
-232.74,17.973,-182.94
-236.97,59.698,-191.36
-172.47,8.445,-99.524
-239.69,20.486,-200.78
-240.09,36.212,-170
-294.01,37.636,-483.97
-196.39,24.142,-184
-142.25,33.365,-41.236
-113.36,-5.3225,37.617
-319.65,48.125,-472.66
-277.17,81.244,-401.61
-134.77,37.896,2.3712
-270.67,53.909,-462.06
-318.75,51.363,-460.18
-282.24,82.77,-439.69
-252.29,23.03,-252.69
-237.58,20.964,-259.97
-190.33,29.629,-37.839
-295.29,57.046,-358.16
-251.36,73.921,-329.04
-170.11,44.893,-106.84
-220.61,46.652,-273.83
-201.27,45.002,-210.15
-252.04,26.315,-228.05
-253.5,72.167,-280.48
-278.06,54.409,-295.08
-227.82,67.294,-226.46
-314.23,55.954,-434.49
-223.6,39.441,-125.17
-266.31,27.005,-302.46
-223.27,18.274,-223.27
-120.06,-8.3987,32.589
-127.43,33.663,8.9054
-252.46,70.881,-363.02
-255.81,65.075,-250.76
-316.89,74.597,-462.69
-242.99,70.031,-316.2
-204.4,12.099,-164.12
-211.57,20.858,-94.824
-291.39,65.667,-354.65
-194.52,51.167,-178.13
-174.83,13.503,-116.07
-318.97,59.954,-453.52
-225.95,66.874,-230.37
-168.1,45.992,-32.716
-269.48,63.933,-283.26
-142.67,34.229,45.013
-269.06,69.607,-449.49
-284.02,65.591,-521.07
-213.15,26.339,-95.18
-129.99,35.539,7.9662
-150.45,43.267,-31.652
-303.89,87.061,-487.6
-256.27,72.624,-287.66
-192.22,30.549,-181.34
-300.3,36.062,-467.1
-206.25,9.8994,-150.63
-114.2,7.461,21.202
-277.11,68.14,-489.15
-235.96,24.811,-168.64
-212.92,23.475,-221.95
-289.45,48.607,-521.17
-155.67,21.895,44.963
-191.14,49.957,-168.74
-158.46,42.618,-7.0286
-206.31,57.78,-202.98
-264.17,26.594,-291.84
-155.87,27.143,38.18
-225.56,34.325,-128.31
-223.7,52.128,-282.56
-285.32,80.469,-493.36
-176.14,40.743,-25.506
-192.22,4.3978,-95.749
-252.43,22.607,-263.79
-302.28,86.425,-478.49
-278.14,78.884,-369.94
-132.13,29.77,-16.738
-185.15,48.022,-61.684
-307.92,40.03,-448.52
-243.87,62.486,-215.05
-310.28,51.227,-421.46
-212.23,11.037,-130.8
-119.56,-2.2797,20.713
-263.7,76.336,-390.55
-188.97,3.3781,-86.955
-223.54,65.08,-243.28
-214.49,61.456,-221.68
-128.82,35.47,12.704
-203.91,14.057,-172.55
-275.82,79.652,-374.72
-137,16.226,-35.525
-143,16.145,-49.552
-150.14,41.613,4.1783
-232.52,22.332,-260.04
-153.38,6.8813,-60.253
-286.13,37.048,-462.04
-292.81,56.43,-348.58
-253.64,61.698,-235.5
-281.76,43.868,-480.9
-281.62,72.757,-344.41
-205.3,11.725,-163.12
-285.65,51.937,-515.65
-314.02,79.638,-468.15
-253.42,27.017,-231.31
-193.09,47.536,-180.3
-151.03,-1.8179,-33.819
-270.41,46.711,-449.59
-244.47,64.909,-346.51
-279.05,36.245,-313.14
-234.26,18.788,-184.74
-249.05,36.456,-353.55
-152.06,-0.35763,51.129
-198.9,38.592,-204.2
-174.27,49.942,-61.823
-270.95,35.278,-412.78
-150.97,2.8391,-47.041
-118.22,-3.0863,24.623
-140.33,26.856,-43.156
-83.355,142.67,-60.425
-107.64,120.46,-46.197
-215.25,165.36,-516.9
-223.46,126.91,-529.38
-38.573,122.93,19.261
-152.32,164.63,-277.59
-232.64,162.17,-441.53
-130.77,123.14,-244.15
-145.06,116.99,-256.73
-88.389,135.17,-134.24
-126.14,146.46,-121.91
-144.19,125.9,-284.93
-226.44,127.41,-436.43
-105.79,111.97,-162.13
-179.89,160.85,-279.1
-100.08,104.03,-31.857
-135.6,126.19,-121.85
-200.85,140.78,-489.54
-49.043,97.212,-21.052
-151.82,142.82,-327.8
-110.76,148.58,-186.23
-92.928,131.27,-26.765
-89.056,91.982,-34.328
-209.23,171.36,-455.22
-90.672,140.77,-50.47
-111.91,132.85,-204.97
-59.671,113.86,-59.567
-202.68,171.34,-427.69
-117.92,137.15,-222.96
-107.86,137.56,-67.198
-177.85,125.11,-375.5
-169.42,168.2,-312.99
-140.49,134.54,-137.03
-140.89,121.56,-140.69
-107.35,116.81,-176
-167.35,125.78,-223.42
-197.19,144.69,-479.77
-111.12,153.63,-152.97
-231.34,145.44,-419.02
-61.776,102.53,-54.843
-53.388,117.77,-42.216
-117.68,124.63,-73.325
-145.15,130.31,-296.3
-175.94,169.02,-339.2
-180.45,126.99,-267.54
-100.94,107.71,-30.162
-95.56,99.649,-104.92
-119.73,125.59,-78.955
-141.5,161.21,-256.37
-217.41,124.43,-421.34
-166.1,141.87,-210.78
-166.24,121.08,-233.09
-215.22,122.44,-457.62
-177.68,154.94,-408.32
-115.15,155,-159.98
-110.24,103.83,-69.364
-130.15,158.83,-183.32
-147.97,112.7,-210.51
-124.29,148,-235.45
-71.585,97.08,-62.818
-95.359,120.61,-16.756
-206.15,147.48,-335.02
-41.02,86.57,12.576
-84.887,99.681,-91.148
-140.88,130.49,-284.48
-140.93,111,-204.73
-216.47,135.59,-535.06
-204.44,127.47,-469.18
-59.881,99.055,-45.635
-154.49,114.4,-230.2
-170.32,152.12,-386
-181.54,137.84,-256.71
-89.666,98.92,-5.4698
-136.59,127.34,-124.55
-88.547,134.39,-26.636
-197.9,148.15,-309.12
-192.94,169.14,-415.45
-119.19,141.89,-97.979
-212.57,169.54,-408.71
-173.8,120.83,-340.03
-126.33,146.92,-123.42
-214.12,148.73,-361.47
-212.7,123.5,-468.99
-65.635,82.887,2.5574
-210.67,157.27,-520.42
-99.441,102.83,-122.88
-56.855,131.14,-26.693
-162.89,146.31,-205.85
-193.84,136.95,-297.3
-63.52,82.692,2.1961
-137.7,159.31,-251.73
-192.97,150.77,-296.1
-60.288,121.47,-60.152
-147.11,118.26,-168.19
-167.83,162.07,-357.6
-124.27,121.5,-90.694
-221.3,168.99,-431.82
-112.1,152.62,-173.89
-135.29,120.01,-124.55
-99.851,123.06,-29.198
-90.207,145.92,-101.99
-103.03,147.2,-90.989
-100.8,132.14,-173.19
-241.15,127.14,-491.12
-124.41,148.93,-234.33
-138.96,122.21,-262.19
-233.6,123.07,-523.65
-223.87,146.1,-393.49
-142.24,156.52,-280.76
-215.27,163.18,-387.92
-50.394,83.431,6.9862
-120.73,104.08,-132.75
-165.94,122.45,-226.9
-83.135,138.95,-35.894
-140.52,115.02,-152.72
-87.34,144.97,-85.25
-221.35,171.19,-504.12
-153.45,145.29,-333.04
-232.96,128.69,-454.21
-68.794,85.228,-13.674
-84.537,143.83,-75.456
-223.01,123.12,-495.37
-126.14,106.04,-152.98
-79.984,119.12,18.313
-220.1,169.46,-514.23
-155.29,162.44,-308.21
-186.22,128.14,-413.15
-231.06,128.96,-446.25
-84.505,142.34,-100.69
-155.82,164.7,-295.29
-134.46,137.04,-272.15
-143.61,142.66,-301.65
-187.65,126.06,-297.16
-216.17,130.44,-387.37
-36.565,116.81,8.6062
-83.7,127.67,-2.9077
-214.56,167.96,-404.94
-149.91,155.36,-311.07
-169.97,117.68,-291.5
-115.43,155.06,-165.15
-185.42,164.23,-414.08
-174.5,168.71,-316.95
-76.132,140.23,-47.802
-161.53,131.93,-347.26
-102.57,100.95,-48.04
-153.19,129.43,-172.56
-215.44,140.35,-539.07
-78.041,126.55,9.2967
-245.28,162.43,-484.91
-165.75,125.5,-342.66
-225.32,127.3,-432.88
-150.06,142.67,-322.16
-84.382,132.71,-124.18
-238.08,170.09,-493.43
-171.16,130.31,-373
-125.12,108.12,-115.69
-55.925,128.81,-33.247
-94.41,141.38,-144.45
-65.812,82.917,2.5318
-131.3,122.73,-110.46
-98.344,138.46,-52.91
-189.18,139.51,-448.31
-200.33,121.51,-391.44
-178.58,144.86,-248.5
-206.18,127.21,-362.42
-88.245,96.554,-5.4066
-169.37,159.76,-370.11
-100.5,115.72,-26.617
-91.258,111.08,-130.29
-94.934,94.38,-50.591
-168.99,125.17,-350.53
-69.993,83.908,16.853
-193.48,121.8,-347.37
-210.8,127.68,-377.66
-123.86,154.98,-150.45
-135.6,146.1,-140.13
-79.722,112.15,-106.61
-197.36,141.59,-478.32
-71.482,89.622,-38.231
-193.51,120.93,-375.14
-159.06,164.99,-307.84
-183.81,120.71,-313.48
-193,121.26,-353.13
-102.93,144.36,-168.28
-204.67,122.2,-427.41
-176.06,140.14,-405.07
-204.33,131.93,-485.04
-121.93,111.39,-93.18
-205.39,122.18,-428.7
-50.834,85.398,0.28526
-122.59,107.12,-169.06
-159.16,153.37,-346.45
-75.746,110.64,-95.784
-88.817,140.61,-48.048
-219.76,138.59,-383.77
-48.435,96.108,-18.24
-180.45,121.2,-292.96
-188.77,135.4,-281.9
-150.47,164.68,-253.96
-49.023,116.07,-30.569
-158.3,164.41,-308.99
-227.59,159.77,-419.04
-30.701,105.51,16.812
-160.41,150.73,-353.51
-88.074,103.46,-107.19
-104.96,146.34,-88.714
-175.24,119.16,-288.01
-119.63,124.64,-78.354
-74.527,89.572,-40.169
-233.81,139.79,-431.15
-87.211,126.39,-7.0156
-134.43,114.87,-130.14
-64.035,130.11,-60.735
-158.56,127.48,-328.44
-230.27,127.64,-449.25
-210.52,130.95,-502.99
-184.3,130.79,-272.95
-138.22,143.13,-140.61
-196.85,157.26,-317.26
-83.364,142.91,-89.309
-213.14,122.25,-440.3
-178.95,160.11,-274.41
-152.64,114.52,-248.06
-85.372,93.3,-3.9635
-245.21,135.16,-478.38
-99.636,134.5,-45.592
-132.65,125.99,-113.56
-187.06,160.15,-296.06
-97.056,108.38,-18.276
-58.716,127.43,33.441
-195.68,162.51,-456.51
-75.353,94.036,34.239
-183.43,134.48,-421.38
-203.3,161.8,-347.15
-218.66,154.97,-381.67
-111.64,127.35,-201.04
-51.097,79.302,23.014
-115.09,109.81,-172.84
-151.34,113.69,-234.01
-160.38,124.61,-324.75
-77.316,138.04,-28.145
-236.51,165.05,-463.35
-147.42,161.48,-281.09
-57.954,95.72,-35.951
-237.38,143.02,-440.8
-167.63,154.5,-231.5
-93.909,141.99,-58.787
-109.2,113.56,-50.587
-225.08,171.29,-517.16
-93.364,121.67,-13.277
-180.96,169.38,-333.18
-152.71,114,-222.62
-200.35,121.64,-385.38
-100.84,143.3,-163.14
-129.19,109.22,-188.24
-92.088,95.639,-23.76
-75.931,129.4,-101.1
-192.18,163.32,-441.6
-209.2,162.49,-504.5
-62.599,81.258,13.828
-151.29,117.56,-186.72
-150.86,123.52,-295.98
-191.7,120.77,-358.97
-82.592,110.65,19.867
-142.06,118.56,-257.46
-158.43,129.94,-188.42
-182.68,169.06,-330.57
-227.48,123.16,-509.24
-97.674,116.61,-19.738
-224.31,172.45,-487.19
-105.1,106.11,-45.228
-114.82,122.54,-203.47
-188.51,138.7,-445.03
-153.44,150.48,-330.24
-110.47,111.7,-170.6
-143.19,122.3,-147.22
-149.09,158.75,-299.3
-247.51,138.47,-480.7
-56.984,95.996,-34.674
-192.04,152.13,-460.92
-159.29,116.55,-229.18
-102.18,98.532,-101.42
-177.96,164.93,-290.45
-223.69,147.58,-392.99
-236.93,142.38,-439.66
-139.33,115.27,-147.34
-212.6,130.05,-375.68
-218.09,128.01,-403.12
-142.49,131.27,-290.18
-252.13,140.9,-493.92
-114.79,112.69,-67.901
-209.11,160.85,-362.27
-45.783,120.24,-16.536
-82.102,88.928,-20.541
-156.57,138.17,-182.21
-68.879,136.97,-24.954
-197.26,170.33,-420.8
-173.54,128.37,-374.84
-216.83,171.25,-486.23
-171.98,139.84,-227.1
-171.81,167.79,-299.72
-209.51,171.95,-435.42
-208.21,122.22,-435.67
-191.81,150.75,-460.92
-232.18,131.08,-442.77
-134.03,116.17,-125.94
-132.28,144.49,-129.86
-181.43,169.06,-328.6
-194.08,121.1,-382.37
-65.494,85.129,-12.92
-147.69,118.05,-170.97
-236.21,164.95,-461.98
-179.2,127.11,-262.69
-149.3,164.26,-263.75
-127.42,158.12,-176.96
-67.252,82.56,17.147
-162.45,158,-349.72
-40.879,117.93,-3.936
-191.24,159.13,-305.09
-77.883,98.307,-76.272
-187.8,120.33,-345.87
-176.26,140.13,-405.71
-105.87,144.46,-82.595
-67.641,131.12,10.464
-101.23,136.4,-52.584
-67.874,124.3,31.101
-124.68,105.79,-154.52
-208.98,123.46,-457.11
-152,156.77,-315.38
-100.89,142.13,-165.57
-135.13,116.86,-128.47
-198.34,165.22,-344.41
-85.247,91.88,-55.812
-248.16,133.61,-492.36
-109.92,107.71,-58.753
-34.098,101.32,8.7208
-47.002,128.12,11.932
-203.49,141.48,-326.4
-88.171,116.84,2.8384
-89.629,104.6,-112.94
-187.14,145.96,-274.7
-110.57,124.56,-195.46
-127.71,130.57,-247.71
-188.09,141.02,-446.17
-203.24,149.02,-326.49
-248.77,168.13,-517.08
-213,123.47,-413.02
-94.819,100.27,-20.712
-110.62,103.46,-137.8
-146.78,129.53,-153.42
-107.25,102.35,-128.9
-121.98,142,-103.7
-167.91,149,-222.6
-209.03,171.93,-434.42
-148.64,113.79,-196.56
-99.651,116.92,-158.66
-236.42,169.23,-482.35
-194.24,150.85,-469.33
-34.628,106.01,6.3874
-171.43,127.09,-364.43
-182.03,159.79,-281.55
-51.831,112.07,-38.955
-191.29,122.88,-234.73
-194.33,155.06,-389.14
-155.55,108.85,-142.31
-141.45,153.99,-179.72
-69.595,126.05,26.882
-166.85,146.65,-169.41
-190.77,164.02,-338.6
-251.2,127.35,-438.81
-222.05,136.59,-490.96
-197.15,115.7,-311.37
-78.145,102.98,-48.072
-249.5,146.84,-411.6
-178.26,115.3,-210.03
-248.74,152.27,-413.92
-188.73,124.25,-222.97
-205.12,162.04,-406.74
-170.81,161.1,-239.55
-83.103,130.93,0.72599
-116.76,145.5,-101.23
-101.54,107.88,-106.17
-137.89,115.07,-199.89
-80.059,80.748,0.33149
-142.28,117.46,-215.4
-92.423,136.16,-47.802
-187.66,118.1,-236.15
-183.87,151.78,-220.64
-87.69,81.021,35.922
-108.2,134.97,-33.749
-123.14,147.95,-123.2
-207.4,162.41,-314.57
-108.05,109.2,-122.48
-249.48,163.52,-445.25
-218.02,118.44,-369.78
-270.37,127.66,-506.09
-194.85,125.97,-379.42
-217.45,149.9,-310.27
-91.432,100.9,-73.827
-155.39,139.22,-273.59
-166.86,160.64,-235.58
-109.58,113.48,-131.87
-147.22,155.19,-175.21
-221.75,123.67,-456.28
-103.05,88.248,-47.988
-148.35,128.56,-248.25
-84.972,115.17,-71.398
-194.81,122.62,-367.84
-274.47,141.34,-497.64
-250.06,120.66,-526.69
-230.24,144.15,-346.3
-248.29,122.2,-452.4
-122.1,144.91,-151.41
-117.18,92.648,-50.468
-122.14,142.42,-78.509
-69.496,125.39,-3.0842
-158.02,143.12,-280.41
-166.89,120.91,-285.06
-260.61,121.86,-500.39
-222.57,168.22,-405.19
-188.88,130.13,-216.73
-79.596,128.52,16.464
-116.01,98.654,-19.708
-176.44,149.67,-335.75
-228.44,123.92,-369.15
-125.94,118.6,-39.676
-166.58,130.36,-150.36
-118.6,116.37,-156.94
-117.55,95.196,-95.469
-167,149.19,-304.12
-238.78,168.02,-490.87
-188.14,118.3,-328.9
-228.65,132.82,-346.72
-117.12,145.58,-101.08
-191.55,163.78,-288.05
-240.97,149.23,-384.67
-201.44,163.16,-303.91
-111.77,143.28,-82.148
-243.97,121.36,-514.38
-247.87,121.44,-527.41
-214.04,119.14,-341.96
-218.24,168,-404.47
-222.69,167.58,-392.25
-196.45,156.79,-265.22
-178.58,114.39,-216.5
-166.29,132.89,-304.83
-158.18,141.39,-281.85
-62.248,90.423,1.193
-66.132,82.327,10.555
-167.81,157.52,-284.82
-97.663,133.6,-17.484
-224.23,160.23,-353.07
-50.897,92.533,22.897
-78.143,76.24,31.878
-170.02,159.6,-282.36
-221.96,163.29,-358.48
-140.03,148.83,-127.09
-241.11,120.33,-495.24
-203.86,122.49,-394.17
-176.37,114.04,-208.55
-256.39,164.05,-470.55
-126.23,127.34,-185.72
-156.36,138.13,-130.64
-226.88,123.22,-470.86
-171.68,158.51,-219.09
-63.085,97.679,-9.0698
-156.2,129.37,-121.99
-124.12,99.653,-46.653
-181.2,140.57,-356.28
-116.76,144.12,-84.989
-219.85,118.37,-402.68
-259.54,169.12,-520.52
-227.52,126.27,-357.06
-157.16,157.78,-234.94
-96.59,84.258,7.1095
-116.79,110.33,-13.836
-194.8,115.93,-284.7
-184.6,131.94,-360.21
-124.59,147.16,-150.43
-119.81,101.27,-125.75
-108.1,110.61,-124.7
-69.55,116.73,-26.676
-195.19,128.84,-238.28
-208.64,124.43,-293.75
-241.28,137.72,-384.84
-134.08,101.74,-144.87
-170.9,116.23,-177.26
-144.51,152.29,-213.45
-274.78,145.57,-498.17
-169.26,159.65,-278.59
-129.45,120.18,-49.176
-142.91,154.49,-180.83
-125.66,134.96,-183.24
-266.13,161.73,-493.93
-74.846,94.529,-30.141
-237.61,168,-486.65
-119.29,105.97,-21.713
-239.37,123.91,-409.68
-62.406,123.13,23.278
-197.43,165.32,-354.52
-125.61,97.793,-114.94
-227.66,141.76,-337.45
-216.9,118.11,-371.54
-164.23,108.84,-190.76
-201.98,125.12,-398.84
-196.57,142.91,-241.15
-139.55,126.07,-77.791
-92.016,124.91,18.872
-104.07,101.49,-99.584
-130.29,117.43,-186.61
-175.07,153.89,-206.24
-170.85,112.41,-192.91
-124.8,95.29,-84.938
-186.06,159.21,-249.59
-123.99,139.57,-70.471
-157.79,152.84,-263.77
-173.44,134.2,-328
-252.58,120.02,-525.23
-67.072,110.55,-23.326
-256.73,160.42,-457.94
-176.47,125.31,-322.9
-194.43,129.45,-235.14
-167.09,120.97,-285.76
-125.41,145.26,-94.999
-212.71,167.17,-364.69
-211.69,147.47,-458.72
-269.27,149.95,-481.45
-236.91,128.17,-385.24
-78.276,107.14,-51.642
-267.53,151.38,-476.84
-207.98,165.98,-339.97
-181.51,163.62,-278.45
-174.48,151.61,-326.08
-174.79,162.47,-262.97
-112.55,144.07,-101.39
-262.31,146.98,-455.53
-85.236,82.953,-13.307
-197.86,132.79,-243.7
-101.97,132.88,-18.901
-148.78,110.07,-206.55
-182.14,136.75,-357.6
-100.25,117.27,19.279
-141.52,111.54,-84.448
-213.12,165.33,-346.35
-145.48,150.06,-226.04
-190.56,135.98,-220.44
-92.428,133.69,-70.835
-190.33,158.78,-365.03
-113.65,91.569,-67.731
-142.38,136.08,-96.25
-116.06,130.26,-33.405
-213.89,154.37,-307.06
-105.51,87.529,-27.071
-230.14,132.06,-511.42
-251.55,169.11,-523.52
-224.23,150.11,-331.53
-222.23,118.43,-393.97
-95.994,123.79,15.424
-137.04,106.16,-78.14
-142.48,139.8,-232.68
-86.73,84.719,-22.476
-130.44,149.95,-130.93
-254.5,169.3,-511.31
-121.41,143.04,-80.589
-145.1,114.58,-92.569
-222.73,120.35,-367.92
-84.963,78.759,25.974
-234.79,165.27,-498.6
-195.79,165.33,-311.66
-257.68,167.44,-495.57
-275.94,140.25,-503.31
-178.31,116.13,-206.52
-171.11,135.21,-321.56
-168.64,158.98,-280.42
-171.86,120.84,-297.89
-172.47,111.14,-240.45
-183.38,146.77,-362.12
-136.2,100.08,-101.72
-189.5,119.05,-239.6
-154.73,133.54,-270.53
-239.5,127.65,-396
-123.47,146.39,-149.88
-210.97,136.33,-452.73
-214.49,140.26,-468.15
-69.495,117.63,-25.469
-142.95,152.91,-202.78
-250.12,132.2,-422.77
-197.35,151.3,-405.75
-100.11,122.79,-112.56
-215.73,167.6,-403.73
-265.37,161.29,-489.89
-263.09,130.44,-472.27
-135.52,126.81,-68.807
-232.17,145.32,-353.08
-100.97,109.64,-107.23
-91.227,85.851,-30.99
-218.5,161.27,-458.17
-167.66,122.81,-292.17
-224.53,167.82,-400.22
-223.22,120.41,-369.44
-109.58,118.55,-136.67
-78.84,130.36,-16.698
-176.42,112.08,-227.42
-152.94,115.88,-236.2
-226.11,158.78,-492.86
-151.76,108.05,-129.45
-132.67,98.261,-106.57
-178.45,122.72,-321.53
-136.8,111.5,-188.49
-123.43,125.07,-39.63
-139.24,149.7,-130.42
-127.31,124.25,-47.335
-182.72,136.57,-197.69
-186.99,115.11,-251.92
-76.048,124.45,-35.505
-166,136.14,-152.05
-188.65,115.31,-306.15
-91.634,81.824,0.3266
-211.78,136.45,-286.7
-224.82,118.57,-415.61
-82.485,130.84,-37.69
-135.9,122.84,-208.26
-262.92,159.68,-476.71
-204.51,166.42,-339.22
-153.83,140.57,-268.29
-177.65,153.22,-209.84
-101.83,137.28,-96.658
-189.28,164.04,-331.64
-118.21,145.87,-123.41
-264.63,159.94,-483.24
-235.53,160.44,-521.57
-233.94,142.48,-358.26
-190.79,138.99,-221.96
-90.058,122.87,-83.516
-108.95,122.73,-6.2384
-202.45,164.68,-381.79
-55.862,118.88,28.832
-145.03,121.07,-89.907
-209.77,141.93,-280.21
-201.71,163.31,-305.43
-98.91,94.336,-71.83
-141.57,116.69,-212.04
-181.42,128.25,-343.99
-131.42,115,-184.97
-124.12,96.23,-102.69
-147.95,133.04,-250.13
-134.25,102.69,-76.994
-121.34,138.21,-166.15
-93.981,116.89,32.298
-205.56,166.34,-378.26
-102.86,139.52,-88.539
-120.78,141.23,-72.064
-199.83,166.08,-354.56
-165.8,151.96,-181
-225.45,166.89,-452.46
-132,130,-64.693
-178.46,163.01,-268.05
-103.52,98.95,-92.353
-220.19,139.73,-487.45
-160.91,136.56,-139.62
-150,107.7,-196.29
-248.65,126.86,-431.34
-224.12,146.9,-502.18
-101.95,92.922,17.89
-192.67,164.74,-339.38
-98.057,110.95,-101.94
-115.95,95.188,-28.264
-63.67,119.77,-1.2549
-155.84,107.72,-201.53
-248.99,120.29,-518.91
-111.19,109.05,-129.07
-245.79,154.96,-408.3
-159.26,158.28,-205.69
-167.06,160.88,-244.76
-167.94,152.77,-187.88
-97.245,135.34,-84.923
-196.75,161.41,-378.59
-107.16,120.06,-131.25
-164.88,121.83,-147.6
-209.22,129.83,-284.25
-234.82,125.43,-386.53
-113.37,138.34,-52.231
-109.55,137.18,-43.544
-126.8,147.91,-112.96
-103.35,113.28,-116.83
-162.36,155.24,-272.97
-114.39,133.94,-148.9
-208.29,123.41,-411.92
-167.01,149.7,-176.94
-110.65,92.744,-77.957
-90.252,122.31,-84.445
-133.77,141.73,-202.48
-108.47,115.2,-131.08
-198.31,149.73,-410.81
-164.86,109.25,-217.42
-258.89,138.45,-445.15
-202.96,160.63,-404.5
-201.54,128.48,-407.31
-116.33,95.062,-30.317
-117.89,145.98,-106.09
-240.58,125.38,-526.59
-175.69,148.49,-193.68
-225.9,157.29,-495.75
-108.29,108.04,8.4438
-180.92,155.41,-223.89
-210.6,118.95,-390.48
-79.997,130.18,-28.14
-127.9,146.67,-168.54
-124.44,137.87,-66.149
-106,92.576,-73.91
-174.06,153.33,-202.33
-227.67,168.3,-442.17
-210.3,150.93,-451.22
-126.83,130.81,-55.13
-170.25,159.72,-282.55
-138.17,138.14,-220.15
-186.22,159.18,-249.81
-197.23,129.84,-396.57
-141.53,149.6,-212.42
-108.67,125.69,-136.34
-74.308,128.43,-4.6686
-149.58,118.43,-235.13
-139.28,109.75,-188.05
-198.89,134.67,-246.12
-296.49,146.37,-504.26
-119,130.61,-15.156
-214.1,115.37,-343.46
-249.31,144.08,-518.25
-267.4,129,-411.22
-200.97,158.13,-248.52
-268.31,165.11,-474.6
-146.55,144.3,-104.75
-250.94,148.62,-353.08
-95.568,93.731,-31.946
-276.32,164.85,-496.37
-196.62,120.41,-181.06
-166.51,109.3,-97.091
-119.17,102.06,35.039
-215.52,138.78,-235.06
-108.73,82.757,-25.108
-268.71,145.13,-408.07
-178.39,116.26,-256.83
-253.42,116.11,-422.05
-248.35,126.45,-498.28
-268.24,138.84,-404.76
-229.01,152.46,-293.74
-154.57,98.506,-80.924
-164.05,114.22,-85.192
-137.9,89.876,-68.4
-150.53,99.492,-60.837
-198.35,120.28,-186.94
-281.73,155.11,-467.57
-125.66,110.99,-120.35
-236.49,131.07,-301.61
-134.71,128.66,-30.98
-258.22,164.63,-437.47
-211.65,131.5,-384.59
-103.77,125.41,19.55
-114.05,92.875,47.96
-252.3,165.16,-429.07
-119.32,134.69,-80.641
-199.85,125.65,-338.39
-133.31,106.66,-131.96
-246.95,164.34,-448.25
-162.05,99.907,-153.01
-235.59,120.45,-434.81
-280.64,157.46,-470.54
-149.01,133.83,-189.91
-259.1,124.32,-392.89
-238.02,153.94,-323.57
-231.25,139.97,-456.22
-250.88,117.69,-467.56
-137.14,98.228,-118.55
-227.31,121.29,-411.77
-233.92,115.11,-349.09
-159.47,98.487,-139.41
-244.87,115.67,-425.31
-85.063,120.89,13.052
-148.37,137,-184.49
-267.46,161.97,-445.61
-227.1,154.12,-292.77
-136.94,102.47,-130.51
-102.7,90.514,-39.953
-108.99,107.53,-77.057
-138.92,104.39,-139.06
-70.239,86.884,29.896
-242.77,164.92,-419.92
-149.54,146.63,-155.1
-169.26,135.96,-252.17
-72.402,93.529,19.53
-209.54,160.23,-279.02
-246.65,117.94,-455.92
-163.79,150.79,-158.47
-165.77,126.12,-92.638
-91.693,76.229,16.919
-226.36,148.67,-434.46
-183.36,156.88,-238.81
-260.7,117.86,-430.13
-120.01,103.14,32.604
-202.68,110.39,-273.64
-203.7,156.13,-242.4
-98.228,121.66,-40.556
-191.07,128.68,-316.19
-113.8,133.69,-37.799
-207.36,142.14,-215.44
-134.61,88.53,-44.957
-268.62,136.01,-407.17
-106.82,111.82,-73.513
-119.11,99.665,35.642
-182.29,105.74,-210.33
-179.84,147.26,-275.08
-110.33,79.017,29.081
-197.32,155.4,-315.26
-146.1,93.412,-70.841
-131.33,87.097,-39.571
-247.92,160.58,-376.7
-272.43,119.4,-462.4
-250.2,164.81,-417.14
-266.43,129.76,-406.48
-174.3,135.76,-268.02
-267.98,116.57,-473.21
-120.94,82.827,-9.9574
-227.1,134.18,-269.26
-255.07,164.57,-476.55
-255.09,163.74,-418.83
-206.9,159.97,-272.5
-209.59,136.37,-381.71
-203.99,147.94,-357.76
-121.49,103.41,-100.98
-236.87,147.63,-307.69
-82.926,118.2,8.8055
-140.73,143.81,-104.57
-253.08,159.01,-504.55
-162.19,147.5,-134.66
-140.15,132.06,-163.54
-189.7,111.14,-262.94
-149.11,144.08,-169.53
-164.6,99.609,-134.1
-189.55,153.69,-203.92
-264.47,165.11,-505.52
-169.93,108.85,-213.7
-220.53,159.78,-382.93
-158.55,114.52,-204.2
-189.17,115.06,-279.77
-147.09,97.512,-53.303
-133.36,136.4,-133.32
-252.84,119.13,-484.26
-195.17,159.19,-254.37
-201.05,112.3,-292.54
-190.18,155.97,-217.7
-206.3,144.69,-369.26
-252.05,120.61,-380.91
-147.56,105.51,-41.735
-229.34,118.99,-302.28
-142.33,132.62,-169.88
-208.29,161.69,-305.4
-206.87,127.12,-362.76
-246.6,140.35,-332.28
-222.23,147.59,-264.59
-168.01,122.36,-241.47
-131.68,101.68,2.0491
-128.24,138.67,-65.588
-165.45,144.52,-230.07
-110.72,131.14,-58.422
-256.68,163.37,-494.15
-211.39,141.39,-225.59
-121.4,93.587,26.921
-201.47,156.64,-240.45
-252.36,116.15,-416.76
-181.9,118.91,-272.64
-157.1,135.03,-214.47
-101.78,128.34,-27.702
-111.97,107.74,-84.437
-230.61,163.73,-355.66
-245.68,156.65,-354.38
-274.87,121.26,-461.14
-192.77,158.15,-278.73
-106.28,119.57,36.91
-236.25,162.09,-427.99
-255.21,120.38,-499.22
-203.1,130.17,-195.71
-174.1,134.4,-267.5
-288.15,135.83,-475.15
-112.13,79.07,6.1931
-260.65,116.11,-477.03
-118.29,121.38,13.47
-272.3,162.02,-461.85
-166.67,152.42,-195.39
-221.15,138.05,-251.36
-210.75,118.93,-352.27
-223.44,117.29,-380.84
-277.7,153.39,-449.91
-257.87,122.42,-394.77
-93.614,120.52,-26.48
-150.76,122.26,-53.375
-251.51,127.65,-511.89
-184.27,108.23,-167.04
-85,75.647,26.241
-174.22,106.17,-208.18
-239.75,117.52,-431
-179.89,108.88,-232.42
-151.01,147.3,-156.92
-201.54,145.26,-205.18
-246.33,121,-358.03
-246.32,145.67,-506.99
-244.82,115.82,-389.07
-104.29,88.704,-38.517
-170.85,148.45,-150.32
-92.949,80.029,2.2923
-138.1,142.04,-129.39
-273.94,163.79,-478.99
-249.4,117.73,-387.7
-213.43,140.01,-395.34
-220.27,163.17,-346.97
-162.02,151.15,-167.5
-245.19,153.3,-492.92
-140.8,122.33,-167.43
-230.38,163.09,-346.68
-237.6,137.81,-477.55
-281.78,152.63,-462.27
-183.49,108.76,-161.14
-189.83,152.35,-198.54
-129.73,133.65,-38.321
-124.02,132.37,-27.193
-253.1,132.82,-356.31
-236.54,142.95,-474.27
-109.43,114.78,-80.759
-211.04,154.5,-368.91
-181.05,124.14,-131.88
-217.93,155.91,-274.34
-187.94,106.81,-220.38
-220.08,115.45,-283.36
-159.03,147.79,-194.81
-224.33,153.2,-419.52
-171.07,138.14,-121.11
-184.81,157.29,-234.97
-148.73,121.97,-48.424
-122.93,119.42,9.0456
-141.24,92.901,-46.697
-130.94,119.09,-139.48
-237.37,136.5,-301.93
-124.77,116.23,10.414
-104.95,116.04,47.683
-150.68,112.22,-181.12
-263.97,119.08,-520.28
-123.5,131.36,-109.5
-132.25,94.225,-97.118
-177.72,136.86,-278.62
-246.86,162,-381.48
-211.33,137.32,-221.97
-99.934,74.778,23.439
-109.85,102.41,-74.135
-162.91,120.74,-225.55
-139.75,96.863,-27.843
-226.47,135.51,-437.94
-177.97,118.5,-261.29
-164.18,136.09,-236.15
-289.84,123.03,-507.22
-154.74,138.05,-89.104
-176.5,149.97,-255.97
-242.57,147.95,-491.96
-130.23,131.41,-132.35
-187.76,124.99,-301.16
-251.76,144.32,-526.63
-244.41,130.84,-328.64
-145.87,99.565,-43.834
-243.11,162.21,-372.07
-263.97,119.28,-432.15
-198.06,122.01,-183.97
-177.63,155.08,-201.83
-144.8,93.417,-100.14
-204.47,124.86,-201.96
-191.23,142.95,-175.65
-275.48,118.26,-481.89
-165.77,104.3,-186.14
-98.144,104.98,-48.94
-87.737,72.338,36.938
-287.96,144.13,-473.5
-224.99,156.88,-411.69
-83.633,112.05,-7.4989
-244.34,120.58,-464.14
-283.63,148.41,-462.1
-233.24,154.03,-449.12
-219.92,124.8,-253.15
-210.52,112.85,-259.65
-137.94,132.17,-45.151
-247.89,157.51,-363.96
-199.14,149.04,-339.18
-122.17,118.61,-115.65
-183.64,119.61,-278.93
-160.71,118.42,-216.44
-214.44,131.79,-229.94
-195.31,158.1,-291.54
-227.31,156.75,-301.85
-170.61,148.74,-237.66
-273.84,153.98,-438.13
-170.2,143.72,-132.65
-235.37,127.12,-302.61
-195.84,108.9,-223.21
-95.551,73.133,32.703
-79.469,105.52,-0.1065
-206.41,141.02,-371.55
-197.35,159.62,-261.02
-268.63,164.65,-469.89
-193.11,143.34,-325.73
-176.61,103.68,-164.08
-167.68,127.77,-98.738
-239.18,162.4,-362.51
-147.37,125.02,-186.65
-145.88,95.648,-117.42
-277.78,156.39,-457.61
-169.91,146.55,-241.36
-109.9,132.1,-43.768
-213.24,161.03,-292.48
-86.3,122.05,34.774
-232,134.01,-455.52
-255.9,126.68,-524.36
-165.7,132.88,-100.36
-80.499,108.36,-1.4736
-97.422,119.4,-41.965
-254.28,161.61,-496.9
-198.2,158.8,-298.66
-158.29,107.17,-185
-279.11,124.06,-465.16
-177.55,105.64,-150.46
-82.989,79.6,18.009
-244.61,130.39,-493.83
-194.59,131.91,-171.66
-184.38,106.8,-223.04
-270.35,116.93,-520.58
-103.95,120.52,37.47
-144.14,123.78,-177.21
-100.82,128.42,-17.921
-156.1,132.67,-212.45
-232.49,127.49,-292.17
-101.9,123.41,29.658
-175.23,140.41,-134.54
-183.99,124.07,-288.71
-244.3,144.09,-500.84
-118.41,134.33,-35.604
-162.33,103.1,-95.687
-221.79,122.49,-263.86
-252.15,161.84,-487.87
-222.88,161.59,-380.34
-88.976,100.61,-24.195
-126.09,138.67,-72.556
-280.26,135.25,-448.06
-184.63,157.01,-225.58
-271.78,150.37,-424.33
-178.93,113.89,-131.48
-93.106,75.303,19.74
-215.77,146.93,-399.68
-159.18,101.98,-86.87
-170.82,141.28,-253.48
-162.9,137,-231.55
-78.977,108.48,3.1611
-176.19,103.3,-172.74
-221.23,159.86,-385.14
-103.45,89.665,-39.387
-110.15,90.652,-53.063
-93.322,124.65,-6.7193
-205.7,110.79,-259.99
-125.33,87.883,-61.418
-266.63,117.09,-460.35
-245,157.31,-354.48
-195.59,158.56,-245.37
-261.65,116.12,-480.24
-225.84,163.79,-354.11
-177.41,104.13,-163.03
-264.61,118.2,-515.94
-264.08,165.74,-476.34
-215.55,132.56,-233.29
-148.69,120.95,-187.92
-125.09,84.707,-33.672
-246.74,117.22,-450.34
-201.43,134.63,-354.05
-241.37,140.01,-315.24
-199.01,123.23,-185.92
-222.99,114.25,-354.37
-113.55,102.37,48.635
-161.86,113.16,-209.15
-116.35,133.46,-73.049
-249.02,115.67,-411.89
-124.05,85.773,-47.611
-91.995,74.592,23.74
-100.77,98.443,-49.291
11.086,149.33,-92.377
-19.458,149.78,-73.596
-141.4,162.03,-542.79
-172.54,135.17,-546.11
45.488,121.67,-9.9366
-59.712,167.76,-309.28
-146.86,184.33,-468.85
-62.916,128.94,-267
-79.588,130.61,-277.93
-7.3546,132.83,-162.51
-28.806,166.91,-153.4
-77.395,131.64,-307.42
-162.02,154.78,-455.81
-38.732,120.43,-184.42
-83.976,181.44,-310.1
-21.348,135.22,-55.792
-48.369,157.14,-148.75
-140.98,139.45,-510.38
16.405,100.77,-43.306
-79.127,141.29,-353.1
-24.073,147.08,-216.36
1.2615,152.73,-57.071
-20.155,118.75,-55.33
-124.72,174.49,-484.11
5.5099,154.21,-82.309
-36.91,132.19,-230.97
12.729,112.85,-84.705
-115.83,175.63,-457.27
-41.522,135.81,-249.52
-12.259,159.13,-97.979
-116.73,134.69,-395.63
-75.887,174.33,-344.68
-49.31,163.71,-165.48
-57.869,153.29,-166.05
-38.957,122.51,-199.04
-87.466,157.24,-247.72
-134.44,142.05,-501.74
-16.842,157.42,-185.17
-152.78,174.89,-443.08
4.941,106.32,-77.511
22.38,115.26,-68.677
-28.573,154.06,-101.03
-77.056,133.49,-319.51
-84.094,174.05,-370.42
-103.06,157.93,-291.03
-19.602,138.89,-55
-30.266,115.41,-125.83
-30.382,154.99,-106.75
-50.325,162.47,-287.76
-154.61,149.79,-440.37
-75.16,171.2,-239.13
-90.701,151.14,-256.04
-158.98,140.13,-475.2
-103.23,151.35,-434.44
-20.163,159.62,-192.34
-34.572,134.26,-92.32
-32.892,167.37,-216.04
-78.204,137.74,-232
-41.773,145.71,-264.22
-7.1489,106.64,-84.09
-5.6756,147.89,-44.89
-120.28,176.77,-361.63
20.943,93.976,-8.0676
-19.946,111.48,-112.36
-71.976,133.23,-308.02
-72.865,133.22,-225.92
-162.59,136.5,-553.59
-149.02,135.23,-487.53
5.6093,104.21,-67.734
-85.002,139.36,-251.6
-96.068,148.86,-412.02
-95.984,168.96,-283.01
-12.593,129.86,-28.858
-48.838,158.13,-151.65
6.6063,152.47,-57.631
-109.86,177.08,-336.52
-107.78,170.27,-444.77
-22.793,163.63,-129.02
-122.15,183.85,-438.46
-111.29,135.56,-360.09
-28.881,167.1,-154.99
-129.41,177.66,-387.71
-157.89,137.27,-486.49
-2.0758,104.34,-17.159
-143.08,152.35,-544.31
-33.865,116.87,-144.08
29.716,130.56,-56.685
-69.303,173.57,-235.34
-111.73,168.21,-322.4
-0.56788,102.82,-17.449
-47.829,159.56,-282.78
-102.63,178.52,-324.41
16.707,118.97,-87.036
-68.476,149.42,-192.09
-84.325,160.3,-386.66
-38.004,152.43,-117.26
-132.51,184.45,-460.89
-21.049,153.32,-205.3
-52.183,151.69,-149.94
-9.4471,150.2,-57.596
1.9853,148.24,-133.63
-5.9065,159.13,-123.31
-24.246,130.8,-199.8
-181.21,153.34,-509.09
-41.157,146.71,-263.34
-72.384,129.87,-284.41
-182.07,139.5,-539.73
-143.03,175.6,-418.34
-57.013,154.76,-310.42
-125.28,184.51,-416.79
10.9,96.255,-12.855
-51.285,129.01,-154.13
-88.808,153.17,-250.33
12.352,150.92,-67.647
-63.108,145.78,-176.25
5.9505,148.89,-117.09
-141.01,172.63,-531.74
-79.649,143.2,-358.78
-168.82,156.43,-473.47
-5.3712,105.03,-33.516
8.8113,148.13,-107.28
-169.84,138.36,-512.15
-57.134,130.04,-174.32
10.338,143.91,-10.304
-142.43,168.65,-541.17
-67.503,162.16,-338.59
-126.63,135.09,-433.03
-166.07,156.96,-465.77
4.5306,142.23,-131.48
-64.829,166.64,-326.55
-61.325,136.64,-297.48
-69.19,141.03,-327.55
-113.32,156.08,-319.69
-145.46,160.01,-408.71
41.982,113.74,-18.875
9.6343,148.78,-32.954
-124.16,184.56,-434.45
-67.864,152.89,-339.7
-103.58,139.88,-312.11
-21.049,158.87,-197.38
-104.58,162.15,-442.25
-80.133,177.09,-348.69
17.048,145.4,-79.475
-95.931,135.22,-369.6
-27.344,131.35,-70.847
-67.205,160.9,-198.98
-159.48,138.78,-558.59
15.089,146.74,-20.776
-162.57,184.15,-511.22
-102.48,133.73,-363.66
-160.72,154.67,-452.33
-77.064,141.15,-347.56
-4.2966,130.36,-152.12
-153.45,184.02,-521.22
-108,135.05,-394.34
-50.044,138,-138.5
28.177,126.97,-62.518
-9.7916,139.37,-173.92
-2.2006,104.46,-17.192
-45.498,153.98,-136.83
-2.265,156.67,-84.211
-126.94,139.05,-469.87
-138.81,142.69,-410.47
-88.342,174.08,-276.62
-136.11,156.09,-383.61
-12.873,127.18,-28.239
-88.61,157.12,-398.31
-13.988,145.44,-53.397
-23.474,116.81,-153.13
-25.571,121.15,-71.753
-106.31,133.99,-371.28
-2.9794,110.46,-3.5191
-127.26,146.97,-367.61
-141.55,156.42,-398.57
-25.775,166.72,-183.13
-38.964,169.02,-171.13
-10.51,115,-130.24
-136.22,140.03,-499.62
-8.1947,105.45,-58.445
-131.56,141.12,-394.43
-68.917,166.5,-338.85
-115.68,146.56,-334.31
-127.98,145.18,-373.09
-17.972,142.41,-197.86
-146.7,139.14,-445.67
-110.34,139.6,-427.85
-148.42,135.62,-503.98
-42.522,142.76,-117.33
-147.45,139.33,-446.93
10.821,96.781,-19.833
-55.85,125.69,-190.18
-81.153,150.39,-373.73
-6.8044,113.43,-119.33
7.2105,153.4,-79.902
-142.94,169.14,-407.11
16.606,100.07,-40.311
-109.96,148.72,-314.43
-106.57,166.8,-307.01
-55.024,171.08,-286.29
26.388,113.46,-56.917
-68.819,165.37,-339.83
-141.26,183.6,-446.38
40.984,103.01,-8.2372
-84.67,147.81,-380.01
-22.383,113.33,-128.87
-7.6351,160.07,-120.92
-106.39,144.89,-309.1
-30.796,154.32,-105.94
-10.894,106.92,-60.343
-159.75,169.8,-453.6
5.5391,149.18,-36.684
-55.331,146.17,-154.19
18.82,127.79,-89.626
-93.702,133.51,-350.23
-166.65,154.9,-468.37
-156.33,135.3,-521.27
-104.57,162.19,-297.21
-42.872,168.25,-170.93
-104.69,181.91,-346.53
7.3117,144.1,-120.53
-155.11,141.95,-458.29
-83.038,181.17,-305.35
-85.88,134.98,-268.99
-12.349,123.2,-26.062
-177.91,164.37,-498.57
-4.6647,155.79,-76.185
-45.036,156.73,-140.62
-92.352,182.11,-326.49
-14.52,139.25,-43.56
34.165,140.11,2.6633
-119.46,159.17,-483.22
1.18,124.78,11.017
-121.75,136.71,-442.47
-111.12,183.75,-376.71
-132.01,181.45,-408.84
-39.443,128.54,-225.88
10.047,96.514,3.6864
-48.833,122.46,-194.42
-83.449,136.17,-255.11
-96.345,133.11,-345.99
17.46,148.11,-59.852
-151.16,184.83,-490.78
-58.19,161.68,-311.92
6.452,102.29,-57.527
-161.94,172.65,-463.76
-71.629,177.97,-262.22
2.553,155.57,-90.708
-25.402,144.62,-76.288
-145.67,172.56,-544.48
-2.9903,148.14,-41.735
-87.039,178.52,-364.69
-82.803,139.38,-244.11
-137.93,143.94,-404.61
-16.256,141.28,-192.6
-62.417,127.75,-209.38
-18.94,125.4,-45.915
3.5306,126.97,-128.83
-114.19,160.44,-468.87
-136.65,158.44,-530.01
0.87728,103.34,-5.7932
-74.711,147.97,-209.99
-85.59,131.83,-317.67
-128.04,142.91,-378.65
3.429,139.29,-6.8578
-76.38,129.84,-278.98
-73.193,161.53,-214.57
-88.242,179.82,-362.09
-175.23,138.53,-525.68
-10.293,145.68,-46.887
-140.31,178.58,-515.58
-25.881,137.38,-69.322
-45.163,126.34,-227.16
-126.45,138.63,-466.5
-76.161,147.7,-357.25
-43.749,121.5,-192.64
-60.128,154.05,-172.6
-63.603,157.19,-329.02
-178.06,167.89,-501.61
7.5562,102.14,-56.341
-123.38,148.14,-485.08
-87.38,144.14,-251.14
-35.693,119.26,-122.22
-81.545,181.26,-322.06
-141.93,176.73,-418.19
-161.81,172.1,-462.5
-61.293,146.26,-171.06
-141.29,159.72,-397.21
-150.55,156.36,-423.48
-73.552,133.75,-313.76
-182.06,170.1,-515.07
-32.684,144.13,-92.977
-118.33,183.75,-391.24
33.34,117.31,-44.201
-14.615,114.73,-41.156
-65.963,167.88,-210.4
23.928,142.73,-56.435
-111.21,172.83,-450.29
-111.29,134.67,-395.7
-134.99,173.27,-514.31
-83.226,170.19,-254.59
-76.23,177.96,-331.69
-121.91,178.83,-464.99
-150.6,139.77,-453.73
-124.01,146.94,-484.76
-165.23,159.93,-462.88
-53.663,147.71,-150.4
-35.905,167.66,-160.74
-86.983,179.42,-360.16
-132.89,140.25,-401.51
-2.7187,103.08,-32.734
-69.439,149.09,-194.76
-150.79,184.82,-489.42
-101.35,158.16,-286.34
-55.668,168.21,-295.71
-30.294,166.35,-209.67
-1.5768,107.81,-2.901
-81.433,155.35,-378.01
37.542,114.89,-31.37
-97.494,182.2,-335.08
-13.215,108.92,-97.512
-123.44,142.64,-365.76
-110.59,139.59,-428.48
-8.6484,160.33,-114.54
26.203,144.11,-20.614
-5.7324,156.91,-83.439
24.739,142.87,1.0367
-56.34,128.67,-175.74
-153.37,137.19,-474.89
-69.257,154.44,-344.23
-17.319,139.96,-194.69
-54.466,148.45,-153.03
-104.79,183.86,-374.79
-20.109,112.32,-76.18
-183.06,162.37,-511.84
-30.569,139.04,-82.889
34.702,100.35,-15.169
40.928,129.44,-18.33
-120.59,172.14,-351.83
0.40843,144.27,-24.898
-23.704,114.09,-134.74
-98,175.26,-302.43
-39.514,126.79,-219.8
-56.541,132.11,-272.16
-124.89,139.94,-468.13
-115.91,177.77,-353.66
-166.28,184.64,-543.86
-150.58,147.91,-432.03
-17.926,131.19,-44.04
-44.345,121.4,-158.82
-59.488,160.64,-180.32
-41.144,120.15,-149.88
-25.708,164.35,-134.63
-73.932,175.58,-252.29
-121.41,178.71,-464
-76.194,141.61,-218.68
-30.459,121.12,-182.14
-151.15,184.43,-510.23
-127.01,146.93,-492.99
36.765,103.84,-18.525
-108.98,134.34,-385.26
-86.631,181.48,-312.25
20.651,110.54,-64.176
-109.65,167.55,-258.25
-113.73,165.23,-415.94
-77.268,152.2,-164.81
-44.228,171.24,-211.51
23.849,144.48,-3.4846
-67.307,183.08,-199.99
-98.727,179.39,-368.8
-181.96,169.44,-458.32
-160.45,148.94,-510.96
-128.94,151.27,-331.21
-6.8222,117.95,-71.154
-165.3,188.47,-436.32
-100.53,158.37,-232.37
-161.77,191.75,-439.83
-105.22,169.23,-247.1
-120.47,173.9,-434.76
-71.291,183.48,-271.6
12.545,151.6,-30.167
-19.163,164.3,-133
-30.253,125.16,-129
-67.376,135.39,-222.13
-15.059,111.1,-18.944
-71.522,137.01,-237.81
1.7314,152.23,-78.662
-109.83,161.39,-258.5
-84.625,187.85,-251.15
-16.118,122.65,15.562
-9.5548,163.61,-64.839
-25.713,165.98,-154.99
-109.59,192.83,-345.18
-36.816,127.11,-145.22
-159.88,194.98,-472.92
-151.71,155.21,-388.83
-206.03,168.82,-524
-130.19,145.02,-399.77
-124.43,190.17,-338.19
-22.049,119.67,-95.839
-76.765,150.85,-299.55
-67.908,181.45,-267.6
-36.738,129.57,-155.36
-47.463,176.54,-207.45
-163.23,145.33,-474.24
-35.294,121.89,-67.869
-74.13,143.1,-272.37
-8.093,127.13,-96.719
-130.59,144.58,-387.73
-199.97,183.43,-518.97
-196.93,147.15,-542.26
-142.84,186.84,-372.02
-184.57,161.16,-470.33
-30.523,157.73,-181.73
-44.182,133.46,-71.408
-22.183,169.49,-110.22
19.482,138.3,-32.488
-77.437,154.19,-307.11
-98.335,141.68,-306.58
-201.01,159.46,-517.04
-130.38,189.62,-434.81
-100.98,175.01,-242.39
16.004,150.54,-14.269
-35.512,143.12,-42.857
-95.574,160.13,-362.6
-156.59,165.92,-389.57
-34.155,160.78,-66.968
-74.238,173.97,-177.69
-45.539,132.62,-180.49
-49.034,127.21,-115.78
-84.122,159.91,-331.65
-154.9,183.34,-518.26
-122.63,144.47,-348.79
-148.4,177.09,-369.8
-19.377,164.61,-132.87
-92.655,189.15,-319.57
-153.49,190.13,-410.61
-102.99,191.75,-334.94
-13.958,163.12,-113.88
-190.04,146.26,-530.4
-194.84,146.27,-543.13
-144.38,158.53,-361.9
-126.98,186.93,-434.03
-129.1,191.62,-422.08
-97.612,191.05,-295.78
-102.21,156.66,-238.46
-93.384,146.82,-328.57
-78.793,152.69,-308.11
4.9172,107.8,-20.199
-1.7212,105.71,-9.2516
-77.183,170.42,-314.8
0.1592,159.15,-48.614
-129.41,194.26,-382.27
18.088,106.54,0.52087
-11.969,112.37,12.806
-77.356,173.83,-312.9
-126.52,194.2,-388.22
-39.068,176.27,-159.1
-185.8,147.31,-511.52
-141.38,145.09,-413.39
-99.596,156.53,-230.62
-168.44,194.87,-497.71
-48.922,140.33,-211.09
-58.851,177.37,-160.22
-169.53,145.39,-488.36
-70.761,185.85,-251.1
7.1988,111.96,-31.865
-62.79,172.16,-149.77
-44.973,143.8,-69.368
-107.55,152.2,-380.52
-17.785,166.28,-116.87
-157.64,150.12,-420.84
-174.67,191.35,-547.52
-152.82,169.42,-378.34
-61.864,173.44,-266.24
-25.12,125.19,-13.289
-28.36,153.66,-39.846
-123.33,155,-305.29
-115.92,146.93,-382.38
-31.013,161.16,-181.31
-51.289,127.59,-146.66
-36.316,127.8,-147.71
11.076,127.26,-53.443
-109.66,173.85,-263.11
-130.43,168.31,-316.17
-160.63,181.45,-408.12
-64.887,133.11,-165.49
-89.727,160.71,-200.64
-52.222,165.5,-243.96
-197.75,186.76,-520.46
-76.212,174.11,-309.24
-37.273,162.36,-76.602
-45.239,172.31,-212.73
-43.579,146.3,-210.42
-180.7,194.68,-520
-6.8308,112.8,-51.733
-153.42,183.4,-514.13
-34.007,150.37,-46.522
-170.72,165.01,-429.09
27.302,137.16,-6.2601
-105.37,181.49,-384.65
-56.491,130.5,-135.39
-141.03,185.08,-362.84
-151.25,153.95,-390.46
-90.693,148.43,-212.01
-138.97,145.09,-418.52
-102.74,184.97,-269.16
-45.611,167.71,-105.88
4.3555,155.82,-11.192
-35.177,123.04,-121.14
-58.16,135.04,-209.7
-74.465,186.78,-237.56
-94.082,154.82,-214.98
-53.29,133.7,-105.62
-85.835,189.48,-281.05
-24.26,169.93,-101.75
-69.207,164.62,-293.16
-101.4,147.86,-351.47
-199.12,148.48,-540.72
9.8026,121.62,-48.738
-169.18,194.65,-484.61
-108.41,143.83,-344.48
-108.27,174.45,-260.19
-98.562,141.72,-307.27
-25.3,170.58,-126.94
-117.73,190.36,-395.08
-141.4,156.99,-482.02
-188.52,189.89,-505.16
-162.92,171.36,-406.27
-4.9213,120.56,-75.591
-185.67,190.78,-500.99
-111.35,191.17,-370.72
-83.511,184.67,-310.11
-91.561,162.24,-353.63
-76.792,182.58,-294.73
-16.709,160.6,-132.78
-181.28,188.2,-479.2
-19.681,113.41,-32.763
-110.15,177.51,-269.31
-3.865,160.97,-49.861
-79.875,136.96,-227.54
-110.75,149.6,-380.92
-6.6616,155.07,-9.0982
-56.741,156.51,-109.02
-116.67,192.62,-376.83
-56.024,162.02,-255.71
-99.326,179.84,-247.36
-2.8612,146.03,-100.5
-105.09,170.15,-393.31
-44.369,127.24,-87.928
-44.368,173.68,-126.17
-18.529,164.86,-63.479
-118.51,192.03,-336.07
-34.845,126.76,-47.371
-172.31,146.59,-529.88
-168.76,185.88,-550.37
-132.54,190.51,-358.98
-158.32,153.25,-412.4
0.073199,156.75,-14.318
-55.556,150.82,-101.61
-60.673,151.06,-259.78
-21.048,113.97,-42.104
-31.34,170.54,-163.02
-169.33,190.13,-538.56
-21.514,169.13,-112.38
-58.859,159.52,-117.65
-154.03,159.91,-387.51
-16.657,117.38,6.4257
-154.43,177.34,-525.11
-98.272,188.52,-342.93
-170.83,193.59,-522.84
-202.55,182.43,-524.25
-99.604,159.7,-229.15
-98.081,148.42,-345.42
-76.37,172.87,-310.86
-104.05,142.27,-319.08
-102.55,145.94,-260.96
-106.36,157.21,-387.65
-61.715,141.22,-123.14
-111.18,162.59,-262.09
-79.221,146.67,-295.25
-166.74,170.53,-416.64
-30.512,159.99,-180.59
-146.67,149.11,-473.61
-149.19,151.41,-489.56
11.822,128.14,-52.476
-49.181,167.01,-233.71
-176.04,175.51,-443.82
-120.61,161.07,-431.26
-21.081,134.54,-138.64
-125.14,185.23,-433.2
-179.81,194.63,-515.96
-194.04,172.83,-491.68
-40.766,167.5,-97.281
-144.59,187.66,-378.9
-28.895,125.96,-130.43
-25.081,116,-50.684
-138.47,171.87,-484.73
-98.783,142.28,-313.94
-131.49,191.44,-429.9
-154.59,159.98,-389
-34.368,132.57,-161.2
13.217,145.29,-46.954
-103.36,151.51,-248.53
-83.706,138.42,-257.76
-150.66,168.12,-517.96
-73.012,151.67,-152.08
-60.668,136.75,-127.41
-111.33,143.31,-342.57
-67.104,134.11,-210.2
-28.305,164.22,-68.396
-38.381,175.82,-162.54
-32.899,164.53,-75.734
-89.696,179.76,-225.31
-113.21,155.73,-273.15
9.3567,135.52,-63.867
-70.563,177.74,-180.66
-121.74,146.75,-325.97
-23.571,119.01,-19.288
-124.78,180.79,-312.11
-163.2,150.9,-433.51
7.7834,143.96,-67.518
-62.294,138.57,-232.05
-177.05,194.37,-502.75
-108.25,189.53,-370.07
-74.012,151.93,-294.69
-77.394,187.17,-240.93
-11.644,149.71,-126.53
-96.598,179.8,-362.02
-23.088,161.33,-154.67
-179.14,194.39,-509.17
-161.01,169.78,-546.36
-148.39,185.59,-383.3
-97.916,182.01,-249.54
-9.157,133.89,-110.33
-13.73,159.82,-35.254
-113.41,178.96,-411.07
30.693,130.93,0.17514
-54.57,164.96,-116.56
-119.04,184.98,-307.05
-103.32,191.75,-336.45
-31.613,119.57,-92.439
-70.96,136.61,-234.36
-113.42,145.18,-365.72
-60.286,134.17,-207.55
-54.595,130.68,-123.1
-71.395,145.95,-275.24
-55.268,146.65,-99.669
-35.918,149.36,-194.51
-0.16874,153.38,3.7067
-114.4,182.8,-408.05
-10.027,153.58,-119.16
-20.948,168.94,-103.66
-106.82,183.54,-384.87
-64.869,184.35,-212.48
-139.84,181.51,-480.52
-35.528,168.56,-93.986
-80.058,184.29,-299.83
-35.282,122.1,-113.51
-156.63,150.87,-508.26
-64.6,177.27,-168.63
-80.869,137.81,-217.02
-179.22,168.9,-450.91
-157.44,156.03,-524.27
-22.729,137.14,-4.8421
-99.904,180.96,-369.75
-25.094,126.18,-125.56
-38.686,138.81,-50.381
20.983,130.76,-29.366
-86.179,140.42,-222.17
-195.26,147.67,-534.61
-40.285,127.68,-151.63
-157.07,193.06,-434.96
-59.266,180.58,-237.91
-69.163,180.03,-276.59
-67.01,185,-219.38
-7.5913,147.6,-114.63
-110.42,173.56,-407.15
-30.812,133.26,-156.26
-77.617,166.89,-173.02
-126.38,174.6,-308.17
-163.08,167.73,-406.88
-14.13,165.9,-83.639
-10.623,164.3,-74.891
-27.248,170.11,-145.04
-29.896,128.42,-140.63
-72.628,167.55,-302.69
-30.632,145.05,-176.69
-146.74,145.19,-430.91
-66.633,184.11,-208.03
-42.675,124.39,-98.126
-9.7729,133.4,-111.1
-48.554,152.87,-230.77
-34.73,130.36,-154.98
-122.99,159.51,-435.82
-94.551,144.14,-238.05
-182.27,181.49,-467.11
-119.3,171.91,-432.24
-137.75,145.81,-427.54
-39.341,138.56,-52.353
-20.424,164.46,-137.84
-186.61,145,-543.19
-76.478,185.36,-224.09
-151.78,166.31,-520.42
-19.99,150.87,-17.572
-80.571,188.23,-255.13
-148.33,147.19,-409.03
10.651,143.72,-58.055
-36.375,159.42,-198.84
-25.043,169.71,-97.161
-38.554,122.17,-94.112
-73.471,186.47,-233.62
-139.36,185.88,-470.85
-137.22,160.21,-475.51
-29.653,167.81,-84.83
-77.49,174.03,-313.11
-56.565,149.49,-247.17
-86.012,189.52,-281.26
-132.08,146.23,-417.37
-51.339,161.8,-242.32
-29.341,137.56,-162.52
17.279,143.29,-34.77
-79.381,138.52,-257.28
-70.052,134.37,-209.39
-110.16,179.13,-272.11
-215.27,199.52,-526.74
-18.182,170.35,-45.827
-146.87,155.39,-362.49
-181.22,166.27,-539.45
-190.05,185.8,-431.98
-98.131,197.97,-279.87
-177.79,202.23,-501.99
-43.911,180.96,-136.37
-157.46,201.68,-379.81
-23.938,124.53,-53.467
-187.21,202.86,-523.17
-108.08,178.96,-205.5
-79.549,167.72,-121
-28.574,157.92,9.5986
-119.37,194.53,-262.43
-39.969,125.43,-44.384
-181.03,199.58,-432.65
-106.4,150.43,-278.13
-188.16,165.3,-439.43
-188.29,155.88,-515.94
-183.97,195.08,-427.97
-129.8,202.31,-322.78
-74.371,155.14,-102.69
-73.06,172.22,-110.54
-64.647,140.65,-88.379
-67.871,157.19,-83.339
-110.33,178.82,-211.21
-193.42,204.07,-492.94
-49.382,139.65,-143.7
-149.55,188.99,-325.57
-33.91,175.5,-60.896
-165.07,202.64,-465.67
-140.88,158.58,-406.21
-4.5483,163.53,-10.739
-28.256,150.14,24.33
-158.94,200.99,-457.57
-24.857,161.42,-110.49
-128.79,155.51,-359.82
-59.593,138.84,-154.06
-157.79,193.49,-476.01
-89.194,147.3,-173.21
-173.19,155.34,-452.71
-191.55,204.66,-496.36
-63.623,158.47,-216.84
-183.8,180.55,-413
-140.08,203.38,-352.23
-161,163.67,-478.01
-191.36,156.44,-484.05
-65.841,137.22,-139.09
-163.03,155.23,-430.42
-163.47,166.26,-368.06
-86.162,147.17,-159.63
-182.1,159.12,-442.43
6.6674,147.39,-15.872
-60.49,161.54,-212.29
-175.07,204.72,-473.05
-127.17,202.6,-322.22
-64.762,138.12,-151.71
-32.585,124.93,-60.572
-32.42,134.9,-100.65
-66.341,139.2,-160.49
0.36665,115.34,8.4827
-150.31,196.69,-448.54
-51.692,175.15,-185.92
-86.789,160.85,-278.07
1.2213,119.83,-3.1542
-107.78,199.13,-310.11
-186.29,156.22,-472.75
-60.929,186.44,-190.28
-68.326,181.02,-120.55
-24.714,117.86,-1.8537
-149,171.43,-458.8
-83.638,188.05,-270.01
-193.96,169.6,-447.76
-28.918,158.8,6.9738
-131.37,157.64,-293.31
-100.66,199.26,-273.48
-10.531,146.01,-68.313
-117.04,156.62,-338.84
-15.288,165.29,-68.529
-108.26,195.8,-244.06
-59.675,141.99,-65.233
-186.28,192.69,-429.66
-27.661,137.53,-98.174
-29.87,156.15,10.739
-109.47,153.44,-230.48
-91.5,171.71,-303.05
-36.145,133.68,9.1899
-105.9,181.15,-344.16
-69.35,147.93,-91.634
-57.208,139.89,-59.637
-151.13,204.59,-405.53
-206.68,171.91,-479.6
-155.87,201.67,-445.87
-188.19,186.67,-427.53
-93.03,160.82,-293.48
-206.32,164.99,-489.43
-47.538,135.8,-29.756
-135.89,191.69,-294.74
-167.91,193.34,-503.66
-160.6,203.53,-447.31
-104.97,198.53,-303.68
-135.95,161.6,-404.52
-121.37,171.55,-383.83
-47.99,134.91,-123.07
-140.78,200.8,-335.31
6.1799,143.22,-19.367
-39.579,177.05,-136.04
-173.43,182.62,-529.6
-58.414,187.39,-166.34
-54.108,156.63,-190.7
-119.22,152.27,-282.98
-54.825,170.23,-199.38
-88.829,152.17,-154.76
-85.724,195.92,-235.36
-178.93,194.09,-532.04
-98.299,147.63,-234.38
-130.79,186.06,-411.19
-84.631,146.8,-226.36
-118.74,151.81,-300.25
-65.311,154.97,-75.524
-42.058,161.46,-162.25
-194.31,155.62,-500.66
-93.699,194.14,-285.77
-131.51,154.57,-312.13
-86.719,195.48,-249.31
-126.7,168.31,-394.29
-178.82,175.63,-400.43
-59.348,163.57,-66.118
-151.2,175.2,-323.38
-56.352,157.2,-197.02
-109.48,194.54,-336.1
-136.75,156.37,-383.92
-156.16,196.56,-357.63
-123.41,199.88,-293.25
-92.466,151.64,-264.5
-43.155,159.1,-22.51
-27.493,172.76,-96.829
-75.675,169.23,-258.5
-17.173,157.59,-87.98
-172.27,190.12,-520.51
-113.26,195.78,-253.79
-36.493,151.25,3.6383
-98.329,198.65,-271.69
-186.58,165.67,-434.28
-109.73,151.66,-294.15
-72.622,159.75,-241.08
-7.6096,155.72,-57.376
-35.645,135.51,-107.9
-132.72,200.36,-385.64
-148.69,204.39,-382.89
-207.33,175.07,-478.82
-95.716,187.32,-309.21
-7.6744,163.83,7.4794
-147.93,189.02,-455.69
-197.45,155.24,-515.52
-109.36,187.69,-222.06
-93.621,159.74,-292.66
-211.03,191.77,-495.93
-40.627,130.54,-13.106
-201.31,159.44,-492.98
-19.262,168.19,-15.839
-181.06,204.68,-488.9
-67.235,182.54,-226.6
-126.46,194.37,-278.17
-143.3,154.42,-371.86
-158.17,155.58,-399.37
-188.87,203.59,-475.33
-184.22,177.98,-414.38
-5.6627,144.94,-54.317
-53.445,176.22,-81.336
-191.91,156.18,-529.49
-103.69,164.66,-188.95
-18.508,115.06,7.4033
-102.54,149.23,-228.43
-177.72,156.35,-448.36
-108.68,150.25,-252.68
-52.702,176.22,-187.86
-100.4,196.55,-234.75
-170.98,176.71,-378.22
-176.38,167.77,-528.84
-177.07,166,-407.21
-34.725,124.77,-58.769
-66.811,190.48,-181.86
-25.417,118.81,-16.972
-41.907,169.44,-159.77
-183.62,203.84,-506
-179.37,170.52,-406.36
-138.66,164.19,-418.64
-123.7,195.23,-376.99
-60.541,183.94,-199.13
-169.03,175.58,-516.91
-60.953,148.82,-192.25
-131.7,201.41,-376.77
-170.2,161.91,-498.31
-194.22,203.19,-487.22
-101.96,165.71,-183.32
-86.012,196.07,-229.83
-27.984,174.92,-69.153
-22.73,172.52,-57.985
-169.04,190.26,-379.32
-165.85,165.82,-496.31
-28.936,140.05,-105.93
-124.54,178.81,-396.26
-86.891,181.5,-158.39
-116.36,201.82,-304.63
-114.66,155.84,-240.55
-143.43,170.36,-304.08
-63.877,174.42,-224.9
-142.67,176.47,-445.3
-69.185,188.17,-151.06
-84.017,189.98,-266.38
-51.35,175.68,-76.436
-24.692,168.69,-19.729
-62.545,149.08,-67.987
-51.311,145.53,-164.23
-147.05,193.63,-327.14
-27.868,167.62,-17.675
-7.2669,162.32,18.786
-76.654,144.53,-203.31
-208.01,155.65,-535.78
-34.046,156.02,-137.83
-61.465,135.16,-117.28
-96.511,161.77,-304.07
-150.09,204.15,-410.5
-115.16,193.3,-249.32
-31.216,123.01,4.7602
-35.76,132.04,-96.631
-87.252,150.26,-248.6
-56.448,154.74,-50.546
-157.41,160.74,-459.16
-105.33,151.06,-282.98
-80.524,160.84,-262.46
-224.34,176.97,-524.19
-51.998,184.1,-119.78
-84.654,175.33,-285.06
-170.03,170.04,-514.72
-42.429,155.9,-160.12
-114.58,154.58,-323.34
-184.15,166.39,-547.68
-159.61,188.6,-351.87
-61.838,157.57,-66.776
-145.73,203.78,-401.37
-195.97,172.3,-450.07
-108.66,180.52,-208.72
-75.18,190.08,-233.57
-72.281,141.66,-120.13
-114.46,183.27,-226.93
-89.638,193.99,-205.39
-212.41,169.26,-498.32
-93.995,146.75,-206.49
-21.56,131.57,-72.618
-21.202,116.19,18.553
-205.7,198.35,-496.24
-139.93,181.16,-438.53
-0.25875,135.88,-33.815
-184,155.31,-481.34
-198.18,201.11,-486.09
-153.22,177.02,-474.37
-133.64,183.1,-276.84
-134.21,166.94,-280.33
-36.28,177.52,-75.52
-151.21,204.61,-392.43
-114.36,172.9,-365.97
-41.443,144.26,-140.86
-111.53,152.08,-300.44
-85.663,148.83,-239.18
-122,189.46,-255.83
-99.493,186.43,-321.69
-126.99,203.05,-331.65
-78.253,174.21,-266.91
-183.87,203.89,-463.97
-66.727,189.76,-163.57
-151.16,185.07,-325.62
-120.04,161.75,-243.85
-27.479,120.8,14.188
0.13892,129.7,-25.084
-129.29,165.13,-395.68
-96.067,194.57,-292.35
-177.68,202.95,-497.31
-111.18,167.34,-351.52
-99.953,157.03,-184.96
-69.675,182.31,-126.88
-141.21,203.31,-392.08
-67.14,151.32,-211.62
-74.142,140.8,-137.47
-188.18,204.5,-483.51
-79.514,171.41,-269.99
-13.964,160.56,-73.938
-112.04,199.48,-323.41
9.3176,153.1,4.9861
-165.06,159.68,-475.96
-197.65,155.79,-541.43
-65.282,184.73,-129.62
0.83031,132.25,-27.076
-11.435,143.51,-69.155
-171.8,186.78,-522.76
-102.32,187.41,-328.79
-86.21,144.59,-205.98
-209.55,179.06,-483.41
-97.689,161.67,-172.17
-15.671,115.33,-1.5021
-182.37,157.44,-512.5
-98.34,188.31,-199
-112.2,153.15,-243.12
-214.38,157.85,-535.62
-5.1871,163.23,7.8242
-64.056,150.15,-202.12
-5.4869,157.02,-47.868
-72.97,157.7,-238.55
-147.25,185.55,-315.52
-2.8968,162.74,-0.42777
-72.943,189.94,-164.69
-110.47,153.89,-310.99
-174.9,166.48,-522.48
-18.259,169.02,-66.578
-79.755,160.66,-118.17
-137.95,180.46,-286.74
-168.76,187.34,-514.02
-131.22,189.36,-409.1
-13.571,127.23,-47.462
-26.737,170.14,-103.59
-201.47,191.57,-469.36
-82.772,191.41,-257.17
-182.53,202.43,-449.7
-91.283,172.4,-155.62
-26.003,118.54,1.0937
-136.96,170.13,-424.49
-76.744,159.52,-109.31
-85.017,165.65,-280.58
-78.349,161.62,-258.2
2.7315,132.28,-22.582
-101.02,154.87,-193.29
-131.59,186.13,-413.36
-33.606,124.84,-59.831
-40.159,127.13,-73.417
-0.29329,151.63,-36.041
-131.69,162.35,-280.15
-54.949,132.73,-81.027
-203.2,166.98,-477.03
-147.76,204.46,-383.13
-93.193,195.6,-276.87
-202.53,159.46,-496.12
-128.7,197.78,-384.11
-100.18,158.06,-184.05
-208.45,156.18,-531.36
-174.3,199.8,-503.79
-122.87,190.11,-259.27
-70.792,148.76,-211.92
-52.901,135.34,-53.296
-186.04,156.78,-467.17
-126.79,160.44,-377.13
-149.92,196.29,-340.93
-108.95,181.68,-210.9
-156.05,157.93,-372.91
-22.104,157.26,22.8
-88.725,146.86,-230.88
-22.216,160.08,-102.79
-183.57,164.17,-429.41
-53.328,132.91,-67.096
-25.008,118.06,5.1589
-27.586,128.09,-71.472
85.42,90.656,-124.26
64.078,113.22,-106.33
-88.486,109.42,-566.63
-129.59,107.22,-563.91
107.26,63.78,-37.392
11.103,107.54,-340.11
-69.496,143.74,-499.88
-8.8814,87.596,-290.03
-22.552,97.029,-301.19
51.502,76.134,-188.83
56.119,117.16,-188.01
-24.186,90.965,-330.1
-97.362,132.76,-480.49
16.326,81.712,-207.53
-0.026377,132.75,-344.25
56.295,106.51,-85.661
35.444,122.49,-181.38
-97.258,97.885,-529.88
67.272,59.276,-65.265
-25.973,90.885,-376.79
39.509,87.236,-244.65
84.455,105.89,-90.769
47.473,93.221,-81.402
-59.919,119.77,-512.28
85.284,99.702,-115.63
18.496,80.922,-255.53
65.982,63.061,-108.36
-48.581,120.23,-486.36
14.496,83.046,-274.44
72.05,111.42,-132.15
-65.404,100.87,-416.94
-2.5491,115.86,-376.2
36.36,124.99,-199.18
23.294,122.11,-197.39
15.411,80.707,-222.25
-8.7951,127.97,-278.01
-89.36,97.49,-522.02
55.615,96.591,-216.63
-76.327,144.94,-472.67
56.897,64.156,-99.916
77.219,62.006,-93.248
55.712,116.94,-134.09
-24.45,89.913,-342.29
-12.688,115.85,-401.24
-26.579,129.94,-320.43
59.975,108.41,-85.724
27.947,83.642,-149.31
54.067,117.7,-139.88
18.284,101.77,-317.88
-92.396,127.28,-464.26
10.431,132.78,-272.77
-16.124,123.7,-284.72
-106.32,116.01,-495.95
-50.027,98.141,-458.44
53.337,98.977,-224.14
40.328,107.04,-121.09
44.692,108.29,-249.09
-10.985,110.27,-258.13
18.219,88.054,-291.04
46.639,70.572,-106.49
77.731,108.7,-77.856
-38.488,141.74,-393.6
71.572,57.877,-29.375
35.584,76.828,-135.21
-19.032,88.758,-331.01
-8.6421,104.66,-251.13
-121.95,100.75,-571.41
-103.04,103.84,-506.73
57.49,63.959,-89.913
-18.048,112,-277.63
-42.818,96.041,-435.99
-13.309,135.58,-315.11
63.663,102.08,-58.15
35.272,123,-184.43
88.451,102.31,-91.212
-26.663,140.3,-369.16
-43.729,113.52,-472.9
62.211,115.52,-163.48
-46.135,133.94,-470
-55.773,104.86,-382.52
55.955,117.05,-189.59
-48.707,143.12,-419.25
-108.7,111.04,-506.26
58.324,78.224,-40.793
-95.8,102.73,-565.89
23.505,83.549,-167.42
93.774,71.514,-85.053
16.99,131.72,-269.58
-31.533,137.27,-353.38
58.575,76.085,-40.714
19.193,98.931,-312.34
-18.454,139.24,-357.65
72.464,64.89,-112.01
9.0748,120.75,-221.93
-23.276,102.39,-413.86
45.09,118.43,-149.57
-57.002,136.54,-492.04
47.122,92.253,-235.3
29.016,120.42,-181.31
74.405,110.4,-90.779
71.993,87.664,-164.21
73.648,102.79,-156.75
31.893,77.936,-224.78
-120.6,133.42,-532.14
19.423,88.61,-290.41
-18.172,90.84,-307.26
-133.69,117.58,-558.77
-64.842,144.15,-448.68
5.3247,95.688,-338.19
-45.278,140.42,-449.09
64.343,64.879,-34.638
15.616,101.65,-180.15
-12.642,125.17,-279.62
90.716,95.734,-100.56
13.291,117.64,-205.63
77.753,88.832,-148.25
-80.36,119.4,-558.32
-26.016,91.605,-382.76
-104.14,134.88,-498.1
53.92,77.711,-56.894
80.89,88.336,-138.5
-120.97,114.38,-531.57
8.88,102.25,-200.07
92.691,102.31,-43.159
-85.129,115.44,-566.59
-2.3634,102.52,-367.4
-78.049,100.23,-453.5
-100.61,135.05,-490.71
70.713,81.896,-160.72
4.056,106.58,-356.69
-7.1517,86.829,-321.46
-14.816,89.387,-351.79
-39.673,129.43,-347.97
-74.775,135.45,-435.73
98.546,58.163,-44.287
91.979,102.25,-66.327
-46.753,136.47,-466.28
-8.3322,95.41,-366.34
-40.613,112.44,-336.78
51.507,98,-228.88
-45.701,105.8,-468.55
-4.8008,119.83,-380.77
89.532,86.4,-110.75
-45.118,93.416,-391.57
47.207,104.39,-99.463
16.003,127.51,-231.26
-118.8,99.661,-576.77
96.721,99.618,-53.964
-87.756,145.28,-541.18
-50.388,97.391,-385.5
-95.928,132.53,-477.06
-23.676,90.553,-371.35
53.856,74.315,-178.13
-81.973,137.74,-550.81
-58.109,96.041,-415.7
24.079,110.73,-167
89.628,68.61,-89.914
51.938,80.516,-201.46
58.297,78.391,-40.855
37.439,120.54,-169.03
80.351,106,-118.11
-80.913,96.568,-490.26
-80.092,117.75,-433.4
-3.3436,136.04,-310.02
-66.33,131.42,-410.33
61.927,100.31,-56.932
-30.135,100.39,-424.51
68.542,110.31,-85.633
30.462,75.448,-176.13
42.399,95.302,-97.977
-54.292,98.508,-393
63.112,86.039,-28.943
-62.607,121.99,-392.6
-72.452,132.2,-425.01
54.383,109.59,-216.86
46.946,121.67,-205.82
42.731,70.411,-153.35
-91.69,97.435,-519.5
48.569,75.098,-81.269
-73.124,115.11,-417.37
-0.92588,106.67,-368.66
-49.193,120.82,-360.01
-64.99,120.04,-397.52
44.047,83.378,-225.52
-93.207,113.26,-466.89
-61.771,94.7,-449.37
-104.56,100.69,-522.83
35.735,113.75,-147.44
-93.86,113.63,-468.16
63.651,64.026,-41.549
5.1486,95.149,-214.49
-24.932,95.256,-398.98
46.201,68.982,-142.34
86.476,98.495,-113.09
-67.118,141.23,-436.26
67.422,59.18,-62.188
-40.689,122.7,-341.12
-26.21,135.91,-338.05
19.906,111.53,-318.47
80.903,60.37,-81.359
-1.6535,105.56,-369.35
-62.461,143.96,-477.8
92.789,52.519,-31.468
-30.106,94.247,-404.51
32.527,76.648,-151.72
73.167,105.02,-154.65
-39.433,118.57,-335.02
53.444,117.58,-138.94
47.052,77.518,-83.474
-86.3,143.32,-481.78
88.474,104.36,-70.08
22.653,117.31,-184.2
79.049,69.887,-116.55
-41.759,94.362,-372.31
-102.65,133.33,-492.77
-113.34,102.04,-539.64
-26.057,132.98,-327.43
43.425,123.51,-205.48
-21.047,138.97,-379.97
75.509,83.681,-150.48
-99.892,118.2,-479.89
1.1976,132.86,-339.56
-23.709,105.91,-293.55
60.256,97.335,-53.889
-109.98,141.84,-524.43
79.009,108.29,-110.12
38.936,121.66,-173.34
-8.4657,135.32,-360.43
65.759,107.73,-74.638
111.02,87.239,-29.479
-64.792,104.95,-507.83
76.914,97.215,-18.072
-74.5,96.727,-463.02
-29.118,138.67,-409.81
-51.357,143.67,-440.7
14.998,80.615,-249.75
66.059,68.696,-18.61
8.1974,87.58,-217.81
-19.196,107.94,-280.3
-43.513,96.466,-368.12
94.133,91.91,-92.283
-75.56,142.65,-521.36
8.3216,101.44,-341.26
58.385,63.872,-79.53
-87.7,144.95,-492.35
14.141,131.49,-296.77
82.623,100.98,-124.14
55.93,112.38,-107.81
-85.807,119.81,-570.74
80.43,107.84,-74.824
-11.571,122.17,-396.72
-15.282,112.07,-270.34
-77.855,119.26,-427.98
45.441,82.443,-220.13
-1.4094,97.157,-233.7
53.673,99.344,-73.766
61.167,71.274,-154.63
-57.927,105.39,-494.12
-85.146,106.15,-553.33
61.6,77.776,-29.481
0.85565,120.1,-239.06
-31.943,94.202,-340.19
-67.137,117.29,-402.4
84.934,103.64,-38.794
-20.614,94.282,-302.01
9.5367,128.74,-246.63
-11.398,124.38,-394.5
-126.96,115.27,-544.82
72.489,109.46,-79.325
-74.067,126.57,-543.97
52.175,108.42,-99.361
8.9884,82.185,-250.53
-80.321,96.571,-486.88
-20.361,93.219,-382.29
11.886,84.064,-215.82
21.075,122.85,-203.96
-0.9493,98.109,-356.91
-108.41,144.07,-528.2
59.334,63.309,-78.334
-74.725,98.52,-507.13
-17.012,117.21,-278.3
26.441,90.594,-146.72
0.17416,128.89,-355.84
-63.279,144.37,-448.79
-87.763,144.68,-490.99
15.715,117.87,-200.67
-70.092,134.83,-424.45
-82.976,133.01,-449.3
-20.749,89.041,-336.72
-112.07,145.7,-541.84
47.623,113.34,-123.99
-36.784,140.36,-424.01
90.42,61.455,-69.821
51.37,89.394,-66.639
19.604,129.97,-243.98
96.496,84.454,-87.664
-45.661,116.55,-478.88
-61.122,97.51,-416.97
-72.858,119.46,-541.46
1.3592,134.04,-287.65
1.1049,121.3,-364.4
-52.528,124.97,-494.65
-97.007,114.63,-474.91
-75.899,98.044,-506.54
-97.786,137.35,-488.58
25.408,118.18,-180.85
49.962,120.71,-195.37
-10.38,123.67,-392.52
-75.655,113.92,-424.07
54.957,74.733,-55.661
7.7526,120.59,-224.45
-75.092,142.68,-520.03
-24.445,129.95,-315.9
16.407,107.95,-326.97
46.996,107.1,-242.64
62.718,83.253,-27.717
-22.774,98.434,-404.29
94.034,59.426,-56.745
-13.64,136.93,-368.84
41.388,73.523,-120.12
-61.923,116.68,-389.77
-62.063,94.73,-449.98
73.387,107.04,-148.52
103.96,90.825,-53.112
77.855,108.45,-117.45
105,94.828,-31.773
8.4934,100.44,-201.13
-103.6,110.37,-494.92
-9.1178,96.609,-371.12
43.528,81.687,-221.86
24.854,118.74,-183.59
-23.786,135.24,-407.92
40.85,84.348,-100.2
-117.04,140.98,-536.91
47.619,110.02,-112.98
85.299,53.026,-37.648
107.16,70.972,-47.388
-40.176,140.2,-383
83.08,105.93,-57.52
31.142,76.94,-157.61
-13.77,138.02,-335.47
14.72,80.451,-243.43
-2.6499,85.158,-295.73
-78.522,96.324,-488.76
-33.356,141.32,-386.04
-94.809,141.82,-573.08
-89.199,124.93,-455.68
58.189,103.53,-73.271
15.93,90.687,-182.9
24.471,126.08,-212.99
18.921,89.438,-173.88
59.576,116.8,-169.12
12.234,132.92,-286.58
-52.065,124.75,-493.66
-5.2857,114.5,-246.05
23.591,77.608,-205.41
-78.427,138.7,-540.19
-79.39,98.339,-514.57
88.558,53.815,-41.703
-58.072,97.797,-406.71
-2.3924,134,-346.38
73.642,60.28,-87.793
-21.609,147.5,-290.81
-47.547,118.69,-443.73
7.4708,133.38,-196.09
38.652,119.05,-245.67
104.64,95.758,-36.549
29.026,144.42,-237.37
-20.851,129.22,-401.01
-104.71,155.75,-486.47
-107.06,116.98,-532.79
-56.448,133.14,-358.18
55.397,81.481,-96.508
-77.204,164.29,-469.33
-16.378,139.71,-263.43
-72.93,164,-473.47
-15.593,148.17,-280.31
-50.241,125.96,-464.09
16.43,133.76,-307.16
96.341,103.15,-64.243
64.947,113.07,-167.48
33.352,90.535,-154.64
-2.4949,103.68,-247.9
51.856,91.036,-44.194
-6.9257,104.52,-263.57
81.611,101.18,-111.66
-25.46,142.83,-289.63
11.262,149.11,-288.38
62.576,107.01,-13.294
81.346,119.42,-100.92
57.795,114.25,-189.31
-18.225,150.62,-381.21
27.129,93.008,-170.92
-73.977,159.13,-506.39
-79.888,139.32,-415.34
-133,157.71,-550.42
-70.439,116.26,-423.46
-30.598,158.96,-373.92
41.043,87.498,-121.04
-11.158,106.81,-326.88
18.433,130.88,-302.78
27.289,92.954,-181.35
39.807,125.86,-242.97
-106.45,122.78,-496.24
35.678,102.55,-94.445
-10.027,104.33,-298.62
56.417,84.528,-123.51
-69.39,118.43,-411.65
-118.81,166.17,-548.84
-141.21,132.08,-563.12
-51.727,161.34,-406.21
-113.35,148.74,-496.26
45.45,105.85,-213.46
35.077,116.22,-100.63
68.733,123.17,-146.53
93.575,88.256,-63.378
-10.719,108.37,-335
-34.64,111.65,-331.76
-133.68,148.75,-541.45
-48.7,144.09,-467.85
-8.1556,150.9,-277.03
100.6,103.2,-48.504
51.559,123.67,-75.01
-29.018,113.65,-390.51
-77.459,150.39,-418.57
59.918,131.9,-102.54
21.119,145.84,-213.62
18.754,95.982,-206.58
21.512,106.08,-142.4
-15.907,112.27,-360.25
-83.124,138.66,-547.78
-57.897,120.76,-373.67
-61.646,157.66,-401.84
64.979,113.46,-167.43
-3.569,142.21,-355.32
-63.398,163.16,-444.6
-12.26,147.66,-370.95
70.941,112.55,-148.56
-134.69,129.39,-551.32
-140.2,129.96,-563.74
-68.471,142.42,-389.84
-47.515,140.09,-466.44
-44.768,147.23,-455.91
-3.1345,151.16,-332.65
-19.546,138.28,-268.97
-30.632,108.45,-354.31
-12.823,107.86,-335.64
65.51,76.035,-44.495
60.493,80.541,-33.413
-1.8673,119.25,-346.23
88.56,113.08,-84.031
-38.061,156.9,-417.79
77.973,70.882,-23.94
59.351,96.064,-13.571
0.28991,122.33,-345.17
-36.616,153.97,-423.54
52.819,129.56,-195.79
-128.16,131.14,-533.16
-81.087,120.62,-436.81
-16.503,138.05,-261.3
-84.171,159.65,-530.56
16.543,98.247,-238.15
37.683,142.31,-197.29
-113.3,124.04,-510.04
21.032,139.09,-287.77
68.223,75.655,-56.79
32.871,142.67,-185.96
40.903,125.03,-101.04
-45.646,111.53,-406.21
69.398,116.77,-152.23
-91.953,133.04,-445.35
-97.934,151.42,-578.26
-70.871,152.88,-408.42
18.613,121.28,-299.56
53.073,109.07,-42.022
63.919,127.96,-74.459
-46.281,137.43,-333.79
-55.666,112.26,-406.87
47.167,108.87,-213.85
15.779,101.97,-172.55
27.603,92.771,-173.5
77.502,80.994,-81.283
-18.514,151.44,-296.98
-45.422,149.96,-347.49
-73.888,161.32,-440.23
5.7745,111.01,-192.25
-2.1437,140.84,-233.02
24.51,113.45,-275.97
-115.26,167.1,-551.05
1.853,122.53,-341.67
57.091,133.22,-112.3
38.325,120.26,-247.1
24.424,99.69,-238.85
-96.994,162.83,-552.3
54.94,81.162,-76.423
-81.357,138.56,-543.77
56.583,127.64,-80.238
-94.516,150.94,-456.92
102.62,87.501,-37.533
-26.995,131.93,-416.97
14.923,109.49,-162.3
-50.105,160.6,-396.86
-80.505,137.76,-416.63
-11.778,129.86,-241.25
-79.874,118.18,-441.79
-7.2213,154.61,-305.38
49.735,136.96,-142.09
94.954,114.97,-46.821
29.253,93.387,-146.54
6.2655,100.09,-235.65
20.495,144.62,-274.83
-11.044,136.29,-245.64
23.392,115.57,-134.04
7.233,145.51,-317.86
68.502,126.37,-138.42
3.907,113.96,-323.77
-39.439,109.87,-376.9
-141.94,134.73,-561.94
73.768,78.325,-75.416
-83.112,162.38,-517.77
-46.443,112.37,-369.22
-16.665,151.59,-294.28
-34.891,111.69,-332.45
64.657,122.78,-163.08
-32.883,144.35,-429.27
-83.278,116.93,-506.34
-104.03,166.71,-536.81
-81.479,155.32,-436.12
57.86,81.494,-101.41
-100.68,166.43,-532.94
-24.06,145.64,-405.7
2.2717,134.95,-345.01
-23.374,114.49,-382.23
8.4159,132.11,-329.51
64.705,108.76,-166.39
-95.805,165.84,-511.11
47.711,93.053,-58.209
-17.551,153.39,-303.87
86.294,116.71,-85.696
-12.173,111.52,-253.63
-49.783,111.42,-406.03
86.077,121.52,-44.697
33.819,134.57,-142.64
-28.224,148.86,-412.02
17.84,110.9,-286.63
-4.6327,152.67,-282.97
71.321,95.134,-131.51
-34.711,121.42,-422.78
28.981,108.46,-115.27
51.532,136.98,-163.2
75.182,126.13,-99.96
-24.519,157.16,-372.24
41.714,109.86,-75.622
-120.41,118.89,-550.75
-96.91,143.08,-579.72
-39.623,160.29,-394.29
-89.472,137.44,-437.87
91.698,117.71,-50.11
32.36,130.86,-134.11
7.0688,104.56,-288.1
45.698,92.567,-67.436
54.981,119.7,-198.22
-93.234,148.9,-569.22
68.755,122.08,-148.55
32.773,136.56,-151.75
-78.743,144.6,-415.15
57.769,101.58,-20.971
-87.262,132.48,-553.06
-11.545,140.79,-377.95
-90.22,155.41,-554.73
-122.16,165.99,-553.77
-14.413,140.77,-260.59
-35.67,109.4,-371.11
0.76802,121.37,-342.95
-40.497,113.26,-344.11
-29.265,126.04,-288.39
-42.677,113.32,-414.29
18.848,123.22,-152.89
-26.296,143.91,-293.41
-15.017,105.9,-321.74
-86.387,155.08,-446.05
46.963,107.8,-212.87
-91.013,115.68,-496.38
-93.795,115.99,-512.44
78.751,81.399,-80.542
29.206,114.67,-266.33
-94.449,159.51,-473.71
-57.535,116.84,-457.72
44.901,90.323,-166.11
-46.963,137.81,-465.22
-95.771,163,-548.35
-116.75,159.51,-519.8
54.599,135.43,-133.63
-53.549,161.75,-413.11
34.71,90.049,-156.2
42.56,94.987,-76.284
-72.449,126.06,-512.38
-35.632,111.01,-339.07
-47.825,147.09,-463.5
-79.347,144.71,-416.62
30.165,92.716,-187.71
90.835,94.751,-79.114
-24.891,133.14,-277.6
-18.413,109.33,-283.4
-88.819,124.42,-543.95
12.24,132.75,-183.55
16.431,118.35,-156.01
-48.812,114.12,-367.26
-1.4311,104.76,-236
66.404,130.7,-104.67
52.631,128.15,-199.03
61.96,132.37,-111.92
5.9141,150.83,-261.41
-33.499,137.81,-302.6
79.665,86.443,-93.347
25.874,145.93,-217.36
-52.746,126.24,-351.98
49.801,102.26,-46.422
-32.954,156.85,-346.38
-97.595,134.67,-457.9
82.964,93.204,-98.858
2.0817,101.15,-258.25
-91.961,163.58,-535.41
-22.502,142.59,-404.66
-7.6808,106.86,-322.38
17.954,146.08,-278.23
63.056,98.468,-157.76
-18.009,129.49,-394.5
57.135,109.13,-187.91
-94.467,163.67,-541.68
-99.847,126.71,-572.04
-58.384,161.65,-416.94
-2.5196,153.06,-285.58
57.771,87.826,-138.32
79.782,124.6,-71.296
-38.437,129.96,-442.15
102.46,81.845,-29.808
39.563,138.32,-151.91
-25.225,157.51,-342.38
-12.733,147.58,-372.43
33.882,93.916,-117.79
-6.2512,104.52,-260.11
-52.476,112.5,-390.23
4.3579,101.13,-233.38
18.195,110.78,-150.37
-6.5513,104.31,-302.04
30.365,127.85,-131.26
34.455,100.32,-224.01
91.932,118.65,-31.796
-36.518,134.08,-440.11
67.639,101.83,-151.46
70.272,123.22,-140.02
-26.948,134.35,-417.67
30.022,141.57,-249.8
-67.202,135.09,-510.52
59.825,133.66,-130.63
6.1624,134.46,-334.89
29.64,94.158,-138.9
-102.52,116.63,-530.57
31.938,144.17,-205.49
-11.029,114.75,-243.59
-101.87,155.05,-479.12
-102.25,118.1,-547.35
63.243,118.38,-36.544
-20.972,130.97,-402.31
38.502,88.8,-151.48
45.462,120.9,-81.362
90.683,82.129,-58.588
-14.365,119.04,-249.25
-138.54,132.88,-555.77
23.859,94.37,-177.31
-67.775,163.05,-469
28.766,130.48,-273.63
15.382,128.88,-311.21
27.781,142.08,-256.68
66.612,96.596,-145.66
-38.768,124.71,-437.08
34.06,91.998,-183.03
14.856,143.34,-207.47
-37.381,153.81,-341.13
-83.855,152.51,-435.88
76.553,120.46,-119.78
79.556,118.72,-110.87
60.391,120.23,-180.59
34.006,90.641,-166.71
1.6556,116.52,-333.75
38.477,97.121,-205.63
-87.636,120.69,-453.92
29.088,143.3,-245.42
27.24,103.32,-124.52
56.887,87.682,-138.97
21.657,103.97,-260.2
29.399,92.401,-181.15
-60.967,116.25,-461.82
-20.912,124.05,-265.63
-98.954,163.56,-497.8
-50.161,124.19,-461.17
-79.701,116.31,-450.72
44.529,120.74,-83.229
63.388,113.06,-172.24
-134.46,123.93,-563.44
19.874,147.27,-261.42
-91.12,123.25,-545.93
71.882,124.86,-52.077
14.153,146.17,-292.31
-84.737,127.3,-433.11
86.368,93.038,-89.574
39.517,107.53,-230.55
68.373,127.54,-133.9
29.719,99.848,-120.07
21.626,144.5,-270.92
-62.909,139.97,-502.12
-77.173,118.06,-500.71
65.259,131.21,-121.5
0.2703,122.52,-345.42
11.088,103.21,-275.43
7.0863,145.6,-318.08
-73.586,115.06,-440.88
23.227,110.38,-273.52
36.941,93.226,-190.11
94.502,93.009,-66.767
-14.87,106.85,-282.92
-3.497,106.91,-235.3
-16.976,154.11,-306.97
-122.35,186.45,-560.25
81.119,133.44,-84.05
-72.402,141.42,-389.71
-116.99,137.68,-564.67
-97.791,178.21,-464.68
2.7374,159.78,-318.77
-87.746,170.22,-536.49
54.864,140.39,-174.8
-55.481,180.22,-417.33
48.181,100.32,-80.952
-97.691,172.51,-557.32
-6.4258,165.18,-242.1
20.854,154.9,-157.07
72.974,140.62,-27.334
-13.754,173.4,-301.17
37.27,112.53,-72.449
-82.517,183.15,-468.44
-31.945,128.63,-306.16
-109.53,159.9,-467.18
-125.61,138.42,-539.45
-86.892,182.36,-462.87
-25.52,174.46,-361.77
19.919,145.5,-136.3
30.089,156.35,-147.88
20.894,131.09,-118.96
28.897,146.71,-117.9
-9.0556,165.38,-247.64
-97.783,182.89,-528.24
24.889,110.62,-172.43
-49.469,175.79,-361.56
69.719,144.2,-100.02
-72.537,169.55,-501.15
-71.667,132.02,-432.93
92.572,126.42,-48.228
70.576,137.21,-11.203
-67.577,166.04,-492.84
61.767,118.56,-144.95
-57.662,130.95,-387
14.925,114.31,-182.41
-73.638,156.13,-509.04
-6.0206,135.34,-203.22
-105.44,140.6,-477.69
-96.421,181.57,-531.69
14.971,120.11,-248.05
-93.413,173.9,-444.95
-36.99,176.06,-390.75
-94.249,134.81,-504.13
-123.39,146.7,-508.58
11.04,119.69,-167.52
-94.459,138.47,-455.89
-79.789,158.89,-397.77
-1.8618,135.93,-189.96
-108.84,150.89,-468.63
91.115,106.19,-49.409
19.891,121.39,-244.31
-80.198,175.88,-508.89
-23.188,173.18,-361.27
10.723,117.36,-180
40.62,104.59,-88.025
41.284,104.65,-129.32
8.9365,117.51,-188.8
70.294,89.987,-18.366
-62.103,159.15,-483
38.539,131.4,-221.73
-10.209,124.65,-308.36
72.076,90.733,-30.717
-8.2901,160.91,-348.53
-117.98,145.55,-497.5
37.387,144.92,-228.65
37.732,158.34,-159.61
50.564,105.33,-29.201
-77.524,137.02,-487.14
9.6109,145.13,-306.77
-112.68,165.2,-476.32
72.876,141.02,-30.095
-49.447,146.62,-322.8
2.3731,163.51,-312.87
69.597,105.84,-100.25
-44.872,128.53,-366.75
77.32,123.53,-104.95
-1.7252,171.01,-283.5
28.755,133.41,-96.711
-90.381,181.63,-463.99
46.953,104.22,-127.48
71.048,140.27,-25.827
-26.133,141.75,-260.53
-10.828,131.2,-335.21
52.467,126.56,-22.198
-22.144,139.57,-377.5
21.08,138.95,-123.85
30.209,131.33,-90.762
-52.213,173.78,-442.98
-125.67,168.8,-507.94
-63.16,166.88,-481.59
-95.197,178.57,-460.54
-17.251,125.56,-323.4
-130.84,161.42,-515.9
39.452,127.86,-60.668
-32.885,175.28,-332.08
-85.463,157.03,-535.99
-65.992,170.93,-483.46
-5.552,159.93,-342.12
-65.739,131.64,-431.95
-45.473,134.24,-414.01
25.946,109.99,-151.26
-36.799,177.68,-373.7
87.77,102.64,-51.852
56.001,134.79,-173.54
-99.747,147.31,-558.8
43.178,148.59,-205.55
24.931,117.76,-222.12
-41.643,136.99,-311.41
31.308,127.03,-233.71
-0.33149,142.31,-186.4
17.346,158.94,-274.9
-97.571,159.04,-563.86
-21.295,129.72,-262.9
-47.958,146.03,-444.05
-9.897,122.22,-254.79
-43.874,133.11,-328.11
30.653,144.9,-109.76
41.19,119.43,-195.46
-128.46,144.77,-524.57
3.1604,153.02,-323.59
-53.925,140.82,-340.4
14.41,156.6,-288.37
-53.031,133.05,-423.48
-90.711,169.43,-431.55
41.772,149.62,-102.55
-58.703,166.62,-356.26
22.643,118.39,-228.42
-15.886,153.56,-372.78
-66.711,131.97,-410.71
-54.503,179.65,-394.56
-17.924,174.21,-332.43
-18.361,123.59,-293.08
57.811,144.44,-58.963
68.296,131.43,-134.3
6.2268,127.95,-291.17
68.599,115.12,-122.11
-93.122,154.07,-551.68
-7.01,172.24,-293
61.927,139.23,-31.657
4.0913,161.95,-310.97
-107.37,160.19,-462.25
-36.012,128.62,-322.06
5.3408,122.06,-272
79.183,113.56,-91.826
38.116,105.73,-136.54
-37.487,162.98,-422.51
-47.339,176.36,-420.88
-124.19,171.77,-507.91
-5.6785,144.62,-344.84
92.744,131.97,-30.596
-65.766,150.46,-488.16
-133.18,143.62,-538.96
-4.4687,169.57,-260.24
-18.246,125.25,-322.35
-119.46,183.67,-528.44
44.03,122.71,-43.2
-130.68,153.42,-518.04
83.029,138.05,-54.381
-87.1,176.56,-524.35
25.162,138.98,-263.13
-21.59,174.67,-316.5
-71.415,136.74,-398.57
-86.207,141.58,-425.72
-92.09,183.04,-510.96
-95.459,171.92,-445.71
74.702,104.66,-86.346
51.935,152.88,-120.23
-130.12,138.33,-552.73
-9.2486,154.61,-222.66
55.052,101.12,-19.499
-22.892,134.66,-257.51
-107.83,144.96,-473.72
-30.416,134.65,-281.38
38.121,132.48,-223.87
6.1942,168.52,-274.56
-80.858,169.61,-410.12
-110.84,137.86,-554.66
-95.997,159.69,-435.91
39.08,106.12,-86.252
36.289,153.2,-221.43
48.531,103.66,-44.134
46.406,125.93,-194.88
-91.947,174.27,-540.81
-94.997,164.73,-436.14
-68.241,132.65,-446.31
-32.253,155.13,-412.83
35.007,141.11,-236.68
-98.752,141.59,-544.79
14.645,115.66,-221.88
-34.857,164.82,-414.1
-105.32,135.28,-523.55
-98.169,183.78,-522.47
-6.4981,155.4,-217.42
17.952,160.26,-269.54
72.942,138.58,-107.88
77.177,135.61,-96.417
-71.39,178.63,-414.31
-99.278,136,-522.46
46.398,105.48,-135.62
-45.318,139.43,-427.79
18.224,162.99,-196.68
-12.727,169.26,-343.89
-30.168,144.88,-270.92
-52.845,161.75,-336.31
23.199,131.01,-259.58
-67.686,139.54,-475.12
37.195,158.64,-190.95
10.952,147.52,-303.68
53.934,152.1,-115.32
78.509,141.03,-58.324
30.346,140.1,-101.05
24.096,112.48,-193.78
-44.928,177.53,-364.14
75.637,142.54,-56.104
93.695,132.68,-19.244
-1.8265,119.91,-231.78
-144.02,146.6,-558.86
47.578,114.91,-170.38
16.223,119.51,-145.79
-20.867,126.44,-333.95
-52.328,171.87,-447.7
-9.3831,172.33,-288.1
49.391,114.51,-24.005
37.48,105.25,-124.78
-12.916,122.31,-277.25
40.904,143.98,-85.339
-90.61,133.89,-485.09
-31.382,127.55,-311.02
-3.149,123.73,-293.13
-142.64,175.14,-552.63
52.587,150.85,-159.44
-0.81993,133.16,-318.48
-102.55,138.35,-541.39
37.863,115.78,-192.11
-42.056,128.37,-351.18
-120.35,138.02,-572.73
-61.206,176.72,-387.15
36.136,146.41,-101.83
-47.862,170.62,-438.69
-112.97,168.08,-479.22
-6.383,166.13,-245.6
22.44,148.34,-271.72
11.162,130.59,-150.15
-11.795,168.38,-263.99
17.149,165.46,-245.32
-134.31,166.76,-525.59
-14.645,131.63,-235.52
51.673,100.69,-101.19
55.108,105.73,-8.9335
-111.36,185.4,-530.22
-61.809,142.74,-469.59
76.337,98.227,-64.265
-117.88,141.84,-505.62
-102.39,184.82,-520.93
-79.638,140.98,-503.61
-33.811,170.65,-312.67
-44.38,157.94,-312.34
67.075,144.47,-114.74
-50.496,176.29,-430.23
-36.71,134.33,-396.89
34.296,109.83,-170.68
-38.039,128.86,-328.29
-11.234,122.01,-267.74
-17.966,172.34,-293.6
-10.884,143.91,-356.8
-24.057,171.65,-370.55
6.0262,131.78,-300.52
-86.43,182.33,-499.94
38.398,156.02,-203.47
-53.084,173.76,-360.72
-31.345,152.1,-275.53
52.3,112.29,-14.292
74.144,94.871,-54.34
-57.171,131.93,-424.11
0.64914,153.56,-330.11
-86.598,171.58,-532.1
-35.558,130.82,-381.52
-10.309,147.2,-216.99
36.58,158.97,-166.07
-43.317,169.24,-429.51
8.6215,117.74,-241.35
6.8318,127.82,-166.84
-92.11,181.78,-519.12
2.9388,129.82,-302.88
74.812,118.07,-109.11
-13.252,161.3,-361.59
99.442,112.87,-30.413
-99.561,134.61,-501.25
-136.51,139.31,-564.31
41.124,157.62,-169.27
75.944,96.034,-56.862
67.278,104.32,-100.5
-95.044,150.79,-553.09
-13.496,145.06,-363.96
-9.7086,125.3,-234.46
-124.18,175.34,-513.32
-4.0202,151.78,-205.6
56.251,97.919,-28.203
-119.53,136.64,-536.42
7.7441,167.62,-237.85
-30.175,140.83,-272.77
-147.72,152.22,-559.26
94.403,130.06,-30.104
11.651,116.73,-231.82
82.924,115.04,-82.859
4.1813,121.17,-269.07
-48.342,173.63,-350.97
94.8,126.73,-38
33.438,159.75,-204.65
-37.544,127.63,-338.97
-109.58,137.14,-548.15
77.461,128.58,-103.93
16.859,150.13,-152.69
-40.132,169.41,-321.73
-91.123,150.99,-544.69
-46.042,149.22,-442.78
58.804,97.177,-75.651
66.417,127.69,-140.27
-108.42,182.63,-502.47
14.035,149.58,-295.05
-84.305,183.07,-485.7
9.6921,159.2,-191.92
50.35,107.2,-26.5
-64.142,135.08,-453.36
19.758,149.07,-143.78
-6.2852,126.78,-311.89
-0.39037,123.79,-289.13
78.072,95.733,-52.481
-13.569,144.63,-224.61
-48.843,146.17,-446.19
39.859,105.28,-87.291
34.21,108.52,-101.09
85.415,109.94,-70.067
-45.1,152.89,-311.09
24.829,120.45,-109.9
-125.51,163.36,-504.27
-46.601,175.8,-421.13
5.6337,155.49,-315.26
-132.05,153.6,-521.11
-35.644,158.82,-420.39
-9.7453,148.3,-216.35
-143.46,148.11,-554.68
-86.686,165.88,-537.66
-18.73,172.73,-297.11
4.1647,117.95,-241.09
31.753,126.39,-83.509
-116.7,146.87,-492.19
-55.483,130.28,-404.97
-47.471,178.75,-378.2
-6.2213,166.79,-247.99
-79.551,147.04,-400.51
79.481,138.62,-14.286
-13.712,123.92,-259.24
64.095,117.35,-137.14
-105.23,158.11,-457.14
28.102,122.2,-96.379
51.402,106.98,-22.427
44.986,101.92,-99.32
104.86,-5.8898,-141.15
103.88,27.863,-129.08
-81.277,32.149,-577.26
-114.73,56.131,-574.43
117.84,-23.644,-50.259
26.986,12.158,-355.65
-36.745,59.393,-520.09
6.0488,18.442,-302.48
-0.63875,31.969,-315.62
60.642,-8.3763,-200.89
88.894,20.472,-209.53
-9.4601,22.897,-342.36
-62.714,71.64,-498.91
33.626,13.937,-220.66
32.675,37.566,-365.59
96.519,31.346,-107.49
76.627,38.467,-204.47
-90.128,35.537,-538.91
79.758,-7.8479,-76.653
-17.235,15.189,-387.78
50.238,-2.9556,-257.86
117.73,12.677,-112.09
82.184,27.33,-100.34
-45.155,32.797,-526.55
111.32,2.7591,-134.85
28.381,3.0176,-267.15
75.169,-12.219,-119.47
-32.411,31.061,-501.34
23.928,3.557,-286.08
105.62,16.772,-153.73
-47.887,39.475,-429.46
16.28,20.155,-392.79
76.432,36.488,-222.36
64.625,42.611,-220.06
30.313,10.972,-234.74
31.848,51.664,-300.1
-83.056,31.87,-531.11
72.348,-0.37976,-232.63
-37.753,69.586,-493.95
69.781,-4.2355,-111.58
85.47,-17.078,-104.43
95.736,30.651,-157.01
-11.946,19.968,-353.98
4.8677,21.662,-417.24
13.221,56.116,-341.96
100.56,30.543,-107.96
51.842,19.209,-164.36
94.104,31.156,-162.84
32.225,7.49,-332.63
-59.864,67.429,-481.81
50.626,44.566,-295.96
22.596,51.613,-305.7
-81.89,61.361,-510.15
-42.966,20.2,-469.09
70.955,1.4417,-240.51
79.414,34.889,-142.2
66.301,9.2133,-267
22.233,43.12,-276.69
27.617,2.0189,-303.35
64.611,5.7421,-119.53
115.83,21.37,-100.23
0.95175,58.772,-415.97
87.176,-4.8358,-41.377
55.72,11.938,-149.01
-6.8252,17.876,-342.7
21.685,38.689,-268.57
-113.55,45.076,-580.17
-88.017,47.979,-517.81
71.485,-2.8773,-101.79
15.044,45.123,-296.11
-35.483,18.376,-446.71
27.803,53.327,-337.99
103.42,28.583,-79.639
76.379,38.389,-207.56
118.69,7.4007,-111.67
12.75,55.005,-391.77
-30.759,25.456,-486.66
96.05,20.077,-185.23
-20.081,43.158,-488.58
-33.234,43.091,-396.82
88.484,20.192,-211.04
-9.7718,61.288,-441.34
-88.129,57.064,-519.06
87.303,16.768,-57.286
-90.955,31.623,-575.05
45.823,18.464,-182
105.34,-18.37,-98.523
55.615,40.339,-292.56
9.2209,58.609,-375.76
86.235,14.986,-56.714
32,5.7925,-326.58
20.168,51.326,-380.26
80.894,-15.464,-123.39
49.253,45.679,-243.73
-13.249,15.434,-426.49
86.129,35.395,-172.51
-30.101,47.683,-510.7
60.517,-2.0101,-249.86
70.315,40.821,-203.97
112.47,22.292,-113.22
87.058,-7.4498,-179.44
98.407,4.5572,-175.66
41.35,-1.7203,-236.44
-87.678,76.7,-549.5
28.986,1.8273,-302.86
-1.6905,23.396,-320.06
-111.09,67.553,-571.85
-25.898,66.442,-470.33
15.602,6.9493,-351.09
-12.709,51.525,-469.72
84.928,3.9833,-48.171
48.674,34.822,-198.62
26.917,51.567,-301.05
115.29,-0.79132,-119.22
52.933,43.758,-227.11
94.469,-7.0883,-164.13
-67.77,36.399,-571.42
-17.647,14.651,-393.76
-69.186,74.119,-516.58
81.337,16.056,-72.868
97.972,-7.5646,-154.51
-99.261,62.401,-544.55
41.01,35.675,-218.19
128.54,13.8,-64.879
-75.021,34.73,-578.58
9.6495,11.434,-381.15
-63.21,39.882,-464.98
-65.298,73.474,-509.41
83.074,-10.445,-174.73
18.6,12.632,-371.62
2.7088,10.91,-332.87
-5.9262,11.888,-363.03
-1.1604,58.585,-368.74
-37.191,68.267,-455.8
106.66,-23.917,-55.739
124.8,9.8471,-87.41
-18.557,46.177,-485.54
0.82961,9.8245,-378.52
-10.535,48.199,-353.94
68.283,0.92333,-244.91
-36.339,21.545,-480.66
16.251,23.727,-398.17
107.4,-9.147,-127
-32.862,26.083,-402.9
86.199,32.695,-120.5
57.502,44.881,-254.31
-112.45,41.307,-585.12
128.66,7.2406,-74.737
-55.848,64.023,-560.77
-33.836,33.499,-397.96
-61.252,71.23,-495.51
-14.881,14.546,-382.4
62.865,-9.2103,-190.04
-57.082,52.883,-568.35
-44.831,31.535,-427.08
62.562,39.076,-187.86
99.676,-18.974,-102.61
61.894,-7.6409,-214.19
87.373,16.902,-57.386
78.708,38.057,-191.98
110.85,10.153,-138.75
-72.632,31.937,-499.93
-51.649,58.354,-449.49
36.645,48.531,-333.06
-29.486,64.754,-430.1
101.16,28.514,-78.06
-21.305,16.105,-436.44
108.48,26.776,-108.24
45.312,6.3518,-188.55
77.172,28.932,-116.99
-37.271,35.343,-405.54
97.357,22.061,-47.523
-29.773,58.551,-410.63
-35.846,66.353,-444.61
79.103,10.32,-235.87
81.927,26.222,-227.97
55.088,-0.76172,-165.12
-84.591,33.726,-528.67
72.25,12.76,-96.024
-45.548,55.061,-433.23
13.093,13.507,-383.32
-15.456,55.544,-378.55
-33.491,57.585,-414.99
54.11,-5.1163,-238.32
-69.23,56.662,-481.15
-53.081,26.442,-459.57
-93.27,43.479,-532.76
76.228,37.926,-169.43
-69.7,57.105,-482.47
82.937,2.4574,-54.704
31.869,29.802,-230.61
-16.802,13.756,-410.37
58.468,-1.9223,-154.05
111.89,1.5783,-132.09
-27.759,67.919,-457.59
80.235,-7.4373,-73.636
-5.0557,55.317,-360.54
14.694,57.179,-360.48
39.258,13.89,-335.44
89.014,-18.364,-92.458
11.763,12.972,-383.74
-28.064,59.39,-498.6
100.47,-22.33,-42.009
-22.246,15.111,-415.57
50.963,10.581,-165.05
99.642,6.9582,-174.14
-5.7034,52.517,-353.64
93.668,31.623,-161.9
72.196,15.135,-98.74
-47.838,72.741,-502.52
122.79,12.914,-91.577
63.034,41.782,-206.12
88.47,-16.504,-128.91
-27.037,28.359,-384.36
-68.214,73.015,-511.03
-101.68,46.75,-549.49
14.504,56.825,-349.48
80.288,29.854,-228.1
14.938,48.526,-401.94
89.318,-10.091,-165.13
-73.321,62.121,-494.98
34.342,37.778,-361.04
4.7835,40.934,-310.24
98.468,27.819,-74.424
-73.215,78.12,-543.85
112.23,14.23,-131.52
79.979,37.195,-196.43
25.351,41.681,-381.98
106.22,28.551,-96.968
135.89,-6.4383,-47.945
-57.259,25.218,-518.83
116.41,24.236,-39.417
-63.782,33.235,-473.41
4.3417,47.65,-430.97
-14.439,59.318,-462.36
26.212,6.0044,-261.49
90.732,8.8665,-33.444
29.311,21.497,-232.07
11.355,42.21,-297.79
-26.601,31.835,-380.77
116.83,-4.2719,-110.26
-45.097,58.244,-540.78
20.993,8.9629,-355.38
73.545,-1.5481,-91.663
-49.398,72.876,-513.18
49.548,36.816,-318.99
108.83,3.7809,-143.44
96.74,31.933,-130.39
-73.512,37.722,-583.64
117.86,19.625,-97.06
10.132,26.676,-414.28
18.262,44.852,-289.02
-48.243,59.164,-444.55
55.383,-5.6782,-232.85
25.284,31.762,-249.81
91.774,29.67,-94.28
70.009,-11.622,-166.42
-49.713,23.923,-505.54
-78.789,30.082,-563.54
91.155,16.537,-46.151
40.048,47.002,-260.31
-15.026,28.243,-352.98
-37.489,55.872,-419.12
123.79,20.381,-60.998
-0.85694,28.518,-315.77
51.047,46.909,-269.6
11.892,28.689,-412.64
-105.26,64.275,-557.7
111.94,24.883,-101.87
-56.573,40.741,-559.06
92.547,32.769,-121.29
22.292,10.743,-262.66
-71.705,32.212,-496.64
-12.148,12.518,-393.63
30.399,16.912,-229.29
62.423,43.308,-226.64
9.554,9.1447,-369.91
-71.148,78.168,-548.02
74.121,-2.3376,-90.363
-68.854,26.492,-516.75
18.886,48.369,-297.97
55.15,25.956,-163.46
28.962,32.307,-375.96
-24.544,65.636,-470.48
-49.424,72.963,-511.8
55.657,43.379,-222.33
-32.336,67.032,-444.65
-46.972,68.865,-468.51
-8.7865,18.075,-348.33
-74.916,79.099,-561.7
88.553,34.723,-146.42
-2.6339,50.98,-445.23
98.748,-21.194,-81.407
84.976,24.768,-85.067
60.099,42.187,-267.23
114.87,-10.583,-104.03
-31.285,27.848,-493.2
-46.508,34.27,-428.68
-59.52,35.01,-554.97
42.197,48.307,-310.8
24.009,24.302,-382.54
-33.825,35.565,-510.54
-72.504,58.536,-489.29
-69.988,26.954,-516.08
-61.4,73.916,-507.85
66.187,41.396,-203.04
85.148,25.589,-217.56
12.539,27.887,-410.53
-49.163,54.446,-439.49
80.546,13.363,-70.974
47.767,45.889,-246.15
-44.53,58.228,-539.49
15.527,55.666,-337.55
33.203,11.689,-342.92
68.289,8.1009,-260.43
95.548,20.391,-45.691
-13.918,13.882,-416.26
102.16,-22.517,-68.188
21.082,44.508,-390.58
60.376,8.6714,-133.52
-32.021,54.579,-406.65
-53.376,26.529,-460.17
101.85,9.5235,-168.63
129.25,-3.7873,-71.822
110.43,13.687,-138.69
135.34,2.6496,-51.976
39.479,34.321,-218.81
-82.96,55.556,-507.83
0.27775,10.332,-383.46
53.184,-5.4132,-234.38
65.716,41.655,-205.84
6.7621,42.1,-428.29
69.107,21.046,-116.64
-81,79.439,-555.86
88.058,34.236,-134.94
94.016,-18.513,-48.199
120.7,-19.927,-61.646
0.13641,60.613,-405.32
121.16,19.777,-79.762
49.244,10.549,-170.87
26.139,51.668,-358.37
26.749,7.2323,-255.3
8.7505,11.688,-307.42
-70.684,30.569,-498.39
5.7844,56.727,-408.49
-67.806,59.707,-591.07
-57.576,65.276,-472.89
97.91,30.214,-94.728
42.003,25.689,-198.76
65.814,42.018,-236.14
44.841,24.585,-189.68
93.971,21.621,-191.04
50.271,40.99,-309.41
-33.455,35.3,-509.51
30.902,45.148,-265.87
37.208,6.7347,-217.59
-52.269,53.436,-558.22
-73.658,27.816,-523.98
96.517,-20.661,-52.3
-42.538,34.544,-418.74
31.265,39.578,-367.97
82.348,-15.193,-98.754
31.64,72.113,-317.16
-26.748,37.226,-459.5
59.015,61.198,-221.51
68.412,21.819,-266.2
134.97,2.6894,-56.84
77.072,48.763,-264.06
6.422,36.97,-420.16
-55.608,92.689,-510.09
-86.871,55.663,-546.22
-13.594,69.788,-379.67
79.398,10.632,-112.27
-26.437,85.623,-495.17
34.83,68.054,-288.68
-23.795,82.005,-499.09
38.216,70.909,-307.05
-27.295,40.644,-481.01
51.309,35.215,-329.61
129.08,8.2647,-85.558
96.213,15.774,-188.54
59.51,20.199,-171.09
26.395,34.775,-265.15
89.377,29.935,-63.604
21.28,35.206,-280.62
109.84,6.8875,-131.35
25.964,71.099,-314.96
58.925,53.688,-314.92
111.57,41.434,-37.142
121.97,23.07,-125.12
88.31,16.972,-210.11
23.952,55.512,-405.82
53.863,22.859,-187.56
-31.981,72.742,-530.01
-36.17,78.182,-436.89
-85.458,99.535,-572.98
-43.561,53.163,-439.4
20.136,70.862,-400.74
68.322,19.448,-137.64
10.737,27.701,-342.78
51.765,32.596,-324.65
52.547,20.767,-197.69
73.757,26.853,-265.13
-77.989,66.591,-512
76.661,39.275,-115.28
13.971,30.391,-314.71
78.373,7.2941,-139.24
-39.836,56.402,-428.4
-68.97,97.639,-573.29
-108.97,82.489,-579.49
0.47886,79.575,-432.88
-67.944,90.752,-518.07
70.266,13.55,-231.76
83.508,48.986,-124.46
108.06,25.133,-170.46
118.11,-1.3268,-81.3
10.916,27.109,-351.04
-5.6043,44.877,-348.84
-90.132,94.745,-562.19
-15.76,52.929,-488.84
46.172,69.071,-304.44
134.6,8.6432,-70.222
104.46,49.424,-101.12
-7.9098,31.972,-406.42
-28.075,84.599,-442.57
112.26,45.478,-129.74
74.875,59.135,-241.34
44.193,23.594,-223.01
61.081,41.68,-162.87
5.7249,28.551,-376.55
-57.034,54.86,-565.63
-24.223,58.266,-391.89
-8.9668,83.641,-427.85
96.479,16.065,-188.58
34.025,44.931,-378.57
-12.853,80.932,-470.73
28.292,51.512,-395.1
103.2,15.249,-169.96
-103.82,78.64,-567.34
-109.52,80.121,-579.6
-21.841,78.352,-412.71
-17.017,49.398,-486.54
-9.1621,55.17,-477.92
42.778,55.787,-358.57
30.721,67.855,-293.77
-7.393,35.745,-370
8.8623,27.886,-351.56
91.178,9.9954,-60.327
91.399,18.603,-50.624
22.892,27.948,-364.41
126.17,16.951,-107.16
7.0694,65.631,-443.01
100.74,2.2561,-39.04
102.45,34.944,-34.91
26.581,29.194,-364.07
5.6869,61.421,-447.92
92.636,30.564,-219.99
-95.154,79.384,-550.02
-51.182,60.533,-453.48
34.026,67.251,-286.23
-43,74.855,-553.72
39.529,20.777,-254.26
88.074,49.341,-224.51
-84.522,69.168,-525.78
60.753,40.124,-311.93
91.434,5.741,-72.18
86.02,54.689,-213.6
93.322,52.115,-126.84
-24.443,37.586,-421.33
104,18.742,-174.52
-53.516,75.127,-464.74
-65.244,68.029,-598.35
-20.005,84.382,-433.22
46.612,25.711,-319.31
101.4,43.456,-65.644
116.87,45.259,-101.48
0.30508,71.427,-356.85
-32.024,44.153,-422.22
73.371,14.742,-232.82
50.018,36.387,-191.3
53.748,21.905,-190
98.647,-0.42108,-97.171
35.606,72.092,-324.05
6.614,77.967,-373.07
-21.656,86.757,-466.14
44.838,45.767,-212.63
50.872,65.901,-259.24
49.788,20.499,-294.51
-65.914,95.77,-575.63
28.408,29.044,-360.7
109.49,46.393,-139.56
68.682,22.682,-267.88
46.528,16.933,-255.21
-54.183,81.076,-575.71
81.563,14.427,-92.658
-55.151,54.456,-561.69
110.09,48.417,-107.08
-46.421,88.282,-480.15
128.31,-2.6059,-55.908
1.0281,39.831,-436.36
55.219,44.611,-183.07
2.5839,79.763,-423.59
-37.76,77.124,-437.8
35.587,61.822,-264.8
-52.355,56.98,-457.75
45.293,66.044,-332.87
101.87,48.188,-169.47
137.39,21.451,-71.344
59.066,26.416,-163.9
32.842,28.955,-252.34
65.375,47.118,-300.62
39.413,65.492,-270.55
69.364,49.386,-156.91
49.599,47.864,-342.8
110.89,29.252,-163.3
27.34,24.558,-341.29
-16.565,37.997,-392.38
-107.8,85.186,-578.96
94.894,0.91221,-90.875
-38.803,78.7,-541.9
-19.571,45.644,-385.54
37.524,71.582,-321.44
-5.873,44.93,-349.52
102.37,24.233,-186.5
2.1229,50.674,-451.24
-64.524,46.016,-520.29
-55.333,91.263,-561.6
-30.686,87.56,-460.82
80.69,8.2167,-117.03
-52.33,89.723,-557.74
13.054,50.674,-428.54
35.703,37.707,-366.81
-1.8246,30.714,-398.51
40.963,34.667,-351.03
93.595,12.814,-186.49
-45.872,90.377,-536.32
85.408,31.397,-77.738
36.597,71.707,-331.2
126.32,20.812,-109.64
22.65,45.653,-272.61
-27.759,40.065,-421.16
134.57,32.32,-70.861
87.789,55.992,-169.58
10.832,54.517,-435.46
41.553,20.632,-304.34
49.21,67.16,-310.59
95.408,4.8229,-149.35
-12.135,35.388,-439.64
72.077,44.015,-136.96
100.45,43.152,-190
121.23,32.18,-125.78
24.096,66.074,-398.64
88.341,44.719,-98.606
-98.715,61.939,-564.25
-69.616,60.714,-597.84
11.039,73.596,-420.94
-47.916,78.389,-458.46
136.01,24.939,-75.204
85.575,55.632,-160.43
29.053,22.079,-304.39
82.279,30.529,-86.619
88.128,21.207,-220.06
-61.814,64.903,-588.93
107.16,23.905,-172.17
86.918,56.457,-178.91
-32.087,81.574,-437.92
103.49,38.768,-43.396
-64.709,51.657,-569.37
23.811,44.487,-400.32
-53.581,70.779,-576.32
-72.395,98.632,-578.08
37.399,68.195,-286.15
-13.083,36.412,-386.61
26.683,28.576,-361.69
-10.945,47.387,-361.26
13.104,60.765,-309.92
-22.123,35.629,-429.58
67.79,54.517,-177.05
25.439,71.737,-318.9
7.837,30.326,-337.61
-36.052,88.522,-470.46
72.702,14.228,-231.63
-70.04,51.655,-510.38
-74.221,50.596,-526.1
99.977,-0.73569,-96.533
55.536,20.37,-285.37
-43.522,91.684,-498.47
-37.644,39.295,-472.77
66.965,10.819,-182.12
-17.779,47.534,-484.82
-52.578,81.199,-571.9
-67.395,96.7,-543.49
105.96,45.624,-160.85
-1.6501,79.714,-439.69
60.082,18.701,-172.49
80.045,32.652,-95.811
-51.324,45.276,-528.19
-7.7601,43.622,-355.8
-12.69,55.511,-485.3
-32.696,81.756,-439.38
53.82,17.634,-203.8
117.7,2.3942,-98.131
22.262,65.566,-301.02
12.386,42.22,-301.12
-69.515,48.128,-558.66
64.106,60.142,-209.13
62.548,51.669,-178.98
-20.135,48.805,-384.06
29.493,37.185,-253.81
116.38,40.182,-131.49
91.209,28.991,-222.82
112.88,42.83,-138.96
59.371,63.333,-289.11
14.858,69.737,-326.49
101.98,0.18307,-110.15
78.183,55.595,-244.96
-13.947,63.381,-372.02
94.15,39.399,-68.377
20.734,75.834,-373.48
-58.703,77.481,-477.37
107.88,2.3276,-117.05
27.11,28.099,-274.6
-47.468,81.737,-559.41
12.609,47.575,-426.81
14.126,26.455,-338.39
63.778,49.16,-304.28
87.314,7.5301,-175.72
9.717,36.664,-413.86
84.918,13.701,-207.57
-50.244,82.166,-565.56
-80.669,51.377,-586.61
-6.0472,81.883,-443.44
50.762,65.68,-313.2
79.409,6.2268,-154.4
127.83,33.555,-97.5
-12.601,40.606,-460.5
125.85,-5.404,-47.087
93.32,53.626,-179.42
27.781,72.361,-369.67
27.672,51.465,-396.52
66.931,29.37,-136.01
22.279,35.438,-277.25
-27.108,45.499,-406.06
32.26,31.346,-250.38
60.186,45.828,-171.73
16.243,27.606,-318.01
82.583,55.072,-156.98
56.846,14.059,-240.84
139.23,28.941,-57.599
-8.349,42.978,-459.44
93.796,8.4859,-170.34
110.2,25.452,-164.12
2.4116,41.526,-437.6
74.474,43.633,-275.48
-41.531,49.353,-528.43
109.44,41.628,-157.48
39.859,36.848,-356.82
60.866,28.201,-156.64
-83.192,53.033,-543.95
83.536,52.756,-232.96
26.841,49.314,-263.58
-52.784,91.788,-502.75
-84.376,50.855,-560.61
115.74,45.405,-62.381
7.1972,38.147,-421.82
62.973,16.304,-167.58
97.122,49.836,-106.71
112.82,-3.3678,-75.248
26.001,53.596,-270.1
-105.39,82.847,-572.51
51.226,24.71,-194.11
-19.682,78.955,-494.48
63.642,31.424,-296.12
47.018,31.348,-332.42
72.078,44.111,-282.32
90.644,6.1805,-163.49
-15.309,37.726,-454.35
57.103,15.574,-199.05
69.265,62.203,-234.83
16.128,77.192,-367.71
-34.206,86.905,-459.95
116.25,23.274,-143.74
118.79,21.769,-134.65
95.108,21.603,-202.99
58.458,17.621,-182.85
25.734,26.029,-351.61
60.599,12.576,-222.19
-58.633,61.39,-470.2
75.36,46.354,-271.63
66.383,39.402,-144.79
78.538,6.5362,-155
44.008,17.918,-276.99
53.914,19.089,-197.35
-41.266,40.173,-476.65
21.599,58.385,-287.25
-47.929,93.037,-522.87
-27.893,39.782,-477.76
-54.543,53.765,-466.01
96.038,49.935,-108.5
94.326,15.824,-193.18
-108.54,72.033,-577.87
68.284,52.052,-288.19
-72.305,48.262,-560.34
124.34,42.194,-78.924
58.926,48.925,-318.03
-49.581,68.591,-451.45
111.73,1.854,-107.95
64.264,15.271,-248.82
112.1,31.076,-159.18
66.872,36.049,-139.64
66.732,47.073,-296.78
-34.091,52.044,-521.35
-58.259,44.203,-515.03
113.5,38.122,-147.99
26.645,29.306,-364.36
33.135,20.948,-291.72
49.512,47.988,-343.03
-49.123,50.905,-456.09
47.273,19.386,-291.42
59.158,13.429,-206.19
121.23,1.1232,-85.686
13.77,38.233,-300.05
29.242,40.237,-253.64
37.066,71.333,-334.37
-61.208,113.25,-589.1
132.44,37.14,-111.94
-25.527,80.017,-412.38
-86.683,71.678,-582.1
-33.783,109.78,-494.01
54.44,61.408,-347.01
-40.317,84.057,-561.97
103.55,41.56,-202.04
7.2812,94.302,-448.09
87.043,32.438,-101.54
-49.635,87.998,-582.84
60.79,85.526,-273.73
87.721,76.847,-188.41
137.96,58.263,-58.478
51.91,85.263,-333.16
86.851,50.085,-96.17
-19.264,103.53,-498.7
10.127,61.069,-327.83
-54.336,102.44,-492.32
-89.647,82.238,-557.81
-22.438,106.65,-493.14
35.047,81.938,-392.46
84.178,74.082,-166.04
97.131,74.026,-179.73
78.694,65.664,-145.84
94.491,72.966,-148.35
58.079,86.25,-279.19
-39.574,101.48,-556.94
62.404,37.483,-193.11
16.929,97.654,-392.75
127.69,49.396,-130.05
-23.913,80.848,-527.31
-36.404,64.251,-452.27
142.15,31.444,-75.374
136.2,60.129,-42.014
-20.961,76.673,-518.37
100.02,26.15,-167.91
-19.756,63.457,-407.21
55.374,44.543,-203.74
-33.859,69.736,-531.89
48.554,69.628,-229.01
-64.042,83.138,-498.06
-39.757,98.981,-559.98
49.996,36.683,-268.95
-30.222,107.49,-473.8
23.011,84.76,-421.11
-62.226,66.884,-522.36
-78.767,93.026,-529.66
57.527,53.841,-190.53
-53.681,78.86,-476.27
-22.029,96.453,-424.32
53.987,70.018,-216.21
-59.361,94.814,-491.64
128.77,16.577,-71.868
55.161,35.36,-265.57
-27.237,88.953,-536.36
36.195,79.621,-391.66
54.198,49.908,-202.13
82.656,39.02,-109.47
77.632,30.928,-149.65
51.688,49.475,-210.75
106.82,22.679,-38.087
-19.415,69.87,-507.16
78.937,35.865,-245.76
24.642,44.294,-328.87
107.01,19.85,-50.263
42.373,63.459,-376.32
-73.687,90.905,-518.57
85.157,45.658,-255.62
102.78,68.682,-191.54
98.919,44.519,-52.326
-45.381,61.529,-506.21
52.756,48.197,-331.9
-54.901,106.72,-502.46
137.74,58.113,-61.257
4.7724,82.483,-348.3
57.177,65.603,-342.13
104.66,19.957,-121.42
-8.3472,57.562,-386.86
120.7,27.942,-130.01
62.385,79.372,-315.32
89.303,66.799,-124.66
-25.786,108.01,-494.08
82.109,27.474,-147.72
136.43,59.453,-56.945
28.725,76.134,-286.41
24.434,44.682,-356.51
114.04,60.972,-50.396
14.761,50.119,-399.68
82.873,70.676,-152.4
90.018,65.428,-118.38
2.5488,82.547,-471.52
-67.291,111.52,-534.16
-15.445,76.722,-507.59
-30.956,109.25,-490.05
17.581,46.485,-343.77
-76.863,107.52,-540.24
99.325,62.738,-88.23
33.725,92.631,-363.82
-46.32,72.618,-558.42
-15.518,81.217,-510.36
44.822,62.233,-369.83
-31.809,60.517,-451.17
-11.809,53.464,-434.16
65.725,40.312,-172.35
26.435,89.079,-404.9
123.67,15.434,-73.45
101.28,36.803,-199.52
-66.501,69.624,-578.48
95.051,49.257,-233.95
59.98,33.64,-243.1
6.7396,72.445,-334.94
68.985,34.684,-256.46
59.488,74.65,-214.21
71.427,60.041,-304.01
-58.466,76.351,-586.09
25.048,63.484,-285.9
-10.798,58.42,-466.12
30.679,52.262,-276.19
0.39751,67.698,-350.3
95.901,72.025,-140
77.435,29.957,-217.42
-86.096,91.649,-544.81
50.089,55.057,-350.13
-4.6089,77.475,-364.13
65.886,57.516,-316.61
-19.775,55.405,-443.16
-28.945,104.91,-459.7
108.48,70.194,-133.98
4.8687,97.251,-385.55
57.694,34.344,-249.39
28.7,57.923,-398.27
-29.51,65.34,-430.59
10.792,97.525,-425.79
44.873,82.59,-363.79
19.628,51.329,-313.83
123.97,64.561,-90.253
114.31,34.044,-160.47
41.932,39.986,-312.78
106.46,23.607,-144.84
-56.265,72.094,-573.06
57.655,81.773,-324.89
127.81,63.146,-62.449
57.863,63.711,-339.91
-51.784,102.25,-487.57
4.7506,60.568,-343.33
40.309,39.594,-292.78
117.99,21.598,-114.93
74.796,32.347,-156.95
10.516,69.07,-449
10.935,85.687,-450.59
-64.35,112.9,-534.81
35.213,50.036,-368.94
147.99,38.909,-59.5
-28.197,64.468,-510.21
-92.467,90.961,-558.59
62.505,84.304,-292.38
16.751,47.054,-342.69
-56.28,115.3,-557.49
102.23,59.248,-70.009
-81.802,100.88,-540.47
140.71,45.069,-84.121
-34.382,90.803,-551.61
67.284,42.124,-287.9
44.399,88.165,-348.43
-28.742,74.154,-419.92
-41.223,81.842,-447.57
-32.651,101.34,-540.12
-33.124,107.08,-474.09
109.88,18.528,-107.58
116.08,63.168,-151.86
-95.06,82.448,-570.74
54.875,82.769,-252.4
101.26,40.348,-41.878
27.465,69.268,-281.8
-62.792,88.69,-495.22
18.282,69.398,-305.09
78.962,36.551,-248.1
68.374,74.291,-305.98
-18.145,103.03,-438.82
-80.355,69.919,-572.35
-39.531,99.841,-461.74
82.592,41.47,-108.11
90.211,54.046,-250.52
94.294,41.683,-66.486
85.517,31.866,-218.32
-41.806,88.931,-567.14
-35.761,103.06,-463.12
-35.129,60.132,-465.4
11.281,61.651,-437.73
79.913,42.682,-262.58
-67.236,67.24,-563.52
50.623,38.365,-242.46
14.834,70.45,-441.23
-73.322,70.388,-541.45
-38.569,103.48,-551.54
58.233,82.678,-247.46
73.42,61.688,-299.11
125.82,41.636,-136.37
128.95,38.911,-124.5
-5.8423,103.38,-444.9
-67.971,67.445,-540.51
81.323,27.26,-155.93
-10.45,54.779,-448.77
85.114,77.255,-228.84
44.475,73.457,-373.76
25.999,79.065,-297.27
9.2964,93.666,-364.96
61.451,37.861,-282.62
-34.471,59.696,-495.01
98.298,63.379,-222.12
55.662,49.791,-329.44
117.86,62.266,-146.89
138.39,49.388,-88.681
93.968,70.154,-130.42
59.997,35.396,-214.32
21.213,95.733,-395.63
137.32,52.719,-86.892
150.7,40.996,-48.611
38.793,49.855,-253.2
-101.94,96.162,-578.72
83.182,27.273,-191.92
64.46,54.604,-169.3
13.819,47.399,-354.27
0.67833,80.265,-475.68
56.496,84.213,-320.16
104.17,53.257,-49.397
75.597,34.568,-145.4
25.311,49.977,-298.08
106.76,69.615,-115.94
-57.322,67.516,-503.59
9.27,58.983,-332.3
31.736,42.119,-313.79
-82.974,118.42,-579.23
110.08,53.872,-189.53
35.779,43.193,-340.62
-71.707,67.712,-559.49
73.077,29.816,-213.34
-4.1136,58.626,-371.64
-90.228,72.485,-590.05
4.7452,100.77,-417.95
102.21,71.317,-132.58
4.6857,78.262,-466.59
-53.803,108.57,-505.94
60.92,85.577,-277.35
69.555,49.371,-298.43
66.481,65.397,-176.14
55.495,87.173,-295.81
79.163,70.708,-276.74
-77.735,111.94,-550.92
35.15,66.007,-259.65
87.286,26.792,-121.29
105.49,45.833,-32.662
-49.086,111.35,-559.55
-27.164,59.593,-490.33
110.31,16.718,-84.599
-76.919,86.468,-525.62
-41.081,107.15,-550.31
-46.914,62.785,-523.16
32.855,93.277,-343.87
16.952,90.038,-340.7
123.77,48.465,-144.45
7.1301,85.813,-459.69
-2.5099,51.376,-417.45
69.607,31.444,-191.14
2.4538,60.833,-349.46
27.746,50.495,-288.75
48.973,88.447,-325.58
29.056,50.438,-380.46
33.337,77.237,-400.34
42.797,41.304,-322.76
-27.104,99.399,-529.18
95.989,58.282,-233.68
12.972,98.464,-391.49
28.753,84.466,-303.44
106.46,51.588,-39.411
107.92,17.34,-74.186
-23.802,56.959,-443.54
47.544,55.788,-356.63
-38.005,85.219,-558
-1.6146,50.852,-401.68
50.382,78.789,-245.18
101.37,68.662,-197.99
8.6934,76.133,-457.3
44.466,40.001,-261.94
59.148,62.796,-191.77
-34.517,98.863,-547.77
38.866,41.246,-324.63
114.89,24.505,-132.82
36.916,64.35,-389.15
141.9,20.163,-54.86
-66.155,70.523,-519.55
-101.09,84.942,-582.28
103.73,64.249,-200.75
109.7,16.661,-76.893
101.89,20.159,-121.33
-59.936,70.482,-573.69
26.708,51.579,-387.71
35.418,58.322,-257.12
-62.943,114.63,-540.89
59.624,80.585,-235.11
99.124,35.527,-49.599
-85.485,77.723,-554.39
74.027,79.524,-270.05
23.326,75.611,-298.14
-101.57,102.67,-580.44
148.22,36.514,-58.567
47.552,39.162,-252.4
123.05,22.125,-106.52
39.256,40.167,-289.73
17.961,97.285,-381.94
145.48,32.235,-65.477
94.137,63.967,-235.73
0.6668,57.585,-359.56
-78.906,69.817,-565.85
123.96,31.925,-130.19
82.309,76.448,-183.08
25.89,94.495,-352.45
-55.575,69.815,-565.53
-7.2047,59.937,-465.62
94.283,24.512,-95.573
109.78,31.202,-165.43
-44.663,112.61,-531.9
60.496,51.103,-321.49
-23.06,101.33,-515.49
76.751,80.459,-223.4
100.23,46.587,-50.13
-31.391,58.169,-472.78
85.173,75.528,-174.14
28.538,42.868,-332.77
34.494,41.226,-309.89
111.79,15.947,-72.544
45.24,77.385,-252.03
-11.7,58.672,-468.25
82.568,40.157,-108.92
78.163,43.514,-123.14
123.7,19.074,-92.877
13.541,86.837,-338.32
76.677,56.773,-134.54
-69.92,107.93,-529.33
11.151,84.76,-450.69
54.649,57.004,-342.59
-83.196,101.28,-543.51
9.7759,65.141,-445.96
51.572,79.411,-244.8
-100.04,97.76,-575
-42.229,79.853,-562.09
48.127,88.558,-329.09
41.105,42.943,-261.76
89.267,62.04,-110.17
-71.164,92.125,-513.7
-20.865,58.242,-424.53
18.028,95.594,-409.6
61.116,85.534,-279.83
-29.287,86.687,-424.24
143.68,55.189,-45.27
28.077,55.072,-280.94
102.19,25.261,-160.01
-50.642,100.3,-482.1
82.14,58.649,-121.76
101.48,46.541,-46.109
82.986,32.181,-119.81
60.321,-95.133,-135.15
81.324,-66.337,-131.21
-123.14,-33.622,-569.71
-134.89,5.8067,-572.76
72.273,-99.698,-42.517
-19.495,-73.757,-348.63
-63.931,-29.243,-520.03
-25.111,-46.16,-298.51
-24.101,-34.133,-314.47
15.788,-81.161,-193.05
54.183,-77.904,-207.89
-40.108,-40.711,-338.46
-74.292,0.027306,-502.45
5.072,-51.181,-217.64
-1.1724,-59.577,-364.12
80.503,-55.112,-111.06
55.909,-55.623,-207.22
-122.93,-18.422,-533.25
48.021,-69.196,-72.143
-57.001,-50.378,-380.94
3.0926,-81.293,-249.81
85.505,-83.298,-111.06
67.736,-48.087,-103.29
-87.332,-45.739,-520.24
71.444,-91.261,-130.96
-11.882,-65.065,-260.4
35.992,-77.762,-112.83
-74.883,-50.154,-495.21
-17.64,-65.469,-278.98
72.747,-80.54,-152.62
-72.378,-20.761,-427.34
-28.21,-68.013,-386.7
52.155,-60.372,-224.17
46.784,-48.011,-223.44
-1.2232,-54.07,-230.69
15.445,-35.978,-303.66
-118.47,-24.108,-524.77
25.527,-88.123,-225.69
-55.108,-15.9,-496.95
37.565,-66.852,-107.03
43.271,-84.984,-96.996
72.772,-64.44,-159.09
-45.394,-43.615,-349.12
-39.641,-64.447,-410.92
-2.288,-28.995,-345.57
83.153,-58.289,-111.3
30.237,-47.74,-163.94
70.995,-64.143,-164.89
-15.026,-76.24,-325.11
-72.239,-1.7523,-484.82
26.617,-52.151,-297.85
7.341,-31.404,-309.17
-97.112,1.7616,-511.17
-85.352,-46.002,-461.41
24.447,-87.345,-233.78
64.398,-48.42,-145.78
21.824,-83.486,-261.39
5.9069,-32.277,-278.99
-17.977,-72.142,-295.4
38.357,-57.511,-117.12
90.802,-73.24,-101.54
-20.413,-33.3,-418.29
60.455,-64.818,-38.457
31.039,-52.826,-147.3
-41.067,-46.244,-337.61
3.927,-33.825,-270.07
-141.34,-4.4802,-575.79
-110.98,-6.2047,-515.58
41.046,-65.02,-97.815
-1.209,-29.974,-298.41
-77.497,-47.793,-439.16
8.1151,-39.32,-340.95
88.077,-56.246,-83.271
55.249,-56.109,-210.21
83.176,-87.863,-109.42
-10.058,-38.884,-393.77
-74.936,-52.723,-479.62
62.892,-78.039,-184.1
-56.184,-46.016,-485.49
-54.217,-20.84,-396.3
53.487,-78.152,-209.3
-30.821,-29.552,-443.63
-105.82,0.61063,-518.89
71.301,-51.275,-58.922
-130.81,-27.69,-567.52
22.648,-47.932,-180.98
59.015,-97.035,-90.792
28.498,-57.815,-293.53
-8.5335,-30.959,-379.06
69.47,-51.883,-57.962
-15.4,-76.274,-318.84
-4.8336,-44.098,-381.67
38.052,-84.493,-115.85
33.259,-40.677,-247.3
-58.937,-59.876,-418.63
65.911,-57.816,-175.34
-64.398,-40.549,-508.14
12.868,-85.361,-242.17
52.39,-49.858,-207.33
86.935,-72.905,-114.42
40.131,-92.601,-172.19
56.784,-89.614,-171.19
-0.30126,-70.894,-229.33
-97.853,9.7227,-553.04
-16.942,-73.035,-294.87
-30.652,-40.909,-316.83
-124.85,12.838,-572.86
-44.417,-21.15,-473.16
-30.991,-69.938,-343.08
-42.81,-40.569,-469.01
63.023,-57.938,-47.121
32.42,-40.218,-200.9
11.36,-33.213,-304.6
74.575,-93.49,-114.91
37.269,-41.295,-230.66
48.278,-93.993,-157.31
-109.13,-37.531,-564.91
-58.455,-51.659,-386.64
-80.319,2.584,-520.27
64.051,-51.088,-73.965
52.065,-94.701,-147.81
-114.88,6.7527,-545.01
24.222,-38.537,-220.2
101.11,-80.216,-65.3
-116.83,-35.716,-571.55
-37.085,-68.476,-373.41
-89.055,-17.72,-462.12
-76.66,1.0526,-513.11
35.831,-91.581,-166.94
-28.003,-71.249,-364.34
-36.358,-55.592,-326.37
-46.68,-55.201,-356.01
-15.808,-23.309,-372.31
-50.293,-10.116,-459.53
62.531,-94.094,-47.874
92.751,-85.185,-86.339
-52.767,-44.061,-483.22
-44.666,-63.823,-370.55
-27.42,-22.781,-355.58
21.43,-86.933,-237.96
-80.873,-51.189,-472.93
-26.829,-66.258,-392.76
62.298,-96.539,-120.61
-64.899,-35.273,-398.29
71.388,-50.196,-124.11
37.874,-48.32,-257.35
-143.38,-8.9799,-579.72
95.955,-87.173,-73.377
-81.775,-21.609,-560.83
-60.573,-28.054,-395.2
-72.921,-0.54691,-499.04
-54.795,-51.304,-375.53
18.515,-81.131,-182.28
-90.426,-30.833,-565.65
-74.38,-28.286,-423.17
47.397,-43.436,-191.31
53.619,-94.796,-94.678
15.419,-83.852,-206.15
71.423,-51.233,-59.049
58.998,-54.874,-194.96
74.953,-86.019,-136.48
-105.98,-24.6,-494.36
-66.791,-7.7027,-451.22
12.911,-47.492,-334.97
-42.821,-12.719,-433.65
86.459,-54.618,-81.736
-66.251,-56.292,-428.53
87.129,-66.084,-110.64
14.127,-58.15,-184.56
62.477,-46.906,-119.9
-63.215,-25.955,-403.03
83.731,-51.534,-50.565
-44.119,-13.665,-413.28
-48.859,-10.314,-448.19
36.818,-84.642,-231.25
49.613,-72.674,-227.21
20.78,-65.214,-160.04
-118.25,-21.286,-522.83
51.766,-52.393,-95.805
-61.733,-10.923,-434.59
-33.418,-69.398,-375.98
-30.255,-18.733,-381.26
-48.225,-12.948,-417.33
7.5072,-81.665,-230.27
-85.984,-4.1683,-481.76
-88.336,-33.231,-453.66
-119.84,-9.2452,-529.12
60.009,-49.234,-173.01
-86.27,-3.7878,-483.16
59.655,-59.115,-53.14
11.808,-39.78,-231
-60.569,-55.973,-402.59
24.256,-66.101,-148.98
71.56,-91.998,-128
-43.285,-16.492,-461.12
49.051,-68.608,-69.299
-19.73,-21.901,-363.6
-2.9934,-32.547,-363.82
-6.0245,-76.154,-329.27
46.925,-85.9,-85.02
-34.846,-69.073,-376.27
-54.163,-30.535,-499.05
60.441,-86.516,-34.93
-64.767,-52.573,-408
24.298,-53.961,-162.63
59.4,-88.24,-170.25
-20.981,-22.364,-356.25
71.055,-63.342,-164.09
52.774,-51.044,-98.997
-62.359,-8.9077,-506.1
92.424,-82.374,-91.117
46.916,-45.064,-209.69
42.676,-90.962,-120.92
-56.426,-33.618,-380.72
-79.46,2.18,-514.61
-126.81,-4.7166,-546.23
-1.8667,-30.643,-353.03
50.467,-68.904,-228.19
-13.571,-47.105,-402.16
42.276,-93.335,-157.64
-87.831,-0.059987,-496.51
0.88785,-59.583,-359.73
-13.734,-29.558,-311.27
84.41,-52.826,-78.059
-84.804,3.0193,-547.76
79.462,-82.38,-130.36
58.887,-57.147,-199.08
-6.725,-55.003,-381.08
87.926,-61.227,-100.1
97.129,-97.091,-44.095
-100.39,-42.71,-511.08
101.2,-60.009,-43.03
-94.616,-24.055,-468.79
-26.399,-46.728,-430.28
-38.529,-32.145,-463.66
-11.048,-60.383,-255.6
72.52,-54.981,-33.873
4.6297,-44.869,-230.53
-6.0918,-30.268,-299.39
-53.522,-30.543,-378.04
74.924,-95.429,-105.38
-74.02,-28.888,-539.96
-26.106,-72.494,-347.68
44.839,-63.363,-88.25
-64.954,-9.8453,-516.52
18.024,-61.757,-318.47
68.924,-90.562,-139.58
77.931,-59.084,-133.48
-114.54,-35.286,-577.14
91.794,-75.23,-98.039
-32.085,-63.264,-409.16
2.1344,-30.822,-291.41
-62.945,-8.2394,-446.57
8.918,-81.852,-224.81
5.1737,-37.839,-250.19
77.537,-51.024,-97.858
25.92,-82.933,-158.68
-93.394,-45.836,-497.79
-120.55,-34.165,-555.87
75.716,-51.725,-48.004
24.527,-37.13,-263.81
-42.755,-35.185,-350.08
-52.968,-12.59,-420.98
101.81,-71.523,-63.08
-26.354,-36.679,-313.82
31.913,-45.672,-272.74
-29.269,-62.486,-408.01
-120.28,9.3997,-558.29
89.598,-68.466,-103.98
-96.015,-38.733,-553.79
76.345,-54.172,-124.85
-11.477,-54.561,-257.86
-104.63,-24.339,-491.21
-55.363,-56.639,-385.97
3.1281,-48.537,-226.76
44.569,-47.359,-230.01
-37.008,-68.073,-361.95
-83.706,1.0099,-551.81
44.998,-64.078,-86.798
-108.51,-34.244,-509.43
3.5166,-30.178,-300.93
37.003,-44.413,-164.6
-8.6509,-63.288,-373.03
-43.846,-22.625,-473.1
-64.735,-9.5036,-515.19
39.844,-42.358,-225.89
-45.682,-11.948,-448.35
-59.389,-6.0488,-472.11
-43.262,-45.947,-343.16
-87.978,1.4709,-565.36
70.954,-54.931,-149.78
-31.857,-42.571,-444.98
54.427,-91.963,-73.538
70.481,-48.905,-87.816
36.572,-54.398,-269.27
70.451,-97.912,-97.871
-74.809,-51.787,-486.54
-74.288,-25.457,-425.37
-101.21,-40.567,-548.52
20.178,-46.895,-313.21
-18.236,-67.637,-377.62
-74.555,-47.55,-505.21
-88.556,-2.2498,-490.15
-109.04,-33.069,-508.9
-73.103,-0.70184,-511.66
49.595,-46.715,-206.59
53.189,-73.184,-216.92
-28.952,-63.104,-405.77
-65.806,-10.355,-440.57
62.074,-52.317,-71.506
31.881,-40.06,-249.71
-73.407,-29.006,-538.7
-0.13513,-29.925,-341.15
-13.137,-75.539,-336.09
23.621,-84.327,-254.72
81.552,-51.366,-48.411
-59.008,-58.744,-408.32
58.125,-92.595,-60.345
-9.5761,-51.827,-390.13
34.866,-55.287,-131.44
-47.729,-14.596,-408.51
-88.599,-33.096,-454.27
63.423,-86.59,-165.47
90.234,-95.462,-67.991
76.739,-83.034,-137.23
101.58,-90.53,-50.119
22.119,-38.757,-220.51
-101.11,-1.6105,-507.58
-45.466,-64.019,-375.47
7.1307,-80.589,-226.38
48.999,-46.751,-209.37
-27.437,-51.973,-426.38
51.439,-47.963,-117.8
-91.798,6.5492,-559.8
71.824,-52.854,-138.51
56.776,-80.791,-41.884
75.214,-100.73,-54.432
-18.518,-29.392,-408.35
96.831,-73.893,-81.219
22.133,-54.022,-168.29
3.0539,-43.39,-360.4
-9.0535,-58.61,-249.86
-27.674,-53.927,-301.73
-105.04,-26.556,-492.53
-16.799,-36.428,-410.49
-97.904,-23.278,-589.4
-70.51,-3.1374,-475.63
82.653,-54.446,-98.371
21.673,-43.18,-198.98
45.196,-52.205,-238.94
24.487,-44.064,-189.87
61.383,-76.668,-190.13
22.383,-57.2,-310.12
-74.283,-47.788,-504.15
15.436,-33.998,-268.86
4.0199,-58.333,-212.97
-84.92,-31.456,-555.87
-112.5,-31.64,-516.82
56.917,-84.739,-45.359
-69.641,-25.816,-415.73
-1.4079,-57.613,-366.91
42.695,-80.563,-91.931
25.182,-23.333,-324.98
-61.065,-41.05,-455.88
53.247,-30.569,-229.19
31.126,-74.943,-263.5
100.65,-91.181,-54.864
54.349,-59.14,-267.57
-29.669,-54.184,-417.29
-57.618,9.758,-518.13
-109.33,-6.3216,-544.99
-20.43,-9.1373,-385.62
53.951,-61.445,-111.07
-36.752,-10.732,-501.75
29.132,-23.074,-296.31
-37.352,-15.864,-504.71
31.029,-26.391,-314.82
-62.366,-42.116,-477.6
17.026,-66.052,-328.42
95.436,-88.669,-84.138
60.005,-82.063,-186.32
35.981,-52.934,-170.66
5.777,-39.076,-265.8
79.947,-43.61,-68.091
-0.10266,-38.509,-280.99
73.208,-86.526,-128.53
20.385,-20.228,-322.66
36.062,-53.77,-318.33
107.94,-43.405,-44.825
93.303,-80.348,-126.1
51.553,-80.345,-207.65
-2.7975,-47.981,-407.47
30.877,-50.516,-187.34
-53.537,-23.76,-532.73
-41.01,0.41728,-443.41
-85.641,21.513,-581.14
-62.129,-14.752,-440.14
4.0347,-32.901,-406.11
47.025,-52.642,-137.87
-21.325,-49.46,-339.82
16.492,-67.417,-322.99
27.217,-53.215,-196.73
38.503,-74.147,-263.58
-91.156,3.0447,-514.15
68.479,-38.326,-120.63
-13.367,-44.117,-313.11
47.501,-68.431,-136.54
-55.763,-12.483,-430.15
-73.777,9.9057,-580.88
-115.29,21.588,-583.72
-10.654,-20.191,-439.54
-69.609,14.325,-525.55
32.313,-75.984,-228.07
78.45,-36.773,-131.74
77.409,-78.742,-170.8
81.616,-88.531,-77.867
-22.656,-51.571,-347.73
-24.814,-27.395,-349.81
-90.738,22.713,-569.57
-46.97,-41.203,-487.97
36.578,-32.183,-311.78
102.1,-88.887,-69.261
98.435,-44.891,-108.98
-42.127,-46.678,-402.87
-31.545,-0.66937,-450.35
98.378,-58.054,-135.84
61.876,-45.573,-247.88
18.876,-50.669,-222.08
51.16,-35.851,-167.6
-29.349,-52.062,-372.92
-88.84,-28.834,-563.45
-37.367,-13.773,-394.94
-15.017,-10.346,-435.66
60.383,-82.011,-186.43
2.5365,-57.175,-378.44
-25.506,-18.076,-476.79
-0.30442,-51.705,-396.09
67.73,-83.266,-168.08
-111.87,17.75,-570.97
-117.15,20.082,-583.28
-26.307,-3.6952,-419.81
-49.761,-42.716,-484.92
-38.938,-41.475,-477.81
18.643,-50.447,-361.42
25.075,-21.664,-301.25
-34.542,-37.279,-368.31
-23.885,-49.814,-348.42
69.911,-59.419,-60.286
76.537,-51.125,-52.831
-14.491,-60.758,-360.83
95.404,-84.263,-107.19
-15.136,-36.836,-446.12
75.728,-67.231,-37.714
97.152,-42.389,-41.227
-10.785,-61.996,-360.76
-19.407,-40.143,-449.94
61.752,-74.398,-220.37
-102.23,16.263,-554.22
-65.66,-7.0611,-455.6
28.349,-22.739,-293.74
-64.195,-19.831,-556.37
9.2787,-55.83,-251.87
68.743,-58.025,-229.14
-96.646,6.4448,-528.19
29.814,-64.751,-312.28
65.971,-65.064,-70.835
71.786,-50.617,-219.77
87.756,-40.822,-134.71
-53.866,-35.038,-418.81
69.829,-81.925,-173.31
-60.316,3.4726,-469.94
-91.895,-19.814,-598.39
-24.029,-4.025,-441.14
9.0297,-68.551,-316.24
97.251,-40.963,-73.102
105.71,-55.753,-108.26
-5.3735,-12.111,-363.68
-56.061,-25.519,-421.24
35.337,-77.166,-229.36
35.407,-38.469,-194.13
29.887,-51.636,-189.5
64.617,-78.892,-93.672
27.372,-27.068,-331.65
1.3261,-13.985,-380.92
-28.368,-7.3533,-473.74
34.026,-32.085,-217.09
44.514,-29.034,-267.04
11.784,-69.857,-290.88
-72.792,6.1625,-582.69
-8.9732,-62.598,-357.43
95.405,-57.496,-145.64
31.629,-74.759,-265.33
12.392,-63.245,-251.85
-72.299,-12.323,-579.29
60.581,-56.182,-92.842
-87.06,-29.559,-559.51
101.48,-50.228,-114.5
-48.935,6.354,-487.91
92.351,-91.002,-52.787
-34.416,-51.716,-433.75
45.542,-33.792,-187.98
-7.621,-19.597,-430.53
-43.021,0.40883,-444.06
29.24,-23.854,-271.63
-69.286,-9.8715,-458.94
30.23,-39.294,-338.76
86.411,-57.054,-175.21
111.8,-80.963,-73.286
40.314,-46.539,-165.1
9.1336,-45.094,-251.94
39.173,-60.089,-302.86
33.679,-24.451,-278.04
63.115,-33.883,-163.52
21.44,-57.757,-344.19
83.069,-75.966,-164.77
-9.8713,-61.758,-337.52
-43.476,-34.125,-390.67
-112.68,23.045,-583.81
63.296,-74.392,-87.883
-56.982,-17.232,-545.72
-40.364,-25.128,-385.81
28.939,-28.144,-328.98
-25.086,-27.317,-350.49
70.201,-78.954,-186.25
-29.09,-46.841,-450.72
-93.911,-22.557,-517.36
-65.217,-1.1494,-567.92
-34.31,-0.21293,-468.81
52.888,-64.982,-115.13
-63.241,-3.4485,-563.78
-17.375,-49.281,-428.54
1.1406,-61.551,-365.32
-36.996,-49.889,-394.84
5.6193,-64.151,-349.22
56.444,-82.353,-183.67
-54.847,-2.8888,-543.04
75.77,-42.704,-82.212
26.961,-29.307,-338.51
97.491,-81.85,-110.48
8.2999,-29.822,-275.6
-54.986,-31.072,-419.24
116.13,-70.797,-75.348
79.915,-42.458,-177.23
-17.775,-46.265,-436.18
4.0207,-66.557,-300.55
37.007,-36.662,-317.31
58.129,-82.649,-145.68
-47.922,-47.689,-436.02
64.752,-35.936,-142.85
79.505,-63.897,-194.03
98.068,-73.02,-128.85
4.5921,-38.611,-402.93
83.22,-38.17,-105.57
-117.39,2.3756,-564.07
-99.651,-22.664,-596.24
-4.2582,-29.014,-426.46
-53.09,3.7283,-464.53
112.27,-78.161,-77.858
79.187,-39.666,-168.26
-5.0074,-57.803,-301.03
71.576,-43.118,-90.677
52.592,-78.842,-218.31
-89.775,-22.554,-588.48
75.728,-79.451,-172.19
78.243,-43.315,-186.42
-35.895,0.33193,-445.16
99.113,-41.678,-50.358
-97.327,-27.298,-566.41
-8.746,-55.336,-399.57
-78.051,-20.717,-577.5
-76.539,11.87,-585.78
31.589,-24.064,-293.86
-40.888,-36.393,-384.66
-10.751,-62.088,-358.3
-29.219,-24.524,-362.52
4.7287,-19.352,-315.46
-54.316,-39.507,-426.37
62.21,-32.749,-184.32
19.818,-20.153,-326.64
-21.353,-44.7,-335.42
-39.283,2.0056,-478.46
34.663,-76.928,-228.08
-93.566,-12.991,-509.05
-99.631,-14.189,-524.14
65.567,-79.828,-92.968
17.488,-71.763,-281.92
-47.089,3.7636,-506.5
-70.241,-35.275,-469.35
34.786,-66.767,-179.16
-51.244,-43.36,-482.83
-70.441,-12.497,-575.6
-69.061,13.801,-551.64
89.273,-59.907,-166.2
-13.176,-20.058,-446.22
35.35,-54.697,-171.67
69.834,-41.84,-100.13
-84.984,-32.683,-524.77
-28.21,-28.344,-356.31
-42.522,-40.434,-485.09
-36.466,0.57063,-446.63
25.528,-57.545,-201.93
81.231,-88.567,-95.106
16.04,-19.602,-307.84
-5.7209,-31.514,-302.63
-101.79,-25.062,-555.21
58.317,-32.178,-216.85
56.104,-32.09,-185.57
-38.722,-22.077,-385.1
11.199,-36.997,-255.3
98.238,-64.973,-136.29
59.303,-75.263,-222.77
96.043,-62.197,-144.2
45.662,-41.801,-295.45
9.2296,-16.635,-333.64
65.857,-82.897,-106.41
61.889,-50.995,-250.55
-23.499,-12.411,-376.7
88.726,-40.154,-74.883
11.162,-24.343,-380.72
-64.721,6.0913,-482.81
70.87,-86.151,-113.57
1.0795,-46.411,-273.45
-64.39,-12.873,-563.53
-19.345,-51.068,-426.16
-18.795,-51.669,-335.23
38.634,-58.228,-306.9
49.778,-80.552,-172.03
-26.394,-55.256,-411.06
47.262,-80.306,-204.45
-67.16,-11.995,-569.63
-112.45,-20.971,-583.24
-15.865,-16.402,-450.4
36.997,-39.239,-319.5
45.634,-72.723,-151.04
107.93,-70.71,-101.6
-47.996,-47.299,-457.52
89.925,-89.993,-43.578
81.546,-49.503,-186.22
15.177,-30.613,-376.16
-1.0151,-51.627,-397.47
52.068,-43.862,-138.59
1.2818,-38.312,-277.76
-49.186,-24.469,-405.8
10.365,-42.535,-250.59
51.73,-33.774,-177.19
-13.679,-48.265,-315.65
76.954,-37.619,-164.8
20.778,-69.078,-237.13
119.59,-73.761,-61.627
-43.075,-47.881,-457.01
56.203,-82.776,-166.95
80.141,-78.614,-164.69
-32.479,-51.494,-435.34
47.687,-63.631,-277.52
-74.837,-35.589,-525.86
90.097,-64.479,-161.97
5.2655,-62.885,-355.37
43.784,-44.91,-158.44
-107.68,-10.169,-542.14
66.05,-54.206,-238.18
15.021,-27.883,-267.63
-54.932,8.7099,-510.76
-112.17,-14.237,-557.86
110.19,-47.629,-70.265
-28.578,-54.065,-419.17
36.869,-57.389,-166.32
92.123,-41.13,-114.56
77.027,-85.724,-71.55
16.032,-25.3,-274.96
-111.3,20.977,-576.98
29.011,-48.707,-194.17
-35.298,-19.862,-499.49
29.043,-70.244,-294.87
10.943,-66.924,-330.3
45.154,-63.075,-284.3
53.261,-81.337,-159.79
-51.025,-46.703,-450.9
27.536,-60.249,-196.82
60.151,-38.564,-242.3
9.1115,-19.4,-375.46
-37.368,1.6001,-467.85
86.383,-80.178,-144.31
88.726,-81.189,-135.1
60.656,-79.613,-201.74
32.02,-56.473,-181.52
-11.658,-61.577,-347.91
25.382,-69.023,-218.61
-73.301,-4.9713,-472.12
50.534,-61.361,-274.4
56.438,-37.46,-149.44
45.048,-72.065,-151.7
8.0403,-65.024,-273.29
27.343,-55.276,-195.99
-73.105,-33.109,-473.36
13.091,-22.135,-292.79
-53.067,2.9314,-530.59
-62.915,-41.803,-474.24
-74.052,-12.549,-466.25
91.083,-40.724,-116.33
57.915,-81.739,-190.87
-120.97,13.592,-579.72
46.101,-55.751,-291.87
-104.14,-23.566,-556.9
112.84,-58.459,-85.552
32.798,-58.013,-320.26
-59.309,-1.4695,-455.47
74.861,-87.167,-104.58
26.288,-74.182,-245.11
85.67,-74.533,-161.17
55.518,-39.372,-143.66
40.739,-60.234,-299.09
-66.389,-36.749,-519.53
-89.329,-26.799,-511.77
92.501,-67.883,-151.89
-10.706,-62.004,-361.07
-0.74105,-58.798,-288.41
21.414,-57.652,-344.44
-70.133,-16.208,-455.9
9.5469,-68.596,-287.65
26.915,-64.491,-203.26
84.946,-89.374,-82.676
-6.8628,-35.226,-300.66
12.845,-34.466,-255.84
26.679,-30.477,-341.51
-60.455,14.194,-599.79
111.77,-73.479,-116.44
-28.183,-0.098403,-419.9
-104.47,-0.84853,-583.59
-27.981,12.543,-506.26
32.784,-51.102,-351.38
-57.695,-15.946,-566.49
79.377,-69.273,-205.36
1.4603,-15.887,-457.68
74.466,-47.361,-105.6
-65.533,-11.122,-587.78
62.112,-22.739,-285.59
89.766,-29.918,-200.36
135.97,-50.618,-69.26
46.897,-28.632,-343.43
85.575,-32.679,-104.45
-20.868,-2.0268,-509.26
0.134,-20.65,-332.98
-48.389,19.796,-503.08
-97.228,13.628,-562.41
-20.764,3.3532,-504.6
23.558,-31.967,-400.49
88.338,-25.686,-177.99
96.697,-36.219,-191.19
81.708,-25.015,-156.43
98.22,-29.542,-160.44
59.663,-21.545,-291.09
-46.027,-2.0723,-565.62
45.611,-45.547,-196.05
18.574,-8.8569,-404.54
112.88,-64.546,-136.93
-41.951,-21.963,-531.9
-51.59,-13.021,-455.15
120.99,-76.954,-79.477
137.92,-45.03,-53.686
-40.902,-25.305,-522.22
71.996,-72.558,-168.62
-32.806,-15.386,-411.01
42.828,-37.81,-208.08
-57.071,-25.272,-533.88
48.993,-19.093,-238.51
-68.363,9.8329,-504.29
-48.075,-4.4508,-568
25.065,-52.766,-269.76
-23.799,12.388,-486.03
11.85,-27.796,-429.11
-79.916,-8.3158,-524.16
-78.378,20.526,-537.43
51.868,-29.511,-197.36
-59.777,4.2835,-482.02
-17.22,8.1544,-435.28
55.253,-19.723,-226.11
-56.823,17.14,-500.7
102,-79.529,-72.739
28.817,-56.31,-266.12
-40.966,-15.396,-542.61
23.191,-34.299,-399.16
45.318,-32.667,-207.76
73.854,-41.102,-114.86
59.616,-51.768,-152.13
41.911,-33.076,-216.06
92.862,-55.087,-41.452
-42.224,-29.38,-509.73
50.599,-66.766,-246.77
1.4559,-42.618,-330.01
89.673,-59.653,-52.644
20.503,-47.627,-380.46
-74.127,17.864,-526.11
60.031,-64.894,-258.58
96.374,-45.992,-201.41
97.724,-36.134,-60.409
-67.608,-19.716,-507.08
25.609,-57.393,-333.64
-47.649,21.537,-513.94
135.33,-51.124,-71.931
5.9143,-4.7519,-357.89
38.112,-48.64,-347.58
78.26,-71.457,-121.92
-24.551,-23.087,-389.75
94.543,-76.743,-132
54.076,-36.23,-324.63
93.638,-26.671,-136.01
-22.726,6.2727,-505.85
61.356,-56.8,-149.42
135.68,-48.481,-68.055
29.435,-12.703,-296.01
-2.2146,-47.367,-357
119.76,-32.386,-62.211
-12.455,-45.351,-400.33
87.117,-24.951,-163.95
94.235,-26.987,-129.58
-12.468,-26.41,-477.81
-58.87,26.871,-545.99
-35.052,-26.625,-511.7
-25.528,11.144,-502.26
-4.8347,-39.402,-345.07
-69.649,28.519,-551.06
104.07,-29.105,-99.545
32.769,-17.58,-375.1
-68.791,-20.396,-560.44
-32.801,-23.644,-515.43
22.585,-48.854,-373.85
-50.038,-18.499,-453.19
-36.132,-32.972,-434.85
52.732,-41.52,-176.48
19.328,-23.538,-414.31
97.074,-77.582,-74.055
75.084,-71.066,-201.82
-89.25,-14.101,-579.43
72.933,-64.128,-238.25
34.64,-56.375,-243.82
3.2845,-11.167,-342.55
40.577,-63.586,-256.99
62.639,-19.155,-225.18
51.215,-54.5,-309.09
-79.91,-15.275,-588.33
19.045,-20.077,-292.62
-36.696,-35.768,-467.09
18.111,-30.328,-280.54
-6.6418,-13.808,-356.45
99.902,-29.566,-152.09
49.717,-65.079,-217.84
-87.044,21.118,-551.91
25.13,-53.904,-352.98
-6.6341,-5.8209,-372.2
43.623,-55.406,-320.81
-42.489,-28.29,-444.12
-22.425,12.26,-471.71
109.57,-37.548,-145.71
9.7702,-0.43641,-397.53
32.401,-55.613,-250.13
3.4173,-47.622,-400.65
-42.556,-12.346,-434.26
9.176,-11.384,-436.7
35.594,-32.113,-372.67
3.7256,-31.326,-317.04
124.37,-43.169,-101.74
89.017,-73.847,-163.09
14.733,-53.497,-313.23
78.692,-74.136,-145.54
-78.948,-17.453,-574.65
50.475,-33.281,-334.53
130.32,-41.397,-74.331
37.826,-50.097,-344.97
-45.839,18.983,-498.4
-6.5127,-20.645,-347.99
15.92,-49.061,-293.69
90.657,-77.138,-115.88
57.233,-50.309,-159.59
-11.168,-37.425,-452.72
-1.131,-25.21,-458.1
-55.806,26.013,-546.91
7.825,-52.177,-370.24
132.21,-71.82,-65.709
-52.806,-28.725,-511.52
-94.356,21.909,-565.21
60.217,-28.218,-303.44
-5.0046,-38.254,-344.15
-51.059,18.672,-569.47
106.74,-30.154,-80.988
-77.549,26.397,-549.79
126.8,-67.244,-91.143
-47.574,-12.456,-557.93
39.422,-62.714,-289.31
40.625,-24.664,-359.01
-35.245,-4.0468,-425.91
-44.265,4.3228,-454.69
-38.36,-3.2675,-549.16
-26.379,13.793,-486.25
83.4,-73.154,-108.09
108.96,-50.939,-161.42
-103.13,14.681,-575.09
58.673,-17.243,-264.25
98.501,-38.817,-49.263
24.962,-16.345,-289.96
-63.676,13.866,-502.8
14.629,-14.985,-312.72
50.712,-66.691,-249.2
57.041,-42.051,-314.32
-12.183,8.1162,-450.88
-99.201,-4.248,-573.65
-34.097,14.464,-472.61
75.449,-38.926,-114.11
69.724,-60.588,-255.52
90.459,-38.133,-73.569
57.127,-68.728,-219.1
-56.662,-12.258,-572.66
-29.38,14.373,-474.67
-54.818,-19.426,-466.98
-13.468,-41.483,-440.04
53.167,-65.274,-264.7
-89.231,-12.682,-564.33
30.147,-46.899,-244.37
-5.8788,-37.552,-445.44
-89.18,-2.4066,-543.64
-43.307,-0.13961,-560.81
61.943,-18.444,-259.39
54.438,-53.536,-304.68
105.91,-70.548,-141.31
108.36,-72.335,-129.11
-3.0678,-0.284,-456.78
-86.579,-7.7676,-542
59.496,-58.02,-157.37
-36.248,-35.529,-449.36
82.48,-35.577,-239.81
28.48,-40.752,-380.26
27.56,-10.817,-307.28
13.915,-2.0476,-376.64
32.978,-61.43,-283.24
-58.561,-25.707,-495.68
85.531,-53.049,-229.97
29.192,-57.486,-331.59
110.51,-51.791,-156.36
126.92,-63.355,-96.595
98.552,-28.027,-142.34
39.593,-49.648,-216.22
20.425,-13.494,-406.86
128.31,-59.805,-95.632
137.07,-69.836,-55.575
26.199,-32.841,-257.56
-101.47,27.938,-586.07
56.107,-65.887,-192.37
60.676,-29.194,-176.82
-8.6828,-38.362,-355.52
-15.872,-27.796,-481.34
51.654,-29.812,-330.5
107.49,-32.085,-59.535
60.755,-46.93,-148.86
9.5414,-32.896,-301.36
110.3,-33.56,-128.04
-73.122,-7.3177,-506.01
-2.394,-22.565,-336.86
7.8075,-45.806,-314.78
-73.25,33.33,-591.56
93.58,-61.465,-195.98
8.0179,-52.479,-341.1
-91.941,-8.8287,-560.56
46.738,-61.758,-213.88
-18.511,-22.014,-375.16
-107.87,0.45401,-591.54
7.3887,-3.727,-429.87
105.47,-32.584,-144.66
-12.67,-30.088,-472.01
-46.15,21.631,-517.75
61.756,-23.457,-289.13
44.12,-60.507,-301.21
67.793,-23.418,-185.95
55.923,-22.366,-307.5
67.389,-45.933,-284.96
-69.147,30.445,-562.48
32.089,-19.406,-267.59
68.617,-55.544,-123.51
106.36,-35.462,-41.528
-48.012,10.84,-570.51
-52.211,-29.382,-491.04
85.775,-70.51,-85.304
-80.285,15.114,-531.97
-42.936,4.4479,-560.49
-70.363,-20.986,-523.88
35.165,-12.817,-355.85
21.084,-4.9781,-352.14
107.27,-65.557,-150.76
-5.2957,-24.489,-467.01
-27.765,-37.141,-418.04
47.967,-54.227,-192.69
-9.0002,-20.184,-354.03
13.038,-32.243,-292.38
47.5,-22.969,-336.81
1.6392,-50.256,-381.59
18.334,-36.008,-407.09
14.854,-54.883,-323.24
-33.654,-6.1074,-538.03
79.099,-57.717,-240.06
16.098,-5.5777,-403.54
32.128,-9.5064,-314.5
109.65,-32.898,-49.416
85.66,-66.617,-75.334
-44.798,-24.704,-444.89
22.675,-53,-359.49
-54.637,-15.725,-562.88
-25.237,-35.139,-402.57
53.721,-16.2,-256.34
94.377,-46.352,-207.69
-9.5157,-32.437,-462.45
23.622,-45.518,-263.74
58.328,-23.855,-200.62
-42.351,-5.4624,-556.05
11.458,-52.872,-325.07
87.522,-76.357,-133.99
14.984,-46.005,-393.19
116.83,-81.63,-56.916
-80.471,-2.5901,-522.31
-107.97,18.128,-586.94
93.234,-51.704,-209.33
86.293,-68.734,-77.798
76.197,-69.585,-121.9
-82.899,-16.563,-574.92
-0.51733,-49.3,-388.93
28.055,-25.002,-263.35
-54.486,25.338,-553.22
63.464,-18.591,-246.88
92.887,-42.657,-55.679
-96.17,8.2507,-558.02
69.495,-34.763,-280.52
23.267,-11.998,-307.35
-97.518,32.387,-589.24
131.09,-73.628,-64.246
26.85,-46.268,-254.25
96.106,-78.253,-107.78
15.841,-47.406,-290.87
20.631,-7.7485,-393.93
125.43,-76.533,-70.004
80.752,-52.599,-243.38
-13.718,-23.477,-363.13
-97.237,-3.9962,-567.29
99.476,-75.713,-133.07
85.969,-25.913,-195.13
29.224,-9.2236,-364.53
-78.745,-18.218,-566.8
-32.88,-36.706,-466.92
76.266,-56.765,-97.906
83.071,-74.189,-167.3
-40.018,14.285,-543.86
34.873,-57.948,-324.12
-27.452,-4.5358,-525.12
78.515,-26.978,-235.33
100.29,-34.934,-58.74
-54.031,-24.603,-473.67
88.893,-26.7,-186.2
3.1585,-46.828,-333.45
9.982,-47.452,-310.76
88.113,-69.75,-73.385
47.891,-15.413,-262.72
-37.546,-35.42,-469.22
74.537,-40.072,-114.59
71.135,-37.459,-129.24
96.647,-78.443,-93.796
16.797,-4.9044,-349.11
76.333,-28.496,-143.4
-62.44,26.624,-540.48
-1.5271,-26.074,-457.98
30.918,-53.785,-346.05
-78.825,26.987,-552.85
-13.688,-39.422,-448.87
55.084,-16.38,-256.11
-98.5,28.694,-582.8
-61.734,-18.03,-565.66
46.423,-23.023,-340.26
22.744,-41.168,-264.27
92.729,-27.594,-120.81
-70.744,18.17,-521.63
-39.138,-21.956,-426.66
15.934,-14.268,-420.45
61.549,-24.075,-291.53
-28.779,5.1071,-433.01
140.44,-54.007,-55.655
17.089,-27.465,-285.83
74.256,-73.095,-160.71
-45.363,17.807,-492.62
83.501,-28.006,-131.36
101.8,-34.984,-54.807
68.634,-48.494,-123.34
-27.368,-135.32,-109.07
6.9647,-125.31,-111.71
-194.49,-57.122,-547.52
-180.66,-20.204,-559.68
-8.1149,-128.8,-17.789
-106.59,-110.01,-322.33
-138.33,-80.694,-499.72
-87.781,-75.983,-279.99
-81.96,-70.348,-298.28
-62.072,-108.16,-168.98
-31.772,-131.94,-183.86
-101.79,-70.096,-320.23
-126.68,-48.573,-489.46
-55.974,-83.174,-199.91
-85.732,-113.22,-340.53
15.742,-112.41,-94.703
-17.015,-115.75,-188.34
-180.32,-38.745,-515.55
-13.09,-96.063,-53.844
-126.66,-75.137,-359.46
-79.866,-111.12,-224.27
2.8696,-137.13,-88.162
10.889,-97.743,-88.871
-166.72,-79.086,-496.3
-15.694,-138.36,-105.8
-83.452,-91.47,-238.44
-33.217,-102.9,-91.548
-156.12,-85.413,-470.84
-90.758,-91.733,-256.46
-11.191,-134.98,-129.33
-127.42,-51.655,-411.57
-115.2,-107.39,-360.77
-25.111,-120.27,-203.76
-21.88,-107.35,-205.95
-64.441,-83.983,-211.99
-50.327,-93.945,-287.03
-179.04,-44.253,-505.95
-62.94,-125.58,-199.04
-120.27,-71.522,-480.28
-24.677,-94.395,-88.415
-29.632,-109.94,-74.418
-2.4358,-123.84,-139.35
-109.14,-71.087,-329.97
-125.39,-102.18,-385.25
-65.848,-85.571,-329.55
15.908,-116.52,-94.183
-26.757,-85.878,-148.25
-4.4471,-123.6,-145.07
-101.36,-110.25,-298.84
-123.73,-47.896,-471.88
-50.362,-112.12,-277.55
-54.751,-86.503,-293.51
-144.87,-34.905,-498.52
-157.35,-69.487,-438.99
-64.424,-125.84,-207.11
2.3051,-103.91,-130.16
-67.928,-126.44,-234.88
-52.324,-80.645,-263.95
-97.229,-99.729,-270.9
-19.838,-89.59,-100.38
14.351,-130.86,-81.18
-92.585,-91.4,-399.45
3.9115,-94.004,-21.982
-26.909,-87.161,-130.88
-105.74,-73.6,-318.13
-53.608,-78.953,-254.93
-192.31,-24.727,-560.3
-161.19,-33.363,-501.08
-19.584,-93.392,-79.841
-59.202,-78.155,-283.43
-149.2,-71.504,-416.86
-63.161,-99.007,-322.59
24.811,-112.71,-67.345
-18.232,-116.28,-191.14
-1.4754,-138.9,-85.532
-84.416,-97.439,-374.23
-155.59,-84.435,-455.08
-21.749,-132.92,-160.62
-137.55,-91.857,-462.18
-108.9,-57.019,-381.2
-32.662,-131.97,-185.19
-102.01,-86.895,-425.06
-153.48,-31.909,-505.84
17.806,-94.067,-44.934
-196.72,-47.459,-546.82
-35.178,-84.571,-164.85
-23.537,-127.67,-65.477
-51.671,-116.82,-272.02
-76.489,-89.528,-361.73
16.125,-93.234,-43.874
-100.83,-108.87,-292.74
-81.76,-102.38,-361.22
-36.015,-109.9,-92.918
-31.423,-97.906,-230.96
-138.96,-88.305,-393.96
-6.1044,-117.59,-156.74
-143.85,-86.87,-485.55
-73.53,-118.8,-215.82
-16.372,-109.19,-189.81
9.7511,-130.65,-93.819
-46.83,-127.95,-145.84
-31.744,-135.66,-145.44
-73.572,-97.219,-206.77
-146.36,-36.174,-541.1
-96.872,-100.95,-270.17
-91.504,-71.985,-299.06
-168.53,-20.968,-561.32
-111.73,-77.646,-455.84
-112.65,-98.997,-317.91
-121.5,-92.773,-447.31
8.8783,-91.911,-31.979
-25.54,-88.355,-185.93
-52.035,-89.497,-288.61
-12.378,-138.99,-89.638
-26.372,-97.72,-214.6
-39.207,-131.22,-130.99
-185.1,-67.798,-541.83
-129.35,-76.296,-364.72
-132.33,-46.255,-507.43
10.15,-92.302,-59.671
-35.351,-132.3,-121.55
-160.51,-26.532,-532.74
-33.629,-85.659,-205.17
23.24,-135.74,-44.225
-191,-62.935,-548.77
-120.7,-99.821,-347.8
-143.49,-45.622,-446.23
-129.38,-48.331,-500.08
-48.912,-123.55,-141.01
-113.95,-105.81,-338.27
-106.07,-81.56,-305
-118.01,-80.491,-334.01
-76.762,-77.934,-356.99
-107.95,-63.02,-445.17
-13.198,-119.53,-24.371
10.817,-138.38,-63.615
-133.37,-92.022,-460.4
-123.53,-91.072,-346.16
-83.368,-67.29,-340.93
-67.13,-124.46,-211.3
-158.46,-78.369,-448.96
-113.88,-108.02,-367.06
-24.676,-134.88,-94.575
-126.24,-61.945,-379.89
9.704,-105.5,-108.61
-33.696,-108.49,-238.94
-197.14,-27.671,-563.1
13.917,-139.44,-50.519
-153.41,-71.546,-541.32
-118.09,-58.466,-378.52
-125.47,-49.214,-486
-124.74,-76.186,-353.97
-58.442,-107.79,-158.49
-166.4,-74.24,-543.95
-132.93,-55.431,-405.79
-14.319,-98.197,-175.74
-26.993,-123.38,-69.817
-65.742,-112.46,-181.1
17.91,-94.133,-45.067
-12.468,-114.77,-176.56
-10.535,-137.52,-112.34
-165.34,-46.589,-476.15
-118.43,-49.512,-437.77
-63.439,-107.1,-314.85
-100.1,-64.747,-419.33
24.711,-110.18,-66.24
-143.94,-82.927,-404.47
14.487,-124.82,-91.713
-48.5,-87.877,-166.04
5.1905,-96.726,-105.34
-119.98,-56.703,-386.64
28.611,-100.31,-36.646
-98.933,-60.866,-399.3
-105.4,-61.926,-434.07
-52.686,-130.86,-205.17
-34.877,-128.74,-203.91
-44.141,-92.787,-140.5
-176.92,-41.858,-504.71
-3.2976,-89.875,-80.715
-114.11,-51.969,-420.81
-118.7,-103.25,-350.06
-86.665,-67.252,-366.87
-102.3,-58.561,-403.44
-73.955,-110.45,-205.14
-135.63,-40.767,-468.45
-151.04,-56.398,-434.42
-171.84,-32.811,-513.63
-5.3332,-106.95,-156.49
-135.82,-40.561,-469.9
4.6977,-91.88,-37.591
-45.648,-81.037,-215.48
-135.75,-81.304,-379.26
-40.425,-93.525,-129.5
-15.642,-138.45,-102.75
-106.43,-72.505,-445.19
-11.54,-95.709,-51.204
-77.845,-72.822,-348.87
-70.996,-91.286,-346.5
-94.753,-116.47,-302.84
-25.669,-110.64,-62.527
-119.67,-102.19,-350.43
-128.54,-83.739,-478.94
-8.576,-110.01,-13.542
-137.77,-77.135,-385.34
-34.991,-86.778,-145.59
-28.727,-136.03,-144.82
-78.117,-71.036,-341.62
-3.8138,-122.88,-144.47
-2.1259,-90.053,-84.124
-123.07,-63.424,-490.85
11.59,-136.92,-68.915
-18.157,-102.6,-193.25
-36.906,-118.65,-96.32
-116.17,-62.57,-363.12
-131.12,-46.032,-501.82
-176.96,-28.272,-531.37
-67.509,-88.494,-336.43
-32.083,-126.55,-205.72
-93.235,-103.17,-380.52
-43.604,-127.1,-131.5
-136.63,-39.242,-483.77
-83.512,-113.67,-336.24
-70.598,-72.577,-296.14
24.658,-106.87,-63.093
-139.33,-48.322,-534.31
-3.9703,-136.34,-107.2
-14.469,-117.22,-180.05
-89.685,-109.49,-358.14
19.443,-119.6,-82.573
12.884,-142.3,-19.73
-173.99,-67.054,-488.2
38.381,-116.1,-27.221
-152.57,-48.335,-451.31
-106.96,-100.3,-408.07
-112.36,-87.919,-444.01
-79.347,-87.484,-234.84
19.944,-92.971,-19.697
-54.299,-80.467,-213.91
-63.373,-75.577,-284.36
-111.68,-61.483,-361.19
-11.97,-138.91,-79.914
-148.8,-77.979,-519.28
-110.94,-104.81,-321.75
-14.303,-92.649,-70.887
-127.09,-64.507,-500.79
-65.681,-118.1,-295.47
-18.435,-137.9,-114.37
8.3052,-118.08,-115.62
-189.68,-65.057,-554.3
14.421,-132.34,-77.303
-118.47,-105.57,-383.75
-56.119,-79.544,-276.4
-115.08,-51.408,-433.09
-72.212,-110.44,-199.77
-52.331,-79.079,-234.66
17.622,-104.98,-82.826
-50.471,-109.29,-135.05
-168.53,-71.248,-474.49
-190.9,-56.531,-533.9
22.504,-95.071,-34.172
-38.444,-92.928,-247.91
-102.15,-66.405,-332.83
-106.33,-56.067,-407.11
29.279,-129.07,-44.066
-85.174,-70.803,-297.08
-38.91,-105.68,-254.57
-115.62,-106.48,-382.79
-165,-23.677,-546.31
15.918,-126.91,-84.666
-173.94,-74.67,-530.64
11.15,-111.72,-108.37
-76.517,-83.171,-238.39
-163.7,-46.621,-473.13
-129.79,-81.892,-362.9
-57.166,-81.66,-209.4
-24.132,-106.73,-212.52
-118.85,-97.414,-336.74
-140.21,-51.297,-537.79
-14.407,-93.025,-69.308
-175.14,-55.268,-488.61
-55.928,-81.676,-285.8
-19.511,-87.586,-149.61
-95.066,-113.17,-348.41
-112.16,-79.117,-455.43
-126.53,-64.13,-499.58
-24.326,-99.221,-209.7
-103.89,-65.157,-433.83
-114.42,-56.682,-458.42
-108.04,-73.067,-323.62
-145.15,-50.865,-551.11
3.0625,-113.67,-132.5
-110.78,-96.517,-423.38
-21.805,-117.74,-49.897
14.665,-97.153,-73.601
-39.967,-114.59,-249.15
-15.974,-136.67,-72.073
-155.87,-85.089,-462.02
-131.46,-53.725,-408.58
-178.43,-71.91,-525.12
-54.394,-107.02,-293.77
-105.86,-111.5,-351.94
-155.66,-85.483,-481.16
-137.65,-39.289,-477.07
-174.79,-53.941,-488.37
-127.42,-51.585,-498.24
-16.605,-104.92,-189.83
-30.961,-129.39,-193.74
-115.44,-106.73,-380.47
-117.8,-50.159,-426.78
8.1852,-91.577,-57.01
-32.472,-97.042,-233.47
-148.21,-78.208,-518.02
-64.104,-86.777,-325.02
-100.93,-112.92,-309.67
-66.107,-126.94,-228.19
27.279,-98.444,-34.606
-136.95,-85.462,-384.19
-17.473,-118.02,-36.885
-91.268,-107,-367.7
-23.207,-88.425,-114.85
-101.7,-58.479,-394.47
-151.25,-56.247,-435.05
-23.914,-136.33,-140.51
5.1723,-141.3,-43.41
-7.443,-136.46,-113.75
19.505,-141.11,-27.07
-35.465,-84.598,-205.43
-149.56,-34.377,-494.28
-124.95,-91.654,-350.91
-73.083,-108.66,-201.6
-17.474,-105.11,-192.53
-110.38,-102.96,-403.07
-3.8856,-90.389,-103.14
-144.38,-43.585,-546.9
6.5152,-110.5,-122
-8.9962,-104.67,-21.658
-8.0135,-133.62,-29.121
-87.41,-87.697,-390.67
21.477,-131.25,-61.207
-37.506,-86.561,-151.1
-72.224,-102.68,-340.62
-75.936,-86.268,-229.65
-94.88,-80.985,-281.35
-165.52,-48.32,-473.91
-90.541,-94.555,-391.12
-171.02,-68.306,-568.87
-121.95,-48.298,-462.6
19.555,-110.84,-82.496
-35.547,-83.694,-183.47
-27.736,-112.5,-220.07
-32.617,-84.39,-174.37
-22.939,-132.07,-166.81
-58.383,-115.71,-288.35
-155.44,-85.636,-480.08
-44.446,-85.902,-253.62
-60.444,-87.15,-193.72
-161.1,-76.259,-534.25
-177.74,-52.21,-496.43
-11.712,-108.44,-24.127
-126.7,-55.04,-399.08
-85.123,-112.09,-343.7
-26.763,-105.24,-70.515
-37.962,-94.18,-310.61
-134.44,-79.511,-434.56
-7.134,-98.984,-215.52
-55.758,-125.96,-238.84
17.739,-141.93,-31.544
-28.509,-128.8,-246.26
-112.24,-101.59,-393.73
-109.8,-54.237,-506.83
-163.93,-39.969,-529.66
-73.757,-66.709,-373.25
-9.0364,-101.02,-93.457
-103.32,-79.686,-486
-30.807,-91.032,-282.75
-107.26,-83.816,-487.7
-33.79,-98.206,-299.97
-139.05,-83.601,-455.46
-70.379,-122.66,-304.16
11.158,-142.29,-60.648
-26.735,-134.66,-161.87
-26.225,-94.643,-153.55
-54.703,-83.32,-249.55
27.978,-95.186,-55.556
-61.068,-82.13,-264.51
-11.143,-135.35,-104.51
-39.587,-88.423,-309.11
-46.629,-122.98,-297.03
53.384,-107.81,-32.747
8.7638,-142.45,-103.42
-35.276,-132.16,-183.09
-85.957,-111.44,-385.4
-31.073,-92.784,-170.37
-128.56,-85.221,-513.26
-92.142,-57.591,-431.84
-133.47,-39.85,-571.07
-117.46,-55.707,-425.32
-71.368,-103.78,-387.5
-12.884,-95.04,-121.63
-92.343,-88.569,-319.39
-70.883,-122.36,-298.57
-36.848,-94.375,-178.91
-49.46,-129.88,-239.04
-139.79,-38.122,-501.67
14.961,-93.943,-107.98
-79.247,-84.332,-294.56
-21.753,-107.21,-116.68
-109.72,-55.991,-416.08
-130.98,-55.98,-568.04
-157.22,-22.128,-573.83
-79.916,-91.28,-423.08
-117.56,-44.777,-515.19
-50.65,-120.86,-204.12
22.269,-100.93,-119.08
-8.8907,-139.85,-147.4
1.1598,-132.55,-54.687
-95.725,-90.856,-326.6
-83.28,-71.349,-334.22
-135.22,-33.643,-560.13
-127.73,-94.263,-465.64
-32.449,-105.48,-295.64
18.312,-143.75,-46.07
36.305,-115.14,-94.895
-115.66,-85.503,-381.54
-86.245,-65.518,-438.27
24.769,-130.25,-118
-11.796,-119.29,-230.17
-45.352,-92.059,-204.23
-3.6108,-90.235,-154.4
-104.72,-91.852,-351.05
-163.66,-73.263,-542.26
-91.177,-61.649,-381.38
-76.964,-80.319,-421.61
-26.419,-134.87,-161.99
-83.301,-116.33,-354.99
-95.436,-87.538,-459.93
-84.669,-113.69,-373.45
-18.877,-136.9,-143.78
-155.08,-24.784,-560.51
-159.53,-22.066,-573.07
-79.779,-65.331,-407.82
-130.43,-93.148,-462.35
-120.16,-97.486,-455.62
-64.246,-117.83,-339.86
-33.841,-88.39,-287.91
-99.374,-76.453,-350.02
-95.742,-88.884,-327.69
11.66,-99.729,-44.393
22.859,-96.016,-39.001
-96.524,-105.36,-337.16
10.646,-143.2,-84.091
-94.288,-102.56,-425.68
14.649,-105.07,-20.582
45.946,-99.749,-29.565
-94.324,-108.57,-336.78
-100.16,-103.2,-428.66
-25.381,-136.21,-196.75
-146.08,-28.689,-543.8
-117.75,-50.531,-442.17
-30.879,-89.814,-280.33
-137.84,-80.105,-537.26
-60.052,-95.729,-232.11
-11.264,-129.55,-209.01
-144,-34.78,-516.16
-57.306,-126.46,-288.66
3.7479,-103.63,-53.384
-3.169,-123.97,-201.59
26.81,-110.29,-120.96
-120.15,-72.358,-399.82
-17.125,-138.13,-149.17
-109.17,-48.393,-458.51
-165.42,-71.004,-578.36
-81.059,-70.972,-428.48
-76.547,-117.4,-291.8
42.565,-104.68,-60.907
35.673,-127.81,-91.637
-60.659,-74.102,-351.1
-116.53,-64.157,-404.41
-49.137,-123.86,-205.07
-21.218,-87.572,-179.73
-32.817,-93.443,-172.22
-8.6658,-117.7,-72.423
-39.362,-99.64,-316.23
-58.811,-82.87,-367.39
-90.885,-76.976,-459.45
-21.604,-86.12,-203.55
-18.244,-99.546,-252.77
-71.72,-115.34,-266.81
-132.68,-59.799,-568.94
-92.799,-109.52,-333.39
21.427,-129.83,-127.68
-55.498,-126.47,-240.65
-62.013,-103.33,-230.35
-142.86,-73.666,-561.35
1.8125,-97.626,-76.889
-162.15,-74.173,-538.25
34.781,-122.14,-99.014
-100.88,-56.509,-476.57
11.565,-136.33,-29.63
-116.74,-99.873,-410.36
-9.5789,-89.03,-174.74
-75.945,-90.992,-414.43
-93.824,-56.488,-432.49
-27.849,-87.077,-258.55
-122.74,-51.097,-444.8
-45.362,-112.11,-320.29
10.579,-129.53,-156.62
30.167,-144.36,-51.739
-18.229,-91.341,-149.58
-53.766,-87.403,-234.65
-45.849,-126.84,-280.49
-25.562,-91.452,-264.61
7.5708,-95.276,-150.78
-64.068,-121.94,-321.38
-1.9415,-140.06,-142.13
-90.316,-104.6,-314.22
-107.58,-72.748,-372.58
-154.3,-22.622,-574.24
-6.2409,-112.35,-67.84
-129.14,-80.529,-527.44
-99.091,-66.83,-369.89
-38.404,-100.92,-313.36
-83.541,-71.249,-334.9
-16.806,-138.5,-162.44
-111.92,-102.57,-427.95
-157.69,-56.708,-498.9
-129.06,-67.287,-552.81
-90.656,-66.931,-456.36
-12.537,-103.85,-96.599
-128.31,-69.489,-548.24
-101.11,-107.46,-405.72
-85.244,-116.38,-341.23
-112.43,-89.607,-372.94
-81.077,-118.11,-324.93
-29.365,-132.21,-159.26
-118.53,-70.314,-528.13
23.307,-94.577,-69.537
-41.951,-102.39,-322.38
13.291,-143.24,-87.84
-48.508,-79.589,-261.2
-118.72,-68.705,-401.16
39.379,-139.58,-56.057
13.882,-114.71,-162.01
-100.66,-106.33,-413.85
-77.196,-109.87,-277.03
-35.531,-110.22,-299.98
-23.072,-126.35,-122.21
-125.33,-88.939,-413.61
10.435,-93.985,-130.18
-1.5123,-134.08,-173.41
16.535,-140.25,-107.75
-73.905,-107.91,-383.09
28.747,-100.03,-93.25
-167.69,-31.927,-550.29
-172.96,-68.045,-575.67
-78.357,-99.525,-408.27
-102.57,-51.607,-453.25
31.593,-143.35,-56.83
16.186,-110.44,-153.94
-79.175,-97.704,-279.59
18.598,-93.913,-77.712
-35,-133.64,-193.8
-164.03,-72.551,-568.07
-10.83,-139.63,-148.6
10.806,-116.07,-170.77
-88.385,-61.115,-433.49
46.686,-102.11,-38.598
-169.85,-67.443,-545.56
-93.983,-111.97,-376.07
-152.18,-76.259,-557.72
-132.65,-53.699,-573.29
-29.124,-92.838,-280.12
-106.08,-74.949,-366.18
-94.018,-108.2,-334.37
-86.768,-68.827,-347.29
-50.472,-76.821,-302.43
-124.19,-76.931,-406.15
4.719,-97.744,-171.29
-40.529,-88.764,-313
-88.928,-84.07,-316.2
-94.567,-63.988,-466.3
-49.356,-123.02,-203.88
-150.58,-48.015,-493.03
-158.13,-48.048,-507.48
-8.3783,-118.87,-71.515
-67.135,-118.62,-257.6
-103.48,-63.109,-494.04
-140.07,-71.981,-449.08
-36.578,-106.13,-158.64
-131.7,-92.341,-460.17
-141,-74.247,-557.71
-120.97,-50.401,-540.46
12.357,-131.78,-147.18
-82.735,-90.884,-429.63
-27.914,-95.801,-154.13
16.706,-93.634,-87.216
-157.68,-71.34,-503.71
-87.412,-71.218,-340.36
-123.36,-95.856,-462.98
-88.892,-60.857,-434.98
-41.473,-97.643,-182.99
-1.4975,-135.57,-71.454
-40.646,-82.509,-294.87
-64.26,-77.367,-287.22
-170.53,-60.9,-535.22
-2.4182,-101.01,-203.11
0.11387,-93.736,-172.71
-95.875,-65.357,-369.9
-47.753,-83.075,-239.77
20.467,-135.56,-116.84
-28.159,-135.83,-198.91
19.319,-133.57,-125.19
-28.798,-115.38,-277.45
-47.75,-80.892,-320.71
-11.798,-123.92,-83.885
-15.384,-123.97,-231.52
-76.932,-65.676,-363.84
36.065,-99.176,-62.893
-57.189,-96.811,-364.72
-112.83,-46.096,-471.68
-10.745,-130.83,-90.06
-63.83,-87.512,-255.33
-134.81,-75.981,-545.83
-103.41,-107.18,-403
-91.041,-90.955,-314.39
-45.71,-125.84,-284.86
-31.987,-124.56,-148.39
-109.45,-103.26,-387.4
-38.214,-128.9,-180.02
-137.3,-74.753,-551.99
-180.31,-56.48,-563.52
-83.244,-87.212,-434.56
-37.373,-112.61,-301.51
-27.752,-112.08,-129.81
29.399,-139.41,-81.689
-128.06,-92.619,-434.62
11.495,-132.34,-20.922
9.7514,-122.81,-169.12
-57.141,-103.23,-358.81
-85.371,-113.46,-374.81
-3.7507,-91.515,-124.31
-59.419,-82.221,-261.4
-108.38,-64.667,-389.57
-51.082,-85.939,-233.92
-3.2164,-90.783,-164.2
-82.315,-87.806,-296.09
16.111,-106.86,-151.05
-56.873,-110.19,-214.61
42.199,-141.4,-41.997
-124.45,-95.982,-433.94
-27.548,-129.26,-142.89
-5.8277,-140.29,-141.47
-115.29,-101.19,-411.94
-37.805,-130.03,-254.96
-151.54,-79.987,-504.02
10.852,-135.01,-142
-81.432,-118.07,-331.21
-13.612,-90.966,-143.45
-164.54,-43.4,-525.99
-12.338,-126.67,-218.71
-40.957,-80.72,-253.84
-107.31,-55.308,-499.4
-172.64,-46.72,-540.37
49.204,-117.19,-56.506
-111.56,-102.52,-395.58
-27.595,-97.797,-148.29
32.803,-109.43,-101.25
0.060911,-126.41,-49.224
-39.608,-80.728,-261.57
-153.51,-23.779,-567.1
-32.393,-91.53,-177.45
-107.32,-87.168,-481.68
-58.842,-126.95,-270.46
-75.964,-119.95,-305.84
-40.392,-129.32,-261.7
-28.046,-125.01,-136.28
-129.2,-89.066,-428.33
-40.807,-99.991,-177.37
-8.2205,-111.81,-226.37
-55.148,-90.772,-360.76
-91.86,-63.486,-455.86
0.93038,-141.49,-121.23
3.4254,-141.98,-112.01
-26.842,-136.06,-177.43
-32.938,-96.971,-163.33
-93.026,-105.31,-324.39
-50.695,-109.49,-196.57
-124.78,-47.342,-458.79
-33.776,-129.45,-252.42
2.0579,-91.303,-136.31
-27.912,-111.34,-130.61
-69.417,-106.05,-250.84
-37.88,-95.898,-177.72
-141.59,-69.313,-453.49
-42.455,-79.833,-279.66
-111.96,-64.6,-517.34
-138.84,-82.396,-452.27
-129.1,-51.605,-451.33
31.984,-108.82,-103.07
-28.808,-133.98,-166.39
-165.94,-24.048,-568.14
-36.296,-125.69,-270.75
-171.73,-58.626,-537.22
42.767,-130,-68.859
-52.005,-124.6,-297.96
-109.37,-50.098,-443.28
-6.9799,-132.37,-81.045
-56.643,-118.97,-221.16
1.4568,-139.87,-138.94
0.97247,-91.125,-130.25
-44.188,-127.21,-276.79
-144.69,-84.864,-497.53
-155.84,-61.727,-492.45
12.083,-137.21,-131.39
-94.307,-108.68,-337.08
-74.688,-98.717,-267.05
-64.061,-121.89,-321.66
-126.79,-54.878,-440.39
-72.298,-112.4,-263.96
-44.702,-104.08,-182.66
2.6394,-136.14,-59.145
-67.113,-79.152,-284.46
-45.014,-82.24,-240.87
-43.278,-103.68,-325.03
-120.44,-64.381,-587.33
28.771,-146.66,-95.458
-79.128,-61.437,-408.75
-162.04,-45.964,-568.44
-83.1,-68.015,-495.69
-52.098,-125.11,-329.83
-131.75,-82.993,-547.95
-6.3548,-140.25,-183.2
-70.22,-98.783,-441.63
16.333,-101.74,-91.227
-137.95,-78.475,-569.84
-3.0775,-108.95,-272.14
26.03,-115.44,-187.34
67.937,-135.08,-54.636
-26.448,-115,-327.17
34.038,-97.039,-93.409
-86.578,-84.125,-495.19
-57.249,-78.286,-319.21
-94.478,-49.356,-494.43
-144.8,-35.311,-551.12
-82.653,-79.181,-491.89
-54.612,-113.96,-382.1
30.452,-107.13,-166.56
28.99,-122.81,-176.91
28.526,-98.516,-145.79
38.339,-112.85,-148.51
-5.0454,-107.57,-277.78
-114.12,-79.312,-550.21
-17.634,-99.615,-179.88
-45.304,-93.908,-391.41
32.21,-144.31,-117.45
-118.21,-90.776,-512.78
-110.12,-63.639,-440.25
38.988,-148.06,-58.616
74.925,-129.06,-40.758
-118.07,-92.174,-502.59
-9.1845,-131.38,-146.75
-90.707,-68.687,-396.6
-16.842,-94.219,-193.39
-132.41,-84.435,-514.06
-4.9089,-89.308,-227.27
-116.38,-45.012,-493.46
-117.48,-80.332,-552
-48.157,-106.38,-250.09
-77.149,-66.906,-475.94
-65.25,-108.94,-411
-139.04,-55.606,-508.7
-122.4,-36.871,-528.26
-3.2892,-91.367,-184.8
-109.9,-50.362,-470.45
-67.612,-64.685,-425.53
1.3435,-91.301,-215.01
-102.41,-45.789,-491.57
23.349,-137.15,-51.615
-46.815,-110.72,-245.7
-114.96,-88.338,-524.71
-56.114,-115.27,-380.27
-11.76,-91.732,-194.25
18.333,-98.286,-101.69
-4.3333,-104.74,-135.6
-15.821,-91.515,-202.26
34.943,-106.92,-26.887
-119.86,-92.158,-489.5
-33.215,-128.47,-224.3
-68.917,-95.418,-311.24
28.181,-110.57,-36.748
-63.667,-120.37,-359.02
-119.1,-39.399,-516.59
-26.236,-135.01,-236.14
21.519,-132.03,-184.59
47.538,-98.884,-49.668
-133.8,-68.701,-489.35
-59.128,-122.23,-311.17
-94.322,-50.504,-505.39
66.773,-135.58,-57.123
-46.556,-74.271,-347.07
-45.9,-125.77,-326.65
2.7415,-125.63,-101.52
-85.902,-75.678,-374.08
11.099,-141.54,-109.98
-22.765,-121.71,-307.06
39.733,-103.27,-125.44
-82.632,-75.972,-493.8
-5.5955,-109.17,-131.79
69.144,-133.03,-53.959
-24.335,-83.193,-284.85
-78.304,-101.87,-336.43
66.961,-109.83,-52.113
-91.058,-102.17,-379.14
31.826,-103.18,-153.07
40.886,-102.67,-119.11
-90.239,-102.11,-458.89
-104.34,-45.537,-537.89
-112.81,-94.799,-492
-81.454,-69.842,-491.46
-74.008,-91.916,-326.69
-112.57,-38.623,-543.29
51.457,-104.69,-89.318
-35.305,-103.79,-360.64
-142.36,-78.489,-541.13
-109.75,-94.585,-496.3
-61.859,-121.35,-352.29
-111.9,-68.431,-437.07
-107.06,-84.629,-415.77
-6.9519,-97.216,-161.71
-54.793,-107.48,-397.52
20.435,-132.89,-53.383
-10.341,-138.34,-179.37
-157.35,-64.685,-561.22
-12.827,-138.51,-216.44
-39.234,-110.16,-223.95
-50.392,-74.72,-330.69
-40.625,-121.8,-235.05
7.6481,-95.213,-214.18
-33.833,-131.09,-287.76
-151.87,-72.969,-569.53
-36.496,-81.865,-279.93
-113.53,-92.467,-446.5
-41.72,-86.908,-265.82
-61.698,-73.277,-343.68
40.784,-112.33,-140.37
-28.994,-121.22,-196.54
-130.86,-33.823,-542.55
-60.04,-122.88,-330.8
-59.053,-70.093,-360.85
-41.962,-129.33,-299.01
-110.55,-78.876,-425.92
-74.203,-65.165,-461.97
44.53,-123.19,-132.24
-46.292,-80.738,-386.61
-41.402,-109.39,-230.27
-79.905,-113.69,-378.8
-99.747,-64.738,-420.01
-58.594,-96.118,-422.2
-41.418,-116.23,-354.9
-58.627,-85.702,-301.21
58.822,-128.34,-88.049
4.2531,-141.75,-140.94
-62.643,-108.76,-292.3
-1.7098,-132.37,-123.87
-150.56,-72.67,-555.71
-25.191,-119.09,-317.41
68.288,-125.48,-61.743
-46.644,-126.23,-323.78
-92.313,-50.664,-489.66
-64.532,-77.024,-333.87
-56.414,-102.42,-274.3
9.9695,-136.45,-94.233
-6.3552,-103.56,-143.21
-92.393,-106.67,-431.93
-77.892,-104.44,-439.9
-102.56,-48.245,-538.57
-75.027,-114.19,-348.13
52.786,-148.4,-46.317
-128.08,-85.512,-491.48
-137.97,-31.229,-555.73
-10.26,-115.34,-288.25
-73.334,-90.759,-326.06
-106.24,-61.015,-558.79
55.458,-103.66,-71
-119.91,-35.181,-541.63
47.806,-146.34,-72.162
-120.5,-84.903,-540.34
-45.388,-126.48,-266.71
-31.147,-111.03,-343.3
-87.881,-61.273,-413.74
-93.909,-54.709,-443.74
-106.55,-81.842,-533.86
-78.38,-64.288,-476.5
7.6642,-127.49,-87.624
33.93,-136.05,-144.44
-150.56,-33.261,-563.74
0.37004,-98.63,-252.67
48.058,-99.334,-38.198
-29.228,-82.12,-278.15
-110.07,-44.503,-492.9
-39.666,-79.012,-300.69
-33.41,-128.93,-226.68
-22.501,-126.07,-295.67
-65.76,-70.718,-440.66
-158.56,-49.942,-557.94
-82.238,-56.495,-463.44
20.996,-97.449,-101.45
-15.586,-137.06,-234.08
38.821,-98.437,-62.068
-25.482,-128.79,-196.86
-129.57,-81.948,-554.8
-78.841,-59.837,-465.38
-118.09,-68.798,-450.3
-94.919,-106.01,-418.67
-32.718,-132.25,-242.06
-154.45,-60.78,-546.85
-37.202,-100.23,-226.7
-87.302,-108.65,-424.78
-145.47,-49.041,-529.08
-110.17,-78.592,-545.96
2.8955,-100.64,-247.64
-30.112,-131.49,-283.66
22.529,-145.48,-120.37
25.051,-146.07,-108.07
-64.364,-83.854,-444.39
-146.4,-54.446,-526.24
-8.8691,-110.46,-139.26
-110.64,-89.238,-429.3
11.556,-122.71,-224.47
-53.228,-119.93,-360.35
-26.217,-82.706,-296.26
-41.151,-80.602,-365.88
-48.895,-120.41,-261.14
-128.68,-76.706,-476.81
4.8698,-136.16,-210.83
-56.073,-124.11,-309.13
35.324,-136.7,-139.31
49.486,-144.45,-78.364
41.953,-108.5,-131.25
-27.568,-102.86,-198.61
-46.923,-99.038,-392.59
52.83,-142.38,-78.235
59.186,-147.95,-36.877
-33.716,-89.486,-242.81
-142.81,-26.15,-577.47
-20.978,-120.98,-171.53
6.642,-92.671,-164.83
-77.843,-90.718,-337.12
-94.235,-101.75,-462.04
-21.643,-116.39,-314.28
57.796,-101.59,-49.676
-0.10152,-101.11,-133.52
-52.845,-87.533,-285.55
49.877,-117.27,-115.96
-130.62,-55.598,-491.22
-60.916,-78.936,-322.56
-63.737,-98.903,-295.63
-118.02,-40.305,-583.84
10.806,-141.19,-175.76
-71.114,-109.09,-319.7
-153.78,-55.454,-544.09
-28.832,-116.1,-193.48
-78.512,-75.818,-360.08
-165.02,-44.372,-576.5
-54.513,-87.863,-417.33
44.393,-116.67,-132.4
-91.809,-103.73,-452.4
-93.595,-52.062,-509.11
-4.2658,-109.95,-275.41
-41.964,-129.88,-278.76
14.484,-94.298,-174.99
-10.712,-108.98,-293.59
-12.666,-129.89,-266.13
-112.57,-39.589,-554.84
-22.394,-84.645,-255.62
4.4006,-107.8,-106.81
57.323,-100.12,-31.385
-108.64,-69.091,-557.97
-125.23,-82.549,-471.4
14.201,-122.64,-66.049
-126.4,-38.84,-521.71
-107.09,-75.233,-546.7
-139.01,-71.135,-505.42
-27.964,-97.989,-342.99
-33.918,-82.653,-341.3
25.306,-144.25,-130.71
-81.96,-103,-448.78
-100.66,-89.805,-398.39
-20.497,-107.1,-174.59
-67.042,-76.279,-339.88
-48.476,-87.491,-276.94
-21.696,-109.77,-322.03
-80.307,-111.06,-359.66
-62.047,-115.1,-387.63
-64.728,-111.77,-301.71
-103.02,-84.82,-522.34
-4.3688,-137.7,-219.63
-45.169,-89.685,-391.21
-22.799,-85.847,-303.56
60.389,-101.64,-39.625
17.782,-117.72,-57.249
-110.33,-74.85,-427.51
-62.321,-121.9,-337.36
-128.71,-84.02,-544.47
-95.372,-86.917,-383.77
-1.8542,-93.318,-245.25
18.876,-132.26,-190.63
-89.424,-105.67,-442.53
-44.157,-98.806,-245.92
4.7541,-91.586,-189.23
-111.94,-82.376,-540.09
-66.461,-108.49,-303.99
5.5088,-137.32,-112.05
-68.785,-118.13,-371.83
35.961,-144.88,-35.618
-135.81,-50.519,-508.22
-153.93,-29.867,-576.11
14.554,-135.98,-191.01
16.687,-120.19,-59.152
2.2303,-122.92,-101.95
-153.19,-69.619,-556.21
-82.433,-110.37,-367.04
-28.353,-85.684,-250.24
-102.77,-50.752,-544.54
5.7028,-99.346,-235.42
40.459,-100.05,-43.598
-146.58,-39.267,-545.59
-3.7322,-121.76,-264.37
-30.326,-80.998,-296.09
-137.46,-25.743,-581.55
51.021,-148.83,-44.485
-40.769,-99.58,-236.48
14.709,-139.12,-86.049
-55.106,-100.57,-271.94
-41.581,-92.328,-381.33
44.035,-148.68,-49.461
-0.45459,-135.4,-224.02
-73.968,-77.623,-348
-155.99,-49.76,-551.8
15.471,-143.97,-111.21
26.126,-109.06,-183.2
-31.69,-93.217,-352.31
-149.79,-71.912,-547.89
-111.05,-95.491,-446.08
13.183,-108.62,-81.558
-1.2215,-139.17,-145
-96.663,-66.348,-532.77
-50.846,-126.55,-301.7
-95.427,-84.992,-510.1
14.16,-112.84,-222.12
50.509,-99.221,-48.301
-121.47,-74.511,-455.62
29.177,-109.78,-174.3
-70.549,-100.34,-313.6
-62.458,-100.75,-291.33
18.115,-121.26,-54.61
-6.857,-90.338,-251.68
-114.29,-92.077,-448.66
19.524,-97.863,-101.66
16.414,-96.514,-116.54
16.914,-136.98,-72.396
-36.854,-79.407,-338.41
23.96,-95.461,-132.35
-106.57,-42.511,-532.5
-78.704,-104.84,-439.59
-54.455,-125.03,-324.04
-120.98,-34.519,-544.75
-95.057,-105.94,-427.74
-0.852,-94.246,-244.97
-139.57,-26.773,-574.44
-136.07,-81.967,-546.69
-23.045,-109.8,-325.38
-42.328,-95.026,-247.45
40.518,-100.57,-110.45
-115.63,-40.395,-512.28
-101.75,-72.789,-410.36
-52.775,-99.429,-405.67
-5.1231,-110.75,-277.61
-78.264,-59.527,-422.71
71.29,-137.87,-40.582
-41.534,-85.073,-271.63
-6.6479,-131.7,-138.91
-91.857,-50.777,-483.77
31.549,-97.217,-120.69
52.204,-99.446,-44.451
8.6457,-102.36,-108.28
-117.17,-107.64,-75.103
-84.404,-121.46,-79.715
-261.94,-27.353,-521.06
-230.6,-9.73,-541.3
-85.711,-97.323,12.355
-193.55,-79.627,-289.07
-225.14,-70.886,-468.68
-152.64,-57.071,-255.57
-147.14,-59.729,-274.62
-136.51,-76.75,-139.93
-128.75,-116.35,-148.69
-165.64,-51.508,-296.2
-195.36,-51.42,-466.01
-120.95,-67.072,-175.75
-181.44,-98.274,-305.87
-67.463,-113.73,-66.074
-108.02,-113.78,-156.66
-235.44,-15.921,-494.09
-74.98,-75.877,-30.319
-193.63,-47.502,-333.4
-159.82,-78.483,-193.19
-91.514,-123.62,-54.106
-61.757,-98.402,-63.823
-246.16,-51.64,-465.94
-109.32,-116.51,-71.127
-152.84,-63.842,-211.54
-100.08,-75.87,-65.584
-238.12,-58.218,-439.62
-161.21,-62.947,-229.07
-106.92,-121.07,-94.769
-187.25,-38.753,-389.52
-203.99,-79.538,-327.13
-119.21,-115.19,-170.69
-109.24,-107.65,-175.77
-129.76,-64.773,-187.38
-134.69,-95.113,-257.98
-236.42,-19.137,-483.46
-151.66,-95.231,-165.17
-202.75,-71.255,-451.74
-87.822,-73.976,-64.432
-99.127,-80.266,-47.265
-94.696,-119.74,-107.02
-173.37,-49.591,-305.5
-212.25,-73.891,-352.23
-147.72,-87.141,-301.41
-69.713,-116.89,-64.619
-92.474,-77.361,-124.63
-96.922,-119.41,-112.65
-186.38,-78.616,-266.12
-190.25,-49.411,-449.04
-144.29,-107.28,-244.57
-134.63,-87.901,-266.04
-202.81,-31.481,-478.12
-225.28,-39.266,-412.32
-154.08,-96.03,-172.97
-77.81,-105.62,-102.64
-160.96,-99.545,-199.88
-125.21,-79.352,-238.61
-173.06,-67.833,-241.33
-82.744,-75.485,-77.14
-77.748,-124.52,-48.669
-181.79,-88.342,-368.29
-55.997,-78.736,0.33982
-91.011,-75.001,-107.43
-170.57,-51.393,-293.38
-124,-75.578,-230.24
-242.6,-6.1914,-540.96
-215.14,-20.788,-481.1
-82.036,-74.717,-56.281
-131.8,-76.876,-258.2
-217.04,-41.663,-390.26
-152.67,-97.806,-291.51
-56.773,-114.4,-39.315
-109.68,-113.97,-159.28
-95.654,-121.83,-51.172
-175.53,-93.26,-342.29
-234.98,-54.841,-424.51
-118.27,-118.88,-125.77
-226.11,-72.916,-429.57
-171.71,-48.52,-358.59
-129.65,-116.07,-149.98
-190.02,-83.908,-394.31
-208.82,-25.277,-486.01
-48.151,-91.586,-21.868
-257.84,-18.435,-522.63
-100.6,-74.309,-141.15
-103.68,-95.949,-34.424
-147.38,-109.05,-238.11
-162.85,-89.693,-331.89
-48.84,-89.718,-21.042
-184.31,-76.74,-260.49
-174.62,-96.243,-328.46
-106.65,-79.791,-65.324
-114.53,-99.231,-202.37
-215.88,-56.55,-364.02
-96.22,-115.95,-125.41
-231.27,-69.605,-453.51
-158.25,-86.677,-183.14
-103.8,-109.41,-159.6
-82.968,-123.91,-61.052
-133.13,-96.947,-112.74
-125.75,-112.03,-110.44
-144.18,-68.377,-179.32
-210.51,-39.513,-519.27
-173.4,-68.852,-240.33
-155.77,-55.291,-275.08
-221.69,-18.046,-542.63
-196.35,-76.609,-426.47
-191.17,-66.631,-287.35
-211.95,-80.661,-414.76
-52.172,-82.04,-9.831
-98.085,-87.064,-160.71
-133.6,-90.947,-260.56
-104.88,-116,-55.232
-108.21,-99.117,-186.45
-127.05,-101.35,-97.469
-260.12,-40.241,-512.99
-197.15,-47.734,-338.27
-200.87,-49.546,-484.08
-55.145,-88.303,-36.674
-123.37,-102.77,-88.008
-214.81,-21.878,-513.48
-105.47,-83.642,-180.11
-68.638,-126.8,-11.516
-262.82,-34.191,-520.91
-202.07,-67.935,-316.31
-201.05,-30.768,-424.77
-198.79,-51.569,-476.43
-131.5,-91.389,-109.06
-199.02,-74.886,-305.59
-173.81,-54.844,-278.76
-186.54,-52.147,-307.33
-155.5,-79.73,-329.95
-183.19,-65.69,-419.44
-85.089,-88.325,3.7729
-82.66,-124.86,-29.87
-222.66,-75.264,-427.76
-198.86,-59.172,-316.75
-152.2,-64.502,-316.84
-155.96,-94.098,-177.39
-232.81,-47.277,-419.98
-204.18,-82.01,-333.1
-112.82,-106.24,-61.081
-188.18,-41.451,-356.32
-69.991,-107.33,-81.246
-123.72,-107.46,-207.71
-248.56,-6.0202,-543.04
-79.071,-125.12,-16.859
-237.22,-62.421,-511.38
-179.47,-43.508,-355.72
-194.32,-52,-462.48
-191.99,-48.457,-327.8
-132,-76.723,-129.78
-249.47,-57.027,-513.42
-193.08,-37.199,-383.07
-93.709,-99.585,-148.43
-104.44,-91.345,-39.666
-143.61,-80.073,-150.77
-48.127,-91.725,-21.981
-102.25,-113.61,-145.4
-105.62,-120.24,-77.649
-222.95,-23.741,-453.83
-182.41,-47.51,-415.44
-156.68,-102.41,-282.12
-174.51,-66.987,-393.83
-55.193,-112.18,-38.824
-218.03,-51.337,-375.53
-75.458,-121.94,-60.312
-113.27,-68.919,-141.65
-67.883,-97.216,-80.128
-181.02,-42.515,-364.04
-42.213,-101.44,-12.278
-168.57,-60.968,-375.23
-179.02,-64.333,-408.87
-147.53,-106.71,-169.84
-132.01,-115.74,-168.95
-109.3,-70.579,-115.64
-233.14,-18.367,-482.79
-67.176,-82.147,-57.816
-178.16,-48.87,-398.33
-202.84,-72.221,-317.7
-158.29,-67.311,-342.11
-170.41,-57.91,-379.82
-152.16,-78.004,-174.68
-194.94,-36.01,-447.45
-211.85,-32.217,-410.85
-224.93,-16.192,-493.52
-89.223,-108.2,-127.62
-195.16,-36.008,-448.9
-56.219,-80.508,-15.331
-113.61,-74.666,-191.31
-207.17,-50.384,-351.31
-105.31,-71.361,-104.73
-108.91,-116.04,-68.138
-187.65,-73.913,-417.26
-73.186,-76.061,-27.82
-152.21,-73.62,-323.25
-157.49,-91.555,-316.62
-185.41,-88.189,-268.52
-94.802,-81.002,-35.502
-203.02,-70.872,-318.31
-216.41,-75.327,-447.67
-74.284,-81.808,12.147
-207.11,-47.082,-358.21
-99.162,-72.514,-121.9
-123.5,-114.04,-109.73
-150.38,-70.724,-316.61
-95.907,-119.12,-112.24
-66.816,-83.639,-61.082
-201.56,-65.3,-463.91
-81.89,-125.19,-35.359
-101.74,-103.89,-164.49
-113.04,-86.605,-66.622
-178.32,-44.95,-339.77
-199.03,-49.061,-478.66
-228.67,-12.894,-511.87
-151.71,-89.658,-307.44
-128.74,-116.11,-171.2
-186.78,-93.446,-347.15
-128.14,-95.586,-98.953
-196.89,-37.092,-462.71
-179.37,-99.171,-301.58
-139.2,-67.995,-271.94
-52.829,-109.01,-36.528
-211.28,-51.879,-509.81
-99.025,-122.39,-72.865
-105.77,-114.92,-148.24
-184.71,-96.278,-323.89
-67.189,-119.25,-52.583
-77.43,-120.92,13.749
-243.64,-36.425,-460.89
-42.639,-117.79,0.61316
-210.54,-28.245,-429.15
-199.64,-87.996,-374.73
-201.38,-81.907,-412.6
-146.73,-62.617,-208.92
-42.394,-87.328,2.4504
-119.9,-68.638,-189.98
-133.69,-72.518,-259.73
-173.86,-46.505,-338.11
-103.2,-114.36,-45.787
-234.44,-66.059,-488.42
-193.81,-72.868,-289.74
-76.205,-75.703,-47.699
-206.73,-65.533,-473.37
-162.4,-105.86,-260.74
-112.37,-116.08,-79.592
-79.56,-117.46,-85.172
-263.79,-37.661,-525.79
-78.053,-124.98,-44.555
-208.6,-80.448,-349.94
-129.24,-78.515,-251.01
-180.26,-50.141,-410.42
-150.05,-78.054,-169.45
-120.32,-72.661,-210.47
-59.936,-106.95,-56.219
-123.42,-78.366,-106.57
-239.97,-40.422,-446.54
-256.9,-26.551,-507.92
-43.58,-93.218,-11.129
-119.4,-94.282,-220.06
-165.43,-50.807,-309.31
-172.61,-54.215,-384
-59.86,-125.34,-12.854
-149.79,-57.887,-273.38
-128.29,-105.04,-223.6
-206.76,-82.709,-348.77
-218.49,-19.479,-527.37
-74.624,-123.1,-52.96
-253.88,-50.254,-500.42
-72.532,-112.95,-79.564
-142.4,-61.7,-213.35
-221.26,-24.207,-450.87
-200.59,-51.424,-335.21
-122.27,-66.956,-185.34
-111.53,-107.02,-182.33
-197.67,-65.148,-306.09
-214.22,-54.277,-512.51
-76.299,-75.632,-46.077
-237.57,-26.743,-464.02
-131.63,-82.029,-259.66
-87.947,-83.363,-125.5
-189.85,-93.991,-313.62
-197.51,-77.406,-425.74
-205.9,-65.357,-472.27
-106.83,-100.6,-181.32
-179.71,-67.697,-407.88
-186.31,-59.343,-433.84
-172.82,-50.597,-298.85
-219.67,-53.419,-525.61
-83.356,-114.02,-102.65
-202.47,-85.617,-390.53
-94.277,-86.459,-21.544
-56.354,-97.401,-49.072
-133.7,-110.23,-216.28
-103.97,-108.73,-38.705
-236.53,-56.475,-431.12
-191.28,-37.307,-386.16
-255.04,-44.351,-495.73
-146.63,-103.93,-261.55
-197.87,-86.765,-317.52
-239.19,-60.487,-449.65
-196.82,-35.25,-456.19
-236.46,-25.894,-464.09
-198.93,-54.925,-473.87
-101.44,-105.99,-160.61
-127.93,-116.74,-158.88
-206.45,-82.58,-346.46
-180.81,-46.341,-404.6
-55.906,-86.045,-34.268
-115.18,-98.394,-205.01
-233.94,-66.357,-487.13
-146.45,-88.287,-296.71
-189.1,-82.959,-276.03
-158.91,-99.787,-193.24
-41.877,-98.813,-10.734
-211.27,-53.769,-355.15
-89.258,-86.888,-8.7858
-185.77,-95.186,-333.78
-86.67,-75.237,-91.516
-168.67,-56.537,-371.11
-212.01,-32.09,-411.5
-119.29,-116.41,-105.44
-86.135,-119.86,-9.5819
-102.73,-121.59,-79.241
-72.477,-125.43,6.3844
-106.33,-81.752,-180.63
-205.63,-27.412,-474.16
-200.97,-59.641,-321.25
-149.92,-76.502,-171.64
-102.6,-106.11,-163.21
-203.26,-87.012,-369.28
-70.981,-86.381,-79.524
-214.15,-47.505,-523.2
-77.311,-111.73,-93.146
-72.526,-78.968,3.0141
-90.04,-103.21,2.4431
-174.31,-87.021,-360.56
-69.644,-125.44,-29.091
-101.77,-71.841,-127.33
-164.47,-98.456,-308.28
-142.6,-62.799,-204.13
-161.42,-56.824,-255.8
-223.82,-24.54,-451.25
-180.93,-90.457,-359.43
-252.94,-54.307,-539.07
-187.82,-49.075,-439.91
-61.859,-112.57,-54.53
-102.88,-76.896,-159.47
-118.86,-110.67,-188.38
-99.751,-77.522,-150.44
-119.54,-118.67,-132
-154.23,-107.15,-254.31
-238.96,-60.533,-448.56
-120.73,-86.28,-227.29
-126.02,-66.232,-168.84
-245.17,-60.01,-503.48
-238.85,-24.267,-472.35
-77.258,-80.665,1.461
-187.02,-39.455,-376.58
-180.71,-98.372,-309.21
-93.526,-77.683,-44.529
-128.25,-107.28,-280.78
-212.55,-60.161,-405.52
-93.876,-112.03,-186.9
-151.59,-107.37,-203.75
-74.968,-125.81,2.2068
-132.73,-127.61,-210.1
-202.65,-83.075,-360.52
-187.75,-69.351,-481.47
-225.12,-29.536,-507.4
-148.62,-75.988,-348.34
-80.093,-89.586,-67.685
-195,-88.974,-455.28
-116.94,-104.02,-254.34
-200.8,-90.055,-456.02
-125.91,-110.93,-269.46
-221.45,-64.399,-424.95
-170.01,-108.11,-268.18
-84.322,-127.51,-26.079
-123.42,-117.41,-126.63
-98.001,-85.413,-127.76
-126.74,-77.257,-224.01
-42.212,-100.66,-31.865
-133.09,-75.246,-238.88
-103.74,-116.74,-70.53
-125.89,-101.58,-280.65
-150.46,-121.56,-260.98
-26.571,-121.64,-6.5592
-92.092,-134.17,-67.672
-131.55,-114.23,-147.91
-186.61,-105.16,-349.94
-103,-84.167,-144.6
-221.94,-82.882,-480.73
-165.64,-68.7,-407.6
-206.56,-55.84,-547.48
-183.65,-50.538,-401.89
-170.79,-108.6,-353.64
-83.372,-87.907,-96.504
-169.09,-71.325,-291.04
-169.47,-106.53,-262.82
-109.67,-83.454,-152.58
-148.97,-114.27,-202.99
-201.14,-37.648,-480.4
-58.853,-101.55,-83.263
-152.84,-71.439,-267.76
-96.984,-90.907,-88.955
-176.45,-53.763,-392.77
-213.81,-69.189,-540.79
-215.13,-28.205,-554.45
-174.9,-100.43,-391.2
-189.36,-58.9,-491.85
-139.8,-100.07,-171.1
-58.747,-113.47,-92.386
-110.45,-129.61,-111.21
-85.609,-112.79,-22.605
-174.1,-72.364,-297.55
-153.65,-66.42,-309.37
-202.76,-47.952,-538.29
-220.24,-81.423,-432.3
-128.61,-116.53,-263.56
-77.567,-130.28,-11.501
-52.858,-128.45,-65.469
-194.1,-66.335,-352.4
-166.58,-79.603,-411.98
-74.126,-137.33,-84.553
-111.67,-127.53,-196.51
-118.44,-81.209,-177.82
-77.602,-96.026,-129.42
-185.11,-72.203,-321.18
-246.48,-57.641,-511.98
-160.48,-62.96,-357.56
-165.82,-93.537,-392.28
-123.31,-117.78,-126.69
-183.32,-104.85,-319.2
-189.92,-94.952,-428.04
-185.33,-105.45,-337.78
-116.09,-120.55,-108.45
-213.22,-29.061,-540.86
-216.82,-26.601,-553.74
-157.24,-77.716,-382.34
-221.27,-78.299,-429.37
-214.83,-86.654,-421.75
-167.11,-114.84,-303.98
-118.46,-101.1,-259.99
-171.56,-63.447,-323.69
-173.09,-71.042,-299.07
-56.319,-92.073,-20.083
-44.516,-95.065,-15.606
-184.82,-84.998,-304.49
-88.441,-132.29,-48.682
-193.35,-100.78,-391.24
-53.921,-93.546,4.3401
-27.213,-110.3,-5.3818
-184.95,-88.739,-303.36
-198.78,-98.243,-394.04
-127.99,-125.96,-160.2
-206.18,-34.439,-523.62
-183.07,-49.536,-419.48
-115.94,-102.59,-252.27
-229.47,-77.764,-505.33
-136.02,-80.25,-204.21
-114.51,-131.78,-173.55
-204.44,-35.216,-495.31
-159.84,-116.13,-252.12
-66.12,-91.911,-27.993
-103.77,-131.05,-167.55
-60.999,-123.8,-92.018
-192.27,-56.91,-373.26
-116.17,-123.58,-113.39
-177.22,-56.202,-435.81
-251.4,-61.588,-547.64
-164.41,-85.134,-401.15
-170.08,-97.981,-257.42
-37.069,-117.89,-34.765
-60.48,-137.19,-59.381
-139.68,-85.539,-324.98
-185.14,-53.682,-379.58
-140.53,-103.48,-171.32
-93.361,-87.946,-154.82
-105.02,-83.952,-146.26
-86.911,-98.689,-43.367
-133.37,-111.67,-284.99
-145.66,-96.456,-338.79
-179.95,-89.533,-429.98
-96.021,-91.054,-178.34
-108.04,-112.64,-223.11
-161.65,-94.676,-233.53
-217.55,-71.251,-540.8
-183.85,-89.764,-299.83
-77.83,-136.77,-94.093
-151.93,-108.26,-205.39
-141.87,-84.558,-200.76
-232.86,-74.252,-530.3
-67.245,-90.514,-52.263
-245.29,-58.511,-507.85
-58.8,-133.67,-67.873
-177.96,-70.892,-451.44
-76.245,-117.37,2.7273
-207.43,-82.107,-377.13
-84.353,-95.256,-149.54
-170.42,-101.02,-382.82
-166.4,-66.943,-408.49
-108.97,-98.263,-231.68
-187.72,-47.405,-421.95
-146.11,-118.34,-286.12
-90.137,-135.32,-122.41
-69.317,-139.06,-16.785
-89.171,-87.027,-124.6
-126.43,-78.177,-208.56
-149.91,-121.91,-243.99
-110.59,-104.16,-236.55
-71.28,-106.07,-124.66
-166.92,-114.64,-285.06
-104.37,-133.03,-105.97
-176.35,-83.914,-282.29
-178.88,-59.801,-346.56
-213.17,-30.447,-554.71
-81.18,-95.205,-40.123
-221.52,-81.574,-495.61
-168.28,-59.948,-345.25
-132.99,-112.7,-281.9
-153.88,-66.31,-310.06
-117.94,-126.54,-126.21
-207.6,-90.424,-393.59
-226.02,-40.457,-473.57
-216.98,-76.203,-523.35
-173.36,-81.376,-429.29
-84.974,-90.204,-70.116
-217.08,-77.498,-518.39
-198.97,-96.636,-370.75
-183.03,-101.13,-305.81
-192.83,-69.854,-343.06
-178.56,-101.95,-289.52
-123.68,-113.42,-124.67
-207.12,-80.35,-498.55
-47.433,-99.95,-45.645
-137.89,-113.35,-290.36
-86.88,-134.64,-52.3
-121.19,-80.362,-236.15
-189.15,-55.227,-375.4
-59.765,-141.84,-22.017
-79.412,-126.97,-131.05
-199.04,-97.564,-378.92
-164.09,-89.03,-244.79
-134.46,-119.1,-266.71
-110.2,-105.84,-89.923
-208.13,-69.061,-382.88
-65.459,-102.97,-104.89
-104.69,-134.56,-137.79
-85.22,-138.05,-72.332
-174.67,-109.4,-348.41
-49.591,-111.91,-67.416
-226.08,-24.919,-529.36
-255.24,-54.194,-545.76
-176.59,-104.94,-374.88
-173.21,-61.725,-429.9
-68.276,-140.11,-21.96
-73.949,-123.58,-124.16
-158.75,-78.954,-250.1
-51.865,-98.089,-53.789
-133.66,-117.54,-157.99
-249.84,-61.696,-537.26
-112.02,-128.47,-112.44
-83.839,-127.76,-139.28
-165,-74.014,-408.36
-29.26,-114.26,-13.619
-248.36,-49.995,-516.59
-192.02,-98.912,-340.8
-241.29,-69.861,-526.23
-214.48,-67.395,-546.44
-116.33,-105.95,-251.35
-178.14,-61.216,-339.82
-184.16,-88.189,-301.09
-156.67,-64.793,-322.7
-126.67,-84.751,-276.92
-199.06,-59.133,-378.39
-77.782,-110.06,-144.06
-127.36,-101.99,-284.37
-163.27,-69.363,-288.95
-176.04,-78.581,-439.66
-140.04,-102.48,-170.37
-214.41,-37.028,-469.8
-222.36,-35.136,-483.91
-87.259,-99.593,-42.211
-158.74,-98.276,-223.78
-186.31,-77.643,-466.93
-214.47,-53.646,-421.42
-113.74,-88.857,-130.14
-221.5,-76.492,-427.45
-231.24,-75.157,-526.6
-198.83,-65.865,-515.17
-88.801,-136.37,-112.68
-177.78,-99.624,-397.69
-100.11,-85.379,-128.07
-54.481,-98.496,-63.115
-235.39,-52.607,-474.86
-157.66,-64.939,-315.41
-217.38,-84.821,-429.31
-165.45,-73.785,-409.87
-115.83,-83.898,-155.84
-91.78,-116.63,-38.243
-121.27,-93.72,-268.17
-135.84,-73.884,-262.1
-243.59,-42.617,-508.03
-89.681,-114.16,-174.32
-79.223,-104.42,-146.41
-164.85,-60.785,-345.57
-119.78,-79.49,-214.49
-80.543,-138.56,-82.231
-130.25,-124.37,-162.4
-81.389,-137.89,-90.827
-129.17,-122.96,-243.55
-129.42,-92.969,-293.75
-94.652,-103.7,-53.107
-117.48,-129.18,-196.77
-149.24,-71.49,-339.45
-39.19,-110.05,-38.019
-152.34,-107.66,-332.97
-180.53,-54.661,-449.17
-98.778,-110.81,-57.513
-137.25,-75.974,-228.74
-225.77,-78.056,-514.6
-200.26,-94.503,-368.18
-168.81,-73.021,-285.62
-149.79,-122.04,-248.47
-119.72,-103.91,-115.88
-200.58,-84.876,-353.96
-131.51,-109.35,-145.7
-227.84,-76.74,-520.9
-252.51,-38.535,-536.67
-176.66,-97.414,-403.34
-137.55,-120.09,-267.67
-106.41,-93.434,-100.65
-71.023,-140.4,-47.072
-215.33,-74.148,-402.5
-72.745,-112.64,10.28
-88.471,-131.99,-136.12
-155.33,-111.52,-325.73
-185.93,-105.09,-339.17
-74.408,-91.291,-99.857
-131.42,-75.744,-235.82
-176.99,-56.286,-364.97
-123.33,-78.558,-208.16
-78.943,-98.523,-138.83
-157.55,-72.515,-268.46
-71.477,-120.24,-122.18
-139.77,-90.027,-183.82
-56.723,-142.34,-7.8927
-214.39,-78.818,-401.04
-118.27,-109.2,-109.41
-107.49,-130.7,-105.31
-207.28,-84.3,-378.36
-142,-124.5,-218.35
-235.74,-63.068,-473.12
-91.218,-136.96,-106.92
-179.67,-102.88,-295.64
-84.467,-88.417,-118.68
-227.15,-31.112,-503.05
-114.95,-130.72,-183.66
-114.9,-84.474,-228.67
-185.41,-70.31,-473.98
-237.49,-31.396,-516.34
-38.694,-130.74,-27.543
-202.91,-84.551,-362.1
-100.26,-86.013,-121.92
-53.081,-123.11,-72.998
-82.069,-106.37,-18.718
-114.88,-86.752,-236.17
-212.28,-30.48,-547.49
-104.25,-83.721,-151.78
-202.04,-91.469,-449.39
-158.89,-112.16,-234.31
-173.04,-102.93,-270.48
-144.53,-123.64,-225.09
-115.23,-104.39,-103.96
-213.26,-69.542,-397.21
-115.95,-85.057,-149.82
-103.86,-123.25,-194.51
-146.58,-103.53,-330.49
-172.19,-77.898,-429.61
-100.12,-131.98,-85.287
-97.196,-132.15,-76.19
-126.45,-121.33,-141.44
-106.02,-84.923,-136.79
-180.3,-84.705,-292.04
-132.03,-89.9,-166.38
-188.97,-45.895,-436.44
-138.12,-126.04,-215.98
-71.312,-96.931,-111.54
-106.2,-92.917,-101.6
-152.12,-85.952,-220.12
-111.24,-83.77,-151.08
-214.67,-51.497,-426.35
-119.05,-87.71,-254.01
-197.06,-77.959,-489.33
-220.14,-63.003,-422.12
-193.93,-45.129,-428.23
-53.607,-122.48,-74.921
-125.27,-116.46,-131.19
-222.41,-23.275,-548.54
-140.35,-125.05,-234.71
-243.44,-40.513,-510.52
-53.098,-138.95,-36.657
-155.8,-119.69,-261.55
-176.34,-54.54,-420.6
-95.501,-112.61,-48.357
-145.72,-98.148,-188.17
-101.14,-134.37,-102.89
-71.244,-94.994,-105.69
-148.31,-122.51,-240.29
-232.36,-69.788,-465.63
-226.68,-44.236,-466.12
-90.123,-137.42,-96.077
-185.04,-88.89,-303.62
-154.11,-80.13,-237.63
-166.92,-114.66,-285.33
-192.57,-47.011,-416.81
-159.97,-91.527,-231.45
-122.18,-86.803,-154.06
-87.183,-117.29,-26.104
-138.79,-72.992,-259.02
-117.26,-80.731,-215.73
-140.07,-114.02,-292.66
-213.1,-85.705,-557.54
-77.711,-148.17,-58.8
-154.52,-75.297,-384.14
-232.45,-42.558,-543.74
-173.35,-94.197,-467.25
-160.49,-125.99,-292.44
-227.83,-85.712,-515.02
-113.53,-138.17,-145.92
-174.22,-115.6,-407.44
-60.154,-105.24,-65.151
-232.99,-82.547,-537.41
-104.28,-132.78,-239.66
-73.663,-139.7,-155.42
-34.303,-155.59,-21.448
-133.81,-133.42,-291.99
-43.645,-112.88,-68.219
-185.65,-104.35,-463.07
-135.17,-84.871,-292.96
-171.04,-72.66,-470.42
-210.11,-41.679,-529.21
-179.15,-102.34,-460.97
-162.89,-125.67,-345.9
-62.393,-132.13,-137.09
-74.31,-145.22,-143.55
-55.969,-120.45,-118.89
-57.133,-137.97,-118.15
-105.77,-131.56,-245.49
-212,-94.097,-517.93
-97.737,-99.421,-152.16
-144.82,-117.7,-359.51
-76.563,-152.58,-80.711
-217.01,-93.393,-478.9
-184.61,-63.918,-414.53
-65.482,-148.59,-22.552
-23.311,-152.65,-9.278
-216.36,-92.647,-468.65
-105.54,-122.8,-112.53
-166.37,-71.506,-370.74
-95.716,-98.289,-166.55
-224.63,-80.07,-481.72
-87.93,-108.16,-200.56
-185.63,-55.733,-470.65
-215.5,-93.157,-519.46
-135.41,-99.084,-219.15
-165.31,-93.289,-448.24
-172.21,-120.71,-375.26
-211.94,-52.859,-483.21
-190.24,-52.31,-506.43
-82.135,-102.79,-158.74
-180.59,-59.507,-446.97
-149.63,-87.983,-399.63
-82.517,-111.22,-188.11
-174.79,-64.528,-468.52
-70.394,-129.33,-18.38
-136.34,-102.42,-213.87
-214.6,-95.742,-491.04
-164.61,-125.42,-343.83
-90.329,-99.65,-167.92
-57.929,-105.78,-76.113
-84.294,-103.21,-107.8
-94.495,-98.497,-175.79
-39.833,-108.57,-1.2071
-215.99,-89.089,-455.94
-133.29,-120.37,-188.84
-153.55,-89.401,-281.35
-48.694,-109.09,-10.012
-170.75,-120.73,-322.03
-187.56,-54.09,-494.47
-133.28,-131.88,-198.8
-86.762,-149.17,-148.96
-28.156,-114.37,-25.129
-213,-62.503,-461.32
-161.81,-115.98,-275.01
-173.08,-75.69,-480.82
-35.859,-155.73,-23.762
-128.09,-93.546,-320.91
-155.55,-129.69,-289.16
-86.556,-117.21,-69.756
-163.69,-75.602,-347.17
-90.592,-136.13,-74.247
-132.18,-137.07,-270.85
-47.19,-127.15,-97.902
-177.47,-100.24,-463.57
-87.417,-105.13,-103.08
-32.035,-154.63,-21.253
-107.43,-102.35,-258.14
-168.23,-93.33,-304.44
-19.662,-135.13,-24.828
-184.27,-93.747,-346.02
-57.13,-127.42,-124.87
-45.066,-126.21,-91.867
-194.37,-109.14,-423.63
-182.44,-71.823,-513.66
-212.33,-95.9,-457.7
-172.56,-95.815,-462.69
-157.57,-86.485,-297.22
-185.54,-62.487,-520.58
-33.885,-128.65,-62.336
-138.64,-125.65,-327.22
-232.61,-74.479,-509.5
-210.37,-98.411,-461.91
-169,-121.33,-315.24
-188.44,-65.916,-410.34
-191.41,-77.334,-385.84
-85.401,-100.71,-134.96
-161.25,-123.46,-362.4
-70.39,-124.6,-21.108
-115.02,-133.54,-142.67
-238.94,-58.46,-532.35
-122.1,-139.09,-178.72
-127.07,-102.55,-192.78
-129.17,-88.477,-304.9
-136.62,-112.73,-200.9
-79.755,-117.93,-186.36
-143.92,-133.88,-249.99
-240.67,-69.736,-538.48
-115.59,-92.969,-253.75
-205.36,-85.147,-413.98
-120.82,-91.004,-238.9
-139.01,-82.881,-317.97
-53.791,-137.55,-110.32
-121.87,-112.18,-163.48
-197.04,-47.467,-521.11
-165.57,-119.6,-293.97
-137.34,-85.267,-335.38
-150.82,-129.66,-261.4
-192.1,-72.681,-397.07
-160.05,-91.139,-435.02
-56.213,-146.67,-99.884
-137.09,-106.08,-357.89
-129.18,-101.82,-199.13
-182.28,-109.36,-342.95
-174.32,-67.321,-394.5
-160.81,-117.03,-389.06
-150.13,-130.39,-318.81
-138.25,-86.355,-273.74
-42.005,-151.09,-55.585
-100.32,-137.9,-104.38
-153.99,-99.946,-259.78
-97.126,-123.85,-89.985
-237.59,-67.721,-525.1
-133.94,-135.51,-281.54
-29.259,-149.77,-30.574
-156.02,-129.05,-286.26
-169.46,-74.097,-465.46
-142.16,-82.187,-307.57
-142.85,-95.519,-243.69
-86.316,-128.58,-60.114
-86.215,-102.49,-115.49
-195.15,-106.28,-396.36
-183.43,-114.93,-404.52
-182.73,-75.124,-513.68
-174.58,-106.99,-312.95
-53.112,-155,-10.398
-218.79,-79.323,-459.46
-202.89,-43.59,-534.58
-115.95,-136.31,-253.92
-156.26,-85.892,-296.88
-196,-86.469,-530.44
-27.63,-126.88,-44.718
-189.07,-55.037,-519.81
-59.315,-155.21,-36.059
-219.05,-92.638,-507.09
-147.46,-119.33,-230.66
-137.33,-130.51,-308.63
-162.02,-70.747,-389.1
-166.93,-67.631,-419.86
-205.31,-97.616,-501.38
-164.8,-90.628,-449.39
-81.895,-119.05,-55.77
-73.92,-152.34,-108.87
-215.15,-38.945,-542.01
-92.754,-123.31,-223.07
-26.462,-112.89,-13.86
-109.75,-97.28,-251.91
-180.26,-59.104,-470.17
-119.2,-92.724,-274.64
-134.04,-121.05,-191.05
-133.03,-138.44,-258.76
-153.81,-96.583,-412.94
-230.64,-45.781,-532.58
-161.43,-79.834,-438.52
-55.29,-106.72,-76.046
-125.8,-139.59,-196.24
-36.459,-111.01,-37.365
-123.65,-120.21,-162.02
-226.4,-87.528,-521.91
-161,-84.846,-439.61
-195.35,-64.882,-423.18
-194.96,-101.74,-383.63
-137.56,-126.9,-205.25
-232.37,-54.548,-519.25
-119.91,-96.684,-197.73
-191.34,-109.57,-388.91
-215.86,-47.694,-504.61
-207.86,-95.168,-513.93
-91.28,-125.46,-217.69
-140.67,-135.71,-245.88
-85.312,-148.1,-83.362
-82.006,-147.8,-71.236
-161.05,-108.23,-413.53
-219.43,-50.749,-500.59
-91.784,-105.51,-110.07
-198.82,-81.218,-397.97
-94.473,-143.38,-189.99
-162.42,-127.03,-323.35
-110.17,-102.96,-269.37
-130.14,-105.24,-337.71
-145.86,-111.48,-226.68
-212.03,-69.439,-447.23
-105.94,-147.07,-173.67
-160.24,-118.91,-272.56
-72.512,-152.73,-103.72
-57.695,-155.94,-42.517
-49.346,-133.62,-102.33
-110.06,-99.339,-169.71
-149.32,-120.87,-359.49
-53.803,-156.38,-42.841
-46.509,-156.81,-1.2655
-112.92,-93.577,-215.86
-206.63,-40.793,-556.95
-112.01,-112.22,-139.13
-72.359,-106.13,-138.93
-161.3,-85.172,-307.68
-197.74,-107,-426.8
-129.1,-135.02,-279.09
-21.659,-122.73,-24.431
-78.496,-102.62,-106.58
-132.66,-88.369,-258.04
-46.244,-142.34,-85.37
-202.91,-54.735,-466.13
-138.91,-83.753,-296.1
-149.42,-92.326,-265.31
-196.34,-68.033,-559.68
-99.509,-148,-138.33
-164.59,-100.14,-286.44
-228.29,-50.347,-517.79
-118.27,-107.78,-161.68
-156.04,-77.613,-333.47
-234.94,-41.018,-551.97
-151.99,-112.27,-386.2
-52.449,-141.6,-101.54
-195.7,-108.2,-416.95
-173.94,-78.027,-484.06
-106.25,-133.43,-242.62
-148.42,-126.3,-241.57
-68.503,-114.08,-148.38
-113.23,-132.14,-260.58
-123.54,-141.87,-229.05
-187.68,-65.394,-531.59
-102.81,-99.185,-229.35
-75.315,-105.51,-79.008
-18.684,-117.89,-6.9772
-202.61,-91.047,-527.79
-212.06,-75.03,-440.59
-70.918,-115.29,-35.845
-193.69,-50.148,-499.64
-203.53,-94.607,-515.4
-220.74,-64.194,-476.43
-126.99,-122.39,-311.32
-122.32,-106.64,-313.27
-83.779,-150.79,-93.685
-186.99,-112.99,-413.51
-187.08,-81.975,-367.68
-103.75,-102.43,-145.31
-144.51,-81.204,-313.61
-128.01,-89.399,-249.64
-126.24,-131.35,-288.16
-178.44,-103.51,-324.94
-170.19,-123.03,-351.07
-158.71,-102.75,-268.27
-202.73,-99.909,-489.46
-115.36,-144.25,-181.95
-142.16,-114.5,-360.29
-110.33,-108.83,-275.72
-18.281,-122.47,-14.62
-63.953,-112.05,-28.392
-189.75,-70.015,-399.55
-167.67,-118.67,-300.59
-225.57,-87.709,-511.37
-179.2,-80.256,-354.09
-90.339,-116.48,-217.1
-89.807,-148.86,-154.8
-193.64,-109.31,-406.88
-127.16,-94.928,-216.81
-76.505,-108.71,-162.94
-210.74,-95.888,-507.36
-158.43,-99.593,-271.25
-92.773,-129.86,-77.285
-175.19,-118.27,-335.05
-62.87,-140,-0.93253
-206.28,-50.837,-483.89
-217.46,-36.588,-554.85
-95.497,-149.15,-154.35
-66.555,-113.63,-29.681
-85.404,-114.9,-70.803
-237.91,-63.862,-526.31
-180.71,-103.06,-332.29
-107.41,-95.329,-223.92
-185.2,-78.038,-518.91
-86.633,-123.9,-206.08
-33.629,-109.8,-19.009
-213.14,-42.595,-522.93
-111.39,-140.76,-229.15
-112.37,-99.105,-269.63
-202.71,-44.519,-560.97
-54.518,-153.91,-8.5297
-123.67,-95.831,-207.43
-83.058,-132.01,-51.496
-140.39,-94.456,-241.8
-139.57,-116.88,-350.04
-60.625,-150.45,-13.461
-111.48,-145.7,-186.72
-151.89,-79.518,-321.26
-227.68,-46.06,-526.62
-88.751,-140.91,-74.855
-69.217,-134.08,-152.87
-128.35,-118.18,-321.52
-235.47,-66.143,-517.66
-205.15,-88.911,-412.86
-65.449,-106.8,-54.179
-103.65,-133.32,-108.97
-188.09,-91.556,-503.81
-156.55,-122.59,-264.74
-195.18,-102.39,-477.44
-86.202,-136.95,-189.96
-25.822,-116.19,-23.697
-202.15,-68.202,-427.06
-66.033,-134.84,-144.02
-158.09,-92.623,-282.52
-148.93,-93.721,-260.69
-65.449,-114.48,-25.004
-93.386,-112.33,-224.08
-206.01,-84.791,-416.18
-56.73,-106.17,-76.172
-60.396,-106.02,-90.982
-78.19,-129.16,-38.689
-122.31,-101.81,-311.22
-55.938,-112.79,-106.55
-181.66,-67.127,-509.14
-184.27,-114.68,-404.13
-161.52,-123.4,-286.85
-189.94,-54.458,-523.01
-196.26,-103.3,-392.47
-90.063,-117.75,-216.6
-204.04,-42.687,-553.83
-230.46,-82.041,-514.07
-127.77,-131.18,-291.42
-123.66,-93.43,-219.16
-42.935,-122.75,-83.931
-184.83,-56.168,-490.02
-179.41,-70.474,-383.27
-155.95,-120.04,-372.17
-107.7,-133.93,-244.58
-154.59,-76.972,-398.16
-31.419,-157.16,-7.1025
-120.36,-90.797,-244.98
-102.66,-123.13,-104.81
-168.37,-73.36,-459.69
-49.407,-116.6,-94.737
-24.096,-116.68,-19.886
-68.911,-104.21,-81.656
-167.07,-25.048,-49.15
-150.03,-56.583,-50.191
-293.93,41.754,-502.72
-261.36,32.328,-526.24
-124.21,-20.005,33.811
-239.68,3.164,-264.4
-283.73,-4.4087,-441.41
-189.33,1.726,-236.69
-189.15,-7.2454,-254.57
-172.69,-1.6177,-119.51
-191.38,-38.43,-118.83
-201.79,6.3545,-277.6
-248.2,-7.1811,-443.08
-159.45,-10.409,-156.47
-243.51,-21.722,-276.34
-130.18,-58.464,-38.568
-174.53,-50.636,-127.02
-262.5,39.369,-478.91
-108.69,-18.084,-12.576
-226.56,19.596,-314.95
-199.36,1.349,-171.11
-153.48,-49.102,-24.83
-116.21,-49.756,-39.871
-288.5,23.756,-443.36
-165.62,-35.93,-43.171
-187.58,4.8918,-192.29
-133.3,-9.3208,-47.087
-282.5,18.707,-416.17
-196.04,7.4214,-209.62
-169.64,-45.328,-65.103
-223.88,11.909,-371.52
-253.03,2.497,-301.54
-186.12,-47.496,-140.43
-174.42,-48.757,-147.04
-166.62,-5.4264,-168.38
-198.18,-38.936,-230.11
-263.76,39.486,-467.83
-199.12,-11.27,-139.92
-263.96,-15.223,-424.67
-122.32,-15.15,-46.306
-132.7,-9.85,-28.24
-160.84,-54.08,-77.23
-208.01,10.813,-287.16
-259.59,7.1931,-327.33
-209.59,-32.969,-274.31
-133.65,-59.243,-36.441
-136.16,-26.173,-104.13
-163.16,-53.513,-82.806
-230.3,3.8493,-242.24
-240.66,-5.5877,-426.99
-211.22,-39.903,-214.33
-194.91,-34.946,-239.62
-243.83,10.43,-459.53
-257.34,30.519,-393.89
-202.56,-11.864,-147.34
-138.46,-52.742,-76.101
-213.74,-15.39,-172.77
-178.66,-29.004,-214.83
-209.98,8.6209,-220.51
-120.93,-21.797,-58.282
-142.4,-57.203,-19.223
-246.3,-25.556,-339.37
-91.239,-26.16,18.063
-131.27,-22.036,-87.933
-205.24,9.9878,-274.93
-174.31,-25.279,-207.54
-268.69,42.455,-526.81
-247.6,25.636,-464.99
-117.09,-17.735,-38.159
-185.03,-26.736,-234.51
-249.28,27.768,-371.8
-218.54,-36.279,-262.26
-118.5,-60.507,-12.295
-176.31,-50.254,-129.53
-155.29,-44.644,-22.42
-240.77,-28.303,-312.89
-275.96,22.211,-402.22
-181.5,-42.504,-95.859
-280.42,1.9452,-402.91
-213.24,0.68133,-339.05
-192.1,-37.909,-120.15
-253.68,-21.99,-365.78
-245.94,17.402,-468.67
-95.709,-44.992,-0.51636
-285.57,45.803,-506.27
-143,-21.949,-120.97
-143.93,-16.706,-12.162
-213.85,-38.164,-207.66
-227.2,-31.378,-303.5
-95.027,-42.981,-0.14947
-226.79,5.0783,-237.18
-239.96,-28.565,-298.74
-140.8,-8.2603,-45.98
-177.17,-44.031,-174.89
-253.7,20.529,-342.82
-162.27,-53.679,-96.011
-285.76,3.1666,-427
-201.65,-4.0267,-159.43
-168.98,-50.413,-130.85
-147.84,-55.856,-31.454
-178.4,-14.109,-88.36
-181.26,-29.786,-82.588
-179.08,2.1366,-159.82
-260.27,1.2667,-497.77
-210.73,8.2374,-219.3
-193.39,1.3605,-256.11
-259.46,20.236,-525.54
-258.67,-18.525,-398.8
-229.81,12.016,-265.71
-271.84,-9.8999,-386.59
-91.562,-32.943,8.9601
-151.27,-36.949,-137.05
-195.18,-36.887,-233.58
-159.65,-35.271,-27.791
-169.95,-44.831,-159.38
-174.15,-18.353,-72.441
-299.09,32.247,-491.88
-230.14,20.664,-319.66
-253.89,-5.7489,-461.14
-101.28,-40.961,-15.735
-170.81,-19.93,-62.878
-252.36,18.537,-496.23
-157.7,-33.43,-156.77
-131.53,-57.572,17.522
-298.68,37.067,-501.01
-243.12,12.263,-293.67
-234.79,19.89,-407.76
-252.41,-7.1473,-453.21
-173.29,-10.15,-86.055
-243.41,7.0598,-281.61
-207.88,12.055,-259.93
-220.2,16.569,-288.45
-215.18,-27.856,-303.85
-240.8,-16.877,-394.38
-119.5,-15.079,23.388
-143.94,-50.932,-0.89476
-278.85,-1.6297,-400.58
-235.41,16.951,-296.09
-201.71,-15.721,-294.58
-203.49,-10.055,-152.1
-269.12,27.539,-399.55
-255.46,-0.40641,-306.77
-160.9,-24.008,-35.795
-221.74,16.619,-338.6
-130.41,-54.837,-54.827
-190.08,-45.729,-178.26
-273.58,45.842,-528.92
-139.5,-50.893,11.853
-294.01,1.4951,-485.01
-216,9.8221,-337.47
-247.25,-7.601,-439.51
-225.08,18.909,-309.26
-167.73,-2.4579,-109.6
-300.74,12.752,-488.34
-226.69,17.879,-365.64
-153.63,-46.949,-122.17
-142.48,-13.688,-18.331
-181.76,-1.8511,-129.34
-95.788,-45.135,-0.59394
-168.34,-51.925,-116.05
-165.8,-42.282,-48.627
-251.85,33.253,-437.83
-228.79,-2.6347,-394.67
-223.18,-35.603,-252.09
-231.25,-18.389,-369.1
-115.87,-59.683,-12.315
-253.84,23.697,-355.24
-140.62,-58.797,-31.13
-149.87,-10.147,-122.8
-122.55,-48.148,-56.057
-217.75,9.9718,-345.81
-95.601,-54.405,11.136
-220.44,-13.921,-352.34
-235.26,-16.409,-384.38
-203.33,-23.49,-141.78
-196.33,-39.765,-138.71
-144.2,-8.9816,-97.079
-260.61,38.198,-467.34
-109.98,-32.826,-37.82
-223.93,-3.0776,-377.69
-246.48,9.183,-294.03
-211.62,-18.883,-318.57
-220.69,-11.301,-357.52
-190.51,0.49231,-153.15
-236.16,7.8773,-428.57
-242.32,27.995,-393.97
-254.28,32.837,-478.21
-152.41,-52.42,-99.898
-236.53,7.7411,-429.99
-94.591,-30.319,3.2236
-160.29,-23.648,-169.8
-241.41,22.319,-331.81
-140.04,-9.9809,-86.261
-164.61,-35.252,-40.369
-248.94,-20.055,-390.39
-107.04,-18.856,-10.088
-208.02,-23.921,-298.71
-222.01,-33.226,-288.17
-235.58,-4.5492,-242.36
-128.12,-10.86,-16.592
-245.9,10.216,-294.94
-276.64,-9.2348,-419.89
-105.94,-15.117,30.116
-240.32,23.524,-339.28
-138.19,-17.844,-102.65
-180.59,-32.577,-81.414
-203.95,-21.574,-292.91
-162.13,-53.84,-82.462
-111.03,-34.804,-40.652
-261.1,-13.658,-437.88
-144.28,-52.691,-6.1512
-164.72,-48.352,-136.87
-150.1,-9.829,-45.72
-213.8,10.997,-321.61
-251.41,-5.4911,-455.96
-257.74,34.22,-496.85
-215.07,-33.592,-279.63
-194.27,-42.47,-140.79
-250.43,-22.472,-317.67
-171.77,-13.54,-75.223
-240.41,5.3846,-443.19
-241.82,-22.874,-271.94
-187.44,-17.956,-249.99
-111.79,-58.263,-10.795
-266.99,-5.9891,-485.72
-161.23,-47.071,-43.425
-172.29,-51.311,-118.54
-247.34,-21.557,-294.36
-131.43,-60.347,-24.166
-131.55,-42.939,40.677
-276.73,34.847,-441.94
-103.95,-64.292,27.449
-241.38,26.815,-412.68
-261.08,-15.577,-345.86
-263.94,-16.922,-384.12
-181.66,2.5812,-189.97
-85.325,-40.692,22.207
-161.48,-14.918,-169.94
-184.13,-22.521,-237.02
-210.97,7.3801,-319.61
-156.07,-33.28,-18.964
-290.87,1.2954,-461.81
-235.94,8.3899,-266.61
-111.9,-20.454,-29.536
-266.61,-12.442,-447.07
-226.88,-30.752,-230.53
-168.92,-35.317,-51.531
-144.55,-57.497,-56.385
-302.18,34.084,-504.96
-142.36,-56.596,-15.118
-260.3,0.34902,-323.56
-183.02,-28.217,-227.12
-227.98,-5.0331,-389.17
-188.16,0.1404,-148.03
-166.99,-21.588,-188.96
-118.85,-56.016,-30.485
-158.79,-4.6247,-86.572
-274.28,32.217,-427.03
-287.69,41.748,-490.09
-91.616,-47.034,10.345
-180.46,-40.56,-193.29
-202.98,4.3089,-290.52
-220.79,-7.9009,-362.47
-123.9,-62.075,15.954
-189.98,-3.9742,-253.8
-194.39,-44.054,-194.32
-260.04,-2.295,-321.88
-255.72,20.029,-510.34
-139.66,-58.827,-23.702
-298.43,23.089,-477.29
-135.55,-57.288,-51.913
-178.29,-0.19438,-194.46
-250.39,32.414,-434.83
-234.65,20.507,-315.86
-161.72,-11.307,-165.84
-176.74,-48.096,-153.57
-236.6,13.627,-284.33
-271.11,-6.5366,-487.81
-111.72,-20.039,-27.974
-266.58,37.984,-447.18
-188.18,-31.072,-234.74
-136.28,-33.718,-103.56
-248.65,-14.733,-284.94
-259.97,-18.293,-397.92
-265.7,-12.609,-446.04
-169.05,-45.861,-154.04
-237.68,-18.381,-382.64
-241.42,-12.787,-409.88
-207.28,10.95,-280.46
-276.68,-4.9962,-500.8
-147.86,-55.806,-74.216
-264.03,-14.971,-361.8
-129.08,-12.761,-1.7474
-109.35,-49.532,-25.708
-200.78,-43.348,-186.04
-152.36,-27.151,-13.381
-279.06,20.666,-408.29
-225.75,16.116,-368.62
-295.19,29.213,-474.1
-213.36,-39.077,-231.64
-251.21,-5.0031,-290.47
-286.06,15.743,-425.41
-238.38,7.9757,-437.27
-265.2,37.947,-447.42
-254.18,-9.1593,-449.94
-165.21,-49.421,-132.6
-192.34,-41.142,-128.65
-259.41,-1.9512,-319.65
-225.36,-0.6872,-384.38
-100.21,-38.31,-13.921
-177.55,-43.485,-177.67
-290.48,1.003,-460.48
-208.64,-33.748,-269.46
-236.39,0.32279,-250.91
-211.36,-15.586,-166.23
-93.556,-52.301,12.034
-247.19,21.504,-334.8
-123.64,-13.774,10.805
-248.86,-21.922,-304.25
-125.83,-21.894,-72.358
-217.32,-9.678,-349.35
-242.46,28.07,-394.63
-178.09,-36.17,-76.654
-140.96,-41.17,17.665
-164.54,-45.379,-49.844
-131.33,-50.816,34.592
-157.31,-31.552,-157.71
-243.09,16.025,-456.63
-237.97,17.039,-300.38
-187.44,0.84738,-150.52
-166.55,-49.284,-135.11
-262.61,-11.583,-340.81
-118.45,-37.814,-57.994
-268.46,-3.3771,-499.77
-140.43,-55.965,-65.447
-104.09,-15.72,20.589
-132.49,-23.734,25.491
-238.54,-27.679,-332.1
-133.89,-59.205,0.10172
-140.58,-16.75,-108.11
-230.52,-32.696,-278.52
-177.86,0.81433,-185.23
-196.16,7.2495,-237.04
-252.67,33.657,-435.15
-245.69,-26.051,-330.26
-305.34,12.168,-513.95
-237.31,-5.1043,-418.17
-123.49,-58.843,-27.56
-148.83,-25.968,-138.22
-185.53,-47.55,-158.67
-145.5,-26.674,-129.26
-183.22,-42.722,-101.98
-220.32,-35.539,-223.92
-285.76,15.773,-424.34
-177.71,-34.953,-202.18
-162.02,-5.3669,-149.98
-297.78,9.6892,-477.94
-267.24,39.113,-455.86
-109.05,-14.419,19.432
-222.37,13.648,-358.77
-243.44,-22.868,-279.56
-126.35,-10.781,-26.13
-203.43,-56.497,-249.43
-258.83,7.9461,-382.34
-166.39,-63.613,-156.73
-211.52,-27.861,-174.65
-134.09,-50.371,30.597
-209.56,-56.144,-176.01
-258.59,-7.2942,-333.19
-254.97,-28.513,-453.93
-264.26,20.097,-488.64
-210,-32.634,-322.55
-125.97,-32.483,-45.807
-268.88,-34.25,-423.97
-188.97,-55.965,-224.37
-274.22,-31.662,-424.48
-202.23,-58.616,-237.56
-271.03,6.5049,-400.34
-235.24,-29.217,-237.32
-146.33,-51.245,3.3944
-184.81,-38.375,-97.076
-145.76,-29.562,-105.36
-176.64,-23.722,-201.11
-97.781,-57.471,-8.102
-182.47,-21.079,-216.1
-161.27,-39.404,-42.494
-198.14,-53.536,-250.61
-226.84,-50.171,-227.05
-94.512,-78.424,21.484
-162.07,-59.395,-35.599
-192.22,-34.942,-118.58
-257.67,-32.096,-317.67
-151.25,-28.698,-122.07
-289.99,-17.839,-450.35
-227.12,-27.712,-382.03
-270.71,-18.976,-521.42
-229.74,-1.6647,-380.8
-247.71,-45.115,-320.35
-131.46,-34.581,-74.261
-215.65,-5.798,-268.04
-233.15,-27.325,-232.46
-157.18,-25.561,-130.06
-213.47,-34.624,-172.3
-246.5,4.2456,-460.31
-118.42,-57.593,-58.035
-199.72,-11.468,-245.23
-142.99,-27.142,-66.33
-224.74,-6.842,-371.13
-283.51,-23.542,-511.88
-261.94,6.202,-534.64
-251.16,-43.352,-358.82
-251.42,-21.436,-466.45
-193.43,-23.355,-144.48
-126.69,-68.526,-64.16
-179.76,-52.801,-79.155
-138.09,-38.499,3.3665
-221.11,-4.7466,-274.18
-202.99,-14.912,-286.89
-261.75,-13.521,-514.26
-281.23,-8.6917,-403.55
-206.91,-60.163,-230.55
-140.67,-54.781,18.271
-127.34,-78.6,-34.467
-240.74,1.8565,-329.09
-234.96,-36.335,-383.78
-152.03,-75.974,-51.154
-191.01,-66.427,-162.64
-166.18,-23.195,-155.2
-136.19,-50.514,-104.37
-232.92,-2.3069,-297.29
-298.56,10.724,-486.77
-212.84,-17.094,-334.62
-240.02,-43.816,-361.39
-184.96,-38.742,-97.046
-250.73,-28.119,-287.81
-264.75,-36.848,-396.05
-255.18,-30.826,-305.77
-178.43,-41.868,-78.604
-259.1,6.9204,-521.2
-262.22,8.599,-534.34
-222.44,-35.054,-355.3
-279.78,-5.1176,-401.43
-278.65,-14.048,-392.04
-241.81,-42.866,-270.57
-189.19,-53.849,-230.56
-217.31,-4.3465,-301.64
-219.73,-4.6376,-275.95
-102.22,-40.034,1.2689
-94.065,-48.718,6.4078
-238.07,-9.1906,-278.09
-155.49,-56.625,-17.529
-265.97,-32.341,-358.93
-97.898,-38.06,25.39
-88.092,-69.098,20.007
-240.25,-11.778,-276.13
-269.12,-27.593,-362.28
-198.07,-48.431,-127.8
-254.41,1.7042,-503.14
-231.07,-4.5432,-398.14
-187.04,-55.088,-222.68
-296.22,-13.904,-475.52
-183.09,-16.637,-181.23
-192.69,-63.652,-139.34
-249.67,5.3402,-475.4
-229.82,-38.594,-219.75
-110.94,-35.391,-6.5424
-182.95,-68.545,-133.59
-134.58,-75.011,-61.437
-236.49,4.076,-351.54
-180.97,-45.072,-82.716
-232.63,-16.3,-412.45
-309.63,4.0279,-520.59
-235.08,-39.885,-371.95
-227.8,-19.379,-229.18
-104.39,-74.396,-6.9077
-137.75,-79.507,-26.587
-205.47,-41.07,-297.55
-229.78,1.0043,-358.39
-196.07,-25.572,-143.91
-147.27,-39.415,-131.07
-152.95,-27.606,-123.75
-133.51,-30.752,-20.099
-210.67,-57.521,-252.56
-218.58,-48.386,-308.52
-253.9,-39.149,-399.11
-154.4,-44.578,-153.26
-182.85,-62.192,-191.93
-215.93,-17.525,-206.64
-287.7,-22.833,-511.44
-239.51,-12.577,-272.45
-155.92,-75.069,-60.593
-212.55,-28.643,-176.05
-189.82,-15.721,-176.93
-300.18,-13.806,-500.65
-114.28,-38.173,-30.487
-297.58,10.099,-482.55
-135.47,-79.422,-35.649
-244.09,-30.066,-424.27
-129.99,-43.005,29.144
-264.05,-6.7304,-349.61
-143.79,-49.557,-124.18
-246.83,-44.979,-350.49
-226.79,-26.064,-383.31
-176.16,-52.179,-203.6
-233.8,-0.52503,-401.07
-224.88,-55.062,-252.22
-168.61,-71.717,-88.579
-140.1,-67.565,15.221
-139.32,-35.615,-101.84
-174.85,-21.732,-185.87
-224.32,-47.594,-210.44
-181.62,-56.628,-206.99
-136.54,-61.205,-97.365
-238.98,-39.288,-252.2
-176.28,-58.176,-73.225
-227.73,-9.3858,-256.68
-224.02,-1.341,-324.79
-261.76,3.2324,-534.36
-126.46,-30.975,-17.703
-290.89,-19.877,-465.13
-215.54,-7.7019,-323.4
-210.57,-57.971,-249.31
-203.2,-14.811,-287.58
-185.87,-48.671,-94.524
-271.37,-16.099,-363.71
-266.92,18.592,-453.2
-287.85,-23.725,-493.32
-243.72,-36.789,-400.26
-130.53,-30.426,-48.069
-288.03,-23.728,-488.2
-265.17,-21.877,-339.98
-246.46,-22.93,-275.64
-240.58,0.12743,-319.18
-241.22,-23.248,-259.56
-182.37,-34.786,-96.09
-279.18,-28.3,-468.16
-103.35,-56.31,-21.715
-215.97,-57.051,-257.43
-156.15,-60.064,-20.493
-175.75,-31.779,-212.17
-233.31,3.0564,-353.99
-134.91,-76.524,10.847
-156.31,-73.483,-98.824
-266.88,-24.079,-347.72
-216.01,-13.799,-218.92
-213.5,-59.143,-233.06
-162.49,-30.707,-63.93
-257.59,2.6447,-358.23
-127.42,-58.689,-78.801
-181.75,-65.108,-103.83
-159.58,-67.452,-39.183
-250.54,-42.374,-315.11
-115.14,-68.251,-40.155
-265.24,20.122,-511.08
-307.99,12.407,-520.51
-252.98,-42.733,-341.91
-231.96,-21.892,-405.39
-140.61,-69.978,10.436
-149.04,-72.938,-92.857
-206.49,-10.326,-226.37
-106.84,-53.691,-30.103
-197.23,-38.079,-127.64
-307.05,4.9339,-510.46
-180.48,-51.203,-80.628
-161.4,-72.928,-106.69
-229.88,-32.331,-381.53
-93.189,-72.43,12.891
-296.1,16.882,-493.03
-256.98,-22.275,-310.27
-303.67,-4.5149,-497.78
-283.73,-22.809,-517.8
-189.23,-57.257,-221.01
-223.37,-1.6204,-317.91
-238.99,-11.414,-274.05
-206.21,-14.308,-300.25
-188.21,-39.433,-250.87
-243.88,5.5606,-356.08
-146.69,-63.924,-115.37
-200.06,-53.648,-254.14
-209.59,-7.4602,-266.41
-245.57,-34.943,-411.03
-194.96,-24.925,-143.21
-255.19,14.829,-450.24
-262.25,18.504,-464.47
-134.16,-31.017,-18.769
-214.46,-20.249,-196.3
-256.83,-33.038,-437.86
-258.61,11.15,-399.34
-160.58,-23.024,-107.01
-278.62,-3.2282,-399.98
-298.94,-14.801,-496.84
-266.22,-25.356,-487.6
-166.87,-71.524,-78.861
-253.83,-42.188,-365.34
-147.45,-28.306,-105.69
-110.42,-54.149,-39.103
-281.76,14.752,-451.74
-206.1,-12.444,-293.13
-280.59,-12.494,-399.83
-230.3,-32.163,-383.06
-162.76,-22.741,-133.17
-147.37,-40.594,-11.012
-188.11,-47.989,-240.24
-186.97,-22.694,-239.03
-286.76,21.232,-486.38
-162.64,-65.457,-143.97
-144.79,-59.154,-118.97
-213.38,-10.499,-323.49
-171.18,-27.919,-191.29
-157.53,-72.559,-48.661
-199.21,-46.238,-130.33
-158.96,-73.134,-57.186
-208.49,-61.016,-209.6
-197.57,-47.213,-265.37
-143.94,-31.685,-28.482
-196.62,-64.188,-162.56
-206.6,-27.132,-314.95
-101.83,-67.686,-11.899
-229.76,-51.818,-300.32
-236.13,-15.596,-425.83
-152.04,-35.447,-31.159
-184.82,-17.194,-206.1
-294.72,-18.127,-484.45
-264.56,-18.972,-337.99
-215.7,-6.2582,-262.37
-224.91,-48.606,-214.77
-172.38,-28.257,-89.707
-257.14,-8.7162,-326.38
-188.98,-30.805,-117.55
-296.43,-17.029,-490.89
-295.25,24.468,-515.25
-252.39,-42.235,-371.34
-216.66,-58.195,-233.79
-153.53,-25.504,-77.2
-146.35,-73.219,-13.952
-268.97,-0.52994,-376.19
-123.38,-40.095,35.428
-167.16,-72.746,-102.67
-233.46,-51.592,-292.41
-255.63,-30.445,-307.2
-126.84,-43.296,-76.672
-181.03,-21.911,-213
-222.91,-3.2464,-343.5
-172.57,-23.845,-185.37
-140.02,-53.373,-112.96
-204.18,-9.5476,-245.71
-144.83,-71.513,-91.688
-189.13,-18.037,-159.17
-130.89,-76.123,24.727
-270.82,-4.4206,-373.69
-173.51,-32.002,-82.181
-177.26,-54.354,-73.139
-265.4,-8.736,-350.3
-216.14,-49.628,-184.83
-288.05,7.2528,-447.63
-168.35,-69.417,-73.133
-243.47,-24.43,-265.32
-135.63,-38.455,-95.728
-266.22,20.947,-484.05
-193.77,-64.465,-149.43
-172.21,-37.388,-203.89
-252.68,-29.277,-446.39
-276.36,24.566,-497
-112.37,-81.925,3.0731
-259.9,-8.5602,-334.39
-147.12,-27.551,-99.564
-125.34,-75.772,-43.026
-130.93,-35.006,5.6954
-174.57,-40.555,-210.67
-260.1,4.0099,-527.32
-152.94,-28.933,-129.17
-275.14,-30.753,-417.72
-224.29,-32.792,-203.33
-234.86,-23.813,-240.77
-218.54,-48.673,-191.61
-167.5,-29.145,-77.959
-263.87,2.7343,-372.1
-162.73,-22.436,-127.05
-182.01,-67.55,-161.62
-222.41,-51.7,-298.81
-240.76,-34.894,-401.37
-169.5,-56.09,-53.307
-166.06,-56.314,-44.392
-191.55,-42.313,-110.61
-153.03,-25.967,-114.32
-232.63,-9.406,-266.01
-180.58,-19.411,-142.17
-235.85,-1.3081,-415.53
-213.67,-52.741,-182.14
-129.34,-51.711,-86.713
-153.19,-25.412,-78.246
-201.37,-14.145,-195.53
-158.4,-24.566,-128.54
-258.15,12.002,-404.63
-180.85,-42.081,-227.83
-268.54,-30.894,-459.65
-268.77,7.3029,-397.9
-238.2,3.8496,-407.77
-125.64,-75.323,-45.048
-186.32,-37.374,-101.75
-263.95,15.549,-530.08
-217.38,-54.118,-200.6
-285.73,22.297,-489.28
-129.9,-81.124,-4.0126
-230.03,-45.57,-228.08
-228.88,-12.718,-398.03
-149.28,-37.121,-21.81
-199.27,-21.448,-161.57
-174.11,-60.605,-69.886
-127.34,-49.169,-81.465
-222.91,-48.341,-206.68
-288.37,1.4247,-438.76
-268.69,17.489,-445.09
-166.29,-68.41,-62.472
-240.45,-11.886,-276.35
-201.83,-11.734,-213.92
-239.03,-39.353,-252.47
-236.71,3.7117,-396.21
-212.44,-15.747,-205.33
-169.27,-20.755,-130.82
-142.49,-41.645,0.98805
-188.35,-19.629,-236.27
-170.1,-30.645,-192.19
-218.41,-56.667,-259.53
-295.07,-39.8,-524.36
-157.86,-77.287,-23.623
-219.09,-35.194,-357.6
-282.75,7.7753,-521.05
-256.5,-53.752,-434.24
-241.67,-53.324,-256.72
-300.97,-22.832,-483.1
-191.99,-63.996,-110.98
-261.88,-58.466,-371.12
-119.21,-56.242,-39.572
-306.2,-21.431,-505.66
-194.13,-83.062,-203.35
-162.67,-91.348,-119.56
-122.91,-102.57,14.774
-224.94,-75.277,-254.35
-111.12,-72.788,-40.664
-271.72,-53.244,-427.93
-197.17,-37.323,-266.52
-242.24,-39.213,-442.28
-262.6,-2.4975,-506.93
-265.09,-55.282,-426.3
-250.6,-61.616,-308.82
-146.76,-88.997,-103.38
-164.87,-92.97,-106.74
-132.24,-80.545,-88.312
-143.52,-93.162,-83.556
-195.38,-82.308,-209.32
-293.85,-39.509,-483.88
-157.22,-45.056,-125.87
-233.4,-69.105,-323.77
-162.55,-85.487,-43.913
-292.12,-28.59,-446.1
-240.19,-13.727,-390.02
-143.54,-78.315,11.839
-110.82,-104.76,26.023
-289.77,-26.5,-436.3
-171.98,-50.823,-81.976
-224.38,-22.524,-345.52
-156.89,-48.116,-140.11
-290.57,-14.219,-451.98
-161.22,-66.834,-170.86
-243.71,-17.316,-446.52
-296.27,-36.925,-485.61
-195.87,-34.281,-191.42
-247.03,-54.415,-415.89
-258.99,-57.599,-338.61
-264.49,-1.3597,-459.61
-250.15,-18.565,-482.16
-147.78,-58.422,-131.38
-238.77,-18.872,-422.57
-224.89,-50.839,-369.7
-157.09,-70.17,-158
-240.1,-30.309,-442.33
-135.36,-59.73,11.415
-197.88,-35.282,-185.52
-293.26,-34.145,-457.35
-251.54,-59.979,-306.88
-153.63,-52.715,-141.09
-119.25,-60.066,-50.097
-142.85,-47.892,-81.723
-157.3,-50.754,-149.05
-96.478,-59.267,23.572
-285.64,-21.61,-424.75
-202.79,-46.257,-157
-212.84,-27.382,-254.32
-104.98,-55.887,15.054
-250.65,-48.54,-286.8
-247.47,-19.336,-470.1
-211.01,-56.977,-164.03
-177.8,-89.397,-111.18
-93.94,-75.347,1.7271
-268.13,-4.0233,-436.1
-234.38,-41.565,-242.08
-247.07,-42.236,-451.71
-124.54,-102.16,12.543
-200.53,-53.558,-291.65
-239.53,-58.577,-252.63
-147.85,-50.138,-41.498
-221.52,-22.894,-321.63
-162.95,-63.051,-41.531
-222.98,-75.118,-232.93
-126.46,-87.137,-66.28
-262.87,-55.184,-429.3
-145.82,-46.566,-76.713
-120.52,-103.18,14.761
-180.96,-61.217,-228.38
-229.92,-25.738,-275.99
-99.574,-96.438,6.8776
-248.47,-24.027,-316.48
-138.13,-86.308,-92.532
-123.4,-86.586,-60.608
-276.14,-44.197,-388.52
-256.6,-39.688,-484.63
-287.05,-29.414,-424.86
-256.23,-54.622,-429.43
-216.43,-25.651,-270.46
-254.42,-31.907,-493.54
-112.03,-89.781,-31.222
-228.9,-72.944,-290.46
-297.3,-10.242,-480.37
-287.57,-33.332,-428.36
-248.7,-48.803,-280.04
-243.85,-12.131,-385.51
-249.7,-14.503,-359.06
-145.91,-50.379,-108.74
-250.22,-64.017,-325.37
-132.9,-56.608,7.669
-189.97,-58.92,-108.9
-295.83,1.6615,-506.35
-203.76,-65.598,-142.74
-187.78,-37.112,-164.89
-196.2,-46.001,-277.25
-202.5,-40.603,-170.53
-158.67,-76.687,-154.72
-227.54,-61.581,-213.46
-304.77,-7.0891,-509.72
-181.22,-48.193,-226.35
-269.21,-17.232,-384.75
-182.17,-40.7,-212.39
-202.4,-38.127,-291.33
-139.57,-93.417,-76.016
-185.45,-42.211,-134.13
-254.62,-13.429,-497.61
-242.08,-45.589,-259.72
-204.86,-44.243,-307.72
-232.02,-56.252,-225.59
-248.99,-12.605,-371.07
-239.8,-53.507,-403.49
-145.51,-96.984,-63.774
-220.13,-64.602,-324.81
-189.86,-36.444,-171.26
-255.8,-36.665,-309.87
-231.39,-18.886,-369.66
-249.64,-64.332,-352.8
-239.67,-67.984,-281.27
-197.9,-32.979,-247.5
-130.93,-100.79,-19.539
-175.77,-64.097,-70.514
-216.57,-31.177,-230.9
-162.91,-52.56,-59.731
-299.31,-4.9214,-497.14
-224.88,-74.846,-243.7
-116.68,-102.89,4.5902
-239.13,-57.253,-249.96
-241.18,-40.353,-437.11
-203.07,-33.719,-281.4
-202.94,-31.583,-216.18
-153.15,-57.22,-29.489
-144.98,-47.601,-89.39
-271.37,-36.415,-362.65
-268.36,-51.765,-368.5
-258.81,-42.047,-483.89
-244.24,-33.944,-281.17
-135.94,-88.533,25.241
-282.5,-13.052,-430.45
-258.76,-9.3903,-511.66
-207.4,-81.3,-216.5
-214.99,-25.932,-270.25
-278.34,-45.78,-497.68
-103.64,-88.951,-14.44
-252.66,-23.881,-494.54
-144.44,-89.699,0.27252
-297.09,-32.043,-473.72
-219.04,-44.614,-198.04
-228.25,-74.002,-271.25
-222.98,-28.037,-363.53
-229.15,-28.398,-394.21
-288.43,-43.209,-466.91
-245.19,-52.902,-417.62
-143.37,-51.787,-27.429
-164.12,-92.188,-71.346
-266.68,0.2879,-520.06
-177.13,-79.734,-189.31
-90.191,-73.135,12.362
-178.93,-54.731,-223.51
-241.41,-23.105,-445.24
-186.75,-49.705,-246.75
-204.1,-46.736,-159
-222.84,-73.39,-220.85
-235.13,-57.379,-380.7
-281.74,6.286,-509.43
-234.61,-44.634,-409.51
-117.71,-62.391,-49.794
-209.35,-66.996,-159.7
-100.16,-69.976,-11.018
-191.46,-47.012,-130.86
-301.86,-26.389,-489.38
-237.41,-48.951,-409.41
-250.44,-9.5114,-398.3
-266.78,-30.662,-351.31
-212.29,-51.739,-171.49
-286.53,3.098,-494.45
-179.28,-37.911,-171.01
-269.31,-39.884,-354.61
-267.41,1.0039,-481.65
-290.69,-42.111,-479.71
-176.52,-81.284,-183.57
-225.5,-64.204,-209.02
-167.15,-77.186,-47.595
-162.71,-76.704,-35.842
-247.89,-62.003,-378.63
-271.51,1.5931,-477.07
-150.45,-45.497,-83.461
-259.52,-15.22,-370.03
-185.99,-87.912,-152.5
-248,-58.73,-286.56
-185.01,-62.112,-239.19
-211.4,-64.433,-305.31
-212.54,-38.816,-195.96
-269.6,-7.3051,-420.78
-195.06,-80.669,-135.86
-234.56,-44.32,-239.01
-162.54,-92.387,-66.23
-144.47,-92.464,-5.8283
-132.62,-91.618,-69.114
-169.29,-40.735,-143.06
-238.85,-68.782,-323.05
-141.69,-95.244,-6.0115
-130.56,-92.253,34.596
-174.35,-43.199,-189.31
-263.07,-9.1396,-534.1
-174.38,-43.721,-110.35
-139.36,-63.263,-111.25
-220.01,-24.318,-280.98
-277.97,-41.088,-392.12
-220.43,-76.976,-241.4
-93.696,-85.614,4.3852
-137.75,-50.757,-80.626
-192.55,-35.012,-231.71
-133.08,-97.042,-50.573
-256.16,-5.1307,-442.49
-199.89,-34.763,-269.86
-209.15,-29.154,-238.01
-271.56,-36.88,-530.39
-185.75,-78.708,-101.22
-228.67,-29.831,-256.88
-280.6,4.1017,-493.97
-179.73,-40.691,-133.36
-214.82,-26.558,-307.77
-284.92,8.946,-529.43
-239.44,-65.538,-351.04
-139.74,-95.705,-66.524
-275.73,-41.415,-382.25
-249.59,-44.115,-454.34
-196.48,-82.907,-206.1
-225.43,-51.426,-207.06
-142.34,-73.501,-118.58
-203.66,-81.01,-223.93
-213.36,-76.269,-191.09
-259.34,-34.895,-503.6
-171.52,-56.222,-201.07
-133.23,-49.765,-53.111
-86.094,-80.448,20.274
-285.95,-44.755,-494.1
-272.06,-10.343,-413.03
-129.75,-51.887,-8.8235
-250.67,-13.519,-476.08
-287.12,-44.611,-481.23
-277.31,-3.4125,-450.47
-215.58,-74.591,-275.66
-202.75,-65.72,-281.14
-168.94,-82.122,-57.007
-271.24,-49.786,-377.73
-246.6,-17.315,-340.29
-162.84,-42.4,-118.56
-205.16,-32.655,-287.53
-188.36,-37.073,-223.26
-217.21,-77.607,-251.05
-246.84,-31.149,-293.67
-255.5,-56.083,-314.52
-223.12,-32.029,-238.55
-286.15,-44.312,-454.76
-201.94,-74.286,-144.64
-229.49,-68.418,-325.24
-189.5,-67.714,-244.01
-89.547,-85.65,13.9
-121.3,-52.263,-2.2652
-245.87,-12.462,-374.08
-244.09,-44.833,-266.39
-299.88,-25.066,-479.07
-237.5,-18.273,-327.4
-170.33,-74.846,-185.06
-180.82,-88.39,-116.97
-273.4,-41.641,-372.18
-186.54,-35.699,-190.04
-147.43,-67.202,-134.05
-292.5,-39.678,-473.17
-221.42,-30.335,-242.18
-161.34,-57.462,-45.953
-254.46,-46.372,-300.07
-133.42,-69.26,30.911
-258.91,-3.3956,-460.7
-268.84,1.1118,-533.12
-185.43,-85.041,-116.5
-124.48,-52.132,-3.1737
-145.7,-49.264,-43.041
-297.43,-1.9836,-499.21
-249.36,-30.793,-300.94
-172.13,-49.425,-196.71
-263.21,-43.752,-488.33
-170.34,-80.751,-172.59
-94.71,-67.338,6.5825
-264.69,-0.17681,-500.64
-203.11,-82.877,-191.34
-184.49,-57.845,-240.35
-262.74,-15.156,-537.13
-136.15,-86.484,26.796
-183.05,-36.774,-180.67
-151.45,-60.231,-20.289
-200.1,-31.918,-214.57
-227.47,-69.913,-314.7
-139.58,-81.011,21.151
-200.39,-78.666,-148.92
-211.03,-28.276,-295.41
-278.75,5.3712,-503.54
-164.42,-67.958,-41.007
-155.45,-89.273,-118.33
-215.53,-72.441,-286.56
-295.69,-3.6113,-490.25
-271.13,-20.045,-382.79
-122.84,-52.141,-28.579
-176.29,-59.398,-76.064
-271.53,-49.544,-470.54
-232.78,-47.938,-230.52
-280.03,-48.595,-442.43
-175.61,-88.027,-153.9
-92.988,-77.907,3.5586
-258.32,-8.6278,-401.36
-152.19,-90.147,-109.53
-218.52,-27.295,-254.74
-208.97,-29.662,-233.18
-123.48,-52.582,1.5805
-171.21,-71.103,-192.83
-269.81,-16.97,-386.97
-118.54,-61.117,-50.053
-123.35,-61.527,-64.527
-144.17,-58.622,-8.4474
-199.58,-61.629,-280.27
-125.97,-72.37,-78.077
-252.58,-35.707,-481.31
-268.82,-50.987,-368.18
-240.19,-49.657,-251.88
-253.44,-23.501,-497.79
-269.94,-32.725,-359.56
-170.81,-75.902,-184.28
-261.72,-11.602,-530.61
-300.74,-18.219,-483.05
-218.76,-77.141,-254.27
-183.2,-37.128,-192.64
-118.58,-83.749,-53.668
-245.96,-21.767,-465.26
-235.77,-16.093,-358.05
-245.31,-66.459,-335.63
-198.2,-82.77,-207.91
-222.04,-39.065,-370.85
-119.63,-102.85,29.117
-182.51,-41.958,-218.35
-168.86,-51.39,-74.368
-239.1,-39.374,-431.66
-121.49,-77.084,-65.652
-91.4,-78.626,7.3933
-127.75,-53.178,-55.938
