145.27,67.661,-156.42
71.467,75.91,-114.12
472.77,46.014,-306.25
42.733,104.43,-134.82
159.22,99.069,-162.07
165.89,108.28,-179.95
336.24,90.606,-281.92
302.26,61.24,-230.2
99.796,65.949,-134.78
169.53,78.161,-215.47
397.87,101.28,-280.1
257.8,105.16,-240.09
361.65,72.53,-293.35
458.24,57.959,-324.12
36.851,98.563,-143.05
149.25,61.704,-191.82
159.65,63.194,-199.26
237.53,67.598,-239.56
199.42,59.297,-203.9
55.646,84.129,-105.64
289.58,72.287,-215.63
148.41,94.07,-204.33
342.01,75.383,-234.14
74.892,63.107,-161.41
55.789,63.022,-113.5
372.48,102.43,-276.12
219.61,103.24,-193.51
13.194,100.99,-124.54
222.11,108.99,-213.91
262.86,64.503,-211.64
-28.986,57.948,-68.333
27.438,62.279,-97.754
52.462,99.892,-150.42
337.64,91.458,-234.61
62.611,97.08,-159.11
113.21,105.62,-174.83
332.18,83.507,-230.01
447.35,59.854,-321
103.27,60.406,-169.21
294.3,67.836,-264.21
17.92,102.66,-105.65
137.77,104.31,-189.98
238.04,63.982,-202.62
175.74,97.327,-168.28
153.86,66.56,-201.19
464,47.348,-311.12
428.34,59.391,-270.53
287.68,104.27,-251.82
254.07,79.566,-252.41
114.5,82.033,-190.58
455.16,90.863,-282.59
440.22,50.863,-307.89
62.149,98.177,-116.48
210.57,103.08,-224.93
317.76,84.828,-224.54
364.91,64.376,-290.98
24.504,81.498,-89.177
159.65,59.501,-179.29
-5.7354,87.133,-127.54
401.91,100.36,-287.12
73.128,58.732,-130.96
-3.1999,57.719,-84.657
135.14,60.102,-181.62
179.84,59.289,-192.18
134.63,86.211,-144.99
447.23,95.917,-287.24
186.22,109.12,-199.42
75.428,91.258,-117.76
366.8,75.982,-243.03
-11.104,74.237,-126.33
109.94,58.115,-159.25
355.29,104.01,-265.17
442.07,52.002,-282.82
113.99,60.95,-149.67
189.85,63.647,-213.51
433.16,53.921,-277.7
349.22,99.242,-278.48
282.16,86.223,-210.44
423.82,99.254,-292.2
278.52,103.01,-219.65
115.88,70.777,-139.28
45.988,57.285,-138.44
221.46,59.972,-219.32
403.46,100.16,-275.43
132.24,83.745,-143.68
372.44,53.35,-267.66
126.03,63.037,-184.09
156.19,61.773,-170.06
89.226,67.205,-172.33
-14.913,52.353,-101.5
-24.297,83.746,-64.462
336.97,89.242,-233.32
420.39,98.534,-295.67
340.56,54.891,-260.15
-19.645,66.3,-119.25
142.86,77.226,-203
422.55,76.932,-262.95
402.97,82.071,-307.74
398.13,64.92,-257.47
60.249,66.902,-158.51
-27.604,52.01,-80.441
442.46,60.587,-273.9
267.98,72.091,-207.3
26.819,95.731,-140.28
400.93,101.01,-282.67
303.38,57.192,-251.09
76.665,56.923,-144.68
201.7,92.977,-228.84
391.53,59.156,-297.63
263.26,92.753,-204.4
-48.521,72.559,-106.36
61.561,103.25,-123.64
275.01,82.689,-261.13
343.03,104.4,-255.65
22.001,102.15,-127.64
-35.931,100.18,-89.78
385.51,54.234,-266.24
2.6581,58.855,-123.35
-9.095,95.595,-80.787
209.39,87.457,-233.67
92.763,105.18,-140.73
110.12,107.65,-155.72
124.09,93.085,-141.99
169.72,108.01,-180.59
0.46874,67.244,-78.497
357.09,64.004,-287.5
405.37,76.176,-256.8
395.05,65.573,-256.12
328.32,55.578,-257.05
456.18,93.318,-314.39
195.84,61.762,-188.81
285.77,73.201,-263.66
281.32,58.513,-230.03
255.09,103.5,-241.92
407.1,83.678,-308.54
-14.558,91.742,-119.66
397.72,58.298,-262.75
75.605,73.76,-116.95
-36.247,50.401,-82.283
274.72,62.723,-218.45
188.86,103.57,-214.96
73.226,72.109,-168.02
405.21,79.703,-256.96
429.27,49.123,-290.98
150.86,59.193,-176.57
201.58,77.417,-229.52
141.99,65.193,-194.26
341.41,81.327,-233.38
395.87,52.462,-288.08
446.68,49.882,-288.07
120.22,102.62,-183.58
285.91,91.584,-213.44
244.81,59.002,-217.65
381.39,63.953,-297.35
141.22,63.835,-192.07
180.39,69.615,-215.98
445.37,65.659,-272.33
45.029,62.466,-147.09
164.86,68.72,-164.95
290.68,106.34,-232.92
313.83,76.954,-223.28
379.8,92.739,-294.56
-6.9088,78.165,-72.277
347.08,100.37,-246.92
216.88,59.223,-207.63
189.82,105.03,-213.25
129.4,76.971,-143.23
12.718,102.34,-102.9
151.6,60.393,-189.44
321.26,105.75,-254.5
207.01,59.42,-202.22
221.19,88.921,-185.05
2.6878,53.469,-99.001
170.09,94.605,-214.09
414.56,90.697,-306.57
-23.982,83.832,-64.657
379.47,79.841,-247.53
12.934,68.652,-84.868
431.28,51.835,-305.41
135.76,77.774,-199.87
450.51,66.618,-324.92
435.97,87.117,-315.7
122.36,106.16,-155.34
40.158,81.696,-153.55
-22.635,66.957,-118.08
270.75,58.752,-239.58
404.85,52.17,-275.23
424.89,56.331,-272.48
278.33,99.814,-254.88
53.498,73.178,-158.88
-3.4609,55.771,-87.756
-9.4256,52.4,-94.313
160.56,60.367,-175.98
91.572,96.558,-128.77
347.76,85.537,-287.95
73.189,94.627,-166.65
330.11,60.471,-240.2
426.28,52.066,-303.4
264.31,69.008,-222.56
251.1,57.833,-264.39
93.305,62.843,-146.81
358.6,94.047,-283.47
45.396,83.04,-123.4
176.74,99.249,-205.06
13.49,93.922,-124.79
257.88,71.903,-219.48
214.24,56.106,-246.31
182.57,65.301,-239.41
392.33,88.027,-310.62
105.96,51.262,-189.91
390.47,91.649,-291.62
439.94,67.583,-339.94
-4.0195,47.036,-135.65
306.81,59.979,-242.54
390.11,80.035,-273.55
358.38,60.967,-310.36
105.88,54.945,-196.24
258.2,48.903,-249.04
462.36,53.458,-297.43
208.53,93.631,-243.41
195.09,64.378,-244.5
332.46,90.956,-259.52
41.577,70.682,-117.95
233.89,59.171,-258.05
-9.5163,90.026,-133.96
133.42,87.516,-215.26
42.078,75.389,-174.17
455.44,81.35,-301.78
321.53,87.607,-250.88
455.37,54.407,-344.79
177.45,84.59,-237.14
8.463,93.952,-135.23
358.89,54.008,-264.52
216.54,56.577,-247.88
161.77,74.172,-232.2
310.88,94.027,-278.85
84.856,61.513,-192.47
208.9,63.924,-250.32
156.39,89.061,-179.68
384.24,51.597,-315.36
76.933,88.595,-142.6
280.98,76.806,-282.11
362.66,84.049,-265.18
466.18,38.686,-334.62
245.49,56.777,-260.91
123.43,86.629,-162.81
319.75,46.547,-267.56
333.68,45.776,-273.07
41.308,65.614,-173.17
-20.479,72.6,-85.73
-14.94,56.377,-90.829
372.16,79.262,-266
275.97,97.335,-260.31
164.88,85.133,-231.25
217.19,83.123,-254.85
214.97,57.947,-248.64
369.85,58.263,-313.74
402.55,67.564,-274.52
110.25,98.779,-184.64
140.98,56.478,-176
183.2,53.909,-229.22
232.59,94.035,-252.51
141,62.236,-171.04
6.9368,80.03,-153.79
172.68,64.865,-234.79
433.6,87.417,-302.1
67.861,78.183,-132.35
25.445,70.144,-165.85
439.99,88.371,-311.21
-12.502,87.249,-99.928
313.63,75.554,-294.61
458.03,38.666,-312.28
-15.045,42.947,-115.76
402.69,46.485,-285.31
412.85,68.962,-278.33
-42.215,84.766,-121.22
266.94,83.344,-274.63
294.96,74.603,-287.78
372.72,46.339,-303.81
327.87,86.326,-294.27
39.204,46.182,-144.81
82.45,96.308,-177.73
350.26,69.688,-308.6
258.49,94.063,-262.1
8.6172,93.403,-121.32
-33.389,63.551,-78.188
51.09,74.362,-123.11
170.8,52.78,-221.52
166.97,50.127,-210.52
238.48,76.317,-211.32
157.99,72.039,-175.62
69.322,55.933,-180.77
418.6,47.222,-325.7
341.08,94.727,-282.69
-24.094,91.956,-106.83
181.49,81.356,-187.18
224.97,96.984,-220.42
358.29,88.853,-268.24
118.66,76.023,-156.87
376.99,88.497,-306.12
176.09,68.774,-237.8
445.23,81.445,-297.45
123.44,99.22,-189.75
223.09,94.835,-247.65
202.92,91.857,-243.07
264.77,97.049,-258.14
172.36,98.658,-200.89
300.78,47.37,-261
235.38,91.551,-256.56
448.17,87.371,-321.35
64.41,87.209,-135.51
276.96,48.296,-252.12
204.37,68.913,-250.28
452.81,80.547,-299.73
388.53,52.189,-317.59
364.54,71.737,-260.93
-28.094,82.953,-87.82
-9.0235,54.438,-142.52
73.729,52.199,-146.19
-29.075,91.996,-111.8
2.1996,91.833,-137.85
21.545,62.168,-162.11
140.09,85.961,-219.36
175.17,62.659,-186.92
-27.846,42.656,-114.49
243,77.682,-213.39
275.57,54.468,-236.08
108.08,81.684,-153.09
186.17,60.296,-237.94
65.894,51.074,-172.59
234.82,51.942,-248.94
411.82,41.672,-296.99
95.336,71.032,-200.84
84.996,85.974,-192.29
83.388,84.472,-142.6
428.25,62.391,-283.76
263.62,88.179,-226.57
216.8,59.063,-208.05
173.03,96.791,-223.24
357.96,93.004,-291.99
215.89,97.467,-239.91
161.02,63.811,-229
427.47,81.598,-290.04
30.889,46.367,-133.57
47.454,92.616,-134.36
130.39,89.055,-212.69
175.06,87.973,-187.37
258.32,89.253,-267.51
388.14,51.572,-316.95
381.57,89.562,-280.19
98.956,82.881,-200.96
333.5,95.164,-270.65
372.28,90.769,-300.78
56.582,96.62,-149.06
225.9,58.713,-212.19
-25.54,43.541,-100.88
4.2296,77.518,-100.1
-43.888,91.012,-99.357
26.337,93.585,-127.93
113.32,97.39,-172.16
417.55,43.413,-320.07
68.198,60.998,-134.61
394.16,70.56,-271.72
203.26,79.705,-250.01
134.98,58.648,-213.48
-0.94256,89.559,-140.29
253.69,71.968,-217.75
89.409,54.817,-188.66
39.181,74.154,-172.83
272.93,80.167,-278.18
10.731,93.389,-121.93
119.53,63.331,-159.85
160.08,55.206,-220.87
453.88,55.564,-293.88
84.499,97.507,-161.68
107.83,81.233,-205.94
9.6181,73.813,-157.29
-13.968,63.553,-144.5
384.05,44.94,-283.51
13.535,64.724,-103.62
190.92,67.536,-243.99
284.92,95.286,-244.94
174.21,99.957,-210.49
316.65,93.733,-256.94
421.39,53.196,-284.6
-28.351,50.441,-87.409
118.18,50.849,-193.92
429.78,46.956,-330.17
423.68,41.863,-319.98
-15.258,43.04,-117.95
300.97,75.303,-289.95
124.29,53.258,-201.88
464.12,86.021,-328.05
48.643,92.556,-165.68
324.92,47.752,-282.96
460.74,86.465,-315.36
49.55,53.432,-143.81
239.54,73.005,-232.31
214.49,90.132,-243.83
110.78,40.29,-195.21
315.81,84.913,-277.4
413.97,77.929,-311.28
45.988,61.478,-196.23
244.5,84.096,-242.74
165.93,86.462,-210.92
219.82,50.628,-271.83
239.63,49.515,-279.55
126.71,42.211,-196.97
226.15,40.583,-247.49
133.74,82.198,-190.98
261.87,40.09,-260.2
282.85,42.367,-290.37
385.67,32.599,-316.68
-39.332,36.731,-106.85
-25.522,65.143,-158.15
325.86,37.686,-301.32
-3.2983,51.86,-169.03
141.08,56.28,-188.96
255.15,39.705,-260.41
125.89,51.629,-184.22
207.73,90.082,-248.88
176.34,88.346,-219.26
91.167,89.358,-190.1
-15.327,83.145,-144.8
131.62,87.216,-197.11
-28.003,83.326,-129.77
72.245,40.055,-172.03
447.03,70.205,-353.95
190.98,85.106,-254.23
-33.902,64.613,-153.66
384.86,35.294,-302.07
257.88,68.754,-238.88
10.84,44.681,-127.87
-9.6624,45.137,-161.86
39.627,42.064,-147.94
164.09,74.305,-199.51
273.13,39.866,-279.93
273.77,40.576,-282.39
209.94,40.701,-241.52
225.74,41.075,-245.08
304.54,65.205,-257.21
405.99,31.274,-324.95
307.61,55.01,-310.69
153.47,41.093,-225.88
228.01,69.822,-226.48
272.7,88.226,-276.43
445.22,70.966,-315.45
286.3,38.238,-278.28
180.65,41.586,-240.13
26.422,81.853,-175.19
104.74,84.982,-181.4
-55.305,36.721,-131.4
-48.126,68.359,-144.12
214.52,75.884,-271.95
303.44,86.212,-291.02
201.78,69.999,-215.12
227.57,85.939,-237.81
436.15,41.415,-354.69
169.96,89.612,-220.09
-54.178,81.543,-113.88
235.21,89.415,-250.5
410.03,68.932,-344.22
361.54,36.537,-294.32
257.31,89.205,-267.12
179.01,71.606,-258.49
343.5,83.147,-287.17
60.91,47.8,-197.51
42.725,87.19,-171.24
255.61,59.76,-238.1
204.72,59.128,-216.92
275.04,41.659,-260.03
261.85,49.592,-245.41
20.997,40.794,-170.9
-26.859,80.046,-116.48
320.45,38.1,-281.25
94.446,60.63,-164.91
112.7,73.315,-227.48
28.266,64.863,-131.26
-51.205,32.081,-111.33
-23.517,48.147,-157.12
452.95,75.13,-325
455.71,33.529,-356.12
90.306,84.75,-174.67
278.14,87.177,-264.38
268.18,88.819,-271.58
399.29,31.688,-316.57
-6.0544,41.726,-160.16
262.5,83.861,-250.5
63.244,39.113,-169.65
-14.867,74.268,-114.29
-35.208,81.944,-133.82
269.46,47.902,-291.05
146.24,40.976,-211.67
-13.851,48.397,-162.06
240,58.512,-232.04
327.39,62.357,-318.96
180.05,68.505,-259.57
394.31,59.933,-342.78
259.47,87.801,-256.79
21.243,82.455,-171.08
161.89,72.653,-250.59
86.156,85.173,-203.92
60.838,58.82,-203.22
404.62,56.391,-293.97
270.74,43.424,-255.48
-23.472,40.147,-112.04
178.16,87.536,-244.78
60.075,50.305,-151.15
152.8,67.804,-247.48
447.71,28.207,-333.7
268.79,59.555,-243.44
365.9,72.734,-284.16
148.55,81.697,-197.21
431.34,69.251,-308.17
245.38,48.826,-239.67
-14.424,68.707,-163.04
63.04,86.831,-167.73
276.69,38.642,-274.66
219.21,79.195,-226.78
257.56,89.198,-267.2
14.117,60.537,-123.49
281.11,39.586,-267.16
80.251,49.181,-162.76
192.23,85.198,-254.64
224.71,57.581,-225.97
201.65,88.209,-253.17
20.514,36.381,-157.18
22.175,66.548,-183.61
160.4,80.643,-201.65
122.91,81.599,-227.13
312.5,53.179,-312
-26.169,81.454,-119.99
441.37,50.753,-359.57
364.69,75.936,-286.24
187.46,50.842,-213.69
50.208,49.534,-193.88
-20.808,36.751,-119.03
158.71,59.613,-249.45
398.56,54.332,-292.01
167.71,63.115,-199.57
267.38,81.118,-288.5
294.42,41.531,-266.42
102.63,84.419,-179.63
424.73,34.913,-344.15
230.38,77.022,-277.75
340.91,81.795,-283.17
356.24,81.227,-289.43
125.21,70.549,-180.26
165.39,80.379,-203.69
210.93,81.786,-225.27
188.65,40.674,-238.06
144.8,87.133,-230.31
-20.883,68.748,-159.4
382.56,46.207,-289.44
392.32,64.8,-290.66
233.28,41.179,-247.33
136.32,52.638,-188.62
195.87,77.994,-262.97
360.74,35.171,-312.82
22.232,51.135,-129.96
144.35,41.009,-221.67
201.86,55.573,-217.03
174.32,42.548,-240.31
48.477,49.644,-145.28
216.69,44.269,-263.22
35.581,73.985,-187.89
282.53,67.128,-248.7
288,85.79,-288.25
19.496,42.774,-173.07
51.71,38.573,-177.35
326.9,42.443,-310.33
278.76,64.994,-246.98
-58.738,45.458,-138.02
55.546,45.18,-192.36
306.13,82.106,-300.2
311.02,68.232,-260.29
440.49,30.335,-324.08
-24.391,38.706,-113.36
44.953,37.697,-170.39
305.13,60.92,-257.4
26.34,66.475,-185.82
74.375,88.802,-182.32
158.77,71.488,-249.53
218.01,84.691,-265.84
52.177,81.528,-153.13
240.18,48.261,-278.69
108.16,46.302,-217.51
262.46,86.552,-255.07
146.95,74.581,-243.09
34.084,82.257,-146.12
-23.202,62.076,-160.04
253.66,43.019,-278
126.98,78.518,-231.59
410.82,38.623,-303.87
170.49,103.96,-101.36
98.621,105.49,-55.14
490.45,86.546,-267.18
80.622,147.16,-52.471
192.95,127.56,-89.054
203.33,143.25,-98.803
369.95,143.3,-208.2
325.12,99.784,-180.13
124.7,102.28,-80.402
201.42,139.92,-145.36
431.77,133.81,-206.58
295.41,151.19,-158.24
390.25,129.28,-230.43
481.27,110.04,-273.25
74.042,149.05,-61.954
175.54,118.98,-133.82
186.52,121.66,-139.98
265.61,127.56,-177.64
223.92,110.66,-149.9
85.037,111.1,-41.96
314.83,103.16,-160.7
184.66,151.3,-125.04
367.41,102.2,-179
102.22,122.35,-101.12
80.006,99.476,-60.585
407.44,139.21,-200.2
254.51,132.82,-117.97
50.542,146.48,-43.262
260.14,148.46,-131.36
286.76,102.07,-159.36
-6.2738,92.078,-18.705
51.362,97.358,-45.505
89.961,150.16,-68.667
367.68,115.97,-169.62
99.617,150.34,-78.323
151.72,152.42,-91.033
359.88,108.67,-169.98
471.11,112.61,-268.56
129.3,117.19,-111.79
322.07,126.83,-203
53.994,135.47,-27.495
176.12,153.64,-106.45
262.11,103.1,-149.94
208.8,125.4,-96.703
182.05,126.93,-139.02
482.81,92.773,-269.47
448.66,87.926,-226.18
324.74,149.3,-171.17
285.8,139.77,-182.7
147.75,143.19,-117.59
484,111.84,-220.28
460.74,99.992,-262.49
96.012,126.43,-43.196
248.36,153.47,-142.55
345.99,110.38,-163.38
390.93,120.77,-233.57
53.141,107.87,-27.123
183.88,107.18,-125.99
28.84,142.72,-51.877
435.97,136.12,-213.19
96.855,101.7,-78.884
19.693,94.479,-34.562
160.76,115.6,-125.12
204.21,109.1,-138.51
164.47,114.37,-80.306
478.17,120.56,-220.32
224.62,149.78,-116.05
106.93,118.3,-49.555
392.04,101.17,-188.28
20.051,133.58,-57.86
134.25,107.82,-105.72
390.52,138.67,-188.75
460.79,85.733,-241.75
138.13,103.31,-96.729
216.73,122.18,-154.2
452.36,86.618,-235.62
384.48,144.41,-201.68
311.12,112.81,-147.67
457.06,132.33,-220.09
313,132.03,-145.01
141.8,104.27,-82.816
71.066,112.28,-83.106
246.48,114.24,-164.14
436.44,128.73,-204.01
161.4,112.36,-80.444
393.22,96.688,-221.88
153.03,121.75,-124.51
180.44,104.46,-116.87
117.97,127.99,-108.97
8.3647,103.35,-50.139
5.0005,108.32,-1.0517
366.32,113.71,-169.8
453.86,134.72,-222.97
362.49,102.08,-211.78
9.1105,125.67,-55.911
174.6,139.12,-133.2
447.33,98.503,-209.3
433.62,133.85,-240.57
420.18,92.681,-209.44
89.003,127.51,-95.137
-5.599,94.221,-32.073
462.8,87.005,-229.6
293.39,103.97,-151.95
63.427,147.96,-60.371
434.84,134.28,-209.12
326.77,108.57,-199.47
100.86,107.37,-91.373
237.4,150.4,-150.71
415.54,113.48,-244.6
294.32,119.38,-137.14
-17.878,130.73,-39.028
97.425,134.65,-45.973
307.42,141.61,-189.99
378.11,136.71,-179.63
59.55,146.81,-45.962
0.43405,138.82,-10.818
405.87,93.011,-221.5
28.762,116.35,-65.743
24.15,122.83,-8.8536
243.64,146.92,-158.58
129.24,137.69,-61.726
147.76,143.66,-74.11
156.02,120.72,-72.849
206.98,142.38,-99.855
25.326,97.192,-24.412
383.05,120.56,-230.21
430.16,98.965,-203.08
417.3,93.221,-207.67
350.7,104.09,-207.68
488.24,132.01,-244.65
219.94,104.71,-135.93
315.32,132.92,-198.6
304.29,103.24,-179.52
292.51,151.71,-160.42
438.09,134.43,-240.7
21.015,144.03,-41.963
418.4,90.799,-217.52
102.22,104.37,-59.077
-14.172,96.393,-33.648
298.19,101.48,-167.07
226.88,153.89,-132.09
103.64,133.55,-101.07
430.99,101.8,-201.14
448.39,91.742,-248.76
175.16,107.72,-123.11
233.05,138.91,-160.29
169.74,125.03,-133.04
368.4,106.48,-174.88
417.08,101.61,-241.2
465.04,85.935,-247.68
158.32,153.34,-100.54
316.44,117.66,-147.35
268.45,106.23,-165.65
407.12,119.72,-240.59
168.45,122.92,-131.99
209.52,130.75,-151.8
466.85,89.188,-225.66
72.276,121.55,-86.994
190.25,104.47,-109.56
326.65,139.05,-154.99
339.96,104.67,-166.55
413.29,140.58,-221.45
20.758,103.92,-12.317
380.18,127.44,-175.31
240.93,108.08,-154.68
228.07,153.74,-129.95
156.77,107.67,-83.734
48.699,135.02,-24.942
177.24,115.95,-132.88
357.53,142.94,-175.77
231.09,107.73,-149.22
251.39,116.49,-119.6
25.33,98.006,-49.199
206.37,151.56,-134.74
447.01,136.65,-235.76
5.3416,108.41,-1.1901
405.61,103.34,-190.91
38.174,98.63,-29.966
452.24,101.7,-259.04
167.69,139.63,-129.66
476.32,119.23,-268.11
467.27,133.47,-247.33
159.05,138.99,-75.873
73.423,141.36,-80.56
6.332,126.3,-54.294
295.01,111.85,-186.06
424.56,91.469,-231.87
444.68,87.649,-229.2
314.8,150.19,-175.31
84.292,134.35,-91.125
19.158,94.865,-38.172
13.05,97.716,-44.842
184.73,105.66,-122.91
124.75,124.43,-56.955
380.08,139.83,-217.15
109.69,150.01,-86.879
352.4,97.529,-191.4
447.35,102.05,-256.79
290.28,111.51,-165.72
277.95,130.91,-204.71
118.6,108.67,-91.289
392.44,140.82,-209.66
76.361,123.39,-55.93
213.28,148.06,-125.41
48.901,141.13,-47.599
284.66,113.66,-160.92
240.69,128.97,-187.48
212.32,140.52,-173.45
425.3,142.96,-238.4
131.04,121.53,-134.09
422.98,135.15,-220.76
467.67,131.58,-278.65
20.113,116.27,-81.888
330.13,104.79,-191.28
417.96,115.8,-212.87
385.31,131.23,-250.57
132.49,128.07,-137.05
281.04,113.2,-198.19
481.81,89.907,-254.7
245.31,157.57,-162.78
224.47,139.42,-179.33
364.6,131.52,-189.53
68.86,111.77,-58.329
261.31,132.87,-197.12
26.536,149.7,-55.014
169.39,156.7,-136.21
75.204,148.04,-101.07
483.21,115.68,-241.34
352.51,126.86,-183.42
479.22,120.15,-291.73
212.53,155.36,-159.91
44.943,148.6,-55.526
380.16,99.014,-217.63
243.15,129.63,-188.71
194.25,148.72,-160.43
346.35,150.97,-201.24
113.85,136.57,-128.13
238.05,138.74,-185.66
188.92,130.93,-108.82
407.92,120,-262.6
109.66,130.35,-71.316
313.23,147.74,-210.94
392.09,121.39,-201.08
484.43,99.262,-293.71
272,129.59,-201.96
155.3,128.1,-93.357
340.87,105.61,-220.57
354.44,104.49,-226.84
71.696,140.18,-105.87
7.3205,111.16,-25.087
8.5784,100.22,-39.175
399.94,115.64,-205.45
312.31,152.09,-180.91
200.17,155.72,-153.6
251.64,153.86,-178.98
242.09,131.54,-188.36
395.83,128.04,-256
426.53,103.47,-222.12
147.8,153.7,-102.64
164.89,107.97,-123.25
208.96,125.68,-171.9
269.21,156.7,-172.27
166.1,109.48,-115.91
41.16,149.18,-78.46
202.35,140.16,-169
463.98,126.4,-235.92
97.273,118.83,-68.192
57.15,143.65,-95.762
471.11,130.73,-243.36
20.145,128.52,-28.833
345.18,145.27,-224.97
474.8,88.409,-274.87
6.8098,104.5,-67.109
421.75,93.573,-243.1
437.09,103.98,-225.4
-7.2711,147.05,-44.559
300.97,152.16,-199.72
326.48,145.59,-218.17
394.5,112.33,-255.18
361.75,149.49,-219.84
62.029,109.31,-94.032
119.92,155.27,-95.764
379.79,139.07,-243.29
294.81,155.34,-182.54
43.809,140.03,-44.622
-8.1494,103.31,-22.981
79.405,115.03,-61.295
196.14,123.67,-165.11
190.85,116.25,-157.39
266.63,117.51,-149.85
185.44,115.09,-115.58
96.488,129.65,-120.39
440.47,113.42,-276.87
375.79,145.61,-206.91
10.897,139.28,-30.535
211.46,122.64,-121.82
260.11,142.29,-143.87
389.48,128.04,-200.33
147.34,117.8,-94.252
410.38,144.83,-232.99
206.94,143.99,-169.5
473.1,115.98,-236.78
160.97,153.47,-107.82
259.93,157.04,-166.94
239.42,157.52,-162.98
301.32,153.63,-178.22
208.58,146.36,-121.95
322.38,107.53,-212.93
271.52,156.41,-177.25
479.49,133.67,-252.94
96.706,128.52,-65.164
299.09,109.48,-202.87
235.08,143.76,-182.28
480.3,114.58,-239.89
412.37,120.6,-264.48
390.16,108.97,-204.98
3.0427,122.36,-20.013
17.914,127.3,-82.648
96.871,105.42,-95.047
6.5396,143.55,-34.041
38.573,150.2,-58.258
50.916,136.41,-96.99
175.68,156.1,-141.08
200.24,109.87,-131.85
-5.6372,106.99,-64.993
271.51,118.54,-151.18
298.16,105.22,-186.2
138.45,122.78,-86.87
214.27,134.86,-175.53
91.202,122.08,-116.26
259.47,121.77,-194.04
430.11,94.244,-256.23
127.19,145.92,-130.39
120.7,155.16,-113.78
114.71,125.45,-74.345
450.48,97.966,-235.12
295.22,128.72,-157.75
240.85,108.22,-155.1
210.53,157.79,-141.16
392.23,145.17,-217.08
253.13,156.48,-158.45
190.42,139.12,-163.79
455.53,116.56,-228.96
53.201,105.14,-84.026
81.857,136.57,-59.431
166.69,157.2,-132.94
207.13,129.55,-117.5
293.76,154.86,-189.69
411.78,119.86,-264.28
412.95,129.28,-211.86
133.93,154.09,-123.96
367.67,140.96,-196.18
406.05,144.72,-226.89
92.897,145.75,-69.877
249.8,107.92,-159.54
-4.2908,99.102,-53.709
33.511,116.66,-36.27
-8.9329,139.53,-23.102
61.371,139.25,-51.595
149.35,144.53,-93.67
437.96,107.5,-274.43
93.052,106.9,-80.037
419.09,106.39,-217.3
236.97,152.17,-175.68
162.79,133.12,-151.69
35.135,150.73,-61.241
280.53,113.83,-159.07
116.06,127.99,-129.39
71.98,147.1,-100.42
306.12,150.19,-205.02
45.88,139.8,-45.325
144.92,109.58,-104.12
186.49,128.03,-162.13
473.98,91.737,-249.78
120.91,146.27,-82.299
142.38,153.34,-129.81
42.302,145.74,-85.162
15.845,136.77,-78.467
403.32,96.364,-240.71
39.192,106.4,-47.456
221.3,142.66,-176.67
319.07,139.14,-170.56
211.5,152.45,-129.14
350.01,136.4,-184.27
441.45,93.263,-240.46
-6.18,97.287,-38.542
142.97,120.26,-138.77
451.47,112.81,-281.73
443.39,104.61,-275.86
6.8089,105.91,-68.805
332.61,145.77,-220.12
150.13,125.11,-144.4
494.94,132.25,-260.71
85.525,154.47,-84.884
347.4,114.14,-232.83
490.8,126.09,-249.86
73.854,111.49,-90.03
268.44,126.93,-168.84
250.08,153.53,-165.73
133.07,114.92,-145.22
348.44,141.81,-205.85
443.31,129.78,-246.93
76.916,149.21,-127.36
277.09,140.18,-171.32
199.89,144.6,-136.51
246.6,138.17,-211.83
265.9,136.48,-220.67
149.01,113.13,-147.09
247.93,114.56,-198.62
166.26,138.37,-119.71
283.04,111.97,-212.68
306.22,125.67,-237.81
404.17,105.83,-274.84
-18.891,101.09,-61.135
6.3237,149.06,-87.438
347.03,116.88,-253.6
24.844,139.25,-106.13
165.99,115.36,-133.85
276.52,113.61,-212.42
149.77,113.12,-131.23
244.01,158.26,-169.19
211.06,148.1,-143.17
127.37,154.82,-110.66
19.957,152.32,-67.195
166.1,146.36,-121.54
6.642,147.1,-53.698
94.208,111.6,-122.83
476.32,139.85,-289.14
227.03,162.08,-174.75
-2.214,148.3,-83.3
402.94,99.585,-261.39
285.37,122.57,-178.42
33.068,105.92,-78.43
16.315,131.63,-103.62
61.557,107.87,-98.994
193.85,129.12,-134.16
295.37,120.28,-229.87
296.38,122.08,-231.5
231.94,115.54,-192.14
247.47,113.64,-196.35
330.59,117.97,-199.87
423.94,104.16,-284.29
335.07,140.53,-249.31
176.69,121.92,-173.72
256.04,124.2,-164.85
307.97,155.4,-198.9
471.67,118.45,-257.41
307.4,114.52,-230.77
204.02,123.29,-187.62
62.067,157.81,-96.608
138.46,142.73,-107.5
-32.201,119.71,-79.406
-15.586,149.43,-72.015
248.48,159.01,-196.74
338.06,154.09,-214.88
230.04,124.78,-152.99
260.97,143.28,-164.59
458.04,121.16,-305.39
205.36,151.27,-142.48
-20.215,143.52,-39.323
270.28,151.28,-173.57
439.74,143.17,-278.38
380.32,102.3,-252.12
292.75,154.86,-189.3
212.19,157.45,-184.86
375.28,138.7,-217.49
87.552,135.45,-137.81
78.832,155.2,-91.915
280.66,115.84,-182.79
230.01,116.7,-161.04
296.08,109.52,-212.93
284.43,110.63,-195.22
45.226,125.32,-116.46
5.7561,136.53,-44.983
340.33,106.95,-236.61
120.56,117.22,-107.31
146.62,158.53,-152.29
55.589,118.66,-71.156
-31.18,103.34,-66.29
3.4858,134.9,-96.677
481,125.13,-263.47
474.73,110.68,-313.05
124.02,142.51,-100.78
311.92,146.1,-190.31
303.41,154.24,-194.19
416.96,101.4,-276.62
18.695,127.05,-104.58
294.9,139.67,-179.49
85.134,111.91,-120.57
15.476,127.59,-47.745
-0.31074,150.35,-57.067
294.97,133.91,-233.82
168.57,115.49,-161.6
13.217,135.38,-101.48
264.87,115.55,-177.09
356.71,145.66,-253.67
212.43,155.42,-187.63
422.09,139.67,-280.9
293.59,147.18,-181.98
56.937,157.27,-92.427
195.44,158.26,-176.19
122.54,161.02,-123.76
90.979,147.25,-136.02
427.03,105.69,-244.53
292.07,109.38,-207.81
-2.3356,102.46,-64.904
214.64,161.88,-164.44
83.673,110.55,-98.811
185.15,155.18,-175.6
463.78,95.675,-297.24
293.67,115.24,-188.52
393.63,122.92,-223.3
180.81,137.63,-126.49
457.31,116.63,-251.16
267.97,111.13,-189.4
18.333,151.66,-90.408
97.908,147.4,-91.281
298.02,115.31,-226.67
250.22,133.93,-158.78
292.99,154.84,-189.39
40.213,114.63,-66.005
301.9,110.46,-220.5
103.64,111.02,-110.83
228.29,162.05,-175.15
249.47,115.41,-171.22
238.02,160.96,-173.14
42.435,114.06,-107.89
54.472,152.14,-111.88
192.23,136.22,-131.85
158.65,161.92,-148.2
339.36,138.58,-251.91
7.0893,139.47,-47.063
466.01,129.75,-304.43
393.51,126.92,-223.01
210.93,113.12,-161.55
77.481,137.55,-132.81
-0.14992,103.22,-72.787
188.72,148.45,-182.52
420.49,104.61,-243.55
194.24,119.61,-141.07
301.91,158.43,-212.27
315.12,107.93,-220.07
136.14,141.83,-106.19
444.46,113.11,-299.53
264.47,158.99,-202.32
372.1,136.02,-214.79
387.14,135.11,-221.68
154.01,125.49,-116.98
197.11,135.86,-134.15
242.87,137.26,-155.24
211.25,119.23,-187.26
181.4,162.12,-149.71
11.861,151.31,-86.813
402.72,101.2,-244.62
417.28,113.52,-235.76
254.91,113,-198.85
160.4,113.65,-135.22
230.47,160.41,-186.42
380.68,112.26,-267.78
45.927,109.02,-77.494
167.59,121.86,-169.48
226.31,114.82,-162.92
198.23,125.84,-186.59
71.903,109.74,-93.312
241.16,129.11,-208.26
69.709,156.73,-112.34
309.33,120.41,-189.72
322.93,156.31,-211.37
44.509,128.5,-116.91
74.562,119.1,-125.98
350.06,125.5,-258.22
304.99,118.79,-189.2
-32.547,131.19,-79.346
81.274,131.88,-134.64
340.25,155.58,-224.95
337.88,120.34,-201.24
456.66,93.639,-287.52
-3.5055,102.37,-66.717
67.282,116.19,-120.2
329.98,114.64,-202.58
58.621,152.25,-114.12
110.5,154.38,-103.05
192.04,157.58,-175.7
253.75,161.25,-187.03
84.857,137.75,-81.499
266.01,134.87,-220.75
134.03,133.25,-159.49
295.97,144.41,-181.61
181.05,159.38,-167.54
67.156,139.1,-73.636
7.8559,147.19,-90.974
277.43,126.81,-224.56
162.06,161.07,-153.99
428.87,96.193,-263.46
200.16,92.844,-38.263
127.98,86.41,7.033
515.36,90.033,-213.8
121.98,121.63,35.165
227.17,97.691,-16.815
242.22,112.6,-16.602
410.75,131.58,-121.34
353.54,93.937,-119.53
154.13,91.664,-17.807
243.26,137.73,-55.962
467.23,106.7,-131.62
337.44,128.55,-69.058
428.14,128.33,-149.44
513.53,114.06,-204.16
116.97,130.38,29.247
211.77,121.93,-56.26
223.53,124.62,-60.765
303.98,129.8,-95.532
257.14,111.9,-78.841
115.44,86.68,22.278
343.04,87.961,-100.85
228.68,139.11,-31.289
394.63,83.735,-121.36
139.8,125.19,-20.682
108.93,89.999,0.97074
444.89,113.67,-120.93
289.94,102,-43.169
92.228,123.84,45.167
300.73,120.28,-45.46
315.74,93.91,-97.651
20.839,83.145,38.99
79.684,87.296,14.739
133.07,130.86,22.903
397.92,88.733,-105.81
143.15,134.03,14.259
194.67,129,0.079998
388.47,85.452,-109.58
504.12,116.02,-197.88
165.19,120.16,-34.956
359.92,128.82,-122
91.225,105.27,51.171
219.63,132.36,-14.067
291.64,95.842,-87.02
242.38,96.222,-25.811
220.62,129.3,-56.487
509.94,98.203,-211.29
472.38,78.43,-175.76
366.08,126.74,-83.49
327.08,136.67,-94.511
190.49,138.5,-26.352
512.33,83.787,-160.57
490.22,105.61,-199.28
130.27,96.19,29.108
291.73,133.82,-50.439
375.09,86.654,-101.89
426.71,123.46,-156.99
82.784,84.141,35.523
215.88,106.07,-57.61
71.104,131.83,38.154
472.42,111.19,-136.03
127.17,97.842,-14.178
47.664,87.239,25.021
195.97,118.25,-49.739
236.9,109.37,-68.612
195.55,90.157,-14.61
509.15,92.062,-154.97
265.81,121.93,-28.831
139.01,90.728,18.173
418.7,81.72,-131.88
60.656,130.69,28.873
166.86,108.11,-35.982
427.6,111.13,-110.33
484.66,82.567,-190.81
168.6,98.362,-31.719
253.77,125.17,-74.917
476.33,81.941,-184.52
424.44,124.7,-116.85
341.08,88.751,-84.361
492.14,106.63,-145.87
347.95,101.41,-71.227
171.25,89.989,-20.28
105.72,115.36,-8.9134
280.89,116.87,-90.482
470.1,100.04,-132.95
192.06,89.524,-15.588
421.33,97.574,-161.75
190.21,124.68,-44.921
211.1,99.599,-51.483
157.08,129.85,-25.29
40.519,106.18,18.703
34.673,82.248,61.581
396,87.47,-107.14
489.97,111.01,-146.5
392.55,104.09,-147.44
47.841,126.44,26.927
216.35,137.25,-43.973
472.64,77.042,-155.85
471.77,126.06,-159.24
445.04,79.984,-156.68
128.07,129.21,-11.547
23.162,92.406,29.367
485.94,75.911,-180.45
322.02,89.255,-91.21
106.37,131.49,30.939
470.5,107.71,-133.7
359.12,111.51,-130.22
133.59,108.39,-21.369
281.05,139.19,-57.737
449.17,117.68,-172.55
325.94,92.164,-70.384
22.006,127.74,46.16
134.11,103.73,31.501
348.9,136.5,-101.46
414.43,107.65,-102.88
101.17,123.24,42.29
39.482,112.54,71.856
432.4,91.126,-164.82
64.902,119.74,11.639
57.641,92.753,61.822
286.7,139.43,-66.725
166.7,106.68,17.413
187.09,113.48,9.0497
188.6,92.947,-4.0655
245.56,111.57,-18.312
52.982,81.877,34.245
418.83,123.47,-153.62
455.81,78.394,-148.87
442.29,80.137,-154.65
381.48,106.42,-141.8
523.92,112.31,-168.97
250.55,100.26,-70.614
354.78,132.73,-114.24
334.49,101.85,-114.98
334.98,131,-70.234
476.22,125.38,-159.44
63.162,129.16,47.693
443.48,83.733,-164.12
131.44,86.882,2.8502
15.675,97.298,30.199
327.15,94.874,-105.34
270.42,133.82,-39.627
144.24,133.36,-14.272
457.23,79.209,-145.74
475.01,94.601,-191.77
207.43,107.16,-54.109
274.5,137.15,-71.722
207.82,127.68,-51.549
396.42,84.341,-115.65
447.11,106.19,-176.85
489.27,85.036,-195.9
202.02,133.48,-7.7139
347.48,90.844,-81.809
299.85,105.7,-98.513
442.5,122.39,-164.85
205.91,125.79,-51.795
249.02,132.28,-67.295
490.1,74.195,-176.4
109.75,124.4,-6.7853
219.89,92.692,-46.534
363.77,108.94,-76.56
368,85.757,-107.17
452.59,125.54,-137.89
49.472,81.203,48.374
413.51,97.477,-104.98
273.11,108.13,-85.871
271.34,132.14,-38.099
186.61,89.098,-20.516
85.821,104.86,53.493
212.49,118.6,-57.432
396.12,115.72,-94.122
263.14,107.33,-80.696
282.6,91.285,-53.67
55.224,96.963,14.689
250.34,139.12,-41.11
484.98,121.79,-155.04
35.037,82.309,61.491
432.51,81.263,-134.08
66.136,82.758,29.33
482.26,107.19,-194.67
209.59,137.43,-40.136
510.89,119.42,-194.18
504.45,120.64,-168.22
196.77,107.89,3.8054
115.77,135.52,9.8094
45.221,126.73,28.873
328.5,114.75,-114.36
450.72,90.958,-175.93
468.73,81.051,-177.97
357.14,132.52,-85.343
125.11,133.38,-3.8682
47.551,89.785,22.381
43.026,97.508,19.247
216.02,102.88,-56.08
158.37,94.942,14.005
420.22,131.41,-131.57
153.41,136.06,6.1644
379.97,91.434,-132.62
477.49,107.46,-192.16
322.22,103.9,-97.652
318.92,144.83,-116.67
150.93,104.55,-22.293
431.73,124.46,-126.16
111.64,106.58,18.98
255.24,129.13,-36.277
89.538,122.72,38.718
317.04,104.26,-91.966
281.29,143.34,-100.22
256.15,151.65,-79.384
466.14,134.02,-151.38
169.86,136.03,-50.62
460.32,118.36,-141.43
506.86,137.36,-194.67
57.907,131.43,-0.60289
360.63,102.93,-126.12
449.56,100.29,-145.8
425.59,142.91,-164.1
173.29,142.38,-49.364
316.48,126.63,-122
507,87.658,-200.92
291.57,149.59,-64.103
267.96,150.96,-85.973
400.87,113.1,-112.57
101.45,101.1,11.028
302.9,146.39,-107.76
71.072,139.63,39.901
216.44,153.87,-35.676
120.98,152.12,-3.0588
514.34,99.227,-175.28
387.5,109.21,-109.15
515.85,133.13,-213.01
259.33,155.05,-59.845
88.446,134.13,37.042
409.11,100.4,-155.68
283.93,143.9,-101.07
240.04,155.2,-62.328
389.68,139.75,-108.94
157.05,148.7,-35.385
281.31,150.47,-92.811
225.84,112.89,-30.432
445.13,135.23,-182.56
146.71,111.92,7.3189
357.85,151.86,-115.4
425.35,104.66,-130.48
515.25,116.88,-227.26
312.63,143.82,-114.64
191.61,110.76,-16.279
373.52,117.76,-150.37
386.73,116.89,-157.42
115.85,149.85,-11.158
39.63,97.825,43.583
38.969,97.321,25.718
431.64,100.7,-138.13
355.73,137.92,-88.515
247.08,154.98,-53.32
297.94,154.49,-79.967
283.41,145.45,-99.575
435.23,140.8,-171.37
455.12,93.934,-161.29
192.21,137.81,-8.1756
197.68,110.2,-53.072
248.73,140.27,-86.421
315.01,148.02,-74.616
198.66,106.74,-46.375
86.844,148.98,19.217
246.13,151.46,-75.018
498.43,109.46,-162.79
131.42,104.62,4.3731
102.05,150.53,0.45513
507.05,115.2,-166.99
56.996,109.85,49.379
388.92,149.54,-131.31
501.51,100.17,-217.39
40.725,117.38,5.8103
449.52,99.881,-183.51
465.65,93.396,-164.67
37.106,140.61,50.129
346.41,152,-102.56
370.54,150.86,-123.8
429.56,128.65,-179.7
405.54,145.31,-126.34
97.135,121.89,-18.576
165.38,142.51,1.0324
421.86,146.16,-153.11
339.99,146.07,-86.226
84.114,121.5,40.982
22.479,94.748,42.243
112.69,102.49,9.4937
235.34,138.23,-80.85
227.6,129.46,-78.397
299.93,105.61,-79.019
218.7,105.64,-44.759
137.88,143.57,-31.441
475.66,129.74,-201.11
416.86,131.01,-119.53
51.233,121.58,55.161
246.21,108.05,-47.968
300.01,122.86,-59.15
424.61,110.03,-125.76
181.21,105.54,-22.205
451.91,136.31,-144.45
251.63,153.45,-73.646
504.36,99.52,-170.43
205.18,137.1,-13.784
305.77,147.67,-69.204
285.94,151.26,-63.716
345.4,140.48,-84.37
249.99,127.07,-34.015
355.72,119.75,-141.26
317.55,150.08,-79.041
516.67,120.78,-173.84
133.29,110.42,12.504
333.13,121.65,-129.72
279.56,153.14,-86.871
511.13,98.324,-174.47
449.71,135.59,-184.17
420.41,97.946,-140.66
38.202,104.6,54.611
58.895,140.92,5.405
129.53,110.12,-25.077
48.52,128.07,55.24
83.003,138.66,36.386
94.184,147.38,-4.1313
222.71,154.57,-40.578
232.76,107.14,-62.387
29.312,121.41,10.186
304.99,105.86,-79.968
329.71,108.91,-118.62
173.47,107.44,-12.472
256.63,148,-84.54
130.4,136.79,-31.989
297.84,136.59,-111.55
458.79,105.8,-194.55
172.59,153.6,-33.091
167.56,152.74,-13.666
150.44,108.57,1.5298
477.61,90.845,-177.33
331.04,111.1,-81.702
273.11,108.51,-86.124
256.56,146.51,-43.088
433.33,132.18,-129.62
298.41,144.12,-61.998
234,150.84,-70.244
487.06,100.13,-162.05
86.716,115.24,-12.049
120.81,117.24,23.267
213.74,153.08,-32.481
243.62,111.99,-40.036
339.43,150.15,-92.177
448.93,135.06,-184.38
448.38,111.38,-136.66
180.77,154.29,-23.811
406.93,123.38,-112.76
447.24,133.84,-139.16
134.77,127.4,19.076
281.96,108.45,-90.767
27.516,108.42,14.591
67.141,101.5,35.166
31.702,122.78,63.261
101.29,120.24,33.168
190.44,125.13,-6.4053
471.43,124.47,-202.33
125.05,103.52,-11.716
448.41,95.362,-154.96
283.15,155.23,-76.844
204.9,146.62,-61.233
80.099,141.74,34.62
312.98,104.42,-89.971
156.91,142.27,-41.602
117.58,151.89,-2.767
351.23,152.19,-108.49
86.092,121.18,40.078
177.43,105.65,-34.712
227.05,142.43,-74.95
499.6,88.299,-195.11
162.75,127.49,6.5875
189.13,154.85,-29.804
87.536,149.94,11.689
59.179,146.29,14.488
432.44,105.59,-178.15
70.67,98.639,19.61
265.61,152.74,-81.63
357.8,120.13,-88.338
255.04,135.15,-36.565
387.8,117.7,-104.05
468.1,92.798,-183.5
23.974,98.686,25.978
181.32,134.58,-56.314
486.43,129.15,-206.47
475.96,121.62,-205.7
41.249,119.45,5.2574
376.62,150.48,-125.86
189.97,139.65,-58.754
531.71,120.06,-182.46
131.32,144.82,12.742
383.12,129.68,-155.96
525.17,110.13,-176.86
108.74,118.05,-15.236
305.8,123.42,-89.065
295.28,146.93,-69.306
170.9,136.92,-63.655
389.54,134.86,-118.19
480.45,124.04,-167.69
125.08,167.9,-23.796
317.93,132.68,-84.221
242.36,136.56,-45.944
291.46,163,-115.14
310.2,161.66,-125.15
185.82,132.34,-67.776
285.17,136.85,-118.3
207.06,131.05,-32.686
319.23,133.61,-134.62
347.25,152.52,-149.24
438.64,132.53,-200.31
14.679,118.21,11.178
54.17,163.51,15.318
385.21,144,-171.11
70.732,161.91,-7.3085
201.63,121.75,-57.453
313.41,136.47,-132.81
185.26,122.87,-55.04
291.04,154.21,-68.748
254.56,140.13,-50.393
173.6,148.85,-11.995
66.479,150.52,32.225
209.26,138.28,-29.502
51.192,142.24,41.409
130.93,131.78,-43.681
518.28,147.49,-199.19
276.28,164.96,-69.357
45.444,162.82,19.057
434.65,120.23,-192.95
321.59,121.1,-101
67.19,118,-5.0926
60.259,156.9,-8.864
96.688,123.81,-23.377
232.12,124.96,-52.448
334.73,146.68,-144.89
336.32,148.74,-145.26
269.59,138.12,-110.92
284.3,134.94,-116.96
365.39,117.91,-125.46
457.89,131.43,-210.86
379.91,162.84,-152.73
216.92,147.16,-86.906
292.84,122.34,-86.207
353.95,152.12,-100.71
505.36,113.84,-185.53
344.75,139.55,-150.15
244.61,148.95,-100.03
110.72,160.55,7.5142
180.64,134.76,-17.555
8.5349,146.72,8.5394
32.029,160.7,30.147
297.77,169.66,-91.013
383.7,152.33,-117.34
267.13,122.87,-73.736
302.8,135.48,-75.407
496.95,147.58,-221.39
249.92,143.68,-47.43
23.309,138.34,53.581
314.65,144.34,-78.928
483.27,153.61,-184.98
412.97,123,-181.66
338.43,150.21,-91.762
261.61,171.31,-78.757
415.34,132.03,-132.04
132.33,160.59,-41.27
125.68,151.29,8.1415
315.58,119.77,-107.99
265.54,121.39,-84.931
331.07,128.36,-137.52
318.78,122.01,-121.42
87.262,151.77,-25.747
46.727,129.29,42.397
374.68,128.28,-162.5
156.46,119.93,-30.459
196.44,170.8,-45.369
91.678,117.45,5.9736
3.9446,126.25,9.5281
48.306,158.82,-0.094672
516.62,119.98,-187.46
510.67,139.53,-235.3
166.2,134.56,-10.831
354.47,138.92,-99.553
348.87,149.71,-97.124
449.82,126.73,-205.58
61.36,153.32,-12.536
335.52,132.26,-92.867
122.14,133.15,-40.78
53.805,121.44,34.018
45.699,148.56,41.256
338.41,159.54,-140.12
206.39,137.35,-80.049
58.148,159.36,-4.6548
299.92,120.48,-101.99
402.41,163.48,-155.4
261.51,171.31,-82.201
465.6,157.16,-187.31
336.53,139.82,-90.397
105.32,159.07,11.081
245.08,171.38,-69.634
171.74,162.55,-18.502
138.72,167.66,-33.308
458.03,108.58,-178.14
326.78,126.34,-133.07
31.222,116.99,7.3036
263.52,162.12,-59.925
118.6,119.8,-23.847
234.33,171.45,-69.937
494.77,121.76,-230.17
328.35,119.15,-114.24
429.05,118.39,-147.7
221.35,130.52,-40.024
490.59,112.67,-180.12
302.68,123.44,-114.82
66.629,164,13.244
141.76,139.8,2.2496
335.64,140.29,-145.45
289.45,127.82,-75.085
338.67,150.18,-91.875
75.421,115.49,9.3042
337.52,131.93,-143.66
138.83,121.8,-35.243
277.51,164.83,-69.82
284.65,121.1,-95.816
286.36,160.2,-69.783
80.795,138.9,-25.087
103.13,167.16,-7.3731
232.34,129.49,-46.296
208.57,167.77,-41.279
383.69,161.71,-156.39
48.981,132.39,42.291
506.86,151.46,-216.4
430.02,121.32,-145.13
246.32,124.08,-85.547
122.86,161.99,-35.03
34.166,121.59,1.1602
236.46,169.38,-79.789
451.39,108.93,-177.34
230.45,121.61,-63.595
350.05,163.88,-109.14
349.46,126.18,-146.09
178.06,133.93,-16.79
481.24,141.66,-220
313.53,168.59,-97.107
411.34,129.26,-131.1
426.05,128.54,-138.68
191.56,122.89,-36.754
237.1,129.24,-48.836
283.04,130.29,-69.564
250.4,143.68,-102.81
230.54,162.67,-44.616
60.041,163.38,16.582
433.51,111.74,-178.44
450.14,112.09,-165.56
291.44,133.9,-120.08
195.91,122.75,-59.003
280.06,169.56,-80.094
417.33,139.67,-188.56
80.285,116.36,-3.8005
207.84,147.09,-82.616
261.62,122.04,-87.181
239.68,151.86,-97.141
106.65,119.14,-18.716
283.47,155.44,-116.97
119.02,166.83,-6.5772
344.87,119.58,-113.74
369.53,156.06,-111.72
87.489,154.67,-24.193
114.43,144.66,-39.932
390.86,152.48,-170.14
340.23,119.21,-113.84
11.357,155.57,15.292
125.08,157.7,-40.166
387.03,158.75,-124.82
373.14,118.56,-125.9
486.6,116.44,-222.8
30.225,118.3,5.9035
106.19,141.02,-36.239
364.12,117.1,-129.51
107.32,167.43,-9.5253
156.69,148.62,-4.4423
241.6,171.49,-69.295
302.65,164.28,-82.384
125.81,130.22,5.8283
309.87,160.44,-126.16
178.01,159.02,-64.634
338.02,136.84,-91.934
230.9,171.07,-60.577
108.58,131.43,14.702
55.41,163.73,11.223
318.91,153.42,-135.04
212.08,169.58,-46.789
458.73,111.85,-199.14
220.4,39.513,3.3491
145.8,27.606,43.304
535.85,54.843,-171.09
147.45,39.785,87.082
245.86,23.432,20.842
264.37,30.671,28.194
439.55,60.91,-61.967
374.24,46.435,-76.75
174.31,39.078,23.716
275.47,72.612,10.887
487.64,32.63,-90.277
364.24,47.839,-14.282
457.6,70.138,-88.267
539.91,68.117,-149.16
145.54,51.297,87.879
240.99,69.168,4.5621
253.35,70.69,1.3308
334.67,73.264,-31.659
283.52,62.438,-23.965
132.62,22.297,57.011
361.02,33.791,-64.098
259.88,63.203,33.059
410.95,28.619,-88.197
170.05,70.3,42.275
129.03,39.025,42.362
467.29,37.755,-75.395
309.32,25.196,-4.1159
118.75,43.661,99.373
324.87,37.628,3.59
336.24,43.837,-55.374
39.666,35.328,77.756
99.151,36.802,54.791
161.61,51.025,81.448
414.21,22.486,-73.049
172.85,55.782,75.316
221.97,46.32,55.876
404.56,24.719,-77.072
530.93,68.493,-142.02
194.14,67.934,25.325
390.15,72.88,-59.108
112.19,26.205,93.538
247.96,50.417,43.94
312.82,45.607,-43.294
260.76,23.457,11.225
251.51,72.561,7.7904
532.7,61.098,-163.78
488.39,35.345,-142.87
392.35,47.158,-29.806
358.62,71.703,-29.114
222.72,70.145,40.446
526.9,19.819,-131.41
514.87,65.08,-147.84
148.89,21.6,66.598
320.38,53.336,8.3196
391.45,24.756,-68.845
455.5,71.194,-97.056
99.564,21.422,69.447
240.66,56.702,-6.1433
101.28,59.571,100.43
494.21,37.246,-91.74
149.9,48.957,32.886
67.625,39.388,66.212
224.31,66.799,9.2441
262.6,59.983,-15.182
213.32,24.896,21.354
525.67,23.745,-121.76
290.53,38.596,21.414
156.65,21.44,53.73
434.3,26.724,-100.23
91.711,66.927,93.289
192.51,58.849,17.33
449.17,34.284,-66.607
502.51,43.985,-153.83
191.16,48.426,14.943
283.63,71.222,-12.755
493.85,42.079,-148.3
450.4,49.335,-63.677
358.02,25.3,-50.122
512.65,34.179,-104.29
367.02,25.48,-32.833
190.46,34.623,19.062
133.73,65.083,49.42
308.59,66.635,-32.819
488.67,27.535,-95.499
209.88,25.921,20.539
443.61,55.594,-115.41
220.17,70.472,17.443
233.81,49.455,-4.4833
188.25,71.903,39.562
66.504,59.51,72.811
50.835,17.731,94.13
412.13,22.809,-74.668
511.83,38.487,-102.03
416.67,59.989,-97.242
78.424,68.26,90.508
248.59,72.501,22.941
486.64,22.591,-127.61
499.57,62.359,-101.79
461.08,32.768,-123.87
159.17,71.212,53.146
45.221,47.413,75.132
501.07,32.495,-149.46
340.45,34.821,-53.49
135.56,54.012,90.93
491.23,33.735,-91.69
385.29,64.634,-75.723
159.53,59.508,32.573
312.22,64.58,6.5866
476.69,69.791,-115.19
343.32,23.839,-35.358
52.468,64.993,109.34
154.45,24.942,72.532
380.03,69.749,-36.967
434.99,30.818,-61.312
127.38,42.471,95.82
62.941,33.648,119.56
452.7,49.461,-122.73
94.168,67.453,72.587
75.709,19.449,98.171
318.43,68.488,-1.0896
187.62,26.639,59.659
209.71,31.235,54.85
206.57,22.754,32.178
267.42,29.978,25.886
70.496,28.464,70.028
447.68,71.355,-93.555
470.32,24.089,-119.54
458.32,32.442,-121.87
406.25,61.463,-90.237
546.53,43.447,-122.77
273.34,50.494,-23.432
385.67,72.739,-50.062
357.8,54.974,-66.61
362.65,51.066,-13.566
503.66,60.75,-102.79
92.161,54.096,107.36
461.21,40.405,-127.55
149.58,29.475,39.858
39.327,52.693,79.382
348.07,45.986,-62.147
299.09,52.769,19.149
176.02,71.622,51.765
471.65,22.503,-116.67
496.65,56.364,-146.67
232.59,57.767,-1.8525
306.52,72.943,-5.2546
238.4,71.888,12.096
412.37,25.264,-83.402
471.91,64.052,-125.14
508.02,47.605,-156.97
230.87,52.315,51.455
364.52,23.69,-47.472
324.33,57.65,-47.663
470.98,70.709,-105.59
236.07,71.098,10.988
280.41,73.5,-2.0004
504.26,27.696,-147.59
139.91,69.688,56
239.93,38.905,-5.3612
384.67,30.097,-34.323
384.84,29.064,-72.94
479.31,54.666,-82.957
65.799,20.649,81.397
431.48,24.497,-68.827
298.36,59.344,-33.407
299.38,50.342,19.317
204.95,29.939,16.845
106.71,25.994,95.707
240.85,67.11,1.6132
418.95,36.828,-47.748
288.17,58.398,-28.711
300.19,25.094,-18.105
78.382,50.829,62.769
281.43,63.105,23.002
510.7,53.075,-102.18
51.208,17.733,94.057
447.58,23.94,-103.63
83.739,28.462,65.275
507.31,65.75,-142.41
241.85,72.223,26.811
538.05,67.12,-137.72
530.12,54.641,-115.41
217.87,27.407,46.416
147.39,66.895,75.273
75.834,68.051,92.503
355.56,66.112,-58.019
471.1,50.878,-133.6
485.8,39.624,-142.78
385.52,55.074,-27.07
156.86,70.722,62.063
68.433,42.909,65.568
66.477,51.874,67.967
239.8,53.327,-6.7731
176.69,21.884,50.908
449.4,64.201,-71.267
183.89,59.294,68.945
399.94,45.036,-91.381
502.6,65.781,-139.76
345.2,49.741,-50.21
354.84,93.091,-41.474
175.16,52.432,27.892
458.08,52.621,-72.059
134.72,40.491,66.281
282.98,51.31,20.621
116.39,47.289,93.774
339.87,48.099,-44.895
317.05,92.482,-25.351
293.56,93.468,-1.2191
495.72,65.384,-90.261
204.26,87.975,21.43
485.03,49.152,-90.749
539.17,82.233,-127.3
91.678,85.437,70.174
384.04,55.262,-77.547
470.1,40.758,-103.72
460.35,90.543,-91.393
209.19,91.176,25.792
347.93,82.911,-56.109
526.14,47.764,-161.24
325.68,73.43,6.453
305.22,93.6,-8.1053
424.28,44.298,-64.643
124.1,43.678,57.673
339.21,93.403,-31.796
103.25,64.535,106.37
252.58,80.369,39.292
157.99,85.722,74.01
534.27,39.69,-134.53
410.13,42.932,-62.824
548.11,87.274,-145.46
295.95,83.816,16.233
118.62,57.308,99.159
432.19,57.507,-107.67
319.8,92.695,-25.97
277.71,90.579,16.209
420.6,65.615,-45.133
194.23,92.244,42.36
318.42,93.622,-15.224
249.88,43.377,18.797
478.47,90.171,-112.69
170.73,41.934,56.514
393.97,87.237,-40.196
446.88,41.694,-86.426
544.22,83.297,-166.36
348.37,92.822,-39.801
215.35,42.716,32.362
402.44,77.294,-89.793
415.43,77.189,-97.293
153.11,90.085,66.647
61.333,38.831,88.149
62.013,49.048,73.486
452.43,41.423,-95.524
385.91,61.441,-26.358
283.66,83.258,22.669
334.42,84.727,-4.1428
319.6,93.154,-23.814
469.6,90.572,-99.445
474.95,43.425,-120.47
222.71,58.55,54.565
224,62.117,1.7086
283.89,90.861,-12.783
348.55,72.046,-5.2564
223.44,55.3,5.0173
122.61,79.512,93.536
283.55,93.476,3.1838
520.82,44.53,-116.93
154.32,42.177,51.392
139.13,87.551,77.783
531,49.051,-117.83
80.806,39.983,98.113
424.38,86.377,-57.444
525.65,68.441,-166.75
70.831,75.559,68.88
473.02,62.458,-134.43
485.15,42.151,-124.55
70.152,68.47,118.54
382,82.935,-28.607
406.53,87.951,-48.803
461.51,87.654,-112.68
438.74,75.76,-57.521
128.09,78.044,46.255
197.55,64.006,67.37
456.78,87.628,-80.264
372.89,70.598,-18.222
110.67,46.501,95.431
44.164,41.878,86.964
135.38,42.61,56.137
270.05,89.65,-8.1554
260.02,83.59,-10.505
322.8,46.191,-31.968
242.21,48.109,3.7121
174.14,91.175,44.446
507.71,88.561,-133.87
445.1,57.772,-61.432
78.04,47.145,110.16
269.49,44.413,-0.1848
326.01,47.786,-5.9025
447.26,43.247,-79.425
204.43,44.974,25.56
482.16,66.931,-81.935
289.25,92.716,4.9062
524.4,39.772,-129.46
235.4,57.782,48.346
339.17,71.109,-0.17812
320.71,75.999,8.288
376.39,63.773,-20.502
277.2,49.827,21.769
385.19,78.302,-79.53
351.91,75.52,-7.8862
542.31,54.73,-121.07
157.05,41.377,61.152
363.14,79.11,-66.881
317,92.674,-8.6995
530.88,39.386,-134.08
483.08,90.145,-114.23
441.12,43.82,-98.066
60.931,37.971,101.14
94.745,88.93,80.44
156.41,64.089,30.979
77.222,52.806,114.27
114.7,62.628,101.79
131.1,89.933,73.019
259.17,82.074,35.119
257.52,55.757,-11.042
60.649,79.163,75.875
327.8,45.57,-33.088
355.46,63.797,-64.98
196.75,42.839,35.291
293.43,93.55,-7.5538
165.15,88.317,40.801
331.96,89.467,-40.053
484.43,70.941,-140.82
210.28,90.467,45.528
203.65,79.828,61.219
173.86,41.741,49.525
496.94,44.362,-137.44
354.33,43.579,-34.003
298.48,59.784,-33.391
289.58,68.243,25.085
462.01,60.118,-70.527
330.56,66.167,4.3033
271.37,93.484,7.8723
507.31,40.015,-120.63
115.75,71.943,48.685
146.1,43.682,75.036
249.5,78.623,41.676
267.44,43.506,8.7708
373.96,77.346,-20.607
482.2,90.08,-114.63
471.28,44.238,-89.784
217.55,83.378,52.626
432.94,50.648,-59.424
476.57,63.204,-78.639
162.6,50.148,76.178
307.32,60.063,-38.046
54.997,67.127,72.066
89.383,39.146,80.78
59.002,48.601,119.32
127.41,45.466,86.698
217.38,48.278,48.802
502.31,86.372,-137.5
149.23,52.442,38.381
468.39,42.636,-113.87
320.19,87.455,0.26185
241.6,92.838,15.564
112.91,66.795,102.44
335.87,48.154,-42.789
192.83,90.981,33.612
154.65,86.288,74.444
387.16,85.248,-33.767
112.55,46.25,94.32
201.86,53.377,15.891
262.78,91.662,-0.13103
518.75,46.858,-155.44
190.45,49.966,63.392
226.2,85.054,47.289
124.15,84.457,87.944
95.757,87.67,90.873
457.8,68.308,-125.1
93.24,45.079,66.202
303.1,93.068,-3.3278
382.99,47.154,-36.751
284.48,56.142,23.904
412.34,46.379,-53.803
488.87,52.02,-140.36
48.002,53.982,75.962
215.3,87.094,14.857
518.3,88.337,-139.6
506.13,84.935,-142.32
71.946,77.325,69.583
412.42,87.229,-51.286
225.18,90.072,14.982
557.23,55.157,-129.93
164.61,68.122,81.52
415.37,87.103,-88.333
547.77,46.046,-130.54
137.88,70.02,45.578
334.14,64.111,-30.318
328.92,73.427,0.33755
206.55,95.979,11.308
419.87,67.301,-55.432
508.01,63.398,-110.65
167.94,108.8,66.014
347.91,65.113,-22.214
273.47,66.115,18.392
333.41,113.51,-26.983
351.81,113.28,-37.691
219.92,90.855,3.8535
320.44,97.019,-44.117
237.07,63.67,29.373
353.51,94.881,-62.526
386.74,110.35,-66.11
472.94,100.21,-127.97
45.67,80.077,76.256
95.628,101.73,102.04
422.54,106.35,-92.463
112.89,109.24,81.201
231.31,72.456,4.4883
348.58,97.584,-58.835
215.75,76.324,8.702
326.82,79.82,5.4335
286.51,68.153,15.67
208.22,74.248,59.718
102.47,78.592,106.94
240.9,66.758,35.929
84.802,71.006,111.05
165.23,91.158,28.39
553.26,89.554,-126.2
315.68,92.392,12.639
86.773,101.36,105.51
465.14,87.56,-128.77
349.6,65.049,-42.862
97.24,75.262,57.829
101.61,109.13,78.062
128.58,82.435,43.533
261.01,63.783,7.4062
372.79,106.71,-64.756
374.91,108.08,-64.014
305.27,97.887,-35.883
318.98,95.012,-44.048
392.67,65.071,-68.775
491.94,100.33,-139.02
421.16,111.49,-66.145
255.35,104.99,-6.0501
321.2,65.108,-27.363
389.1,79.916,-27.783
530.51,59.281,-133.43
380.85,101.62,-74.13
283.44,106.56,-18.33
149.62,88.769,88.454
211.54,64.799,46.347
47.842,105.12,91.289
72.439,96.888,114.56
339.32,102.84,-4.2427
419.02,81.761,-44.023
295.7,65.167,-14.452
333.47,66.188,-11.982
534.66,108.32,-141.98
282.8,70.399,20.586
56.029,68.433,121.37
347.54,71.842,-10.842
520.25,95.384,-107.71
444.22,88.934,-115.91
372.99,77.411,-20.143
304.14,106.69,10.173
444.94,66.268,-70.8
174.3,111.44,46.935
161.36,77.279,82.113
344.05,69.721,-48.688
294.67,70.992,-24.202
363.65,89.364,-69.082
348.82,78.416,-58.556
127.44,107.78,58.784
76.883,61.716,104.77
407.43,92.128,-93.598
185.35,67.486,29.683
238.86,104.38,43.258
119.65,61.782,64.043
37.733,90.095,80.649
89.973,108.71,87.436
543.15,62.072,-132.54
546.72,106.58,-159.25
197.11,64.615,53.084
385.88,68.991,-34.57
383.29,77.349,-25.789
482.48,95.826,-136.7
101.98,108.24,72.906
365.35,65.097,-31.172
156.95,92.882,32.393
82.184,58.68,92.743
81.292,77.423,115.15
379.47,112.79,-53.797
242.01,96.31,-5.175
99.921,109.13,83.098
328.75,70.984,-41.895
443.1,107.48,-70.141
304.32,108.73,7.3983
504.49,104.23,-105.8
368.2,69.173,-24.885
143.75,87.015,91.011
287.58,105.88,19.207
210.74,89.039,62.599
181.71,110.49,56.849
483.13,63.698,-125.87
358.62,86.377,-66.237
61.499,76.951,70.795
301.92,88.153,19.866
148.51,73.729,38.668
277.33,109.01,20.06
526.18,94.249,-163.86
356.61,69.452,-55.356
455.59,61.264,-92.727
251.21,63.692,21.731
515.61,59.208,-128.3
333.25,79.994,-50.807
107.86,99.951,99.42
174.08,67.585,69.101
371.95,101.9,-69.011
318.55,63.733,-14.857
373.21,77.394,-20.274
103.27,62.725,67.198
371.31,93.94,-72.606
169.37,76.46,28.634
316.86,92.228,12.066
313.79,71.971,-35.044
324.07,86.274,8.5372
117.65,99.271,52.475
145.38,104.57,81.012
261.96,63.602,14.984
249.32,96.407,43.612
424.76,111.74,-70.133
79.905,63.548,106.27
544.82,105.71,-136.67
457.12,61.741,-89.047
277.05,78.597,-21.245
165.1,111.43,53.725
66.082,83.262,68.21
279.6,112.59,10.687
476.8,65.288,-124.36
259.39,68.166,-3.3873
389.3,94.895,-27.39
381.36,87.735,-79.078
208.79,64.41,46.736
517.86,107.21,-142.76
354.63,101.33,-11.336
440.27,64.669,-71.258
454.78,64.574,-79.247
220.3,63.969,22.869
266.66,63.61,12.319
312.64,64.126,-8.3357
287.76,102.59,-24.207
269.23,88.526,35.793
101.11,99.303,102.4
460.54,72.903,-121.87
475.51,61.167,-112.89
325.79,94.108,-47.874
226.24,75.669,4.3793
321.44,101.16,6.2639
453.54,104.56,-112.23
109.23,69.723,56.634
246.28,104.88,-1.7332
291.28,73.858,-25.258
279.28,108.43,-13.824
136.47,73.452,43.608
323.82,110.95,-32.071
160.45,99.568,79.902
372.52,65.044,-56.326
406.02,85.161,-35.929
128.32,109.03,61.702
152.66,103.28,40.522
430.21,110.76,-87.302
367.98,66.065,-56.165
52.433,107.2,101.61
166.47,110.54,46.862
424.58,90.157,-46.666
400.3,63.737,-69.519
516.29,88.078,-160.19
61.018,79.039,70.522
143.46,100.56,42.202
391.56,67.161,-72.4
149.64,104.9,79.02
191.35,74.218,67.346
284.26,106.7,19.888
341.82,92.368,-0.87221
155.87,62.452,67.991
351.24,113.02,-39.187
219.53,111.57,22.661
368.93,67.388,-28.003
273.18,104.18,27.739
138.98,62.845,77.559
97.208,103.95,98.735
358.69,110.39,-51.33
253.61,100.06,39.863
486.4,78.269,-141.01
221.74,-31.08,4.0042
143.74,-43.411,36.702
542.33,-2.5569,-159.03
145.12,-60.071,78.988
240.28,-60.468,6.2957
259.4,-64.198,14.624
442.87,-35.63,-57.874
377.53,-20.495,-71.812
175.81,-30.877,24.736
282.99,-24.962,23.912
483.46,-53.737,-101.9
363.25,-53.174,-19.537
464.84,-18.079,-75.538
548.09,-6.2768,-134.01
146.39,-51.202,86.507
249.52,-14.616,20.188
262.04,-14.898,17.247
343.34,-15.591,-15.905
290.73,-14.589,-10.95
128.55,-51.924,45.989
360.35,-34,-67.634
263.66,-40.907,37.893
408.72,-37.356,-95.016
178.8,-16.638,58.289
130.9,-29.595,44.221
464.17,-53.01,-84.901
303.59,-61.654,-19.08
117.69,-56.538,93.991
321.28,-60.817,-7.1603
338.67,-24.717,-52.314
41.398,-28.997,79.454
100.66,-30.497,55.909
162.24,-51.989,79.574
408.93,-51.772,-86.66
174.81,-47.795,76.279
220.84,-56.938,50.247
400.62,-45.113,-87.665
539.01,-7.7334,-127.14
202.61,-15.052,40.852
398.61,-14.817,-43.757
107.08,-64.739,79.78
247.83,-53.837,40.43
315.74,-24.099,-39.225
255.35,-58.852,-2.9245
260.26,-16.735,23.735
540.43,-1.1809,-149.19
489.2,-21.168,-142.9
391.25,-52.212,-35.238
365.64,-24.723,-17.107
229.37,-29.884,51.546
520.89,-50.128,-146.44
523.15,-2.6239,-132.24
143.16,-62.437,51.732
320.91,-50.333,6.2273
387.4,-46.352,-79.708
463.83,-11.577,-81.821
95.629,-50.944,58.777
246.65,-17.833,4.3284
105.25,-40.257,105.8
491.14,-51.116,-101.05
154.39,-22.079,40.284
70.237,-26.685,69.737
232.5,-14.668,24.235
269.3,-15.957,-3.225
209.47,-50.874,10.758
520.01,-52.421,-136.24
287.19,-61.22,11.178
151.6,-57.142,40.479
431.55,-38.081,-108.13
98.686,-27.879,105.25
199.2,-16.908,29.274
445.14,-55.913,-78.035
506,-11.959,-148.12
195.23,-23.135,21.423
292.34,-14.429,3.2
496.73,-14.318,-143.9
450.22,-46.427,-67.046
354.01,-47.853,-60.979
508.98,-51.116,-114.78
361.27,-60.227,-47.788
190.43,-35.926,16.801
142,-15.018,64.6
316.62,-12.961,-18.13
483.47,-54.87,-109.18
206.52,-48.687,11.032
449.64,-9.6108,-104.55
228.89,-15.524,33.399
237.95,-22.505,2.1339
196.91,-18.732,55.239
74.162,-14.818,86.868
45.926,-55.042,81.365
407.16,-50.02,-87.576
509.2,-48.909,-110.37
423.57,-9.5886,-84.664
86.55,-21.654,105.08
256.23,-24.836,36.228
482.77,-39.371,-137.8
504,-27.456,-95.111
460.78,-26.873,-126.35
167.75,-19.352,68.671
50.257,-19.705,83.807
501.1,-22.927,-151.12
340.07,-33.859,-56.444
137.33,-48.212,91.53
487.32,-53.032,-102.75
393.03,-10.129,-61.495
166.54,-16.409,45.214
316.33,-38.509,12.161
485.22,-7.7789,-99.373
338.32,-53.625,-48.454
59.255,-28.15,120.95
148.92,-64.837,57.922
386.26,-27.409,-26.692
430.17,-57.839,-74.378
125.92,-57.703,89.581
59.835,-60.948,109.97
457.25,-12.489,-114.92
102.87,-16.058,88.583
69.899,-62.787,83.183
323.98,-32.71,7.6178
182.22,-64.966,45.247
205.03,-64.591,41.86
201.53,-57.013,18.922
262.33,-64.206,12.056
69.672,-38.054,66.193
456.1,-11.389,-78.13
466.9,-38.541,-128.8
457.89,-27.546,-124.66
413.42,-9.7372,-77.124
545.49,-42.362,-127.66
277.65,-21.306,-16.458
393.54,-18.996,-36.09
363.3,-15.439,-57.042
362.56,-50.693,-16.928
507.56,-29.211,-97.249
94.443,-46.04,109.12
463.31,-18.911,-124.91
148.17,-40.989,34.631
45.717,-16.551,90.888
351.14,-22.306,-57.701
299.48,-51.348,16.741
184.12,-22.772,66.138
467.51,-41.786,-127.54
503.21,-5.0794,-134.57
238.86,-17.345,9.2071
314.14,-23.657,8.0103
247.17,-16.23,28.111
408.77,-43.106,-93.23
479.87,-5.08,-110.28
512.53,-8.843,-149.09
231.38,-52.164,49.283
359.58,-52.383,-60.412
330.44,-15.426,-36.89
479.22,-11.141,-90.516
244.82,-15.563,26.985
289.01,-18.092,13.529
502.68,-28.552,-152.71
148.65,-16.993,71.985
240.99,-31.725,-5.3056
379.58,-60.579,-48.045
382.59,-38.882,-79.865
480.95,-38.883,-82.369
62.099,-49.409,71.301
425.68,-57.348,-83.777
304.86,-15.447,-21.835
299.08,-53.385,15.438
203.2,-42.123,10.867
101.6,-64.691,81.949
249.06,-14.437,16.623
415.36,-56.827,-58.35
294.46,-16.166,-17.589
295.95,-51.11,-29.546
83.969,-18.81,72.544
285.09,-40.92,27.593
512.14,-37.345,-101.91
46.29,-55.099,81.27
443.78,-41.807,-113.81
82.744,-38.851,61.05
515.65,-3.2434,-126.72
249.38,-25.491,39.856
545.1,-13.214,-125.16
532.25,-33.656,-113.6
212.48,-64.801,32.02
153.48,-32.395,85.201
83.849,-22.281,106.82
363.52,-11.316,-43.41
476.16,-10.018,-124.69
487.89,-17.248,-140.08
386.67,-45.905,-27.758
164.68,-24.308,75.819
72.031,-23.83,71.183
72.429,-17.835,78.521
244.94,-19.818,1.944
171.15,-60.557,36.487
453.97,-30.339,-64.445
186.87,-44.36,72.086
402.95,-19.953,-86.971
510.94,-3.498,-124.1
348.46,-25.623,-45.593
368.91,-0.10816,-14.299
179.96,-23.312,35.785
459.16,-41.086,-72.665
134.81,-43.963,63.841
283.53,-48.985,18.665
116.88,-49.855,91.807
342.47,-28.546,-41.728
331.22,0.2022,2.0885
307.03,-6.7929,24.468
500.21,-30.83,-83.656
218.14,-0.15378,48.351
485.55,-40.101,-92.43
549.48,-8.0186,-108.07
105.62,-0.2014,97.325
389.4,-15.908,-68.29
469.99,-34.941,-106.32
473.34,-1.3651,-66.482
223.38,-1.5754,53.252
360.68,2.4959,-31.359
530.27,-11.11,-154.23
331.67,-35.279,15.871
318.8,-5.8165,17.835
423.89,-42.681,-68.187
126.22,-33.637,59.78
353.23,-1.3028,-4.7612
108.02,-40.455,113.29
260.88,-29.423,53.62
168.92,-20.093,94.075
533.67,-35.073,-138.14
409.81,-40.977,-66.12
560.9,4.0335,-120.69
305.25,-25.017,32.727
121.34,-45.923,101.76
438.6,-9.5856,-96.06
333.97,-0.014181,1.4413
289.64,-14.906,38.429
424.64,-36.743,-39.677
208,-6.3938,68.729
332.03,-5.2037,10.799
249.78,-45.077,15.835
492.32,5.895,-85.686
170.5,-46.862,53.249
404.68,-15.883,-20.511
446.59,-38.055,-89.52
557.78,14.226,-139.5
362.5,0.45228,-12.468
215.42,-44.192,29.805
414.09,3.1572,-67.195
427.11,3.9535,-74.593
166.04,-11.137,91.14
62.273,-38.217,87.757
66.927,-22.017,81.777
452.58,-34.451,-97.575
388.74,-41.548,-23.523
292.8,-25.887,38.811
344.01,-22.795,13.014
333.73,-0.86894,3.4699
482.86,0.86344,-73.879
476.73,-24.427,-118.78
225.02,-47.002,56.22
231.54,-13.776,15.456
297.99,0.56306,14.56
354.15,-35.669,3.3584
228.86,-20.778,14.224
131.73,-26.709,109.72
297.09,-6.6605,29.013
520.69,-38.013,-119.78
155.26,-39.263,50.865
151.05,-15.81,100.04
531.76,-36.763,-118.89
80.435,-48.396,94.564
434.98,-14.674,-37.936
535.95,8.0734,-146.62
83.041,-1.3959,92.59
481.25,-1.1853,-118.81
486.49,-25.772,-123.82
76.405,-35.622,128.66
391.09,-22.716,-12.47
417.61,-13.699,-28.286
475.38,8.5293,-85.471
445.82,-26.632,-45.576
140.42,-1.7214,70.126
201.38,-43.514,72.208
468.22,-9.1308,-58.831
378.12,-35.772,-10.35
111.06,-49.886,93.25
46.76,-30.564,90.256
136.85,-36.597,56.811
284.02,0.66448,18.955
272.94,0.095376,14.521
324.54,-32.949,-30.714
244.97,-30.584,7.1481
188.29,-3.0149,71.768
521.62,9.137,-106.6
447.28,-39.844,-59.81
78.777,-49.195,108.73
270.39,-38.491,-0.82705
325.94,-47.803,-9.0415
446.82,-41.054,-82.999
206.13,-35.552,26.693
486.97,-30.849,-74.698
302.2,-9.7838,29.403
523.83,-35.308,-133.02
237.47,-47.381,49.502
344.49,-36.822,7.8394
327.47,-33.041,19.335
379.78,-40.612,-16.501
277.49,-49.234,19.299
397.01,2.5895,-56.622
358.54,-32.378,2.9216
544.42,-33.57,-119.32
156.86,-46.308,58.018
375.07,1.7708,-43.765
329.88,-9.3537,15.66
530.3,-34.655,-137.62
496.86,5.5314,-87.401
442.6,-28.082,-97.125
60.596,-46.346,97.791
108.69,-4.3424,107.35
164.95,-11.131,46.893
79.216,-47.032,115.42
118.84,-42.331,107.36
144.4,-9.0422,98.362
268,-27.458,50.59
262.94,-20.241,-1.8343
73.71,0.027575,101.34
329.25,-34.119,-32.47
363.35,-8.9997,-50.37
197.4,-40.795,34.071
307.45,-3.0003,19.41
179.19,-0.65535,68.045
345.88,2.4524,-13.007
495.03,5.9707,-120.17
222.62,-13.927,68.681
212.07,-29.447,75.83
174.01,-43.774,47.183
499.43,-19.734,-134.11
354.2,-42.262,-36.974
305.1,-15.152,-21.578
294.15,-40.396,31.459
464.87,-37.297,-67.458
334.52,-40.902,9.4358
285.04,-6.1074,34.003
506.8,-35.668,-124.07
126.72,-4.4873,69.757
145.88,-49.692,71.651
257.26,-31.324,54.834
267.46,-43.861,6.083
381.2,-29.5,-8.4632
496.03,5.9528,-87.676
470.94,-40.724,-93.154
227.06,-25.459,69.583
433.51,-43.195,-61.131
480.32,-34.123,-73.651
163.37,-49.851,74.709
314.02,-14.605,-26.046
65.295,-5.4475,91.822
89.83,-41.235,79.23
60.194,-48.295,118.85
127.52,-50.095,83.946
217.56,-50.072,46.12
516.13,11.04,-110.28
154.26,-22.435,46.815
469.69,-27.118,-113.26
330.78,-19.443,19.555
255.72,-3.0679,42.768
118.21,-39.031,110.48
338.48,-28.653,-39.602
207.03,-1.8799,61.064
165.83,-19.01,95.083
397.08,-19.322,-15.802
112.88,-49.937,92.021
206.77,-22.78,24.014
276.96,-0.51788,27.322
522.48,-13.194,-149.35
191.04,-50.036,61.536
236.25,-23.394,65.394
135.02,-20.073,107.92
108.46,-11.668,114.95
467.52,1.957,-106.38
96.342,-29.222,70.518
316.23,-8.4405,21.594
382.85,-45.642,-39.933
286.02,-47.601,23.978
412.14,-44.194,-57.045
494.04,-9.992,-131.22
54.661,-15.906,88.021
229,0.032466,41.444
532.16,9.4601,-112.41
519.8,11.72,-115.39
84.538,-0.75428,94.074
423.25,-14.39,-31.29
239.27,-0.421,42.304
559.55,-32.093,-127.7
169.8,-39.74,89.269
429.06,6.3362,-61.588
548.03,-36.171,-132.55
147.64,-10.111,63.956
340.2,-23.239,-20.085
335.27,-32.585,10.61
223.35,11.266,44.597
425.25,-29.246,-46.949
513.1,-23.768,-102.49
185.45,-0.4277,100.04
353.01,-30.914,-14.308
278.67,-33.78,26.398
352.82,12.853,11.376
371.25,13.964,0.78082
235.36,8.0878,34.284
337.25,13.713,-10.773
242.24,-32.25,37.427
369.84,13.905,-30.139
406.22,18.889,-27.317
491.04,23.988,-91.659
59.581,4.5418,103.65
111.3,-7.3792,132.15
441.56,21.562,-54.446
131.6,5.8846,117.98
241.16,-9.447,22.99
365.56,15.152,-25.102
226.97,-4.7486,30.17
334.6,-30.094,18.648
291.94,-34.143,24.101
215.04,-34.079,70.926
111.09,-29.81,122
246.22,-34.742,44.142
91.745,-33.258,122.65
181.05,8.7415,59.66
564.9,-6.8529,-104.31
326.8,-21.667,32.867
102.43,-7.2993,135.61
480.15,16.87,-98.888
356.29,-19.37,-31.196
109.16,-2.2917,80.893
121.02,10.674,116.49
142.32,3.0983,70.429
266.98,-25.796,17.392
391.74,19.074,-26.963
394.09,19.115,-25.779
322.29,13.662,-2.1254
335.29,12.53,-11.739
399.66,-15.838,-56.352
510.17,25.411,-102.38
439.5,10.513,-30.061
273.99,15.149,31.012
327.83,-20.713,-15.847
397,-27.424,-14.256
535.37,-19.693,-125.5
398.83,18.47,-38.288
302.33,15.948,19.242
160.56,-23.931,108.34
216.71,-34.41,54.307
67.327,14.366,130.12
86.736,-12.147,141.74
353.7,-10.186,22.97
427.48,-24.596,-29.245
302.37,-21.33,-2.8744
338.64,-32.167,-3.9971
553.53,21.752,-104.33
288.61,-34.291,29.743
62.636,-33.493,132.31
353.58,-32.295,-1.1748
533.38,-4.2759,-82.741
459.44,16.056,-85.643
380.25,-29.458,-7.9549
319.89,-6.1624,40.315
450.22,-27.824,-62.429
193.82,11.015,85.537
169.16,-32.195,95.387
352.73,-10.893,-32.643
303.79,-10.902,-7.2685
378.56,10.774,-39.637
360.49,0.24111,-36.034
146.95,13.921,97.585
82.114,-34.575,112.95
423.26,15.397,-62.143
193.71,-15.57,44.976
254.02,-9.6453,72.121
126.41,-22.284,75.882
54.377,11.792,113.8
108.99,8.0125,124.96
548.18,-21.484,-124.4
566.01,27.239,-120.48
202.29,-34.594,61.061
391.45,-30.964,-25.769
390.56,-28.988,-13.565
499.68,23.152,-102.19
121.54,12.895,111.77
370.44,-30.398,-23.269
173.27,9.9579,64.709
87.334,-31.31,100.95
89.815,-29.784,130.03
398.92,15.535,-15.235
258.75,11.584,27.987
118.99,8.1867,120.72
337.86,-9.7657,-24.917
459.74,3.8577,-37.776
320.84,-3.0324,39.238
520.56,5.6298,-74.512
373.78,-31.713,-16.101
154.25,-25.184,109.96
303.06,-7.5969,48.768
221.29,-25.108,81.599
199.85,2.5054,92.267
490.58,-7.9499,-112.17
372.69,8.1808,-38.579
74.329,1.0679,95.863
311.86,-25.421,37.597
159.4,-6.1007,59.483
294.03,-2.933,52.282
543.31,26.022,-129.36
365.23,-10.595,-39.422
460.84,-21.736,-84.1
256.41,-31.584,29.876
520.66,-18.728,-119.93
345.38,1.1242,-27.327
122.75,-10.51,127.8
179.74,-35.457,77.992
389.96,18.101,-33.112
323.9,-28.35,-6.2807
380.47,-29.455,-8.0925
110.72,-18.988,80.589
387.45,14.271,-40.579
180.95,-3.7754,50.913
327.94,-21.776,32.193
323.25,-8.9775,-17.338
333.49,-26.221,25.174
135.75,13.726,88.508
161.45,-6.3402,111.92
267.23,-30.614,23.316
261.81,-18.779,66.747
443.35,12.058,-33.492
85.392,-34.859,114.93
562.11,13.91,-102.56
462.13,-23.926,-80.999
288.76,-2.0532,1.2698
184.45,9.5243,91.92
80.665,6.1756,96.989
297.95,4.6719,46.57
484.83,-5.9063,-109.41
267.51,-15.704,11.375
401.27,-16.229,-5.2559
395.89,10.585,-50.401
213.93,-34.193,54.666
537.2,25.871,-103.95
368.52,-11.328,14.858
445.35,-27.523,-63.269
459.87,-26.846,-71.205
226.79,-23.707,33.993
271.95,-30.319,20.706
317.82,-30.263,-0.20222
305.85,15.168,11.759
279.36,-25.622,53.894
115.86,-10.928,130.5
471.15,2.852,-101.37
481.53,-15.412,-102.41
341.88,12.235,-16.025
237.19,-5.5553,25.266
335.25,-12.781,32.244
472.36,23.367,-74.505
119.22,-9.0685,75.532
264.93,14.988,35.326
301.41,-7.1771,-6.1239
298.5,15.873,24.379
147.39,-5.951,64.496
343.34,16.445,6.7204
174.6,-13.584,106.64
379.34,-17.694,-44.329
415.3,-23.21,-19.453
147.91,12.939,100.58
171.36,14.338,77.741
449.7,19.856,-48.472
375.25,-15.781,-43.16
71.459,8.7004,139.23
186.07,12.478,85.722
435.34,-18.121,-27.051
406.67,-18.483,-58.478
531.85,21.817,-129
74.464,2.9566,96.902
161.66,13.753,78.421
399.46,-11.821,-57.958
165.78,-6.0686,110.09
198.25,-34.007,78.73
300.05,-6.4649,50.125
352.94,-20.845,19.367
160.97,-33.834,75.902
370.76,14.798,-0.51762
239.15,13.089,61.552
374.24,-31.455,-19.729
288.1,-9.9962,56.09
144.12,-34.564,85.521
113.69,-4.175,130.61
378.16,17.86,-12.591
267.24,-14.952,65.417
498.96,11.163,-116.26
203.55,-85.901,-36.605
122.78,-93.41,-9.6836
531.76,-55.31,-183.27
116.08,-131.22,14.67
213.04,-114.75,-53.647
229.65,-127.62,-50.962
419.16,-112.87,-110.97
361.86,-75.536,-107.02
157.92,-85.467,-15.222
262.29,-109.34,-22.983
456.65,-111.99,-161.06
334.95,-127.23,-82.365
446.47,-95.039,-117.21
534.22,-74.316,-165.78
119.13,-129.15,25.773
233.37,-90.219,-16.693
245.53,-92.094,-20.464
325.91,-95.188,-55.641
275.39,-83.135,-45.888
105.12,-101.25,-5.6323
341.35,-83.69,-109.81
238.25,-124.5,-19.05
388.99,-83.318,-138.63
161.98,-94.944,19.867
113.67,-83.753,5.6789
436.98,-116.16,-145
275.42,-117.91,-81.06
89.554,-129.87,31.541
291.63,-128.99,-72.68
321.89,-79.676,-89.904
25.224,-79.733,43.289
83.492,-83.112,17.57
134.65,-129.98,18.158
384.54,-99.294,-140.28
148.12,-128.23,16.696
191.82,-132.45,-14.172
378.5,-91.369,-136.4
524.56,-76.993,-160.18
186.64,-89.97,4.3587
381.34,-93.238,-83.128
78.291,-125.01,16.336
219.32,-131.62,-22.955
299.03,-80.662,-76.716
228.67,-112.19,-61.639
242.8,-96.808,-16.114
529.53,-59.492,-174.33
474.44,-64.666,-175.83
363.31,-124.87,-97.244
344.86,-107.49,-64.109
207.32,-114.78,1.7544
497.12,-93.326,-198.62
511.19,-65.827,-159.78
115.76,-116.6,-8.5348
293.08,-128.68,-55.737
364.85,-93.399,-129.39
447.81,-86.122,-118.41
72.82,-99.095,8.5044
231.03,-82.655,-31.095
81.154,-120.94,51.763
464.65,-112.55,-159.6
138.56,-82.027,4.5557
54.277,-80.064,33.947
216.73,-88.035,-11.782
253.86,-82.916,-38.335
185.79,-101.7,-41.44
494.81,-100.8,-191.63
257.38,-130.82,-54.747
126.22,-108.25,-15.381
411.73,-82.373,-151.9
78.316,-109.37,59.151
183.8,-83.716,-5.7389
417.39,-117.26,-139.27
493.48,-59.089,-176.35
178.92,-82.836,-15.31
275.83,-91.703,-34.519
483.61,-60.86,-173.4
423.98,-117.77,-125.38
330.93,-96.478,-111.85
482.86,-109.35,-172.45
333.41,-115.61,-109.1
171.18,-88.645,-26.003
126.65,-87.467,29.523
301.22,-84.674,-53.286
456.93,-108.61,-167.6
183.56,-99.391,-39.659
436.6,-67.529,-134.24
212.28,-93.063,-4.5183
221.59,-82.611,-34.728
178.99,-99.647,14.407
59.909,-82.027,54.297
22.242,-102.02,29.259
383.41,-96.941,-139.82
483.32,-110.29,-167.63
410.01,-72.089,-115.6
68.416,-101.23,63.825
235.68,-109.22,-10.328
462.86,-79.851,-181.65
483,-101.36,-142.32
444.3,-71.033,-162.98
149.8,-100.1,27.765
35.913,-77.542,51.334
486.02,-64.424,-184.66
321.06,-84.647,-98.689
110.86,-127.35,32.46
460.6,-111.99,-161.71
378.73,-77.793,-94.189
151.36,-83.835,10.639
291.46,-121.84,-43.623
470.77,-78.734,-132.49
313.29,-103.98,-103.54
39.191,-108.11,75.555
120.12,-123.6,-5.4931
364.65,-109.51,-75.44
402.23,-116.83,-135.96
97.476,-130.41,26.492
31.617,-126.98,47.574
443.94,-65.736,-145.03
86.927,-91.713,52.143
42.929,-115.48,23.874
300.75,-116.81,-44.677
153.01,-125.28,-19.081
175.25,-129.16,-23.841
175.84,-109.03,-37.63
232.66,-126.92,-53.329
50.896,-86.553,24.535
440.15,-86.049,-114.56
447.15,-80.19,-172.34
441.2,-71.759,-161.71
399.64,-73.867,-108.59
521.29,-104.97,-181.35
261.46,-81.543,-52.955
374.71,-99.547,-78.862
348.42,-76.447,-90.755
334.76,-126.66,-78.748
486.1,-102.41,-145.42
68.941,-124.39,52.147
448.8,-66.459,-157.43
127.85,-91.538,-10.385
31.856,-78.034,59.334
334.94,-78.046,-94.081
271.41,-129.81,-45.725
164.74,-105.66,22.123
446.73,-83.576,-173.26
491.6,-60.978,-161.12
223.3,-83.03,-26.105
293.78,-107.45,-38.134
230.03,-95.446,-10.999
387.31,-88.778,-140.53
467.27,-68.862,-139.2
500.68,-57.895,-175.96
203.3,-131.07,-13.213
334.97,-101.78,-114.57
315.31,-79.34,-71.234
463.37,-84.86,-126.69
228.06,-93.644,-11.289
270.79,-99.638,-27.973
486.12,-68.229,-189.37
131.87,-95.081,33.69
222.57,-86.151,-46.394
350.87,-120.66,-111.31
362.31,-86.287,-124.71
456.74,-111.33,-136.4
40.103,-96.192,22.81
398.82,-109.76,-142.83
289.57,-81.248,-56.569
270.57,-130.5,-47.923
182.19,-93.371,-35.653
72.876,-124.76,18.656
233.28,-87.879,-19.425
387.02,-121.42,-120.97
279.07,-81.473,-52.534
271.86,-101.67,-82.642
69.37,-79.369,39.441
259.62,-124.28,-29.486
488.63,-107.16,-154.35
22.583,-102.11,29.114
422.89,-85.214,-159.85
63.618,-87.685,18.632
503.39,-67.502,-154.94
228.65,-109.99,-7.1044
528.73,-83.988,-162.36
509.86,-102.93,-163.63
183.12,-125.59,-32.646
131.19,-115.89,34.947
65.515,-102,65.136
348.66,-81.301,-77.366
463.53,-63.237,-153.35
474.02,-62.954,-171.14
360.05,-123.17,-87.086
144.91,-107.24,30.963
56.664,-79.203,36.598
58.097,-79,45.971
229.04,-82.326,-34.008
144.33,-113.81,-22.51
431.79,-107.98,-114.3
160.95,-126.4,14.118
387.59,-73.125,-121.46
498.59,-67.956,-152.51
330.47,-86.93,-85.961
354.54,-91.155,-47.863
163.07,-87.237,-2.3077
434.47,-112.81,-127.69
111.87,-107.26,12.801
256.62,-124.83,-41.231
90.795,-123.26,33.738
323.62,-89.811,-83.948
317.19,-90.324,-30.738
290.27,-102.22,-14.341
477.51,-109.6,-134.65
205,-87.116,17.547
461.63,-107.63,-145.69
532.97,-91.161,-145.97
93.22,-85.409,68.146
374.22,-77.277,-102.68
449.27,-91.385,-152.38
458.48,-89.811,-101.02
209.24,-92.479,20.166
348.75,-76.987,-59.325
517.47,-61.415,-183.18
306.74,-125.67,-40.257
302.35,-100.77,-20.29
399.88,-107.14,-121.54
106.8,-94.665,16.364
338.42,-93.41,-39.309
83.146,-126.21,57.431
237.46,-124.13,0.60261
148.65,-115.81,47.746
512.82,-90.08,-184.43
386.69,-103.25,-117.49
548.25,-77.639,-150.29
282.88,-120.52,-18.079
95.335,-127.26,43.625
425.34,-69.487,-126.28
319.81,-90.852,-31.656
270.25,-111.9,-6.0649
399.92,-119.43,-95.125
191.92,-101.06,31.384
315.77,-99.765,-26.92
225.6,-111.09,-37.932
480.22,-78.159,-114.18
146.12,-112.92,-0.9471
384.97,-109.25,-65.56
424.63,-97.267,-138.32
549.6,-58.014,-159.26
348.41,-90.068,-45.428
191.79,-109.3,-22.753
403.02,-69.963,-93.146
416.31,-68.546,-99.94
148.59,-106.46,50.86
42.011,-97.267,42.592
51.412,-82.621,46.713
432.02,-91.42,-143.32
362.88,-122.86,-81.335
270.22,-121.38,-12.446
322.22,-117.76,-36.525
319.19,-92.627,-30.491
468.81,-86.354,-106.64
459.63,-77.872,-157.01
198.07,-129.45,-3.9851
216.76,-81.969,-18.263
284.44,-88.369,-17.186
329.18,-124.72,-52.802
212.37,-85.892,-23.062
109.93,-119.99,60.199
280.42,-102.09,-9.6151
498.09,-99.545,-170.03
133.8,-101.6,3.0382
132.22,-111.19,56.809
508.97,-102.09,-169.67
56.056,-113.93,40.394
415.75,-106.33,-81.914
527.56,-52.688,-166.44
71.642,-77.476,65.845
470.36,-61.27,-143.98
469.02,-78.592,-162.82
52.938,-122.96,75.765
369.42,-115.52,-61.697
398.59,-106.53,-71.844
464.7,-71.701,-110.81
423.46,-113.95,-96.1
128.35,-80.079,41.867
175.08,-129.74,13.283
450.81,-98.844,-98.844
353.23,-123.26,-66.293
85.089,-122.56,35.458
29.052,-88.682,50.58
116.42,-98.066,11.199
270.73,-87.092,-12.203
260.32,-81.954,-15.028
304.33,-94.778,-75.844
225.68,-93.616,-36.058
173.71,-94.928,37.739
510.87,-71.363,-132.08
422.39,-116.16,-115.42
53.096,-122.36,51.542
248.51,-101.87,-49.594
299.82,-119.18,-67.098
423.49,-103.43,-134.81
185.52,-98.362,-19.337
464.09,-111.28,-126.12
284.42,-106.09,-11.616
502.91,-90.591,-179.46
210.44,-129.18,-10.856
319.25,-125.62,-48.903
303.05,-124.84,-35.745
353.99,-123.83,-74.239
250.72,-123.76,-40.27
385.64,-71.965,-83.254
334.33,-123.13,-51.674
522,-102.81,-169.4
132.82,-111.6,4.5673
363.36,-74.183,-71.186
312.17,-105.2,-25.191
509.67,-89.156,-183.43
484.61,-78.66,-116.23
424.17,-84.114,-138.28
37.353,-108.9,46.142
94.203,-95.256,73.539
151.15,-80.342,15.218
53.569,-124.73,58.156
93.472,-127.1,50.486
127.85,-103.24,60.039
245.07,-122.78,-1.4032
246.47,-85.293,-39.074
62.384,-78.974,74.656
308.67,-95.918,-78.405
349.7,-75.421,-81.628
175.11,-104.33,-15.562
292.13,-96.477,-16.267
165.95,-88.496,36.996
333.07,-83.74,-43.069
485.64,-58.708,-142.27
203.86,-110.74,25.532
188.9,-123.96,23.33
150.82,-107.96,-4.4007
483.92,-71.453,-168.9
330.69,-106.25,-89.226
289.86,-81.236,-56.213
268.12,-128.57,-26.947
440.56,-114.49,-121.85
308.44,-126.99,-49.002
268.62,-101.34,-4.078
485.78,-91.504,-170.76
114.49,-78.292,41.309
120.25,-119.19,14.698
233.37,-125.32,0.83506
243.66,-109.23,-46.842
357.75,-120.39,-61.428
483.95,-77.954,-116.12
447.52,-103.75,-145.2
204.86,-121.3,19.127
408.38,-114.24,-117.08
456.74,-112.61,-126.53
136.72,-125.81,15.357
298.92,-80.614,-60.383
53.59,-75.349,64.614
68.273,-102.03,31.241
34.72,-122.57,62.066
101.56,-121.73,26.201
190.89,-123.9,-13.196
506.45,-66.28,-133.41
137.8,-86.076,9.6383
451.7,-81.259,-153.42
309.94,-115.44,-27.992
240.66,-96.219,7.6504
93.528,-126.22,54.983
319.59,-90.058,-81.899
192.85,-92.863,27.909
145.91,-114.74,49.493
376.36,-112.59,-63.006
86.92,-122.37,34.256
189.86,-87.186,-14.144
262.96,-90.977,-5.4357
509.03,-63.759,-179.68
164.25,-125.72,1.8868
214.57,-119.75,16.039
115.05,-114.74,62.279
91.354,-105.24,75.445
457.06,-62.415,-130.76
78.524,-89.498,30.539
298.87,-104.29,-18.524
357.46,-114.84,-96.396
258.96,-127.54,-36.379
387.3,-111.64,-112.26
481.2,-64.221,-160.38
40.835,-78.277,56.513
216.02,-85.871,11.007
521.54,-70.571,-137.62
510.56,-63.767,-137.5
73.133,-78.254,67.27
404.05,-106.83,-75.227
225.66,-89.488,10.43
537.58,-100.86,-176.8
144.48,-128.29,32.363
417.77,-74.833,-88.239
525.82,-98.052,-181.96
133.46,-84.853,31.298
321.14,-97.761,-63.153
311.36,-121.5,-43.296
213.44,-77.583,20.636
403.15,-109.61,-96.706
493.33,-96.676,-147.04
169.41,-108.68,62.367
330.84,-110.47,-64.203
255.53,-116.38,-25.672
340.6,-91.871,-18.006
359.43,-89.805,-27.733
224.91,-77.236,9.2756
327.73,-74.093,-33.874
220.14,-111.83,-12.292
360.57,-71.427,-52.613
396.56,-79.06,-51.011
484.45,-60.466,-108.37
49.903,-73.056,80.533
93.853,-112.76,91.558
433.36,-70.704,-74.852
118.1,-99.8,85.819
226.56,-85.641,-10.606
356.4,-72.257,-47.398
213.68,-82.408,-0.68034
310.74,-124.11,-35.288
268.32,-118.89,-29.043
190.87,-125.44,16.386
88.309,-123.96,70.346
222.73,-118.73,-8.7054
68.773,-121.77,70.771
171,-76.907,35.496
547.76,-96.619,-143.77
304.44,-123.85,-18.138
85.101,-112.33,95.274
472.65,-58.766,-117.28
338.53,-92.651,-71.464
97.365,-78.374,53.307
109.4,-92.408,88.436
131.47,-77.076,44.725
247.26,-101.86,-27.164
382.72,-75.223,-49.196
384.88,-76.516,-48.446
312.68,-75.146,-25.446
325.6,-73.906,-35.149
383.09,-86.953,-94.001
504.04,-58.277,-118.09
426.37,-92.845,-61.365
264.13,-80.328,6.9385
309.65,-94.968,-57.047
373.93,-119.68,-66.455
517.66,-86.129,-165.45
390.26,-70.987,-59.394
292.45,-80.484,-4.8923
138.43,-124.82,57.862
193.73,-116.45,2.6007
57.874,-83.068,106.87
68.23,-115.38,98.948
334.17,-116.52,-22.108
405.13,-116.98,-79.919
284.03,-96.148,-44.421
315.88,-113.57,-55.187
544.73,-71.625,-126.05
264.63,-121.4,-24.243
40.037,-119.74,81.303
329.94,-119.34,-54.449
516.52,-98.734,-121.75
451.51,-61.538,-105.01
356.81,-120.4,-60.9
301.47,-114.45,-2.433
428.72,-106.22,-110.84
181.75,-93.705,56.472
145.44,-125.91,41.752
337.56,-84.352,-67.36
288.61,-85.977,-42.054
368.84,-70.635,-62.963
348.34,-75.935,-64.395
136.67,-85.879,72.499
59.972,-114.53,63.118
414.76,-66.005,-82.854
177.64,-90.376,8.2649
234.83,-117.93,27.715
108.8,-95.415,35.95
46.087,-72.022,93.457
96.458,-96.148,94.916
529.34,-91.595,-166.86
559.51,-61.358,-137.14
179.31,-116.65,9.3679
368.58,-114.17,-77.27
367.28,-119.54,-66.173
493.36,-57.288,-118.22
110.9,-88.091,85.859
348.4,-109.54,-72.856
163.47,-76.824,41.047
66.847,-106.43,54.802
67.28,-122.89,78.94
387.67,-86.712,-42.48
248.79,-77.187,3.9209
106.43,-96.237,90.611
323,-83.991,-59.002
444.56,-98.896,-73.454
303.34,-111.68,-1.5792
506.29,-92.492,-108.08
350.66,-115.63,-68.157
131.9,-125.03,59.068
284.27,-115.95,5.2165
198.45,-126.48,29.606
184.64,-105.78,56.374
476.9,-72.839,-143.46
362.42,-71.656,-63.038
63.708,-75.15,70.777
288.71,-125.46,-15.029
146.19,-82.34,28.858
276.62,-111.99,11.653
538.15,-51,-142.79
350.17,-83.538,-73.893
442.33,-91.767,-125.86
234.52,-110.73,-19.399
503.37,-84.674,-158.94
333.39,-76.268,-55.361
104.31,-115.7,85.099
156.09,-121.11,24.763
381.24,-71.9,-54.554
303,-105.34,-53.368
357.04,-120.37,-61.031
94.294,-91.408,43.209
378.39,-69.8,-62.566
168.17,-81.365,21.166
305.55,-123.84,-18.857
308.61,-83.872,-50.985
310.22,-124.65,-27.656
126.62,-77.712,66.153
143.82,-113.67,70.888
245.69,-109.07,-25.199
240.22,-123.89,17.301
430.76,-90.696,-63.618
62.873,-116.78,64.228
550.65,-80.979,-130.02
442.71,-95.603,-124.75
275.96,-80.13,-28.538
171.85,-96.047,61.684
71.092,-73.602,74.032
282.93,-103.89,11.069
471.73,-71.338,-139.47
251.03,-90.759,-26.214
380.37,-117.5,-53.099
386.26,-69.169,-73.473
191.1,-115.75,3.2897
530.19,-64.288,-121.75
348.71,-116.66,-30.782
424.21,-104.18,-110.87
438.95,-102.95,-118.31
207.97,-99.113,-8.5863
250.5,-108.6,-27.601
296.16,-108.71,-48.969
296.21,-77.664,-11.737
256.19,-126.36,1.2168
97.376,-115.74,87.713
460.37,-65.631,-126.54
465.38,-81.818,-139.01
332.18,-73.407,-39.431
223.64,-82.919,-6.1158
315.03,-118.95,-14.309
465,-65.919,-93.038
105.57,-83.148,44.051
255.04,-80.525,11.222
287.27,-83.152,-38.732
288.34,-82.506,-0.40823
134.32,-81.914,34.176
332.89,-83.848,-18.75
154.86,-119.68,61.12
362.13,-89.914,-83.368
393.05,-118.35,-70.005
137.08,-88.639,74.257
161.79,-80.558,54.309
440.2,-77.691,-71.815
358.65,-88.031,-80.911
59.534,-93.833,110.53
174.72,-90.605,58.232
414.26,-115.41,-75.157
389.25,-89.627,-97.944
525.98,-51.338,-143.82
64.273,-74.346,72.7
152.28,-78.791,55.471
384.14,-82.886,-92.946
148.2,-113.56,69.139
174.17,-125.42,24.383
281.59,-115.06,7.2669
330.8,-122.38,-31.136
138.73,-113.59,25.861
359.29,-88.276,-28.25
227.7,-90.338,33.842
351.46,-113.44,-70.983
268.69,-118.03,11.209
121.61,-115.22,34.865
97.152,-110.05,91.943
368.2,-80.879,-36.953
246.58,-121.64,17.916
490.51,-58.069,-136.48
174.34,-99.301,-99.476
92.712,-98.996,-74.149
509.1,-78.732,-232.46
73.915,-140.37,-75.776
176.88,-114.02,-130.94
189.04,-129.92,-137.88
379.52,-134.67,-196.42
334.58,-92.934,-165.91
129.01,-99.149,-77.463
223.06,-141.03,-107.85
419.74,-114.88,-240.06
292.57,-139.67,-173.37
411.09,-124.73,-193.78
504.8,-104.16,-229.61
76.497,-146.08,-65.904
200.1,-122.26,-88.825
211.55,-124.78,-94.157
290.56,-128.28,-132.28
244.68,-111.13,-112.43
73.309,-102.61,-73.698
312.91,-92.03,-170.88
195.54,-148.47,-111.12
360.99,-87.762,-198.64
127.44,-127.98,-55.014
85.39,-98.107,-55.231
398.45,-122.14,-227.57
238,-117.25,-161.05
47.501,-142.03,-58.757
249.8,-135,-162.31
293.75,-95.323,-150.55
-1.2874,-93.14,-13.816
55.693,-96.424,-42.286
91.761,-146.46,-74.064
352.47,-97.844,-208.81
105.26,-147.9,-75.552
148.47,-144.89,-107.24
348.55,-92.404,-200.48
494.36,-106.88,-225.69
153.69,-121.76,-67.078
346.42,-125.69,-158.8
39.286,-126.4,-67.108
175.77,-146.54,-116.56
270.51,-97.614,-138.23
193.2,-111.6,-137.44
207.27,-130.19,-93.111
505.08,-86.552,-227.45
451,-74.796,-226.25
321.6,-136.83,-186.81
306.01,-137.88,-148.13
166.89,-144.83,-85.63
466.7,-89.561,-263.55
484.59,-94.955,-217.57
79.52,-115.54,-86.002
249.9,-145.03,-148.58
334.35,-94.371,-194.66
414.92,-117.56,-189.7
41.809,-100.5,-57.847
201.11,-107.44,-95.839
40.268,-144.72,-36.401
427.14,-118.31,-239.99
109.8,-102.84,-57.581
27.213,-95.771,-24.412
184.36,-118.97,-81.953
223.5,-109.56,-104.08
153.38,-103.8,-110.82
461.87,-98.744,-262.01
215.03,-137.63,-145.52
92.388,-107.97,-87.711
384.11,-85.427,-211.04
40.133,-139.4,-23.429
153.51,-110.32,-71.326
378.92,-121.04,-221.66
470.83,-75.353,-225.3
149.86,-102.74,-78.069
241.82,-124.44,-108.26
460.64,-75.769,-222.98
383.96,-131.32,-211.38
299.57,-97.823,-178.94
446.51,-113.27,-250.3
296.46,-114.76,-188.07
141.72,-98.867,-89.324
94.87,-118.37,-39.398
269.6,-114.95,-121.84
421.48,-108.55,-243.41
151.73,-102.47,-107.82
410.59,-91.06,-190.59
178.13,-125.86,-78.568
192.38,-102.74,-97.821
142.89,-132.98,-63.83
30.415,-110.67,-9.662
-9.1345,-101.22,-37.808
351.99,-95.998,-206.96
446.3,-116.92,-247
382.35,-98.267,-175.57
32.508,-133.23,-13.953
196.57,-141.15,-94.945
436.21,-79.909,-238.64
446.39,-124.76,-221.33
419.33,-79.048,-216.61
113.71,-133.26,-50.433
8.901,-99.036,-7.0932
462.88,-72.578,-234.39
292.3,-93.78,-160.46
68.527,-146.38,-58.642
423.58,-115.56,-240.98
349.07,-106.7,-158.51
121.07,-111.22,-54.974
249.24,-146.43,-134.66
440.1,-109.87,-199.04
279.94,-103.67,-174.85
1.6648,-137.47,-5.6009
81.52,-123.86,-88.041
325.34,-138.15,-160.4
364.24,-118.57,-217.25
55.353,-141.63,-63.927
-8.509,-133.56,-38.431
418.99,-85.366,-199
53.808,-124.11,-19.684
7.4197,-113.96,-52.007
259.61,-144.47,-133.5
113.67,-126.07,-103.22
134.29,-132.26,-111.51
141.52,-108.96,-111.02
192.31,-128.81,-139.68
22.955,-94.339,-35.454
407.3,-117.69,-185.8
420.31,-81.37,-229.77
416.07,-79.508,-215.7
371.35,-100.92,-169.92
485.25,-115.07,-258.73
232.35,-102.03,-115.85
337.99,-131.22,-158.36
320.13,-99.503,-151.97
292.25,-141.3,-170.1
449.32,-124.6,-224.75
27.587,-144.3,-36.898
424.45,-79.993,-209.91
98.142,-98.52,-74.127
4.2296,-102.99,-0.51689
307.04,-95.153,-154.26
228.01,-145.91,-139.02
126.96,-138.25,-59.685
419.05,-83.314,-232.44
467.27,-85.176,-213.91
193.2,-108.55,-91.265
254.97,-139.23,-122.1
195.01,-128.69,-86.932
358.03,-90.382,-203.18
440,-97.448,-198.39
478.01,-76.6,-225.01
159.78,-147.49,-106.79
302.21,-101.39,-184.61
286.02,-104.19,-134.63
430.85,-115.95,-197.19
193.63,-126.61,-85.927
234.27,-132.98,-107.09
462.31,-72.771,-240.41
97.44,-128.04,-40.967
193.29,-98.906,-109.4
311.98,-122.04,-194.5
333.48,-90.971,-186.49
418.01,-128.79,-219.76
10.103,-97.808,-41.387
363.48,-108.22,-218.36
259.65,-107.27,-121.36
227.2,-144.93,-141.12
151.75,-99.823,-100.95
33.979,-126.1,-64.557
200.88,-118.85,-89.664
347.19,-126.73,-206.3
249.2,-106.97,-117.19
239.19,-102.93,-152.55
41.416,-102.51,-21.052
216.92,-147.96,-121.53
451.17,-123.71,-234.98
-8.8201,-101.3,-38.008
394.67,-85.97,-220.21
35.31,-95.19,-42.132
476.26,-96.958,-213.87
189.36,-141.73,-92.098
496.61,-112.09,-231.93
473.42,-120.77,-242.11
143.53,-126.51,-117.32
90.96,-144.53,-51.974
29.409,-133.8,-13.057
317.93,-111.1,-144
439.12,-83.876,-206.19
450.7,-76.107,-221.43
318.12,-140.57,-177.29
106.81,-139.28,-51.516
29.521,-97.302,-22.004
30.188,-103,-14.454
199.54,-104.95,-97.806
108.79,-112.95,-98.479
393.23,-132.38,-197.5
118.27,-148.45,-77.834
361.06,-89.6,-178.7
471.34,-97.433,-211.69
299.66,-105.49,-152.43
318.46,-137.45,-126.46
132.41,-109.43,-68.562
395.56,-129,-211.4
76.62,-119.79,-62.956
214.85,-140.72,-131.04
50.33,-138.58,-53.263
292.14,-107.03,-151.8
281.51,-136.74,-108.47
251.12,-148.17,-99.488
438.24,-134.08,-219.39
170.99,-132.22,-56.568
424.46,-121.85,-225.6
497.36,-128.29,-223.27
60.27,-130.32,-3.7093
345.58,-100.13,-164.63
417.64,-102.16,-220.36
422.72,-133.41,-178.84
173.36,-139,-57.984
317.74,-118.35,-126.92
493.72,-79.612,-234.53
262.55,-155.44,-135.67
263.57,-146.84,-104.64
363.48,-118.92,-199.73
74.942,-110.85,-52.262
301.69,-139.82,-119.27
40.266,-152.61,-35.079
193.29,-159.44,-94.952
106.66,-156.64,-43.298
481.48,-99.592,-251.73
351.59,-114.75,-192.91
516.07,-119.53,-220.4
239.31,-158.02,-112.41
52.777,-148.64,-48.041
398.61,-94.17,-184.19
283.96,-137.31,-109.78
228.6,-155.01,-96.454
357.99,-143.76,-185.53
153.5,-147.45,-52.201
277.25,-145.82,-110.73
188.65,-123.76,-117.35
447.82,-122.66,-184.85
108.99,-125.33,-80.716
344.07,-149.19,-154.26
391.27,-108.24,-209.99
523.49,-99.621,-216.39
312.69,-136.38,-123.26
155.51,-122.14,-100.72
374.41,-107.85,-155.5
388.09,-106.39,-161.48
108.93,-151.28,-35.344
10.027,-110.69,-26.215
22.727,-104.41,-15.301
400.36,-102.83,-211.36
320.45,-144.45,-172.75
226.49,-158.55,-107.12
279.26,-155.74,-129.58
282.77,-139.19,-109.8
434.03,-130.27,-182.39
431.65,-91.903,-217.26
154.46,-150.22,-97.88
186.59,-110.55,-83.67
249.58,-134.32,-93.166
285.33,-153.45,-147.46
181.69,-109.57,-89.394
67.414,-156.67,-31.858
241.33,-148.17,-94.627
463.6,-111.27,-244.15
99.981,-115.66,-69.71
91.46,-153.96,-31.678
473.29,-116.37,-246.41
19.077,-125.96,-39.05
375.69,-145.7,-168.8
504.43,-85.412,-216.93
41.968,-117.08,1.1603
445.44,-89.682,-198.14
440.92,-91.593,-223.3
10.732,-152.67,-15.407
327.13,-152.05,-153.25
358.38,-147.1,-159.1
434.45,-115.5,-176.85
382.14,-145.34,-185.45
97.522,-120.37,-25.299
130.95,-154.32,-81.833
412.71,-139.53,-181.58
309.87,-150.94,-159.88
44.918,-137.51,-50.903
-0.67445,-105.28,-13.5
83.637,-113.03,-59.355
236.39,-132.56,-87.051
228.06,-124.17,-85.326
271.64,-110.36,-146.24
193.37,-111.49,-105.69
137.23,-141.56,-41.717
480.51,-115.27,-198.37
382.07,-135.47,-202.24
13.016,-138.13,-34.651
214.08,-116.07,-123.67
259.89,-132.95,-152.91
388.2,-114.7,-210.62
152.24,-114.07,-90.991
424.23,-136.72,-212.15
244.23,-151.14,-98.96
471.45,-100.21,-247.05
166.94,-149.34,-104.49
275.26,-153.73,-143.85
258.87,-156.45,-131.18
311.09,-146.94,-166.7
209.41,-138.88,-129.06
356.41,-110.48,-146.97
290.61,-154.27,-146.13
485.56,-120.58,-247.89
96.167,-123.96,-74.189
333.47,-113.21,-136.31
272.16,-150.02,-112.14
478.64,-98.615,-250.08
452.06,-123.04,-187.22
394.45,-98.06,-202.27
2.0778,-120.41,-29.644
58.064,-141.27,-5.1687
121.46,-111.16,-49.224
12.282,-143.92,-30.724
50.478,-152.02,-42.223
89.198,-148.57,-24.018
201.11,-159.28,-96.533
215.82,-108.96,-105.34
31.971,-120.88,8.3186
275.68,-110.91,-149.4
320.89,-104.39,-144.13
140.32,-118.03,-90.384
254.63,-143.14,-97.889
131.62,-134.1,-37.818
299.54,-128.78,-116.17
460.64,-92.832,-196.78
162.75,-154.67,-63.727
144.97,-159.48,-71.715
115.15,-120.78,-81.089
457.66,-86.593,-225.53
294.82,-118.45,-166.31
259.9,-107.55,-121.09
223.67,-155.03,-122.8
400.45,-135.33,-208.25
264.53,-151.81,-143.67
229.79,-147.64,-88.553
454.07,-101.37,-238.86
84.787,-114.94,-23.35
81.219,-132.29,-69.176
189.03,-159.38,-95.053
207.18,-122.01,-125.24
314.6,-152.79,-154.72
451.61,-122.38,-186.66
411.98,-115.36,-221.56
161.33,-159.29,-75.135
369.31,-129.25,-201.09
416.86,-135.52,-212.52
95.117,-142.19,-74.106
269.1,-107.08,-124.99
25.359,-109.87,3.1749
34.798,-114.79,-40.734
-5.501,-139.47,-24.461
61.678,-135.91,-59.518
149.86,-138.66,-101.39
477.77,-109.41,-196.06
107.55,-108.7,-55.753
422.84,-94.456,-215.55
267.43,-155.63,-120.13
203.45,-143.03,-73.357
50.407,-153.99,-38.085
288.04,-107.33,-149.89
156.93,-139.4,-50.34
104.19,-156.1,-40.994
334.7,-150.91,-153.29
46.821,-137.16,-51.945
159.05,-109.7,-80.729
227.33,-137.39,-83.077
484.7,-81.177,-232.23
122.61,-141.68,-87.645
171.31,-158.92,-77.683
73.595,-155.25,-27.634
52.433,-149.27,-9.1487
431.31,-94.688,-186.82
48.123,-107.54,-35.028
259.13,-149.62,-104.91
318.68,-128.06,-179.72
215.95,-146.26,-128.92
349.44,-124.39,-193.61
456.35,-85.293,-214.17
12.993,-103.95,-3.8191
182.42,-130.42,-62.212
491.4,-114.31,-203.44
482.74,-106.21,-198.31
43.066,-118.91,1.7131
363.8,-146.83,-162.54
190.72,-135.45,-65.728
501.62,-118.98,-254.27
100.49,-156.1,-62.571
386.81,-118.42,-155.82
491.54,-110.64,-255.65
101.97,-119.23,-37.114
285.89,-124.59,-139.37
268.37,-151.72,-136.16
181.46,-129,-49.365
363.92,-136.18,-181.42
457.96,-121.21,-223.44
127.32,-165.3,-29.382
291.77,-136.32,-148.55
214.86,-143.04,-113.46
302.48,-151.66,-101.38
321.87,-149.48,-109.89
193.46,-125.19,-59.469
296.33,-125.31,-102.61
181.13,-137.82,-96.52
330.05,-121.19,-119.43
362.3,-137.67,-126.11
456.27,-113.64,-170.29
21.164,-116.41,17.731
51.45,-165.1,-0.74108
401.78,-127.27,-144.13
78.71,-158.36,-0.23326
194.34,-120.47,-80.578
325.4,-123.74,-115.29
182.08,-120.32,-69.414
266.41,-158.22,-131.14
226.7,-146.45,-118.9
147.01,-157.1,-78.384
44.781,-159.81,-23.845
181.42,-145.9,-97.886
26.634,-153.12,-20.309
139.78,-125.71,-32.795
509.85,-137.74,-226.11
259.05,-166.33,-116.51
42.881,-164.58,3.3709
446.15,-103.96,-175.34
304.62,-120.51,-144.83
67.382,-117.39,-12.02
72.194,-151.88,7.0304
101.11,-120.57,-21.551
211.05,-128.81,-105.41
349.94,-132.06,-121.05
351.6,-134.07,-121.41
280.93,-126.98,-94.934
294.44,-123.85,-103.32
350.71,-115,-164.1
476.43,-111.57,-178.79
387.9,-150.22,-145.41
230.37,-136.77,-67.007
275.15,-122.91,-131.69
330.7,-153.67,-159.96
485.66,-108.94,-234.58
359.16,-124.89,-127.57
258.42,-137.61,-79.439
93.574,-166.69,-39.354
153.34,-142.93,-84.578
23.905,-141.6,32.417
25.581,-164.52,6.2219
289.87,-166.42,-118.38
362.42,-152.16,-172.33
249.26,-124.28,-119.65
275.85,-139.93,-141.6
512.38,-128.12,-196.98
222.09,-150.17,-116.11
-1.1934,-149.97,-7.7983
287.67,-148.57,-145.74
477.55,-143.79,-206.48
424.14,-107.54,-164.96
313.65,-152.85,-154.2
257.52,-167.5,-98.07
390.5,-132.23,-193.39
143.75,-153.72,-26.66
101.3,-160.02,-53.694
305.65,-116.28,-136.59
256.25,-119.1,-112.28
339.03,-116.77,-128.15
318.04,-114.47,-130.37
101.42,-144.93,-4.734
20.818,-140.73,-21.42
385.91,-113.99,-146.04
144.64,-121.93,-63.274
190.27,-169.8,-69.183
75.06,-123.39,-37.068
16.742,-122.13,29.15
58.241,-155.04,11.365
495.46,-115.46,-240.04
530.26,-117.76,-201.43
138.93,-143.15,-77.808
327.96,-141.71,-164.97
324.34,-151.94,-159
466.47,-107.86,-177.28
75.026,-147.47,7.3082
309.55,-135.29,-156.73
132.13,-126.86,-27.521
30.307,-131.53,-24.11
24.231,-158.34,-14.214
350.98,-146.11,-122.78
216.78,-128.47,-66.113
68.118,-155.28,6.8555
291.12,-116.96,-128.2
404.64,-152.7,-160.48
260,-166.38,-95.955
468.36,-144.23,-190.81
309.66,-143.31,-156.69
87.167,-165.79,-37.859
240.01,-168.48,-91.069
152.91,-167.65,-69.05
143.21,-163.69,-34.036
448.48,-100.61,-205.09
332.6,-115.78,-128.17
34.606,-116.04,7.2755
243.29,-165.14,-113.39
115.05,-119.32,-38.877
233.24,-167.14,-82.817
513.12,-100.78,-197.88
318.48,-115.25,-142.64
408.73,-116.06,-198.46
195.78,-136.71,-103.04
471.85,-107.77,-227.07
302.9,-115.97,-121.79
61.183,-166.4,-8.6982
114.21,-149.29,-65.68
349.88,-125.99,-123.3
265.63,-131.22,-134.09
313.88,-152.82,-154.32
61.675,-120.65,-27.449
348.37,-118.93,-128.28
137,-120,-46.685
260.18,-166.21,-117.2
276.71,-117.67,-120.24
265.14,-162.95,-125.23
94.549,-132.26,-4.1304
100.75,-167.21,-22.883
207.41,-135.06,-107.86
194.64,-169.74,-81.59
392.88,-148.44,-146.41
22.887,-143.89,-22.117
515.8,-134.56,-206.2
407.95,-119.75,-199.84
244.64,-119.1,-96.72
133.19,-155.88,-22.836
41.841,-118.74,10.079
241.57,-162.29,-79.204
443.62,-100.39,-200.49
217.64,-121.88,-98.567
336.38,-161.54,-148.53
356.98,-114.21,-137.5
150.96,-142.09,-83.353
500.12,-121.09,-187.81
304.47,-165.38,-126.9
386.73,-129.44,-191.78
401.8,-128.12,-198.53
172.67,-126.96,-84.946
212.34,-134.59,-110
257.79,-134.52,-131.82
263.36,-132.47,-83.702
210.57,-166.55,-97.591
54.318,-166.09,-5.9261
433.26,-100.5,-185.61
434.62,-106.98,-205.58
301.23,-122.74,-107.14
191.93,-120.22,-75.083
270.23,-167.67,-111.61
434.89,-121.52,-159.16
74.683,-117.85,-23.079
221.26,-136.97,-62.767
255.48,-118.52,-107.82
253.56,-140.67,-76.587
103.37,-118.89,-33.166
297.36,-143,-96.565
110.46,-169.09,-35.353
328.96,-117.83,-155.17
349.66,-155.74,-163.93
100.9,-148.18,-4.9564
128.41,-137,-18.809
406.17,-136.24,-146.41
325.94,-116.88,-151.75
22.237,-152.42,28.955
137.72,-150.48,-22.746
371.21,-156.2,-168.47
356.19,-116.41,-169.45
501.45,-97.155,-197.71
35.212,-116.7,9.2413
119.7,-133.77,-15.909
352.75,-112.78,-160.99
105.12,-167.28,-24.663
130.37,-157.25,-70.267
237.51,-168.27,-88.632
285.76,-164.73,-128.75
99.553,-139.5,-58.718
322.21,-147.97,-109.41
190.53,-150.32,-47.504
311.26,-140.2,-157.78
224.02,-169.37,-85.904
81.967,-141.38,-50.708
55.324,-164.14,0.81778
333.48,-139.62,-113.02
201.3,-170.09,-80.413
465.02,-97.033,-192.21
147.78,-65.009,-155.19
67.61,-57.557,-126.53
484.94,-61.863,-283.59
38.355,-83.236,-150.03
148.73,-58.61,-189.41
156.56,-70.019,-205.45
342.49,-90.832,-274.23
308.44,-64.548,-220.92
102.61,-65.522,-132.86
183.65,-105.22,-190.99
390.01,-61.041,-301.95
255.94,-84.679,-249.96
375.25,-93.263,-269.43
473.6,-81.855,-295.64
38.454,-94.072,-145.63
165.28,-95.759,-162.46
175.99,-97.657,-169.35
253.81,-99.393,-209.95
212.97,-85.467,-179.44
47.992,-55.361,-126.36
288.33,-55.118,-222.28
155.51,-101.59,-195.25
337.83,-48.608,-246.95
91.349,-100.28,-131.32
59.303,-65.942,-110.01
366.61,-68.151,-293.98
208.84,-59.987,-221.63
11.21,-87.325,-134.65
215.36,-76.027,-234.12
267.43,-64.338,-205.89
-25.731,-62.944,-65.142
30.265,-64.203,-95.652
53.637,-93.711,-153.94
327.72,-48.101,-260.19
66.295,-97.581,-157.3
111.09,-88.436,-185.41
324.78,-47.734,-249.92
462.53,-83.405,-293.02
119.19,-95.557,-140.03
310.2,-96.982,-235.36
8.3199,-68.259,-131.51
137.54,-91.619,-196.58
243.53,-67.024,-194.97
165.56,-57.363,-194.87
170.32,-101.26,-171.23
478.53,-69.698,-283.69
429.86,-46.819,-270.58
285.63,-82.482,-262.03
267.27,-101.66,-229.85
127,-105.96,-169.72
443.87,-40.595,-310.83
455.79,-76.379,-278.57
51.385,-59.76,-144.42
211.57,-91.753,-228.86
310.16,-48.812,-244.96
380.57,-91.182,-262.34
17.108,-54.505,-109.23
170.89,-80.577,-159.61
1.7237,-100.48,-117.44
396.15,-65.708,-304.62
81.577,-74.771,-117.05
1.7087,-66.458,-78.032
150.55,-93.006,-153.45
192.43,-83.431,-169.71
127.39,-56.19,-164.91
436.59,-47.227,-314.45
179.96,-78.472,-218.66
65.934,-56.429,-142.67
361.63,-45.813,-257.89
2.0033,-103.94,-103.85
122.51,-84.261,-136.8
347.71,-65.503,-286.65
448.63,-53.139,-272.08
121.65,-73.54,-137.49
206.22,-97.325,-183.52
438.57,-52.07,-269.45
348.88,-80.731,-284.81
274.62,-51.259,-230.84
416.93,-61.048,-311.92
267.72,-58.066,-247.75
115.83,-61.81,-143.53
61.525,-93.255,-109.91
236.56,-89.62,-191.71
393.69,-54.705,-301.15
125.93,-56.473,-161.55
383.78,-69.194,-247.24
142.41,-98.581,-154.1
163.98,-73.468,-157.62
105.49,-103.13,-142.86
-0.52075,-87.339,-75.082
-33.523,-53.023,-88.453
327.61,-47.633,-257.58
415.45,-65.717,-311.35
353.52,-75.873,-236.51
-4.3733,-102.68,-91.861
157.2,-105.71,-178.03
415.29,-39.518,-282.11
411.3,-86.726,-295.18
397.57,-47.169,-262.14
76.376,-103.3,-129.33
-18.14,-74.13,-64.136
442.52,-43.574,-277.03
267.26,-56.984,-212.85
30.148,-96.386,-139.15
393.58,-62.063,-303.46
317.93,-83.317,-224.35
89.856,-85.754,-120.92
209.43,-100.77,-218.36
407.56,-86.627,-267.9
253.87,-52.831,-229.01
-35.765,-102.49,-84.545
51.18,-65.479,-151.1
286.7,-99.908,-241.82
333.98,-62.22,-280.2
19.262,-86.118,-139.37
-41.768,-77.601,-107.8
394.08,-62.193,-251.55
19.006,-98.095,-93.288
-20.015,-58.959,-108.95
219.81,-102.73,-217.3
82.605,-66.983,-167.81
101.33,-72.445,-180.13
114.63,-56.827,-166.9
160.15,-69,-206.58
-1.0794,-57.77,-85.705
372.91,-91.505,-258.51
398.94,-41.53,-274.22
394.24,-47.168,-261.36
341.79,-78.235,-232.41
454.24,-67.95,-323.58
203.93,-73.18,-175.7
300.56,-99.204,-237.4
291.66,-73.82,-212.05
254.93,-87.747,-248.24
414.43,-85.394,-298.13
-10.269,-96.453,-116.35
401.67,-53.178,-257.78
72.942,-58.669,-126.77
-24.236,-79.736,-60.659
280.5,-65.623,-210.09
189.59,-92.102,-219.49
88.445,-105.29,-141.01
397.42,-41.121,-277.39
441.59,-66.352,-268.24
162.64,-81.971,-155.78
215.88,-104.13,-204.59
158.48,-100.41,-164.16
334.64,-47.167,-251.85
410.83,-77.464,-260.14
455.14,-56.205,-273.27
121.17,-93.733,-187.66
276.62,-51.387,-237.76
256.28,-78.337,-197.4
396.88,-89.874,-269.03
157.65,-99.035,-162
196.55,-102.52,-186.8
442.41,-40.052,-281.95
61.454,-100.44,-117.05
166.85,-64.022,-164.84
281.1,-64.073,-258.71
309.6,-50.741,-236.3
382.88,-83.074,-293.45
-13.863,-53.502,-91.251
336.18,-53.445,-275.01
229.1,-81.338,-185.88
189.25,-89.912,-220.54
126.12,-58.462,-154.47
3.1101,-68.09,-128.75
167.03,-92.864,-161.23
314.5,-70.263,-274.42
218.83,-80.714,-181.32
213.22,-54.295,-206.55
13.188,-77.41,-80.629
176.98,-100.9,-205.46
417.28,-79.237,-306.06
-33.225,-53.047,-88.688
372.33,-43.723,-266.65
11.065,-57.855,-92.809
446.96,-77.829,-275.93
149.9,-105.87,-175.35
463.76,-84.361,-301.31
439.98,-78.828,-312.3
112.24,-67.137,-182.39
51.604,-104.91,-134.89
-7.5721,-102.81,-91.166
285.71,-86.764,-212.13
414.35,-62.278,-258.47
428.82,-50.554,-267.41
280.49,-89.965,-256.17
68.192,-105.42,-133.03
3.3029,-69.657,-77.203
1.7605,-78.609,-74.479
170.23,-77.1,-159.6
81.156,-58.379,-155.87
356.34,-92.14,-275.13
78.79,-100.18,-160.75
335.77,-61.669,-231.92
441.94,-78.136,-273.96
270.44,-72.63,-213.89
277.54,-117.32,-213.31
102.32,-79.509,-131.98
360.64,-82.064,-284.61
45.566,-75.68,-127.98
177.77,-89.243,-208.74
14.422,-88.651,-128.49
262.76,-72.143,-213.53
240.89,-117.32,-194.74
207.9,-123.13,-191.13
400.77,-92.797,-298.21
132.03,-114.37,-139.32
391.44,-76.093,-294.77
459.32,-102.03,-303.79
22.191,-113.91,-84.619
316.89,-73.776,-225.14
389.9,-62.233,-278.43
382.79,-111.76,-263.54
132.56,-119.37,-144.63
282.15,-102.23,-202.52
470.13,-57.188,-284.26
219.79,-110.67,-225.72
220.61,-122.46,-195.75
331.73,-72.511,-266.18
45.548,-74.622,-113.99
260.25,-118.82,-207.24
-0.55467,-107.29,-120.95
149.02,-118.83,-188.33
62.613,-123.48,-136.46
454.31,-59.159,-308.57
320.93,-70.089,-257.07
479.42,-102.03,-298.23
194.93,-119.95,-206.14
13.576,-100.06,-130.35
370.93,-72.084,-242.7
243.17,-117.66,-196.37
184.19,-124.08,-190.44
318.48,-98.343,-268.6
110.74,-123.87,-142.92
234.48,-121.81,-201.42
156.21,-77.178,-185.25
410.29,-106.79,-264.61
76.496,-78.286,-148.73
301.11,-117,-245.12
362.13,-65.83,-270.99
491.67,-91.126,-284.15
272.05,-116.82,-209.54
123.56,-76.705,-167.61
341.65,-92.784,-225.09
355.64,-91.861,-230.41
65.609,-124.62,-127.14
-18.712,-72.203,-86.466
-5.7048,-77.181,-75.246
372.43,-63.335,-269.85
281.29,-96.222,-254.98
182.06,-119.99,-200.91
235.21,-118.95,-222.61
241.53,-118.76,-197.36
394.78,-110.33,-265.69
405.89,-59.955,-271.35
114.6,-99.594,-181.53
155.14,-86.155,-150.16
209.71,-115.8,-177.83
243.12,-108.4,-236.32
151.18,-80.744,-153.74
24.073,-119.6,-123.38
198.12,-123.33,-186.25
433.35,-67.713,-307.47
69.629,-74.875,-133.34
47.839,-124.11,-124.02
441.41,-72.908,-313.2
-13.2,-78.849,-106.6
333.54,-114.36,-257.94
477.37,-74.787,-274.46
7.9032,-101.68,-71.198
418.16,-73.127,-255.96
415.35,-58.692,-276.96
-30.464,-110.86,-102.19
284.02,-115.22,-244.3
315.78,-116.44,-249.22
398.8,-102.37,-252.68
341.17,-106.11,-271.82
62.37,-103.73,-99.944
89.649,-105.76,-168.64
371.74,-112.16,-268.33
268.32,-105.85,-247.31
9.3406,-87.747,-125.42
-28.51,-72.596,-72
53.853,-74.498,-121.84
197.07,-114.46,-170.57
191.25,-106.79,-163.48
241.75,-72.417,-208.97
163.17,-75.854,-169.17
95.917,-121.09,-129.42
444.73,-102.05,-274.46
345.18,-88.732,-279.65
-22.71,-89.104,-109.51
183.2,-74.451,-188.39
224.83,-82.664,-226.32
357.46,-69.58,-274.96
121.86,-75.317,-154.74
386.03,-95.269,-292.52
200.43,-123.86,-191.76
444.15,-59.66,-304.15
127.34,-98.423,-187.58
233.09,-108.01,-232.59
215.62,-113.07,-222.31
271.14,-99.131,-250.62
172.9,-87.516,-205.54
322.98,-94.923,-217.94
247.83,-111.23,-236.24
452.13,-78.579,-318.05
64.057,-77.585,-141.4
299.39,-97.054,-208.67
228.57,-122.84,-204.5
451.72,-58.605,-306.39
414.43,-106.83,-267.17
367.34,-63.394,-259.16
-28.724,-75.51,-94.106
17.183,-120.86,-91.946
89.777,-89.167,-116.28
-25.328,-95.637,-109.64
9.97,-105.43,-127.39
46.532,-123.84,-114.48
156.69,-119.89,-190.29
185.34,-80.171,-169.61
-3.2993,-106.07,-66.636
245.73,-72.084,-212.23
290.41,-82.345,-208.63
109.3,-75.497,-155.38
212.51,-121.16,-187.27
92.277,-116.14,-121.39
260.97,-111.59,-198.11
431.74,-80.433,-258.18
118.55,-125.17,-157.33
100.83,-119.4,-164.83
83.672,-76.245,-147
432.94,-58.071,-277.5
263.36,-73.149,-232.16
229.24,-81.771,-185.85
181.61,-107.38,-211.26
363.33,-90.077,-286.23
223.33,-103.76,-230.26
186.72,-123.36,-179.89
426.52,-60.639,-296.5
51.505,-97.275,-93.964
47.037,-82.869,-140.72
144.97,-117.58,-187.96
175.09,-76.222,-192.43
271.92,-111.55,-244.68
414.14,-106.54,-266.29
380.94,-70.113,-286.52
116.84,-121.67,-169.09
334.57,-81.203,-273.86
379.33,-92.146,-291.4
58.031,-91.317,-151.82
238.49,-81.616,-189.64
-6.1875,-92.855,-63.749
5.0695,-73.549,-103.01
-41.648,-91.092,-100.24
26.537,-86.011,-133.1
113.66,-87.449,-177.2
443.54,-98.166,-268.92
77.662,-79.726,-118.76
396.6,-60.533,-270.58
223.15,-121.2,-213.75
161.52,-121.6,-162.35
9.0255,-109.33,-125.18
258.6,-72.382,-211.76
116.08,-119.7,-137.07
60.207,-123.74,-134.04
291.58,-116.36,-244.41
11.346,-87.382,-126.25
128.75,-79.797,-144.58
186.73,-118.04,-169.27
460.88,-57.297,-282.43
85.607,-90.436,-165.17
126.71,-122.58,-171.92
30.043,-122.64,-119.74
9.9129,-123.14,-99.252
402.32,-79.76,-248.33
19.364,-74.917,-95.504
215.6,-123.24,-197.15
284.67,-79.112,-250.92
177.12,-95.017,-210.36
316.28,-76.489,-263.03
431.12,-63.348,-267.44
-15.837,-80.905,-64.745
143.94,-112.77,-143.95
455.84,-101.29,-279.06
449.35,-95.737,-269.36
8.407,-103.7,-71.922
321.33,-115.68,-252.37
150.78,-116.81,-150.53
468.48,-77.955,-323.85
58.409,-110.16,-151.11
350.64,-104.04,-232.7
461.23,-68.051,-319.13
67.898,-97.164,-109.27
250.93,-91.16,-213.08
226.42,-109.11,-224.52
142.36,-118.92,-132.65
325.91,-96.536,-261.46
423.53,-85.891,-295.95
78.89,-143.8,-132.28
254.08,-96.376,-227.89
175.71,-101.28,-195.88
256.29,-138.54,-199.74
276.16,-137.13,-207.25
155.73,-113.34,-139.78
257.74,-115.98,-184.82
143.45,-98.073,-175.85
292.55,-112.09,-199.33
319.45,-129.52,-217.47
419.68,-110.65,-248.44
-13.188,-105.23,-55.373
3.932,-139.91,-101.56
361.6,-121.67,-229.87
31.86,-142.39,-99.912
159.58,-97.647,-154.19
287.06,-115.22,-197.01
146.98,-100.74,-143.87
222.35,-116.49,-224.05
186.56,-103.91,-203.42
103.99,-114.23,-169.04
0.87525,-120.58,-116.5
141.62,-103.54,-181.67
-14.954,-112.63,-107.97
101.99,-114.84,-113.26
468.91,-110.98,-312.81
211.88,-129.25,-216.22
-4.4679,-139.61,-97.094
413.06,-97.559,-245.9
270.44,-89.901,-216.95
33.236,-101.07,-84.522
26.81,-139.91,-89.638
65.441,-107.04,-97.388
175.32,-94.049,-180.74
308.75,-124.84,-208.91
309.81,-126.62,-210.53
241.91,-117.59,-178.07
256.4,-113.94,-184.36
317.68,-86.853,-233.86
440.25,-109.53,-256.09
342.1,-134.77,-242.87
188.51,-127.76,-156.22
240.48,-91.469,-204.84
287.53,-113.51,-251.01
454.35,-77.456,-300.55
320.08,-118.03,-210.92
216.16,-128.71,-169.52
46.987,-129.95,-137.82
114.45,-101.47,-166.44
-18.685,-133.83,-58.408
-21.256,-136.56,-93.055
241.53,-136.53,-220.81
319.34,-113.67,-263.25
214.32,-92.561,-193.37
237.28,-98.909,-222.8
471.62,-121.29,-283.93
180.88,-107.14,-202.88
-41.762,-110.01,-93.299
246.56,-106.3,-232.33
434.71,-118.37,-297.29
390.15,-100.43,-237.44
270.96,-111.64,-244.21
208.59,-140.49,-201.85
353.43,-93.688,-271.44
97.59,-140.94,-124.96
57.392,-118.55,-146.29
271.92,-91.745,-207.95
221.85,-94.783,-185.09
303.08,-106.04,-204.69
283.79,-97.33,-203.08
57.672,-135.59,-97.977
-17.028,-100.92,-101.1
350.2,-106.11,-222.14
110.16,-95.465,-136.17
141.19,-140.99,-173.23
40.975,-93.128,-109.01
-19.926,-115.08,-49.035
12.222,-141.1,-86.6
462.39,-81.903,-309.71
491.96,-115.58,-283.27
100.04,-101.7,-159.68
288.61,-100.68,-247.84
281.83,-111.03,-248.6
431.61,-104.89,-251.73
30.713,-137.46,-87.132
272.07,-95.61,-235.65
93.92,-116.73,-108.91
-5.1872,-94.858,-98.862
-19.189,-119.54,-105.85
306.02,-134.87,-218.57
177.71,-118.26,-149.35
21.984,-141.31,-91.355
257.14,-93.248,-200.14
358.68,-132.39,-258.13
211.1,-141.54,-199.73
424.51,-125.37,-283.97
269.96,-101.8,-240.28
40.974,-128.41,-135.46
190.98,-140.61,-195.04
105.98,-129.35,-168.21
94.927,-144.13,-136.66
418.63,-78.263,-268.22
297.19,-103.54,-203.5
0.6404,-102.47,-64.928
196.85,-125.91,-211.45
80.557,-99.726,-112.03
184.19,-142.57,-186.92
479.92,-100.02,-268.84
284.99,-90.884,-213.49
375.76,-83.254,-267.94
158.32,-97.364,-181.91
440.83,-77.219,-292.45
268.17,-99.402,-195.54
13.545,-138.89,-109.7
73.678,-106.82,-151.02
310.54,-118.85,-207.19
229.27,-93.865,-210.67
271.19,-111.61,-244.31
28.125,-93.032,-98.325
311.44,-110.14,-206.97
102.03,-101.61,-120.89
213.05,-129.06,-216.81
242.49,-94.552,-192.7
219.35,-123.21,-221.9
54.53,-124.39,-89.456
52.38,-141.89,-125.52
170.3,-96.425,-185.99
146.4,-134.88,-183.65
347.44,-134.16,-243.14
-15.858,-103.49,-103.7
473.87,-121.77,-295.46
374.11,-85.067,-271.12
209.46,-100.73,-171.37
86.572,-141.99,-122.09
6.5993,-108.12,-64.944
193.21,-143.21,-182.01
413.65,-79.471,-263.9
182.98,-94.508,-171.83
289.88,-127.73,-246.9
321.74,-103.46,-212.52
112.3,-100.89,-164.72
461.06,-117.95,-271.23
256.49,-134.7,-228.52
350.46,-91.472,-268.15
365.81,-90.587,-274.32
137.39,-94.229,-159.36
175.34,-96.15,-187.93
220.66,-95.606,-209.98
222.65,-123.62,-170.46
163.84,-127.39,-196.29
6.8284,-138.42,-106.61
402.49,-85.445,-250.92
403.63,-79.121,-270.96
263.52,-112.69,-187.47
156.9,-100.01,-149.36
221.83,-136.15,-214.14
396.12,-117.42,-241.92
41.001,-96.945,-94.447
179.39,-127.93,-152.02
220.9,-96.724,-181.07
210.43,-131.41,-168.51
69.012,-99.585,-106.02
253.38,-133.34,-190.31
62.181,-138.67,-137.64
295.34,-88.368,-226.15
305.45,-117.88,-257.28
56.302,-137.81,-99.994
86.86,-128.59,-107.4
363.52,-128.4,-237.35
292.43,-88.825,-222.54
-22.98,-139.66,-67.331
92.389,-139.12,-119.32
326.34,-121.39,-263.34
322.98,-86.291,-239.54
469.72,-94.196,-265.46
0.88001,-104.28,-63.782
79.166,-125.45,-102.32
319.99,-87.519,-230.26
56.687,-142.09,-127.43
87.346,-114.59,-160.93
188.45,-141.2,-192.7
238.9,-128.08,-227.8
61.769,-99.431,-138.26
276.86,-136.34,-206.01
145.04,-138.78,-144.42
272.44,-99.214,-239.51
175,-139.99,-189.81
43.752,-100.81,-131.16
7.7801,-141.13,-100.12
290.25,-130.88,-205.19
152.59,-137.63,-183.56
434.41,-87.496,-257.36
136.3,0.92974,-177.68
59.22,11.519,-142.32
470.59,-12.597,-312.73
26.04,13.443,-173.35
141.75,25.544,-201.71
147.42,24.051,-222.07
325.4,-1.8622,-308
295.68,-3.6601,-246.31
91.073,-0.31981,-155.5
162.51,-18.653,-233.49
381.37,24.324,-317.76
242.21,12.013,-276.31
355.73,-15.358,-308.75
455.21,-17.828,-332.96
22.796,2.5467,-176.1
145.2,-23.104,-203.13
155.49,-23.421,-210.86
232.87,-22.033,-252.32
195.09,-18.161,-215.56
41.016,18.388,-138.98
279.12,9.7763,-239.95
136.9,-5.806,-232.06
330.33,15.823,-260.97
70.597,-24.818,-173.34
47.613,-2.307,-133.02
356.35,20.538,-313.15
201.57,27.092,-234.45
-2.3391,8.6515,-160.63
204.42,20.331,-254.5
255.22,-1.2173,-230.01
-36.67,-3.2748,-86.672
19.106,-1.5262,-117.56
38.116,3.5806,-184.09
321.86,26.661,-270.38
49.451,-0.83247,-190.3
97.167,10.501,-212.1
318.31,21.738,-261.58
443.96,-17.558,-330.66
99.275,-23.613,-180.37
289.61,-20.554,-276.99
-0.11809,22.203,-146.73
122.54,7.4521,-225.57
230.7,-3.2048,-220.4
158.66,25.15,-207.05
149.22,-23.559,-213.91
462.31,-16.817,-316.73
420.91,6.1759,-288.06
272.24,12.736,-287.7
246.75,-15.782,-271.03
106.31,-16.366,-211.17
439.31,30.66,-318.35
438.27,-18.791,-314.24
44.525,24.644,-156.46
196.05,6.235,-259.01
303.61,21.959,-256.76
360.82,-19.33,-302.34
10.273,17.372,-121.6
154.52,-14.649,-192.57
-16.445,-8.9143,-153.43
386.19,20.654,-323.23
67.094,-10.963,-146.03
-10.302,-5.8396,-101.83
131.11,-22.284,-192.81
175.18,-16.746,-204.5
119.98,18.851,-178.41
430.81,29.65,-324.41
168.58,18.977,-239.95
59.236,22.251,-154.54
354.79,17.932,-270.52
-18.232,-19.566,-144.49
105.3,-17.743,-171.52
338.38,23.379,-303.83
437.27,-2.8426,-294.8
107.48,-8.8927,-165.77
185.7,-23.044,-225.09
427.71,-0.85133,-291.06
335.16,10.325,-311.31
267.74,21.427,-243.28
407.97,22.885,-328.46
260.63,27.938,-260.23
105.62,5.1878,-163.26
42.22,-23.885,-149.03
217.54,-20.538,-230.21
386.57,27.722,-313.79
118.23,17.067,-175.71
368.71,-12.162,-277.68
121.83,-23.978,-195.77
149.69,-8.4979,-186.15
84.297,-24.075,-185.71
-18.422,-22.957,-111.35
-39.511,20.027,-98.979
321.68,25.524,-267.99
405.22,19.374,-330.57
337.02,-15.387,-269.91
-24.97,-23.883,-133.44
135.99,-19.464,-220.7
409.9,22.424,-291.71
394.15,-5.04,-329.3
389.2,9.6888,-278.28
55.262,-24.253,-172.02
-32.556,-14.477,-93.103
434.45,9.0168,-292.64
257.66,8.5234,-231.35
13.676,-0.76988,-171.39
384.63,23.466,-319.93
299.89,-18.592,-260.92
72.319,-19.349,-156.35
190.66,-6.2169,-255.55
388.37,-19.872,-306.83
247.28,24.742,-240.68
-55.585,-19.547,-124.34
43.297,24.212,-165.15
266.83,-12.694,-281.6
325.6,25.835,-295.37
6.0903,10.159,-164.53
-52.598,14.712,-128.08
380.85,-7.0611,-278.1
-1.1947,-25.836,-134.23
-26.537,23.803,-120.32
199.98,-11.138,-256.86
74.347,24.346,-182.62
91.781,22.304,-197.59
107.74,22.965,-179.13
151.23,24.526,-222.74
-9.9598,6.0445,-102.7
353.08,-19.749,-298.68
393.04,20.69,-284.9
385.94,10.129,-277.32
324.8,-16.429,-266.82
442.76,14.349,-345.56
189.51,-8.4936,-204.52
279.94,-18.47,-278.98
276.33,-11.414,-242.88
240.25,8.9292,-276.6
397.76,-3.1387,-331.22
-26.913,-3.2312,-149.03
391.12,1.437,-278.65
64.041,9.3701,-143.68
-40.222,-19.158,-92.951
267.74,-3.2729,-235.44
174.13,6.4259,-249.48
67.225,-22.219,-183.79
391.95,23.26,-287.07
426.58,-13.313,-298.67
145.92,-15.723,-189.47
194.79,-18.57,-247.01
137.54,-23.843,-206.55
328.07,20.646,-263.78
393.4,-18.26,-295.57
442.77,-6.2532,-298.18
105.55,5.0442,-217.99
270.19,24.823,-249.14
240.01,-13.889,-230.19
377.34,-18.823,-308.58
136.95,-23.823,-203.92
175.27,-22.51,-229.8
435.71,14.619,-294.56
40.756,-25.206,-158.97
155.62,2.1789,-186.78
272.69,26.123,-273.88
301.84,15.577,-250.83
367.79,4.4128,-322.99
-20.582,15.995,-103.45
329.71,28.935,-286.3
212.2,-15.584,-219.96
174.49,8.8055,-249.02
117.29,11.359,-171.16
-5.2864,22.129,-143.89
147.57,-22.075,-200.63
304.26,21.549,-293.46
202.16,-15.004,-214.89
206.11,21.472,-219.39
-2.1074,-15.808,-111.41
158.48,-5.0991,-242.02
402.82,5.4368,-334.33
-39.213,20.067,-99.213
366.33,21.762,-277.44
2.2285,6.8516,-109.69
429.19,-19.066,-312.08
128.73,-19.178,-217.92
445.55,-13.785,-338.03
425.19,3.2739,-341.36
103.88,24.75,-197.41
31.54,-15.564,-175.01
-28.126,-23.525,-132.64
267.08,-19.685,-249.88
400.82,-8.5494,-285.74
418.63,1.7501,-287.57
264.77,4.971,-286.81
47.139,-21.515,-175.43
-9.7227,-9.2043,-103.17
-13.884,-17.236,-106.02
154.84,-11.812,-190.47
74.355,24.36,-167.83
338.38,-6.0768,-310.84
60.986,-4.181,-195.82
323.54,-2.4016,-256.21
424.14,-19.094,-310.18
256.48,-3.7131,-241.59
250.94,-40.203,-267.79
86.874,-11.473,-162.88
346.04,6.0226,-313.08
33.234,4.4229,-151.85
162.71,5.53,-237.97
-0.12716,3.1731,-156.73
249.23,-1.4776,-240.26
214.32,-41.163,-249.17
180.82,-38.824,-246.39
382.64,-5.0819,-334.24
106.35,-41.902,-191.98
378.02,8.2242,-320.85
436.64,-24.678,-349.87
-3.1988,-43.869,-136.73
301.58,-10.544,-255.91
379.02,9.723,-299.44
357.38,-34.997,-315.48
105.9,-42.776,-199.23
258.64,-36.177,-250.75
457.75,-4.6348,-309.1
198.45,-12.307,-268.27
193.56,-39.046,-250.98
319.48,10.377,-289.8
32.371,-2.929,-139.93
233.47,-40.231,-262.05
-20.215,-11.469,-160
125.38,-21.297,-235.85
37.106,-31.843,-188.14
444.03,12.301,-328.33
309.06,9.8258,-279.97
455.45,-33.341,-347.35
170.49,-24.137,-255.39
-3.9246,-4.2532,-164.78
355.24,-13.564,-274.43
216.55,-41.086,-250.91
157.8,-33.563,-244.06
299.88,-4.4341,-305.45
83.624,-41.341,-198.31
207.49,-38.976,-256.55
143.47,6.8726,-209.87
385.18,-37.969,-316.16
63.835,6.1996,-173.17
276.19,-27.745,-295.61
350.83,10.109,-292.79
469.04,-36.505,-330.84
245.51,-40.537,-263.91
110.89,5.7434,-192.13
320.06,-31.807,-269.34
334.15,-31.768,-274.48
38.904,-38.965,-181.57
-30.76,0.18384,-109.97
-20.581,-13.683,-105.07
361.29,8.578,-291.43
263.72,-0.73154,-289.56
157.73,-23.755,-249.93
210.7,-24.619,-272.08
214.75,-40.905,-252.19
369.43,-35.878,-317.57
394.4,3.0235,-293.96
97.141,-1.255,-215.79
137.13,-20.189,-186.62
183.5,-41.457,-231.56
222.29,-10.664,-277.81
135.11,-12.891,-185.98
0.18857,-26.12,-171.53
171.01,-39.197,-241.6
421.5,10.757,-330.35
56.943,1.6811,-158.08
21.768,-35.604,-177.01
428.27,7.9492,-338.8
-25.671,5.3529,-130.64
309.03,-26.981,-307.63
459.04,-25.785,-312.12
-14.613,-38.481,-117.37
401.28,-19.35,-290.39
404.26,4.7156,-298.69
-51.374,-17.09,-143.98
260.24,-22.251,-292.23
290.74,-28.877,-300.04
374.42,-38.452,-302.82
319.74,-14.617,-314.8
39.338,-37.954,-147.14
70.494,-6.7813,-206.51
347.08,-29.532,-318.49
248.03,-9.0893,-287.68
-4.9955,3.4484,-153.24
-41.43,-5.9185,-97.547
40.999,-0.48956,-147.02
171.16,-41.262,-223.67
167.13,-37.957,-212.92
228.65,1.3094,-234.67
149.19,-3.3707,-196.79
69.097,-43.09,-184.34
420.28,-37.872,-324.75
329,2.1792,-311.42
-37.366,1.7621,-138.02
170.33,3.5198,-213.47
211.04,8.1429,-252.98
345.64,10.808,-297.71
108.6,-0.2449,-180.76
367.38,-6.325,-329.63
173.52,-37.009,-246.59
433.79,12.08,-324.06
110.16,-0.26016,-221.25
212.49,-9.8425,-273.58
193.53,-15.008,-266.5
252.85,-2.7718,-286.73
158.27,6.2944,-233.9
301.01,-32.585,-262.98
226.02,-14.149,-279.86
437.36,3.5475,-347.06
51.516,5.8099,-165.62
277.07,-33.27,-254.41
201.8,-36.374,-259.05
441.52,12.151,-325.99
389.34,-37.63,-318.65
355.53,3.6642,-282.32
-40.64,4.8063,-117.08
-9.3121,-43.566,-146.19
70.927,-24.651,-154.58
-41.661,-2.4664,-141.66
-9.0964,-9.1206,-165.15
19.814,-40.615,-169.01
132.59,-23.038,-238.8
169.29,-12.393,-201.83
-26.923,-41.487,-115.14
232.82,2.3978,-237.51
272.51,-19.608,-244.94
96.567,3.3778,-180.15
185.48,-40.815,-242.58
66.318,-43.006,-174.62
235.41,-40.219,-250.54
412.46,-27.313,-297.76
91.921,-36.028,-211.48
77.148,-22.457,-212.45
71.13,4.8173,-171.29
421.32,0.76735,-300.5
251.04,8.4555,-255.96
212.22,-15.972,-220.2
161.61,-7.9327,-250.93
346.54,0.09944,-319.3
204.12,-5.3081,-268.27
159.56,-39.85,-235.36
416.02,11.619,-316.71
30.219,-33.571,-137.49
33.702,5.9538,-166.47
121.81,-19.461,-234.42
162.41,6.7059,-216.97
249.7,-15.96,-289.23
389.08,-37.837,-317.74
368.93,10.818,-309.67
92.207,-26.025,-218.79
320.44,7.427,-301.32
361.73,-2.7774,-326.26
42.812,2.9947,-181.42
221.43,-16.139,-224.07
-26.289,-32.269,-104.84
-7.003,2.3999,-126.46
-56.809,-0.066359,-129.82
12.579,4.6245,-160.12
99.233,5.7752,-205.15
419.75,-37.812,-317.9
62.12,-12.706,-149.91
385.28,4.6368,-292.77
197.8,-28.255,-265.04
134.48,-41.947,-217.69
-11.254,-13.144,-165.54
245.03,-1.5728,-238.56
89.416,-43.005,-191.7
34.532,-32.808,-186.1
267.18,-25.1,-293.73
-2.9075,3.6684,-153.89
113.14,-11.461,-175.83
160.17,-41.975,-223.69
448.71,-3.294,-306.78
70.556,4.025,-194.4
101.64,-27.739,-222.57
4.7765,-32.178,-170.95
-16.311,-39.093,-152.71
383.66,-24.616,-286.52
5.7042,-6.8831,-122.59
188.67,-37.474,-252.07
271.34,9.0921,-276.67
160.64,2.2232,-242.57
303.32,9.6551,-288.04
417.31,-8.6541,-295.25
-32.165,-19.933,-97.758
118.57,-41.184,-195.97
431.5,-37.598,-329.11
426.03,-37.26,-317.41
-14.627,-39.742,-119.18
296.52,-27.951,-302.69
124.55,-42.284,-204.31
453.67,3.0044,-352.99
37.934,-11.954,-191.83
326.2,-38.412,-282.91
449.06,9.7926,-342.72
47.198,-28.974,-151.41
232.63,-13.125,-249.78
205.14,-13.589,-267.04
114.45,-52.061,-190.25
306.91,-9.2182,-299.36
406.16,-7.2445,-330.64
46.768,-54.241,-198.17
235.41,-9.3278,-265.09
156.38,-10.642,-234.37
223.65,-58.652,-267.05
243.68,-58.541,-274.25
129.36,-47.229,-194.09
230.03,-50.464,-242.04
124.74,-11.181,-213.15
265.62,-48.4,-254.92
288.08,-58.414,-282.34
391.8,-52.894,-306.25
-37.08,-44.749,-104.57
-26.467,-48.983,-163.73
331.62,-56.526,-291.95
-0.5275,-59.37,-166.58
138.55,-27.842,-196.99
259.32,-50.665,-254.32
124.78,-32.831,-189.21
199.18,-18.424,-270.55
166.67,-11.179,-243.05
81.933,-16.896,-213.16
-22.863,-24.633,-164.27
121.95,-11.479,-220.86
-36.532,-19.249,-151.2
75.316,-49.371,-168.25
444.1,-28.856,-363.3
185,-29.951,-270.61
-34.792,-49.09,-159.11
388.85,-42.564,-295.95
251.98,-15.156,-254.1
10.906,-37.067,-130.27
-5.5174,-62.102,-156.34
41.161,-42.81,-147.3
156.77,-13.831,-217.9
278.41,-56.939,-271.65
279.08,-57.643,-274.1
213.87,-51.368,-235.96
229.27,-48.804,-240.35
299.44,-15.685,-270.63
412.43,-53.121,-313.81
310.39,-53.715,-308.14
158.14,-57.514,-218.97
221.86,-15.353,-242.28
264.62,-17.974,-297.01
438.38,-6.4051,-332.48
291.31,-53.603,-270.44
185.45,-57.937,-232.98
20.466,-31.795,-191.47
95.257,-11.459,-204.67
-49.967,-63.409,-123.1
-50.365,-44.59,-152.43
211.77,-40.835,-281.46
296.05,-19.535,-310.12
195.57,-15.835,-231.07
218.21,-9.7074,-260.8
441.51,-54.334,-346.21
160.3,-12.443,-243.94
-62.688,-18.585,-135.19
225.84,-12.311,-273.7
408.04,-34.356,-351.68
365.42,-43.527,-288.53
248.71,-16.046,-288.8
177.58,-46.062,-265.2
334.87,-8.6295,-308.48
64.875,-61.358,-192.43
34.258,-20.925,-192.71
252.15,-22.22,-248.04
201.5,-24.393,-226.41
277.81,-43.475,-256.77
261.59,-32.537,-248.52
25.912,-62.247,-163.6
-35.857,-13.731,-138.65
324.35,-46.04,-275.54
90.34,-23.367,-176.3
110.55,-44.974,-235.75
22.495,-18.78,-146.2
-46.76,-54.18,-104.51
-20.066,-60.855,-153.14
445.61,-6.6345,-343.26
462.52,-55.827,-344.36
80.834,-11.697,-197.93
268.93,-10.283,-287.1
259.65,-15.944,-293.06
405.08,-49.783,-306.74
-1.3083,-62.738,-153.27
253.49,-9.0599,-272.68
66.714,-51.186,-165.04
-23.028,-13.584,-134.48
-42.663,-24.643,-153.08
273.82,-58.249,-285.03
149.85,-51.34,-206.83
-10.388,-60.876,-158.07
236.95,-23.948,-241.15
328.17,-47.453,-320.72
179.53,-48.773,-264.35
395.27,-44.739,-343.99
250.14,-10.53,-279.82
14.939,-30.37,-188.08
160.13,-45.377,-258.04
79.617,-29.505,-221.47
62.397,-56.256,-203.48
401.31,-16.259,-303.32
272.76,-40.664,-253.77
-22.296,-40.784,-112.05
171.13,-26.123,-263.34
58.844,-32.738,-156.37
152.43,-49.786,-251.96
454.09,-49.079,-322.48
265.37,-21.849,-253.3
358.84,-8.6919,-301.78
139.67,-11.11,-219.1
424.83,-7.3068,-324.47
245.45,-34.32,-242.09
-16.315,-46.04,-170.66
53.47,-13.571,-191.32
281.64,-53.837,-266.97
210.94,-10.768,-247.28
248.95,-16.032,-288.89
9.3435,-21.476,-136.25
284.88,-47.538,-261.82
79.617,-34.796,-166.74
186.21,-29.77,-271.09
221.95,-25.341,-234.45
194.28,-24.02,-272.43
25.291,-57.79,-149.9
21.349,-49.575,-188.99
151.74,-11.235,-223.03
118.07,-35.619,-241.13
315.69,-54.535,-308.53
-35.231,-14.497,-142.35
444.48,-48.58,-356.03
357.02,-7.7853,-305.24
186.87,-33.615,-217.57
53.798,-60.864,-189.64
-18.143,-46.715,-115.93
160.49,-55.576,-249.24
395.86,-18.366,-300.04
163.26,-21.447,-211.72
262.63,-31.896,-302.18
297.03,-41.955,-263.43
93.218,-11.44,-202.74
431.29,-56.337,-332.98
227.24,-38.964,-288.1
332.37,-8.0496,-304.24
347.82,-7.9092,-310.22
118.65,-16.225,-197
156.79,-11.25,-224.93
202.16,-10.18,-246.89
193.15,-55.235,-231.42
137.86,-27.205,-248.71
-22.871,-45.674,-167.22
382.47,-27.505,-291.93
386.93,-11.28,-304.56
236.68,-47.954,-242.83
134.93,-31.745,-194.2
192.46,-39.127,-273.91
366.84,-55.538,-302.61
20.287,-30.206,-136.66
149.02,-57.642,-214.78
199.73,-27.971,-224.2
179.14,-59.049,-233.17
47.335,-33.024,-150.3
221.52,-59.381,-256.13
32.608,-42.677,-197.88
277,-15.324,-263.08
281.1,-22.494,-306.38
24.153,-62.402,-166.39
56.567,-59.247,-170.01
332.22,-57.829,-302.09
273.79,-16.998,-260.15
-54.959,-61.509,-133.28
59.936,-61.848,-186.31
300.63,-27.276,-315.36
305.14,-13.371,-275.41
445.65,-43.846,-315.37
-22.659,-42.908,-112.2
49.646,-57.735,-163.33
301.18,-18.919,-268.33
25.576,-49.77,-191.07
65.232,-17.423,-205.19
157.35,-46.509,-256.24
212.15,-29.574,-281.94
43.059,-12.142,-175.55
244.46,-58.848,-272.87
112.5,-61.131,-211.57
253.16,-9.6639,-277.93
144.56,-43.651,-251.88
24.841,-12.49,-168.84
-23.232,-51.792,-163.65
258.73,-58.754,-270.35
123.24,-39.448,-243.27
413,-33.921,-301.46
