-132.57,-327.83,-437.64
-98.42,-101.68,-34.56
-59.454,-73.469,44.587
-80.005,-174.91,-84.971
-111.36,-226.59,-249.18
-158.08,-352.19,-426.68
-101.49,-306.78,-341.19
-100.27,-256.6,-282.6
-134.13,-216.03,-163.58
-88.219,-221.87,-194.74
-110.4,-141.66,-17.818
-86.431,-104.66,55.83
-94.49,-110.45,-50.353
-70.569,-127.06,-41.47
-67.526,-123.43,-19.383
-141.12,-362.51,-400.35
-112.33,-187.67,-86.09
-64.119,-98.059,6.9983
-71.131,-139.35,-34.451
-139.67,-304.24,-388.89
-143.63,-268.33,-258.71
-125.94,-248.92,-290.32
-140.92,-323.37,-425.97
-110.95,-125.78,1.4271
-91.666,-203.88,-189.12
-90.828,-234.12,-191.1
-129.83,-298.15,-279.54
-143.52,-284.32,-278.33
-124.35,-288.51,-260.06
-148.93,-287.58,-323.37
-108.75,-83.718,47.541
-108.76,-308.38,-307.38
-128.14,-222.24,-156.4
-135.43,-282.78,-259.49
-113.55,-369.97,-432.91
-105.2,-292.88,-347.79
-81.552,-144.56,-90.526
-119.42,-195.85,-105.45
-139.69,-287.06,-273.21
-119.49,-304.82,-390.4
-67.961,-120.65,-24.587
-144.77,-267.09,-263.61
-131.23,-284.22,-355.44
-118.73,-129.35,-27.672
-120.36,-269.78,-328.89
-108.59,-103.26,-26.583
-103.54,-167.68,-146.51
-130.58,-329.96,-441.31
-157.66,-357.12,-427.31
-114.34,-261.7,-211.18
-128.45,-337.86,-454.86
-77.409,-162.8,-64.78
-144.41,-284.96,-281.97
-107.8,-200.85,-104.91
-101.5,-278.85,-316.93
-114.57,-336.5,-436.33
-114.28,-368.96,-428.09
-151.35,-373.32,-431.4
-143.84,-349.75,-381.21
-74.587,-150.31,-44.586
-107.21,-75.997,33.862
-121.26,-242.93,-280.3
-140.83,-293.48,-285.24
-63.555,-78.335,27.278
-72.811,-134.77,-12.263
-104.5,-120.17,19.498
-97.892,-208.07,-206.47
-105.14,-255.11,-290.1
-121.15,-141.16,-46.446
-96.678,-251.64,-210.95
-102.24,-286.33,-329.42
-153.49,-337.75,-433.88
-98.356,-263.59,-233.45
-123.28,-157.96,-110.38
-124.48,-155.69,-72.102
-83.838,-197.59,-153.36
-105.77,-333.78,-380.14
-123.21,-156.42,-65.811
-106.9,-187.86,-83.34
-154,-347.57,-399.3
-145.79,-299.65,-369.34
-107.74,-195.08,-95.373
-86.251,-180.89,-81.052
-117.61,-298.98,-378.58
-130.69,-227.6,-168.69
-144.66,-259.3,-261.71
-131.41,-243.88,-276.46
-112.57,-96.121,14.08
-95.783,-253.83,-264.38
-129.81,-304.64,-290.86
-109.95,-209.12,-119.21
-93.979,-194.38,-180.23
-119.61,-235.34,-166.87
-96.871,-172.24,-150.25
-96.339,-265.82,-278.84
-148.56,-367.01,-416.51
-148.67,-297.27,-354.12
-64.248,-70.837,34.382
-112.65,-313.75,-396.52
-103.14,-299.53,-349.73
-122.88,-172.51,-143.75
-126.08,-336.24,-450.58
-118.35,-361.68,-403.54
-120.16,-135.05,-64.062
-105.21,-266.24,-225.64
-115.14,-129.79,-69.072
-116.81,-214.55,-131.38
-126.64,-314.76,-307.87
-116.2,-154.43,-44.205
-111.84,-94.491,7.6262
-140.16,-349.28,-376.46
-96.57,-230.56,-236.97
-112.46,-113.77,10.594
-104.29,-83.616,6.0384
-90.735,-100.18,-33.154
-121.78,-335.38,-347.51
-99.443,-228.95,-240.38
-120.28,-288.15,-258.82
-94.217,-80.588,0.62223
-68.352,-125.34,-27.596
-129.48,-254.16,-206.29
-119.19,-326.1,-426.64
-133.67,-196.46,-152.81
-91.119,-233.37,-187.35
-115.69,-199.34,-201.81
-124.1,-307.34,-294.02
-81.506,-158.04,-107.18
-78.211,-167.32,-104.25
-112.88,-128.58,-70.948
-112.79,-367.23,-429.17
-106.8,-235.18,-164.9
-112.75,-122.28,-58.18
-116.09,-112.59,-9.9317
-104.12,-226.05,-242.51
-94.316,-79.207,3.1197
-154.23,-334.56,-422.91
-96.883,-235.27,-174.82
-106.69,-263.19,-217.99
-141.04,-295.77,-369.95
-109.25,-341.03,-427.48
-114.31,-202.28,-207.31
-132.05,-258.32,-304.53
-141.42,-268.37,-310.65
-116.44,-336.84,-440.42
-93.501,-184.82,-165.55
-81.751,-170.71,-122.12
-111.55,-102.12,-16.126
-76.736,-166.72,-86.864
-99.682,-294.82,-315.03
-77.48,-154.45,-91.406
-83.499,-189.63,-107.89
-132.71,-195.59,-165.53
-141.65,-252.74,-233.31
-115.03,-107.34,-7.5176
-133.42,-305.71,-295.25
-100.59,-214.56,-220.09
-69.73,-116.32,-29.342
-63.303,-94.039,13.344
-88.002,-102.26,-35.795
-134.96,-293.28,-275.91
-102.53,-296.81,-297.99
-141.64,-284.64,-345.62
-97.879,-132.58,-87.202
-94.242,-239.52,-190.29
-100.99,-135.64,1.0159
-101.9,-292.45,-335.75
-112.53,-227.47,-251.25
-81.213,-84.128,-4.3997
-95.114,-246.38,-253.22
-77.753,-157.97,-95.563
-95.153,-263.7,-250.32
-75.681,-118.76,-46.789
-136.16,-248.14,-278.21
-92.015,-207.32,-194.52
-113.08,-100.32,14.74
-143.31,-250.73,-248.17
-90.603,-178.06,-69.934
-103.78,-144.17,-13.86
-106.53,-327.53,-357.38
-99.045,-100.91,52.948
-103.7,-75.764,21.54
-136.18,-213.9,-172.71
-148.49,-331.34,-359.79
-154.65,-341.53,-394.25
-108.59,-236.53,-166.77
-75.674,-118.3,27.551
-135.13,-274.57,-246.08
-119.78,-353.8,-385.55
-118.53,-154.68,-114.63
-120.93,-274.88,-338.25
-109.52,-202.06,-206.37
-109.02,-231.14,-157.04
-102.28,-311.55,-352.8
-99.095,-62.04,40.914
-76.127,-116.16,-44.302
-71.935,-127.07,-46.73
-96.727,-246.57,-199.4
-108.63,-85.612,47.506
-110.6,-117.62,-52.523
-72.403,-146.38,-53.41
-106.02,-332.76,-374.59
-76.611,-131.49,-64.252
-112.3,-314.99,-315.52
-134.94,-206.3,-160.84
-114.05,-115.62,-40.114
-141.92,-278.33,-331.45
-104.85,-134.25,-0.48245
-149.31,-291.65,-314.62
-106.21,-339.36,-401.34
-76.932,-144.4,-22.95
-121.51,-367.4,-411.2
-118.22,-192.72,-188.63
-147.49,-313.77,-331.25
-78.675,-151.82,-35.031
-62.688,-76.627,31.375
-129.82,-193.13,-124.26
-139.13,-226.33,-209.44
-130.9,-182.18,-132.47
-143.95,-331.12,-438.61
-105.54,-113.06,27.347
-111.43,-127.44,-70.898
-116.24,-133.9,-20.789
-117.9,-140.5,-85.907
-71.593,-75.747,16.349
-117.72,-268.51,-325.45
-110.31,-328.69,-348.07
-98.035,-277.81,-270.88
-118.02,-351.18,-382.3
-119.96,-335.15,-348.2
-120.04,-284.67,-252.5
-118.14,-349.72,-379.15
-147.85,-312.77,-393.41
-137.34,-251.25,-282.5
-78.693,-174.14,-91.296
-114.5,-171.85,-64.912
-78.48,-168.43,-106.37
-98.389,-286,-303.65
-113.35,-337.3,-360.49
-84.791,-199.15,-160.38
-138.5,-249.11,-216.86
-146.81,-316.53,-333.43
-114.08,-281.59,-345.26
-113.13,-229.2,-153.85
-136.84,-283.3,-349.67
-82.402,-192.42,-140.53
-93.154,-180.22,-158.32
-90.598,-136.85,-90.804
-95.557,-176.33,-63.79
-131.94,-188.35,-135.01
-132.34,-278.61,-344.06
-100.4,-250.13,-273.61
-134.63,-208.25,-159.32
-107.12,-176.31,-161.76
-93.55,-218.83,-146.55
-92.791,-103.6,54.865
-105.24,-315.14,-332.07
-113.45,-343.34,-373.22
-146.19,-330.25,-434.04
-130.15,-192.75,-125.18
-94.152,-88.632,-13.468
-82.185,-183.22,-96.985
-114.66,-294.45,-272.39
-117.31,-140.08,-86.394
-119.98,-328.6,-335.35
-141.01,-297.35,-291.54
-67.327,-106.06,37.762
-124.87,-290.5,-263.77
-132.22,-310.33,-302.32
-108.58,-355.83,-429.12
-92.617,-231.52,-176.73
-121.24,-311.59,-302.2
-132.69,-361.12,-394.04
-149.95,-300.92,-356.89
-79.433,-142.84,-15.28
-89.652,-58.117,38.028
-81.759,-95.646,-22.189
-118.83,-191.65,-186.24
-145.65,-271.89,-302.89
-127.53,-307.85,-400.08
-116.11,-112.7,-19.054
-148.21,-317.04,-401.99
-139.1,-269.03,-245.3
-104.1,-160.02,-133.74
-134.33,-265.15,-230.26
-122.66,-142.3,-63.008
-133.72,-205.09,-151.97
-112.78,-170.19,-150.03
-86.002,-115.85,-55.617
-85.628,-104.15,-37.599
-154.87,-331.52,-385.95
-90.009,-235.3,-204.83
-72.006,-110.18,38.502
-119.63,-215.83,-230.83
-109.81,-224.32,-244.47
-80.573,-119.62,29.329
-84.076,-200.38,-135.34
-115.24,-202.78,-208.1
-73.525,-81.711,5.7409
-154.19,-322.71,-377.14
-111.17,-89.741,22.775
-125.04,-329.73,-438.39
-107.06,-109.97,28.423
-124.87,-171.8,-85.749
-152.47,-371.16,-430.11
-122.95,-224.75,-152.87
-80.392,-183.43,-109.58
-109.66,-301.55,-291.57
-88.547,-55.785,41.594
-109.33,-357.42,-422.77
-151.24,-374.6,-433.25
-145.46,-282.67,-331.36
-115.64,-157.77,-124.71
-91.624,-209.79,-131.24
-116.84,-203.3,-113.83
-80.864,-131.64,7.721
-88.741,-173.05,-62.279
-112.07,-267.63,-222.8
-148.1,-316.52,-336.93
-114.52,-105.68,-8.2561
-99.815,-223.22,-147.02
-116.43,-138.55,-85.013
-139.05,-270.1,-319.46
-102.92,-130.06,-82.506
-99.531,-155.5,-28.92
-116.48,-329.26,-339.54
-107.49,-318.19,-331.77
-116.6,-295.66,-273.66
-76.747,-124.87,-56.458
-60.614,-86.213,31.038
-71.944,-64.296,32.171
-104.71,-319.93,-380.4
-108.95,-326.54,-346.65
-95.365,-132.87,8.3837
-83.273,-160.35,-44.377
-110.39,-335.92,-424.83
-90.689,-183.85,-80.794
-120.69,-332.11,-438.59
-95.791,-194.74,-96.762
-144.81,-277.63,-321.62
-116.63,-139.97,-28.222
-91.43,-85.899,-9.456
-104.7,-328.62,-376.05
-75.402,-102.83,-25.644
-150.19,-321.49,-350.56
-92.278,-125.6,-74.339
-117.55,-213.97,-131.03
-62.975,-86.613,20.613
-93.149,-117.44,-61.61
-105.26,-104.1,39.141
-91.023,-59.086,37.116
-139.28,-242.15,-256.51
-88.165,-221.1,-194.11
-109.77,-338.81,-426.68
-89.362,-221.42,-202.02
-104.04,-194.18,-93.225
-105.85,-316.99,-334.2
-89.608,-127.25,-75.443
-139.41,-242.08,-255.83
-94.392,-224.54,-223.4
-149.92,-306.16,-370.91
-101.99,-265.65,-299.88
-131.49,-347.01,-367.85
-141.87,-337.32,-357.82
-93.33,-146.84,-13.869
-141.32,-252.41,-273.66
-85.555,-158.62,-116.23
-112.64,-193.32,-95.031
-145.95,-314.07,-327.63
-155.69,-335.77,-395.9
-128.14,-325.54,-327.83
-100.97,-279.62,-262.54
-81.557,-190.26,-129.1
-122.76,-379.03,-433.37
-91.502,-171.63,-57.399
-99.061,-212.02,-126.47
-110.84,-236.59,-265.95
-107.82,-342.63,-390.29
-145.53,-377.25,-429.92
-109.38,-154,-33.53
-124.59,-272.32,-334.28
-157.16,-342.75,-416.6
-90.573,-107.31,-44.657
-88.717,-180.48,-151.45
-83.473,-150,-101.1
-117.07,-287.17,-357.67
-119.68,-231.68,-160.95
-95.046,-143.9,-104.56
-114.41,-157.88,-126.16
-109.61,-263,-215.36
-103.94,-195.44,-95.359
-124.83,-166.33,-80.498
-136.64,-342.06,-361.09
-122.35,-147.4,-55.964
-118.49,-124.76,-26.176
-103.87,-208.57,-214.02
-128.19,-179.22,-144.36
-91.205,-237.48,-198.57
-125.92,-338.58,-352.15
-79.616,-242.51,-185.58
-64.649,-129.87,-28.255
-126.92,-259.17,-260.27
-113.4,-285.81,-321.29
-115.18,-394.76,-423.34
-101.79,-317.57,-365.19
-125.01,-317.42,-280.19
-96.59,-247.7,-244.92
-125.55,-348.02,-437.31
-89.64,-229.11,-120.85
-93.782,-288.16,-233.86
-112.83,-211.76,-100.3
-69.056,-183.14,-66.386
-104.93,-146.7,-65.623
-111.5,-161.56,-82.547
-125.31,-302.35,-349.9
-91.125,-91.882,22.593
-136.63,-327.07,-386.78
-110.67,-337.02,-312.78
-117.26,-304.06,-355.31
-74.923,-187.72,-58.547
-112.37,-325.59,-290.31
-53.887,-100,32.041
-104.2,-258.12,-268.67
-100.68,-221.63,-204.37
-145.74,-378.32,-413.68
-61.853,-144.25,-34.621
-74.411,-213.93,-138.75
-134.36,-288.01,-253.07
-99.986,-219.25,-200.04
-99.82,-357.2,-374.11
-66.287,-169.28,-71.435
-120.45,-195.17,-103.1
-116.69,-221.82,-120.66
-117.27,-247.15,-158.28
-72.628,-205.42,-114.43
-99.516,-141.02,15.404
-97.126,-123.52,41.75
-106.1,-135.67,4.7949
-99.119,-176.84,-33.928
-90.391,-228.42,-118.97
-73.879,-205.13,-102.12
-144.9,-336.77,-378
-109.09,-309.19,-360.7
-148.64,-361.74,-410.83
-132.76,-262.5,-248.52
-112.66,-216.58,-193.1
-90.631,-241,-226.34
-102.02,-316.65,-279.99
-82.803,-118.47,-28.868
-93.124,-252.53,-247.95
-90.698,-81.357,42.998
-106.34,-216.9,-196.6
-92.418,-123.09,49.802
-115.65,-366.87,-368.01
-107.04,-237.4,-233.28
-112,-160.57,-38.509
-131.91,-306.89,-352.15
-85.78,-203.24,-75.662
-121.55,-374.57,-381.11
-142.86,-334.21,-385.15
-121.16,-315.97,-377.51
-116.53,-343.92,-427.26
-77.682,-216.28,-114.77
-95.686,-81.659,56.729
-106.49,-367.11,-378.17
-132.56,-310.97,-359.66
-87.418,-213.76,-93.886
-134.11,-267.71,-254.2
-78.042,-132.95,43.825
-96.7,-228.95,-214.4
-60.331,-147.41,-20.732
-123.94,-298.65,-343.53
-106.48,-199.92,-165.77
-97.379,-326.39,-367.46
-112.54,-190.48,-71.493
-103.14,-168.49,-109.94
-108.69,-200.41,-78.418
-142.91,-323.55,-354.33
-70.279,-168.89,-28.249
-139.55,-303.61,-295.94
-82.373,-184.01,-129.72
-144.5,-369.3,-397.05
-112.85,-274.8,-199.17
-109.47,-219.76,-200.92
-100.99,-350.9,-355.07
-117.93,-324.21,-287.88
-145.13,-354.48,-425.79
-73.804,-210.55,-133.69
-67.072,-165.19,-72.609
-133.44,-299.86,-334.58
-103.68,-153.41,-80.862
-55.656,-123.57,29.724
-101.33,-352.78,-417.15
-142.49,-324.87,-333.49
-99.03,-324.75,-301.84
-123.86,-272.26,-205.93
-116.36,-312.69,-266.75
-116.99,-292.22,-231.15
-98.217,-103.12,61.311
-90.528,-226.09,-203.44
-61.179,-115.93,63.984
-102.44,-126.49,25.67
-100.46,-142.97,11.282
-107.16,-128.64,-12.618
-105.34,-119.85,12.914
-130.54,-243.61,-203.26
-125.72,-223.8,-181.5
-85.497,-275.3,-235.55
-135.52,-288.16,-301.99
-72.152,-115.58,72.407
-101.79,-243.18,-141.89
-75.597,-99.504,3.2546
-73.865,-200.26,-89.481
-80.616,-244.05,-198.59
-70.881,-195.22,-92.195
-107.03,-242.71,-142.44
-69.296,-143.12,21.645
-146.59,-373.27,-409.31
-103.34,-139,10.042
-131.08,-250.36,-224.1
-103.27,-180.21,-43.02
-105.91,-305.42,-351.13
-129.66,-343.54,-329.26
-148.04,-356.58,-405.4
-102.37,-122.2,-18.734
-115.96,-235.16,-138.56
-78.69,-189.64,-131.81
-96.902,-133.66,29.203
-108.82,-331.45,-398.63
-129.44,-388.64,-408.47
-135.36,-336.51,-325.72
-90.691,-150.2,12.343
-92.412,-270.71,-274.03
-56.226,-84.767,43.539
-60.436,-98.265,19.068
-120.26,-258.22,-179.16
-76.712,-200.75,-82.445
-57.605,-112.32,8.5996
-57.228,-117.61,52.451
-68.696,-170.71,-36.191
-136.54,-357.04,-360.81
-95.794,-339.53,-349.68
-95.93,-194.88,-59.96
-71.373,-188.63,-70.107
-51.713,-96.683,42.83
-68.276,-136.24,33.558
-82.167,-88.011,22.375
-123.23,-207.26,-126.68
-130.34,-247.05,-193.99
-90.365,-292.72,-297.03
-100.26,-228.76,-216.34
-134.11,-299.78,-332.95
-101.54,-198.71,-68.868
-114.97,-181.05,-67.363
-75.148,-173.59,-103.82
-101.77,-147.35,-71.433
-75.239,-217.38,-131.05
-99.856,-215.37,-193.38
-109.54,-150.75,-20.787
-72.182,-199.72,-120.4
-103.48,-123.9,24.417
-117.58,-226.82,-129.16
-94.564,-100.08,11.534
-81.824,-121.51,-33.634
-95.843,-289.3,-309.26
-87.991,-267.26,-201.54
-95.039,-314.09,-288.25
-99.362,-369.02,-418.87
-130.25,-328.96,-305.42
-60.46,-147.41,-14.813
-82.348,-95.79,9.0189
-122.37,-334.11,-307.29
-96.427,-310.76,-277.09
-125.74,-217.02,-154.6
-68.186,-132.35,-37.875
-101.07,-113.01,-1.349
-88.869,-165.89,-107.23
-99.399,-231.88,-221.14
-104.52,-115.89,11.311
-142.47,-381.69,-411.01
-147.79,-358.47,-421.26
-88.331,-181.2,-131.32
-108.96,-194.58,-154.25
-90.568,-144.72,-72.684
-73.77,-209.85,-117.91
-131.72,-354.29,-447.4
-92.692,-317.42,-307.35
-76.185,-183.3,-47.511
-141.66,-386.37,-417
-75.602,-220.44,-139.74
-139.6,-314.31,-306.15
-79.767,-226.79,-180.28
-62.565,-152.93,-42.708
-123.91,-211.51,-132.79
-86.949,-235.56,-211.57
-79.878,-205.47,-86.317
-101.76,-175.4,-123.4
-121.38,-262.88,-187.86
-131.44,-330.08,-399.91
-93.908,-113.36,-15.353
-79.878,-150.94,-78.251
-84.478,-267.07,-239.05
-125.83,-218.64,-163.69
-118.84,-335.03,-412.43
-70.458,-188.42,-73.655
-58.731,-139.4,-1.0699
-94.389,-136.96,28.204
-90.594,-200.94,-164.21
-115.76,-252.3,-164.46
-146.36,-362.02,-439.3
-78.35,-180.45,-118.75
-69.792,-157.18,-72.157
-85.14,-234.19,-205.64
-130.46,-292.23,-323.82
-124.99,-249.02,-242.44
-119.92,-188.29,-111.47
-67.115,-155.42,-6.3489
-115.62,-198.04,-152.6
-84.152,-119.7,-30.993
-97.097,-313.56,-281.7
-68.449,-142.63,-51.526
-139.71,-303.24,-297.25
-84.274,-150.19,-80.117
-103.5,-348.8,-344.65
-77.912,-99.686,2.3858
-130.7,-337.6,-320.39
-56.217,-121.21,40.074
-91.199,-311.87,-316.74
-116.24,-318.71,-381.9
-131.43,-315.32,-285.13
-122.88,-394.46,-418.39
-132.77,-379.05,-393.56
-75.837,-120.72,64.057
-76.258,-217.79,-124.6
-125.11,-336.94,-313.92
-64.164,-140.79,-39.533
-80.001,-151.38,-79.024
-89.958,-265.35,-260.47
-114.93,-211.43,-180.83
-118.26,-296.64,-341.54
-130.43,-266.23,-212.6
-104.57,-379.32,-409.65
-96.145,-91.305,34.163
-140.93,-342.74,-411.62
-116.44,-209.92,-104.34
-70.022,-189.78,-80.533
-114.84,-370.66,-375.85
-90.701,-301.75,-275.74
-86.006,-218.7,-185.58
-117.13,-248.06,-250.08
-108.45,-355.51,-351.27
-115.25,-212.85,-105.83
-82.035,-253,-213.25
-78.248,-76.045,41.772
-124.41,-213.08,-137.19
-84.231,-263.59,-235.55
-102.09,-317.75,-366.02
-99.444,-131.51,-43.656
-100.51,-333.35,-317.38
-93.726,-301.75,-321.58
-94.755,-109.21,63.881
-143.38,-341.55,-355.69
-124.64,-214.06,-139.23
-85.582,-276.67,-240.4
-65.043,-163.16,-61.541
-104.91,-371.65,-391.35
-94.069,-118.13,-24.153
-74.958,-181.62,-113.63
-142.78,-341.52,-403.39
-106.62,-219.87,-201.9
-80.141,-220.15,-116.69
-77.42,-207.23,-150.73
-83.652,-153.76,9.3071
-128.8,-346.14,-332.89
-131.19,-248.25,-203.03
-113.55,-181.71,-63.648
-57.32,-112.4,64.227
-93.881,-309.67,-332.51
-121,-234.36,-146.16
-98.034,-317.66,-288.6
-83.928,-247.61,-219.05
-98.159,-138.19,21.296
-87.698,-118.13,62.143
-125.95,-262.12,-268.27
-101.07,-125.73,-29.416
-102.69,-112.51,34.858
-134.93,-358.79,-361.31
-135.82,-297.45,-323.1
-118.37,-204.19,-160.04
-79.257,-219.88,-118.36
-109.82,-379.38,-398.52
-130.24,-264.34,-209.68
-122.8,-306.81,-359.8
-82.502,-172.85,-113.43
-84.985,-210.74,-172.35
-81.396,-178.4,-120.31
-75.511,-161.81,-88.731
-147.7,-359.41,-424.97
-138.74,-371.22,-387.51
-54.936,-117.09,15.37
-144.44,-334.68,-375.98
-72.71,-128.72,50.062
-104.36,-116.71,22.074
-50.37,-95.583,49.921
-137.11,-292.64,-270.67
-148.8,-363.47,-427.2
-124.78,-289.03,-324.11
-88.262,-253.36,-170.7
-97.834,-290.61,-315.23
-103.94,-172.8,-33.545
-80.851,-163.14,-6.8002
-138.1,-291.4,-295.01
-71.915,-161.93,-82.539
-127.65,-261.72,-264.25
-142.69,-325.9,-335.72
-67.006,-106.32,-0.83908
-94.384,-334.52,-349.96
-98.471,-302.09,-255.03
-144.16,-330.96,-365.73
-93.412,-156.39,1.1185
-100.29,-230.21,-119.47
-75.49,-144.03,24.475
-88.52,-217.93,-100.82
-101.93,-270.12,-190.08
-81.754,-235.02,-145.81
-71.951,-200.37,-100.78
-138.9,-322.22,-313.33
-144.94,-352.05,-420.57
-61.983,-135.57,24.801
-97.956,-153.21,-85.387
-100.32,-117.47,-13.451
-94.565,-333.79,-342.95
-135.87,-277.71,-252.38
-106.76,-202.2,-78.731
-90.053,-249.27,-237.62
-111.2,-387.89,-414.16
-84.689,-179.96,-34.745
-142.46,-322.27,-331.61
-144.3,-334.94,-355.01
-113.64,-318.6,-277.15
-81.356,-252.43,-202.02
-63.609,-160.14,-31.574
-104.05,-328.48,-386.75
-140.56,-332.81,-333.29
-72.336,-193.19,-117.79
-74.721,-169.16,-97.247
-142.46,-342.29,-352.83
-129.29,-287.62,-316.05
-118.37,-378.81,-389.86
-107.55,-294.96,-334.72
-95.056,-199.49,-164.79
-74.397,-138.85,33.078
-131.57,-254.28,-232.48
-62.472,-95.003,20.393
-146,-343.81,-376.52
-94.1,-207.46,-80.457
-85.115,-129.11,-46.553
-103.77,-124.55,22.764
-82.232,-251.79,-214.43
-99.85,-363.71,-423.79
-120.5,-190.52,-112.72
-106.26,-351,-344.79
-127.07,-294.49,-332.85
-98.693,-249.19,-249.47
-102.34,-326.4,-380.25
-91.804,-251.52,-161.89
-62.513,-104.91,7.0873
-79.721,-221.95,-174.87
-72.522,-120.47,64.182
-124.31,-364.23,-362.34
-71.184,-134.28,-44.87
-103.78,-341.44,-406.8
-64.673,-166.32,-44.788
-94.993,-313.65,-287.37
-94.594,-146.78,-75.464
-130.03,-310.53,-275.21
-129.54,-328.5,-398.32
-85.841,-75.817,47.052
-95.452,-286.61,-227.69
-126.01,-293.63,-242.32
-126.27,-250.57,-243.11
-106.96,-162.64,-25.663
-104.1,-122.04,-12.433
-93.84,-137.13,28.612
-139.74,-310.53,-302.86
-58.476,-138.22,0.97397
-101.38,-369.9,-439.04
-116.74,-172.37,-74.896
-129.41,-394.47,-419
-125.5,-228.83,-153.11
-106.36,-191.48,-62.758
-56.243,-128.61,8.6792
-84.184,-251.89,-177.63
-64.986,-142.83,-43.962
-88.685,-283.05,-236.7
-57.966,-135.23,7.8806
-131,-269.45,-273.15
-121.64,-259.69,-197.7
-66.818,-234.63,-142.88
-109.21,-313.41,-334.86
-72.016,-245.29,-178.88
-105.5,-220.69,-160.07
-83.741,-309.21,-298.12
-91.955,-257.06,-229.34
-82.676,-253.24,-213.81
-86.057,-220.86,-165.41
-87.959,-332.58,-280.94
-73.523,-269.4,-182.32
-106.63,-277.42,-268.07
-124.15,-290.65,-223.89
-57.476,-134.05,-7.899
-129.86,-347.17,-317.06
-68.873,-212.66,-63.863
-80.706,-177.36,3.8558
-67.872,-131.72,80.248
-104.37,-290.5,-292.52
-132.11,-358.92,-340.45
-70.998,-225.63,-86.805
-98.012,-211.44,-149.2
-84.991,-167.83,-76.297
-41.917,-113.39,55.245
-77.111,-280.18,-192.85
-47.007,-125.37,25.087
-107.51,-347.83,-293.42
-114.74,-255.26,-150.47
-114.52,-365.96,-432.7
-124.41,-280.04,-241.67
-81.147,-308.44,-286.65
-123.39,-269.14,-209.9
-97.363,-317.87,-239.55
-109.02,-305.52,-320.15
-114.97,-223.95,-137.12
-113.66,-216.16,-117.76
-85.224,-141.38,52.607
-91.675,-357.11,-326.25
-122.39,-330.61,-360.82
-51.601,-153.72,-15.606
-104.36,-184.09,-41.089
-107.4,-327.28,-360.25
-133.92,-375.22,-435.6
-113.58,-245.47,-197.7
-76.308,-275.96,-185.58
-92.558,-260.63,-136.26
-98.039,-234.75,-191.7
-123.72,-317.43,-331.54
-87.792,-256.2,-129.2
-89.79,-111.73,40.663
-58.557,-168,-52.207
-43.567,-106.92,53.624
-129.01,-329.84,-346.66
-128.53,-329.34,-288.05
-62.863,-172.14,7.6617
-119.48,-312.06,-326.54
-49.813,-136.88,5.1492
-129.66,-336.3,-359.53
-88.94,-142.93,-28.756
-89.959,-131.36,55.667
-125.65,-316.07,-261.09
-69.884,-192.51,-105.73
-117.84,-261.76,-223.38
-96.078,-204.66,-48.849
-61.445,-155.37,37.729
-108.88,-255.34,-139.07
-88.195,-367.97,-382.48
-69.463,-141.86,-30.947
-93.338,-141.66,35.491
-130.92,-337.48,-358.32
-87.396,-353.31,-332.42
-128.24,-382.39,-368.85
-65.286,-156.06,38.977
-88.258,-325.29,-334.01
-85.399,-346.15,-325.9
-68.71,-208.56,-125.1
-77.149,-121.05,2.3149
-73.656,-114.04,13.344
-67.469,-238.32,-130.44
-86.151,-349.77,-355.72
-97.684,-268.33,-251.47
-93.181,-349.15,-381.94
-98.671,-348.07,-297.13
-132.13,-331.55,-337.85
-73.438,-217.97,-147.11
-112.87,-345.18,-394.06
-136.62,-387.24,-394.54
-116.29,-277.19,-183.76
-91.778,-393.68,-423.76
-96.02,-141.61,-10.415
-89.399,-223.92,-172.03
-101.83,-362.72,-323.58
-93.434,-135.59,40.74
-97.497,-287.58,-285.08
-91.369,-272.27,-157.16
-73.896,-272.48,-189.11
-86.637,-340.51,-349.44
-108.45,-243.91,-202.58
-128.56,-305.68,-287.91
-106.07,-192.09,-97.758
-120.13,-273.71,-244.1
-52.962,-122.63,14.199
-110.29,-231.92,-109.91
-128.99,-310.71,-299.48
-99.212,-214.71,-154.55
-81.363,-169.46,15.824
-69.022,-141.59,-30.272
-97.962,-147.64,-17.499
-52.377,-164.54,-24.135
-88.54,-294.09,-200.06
-98.954,-146.38,-0.58856
-127.74,-295.73,-254
-89.668,-113.43,72.703
-100.37,-168.71,-60.834
-55.563,-108.69,29.442
-125.14,-282.28,-242.56
-101,-235.35,-99.379
-97.202,-288.94,-186.29
-98.82,-203.57,-50.894
-112.59,-354.22,-306.11
-72.101,-229.01,-159.28
-119.01,-263.54,-173.51
-90.917,-382.26,-390.76
-119.21,-366.03,-330.88
-57.265,-135.11,-9.002
-103.72,-193,-106.16
-105.16,-182.17,-76.32
-76.85,-280.74,-236.85
-98.035,-365.58,-332.97
-51.959,-153.96,23.928
-94.117,-203.95,-45.717
-89.699,-123.52,12.108
-118.4,-297.82,-217.99
-79.463,-262.28,-147.89
-60.867,-150.55,46.115
-61.207,-208.74,-85.46
-89.013,-201.07,-133.05
-53.057,-159.33,-25.954
-136.93,-366.06,-403.45
-128.95,-303.43,-274.46
-80.892,-156.85,35.228
-99.779,-163.56,-50.668
-78.293,-265.17,-155.9
-44.066,-110.62,48.484
-88.653,-214.81,-58.693
-99.634,-155.45,-0.60051
-59.004,-173.21,-59.141
-84.104,-291.44,-273.99
-80.009,-256.14,-213.76
-108.38,-196.37,-68.587
-117.81,-341.43,-287.22
-60.983,-194.99,-44.026
-81.328,-159.74,30.584
-79.019,-273.91,-173.09
-95.086,-356.99,-319.34
-128.02,-327.39,-283.76
-108.81,-364.09,-323.63
-87.423,-312.46,-312.84
-66.338,-163.91,-60.801
-62.016,-209.67,-78.908
-124.74,-319.86,-264.01
-79.983,-192.98,-21.164
-101.5,-285.92,-181.65
-107.34,-185.21,-64.658
-125.18,-366.44,-338.01
-107.98,-237.32,-112.05
-90.414,-284.09,-179.41
-109.4,-328.97,-363.74
-58.727,-195.36,-57.457
-97.249,-193.69,-35.141
-92.182,-123.64,19.872
-62.596,-170.34,10.79
-91.864,-237.14,-195.39
-109.64,-260.99,-234.94
-71.902,-207.1,-129.3
-125.9,-299.92,-241.63
-81.58,-314.12,-294.65
-91.816,-339.63,-364.23
-122.29,-352.86,-311.54
-58.334,-173.45,-2.4862
-117.62,-244.28,-149.32
-83.555,-127.54,-5.3196
-113.91,-217.74,-116.77
-129.88,-340.75,-307.99
-92.885,-316.27,-328.99
-75.221,-279.77,-201.66
-47.155,-143.61,20.814
-127.9,-297.72,-254.19
-85.118,-183.94,-8.5718
-106.94,-378.17,-350.77
-111.46,-308.33,-324.89
-104.18,-188.65,-95.51
-107.86,-188.91,-64.704
-112.89,-292,-292.77
-91.989,-128.22,52.25
-62.954,-188.06,-86.312
-110.1,-199.13,-93.753
-56.68,-183.84,-57.526
-101.05,-173.66,-70.201
-93.547,-253.03,-223.3
-56.238,-120.11,12.703
-132.61,-368.25,-355.43
-99.202,-266.23,-147.29
-87.354,-236,-93.688
-124.44,-313.37,-253.98
-62.058,-198.24,-48.227
-109.38,-290.4,-291.57
-77.346,-295.34,-234.69
-99.441,-169.17,-10.328
-131.98,-330.86,-305.3
-105.55,-364.76,-425.98
-54.872,-158.81,-32.084
-102.43,-219.68,-161.46
-121.23,-256.98,-185.03
-52.063,-161.6,4.0496
-121.18,-396.02,-385.18
-126.76,-291.11,-241.17
-108.49,-209.45,-79.351
-130.11,-315.02,-304.06
-86.037,-310.67,-237.49
-77.901,-222.46,-160.45
-109.59,-275.79,-171.03
-54.367,-162.6,-33.822
-62.708,-186.9,-84.336
-65.426,-203.15,-110.31
-96.756,-296.69,-200.36
-131.36,-334.85,-350.37
-132.42,-337.86,-314.68
-113.8,-217.65,-125.48
-98.35,-242.33,-205.32
-66.858,-175.99,4.2448
-127.22,-302.54,-250.87
-118.82,-262.91,-172.12
-114.62,-263.22,-233.26
-116.99,-320.18,-345
-46.74,-134.82,51.559
-93.348,-340.03,-286.76
-44.639,-132.16,39.01
-61.362,-209.45,-86.424
-92.447,-369.25,-409.47
-88.787,-337.24,-352.86
-84.794,-191.54,-20.171
-140.47,-382.79,-425.02
-75.845,-187.75,-105.66
-76.389,-291.11,-233.91
-60.666,-186.29,-24.958
-73.49,-134.76,-21.142
-109.4,-195.9,-77.682
-82.332,-323.41,-307.28
-136.26,-375.72,-430.34
-76.203,-221.71,-72.633
-119.38,-301.07,-304.25
-79.618,-301.93,-237.21
-106.69,-277.97,-171.52
-82.319,-144.57,-36.724
-74.1,-230.57,-91.907
-71.013,-246.25,-132.76
-126.45,-357.85,-325.95
-79.824,-176.16,-89.754
-89.585,-163.52,16.654
-93.353,-123.52,46.935
-110.34,-367.44,-434.05
-115.66,-354.28,-307.75
-73.198,-254.1,-144.03
-104.55,-261.68,-143.53
-59.381,-199.69,-68.656
-54.637,-176.32,-25.613
-105.01,-310.47,-225.55
-100.7,-379.06,-357.25
-126.98,-300.59,-283.51
-104.38,-237.94,-194.76
-113.85,-392.24,-376.07
-85.176,-143.44,-33.203
-131.47,-340.96,-364.68
-112.63,-306.39,-320.74
-115.29,-224.62,-134.03
-76.512,-231.64,-171.87
-84.434,-232.35,-182.93
-110.92,-207.85,-117.22
-92.126,-200.56,-38.844
-74.431,-263.37,-207.98
-124.24,-298.13,-288.04
-105.85,-183.08,-48.029
-71.836,-263.84,-189.7
-86.117,-109.5,34.184
-71.048,-185.11,-9.5304
-83.103,-332.11,-317.94
-134.72,-348.6,-368.89
-140.22,-392.56,-415.88
-84.532,-201.28,-132.46
-123.49,-273.23,-227.62
-94.599,-375.89,-360.77
-77.758,-297.51,-237.88
-47.486,-125.46,23.462
-101.41,-245.2,-114.85
-99.425,-192.28,-111.68
-130.6,-362.82,-342.18
-79.117,-305.94,-269.81
-111.45,-208.74,-93.116
-73.144,-178.93,1.9973
-111.32,-270.1,-164.63
-98.008,-263.07,-242.28
-56.921,-187.08,-58.576
-97.96,-277.67,-267.99
-106.7,-356.03,-411.59
-114.26,-313.28,-333.22
-118.52,-346.99,-396.33
-92.575,-139.49,-15.841
-92.075,-232.32,-187.18
-88.593,-269.06,-246.4
-77.971,-300.81,-252.44
-131.3,-329.29,-299.68
-106.48,-306.09,-321.26
-79.962,-304.29,-241.72
-119.51,-278.26,-255.83
-66.039,-141.04,64.987
-73.357,-257.09,-196.86
-85.637,-107.02,38.439
-69.312,-150.4,49.565
-65.133,-132.96,-14.615
-71.847,-231.48,-161.8
-86.695,-215.73,-59.597
-91.957,-125.32,54.561
-122.16,-293.41,-282.92
-51.11,-118.28,22.982
-132.96,-330.8,-327.67
-123.9,-314.87,-325.76
-100.68,-182.43,-27.848
-106.63,-186.69,-54.137
-112.06,-276.64,-175.59
-110.86,-204.04,-88.642
-107.59,-251.38,-131.38
-82.915,-300.55,-283.8
-133.62,-365.02,-413.64
-63.728,-159.11,-50.714
-81.355,-282.68,-187.06
-74.803,-264.55,-163.43
-88.442,-358.73,-379.22
-79.254,-305.07,-271.23
-72.251,-256.31,-191
-64.106,-203.02,-106.17
-90.372,-114.07,68.757
-68.4,-133.49,-17.455
-99.264,-277.18,-165.9
-139.51,-374.88,-406.42
-51.251,-152.01,-12.877
-91.28,-254.94,-126.36
-86.562,-192.51,-118.3
-97.485,-280.24,-170.86
-60.045,-143.29,-24.03
-88.882,-358.27,-337.91
-63.418,-214.72,-84.958
-112.9,-223.19,-148.64
-89.975,-339.97,-360.19
-89.513,-374.28,-399.73
-130.65,-315.66,-300.48
-127.24,-318.51,-269.34
-68.766,-115.29,11.226
-88.637,-310.83,-312.96
-120.32,-260.94,-212.52
-117.27,-373.66,-343.09
-103.36,-370.78,-338.34
-82.3,-182.87,-101.45
-69.701,-250.47,-169.9
-42.789,-103.16,59.678
-125.58,-282.41,-236.26
-66.953,-218.2,-79.795
-84.507,-155.95,-55.819
-101.8,-327.66,-256.5
-135.49,-349.82,-366.28
-105.3,-315.69,-234.85
-106.18,-225.75,-93.108
-83.53,-182.34,-5.2064
-115.95,-227.93,-137.43
-48.174,-128.74,18.144
-81.63,-278.84,-178.49
-104.37,-240.85,-200.3
-83.456,-138.48,58.947
-100.1,-314.04,-333
-60.31,-200.84,-62.981
-98.645,-150.39,-21.61
-94.386,-379.53,-369.43
-123.34,-289.95,-219.88
-61.068,-154.11,39.726
-91.519,-129.87,2.6817
-58.963,-98.934,40.841
-128.47,-308.24,-263.33
-94.371,-301.11,-305.71
-82.917,-227.7,-174.15
-97.512,-254.97,-127.8
-65.156,-201.13,-46.836
-89.253,-300.16,-211.29
-98.386,-159.92,-46.426
-80.744,-316.78,-274.23
-71.313,-97.735,40.678
-108.84,-309.62,-225.84
-52.717,-135.17,-0.71933
-99.085,-251.39,-221.55
-155.2,-269.87,-468.68
-122.64,-36.121,-69.826
-100.6,-21.057,18.865
-134.67,-114.7,-113.68
-138.48,-167.13,-280.58
-191.86,-274.33,-467.99
-148.48,-253.61,-366.69
-136.85,-203.34,-309.33
-175.79,-132.1,-207.52
-134.44,-166.88,-221.38
-159.46,-59.853,-59.687
-142.33,-30.309,19.063
-119.81,-48.061,-83.656
-113.49,-73.262,-67.792
-115.75,-68.311,-45.869
-192.59,-287.73,-437.87
-166.37,-107.88,-126.22
-106.76,-44.938,-18.966
-122.98,-81.947,-61.853
-162.01,-238.61,-424.4
-183.98,-185.6,-302.1
-149.91,-184.35,-325.04
-162.61,-259.76,-460.4
-156.71,-43.315,-41.194
-128.62,-149.28,-216.59
-144.46,-174.97,-219.31
-183.94,-221.06,-318.09
-187.02,-202.04,-321.09
-180.16,-212.91,-297.57
-179.45,-209.15,-365.38
-145.15,-2.3067,4.4674
-165.15,-245.47,-337.46
-176.87,-139.29,-198.96
-185.61,-202.08,-300.58
-165.81,-314.14,-459.35
-141.5,-241.22,-373.62
-117.04,-89.749,-118.28
-170.6,-113.94,-147.14
-187.17,-205.54,-315.09
-146.38,-250.28,-418.97
-112.95,-66.635,-50.801
-182.68,-184.76,-307.05
-154.29,-221.22,-389.35
-155.94,-46.795,-71.316
-145.79,-210.88,-360.16
-133.74,-30.608,-65.853
-130.13,-106.03,-179.24
-153.77,-273.3,-471.53
-194.13,-278.72,-468.63
-172.05,-188.24,-247.22
-152.51,-283.18,-483.83
-131.91,-102.83,-93.371
-186.97,-202.68,-324.85
-164.67,-124.27,-142.86
-140.02,-226.62,-342.85
-146.66,-286.55,-461.64
-167.26,-312.13,-455.03
-197.2,-296.17,-470.93
-193.23,-272.61,-420.33
-128.77,-90.759,-72.966
-135.49,0.99178,-7.569
-145.95,-180.31,-313.8
-188.05,-212.18,-327.02
-101.29,-25.672,1.0242
-128.36,-73.632,-41.407
-154.03,-39.24,-21.809
-130.54,-152.18,-235.17
-137.49,-200.69,-317.98
-158.82,-58.28,-90.227
-152.87,-189.49,-240.61
-141.06,-234.42,-355.12
-178.01,-266.09,-472.65
-154.13,-202.11,-262.78
-150.69,-81.417,-151.65
-161.86,-72.651,-116.01
-129.82,-142.49,-180.09
-155.29,-279.9,-405.76
-163.19,-72.913,-109.7
-163.13,-110.54,-121.8
-194.36,-268.26,-440.7
-170.01,-228.32,-407.95
-164.23,-118,-133.66
-144.02,-115.6,-112.35
-145.2,-244.55,-407.01
-178.15,-144.33,-211.58
-178.77,-178.09,-304.92
-155.44,-174.97,-313.69
-145.02,-15.922,-28.739
-137.32,-200.51,-290.59
-184.18,-228.27,-328.97
-166.68,-132.27,-157.33
-127.71,-138.73,-208.67
-174.55,-156.43,-206.39
-126.45,-114.01,-180.65
-140.17,-212.45,-304.81
-195.97,-290.05,-455.75
-175.47,-222.31,-394.54
-99.727,-17.956,7.745
-144.33,-262.35,-422.73
-143.08,-248.13,-375
-148.55,-99.086,-183.41
-151.06,-282.43,-478.95
-173.66,-299.91,-433.08
-149.3,-56.656,-106.21
-163.25,-199.3,-257.87
-140.96,-55.86,-109.01
-171.35,-135.01,-171.31
-182.35,-241.11,-344.25
-163.18,-71.545,-86.934
-141.59,-16.026,-34.493
-191.57,-273.44,-414.6
-133.05,-176.42,-264.22
-153.85,-31.095,-32.645
-129.17,-11.413,-33.003
-116.31,-38.817,-65.832
-178.32,-267.22,-380.61
-133.31,-174.09,-268.35
-177.2,-214.61,-295
-118.09,-15.263,-34.545
-115,-70.787,-53.938
-180.9,-173.03,-247.5
-147.26,-273.9,-453.73
-167.64,-114.46,-196.5
-145.39,-173.59,-215.85
-140.69,-134.58,-236.52
-180.38,-234.11,-330.09
-119.6,-103.61,-134.42
-123.19,-112.56,-130.89
-137.98,-56.4,-109.95
-164.81,-311.68,-455.48
-165.21,-162.92,-200.18
-138.17,-49.19,-97.675
-149.79,-31.508,-53.12
-134.63,-169.52,-271.83
-118.14,-13.663,-32.181
-180.08,-261.27,-462.47
-154.66,-169.98,-206.12
-164.96,-194.74,-251.07
-163.99,-227.79,-406.77
-147.8,-291.73,-451.7
-139.63,-138.65,-241.33
-155.63,-191.11,-340.82
-166.66,-195.31,-350.14
-147.06,-286.49,-466.14
-126.36,-128.71,-194.35
-122.44,-116.36,-149.02
-138.53,-26.358,-56.996
-126.96,-110.03,-114.04
-148.22,-240.45,-341.05
-119.23,-100.25,-118.09
-138.76,-128.68,-136.95
-162.57,-116.33,-208.09
-181.31,-169.67,-276.97
-146.74,-27.367,-50.292
-186.24,-227.92,-334.36
-132.17,-158.3,-249.13
-110.44,-62.889,-55.707
-105.77,-41.03,-12.574
-114.59,-42.447,-67.461
-186.24,-213.68,-316.25
-156.66,-237.77,-326.08
-165.49,-214.32,-383.68
-123.82,-70.482,-120.27
-150.38,-177.45,-219.91
-154.5,-56.906,-38.562
-142.34,-240.68,-361.18
-139.26,-167.56,-282.95
-108.59,-26.051,-34.969
-135.97,-192.91,-279.59
-120.18,-103.69,-122.22
-146.65,-206.69,-277.54
-111.13,-64.521,-74.217
-160.96,-176.19,-317.11
-129.2,-152.8,-221.92
-147.97,-18.999,-28.449
-176.97,-169.55,-291.42
-149.12,-109.1,-103.28
-156.99,-64.856,-53.81
-159.2,-270.63,-384.4
-149.04,-20.849,12.201
-128.95,-2.7282,-17.942
-173.42,-130.72,-216.72
-192.86,-251.42,-401.09
-192.97,-262.11,-435.95
-166.79,-163.36,-202.59
-133.25,-52.001,-4.3569
-184.78,-193.29,-287.58
-175.73,-289.7,-416.37
-143.9,-81.984,-153.9
-146.28,-216.3,-369.34
-136.11,-140.91,-238.81
-167.01,-157.1,-193.4
-148.29,-259.01,-378.05
-123.5,9.2511,2.3471
-110.76,-61.733,-71.934
-112.97,-73.395,-73.2
-153.52,-183.39,-229.59
-146.12,-3.9344,4.4013
-135.59,-45.596,-91.451
-122.22,-90.149,-80.364
-156.58,-278.03,-400.59
-113.78,-77.365,-91.421
-169.15,-250.32,-346.56
-171.75,-123.2,-204.85
-140.85,-40.046,-80.894
-166.41,-206.65,-370.23
-156.24,-53.92,-41.231
-184.68,-210.88,-357.44
-152.4,-287.73,-426.04
-133.75,-81.084,-53.215
-177.02,-304.17,-441.57
-142.86,-125.6,-224.75
-190.77,-232.81,-373.28
-135.65,-88.234,-65.439
-100.89,-24.065,5.233
-171.4,-109.14,-168.24
-171.65,-145.37,-252.69
-163.57,-100.87,-175.92
-165.5,-266.57,-473.59
-153.18,-31.527,-14.521
-136.24,-56.237,-109.37
-158.68,-50.77,-64.176
-144.06,-65.943,-126.17
-102.71,-20.967,-11.883
-144.08,-210.69,-355.99
-165.55,-268.01,-376.99
-150.64,-220.12,-298.36
-173.88,-287.96,-412.61
-176.59,-268.13,-380.63
-176.96,-210.84,-288.85
-174.09,-286.18,-409.64
-171.76,-241.95,-431.76
-162.34,-178.81,-321.67
-131.32,-115.81,-119.15
-165.49,-90.204,-106.47
-123.39,-113.68,-133.02
-145.67,-232.03,-329.58
-169.02,-275.49,-390.01
-129.32,-144.4,-187.07
-181.79,-165.7,-260.31
-191.14,-235.81,-375.2
-142.7,-226.68,-373.85
-170.04,-152.75,-191.72
-159.82,-216.47,-385.8
-129.66,-136.91,-167.36
-125.67,-123.93,-187.27
-119.55,-78.536,-121.33
-153.8,-103.98,-99.133
-167.09,-105.8,-178.89
-155.41,-214.13,-378.82
-136.01,-196.46,-300.69
-173.07,-124.72,-203.39
-133.15,-113.7,-195.11
-151.33,-153.62,-177.8
-146.33,-26.147,16.03
-158.83,-256.98,-359.72
-168.67,-282.5,-402.24
-168.11,-263.89,-470.03
-171.16,-108.79,-169.2
-118.34,-24.231,-48.065
-137.41,-122.33,-126.02
-172.36,-225.07,-306.07
-143.23,-66.002,-126.41
-176.77,-260.62,-368.32
-188.47,-216.3,-333.15
-123,-44.77,8.541
-180.57,-214.87,-301.3
-185.81,-233.53,-340.77
-155.15,-304.56,-453.57
-148.69,-169.52,-206.32
-178.12,-240.5,-336.96
-187.23,-290.12,-429.02
-177.67,-225.08,-397.72
-137.1,-77.193,-46.802
-113.16,6.8956,2.9996
-110.15,-38.154,-52.302
-143.45,-124,-222.68
-174.24,-194.66,-344.43
-151.35,-249.99,-430.93
-147.12,-33.084,-61.7
-171.85,-246.67,-440.11
-184.93,-186.44,-287.98
-130.08,-97.33,-167.14
-183.62,-183.37,-272.08
-155.63,-61.107,-106.34
-172.8,-121.41,-196.06
-137.58,-103.67,-185.78
-114.75,-57.967,-85.915
-113.28,-45.581,-68.418
-189.99,-252.38,-427.85
-140.36,-178.63,-231.97
-129.15,-45.508,7.4872
-144.29,-150.77,-265.75
-137.43,-165.32,-275.55
-138.3,-50.144,-4.4045
-137.01,-141.72,-163.35
-140.39,-138.69,-242.41
-104.37,-26.568,-22.733
-187.14,-244.05,-419.02
-142.96,-10.004,-19.852
-150.26,-275.64,-466.9
-152.93,-27.983,-13.913
-167.14,-87.947,-129.57
-197.23,-293.57,-470.02
-175.36,-143.6,-193.98
-132.36,-125.53,-137.26
-166.75,-236.77,-322.66
-112.07,8.8011,6.8144
-158.53,-304.43,-447.92
-197.28,-297.59,-472.68
-171.61,-208.29,-371.52
-140.39,-87.743,-162.51
-149.36,-144.71,-162.42
-170.31,-122.85,-154.41
-138.8,-63.422,-25.258
-147.16,-104.72,-95.267
-170.16,-196.27,-257.59
-191.08,-235.68,-378.93
-145.18,-26.391,-50.748
-158.48,-153.92,-180.54
-142.1,-64.991,-124.75
-163.17,-199.46,-357.68
-127.69,-64.906,-117.48
-155.58,-78.957,-66.939
-173.19,-263.75,-371.09
-162.37,-258.22,-360.31
-174.15,-225.22,-307.98
-112.49,-70.557,-83.894
-104.61,-33.146,5.2602
-101.28,-8.7528,3.294
-146.57,-269.1,-405.12
-163.73,-266.74,-375.1
-150.84,-56.471,-29.62
-141.18,-94.297,-76.107
-146.58,-286.47,-449.4
-149.18,-115.6,-113.73
-148.2,-279.99,-465.69
-154.44,-124.42,-130.88
-171.19,-202.9,-361.96
-160.17,-56.777,-71.521
-115.91,-22.799,-43.265
-152.78,-275.56,-401.35
-108.29,-48.087,-53.655
-191.38,-240.86,-392.63
-119.44,-65.66,-106.01
-171.7,-134.07,-171.21
-103.51,-33.899,-5.3534
-119.34,-56.387,-94.039
-151.46,-22.372,-3.0064
-114.48,6.6904,1.6395
-166.52,-166.02,-297.56
-134.15,-166.18,-220.74
-147.18,-289.48,-451.04
-132.87,-167.08,-228.59
-161.53,-118.9,-130.35
-159.7,-258.51,-361.99
-117.99,-68.647,-106.2
-166.78,-165.78,-296.96
-132.06,-170.43,-250.51
-176.39,-231.7,-411.08
-138.08,-212.68,-326.5
-186.22,-274.87,-403.47
-191.75,-259.62,-397.22
-150.47,-72.729,-50.36
-168.71,-176.17,-314.76
-120.32,-103.37,-144.32
-167.1,-113.83,-134.94
-190.84,-233.3,-369.36
-190.02,-257.06,-437.64
-183.58,-252.45,-363.93
-156.43,-218.66,-291.6
-131.24,-133.72,-156.25
-177.86,-316.7,-463.27
-149.95,-101.26,-91.57
-157.76,-141.74,-160.56
-138.68,-178.39,-296.53
-158.81,-287.75,-416.33
-195.39,-302.32,-467.71
-160.91,-73.141,-74.566
-148.84,-211.55,-366.76
-188.85,-265.41,-457.85
-116.75,-46.665,-76.852
-124.48,-125.43,-179.31
-118.4,-94.922,-129.08
-144.41,-231.69,-386.74
-174.33,-152.4,-200.72
-122.81,-84.187,-136.04
-139.08,-88.741,-163.45
-167.89,-192.57,-249.59
-161.53,-120.35,-132.37
-165.6,-82.597,-124.42
-189.42,-266.89,-398.69
-160.39,-64.333,-99.811
-153.61,-42.898,-69.655
-133.14,-150.59,-244.32
-156.23,-101.84,-186.05
-144.4,-178.76,-226.58
-181.92,-268.37,-386.51
-142.25,-187.07,-210.62
-114.51,-76.631,-53.467
-165.5,-187.36,-297.53
-151.78,-226.62,-351.26
-183.94,-332.13,-451.86
-147.58,-266.25,-389.75
-190.94,-239.67,-317.79
-140.35,-191.84,-272.34
-161.31,-290.26,-466.74
-161.87,-160.01,-152.71
-164.37,-224.91,-262.53
-176.08,-129.78,-140.65
-136.5,-124.38,-92.804
-143.71,-74.771,-102.93
-152.05,-86.227,-121.62
-161.66,-238.47,-382.82
-128.71,-22.661,-13.278
-173.21,-258.74,-422.26
-181.18,-268.92,-344.27
-154.81,-245.12,-385.22
-145.96,-123.7,-87.61
-182.79,-254.91,-323.3
-107.54,-47.996,7.9723
-144.92,-200.19,-297.64
-140.98,-161.51,-234.66
-201.05,-300.43,-452.56
-118.57,-91.038,-59.039
-136.21,-158.68,-163.78
-189.67,-205.93,-294.39
-140.4,-159.21,-230.26
-165.76,-301.46,-398.96
-125.02,-115.28,-96.081
-171.72,-112.44,-145.25
-178.6,-139.32,-161.48
-182.02,-166.03,-197.97
-137.36,-148.66,-140
-160.75,-59.793,-24.746
-156.96,-42.359,1.4804
-159.59,-53.547,-36.753
-165.82,-97.598,-72.31
-162.63,-158.73,-151.18
-141.86,-145.73,-128.85
-187.68,-260.81,-417.19
-149.8,-254.66,-387.7
-194.77,-284.74,-450.24
-175.41,-185.02,-288.6
-150.72,-149.02,-227.96
-137.58,-186.51,-252.6
-172.89,-251.46,-309.75
-121.84,-57.494,-59.794
-139.5,-198.19,-274.2
-128.58,-10.884,6.4344
-144.99,-153.27,-229.1
-155.52,-43.239,10.665
-185.22,-299.85,-398.98
-146.06,-175.79,-264.58
-165.14,-77.95,-80.385
-168.61,-239,-387.35
-157.91,-133.41,-107.97
-190.16,-305.13,-413.58
-182.52,-260.98,-423.11
-157.85,-256.45,-407.86
-155.09,-290.13,-454.07
-147.27,-154.93,-142.45
-136.72,-6.1861,17.624
-175.26,-306.67,-405.41
-169.15,-243.24,-394.78
-159.62,-144.17,-126.05
-177.67,-189.52,-294.6
-148.25,-60.138,9.573
-139.03,-171.33,-243
-123.37,-92.204,-45.592
-160.43,-235.12,-376.23
-144.8,-134.17,-199.55
-148.49,-276.29,-390.71
-172.52,-107.7,-112.69
-141.29,-100.94,-144.78
-173.08,-119.1,-118.26
-185.82,-247.13,-393.77
-140.88,-105.74,-56.853
-189.56,-222.98,-337.02
-128.15,-128.22,-156.87
-200.02,-290.95,-436.18
-181.92,-197.89,-235.93
-147.71,-154.64,-234.35
-168.84,-292.51,-381.22
-187.02,-250.36,-322.86
-183.47,-283.09,-462.83
-135.36,-155.4,-158.69
-122.97,-111.68,-97.296
-171.1,-229.5,-371.1
-141.95,-83.469,-117.07
-121.51,-66.842,4.3026
-151.46,-304.02,-439.74
-192.52,-245.03,-374.1
-168.59,-263.33,-329.57
-186.92,-190.94,-245.93
-185.67,-238.26,-302.05
-185.31,-215.23,-268.04
-152.17,-21.758,20.256
-135.98,-170.54,-230.5
-131.75,-51.956,34.897
-157.88,-44.554,-15.549
-161.33,-61.561,-29.014
-151.19,-50.022,-53.208
-152.51,-39.593,-28.268
-176.67,-163.26,-244.62
-168.32,-145.99,-221.78
-150.23,-219.07,-260.81
-175.92,-213.41,-340.75
-142.53,-44.348,39.086
-172.82,-168.46,-177.15
-115.26,-40.52,-26.446
-142.91,-139.66,-116.78
-139.97,-189.92,-223.24
-136.95,-137.57,-118.13
-176.41,-165.33,-179.44
-140.59,-76.883,-8.6711
-200.16,-295.1,-448.56
-160.93,-56.934,-31.009
-174.61,-171.94,-264.63
-168.17,-99.613,-82.391
-148.11,-251.72,-377.48
-194.48,-266.69,-366.46
-193.03,-279.92,-444.75
-142.03,-48.31,-57.08
-180.18,-153.63,-178.54
-127.87,-135.21,-157.79
-158.74,-52.892,-10.614
-150.75,-279.35,-424.08
-195.93,-316.93,-442.51
-195.96,-257.23,-364.82
-158.23,-72.647,-24.963
-141.36,-217.83,-299.14
-104.19,-32.291,18.553
-107.68,-45.133,-6.3802
-184.28,-176.94,-219.03
-147.49,-137.37,-111.16
-110.29,-59.959,-15.781
-126.19,-57.366,25.344
-138.3,-109.4,-63.844
-197.89,-279.24,-398.95
-160.04,-285.07,-373.96
-165.71,-118.45,-96.362
-140.26,-128.26,-97.296
-107.24,-44.675,18.974
-139.51,-69.821,3.1284
-119.58,-24.362,-10.286
-173.59,-124.76,-168.81
-181.24,-164.69,-235.96
-145.3,-240.84,-320.89
-141.07,-169.57,-246.03
-172.08,-228.81,-369.8
-169.5,-120.01,-106.79
-170.3,-97.939,-109.28
-124.51,-119.32,-129.69
-139.89,-77.971,-107.33
-141.12,-159.82,-156.95
-140.12,-155,-223.82
-163.04,-68.289,-62.528
-132,-145.18,-145.23
-156.84,-42.064,-16.981
-179.55,-144.35,-169.95
-132.65,-29.361,-25.149
-121.36,-61.309,-64.054
-143.89,-237.04,-334.11
-157.85,-205.54,-229.41
-163.6,-254.48,-315.03
-158.61,-318.76,-441.29
-193.88,-250.46,-343.72
-125.25,-91.165,-40.075
-120.09,-32.857,-23.189
-190.17,-259.29,-342.99
-166.15,-249.16,-304.9
-172.61,-136,-196.26
-115.73,-78.328,-63.803
-141.08,-38.6,-39.957
-129.68,-106.1,-137.27
-140.73,-173.39,-250.36
-149.16,-37.036,-29.345
-201.24,-304.55,-449.07
-189.13,-284.2,-459.63
-130.66,-122.95,-160.29
-147.15,-126.54,-189.37
-129.43,-82.077,-104.59
-139.69,-152.26,-143.83
-166.54,-293.73,-478.56
-157.92,-261.62,-332.31
-147.75,-117.57,-77.505
-201.46,-309.83,-454.59
-140.5,-163.56,-165.35
-192.57,-233.44,-347.04
-135.08,-173.16,-205.1
-121.58,-99.134,-67.207
-174.67,-128.88,-174.94
-136.12,-181.61,-237.27
-151.42,-140.18,-116.06
-140.08,-109.59,-157.21
-185.15,-181.6,-227.75
-166.96,-266.17,-432.93
-131.55,-45.055,-50.687
-123.05,-93.908,-106.42
-143.75,-213.41,-263.44
-170.86,-138.77,-204.89
-156.32,-279.13,-440.59
-138.37,-129.16,-100.31
-123.54,-83.259,-26.273
-158.37,-57.136,-10.821
-133.63,-143.36,-192.72
-181.91,-172.1,-203.46
-184.6,-290.85,-476.23
-126.35,-125.68,-145.06
-120.67,-103.53,-97.495
-135.74,-180.49,-231.04
-167.75,-223.07,-359.69
-163.66,-177.13,-279.74
-164.91,-108.42,-152.67
-137.44,-92.783,-34.692
-154.72,-125.5,-190.22
-122.93,-58.128,-62.297
-166.85,-251.86,-309.56
-117.63,-88.89,-77.105
-189.08,-222.8,-338.29
-125.44,-91.215,-109.64
-172.71,-287.72,-372.21
-116.88,-39.556,-28.057
-194.6,-259.79,-358.26
-123.72,-62.901,13.925
-150.82,-259.39,-340.41
-154.29,-262.1,-410.4
-193.19,-235.27,-324.54
-191.18,-326.9,-449.81
-197.56,-304.78,-429.27
-145.74,-47.948,29.793
-144.07,-158.55,-151.26
-191.87,-261.21,-350.25
-116.91,-87.735,-64.31
-123.16,-94.336,-107.2
-140.53,-212.52,-285.37
-153.25,-141.53,-217.02
-155.53,-236.22,-372.35
-186.54,-183.49,-254.21
-171.2,-322.92,-434.8
-135.73,-17.575,-4.096
-177.88,-273.38,-447.65
-176.6,-126.97,-145.61
-136.73,-131.64,-106.67
-184.38,-304.69,-406.22
-157.06,-244.62,-301.33
-133.71,-163.98,-211.9
-154.77,-181.85,-284.2
-178.32,-291.65,-380.37
-176.88,-130.28,-146.72
-141.69,-198.92,-237.84
-115.65,-13.453,9.723
-174.61,-130.62,-179.3
-142.65,-210.1,-259.93
-147.65,-266.38,-390.63
-137.53,-61.64,-79.848
-169.91,-272.16,-344.99
-145.58,-250.47,-345.44
-153.72,-28.235,23.62
-195.94,-261.93,-395.89
-174.73,-131.64,-181.33
-149.61,-220.95,-265.45
-123.59,-109.29,-86.13
-172.64,-313.42,-417.43
-131.72,-50.337,-59.189
-125.95,-127.65,-139.14
-181.09,-270.02,-440.49
-145.29,-156.44,-234.3
-150.77,-157.1,-145.24
-131.13,-153.49,-175.8
-153.92,-79.89,-25.553
-194.19,-269.9,-369.68
-179.86,-166.69,-244.79
-170.7,-98.642,-105.33
-126.87,-51.1,36.573
-146.88,-258.7,-356.05
-181.31,-151.48,-187.37
-167.81,-255.86,-316.51
-138.35,-194.4,-243.73
-159.88,-57.234,-18.642
-152.82,-39.697,24.053
-164.01,-191.62,-304.83
-139.81,-53.671,-66.805
-152.95,-31.393,-6.4746
-197.49,-281.64,-398.95
-175.04,-224.35,-361.03
-158.07,-130.3,-198.38
-149.43,-157.63,-146.5
-178.62,-318.3,-426.12
-186.21,-181.55,-251.33
-159.27,-245.12,-391.43
-126.85,-116.3,-141.19
-132.41,-155.81,-198.82
-127.06,-122.59,-147.48
-122.68,-106.95,-115.19
-188.47,-285.63,-463.13
-199.55,-294.11,-425.33
-112.97,-64.238,-8.6924
-186.76,-259.01,-415.06
-143.64,-58.523,17.407
-152.75,-36.044,-19.21
-107.72,-43.339,26.135
-189.1,-211.13,-312.03
-190.94,-288.74,-465.75
-161.49,-223.56,-357.9
-159.5,-188.89,-199.99
-144.36,-238.02,-340.45
-167.36,-91.589,-73.441
-152.21,-91.774,-40.086
-181.83,-213.54,-335.19
-121.85,-107.99,-108.15
-166.3,-189.71,-301.62
-192.58,-246.15,-376.3
-111.28,-51.463,-27.624
-156.05,-281.76,-373.55
-169.46,-237.3,-284.54
-187.53,-254.42,-405.19
-160.44,-78.106,-36.669
-171.09,-154.92,-155.09
-146.72,-73.818,-8.1558
-160.73,-148.14,-133.09
-173.63,-198.47,-223.49
-151.63,-173.24,-173.71
-138.1,-142.64,-126.75
-194.34,-241.51,-353.84
-183.53,-280.34,-457.77
-131.66,-74.111,-2.9308
-136.07,-87.149,-119.36
-139.37,-44.66,-51.238
-157.89,-279.91,-367.01
-185.23,-196.5,-293.87
-172.52,-121.67,-117.96
-138.41,-195.48,-263.32
-179.77,-327.12,-441.61
-156.25,-108.12,-68.281
-191.59,-242.6,-372.22
-193.11,-255.88,-395.32
-183.78,-246.31,-311.11
-144.23,-196.99,-227.03
-129.81,-102.69,-57.374
-148.98,-277.56,-411.19
-195.58,-252.6,-373.56
-129.22,-139.29,-142.59
-123.66,-114.83,-123.2
-196.51,-262.57,-392.92
-166.59,-218.64,-351.82
-187.48,-311.79,-420.88
-148.41,-239.52,-362.23
-136.07,-139.84,-194.72
-145.55,-68.734,0.49393
-174.68,-176.27,-272.82
-107.8,-41.124,-5.7053
-192.95,-265.78,-416.44
-165.24,-133.16,-115.47
-124.29,-67.899,-77.599
-156.93,-42.712,-18.657
-140.81,-198.02,-238.97
-154.5,-314.91,-445.88
-166.24,-110.15,-154.13
-176.04,-288.06,-373.37
-163.7,-228.25,-367.1
-141.43,-192.67,-277.39
-148.45,-275.7,-404.41
-163.83,-184.02,-192.86
-109.42,-51.439,-18.594
-133.94,-168.31,-199.82
-143.09,-49.52,31.048
-192.09,-292.05,-396.5
-117.02,-79.437,-71.469
-150.06,-291.65,-430.42
-130.14,-109.37,-70.385
-163.58,-254,-314.17
-132.85,-82.054,-108.66
-192.4,-230.45,-314.57
-165.09,-265.64,-430.73
-122.94,-8.2872,12.107
-166.64,-221.71,-257.24
-189.67,-213.33,-281.65
-165.31,-177.82,-280.86
-166.31,-80.289,-66.68
-145.16,-46.206,-51.743
-158.17,-57.508,-10.257
-191.53,-229.7,-343.85
-123.29,-82.087,-24.221
-154.58,-321.68,-460.96
-164.49,-91.047,-116.63
-196.02,-323.47,-452.61
-179.55,-145.62,-195.22
-170.96,-110.45,-102.41
-118.47,-74.12,-15.859
-153.45,-191.03,-205.06
-117.36,-89.694,-68.827
-156.71,-223.92,-263.27
-123.29,-78.773,-17.446
-170.56,-195.72,-311.41
-180.58,-180.43,-236.97
-140.82,-180.53,-165.85
-160.07,-253.85,-363.62
-139.99,-192.38,-201.85
-157.49,-150.89,-194.65
-149.19,-258.2,-320.28
-146.76,-199.52,-256.49
-142.15,-198.86,-238.59
-141.04,-162.43,-193.05
-170.8,-272.37,-306.46
-153.74,-212.01,-206.5
-157.87,-214.68,-298.64
-192.11,-208.87,-263.6
-117.49,-80.637,-32.059
-200.36,-267.59,-355.21
-153.8,-148.41,-91.487
-163.34,-101.83,-30.562
-150.72,-58.691,47.3
-156.16,-230.67,-321.33
-201.68,-279.87,-378.39
-155.84,-161.69,-114.25
-149.78,-145.54,-181.53
-137.11,-104.75,-106.96
-112.89,-61.731,33.342
-159.41,-220.67,-218.03
-114.49,-73.775,2.824
-190.68,-276.38,-325.42
-187.01,-172.8,-190.08
-164.36,-310.27,-459.33
-180.96,-202.89,-279.99
-150.22,-257.09,-308.58
-183.6,-189.27,-249.38
-182.19,-248.38,-270.21
-159.89,-245.06,-349.44
-173.52,-144.69,-176.44
-173.95,-135.81,-157.5
-161.17,-61.757,15.058
-173.87,-297.98,-351.22
-172.09,-265.13,-393.15
-121.77,-101.3,-38.042
-171.78,-101.9,-81.095
-158.86,-270.42,-387.38
-183.62,-307.87,-469.01
-166.36,-173.08,-233.69
-158.59,-216.43,-210.76
-177.28,-186.93,-169.38
-150.17,-171.68,-222.35
-174.48,-248.76,-365.59
-173.24,-184.71,-160.95
-144.34,-36.796,3.403
-124.16,-115.28,-75.336
-110.01,-55.764,31.502
-181,-258.6,-382.08
-198,-248.87,-326.83
-147.83,-106.58,-20.713
-169.69,-245.81,-359.26
-117.13,-84.992,-17.297
-181.27,-265.67,-394.63
-140.4,-74.314,-62.704
-160.07,-50.433,16.7
-196.42,-235.08,-300.01
-130.58,-138.08,-130.41
-171.1,-188.4,-259.88
-174.7,-124.62,-86.344
-146.33,-88.612,8.6507
-185.98,-174.19,-177.38
-160.4,-318,-403.27
-124.17,-84.346,-58.089
-162.41,-60.388,-3.7951
-183.27,-265.75,-393.97
-166.58,-298.17,-355.41
-203.41,-305.96,-404.64
-150.04,-86.893,8.4892
-150.93,-274.86,-356.14
-162.96,-292.28,-348.33
-132.91,-155.12,-148.81
-128.34,-57.592,-28.671
-125.02,-51.908,-16.856
-147.16,-181.2,-154.52
-156.6,-299.73,-376.74
-150.86,-209.32,-279.65
-153.75,-299.69,-403.75
-182.91,-281.98,-325.9
-187.02,-256.87,-374.93
-135.23,-163.9,-171.45
-162.99,-287.73,-421.69
-204.84,-309.61,-431.82
-190.56,-195.48,-222.71
-165.23,-343.99,-444.24
-150.62,-66.391,-47.834
-143.34,-164.23,-200.52
-185.65,-296.66,-352.38
-160.64,-54.474,1.3329
-151.47,-230.78,-311.89
-176.64,-200.59,-189.05
-153.71,-215.45,-213.12
-153.64,-290.81,-370.65
-160.07,-175.37,-236.47
-184.7,-229.33,-325.81
-160.54,-116.82,-135.22
-173.37,-200.39,-280.58
-114.23,-70.061,-9.3292
-182.62,-149.35,-149.57
-184.39,-235.13,-337.02
-150.95,-148.46,-187.09
-162.99,-93.009,-19.244
-123.88,-84.249,-57.294
-153.38,-71.469,-55.379
-125.9,-111.19,-46.727
-173.87,-227.12,-229.21
-158.53,-67.13,-39.782
-188.67,-216.03,-293.3
-154.86,-33.03,33.48
-154.08,-94.603,-97.707
-112.95,-54.676,4.6314
-182.52,-204.48,-281.16
-180.59,-155.49,-136.65
-181.77,-215.93,-219.03
-175.57,-122.56,-89.157
-194.37,-280.97,-339.3
-136.77,-175.72,-182.85
-188.03,-181.08,-213.49
-168.06,-329.65,-412.51
-198.67,-291.16,-365.28
-117.6,-81.809,-33.063
-156.72,-120.22,-142.35
-160.7,-105.63,-114.39
-146.27,-228.45,-259.29
-181.52,-302.61,-360.01
-134.09,-94.846,-1.0318
-173.74,-124.58,-82.707
-142.33,-51.231,-23.839
-193.52,-216.94,-256.36
-164.64,-197.29,-175.91
-145.69,-83.581,16.908
-139.19,-152.86,-109.02
-141.88,-139.23,-162.91
-122.94,-106.83,-48.471
-190.44,-293.44,-439.49
-187.79,-225.06,-313.22
-161.35,-79.702,-0.37754
-153.78,-89.021,-87.76
-162.96,-201.61,-183.15
-110.94,-59.388,26.363
-171.76,-138.61,-93.447
-164.17,-74.243,-40.367
-125.35,-120.46,-82.199
-146.7,-239.41,-297.06
-141.76,-202.69,-237.74
-173.52,-114.34,-108.76
-196.85,-264.52,-322.85
-143.72,-134.87,-69.495
-161.92,-82.608,-4.9989
-163.28,-211.23,-199.87
-178.5,-294.9,-345.87
-197.8,-246.84,-322.55
-191.76,-294.02,-354.85
-149.42,-261.28,-335.48
-125.23,-109.09,-85.905
-142.3,-152.11,-103.17
-196.98,-239.18,-302.59
-164.08,-119.19,-54.412
-184.76,-210.35,-216.02
-167.6,-105.06,-104.3
-201.33,-289.43,-374.03
-183.26,-155.41,-151.01
-175.89,-214.49,-210.07
-160.3,-271.29,-391.41
-138.16,-138.6,-81.359
-173.53,-112.7,-73.45
-146.64,-48.71,-17.394
-147.55,-104.73,-17.615
-145.67,-177.61,-223.81
-160.89,-194.09,-267.92
-133.27,-152.87,-153.78
-193.34,-218.46,-281.21
-151.35,-262.85,-316.47
-152.67,-289.7,-386.28
-199.42,-275.47,-347.66
-142.04,-111.77,-28.754
-183.36,-162.01,-189.57
-134.63,-60.722,-38.271
-175.33,-136.83,-156.72
-199.48,-260.8,-346.45
-150.9,-264.1,-352.66
-155.07,-222.79,-225.64
-123.61,-89.422,-1.93
-189.85,-217.61,-293.6
-166.71,-106.9,-43.989
-190.1,-311.07,-380.25
-161.92,-246.82,-354.83
-157.83,-114.65,-132.34
-170.08,-107.83,-104.65
-163.47,-227.33,-324.52
-158.83,-47.306,12.916
-128.59,-135,-109.63
-168.82,-119.79,-133.1
-130.06,-130.22,-80.292
-154.57,-99.85,-106.92
-147.53,-194.35,-251.2
-114.87,-66.457,-11.755
-202.83,-289.74,-392.99
-182.22,-189.75,-182.21
-172.19,-162.5,-126.68
-196.1,-232.36,-292.82
-145.12,-137.66,-73.931
-160.23,-227.72,-322.14
-155.55,-239.87,-257.98
-168.84,-87.246,-49.958
-196.32,-251.08,-344.27
-158.81,-313.05,-449.92
-122.19,-106.41,-54.829
-154.14,-151.94,-194.87
-182.55,-176.35,-224.82
-132.49,-104.33,-20.031
-200.77,-323.68,-418.09
-189.17,-210.66,-280.74
-177.75,-126.82,-119.41
-186.31,-238.82,-341.86
-170.04,-248.25,-264.15
-137.17,-167.37,-185.67
-188.45,-195.88,-208.42
-123.42,-110.1,-56.433
-128.34,-133.86,-107.65
-131.78,-150.02,-133.59
-181.56,-224.86,-232.39
-184.52,-262.06,-386.54
-197.79,-258.13,-353.5
-172.57,-138.23,-164.86
-150.59,-179.99,-235.54
-152.05,-108.15,-25.429
-193.06,-221.42,-290.44
-187.94,-180.43,-212.1
-166.48,-192.96,-268.12
-166.81,-256.87,-376.06
-127.59,-77.384,27.427
-177.4,-276.54,-314.04
-120.69,-78.382,16.454
-139.42,-153.52,-110
-156.25,-321.15,-430.12
-152.41,-287.51,-374.48
-167.26,-115.23,-55.063
-196.11,-308.83,-461.6
-132.49,-130.91,-132.18
-152.66,-236.78,-256.76
-144.31,-124.76,-51.145
-126.21,-74.711,-49.981
-171.3,-114.88,-117.64
-153.37,-272.16,-328.94
-187.28,-306.16,-464.89
-161.9,-153.33,-102.56
-170.13,-233.18,-337.87
-160.26,-244.48,-261.37
-187.31,-199.33,-207.97
-133.84,-80.552,-67.996
-159.48,-164.92,-120.29
-153.66,-186.18,-158.21
-201.09,-279.69,-362.8
-133.79,-116.61,-118.16
-166.2,-83.522,-21.04
-155.63,-43.56,7.6363
-161.58,-313.98,-459.24
-196.27,-279.63,-341.89
-156.38,-193.32,-169.84
-184.9,-182.49,-180.34
-137.73,-143.64,-92.266
-133.85,-119.91,-49.33
-188.11,-235.85,-259.39
-183.86,-316.25,-384.23
-181.94,-225.27,-320.95
-155.93,-171.38,-227.51
-195.74,-323.05,-406.9
-136.46,-77.502,-65.619
-183.74,-269.37,-400.26
-162.98,-243.91,-351.25
-175.07,-144.56,-173.67
-137.85,-177.55,-196.28
-141,-175.65,-209.39
-167.31,-130.36,-155.75
-172.36,-121.74,-75.443
-143.29,-210.73,-230.69
-177.09,-225.47,-324.18
-170.26,-101.4,-88.085
-147.07,-209.54,-212.65
-138.3,-38.003,-1.3491
-156.27,-115.65,-40.143
-155.67,-280.66,-339.55
-189.29,-274.6,-405.61
-204.2,-315.53,-453.29
-138.73,-141.74,-160.84
-180.64,-195.47,-266.22
-176.33,-317.51,-385.35
-156.13,-241.95,-261.2
-114.41,-73.856,1.1308
-181.82,-165.93,-151.69
-151.35,-122.85,-146.04
-202.2,-284.19,-379.65
-152.32,-253.39,-291.98
-175.48,-126.88,-133.32
-157.86,-107.53,-29.792
-188.5,-189.21,-202.78
-150.91,-203.31,-270.93
-131.76,-132.93,-81.483
-151.38,-219.57,-295.62
-159.1,-302.88,-436.47
-164.37,-250.74,-363.8
-167.67,-286.53,-425.81
-145.14,-67.395,-51.678
-145.58,-172.18,-215.99
-145.82,-214.02,-271.82
-153.77,-246.93,-275.08
-196.6,-249.22,-338.7
-157.93,-247.08,-349.64
-160.5,-246.98,-265.82
-171.93,-206.39,-291.55
-149.97,-69.854,33.235
-142.27,-204.32,-219.64
-137.82,-35.526,2.9056
-153.13,-78.316,17.279
-120.74,-76.689,-40.934
-137.21,-178.3,-185.22
-170.51,-140.58,-93.664
-157.86,-44.55,15.208
-174.36,-221.87,-318.48
-113,-66.05,-0.28356
-190.3,-254.14,-365.61
-174.92,-245.61,-360.13
-172.01,-100.36,-67.342
-171.06,-104.95,-94.224
-189.46,-195.99,-213.58
-173.72,-122.59,-128.74
-185.07,-170.36,-169.56
-147.98,-249.17,-306.21
-184.24,-296.04,-447.9
-123.55,-104.9,-75.357
-165.83,-219.48,-214.12
-157.67,-204.23,-189.01
-156.35,-309.72,-399.94
-151.5,-252.82,-293.33
-142.75,-203.32,-213.73
-131.94,-149.95,-129.25
-154.57,-33.824,29.509
-122.69,-75.822,-44.735
-182.85,-201.78,-200.13
-196.51,-299.79,-443.49
-121.36,-99.633,-35.294
-176.07,-181.32,-159.43
-139.6,-131.1,-147.89
-181.72,-206.08,-204.31
-119.83,-89.503,-48.437
-168.86,-302.35,-361.26
-144.41,-156.5,-109.52
-168.03,-147.07,-186.52
-152.66,-290.31,-381.87
-159.77,-325.31,-420.16
-188.16,-238.47,-338.71
-196.53,-237.58,-308.4
-121.33,-55.931,-17.228
-149.4,-259.3,-335.95
-175.81,-184.59,-250.49
-197.81,-300.49,-376.37
-186.93,-304.88,-367.06
-135.96,-122.71,-130.24
-143.84,-196.44,-192.82
-109.12,-52.103,37.597
-184.83,-203.32,-275.4
-150.65,-156.61,-106.01
-136.2,-91.871,-87.111
-186.02,-256.83,-288.02
-191.35,-274.76,-403.47
-188.47,-241.52,-268.42
-181.04,-143.75,-132.16
-165.59,-105.88,-40.226
-176.43,-147.49,-177.21
-115.19,-77.05,-4.2238
-166.45,-214.77,-206.02
-155.89,-174.69,-232.82
-160.09,-59.297,21.726
-153.98,-259.01,-358.79
-140.81,-143.16,-87.295
-154.22,-74.034,-59.577
-175.61,-322.04,-393.55
-192.3,-208.08,-259.52
-145.93,-87.454,10.702
-144.47,-57.013,-33.554
-113.48,-42.927,14.551
-193.49,-227.48,-302.79
-150.5,-247,-330.72
-139.86,-171.21,-200.45
-180.44,-178.2,-162.91
-149.55,-138.13,-73.789
-174.47,-233.57,-240.24
-151.93,-86.083,-83.162
-158.36,-262.16,-297.1
-122.24,-35.271,10.238
-190.48,-233.13,-260.93
-116.63,-82.97,-23.735
-151.38,-189.71,-251.38
-130.49,-214.89,-503.36
-93.59,25.291,-108.73
-94.868,40.252,-17.333
-134.01,-40.129,-156.99
-116.27,-108.54,-317.07
-161.39,-198.59,-515.36
-146.87,-188.47,-404.64
-126.82,-143.97,-344.9
-147.17,-47.507,-259.81
-130.87,-100.86,-260.06
-138.34,27.344,-112.64
-132.21,55.275,-31.707
-93.999,11.66,-121.21
-108.15,-9.9515,-105.1
-113.7,-1.0622,-85.093
-178.59,-204.32,-487.82
-150.74,-19.37,-179.32
-101.69,17.721,-55.87
-122.14,-10.997,-103.09
-131.41,-178.2,-462.9
-155.19,-102.62,-353.48
-121.39,-123.81,-363.38
-132.97,-201.19,-497.72
-132.45,42.505,-93.704
-117.89,-88.715,-252.92
-143.75,-101.76,-261.84
-170.37,-134.48,-369.83
-161.08,-117.63,-372.98
-169.04,-126.46,-348.95
-145.95,-134.82,-412.28
-114.17,77.503,-45.321
-163.88,-167.95,-382.55
-154.63,-51.455,-252.42
-166.2,-115.07,-353.23
-166.47,-244.11,-499.88
-132.42,-183.17,-408.31
-104.98,-29.866,-154.37
-151.11,-25.49,-200.63
-164.99,-119.45,-367.52
-127.62,-195.4,-452.92
-109.11,-2.0057,-88.709
-152.22,-103.44,-357.65
-126.21,-162.32,-426.69
-124.76,34.3,-121.87
-122.63,-153.64,-395.97
-100.2,36.503,-108.57
-105.87,-46.149,-216.71
-130.47,-218.96,-505.68
-165.42,-201.08,-516.9
-164.04,-102.3,-297.96
-131.38,-229.8,-517.18
-131.3,-28.515,-136.53
-160.28,-118.8,-376.51
-153.67,-36.522,-194.98
-132.3,-166.91,-378.34
-135.48,-232.12,-494.47
-167.74,-240.96,-496.24
-176.94,-214.17,-520.77
-175.83,-188.64,-470.99
-128.22,-16.938,-115.83
-101.25,73.019,-53.214
-119.45,-120.79,-351.32
-165.82,-126.39,-379.28
-92.627,33.905,-34.501
-127.74,2.1144,-85.397
-133.93,47.579,-74.427
-115.41,-93.105,-271.14
-123.21,-142.85,-353.14
-127.76,23.304,-141.05
-152.01,-112.64,-285.26
-133.81,-174.79,-390.51
-144.69,-200.06,-514.71
-153.42,-125.98,-306.99
-116.08,-10.209,-196.86
-130.44,8.8931,-166.85
-125.97,-76.504,-218.78
-155.19,-212.84,-444.66
-133.52,10.43,-161.38
-151.08,-22.591,-174.15
-168.1,-187.77,-490.35
-136.69,-162.69,-449.78
-152.56,-30.084,-185.95
-142.1,-35.583,-158.96
-127.09,-189.36,-441.06
-154.66,-56.978,-264.89
-146.09,-99.715,-354.07
-123.76,-111.22,-354.25
-111.75,60.782,-76.986
-131.23,-138.32,-327.34
-171.35,-142.07,-380.41
-155.38,-44.384,-209.57
-113.62,-79.225,-244.77
-160.29,-68.047,-259.25
-107.13,-54.953,-217.09
-135.88,-148.94,-342.12
-177.11,-207.31,-505.86
-141.53,-152.59,-438.81
-89.092,40.517,-27.364
-131.73,-207.08,-456.2
-137.13,-188.24,-410.4
-114.85,-31.119,-226.64
-131.32,-229.17,-512.07
-172.37,-223.84,-477.34
-114.71,16.873,-152.76
-160.32,-117.92,-305.39
-107.02,12.553,-152.52
-156.3,-46.398,-224.4
-172.59,-156.14,-394.62
-139.6,15.272,-139.95
-107.45,57.902,-81.23
-176.74,-189.29,-465.07
-122.28,-116.47,-300.2
-125.93,52.426,-84.237
-95.747,55.216,-75.426
-91.451,20.29,-102.92
-173.29,-185.79,-428.4
-119.92,-115.08,-304.08
-168.5,-129.05,-345.6
-88.942,45.783,-73.246
-112.09,-4.8309,-92.51
-162.17,-85.007,-300.66
-131.17,-220.08,-486.76
-134.25,-35.583,-246.02
-144.73,-99.548,-258.86
-112.86,-73.313,-275.2
-171.39,-149.14,-380.38
-109.92,-42.539,-170.93
-118.8,-47.394,-169.17
-104.74,10.336,-152.42
-165.47,-241.99,-495.8
-158.65,-77.445,-250.48
-104.51,18.386,-140.67
-116.88,46.541,-102.11
-117.31,-111.16,-307.63
-88.787,47.514,-70.98
-146.62,-193.31,-505.67
-152.75,-89.958,-252.74
-161.1,-112.13,-299.41
-132.13,-165.33,-446.59
-142.27,-234.15,-485.71
-112.9,-78.027,-279.51
-124.86,-128.85,-380.41
-132.9,-127.86,-393.08
-134.4,-232.59,-498.83
-111.24,-69.357,-230.48
-114.9,-53.891,-186.09
-104.15,44.047,-101.72
-125.34,-40.515,-154.53
-146.96,-173.58,-379.96
-112.66,-37.306,-155.34
-138.04,-53.236,-180.78
-127.93,-41.77,-255.25
-151.7,-86.832,-328.36
-113.05,48.763,-98.254
-171.11,-141.54,-386.16
-115.92,-99.54,-285.04
-103.59,-1.0817,-92.32
-100.65,21.452,-49.382
-91.691,16.1,-104
-168.51,-126.85,-368.6
-156.44,-164.35,-368.68
-132.63,-149.64,-424.91
-98.711,-10.632,-157.81
-149.52,-100.69,-264.51
-139.23,30.536,-90.994
-136.51,-180.24,-396.88
-116.4,-108.86,-319.58
-87.606,31.67,-70.815
-129.2,-130.99,-316.26
-114.08,-40.297,-159.67
-145.81,-136.22,-318.49
-99.467,-5.0745,-110.01
-127.67,-109.79,-359.39
-118.72,-92.174,-258.25
-115.85,59.897,-77.837
-143.95,-91.442,-340.45
-145.08,-25.979,-151.93
-141.03,22.838,-106.47
-159.38,-199.59,-425.57
-129.95,65.586,-40.079
-95.209,64.716,-60.874
-141.79,-49.155,-267.59
-169.36,-168.23,-451.99
-164.99,-182.67,-485.18
-159.39,-77.349,-253.3
-130.44,28.647,-51.437
-164.52,-106.15,-340.4
-173.22,-211.56,-461.95
-110.51,-14.72,-196.69
-123.31,-159.34,-404.97
-112.23,-81.387,-276.03
-158.79,-70.566,-244.5
-146.35,-194.88,-415.45
-90.362,74.947,-39.502
-98.292,-2.6064,-107.63
-106.2,-11.229,-110.01
-152.38,-105.47,-274.9
-115.81,76.678,-45.776
-102.38,20.967,-133.81
-120.61,-21.195,-120.53
-156.67,-209.75,-440.16
-103.57,-17.038,-127.56
-166.96,-171.27,-392.65
-139.83,-41.924,-255.59
-106.46,30.117,-125.48
-133.05,-140.63,-412.3
-138.07,33.499,-93.977
-153.33,-132.12,-406.66
-151.27,-224.17,-463.02
-132.53,-3.0367,-98.606
-174.8,-226.91,-486.61
-113,-62.809,-264.54
-165.63,-149.48,-424.44
-134.34,-9.9003,-111.01
-92.682,35.703,-30.352
-142.65,-24.542,-220.55
-137.87,-68.072,-301.34
-129.65,-23.227,-224.78
-135.07,-207.39,-511.36
-131.12,54.664,-66.998
-103.49,9.6211,-151.27
-131.25,33.672,-116.25
-109.92,3.1192,-170.08
-87.174,36.446,-46.934
-122.47,-153.73,-391.46
-165.02,-192.77,-420.67
-150.2,-148.53,-339.92
-171.95,-210.53,-457.73
-172.46,-187.48,-427.86
-168.04,-125.07,-339.6
-172.01,-208.45,-454.95
-138.57,-176.87,-473.26
-128.83,-111.95,-364.23
-130.41,-43.751,-161.03
-146.02,-2.0527,-159.79
-118.94,-48.555,-171.28
-143.69,-166.14,-368
-167.98,-199.19,-434.37
-124.57,-79.497,-225.24
-154.85,-80.58,-312.72
-167.03,-152.06,-426.49
-125.07,-170.58,-408.38
-159.17,-65.068,-243.79
-128.85,-154.83,-425.06
-126.54,-69.917,-206.56
-110.14,-64.626,-223.41
-99.661,-19.759,-157.67
-147.03,-18.549,-149.44
-134.25,-25.867,-228.96
-126.24,-154.15,-416.91
-124.89,-137.34,-336.22
-142.15,-42.222,-254.73
-107.75,-53.421,-232.94
-149.48,-73.65,-224.38
-132.02,60.377,-35.76
-158.82,-184.5,-401.74
-167.99,-207.15,-446
-136.64,-203.19,-508.8
-141.98,-24.544,-221.36
-90.126,36.317,-86.371
-136.71,-46.942,-169.81
-167.35,-142.1,-354.75
-109.24,2.5777,-170.02
-172.07,-179.18,-416.07
-166.62,-130.56,-385.34
-122.36,31.159,-35.556
-169.34,-128.46,-352.68
-172.01,-147.45,-392.24
-154.6,-241.05,-490.45
-147.84,-92.845,-250.87
-171.19,-156.75,-386.31
-178.49,-207.75,-477.77
-143.84,-154.2,-442.66
-134.84,3.0355,-93.576
-83.945,67.508,-35.457
-90.425,19.711,-88.09
-113.17,-60.834,-262.73
-140.07,-122.28,-390.27
-127.68,-194.43,-465.83
-113.13,42.394,-109.32
-138.79,-182.07,-481.31
-160.64,-100.49,-340.57
-104.57,-37.026,-205
-162.69,-96.079,-325.07
-122.05,16.614,-155.21
-142.28,-38.443,-247.62
-108.3,-41.228,-225.31
-95.026,0.38194,-121.98
-92.171,12.654,-104.58
-159.64,-174.95,-476.19
-138.86,-109.06,-272.48
-127.18,33.709,-38.666
-115.97,-89.484,-304.5
-115.97,-106.8,-311.91
-133.25,32.905,-53.13
-136.11,-69.241,-205.47
-113.18,-77.825,-280.78
-88.344,30.956,-57.903
-155.41,-168.18,-466.6
-109.5,65.995,-67.711
-130.5,-222.03,-500.22
-129.11,57.552,-66.208
-139.06,-3.0665,-181.97
-175.77,-211.87,-519.83
-157.4,-55.006,-247.38
-131.25,-54.158,-178.77
-164.65,-157.49,-368.86
-83.179,69.11,-31.429
-158.83,-238.18,-486.29
-177.28,-215.59,-522.49
-137.59,-139.37,-415.34
-108.47,-22.779,-203.79
-147.56,-64.865,-208.92
-153.73,-34.183,-207.7
-134.85,18.826,-73.393
-143.52,-22.125,-143.57
-164,-111.63,-307.35
-165.78,-152.61,-429.96
-111.16,48.648,-98.114
-154.32,-70.47,-229.4
-108.31,3.0727,-168.05
-130.29,-134.4,-399.13
-99.375,-3.4833,-156.3
-143.97,8.3086,-118.85
-170.25,-184.15,-417.57
-162.07,-183.7,-403.55
-168.24,-141.57,-357.15
-101,-10.896,-119.79
-100.68,30.237,-31.936
-83.746,48.218,-31.726
-142.58,-208.56,-440.68
-163.47,-192.41,-418.23
-138.86,30.368,-81.328
-138.8,-13.641,-123.14
-139.06,-230.09,-482.94
-145.65,-33.008,-162.02
-131.74,-226.54,-498.55
-149.51,-40.229,-180.26
-137.1,-133.58,-406.01
-133.58,28.328,-123.88
-88.899,36.967,-80.981
-152.14,-209.9,-439.5
-94.194,10.29,-89.101
-164.82,-158.95,-443.14
-96.922,-6.6996,-142.75
-156.07,-45.42,-224.39
-97.06,27.287,-41.561
-95.211,2.8437,-131.12
-128.09,63.159,-55.248
-84.67,67.835,-37.194
-132.07,-95.202,-342.53
-130.43,-100.33,-259.34
-140.73,-232.52,-484.79
-127.6,-103.05,-266.31
-152,-31.754,-181.96
-159.68,-185.66,-404.23
-97.435,-9.9804,-142.55
-132.32,-94.759,-342.05
-122.26,-109.83,-286.76
-142.57,-162.54,-455.02
-127.87,-153.8,-361.79
-176.8,-191.54,-452.85
-174.31,-174.96,-448.28
-141.51,13.377,-101.3
-134.31,-105.19,-359.81
-107.35,-43.572,-180.46
-152.03,-25.302,-187.98
-167.14,-149.21,-420.81
-159.37,-180.39,-485.57
-174.01,-168.04,-413.95
-155.85,-143.09,-335.48
-129.29,-64.617,-196.53
-175.99,-240.32,-507.76
-144.82,-17.155,-140.92
-152.9,-57.555,-209.93
-117.99,-120.32,-332.55
-159.14,-219.12,-456.08
-180,-219.7,-517.36
-142.48,14.746,-127.61
-123.37,-153.61,-403.24
-157.09,-191.2,-504.47
-92.905,12.259,-113.72
-112.47,-65.209,-215.59
-105.7,-35.154,-165.17
-125.33,-175.88,-421.27
-159.56,-63.926,-253.69
-100.92,-25.054,-172.81
-107.74,-24.465,-204.27
-162.58,-108.51,-298.93
-152.2,-33.278,-183.91
-136.41,1.3502,-176.4
-176.19,-182.45,-449.14
-129.5,17.602,-150.82
-121.27,36.521,-119.37
-113.76,-91.876,-280.56
-121.51,-29.654,-231.84
-143.66,-106.1,-268.79
-174.93,-185.75,-435.2
-151.51,-111.51,-253.38
-115.15,-9.8361,-92.122
-143.36,-113.33,-342.96
-138.8,-161.91,-390.25
-192.82,-247.89,-499.69
-146.37,-203.15,-426.47
-186.34,-145.98,-372.63
-134.15,-126.55,-310.9
-147.29,-228.08,-504.39
-168.74,-69.11,-204.64
-174.25,-139.19,-311.11
-166.22,-34.521,-197
-147.17,-43.706,-138.37
-121.64,-0.5551,-148.46
-128.89,-8.5308,-169.3
-143.59,-171.48,-423.71
-107.69,48.914,-57.163
-152.03,-188.37,-465.46
-187.39,-179.71,-395.29
-141.36,-181.07,-423.88
-155.62,-37.17,-136.69
-187.03,-163.86,-375.61
-112.13,20.023,-30.944
-134.76,-135.08,-336.54
-128.86,-95.049,-274.56
-187.84,-212.6,-504.98
-124.73,-20.424,-99.282
-144.94,-83.729,-206.24
-173.37,-115.03,-348.94
-128.44,-92.753,-270.15
-177.45,-223.82,-442.65
-132.23,-42.96,-137.2
-151.69,-23.34,-199.19
-167.26,-44.416,-217.78
-173.99,-70.541,-254.25
-147.33,-70.962,-183.92
-149.82,33.795,-80.249
-144.96,50.399,-53.662
-141.78,36.356,-90.899
-160.74,-2.3884,-128.09
-169.06,-67.397,-203.41
-152.49,-64.288,-174.87
-165.84,-181.41,-465.7
-142.15,-192.06,-424.87
-174.85,-202.69,-500.08
-152.33,-104.58,-337.86
-131.3,-78.377,-271.12
-134.96,-120.43,-291.21
-181.56,-164.17,-359.38
-108.07,8.8762,-99.838
-136.53,-132.55,-312.59
-106.87,61.773,-38.155
-128.96,-85.181,-270.4
-147.12,50.395,-44.577
-191.49,-211.95,-449.24
-131.81,-108.95,-304.94
-146.69,12.122,-134.7
-147.86,-168.89,-430.35
-164.15,-42.017,-160.25
-193.87,-216.01,-464.84
-160.19,-185.31,-469.51
-143.28,-192.46,-446.61
-146.25,-229.27,-490.36
-157.74,-71.157,-189.83
-113.84,71.885,-30.237
-185.75,-224.02,-452.14
-148.43,-173.31,-437.68
-166.09,-52.912,-178.22
-154.81,-108.04,-344.43
-150.75,32.344,-43.765
-130.39,-105.57,-282.11
-133.13,-16.586,-88.328
-142.73,-168.31,-416.97
-126.92,-64.708,-241.85
-152.45,-211.09,-428.07
-159.43,-13.68,-168.68
-121.96,-30.276,-187.94
-164.62,-23.685,-174.54
-163.74,-167.32,-442.55
-150.83,-20.096,-105.38
-170.07,-136.11,-389.6
-123.63,-61.865,-195.86
-186.63,-202.67,-488.88
-180.47,-103.06,-291.08
-130.24,-85.688,-276.3
-180.11,-211.88,-426.69
-187.84,-157.75,-376.47
-161.45,-209.51,-507.99
-143.97,-80.654,-201.05
-128.25,-41.305,-137.5
-149.31,-157.06,-415.57
-120.94,-10.989,-161.48
-132.4,11.46,-39.862
-155.63,-240.34,-476.18
-173.63,-158.74,-426.27
-178.99,-179.52,-376.98
-177.38,-96.25,-301.91
-186.24,-145.11,-355.99
-183.2,-120.76,-323.05
-135.3,67.851,-33.613
-131.36,-104.52,-269.29
-141.08,34.283,-14.047
-141.78,46.306,-70.057
-149.98,31.958,-84.524
-128.38,32.021,-103.36
-131.02,45.41,-79.991
-154.26,-78.782,-296.14
-144.98,-65.331,-271.19
-160.6,-141.76,-304.46
-153.05,-136.22,-388.09
-146.32,47.078,-13.493
-174.57,-74.133,-231.65
-103.47,24.753,-65.628
-153.5,-56.744,-163.66
-147.56,-117.16,-264.57
-147.34,-58.467,-162.81
-174.87,-69.975,-234.9
-148.83,11.41,-58.929
-185.35,-208.03,-500.72
-146.46,35.228,-86.086
-151.56,-90.314,-314.57
-160.65,-4.4218,-138.44
-142.27,-188.87,-414.58
-189.67,-174.28,-420.58
-172.44,-198.76,-494.14
-119.21,27.837,-103.82
-171.43,-58.147,-234.9
-127.08,-67.921,-196.89
-148.63,40.705,-66.028
-145.86,-217.84,-460.3
-196.25,-227.33,-494.42
-185.95,-165.42,-419.18
-155.08,21.801,-80.082
-141.54,-151.8,-337.4
-103.87,32.884,-19.271
-106.3,20.116,-44.368
-175.55,-81.751,-275.21
-157.42,-51.455,-159.85
-113.84,7.7719,-54.649
-136.99,25.249,-21.332
-148.81,-25.652,-111.21
-189.59,-188.09,-452.74
-171.33,-209.33,-416.6
-165.19,-23.559,-151.44
-150.9,-45.599,-144.02
-113.34,24.396,-20.382
-147.57,18.573,-47.21
-102.53,43.051,-51.306
-152.98,-36.326,-222.42
-161.19,-76.06,-289.63
-151.01,-172.19,-360.04
-130.06,-103.51,-285.59
-150.06,-155.75,-414.66
-165.85,-24.501,-162.58
-153.24,-6.278,-164.36
-123.99,-52.056,-168.75
-119.19,-5.9803,-151.42
-151.41,-80.895,-201.55
-127.78,-88.385,-263.85
-145,21.866,-116.85
-139.66,-71.85,-186.88
-139.14,47.56,-70.953
-168.28,-49.432,-226.26
-110.92,43.589,-69.91
-108.58,4.7799,-103.82
-143.8,-171.98,-371.84
-168.26,-121.34,-277.04
-174.54,-172.56,-361.29
-168.98,-248.87,-480.64
-186.89,-157.52,-398.4
-135.65,-13.809,-83.746
-103.83,34.216,-63.922
-189.24,-166.68,-396.78
-176.54,-165.14,-352.44
-150.31,-50.602,-248.3
-113.94,-12.262,-102.31
-118.15,38.12,-87.04
-118.21,-39.591,-177.13
-130.64,-107.54,-289.68
-126.68,45.526,-79.766
-191.36,-215.32,-501.93
-167.38,-206.84,-506.95
-121.54,-56.71,-199.73
-127.49,-55.479,-232.8
-114.29,-14.591,-145.44
-150,-73.293,-188.44
-149.71,-230.03,-517.41
-169.01,-184.34,-375.86
-156.58,-29.491,-127.57
-192.85,-220.45,-507.39
-150.52,-85.683,-209.37
-175.27,-144.74,-400.43
-139.81,-103.03,-245.22
-129.16,-26.796,-108.29
-154.3,-40.141,-228.7
-135.69,-114.68,-276.13
-160.56,-52.438,-165.89
-122.17,-40.089,-199.54
-176.22,-86.546,-283.88
-148.21,-199.63,-473.64
-111.25,25.884,-94.12
-115.53,-28.098,-145.43
-151.63,-141.04,-304.51
-147.93,-55.245,-255.92
-145.04,-217.33,-477.7
-149.05,-47.859,-146.24
-134.02,-5.9648,-69.898
-150.69,36.973,-66.258
-125.59,-77.219,-231.98
-175.68,-76.504,-259.59
-162.66,-217.48,-521.25
-124.36,-58.809,-184.05
-121.81,-35.864,-136.6
-136.64,-112.94,-270.1
-146.54,-151.71,-403.47
-141.52,-103,-325.23
-141.95,-24.926,-203.69
-147.55,-7.6574,-82.902
-132.46,-50.666,-236.14
-108.51,8.5374,-102.59
-177.2,-167.74,-357.16
-117.35,-22.113,-115.85
-169.22,-136.43,-390.62
-114.87,-25.106,-149.17
-183.09,-204.36,-419.37
-103.69,26.161,-67.657
-188.33,-167.19,-412.66
-134.77,17.482,-31.427
-159.85,-187.68,-380.96
-142.96,-199.46,-448.01
-183.55,-142.24,-379.58
-196.04,-239.32,-500.04
-194.63,-214.28,-482.08
-148.03,44.336,-23.455
-154.68,-77.314,-197.15
-189.45,-168.54,-404.26
-120,-19.461,-103.54
-115.62,-28.517,-146.22
-142.05,-145.63,-323.98
-132.31,-69.052,-261.42
-140.76,-171.24,-411.7
-170.39,-91.668,-309.28
-182.96,-244.41,-478.98
-112.97,58.41,-50.734
-156.24,-202.05,-491.45
-163.53,-32.731,-201.74
-147.27,-51.832,-151.75
-191.4,-217.58,-455.93
-168.07,-165.73,-345.82
-131.52,-97.312,-250.8
-136.02,-112.43,-326.57
-187.16,-205.89,-429.09
-165.29,-35.484,-202.99
-149.58,-126.03,-279.21
-99.379,53.182,-30.758
-153.92,-42.319,-232.85
-149.97,-138.33,-300.71
-146.24,-203.36,-427.34
-116.43,10.691,-124.18
-180.34,-188.6,-392.25
-149.27,-183.98,-383.57
-141.16,63.903,-31.227
-179.23,-174.38,-448.55
-153.97,-43.429,-234.83
-159.78,-144.4,-308.68
-130.74,-37.175,-127.13
-183.93,-232.97,-462.79
-111.8,20.232,-102.36
-126.95,-59.688,-178.43
-158.96,-196.38,-485.7
-129.41,-88.479,-275.5
-160.82,-71.506,-193.72
-134.49,-84.163,-215.61
-155.68,13.396,-79.441
-190.29,-177.61,-423.63
-158.6,-79.907,-297.52
-155.14,-5.9944,-160.81
-137.35,32.615,-10.777
-151.72,-191.79,-394.3
-168.42,-57.2,-243.5
-178.11,-171.65,-364.17
-142.68,-125.07,-283.44
-149.55,36.433,-74.123
-147.07,54.034,-30.944
-142.42,-118.85,-349.47
-117.6,20.624,-112.4
-133.29,55.963,-59.354
-190.64,-190.28,-452.69
-152.45,-149.03,-407.27
-135.29,-54.138,-245.12
-159.71,-72.872,-194.47
-188.66,-235.18,-473.18
-169.91,-89.782,-306.39
-142.91,-179.67,-431.24
-120.62,-50.176,-180.24
-129.85,-89.142,-237.76
-122.44,-56.276,-186.46
-119.96,-40.481,-154.03
-166.63,-208.94,-510.07
-191.32,-203.75,-478.65
-120.46,6.8588,-49.065
-164.76,-180.07,-463.32
-148.66,32.457,-34.775
-131.92,49.941,-71.426
-115.11,26.929,-13.769
-170.55,-122.51,-365.52
-169.5,-210.6,-513.49
-142.54,-155.22,-399.68
-168.99,-101.93,-249.34
-142.81,-173.57,-377.99
-158.19,3.2148,-129.45
-156.7,0.30259,-92.962
-159.35,-132.23,-384.89
-122.04,-40.638,-147.18
-144.07,-115.51,-347.16
-173.64,-159.99,-428.4
-106.24,13.38,-65.791
-166.52,-208.69,-414.73
-178.52,-150.24,-333.99
-165.73,-174.26,-454.14
-156.33,16.584,-92.036
-172.24,-60.301,-209.82
-151.96,17.342,-60.417
-167.07,-56.732,-185.37
-178.18,-106.01,-276.59
-162.03,-88.99,-221.37
-148.48,-63.433,-171.5
-179.14,-151.54,-407.72
-161.46,-206.39,-503.16
-142.13,9.7925,-50.391
-117.81,-17.581,-161.77
-116.87,30.358,-97.287
-168.86,-205.11,-409.13
-164.78,-109.59,-346.59
-165.73,-26.058,-174.17
-137.43,-129.13,-301.9
-189.87,-244.35,-488.46
-160.54,-15.593,-121.44
-172.11,-156.93,-424.11
-173.81,-170.83,-446.82
-186.61,-154.25,-364.17
-153.69,-121.29,-269.85
-140.45,-23.663,-101.99
-147.38,-215.21,-447.52
-180.41,-163.23,-427.09
-135,-68.073,-183.23
-122.76,-47.753,-162.19
-180.93,-174.11,-445.97
-145.51,-147.4,-395.51
-193.37,-224.14,-471.03
-140.2,-176.17,-399.9
-124.88,-73.326,-234.55
-150.79,22.309,-51.698
-151.59,-95.185,-322.45
-104.33,23.597,-43.624
-172.92,-182.52,-466.98
-167.38,-39.063,-169.78
-110.47,-1.2765,-117.79
-139.07,46.801,-72.583
-148.04,-125.94,-279.94
-162.26,-248.68,-483.4
-143.5,-25.869,-205.58
-185.49,-203.03,-421.6
-144.12,-159.38,-409.25
-133.93,-127.47,-316.05
-147.96,-212.86,-440.9
-171.72,-94.396,-243.93
-107.52,13.865,-56.673
-137.78,-98.786,-239.7
-147.26,41.808,-21.432
-193.11,-201.39,-448.95
-113.24,-13.731,-109.99
-150.37,-229.38,-466.48
-140.55,-31.114,-114.57
-174.51,-172.03,-360.46
-115.69,-13.379,-150.42
-183.23,-137.06,-369.75
-147.13,-199.85,-470.92
-102.78,61.784,-30.808
-175.77,-134.46,-306.79
-181.38,-119.05,-337.25
-142.85,-102.86,-326.87
-153.04,13.068,-122.31
-122.04,32.141,-99.792
-150.91,36.648,-65.673
-173.32,-141.7,-396.94
-133.79,-4.7991,-67.842
-161.61,-256.68,-497.85
-142.67,-4.9475,-169.03
-196.98,-234.33,-504.19
-161.39,-54.606,-250.05
-162.88,-15.111,-158.61
-128.11,0.5213,-58.043
-164.02,-107.79,-252.12
-120.09,-21.57,-108.02
-167.58,-142.65,-309.16
-133.96,-0.96026,-61.352
-147.79,-119.76,-358.04
-169.27,-89.561,-290.94
-160.2,-99.581,-210.59
-156.83,-181.89,-405.71
-155.42,-115.68,-244.57
-147.59,-70.813,-242.2
-163.99,-184.29,-361.45
-148.19,-126.82,-298.48
-149.67,-125.85,-280.07
-141.96,-88.987,-235.53
-192.76,-182,-356.36
-175.66,-125.17,-254.37
-152.59,-140.17,-342.43
-186.17,-111.1,-320.96
-126.15,-8.0264,-73.175
-198.08,-170,-412.05
-174.43,-53.922,-143.93
-173.8,-0.39966,-88.185
-163.19,41.034,-9.1061
-153.48,-157.99,-363.77
-199.05,-183.2,-434.74
-176.64,-67.48,-166.52
-142.6,-68.438,-227.05
-132.29,-29.501,-151.14
-131.64,15.746,-9.4529
-181.44,-131.11,-267.45
-130.48,1.698,-39.122
-204.58,-177.63,-381.09
-184.03,-72.133,-248.79
-163.17,-241.71,-499.22
-169.29,-114.9,-332.33
-167.68,-180.91,-350.77
-172.84,-97.241,-303.96
-198.87,-150.14,-325.28
-156,-172.42,-391.99
-161.89,-54.038,-230.31
-162.91,-43.398,-212.34
-163.24,38.909,-43.073
-196.1,-208.76,-400.43
-163.54,-189.49,-437.98
-139.31,-23.717,-81.034
-165.1,-4.1376,-138.53
-158.11,-200.08,-428.25
-173.69,-230.87,-514.78
-155.18,-90.671,-282.74
-180.61,-126.88,-260.19
-190.76,-85.676,-226.56
-145.37,-96.445,-266.52
-164.44,-170.2,-412.28
-188.95,-84.655,-217.19
-132.7,48.458,-47.348
-137.81,-40.041,-117.41
-125.5,18.805,-9.9755
-170.04,-177.47,-430.36
-194.25,-151.21,-383.87
-167.53,-11.111,-73.829
-161,-169.33,-404.59
-132.79,-9.4005,-59.35
-170.46,-185.21,-442.51
-130.95,4.5982,-109.53
-156.5,47.916,-40.729
-193.32,-136.33,-357.62
-139.03,-64.352,-172.2
-159.59,-105.01,-309.53
-178.6,-22.138,-145.32
-165.08,7.678,-45.052
-187.84,-71.756,-236.56
-181.38,-241.07,-445.49
-125.54,-11.714,-100.05
-157.74,37.63,-61.156
-172.24,-184.08,-442.57
-189.34,-213.56,-401.89
-207.21,-208.05,-460.98
-166.91,11.082,-46.404
-163.93,-202.94,-396.36
-185.37,-209.5,-393.78
-144.91,-80.135,-190.92
-122.49,17.405,-72.818
-120.29,22.221,-60.372
-168.86,-94.843,-202.13
-176.14,-223.73,-418.59
-149.9,-136.45,-322.01
-165.79,-229.65,-442.99
-201.63,-186.53,-379.12
-175.84,-171.62,-425.63
-144.83,-89.819,-213.31
-160.73,-217.72,-462.54
-202.19,-214.72,-487.13
-189.74,-94.234,-281.51
-187.43,-266.57,-486.62
-138.81,19.095,-98.738
-142.49,-90.435,-243.4
-204.05,-201.48,-405.48
-154.58,42.381,-55.51
-152.78,-159.08,-353.31
-192.07,-100.49,-245.34
-175.59,-129.1,-260.71
-170.65,-216.99,-411.52
-150.81,-96.426,-283.29
-173.3,-142.15,-377.65
-148.59,-31.371,-186.12
-161.87,-117.04,-330.2
-124.52,2.6352,-50.312
-179.61,-48.559,-208.35
-172.96,-148.93,-388.3
-143.47,-71.124,-232.78
-171.96,8.5288,-77.099
-125.5,-11.662,-99.196
-141.53,15.176,-106.96
-145.46,-31.046,-90.975
-192.82,-130.42,-283.13
-147.73,24.088,-93.896
-178.63,-123.73,-347.95
-147.71,62.175,-22.53
-142.38,-10.429,-147.84
-119.05,16.905,-36.179
-171.03,-115.55,-334.03
-185.41,-52.614,-195.75
-195.64,-115.25,-275.83
-177.26,-20.43,-148.18
-205.83,-181.68,-395.57
-149.25,-100.59,-224.99
-182.43,-82.229,-271.44
-191.06,-248.03,-457.23
-207.06,-192,-421.83
-126.6,-9.0989,-74.2
-145.43,-37.411,-191.64
-148.67,-18.662,-166.19
-163.31,-151.39,-302.04
-201.94,-209.87,-411.47
-156.28,-5.6767,-50.215
-178.93,-22.039,-141.57
-131.11,31.02,-72.801
-193.99,-115.81,-314.95
-184.94,-102.13,-228.79
-164.23,12.826,-36.886
-160.43,-68.371,-155.59
-138.58,-64.484,-206.63
-140.19,-29.343,-91.44
-179.67,-210.45,-488.82
-177.05,-134.9,-366.72
-168.87,21.692,-58.314
-141.99,-4.367,-138.18
-183.91,-107.78,-235.17
-126.72,15.481,-15.257
-182.1,-36.428,-151.52
-155.9,21.188,-96.636
-139.59,-44.785,-124.46
-158.45,-166.36,-338.08
-151.78,-129.08,-279.29
-165.13,-17.967,-165.59
-203.39,-164.09,-380.34
-165.67,-44.631,-119.33
-169.55,18.85,-62.959
-184.55,-118.27,-251.36
-199.52,-202.83,-396.87
-194.23,-148.95,-379.71
-206.52,-196.39,-409.78
-161.32,-189.19,-375.93
-131.96,-36.081,-127.47
-164.17,-65.112,-151.13
-195.29,-139.82,-360.39
-176.99,-18.207,-111.5
-195.69,-108.54,-273.81
-156.69,-12.795,-159.03
-205.5,-190.55,-430.88
-183.09,-53.448,-210.15
-193,-115.79,-265.36
-158.5,-200.68,-432.56
-159.92,-52.656,-128.72
-174.85,-10.841,-132.36
-134.93,36.487,-68.119
-167.21,-9.2331,-70.754
-144.82,-104.01,-266.58
-152.53,-116.55,-313.83
-142.42,-78.897,-195.63
-187.23,-121.22,-338.28
-169.42,-186.33,-358.78
-164.57,-219.15,-425.83
-204.09,-175.78,-404.93
-163.6,-19.85,-79.607
-175.28,-65.128,-246.66
-126.2,16.666,-84.096
-164.78,-43.357,-212.11
-196.21,-163.45,-403.26
-158.88,-193.51,-392.68
-177.01,-136.46,-273.2
-144.89,-7.0316,-47.286
-180.34,-124.44,-348.7
-175.21,-4.9461,-102.14
-207.22,-215.5,-433.72
-156.93,-173.65,-397.82
-146.15,-30.576,-182.4
-160.05,-13.8,-160.31
-156.25,-151.8,-369.14
-152.64,49.204,-43.743
-142.03,-59.496,-151.89
-157.27,-28.977,-187.06
-149.29,-49.968,-124.64
-142.95,-15.993,-156.86
-147.45,-121.28,-293.58
-122.25,5.5603,-52.674
-201.11,-193.09,-449.22
-192.29,-87.412,-240.41
-185.91,-61.314,-183.79
-193.7,-133.08,-350.66
-166.98,-46.894,-124.08
-154.7,-153.48,-365.81
-177.29,-155.56,-304.4
-163.95,11.434,-107.73
-188.94,-156.79,-399.77
-163.31,-245.47,-488.6
-137.47,-30.446,-97.142
-145.55,-73.529,-241.31
-172.14,-83.142,-280.05
-154.69,-17.464,-67.881
-211.13,-226.29,-473.38
-179.76,-116.97,-336.13
-172.23,-27.699,-177.5
-175.06,-151.72,-393.64
-191.3,-155.62,-315.44
-143.99,-93.941,-227.47
-192.64,-93.369,-267.38
-140.01,-33.076,-99.207
-141.78,-58.362,-149.89
-145.74,-74.054,-176.04
-196.5,-124.9,-288.65
-173.35,-179.14,-435.88
-191.28,-163.32,-409.21
-161,-47.339,-218.87
-146.41,-105.22,-279.36
-170.24,-10.89,-79.755
-185.91,-125.32,-346.97
-182.42,-81.512,-270.08
-156.13,-112.62,-315.87
-159.97,-182.75,-419.8
-149.99,9.8436,-20.606
-197.9,-183.1,-365.89
-141.95,3.4922,-28.605
-160.69,-68.952,-156.62
-171.89,-250.3,-469.42
-166.69,-215.56,-414.58
-177,-13.327,-113.04
-186.07,-223.68,-512.11
-135.92,-57.696,-174.25
-173.69,-154.38,-302.16
-165.94,-32.981,-101.91
-124.11,-1.3427,-92.758
-161.06,-21.065,-173.19
-172.48,-194.95,-371.54
-176.78,-226.8,-512.09
-180.09,-55.394,-157.28
-160.64,-155.19,-384.16
-182.48,-157.36,-309.36
-193.85,-96.758,-266.7
-127.84,-4.9659,-112.5
-179.44,-69.155,-173.55
-175.56,-96.035,-207.99
-203.19,-180.82,-419.89
-133.07,-42.909,-160.98
-168.53,17.798,-79.521
-146.47,49.691,-47.47
-163.16,-246.26,-498.33
-205.75,-179.96,-398.6
-178.18,-102.34,-220.12
-190.81,-79.67,-239.28
-159.16,-58.827,-139.01
-155.71,-34.359,-96.457
-199.6,-134.83,-316.66
-204.15,-223.79,-435.54
-170.35,-139.51,-371.99
-148.06,-93.915,-273.31
-210.29,-226.67,-461.13
-128.85,-0.64344,-111.05
-172.75,-187.83,-448.78
-157.18,-170.09,-394.71
-163.85,-52.64,-228.24
-147.07,-103.7,-238.05
-144.47,-102.57,-251.37
-155.26,-42.216,-208.22
-178.46,-19.257,-134.17
-159.63,-133.72,-273.48
-165.76,-142.82,-373.38
-161.55,-5.6873,-144.57
-167.3,-127.75,-257.78
-127.31,43.415,-49.802
-173.29,-17.186,-95.3
-175.84,-202.44,-382.61
-178.36,-190.01,-455.9
-198.56,-223.46,-507.31
-138.2,-67.914,-203.7
-169.01,-106.7,-319
-198.74,-229.1,-434.06
-177.94,-157.49,-307.7
-129.96,1.3164,-40.691
-187.71,-63.008,-210.69
-141.68,-43.089,-193.38
-201.51,-186.68,-436.26
-172.19,-174.01,-335.75
-166.32,-31.254,-189.8
-173.04,-7.9427,-85.809
-190.61,-86.921,-261.85
-149.17,-130.05,-313.61
-151.77,-51.478,-126.44
-151.27,-147.23,-337.57
-161.84,-234.73,-475.67
-158.33,-177.03,-407.23
-162.4,-214.87,-467.96
-134.01,14.67,-100.52
-144.04,-98.305,-258.99
-151.05,-141.79,-313.11
-174.76,-165.14,-320.12
-189.8,-154.2,-394.56
-155.58,-175.18,-391.6
-182.74,-160.02,-313.71
-160.85,-124.57,-340.25
-164.68,29.131,-22.487
-158.55,-127.19,-262.51
-126.82,45.889,-45.546
-167.08,21.261,-38.873
-123.75,-4.4616,-82.47
-150.33,-102.86,-227.47
-182.19,-38.769,-151.37
-151.03,51.324,-41.155
-163.34,-140.41,-366.96
-124.04,6.7519,-41.243
-179.63,-166.06,-417.89
-164.64,-166.48,-407.17
-168.55,-0.50001,-125.63
-162.31,-9.1843,-150.74
-191.92,-93.755,-272.57
-163.93,-27.92,-184.74
-187.34,-67.82,-228.76
-162.19,-175.2,-347.48
-173.85,-217.33,-494.71
-131.48,-31.814,-116.83
-186.87,-126.02,-265.92
-179.55,-113.77,-238.98
-174.59,-235.89,-440.67
-170.84,-174.2,-336.72
-160.14,-125.14,-257.08
-147.13,-73.206,-172.02
-146.75,60.718,-26.194
-123.61,-3.3083,-86.675
-194.17,-99.919,-257.91
-186.72,-213.05,-494.89
-138.88,-22.12,-78.249
-189.66,-80.081,-216.59
-136.75,-56.555,-191.44
-194.47,-104.76,-261.61
-128.03,-16.743,-89.694
-191.69,-216.72,-408.32
-166.35,-68.627,-157.99
-155.98,-60.627,-238.01
-166.23,-218.94,-421.71
-179.94,-250.19,-461.43
-177.23,-149.91,-391.3
-192.29,-139.7,-365.64
-119.62,16.843,-59.617
-160.05,-187.65,-376.28
-163.89,-97.783,-302.17
-208.33,-201.96,-432.31
-205.26,-209.96,-420.02
-134.53,-48.731,-173.3
-163.39,-115.46,-237.55
-124.59,22.333,-3.8074
-173.89,-112.41,-329.35
-172.27,-64.763,-156.81
-130.29,-16.139,-131.69
-201.22,-157.93,-343.64
-180.68,-188.67,-454.59
-200.36,-140.78,-325.48
-180.48,-41.957,-191.25
-174.91,-4.1001,-98.184
-165.47,-54.9,-232.13
-130.75,-1.7705,-46.107
-187.13,-120.47,-258.35
-148.31,-97.531,-278.41
-163.03,41.439,-36.348
-156.52,-188.65,-399.3
-162.75,-55.953,-135.37
-142.36,12.83,-111.29
-198.28,-234.57,-441.69
-187.1,-109.69,-317.16
-164.73,8.7517,-42.946
-133.09,25.828,-82.876
-115.81,28.499,-26.597
-185.93,-132.1,-358.94
-155.52,-176.05,-371.28
-143.78,-98.063,-242.41
-190.21,-75.709,-221.22
-170.7,-44.861,-125.47
-193.61,-137.22,-293.94
-140.3,-2.1962,-133.12
-180.25,-178.8,-342.94
-116.92,38.855,-33.344
-199.42,-131.55,-318.81
-129.32,-9.0561,-65.152
-147.74,-115.39,-294.88
-70.016,-188.62,-525.45
-24.868,53.818,-133.06
-44.928,81.771,-47.069
-78.333,13.913,-194.64
-55.131,-78.236,-341.58
-80.93,-160.4,-546.63
-97.415,-141.85,-437.28
-74.862,-106.27,-372.64
-61.641,-1.8279,-296
-79.177,-54.686,-292.7
-56.911,79.127,-151.9
-60.805,112.05,-72.724
-29.122,40.764,-145.44
-57.055,33.251,-135.95
-62.322,46.853,-118.7
-105.67,-151.3,-526.83
-72.737,36.447,-220.53
-51.286,60.6,-86.448
-68.997,40.299,-138.85
-62.183,-151.27,-486.36
-70.722,-58.209,-388.81
-53.741,-95.611,-387.4
-65.883,-175.07,-520.47
-49.53,91.527,-131.53
-64.499,-50.541,-281.11
-89.052,-48.732,-298.79
-95.455,-78.919,-410.55
-77.852,-70.572,-409.7
-96.189,-69.617,-390.17
-64.102,-99.367,-442.12
-30.284,118.37,-78.528
-105.54,-112.1,-421.55
-71.835,0.17113,-291.74
-86.29,-62.463,-392.8
-115.21,-192.65,-535.54
-82.21,-145.91,-435.61
-51.029,7.0713,-181.9
-70.059,28.123,-240.91
-83.525,-69.07,-405.98
-71.998,-165.88,-476.34
-58.243,43,-120.57
-67.643,-61.176,-391.75
-60.128,-135.09,-449.97
-39.765,75.99,-155.68
-61.724,-124.85,-419.57
-23.664,66.67,-134.74
-42.132,-16.052,-241.39
-71.6,-192.37,-527.77
-84.971,-160.52,-549.54
-94.065,-44.079,-339.65
-74.956,-202.69,-539.3
-75.859,25.363,-174.05
-76.831,-72.55,-412.79
-79.962,21.341,-236.89
-81.965,-127.67,-406.8
-86.257,-198.68,-519.45
-115.5,-188.76,-532.43
-100.05,-165.7,-557.6
-99.772,-137.13,-509.48
-73.184,36.615,-153.12
-20.519,106.38,-81.716
-54.178,-92.203,-375.3
-84.542,-76.261,-417.56
-41.62,72.52,-62.676
-71.221,57.031,-123.65
-53.607,99.66,-113.73
-59.588,-58.479,-297.55
-68.977,-108.65,-379.12
-42.505,65.42,-175.14
-94.484,-57.058,-324.02
-83.905,-135.34,-419.05
-69.125,-170.56,-540.39
-96.561,-70.836,-345.42
-35.65,22.349,-224.86
-44.937,50.783,-200.84
-74.097,-30.518,-251.33
-105.51,-163.96,-478.63
-48.076,54.608,-196.69
-76.374,34.821,-215.91
-87.512,-143.76,-525.01
-61.435,-133.49,-475.25
-78.193,27.522,-227.79
-81.39,21.725,-199.08
-71.744,-159.25,-464.8
-71.216,-6.4052,-303.68
-61.909,-60.845,-386.16
-51.199,-82.456,-379.16
-28.335,98.103,-108.09
-80.346,-96.354,-357.44
-97.309,-86.371,-421.1
-81.316,13.401,-251.47
-58.317,-43.699,-271.64
-83.495,-11.554,-300.72
-47.961,-22.687,-242.51
-85.469,-105.01,-373.31
-100.8,-157.52,-543.39
-62.75,-120.74,-466.22
-37.32,77.22,-54.517
-80.76,-173.81,-481.27
-88.058,-147.88,-439.37
-37.549,-0.41787,-253.21
-76.088,-201.37,-534.45
-115.08,-169.05,-515.6
-32.589,51.137,-181.94
-97.79,-60.194,-345.95
-29.187,43.442,-179.26
-78.697,9.8183,-265.79
-101.93,-99.619,-435.41
-56.47,65.396,-178.44
-25.377,92.702,-110.72
-102.62,-136.2,-504.26
-69.312,-78.766,-328.07
-41.765,97.716,-120.04
-19.654,85.095,-101.38
-27.799,49.485,-127.07
-109.04,-129.19,-468.5
-65.544,-79.532,-330.86
-98.248,-71.496,-386.94
-20.41,73.986,-97.371
-60.977,41.661,-125.26
-82.041,-31.283,-340.9
-78.466,-189.82,-510.28
-49.138,3.2537,-278.19
-89.452,-45.892,-296.24
-45.224,-44.21,-299.75
-101.34,-92.171,-421.36
-56.991,-3.4052,-199.62
-67.084,-2.3077,-201.18
-28.726,40.4,-178.47
-114.47,-190.78,-531.29
-90.188,-18.757,-292.27
-27.539,48.83,-167.05
-32.753,85.04,-133.97
-60.253,-78.298,-333.15
-19.996,75.699,-95.125
-69.522,-162.47,-532.3
-92.037,-32.643,-292.85
-96.92,-54.009,-340.39
-60.378,-137.61,-470.8
-95.26,-195.23,-513.6
-46.618,-48.779,-303.99
-54.12,-100.67,-404.77
-55.921,-97.567,-419.38
-84.378,-200.36,-523.19
-55.214,-34.524,-257.03
-62.665,-12.538,-216
-24.497,76.146,-129.36
-72.634,9.2999,-189.39
-96.505,-125.49,-413.57
-60.837,4.9399,-185.71
-81.67,1.4097,-218.86
-44.995,-6.7816,-284.95
-66.689,-42.984,-363.43
-29.715,85.424,-128.96
-95.094,-87.004,-426.4
-59.424,-65.78,-311.02
-52.388,40.177,-122.05
-50.334,64.171,-79.858
-30.024,45.984,-128.32
-90.088,-73.432,-408.47
-101.97,-110.9,-405.85
-58.428,-120.86,-450.01
-34.308,18.964,-182.28
-92.069,-45.161,-303.22
-62.311,85.775,-131.75
-87.141,-139.41,-426.16
-54.655,-78.839,-343.99
-28.088,62.025,-95.166
-77.992,-89.602,-346.06
-62.313,2.5366,-190.38
-93.037,-85.278,-354.01
-46.149,31.763,-137.41
-51.845,-80.004,-385.26
-65.487,-53.812,-286.54
-31.726,99.454,-110.31
-59.695,-52.962,-372.32
-80.368,32.403,-193.12
-63.386,77.881,-147.19
-107,-147.65,-461.63
-50.722,117.96,-79.43
-18.258,95.011,-87.168
-56.098,-7.3724,-301.54
-88.998,-120.7,-488.66
-83.798,-140.4,-518.9
-89.851,-18.74,-295.17
-68.536,85.912,-91.66
-83.825,-53.929,-379.83
-113.44,-155.96,-500.97
-33.972,15.64,-222.97
-62.752,-130.65,-428.47
-49.049,-51.345,-300.62
-88.209,-12.035,-286.45
-97.375,-149.18,-447.5
-15.193,104.31,-65.052
-44.569,33.549,-134.69
-54.794,30.336,-139.94
-93.838,-49.247,-314.14
-31.878,118.5,-79.547
-26.506,50.919,-159.78
-68.33,28.216,-155.11
-106.26,-159.88,-474.8
-50.775,21.26,-155.75
-106.74,-114.82,-432.21
-54.124,-0.51246,-289.32
-26.988,62.039,-153
-57.466,-111.15,-437.96
-58.847,87.101,-134.04
-69.934,-92.222,-439.25
-103.37,-178.42,-494.97
-73.832,53.224,-137.88
-115.89,-171.78,-525.26
-42.612,-33.733,-289.38
-83.834,-102.77,-460.8
-75.367,46.523,-150.41
-41.897,74.71,-58.728
-57.024,21.065,-256.71
-53.603,-30.605,-332.62
-45.022,14.414,-256.2
-66.884,-181.27,-534.24
-49.678,105.19,-105.53
-28.511,39.318,-176.99
-46.806,79.913,-152.63
-31.461,34.374,-197.1
-32.251,69.628,-72.403
-63.007,-124.28,-415.28
-108.96,-138.17,-458.69
-96.902,-96.549,-376.11
-113.15,-155.1,-496.53
-109.52,-130.95,-467.78
-97.456,-67.485,-380.99
-112.85,-152.91,-493.86
-63.81,-147.99,-498.48
-52.499,-81.945,-390.29
-76.402,8.321,-197.35
-65.213,51.355,-199.92
-67.212,-3.5334,-203.25
-93.394,-119.18,-400.94
-110.73,-144.09,-472.81
-72.76,-34.803,-257.03
-70.286,-33.57,-349.57
-85.752,-104.48,-463.3
-69.424,-139.52,-432.7
-85.605,-7.1842,-285.7
-58.419,-127.22,-449.06
-74.491,-22.786,-239.79
-53.832,-30.062,-249.84
-40.238,11.979,-182.81
-78.428,39.997,-191.16
-48.786,14.046,-261.79
-58.481,-126.74,-440.49
-72.251,-100.44,-363.59
-56.333,0.63964,-289.32
-42.794,-23.679,-257.55
-88.855,-16.34,-264.48
-56.553,115.49,-76.273
-105.23,-131.62,-438.48
-111.73,-152.55,-484.04
-66.489,-176.53,-532.21
-56.267,20.569,-257.24
-22.714,64.681,-110.46
-80.393,7.6659,-207.86
-101.98,-84.369,-395.63
-31.26,33.567,-196.84
-108.08,-122.39,-456.26
-85.693,-80.252,-423.69
-65.698,86.201,-73.896
-96.432,-71.713,-393.85
-97.291,-92.384,-432.65
-107.2,-195.01,-522.52
-90.463,-37.375,-289.54
-103.7,-99.521,-427.14
-110.56,-152.54,-517.48
-64.271,-121.45,-470.67
-73.692,60.303,-133.72
-15.683,95.358,-59.347
-31.805,50.873,-112.81
-42.17,-31.718,-287.67
-59.128,-88.621,-418.96
-67.602,-167.15,-488.46
-30.046,78.414,-139.63
-64.496,-153.47,-506.32
-77.596,-51.39,-378.46
-39.502,-7.3268,-229.6
-81.345,-44.113,-364.43
-37.635,54.5,-186.76
-56.437,4.9839,-282.54
-38.624,-12.086,-250.11
-36.048,31.898,-146.95
-32.167,43.309,-129.16
-78.031,-135.46,-508.34
-86.212,-59.145,-307.39
-67.024,90.407,-78.363
-47.926,-60.638,-328.94
-55.467,-76.124,-336.56
-67.783,90.671,-94.048
-81.786,-16.865,-242
-46.335,-48.669,-305.27
-32.947,63.945,-83.313
-73.845,-130.61,-497.64
-26.455,102.69,-98.409
-74.999,-193.99,-522.77
-46.742,106.61,-103.99
-53.756,43.124,-218.43
-98.13,-164.28,-556.22
-77.486,-0.43176,-288.09
-77.583,-2.7002,-214.69
-104.35,-100.83,-408.55
-15.403,96.921,-55.242
-110.08,-189.68,-519.94
-100.59,-166.97,-559.38
-59.325,-108.15,-442.32
-34.816,6.7305,-229.26
-87.079,-7.6104,-248.98
-74.853,21.222,-248.77
-70.864,76.625,-114.16
-79.512,36.101,-184.59
-96.473,-53.334,-348.82
-84.056,-106.17,-466.16
-28.373,84.33,-128.19
-89.263,-11.917,-270.73
-30.857,33.791,-194.65
-55.791,-105.37,-424.41
-31.236,25.464,-180.81
-70.114,65.47,-160.37
-109.04,-127.73,-457.23
-106.72,-129.5,-441.26
-101.64,-83.84,-398.18
-47.672,26.199,-147.34
-50.65,74.278,-63.146
-27.55,79.958,-56.504
-94.601,-166.62,-470.44
-108.29,-138.31,-455.86
-65.034,87.016,-122.55
-77.253,43.876,-163.47
-91.337,-193.18,-509.75
-81.74,25.272,-203.06
-79.004,-196.77,-521.79
-83.291,18.433,-221.78
-58.49,-102.12,-433.17
-49.311,75.521,-160.8
-23.027,65.432,-104.96
-103.06,-162.35,-472.64
-39.718,44.985,-115.4
-82.926,-114.07,-478.45
-35.25,23.696,-167.37
-77.972,10.503,-265.67
-46.639,68.314,-71.068
-32.049,32.536,-155.5
-46.095,112.47,-93.138
-15.532,95.738,-61.214
-52.07,-62.836,-370.37
-78.762,-54.363,-291.85
-93.434,-194.58,-512.16
-76.023,-59.283,-297.54
-79.906,26.492,-223.91
-105.79,-132.52,-441.15
-37.559,21.303,-167.48
-52.156,-62.258,-369.98
-69.593,-71.101,-315.18
-64.283,-131.03,-482.17
-76.138,-116.57,-389.25
-107.62,-136.03,-492.88
-97.712,-122.96,-487.12
-70.652,71.184,-142.85
-54.224,-72.677,-387.75
-52.73,-7.2058,-207.75
-74.471,30.843,-229.33
-85.935,-101.14,-457.89
-78.069,-141.63,-517.27
-103.92,-111.82,-454.5
-99.507,-88.269,-373.65
-76.632,-15.287,-231.11
-118.01,-185.65,-546.04
-78.505,41.337,-182.35
-86.749,1.1448,-251.46
-58.44,-89.547,-357.14
-108.65,-168.87,-490.94
-106.55,-168.04,-555.64
-62.695,68.539,-167.85
-60.091,-125.62,-426.65
-76.736,-154.86,-534.66
-30.198,41.888,-138.01
-58.302,-28.006,-243.3
-51.313,1.3356,-192.5
-68.742,-145.86,-445.09
-82.278,-7.6473,-295.09
-39.639,5.8259,-197.66
-35.067,4.8691,-229.52
-96.152,-50.15,-340.3
-80.335,25.027,-225.87
-50.9,46.236,-212.13
-103.13,-128.26,-488.85
-44.122,60.069,-185.13
-36.582,76.338,-152.06
-54.784,-59.902,-305.79
-40.272,3.551,-260.31
-89.336,-53.5,-305.45
-108.22,-129.39,-475.45
-103.06,-51.187,-293.85
-66.279,39.262,-126.13
-70.852,-71.738,-375.3
-80.547,-121.97,-420.01
-137.64,-181.45,-544.47
-98.745,-157.78,-458.18
-113.38,-80.2,-419.05
-80.9,-82.388,-342.55
-90.059,-190.56,-532.63
-107.04,1.069,-252.33
-118.78,-71.105,-356.87
-87.862,29.461,-242.99
-96.077,21.141,-181.76
-49.048,41.225,-180.92
-52.844,35.175,-203.27
-79.547,-132.73,-453.43
-37.887,89.354,-88.526
-82.999,-148.9,-496.17
-126.41,-111.13,-441.96
-83.196,-141.88,-453.2
-99.38,31.382,-182.81
-123.1,-95.052,-422.76
-65.515,72.227,-66.499
-78.466,-93.277,-367.16
-69.984,-53.353,-305.42
-112.29,-155.92,-546.42
-77.458,34.553,-136.52
-96.526,-24.145,-246.28
-93.063,-57.849,-391.2
-69.695,-50.967,-301.04
-129.42,-160.61,-484.74
-84.526,13.848,-175.54
-69.726,30.445,-239.67
-87.994,18.476,-263.24
-96.935,-5.3687,-300.77
-97.871,-8.6823,-225.64
-71.84,95.956,-125.13
-66.741,111.35,-97.876
-61.014,91.972,-132.31
-86.26,64.235,-175.16
-106.68,2.8534,-251.22
-100.8,1.0976,-218.64
-89.605,-135.71,-500.85
-89.719,-150.66,-454.82
-98.189,-153.99,-537.01
-74.34,-58.822,-373.23
-63.484,-37.722,-302.38
-83.993,-73.691,-324.09
-123.97,-95.615,-405.66
-47.94,49.585,-130.26
-85.605,-86.323,-345.17
-35.725,102.62,-69.907
-65.74,-44.485,-301.17
-71.138,114,-90.077
-131.51,-144.3,-495.26
-70.957,-68.171,-335.49
-65.278,67.5,-176.04
-79.367,-129.37,-461.03
-101.57,28.161,-208.04
-130.95,-148.91,-510.88
-86.317,-142.62,-502.65
-84.261,-153.94,-475.64
-94.161,-189.81,-519.15
-104.2,-4.1627,-234.75
-37.753,116.02,-64.46
-133.05,-157.84,-496.49
-80.092,-133.9,-468.28
-103.81,17.3,-226
-76.215,-61.406,-380.39
-84.365,101.22,-91.23
-74.833,-62.424,-313.43
-85.042,44.058,-128.94
-79.132,-129.48,-446.69
-61.212,-24.049,-272.87
-107.42,-161.29,-462.05
-79.404,47.586,-213.28
-54.187,10.449,-219.24
-87.283,41.198,-220.93
-87.001,-121.46,-477.84
-95.491,47.977,-151.13
-90.188,-83.653,-429.07
-70.928,-15.979,-228.44
-110.6,-145.76,-530.5
-109.19,-34.675,-338.81
-65.236,-45.171,-307.17
-129.53,-146.73,-470.21
-120.02,-89.71,-423.61
-89.366,-168.17,-540.13
-95.609,-21.287,-240.96
-80.442,13.004,-174.41
-78.248,-116.41,-447.2
-50.483,30.119,-193.31
-83.241,74.7,-82.105
-111.89,-191.54,-509.44
-94.662,-106.37,-465.6
-125.36,-112.54,-421.9
-99.701,-32.512,-347.68
-117.82,-76.816,-403.35
-111.65,-53.012,-370.44
-55.498,123.78,-75.09
-78.849,-58.944,-301.68
-84.794,102.43,-59.946
-61.668,103.58,-112.35
-71.716,93.831,-129.28
-49.413,79.1,-139.62
-50.918,95.385,-118.05
-73.816,-29.696,-333.73
-66.597,-19.568,-306.62
-111.75,-79.537,-346.08
-77.636,-92.72,-421.87
-81.76,115.91,-60.726
-106.22,-4.325,-279.87
-45.748,65.771,-95.958
-100.69,9.6939,-208.17
-99.853,-59.805,-303.23
-97.18,5.0719,-205.34
-103.12,-1.2668,-282.87
-90.147,80.448,-105.61
-109.08,-152.81,-541.39
-66.69,94.361,-129.42
-72.696,-43.682,-350.56
-84.221,60.818,-184.93
-91.108,-146.29,-445.07
-117.48,-109.56,-466.3
-95.913,-151.09,-530.46
-44.595,70.606,-137.08
-93.792,6.6184,-281.26
-76.69,-19.269,-230.82
-71.313,103.33,-111.11
-96.459,-175.69,-490.34
-130.26,-161.78,-539.91
-110.04,-104.03,-463.39
-82.709,88.948,-127.22
-92.854,-103.52,-370.91
-55.425,80.261,-52.236
-56.939,66.951,-77.122
-98.15,-17.189,-321.42
-101.86,16.802,-205.73
-66.612,59.186,-89.816
-84.557,91.579,-65.738
-95.321,41.35,-156.13
-115.53,-126.23,-497.01
-124.39,-147.74,-457.64
-94.605,45.382,-199.42
-98.31,20.68,-188.41
-67.156,78.213,-56.824
-88.66,87.583,-93.903
-39.002,82.682,-81.49
-71.055,16.647,-262.43
-79.563,-22.634,-329.86
-104.83,-118.9,-396.18
-72.362,-61.475,-316.5
-78.359,-114.78,-446.54
-92.285,43.142,-210.14
-71.772,51.041,-206.83
-73.833,-3.2684,-202.72
-49.338,34.941,-183.07
-101.31,-17.535,-243.97
-68.623,-46.692,-294.73
-63.854,77.533,-158.33
-91.594,-14.051,-225.84
-58.663,103.03,-112.24
-89.056,13.509,-271.74
-39.542,84.636,-101.81
-49.445,45.834,-134.33
-95.616,-124.56,-404.8
-114.36,-54.073,-322.16
-122.74,-106.65,-405.38
-125.62,-192.07,-518.49
-112.55,-93.619,-443.88
-86.789,48.461,-125.39
-41.193,74.046,-94.121
-120.03,-99.635,-443.51
-122.75,-98.003,-397.46
-69.275,-0.79421,-286.37
-63.644,34.937,-135.38
-43.026,81.25,-120.57
-59.827,2.5055,-208.16
-73.859,-65.155,-320.7
-47.585,93.164,-116.36
-117.45,-155.75,-544.85
-92.725,-162.58,-541.08
-65.25,-13.491,-231.17
-59.16,-14.655,-264.22
-52.241,26.166,-176.11
-99.878,-9.8947,-230.89
-89.101,-192.98,-545.76
-120.75,-121.74,-417.63
-98.526,39.72,-174.29
-119.85,-160.07,-550.68
-100.98,-23.24,-251.19
-95.798,-89.714,-441.34
-91.738,-49.203,-281.88
-81.748,30.231,-146.73
-72.33,13.189,-268.92
-85.85,-66.087,-309.96
-103,16.703,-212.51
-56.399,0.57986,-230.58
-98.761,-22.195,-329.98
-83.96,-161.59,-502.98
-42.5,66.264,-125.33
-60.821,15.702,-177.03
-104.43,-83.81,-343.04
-67.773,-7.1565,-292.89
-90.302,-178.56,-506.39
-97.495,17.45,-189.95
-85.283,56.311,-111.53
-74.928,101.33,-112.17
-70.234,-33.468,-263.62
-99.989,-10.243,-306.6
-90.806,-176.25,-553.31
-73.325,-11.132,-217.48
-72.699,14.152,-171.17
-87.419,-63.153,-304.55
-76.743,-111.53,-434.69
-68.947,-61.318,-357.63
-61.78,23.122,-240.64
-92.712,60.121,-128.42
-59.256,-8.5388,-268.87
-47.645,49.098,-133.01
-123.31,-100.56,-402.22
-67.754,26.457,-149.64
-89.407,-84.544,-429.76
-57.503,17.204,-180.21
-129.77,-137.72,-464.06
-44.506,66.717,-97.884
-114.83,-103.14,-458.13
-84.204,82.328,-74.761
-114.06,-130.29,-419.43
-87.555,-160.11,-477.11
-107.03,-79.755,-424.48
-135.17,-172.7,-545.57
-125.35,-149.88,-527.28
-81.619,112.95,-70.77
-103.12,-12.095,-240.81
-118.98,-102.27,-450.68
-71.998,32.089,-138.88
-60.89,15.277,-177.82
-93.802,-95.965,-358.24
-61.917,-27.901,-293.26
-80.857,-132.11,-441.18
-89.526,-33.725,-352.05
-134.34,-180.54,-521.52
-38.519,101.1,-83.927
-86.131,-162.14,-522.55
-83.362,28.708,-246.45
-96.713,12.313,-194.68
-132.62,-150.08,-501.73
-118.57,-102,-388.39
-80.465,-49.894,-284.08
-69.641,-72.297,-357.37
-130.84,-138.36,-474.63
-85.887,27.185,-248.34
-102,-68.417,-318.01
-37.047,92.682,-60.73
-72.023,10.514,-272.77
-102.78,-81.862,-338.81
-98.498,-158.17,-458.95
-46.007,51.637,-155.91
-126.94,-121.79,-437.05
-103.07,-133.4,-418.13
-62.954,124.09,-74.995
-101.09,-119.86,-489.02
-72.092,9.3022,-274.69
-111.34,-82.844,-349.86
-83.149,19.454,-165.37
-133.5,-167.94,-506.22
-43.633,60.557,-133.48
-77.502,-9.5364,-213.12
-86.754,-155.05,-517.85
-66.415,-47.791,-306.24
-105.59,-3.4179,-239.47
-85.917,-31.701,-251.54
-88.11,82.449,-127.14
-118.91,-112.46,-469.5
-77.365,-28.501,-336.54
-74.136,52.881,-204.14
-83.854,99.571,-55.666
-106.13,-140.27,-429.34
-88.358,4.3643,-288.27
-124.1,-104.44,-409.27
-94.89,-72.054,-319.6
-71.988,98.983,-119.19
-73.152,119.2,-77.114
-71.29,-77.858,-381.31
-44.848,62.387,-144.87
-52.913,108.68,-99.037
-117.59,-127.47,-497.4
-78.633,-106.74,-440.16
-60.685,-11.334,-278.4
-105.29,-5.267,-239.84
-135.25,-168.89,-517.67
-88.96,-31.96,-349.09
-81.389,-141.08,-460.59
-66.721,-5.4223,-212.3
-78.497,-41.934,-270.96
-69.691,-10.48,-218.99
-68.634,6.4947,-187.09
-92.401,-165.23,-543.83
-117.9,-142.44,-522.52
-73.893,62.931,-86.858
-88.738,-134.81,-498.18
-85.402,101.65,-82.068
-51.632,101.01,-110.14
-69.079,82.342,-51.118
-90.128,-68.248,-406.1
-94.506,-165.6,-548.08
-76.797,-115.97,-429.89
-112.3,-33.151,-295.65
-93.898,-127.41,-410.3
-80.725,67.248,-175.36
-92.221,70.003,-140.69
-81.177,-85.492,-420.85
-72.379,8.6077,-181.37
-71.364,-73.832,-379.57
-94.732,-107.74,-467.65
-54.248,57.868,-97.483
-120.89,-149.52,-454.22
-121.42,-81.634,-380.24
-88.97,-127.99,-489.67
-83.016,83.373,-139.08
-103.19,9.379,-258.05
-88.755,86.794,-107.85
-104.57,13.513,-233.19
-113.45,-35.983,-324.53
-108.07,-21.693,-266.51
-98.249,0.18002,-214.08
-100.41,-94.415,-449.77
-89.061,-164.8,-535.48
-88.488,76.88,-95.374
-51.717,22.943,-192.76
-43.336,72.48,-130.05
-122.35,-144.38,-449.62
-84.102,-57.628,-385.86
-89.586,39.903,-221.05
-87.589,-81.267,-335.31
-136.76,-178.29,-532.78
-95.569,54.328,-169.35
-93.124,-105.35,-462.97
-95.44,-119.58,-485.42
-120.8,-85.485,-411.5
-105.3,-60.754,-310.44
-90.55,39.963,-144.54
-99.987,-170.61,-478.75
-102.16,-106.53,-468.85
-86.977,-12.87,-220.68
-72.43,0.68136,-195.98
-103.02,-118.29,-487.17
-75.917,-107.24,-426.7
-133.28,-156.89,-516.84
-86.767,-134.54,-430.09
-66.708,-31.069,-265.65
-87.677,91.678,-99.078
-73.105,-48.963,-358.16
-53.685,68.875,-75.621
-95.29,-133,-504.49
-99.517,30.792,-217.98
-50.112,39.585,-148.33
-58.546,102.1,-113.78
-100.56,-69.298,-318.17
-119.52,-196,-518.79
-62.942,22.881,-242.98
-130.19,-135.68,-466.92
-77.473,-120.11,-439.58
-79.703,-84.108,-347.34
-101.1,-167.28,-472.65
-111.77,-24.58,-291.21
-57.7,60.449,-89.333
-89.452,-45.903,-275.84
-83.065,110.78,-68.704
-126.89,-134.67,-495.15
-61.627,32.096,-142.42
-104.58,-183.77,-498.12
-91.048,31.822,-156.68
-122.67,-106.1,-404.57
-51.128,27.107,-181.22
-106.81,-74.064,-414.95
-84.076,-161.91,-500.07
-34.789,101.61,-61.611
-118.58,-65.679,-353.16
-105.01,-54.912,-383.11
-69.386,-60.749,-359.62
-73.353,73.745,-166.53
-45.548,76.345,-134.1
-75.46,101.28,-111.71
-93.637,-87.695,-437.29
-85.064,57.48,-109.48
-119.18,-205.31,-532.45
-61.492,45.644,-207.57
-131.82,-168.75,-549.6
-79.519,1.6234,-291.94
-85.901,49.924,-205.05
-80.643,60.385,-98.136
-110.96,-41.133,-296.79
-71.913,29.669,-143.19
-116.19,-77.253,-352.91
-84.981,61.796,-103.29
-73.345,-77.089,-391.22
-93,-29.599,-334.36
-115.9,-29.651,-256.16
-101.02,-131.2,-441.43
-111.08,-51.065,-287.07
-80.436,-17.935,-280.48
-121.21,-122.07,-402.38
-95.581,-72.968,-335.67
-101.71,-68.361,-318.84
-88.38,-34.881,-272.98
-143.55,-103.75,-407.31
-129.04,-49.515,-303.52
-93.265,-88.769,-378.97
-109.11,-43.097,-369.13
-79.414,49.81,-112.01
-124.09,-100.07,-460.99
-121.11,26.584,-196.66
-107.19,79.47,-142.05
-99.454,120.79,-62.578
-97.583,-106.47,-399.99
-125.46,-114.13,-483.13
-123.67,12.919,-219.14
-79.824,-16.207,-264.46
-72.772,22.698,-188.15
-89.396,82.788,-53.116
-132.89,-53.422,-318
-87.499,65.731,-81.123
-142.72,-97.782,-434.41
-107.19,-0.35066,-299.12
-111.51,-192.34,-533.7
-94.855,-57.234,-374.2
-125.35,-115.54,-393.48
-96.158,-36.122,-348.1
-139.61,-69.097,-378.99
-99.168,-121.6,-427.9
-85.53,5.5877,-273.55
-85.714,17.845,-256.6
-90.465,113.52,-94.588
-147.96,-131.2,-450.86
-100.76,-139.1,-474.32
-96.016,42.722,-124.47
-87.451,63.45,-186.53
-105.49,-149.18,-463.72
-108.79,-180.25,-551.49
-85.272,-36.811,-321.89
-132.05,-49.191,-310.74
-126.71,-4.2325,-281.05
-85.882,-44.24,-303.53
-98.289,-118.51,-449.75
-127.56,-2.8421,-271.58
-60.319,104.14,-87.842
-93.125,22.51,-158.75
-82.796,81.898,-51.401
-101.25,-124.42,-468.92
-119.02,-82.061,-432.5
-112.75,69.588,-126.83
-97.475,-118.4,-441.32
-89.449,54.529,-101.33
-102.28,-132.56,-480.77
-65.021,56.881,-147.32
-80.901,117.67,-89.748
-117.81,-66.008,-406.96
-91.296,-5.8146,-211.55
-88.686,-50.617,-349.11
-105.94,54.819,-198.18
-108.92,88.445,-98.251
-113.59,4.0238,-288.92
-141.33,-173.17,-489.4
-72.933,42.05,-137.19
-81.515,106.53,-109.75
-103,-130.67,-481.4
-145.04,-139.06,-450.11
-137.85,-134.48,-511.5
-108,92.025,-100.02
-121.19,-143.17,-435.87
-142.14,-136.54,-440.99
-99.083,-18.7,-231.74
-62.346,68.848,-109.47
-61.683,73.658,-96.844
-122.42,-19.672,-250.98
-135.61,-157.33,-461.69
-95.247,-83.828,-358.72
-123.66,-171.8,-481.31
-146.07,-106.4,-431.88
-103.83,-115.68,-466.23
-97.747,-30.383,-253.11
-107.14,-167.9,-497.5
-129.89,-146.98,-534.61
-114.2,-20.817,-332.64
-147.99,-197.63,-531.06
-66.115,74.85,-139.31
-87.235,-37.073,-280.61
-148.44,-121.71,-458.03
-78.105,109.66,-103.19
-100.81,-106.03,-389.96
-130.42,-18.803,-299.69
-129.29,-53.826,-309.6
-129.71,-153.59,-452.92
-84.998,-44.016,-321.15
-99.675,-84.927,-419.18
-75.82,24.282,-226.64
-91.009,-62.677,-369.76
-79.024,61.448,-89.572
-102.66,23.291,-258.74
-100.04,-92.439,-429.32
-80.285,-18.885,-270.23
-104.07,87.643,-130.67
-73.13,42.211,-136.37
-67.944,71.752,-148.11
-101.88,38.389,-136.18
-136.52,-49.236,-336.59
-71.607,84.592,-137.61
-102.32,-62.001,-392.4
-71.58,127.64,-69.121
-70.749,44.43,-187.77
-71.02,72.555,-73.893
-96.059,-57.107,-376.42
-113.2,25.153,-249.03
-132.32,-34.018,-330.11
-103.09,55.033,-200.35
-141.6,-102.81,-448.59
-103.71,-38.767,-266
-104.84,-13.238,-320.24
-149.16,-175.58,-503.99
-140.47,-114.93,-474.06
-80.051,48.998,-113.16
-75.138,16.688,-230.98
-74.703,38.055,-207.46
-120,-85.61,-345.09
-149.75,-130.75,-463.26
-108.14,71.823,-100.61
-107.28,55.695,-194.77
-61.276,84.742,-111.87
-119.59,-41.756,-366.32
-130.86,-21.311,-281.78
-107.82,93.563,-90.096
-115.01,5.1844,-203.39
-80.65,-11.793,-243.75
-96.737,36.863,-134.76
-109.67,-155.94,-528.37
-101.76,-75.133,-409.91
-99.919,99.886,-111.47
-69.935,50.794,-178.33
-131.34,-27.575,-287.64
-84.014,78.953,-56.901
-114.84,43.927,-205.74
-78.702,86.186,-143.08
-95.048,18.412,-166.16
-113.87,-106.47,-377.86
-105.4,-69.753,-318.95
-87.14,47.65,-212.48
-134.38,-87.141,-432.78
-116.54,33.514,-170.21
-100.65,97.157,-116.18
-132.88,-38.519,-303.46
-148.32,-123.88,-448.45
-118.98,-79.524,-428.5
-146.16,-116.88,-462.72
-117.57,-129.92,-415.26
-83.362,20.959,-166.06
-117.38,10.623,-200.35
-120.46,-68.273,-410.36
-112.68,62.711,-165.71
-129.18,-28.121,-327.98
-79.709,48.409,-203.25
-135.73,-116.07,-481.98
-107.55,20.855,-261.79
-133.75,-34.178,-319.4
-104.83,-150.17,-467.93
-113.83,22.249,-177.38
-100.59,64.218,-184.3
-62.539,92.088,-108.57
-112.37,71.463,-123.76
-89.712,-50.781,-303.69
-88.496,-64.66,-351.18
-95.051,-19.799,-235.27
-110.42,-53.691,-386.14
-127.34,-120.37,-401.8
-121.95,-161.01,-464.38
-134.11,-100.42,-456.56
-112.92,59.308,-131.25
-97.155,1.0311,-293.88
-62.215,68.408,-121.35
-87.194,18.929,-257.03
-121.6,-94.256,-451.84
-113.09,-137.54,-430.33
-130.78,-61.163,-322.1
-101.05,65.015,-94.032
-103.8,-61.783,-393.71
-106.64,74.206,-155.81
-150.28,-136.16,-486.18
-98.827,-123.06,-433.74
-74.613,24.22,-222.29
-82.47,49.19,-205.63
-94.596,-100.73,-405.74
-76.301,116.15,-91.216
-96.971,3.1284,-193.31
-80.853,30.806,-230.39
-105.37,19.368,-169.82
-71.608,38.676,-196.65
-93.355,-68.001,-330.6
-74.916,62.243,-90.908
-128.27,-123.54,-497.81
-124.69,-7.0974,-294.64
-122.11,20.208,-238.29
-118.36,-61.981,-400.43
-117.4,31.584,-175.2
-95.357,-102.42,-402.15
-132.38,-81.859,-352.23
-87.05,80.694,-156.61
-113.31,-92.131,-445.84
-116.94,-193.63,-523.91
-93.55,33.547,-139.23
-80.669,-21.135,-279.05
-94.86,-20.973,-324.86
-108.26,58.361,-117.11
-147.44,-149.41,-525.18
-102.94,-53.889,-381.42
-94.498,41.526,-226.46
-101.62,-94.479,-435.16
-139.85,-76.12,-367.37
-95.174,-36.543,-266.29
-120.21,-16.221,-320.32
-96.367,32.418,-142.13
-96.744,4.2572,-191.31
-100.77,-10.804,-217.82
-134.57,-43.601,-342.81
-103.07,-124.91,-475.3
-115.95,-97.788,-455.74
-84.505,12.494,-262.24
-87.771,-53.003,-316.29
-112.92,70.269,-133.31
-109.1,-59.21,-394.01
-104.84,-12.43,-318.94
-88.416,-59.801,-354.18
-99.681,-132.51,-455.78
-103.47,86.048,-70.067
-145.26,-103.43,-418.05
-98.472,75.149,-75.084
-115.22,4.6752,-204.47
-132.04,-189.83,-509
-124.95,-155.06,-454.39
-109.46,66.488,-166.98
-115.04,-167.17,-552.93
-84.526,-2.3513,-212.17
-129.62,-82.469,-348.85
-115.42,46.109,-153.49
-68.169,51.013,-129.46
-83.469,41.645,-218.35
-130.71,-127.9,-415.15
-109.68,-174.78,-549.86
-122.27,26.26,-211.18
-95.359,-103.6,-421.47
-135.9,-81.339,-358.73
-123.25,-18.249,-320.23
-67.136,46.824,-149.41
-124.65,11.909,-226.76
-126.47,-17.981,-258.82
-131.77,-107.5,-470.5
-77.98,10.461,-198.17
-95.471,93.029,-131.43
-70.163,112.6,-92.598
-114.34,-195.96,-533.03
-139.66,-101.93,-451.34
-128.39,-23.739,-271.34
-119.52,-1.3342,-292.79
-113.63,15.069,-187.02
-109.98,40.318,-144.94
-134.13,-54.677,-370.56
-152.06,-144.97,-487.15
-97.625,-83.425,-412.76
-84.478,-41.803,-310.74
-150.69,-148.19,-513.39
-65.907,51.171,-148.23
-103.64,-134.5,-487.54
-97.942,-119.49,-430.77
-86.865,8.1369,-272.21
-99.867,-44.65,-277.64
-93.211,-47.299,-289.23
-80.408,15.344,-250.09
-107.57,58.941,-187.55
-115.8,-68.376,-316.34
-95.556,-88.875,-412.62
-83.784,59.264,-191.05
-123.04,-56.732,-303.97
-58.29,96.662,-88.504
-114.14,64.193,-149.19
-134.2,-134.06,-426.98
-107.03,-134.42,-496.22
-125.96,-159.44,-552.66
-83.177,-14.349,-241
-94.025,-48.457,-361.28
-151.35,-152.03,-484.12
-132.98,-83.634,-355.62
-86.844,64.879,-82.435
-116.34,15.392,-264.25
-74.942,9.6905,-231.55
-128.85,-115.91,-485.53
-129.45,-104.95,-380.64
-88.266,33.387,-236.13
-111.58,73.228,-139.84
-116.66,-11.107,-314.19
-93.601,-77.575,-350.34
-107.59,19.174,-172.42
-97.704,-94.51,-374.21
-113.65,-183.47,-510.86
-98.968,-126.62,-443.18
-105.18,-165.53,-503.06
-64.39,68.309,-139.52
-88.178,-45.264,-296.08
-101.82,-86.148,-350.95
-131.12,-93.694,-366.5
-114.07,-88.684,-441.14
-100.52,-124.04,-427.49
-136.28,-84.1,-363
-91.448,-71.077,-379.14
-103.3,109.6,-76.108
-114.58,-61.784,-305.42
-57.797,99.129,-84.244
-104.65,101.74,-92.616
-72.751,49.925,-119.79
-105.08,-40.462,-268.78
-116.28,42.068,-205.72
-74.644,117.45,-88.157
-94.266,-87.142,-405.68
-79.057,66.059,-80.731
-105.93,-107.79,-460.04
-97.877,-114.5,-444.88
-91.933,70.426,-175.45
-84.487,55.787,-197.24
-118.3,-17.779,-324.97
-86.069,35.665,-230.44
-113.33,8.272,-281.27
-118.9,-113.27,-388.3
-107.31,-165.73,-532.18
-83.789,25.955,-155.74
-134.65,-46.025,-318.23
-130.22,-35.492,-289.96
-134.64,-171.8,-482.37
-128.23,-106,-381.1
-116.28,-58.351,-300.79
-102.57,-8.6932,-214.48
-70.557,125.31,-72.288
-70.731,50.117,-123.65
-127.93,-19.246,-312.2
-114.73,-155.25,-536.57
-95.622,44.261,-121.64
-125.71,1.4116,-271.09
-79.348,-3.7637,-228.56
-129.78,-23.676,-315.96
-80.8,40.941,-128.5
-146.69,-141.44,-457.08
-118.98,7.7916,-207.67
-82.387,-4.3077,-279.01
-124.35,-159.26,-461.07
-140.57,-184.07,-504.23
-102.98,-91.426,-433.63
-116.5,-70.656,-414.27
-64.429,68.982,-96.107
-115.61,-129.39,-415.1
-90.126,-41.129,-343.39
-143.92,-124.17,-484.71
-149.77,-130.43,-472.43
-78.685,4.4447,-210.46
-119.19,-45.419,-283.18
-81.956,85.317,-45.161
-97.883,-52.203,-372.88
-121.7,14.374,-208.43
-69.549,35.807,-168.7
-140.29,-77.247,-397.33
-108.45,-131.85,-495.73
-135.41,-60.612,-379.33
-104.75,32,-242.72
-107.12,75.39,-151.96
-88.218,6.5201,-276.51
-87.561,61.877,-87.908
-134,-40.075,-310.99
-85.168,-45.487,-315.75
-90.899,116.59,-88.102
-106.54,-135.89,-435.56
-115.86,19.977,-184.71
-68.601,69.56,-152.54
-151.78,-158.03,-491.34
-110.17,-40.808,-365.82
-108.68,89.489,-96.115
-62.699,79.893,-122.21
-64.869,81.922,-63.351
-109.34,-66.739,-405.53
-107.09,-121.48,-408.42
-92.835,-42.499,-280.4
-122.26,4.5562,-275.47
-118.69,35.046,-177.7
-137.71,-56.182,-347.26
-68.93,52.491,-172.92
-136.17,-105.7,-390.32
-57.839,89.958,-69.675
-131.49,-52.42,-372.4
-84.845,51.987,-105.59
-89.858,-63.204,-331.7
-2.0636,-203.36,-524.61
51.371,36.111,-131.44
25.847,84.072,-56.431
6.3048,22.137,-209.01
16.339,-90.398,-342.63
11.873,-177.64,-547.16
-23.249,-135.55,-449.35
-5.2981,-107.89,-379.6
40.766,-16.439,-299.14
-3.5558,-49.969,-304.01
46.722,71.266,-159.1
38.478,113.45,-84.795
44.459,25.634,-145.02
15.896,36.131,-145.89
14.338,53.016,-130.97
-7.9613,-153.49,-536.65
31.128,33.453,-230.57
20.865,63.634,-96.391
11.577,47.94,-152.42
13.278,-170.43,-483.81
29.899,-73.154,-391.56
21.396,-112.96,-385.86
7.271,-193.61,-518.02
53.263,80.813,-136.98
6.5723,-52.616,-287.97
-5.9448,-40.704,-312.87
5.7474,-80.371,-421.18
23.732,-82.892,-414.08
4.3006,-68.977,-401.94
27.795,-119.38,-440.94
67.243,101.16,-79.616
-17.431,-104.05,-436.21
32.781,-8.5712,-298.54
16.738,-68.874,-400.77
-36.016,-183.83,-549.63
-14.368,-146.87,-442.75
19.58,3.7784,-188
34.623,21.81,-249.12
19.1,-77.971,-412.46
-5.5275,-175.51,-478.3
15.858,47.323,-131.48
31.474,-77.748,-393.38
13.038,-152.26,-448.31
59.264,58.769,-156.93
8.4341,-137.99,-419.91
60.061,45.779,-132.12
31.273,-29.821,-241.73
-4.6936,-205.97,-527.48
9.58,-176.02,-551.28
5.1396,-40.824,-352.79
-9.6301,-214.54,-539.84
8.4708,33.597,-188.39
24.33,-85.581,-416.71
21.975,22.243,-248.98
-12.555,-127.26,-414.91
-22.027,-201.86,-524.88
-34.986,-179.96,-546.67
-2.5082,-173.43,-564.18
-0.64574,-142.17,-517.8
10.577,44.842,-167.39
68.937,85.472,-79.738
19.339,-107.94,-374.51
17.746,-85.24,-423.96
27.864,72.104,-70.316
14.739,65.421,-138.26
49.364,92.635,-121.34
10.813,-64.505,-302.04
-0.16998,-114.1,-383.77
57.049,48.363,-176.54
-7.2228,-48.743,-338.73
-14.684,-134.53,-427.37
13.323,-191.39,-537.66
-10.153,-62.471,-360.07
52.963,1.021,-222.55
54.654,33.417,-202.07
1.5373,-26.043,-262.5
-29.502,-156.14,-491.78
53.152,38.95,-199.09
26.026,34.837,-227.54
9.7026,-156.82,-528.46
20.553,-154.36,-472.45
24.083,27.866,-239.59
9.7044,29.51,-213.92
-5.0696,-168.31,-467.11
33.139,-16.278,-309.79
34.383,-79.67,-386.17
28.296,-102.15,-376.76
66.198,78.576,-107.49
-8.4888,-94.259,-366.81
3.2928,-87.232,-432.01
20.841,14.05,-263.44
12.333,-48.78,-276.71
19.904,-13.383,-311.38
23.383,-32.313,-245.02
-12.532,-101.21,-383.79
-2.7401,-163.96,-550.78
24.018,-141.67,-463.93
31.364,74.98,-61.009
-15.257,-178.11,-486.21
-18.837,-145.93,-448.34
47.183,-21.347,-250.68
-11.215,-212.04,-535.62
-28.596,-161.19,-529.96
58.648,30.102,-180.1
-4.9258,-53.119,-360.59
56.107,22.354,-176.71
25.142,7.3389,-276.13
-3.4303,-97.986,-447.53
47.3,55.374,-184.4
66.212,72.091,-109.15
-3.8853,-139.01,-513.83
1.0768,-80.944,-334.79
59.262,83.583,-123.31
63.501,64.242,-98.722
44.866,35.107,-126.97
-15.63,-123.92,-482.15
4.3791,-84.073,-336.16
0.68315,-68.881,-399.67
55.437,56.149,-95.633
14.414,46.935,-136.87
21.981,-36.997,-349.38
-13.8,-197.29,-513.28
47.879,-16.12,-277.96
-5.4168,-37.729,-310.5
30.57,-60.888,-298.67
-2.9984,-89.873,-433.84
14.42,-4.5204,-207.08
7.7541,1.6009,-211.94
54.505,19.726,-175.92
-35.675,-181.99,-545.32
8.15,-14.313,-306
56.74,27.895,-164.48
63.222,65.975,-133.8
9.8324,-86.298,-336.46
56.046,57.704,-93.316
15.154,-183.18,-529.89
-0.93881,-24.853,-307.7
-2.4404,-47.583,-354.83
17.695,-157.61,-468.07
-28.758,-193.19,-522.33
28.196,-64.591,-303.31
23.477,-119.77,-402.51
28.248,-118.61,-416.72
-20.406,-204.88,-527.82
15.5,-40.512,-261.58
9.8333,-11.647,-224.73
63.153,54.921,-127
6.4941,16.104,-202.31
-20.456,-118.69,-426.14
11.988,6.7158,-195
3.9725,9.6838,-233.37
47.429,-27.741,-283.28
33.952,-58.643,-365.76
64.264,65.463,-128.05
6.2333,-89.82,-436.26
10.874,-72.814,-314.92
19.206,41.582,-130.98
21.629,67.138,-89.74
41.558,33.222,-129.04
12.345,-78.417,-417.2
-18.738,-102.43,-420.2
22.39,-141.46,-447.24
39.256,4.458,-182.21
-4.9097,-36.849,-317.93
40.258,82.965,-141.75
-17.329,-137.29,-435.3
17.09,-91.548,-344.76
42.119,50.811,-96.627
-6.2929,-88.11,-355.06
10.902,4.7725,-199.98
-13.015,-77.689,-367.49
23.874,28.755,-143.61
31.022,-100.77,-382.62
5.5993,-55.662,-293.53
65.027,81.164,-110.68
36.369,-72.112,-372.11
14.727,38.731,-207.58
39.625,74.518,-156.92
-26.555,-139.11,-475.7
51.58,111.76,-87.439
65.893,73.982,-84.519
43.562,-24.92,-302.67
10.638,-131.07,-493.95
12.614,-155.07,-521.33
9.2911,-14.955,-308.61
23.479,92.999,-106.21
19.546,-61.056,-387.42
-24.347,-148.9,-515.17
49.894,-5.1101,-220.45
7.0502,-143.67,-428.84
23.863,-64.838,-301.06
11.712,-8.8937,-299.6
-24.28,-143.28,-459.21
66.838,83.596,-62.347
25.276,29.816,-140.44
17.189,31.851,-148.98
-5.2905,-41.041,-328.94
66.403,101.98,-81.111
56.524,30.245,-157.21
10.159,34.963,-167.92
-28.928,-151.74,-488.29
19.911,19.609,-162.81
-16.674,-107.39,-446.73
45.274,-18.34,-290.26
60.391,40.781,-150.58
24.989,-132.01,-435.22
44.361,81.806,-142.68
26.488,-109.86,-439.96
-31.108,-171.89,-506.96
14.87,61.374,-152.67
-27.851,-164.58,-539.42
35.372,-51.974,-287.65
16.34,-114.54,-465.34
13.679,54.636,-165.21
27.698,74.704,-66.619
45.41,6.3467,-259.79
41.72,-50.5,-331.9
50.722,-5.5593,-255.48
7.1459,-200.43,-531.53
53.032,96.402,-112.08
53.614,18.959,-174.5
55.151,66.316,-156.32
54.613,13.197,-194.59
36.358,63.054,-76.373
6.481,-136.12,-416.3
-23.592,-129.76,-473.25
-15.696,-88.494,-389.99
-24.975,-147.63,-510.87
-17.209,-124.98,-481.71
1.7662,-65.033,-393.67
-24.316,-145.54,-508.17
17.533,-168.82,-495.63
30.938,-102.84,-387.64
5.4443,16.039,-211.11
39.122,45.03,-208.09
7.5868,0.32189,-213.97
-18.302,-113.11,-412.98
-24.046,-135.99,-487.34
1.8625,-31.232,-267.57
32.331,-46.669,-353.61
14.657,-115.31,-468.41
-1.8124,-148.06,-435.42
16.227,-6.184,-297.83
18.521,-146.55,-446.58
2.1258,-17.571,-251.5
16.915,-36.408,-254.18
30.915,1.8278,-184.99
19.916,44.26,-204.79
49.305,-4.7348,-262.03
16.16,-144.72,-438.53
-2.7242,-103.02,-369.98
44.225,-16.191,-290.96
31.324,-38.389,-257.43
2.1689,-8.5052,-279.35
44.756,113.4,-86.552
-23.113,-123.08,-452.74
-26.206,-144.25,-498.55
9.5111,-196.41,-529.3
45.87,5.441,-260.05
52.355,47.59,-109.07
5.1748,15.945,-222.37
-6.8368,-78.889,-409.6
54.231,12.467,-194.3
-14.739,-116.83,-470.07
16.452,-88.906,-430.25
20.472,94.599,-88.539
4.0375,-71.173,-405.56
3.3895,-94.084,-443.08
-35.12,-187.99,-534.77
-3.3995,-29.067,-304.23
-7.2206,-95.598,-440.36
-15.232,-150.34,-529.57
23.794,-142.15,-468.66
17.721,67.814,-148.44
59.688,77.416,-57.493
38.277,40.752,-114.89
36.334,-50.273,-285.82
30.712,-109.43,-417.09
0.77935,-180.92,-488.23
63.263,58.122,-138.44
16.271,-174.25,-503.44
25.353,-62.117,-383.92
34.67,-22.128,-229.43
22.355,-51.793,-371.74
58.121,34.824,-186.21
44.558,-11.447,-284.47
38.833,-29.876,-248.58
34.583,21.834,-149.12
38.652,32.042,-130.66
16.652,-152.4,-509.26
-7.0535,-52.232,-320.38
23.175,98.056,-93.029
28.008,-77.733,-327.64
15.763,-87.657,-337.95
27.465,96.123,-108.01
0.53173,-9.0979,-255.84
28.861,-64.863,-304.41
35.9,56.964,-87.075
19.383,-148.92,-497.6
67.321,82.923,-97.581
-9.7316,-204.65,-524
55.628,96.232,-109.59
48.85,29.011,-221.88
-0.64512,-173.08,-562.18
26.999,-5.4086,-297.05
3.5355,4.7614,-228.22
-14.064,-93.281,-423.17
59.549,79.223,-53.482
-35.1,-181.61,-533.12
-3.098,-174.48,-566.08
26.566,-129.24,-439.83
46.106,-13.024,-226.98
3.7933,0.26132,-263.85
29.409,17.436,-258.4
23.223,82.93,-128.49
14.903,42.709,-199.13
0.82308,-48.645,-362.57
15.867,-118.09,-470.58
64.446,63.958,-126.91
6.2359,-5.6582,-285.19
54.007,12.791,-192.09
25.459,-125.93,-421.7
44.847,8.3904,-179.54
31.417,65.78,-172.07
-18.195,-120.87,-471.52
-22.227,-120.98,-455.78
-5.5108,-79.054,-411.85
22.554,23.371,-153.67
22.061,78.371,-73.766
41.016,71.617,-59.444
-25.09,-162.91,-480.47
-24.013,-129.77,-470.37
36.096,86.966,-133.99
14.669,51.343,-178.23
-25.744,-192.99,-517.3
12.638,31.972,-217.65
-14.67,-204.6,-524.55
13.222,24.118,-236.02
27.858,-123.22,-430.73
53.206,62.72,-165.01
50.88,49.278,-103.97
-28.515,-155.16,-485.26
29.652,39.764,-120.24
15.973,-127.23,-482.04
36.715,11.305,-168.35
26.05,7.5302,-275.75
24.16,69.986,-80.067
40.591,18.795,-155.77
56.165,102.49,-98.949
60.58,77.342,-59.181
36.062,-84.066,-368.06
-3.3097,-49.79,-303.06
-27.421,-193.4,-520.33
-2.2713,-56.259,-307.66
21.017,28.579,-236.57
-23.25,-123.96,-455.48
33.622,10.566,-169.32
36.206,-83.479,-367.7
1.3088,-72.368,-322.49
21.836,-151.92,-479.82
-7.0941,-118.4,-396.02
-11.056,-134.31,-504.83
2.1985,-127.96,-495.55
28.955,73.643,-155.58
34.082,-93.848,-385.49
17.993,-11.289,-213.4
29.282,28.336,-239.64
14.773,-111.58,-463.26
15.829,-158.92,-517.89
-6.0947,-110.08,-466.6
-13.759,-79.856,-388.26
2.1019,-8.8117,-243.79
-31.054,-178.26,-560.19
17.961,46.844,-196.49
9.7415,6.8933,-265.74
12.097,-100.47,-358.81
-30.981,-160.49,-504.61
-9.4132,-171.52,-564.64
41.104,63.068,-176.45
11.389,-140.66,-426.03
14.618,-173.39,-534.28
42.029,28.358,-138.36
12.674,-31.223,-249.49
19.313,-2.526,-198.27
-1.1355,-155.67,-447.07
21.35,-9.9024,-305.53
32.374,-5.9953,-198.98
44.942,-14.465,-227.39
0.30305,-44.804,-354.34
20.448,27.284,-238.61
50.904,31.058,-214.87
-4.4363,-129.67,-499.23
55.792,43.197,-186.68
60.814,57.922,-152.43
16.181,-69.628,-308.19
49.471,-17.759,-258.13
-6.8491,-45.568,-319.41
-13.023,-125.66,-488.41
-19.583,-34.327,-313.1
9.2476,47.689,-139.59
18.09,-82.03,-379.42
-4.267,-125.49,-426.63
-44.234,-163.9,-565.24
-26.978,-151.38,-470.03
-6.1855,-73.1,-435.33
-5.5114,-80.013,-352.48
-16.39,-195.26,-538.26
-5.6283,17.687,-273.47
-23.923,-52.521,-378.41
22.326,32.224,-257.09
-7.1242,39.817,-202.68
40.096,31.02,-185.11
40.494,24.441,-207.63
0.49222,-140.36,-458.09
48.026,79.735,-92.694
1.5774,-158.8,-500.03
-26.765,-95.279,-462.46
-7.5448,-145.88,-459.46
-3.5625,49.878,-204.4
-20.929,-80.678,-442.68
10.492,84.189,-82.056
-2.3775,-94.329,-375.18
8.0907,-55.931,-312.78
-9.7563,-156.91,-557.47
1.1279,48.17,-153.33
-13.615,-7.8083,-265.16
13.659,-61.138,-401.4
8.3437,-53.406,-308.48
-44.146,-141.42,-505.54
-4.2433,28.559,-193.18
35.817,23.747,-247.75
22.122,19.932,-276.57
13.089,-1.0082,-315.78
-12.133,9.039,-245.64
36.696,97.602,-138.4
41.101,111.98,-110.47
44.924,87.279,-141.6
22.77,71.097,-191.51
-4.6826,19.147,-272.23
-10.963,19.829,-239.69
5.3622,-145.11,-506.17
-17.034,-149.85,-463.53
-0.66243,-161.42,-543.76
22.082,-69.154,-378.18
20.999,-46.072,-307.12
-8.5338,-68.154,-335.86
-27.061,-77.881,-426.93
30.411,45.585,-136.83
-10.558,-81.135,-356.69
51.571,92.539,-73.964
15.081,-50.226,-307.01
36.87,117.83,-104.54
-33.368,-128.56,-515.52
8.0319,-72.53,-341.92
41,62.273,-185.07
4.8203,-138.92,-465.04
0.53163,44.291,-228.97
-30.828,-135.21,-530.18
4.5303,-152.88,-507
-8.4187,-158.91,-481.36
-23.183,-190.22,-526.96
-11.699,14.708,-256.18
55.945,105.58,-69.031
-41.827,-139.09,-517.71
3.888,-143.45,-472.27
-1.9121,33.618,-247.02
21.336,-71.436,-385.64
19.836,114.27,-110.61
1.654,-62.088,-322.3
-1.6117,61.353,-148.43
0.61544,-136.8,-451.49
21.58,-31.213,-278.11
-34.459,-150.2,-476.75
30.115,47.432,-225.62
30.308,2.1762,-224.03
22.758,45.187,-235.72
8.486,-131.01,-483.14
-0.74433,66.624,-172.69
12.7,-90.153,-436.97
5.2899,-12.037,-239.37
-7.5149,-146.85,-541.56
-1.4228,-24.737,-356.8
16.888,-52.046,-312.5
-40.76,-127.55,-491.4
-15.285,-78.084,-442.23
-0.9551,-178.41,-544.22
-12.901,-5.0803,-259.73
-1.9229,25.835,-190.76
8.8283,-126.59,-451.17
36.452,20.62,-197.66
2.9712,93.287,-102.66
-40.706,-180.45,-523.94
7.4337,-112.42,-473.67
-32.801,-93.726,-443.3
9.7604,-29.545,-361.81
-12.414,-65.34,-421.96
-4.1425,-43.685,-388.05
49.892,119.85,-84.768
-3.0048,-55.123,-312.49
10.768,120.61,-81.324
44.965,100.46,-122.64
36.839,95.106,-142.33
48.769,69.186,-145.01
50.314,86.948,-124.64
27.036,-38.975,-339.78
30.137,-30.112,-311.47
-26.538,-61.518,-366.19
15.052,-103.25,-426.27
20.947,129.95,-80.514
0.2532,8.2957,-299.27
30.905,63.342,-103.24
-9.1773,28.566,-229.49
-19.16,-44.702,-321.14
-9.9461,23.317,-225.82
5.2641,8.6478,-300.91
7.9932,97.929,-126.88
-7.0451,-155.26,-551.54
41.043,92.797,-140.73
25.066,-53.86,-355.74
25.349,65.581,-200.12
-18.569,-143.91,-454.68
-11.684,-102.8,-482.22
0.75275,-159.2,-536.72
46.908,59.987,-141.3
16.396,10.357,-295.92
-0.279,-12.015,-243.69
37.044,105.69,-124.77
-25.648,-172.63,-500.15
-28.825,-150.94,-557.7
-3.725,-101.8,-476.74
25.017,97.375,-144.33
-18.089,-95.588,-383.99
18.485,87.673,-64.917
17.3,73.457,-89.314
11.698,-13.466,-336.04
-6.7989,35.459,-227.33
9.3061,70.225,-104.83
6.5639,110.59,-87.094
-2.8517,60.254,-177.57
-10.355,-122.62,-511.04
-41.164,-129.11,-477.88
13.015,56.119,-217.85
-7.0981,39.561,-209.71
9.6979,91.594,-73.299
9.6379,104.92,-115.1
41.282,75.989,-86.715
33.857,9.3752,-270.11
25.444,-29.408,-337.84
-28.362,-105.9,-412.39
5.0155,-63.147,-324.31
9.468,-125.08,-450.53
16.763,51.263,-227.22
35.987,47.196,-216.82
2.4906,4.2153,-215.72
36.972,25.646,-187.47
-14.256,0.61281,-264.36
9.6801,-49.431,-302.02
42.424,72.666,-167.56
-10.281,1.1771,-243.89
46.935,98.399,-121.53
21.059,15.025,-285.11
48.09,74.574,-105.91
28.363,42.643,-141.31
-21.888,-116.97,-417.56
-21.371,-35.203,-343.65
-32.435,-87.602,-426.67
-48.824,-174.92,-537.14
-5.6526,-88.664,-458.88
-1.5371,66.511,-145.53
38.525,67.994,-99.654
-14.901,-89.513,-461.3
-29.946,-79.169,-418.91
32.585,-9.8775,-292.66
11.615,41.185,-147.54
49.151,70.608,-124.85
18.149,0.49587,-215.84
3.051,-66.055,-328.9
51.111,83.587,-122
-14.098,-153.72,-557.75
-0.090408,-172.13,-546.05
11.881,-13.511,-239.91
25.855,-23.168,-268.92
27.689,21.122,-182.25
-12.778,8.2693,-251.3
-13.067,-199.92,-550.36
-35.746,-103.12,-438.07
-0.76428,57.681,-195.79
-16.624,-156.93,-564.21
-15.043,-5.4532,-271.25
8.663,-94.113,-450.64
-13.367,-36.874,-297.92
-1.5339,45.265,-164.55
32.879,6.1562,-276.77
-9.9235,-58.57,-322.93
-5.6899,34.89,-234.09
26.449,-6.6115,-235.81
10.979,-18.659,-344.47
-4.2715,-169.84,-507.23
42.525,57.191,-129.71
15.464,16.997,-186.43
-24.247,-68.51,-361.01
32.11,-17.001,-298.51
-17.704,-180.95,-513.23
-7.8317,36.205,-211
-0.12072,74.428,-131.7
33.454,105.82,-127.06
6.5411,-32.577,-272.85
9.743,-4.3224,-322.47
-2.6529,-186.44,-557.4
2.8861,-4.9532,-229.71
3.6961,23.115,-185.03
-11.101,-54.417,-318.27
8.9721,-121.34,-438.72
20.115,-71.585,-361.78
38.077,13.245,-246.24
1.4104,78.838,-149.95
30.637,-18.833,-273.1
31.189,44.575,-139.33
-30.381,-81.754,-423.67
7.9625,34.094,-162.66
13.003,-91.423,-437.38
19.818,15.917,-188.23
-37.713,-118.98,-485.36
32.974,63.134,-104.59
-8.4885,-97.607,-473.4
4.3277,101.3,-95.801
-34.892,-114.08,-437.8
-13.992,-162.45,-484.09
0.58169,-77.063,-438.25
-37.059,-158.2,-565.1
-22.145,-141.73,-543.71
22.408,125.79,-90.014
-13.523,6.5924,-261.81
-13.43,-93.421,-467.78
4.6405,42.794,-153.78
15.409,16.555,-187.22
-18.365,-86.776,-372.13
25.003,-37.336,-297.65
-3.8505,-137.13,-447
18.208,-36.774,-362.5
-48.103,-161.19,-542.52
52.787,90.508,-88.145
-0.36089,-172.32,-526.37
26.403,28.598,-258.84
-8.7096,30.774,-215.37
-35.532,-133.78,-522.19
-31.725,-83.252,-409.11
-4.4331,-43.914,-296.18
13.305,-80.218,-362.19
-35.713,-120.66,-495.69
24.17,28.403,-261.52
-21.222,-53.051,-336.08
42.179,86.563,-66.169
32.764,3.1557,-280.39
-23.147,-67.112,-356.39
-26.772,-151.95,-470.69
40.78,42.04,-160.19
-34.67,-102.98,-458.42
-28.589,-122.4,-432.96
44.313,124.17,-87.206
1.9318,-123.88,-498.37
32.606,1.88,-282.26
-26.954,-65.083,-369.73
-3.0839,34.097,-182.94
-44.947,-148.76,-527.38
40.886,51.769,-137.97
-0.73606,-0.66156,-226.97
1.751,-165.37,-521.91
14.222,-53.414,-312.12
-10.926,15.305,-261.06
-8.1475,-20.646,-266.77
17.172,94.958,-146.34
-13.464,-104.93,-485.82
25.833,-36.526,-343.59
34.398,50.435,-215.03
8.5842,118.44,-77.091
-31.443,-128.23,-444.79
21.412,4.4072,-300.75
-31.063,-85.674,-430.7
-17.336,-60.162,-335.29
36.501,101.15,-132.75
34.356,125.32,-92.854
16.106,-87.818,-385.45
44.417,52.077,-149.01
50.565,102.1,-106.96
-12.515,-122.58,-512.15
11.877,-117.26,-444.33
30.831,-21.92,-282.64
-11.622,13.554,-261.38
-43.379,-150.46,-538.78
18.751,-35.144,-359.47
-3.4844,-147.41,-465.76
9.623,-2.9795,-222.38
-2.3788,-36.275,-282.87
6.5004,-6.6317,-229.87
7.2921,11.998,-198.9
-0.50831,-174.94,-548.62
-13.645,-138.86,-536.42
4.9371,77.742,-104.39
5.735,-144.4,-503.34
16.522,116.68,-102.34
50.56,93.262,-117.24
8.8342,96.971,-68.438
14.527,-73.734,-414.79
-1.0558,-174.8,-553.35
4.982,-124.18,-434.4
-15.95,-14.746,-317.25
-20.521,-121.15,-422.26
28.784,70.549,-189.7
11.065,84.714,-160.93
16.108,-95.21,-426.25
3.8831,16.705,-194.71
17.8,-84.175,-383.69
7.2254,-113.84,-475.67
20.371,61.185,-107.87
-40.514,-131.91,-473.54
-24.858,-63.588,-401.66
6.8424,-137.26,-495.16
25.202,91.01,-155.78
3.7472,21.515,-277.22
13.321,102.04,-128.27
-2.4649,29.73,-254.17
-9.7377,-21.172,-344.88
-15.002,-2.8371,-288
-10.899,18.437,-234.57
5.0029,-96.864,-460.31
-0.21672,-175.03,-539.62
4.1681,95.761,-116.83
31.287,15.461,-197.84
46.816,61.998,-134.2
-40.117,-126.14,-469.53
19.06,-64.941,-393.32
20.293,45.348,-236.67
-12.198,-74.281,-347.91
-45.293,-159.86,-553.84
8.272,68.926,-189.59
8.4025,-111.98,-470.64
5.3415,-126.13,-493.06
-17.143,-72.203,-430.96
-21.711,-43.708,-329.8
-3.4599,58.417,-165.12
-28.984,-164.64,-490.26
2.5628,-109.02,-479.28
-7.6208,0.49103,-237.43
3.7691,7.8117,-208.76
0.77718,-121.24,-497.23
9.6275,-116.94,-430.77
-35.344,-141.5,-536.87
-13.109,-134.13,-438.69
11.218,-32.842,-273.46
14.265,106.92,-119.47
24.058,-59.233,-363.22
20.434,73.524,-86.723
3.6231,-140.39,-511.43
6.5924,43.722,-237.51
28.538,35.567,-154.92
46.962,97.318,-122.97
-20.562,-54.586,-335.77
-46.268,-181.52,-535.5
37.753,13.294,-248.84
-36.024,-117.54,-488.11
5.0417,-128.81,-443.89
-4.1188,-82.862,-356.64
-29.793,-160.29,-484.78
-12.041,-7.2417,-312.57
16.721,66.515,-101.29
-11.567,-34.406,-291.34
19.449,125.12,-88.647
-24.409,-123.11,-513.47
13.68,36.601,-153.57
-34.112,-176.16,-510.53
-4.7838,49.992,-177
-32.312,-87.046,-425.86
30.614,20.461,-186.63
1.0879,-70.93,-429.01
-5.4194,-169.57,-504.54
49.222,92.555,-65.89
-21.827,-47.548,-374.65
3.7017,-50.92,-397.75
20.698,-71.204,-363.77
35.458,73.351,-178.65
48.519,65.721,-138.61
32.878,106.15,-126.81
10.242,-92.958,-446.02
0.089113,75.609,-129.65
-47.153,-191.61,-548.56
41.058,37.056,-214.22
-31.047,-157.42,-567.6
27.759,-3.2419,-301.29
23.964,54.226,-220
1.7101,77.46,-117.38
-19.084,-22.24,-318.17
4.6383,40.05,-157.89
-26.607,-58.342,-374.03
0.72817,80.132,-123.65
17.946,-87.689,-395.43
12.542,-28.601,-346.91
-28.63,-3.4618,-281.24
-18.755,-125.49,-454.07
-27.714,-28.774,-309.45
12.554,-16.995,-291.57
-40.869,-100.65,-423.91
-13.541,-63.167,-350.66
-20.72,-53.297,-336.76
-5.3794,-25.434,-287.87
-46.205,-74.244,-435.46
-35.681,-20.45,-330.96
-7.646,-84.519,-391.14
3.0127,-36.674,-385.57
0.86019,65.81,-130.39
-13.007,-90.523,-479.12
-18.797,55.44,-224.99
5.3209,100.41,-166.95
10.666,143.26,-88.095
-14.627,-100.2,-413.03
-15.327,-104.99,-500.92
-21.707,41.889,-247.5
9.1748,-13.287,-276.25
13.584,27.425,-200.69
-5.9212,108.02,-77.216
-36.487,-23.946,-346.03
-5.6626,88.362,-103.53
-34.032,-74.198,-460.41
7.5495,8.9548,-317.53
-33.559,-185.28,-546.63
7.51,-56.884,-386.02
-43.046,-91.567,-416.71
10.57,-34.51,-361.14
-32.136,-43.185,-406.21
-15.983,-116.37,-440.37
19.84,6.2881,-285.91
21.517,19.259,-269.58
23.107,127.16,-115.38
-51.98,-101.59,-478.91
-13.108,-137.52,-485.17
-12.147,66.931,-148.02
24.835,69.24,-202.62
-25.631,-141.54,-477.22
-19.276,-179.69,-561.97
10.652,-36.699,-332.84
-35.64,-19.727,-338.76
-15.085,19.288,-307.35
0.45744,-39.494,-316.08
-6.9852,-117.88,-460.48
-17.807,22.443,-298.69
38.937,104.19,-99.131
-11.016,43.105,-180
-1.8698,103.99,-73.392
-6.8215,-124.27,-479.71
-7.5199,-73.772,-449.95
-9.1148,97.762,-154.92
-8.8344,-116.85,-452.28
-7.3999,76.884,-123.6
-8.6396,-132.36,-491.51
26.548,58.071,-158.4
31.342,126.19,-107.42
-5.212,-57.027,-424.94
-9.7042,10.139,-230.06
8.4289,-50.674,-360.09
9.2611,70.246,-220.19
-4.1287,115.9,-126.05
2.0286,17.697,-309.96
-58.981,-146.08,-514.45
9.0387,51.789,-152.13
30.603,114.08,-126.84
-7.9383,-130.51,-492.27
-54.397,-109.53,-477.51
-27.804,-119.68,-532.57
-0.86779,118.06,-127.26
-42.687,-123.53,-456.16
-53.498,-107.54,-467.86
-16.884,0.4414,-252.16
23.961,72.669,-121.47
23.384,78.336,-109.2
-29.564,9.1447,-278.22
-53.987,-131.59,-485.87
-12.476,-76.064,-372.61
-47.068,-153.21,-500.78
-42.239,-79.074,-459.5
-4.6778,-115.23,-477.74
-16.019,-13.405,-272.23
-27.293,-161.59,-510.21
-21.776,-138.07,-552.04
0.69417,-9.5874,-352.18
-65.364,-169.43,-556.78
33.443,74.785,-150.56
-3.4396,-29.108,-294.73
-44.827,-94.686,-485.46
33.013,115.88,-119.4
-19.88,-96.457,-404.69
-20.55,6.2423,-326.68
-36.482,-24.857,-336.93
-49.983,-130.28,-475.48
6.5681,-42.664,-332.32
1.7111,-84.445,-430.96
23.729,24.097,-237.82
6.0533,-62.73,-380.74
0.97446,78.858,-108.74
12.22,32.584,-277.16
0.24365,-92.096,-440.89
9.0476,-16.187,-281.93
8.9055,107.32,-154.89
8.7334,52.161,-151.43
32.939,71.785,-159.57
-15.575,64.628,-161.18
-31.316,-21.562,-364.56
34.214,86.071,-150.47
4.5664,-59.741,-405.83
37.919,132.73,-84.491
27.298,44.306,-198.82
8.6748,86.236,-90.865
7.3231,-56.488,-388.5
2.2464,41.419,-271.56
-21.439,-10.239,-356.48
12.229,68.521,-221.25
-31.743,-81.262,-473.54
-21.454,-19.189,-286.68
8.4344,-6.3893,-337.06
-61.966,-146.2,-530.91
-30.048,-96.032,-497.54
0.25985,65.298,-131.72
21.272,16.758,-241.96
26.59,37.978,-218.9
-36.609,-61.888,-368.3
-49.365,-102.28,-491.15
-12.213,101.39,-128.63
7.7064,72.247,-217.41
34.483,84.798,-122.76
-5.1242,-29.431,-386.45
-27.7,7.3396,-310.09
-2.8497,120.85,-117.82
-24.168,33.392,-230.05
4.7951,-5.8174,-256.9
-12.911,60.812,-158.15
-13.186,-155.4,-539.63
2.8478,-73.726,-422.59
13.228,118.29,-134.98
28.676,50.652,-189.44
-29.841,1.4786,-316
-2.8124,101.33,-79.085
-1.4503,64.855,-230.73
31.311,90.336,-157.96
-12.577,39.558,-187.77
-33.804,-87.763,-397.79
-24.305,-52.464,-338.17
23.967,51.809,-227.5
-22.108,-69.679,-455.64
-19.341,62.997,-198.33
12.541,115.67,-139.75
-32.441,-9.2917,-331.8
-48.842,-94.97,-476.5
-7.2602,-71.05,-446.09
-38.934,-92.706,-488.9
-38.627,-111.19,-435.07
-2.189,35.34,-183.6
-23.834,39.658,-227.8
-7.5042,-58.011,-429.12
-1.2331,85.703,-191.68
-16.337,-6.7325,-353.18
27.323,49.914,-216.26
-24.658,-100.84,-503.42
8.0029,32.73,-281.79
-25.859,-7.8434,-346.9
-24.413,-143.39,-480.98
-21.461,51.07,-204.57
14.503,77.359,-204.97
36.668,92.078,-119.81
-8.6862,99.601,-151.84
-6.1344,-42.835,-317.77
1.2657,-62.691,-362.5
-13.344,-3.2271,-254.15
1.1487,-47.476,-402.4
-44.795,-95.832,-425.39
-44.76,-142.47,-483.88
-22.234,-84.654,-478.39
-13.723,88.659,-159.52
14.458,5.5125,-309.13
27.393,70.294,-132.61
21.12,20.886,-270.45
-10.562,-85.587,-469.46
-34.954,-122.37,-447.99
-38.002,-32.142,-349.45
-12.586,93.006,-120.3
3.9419,-58.969,-407.56
6.9172,93.523,-179.89
-45.927,-110.19,-513.07
-14.79,-118.72,-445.79
23.311,24.103,-233.33
26.362,51.665,-219.41
-7.3639,-98.034,-417.2
34.459,122.21,-107.29
-14.508,23.567,-214.51
24.677,31.591,-242.81
-18.865,45.343,-194.7
26.063,38.577,-207.67
-10.551,-59.451,-344.95
4.9819,77.068,-108.57
-18.379,-113.62,-516.02
-11.059,13.613,-319.54
-10.622,43.923,-264.69
-5.3333,-52.338,-418.84
-19.584,61.054,-203.38
-9.9817,-98.426,-414.15
-41.851,-53.253,-379.08
25.87,88.125,-173.72
-4.8025,-87.348,-460.92
-41.409,-181.8,-539.34
-10.989,55.621,-161.39
10.136,-19.274,-290.43
13.124,-18.93,-338.29
-14.937,87.663,-144.68
-39.479,-129.03,-549.24
5.3643,-50.925,-395.42
19.064,48.466,-243.36
-0.36626,-93.874,-446.99
-39.785,-46.947,-395.64
-13.553,-22.029,-283.96
-5.0293,-0.53445,-342.48
-12.915,55.743,-165.12
-14.298,24.701,-212.51
-17.915,10.139,-239.36
-24.757,-18.992,-369.54
-6.5801,-124.73,-486.35
-7.0402,-92.199,-471.34
21.122,13.273,-274.67
-2.1023,-47.777,-329.03
-6.9085,97.357,-161.04
1.4149,-54.026,-409.55
8.4992,-5.5119,-335.8
4.9745,-59.219,-365.11
-14.145,-129.64,-467.14
-9.7866,115.57,-97.811
-44.096,-74.808,-446.12
-10.592,103.06,-101.23
-24.296,32.913,-231.15
-55.353,-168.05,-530.33
-46.706,-134.31,-475.3
3.7516,86.869,-191.64
-16.261,-165.76,-564.95
-2.3618,9.2244,-228.2
-41.093,-54.699,-374.99
-16.396,75.499,-181.77
15.434,57.857,-142.91
25.164,43.909,-231.99
-47.621,-102.39,-439.37
-17.357,-174.44,-560.53
-15.498,53.43,-239.05
-4.8283,-102.55,-432.35
-42.299,-51.981,-386.36
-8.5452,-0.53921,-343.51
19.873,50.585,-161.46
-20.736,40.343,-255.04
-29.364,11.456,-286.9
-20.236,-94.044,-490.96
5.6879,18.524,-212.33
18.784,106.97,-152.47
37.584,115.73,-106.63
-37.979,-186.61,-547.11
-28.927,-82.041,-475.43
-30.321,5.7057,-299.53
-4.3898,15.864,-315.82
-22.459,43.469,-213.83
-18.064,69.174,-172.1
-22.317,-32.894,-395.87
-51.973,-116.64,-514.92
2.2012,-83.269,-424.17
5.0822,-39.422,-322.28
-44.838,-124.33,-539.23
22.915,53.696,-159.77
-8.7446,-134.33,-498.4
-12.987,-115.77,-442.56
19.85,9.3321,-285.01
-18.317,-28.023,-296.53
-11.21,-35.707,-305.25
22.218,15.387,-261.75
7.1393,76.261,-210.61
-32.299,-45.269,-339.21
0.67168,-88.861,-423.54
26.649,63.064,-205.78
-35.015,-29.722,-329.62
36.472,96.822,-99.345
-6.4921,90.414,-176.61
-50.214,-107.51,-451.9
-8.6874,-133.84,-507.71
-20.362,-153.42,-568.13
0.58193,-6.1058,-255.28
9.2122,-47.988,-373.26
-56.327,-122.36,-512.1
-42.289,-54.948,-382.54
-5.2448,87.089,-104.57
-1.0963,32.59,-287.29
17.643,10.79,-242.69
-18.221,-105.01,-504.4
-44.074,-78.517,-405.65
22.169,36.798,-250.64
-2.2431,98.004,-166.61
-1.2676,2.7634,-335.32
-10.204,-70.433,-363.94
-19.896,45.962,-197.9
-15.731,-86.07,-388.41
-37.064,-173.08,-525.57
-14.067,-123.12,-454.84
-22.778,-161.61,-514.68
31.137,68.424,-150.42
-4.1293,-37.877,-309.9
-21.176,-73.146,-367.64
-43.264,-66.026,-392.5
-4.8526,-83.328,-456.63
-18.527,-117.59,-440.53
-42.867,-54.746,-390.62
3.7954,-70.948,-390.02
5.4709,133.91,-102.54
-30.932,-38.71,-328.29
36.961,99.285,-95.082
4.9621,125.46,-118.8
8.3873,61.023,-135.43
-22.628,-20.297,-289.82
-3.6078,64.103,-231.27
35.542,122.88,-103.8
0.55005,-86.998,-416.52
0.89087,84.12,-100.27
-3.6966,-106.57,-472.34
-5.8672,-114,-455.61
21.993,79.23,-193.47
26.01,59.568,-211.96
-3.0482,-3.6097,-346.26
23.429,38.415,-244.45
2.3226,22.308,-302.53
-38.37,-92.345,-409.57
-15.752,-165.37,-542.77
-2.8038,41.375,-173.86
-33.596,-16.93,-346.56
-32.758,-6.0308,-318.09
-55.184,-147.42,-505.51
-43.596,-80.118,-405.7
-31.694,-34.201,-324.38
-19.113,13.401,-236.76
38.347,129.74,-87.206
11.21,59.457,-138.36
-15.12,2.485,-337.59
-14.211,-153.43,-549.03
-11.825,68.448,-145.17
-14.126,25.023,-297.44
5.7553,2.5768,-241.88
-17.911,-0.7784,-341.92
-0.2482,56.558,-146.69
-54.913,-111.73,-484.71
-24.46,36.997,-235.32
18.31,-4.4648,-290.34
-46.616,-139.18,-481.52
-60.089,-157.9,-528.53
-0.14399,-90.373,-445.91
-4.6362,-62.758,-431.53
18.411,76.09,-109.62
-36.875,-111.8,-434.23
10.957,-41.137,-354.85
-34.705,-103.52,-509.08
-46.439,-103.5,-499.76
5.4506,11.939,-224.35
-31.93,-19.087,-308.34
-1.173,107.38,-67.113
7.6258,-50.878,-385.61
-22.597,43.769,-236.72
17.605,39.662,-180.82
-31.734,-52.532,-423.97
-8.4763,-130.87,-507.64
-24.011,-38.524,-404.77
10.704,43.515,-262.49
6.0534,95.391,-176.4
19.193,8.0304,-289.57
-5.8435,84.11,-110.07
-31.915,-11.196,-339.31
3.9814,-42.904,-327.36
22.554,130.99,-109.32
-27.415,-125.41,-450.61
-22.095,49.1,-212.23
32.532,69.61,-164.04
-57.875,-128.25,-519.26
2.4982,-33.674,-382.74
-4.0021,116.98,-123.93
33.764,79.884,-133.14
15.516,92.346,-78.512
0.4435,-61.98,-420.74
-27.867,-108.8,-424.76
-10.868,-30.513,-296.65
-8.3856,25.034,-300.26
-17.865,64.198,-206.04
-32.936,-28.388,-375.26
28.776,52.39,-183.95
-46.756,-77.078,-417.06
27.36,94.127,-81.756
-18.458,-32.765,-396.61
-4.016,71.597,-126.13
-4.8243,-57.572,-344.61
41.568,-252.2,-501.24
99.455,-19.544,-104.63
84.34,46.078,-41.037
80.303,-19.305,-193.38
64.695,-139.33,-319.74
73.595,-242.23,-516.71
40.922,-172.53,-435.19
49.327,-148.06,-362.5
112.14,-84.504,-267.77
60.613,-88.916,-288.71
124.07,7.4394,-130.86
119.18,58.814,-62.273
92.316,-26.651,-120.13
76.565,-2.6593,-130.28
80.409,14.542,-116.16
68.826,-209.86,-512.67
112.26,-26.953,-204.75
81.006,25.404,-81.046
81.883,8.3495,-137.44
59.664,-226.71,-456.45
99.59,-140.46,-360.44
68.86,-167.73,-359.49
52.26,-248.15,-491.5
127.82,15.377,-107.5
62.069,-93.968,-270.29
66.68,-81.431,-297.49
85.883,-138.16,-396.77
96.137,-148.82,-384.07
85.411,-124.84,-378.75
86.74,-185.49,-409.29
132.78,33.944,-48.075
59.226,-147.57,-419.67
110.27,-73.592,-269.63
94.671,-131.3,-373.41
34.05,-221.78,-535.57
39.364,-185.59,-426.39
73.805,-38.203,-169.81
113.96,-41.475,-221.43
94.868,-141.99,-383.93
40.685,-219.8,-457.86
78.516,8.9407,-116.34
98.756,-145.4,-361.79
59.052,-205.8,-422.49
125.99,-9.3068,-125.03
55.016,-186.91,-396.83
111.8,-16.395,-101.94
79.994,-81.014,-217.58
38.938,-253.39,-504.93
73.989,-240.33,-521.3
87.152,-94.058,-331.23
34.028,-259.8,-518.55
82.23,-7.6643,-172.84
95.868,-151.79,-386.43
104.44,-34.239,-225.58
43.448,-165.87,-398.88
27.157,-240.19,-508.24
36.133,-218.67,-532.29
70.047,-233.75,-537.43
75.166,-201.42,-492.05
83.873,3.8933,-151.96
125.26,20.071,-48.206
66.698,-160.63,-349.34
93.186,-149.13,-395.47
83.312,32.852,-53.846
89.921,23.36,-122.4
126.8,29.789,-93.685
62.849,-108.37,-282.51
51.016,-156.64,-364.9
124.32,-19.887,-144.6
68.948,-91.589,-322.53
41.46,-172.74,-411.58
64.079,-252.81,-507.81
65.369,-104.8,-344.09
108.3,-64.212,-191
121.73,-35.078,-169.96
65.538,-65.174,-247.07
37.268,-193.05,-477.96
122.8,-29.217,-167.47
108.21,-22.551,-203.59
78.053,-220.84,-499.09
70.909,-215.55,-442.68
106.41,-29.213,-215.83
88.558,-15.872,-196.55
41.738,-212.28,-446.92
109.58,-81.977,-280.37
97.73,-147.38,-354.09
77.525,-161.07,-348.18
127.61,11.339,-75.468
50.722,-133.01,-351.05
83.383,-144.25,-408.04
103.3,-42.739,-239.86
65.268,-92.088,-257.6
101.52,-72.677,-286.26
73.513,-79.328,-223.44
48.806,-139.32,-368.65
71.181,-223.63,-524.56
78.173,-205.57,-433.02
84.823,34.846,-43.802
34.126,-217.96,-468.71
38.146,-183.31,-433.13
99.699,-84.113,-220.25
32.947,-256.2,-515.03
46.613,-203.93,-513.71
116.31,-36.388,-148.09
74.824,-100.01,-342.44
108.96,-40.844,-146.06
106.63,-52.676,-250.58
76.817,-152.01,-425.31
123.16,-10.106,-155.03
124.47,5.7119,-77.275
73.267,-196.41,-489.31
55.949,-121.99,-317.22
129.88,16.641,-92.504
114.81,2.4156,-68.694
92.544,-16.116,-102.68
63.227,-172.43,-462.97
57.13,-126.58,-317.5
82.003,-122.43,-377.85
103.11,0.61969,-68.844
78.811,8.5239,-121.91
101.23,-99.475,-322.15
32.569,-238.98,-494.37
111.4,-84.637,-245.44
68.053,-78.878,-294.98
79.057,-115.54,-272.48
77.61,-143.32,-412
70.898,-45.363,-189.8
70.698,-37.497,-196.41
106.01,-42.014,-145.97
34.051,-219.75,-531.33
90.346,-66.194,-285.24
108.89,-34.621,-134.14
126.14,-1.7343,-101.68
60.155,-131.42,-316.01
103.76,1.9497,-66.401
67.781,-245.76,-499.57
77.922,-70.234,-290.33
78.125,-95.854,-335.98
65.558,-215.96,-439.66
26.115,-228.98,-507.81
76.537,-118.06,-277.79
71.627,-177.19,-374.67
80.226,-181.15,-386.36
27.585,-244.04,-510.56
67.816,-84.52,-242
68.667,-51.635,-208.22
117.79,-9.6978,-95.728
75.021,-23.286,-187.24
45.601,-156.35,-411.79
71.738,-32.809,-178.86
78.814,-32.285,-217.52
106.09,-94.841,-251.03
103.13,-126.48,-334.28
124.92,-1.7817,-95.939
85.46,-148.67,-411.12
62.082,-117.35,-294.9
77.695,2.475,-114.94
81.569,28.965,-74.406
89.561,-16.215,-105.83
90.855,-139.47,-390.7
54.313,-142.91,-405.01
72.009,-201.79,-417.88
87.56,-47.362,-157.65
71.177,-79.64,-301.75
120.49,23.42,-116.33
40.257,-174.88,-420.04
65.264,-141.04,-321.53
90.163,3.2756,-74.515
52.344,-127.21,-339.04
71.306,-34.636,-183.98
56.808,-117.01,-352.61
77.84,-12.692,-125.7
82.161,-162.38,-352.7
61.274,-96.859,-275.95
129.14,13.584,-78.773
99.293,-139.93,-339.93
95.714,-9.9574,-188.53
119.8,14.322,-131.11
44.309,-177.97,-461.2
129.09,49.887,-60.358
117.87,11.468,-54.169
110.56,-93.587,-270.45
82.921,-194.49,-465.38
79.134,-219.81,-491.34
91.645,-67.766,-287.33
102.56,46.591,-88.268
97.224,-124.2,-359.62
52.366,-193.69,-497.9
101.85,-67.261,-190.31
53.437,-192.3,-405.91
72.392,-115.55,-277.16
94.216,-62.611,-277.81
38.733,-179.95,-445.1
117.35,22.502,-32.654
78.562,-12.059,-122.21
76.071,-7.393,-132.91
71.832,-84.687,-312.38
133.05,34.824,-49.735
107.86,-31.381,-127.31
78.131,-4.1099,-152.97
39.14,-189.16,-474.31
75.412,-21.218,-145.43
61.094,-152.45,-429.43
111.85,-87.064,-257.97
114.79,-23.709,-119.36
75.73,-193.44,-405.35
123.26,20.089,-115.84
90.819,-176.77,-408.46
31.711,-207.63,-493.36
92.075,17.599,-136.05
48.117,-208.68,-522.47
84.461,-109,-260.16
88.022,-179.28,-435.94
91.132,10.642,-148.49
83.541,35.688,-50.331
116.72,-61.811,-228.36
103.5,-118.45,-299.51
112.78,-73.801,-222.95
52.382,-255.91,-504.49
128.95,32.418,-83.597
104.46,-41.931,-144.96
126.91,-0.75519,-125.57
108.02,-50.503,-163.71
86.551,19.798,-56.986
53.483,-183.72,-394.03
51.128,-171.47,-457.54
55.423,-128.14,-375.07
51.305,-191.6,-494.03
61.276,-172.38,-463.13
83.199,-118.86,-371.69
52.179,-189.79,-491.19
67.4,-229.62,-466.03
82.442,-164.85,-357.52
76.829,-24.208,-195.87
118.17,-18.07,-180.47
70.459,-38.793,-198.42
46.445,-150.77,-398.49
51.506,-178.66,-471.17
64.383,-70.455,-251.92
104.99,-113.75,-322.96
87.215,-179.5,-439.42
46.132,-192.18,-415.27
98.681,-62.535,-274.51
65.966,-203.78,-418.77
67.462,-56.713,-236.22
68.992,-80.695,-234.41
80.504,-45.463,-163.2
101.98,-7.7566,-183.94
114.13,-73.423,-229.55
62.758,-199.68,-411.95
51.16,-143.87,-352.4
112.47,-84.839,-258.9
79.921,-90.668,-232.63
81.004,-53.811,-262.02
124.5,55.084,-61.787
49.093,-162.88,-437.86
48.559,-186.13,-482.75
55.8,-253.51,-501.45
116.64,-62.85,-228.48
99.955,-6.9602,-82.838
79.96,-25.978,-206.54
73.563,-128.22,-390.12
107.23,-50.85,-163.6
64.275,-165.09,-451.05
92.018,-152.48,-401.97
95.829,52.426,-72.634
85.058,-127.1,-382.32
82.921,-151.76,-418.66
27.911,-223.27,-521.46
72.607,-71.807,-288.07
73.096,-146.81,-419.78
62.891,-202.17,-508.38
79.152,-206.62,-437.55
96.628,22.054,-130.86
106.9,22.076,-30.762
87.03,-5.9168,-93.358
85.608,-107.82,-258.04
87.413,-174.98,-385.52
45.466,-229.3,-465.24
123.13,-8.9882,-106.32
65.717,-234.68,-474
100.03,-127.65,-354.39
83.244,-74.505,-204.57
99.89,-115.53,-343.58
120.41,-33.207,-153.83
113.45,-80.047,-252.51
87.833,-86.275,-221.44
83.818,-25.101,-127.49
87.149,-15.876,-108.38
80.107,-217.83,-478.52
61.579,-91.559,-305.36
101.21,53.077,-75.801
76.299,-132.77,-301.21
64.393,-136,-315.44
107.93,46.711,-88.489
72.331,-49.573,-240.52
77.226,-118.83,-278.6
85.983,13.278,-67.426
80.655,-214.54,-466.5
127.95,15.931,-65.616
34.764,-249.01,-503.32
130.1,31.279,-80.376
120.75,-38.801,-190.72
71.074,-234.15,-534.91
107.16,-67.608,-270.08
74.146,-35.264,-213.02
63.968,-138.39,-405.87
106.61,24.296,-26.972
31.032,-217.76,-519.67
69.578,-234.6,-539.46
79.894,-192.77,-409.04
96.435,-72.798,-198.03
82.534,-44.933,-246.57
110.27,-43.77,-232.08
103.38,34.79,-109.67
95.552,-5.3939,-180.39
82.364,-99.763,-342.18
87.23,-182.81,-441.15
123.86,-2.9342,-94.864
87.496,-54.622,-266.02
106.58,-50.102,-161.59
75.448,-186.49,-392.27
93.273,-46.715,-153.09
113.12,9.0939,-148.47
59.776,-166.78,-453.74
51.875,-162.12,-440.33
75.167,-129.45,-391.79
76.815,-18.056,-135.8
83.433,40.6,-58.827
89.868,27.097,-39.173
33.431,-199.17,-466.09
49.928,-170.78,-454.97
117.21,30.242,-110.3
93.953,5.265,-160.5
27.026,-229.63,-502.05
93.325,-16.04,-198.96
31.16,-246.38,-505.52
94.872,-25.833,-216.32
81.54,-187.03,-399.82
126,-4.085,-134.53
98.24,-3.9372,-78.491
36.613,-191.71,-471.46
81.457,-2.9305,-101.36
85.602,-192.26,-452.23
85.299,-38.075,-145.23
107.32,-52.947,-249.9
82.209,31.521,-64.349
88.72,-31.948,-131.81
130.84,37.88,-69.96
108.05,21.255,-32.046
91.084,-148.96,-336.68
60.618,-88.747,-287.73
26.418,-229.55,-505.48
59.146,-95.393,-291.93
103.54,-26.469,-214.01
49.317,-163.97,-440.51
82.8,-37.168,-147.23
91.418,-148.49,-336.27
57.266,-113.04,-305.26
75.493,-215.43,-449.08
46.957,-158.44,-378.93
67.705,-187.17,-483.11
78.676,-187.61,-469.64
110.7,19.604,-133.52
89.287,-158.8,-354.09
71.724,-53.912,-194.78
110.68,-31.652,-214.09
87.864,-175.65,-434.4
78.392,-224.17,-487.16
73.684,-163.65,-444.59
61.269,-121.78,-372.46
70.069,-48.22,-228.65
44.189,-221.6,-543.59
99.441,-3.2101,-176.71
91.42,-42.999,-246.08
60.62,-147.98,-336.77
37.538,-197.92,-490.68
65.961,-228.51,-540.15
120.35,0.89176,-149.39
57.622,-191.71,-401.68
74.223,-238.12,-503.51
89.982,-22.001,-114.6
67.249,-73.355,-231.25
73.131,-44.933,-179.79
45.858,-200.73,-426.28
102.84,-69.636,-280.14
81.418,-54.987,-176.13
94.847,-73.421,-198.86
81.656,-94.97,-334.48
102.99,-27.562,-216.17
121.37,-37.082,-183.36
73.718,-186.03,-475.42
123.49,-25.12,-154.75
125.35,-10.11,-120.31
65.934,-116.5,-286.66
105.73,-83.612,-226.33
65.207,-86.018,-304.13
66.133,-176.29,-468.03
59.873,-68.819,-302.11
76.084,11.502,-126.19
81.85,-139.39,-353.39
54.344,-170.81,-407
43.697,-203.45,-552.29
35.348,-186.93,-456.49
85.082,-128.01,-413.84
56.739,-120.54,-336.04
39.245,-239.99,-518.64
88.036,-27.033,-258.16
65.933,-92.132,-365.63
112.79,-27.526,-232.7
78.065,3.5817,-191.34
104.08,-26.395,-159.08
107.45,-35.711,-180.35
59.08,-190.79,-435.5
109.85,24.559,-67.716
62.129,-213.42,-475.22
64.915,-139.57,-447.18
50.2,-191.21,-439.73
87.003,9.6638,-191.36
71.69,-127.46,-426.06
80.329,50.312,-70.336
57.901,-137.75,-356.85
68.835,-101.58,-293.2
71.791,-215.11,-532.98
74.258,14.056,-141.84
64.996,-42.363,-254.04
96.865,-123.36,-374.76
69.161,-98.929,-288.98
38.476,-175.22,-495.32
71.058,-5.7078,-181.85
115.56,-40.302,-219.66
111.56,-40.731,-251.55
104.6,-59.5,-292.25
69.77,-26.09,-234.56
125.01,37.964,-113.84
128.1,51.992,-85.558
126.46,24.471,-114.43
115.34,14.989,-169.48
89.215,-26.141,-256.63
74.974,-16.859,-228.17
74.621,-205.19,-479.19
41.892,-190,-446.93
72.097,-221.52,-517.17
91.815,-130.74,-350.38
82.617,-99.521,-283.12
56.112,-106.41,-321.01
63.815,-119.26,-413.25
90.325,-1.2526,-116.47
53.499,-119.42,-341.76
114.17,36.251,-48.429
75.689,-99.719,-285.19
126.37,60.07,-81.207
57.03,-172.08,-500.53
68.192,-119.99,-321.23
122.42,-1.114,-157.55
65.31,-193.08,-440.5
94.393,-1.1732,-213.26
59.635,-181.34,-513.69
69.845,-211.28,-480.55
48.763,-205.05,-461.09
33.469,-230.31,-510.14
76.483,-23.375,-244.11
123.41,45.437,-41.812
45.243,-176.54,-505.87
64.215,-197.49,-447.78
91.922,-11.595,-231.45
92.199,-133.44,-357.73
113.1,65.38,-92.846
63.279,-104.72,-304.57
78.125,27.207,-137.68
59.195,-186.85,-429.12
82.718,-82.849,-255.11
32.289,-183.01,-465.31
117.88,-14.071,-199.91
91.994,-51.223,-200.07
114.01,-13.585,-212
78.045,-191.5,-455.95
89.073,27.121,-159.97
90.455,-152.57,-409.6
69.365,-51.885,-223.53
74.401,-205.43,-516.89
92.404,-77.893,-336.62
77.704,-103.1,-289.8
44.654,-163.31,-480.35
77.354,-128.31,-423.62
62.418,-235.44,-518.35
65.452,-39.616,-248.6
70.572,-8.8154,-178.89
71.176,-182.83,-425.64
99.188,-35.041,-172.5
85.895,58.524,-91.909
24.617,-212.26,-512.91
84.885,-174.06,-446.71
55.386,-131.89,-431.18
99.79,-88.738,-337.7
80.653,-116.05,-403.11
89.024,-97.143,-367.62
131.56,57.912,-58.119
60.681,-94.849,-296.68
100.89,80.306,-68.177
128.23,38.412,-96.105
124.89,35.188,-117.57
120.22,6.9166,-117.01
125.31,24.047,-96.679
101.1,-102.28,-311.48
99.963,-92.028,-283.5
55.164,-96.136,-355.39
81.639,-162.9,-399.24
113.74,82.62,-63.598
95.021,-42.176,-280.75
90.618,18.602,-84.077
78.208,-8.959,-217.65
56.76,-78.915,-309.91
73.546,-12.269,-214.65
99.566,-44.871,-280.58
99.671,55.672,-112.78
73.019,-214.25,-526.42
126.33,31.266,-114.73
95.988,-116.09,-327.71
116.79,7.6371,-176.9
41.406,-182.82,-438.92
78.207,-157.17,-460.89
72.324,-219.3,-509.99
112.48,0.94739,-114.51
107.58,-48.68,-272.03
66.401,-49.553,-229.49
125.74,46.667,-100.61
33.436,-210.09,-485.13
60.58,-199.89,-539.46
83.236,-159.76,-453
117.69,43.139,-123.39
47.773,-131.71,-370.52
83.275,51.651,-51.38
81.683,36.59,-75.241
102.6,-72.324,-312.22
83.278,-4.2123,-214.54
78.389,35.725,-92.66
93.739,73.38,-75.409
85.328,22.214,-165.52
76.714,-178.93,-488.26
39.39,-162.17,-467.85
107.31,3.6271,-198.11
80.056,2.2093,-197.93
81.263,58.277,-62.099
101.33,62.465,-100.89
100.76,26.103,-64.537
112.66,-54.737,-241.87
104.7,-93.211,-309.84
42.607,-139.28,-401.08
65.87,-107.74,-305.36
72.329,-181.82,-424.76
110.27,-3.9376,-205.82
119.61,-16.012,-189.66
69.27,-33.107,-201.65
99.357,-29.517,-162.56
69.021,-34.944,-253.19
70.488,-95.322,-282.31
124.11,9.5408,-140.22
66.229,-33.291,-232.59
128.24,35.825,-94.477
110.54,-45.593,-260.11
110.97,18.111,-80.306
88.439,-3.299,-121.49
42.889,-152.76,-404.16
67.206,-73.562,-331.45
54.116,-124.32,-415.2
25.478,-205.46,-527.86
83.794,-144.97,-436.38
80.22,31.893,-134.73
98.019,18.894,-77.933
76.939,-141.05,-441.84
58.455,-117.45,-406.74
107.61,-73.602,-264.22
76.627,3.5584,-133.1
115.25,11.173,-97.889
79.235,-44.68,-196.57
64.101,-109.82,-310.45
123.23,21.276,-94.051
70.343,-210.17,-534.6
67.178,-231.03,-519.53
73.759,-56.76,-221.85
87.779,-77.034,-244.72
88.098,-27.362,-160.99
70.546,-27.3,-240.13
42.812,-247.61,-529.05
46.243,-137.17,-427.62
90.965,15.987,-182.02
68.534,-212.5,-541.65
67.066,-40.644,-260.16
89.234,-155.88,-423.97
58.638,-71.809,-285.83
73.951,11.271,-153.4
112.1,-57.949,-248.59
56.562,-95.644,-308.97
85.845,-6.3877,-220.54
87.612,-58.298,-212.78
101.65,-77.593,-320.59
53.567,-220.54,-484.4
104.04,2.9102,-105.22
77.636,-24.819,-169.24
51.412,-102.29,-350
104.98,-80.173,-270.15
38.779,-223.39,-495.03
77.986,-0.37053,-199.52
81.614,39.91,-120.96
123.75,48.351,-103.98
68.808,-74.962,-255.33
102.17,-61.512,-299.8
60.549,-243.29,-531.61
68.61,-43.165,-215.01
71.627,-13.168,-171.7
56.6,-90.823,-304.84
70.502,-176.54,-413.69
83.989,-129,-335.73
110.9,-49.936,-217.86
90.778,39.735,-137.41
95.157,-76.734,-246.84
91.104,-2.9152,-118.59
58.092,-120.12,-411.46
74.367,-2.7764,-148.81
90.094,-153.85,-409.94
80.913,-28.363,-169.49
50.019,-156.91,-473.32
92.497,17.089,-84.649
80.938,-153.18,-451.32
89.395,65.511,-84.701
40.626,-146.63,-427.5
43.306,-205.4,-465.69
88.923,-135.42,-414.44
52.384,-202.62,-549.5
66.704,-193.63,-523.7
115.38,76.848,-72.182
72.193,-29.996,-250.32
77.813,-146.13,-447.57
74.055,7.6466,-141.27
77.58,-25.282,-170.01
48.965,-122.36,-359.14
87.774,-92.942,-272.53
54.227,-183.96,-426.44
102.4,-99.388,-335.74
35.409,-195.41,-532.16
118.23,31.602,-61.414
60.937,-227.82,-501.14
114.4,-33.01,-233.1
75.56,-5.0848,-204.13
54.424,-176.31,-507.74
51.83,-118.25,-398.3
61,-82.17,-281.42
74.005,-132.49,-338.77
53.716,-161.06,-482.4
113.38,-32.4,-236.39
54.96,-87.12,-324.97
101.23,37.69,-44.529
111.41,-60.951,-252.14
51.657,-100.98,-345.24
35.378,-187.63,-457.06
103.32,-13.61,-135.01
53.279,-140.97,-446.37
39.312,-156.12,-421.11
130.44,64.096,-62.146
81.626,-184.56,-472.23
111.13,-62.223,-254
53.896,-99.426,-358.99
71.991,-0.098525,-171.63
40.296,-184.4,-516.38
102.21,-2.0179,-113.74
67.427,-37.216,-213.51
65.141,-222.51,-495.97
74.77,-102.72,-290.4
78.882,-24.099,-248.4
62.431,-56.173,-254.18
110.91,45.071,-128.04
76.719,-158.55,-464.96
102.71,-100.23,-315.38
119.68,-12.188,-188.39
96.713,80.392,-65.026
37.391,-161.31,-433.42
109.53,-57.091,-275.09
57.473,-124.13,-418.44
53.69,-94.958,-323.17
125.16,41.916,-108.46
125.15,69.52,-70.799
78.87,-144.07,-359.95
108.42,-5.4828,-122.9
128.73,39.288,-79.404
75.413,-177.91,-490.04
76.728,-175.67,-417.82
96.439,-80.942,-255.86
77.455,-25.217,-249
43.972,-188.52,-526.62
102.83,-97.843,-332.65
54.35,-195.7,-444.32
72.691,-43.991,-205.75
62.886,-74.813,-267.93
70.485,-46.532,-213.99
72.288,-26.546,-183.92
66.046,-233.54,-522.2
72.66,-194.68,-513.85
79.145,44.361,-93.449
74.454,-204.35,-476.37
109.42,70.515,-86.113
126.83,30.328,-89.404
82.173,63.972,-57.623
94.45,-136.4,-387.52
67.127,-233.9,-526.82
64.53,-176.02,-411.1
74.973,-55.324,-304.03
42.991,-157.71,-408.26
119.1,11.574,-165.75
104.82,37.552,-144.22
86.987,-156.83,-398.56
71.067,-20.135,-180.97
81.7,-141.7,-357.58
84.524,-175.45,-448.72
82.7,21.779,-92.091
36.998,-164.12,-463.65
65.968,-104.55,-388.21
76.873,-197.73,-468.05
117.69,35.921,-134.33
98.53,-29.571,-258.35
106.51,55.946,-112.12
91.457,-15.669,-238.5
84.441,-68.502,-328.12
73.619,-41.245,-275.79
72.695,-17.206,-223.39
87.78,-157.74,-434.4
63.506,-232.3,-513.64
92.48,57.6,-104.72
92.361,-36.525,-174.63
111.41,3.815,-107.79
39.358,-158.92,-459.53
96.434,-128.1,-365.48
112.49,-12.27,-213.72
53.465,-111.44,-333.81
41.727,-197.69,-541.78
102.39,21.37,-172.7
84.965,-173.73,-443.52
81.373,-187.4,-466.16
75.855,-120.61,-413.44
57.97,-78.127,-318.88
80.071,23.064,-154.09
32.409,-200.08,-476.68
84.755,-169.53,-453.52
65.937,-34.242,-225.63
70.187,-29.698,-194.54
81.884,-181.58,-471.45
71.096,-171.97,-405.84
54.629,-185.17,-521.75
46.306,-175.11,-421.67
72.437,-77.816,-254.33
107.33,60.89,-103.35
94.431,-121.19,-335.28
83.349,35.37,-71.737
77.535,-201.22,-484.54
101.3,-6.323,-219.24
88.678,-11.451,-134.48
128.09,34.685,-95.86
54.506,-88.692,-324.51
23.222,-212.02,-525.7
111.47,-50.146,-220.42
52.956,-157.09,-475.28
64.818,-181.42,-420.17
57.454,-124.32,-339.58
32.594,-195.16,-471.64
80.808,-50.494,-298.03
80.925,29.225,-86.952
59.433,-69.676,-278.94
112.32,78.125,-71.931
66.373,-172.12,-495.36
77.44,-2.3249,-138.23
28.064,-210.11,-497.9
77.875,14.896,-166.03
54.281,-123.79,-414.37
91.292,-30.208,-164.14
89.991,-129.13,-405.35
52.031,-219.25,-482.26
109.94,38.857,-41.642
69.22,-88.554,-361.2
93.887,-108.94,-374.34
85.255,-129.33,-337.4
122.48,12.071,-152.99
116.15,5.2409,-111.21
123.41,48.969,-103.93
89.707,-155.03,-419.05
81.825,41.105,-118.91
20.778,-221.98,-538.65
117,-26.694,-185.87
58.199,-205.64,-549.76
110.24,-66.925,-273.72
115.3,-4.2193,-196.48
80.42,43.757,-106.76
68.61,-59.953,-306.25
73.742,4.7137,-145.24
59.266,-94.76,-362.66
83.063,45.468,-112.89
83.364,-146.6,-368.69
97.971,-87.033,-322.72
60.76,-33.269,-274.1
51.479,-167.44,-437.71
55.662,-59.238,-301.24
87.868,-68.434,-270.29
39.438,-130.05,-415.97
59.538,-102,-336.43
55.412,-87.706,-325.45
68.209,-65.067,-273.24
53.73,-107.28,-427.64
60.723,-51.572,-323.85
64.2,-129.41,-373.26
97.736,-94.838,-362.59
77.107,32.488,-119.72
83.191,-145.82,-457.97
84.641,19.144,-215.68
111.09,52.622,-151.24
115.64,97.925,-73.718
56.574,-142.13,-396.8
79.803,-160.05,-479.78
81.532,5.8741,-238.33
82.751,-61.043,-256.9
86.376,-17.533,-182.88
79.724,79.648,-70.477
62.667,-56.478,-338.41
76.741,59.002,-95.85
70.622,-117.91,-446.93
106.5,-48.571,-295.4
34.214,-223.82,-531.97
89.911,-114.01,-362.24
40.725,-120.21,-409.61
97.405,-93.159,-336.98
73.27,-84.524,-394.19
54.63,-159.19,-423.55
104.91,-52.265,-261.61
108.61,-39.816,-245.21
124.33,73.459,-95.723
46.932,-133.79,-471.46
58.391,-185.5,-465.47
73.056,37.584,-140.66
119.22,10.524,-179.28
44.104,-180.72,-462.4
52.965,-229.46,-541.31
87.708,-90.387,-310.45
63.511,-52.271,-331.13
91.879,-26.121,-293.15
73.249,-84.428,-298.28
66.751,-168.59,-439.44
88.964,-20.631,-285.83
118.62,48.597,-75.935
70.1,12.106,-171.23
79.408,74.754,-65.657
69.06,-177.09,-457.69
88.083,-130.23,-428.07
94.879,60.227,-144.96
63.442,-165.4,-432.32
74.97,47.203,-115.73
66.649,-184.7,-469.7
100.91,7.6116,-137.57
127.71,69.495,-85.476
91.779,-113.59,-403.15
67.565,-23.955,-219.05
86.315,-105.15,-337.34
113.11,16.925,-201.05
100.26,77.19,-115.45
104.92,-37.134,-289.84
27.129,-172.48,-508.91
82.018,12.946,-137.89
126.15,56.734,-104.43
68.458,-183.68,-470.11
40.172,-138.8,-471.27
71.451,-170.57,-514.32
104.35,77.008,-115.4
34.832,-153.19,-447.75
39.078,-136.07,-461.82
63.23,-31.668,-242.63
96.041,27.078,-103.21
95.105,34.066,-91.671
66.253,-21.877,-271.1
30.54,-158.57,-479.81
59.683,-116.8,-357.18
28.137,-182.58,-492.28
61.289,-117.34,-449.06
75.218,-170.48,-454.76
62.118,-46.829,-261.71
41.44,-201.74,-494.73
71.559,-192.18,-531.25
101.2,-65.799,-330.99
21.786,-195.18,-551.74
113.29,18.932,-127.24
69.691,-70.267,-279.16
58.302,-133.04,-474.91
126.78,58.127,-96.553
52.14,-134.83,-390.61
86.135,-37.07,-313.67
59.415,-55.745,-329.89
31.233,-157.96,-468.65
81.043,-93.005,-311.57
83.424,-140.92,-407.48
103.47,-31.839,-214.44
83.9,-117.18,-358
78.042,46.718,-98.846
111.27,-25.03,-254.99
80.968,-148.06,-417.6
82.727,-64.293,-262.39
114.11,58.341,-138.43
81.782,13.534,-137.32
113.92,15.26,-135.98
73.085,35.393,-154.29
73.57,-60.342,-353.98
120.22,27.832,-126.46
92.004,-118,-381.97
129.55,75.06,-61.449
105.88,-10.745,-175.81
82.742,51.546,-79.152
90.739,-113.99,-364.63
106.92,-11.426,-252.79
85.118,-55.041,-342.59
114.74,13.721,-201.1
72.346,-127.12,-458.76
59.029,-51.012,-277.36
104.4,-64.889,-314.03
29.728,-173.64,-525.4
72.537,-144.14,-481.29
76.757,32.174,-121.19
98.687,-37.233,-219.44
107.81,-18.857,-195.16
47.852,-91.326,-360.81
52.243,-137.77,-482.1
86.631,69.192,-121.18
112.21,19.871,-198.9
111.37,31.162,-100.39
95.841,-84.6,-365.91
76.264,-29.58,-300.47
101.56,81.925,-107.1
69.585,3.0533,-223.09
77.779,-49.353,-239.94
72.065,31.299,-150.68
64.636,-209.09,-517.33
87.833,-131.34,-398.83
117.63,68.299,-117.83
107.7,-4.7276,-166.29
73.089,-34.217,-306.98
78.893,72.137,-71.427
105.02,16.565,-214.81
122.66,31.698,-134.33
69.239,8.7589,-179.19
44.274,-118.99,-388.54
53.552,-85.305,-327.96
116.2,-7.4376,-203.61
80.9,-119.87,-438.22
80.46,30.023,-190.53
117.06,65.732,-122.65
69.768,-44.267,-323.11
52.358,-129.64,-467.88
88.655,-127.49,-424.24
64.986,-135.17,-476.07
38.565,-141.78,-426.09
73.581,0.33251,-171.9
72.702,8.4052,-220.63
90.722,-113.84,-407.89
105.19,40.012,-177.26
90.026,-54.377,-337.62
114.32,-8.9833,-191.98
75.733,-151.98,-485.15
109.51,-23.379,-260.77
80.193,-49.107,-335.01
45.124,-183.53,-465.6
73.974,20.322,-197.56
116.58,22.433,-184.7
116.27,36.461,-96.596
95.318,62.015,-141.84
66.808,-83.885,-302.24
74.75,-111.57,-342.49
64.476,-36.936,-243.43
95.272,-105.48,-379.45
39.586,-124.19,-418.52
30.891,-172.21,-475.22
79.197,-135.87,-460.2
87.582,54.47,-151.19
107.33,-53.781,-285.29
100.69,21.441,-112.6
109.48,-38.4,-246.1
84.948,-141.5,-447.88
38.967,-155.09,-437.4
57.906,-62.973,-342.46
79.096,63.844,-113.79
92.482,-117.31,-383.78
112.32,43.966,-163.11
57.015,-149.74,-501.82
55.856,-162.66,-428.33
101.8,-30.874,-210.36
115.52,-7.5342,-195.2
64.632,-144.96,-398.15
127.81,64.539,-84.444
66.777,-7.7433,-205.58
109.94,-26.991,-218.52
69.761,15.805,-187.62
104.36,-16.244,-184.77
62.216,-99.628,-329.91
80.058,43.099,-97.386
77.134,-167.98,-495.34
95.439,-34.972,-303.45
96.374,-1.2648,-250.62
92.496,-108.66,-397.28
80.699,27.728,-195.44
61.482,-143.37,-396.2
51.949,-83.127,-372.4
121.98,30.25,-151.07
85.805,-144.68,-437.95
27.951,-215.51,-527.66
71.585,25.448,-153.26
84.379,-68.815,-270.12
101.28,-77.968,-314.06
81.618,56.73,-137.7
62.224,-174.67,-534.32
94.46,-109.47,-371.58
115.32,-10.127,-220.31
81.332,-150.19,-423.61
62.086,-81.754,-387.01
62.674,-57.19,-272.22
98.992,-53.65,-323.49
71.298,25.983,-157.42
66.977,-6.5968,-203.59
64.059,-21.025,-230.59
81.559,-62.591,-356.32
70.986,-178.68,-463.86
84.484,-149.17,-448.69
106.46,-45.368,-250.35
70.506,-91.984,-311.64
98.189,57.698,-149.97
93.931,-112.19,-386.32
104.56,-63.995,-312.79
80.345,-111.14,-343.55
56.612,-175.5,-448.58
87.22,84.601,-90.856
58.243,-110.63,-436.96
80.565,74.163,-94.82
69.548,2.5477,-224.19
22.29,-195.15,-523.43
31.416,-163.03,-467.51
109.67,38.277,-175.48
64.048,-220.1,-542.55
72.13,-28.386,-214.84
50.483,-84.063,-368.35
84.796,41.437,-173.5
87.582,15.988,-126.82
114.01,-15.331,-207.72
37.921,-130.35,-432.86
56.974,-225.93,-539.1
90.274,13.403,-227.84
68.592,-152.53,-411.7
54.517,-83.025,-379.35
96.597,-51.916,-325.65
92.473,4.5572,-143.01
83.674,2.8417,-245.14
70.327,-21.498,-279.1
79.213,-146.74,-471.68
78.789,-22.491,-196.84
120.77,53.097,-132.8
126.36,57.611,-83.007
30.208,-222.6,-533.97
74.639,-129.6,-459.6
70.148,-27.782,-291.51
100.71,-36.124,-297.6
71.704,13.083,-206.89
77.03,38.707,-165.22
83.513,-79.675,-380.75
49.284,-152.08,-505.86
82.421,-139.11,-400.89
78.709,-87.887,-302.53
57.748,-166.26,-526.56
96.056,5.7508,-140.26
67.53,-187.4,-476.29
57.935,-160.67,-424.57
106.37,-49.614,-260.64
59.416,-61.603,-285.88
63.163,-73.214,-291.94
104.6,-42.108,-237.76
111.99,24.599,-192.55
51.788,-75.211,-331.39
77.898,-142.79,-401.03
118.07,3.9346,-181.86
55.594,-59.357,-322.71
112.63,43.821,-77.253
99.275,49.207,-164.71
36.811,-135.21,-445.71
70.655,-188.54,-484.99
68.825,-208.22,-546.47
73.889,-47.041,-239.86
92.401,-105.51,-349.34
41.858,-153.98,-504.91
51.697,-84.852,-375.86
76.657,57.556,-96.734
104.1,-19.462,-269.04
92.749,-40.306,-221.59
78.615,-159.07,-484.04
43.975,-107.09,-399.07
113.31,-22.616,-226.52
103.82,54.794,-153.59
101.59,-51.801,-315.35
61.997,-111.97,-348.04
70.282,16.351,-190.96
56.29,-125.86,-373.5
32.071,-208.42,-512.92
56.652,-168.16,-436.75
46.244,-204.93,-497.39
107.88,14.961,-128.13
68.777,-79.599,-293.98
53.149,-108.86,-355.36
47.692,-95.083,-385.97
86.747,-140.64,-433.79
52.04,-158.84,-424.62
53.8,-85.691,-383.64
80.318,-124.24,-367.8
110.72,90.674,-89.408
53.254,-68.762,-320.41
113.11,46.282,-72.989
110.46,81.332,-105.18
81.702,23.64,-122.07
58.448,-51.802,-280.75
103.1,17.027,-216.08
127.98,65.074,-80.773
76.741,-140.04,-394.4
78.4,52.485,-90.72
79.236,-162.99,-449.03
68.337,-165.2,-434.34
119.92,21.793,-171.28
117.47,0.38859,-188.02
99.915,-57.876,-326.48
113.33,-20.956,-220.22
105.51,-32.279,-282.58
41.727,-122.22,-401.33
57.978,-216.43,-521.53
73.584,7.2305,-162.73
69.011,-52.348,-337.66
67.238,-39.168,-310.22
26.597,-174.18,-499.27
43.453,-108.68,-399.02
54.038,-63.994,-316.83
64.197,-17.261,-228.43
129.01,71.922,-63.967
83.869,20.339,-123.92
91.473,-44.893,-322.21
67.79,-208.44,-526.43
73.303,39.124,-137.83
92.871,-20.294,-283.3
78.734,-40.501,-225.19
88.788,-46.777,-327.35
75.938,22.8,-135.76
40.697,-141.51,-478.29
72.984,5.3226,-228.01
98.998,-61.024,-266.7
30.609,-168.11,-473.51
23.843,-183.92,-522.97
83.154,-147.25,-422.38
90.971,-119.7,-409.36
90.142,34.841,-93.844
39.317,-143.09,-424.73
92.064,-97.804,-331.19
68.202,-149.67,-493.99
56.396,-141.77,-489.24
78.507,-29.754,-208.46
57.562,-48.788,-301.27
79.962,78.189,-59.394
93.269,-109.05,-361.6
78.661,9.6674,-228.43
90.391,-6.3791,-162.38
73.651,-95.349,-411.1
72.472,-186.2,-484.74
81.713,-84.851,-389.9
111.86,-12.8,-241.31
111.66,46.545,-160.05
106.5,-51.076,-265.2
76.171,54.526,-102.22
71.359,-47.348,-330.06
77.428,-90.991,-307.81
124.24,77.902,-90.072
43.827,-162.12,-437.41
74.684,17.788,-205.06
113.72,12.958,-140.41
39.5,-159.16,-512.38
98.183,-91.623,-359.99
100.33,78.361,-113.37
111.16,25.806,-110.57
87.728,54.892,-64.987
92.061,-120.05,-397.46
45.077,-143.96,-412.65
63.769,-67.712,-283.55
98.137,-23.857,-283.99
84.595,28.954,-197.23
71.692,-66.838,-364.83
107.1,-2.4523,-161.03
46.165,-106.31,-410.65
98.811,49.41,-63.933
86.775,-81.782,-380.13
75.345,40.598,-117.16
67.574,-101.13,-327.57
40.463,-312.3,-466.27
96.885,-87.105,-65.164
103.18,-14.432,-8.0902
109.04,-91.022,-155.05
67.312,-202.15,-283.62
75.357,-323.97,-469.52
65.072,-235.48,-401.43
63.453,-208,-329.35
119.08,-174.17,-216.57
83.305,-153.3,-253.95
138.94,-82.488,-80.409
143.54,-26.285,-15.695
92.054,-91.626,-82.428
96.563,-64.97,-96.425
104.98,-50.566,-81.193
88.76,-294.04,-466.13
132.69,-116.51,-155.15
101,-36.202,-47.595
109.02,-59.947,-100.92
55.27,-293.77,-417.06
105.74,-228.63,-310.01
66.442,-234.31,-320.62
48.033,-313.16,-453.33
139.27,-74.164,-56.879
76.023,-155.25,-236.34
94.841,-151.86,-259.85
107.46,-225.24,-348.72
105.48,-237.52,-333.7
109.19,-211.06,-331.46
85.153,-266.77,-361.99
135.67,-51.84,1.3356
88.558,-222.29,-379.68
124.36,-164.47,-218.54
111.04,-220.54,-323.53
62.207,-288.75,-499.94
53.845,-243.97,-394.19
86.273,-99.231,-135.84
130.82,-132.12,-170.78
108.33,-231.17,-333.75
45.016,-278.02,-424.59
100.41,-54.187,-82.219
102.72,-232.47,-311.75
56.383,-270.66,-384.58
129.2,-96.383,-74.907
56.226,-248.71,-361.14
107.34,-90.761,-58.32
81.235,-145.68,-180.23
38.88,-312.45,-470.68
78.117,-323.36,-473.63
113.6,-178.87,-285.05
35.589,-317.3,-485.38
110.9,-79.116,-134.66
104.31,-240.21,-336.13
128.85,-121.68,-177.66
59.839,-225.43,-366.21
38.282,-295.73,-477.3
64.578,-286.78,-496.02
83.664,-318.43,-489.88
92.19,-287.14,-444.28
112.41,-67.071,-114.06
122.09,-59.219,-1.874
65.739,-225.62,-311.54
106.48,-238.03,-345.43
98.781,-26.87,-20.974
119.15,-49.473,-83.489
142.46,-59.469,-43.709
72.172,-169.54,-248.1
60.63,-216.38,-331.36
127.84,-107.39,-94.263
98.387,-165.55,-282.99
58.258,-232.09,-379.08
59.393,-326.07,-464.8
94.669,-178.02,-304.96
104.46,-142.83,-144.98
124.9,-122.65,-119.55
87.958,-129.6,-212.26
63.559,-257.4,-443.63
128.29,-118,-116.62
131.72,-110.49,-155.26
85.558,-305.87,-450.64
66.07,-288.42,-399.88
130.26,-117.01,-167.64
118.28,-93.186,-155.1
46.778,-270.61,-413.68
122.33,-172.76,-229.18
98.493,-232.3,-304.94
73.454,-231.67,-306.78
127.18,-72.148,-27.012
69.581,-194.47,-317.56
105.49,-230.75,-360.39
127.47,-130.4,-191.78
75.721,-153.36,-223.26
123.17,-161.69,-237.11
78.974,-141.73,-187.88
69.844,-201.51,-334.98
86.375,-308.6,-477.02
74.374,-282.55,-387.95
98.043,-24.405,-10.948
44.283,-274.73,-436.95
56.23,-242.53,-400.85
95.426,-159.35,-176.14
35.735,-313.17,-482.31
75.358,-277.28,-474.45
113.41,-117.22,-100.89
104.14,-178.93,-300.01
104.63,-116.58,-101.66
127.65,-142.15,-201.09
101.26,-236.4,-379.15
135.61,-100.4,-104.09
122.13,-75.375,-29.995
92.733,-281.54,-442.16
69.63,-182.69,-283.57
137.05,-71.787,-42.046
110.26,-71.455,-25.348
92.925,-80.216,-65.56
90.635,-252.02,-419.93
68.027,-187.17,-283.6
107.66,-207.08,-331.68
100.3,-66.621,-29.539
102.08,-55.6,-87.366
118.62,-189.48,-271.93
38.943,-295.4,-462.38
111.71,-170.24,-195.85
96.58,-150.09,-256.93
77.55,-182.6,-233.43
102.77,-227.5,-366.05
86.016,-106.82,-155.88
92.294,-101.31,-161.86
101.68,-115.93,-102.62
62.081,-286.38,-495.88
117.94,-150.12,-239.71
104.51,-109.47,-90.25
126.56,-86.405,-52.635
67.169,-192.55,-281.36
100.82,-65.477,-26.974
63.736,-320.92,-455.54
107.65,-147.55,-248.88
107.08,-176.24,-292.66
60.816,-285.37,-398.88
43.685,-285.85,-476.83
75.786,-184.18,-239.37
67.8,-246.08,-334.29
75.691,-255.91,-342.5
37.139,-299.51,-479.48
77.254,-145.96,-207.45
86.308,-113.79,-174.18
113.85,-87.474,-50.186
100.88,-90.439,-151.24
70.758,-220.86,-377.24
90.456,-95.141,-144.84
107.83,-104.86,-178.74
103.55,-176.68,-203.28
108.48,-214.76,-283.7
123.86,-84.844,-47.659
105.52,-236.02,-362.75
70.239,-178.55,-260.34
95.711,-58.845,-81.434
101.44,-32.486,-41.03
91.524,-79.194,-69.533
108.71,-228.03,-341.38
82.999,-213.4,-367.4
67.213,-273.63,-375.69
88.003,-112.25,-120.07
100.59,-153.51,-262.25
140.83,-64.998,-67.368
58.672,-234.58,-387.51
67.325,-204.15,-285.17
93.564,-58.339,-39.176
70.483,-188.61,-305.5
90.635,-97.249,-149.87
83.764,-184.83,-316.34
90.496,-73.183,-92.064
77.644,-235.99,-309.51
75.485,-158.13,-242.04
130.61,-71.663,-29.513
99.635,-224.69,-290.82
124.7,-90.879,-144.9
139.62,-74.539,-81.838
72.434,-246.05,-424.92
145.53,-38.701,-10.86
113.35,-63.28,-10.317
113.54,-181.24,-219.97
94.03,-281.28,-416.32
84.635,-304.34,-442.95
118.68,-152.46,-241.29
131.69,-31.596,-46.239
112.86,-213.81,-309.44
80.803,-269.37,-457.25
97.579,-141.73,-146.65
54.704,-253.78,-370.41
73.832,-179.76,-240.1
120.7,-148.05,-231.28
62.18,-242.03,-411.76
112.7,-50.387,10.135
90.355,-72.482,-88.512
94.3,-69.033,-99.237
101.44,-159.76,-272.21
136.87,-51.529,-0.10107
103.49,-105.12,-84.053
103.78,-70.721,-117.26
66.094,-254.61,-439.42
89.758,-82.118,-111.75
90.176,-228.92,-388.39
114.46,-174.53,-207.55
110.75,-101.26,-73.942
71.014,-266.72,-362.34
140.94,-69.169,-66.096
92.959,-261.66,-359.49
55.688,-268.93,-460.54
121.66,-57.618,-95.79
76.472,-283.43,-482.34
81.686,-178.12,-219.76
97.671,-266.7,-386.35
120.75,-64.875,-108.06
99.5,-24.081,-17.487
123.55,-151.52,-177.13
102.83,-202.66,-250.61
112.12,-158.38,-173.84
47.657,-321.74,-465.78
142.56,-56.824,-33.398
100.23,-114.86,-102.2
134.9,-89.919,-74.775
103.78,-126.92,-118.92
94.842,-39.899,-23.314
56.006,-244.79,-358.91
80.241,-243.79,-418.91
83.178,-196.93,-338.33
80.001,-266.44,-453.89
89.212,-250.95,-420.74
108.74,-203.78,-325.35
80.838,-264.96,-450.86
62.46,-301.93,-423.55
77.912,-238.97,-314.03
104.35,-93.588,-158.76
134.94,-108.42,-129.98
91.986,-102.58,-163.88
70.552,-214.54,-364.24
80.577,-252.15,-431.86
85.548,-134.12,-217.4
113.69,-203.42,-271.95
97.971,-267.01,-389.9
51.976,-251.25,-381.69
123.18,-149.87,-226.65
61.716,-272.14,-378.66
90.947,-121.9,-201.09
78.032,-142.2,-199.78
85.326,-107.77,-127.62
129.37,-91.712,-138.37
115.36,-159.88,-179.57
59.51,-265.9,-373.18
64.188,-203.89,-319.09
116.47,-173.18,-208.13
80.259,-156.05,-194.76
110.76,-131.06,-220.61
145.38,-32.166,-13.566
77.606,-232.39,-400.79
77.582,-258.6,-444.02
50.718,-321.12,-461.67
122.94,-152.35,-177.31
97.813,-73.444,-44.047
108.97,-98.488,-167.79
101.6,-209.29,-346.3
102.94,-126.76,-119.1
91.99,-244.6,-408.09
105.65,-241.22,-352.06
125.11,-20.587,-33.623
108.72,-213.32,-335.02
104.09,-238.43,-370.82
52.4,-284.35,-488.82
101.99,-145.6,-248.62
99.673,-229.2,-375.02
87.256,-283.77,-463.83
75.9,-284.69,-391.92
126.11,-55.566,-89.196
103.86,-44.768,8.3388
91.641,-67.297,-58.293
82.596,-177.42,-217.34
84.445,-254.58,-339.02
45.547,-289.65,-430.26
121.55,-91.514,-58.296
60.706,-306.5,-431.8
111.5,-217.33,-303.7
83.491,-139.95,-166.66
114.98,-205.49,-293.13
120.09,-117.76,-104.77
118,-168.72,-201.61
85.447,-154.89,-181.38
88.619,-86.945,-92.181
90.63,-78.023,-72.737
82.642,-301.14,-430.5
87.571,-158.73,-269.37
130.57,-23.484,-34.741
74.351,-200,-262.01
67.668,-198.53,-279.56
135.95,-34.445,-44.614
100.02,-119.35,-203.2
76.13,-185.32,-239.93
93.867,-46.67,-33.562
81.302,-296.76,-418.9
127.06,-66.935,-17.469
37.667,-306.31,-470.43
141.83,-57.859,-30.024
128.3,-128.58,-139.52
83.47,-318.9,-487.17
125.49,-157.93,-219.79
101.21,-104.05,-176.21
93.231,-215.04,-364.75
103.75,-42.16,11.883
57.372,-281.2,-485.87
83.435,-319.21,-491.98
75.706,-269.02,-364.36
92.619,-144.62,-155.96
112.3,-122.05,-205.24
129.9,-133.76,-182.14
132.11,-45.269,-66.511
124.7,-85.699,-137.13
110,-182.77,-297.19
96.641,-270.02,-391.65
122.08,-85.048,-47.052
116.49,-135.9,-222.18
102.25,-125.46,-117.41
70.784,-258.69,-349.87
91.384,-114.07,-113.82
136.76,-78.064,-100.62
88.389,-243.99,-412.22
80.915,-233.68,-402.14
102.64,-211.44,-347.37
89.721,-78.7,-102.11
104.75,-21.362,-25.319
96.147,-32.77,-5.1736
53.578,-258.42,-434.02
78.936,-242.15,-416.88
140.35,-56.614,-62.565
123.5,-72.798,-118.59
42.283,-285.94,-471.13
122.57,-96.302,-155.74
37.041,-302.56,-473.62
123.45,-108.05,-171.9
77.437,-263.67,-354.92
135.02,-93.636,-83.632
96.894,-69.313,-40.433
61.853,-254.88,-437.69
91.456,-63.121,-67.594
93.383,-278.75,-402.97
87.77,-101.34,-108.83
127.82,-142.63,-200.22
100.34,-29.084,-31.267
89.818,-95.951,-94.823
142.99,-51.118,-19.737
104.67,-46.278,7.4934
87.251,-227.15,-290.91
83.109,-153.01,-253.02
42.892,-286.1,-474.56
79.492,-158.37,-257.72
129.06,-112.9,-166.8
77.958,-233.85,-403.25
86.965,-99.563,-111.52
87.647,-226.88,-290.39
72.096,-174.07,-271.55
71.582,-291.86,-404.33
60.724,-217.95,-345.99
91.813,-269.9,-437.89
95.935,-274,-421.51
136.34,-65.648,-86.996
85.56,-237.13,-308.25
83.322,-115.13,-160.6
131.64,-121.05,-164.64
99.139,-263.36,-384.82
80.346,-306.84,-439.44
98.09,-247.45,-398.77
90.472,-194.43,-333.65
95.468,-115.07,-192.77
72.512,-295.41,-504.01
127.81,-85.405,-132.27
120.07,-125.19,-201.67
64.425,-209.85,-301.33
64.841,-263.64,-455.67
84.304,-312.34,-493.63
137.96,-88.896,-99.331
56.975,-254.87,-364.99
74.19,-318.75,-456.75
91.222,-85.625,-77.852
79.886,-134.69,-197.12
84.958,-106.04,-145.7
50.25,-259.95,-392.44
124.06,-158.9,-230.8
84.546,-118.22,-139.82
91.298,-144.41,-157.3
109.84,-177.18,-290.02
128.67,-113.85,-169.05
127.53,-126.3,-132.33
94.761,-270.95,-428.56
127.3,-112.91,-104.27
126.83,-95.926,-70.718
71.195,-178.59,-251.26
102.17,-163.2,-179.78
93.116,-155.92,-266.76
92.206,-257.61,-423.84
98.125,-138.52,-266.03
102.96,-52.366,-92.202
90.594,-216.99,-309.4
67.862,-236.73,-370.31
85.007,-281.6,-511.66
59.069,-247.81,-423.88
117.72,-219.23,-364.66
76.725,-185,-300.93
50.814,-303.81,-482.95
130.13,-112.17,-213.58
108.75,-171.4,-324.53
141.2,-121.83,-181.25
119.63,-70.61,-153.03
112.97,-104.15,-115
116.71,-117.14,-134.19
68.803,-260.42,-396.23
118.67,-50.357,-25.278
70.324,-287.23,-433.36
105.73,-223.27,-403.27
63.019,-256.65,-403.24
129.94,-70.444,-149.78
111.41,-213.52,-380.67
111.32,-13.552,-36.822
74.165,-203.22,-320.73
83.827,-168.93,-255.85
94.192,-303.28,-484.4
107.71,-51.828,-107.44
102.52,-111.64,-218.13
117.62,-215.4,-323.75
84.3,-166.24,-251.68
79.784,-246.19,-458.85
106.14,-72.92,-146.86
132.18,-131.73,-168.54
138.47,-135.13,-199.87
134.78,-153.47,-241.18
109.52,-97.633,-197.59
151.77,-55.053,-62.942
153.56,-40.548,-34.79
145.45,-67.062,-63.516
148.12,-77.837,-119.38
131.07,-111.82,-211.7
116.8,-91.8,-189.46
85.764,-287.86,-432.52
59.487,-252.33,-412.79
86.045,-306.15,-469.68
102.23,-214.77,-302.84
92.537,-173.06,-241.61
79.697,-170.56,-286.49
106.14,-200.39,-371.01
103.77,-69.012,-78.705
76.593,-183.25,-307.37
122.77,-39.907,-5.2482
87.725,-169.81,-245.91
155.47,-32.237,-30.989
97.381,-254.52,-457.32
81.375,-188.34,-283.1
140.87,-93.001,-106.37
73.798,-266.51,-398.89
136.09,-86.96,-168.25
98.115,-265.71,-469.14
79.065,-290.51,-435.66
60.528,-270.77,-424.32
49.287,-291.31,-476.57
119.08,-100.59,-204.17
133.07,-36.262,4.4615
87.417,-252.67,-466.52
72.66,-270.74,-406.27
133.78,-97.181,-186.57
103.22,-218.4,-309.72
151.79,-22.57,-46.24
81.207,-170.36,-268.54
116.86,-42.404,-101.71
69.196,-256.2,-390.05
93.594,-154.8,-214.63
61.593,-244.36,-433.06
142.83,-108.14,-148.2
102.01,-124.76,-158.56
143.77,-107.62,-160.85
89.129,-274.63,-409.01
131.94,-52.049,-118.93
106.69,-241.7,-359.77
91.315,-116.88,-188.34
96.815,-294.09,-468.02
128.39,-169.27,-287.72
88.756,-174.43,-249.69
86.75,-237.28,-442.24
114.55,-216.88,-376.48
71.102,-312.57,-474.61
102.79,-108.73,-212.76
103.12,-74.735,-144.36
79.623,-258.81,-382.54
108.37,-110.82,-129.61
126.73,-13.324,-54.884
53.512,-272.09,-481.5
101.45,-262.45,-397.34
97.933,-209.16,-391.2
128.26,-182.39,-286.63
117.84,-205.22,-355.63
124.25,-188.37,-318.72
151.29,-33.059,-7.6108
82.409,-159.53,-261.64
143.41,0.37993,-26.658
149.16,-53.532,-45.169
151.24,-57.889,-66.596
131.51,-78.571,-68.721
138.97,-63.886,-47.245
113.72,-189.98,-262.06
110.21,-176.35,-235.77
95.125,-167.19,-318.72
90.968,-243.74,-353.43
153.21,-3.9307,-17.892
133.74,-132.12,-232.99
105.45,-47.513,-47.425
120.58,-85.322,-178.18
92.381,-146.43,-274.81
114.23,-85.035,-177.08
135.66,-136.78,-231.39
141.99,-26.55,-69.906
93.645,-302.17,-477.79
149.28,-61.44,-63.581
106.88,-201.25,-279.57
147.33,-85.9,-126.13
60.753,-244.84,-405.16
110.14,-247.22,-412.3
85.31,-303.27,-462.78
121.44,-78.887,-69.235
137.09,-142.87,-220.77
92.148,-114.32,-194.86
153.26,-46.112,-49.934
53.146,-270.54,-452.31
96.128,-285.72,-493.73
110.16,-250.8,-403.27
151.95,-48.382,-74.214
73.913,-194.98,-336.8
108.63,-10.95,-17.959
106.09,-26.4,-41.487
132.02,-166.22,-261.12
126.22,-83.65,-173.36
108.31,-28.172,-59.006
136.18,-2.6334,-36.149
127.96,-54.971,-125.6
104.94,-268.82,-439.34
79.584,-231.44,-432.24
144.17,-87.531,-149.43
122.37,-73.898,-158.61
114.05,-6.1477,-28.464
143.52,-19.91,-57.914
111.59,-43.633,-25.332
128.49,-145.69,-190.93
121.11,-184.19,-258.95
74.874,-203.41,-367.56
81.726,-174.39,-268.51
80.812,-258.46,-381.29
144.49,-96.631,-155.96
139.98,-109.01,-138.05
95.257,-97.771,-167.11
108.63,-104.74,-120
109.55,-107.57,-215.68
85.347,-162.89,-244.82
142.97,-82.304,-89.111
102.14,-101.33,-197.21
147.22,-55.408,-43.732
137.52,-139.98,-208.44
119.67,-58.333,-36.971
102.67,-70.496,-84.138
68.405,-215.18,-370.86
109.92,-151.2,-291.28
96.418,-199.63,-376.33
62.519,-269.39,-495
113.93,-236.19,-386.9
120.23,-39.194,-98.05
109.45,-50.281,-39.122
112.52,-230.14,-394.22
101.08,-194.93,-366.65
120.68,-162.15,-214.36
100.97,-60.338,-98.813
124.34,-69.244,-52.294
94.847,-111.88,-159.38
80.725,-175.98,-273.98
135.02,-64.612,-45.59
96.358,-298.69,-486.22
77.604,-311.71,-473.93
91.431,-123,-185.45
97.638,-151.05,-202.92
100.72,-96.6,-122.28
111.11,-99.96,-202.6
52.388,-313.73,-491.8
86.849,-207.98,-391.17
133.74,-65.853,-139.42
95.774,-300.78,-493.55
106.93,-112.35,-223.11
108.21,-246.11,-373.81
90.585,-137.66,-251.27
109.39,-55.844,-118.5
128.27,-149.13,-197.55
82.497,-159.96,-274.62
128.77,-87.815,-178.2
98.47,-130.3,-172.26
130.83,-171.42,-269.5
62.493,-289.95,-445.17
113.27,-71.179,-63.308
96.603,-90.18,-133.49
87.142,-169.35,-315.17
116.74,-167.11,-221.08
52.72,-286.02,-460.3
119.8,-75.162,-160.9
121.68,-31.091,-84.333
153.7,-44.197,-53.72
87.431,-140.79,-219.28
134.06,-155.05,-249.18
69.225,-320.2,-488
93.093,-107.89,-180.26
99.307,-77.72,-137.41
84.005,-155.33,-270.54
79.055,-251.31,-371.31
92.789,-206.7,-291.68
122.62,-136.86,-168.8
133.57,-38.89,-96.679
104.12,-155.15,-202.39
104.07,-71.151,-80.493
100.72,-197.71,-371.3
100.39,-66.901,-114.58
105.8,-242.61,-360.25
97.194,-94.918,-132.75
92.369,-233.76,-433.56
106.21,-49.872,-47.38
111.6,-243.85,-402.23
131.19,-8.2837,-46.656
77.153,-212.72,-393.32
57.528,-268.85,-430.52
116.66,-227.52,-364.18
91.311,-285.17,-506.05
99.62,-281.3,-476.6
153.79,-10.976,-25.618
113.92,-104.74,-211.72
112.05,-235.74,-399.5
103.77,-56.908,-107.21
96.531,-90.657,-134.26
76.682,-186.06,-325.34
97.025,-168.7,-229.65
66.2,-250.69,-389.11
123.67,-192.27,-284.3
77.118,-267.19,-495.27
127.18,-48.059,-16.241
69.082,-302.68,-458.66
139.46,-127.29,-181.28
116.66,-78.486,-166.24
95.161,-257.77,-465.13
92.998,-190.62,-361
85.217,-146.76,-246.71
84.059,-204.66,-298.06
95.597,-240.67,-440.99
140.01,-126.77,-184.69
90.899,-154.68,-289.87
112.47,-31.071,-5.9369
127.11,-151.81,-201.24
86.636,-167.63,-310.56
58.871,-248.49,-424.43
112.36,-89.274,-92.169
95.761,-217.99,-406.53
68.866,-218.78,-388.13
155.14,-28.016,-11.54
100.7,-273.51,-422.82
126.74,-153.01,-203.13
93.377,-169.8,-322.66
106.95,-67.132,-136.72
82.344,-258.19,-478.37
111.64,-75.638,-72.122
95.092,-102.1,-179.03
73.753,-299.74,-452.17
86.898,-172.63,-251.24
121.81,-103.19,-207.41
92.796,-121.66,-219.65
149.23,-43.871,-80.821
109.44,-248.22,-416.68
117.29,-189.8,-265.1
141.81,-105.69,-136.69
139.3,3.2302,-25.118
68.165,-224.03,-400.55
134.76,-151.36,-223.29
100.08,-201.82,-378.23
84.953,-160.16,-288.91
152.5,-50.999,-57.689
156.74,-22.086,-21.269
87.635,-220.3,-316.74
117.22,-83.359,-78.745
145.01,-50.356,-29.275
105.05,-267.57,-441.42
85.575,-254.64,-373.03
105.44,-160.78,-210.59
120.27,-103.44,-208.51
85.926,-265.24,-486.89
123.93,-190.72,-281.19
65.052,-263.35,-406.31
92.972,-109.27,-170.2
86.759,-139.52,-233.12
92.324,-111.51,-178.79
95.94,-91.103,-149.17
76.121,-313.6,-476.92
100.63,-283.79,-465.35
114.01,-21.591,-59.164
85.266,-286.61,-429.9
149.83,-15.245,-40.973
141.5,-58.348,-39.653
116.62,-1.2151,-23.735
112.24,-226.93,-337.05
78.14,-315.24,-480.9
73.983,-247.22,-370.89
117.93,-135.9,-262.19
66.92,-219.99,-374.87
147.96,-82.083,-114.72
145.18,-49.415,-98.377
98.295,-241.53,-350.74
97.736,-84.674,-146.58
90.437,-219.5,-313.47
101,-263.73,-399.4
103.58,-41.912,-57.531
75.378,-231.07,-429.19
108.56,-185.34,-346.2
88.353,-281.11,-421.01
151.17,-56.116,-84.762
136.81,-119.98,-210.27
147.19,-29.92,-66.945
133.25,-101.44,-193.51
125.01,-155.83,-282.09
116.33,-118.94,-235.58
113.42,-90.07,-185.76
109.19,-248.56,-384.17
72.292,-309.81,-469.7
135.13,-19.747,-64.712
102.93,-108.69,-133.98
120.21,-74.844,-63.181
78.889,-227.39,-424.32
111.82,-217.56,-315.35
143.87,-105.99,-162.94
78.675,-175.37,-299.61
83.585,-274.07,-502.24
142.75,-66.088,-126.57
100.74,-261.71,-394.31
97.08,-274.72,-417.31
114.68,-208.07,-367.14
96.458,-147.91,-282.79
120.96,-49.554,-116.63
55.465,-260.36,-444.35
105.96,-259.76,-403.61
99.279,-100.82,-190.81
95.746,-94.297,-159.99
102.35,-271.06,-421.89
79.726,-246.58,-363.56
94.533,-267.47,-478.56
63.679,-238.32,-386.99
88.305,-144.95,-217.21
147.98,-24.861,-58.237
105.09,-205.85,-287.41
105.62,-27.736,-37.674
91.861,-287.04,-436.41
140.29,-95.926,-171.71
102.17,-79.468,-96.577
146.87,-56.489,-45.127
89.524,-155.66,-289.66
56.432,-273.22,-493.98
123.7,-137.75,-171.01
95.112,-235.82,-434.41
73.887,-253.31,-379.52
76.204,-189.09,-304.16
56.868,-255.58,-439.37
123.33,-134.1,-254.38
104.87,-33.972,-53.026
90.326,-135.21,-244.45
152.08,-8.2231,-26.376
102.98,-258.76,-449.27
99.819,-66.467,-103.58
52.854,-269.73,-466.14
118.25,-57.046,-128.89
96.591,-199.15,-375.48
102.51,-101.19,-124.26
118.3,-221.42,-355.04
61.395,-287.7,-443.63
118.95,-34.359,-0.21423
111.96,-169.51,-319.11
123.35,-201.83,-323.82
94.077,-207.92,-292.83
147,-81.423,-101.56
125.69,-76.796,-64.728
153.78,-43.498,-53.763
107.58,-244.86,-368.99
121.9,-29.887,-82.297
52.825,-282.23,-507.36
130.79,-115.78,-135.78
94.154,-290.85,-504.44
129.34,-159.63,-222.14
145.38,-98.064,-145.48
118.66,-24.955,-71.261
111.09,-136.63,-266.61
103.06,-59.805,-111.16
101.24,-169.47,-324.1
123.5,-25.977,-76.048
92.298,-226.25,-323.53
123.31,-177.55,-273.11
110.45,-105.12,-238.07
76.815,-237.42,-400.01
100.04,-128.2,-266.29
110.26,-148.18,-226.59
82.136,-196.52,-382.28
89.463,-171.3,-299.65
91.06,-155.49,-290.19
97.953,-135.23,-235.93
109.49,-187.4,-387.51
115.07,-128.32,-285.52
88.657,-202.44,-333.69
130.74,-190.37,-310.94
113.65,-34.565,-84.988
119.49,-240.1,-407.43
140.8,-65.32,-173.08
160.62,-41.534,-102.27
166.36,6.0028,-26.174
82.703,-212.63,-358.88
115.42,-253.55,-429.61
137.74,-78.274,-195.92
106.48,-137.13,-215.48
111.54,-91.139,-143.06
127.46,10.935,-36.052
118.18,-135.79,-298.72
121.15,-8.6119,-61.685
122.27,-208.48,-400.28
143.36,-146.01,-243.09
60.097,-289.94,-496.58
113.79,-201.88,-314
86.766,-188.07,-375.48
123.72,-184.63,-286.93
127.28,-173.77,-348.57
79.631,-230.02,-385.32
129.88,-142.67,-212.02
134.81,-131.74,-194.89
165.85,-22.468,-44.813
102.49,-212.73,-431.99
80.286,-260.59,-424.41
119.72,-31.589,-105.85
151.54,-85.224,-127.43
71.085,-248.4,-426.22
74.131,-306.27,-499.17
109.84,-172.75,-265.21
119.01,-131.59,-291.43
144.13,-119.21,-245.1
98.433,-158.02,-258.47
88.419,-246.93,-396.47
142.79,-111.91,-239.01
141.46,-36.638,-29.105
112.27,-55.982,-136.53
123.01,7.8593,-31.816
90.89,-258.17,-413.16
123.05,-225.01,-377.08
150.57,-25.452,-101.59
85.536,-241.34,-390.8
119.12,-20.625,-81.414
88.358,-265.09,-425.55
123.26,-70.887,-94.596
163.12,-25.895,-34.185
127.78,-209.22,-351.78
104.36,-92.145,-183.69
108.53,-188.56,-291.5
157.02,-80.194,-149.72
155.4,-9.566,-71.404
146.93,-134.81,-237.97
76.71,-240,-475.38
111.86,-56.303,-101.12
160.42,-38.663,-53.008
90.443,-265.3,-425.28
94.417,-213.16,-434.31
113.47,-263.34,-465.3
158.42,-11.925,-69.965
75.099,-218.29,-414.57
92.272,-208.77,-425.7
103.77,-100,-207.61
120.17,-46.592,-63.236
119.92,-38.439,-52.448
120.2,-98.222,-232.96
78.421,-225.63,-446.36
87.466,-186.96,-319.64
66.771,-246.16,-459.8
116.07,-203.29,-405.44
98.475,-255.58,-408.06
100.1,-115.02,-226.48
66.902,-269.57,-458.29
106.45,-283.97,-481.99
140.28,-163.15,-278.98
72.681,-262.81,-518.29
136.05,-66.577,-80.24
97.938,-141.29,-241.18
112.69,-218.84,-431.34
159.31,-36.567,-45.339
81.554,-203.21,-354.3
139.71,-128.47,-266.75
113.53,-132.04,-291.8
75.934,-223.68,-435.61
103.58,-171.48,-268.63
107.23,-227.94,-359.73
126.1,-117.35,-167.42
106.11,-200.54,-312.19
116.12,-19.932,-64.521
148.16,-122.59,-202.61
104.36,-234.14,-370.34
106.28,-140.69,-220.77
162.32,-36.365,-88.985
111.84,-55.597,-100.64
137.1,-71.374,-88.382
122.61,-35.635,-118.72
129.06,-147.43,-309.77
146.17,-62.873,-76.811
119.08,-209.53,-331.97
160.43,-18.378,-10.777
128.23,-94.962,-129.52
116.52,-15.283,-44.236
115.16,-202.7,-315.96
151.83,-108.66,-201.51
137.49,-147.46,-294.94
156.47,-83.723,-149.34
121.96,-218.93,-411.15
100.08,-119.35,-242.4
138.14,-161.36,-261.92
83.013,-245.06,-490.03
119.28,-236.74,-432.9
113.65,-34.876,-86.504
120.88,-120.02,-173.95
130.96,-105.86,-147.35
93.859,-160.15,-326.13
107.53,-220.63,-440.33
142.14,-9.708,-81.725
157.34,-76.924,-147.89
133.4,-51.069,-55.207
136.06,-181.45,-314.32
132.39,-114.8,-257.43
156.56,-5.0041,-62.933
122.38,-71.636,-185.78
104.15,-122.03,-200.79
118.43,-37.868,-115.83
87.382,-291.89,-471.9
113.43,-221.01,-349.74
164.44,-26.702,-68.06
130.16,-89.431,-119.73
129.29,-117.96,-264.8
122.87,5.0391,-37.512
154.74,-78.348,-165.42
152.6,-62.292,-83.226
112.12,-59.575,-144.44
83.834,-185.55,-354.44
91.742,-152.91,-293.09
146.4,-102.37,-151.99
126.44,-214.24,-388.67
136.16,-49.98,-150.46
164.01,-29.296,-72.878
125.92,-127.08,-281.47
107.93,-211.66,-426.62
123.88,-222.44,-373.19
116.98,-224.4,-430.23
77.887,-207.37,-392.52
108.5,-67.683,-136.42
127.06,-68.511,-182.2
128.26,-209.63,-356.61
156.81,-52.984,-129.19
140.14,-148.76,-288.58
140.58,-100.72,-141.76
118.47,-245.57,-435.73
149.47,-121.22,-208.57
134.78,-138.66,-289.28
71.246,-251.79,-428.98
127.82,-55.609,-159.64
157.87,-74.86,-132.98
139.01,-48.739,-49.777
150.98,-23.708,-98.452
94.984,-154.72,-264.37
97.572,-188.42,-300.52
102,-105.15,-208.13
127.91,-200.56,-328.02
86.324,-192.19,-384.39
69.602,-236.32,-442.44
122.72,-230.09,-410.51
143.59,-27.261,-110.15
138.02,-149.11,-233.5
123.39,-55.292,-70.684
136.55,-131.19,-195.37
120.24,-235.84,-397.18
74.084,-220.41,-403.51
112.07,-139.23,-304.39
131.1,-8.8256,-77.551
120.39,-209.51,-333.49
160.26,-51.276,-113.32
110.38,-236.3,-457.68
80.055,-234.32,-389.53
124.13,-114.99,-164.12
143.29,-100.71,-144.33
87.704,-219.56,-357.52
160.09,-29.867,-33.368
108.85,-76.153,-170.69
135.04,-117.53,-168.87
119.04,-55.426,-151.91
126.66,-100.13,-138.66
90.897,-169.73,-292.52
115.18,-23.77,-62.599
113.58,-261.18,-445.43
144.97,-130.12,-253.9
148.82,-94.211,-202.68
129.35,-204.59,-345.84
136.53,-52.803,-155.08
85.594,-216.22,-356.7
105.13,-157.5,-335.31
156.3,-65.85,-99.243
116.12,-237.3,-387.69
58.683,-278.98,-494.34
115.53,-42.853,-118.64
107.32,-146.58,-227.64
128.37,-170.46,-263.5
136.22,-19.963,-99.428
110.09,-264.98,-487.38
122.66,-202.13,-321.06
149.24,-106.84,-168.08
105.25,-237.08,-375.94
118.09,-164.25,-345.53
97.842,-125.57,-236.56
143.19,-150.71,-272.22
116.87,-42.935,-122.63
109.05,-74.991,-168.7
106.79,-89.713,-195.61
134.63,-154,-309.34
93.329,-261.53,-418.36
115.8,-242.04,-398.39
131.57,-135.99,-200.66
96.08,-164.94,-272.24
153.2,-30.15,-105.27
125.16,-206.49,-335.19
138.4,-160.51,-260.67
102.43,-191.28,-299.59
79.482,-248.62,-408.78
142.16,7.6265,-52.458
113.88,-194.13,-394.86
132.35,1.9823,-58.842
122.4,-72.212,-186.84
64.559,-258.44,-491.52
72.868,-227.78,-434.67
158.73,-56.549,-126.06
88.309,-304.76,-496.22
104.09,-97.583,-178.34
102.25,-156.82,-332.04
140.81,-40.138,-132.55
114.52,-55.004,-88.711
141.5,-108.36,-156.9
85.886,-198.71,-398.67
78.539,-305.18,-495.61
145.55,-75.092,-182.8
90.548,-230.16,-369.18
109.25,-159.95,-340.95
142.98,-148.34,-275
116.69,-69.722,-102.69
139.73,-83.047,-201.7
125.95,-101.42,-239.07
120.05,-240.94,-421.7
107.12,-93.394,-158.95
162.78,-43.381,-81.628
154.62,-34.554,-32.775
58.311,-287.09,-499.77
122.58,-222.35,-411.26
126.01,-108.53,-251.03
146.61,-132.97,-246.65
124.8,-61.87,-169.46
130.81,-36.827,-127.52
133.84,-173.13,-332.27
104.33,-234.7,-464.2
105.5,-224.83,-353.81
101.95,-164.52,-260.73
109.06,-254.35,-481.3
119.29,-70.231,-98.843
89.495,-268.87,-431.54
81.64,-233.19,-385.21
132.2,-141.12,-210.52
96.961,-129.68,-250.67
95.108,-142.27,-255.53
128.19,-130.24,-189.34
157.93,-71.872,-141.82
97.122,-144.19,-296.53
99.989,-225.43,-355.63
147.71,-90.457,-130.49
106.39,-131.77,-286.49
134.55,-37.542,-32.565
153.68,-40.146,-119.07
86.159,-204.21,-411.3
93.872,-272.93,-438.69
99.867,-298.2,-497.82
102.44,-118,-201.95
116.62,-194.12,-300.72
97.269,-232.08,-465.91
105,-159.35,-338.71
120.54,-9.9024,-62.599
150.02,-116.41,-218.04
115.23,-119.69,-178.11
116.35,-252.79,-433.98
93.5,-177.29,-363.99
142.51,-117.06,-175.08
156.97,-36.185,-106.87
143.77,-149.27,-263.62
89.22,-182.75,-310.09
120.75,-55.802,-154.84
84.658,-195.26,-336.48
61.41,-272.97,-478.82
80.097,-240.66,-397.38
69.593,-275.24,-459.27
129.92,-67.064,-83.068
96.428,-150.91,-255.77
86.38,-176.59,-319.86
99.191,-167.27,-349.96
117.87,-233.8,-383.31
78.161,-228.5,-387.19
108.49,-162.46,-345.33
102.31,-206.02,-322.87
163.21,0.13108,-42.864
98.586,-137.88,-285.48
135.03,-35.078,-28.301
162.48,-10.005,-58.126
112.89,-44.733,-85.961
100.21,-120.24,-245.81
153.91,-77.135,-167.25
159.41,-28.913,-29.844
98.655,-221.45,-349.69
117.2,-14.045,-56.547
104.06,-250.65,-401.03
90.016,-244.16,-391.02
156.03,-75.009,-119.25
147.1,-94.06,-136.62
142.41,-155.19,-274.88
141.56,-114.67,-169.09
147.94,-129.95,-230.77
83.909,-188.91,-367.45
79.383,-295.02,-478.39
109.63,-60.501,-127.55
125.16,-135.71,-295.7
122.97,-119.4,-270.03
72.436,-239.54,-466.57
92.187,-178.31,-364.17
100.8,-133.79,-281.67
108.38,-86.333,-193.39
159,-21.083,-13.445
113.25,-48.931,-87.088
141.97,-139.21,-273.26
92.91,-294.55,-479.35
119.93,-29.99,-103.04
145.22,-113.34,-235.29
105.44,-112.84,-186.27
140.39,-140.15,-279.07
112.11,-44.536,-100.82
95.403,-216.83,-440.82
127.76,-72.41,-189.15
121.92,-147.52,-219.15
71.185,-232.51,-440.77
71.956,-249.95,-490.14
107.94,-235.44,-374.06
125.58,-214.84,-358.13
117.2,-35.464,-56.149
77.315,-208.64,-391.04
115.24,-184.62,-283.49
116.65,-241.03,-446.52
110.61,-227.34,-445.77
106.3,-101.13,-170.23
107.41,-120.62,-265.28
123.49,11.414,-25.614
118.97,-199.51,-312.06
134.7,-71.974,-187.45
114.75,-80.772,-122.01
126.55,-185.66,-364.74
96.516,-271.94,-437.75
132.29,-177.92,-341.68
151.4,-110.6,-189.09
160.28,-48.293,-110.58
132.85,-143.14,-214.81
120.11,-13.032,-68.03
127.5,-131.62,-287.57
100.81,-167.25,-266.25
166.58,-17.834,-39.367
73.852,-228.84,-402.13
129.19,-59.307,-166.54
136.98,-73.889,-92.69
94.781,-236.3,-473.93
132.11,-187.54,-308.23
155.49,-8.2982,-69.381
133.28,-57.038,-65.043
117.98,-12.914,-29.104
122.64,-213.77,-346.59
77.613,-210.5,-377.76
96.153,-136.69,-247.23
147.46,-119.24,-234.28
140.75,-54.196,-155.38
127.22,-153.54,-320.86
129.4,-86.374,-114.9
99.11,-179.73,-374.09
123.08,-23.267,-24.547
134.97,-176.53,-330.66
116.1,-26.505,-82.872
93.462,-173.49,-288.55
-4.8617,-355.52,-436.07
44.863,-134.96,-31.517
73.559,-69.145,26.993
79.061,-159.46,-111.97
22.964,-249.44,-251.17
16.333,-384.59,-427.68
37.9,-294.95,-363.86
30.47,-259.64,-295.67
58.337,-243.49,-169.49
53.902,-213,-216
84.371,-156.44,-31.343
100.16,-102.03,33.144
43.798,-138.89,-49.551
66.534,-121.64,-60.158
76.545,-111.84,-42.44
42.514,-366.63,-418.8
82.871,-193.3,-104.97
71.48,-92.357,-11.688
80.299,-124.99,-59.952
2.1534,-340.24,-384.1
45.478,-296.42,-263.87
15.274,-281.53,-287.43
-3.4327,-358.22,-421.36
82.239,-145.91,-8.8104
41.905,-207.78,-202.01
65.361,-219.03,-217.56
60.371,-300.87,-299.53
47.397,-307.47,-286.55
64.51,-287.3,-282.18
23.776,-325.18,-321.16
74.546,-116.05,45.497
56.841,-293.26,-334.94
68.472,-238.67,-169.17
58.195,-294.83,-274.46
35.279,-353.4,-459.4
22.3,-294.68,-361.21
51.15,-150.75,-101.99
77.322,-207.71,-120.89
53.178,-303.79,-285.39
5.4383,-322.93,-394.07
71.303,-112.52,-45.094
41.511,-298.23,-266.68
6.2798,-316.49,-352.33
67.385,-161.72,-30.015
11.498,-294.48,-329.53
48.766,-142.52,-21.666
34.414,-193.55,-147.16
-4.841,-355.52,-440.75
20.034,-386.25,-430.57
72.103,-255.58,-235.87
-5.6758,-360.13,-455.87
81.079,-147.32,-91.73
45.71,-309.45,-289.33
83.775,-199.15,-127.62
28.949,-278.07,-332.18
6.1427,-342.49,-446.55
37.038,-352.42,-454.84
31.971,-387.85,-443.76
42.461,-359.23,-396.84
82.833,-134.85,-71.406
60.913,-115.3,37.579
16.91,-272.5,-278.82
51.406,-310.35,-297.26
67.032,-79.117,12.92
88.741,-119,-39.729
89.023,-133.38,5.2036
34.419,-219.4,-214.91
24.174,-265.35,-298.83
65.946,-173.21,-49.081
67.32,-236.01,-238.61
27.849,-284.81,-345.06
1.4585,-376.9,-428.76
64.037,-247.87,-260.99
43.255,-198.04,-106.03
62.687,-188.33,-74.408
58.308,-189.18,-174.35
37.07,-319.09,-404.86
67.036,-185.85,-70.327
85.553,-187.83,-105.18
28.706,-372.12,-405.79
8.3002,-338.88,-364.08
84.48,-194.44,-117.55
84.951,-166.26,-108.95
7.6919,-315.99,-382.93
65.435,-246.15,-180.18
36.314,-294.68,-261.72
17.987,-280.89,-271.95
65.094,-132.82,15.207
39.264,-249.89,-281.99
59.261,-306.25,-311.37
82.045,-207.9,-141.69
38.799,-203.93,-189.75
74.721,-238.78,-186.92
37.21,-190.33,-154.97
40.738,-258.68,-298.53
35.734,-379.12,-430.39
14.399,-336.59,-349.81
64.837,-75.046,22.181
10.46,-321.83,-405.8
26.952,-295.87,-366.6
36.364,-211.85,-139
-4.1568,-356.3,-452.78
44.188,-346.91,-430.54
51.306,-174.58,-60.59
69.313,-252.94,-253.15
45.158,-169.42,-64.275
78.348,-219.21,-150.82
58.473,-311.69,-330.64
78.825,-173.27,-55.404
60.287,-133.23,10.562
45.406,-354.56,-394.45
35.717,-234.66,-249.6
77.406,-140.33,4.4576
51.984,-122.81,11.035
45.831,-127.2,-32.977
53.769,-325.46,-373.17
31.97,-237.48,-250.34
65.652,-283.23,-282.76
48.329,-114.11,3.8898
73.337,-115.43,-49.414
66.013,-264.9,-222.24
2.3415,-340.14,-432.29
48.66,-232.87,-152.38
66.815,-218.03,-214.16
26.754,-230.68,-199.79
60.716,-303.02,-317.48
52.702,-160.14,-121.19
62.439,-159.97,-124.46
43.544,-167.44,-66.161
35.299,-350.72,-455.54
78.019,-226.83,-190.71
45.643,-161.62,-53.334
64.28,-148.42,-9.6153
27.593,-241.09,-248.73
48.597,-113.03,6.5182
4.9113,-373.5,-418.38
74.325,-220.63,-202.73
70.875,-251.12,-245.14
5.6869,-333.35,-364.81
15.731,-337.19,-443.89
26.294,-232,-206.03
13.786,-294.2,-300.27
16.766,-307.93,-305.66
3.7857,-345.34,-449.13
39.398,-196.07,-174.1
54.501,-169.03,-138.55
53.179,-142.01,-11.681
71.977,-153.93,-111.15
43.243,-282.03,-338.66
59.385,-151.11,-108.87
77.456,-174.08,-135.16
40.99,-234.98,-162.39
47.492,-282.17,-237.7
61.592,-144.86,-5.7994
57.015,-311,-313.78
31.53,-227.78,-227.41
64.824,-113.69,-46.134
71.943,-88.463,-5.229
46.529,-126.25,-37.148
57.546,-302.65,-292.32
53.898,-280.9,-324.96
10.246,-323.35,-340.4
40.376,-159.84,-87.077
69.564,-223.9,-217.92
91.777,-140.92,-17.786
29.3,-288.47,-352.94
22.309,-251.35,-252.69
50.731,-105.2,-7.1459
39.635,-243.58,-270.13
59.845,-153.77,-113.61
55.238,-249.43,-275.65
55.92,-124.41,-58.438
19.583,-287.17,-273.24
41.584,-210.8,-207.66
68.76,-134.69,14.046
37.235,-286.72,-247.78
88.117,-166.17,-97.1
89.814,-150.49,-32.154
44.661,-311.49,-383.83
93.221,-112.56,37.896
54.448,-115.29,26.517
51.116,-246.87,-174.84
38.766,-350.83,-369.72
26.544,-369.1,-398.82
77.738,-229.41,-192.03
97.259,-104.98,0.21395
59.145,-287.97,-260.35
47.66,-340.53,-412.23
39.085,-193.68,-109.9
10.257,-299.35,-338.95
27.509,-227.42,-207.21
78.767,-225.24,-181.77
35.09,-300.47,-374.81
55.072,-100.97,45.997
55.139,-123.18,-55.123
63.348,-124.23,-63.725
69.688,-231.14,-227.22
76.076,-116.68,44.567
45.448,-156.48,-47.694
75.108,-133.7,-77.494
39.322,-317.48,-399.93
56.236,-134.59,-77.521
56.965,-301.02,-342.82
51.872,-239.81,-162.6
50.166,-155.57,-35.577
13.049,-317.53,-326.3
89.12,-144.21,-16.712
31.906,-324.8,-315.96
29.604,-327.09,-423.86
89.774,-129.08,-50.739
43.945,-353.87,-437.81
28.344,-227,-185.37
40.771,-335.89,-339.78
88.677,-136.58,-62.853
68.109,-76.638,16.546
62.689,-220.79,-130.05
40.018,-263.72,-208.08
49.041,-219.72,-131.12
-4.8176,-367.13,-433.51
87.491,-129.57,15.026
42.914,-165.7,-66.219
75.373,-159.45,-27.707
43.862,-180.3,-81.18
57.351,-88.104,8.8879
12.87,-290.76,-327.36
50.126,-312.88,-375.44
54.582,-262.68,-296.97
47.687,-337.13,-409.24
53.525,-323.94,-374.37
66.437,-280.06,-276.33
48.252,-335.87,-406.05
5.0225,-351.92,-388.05
19.468,-290.51,-277.52
75.128,-159.64,-117.15
81.582,-183.74,-80.26
62.096,-161.18,-126.51
42.738,-274.58,-326.28
49.563,-322.06,-387.8
55.453,-192.44,-180.18
54.362,-273.73,-224.46
41.894,-336.89,-343.02
12.984,-297.63,-350.38
78.249,-227.32,-176.64
7.7594,-319.63,-345
61.591,-182.62,-162.55
39.806,-192.14,-166.48
43.125,-155.93,-94.91
89.27,-168.32,-89.399
52.408,-223.65,-135.45
7.9354,-312.4,-340.37
30.265,-254.98,-285.62
54.356,-239.89,-162.41
32.179,-203.95,-161.53
77.52,-204.1,-174.49
97.608,-107.53,35.547
49.084,-299.09,-358.88
47.283,-327.75,-400.5
-3.3557,-367.61,-428.58
61.803,-221.18,-130.46
46.931,-120.75,-10.846
78.63,-167.66,-124.25
64.15,-284.15,-298.64
43.361,-179.74,-81.625
55.439,-318.14,-361.31
50.961,-313.61,-303.88
94.62,-90.275,10.241
63.948,-289.49,-285.77
56.994,-313.53,-321.93
26.887,-342.64,-452.13
71.009,-215.91,-204.34
60.075,-304.22,-327.04
46.462,-356.98,-416.76
15.56,-339.83,-353.11
92.367,-128.73,-42.951
51.998,-91.838,41.513
49.953,-114.67,-26.099
28.708,-226.52,-182.76
23.197,-311.01,-299.36
0.98637,-333.73,-399.65
59.252,-150.84,-16.832
3.582,-356.08,-396.57
54.384,-289.19,-255.56
35.296,-187.84,-133.42
60.562,-279.59,-243.99
57.3,-179.28,-61.98
56.09,-235.97,-155.6
32.792,-203.62,-147.15
46.741,-134.76,-59.707
47.468,-125.32,-40.418
23.072,-363.35,-387.68
58.761,-222.3,-229.24
97.512,-95.803,10.939
23.076,-247.96,-228.38
24.056,-245.99,-247.09
98.434,-109.37,3.0841
70.631,-185.78,-161.35
26.085,-233.21,-206.48
55.864,-94.832,-1.3276
21.021,-357.11,-377.07
65.074,-126.9,24.33
-2.3806,-349.76,-440.7
85.327,-129.47,17.907
67.967,-198.32,-92.243
30.741,-387.7,-441.31
73.416,-234.1,-169.72
72.061,-169.41,-135.01
60.032,-287.37,-319.04
52.316,-89.047,44.902
31.593,-342.26,-447.55
31.987,-388.72,-445.85
15.961,-322.31,-326.69
36.445,-194.89,-120.44
79.161,-195,-159.18
79.113,-210.42,-131.93
95.962,-119.79,-19.205
88.703,-160.63,-89.605
70.79,-258.82,-248.65
39.696,-338.94,-345.23
59.924,-143.96,-5.8437
79.663,-211.46,-174.2
43.06,-178.02,-80.22
13.651,-308.76,-314.36
40.064,-162.15,-80.12
91.285,-154.91,-50.901
54.256,-316.37,-366.38
51.304,-302.17,-359.07
64.061,-286.66,-299.37
55.234,-130.18,-68.346
76.038,-78.521,11.079
56.917,-79.972,26.644
25.926,-312.96,-399.26
49.437,-310.49,-373.92
94.698,-132.96,-13.12
89.485,-146.32,-72.108
12.887,-335.57,-439.01
86.683,-171.26,-108.21
0.22135,-346.84,-443.77
85.595,-184.06,-123.53
17.469,-317.29,-317.03
76.035,-164.03,-36.126
47.47,-116.26,-7.6077
35.394,-315.12,-399.76
54.971,-112.64,-34.743
35.675,-346.21,-357.3
42.971,-148.89,-76.177
77.946,-219.56,-149.97
70.083,-83.47,3.6986
43.37,-143.27,-62.121
86.928,-122.87,28.221
52.021,-93.659,40.937
26.355,-282.05,-252.17
53.639,-212.5,-215.18
14.292,-336.6,-442.03
49.245,-215.73,-221.04
85.628,-190.26,-117.01
49.271,-300.88,-361.13
44.167,-147.42,-78.917
26.656,-281.96,-251.54
38.86,-226.93,-237.14
11.932,-345.42,-366.5
27.766,-269.08,-312.6
49.987,-343.77,-390.31
45.901,-346.71,-373.67
93.869,-142.22,-37.781
24.644,-292.2,-269.41
47.36,-166.3,-126.86
82.356,-198.03,-114.42
43.321,-333.69,-337.72
20.776,-368.27,-397.07
55.704,-322.28,-350.58
60.185,-263.81,-289.99
66.413,-178.09,-152.94
40.664,-365.14,-459.97
89.794,-161.28,-83.964
82.282,-201.21,-153.31
21.731,-257.12,-269.08
38.154,-326.9,-415.97
37.032,-383.79,-446.84
85.702,-164.28,-49.694
9.7504,-300.59,-333.12
14.534,-377.57,-415.88
45.17,-132.74,-45.309
44.674,-186.52,-163.07
49.261,-157.26,-111.95
9.9858,-305.62,-361.39
75.077,-235.92,-180.58
40.294,-166.12,-107.03
35.954,-194.22,-122.14
71.668,-252.95,-241.75
85.468,-191.2,-119.3
66.499,-194.85,-85.66
48.846,-344.72,-380.59
65.43,-179.11,-58.878
64.56,-159.37,-26.87
29.502,-226.85,-218.55
40.471,-219.27,-140.27
63.82,-222.57,-224.79
52.996,-331.56,-376.52
77.276,-210.83,-221.75
77.294,-114.03,-53.538
40.231,-278.51,-268.01
29.961,-292.41,-333.73
60.369,-361.78,-462.38
33.087,-305.53,-387.47
76.451,-304.08,-310.78
45.094,-243.24,-263.58
12.904,-356.86,-447.89
100.95,-197.88,-160.57
84.485,-253.24,-274.33
94.258,-206.56,-126.8
98.121,-148.04,-105.7
62.604,-165.87,-73.506
63.919,-181.73,-90.747
25.111,-316.68,-358.65
70.339,-109.96,14.76
22.326,-345.67,-394.03
76.594,-307.22,-351.29
24.913,-311.58,-367.07
105.16,-152.96,-99.127
79.659,-298.57,-327.75
88.959,-77.521,2.8039
38.804,-260.1,-283.74
46.05,-226.48,-218.2
46.966,-380.18,-434.46
85.84,-118.65,-66.212
81.41,-183.23,-174.23
66.217,-294.19,-272.24
46.678,-223.83,-214.01
60.449,-321.13,-413.21
84.595,-141.63,-104.58
77.908,-207.76,-118.3
90.261,-219.09,-145.72
89.509,-238.96,-186.48
88.507,-172.11,-152.02
104.47,-137.92,-9.5266
105.55,-122.34,18.076
92.997,-144.49,-12.673
105.79,-163.95,-64.648
101.31,-197.8,-158.47
94.953,-169.93,-141.69
33.579,-354.42,-388.01
27.517,-307.67,-377.08
34.654,-375.72,-423.51
48.454,-281.91,-257.81
46.119,-232.28,-202.01
51.185,-230.59,-248.46
80.105,-283.32,-319.98
64.449,-125.99,-41.21
47.918,-242.78,-269.6
73.365,-100.3,35.372
45.557,-227.69,-207.57
110.57,-115.9,22.615
68.804,-337.28,-406.09
41.411,-245.6,-245.36
87.739,-170.39,-55.468
26.312,-324.84,-359.68
106.12,-172.93,-115
66.606,-348.84,-417.37
27.877,-353.49,-393.34
21.372,-325.32,-388.26
16.87,-344.69,-441.94
96.167,-180.81,-155.06
80.408,-101.29,48.137
64.96,-331.86,-418.05
25.273,-328.92,-367.16
104.09,-183.1,-133.39
49.23,-286.56,-264.07
117.79,-108.43,7.396
47.049,-228.31,-231.07
96.466,-114.91,-57.363
25.94,-312.4,-352.55
49.12,-213.39,-175.61
39.741,-305.55,-395.1
93.291,-190.77,-94.671
55.659,-184.03,-118.94
98.121,-192.91,-106.22
36.55,-341.5,-364.28
107.79,-133.84,-68.766
53.82,-315.83,-310.79
60.87,-176.6,-150.26
49.239,-371.35,-417.83
89.688,-256.12,-232.98
44.872,-232.68,-210.94
65.832,-314.85,-394.89
78.902,-302.36,-322.87
21.032,-373.72,-433.48
81.636,-180.1,-168.98
80.496,-141.08,-103.33
30.215,-318.98,-342.05
59.701,-171.26,-89.042
106.37,-88.637,-8.9072
32.458,-331.94,-444.41
49.383,-336.24,-348.66
74.932,-289.39,-342.07
81.855,-266.69,-232.49
81.736,-291.12,-301.73
85.064,-274.69,-264.23
99.852,-110.5,43.122
52.012,-218.91,-223.77
118.42,-81.77,23.807
97.962,-132.35,6.3366
103.56,-140.57,-13.248
77.359,-147.28,-22.744
84.916,-135.71,0.52838
58.999,-261.05,-214.65
56.081,-243.61,-190.63
74.649,-241.44,-273.35
38.674,-307.95,-310.27
120.87,-89.204,35.217
98.304,-219.46,-178.33
68.463,-104.07,-10.439
98.115,-164.79,-129.55
71.038,-215.67,-232.24
93.066,-160.93,-130.67
96.663,-224.08,-176.35
115.15,-110.26,-18.324
45.183,-377.88,-428.39
99.134,-141.94,-11.218
52.656,-269.49,-233.85
102.66,-171.26,-71.566
30.42,-300.93,-369.2
69.163,-330.83,-359.17
33.636,-371.82,-417.17
69.597,-142.16,-26.668
91.127,-228.14,-166.12
64.916,-176.01,-156
106.74,-129.24,3.5388
24.261,-325.7,-417.06
61.184,-368.27,-441.9
64.438,-332.31,-350.82
111.77,-134.36,-19.803
48.101,-255.8,-298.61
82.681,-70.838,19.707
79.088,-86.038,-3.8467
86.187,-251.23,-206.63
101.94,-165.68,-123.04
85.075,-91.567,-19.613
114.02,-81.885,12.314
105.09,-135.18,-76.502
61.116,-350.24,-387.17
60.612,-304.52,-387.72
106.33,-174.7,-94.601
100.05,-153.15,-110.12
92.725,-71.535,11.867
116.46,-103.66,-6.2843
68.717,-100.59,12.554
73.939,-220.93,-141.12
67.011,-259.77,-208.99
53.341,-268.3,-327.5
45.165,-231.91,-231.01
30.946,-319.14,-340.45
103.4,-183.44,-100.96
87.555,-188.28,-86.144
68.294,-159.52,-128.25
60.443,-164.81,-79.703
88.373,-183.28,-169.38
47.305,-220.52,-207.09
90.196,-159.89,-38.138
80.637,-171.1,-154.32
94.981,-132.61,6.9568
89.372,-223.97,-154.28
70.13,-118.99,3.8177
64.407,-127.51,-46.744
42.72,-275.03,-333.25
86.781,-231.79,-241.93
74.676,-278.28,-328.26
44.967,-336.8,-453.92
70.66,-319.65,-333.61
99.762,-113.49,-52.653
67.473,-107.16,-1.3805
75.199,-315.09,-340.73
77.995,-275.36,-317.4
65.697,-234.09,-166.41
73.256,-120.61,-60.726
72.166,-133.01,-9.4015
57.68,-169.67,-121.66
45.145,-233.57,-236.55
80.968,-133.89,0.70836
51.775,-377.86,-435.26
26.31,-376.42,-430.59
56.628,-181.24,-147.74
50.818,-210.58,-163.09
59.65,-154.19,-84.227
89.924,-175.71,-156.27
11.181,-367.33,-456.04
67.072,-282.41,-345.77
107.55,-149.55,-87.922
52.351,-380.47,-442.42
85.899,-187.01,-177.44
56.723,-322.58,-323.63
67.524,-203.62,-210.42
88.189,-124.68,-76.189
73.818,-224.73,-147.55
55.746,-221.43,-235.95
103.01,-171.29,-126.88
53.944,-188.92,-133.22
84.868,-256.24,-215.11
18.329,-345.6,-407.9
65.888,-130.41,-23.591
63.491,-148.5,-95.924
66.224,-238.31,-272.82
61.888,-237.14,-174.25
17.595,-339.53,-425.29
98.053,-153.17,-113.2
101.32,-105.35,-38.966
109.3,-128.52,0.2045
53.696,-199.26,-181.55
90.47,-241.17,-194.3
19.318,-381.17,-446.98
64.88,-168.83,-141.72
73.785,-140.34,-98.209
58.291,-217.77,-231.43
30.631,-310.66,-331.41
42.396,-268.32,-250.24
67.748,-206.85,-121.99
109.78,-120.25,-46.808
53.321,-217.38,-160.55
64.008,-128.2,-42.87
77.546,-278.21,-322
73.852,-128.28,-75.987
52.759,-316.17,-311.58
61.043,-152.61,-95.197
69.522,-313.58,-384.7
67.702,-106.42,-10.226
69.162,-327.2,-349.09
110.17,-85.558,0.53331
57.598,-281.41,-351.28
22.019,-323.12,-395.02
70.814,-310.26,-311.01
61.506,-367.22,-455.1
61.201,-363.73,-424.45
119.67,-96.588,27.89
92.132,-182.67,-164.06
73.267,-320.31,-346.06
79.87,-120.66,-67.536
63.395,-148.98,-96.681
51.818,-248.08,-286.57
48.427,-229.16,-189.08
26.467,-306.08,-352.48
72.044,-271.96,-232.24
57.508,-342.95,-449.12
75.454,-111.2,26.236
20.263,-361.87,-418.81
89.846,-210.12,-127.62
95.371,-155.08,-119.41
67.617,-340.03,-414.31
72.515,-266.5,-314.68
56.887,-207.46,-208.3
38.761,-262.95,-259.13
70.336,-322.24,-390.84
91.594,-210.56,-130.62
69.78,-224.12,-247.22
70.648,-87.544,31.55
72.524,-226.91,-151.51
65.421,-235.87,-268.59
32.715,-306.07,-388.08
63.662,-149.55,-51.699
72.896,-297.99,-357.55
46.244,-281.07,-349.45
106.84,-109.07,40.932
50.236,-349.11,-373.27
72.131,-228.01,-153.46
73.016,-243.29,-277.74
85.43,-135.64,-94.564
61.52,-335.6,-431.13
64.773,-134.64,-32.594
69.315,-164.94,-139.67
23.559,-360.91,-411.01
44.932,-230.44,-212.97
97.773,-184.96,-157.27
68.738,-186.46,-179.35
114.21,-130.25,-26.767
69.383,-331.99,-363.57
62.755,-263.33,-216.28
90.427,-186.31,-84.118
116.41,-76.94,23.961
46.481,-287.04,-361.55
85.297,-234.28,-169.6
76.822,-282.39,-328.88
61.826,-225.26,-248.54
105.73,-134.12,-4.1903
114.35,-106.64,32.561
38.3,-280.84,-276.05
66.692,-145.11,-37.209
91.782,-124.89,19.977
62.538,-349.6,-389.04
34.279,-317.22,-330.93
53.623,-224.09,-168.01
96.776,-184.51,-158.84
62.852,-344.75,-438.18
72.187,-270.32,-229.17
23.614,-318.71,-369.51
60.977,-168.26,-132.37
58.07,-200.11,-194.74
61.798,-171.17,-140.74
67.183,-151.46,-110.91
25.002,-377.67,-433.97
57.19,-364.49,-413.64
93.216,-89.257,-17.573
33.11,-352.7,-385.67
118.84,-100.47,11.957
87.701,-131.27,8.7306
96.06,-68.088,17.371
59.582,-302.95,-287
26.829,-380.76,-437.09
28.918,-304.47,-332.59
92.814,-218.77,-211.29
40.069,-278.84,-337.7
101.87,-166.6,-60.486
113.26,-135.49,-44.847
44.741,-309.66,-305.16
71.411,-146.71,-107.62
39.922,-281.16,-271.99
48.932,-337.38,-350.8
73.23,-100.09,-20.36
56.669,-301.44,-386.27
82.998,-268.17,-295.28
35.912,-348.38,-376.05
109.97,-142.04,-30.272
100.68,-207.4,-155.49
116.35,-115.38,-13.897
103.37,-187.45,-140.25
92.997,-242.29,-228.33
93.149,-199.58,-186.2
92.214,-166.06,-139.3
59.209,-326.82,-333.13
22.028,-371.29,-428.36
112.15,-100.09,-15.524
58.042,-167.27,-94.928
69.113,-137.17,-21.246
59.98,-299.51,-380.36
58.007,-291.46,-266.41
99.74,-191.96,-108.09
51.636,-236.14,-261.31
60.696,-353.26,-453.73
110.47,-152.52,-72.787
48.344,-334.74,-346.02
45.111,-347.24,-369.37
81.17,-293.64,-313.72
75.743,-220.39,-238.41
100.07,-125.46,-70.247
29.397,-317.26,-408.4
56.253,-337.48,-352.9
76.804,-168.08,-149.26
68.486,-155.76,-121.26
52.606,-347.83,-371.74
31.48,-305.86,-323.72
65.698,-349.89,-427.51
30.878,-294.17,-350.88
51.397,-202.82,-179.46
117.19,-110.21,-5.2563
51.036,-273.59,-242
76.827,-86.265,-0.47321
39.898,-357.68,-389.56
105.32,-183.16,-117.17
62.697,-136.66,-58.94
94.524,-133.54,5.4866
68.106,-224.14,-247.52
37.823,-336.49,-455.18
68.742,-208.54,-123.74
70.72,-316.9,-384.63
28.004,-310.85,-340.96
43.359,-246.85,-266.94
31.672,-313.27,-403.06
95.629,-218.94,-202.05
77.352,-93.507,-15.387
66.656,-200.34,-204
120.14,-93.517,26.701
68.284,-342.5,-396.78
70.346,-125.81,-65.832
28.657,-327.13,-430.11
97.451,-132.17,-82.977
74.822,-277.84,-327.38
59.03,-159.27,-85.646
72.759,-304.63,-301.63
18.29,-342.9,-406.74
72.048,-92.833,39.01
86.387,-252.53,-268.07
78.302,-286.13,-269.84
43.036,-270.22,-250.92
97.535,-163.38,-48.429
72.684,-142,-20.909
109.77,-127.99,0.21613
55.487,-320.42,-319.27
101.56,-104.15,-36.933
33.993,-344.15,-469.32
75.99,-188.51,-87.397
59.994,-373.18,-452.83
76.117,-237.98,-170.67
100.12,-183.4,-90.865
98.53,-96.524,-27.482
88.482,-216.38,-217.8
78.884,-123.32,-71.591
79.684,-247.51,-276.41
103.11,-100.77,-30.37
40.568,-289.37,-281.06
76.714,-257.81,-221.29
97.187,-185.41,-190.02
45.399,-302.68,-358.61
84.654,-203.4,-220.94
69.266,-218.93,-180.92
67.247,-268.95,-338.59
62.23,-238.64,-257.51
69.542,-224.93,-247.49
69.934,-203.1,-193.4
94.992,-277.12,-333.85
101.93,-214.78,-233.9
54.28,-269.43,-290.95
86.571,-278.58,-254.79
93.39,-103.97,-42.446
78.909,-329.23,-351.14
123.41,-158.43,-117.12
130.75,-138,-42.946
139.09,-89.497,32.291
51.535,-278.72,-317.03
74.864,-341.74,-373.88
120.62,-171.18,-140.11
69.251,-205.95,-171.35
77.307,-158.95,-99.856
114.96,-65.962,9.9507
104.07,-224.78,-245.52
106.8,-82.841,-17.018
96.756,-303.51,-342.29
100.89,-237.77,-185.07
31.979,-352.68,-457.01
67.977,-279.38,-263.87
73.534,-263.39,-330.31
77.191,-266.11,-234.41
104.63,-269.17,-290.69
47.322,-295.71,-343.57
83.056,-222.63,-160.35
87.864,-213.5,-142.16
128.22,-115.73,13.528
88.708,-301.47,-378.98
42.332,-327.65,-381.23
106.02,-108.22,-59.865
106.67,-173.2,-71.334
42.688,-312.91,-385.6
34.316,-374.18,-455.28
66.694,-245.26,-218.27
104.88,-220.58,-238.24
117.23,-216.42,-185.69
64.225,-225.83,-215.28
47.878,-316.23,-351.69
118.48,-208.68,-180.15
96.751,-111.63,19.445
95.758,-129.3,-92.151
108.52,-65.389,12.296
48.455,-329.56,-366.95
81.027,-313.76,-320.85
131.91,-119.19,-45.13
47.109,-309.14,-347.13
104.39,-94.863,-36.7
46.33,-335.92,-379.71
83.152,-140.69,-49.572
120.99,-115.34,22.455
85.957,-299.19,-294.87
83.457,-162.52,-140.51
64.676,-261.87,-244.02
120.44,-175.67,-90.218
135.49,-103.78,-14.522
108.41,-229.64,-178.62
66.564,-317.06,-429.55
84.594,-123.56,-59.034
117.37,-127.48,3.3697
47.731,-337.18,-378.76
82.956,-297.82,-383.92
78.586,-354.57,-408.44
136.05,-107.13,-12.23
59.272,-288.36,-372.15
81.193,-291.64,-376.39
85.773,-172.59,-163.48
85.054,-113.87,-20.246
86.218,-105.25,-9.8871
107.04,-184.17,-181.63
67.25,-301.41,-401.16
57.874,-253.74,-277.57
50.756,-314.21,-418.53
96.472,-296.71,-349.05
54.21,-330.7,-359.48
80.161,-186.06,-183.03
37.181,-333.33,-417.95
66.563,-370.51,-427.29
99.651,-256.09,-220.49
63.508,-340.69,-472.1
91.09,-141.73,-31.567
68.084,-208.95,-198.57
92.894,-311.93,-375.12
115.4,-123.9,10.277
54.598,-269.58,-312.76
115.12,-225.2,-207.87
100.53,-218.03,-240.46
63.204,-296.69,-391.83
63.633,-241.38,-223.57
61.988,-304.77,-310.05
81.025,-192.43,-118.78
62.282,-273.81,-264.73
97.387,-89.907,-21.825
105.61,-214.45,-144.52
59.478,-310.06,-321.23
68.679,-209.64,-176.53
130.97,-132.49,-29.696
84.831,-122.89,-58.565
91.636,-147.58,-39.04
109.83,-115.22,-71.125
109.19,-242.08,-252.64
99.926,-143.6,-24.757
73.134,-291.49,-279.24
116.12,-103.87,43.816
83.895,-168.94,-81.598
94.215,-82.981,-2.4542
69.152,-281.11,-265.28
115.97,-204.77,-141.71
111.18,-244.25,-235.84
117.91,-178.22,-90.173
93.882,-313.73,-353
82.491,-192.22,-198.15
93.88,-250.67,-205.12
72.959,-327.04,-441.36
88.315,-330.51,-375.02
93.67,-104.48,-43.883
77.476,-192.87,-126.79
85.208,-182.31,-97.828
79.883,-236.16,-280.47
90.627,-312.07,-385.39
128.33,-98.391,-28.741
121.98,-172.85,-88.264
90.27,-123.42,-8.3662
96.723,-274.66,-255.82
114.41,-208.43,-201.1
136.41,-99.26,-5.9973
109.52,-155.73,-135.56
71.571,-189.84,-157.78
104.49,-114.32,-69.92
44.407,-365.05,-424.61
67.652,-300.79,-298.29
131.76,-122.26,-8.9483
85.548,-163.83,-71.533
112.46,-210.56,-209.2
108.54,-68.57,6.7924
124.45,-175.47,-105.67
107.12,-147.65,-28.574
95.992,-133.47,-99.764
66.365,-256.28,-311.44
72.397,-223.64,-249.88
100.44,-188.56,-96.803
93.204,-308.62,-330.18
121.7,-139.58,-96.873
131.41,-124.95,-13.721
109.75,-218.98,-226.35
91.869,-302.66,-372.04
81.945,-311.46,-316.81
92.709,-318.65,-372.83
60.94,-277.27,-350.07
86.216,-136.88,-93.775
113.8,-155.1,-130.49
87.544,-300.57,-299.27
129.46,-149.77,-69.974
110.57,-245.72,-229.01
93.814,-182.38,-89.114
83.563,-337.81,-378.29
109.19,-215.01,-149.62
112.36,-234.6,-231.11
41.729,-316.24,-388.26
114.87,-141.19,-108.55
119.06,-168.99,-73.995
94.266,-123.66,-1.2646
132.26,-117.46,-41.972
65.21,-222.21,-221.86
59.054,-257.29,-256.22
81.658,-175.96,-164.77
83.786,-288.24,-272.18
73.549,-268,-338.99
53.259,-304.79,-400.88
87.972,-323.23,-352.56
128.1,-118.29,-55.615
92.148,-235.86,-178
84.853,-124,-26.476
89.653,-214.06,-142
78.804,-324.45,-341.1
53.964,-287.75,-362.18
99.143,-225.23,-253.06
119.1,-91,-28.544
74.6,-292.43,-280.22
128.29,-147.64,-53.827
89.188,-329.37,-401.32
46.483,-300.17,-347.54
79.856,-188.87,-116.26
96.68,-184.26,-90.6
51.057,-286.92,-314.31
116.17,-116.84,22.04
92.025,-149.65,-126.16
88.228,-197.66,-117.1
105.9,-135.02,-104.27
82.515,-173.84,-90.914
62.073,-236.96,-250.27
93.922,-92.25,-20.483
73.907,-349.61,-389.66
114.36,-227.31,-194.08
122.17,-191.43,-143.29
87.986,-295.25,-288.58
121.78,-142.85,-101.19
51.074,-282.89,-314.12
92.8,-241.58,-285.16
112.78,-155.21,-42.496
71.949,-321.87,-333.64
36.407,-342.52,-454.98
100.29,-117.32,-73.737
68.224,-216.18,-182.85
81.71,-253.14,-210.27
123.33,-106.53,-47.773
81.71,-357.7,-430.4
76.777,-285.54,-267.49
104.94,-196.41,-111.12
60.187,-313.88,-326.3
102.03,-255.84,-290.61
75.494,-195.18,-193.66
106.87,-246.31,-212.67
102.47,-118.77,-77.028
92.24,-148.48,-124.19
90.294,-163.79,-150.79
109.63,-250.44,-250.58
49.995,-334.51,-371.13
72.254,-327.36,-343.99
84.712,-216.19,-148.84
62.654,-232.51,-229.27
132.38,-125.08,-47.87
80.483,-292.8,-280.08
94.181,-249.91,-203.82
60.894,-262.13,-253.8
43.763,-314.79,-366.36
129.33,-79.334,-0.58256
96.77,-286.24,-339.51
120.52,-79.709,-10.136
109.53,-156.38,-136.58
51.676,-328.31,-449.55
58.254,-298.25,-392.15
127.98,-153.24,-66.513
45.17,-380.14,-447.62
78.573,-165.99,-135.79
89.995,-238.93,-283.04
125.43,-131.06,-78.092
83.632,-121.9,-46.422
94.762,-191.64,-103.31
73.831,-275.47,-352.8
37.246,-375.08,-450.39
124.47,-170.65,-125
50.766,-299.1,-324.69
96.289,-246.75,-289.15
108.89,-244.69,-215.27
81.204,-137.5,-59.369
121.19,-177.13,-145.04
111.49,-190.92,-185.54
83.16,-332.56,-364.39
77.42,-161.01,-116.38
125.14,-137.32,-22.892
109.15,-117.64,20.559
33.179,-349.89,-460.51
92.455,-316.9,-353.02
111.11,-198.76,-197.02
111.82,-229.36,-186.82
111.97,-146.32,-119.04
118.11,-122.09,-76.649
105.12,-269.53,-273.12
87.409,-325.84,-409.44
60.635,-300.3,-304.96
63.935,-233.46,-216.45
85.096,-347.4,-424.64
81.754,-138.7,-54.889
46.874,-340.63,-385.1
47.035,-299.4,-342.9
85.268,-222.37,-158.08
76.751,-200.39,-207.38
69.677,-210.56,-213.05
81.954,-207.77,-139.14
123.46,-168.01,-82.169
82.49,-219.94,-250.96
56.607,-298.11,-308.57
101.7,-175.94,-75.71
93.6,-213.08,-237.9
91.977,-109.2,13.809
131.26,-135.84,-61.049
74.737,-282.21,-364.78
50.1,-347.52,-390.48
58.239,-381.26,-444.94
72.884,-185.78,-159.3
70.528,-272.34,-250.14
83.977,-320.13,-413.35
92.684,-243.59,-288.47
105.87,-83.721,-18.135
115.18,-212.88,-158.15
74.577,-190.21,-132.61
77.317,-342.33,-377.64
81.33,-256.27,-316.81
96.105,-202.33,-120.37
132.35,-132.36,-48.308
105.55,-244.03,-204.34
58.726,-249.65,-267.84
107.89,-136.74,-106.46
56.1,-261.81,-294.66
37.225,-336.51,-439.24
45.299,-306.7,-355.14
36.342,-339.62,-418.17
86.957,-139.27,-36.329
65.885,-218.44,-213.15
62.966,-244.63,-277.75
87.138,-248.81,-301.32
73.953,-319.22,-328.8
47.614,-293.96,-345.77
95.603,-249.12,-293.62
59.491,-278.02,-276.27
138.38,-95.356,15.316
83.852,-213.72,-239.84
92.451,-106.73,18.07
136.69,-105.81,0.3482
87.356,-112.1,-44.004
83.116,-193.58,-201.35
125.05,-174.32,-107.63
115.13,-115.11,25.155
56.04,-293.14,-303.29
99.143,-84.339,-13.742
59.169,-328.52,-350.78
49.024,-313.93,-345.92
113.43,-165.88,-61.728
101.04,-179.58,-81.811
104.55,-250.01,-215.6
94.924,-198.87,-114.98
109.77,-225,-171.33
68.439,-261.22,-323.77
38.449,-364.35,-433.55
88.474,-130.13,-84.78
108.57,-228,-240.3
108.37,-209.18,-216.31
60.886,-312.93,-422.71
79.803,-256.43,-317.47
86.717,-210.93,-235.35
92.749,-161.49,-148.04
114.3,-105.76,40.721
85.6,-115.94,-45.099
112.75,-236.34,-213.63
49.394,-371.46,-429.82
106.24,-106.55,-57.096
118.42,-210.57,-175.88
73.379,-180.59,-143.35
112.76,-237.21,-219.66
91.342,-113.94,-58.218
83.605,-302.45,-389.84
114.23,-159.83,-136.93
76.353,-223.48,-169.94
56.127,-302.24,-398.64
61.737,-325.1,-445.41
62.614,-313.68,-323.55
83.004,-303.66,-301.8
86.923,-101.93,-14.179
59.339,-277.76,-348.92
69.651,-260.95,-234.05
87.977,-334.84,-388.87
90.844,-320.16,-389.71
75.823,-168.78,-127.55
94.295,-200.98,-217.2
109.03,-61.706,18.421
72.713,-279.92,-260.2
119.29,-162.95,-132.95
79.289,-148.71,-78.598
102.22,-281.21,-306.58
52.406,-347.98,-388.66
104.06,-274.17,-282.67
110.8,-204.11,-130.27
129.17,-144.75,-51.127
85.918,-225.09,-161.97
105.41,-86.953,-23.503
110.23,-224.57,-231.72
63.176,-235.99,-222.12
129.77,-111.42,19.071
48.61,-294.34,-361.28
115.92,-146.11,-114.7
91.422,-150.29,-43.223
82.101,-323.57,-421.89
88.41,-276.55,-251.67
135.67,-102.45,-12.545
89.774,-129.88,-17.872
92.112,-79.345,12.347
77.867,-299.3,-291.92
54.516,-277.29,-336.41
71.13,-205.18,-204.68
116.51,-216.49,-174.39
124.33,-146.34,-100.09
107.66,-247.93,-263.92
85.241,-160.11,-67.144
87.306,-262.98,-324.48
88.81,-89.9,17.974
103.58,-272.69,-271.35
99.191,-98.315,-39.318
60.726,-240.8,-245.81
-73.198,-361.66,-424.76
-32.269,-140.72,-19.43
9.328,-92.461,47.797
4.4029,-192.59,-84.297
-47.597,-259.1,-237.57
-75.858,-395.74,-410.76
-27.879,-323.11,-340.07
-34.188,-278.84,-277.2
-41.66,-260.02,-148.56
-13.838,-240.08,-192.61
-14.099,-179.81,-6.6243
9.3364,-132.98,61.391
-29.874,-146.32,-36.884
0.52834,-146.17,-38.455
8.4187,-140.62,-18.029
-48.274,-393.67,-392.82
-13.897,-221.41,-77.696
6.2715,-116.79,9.8724
9.1509,-156.35,-33.7
-74.833,-344.38,-372.97
-53.006,-312.1,-243.61
-60.702,-287.3,-275.47
-78.055,-362.26,-410.56
-16.579,-166.3,14.216
-24.32,-226.99,-183.36
-7.9652,-251.51,-190.41
-33.339,-329.67,-272.21
-50.941,-325.95,-264.68
-27.721,-317.89,-253.99
-68.672,-333.4,-305.9
-21.98,-128.64,63.745
-21.085,-327.26,-306.38
-31.249,-261.49,-144.63
-39.147,-319.41,-249.17
-34.132,-385.48,-432.93
-40.513,-314,-342.88
-15.129,-168.65,-84.093
-21.504,-232.88,-95.087
-44.772,-325.86,-261.48
-59.528,-333.52,-380.56
4.8073,-138.77,-22.333
-56.231,-311.9,-247.67
-67.814,-321.84,-340.82
-30.531,-174.74,-11.361
-58.24,-302.8,-316.79
-36.508,-147.46,-9.1317
-38.56,-202.24,-133.84
-71.767,-362.43,-429.15
-73.084,-399.59,-412.28
-17.918,-288.29,-206.69
-70.459,-368.25,-443.82
6.7081,-180.37,-64.132
-52.518,-327.12,-267.95
-9.6851,-230.42,-98.891
-34.769,-299.17,-312.72
-54.223,-358.59,-430.36
-33.599,-384.88,-428.01
-60.844,-409.53,-420.67
-50.753,-383.96,-371.93
8.9819,-167.72,-43.97
-29.643,-121.92,51.692
-56.94,-279.34,-266.48
-46.265,-332.25,-273.48
2.9204,-99.442,31.976
12.931,-152.68,-11.6
-8.5079,-157.35,30.166
-32.745,-234.61,-198.47
-41.295,-280.65,-282.53
-32.388,-186.55,-30.197
-9.7175,-270.02,-210.16
-35.538,-306.23,-325.45
-82.617,-381.51,-416.55
-12.195,-281.67,-232.75
-46.69,-204.01,-92.362
-35.801,-201.38,-55.672
-9.5396,-216.03,-151.09
-29.805,-349.26,-379.78
-32.288,-201.03,-50.263
-8.6823,-218.39,-76.779
-65.903,-388.59,-385.51
-75.369,-343.31,-352.01
-9.5116,-225.27,-89.011
4.1769,-200.89,-79.709
-57.232,-327.2,-369.07
-34.49,-267.81,-156.29
-59.713,-305.35,-244.64
-62.922,-285.72,-259.98
-29.591,-142.29,31.436
-26.043,-273.33,-260.99
-33.664,-335.43,-283.91
-11.717,-238.99,-113.03
-28.221,-220.13,-172.76
-21.16,-267.86,-159.18
-32.236,-202.37,-140.11
-24.892,-284.08,-276.36
-57.048,-402.19,-406.49
-73.688,-342.41,-336.45
0.7435,-93.384,40.083
-51.516,-337.25,-389.83
-35.988,-318.38,-346.41
-49.852,-217.05,-126.21
-68.062,-365.41,-440.25
-32.311,-380.24,-402.54
-40.938,-181.62,-46.046
-13.369,-287.43,-223.78
-41.637,-174.63,-51.407
-18.194,-247.8,-123.29
-31.536,-342.63,-302.49
-20.62,-194.61,-31.753
-32.114,-140.78,25.42
-46.57,-381.31,-368.51
-29.92,-253.56,-231.19
-21.133,-156.9,25.247
-32.749,-127.61,23.431
-26.702,-135.08,-20.179
-30.121,-358.38,-344.56
-34.169,-253.98,-233.27
-24.368,-315.25,-253.99
-28.493,-119.62,15.801
6.0281,-142.98,-25.81
-31.969,-290.45,-196.31
-60.111,-352.26,-418.18
-48.251,-243.23,-135.38
-7.3126,-250.92,-186.68
-49.563,-237.29,-187.3
-28.882,-334.56,-289.04
-13.458,-180.37,-101.96
-4.899,-186.04,-101.7
-41.191,-172.43,-53.654
-33.764,-382.64,-429.19
-10.735,-260.42,-161.17
-40.159,-166.68,-40.668
-31.55,-158.76,7.2495
-40.056,-254.32,-233.39
-28.467,-118.45,18.403
-81.169,-378.88,-405.5
-6.45,-255.27,-173.48
-13.549,-285.46,-215.65
-74.033,-337.46,-353.38
-44.669,-358.99,-424.4
-48.781,-239.15,-193.37
-65.14,-299.04,-288.51
-68.978,-312.84,-293.08
-56.868,-360.08,-433.7
-28.038,-211.42,-157.55
-11.87,-191.51,-117.99
-35.839,-147.8,1.7703
1.8301,-184.06,-85.723
-24.069,-311.24,-314.09
-6.9387,-174.54,-87.761
1.893,-207.56,-107.18
-52.316,-242.44,-147.48
-51.292,-297.17,-217.8
-32.754,-153.75,10.054
-37.347,-338.52,-287.12
-35.934,-242,-211.51
-0.51418,-136.39,-25.561
6.8807,-112.77,16.245
-24.372,-135.36,-23.824
-38.687,-328.42,-266.46
-19.373,-313.85,-297.55
-72.237,-327.7,-328.52
-33.034,-167.87,-74.095
-7.3802,-257.87,-189.5
-3.726,-168.81,9.2209
-34.116,-311.32,-332.5
-48.721,-260.56,-239.29
-18.293,-115.39,6.5884
-25.764,-266.39,-249.48
-6.6564,-177.75,-92.159
-15.422,-280.58,-249.58
-9.7081,-142.41,-40.558
-64.853,-291.97,-260.89
-24.567,-230.22,-188.89
-27.481,-146.01,31.523
-58.71,-297.01,-230.93
3.0883,-200.6,-67.492
-6.3124,-177.99,-5.3073
-26.016,-343.67,-357.15
-3.3707,-137.12,63.095
-31.273,-120.22,39.098
-47.508,-259.77,-156.17
-57.011,-370.6,-347.4
-67.957,-383.79,-379.58
-12.016,-262.61,-162.6
15.362,-139.22,29.356
-38.794,-311.96,-235.33
-31.556,-373.87,-383.91
-46.263,-198.79,-97.251
-59.106,-307.68,-326.25
-44.903,-236.22,-193.89
-11.957,-258.05,-152.45
-29.861,-327.92,-351.52
-28.573,-105.57,58.153
-10.611,-140.43,-37.663
-2.3038,-147.15,-42.988
-8.576,-265.42,-198.47
-20.879,-130.14,63.369
-39.101,-161.42,-35.242
5.5275,-163.58,-52.277
-28.649,-348.35,-374.33
-9.4683,-154.09,-58.763
-22.999,-335.01,-314.04
-46.621,-252.36,-144.15
-38.615,-161.25,-22.217
-71.044,-322.12,-314.1
-7.9488,-169.91,9.2007
-63.772,-336.64,-298.24
-34.335,-354.91,-400.48
11.346,-163.35,-21.972
-34.244,-387.03,-409.71
-50.604,-232.76,-173.08
-56.052,-354.48,-318.01
9.9174,-170.92,-34.01
4.0558,-97.39,35.843
-37.375,-237.23,-109.18
-55.539,-273.07,-191.82
-46.933,-229.12,-114.78
-80.488,-370.83,-422.78
-10.492,-151.78,39.016
-40.678,-170.67,-53.857
-23.81,-176.82,-6.3866
-43.687,-185.66,-68.14
-8.3792,-102.26,24.552
-55.742,-300.13,-314.15
-25.127,-346.41,-347.46
-16.984,-294.62,-270.33
-30.517,-370.59,-380.96
-29.084,-357.19,-345.72
-23.915,-312.01,-247.56
-30.332,-369.34,-377.73
-78.036,-356.21,-376.14
-65.542,-295.36,-265.07
2.8393,-191.45,-90.509
-16.93,-208.79,-54.562
-5.2269,-187.19,-103.8
-23.982,-302.81,-302.35
-27.023,-355.69,-359.62
-11.819,-218.12,-157.66
-45.234,-291.77,-202.7
-54.779,-356.45,-320.72
-52.598,-309.61,-335.99
-15.076,-258.66,-147.89
-70.656,-324.04,-333.55
-6.8699,-210.47,-138.64
-27.801,-207.16,-150.11
-26.353,-167.41,-80.37
0.43778,-201.74,-59.946
-45.257,-234.89,-117.86
-67.833,-317.42,-328.87
-34.737,-273.24,-267.65
-44.813,-253.74,-143.14
-41.82,-211.95,-148.5
-3.1699,-238.77,-145.24
3.5478,-135.74,62.573
-23.127,-331.77,-331.74
-28.161,-361.21,-372.53
-81.12,-371.21,-417.67
-38.15,-237.13,-109.88
-28.882,-126.75,1.2305
3.1371,-201.12,-96.283
-21.259,-317.78,-269.45
-43.621,-185,-68.708
-28.277,-351.32,-332.58
-46.451,-335.77,-279.98
18.62,-124.03,38.433
-28.305,-319.97,-257.64
-36.334,-341.92,-294.88
-36.69,-370.87,-428.55
-5.8488,-249.85,-175.95
-27.17,-336.75,-298.28
-40.404,-387.52,-389.2
-73.634,-346.24,-339.27
11.193,-163.19,-13.759
-24.427,-97.11,53.238
-18.528,-125.86,-11.84
-50.842,-232.14,-170.48
-67.673,-317.84,-285.09
-67.367,-340.92,-387.73
-34.607,-159.21,-1.3342
-78.925,-360.25,-384.8
-44.583,-309.6,-232.49
-38.791,-195.77,-120.43
-37.899,-303.15,-219.16
-38.568,-188.97,-45.488
-43.323,-250.33,-135.99
-45.494,-209.66,-134.77
-22.223,-146.18,-45.267
-22.142,-135.64,-26.541
-70.731,-375.34,-370.08
-11.371,-252.54,-203.75
17.51,-130.04,39.865
-53.535,-254.21,-216.07
-46.037,-256.18,-233.24
12.92,-143.01,32.286
-2.0721,-217.79,-134.55
-49.491,-240.11,-193.91
-10.244,-108.67,14.194
-71.983,-367.36,-360.58
-29.01,-135.91,40.223
-66.64,-359.01,-428.05
-12.969,-150.05,40.99
-32.017,-215.39,-71.007
-62.439,-408.33,-418.77
-24.703,-260.49,-143.29
0.34122,-200.76,-108.69
-20.096,-321.54,-290.14
-23.628,-94.428,56.636
-34.241,-372.36,-422.63
-60.692,-410.59,-422.65
-71.384,-327.7,-313.65
-45.803,-200.08,-108.1
-1.3744,-229.65,-129.96
-18.332,-237.88,-104.95
11.852,-153.9,10.111
4.4093,-195.13,-60.043
-16.909,-292.34,-219.27
-56.958,-357.3,-323.62
-33.515,-152.11,9.4779
-5.7641,-245.94,-144.51
-43.306,-183.19,-67.426
-69.219,-313.26,-302.35
-36.675,-168.47,-67.753
-2.0351,-185.49,-22.586
-26.652,-350.04,-337.68
-23.102,-335.54,-331.28
-22.527,-319.93,-270.27
-10.509,-148.42,-50.317
10.73,-104.13,33.336
-9.4681,-92.423,41.393
-36.588,-337.25,-378.09
-24.766,-343.82,-346.18
1.6055,-163.08,14.9
7.8241,-180.9,-42.798
-47.407,-355.31,-420.73
2.4613,-205.83,-78.615
-62.07,-358.51,-429.93
-0.992,-218.3,-93.858
-70.305,-322.81,-303.87
-23.351,-182.33,-14.243
-26.905,-122.81,4.6261
-30.383,-344.24,-375.42
-10.927,-128.33,-18.175
-60.521,-363.09,-336.61
-28.135,-158.47,-62.557
-18.958,-247.73,-122.64
5.5826,-106.19,24.188
-28.889,-151.75,-49.004
-11.113,-143.79,51.474
-25.265,-98.718,52.636
-63.108,-287.98,-238.58
-14.002,-239.39,-191.92
-45.999,-357.42,-423.13
-17.441,-240.63,-199.04
-6.4326,-222.36,-87.958
-23.321,-333.72,-333.86
-25.567,-158.36,-64.668
-63.016,-287.96,-237.89
-26.892,-246.86,-218.12
-75.545,-351.07,-353.3
-36.496,-287.92,-294.39
-38.202,-374.22,-362.65
-48.015,-371.72,-348.52
3.166,-174.29,-8.9008
-64.957,-298.23,-255.75
-19.334,-183.48,-109.33
-14.118,-226.57,-86.925
-53.471,-353.71,-315.13
-72.443,-379.69,-379.88
-33.641,-353.12,-322.56
-15.421,-297.45,-261.91
-3.4994,-207.78,-127.79
-36.455,-398.16,-432.07
3.1812,-195.33,-54.395
-4.2593,-235.51,-123.61
-47.485,-267.68,-255.11
-30.037,-358.09,-390.15
-53.736,-409.43,-421.68
-11.98,-189.99,-23.707
-61.955,-307.48,-320.99
-76.832,-387.05,-400.02
-26.627,-141.31,-32.199
-21.913,-204.61,-145.04
-17.257,-174.62,-94.341
-56.095,-316.37,-347.66
-21.183,-264.67,-153
-30.633,-176.26,-93.109
-45.288,-199.54,-109.84
-14.999,-286.85,-212.27
-6.3975,-223.43,-90.199
-33.166,-210.66,-65.191
-42.541,-372.8,-353.94
-33.163,-192.73,-39.799
-32.323,-170.76,-9.2793
-39.635,-238.69,-203.84
-50.507,-225.6,-126.28
-8.9744,-254.78,-197.86
-33.15,-363.54,-348.2
7.0806,-251.9,-189.97
11.101,-144.64,-28.283
-45.673,-295.17,-248.61
-41.624,-311.79,-314.37
-18.689,-406.47,-427.5
-30.442,-333.08,-364.29
-19.41,-342.86,-277.42
-23.354,-268,-241.45
-56.746,-374.32,-429.86
14.157,-244.06,-123.95
4.5004,-299.35,-238.52
-6.0646,-242.08,-94.825
23.603,-192.48,-71.479
-23.453,-182.68,-54.004
-26.206,-199.28,-70.352
-51.552,-333.24,-340.35
-12.514,-126.36,33.666
-59.404,-361.4,-375.64
-8.8727,-352.15,-315.55
-46.286,-330.31,-348.14
24.249,-199.28,-63.096
-8.72,-342.83,-292.07
23.714,-111.66,30
-31.636,-281.79,-263.18
-26.819,-247.29,-197.87
-47.79,-409.81,-406.53
18.873,-155.15,-37.454
11.533,-223.62,-142.88
-33.297,-322.87,-244.32
-26.103,-244.77,-193.62
-10.482,-364.97,-379.74
16.497,-179.68,-74.792
-21.861,-232.82,-92.457
-10.509,-253.32,-114.44
-10.034,-275.96,-153.74
16.573,-214.68,-119.18
5.2243,-171.88,21.414
6.5473,-155.1,48.305
-6.3472,-171.59,14.305
8.148,-203.05,-30.902
13.845,-243.84,-121.85
19.647,-214.69,-107.19
-57.518,-373.74,-366.48
-39.058,-330.12,-356.51
-58.028,-397.68,-400.27
-44.352,-300.76,-236.36
-34.918,-249.47,-182.85
-16.083,-258.41,-224.7
-2.1033,-329.23,-284.03
-9.234,-145.52,-21.528
-19.109,-270.14,-246.14
-10.942,-116.67,54.426
-31.084,-246.29,-188.09
12.672,-151.78,54.522
-15.33,-381.65,-370.82
-33,-264.98,-225.69
-12.127,-197.08,-28.669
-54.927,-340.79,-341.22
18.492,-218.85,-78.439
-20.148,-391.83,-382.6
-59.768,-370.75,-373.39
-50.383,-343.17,-369.77
-48.615,-365.47,-422.47
18.459,-226.5,-119.75
-9.9346,-119.22,68.779
-11.618,-377.06,-383.16
-55.773,-344.8,-348.75
16.729,-229.14,-96.785
-44.496,-306.04,-242.15
27.027,-152.02,42.966
-23.212,-251.45,-209.68
26.488,-156.38,-25.381
-50.334,-329.17,-334.18
-29.895,-231.21,-156.31
-23.042,-337.94,-369.2
-7.564,-223.29,-64.378
-25.359,-201.3,-99.74
-1.5821,-229.56,-73.666
-55.088,-360.82,-342.68
27.925,-179.98,-32.954
-43.429,-340.28,-285.58
-7.7247,-203.11,-127.11
-46.065,-401.05,-389.8
-5.5832,-297.79,-198.01
-33.414,-250.58,-191.68
-8.3124,-359.72,-360.46
-12.913,-344.75,-287.88
-64.363,-390.27,-414.19
11.894,-220.31,-137.76
13.281,-176.8,-74.991
-53.929,-335.19,-323.11
-24.045,-188.08,-69.792
34.339,-132.18,24.507
-28.694,-363.81,-419
-46.958,-360.89,-323.44
-2.8548,-335.04,-306.78
-17.717,-302.18,-200.62
-10.755,-333.57,-266.63
-10.21,-315.7,-229.64
1.3139,-138.17,70.341
-16.286,-245.2,-200.78
37.623,-127.7,59.604
-1.4023,-161.16,34.313
4.1515,-174.17,17.508
-16.901,-167.05,-0.58683
-11.571,-157.81,24.287
-37.468,-282.23,-191.43
-37.094,-262.35,-169.2
3.3153,-284.13,-240.51
-50.774,-325.5,-289.95
31.873,-133.3,70.879
5.2833,-263.32,-142.35
-3.0381,-124.6,9.5765
21.322,-210.18,-94.523
2.7159,-254.22,-202.14
19.961,-204.45,-97.149
0.81685,-265.91,-141.22
31.704,-156.3,17.832
-49.692,-405.96,-401.35
-0.63153,-172.57,17.858
-41.323,-288.88,-211.95
3.6919,-208.51,-38.745
-35.399,-324.86,-347.86
-25.54,-368.87,-326.38
-58.519,-392.88,-394.51
-18.794,-159.27,-6.724
-8.8107,-264.59,-133.65
-2.5529,-205.76,-131.1
7.9449,-163.81,34.792
-39.704,-349.75,-395.85
-27.9,-408.92,-408.23
-32.524,-366.16,-320.19
15.94,-174.58,14.381
-17.586,-285.71,-273.82
17.575,-99.99,43.994
13.323,-114.42,20.069
-13.445,-287.56,-174.27
21.797,-211.93,-87.135
19.549,-124.8,7.0863
37.641,-127.29,47.305
27.426,-180.89,-41.19
-34.253,-385.08,-356.15
-8.6508,-347.2,-355.11
11.508,-217.1,-59.265
23.533,-198.46,-75.174
27.259,-107.29,40.023
32.818,-149.61,29.841
-7.8037,-118.12,31.395
-25.475,-245.25,-115.75
-32.295,-284.6,-183.33
-11.917,-303.57,-299.64
-26.705,-253.38,-210.41
-53.934,-335.46,-321.36
6.2388,-223.76,-66.568
-13.132,-216.73,-58.227
0.99571,-189.46,-103.25
-22.648,-181.64,-60.521
15.393,-226.65,-135.96
-25.837,-241.25,-186.78
-9.5303,-186.92,-11.155
11.794,-209.95,-123.98
-4.027,-159.66,33.871
-11.374,-258.27,-122.97
-14.479,-135.48,22.974
-8.4571,-147.65,-26.798
-22.146,-304.3,-308.92
8.6203,-277.63,-206.49
-0.93648,-323.49,-293.48
-18.965,-376.15,-423.86
-25.775,-356.29,-301.43
28.404,-156.22,-19.78
-8.275,-125.14,17.632
-17.568,-356.15,-306.4
-0.0084838,-321.11,-282.03
-31.621,-255.76,-142.81
6.451,-149.04,-36.66
-16.855,-150.3,10.718
-14.875,-191,-101.06
-25.992,-255.65,-215.68
-13.632,-154.14,23.18
-42.546,-410.64,-405.56
-62.704,-394.89,-409.79
-14.365,-204.23,-126.36
-30.773,-227.77,-143.87
-15.896,-173.2,-64.64
16.91,-219.11,-122.83
-61.528,-383.35,-438.51
-3.8346,-325.63,-312.67
24.641,-195.93,-51.625
-41.419,-414.27,-412.19
13.811,-229.7,-144.51
-41.146,-349.52,-296.91
0.24728,-238.82,-182.38
20.281,-163.02,-46.255
-25.776,-249.36,-121.97
-11.173,-251.29,-211.05
20.605,-217.76,-90.59
-25.133,-206.73,-113.93
-14.738,-292.36,-182.86
-58.259,-361.44,-390.02
-15.933,-147.07,-4.6524
-6.207,-172.5,-74.106
-1.5544,-276.9,-242.75
-33.91,-257.49,-151.59
-50.16,-358.89,-406.38
22.913,-197.9,-78.748
30.073,-148.13,-6.0829
11.323,-165.15,32.559
-16.612,-223.02,-159.8
-8.1899,-279.58,-160.84
-65.822,-397.69,-427.75
-2.8284,-197.49,-117.43
7.0027,-171.72,-72.439
-8.5091,-248.91,-205.8
-52.114,-326.82,-312.66
-43.61,-285.04,-230.79
-28.04,-227.16,-99.351
30.518,-166.27,-11.134
-33.46,-234.32,-140.89
-10.325,-147.38,-23.321
-0.57645,-323.96,-286.61
7.1726,-158.18,-51.084
-44.198,-340.12,-286.7
-10.624,-174.43,-74.413
-7.8318,-359.01,-349.58
-5.0142,-126.09,9.4279
-26.531,-364.23,-316.76
36.153,-130.15,34.786
-8.8895,-320.57,-321.03
-46.605,-342.81,-375.82
-27.163,-344.94,-279.79
-23.083,-410.38,-420.48
-30.577,-402.33,-391.66
28.983,-139.93,63.306
17.024,-227.31,-129.66
-20.394,-360.28,-312.27
13.55,-153.79,-40.807
-6.3226,-172.96,-74.869
-13.994,-279.39,-260.95
-35.28,-246.04,-169.8
-46.381,-324.23,-333.7
-28.306,-301.17,-203.93
-14.246,-387.23,-415.31
-12.743,-128.28,46.143
-62.678,-377.69,-400.23
-11.217,-242.76,-97.238
21.643,-199.04,-85.563
-15.319,-384.62,-379.05
-0.033005,-310.39,-281.01
-10.734,-235.88,-184.16
-40.693,-280.09,-240.18
-10.249,-367.59,-355.4
-9.2155,-244.55,-99.479
1.4824,-262.95,-216.96
-4.6733,-105.31,50.392
-26.81,-251.1,-126.21
-2.0594,-273.76,-238.97
-30.851,-333.42,-365.01
-19.987,-166.23,-32.539
-4.6153,-343.56,-322.34
-17.969,-313.83,-323.17
8.1504,-141.13,70.718
-46.16,-375.98,-346.75
-27.146,-252.12,-128.22
2.3395,-285.49,-245.26
17.505,-173.56,-64.872
-12.431,-380.4,-396.76
-16.468,-151.42,-13.65
2.1569,-196.35,-113.84
-61.955,-377.41,-391.74
-31.493,-249.1,-193.48
18.016,-231.15,-121.44
1.5141,-220.26,-152.13
22.242,-173.65,8.8277
-24.703,-370.66,-330.48
-35.378,-286.41,-191.77
-10.422,-216.33,-55.271
38.758,-122.61,59.246
-17.516,-320.86,-334.68
-15.709,-267.06,-139.14
-1.4197,-328.14,-293.48
-4.8699,-259.79,-220.95
6.74,-168.55,27.003
17.814,-144.57,65.503
-46.052,-297.35,-256.91
-19.518,-161.85,-17.727
-6.0438,-149.44,45.305
-32.24,-385.63,-357.4
-53.159,-334.12,-311.21
-34.766,-241.23,-148.05
17.979,-230.49,-123.24
-14.452,-389.82,-403.28
-28.195,-299.39,-200.93
-50.574,-335.87,-351.14
-8.3227,-193.38,-109.95
-9.7568,-228.24,-170.73
-6.8097,-197.58,-117.64
-0.52851,-179.39,-87.043
-63.392,-395.76,-413.46
-37.346,-399.02,-382.89
26.494,-126.97,11.863
-57.608,-371.68,-364.38
30.955,-145.29,47.909
-9.397,-154.32,33.109
30.11,-105.36,46.46
-38.894,-328.9,-260.78
-62.797,-399.81,-415.88
-49.578,-320.98,-314.11
11.383,-265.15,-175.16
-24.997,-306.74,-314.15
2.381,-202.43,-28.429
23.994,-180.41,-8.6808
-48.617,-329.36,-283.15
4.4111,-177.23,-82.329
-46.209,-297.83,-252.55
-47.305,-361.93,-325.65
5.8623,-125.52,2.0297
-10.375,-342.29,-354.98
1.2339,-314.28,-259.27
-55.914,-368.07,-354.22
13.381,-181.64,3.6448
7.0386,-250.93,-119.62
28.406,-160.45,22.208
15.781,-233.46,-103.65
3.3722,-287.43,-191.99
14.919,-245.42,-150.74
19.006,-209.62,-105.73
-38.77,-355.92,-305.15
-63.765,-387.97,-408.95
34.307,-145.83,19.827
-21.293,-184.85,-75.736
-17.981,-154.01,-1.6067
-8.5227,-341.53,-348.22
-39.813,-315.21,-241.54
0.75812,-229.96,-74.83
-15,-265.32,-236.82
-16.231,-398.21,-418.94
20.644,-197.5,-36.524
-47.704,-358.66,-321.26
-50.217,-371.02,-344.77
-8.9998,-337.29,-278.18
5.5192,-261.67,-206.51
27.176,-169.13,-36.657
-33.599,-344.16,-385.65
-41.105,-366.33,-325.14
9.0275,-204.57,-120.42
1.1638,-185.32,-96.482
-44.08,-375.96,-344.46
-51.067,-322.07,-304.96
-18.384,-393.86,-392.48
-36.746,-316.54,-330.24
-21.018,-224.37,-158.76
29.366,-155.23,30.807
-42.427,-292.71,-220.31
10.442,-112.83,22.459
-54.04,-380.1,-365.9
12.753,-227.21,-81.126
-11.267,-156.26,-39.184
-4.4611,-160.42,32.299
0.27483,-262.11,-217.81
-23.898,-372.23,-427.46
-27.703,-229.37,-100.72
-8.8081,-362.39,-349.24
-51.361,-327.11,-322.52
-25.713,-270.59,-245.34
-31.205,-341.24,-379.71
10.666,-265.31,-165.52
11.248,-121.52,8.3539
-0.50111,-234.6,-176.52
31.438,-137.85,62.465
-21.48,-384.16,-362.45
2.8117,-152.59,-42.644
-33.203,-355.45,-406.68
25.209,-175.33,-49.761
-0.84011,-323.06,-292.58
-18.814,-177.28,-66.377
-25.314,-339.82,-270.11
-57.115,-359.01,-388.84
-8.8324,-109.21,57.677
4.475,-298.78,-231.96
-20.177,-322.38,-237.65
-43.984,-287.06,-231.28
-2.7618,-195.46,-18.455
-18.068,-159.87,-0.2557
11.977,-164.97,32.749
-42.186,-346.35,-293.15
30.324,-146.93,-4.0463
-26.907,-378.77,-442.34
-21.769,-210.86,-63.351
-28.297,-414.1,-419.09
-24.528,-265.31,-143.41
0.70297,-220.29,-58.198
29.457,-137.46,4.0889
11.362,-261.91,-182.66
12.515,-156.1,-45.053
4.6752,-292.37,-241.89
31.449,-143.92,2.7765
-47.62,-306.43,-261.16
-20.026,-290.25,-191.51
27.179,-236.55,-152.43
-28.069,-332.69,-332.88
16.703,-249.64,-186.43
-15.946,-247.56,-154.65
1.7371,-313.46,-305.36
-9.4172,-272.51,-229.75
0.92908,-263.53,-217.32
-2.737,-236.92,-165.55
17.012,-334.45,-291.76
27.445,-270.5,-193.14
-22.845,-299.05,-265.03
-14.093,-318.18,-220.41
25.807,-143.26,-12.001
-19.569,-371.52,-315.45
40.605,-216.62,-73.986
35.438,-191.64,-1.0347
46.58,-143.89,74.32
-22.347,-309.48,-290.82
-22.893,-383.35,-338.67
38.186,-229.38,-97.015
-11.507,-235.29,-145.18
-0.3097,-189.24,-73.491
48.07,-115.06,46.007
26.943,-281.8,-203.71
40.383,-128.95,17.251
6.0067,-358.54,-300.09
-1.0419,-280.92,-148.49
-36.983,-382.71,-431.78
-26.095,-310.24,-235.31
7.2197,-310.92,-295.23
-20.4,-299.49,-203.99
15.91,-326.07,-247.64
-27.181,-325.53,-317.83
-13.643,-254.73,-130.77
-10.267,-246.84,-111.7
29.067,-162.69,52.003
12.025,-358.49,-337.22
-37.713,-355.3,-356.11
38.36,-156.45,-24.225
5.6087,-212.25,-37.234
-27.8,-344.06,-359.54
-47.848,-401.41,-430.17
-21.543,-273.98,-191.61
27.748,-277.59,-196.43
23.75,-272.27,-142.7
-13.368,-256.13,-188.91
-35.9,-344.07,-326.05
27.42,-265.67,-136.78
5.424,-141.28,46.999
28.294,-173.54,-58.848
42.74,-110.72,46.039
-38.391,-357.87,-340.69
-18.33,-354.97,-285.69
47.614,-177.12,-1.9812
-33.859,-337.06,-321.76
37.672,-140.77,-2.5135
-39.771,-364.04,-353.64
-0.65269,-169.15,-23.57
21.042,-156.99,57.94
-14.133,-341.38,-259.06
14.644,-202.16,-109.73
-24.724,-290.78,-217.12
20.481,-224.83,-50.379
49.855,-161.36,28.578
7.387,-277.23,-139.56
1.4378,-367.6,-392.86
12.985,-157.35,-31.32
17.158,-168.15,38.321
-39.695,-365.68,-352.31
11.153,-353.18,-343.68
-16.872,-401.59,-370.35
47.702,-164.05,30.795
-5.2424,-330.62,-340.34
11.025,-345.89,-336.98
17.654,-215.46,-130.89
7.1267,-143.27,5.6425
9.7686,-135.11,16.096
32.92,-239.5,-141.14
2.2557,-350.43,-365.36
-15.248,-285.87,-250.65
-12.414,-354.88,-387.78
11.664,-353.89,-306.28
-36.863,-360.71,-331.75
11.624,-226.72,-151.68
-33.818,-363.19,-392.59
-29.431,-411.29,-392.76
-1.6752,-301.13,-182.88
-1.4419,-392.37,-434.77
-0.56253,-171.36,-3.9907
-5.9006,-241.58,-171.26
8.1723,-368.75,-332.56
15.581,-163.01,44.273
-16.115,-302.9,-285.42
23.858,-281.99,-164.6
26.514,-273.5,-199.91
-1,-342.83,-357.8
-20.106,-269.98,-197.49
-31.131,-335.47,-281.68
-10.665,-221.95,-91.265
-27.067,-302.71,-237.84
30.612,-130.46,9.2641
3.5391,-257.63,-107.91
-32.68,-340.3,-293.25
-12.475,-238.87,-150.37
34.73,-185.05,11.696
13.405,-156.84,-30.774
-1.1965,-177.7,-11.047
40.723,-166.13,-33.77
23.249,-300,-209.31
3.1166,-176.58,5.3451
-24.343,-325.53,-248.45
17.35,-141.41,76.785
-6.3901,-198.06,-54.472
26.252,-119.87,26.644
-25.749,-312.54,-236.29
16.121,-254.81,-101.38
18.493,-300.13,-192.93
17.083,-225.55,-51.295
1.2509,-367.16,-311.52
14.491,-235.53,-165.33
-7.6769,-291.02,-170.2
4.2679,-381.23,-402.15
-5.8734,-381.57,-334.73
26.171,-144.06,-13.275
-11.225,-221.69,-100.02
-8.0454,-212.45,-69.777
12.465,-283.78,-245.21
9.4429,-369.32,-342.99
51.678,-155.36,12.985
22.67,-223.02,-47.912
2.1619,-152.03,18.218
-3.7729,-320.62,-217.77
30.745,-266.68,-157.84
50.541,-156.74,37.069
37.013,-209.87,-95.943
-4.7152,-221.05,-131.03
36.76,-162.29,-34.425
-44.179,-394.34,-397.57
-28.072,-333.34,-268.56
34.866,-173.66,31.843
-5.2619,-193.1,-44.26
30.482,-268.7,-166.19
42.615,-114.25,40.755
28.331,-229.37,-63.521
7.5078,-184.45,4.0569
28.411,-178.35,-66.078
0.041341,-298.1,-279.67
4.5666,-264.41,-218.55
-0.18317,-225.69,-63.864
-3.256,-358.85,-290.11
43.842,-196.84,-54.838
34.516,-176.46,27.139
28.808,-276.97,-183.55
11.692,-360.05,-329.67
-17.54,-352.91,-281.5
3.5406,-373.82,-330.73
-4.3458,-318.77,-318.6
17.169,-174.88,-63.909
39.126,-210.85,-89.695
-12.373,-344.1,-262.69
35.943,-205.06,-27.31
15.132,-299.89,-186.78
-4.0978,-215.75,-58.662
-12.662,-385.55,-339.7
7.5162,-260.86,-111.51
23.423,-292.04,-187.72
-29.615,-346.72,-362.5
41.202,-196.39,-68.197
18.303,-215.93,-35.357
2.9592,-153.24,26.242
47.911,-175.37,1.1709
-8.5822,-254.76,-194.62
-22.781,-285.95,-230.32
12.981,-216.22,-133.64
-16.449,-327.47,-238.06
7.2383,-316.15,-303.55
-10.489,-345.6,-370
-8.791,-371.72,-313.48
48.352,-176.03,-13.094
-8.8094,-273.44,-144.76
3.1267,-152.54,-0.66154
-9.2617,-248.25,-110.96
-19.975,-365.89,-305.88
-11.977,-325.61,-332.75
25.176,-280.73,-212.49
48.696,-144.23,10.303
-23.454,-327.26,-248.9
31.387,-200.03,-12.457
3.3649,-385.4,-359.1
-29.151,-329.4,-322.01
-10.313,-217.97,-89.16
-2.5074,-219.09,-59.153
-28.163,-315.53,-288.73
16.619,-155.68,55.853
24.174,-193.85,-92.84
-8.5853,-229.88,-87.437
36.507,-185.73,-66.997
-7.4131,-202.88,-63.878
-10.77,-269.86,-222.93
26.223,-130.3,9.2564
-23.323,-391.9,-354.11
17.928,-281.06,-151.97
28.897,-247.42,-100.25
-12.244,-338.21,-252.31
43.349,-200.29,-58.993
-25.927,-312.18,-288.4
20.736,-296.02,-245.42
11.78,-196.02,-7.3806
-26.031,-358.82,-301.11
-28.454,-376.4,-427.98
32.995,-163.12,-39.552
-14.614,-245.05,-156.71
-16.866,-287.3,-179.28
48.97,-162.47,-6.9068
-9.626,-409.45,-390.04
-21.728,-320.69,-235.94
3.1543,-236.94,-76.078
-32.763,-344.66,-297.91
21.412,-313.67,-247.94
6.0876,-233.45,-163.61
7.0449,-295.71,-172.71
34.845,-166.02,-41.956
24.406,-192.68,-90.868
22.279,-208.58,-117.1
18.245,-306.8,-207.54
-38.74,-363.46,-344.28
-25.777,-365.2,-310.93
-12.193,-248.44,-119.15
-14.133,-263.07,-202.84
45.47,-182.68,-4.6176
-19.188,-330.74,-246.78
-7.405,-290.34,-168.85
-24.827,-290.54,-227.61
-33.831,-343.05,-341.17
54.724,-135.59,40.497
14.931,-343.86,-296.82
50.624,-132.69,28.509
36.954,-210.59,-96.919
-10.33,-372.07,-417.14
-5.5888,-341.48,-359.84
31.804,-206.55,-24.693
-45.183,-410.96,-419.51
7.5098,-201.6,-107.08
19.443,-291.96,-244.29
45.866,-188.78,-35.6
9.383,-153.4,-19.736
-4.3242,-226.21,-72.023
7.3967,-324.72,-316.71
-47.583,-402.95,-424.61
36.891,-228.55,-81.495
-32.14,-327.11,-299.05
21.7,-302.82,-248.18
10.29,-295.89,-174.4
2.6071,-167.06,-33.317
36.747,-235.4,-101.68
33.701,-248.12,-143.55
-14.189,-378.73,-326.58
3.591,-193.7,-89.049
25.477,-184.77,15.923
11.214,-152.78,52.039
-33.427,-381.62,-434.55
-1.6315,-369.01,-312.14
32.443,-256.25,-154.76
12.631,-280.19,-146.09
39.235,-200.75,-79.228
44.868,-177.17,-36.402
10.789,-323.77,-230.97
6.438,-382.85,-367.2
-31.177,-330.22,-277.2
-17.553,-262.46,-190.39
-2.9378,-401.85,-383.08
1.0025,-167.61,-28.965
-40.39,-369.1,-358.69
-29.688,-328.3,-317.44
-12.475,-255.34,-127.88
8.2405,-240.66,-176.26
-1.2293,-246.14,-184.38
-12.479,-238.42,-110.66
24.702,-218.84,-41.5
14.738,-267,-215.98
-31.948,-326.82,-281.87
1.559,-212.53,-43.142
23.214,-265.24,-199.67
4.8284,-137.61,40.17
42.505,-193.09,-17.787
7.8901,-332.73,-327.91
-40.18,-377.4,-362.91
-36.58,-418.52,-412.58
-0.95864,-218.67,-131.86
-24.299,-303.58,-221.27
8.2025,-376.93,-371.83
20.507,-298.16,-248.65
39.511,-129.36,15.854
15.886,-263.75,-117.4
-10.198,-218.88,-106.37
-20.209,-385.78,-341.38
13.158,-307.08,-279.62
-4.1894,-238.54,-88.004
41.467,-188.74,-5.3153
4.8078,-291.75,-165.25
-15.216,-281.37,-241.06
37.722,-188.58,-68.44
-16.021,-294.35,-267.61
-29.168,-369.31,-412.69
-31.46,-335.38,-329.8
-37.949,-367.96,-393.32
-0.91387,-167.87,-9.7789
-8.5606,-250.59,-186.06
-6.1361,-281.15,-248.74
17.171,-301.54,-262.8
-24.453,-356.93,-295.77
-25.308,-324.61,-319.73
21.18,-305.14,-252.7
-28.113,-306.55,-249.79
47.838,-151.11,57.91
15.946,-260.8,-204.84
5.3032,-135.14,44.428
45.146,-161.26,42.879
17.049,-146.95,-15.827
15.166,-237.51,-168.17
30.031,-229.06,-65.111
15.855,-153.18,58.489
-31.165,-321.56,-276.92
32.671,-125.51,17.667
-34.441,-360.17,-321.81
-35.457,-341.85,-320.14
12.042,-208.31,-25.631
0.835,-216.17,-49.235
4.0524,-297.97,-176.39
-4.7678,-234.17,-83.208
8.8532,-272.95,-132.07
2.5547,-305.31,-290.73
-45.671,-392,-407.97
20.009,-169.07,-54.435
27.013,-286.04,-197.4
30.264,-266.51,-174.22
-2.6501,-360,-388.22
12.096,-306.49,-280.77
18.373,-259.32,-199.54
24.631,-207.58,-113.59
15.814,-142.48,73.185
13.862,-149.34,-17.599
17.478,-290.83,-171.23
-42.397,-403.18,-401.02
38.632,-154.74,-21.487
25.023,-266.49,-132.86
-2.449,-212.06,-116.51
18.812,-292.53,-176.93
23.353,-152.95,-27.893
10.826,-358.31,-349.2
38.726,-216.03,-95.782
-16.383,-253.37,-142.09
-7.5203,-344.68,-366.81
-2.0319,-374.2,-409.71
-31.614,-345.36,-294.5
-16.842,-344.6,-266.74
13.479,-133.45,12.43
-6.2008,-318.12,-318.09
-23.382,-291.09,-206.03
-4.4077,-387.22,-348.02
6.3394,-376.81,-347.28
1.3398,-201.06,-100.38
24.347,-252.26,-179.53
43.366,-106.96,52.105
-23.868,-312.66,-230.26
39.654,-220.7,-90.435
0.59528,-178.4,-52.457
12.04,-337.3,-263.83
-39.22,-378.74,-360.43
10.228,-328.58,-240.48
9.0764,-249.59,-92.36
32.883,-197.69,-9.5115
-12.341,-258.57,-131.41
38.946,-132.65,10.53
27.64,-282.71,-188.64
-17.854,-265.06,-196.08
31.018,-159.07,57.899
-20.087,-328,-333.98
41.078,-202.01,-73.805
-1.6329,-180.51,-15.151
7.3929,-380.14,-380.62
-12.474,-316.99,-216.77
50.143,-160.03,30.545
0.99184,-158.65,8.8749
22.232,-113.32,39.97
-21.302,-336.61,-259.04
-13.406,-313.07,-307.96
0.41045,-241.12,-175.82
19.76,-270.09,-132.34
43.008,-204.37,-57.225
22.167,-305.83,-220.64
-4.72,-189.15,-40.1
16.276,-317.1,-285.05
12.039,-119.31,43.734
7.2907,-325.25,-229.95
32.518,-141.23,-6.8734
-15.317,-271.56,-219.35
