-92.191,-153.64,131.84
-77.786,-118.84,91.935
-52.562,-211.24,148.55
-95.924,-141.63,137.6
-87.095,-52.35,55.623
-120.7,-27.682,86.047
43.118,-418.27,272.31
-115.69,-76.817,79.22
-126.83,-27.376,78.951
-83.462,-50.668,104.08
46.711,-494.84,340.94
29.542,-337.48,268.3
-73.87,-165.38,121.54
-22.775,-213.14,198.86
-68.395,-75.179,85.288
-50.9,-140.7,157.37
17.056,-428.25,304.63
48.233,-377.91,275.91
-29.265,-320.85,243.19
-60.393,-112.37,139.82
-27.964,-320.06,226.17
12.717,-351.14,233.04
31.72,-338.38,260.12
7.4033,-286.48,240.17
-51.498,-220.06,154.19
-48.806,-212.89,206.5
40.635,-378.56,301.13
19.289,-354.26,237.06
11.461,-372.64,244.39
27.475,-370.72,300.67
23.161,-392.06,311.2
-36.758,-179.97,144.19
-81.129,-136.15,102.74
63.458,-440.66,291.14
-15.757,-229.56,179.4
-60.301,-99.139,101.44
15.018,-384.03,251.17
-24.121,-262.14,180.3
28.789,-351.52,244.18
-93.365,-9.1317,75.411
-79.41,-57.477,106.85
-7.3344,-348.02,232.61
-54.398,-126.79,147.38
-95.466,-137.55,140.84
35.096,-439.56,332.95
19.083,-348.28,234.94
69.947,-455.3,299.45
30.518,-444.98,328.42
73.355,-433.11,312.05
-44.785,-283.79,217.93
-5.6693,-273.4,240.98
82.983,-475.32,357.36
35.062,-465.73,330.73
-11.031,-256.79,230.27
76.171,-440.32,323.27
13.263,-415.89,303.74
1.1261,-268.47,227.22
45,-445.24,340.88
10.984,-390.79,302.8
-63.084,-142.66,164.97
-81.949,-74.055,121.58
56.683,-446.56,344.47
64.554,-414.44,297.79
-39.575,-191.4,143.47
-95.236,-24.381,38.419
-24.408,-272.78,242.68
34.271,-345.89,269.58
-110.33,-91.384,86.603
20.609,-398,312.02
-37.705,-294.14,235.48
-59.359,-98.295,104.9
62.642,-481.42,362.22
6.6672,-280.89,216.57
-85.54,-86.015,129.92
-95.182,-39.213,44.769
-28.22,-312.81,217.33
-34.024,-277.09,189.7
-44.46,-161.28,170.72
-42.072,-155.38,135.17
83.055,-466.57,315.07
24.079,-335.2,273.98
-68.55,-78.717,115.21
-89.611,-67.946,61.304
-122.43,-56.104,87.71
34.757,-429.83,277.66
84.764,-459.07,324.29
39.952,-424.52,330.66
-89.598,-65.574,60.113
-88.302,-47.617,104.3
-49.143,-264.07,218.81
47.651,-389.06,269.38
-129.3,-39.477,66.348
53.395,-418.65,278.32
38.717,-476.46,321.75
-21.834,-339.93,247.8
-24.422,-292.17,250.61
-25.153,-195.19,172.81
-95.495,-7.288,75.695
-69.285,-64.164,90.424
47.979,-497.38,343.38
-110.19,-97.52,95.36
-101.35,-17.163,31.266
-100.62,-102.62,129.47
-45.129,-139.24,142.93
-18.196,-229.26,175.01
64.526,-482.33,307.46
-38.853,-211.7,151.54
13.612,-297.02,227.68
-94.813,-144.41,140.07
-52.277,-217.94,207.1
38.866,-477.17,323.16
-46.762,-136.75,145.09
-90.085,-53.002,108.77
-15.682,-220.73,188.59
-28.488,-186.69,163.93
-89.08,-137.97,151.29
9.0822,-410.91,292.89
70.739,-429.36,319.1
-9.1478,-249.52,221.15
-38.747,-184.43,186.95
-29.685,-182.86,163.46
-34.812,-267.44,182.98
2.9351,-296.13,254.78
-105.2,-84.595,119.55
42.399,-467.55,343.63
-24.665,-198.79,168.08
-91.82,-98.983,135.12
-50.42,-124.17,134.9
2.5651,-354.53,234
45.154,-428.6,333.8
16.954,-323.13,268.76
-31.91,-209.13,155.38
-70.336,-125.89,97.88
-105.79,-91.708,80.567
3.8634,-366.04,241.56
-11.005,-258.67,187.44
-6.6635,-359.23,242.15
-83.158,-60.115,111.59
-68.991,-155.69,114.42
-19.07,-346.15,254.99
-31.773,-178.36,156.86
61.746,-456.9,350.4
-45.412,-243.12,220.48
-54.942,-253.13,187.33
-13.936,-225.42,192.88
-72.841,-183.82,135.64
42.051,-475.65,342.27
65.428,-422.95,321.02
-83.717,-142.92,108.59
-59.653,-231.78,168.73
55.096,-445.82,288.01
-14.905,-356,255.17
-98.53,-107.45,133.08
-54.208,-124.72,144.9
88.989,-474.16,324.18
-25.32,-280.99,245.97
-80.679,-125.25,152.56
-94.902,-131.75,142.26
-89.776,-63.3,58.911
-9.1565,-307.94,263.62
-15.002,-329.58,267.75
19.89,-434.68,308.07
-75.281,-201.03,158.98
72.656,-431.86,316.55
-129.29,-16.461,73.383
-129.89,-35.417,57.604
-25.911,-236.79,221.61
-47.252,-135.42,144.41
-82.713,-27.38,79.076
-77.648,-42.668,67.436
-50.826,-129.66,119.12
55.782,-432.91,283.68
52.145,-419.36,327.97
6.7282,-349.76,287.48
-15.665,-284.01,250.16
-66.613,-77.599,109.66
42.92,-413.22,270.21
-71.204,-214.38,177.64
30.19,-339.14,248.7
-59.02,-175.46,184.72
-89.794,-154.17,151.28
46.024,-371.46,277.63
66.358,-473.26,359.56
41.122,-427.31,276.05
-42.793,-157.25,164.53
-72.483,-74.841,116.33
-63.258,-182.37,130.95
76.222,-462.43,350.59
-62.841,-97.942,95.906
-68.3,-79.898,116.15
27.338,-333.36,266.93
-92.073,-69.66,119.58
-99.435,-94.013,128.02
7.3821,-283.83,236.15
24.07,-407.61,265.04
-74.436,-48.534,85.782
-21.31,-329.81,259.67
-15.939,-332.79,267.19
-60.553,-140.47,162.99
-77.795,-176.55,133.23
17.283,-419.71,279.84
-71.511,-61.759,99.389
-80.943,-75.085,69.223
38.329,-474.06,333.89
-27.606,-224.75,213.43
-106.22,-95.388,84.638
-73.381,-87.119,127.86
-44.745,-251.06,223.36
-18.301,-249,227.96
-44.182,-151.65,160.19
-118.61,-60.668,64.934
12.118,-292.09,227.82
-40.086,-247.89,225.49
-53.874,-171.78,126.74
-97.736,-34.394,97.402
35.754,-395.09,260.13
-104.99,-72.67,115.68
-13.72,-355.07,267.44
-77.493,-50.854,97.957
-108.23,-36.805,40.031
-57.591,-183.96,131.97
-39.864,-280.54,233.37
74.377,-459.75,349.42
66.471,-497.1,316
14.422,-319.53,267.41
-101.38,-120.76,105.95
-23.247,-201.5,181.98
-57.96,-226.61,162.07
25.924,-371.31,301.2
-84.877,-172.86,158.41
-131.51,-21.94,70.129
-105.5,-79.655,69.853
51.886,-474.13,353.72
-10.019,-361.21,248.89
-68.506,-85.632,85.301
-36.884,-208.38,204.58
4.0974,-273.78,213.49
45.433,-467.33,346.91
17.832,-373.62,301.52
3.5457,-370.21,292.39
-71.143,-91.072,83.282
-20.304,-285.37,249.82
-16.231,-230.34,178.33
10.564,-401.18,267.41
-9.6598,-242.9,213.66
31.658,-453.75,300.61
-124.89,-40.586,52.385
-22.219,-250.27,230
-8.2076,-255.65,190.69
20.679,-396.35,311.55
27.298,-377.53,304.85
94.233,-484.12,331.79
-12.254,-362.14,258.45
-7.1728,-306.9,263.49
-82.261,-66.839,116.36
-6.4222,-375.82,271.31
-80.503,-143.61,160.74
48.793,-414.76,325.67
-23.109,-325.39,224.82
-7.2228,-274.04,242.33
-50.607,-153.58,122.19
-58.393,-186.5,190.55
32.924,-346.48,274.65
-53.986,-212.9,149.82
-28.317,-192.04,181.85
-24.691,-273.92,243.12
51.267,-490.72,354.89
1.476,-367.54,243.71
-24.391,-261.75,237.01
18.93,-423.77,282.39
62.66,-439.99,339.37
-23.169,-255.72,233.56
-4.7098,-319.71,213.64
-108.8,-24.103,32.26
-116.15,-73.796,100.9
36.231,-382.09,306.33
-76.618,-184.7,140.06
45.855,-489.58,344.6
-10.326,-363.54,253.25
-116.22,-78.945,98.579
39.558,-446.8,288.1
-133.08,-22.667,46.78
-83.963,-165.56,162.19
-0.32019,-311.65,266.56
-91.735,-10.99,75.42
-56.449,-209.13,201.25
-9.3029,-369.28,266.49
-60.269,-237.99,200.71
33.262,-365.43,250.58
-59.587,-244.64,198.1
-9.8265,-283.51,195.53
-86.565,-137.6,153.81
77.15,-441.96,315.16
-133.92,-24.138,54.147
-16.709,-271.28,242.79
12.051,-397.45,304.66
-34.696,-204.22,200.78
-0.37015,-370.94,288.41
-15.836,-343.12,267.16
-59.953,-224.74,162.03
33.818,-424.31,274.26
-35.487,-282.61,194.91
-84.569,-141.59,156.86
-0.61757,-377.94,287.74
-42.658,-269.26,188.42
-86.642,-55.768,109.76
-12.671,-338.61,227.94
-123.98,-42.862,53.495
8.0746,-322.4,219.73
-56.263,-221.76,156.99
12.544,-298.82,222.99
-20.768,-234.55,172.41
-46.881,-211.5,148.9
-95.338,-140.18,140.48
-47.316,-257.1,181.11
-49.308,-204.25,144.52
-78.495,-36.604,67.706
13.65,-306.17,223.34
-58.78,-122.43,147.7
-84.653,-14.717,60.427
-18.87,-238.4,219.74
-55.453,-248.05,209.04
5.993,-357.56,290.37
4.7918,-302.06,258.58
12.033,-300.98,221.25
47.902,-405.51,319.33
-3.9493,-251.4,205.85
-94.382,-69.239,118.98
-8.1649,-243.82,211.31
11.312,-363.88,239.21
23.492,-341.27,237.14
-35.072,-301.27,239.07
-36.321,-209.68,205.35
-90.717,-14.047,40.46
-47.562,-153.43,166.25
-110.04,-61.114,57.526
-104,-49.434,47.981
67.158,-451.63,296.44
-89.641,-0.63887,57.761
60.253,-423.73,327.46
64.976,-464.15,299.12
-111.98,-89.579,88.036
-13.562,-349.57,239.77
16.947,-356.61,236.9
-131.68,-9.6343,68.696
-119.24,-71.828,86.247
48.369,-388.9,304.06
86.2,-466.6,343.91
-92.299,-110.83,139.82
-50.109,-176.57,130.74
-21.684,-295.87,253.51
-63.193,-214.13,155.04
29.235,-398.44,259.55
16.126,-419.38,308.77
-57.961,-100.93,109.24
-134.56,-19.332,61.92
1.1375,-384.51,289.52
24.947,-399.02,259.55
-98.354,-13.728,82.78
-96.185,-39.805,100.82
-54.869,-127.84,149.01
4.8136,-303.12,211.97
-57.571,-249.37,202.02
-47.72,-166.66,177.65
48.249,-398.41,313.4
-91.302,-124.8,145.45
-29.773,-198.51,156.05
24.467,-338.46,238.13
-32.317,-220.97,212.21
-34.447,-184.93,148.09
-91.249,-119.22,93.738
-1.5441,-386.55,279.52
-37.58,-166.56,143.63
-75.818,-163.47,171.37
32.436,-386.43,255.35
-73.699,-194.41,179.95
59.314,-472.79,357.49
-46.542,-135.1,140.43
13.286,-349.31,232.43
-126.39,-48.808,73.524
7.127,-353.41,289.2
-73.326,-86.425,127.26
10.816,-405.06,302.55
-89.012,-139.51,151.72
6.5416,-286.33,213.54
-56.874,-251.68,191.13
-22.759,-273.78,243.59
-32.031,-176.17,162.84
-22.985,-249.63,175.33
32.573,-438.74,330.55
-33.287,-186.93,210.26
49.6,-471.39,327.24
4.8507,-297.45,231.22
-16.691,-270.37,265.43
-77.242,-59.105,88.933
-40.064,-147.36,171.89
-52.175,-159.41,198.2
-3.8967,-245.45,221.5
6.3874,-276.16,256.87
51.418,-381.35,317.97
-65.777,-205,174.57
-20.424,-285.99,216.65
44.191,-393.12,335.81
-2.9765,-279.17,220.07
-77.814,-30.582,91.528
45.149,-479.19,340.74
28.799,-392.37,278.94
-32.168,-264.88,257.88
88.739,-464.07,343.54
3.9914,-390.24,307.89
-0.065374,-254.48,228.76
-37.488,-204.93,226.2
-1.7666,-331.58,298.46
33.81,-353.98,309.48
25.523,-348.81,260.52
55.692,-476.82,328.59
56.217,-397.1,330.76
-98.643,-128.9,143.17
66.577,-476.32,327.16
-78.095,-124.87,118.78
-106.58,-81.081,96.987
3.5808,-337.35,303.01
-78.517,-187.47,183.36
39.374,-461.44,357.67
-18.915,-322.25,243.48
-63.346,-125.28,177.06
16.335,-420.1,317.36
-102.57,-86.108,98.206
-67.962,-65.085,123.66
-53.685,-136.31,181.18
-29.858,-211.9,179.05
-75.793,-83.105,98.197
36.466,-369.29,320.95
-4.4913,-364.77,300.55
-110.75,-28.351,58.387
-53.668,-252.74,226.38
-59.094,-92.579,140.78
60.521,-474.38,380.1
90.458,-463.36,353.89
52.883,-413.95,347.95
-40.29,-265.97,209.04
-24.412,-263.76,260.72
61.569,-413.68,306.07
-106.96,-96.391,138.32
52.497,-442.02,364.04
61.118,-402.1,328.83
-82.521,-52.703,81.46
-98.356,5.1406,92.261
-6.2349,-243.83,236.96
3.8006,-324.76,240.48
-40.629,-263.87,207.42
18.196,-380.38,271.94
-27.447,-260.85,201.74
60.782,-433.54,359.42
-74.402,-44.951,111.33
-93.293,-4.5423,96.615
38.927,-470.35,346.77
-118.08,-68.412,104.86
43.119,-387.51,332.07
-68.154,-79.429,141.9
-103.86,-108.4,143.52
79.722,-458.77,329.16
-65.114,-182.16,207.36
-91.737,-0.54087,57.447
-68.031,-214.79,192.09
-120.05,-34.711,66.986
24.221,-436.47,332.72
-111.49,-79.942,129.83
-131.03,-6.9862,89.842
33.835,-390.53,335.28
-89.482,6.3309,75.218
-33.595,-285.84,261.31
-89.604,-155.32,158.22
-72.591,-88.976,153.54
48.093,-477.17,333.87
43.103,-459.47,363.09
-101.15,-96.252,148.29
-57.383,-198.44,164.53
49.355,-449.45,365.82
-106.55,-58.273,78.317
52.162,-379.69,312.84
-30.317,-187.05,207.11
-3.2983,-273.47,264.58
24.403,-323.56,257.38
-97.449,-53.38,132.57
12.648,-287.26,245.17
-91.144,-132.63,130.38
-52.11,-232.01,187.81
-73.809,-200.35,186.67
-63.737,-214.26,181.76
-21.501,-206.77,189.24
21.933,-373.28,324.63
13.075,-403.51,294.11
-65.143,-223.58,206.68
-98.288,-106.01,112.27
-66.626,-155.19,194.97
-50.25,-120.46,159.4
45.202,-434.84,358.57
-91.671,-7.0518,97.339
-8.9732,-356.92,293.57
41.648,-370.28,280.05
-114.44,-19.334,52.812
38.49,-368.52,319.15
-15.114,-346.1,267.9
5.1361,-289.22,272.59
26.244,-328.17,259.87
59.844,-446.77,367.58
-60.274,-226.52,220.75
-85.38,-167.79,172.61
-32.716,-291.09,262.65
-2.8738,-328.81,241.87
31.679,-409.84,288.89
-74.883,-197.33,184.61
84.987,-475.93,336.36
-52.428,-179.07,210.7
-24.204,-205.49,184.32
57.287,-391.09,319.12
45.347,-432.7,302.02
48.263,-371.02,293.79
24.804,-396.51,281.31
-136.01,-2.9029,80.252
-68.597,-75.584,104.18
-130.12,-0.24253,89.444
76.17,-442.96,325.07
-96.453,-92.573,151.69
64.629,-410.65,312.69
53.79,-438,362.35
19.125,-361.85,261.97
-40.243,-275.71,251.55
-67.551,-63.047,114.74
-60.982,-232.96,216
-21.176,-327.7,252.7
-103.21,-103,146.01
-87.593,-82.846,92.906
68.319,-433.27,314.65
4.1133,-342.08,305.17
-128.39,-35.932,88.192
67.454,-419.48,341.78
-33.313,-215.72,232.68
-13.909,-293.48,277.77
-52.715,-129.41,174.17
-121.06,-59.462,103.61
-56.991,-229.47,189.65
-90.604,-152.97,162.1
-75.772,-99.839,105.54
-58.62,-106.39,123.5
-55.6,-211.48,173.32
30.858,-440.79,347.18
56.679,-466.63,375.46
-24.46,-325.66,267.16
74.41,-431.56,345.58
11.152,-380.2,273.68
53.199,-453.12,368.95
26.16,-318.69,275.3
-96.189,-136.12,153.42
21.651,-398.81,283.52
79.873,-487.86,336.06
83.269,-485.53,337.1
-125.88,-4.1117,94.886
-12.591,-226.78,204.69
-67.098,-87.581,108.19
71.673,-439.63,358.95
25.055,-322.53,285.42
42.182,-433.15,356.57
-85.39,-8.2549,72.806
1.8817,-260.98,229.02
-12.281,-272.82,211.83
-40.534,-149.61,178.19
-66.422,-153.62,136.67
-32.011,-223.7,182.04
-34.382,-194.27,170.07
66.888,-415.73,315.56
38.1,-373.09,323.16
-6.7709,-361.22,296.89
-29.634,-275.92,263.15
4.8248,-394.05,300.98
-29.841,-311.6,261.82
-65.322,-215.96,212.12
-83.52,-89.546,97.524
9.9734,-401.69,317.63
84.141,-465.05,334.77
18.934,-314.53,284.54
-48.585,-122.6,156.91
-1.3033,-311.39,289.37
-4.6338,-246.71,217.38
61.916,-458.66,317.67
-60.222,-96.415,120.41
51.47,-378.1,298.29
58.896,-464.38,375.66
-116.01,-45.372,117.96
-124.46,-30.866,67.839
33.87,-397.29,338.73
-47.513,-125.84,159.05
-129.84,-29.082,77.208
-18.425,-207.36,208.88
-70.937,-84.93,103.05
92.637,-471.63,367.97
32.537,-438.3,349.73
45.766,-435.41,303.53
-87.22,-161.41,160.12
30.785,-384.37,275.56
-11.613,-344.76,291.77
29.934,-395.19,336.76
-82.701,-96.398,159.62
-71.16,-187.5,163
6.607,-397.97,302.53
-76.335,-93.338,102.22
-47.433,-205.5,168.5
13.563,-302.6,277.94
-6.2063,-331.58,244.17
76.817,-464.16,327.08
-3.8327,-264.53,257.15
-84.544,-9.3067,84.268
-91.642,-104.84,159.91
-115.85,-48.177,118.92
-6.1957,-291.5,277.91
39.671,-421.56,351.14
0.8603,-336.37,246.27
-5.4591,-361.87,270.55
60.996,-408.18,337.36
60.348,-465.65,376.73
21.079,-317.59,285.33
93.14,-469.52,355.54
-18.792,-224.19,232.29
-64.432,-224.81,209.23
-8.5944,-264.59,260.19
2.0185,-297.46,229.01
-61.655,-197.47,215.02
-25.818,-191.69,183.19
-78.717,-166.87,150.66
-55.082,-172.8,206.85
43.672,-478.16,342.76
-73.375,-51.101,95.154
-116.94,-18.897,107.4
-62.433,-150.74,193.42
-68.514,-156.13,138.15
-57.382,-129.78,178.04
3.7668,-378.53,312.47
-78.021,-188.62,179.32
-105.83,-40.223,65.78
-124.87,-35.225,73.13
25.001,-317.02,276.44
-16.642,-326.56,245.58
-112.97,-59.101,82.74
-43.272,-248.5,244.78
-130.17,-28.468,77.482
-53.469,-204.66,168.03
-39.879,-203.65,169.7
-87.807,-15.627,65.709
-69.666,-168.32,199.21
-91.385,-29.289,116.09
59.653,-440.21,309.33
43.892,-481.39,352.21
-29.96,-283.21,264.84
-50.044,-118.94,142.81
-76.989,-184.12,167.18
14.205,-342.52,251.83
25.67,-374.9,326.14
-75.506,-89.641,101.07
55.155,-495.53,345.75
-53.935,-249.25,228.62
-84.8,-39.301,120.39
-86.606,-79.636,149.38
43.269,-428.23,355.2
-121.6,-56.023,94.745
23.852,-327.4,256.06
-108.86,-14.59,108.33
-86.91,-74.869,146.5
-87.392,-94.247,99.688
-68.21,-72.829,134.89
-34.882,-277.92,258.95
51.72,-468.45,323.87
-45.221,-248.87,243.03
-125.67,-42.946,86.515
52.042,-470.9,373.42
-100.12,-51.169,72.703
-71.219,-63.117,98.84
-116.29,-43.929,72.087
25.048,-315.93,264.5
-2.3298,-248.49,231.57
82.143,-452.75,333.54
60.663,-495.81,341.18
35.49,-345.61,273.76
-29.768,-177.17,191.64
28.829,-391.63,278.56
-80.35,-115.31,112.84
-67.691,-190.57,207.55
-65.667,-96.028,155.11
-107.61,-40.466,66.077
-83.657,-13.145,88.634
-85.854,-31.877,71.66
84.242,-461.62,368.96
-31.272,-195.96,216.82
-53.516,-227,230.12
-0.88627,-290.81,276.72
-44.275,-157.53,192.68
-71.743,-122.17,118.22
-68.482,-82.325,105.31
-26.374,-300.21,271.37
26.488,-433.63,341.08
-48.396,-194.74,162.47
23.997,-424.12,338.64
-109.06,-91.291,133.89
-58.333,-126.53,175.95
-53.012,-108.15,140.96
-106.17,-20.413,53.837
79.255,-458.31,328.6
42.396,-356.06,288.88
11.792,-297.09,274.12
18.105,-357.85,316.29
-8.8234,-246.76,208.69
-79.749,-24.41,87.401
-57.862,-97.389,144.93
-97.506,-81.94,146.7
-120.64,-27.796,61.475
48.377,-490.54,362.84
-78.564,-95.793,102.38
34.025,-338.22,274.79
45.026,-385.45,329.5
-121.46,-19.483,104.26
35.137,-352.18,271.5
-30.318,-186.37,174.23
-48.474,-218.45,176.4
-42.025,-159.48,192.4
-91.458,-139.41,138.02
-40.056,-271.48,251.94
-80.875,-81.849,94.589
49.268,-376.04,292.75
-64.593,-125.15,122.82
-73.709,-160.78,193.62
-31.275,-303.31,263.26
-125.45,-12.203,98.02
-85.213,-140.98,177.22
67.903,-414.51,320.37
74.049,-433.79,349.72
-103.49,-75.803,139.9
-59.413,-151.43,137.26
-87.084,-116.32,114.33
4.8842,-273.75,230.29
-53.582,-246.12,203.7
-2.5903,-374.18,282.79
-16.337,-318.55,284.6
-92.641,2.1461,89.254
-64.997,-222.99,197.1
-71.676,-203.14,199.81
-55.934,-99.865,133.53
29.32,-412.37,342.61
-50.368,-254.28,235.73
-80.453,-121.65,173.47
33.331,-421.42,296.08
24.339,-372.16,324.55
-36.895,-197.58,169.02
-4.1465,-313.19,289.74
-36.132,-297.87,244.63
-58.117,-106.83,124.4
-20.349,-285.89,272.03
-74.032,-172.25,151.65
-48.904,-166.83,202.57
-40.846,-273.74,250.7
-86.325,-61.364,137.76
-40.859,-232.85,240.86
-121.03,-34.048,109.09
47.52,-489.5,357.35
-36.954,-292.82,235.55
-5.59,-300.3,282.93
-45.264,-173.01,205.89
77.029,-453.14,367.24
58.136,-417.1,348.25
37.557,-465.94,338.03
-10.679,-232.9,207.19
-70.868,-189.27,203.48
66.948,-429.17,312.87
23.472,-365.38,264.91
3.7737,-360.26,261.59
-92.304,-104.9,107.72
-68.655,-65.834,126.9
49.527,-475.91,371.37
10.513,-339.85,305.9
-107.02,-86.864,138.43
-36.064,-181.09,207.27
-128.82,-8.7142,114.03
2.9992,-254.55,258.3
39.322,-463.22,362.17
7.1335,-335.52,325.41
-20.15,-321.16,298.02
4.9363,-296.17,302.86
-48.089,-220.64,201.7
17.196,-385,347.44
42.629,-350.38,318.86
36.025,-346.88,326.51
80.215,-439.33,350.33
-67.922,-200.04,198.78
92.971,-468.77,366.17
23.583,-360.97,341.25
-8.4292,-239.64,228.23
-78.254,-181.26,199.6
-45.206,-247.19,262.84
-66.266,-213.79,218.52
-95,-59.534,101.57
-59.375,-148.63,215.62
51.557,-446.15,332.73
7.1862,-366.58,335.13
31.997,-340.61,324.19
-30.601,-193.18,239.14
-87.005,-154.99,179.29
-84.866,-92.944,180.22
-29.386,-279.11,284.89
-13.499,-292.79,243.84
-112.65,-62.721,146.83
-47.66,-118.99,178.96
-61.042,-93.159,138.31
-61.803,-179.66,176.51
-80.811,-104.74,129.82
-66.377,-62.58,130.5
-53.013,-248.54,242.32
-66.15,-77.894,164.05
61.615,-391.61,335.05
10.552,-275.58,276.12
-99.734,-110.53,145.28
-34.972,-267.3,277.18
16.645,-324.8,319.68
-12.749,-264.28,284.98
-17.431,-202.12,226.83
14.446,-352.46,278.89
-87.517,-153.01,190.94
35.634,-441.86,336.65
32.438,-331.08,312.55
13.014,-292.61,294.65
-25.74,-187.74,201.47
-123.57,-38.712,124.58
-38.496,-232.31,263.69
-131.97,-17.084,95.724
-8.5222,-237.46,228.19
-95.386,6.9032,71.382
82.861,-439.42,367.45
-66.856,-144.53,154.55
47.876,-393.1,308.97
4.8951,-381.69,330.3
23.283,-426.99,339.59
42.048,-404.91,366.37
16.068,-294.92,293.19
84.874,-448.78,356.71
-11.118,-318.69,260.63
65.714,-401.25,337.92
-83.324,-28.005,95.025
8.8994,-308.17,258.05
-50.331,-245.78,225.76
-68.469,-95.722,181.37
-81.391,-82.129,117.17
-81.512,-83.91,118.04
-42.169,-153.93,173.47
-40.833,-255.2,225.26
-61.785,-74.961,142.22
-99.691,-68.974,162.05
-100.18,-4.1407,70.935
-97.773,7.6817,114.7
-73.04,-182,219.26
-107.7,-46.546,94.359
47.459,-430.58,379.44
-19.42,-290.3,242.89
-70.055,-59.209,149.23
38.742,-413.72,314.09
30.492,-356.75,338.19
-52.851,-206.72,193.17
48.014,-365.22,310.05
-78.281,-167.09,210.41
28.788,-340.11,282.02
9.7163,-364.46,336.88
-31.864,-225.72,262.12
-52.838,-102.97,157.97
41.156,-464.75,375.14
-86.4,-156.11,178.99
-52.237,-235.11,216.44
-83.983,-112.26,189.85
30.714,-351.8,334.54
24.405,-430.33,348.46
-22.964,-310.34,261.99
-91.263,13.671,78.528
-94.579,-119.76,181.48
11.407,-283.9,258.17
-14.604,-341.63,292.6
-73.665,-55.081,150.01
15.456,-285.57,269.86
-23.132,-186.59,213.91
-27.246,-303.96,288.28
19.997,-342.46,330.65
23.773,-427.7,351.06
-109.27,-88.688,139.17
6.5359,-323.4,262.86
-36.059,-156.65,184.77
-71.008,-74.616,121.34
49.274,-372.65,309.7
-46.679,-122.38,181.85
-102.82,-13.717,131.74
-40.09,-191.01,241.13
-37.326,-181.79,233.68
-20.013,-309.74,299.22
-0.44081,-372.96,320.28
9.7318,-358.16,282.44
-114.97,-27.232,82.673
-22.112,-316.21,267.74
-90.953,-29.698,140.61
-74.894,-183.18,190.1
-34.445,-220.66,259.05
7.9305,-306.97,309.57
-2.8914,-282.76,242.28
36.242,-453.61,351.15
-36.482,-167.25,220.26
-76.234,-75.457,116.88
-10.222,-285.18,297.03
-17.699,-329.89,300.07
-106.97,-80.206,122.36
21.319,-388.16,300.13
-13.448,-286.91,240.5
55.179,-384.77,317.78
16.883,-305.81,304.09
33.076,-335.32,288.22
-71.77,-128.48,202.51
-60.211,-219.78,210.08
-104.43,11.576,114.87
-101.78,8.8377,115.94
24.408,-351.6,281.61
50.064,-426.17,378.27
-70.321,-202.72,211.05
-56.578,-204.91,242.54
9,-393.29,317.22
-134.99,-3.574,81.982
29.035,-433.1,335.1
-13.905,-220.78,249.3
6.5367,-273.68,250.82
-29.145,-274.7,284.09
9.3513,-340.16,328.16
-13.199,-276.29,291.91
-58.562,-229.61,220.1
-100.2,-47.772,94.098
-75.07,-32.607,118.24
13.283,-376.34,294.28
-6.7811,-249.69,271.51
-72.485,-176.91,219.77
63.003,-394.68,338.46
-120.55,22.646,107.99
-21.185,-312.62,297.64
-80.142,-129.62,145.99
61.683,-450.42,335.97
26.67,-331.68,278.79
-19.491,-204.58,211.62
-13.932,-259.88,282.33
-100.12,-12.506,74.764
39.468,-390.49,358.39
37.906,-359.47,294.03
-100.87,-62.093,103.59
-6.6001,-232.59,234.69
-96.035,-126.44,176.89
30.773,-409.2,312.21
-85.661,-151.92,197.18
23.398,-336.4,325.86
49.347,-423.81,376.98
-41.588,-277.13,255.87
71.286,-413.2,349.9
64.245,-417.84,328.17
38.449,-455.68,373.77
-75.436,-34.348,127.36
-24.53,-273.21,286.73
-95.334,-95.804,126.59
-14.499,-327.91,271
-66.612,-157.81,218.65
-85.706,-55.351,157.46
-100.85,-47.437,151.38
-63.494,-124.73,145.48
39.915,-342.36,308.5
-37.085,-265.09,231.24
-64.05,-149.93,158
-30.498,-303.45,268.73
0.37541,-374.16,322.19
-36.685,-170.12,223.25
-90.739,-28.838,139.9
-67.131,-63.188,127.36
-110.93,-83.053,147.22
-80.437,-17.733,102.4
38.508,-459.64,370.91
11.566,-296.71,299.99
18.019,-333.16,325.02
-50.751,-208.17,247.73
-81.04,-95.716,124.55
77.008,-440.56,344.39
-15.086,-231.35,218.64
-13.758,-333.75,276.53
-42.821,-158.6,173.53
-109.01,-90.004,141.01
60.55,-457.37,395.17
-39.481,-280.93,254.22
3.4881,-308.56,311.02
-22.948,-198.45,205.54
22.381,-394.85,304.58
-0.096575,-315.86,314.34
-78.641,-116.92,194.47
-92.448,15.196,100.79
71.605,-422.14,338.64
-82.086,-91.838,122.17
29.35,-322.13,285.09
-12.776,-236.24,264.04
4.4482,-350.23,278.28
-100.33,-116.35,166.31
-39.214,-211.33,196.01
26.389,-336.67,279.08
-43.815,-259.56,265.13
-24.082,-194.64,203.78
-109.37,-89.014,140.67
32.117,-430.54,367.84
-28.198,-252.98,276.81
38.833,-364.32,340.49
29.346,-350.68,284.52
-65.091,-64.834,142.72
-100.58,-85.431,167.23
-15.332,-333.46,278.69
-64.266,-219.23,222.6
-28.037,-232.79,209.89
5.1707,-294.26,301.41
-12.809,-346.16,298.21
67.91,-451.74,338.76
-64.691,-75.714,159.44
-118.68,-50.115,135.07
5.656,-272.76,281.92
-25.972,-185.67,225.87
-54.114,-182.46,235
41.985,-464.41,355.17
28.714,-321.44,306.07
-35.932,-166.98,219.37
-106.23,-94.743,138.67
17.22,-324.1,319.01
-6.0481,-281.97,240.27
67.766,-416.83,366.02
33.231,-410.72,312.71
-96.12,-123.52,154.81
-46.394,-121.06,173.05
-24.506,-223.39,259.85
-115.37,-70.656,135.93
-7.6018,-227.83,242.67
47.423,-415.83,372.69
-53.566,-154.38,163.68
-87.914,-115.27,138.18
-32.045,-286.03,282.42
-39.221,-143.51,182.05
-49.456,-157.97,167.59
-0.72789,-245.13,248.13
7.7437,-342.54,272.97
1.8673,-377.89,323.74
48.318,-371.84,308.13
-43.439,-129.84,181.81
-80.344,-154.59,166.32
-46.026,-155.98,169.62
1.5249,-379.05,315.93
-108.84,-30.547,139.65
-93.185,1.7505,75.41
-78.529,-66.495,163.38
-19.4,-202.29,212.57
35.645,-454.9,356.86
-97.054,0.53217,71.502
-57.518,-134.68,153.22
28.09,-331.98,280.59
-70.826,-201.65,211.95
67.332,-430.57,379.12
-74.224,-163.24,169.19
-15.593,-212.49,218.6
43.205,-378.63,302.05
-73.952,-103.46,187.82
-30.107,-176.56,194.05
-74.706,-166.14,215.26
-45.64,-171.41,175.23
51.159,-408.54,315.41
-15.778,-239.21,268.33
-75.831,-31.677,123.65
-72.179,-110.05,134.64
-117.69,-63.619,127.87
19.305,-407.25,317.71
47.721,-450.97,386
-47.37,-257.7,258.04
-61.572,-75.156,144.8
-91.927,-108.94,135.25
-77.054,-93.257,181.49
-89.439,-122.29,144.82
-44.53,-192.27,242.06
-28.409,-294.88,251.8
-6.9632,-278.74,238.56
-104.57,-81.937,121.41
24.38,-430.12,349.21
-45.465,-153.62,215.39
-40.96,-138.22,179.35
-96.756,-113.02,177.43
28.094,-352.14,283.99
53.895,-380,340.83
-60.959,-78.632,153.42
48.736,-461.79,388.71
42.006,-435.75,378.14
13.781,-288.63,288.92
44.679,-401,309.46
-71.712,-80.85,122.52
6.668,-345.25,274.61
-101.08,10.634,114.24
-26.354,-265.52,227.77
-125.08,15.079,109.81
-58.488,-134.12,152.37
-87.509,7.4783,93.039
-89.763,14.785,88.6
-51.37,-156.22,219.77
-78.203,-23.22,109.15
-74.578,-98.653,128.07
-71.389,-46.371,120.92
82.481,-438.76,367.58
-55.27,-182.62,234.69
-17.296,-238.05,268.09
32.461,-447.7,360.66
-13.514,-213.26,225.72
32.469,-444.24,344.61
6.7062,-269.92,276.67
44.787,-443.45,332.25
-35.694,-253.37,221.37
54.687,-377.92,335.07
-66.707,-104.68,187.39
73.802,-418.74,352.5
15.058,-393.76,346.01
-109.06,-6.1842,126.69
14.63,-406.13,324.84
-49.913,-211.76,249.57
33.849,-333.38,290.74
-85.367,-158.19,195.55
4.9388,-268.02,248.83
3.3605,-339.54,325.39
-39.509,-227.88,205.2
-70.731,-152.58,214.28
-33.996,-266.93,230.91
-2.1636,-245.12,259.26
-8.3336,-292.1,244.04
-78.062,-39.689,139.76
-79.134,-23.38,121.45
-39.948,-211.24,253.15
-123.28,-45.607,119.88
56.895,-451.66,335.87
-100.31,-74.881,163.96
59.997,-434.43,383.55
51.921,-421.93,376.35
-49.765,-181.55,235.46
13.146,-284.52,261.95
45.677,-471.64,358.42
1.4826,-378.18,312.09
-23.871,-314.9,291.84
-42.618,-140.44,172.57
-10.921,-350.48,299.45
-82.673,-143.4,158.13
-122.6,-0.94513,118.28
-29.567,-168.98,203.68
-91.567,-25.729,137.89
-15.59,-319.35,263.72
-31.558,-251.47,219.38
53.91,-459.79,392.69
-67.54,-103.1,186.52
-120.02,1.1837,119
16.106,-353.11,335.97
75.867,-425.75,347.59
-96.641,-56.862,99.834
22.993,-311.66,274.46
89.674,-454.29,369.25
-79.189,-105.31,130.33
-36.255,-285.81,274.01
-130.24,-3.5795,111.05
-83.598,-99.943,184.22
-54.214,-174.63,173.35
-31.388,-253.23,220.47
-61.238,-121.01,145.37
-80.565,-60.024,159.32
-79.374,-203.25,43.281
-61.553,-156.11,21.582
-34.776,-250.53,73.99
-89.655,-194.79,47.031
-76.046,-87.063,-7.5431
-126.67,-81.807,0.9914
57.498,-450.81,210.76
-100.89,-123.86,-6.2785
-128.12,-81.157,-8.2551
-97.628,-98.178,34.59
55.419,-539.77,262.42
18.406,-378.81,207.17
-55.504,-206.31,43.964
-35.374,-258.52,131.94
-67.336,-111.49,25.297
-64.347,-187.53,88.571
24.902,-476.04,221.94
44.563,-413.26,220.23
-21.718,-372.03,155.12
-73.839,-158.99,71.357
-12.635,-366.17,141.89
27.644,-385.95,167.47
24.473,-376.75,201.56
-4.36,-329.75,176.23
-33.394,-259.98,78.442
-59.668,-267.36,123.71
26.449,-422.97,236.72
32.004,-388.21,174.17
29.174,-409.3,174.18
13.39,-419.11,229.69
12.853,-442.89,234.04
-31.99,-216.27,82.06
-62.972,-176.01,27.057
72.654,-471.36,235.62
-14.122,-266.32,118.33
-59.897,-135.97,40.97
32.922,-420.77,180.73
-8.8801,-298.84,111.46
34.941,-385.16,185.6
-106.95,-54.445,9.1752
-93.239,-104.16,38.515
10.93,-388.29,156.19
-67.419,-172.82,79.636
-92.423,-191.83,50.331
29.424,-489.64,254.34
30.632,-382.15,172.86
79.178,-485.47,244.77
30.088,-494.58,247.56
67.314,-467.64,259.07
-35.45,-334.88,128.98
-19.946,-321.39,170.77
68.509,-516.75,297.99
40.331,-513.15,250.12
-25.151,-304.49,160.45
66.729,-476.7,269.24
17.711,-465.4,220.2
-9.7088,-311.17,163.67
35.445,-494.48,265.9
6.9358,-442.59,220.43
-76.911,-194.72,87.851
-96.235,-124.26,47.746
43.355,-493.59,275.26
60.378,-448.75,244.09
-29.543,-227.36,78.856
-84.515,-58.599,-23.746
-35.736,-326.28,161.75
24.652,-385.66,210.11
-94.827,-137.95,1.4865
12.682,-449.28,232.75
-34.611,-347.48,146.46
-61.176,-135.92,44.427
52.432,-529.15,290.08
4.5505,-318.15,156.86
-98.652,-138.59,51.532
-82.011,-74.047,-19.822
-11.223,-357.07,135.11
-15.649,-317.9,112.32
-58.1,-208.55,101.31
-40.982,-192.47,73.875
86.043,-496.77,263.96
10.462,-379.75,209.01
-80.822,-123.21,49.555
-74.945,-103.71,-5.6758
-118.15,-108.94,-1.1742
52.648,-465.2,209.45
80.031,-491.99,273.19
28.702,-473.83,256.53
-75.242,-101.19,-6.4357
-102.68,-96.712,32.339
-46.725,-318.1,129.05
51.508,-421.85,213.51
-119.31,-89.427,-21.119
62.76,-450.13,221.42
51.649,-519.55,243.8
-10.966,-388.95,161.35
-32.349,-346.39,166.53
-31.202,-235.28,110.76
-109.46,-53.391,8.3864
-74.703,-103.01,30.03
56.171,-542.46,264.91
-96.71,-146.03,8.2283
-88.522,-51.556,-32.406
-104.03,-157.78,41.234
-53.269,-180.59,80.026
-13.997,-265.46,113.38
81.156,-514.09,245.9
-25.305,-248.16,84.077
10.618,-334.31,168.45
-88.952,-197.76,49.442
-60.791,-273.11,121.82
51.34,-520.56,244.98
-56.549,-179.34,81.119
-104.26,-103.41,34.543
-21.898,-260.75,126.75
-32.657,-225.82,102.34
-92.383,-193.45,62.476
17.883,-458.87,209.37
60.389,-466.87,263.76
-21.929,-294.71,154.64
-52.873,-232.94,115.79
-34.807,-222.48,101.63
-16.598,-307.33,107.21
-11.413,-343.95,184.9
-109.54,-139.59,32.126
40.446,-516.51,264.69
-27.136,-237.13,106.8
-101.26,-153.68,51.136
-59.151,-165.84,71.811
20.476,-392.05,162.28
32.78,-477.1,261.66
2.89,-369.04,201.81
-22.702,-245.02,91.353
-55.967,-162.3,30.008
-88.175,-135.34,-0.98292
22.11,-404.44,168.2
-3.3864,-294.16,124.98
10.992,-401.13,163.41
-97.521,-108.92,40.093
-51.82,-194.08,41.699
-9.9875,-395.97,168.26
-34.9,-217.03,95.436
48.307,-503.45,282.05
-52.499,-298.26,134.41
-39.935,-300.7,100.85
-20.871,-265.81,130.84
-54.685,-227.01,54.502
43.884,-523.69,262.65
52.86,-462.91,262.96
-65.332,-184.58,29.82
-42.535,-277.03,84.813
69.561,-477.46,227.9
-3.0939,-404,169.84
-102.34,-162.7,44.937
-66.833,-170.17,77.891
89.088,-504.75,274.09
-34.983,-335.01,163.22
-91.192,-179.85,69.367
-94.857,-186.72,52.334
-75.647,-98.798,-7.3206
-20.813,-360.53,184.36
-19.291,-383.2,182.54
27.861,-482.18,225.78
-61.594,-250.09,70.824
64.085,-467.94,262.5
-131.42,-70.18,-13.231
-117.01,-83.381,-28.289
-40.113,-287.56,146.8
-57.098,-178.05,80.403
-93.518,-69.471,16.499
-78.069,-78.948,8.35
-49.651,-166.57,58.074
67.371,-464.15,225.88
37.661,-465.08,261.59
-4.3187,-401.58,209.13
-28.321,-336.41,171.8
-76.999,-120.1,46.169
56.472,-445.63,209.38
-62.528,-266.57,87.274
29.168,-374.65,191.22
-71.08,-229.44,103.44
-86.841,-208.57,60.599
39.555,-408.37,221
53.589,-519.89,290.7
57.493,-460.73,211.91
-55.264,-202.65,97.504
-85.921,-120.99,48.633
-45.397,-221.8,56.114
61.673,-504.76,289.79
-59.624,-133.99,35.095
-80.645,-124.5,50.365
15.796,-375.2,205.18
-104.86,-122.34,40.84
-105.63,-149.12,41.481
-3.4035,-326.18,173.14
42.092,-444.01,195.09
-82.35,-88.664,24.739
-20.192,-382.82,172.34
-18.546,-386.25,181.27
-74.776,-191.46,87.83
-60.128,-220.95,50.401
34.045,-461.12,202.4
-81.76,-103.91,36.394
-69.339,-110.22,5.0505
44.479,-520.85,253.8
-41.954,-274.61,140.2
-89.129,-139.99,1.7991
-87.67,-135.8,56.526
-50.399,-306.22,136.43
-32.661,-298.59,155.19
-56.333,-196.64,93.661
-102.25,-105.73,-18.228
7.5204,-330.19,168.17
-48.978,-302.66,141.08
-39.941,-208.37,58.848
-111.68,-85.086,22.578
48.971,-427.98,198.7
-111.96,-127.45,30.13
-8.542,-406.27,180.7
-89.859,-95.04,32.858
-90.84,-73.961,-30.8
-40.848,-222.05,59.979
-40.392,-334.92,144.75
59.79,-502.45,288.04
84.043,-529.59,252.7
0.20879,-366.01,199.61
-86.244,-168.09,19.78
-31.832,-243.17,118.81
-39.878,-269.95,80.735
12.129,-420.21,229.22
-79.447,-226.5,67.534
-129.5,-74.907,-17.65
-87.222,-121.14,-8.5651
45.417,-522.89,277.72
5.7877,-405.74,166.92
-63.497,-121.16,24.301
-51.056,-259.49,129.2
1.3655,-311.41,153.53
41.129,-516.42,269.12
6.4868,-424.58,224.75
-1.5344,-422.67,209.54
-62.531,-126.31,20.671
-31.284,-338.8,168.8
-13.677,-266.87,117.12
27.902,-442.33,190.07
-21.141,-286.64,148.78
47.946,-494.54,224.47
-108.57,-85.35,-30.266
-36.257,-301.37,154.56
-3.9225,-291.55,129.5
12.347,-447.61,232.55
13.758,-426.61,232.43
93.213,-514.68,282.4
-0.31616,-409.88,173.47
-19.586,-359.01,185.46
-96.629,-116.22,43.919
3.0968,-424.56,186.09
-88.158,-199.03,74.542
34.425,-461.08,258.24
-6.1509,-369.41,143
-21.597,-322.77,170.96
-41.989,-189.44,58.569
-69.294,-241.09,107.6
21.33,-387.99,213.48
-35.896,-252.8,74.095
-39.315,-235.75,116.73
-35.753,-327.52,161.86
50.597,-538.68,276.84
19.742,-407.06,168.5
-37.091,-314.5,158.09
35.614,-465.15,205.06
48.08,-484.51,275
-36.707,-307.65,156.48
11.657,-356.15,144.58
-92.25,-60.215,-36.376
-113.04,-127.3,11.608
21.766,-428.86,238.23
-59.493,-230.07,55.954
50.973,-536.18,265.43
4.2826,-409.2,170.13
-110.02,-131.41,9.1941
57.678,-482.51,219.21
-118.99,-69.426,-37.84
-83.336,-220.59,71.826
-13.92,-362.43,191.39
-104.98,-55.727,9.9253
-64.512,-264.44,115.46
0.74027,-417.94,181.1
-56.386,-291.93,110.27
40.545,-398.6,192.12
-52.066,-297.14,107.9
2.9094,-319.03,130.07
-91.78,-193.15,65.987
72.1,-475.67,262.95
-122.72,-73.079,-32.372
-30.308,-322.88,166.29
9.3684,-448.97,221.95
-49.036,-254.01,127.67
-2.3826,-423.26,204.01
-14.566,-395.74,180.37
-42.125,-268.74,79.755
51.502,-459.4,206.63
-17.28,-324.85,115.3
-90.212,-197.15,69.259
0.38263,-429.59,202.69
-24.748,-312.61,107.14
-101,-105.32,37.034
5.4874,-379.71,150.21
-107.55,-87.519,-29.047
19.724,-356.95,156.5
-37.87,-263.6,77.93
12.759,-334.93,163.82
-12.749,-270.3,109.32
-30.392,-249.36,77.436
-91.153,-194.11,49.861
-29.394,-300.58,99.618
-32.874,-242.09,73.123
-81.149,-73.657,8.6472
16.221,-341.51,164.06
-72.659,-170.06,77.847
-90.647,-53.065,1.1854
-33.059,-286.65,149.05
-52.908,-302.26,118.91
-3.3801,-409.78,210.39
-9.5921,-349.98,188.53
14.028,-336.57,161.9
33.36,-451.01,253.35
-9.6204,-290.77,144.76
-106.54,-122.39,39.091
-18.469,-286.43,147.59
28.305,-399.8,170.61
30.381,-375.14,177.76
-31.622,-354.37,150.25
-50.501,-260.76,130.03
-85.855,-48.443,-18.603
-61.293,-200.88,96.604
-91.712,-101.78,-19.589
-86.668,-86.718,-23.024
77.08,-481.98,241.07
-98.553,-40.659,-2.5266
45.923,-466.81,265.31
78.76,-494.86,240.93
-97.509,-137.12,1.9074
3.1044,-393.38,158.47
31.132,-390.96,172.52
-133.56,-63.202,-17.812
-109.01,-122.18,-2.0159
34.978,-431.27,242.52
74.357,-504.07,289.49
-99.488,-166.05,53.673
-37.147,-212.9,63.813
-30.231,-349.89,170.12
-45.228,-257.86,73.141
45.399,-432.63,194.27
18.8,-469.27,225.64
-61.216,-139.2,48.548
-128.85,-71.005,-25.888
3.3597,-435.68,204.54
42.25,-434.31,191.82
-112.76,-62.082,12.047
-110.11,-90.625,25.774
-68.193,-174.38,80.622
13.718,-337.85,150.02
-50.631,-302.07,111.83
-62.043,-216.32,104.72
33.875,-442.7,249.29
-96.209,-180.26,57.604
-25.35,-234.85,94.062
29.605,-372.57,179.38
-46.477,-272.04,136.9
-30.217,-221.33,86.111
-72.87,-160.55,15.511
6.9314,-435.47,194.62
-37.403,-203.97,82.347
-82.227,-219.09,84.128
45.452,-419.53,193.69
-73.14,-249.46,89.591
48.895,-520.74,285.1
-54.71,-176.44,77.551
27.701,-383.94,167.45
-117.04,-99.277,-14.423
-3.4759,-405.33,210.43
-87.595,-134.98,56.128
12.296,-455.72,218.83
-91.955,-194.98,62.723
7.9885,-322.35,153.8
-43.867,-300.94,103.03
-34.515,-327.02,163.34
-38.862,-216.76,100.42
-10.252,-285.61,109.13
28.307,-488.88,251.03
-59.093,-240.36,137.84
55.597,-513.52,254.86
2.1571,-338.02,166.43
-41.76,-328.4,185.05
-82.125,-100.04,24.812
-60.458,-194.87,105.99
-78.362,-216.6,119.83
-19.506,-289.67,158.23
-17.246,-325.19,190.36
27.7,-427.41,256.37
-60.285,-255.62,88.622
-14.857,-330.07,141.34
17.688,-445.21,265.98
-5.3935,-320.12,154.52
-94.581,-74.624,29.212
48.401,-525.7,262.8
33.245,-432.61,210.57
-52.274,-325.33,170.67
75.586,-500.96,290.83
-1.2661,-445.38,220.77
-16.666,-299.02,165.54
-63.449,-262.55,147
-23.228,-390.16,215.08
7.736,-404.46,242.02
23.332,-388.13,197.49
61.762,-517.29,258.88
31.113,-444.26,268.18
-99.319,-185.35,51.259
70.827,-513.54,263.84
-72.707,-169.31,42.99
-100.86,-130.37,13.074
-19.091,-395.34,221.29
-81.209,-245.3,90.333
28.871,-515.63,275.13
-13.202,-370.66,161.01
-89.597,-182.15,99.243
15.015,-472.29,232.77
-96.42,-134.28,15.862
-89.644,-112.86,58.089
-79.878,-190.92,107.04
-31.678,-253.69,111.77
-76.507,-124.39,31.089
9.9489,-421.1,251.57
-13.907,-422.08,212.28
-105.02,-72,-16.313
-58.26,-310.99,133.79
-80.741,-140.67,74.67
39.336,-528.25,304.27
71.58,-502.76,300.39
26.389,-465.52,278.97
-34.255,-314.76,125.77
-47.999,-323.03,177.45
53.684,-451.17,249.31
-115.7,-156.21,45.553
28.745,-496.02,289.47
37.792,-447.02,268.87
-85.01,-93.44,16.281
-124.52,-47.35,21.568
-29.548,-293.14,169.82
7.0621,-366.09,171
-34.519,-312.45,124.44
23.844,-422.4,199.95
-22.509,-304.56,127.39
34.334,-484.7,291.06
-96.222,-92.538,46.147
-119.04,-56.158,27.111
37.223,-520.9,265.1
-118.53,-123.96,14.288
16.57,-439.26,262.81
-93.356,-131.27,71.72
-111.3,-167.93,50.484
73.567,-494.43,274.42
-84.463,-243.6,118.09
-100.08,-41.038,-3.9475
-66.976,-270.17,100.92
-114.16,-82.755,-14.995
19.828,-489.61,248.35
-121.28,-139.86,37.506
-144.44,-66.536,0.21984
8.8353,-445.41,259.99
-109.62,-39.1,12.584
-47.19,-346,170.8
-89.665,-211.54,66.321
-98.966,-144.52,77.972
53.328,-521.12,258.96
28.4,-514.35,281.86
-116.08,-157.35,57.031
-51.231,-244.51,85.631
28.199,-504.22,288.51
-100.25,-104.08,-0.23909
30.18,-424.24,252.71
-55.165,-238.79,136.88
-29.653,-327.46,191.55
14.489,-364.26,196.56
-121.59,-112.41,50.015
-2.4047,-330.48,183.21
-85.742,-183.19,44.567
-45.894,-280.61,104.73
-74.291,-256.87,94.533
-58.731,-265.63,94.852
-32.045,-249.6,125.3
-1.7701,-429.68,246.12
17.637,-451.33,213.28
-68.567,-281.61,113.76
-92.476,-155.45,28.053
-89.719,-215.64,109.47
-72.448,-169.26,92.437
22.999,-489.81,281.54
-117.17,-58.244,28.387
-16.95,-414.08,204.73
34.487,-409.13,220.65
-108.57,-63.097,-22.154
12.136,-419.35,251.29
-13.241,-398.5,181.11
-21.037,-341.99,201.44
16.454,-368.73,199.22
34.566,-499.45,296.07
-70.548,-286.98,127.82
-88.723,-225.96,79.418
-45.183,-350.99,171.92
2.6583,-371.99,168.05
37.194,-450.74,218.8
-75.256,-253.79,92.504
80.623,-510.88,281.74
-77.303,-238.31,128.21
-32.233,-247.76,119.85
35.41,-435.16,259.72
50.088,-471.89,235.19
33.21,-411.93,235.62
30.504,-438.15,209.91
-145.18,-61.398,-10.1
-76.625,-117.23,40.725
-146.06,-59.962,1.0132
66.839,-479.64,270.49
-115.45,-153.66,62.786
51.692,-449.43,256.76
29.079,-491.5,289.17
22.499,-402.26,193.93
-51.432,-335.68,159.95
-85.703,-108.36,51.144
-66.349,-291.77,122.93
-17.459,-378.88,166.86
-114.04,-163.47,53.39
-83.276,-125.8,20.157
62.141,-469.86,258.39
-17.954,-400.17,222.95
-130.66,-92.06,-2.2804
42.951,-465.01,281.51
-59.29,-273.22,153.7
-36.937,-352.44,194.68
-78.27,-182.33,102.43
-123.62,-116.14,12.398
-51.585,-280.08,103.75
-93.243,-210.73,69.176
-73.799,-141.88,35.638
-66.684,-148.42,59.438
-49.237,-258.53,92.69
19.565,-495.91,263.59
35.681,-520.82,299
-27.908,-381.94,177.13
51.092,-475.37,287.44
17.389,-424.6,197.47
31.064,-507.46,292.9
5.2396,-364.34,212.75
-99.71,-194.23,60.428
27.803,-441.73,209.77
81.239,-523.15,277.56
82.526,-520.39,280.52
-143.95,-63.935,7.517
-25.104,-270.03,141.2
-72.902,-129.02,43.783
45.411,-487.29,296.21
0.84757,-371.03,220.13
20.973,-488.49,278.35
-99.738,-50.784,11.563
-12.814,-304.56,166.25
-11.046,-314.41,143.1
-63.074,-198.85,110.72
-61.51,-197.75,61.666
-30.398,-265.98,111.96
-37.448,-236.11,103.42
53.971,-454.33,259.93
11.576,-424.79,253.96
-15.23,-418.39,208.3
-48.719,-336.32,175.43
4.2201,-446.73,215.19
-34.803,-368.9,170.99
-74.25,-276.16,118.84
-79.823,-132.2,25.634
2.9584,-457.08,231.1
76.648,-500.62,280.94
-6.5433,-365.03,216.71
-69.109,-170.1,91.121
-25.998,-368.87,209.67
-17.586,-289.86,154.31
65.182,-495.83,255
-70.179,-138.78,56.901
36.182,-418.87,240.48
36.478,-518.21,300.61
-132.01,-105.85,28.326
-119.48,-80.62,-16.407
9.7109,-452.61,262.25
-68.099,-173.4,93.191
-128.99,-83.042,-11.53
-39.05,-254.86,143.15
-74.389,-126.15,37.637
69.491,-513.77,312.46
18.693,-493.88,266.86
50.692,-474.7,236.42
-86.433,-217.05,68.668
33.455,-423.75,209.61
-22.715,-403.05,202.87
6.802,-451.17,258.61
-107.1,-155.76,76.662
-65.416,-237.65,77.656
6.3345,-450.31,217.11
-75.059,-135.11,33.178
-42.707,-249.49,93.823
-12.008,-353.6,209.35
-0.04929,-376.07,167.84
74.335,-499.58,270.59
-29.79,-317.27,185.93
-104.31,-54.753,21.389
-111.09,-166.01,71.143
-131.29,-108.66,28.947
-31.694,-348.61,199.29
17.303,-476.94,273.53
6.2768,-379.21,173.08
-1.0231,-411.22,187.27
35.795,-455.06,275.28
37.574,-519.3,302.18
-4.0918,-367.5,218.28
75.196,-508.2,302.69
-44.505,-277.06,160.72
-68.8,-283.27,116.15
-34.998,-319.45,185.77
1.0188,-338.16,163.03
-79.752,-258.95,124.95
-38.134,-235.15,119.26
-73.058,-217.16,65.132
-79.856,-232.15,124.12
45.864,-525.71,263.73
-85.154,-93.385,32.825
-137.51,-78.712,21.494
-87.335,-209.99,110.94
-62.933,-201.03,61.486
-83.698,-185,102.98
-8.0952,-435.92,225.47
-78.403,-245.1,87.182
-100.32,-83.717,-8.5413
-120.77,-86.236,-12.668
3.1381,-363.43,213.2
-10.828,-374.62,163.63
-107.15,-107.79,-0.25591
-60.725,-309.49,155.14
-129.61,-82.638,-11.429
-47.533,-250.19,90.14
-38.06,-246.11,99.203
-95.376,-56.228,3.6952
-89.25,-229.75,110.08
-117.79,-83.948,41.997
60.561,-477.07,248.53
42.611,-531.29,271.35
-47.06,-343.6,175.98
-64.709,-163.15,79.016
-73.322,-237.26,78.154
16.343,-382.89,184.57
1.0277,-430.6,249.31
-75.233,-131.15,33.026
59.948,-539.51,271.04
-60.882,-308.47,135.79
-110.96,-92.638,48.313
-111.45,-138.47,67.557
20.652,-483.28,278.27
-120.99,-110.63,5.0957
16.155,-367.58,194.81
-133.24,-72.856,27.166
-112.06,-133.34,65.442
-82.159,-138.17,24.83
-92.437,-123.22,66.502
-50.028,-338.37,168.86
57.809,-509.31,253.54
-61.258,-309.86,152.58
-125.06,-97.333,-2.7785
34.648,-525.42,294.34
-95.11,-94.24,-0.63208
-80.75,-104.93,35.982
-110.24,-91.69,-9.5235
8.6297,-359.06,203.48
-22.076,-294.89,167.13
71.053,-489.46,279.92
66.628,-537.03,270.33
23.451,-386.25,214.27
-50.854,-225.18,125.33
33.178,-431.81,210.34
-75.163,-159.42,37.705
-83.419,-252.09,116.05
-91.644,-149.63,82.497
-101.77,-84.499,-9.3135
-104.31,-59.284,25.138
-90.651,-72.366,8.2229
58.643,-507.05,309.5
-57.334,-249.99,143.55
-69.664,-288.26,139.28
-27.197,-346.22,201.33
-70.155,-211.22,119.86
-68.461,-164.97,46.326
-74.549,-123.73,41.105
-41.056,-360.16,181.83
16.434,-488.74,256.77
-44.549,-238.13,89.287
12.098,-479.95,254.22
-117.09,-150.82,41.184
-84.64,-181.66,101.01
-70.189,-153.46,76.803
-102.17,-62.181,-16.783
73.306,-493.97,273.73
25.387,-398.31,229.64
-13.597,-347.91,205.71
-6.4893,-414.13,238.51
-16.59,-288.58,144.79
-96.397,-68.286,25.286
-80,-145.94,78.341
-117.83,-142.73,59.048
-114.51,-74.983,-19.239
44.352,-541.52,281.8
-75.966,-138.01,31.844
19.013,-380.12,214.96
18.556,-436.13,261.94
-139.3,-79.574,16.325
26.756,-391.77,211.61
-39.271,-228.92,109.84
-42.532,-263.94,98.586
-67.514,-212.34,120.71
-87.188,-191.67,50.07
-53.07,-331.84,160.77
-79.2,-123.57,25.389
36.397,-415.99,234.87
-63.981,-167.11,53.84
-92.514,-222.31,103.9
-39.757,-362.04,172.13
-142.11,-72.162,9.6098
-100.95,-202.49,85.738
51.946,-454.28,264.57
49.617,-478.69,290.45
-121.49,-136.75,50.65
-57.118,-194.03,66.264
-80.804,-162.56,35.076
-6.2748,-315.9,167.82
-49.546,-298.48,115.74
-0.15134,-425.25,197.85
-32.766,-378.12,196.68
-117.43,-47.747,22.012
-63.972,-278.33,106.01
-78.017,-262.57,106.3
-71.956,-144.51,69.8
9.9067,-468.82,261.54
-59.679,-314.16,143.19
-102.64,-182.35,87.057
39.318,-463.01,224.6
-0.2637,-427.99,247.5
-37.665,-239.53,100.86
-27.733,-371.39,208.22
-36.467,-353.07,154.54
-66.562,-148.94,60.418
-42.032,-345.54,187.03
-67.841,-221.16,68.082
-75.146,-223.81,124.59
-52.23,-333.78,159.1
-112.39,-118.27,59.786
-62.794,-293.31,154.68
-135.85,-94.245,19.229
45.986,-539.25,276.88
-34.552,-346.08,147.06
-30.373,-357.97,202.97
-71.593,-229.47,128.8
50.628,-500.66,304.81
31.557,-467.11,281.86
38.782,-514.74,257.52
-22.528,-275.87,143.78
-84.407,-250.6,111.04
60.397,-465.95,256.53
25.8,-405.19,198.46
10.026,-404.77,185.19
-85.956,-151.56,27.744
-91.497,-114.64,60.302
35.562,-530.13,290.79
-14.121,-396.62,227.32
-119.39,-147.48,46.467
-62,-234.86,134.34
-153.93,-74.344,21.243
-28.737,-306.58,191.6
27.29,-518.55,278.65
-27.987,-399.01,241.91
-41.373,-385.31,205.38
-33.447,-356.97,225.65
-53.832,-272.96,119.45
-12.287,-448.16,261.22
8.7061,-401.44,255
-1.5574,-402.12,257.93
56.241,-482.32,293.9
-75.73,-258.42,107.83
69.559,-510.54,311.43
-13.271,-422.57,261.86
-28.559,-287.41,161.77
-91.312,-244.08,104.43
-71.612,-313.87,169.07
-78.951,-276.21,123.79
-102.12,-108.71,25.267
-96.627,-213.48,131.14
44.939,-491.27,262.76
-21.035,-430.38,247.15
-5.9385,-396.76,254.33
-68.817,-253.52,162.58
-98.099,-216.46,85.173
-120.22,-158.95,92.749
-58.003,-345.31,193.21
-20.211,-342.15,167
-137.02,-129.07,52.428
-80.574,-172.72,110.15
-80.836,-141.03,71.487
-67.651,-231.74,94.735
-87.843,-154.57,52.4
-92.7,-112.05,64.839
-67.153,-311.43,147.67
-103.24,-135.55,91.238
31.18,-438.96,275.23
-23.65,-328.97,208.61
-108.12,-169.29,54.048
-63.046,-333.73,184.79
-21.737,-384.99,243.47
-50.557,-327.23,203.92
-49.062,-254.8,158.98
6.9806,-399.61,206.11
-104.97,-218.05,94.669
28.89,-492.66,257.49
-3.467,-384.58,245.85
-24.409,-349.23,223.72
-48.539,-236.62,134.73
-143.71,-103.58,30.159
-72.353,-298.61,174.87
-144.27,-77.751,3.6311
-29.431,-285.41,161.88
-112.59,-39.063,6.1748
49.948,-486.52,309.48
-74.055,-194.51,76.986
33.758,-436.65,245.92
-14.778,-443.56,240.52
12.148,-483.06,254.35
5.432,-465.24,288.91
-20.419,-350.14,224.01
60.325,-491.59,300.91
-16.842,-370.13,179.83
36.62,-447.58,279.01
-101.6,-74.696,29.249
-3.8066,-354.38,189.84
-57.95,-303.51,135.76
-106.86,-157.48,102.61
-90.591,-130.32,43.69
-90.445,-132.24,44.182
-60.414,-201.93,105.52
-46.699,-309.53,139.81
-90.192,-125.55,75.948
-131.96,-135.67,71.65
-111.98,-50.394,2.1316
-136.04,-51.163,40.619
-96.598,-248.91,123.49
-113.44,-98.082,13.405
12.92,-491.14,300.38
-25.332,-341.16,163.13
-106.05,-115.19,78.524
31.826,-459.54,243.17
-7.9284,-415.98,263.58
-58.622,-258.99,111.02
22.85,-411.22,249.4
-101.98,-234.06,114.61
12.064,-385.29,217.82
-20.708,-428.24,250.2
-68.854,-290.33,177.88
-80.359,-153.42,91.396
22.934,-523.12,290.23
-97.057,-217.25,85.167
-58.888,-291.55,127.98
-116.99,-179.23,99.432
-7.8203,-410.33,261.14
9.9313,-488.33,261.99
-29.956,-365.96,175.09
-115.41,-33.737,14.982
-118.38,-186.61,85.931
-11.029,-331.37,193.54
-26.655,-401.2,202.17
-110.83,-112.56,77.528
-12.96,-335.12,205.28
-53.036,-238.36,146.55
-48.638,-368.61,194.95
-17.844,-403.47,252.79
7.1652,-486.8,264.02
-120.83,-149.97,45.656
-2.2959,-370.41,191.11
-60.143,-206,118.01
-87.308,-121.8,53.608
26.799,-417.63,249.15
-79.946,-176.4,112.77
-140.32,-77.029,49.914
-78.064,-254.61,159.11
-75.702,-243.27,155.35
-46.151,-375.09,207.48
-17.333,-434.1,230.06
3.6756,-407.12,205.89
-120.68,-78.919,1.4543
-29.902,-372.76,179.77
-129.35,-91.108,62.417
-83.291,-242.28,98.309
-71.275,-285.49,174.36
-30.327,-368.02,231.88
-14.882,-329.65,172.54
26.667,-507.41,268.72
-73.922,-225.87,146.07
-88.909,-122.71,46.939
-46.623,-349.23,213.37
-37.172,-393.3,207.66
-113.96,-136.8,33.856
15.377,-436.67,224.24
-20.74,-335.78,164.81
32.031,-429.51,258.02
-21.04,-363.03,232.47
10.583,-381.48,225.77
-107.51,-194.5,115.23
-67.797,-277.75,119.67
-142.82,-49.39,37.396
-140.23,-51.511,39.512
13.144,-396.93,214
13.883,-486.06,301.28
-82.635,-264.97,116.37
-86.48,-272.2,149.81
-0.76403,-449.48,230.98
-144.97,-62.23,-8.1605
21.17,-485.89,253.31
-50.306,-277.4,177.79
-15.089,-321.17,185.68
-59.08,-340.95,193.08
-25.851,-403.48,245
-49.795,-340.38,208.29
-67.722,-289.19,127.96
-106.96,-97.148,17.266
-104.78,-83.276,52.584
7.4906,-426.27,215.99
-44.741,-308.41,197.47
-98.327,-244.2,124.68
31.754,-442.39,278.53
-156.27,-41.531,23.722
-45.216,-377.61,205.27
-85.9,-181.88,63.856
52.91,-493.44,270.71
8.8122,-377.17,214.74
-42.282,-253.34,145.07
-51.838,-322.75,201.46
-110.67,-59.17,4.5613
1.899,-450.39,282.19
20.609,-404.09,231.07
-106.76,-113.2,23.423
-32.95,-282.23,168.76
-114.76,-191.87,80.737
24.788,-456.96,237.58
-106.99,-218.32,100.96
-15.099,-395.63,251.29
13.06,-483.71,300.03
-54.077,-338.56,162.64
39.607,-460.48,290.92
46.499,-460.52,268.65
18.068,-515.09,288.41
-108.9,-87.544,59.741
-57.31,-339.09,197.97
-101.02,-149.28,42.427
-21.122,-382.45,185.66
-100.35,-224.72,128.76
-123.85,-118.11,76.92
-135.73,-113.12,64.163
-74.407,-172.8,73.175
8.6434,-391.86,245.67
-42.976,-319.33,145.94
-71.511,-199.71,80.905
-41.778,-363.5,177.06
-17.178,-435.53,231.98
-74.47,-229.41,148.17
-129.15,-90.056,62.024
-91.518,-111.93,61.769
-128.21,-147.47,51.879
-106.82,-66.533,37.875
21.011,-517.93,285.73
-26.621,-354.9,226.94
-20.133,-393.83,247.88
-83.224,-275.11,157.04
-88.83,-144.83,48.744
57.104,-482.64,287.1
-32.196,-278.83,150.89
-21.056,-389.18,190.1
-59.201,-206.44,104.79
-121.04,-151.63,47.202
25.557,-516.8,318.25
-50.184,-341.04,162.11
-33.931,-371.07,230.45
-44.319,-246.9,138.68
16.542,-443.81,227.89
-35.63,-379.7,230.53
-113.31,-183.41,105.8
-127.85,-38.908,32.811
48.753,-465.48,281.01
-89.941,-140.86,46.548
4.2318,-369.42,222.29
-50.843,-295.5,189.17
-1.4137,-400.04,200.23
-116.73,-180.73,70.524
-47.569,-260.42,120.57
10.324,-381.92,214.37
-66.99,-325.56,170.62
-45.773,-243.2,136.93
-121.52,-150.71,46.814
6.5448,-491.92,282.26
-62.932,-318.63,189.57
0.34402,-421.38,269.45
15.25,-395.59,219.24
-96.841,-117.22,75.422
-129.01,-152.54,73.942
-23.464,-389.95,191.03
-77.338,-281.84,127.78
-37.534,-281.14,136.32
-33.267,-354.74,224.76
-26.295,-406.48,207.39
56.926,-493.78,276.37
-100.65,-131.86,88.453
-140.72,-115.74,40.511
-31.4,-329.3,210.9
-61.483,-241.64,154.9
-89.29,-248.73,147
33.267,-516.97,274.26
-6.831,-374.86,239.3
-73.149,-225.22,145.67
-115.92,-154.6,46.396
-21.222,-384,243.31
-16.677,-329.19,169.2
30.291,-469.29,301.91
27.049,-457.85,239.22
-105.07,-182.99,62.743
-75.896,-172.64,105.79
-62.833,-285.59,180.33
-130.81,-134.05,41.204
-39.445,-280.36,175.21
10.658,-475.66,296.14
-64.392,-202.63,91.049
-93.567,-168.52,54.372
-56.272,-351.7,189.05
-66.234,-193.96,115.19
-61.731,-205.95,96.241
-30.218,-296.02,181.98
0.89024,-390.57,198.38
-15.366,-439.01,233.76
26.521,-416.7,247.39
-74.573,-182.41,113.87
-86.645,-210.68,78.239
-60.783,-203.77,100.01
-11.363,-437.98,227.03
-142.6,-96.372,51.549
-110.91,-44.362,10.259
-116.92,-128.14,84.801
-43.537,-251.48,146.11
23.878,-510.37,272.98
-111.57,-45.415,4.7652
-69.77,-182.57,81.997
9.1597,-377.58,216.99
-83.878,-264.38,116.93
28.683,-485.76,311.23
-79.996,-217.84,83.247
-39.668,-261.57,152.28
28.043,-422.61,238.91
-111.42,-167.89,104.16
-52.53,-225.39,127.18
-101.91,-233.6,120.69
-57.429,-219.47,103.45
38.98,-451.83,251.67
-54.191,-300.24,190.76
-108.39,-84.141,56.699
-81.432,-158.53,60.717
-131.33,-125.91,33.897
12.341,-459.76,235.88
17.572,-511.72,304.1
-66.993,-322.8,162.95
-91.216,-126.39,78.172
-97.663,-162.93,50.287
-114.59,-157.52,98.131
-95.385,-177.26,58.356
-81.536,-257.21,157.28
-35.048,-350.28,165.04
-17.767,-325.98,167.57
-110.96,-137.49,34.252
9.4641,-488.35,262.61
-83.709,-214.32,138.27
-68.267,-188.78,112.47
-120.64,-179.83,81.994
15.074,-397.12,217.97
17.907,-431.94,276.73
-93.66,-131.86,85.307
21.112,-522.2,305.92
11.216,-497,295.8
-22.487,-343.75,219.78
33.981,-444.93,243.81
-86.096,-128.07,53.622
0.25676,-393.82,198.89
-139.53,-49.193,38.66
-32.677,-315.91,149.04
-157.87,-50.225,22.008
-70.323,-182.07,80.802
-117.26,-42.531,28.482
-119.6,-35.144,24.224
-89.524,-219.52,138.35
-106.31,-72.895,44.187
-84.376,-146.81,54.991
-98.03,-95.743,55.603
49.333,-486.04,309.44
-89.984,-249.09,146.08
-55.698,-299.51,189.82
16.803,-505.63,274.97
-41.243,-263.73,159.24
23.393,-497.93,262.06
-29.069,-324.93,207.42
38.843,-490.45,258.83
-41.443,-305.38,139.64
20.58,-428.19,272.61
-105.06,-166.96,107.75
42.391,-465.65,293.97
-9.9714,-456.4,258.06
-145.58,-70.323,42.946
4.7494,-461.97,239.24
-82.12,-278.72,158.7
9.2196,-380.19,228.45
-103.59,-223.56,99.204
-17.494,-315.82,183.65
-29.432,-403.72,239.42
-46.088,-278.34,126.48
-103.41,-219.76,123.33
-39.691,-320.12,147.23
-36.816,-299.52,190.36
-16.507,-340.2,170.11
-115.04,-96.655,68.015
-113.03,-76.751,53.795
-76.247,-276.6,167.27
-138.57,-108.53,25.819
49.666,-495.83,267.83
-131.16,-141.82,72.352
22.198,-492.53,310.44
14.686,-481.12,301.12
-86.443,-246.86,149.89
-11.285,-332.54,197.57
37.29,-523.57,278.35
-9.838,-436.11,223.92
-43.617,-378.8,198.78
-65.401,-189.36,105.75
-23.79,-410.3,209.06
-88.663,-198.67,71.197
-154.05,-66.723,28.919
-59.692,-220.97,136.11
-129.98,-86.846,60.188
-21.624,-372.79,179.82
-37.93,-301.97,140.48
22.472,-520.1,312.27
-105.88,-165.48,106.7
-153.19,-64.278,31.146
-19.506,-415.82,254.04
49.06,-470.18,290.44
-103.56,-106.2,23.163
0.52073,-358.47,210.92
60.007,-498.92,313.43
-86.602,-154.81,53.673
-55.531,-350.25,179.79
-155.51,-69.149,18.455
-118.56,-166.19,96.125
-62.03,-224.2,96.826
-37.669,-303.85,141.31
-73.981,-168.75,74.685
-118.96,-121.57,80.902
-7.1403,-220.69,-27.05
-0.21951,-166.38,-30.718
30.602,-261.07,18.91
-20.242,-216.67,-28.937
-23.279,-98.369,-56.582
-69.222,-109.38,-77.359
111.27,-459.69,165.1
-29.575,-139.26,-72.75
-66.059,-106.56,-85.729
-56.746,-126.2,-34.912
117.73,-556.8,198.49
55.23,-402.67,146.82
12.428,-217.36,-13.426
4.6734,-284.89,65.627
-23.377,-127.81,-26.851
-23.498,-214.93,20.106
89.664,-494.76,153.83
82.326,-431.16,169.09
46.728,-392.45,82.098
-33.235,-186.3,3.1914
58.156,-380.91,76.797
84.677,-395.64,118.6
61.979,-397.59,145.77
34.087,-354.79,113.02
33.054,-270.66,22.498
-7.0449,-297.19,44.473
63.651,-449.57,171.68
85.658,-398.45,126.36
91.37,-418.65,122.88
55.39,-447.5,158.94
61.782,-470.8,160.07
15.936,-231.01,30.218
3.4621,-186.64,-28.796
118.7,-481.6,192.21
30.99,-282.61,65.577
-16.018,-152.82,-11.988
95.411,-430.08,129.34
50.718,-309.27,59.898
81.207,-398.07,137.7
-68.043,-81.208,-57.118
-52.977,-131.66,-29.764
77.963,-399.06,99.759
-27.056,-199.67,12.353
-25.154,-215.6,-27.495
82.42,-515.21,181.84
82.95,-392.86,125.06
124.64,-495.45,202.13
88.129,-517.68,176.17
101.58,-486.19,208.9
34.8,-354.49,56.235
21.378,-349.69,100.57
101.89,-542.1,237.21
101.9,-532.8,182.33
15.998,-332.58,90.686
99.536,-497.55,216.14
80.865,-486.37,149.34
29.059,-335.54,101.37
83.291,-521.32,194.29
63.709,-468.27,145.57
-30.309,-224.7,11.842
-52.3,-153.59,-25.646
84.572,-521.04,206.51
96.387,-466.4,194.38
23.605,-239.68,27.94
-32.684,-69.815,-72.097
15.239,-355.85,83.877
61.271,-408.16,152.11
-23.324,-152.82,-64.233
64.683,-476.37,158.34
31.612,-370.8,69.978
-18.741,-154.08,-9.8476
97.804,-555.58,220.58
46.234,-336.28,103.09
-50.667,-168.51,-25.171
-26.831,-84.498,-68.86
59.168,-370.23,72.825
52.15,-328.88,55.101
-16.94,-236.24,32.199
3.9377,-209.15,20.598
124.86,-509.45,220.76
48.44,-406.17,143.81
-41.477,-149.03,-15.448
-17.067,-113.95,-55.933
-51.255,-131.53,-76.838
113.52,-473.88,160.02
113.8,-509.23,225.44
74.831,-501.44,184.67
-17.878,-111.49,-56.497
-60.164,-125.56,-39.46
19.595,-342.03,51.513
94.315,-435.35,166.65
-49.713,-108.23,-92.164
109.91,-460.66,176.9
116.31,-533.92,182.86
58.482,-406.95,91.712
23.12,-374.84,87.89
9.6076,-256.39,52.602
-70.022,-80.68,-59.074
-34.678,-123.29,-26.299
118.11,-559.79,200.72
-25.073,-162.67,-60.459
-34.227,-61.951,-80.839
-42.616,-184.73,-38.403
-13.206,-203.19,19.878
33.195,-280.39,61.643
136.4,-521.63,201.58
32.194,-259.2,32.733
51.39,-352.82,114.57
-19.758,-219.9,-26.825
-4.8322,-302.25,41.76
115.87,-535.27,183.57
-16.793,-203.21,19.06
-59.962,-132.78,-39.127
18.649,-281.9,68.674
9.043,-245.7,45.703
-30.478,-220.5,-17.607
83.863,-477.25,141.1
93.55,-488.63,208.96
17.704,-321.08,88.581
-10.766,-261.41,44.85
6.4447,-242.98,44.218
49.934,-317.95,51.319
29.628,-372.19,114.95
-49.311,-166.86,-47.341
96.103,-539.97,194.1
15.445,-255.91,51.44
-46.843,-183,-28.319
-19.343,-188.84,11.153
83.889,-401.71,109.77
76.744,-504.82,190.88
41.998,-396.29,134.62
29.485,-257.66,40.468
2.3599,-172.97,-21.21
-17.865,-147.95,-62.316
86.927,-414.36,114.44
46.631,-307.3,74.542
79.296,-412.92,104.59
-55.324,-137.63,-31.287
11.832,-204.46,-12.129
58.497,-415.1,97.321
7.3659,-236.24,39.55
88.837,-530.72,213.99
4.9624,-326.78,54.498
32.234,-316.25,33.63
19.354,-287.45,72.162
15.685,-239.19,-6.1532
102.51,-545.11,193.69
86.54,-486.76,204.45
3.4763,-195.95,-28.612
29.162,-290.61,21.1
122.35,-485.88,183.57
66.157,-421.12,101.75
-41.254,-189.86,-34.849
-26.737,-196.58,11.482
125.28,-518.85,230.09
18.398,-364.12,84.713
-38.043,-209.58,-10.031
-29.971,-212.1,-26.742
-18.659,-109.15,-57.237
28.746,-389.83,107.75
39.365,-409.82,105.05
92.416,-500.72,158.09
10.921,-266.9,1.3557
97.473,-488.29,209.9
-70.339,-95.918,-90.684
-46.655,-100.03,-96.24
4.5775,-317.11,72.607
-17.356,-201.97,18.279
-55.433,-93.553,-44.934
-35.728,-95.894,-43.877
-4.8581,-183.12,5.0706
116.62,-473.61,181.88
76.09,-492.41,194.64
44.987,-430.27,133.67
19.943,-366.05,95.381
-37.979,-144.2,-15.822
109.19,-454.79,163.86
8.3086,-286.97,12.905
69.954,-391.5,140.06
-20.322,-259.55,24.812
-19.511,-232.45,-17.426
76.178,-428.21,167.36
94.925,-546.91,222.58
114.44,-469.16,165.15
-15.059,-228.98,31.177
-45.863,-148.08,-18.857
20.228,-232.37,0.83699
96.03,-530.56,227.72
-13.665,-149.27,-16.499
-41.251,-150.39,-14.797
52.8,-399.49,144.05
-56.408,-152.16,-35.986
-47.246,-177.25,-38.306
35.008,-350.37,111.34
104.31,-453.1,144.2
-43.485,-110.6,-33.636
43.526,-406.83,96.173
41.724,-412.08,104.15
-29.847,-221.12,13.312
11.139,-233.89,-12.026
100.83,-473.08,144.18
-43.011,-127.78,-25.076
-15.483,-121.48,-44.546
106.25,-539.84,186.98
1.5024,-303.8,67.303
-18.231,-153.28,-60.977
-45.544,-164.42,-14.666
8.6115,-334.13,56.623
10.46,-327.65,82.687
-16.274,-222.63,27.956
-31.593,-119.54,-81.719
47.543,-349.77,112.98
6.1052,-331.78,61.569
18.117,-219.3,7.3541
-66.814,-114.49,-51.484
101.9,-437.51,152.47
-54.8,-155.75,-49.242
57.397,-427.72,107.45
-50.974,-120.76,-31.715
-28.407,-83.678,-82.836
21.997,-232.48,6.5426
23.186,-360.27,66.475
94.542,-528.43,225.43
141.17,-537.07,207.39
39.834,-393.59,131.58
-14.223,-183.48,-47.083
8.1271,-266.1,58.174
30.585,-282.22,19.865
55.049,-448.72,157.74
-10.362,-248.97,-9.1992
-64.885,-98.524,-93.685
-18.737,-132.47,-66.75
96.012,-548.2,207.04
75.221,-419.54,104.15
-16.233,-135.43,-26.402
-5.9365,-289.18,54.518
42.829,-329.97,99.174
94.432,-540.95,198.14
54.458,-453,150.51
54.902,-449.08,133.67
-11.752,-138.9,-29.32
19.99,-368.2,91.038
32.141,-282.66,64.776
94.992,-453.92,132.28
18.166,-311.77,84.916
113.48,-506.41,167.12
-38.316,-99.043,-93.334
8.9931,-331,79.906
43.008,-306.3,78.202
63.89,-474.86,158.14
57.159,-455.1,160.72
128.17,-529.25,238.35
68.765,-426.82,105.77
28.596,-388.41,109.48
-53.755,-145.2,-28.295
70.77,-443,116.75
-30.985,-227.92,-5.8042
73.688,-488.64,190.43
63.923,-382.49,81.045
20.504,-351.45,99.685
9.5213,-202.31,7.6917
-16.575,-270.99,28.182
57.883,-412.14,152.83
30.524,-263.49,18.165
0.48095,-260.67,52.947
15.641,-357.04,83.845
106.46,-561.14,207.78
85.904,-417.5,113.13
11.544,-344.32,81.163
102.28,-477.13,146.88
84.998,-511.34,209.76
10.059,-337.45,80.667
72.146,-365.97,93.499
-31.948,-69.809,-86.978
-46.613,-150.69,-65.106
61.447,-456.67,169.77
12.342,-243.69,-7.9186
111.41,-555.52,198.81
73.762,-424.03,105.64
-41.501,-153,-65.775
119.19,-491.25,169.31
-48.773,-84.998,-103.96
-17.748,-245.76,-7.299
31.425,-391.73,117.23
-66.378,-82.077,-55.513
-7.8929,-293.46,35.223
68.881,-436.12,111.92
11.38,-315.18,33
87.464,-410.81,144.99
17.902,-318.18,32.986
58.436,-329.99,80.003
-31.841,-221.05,-14.349
106.46,-493.41,214.05
-53.013,-90.896,-101.87
15.999,-352.55,90.953
67.272,-473.93,147.61
-5.6593,-283.16,54.879
57.177,-448.3,128.58
48.863,-419.51,104.77
28.848,-281.43,17.91
111.82,-468.04,157.57
52.019,-336.56,56.02
-30.71,-225.25,-11.138
62.379,-453.03,128.46
45.553,-324.97,46.232
-57.905,-134.38,-35.425
73.396,-390.92,92.564
-37.291,-101.11,-91.951
72.929,-367.91,107.76
31.152,-275.04,19.248
55.578,-351.52,111.89
37.988,-283.38,58.558
31.913,-259.79,24.306
-23.066,-217.24,-27.38
41.075,-313,38.519
29.346,-252.53,20.021
-40.284,-91.918,-44.874
60.655,-356.74,113.43
-31.333,-198.02,8.2
-51.829,-73.355,-54.47
8.6709,-315.03,78.485
13.754,-326.22,41.135
48.188,-437.93,134.5
31.545,-378.29,118.41
58.133,-352.16,110.87
71.463,-478.27,186.71
30.742,-311.39,87.671
-56.844,-152.17,-38.369
20.766,-310.54,85.454
88.864,-409.12,120.31
77.703,-387.84,129.6
34.692,-377.42,74.147
-5.4301,-290.44,55.398
-40.084,-62.253,-67.688
-20.018,-228.69,27.227
-24.132,-112.71,-76.596
-24.15,-96.519,-75.248
123.49,-491.75,198.22
-60.884,-62.973,-60.826
81.405,-492.86,202.16
129.73,-503.14,197.88
-25.946,-152.89,-65.31
72.611,-406.48,96.805
86.821,-400.75,124.26
-72.399,-88.764,-95.028
-38.676,-141.07,-73.619
70.626,-456.59,180.48
105.88,-526.46,234.61
-42.044,-194.65,-26.357
19.58,-224.14,12.599
24.338,-378.51,91.714
25.564,-270.36,11.708
103.02,-441.51,146.4
80.507,-491.18,154.08
-19.562,-158.28,-6.77
-61.796,-92.436,-99.759
66.1,-458.38,131.1
102.38,-443.2,142.47
-71.145,-90.602,-58.688
-65.063,-120.08,-48.47
-27.563,-201.59,12.593
64.206,-350.08,100.79
18.951,-323.44,36.585
-18.785,-245.41,32.103
70.733,-469.32,184.41
-36.054,-207.98,-22.568
22.246,-249.75,42.143
75.334,-386.13,130.73
-1.4014,-301.7,62.293
17.243,-236.34,34.091
-4.4565,-171.77,-42.447
73.699,-454.44,124.94
6.9126,-221.18,28.543
-23.486,-247.54,3.5986
98.419,-429.24,147.14
-7.6022,-274.67,10.432
94.31,-547.37,215.26
-14.683,-199.05,17.408
83.974,-393.77,118.8
-47.512,-118.59,-86.266
46.414,-433.86,134.88
-45.599,-163.53,-14.878
73.643,-478.5,146.06
-29.688,-221.87,-17.303
52.018,-338.37,102.11
28.162,-318.14,33.214
15.696,-356.65,85.8
1.7059,-238.45,41.467
45.807,-296.78,58.407
82.881,-513.88,178.55
-23.69,-276.11,58.878
111.71,-530.43,194.73
47.131,-357.92,107.84
-0.13529,-365.96,99.52
-39.063,-121.05,-34.479
-26.235,-225.57,35.977
-38.919,-254.26,35.412
15.946,-316.79,93.352
15.308,-357.99,117.89
56.651,-458.86,188.18
5.2881,-276.65,16.26
43.099,-348.06,78.366
50.761,-480.63,188.9
40.312,-340.07,95.423
-60.574,-102.16,-35.513
106.74,-545.8,196.16
85.461,-449.29,153.05
-2.4876,-361.88,82.069
105.02,-523.65,236.69
58.145,-473.11,141.02
18.103,-326.71,100.12
-23.261,-300.31,61.991
22.912,-426.44,129.05
39.386,-438.97,167.26
67.365,-407.24,140.74
116,-533.39,201.15
59.874,-476.81,198.29
-33.465,-211.72,-29.998
119.27,-528.92,210.64
-14.531,-187.53,-20.495
-36.604,-150.69,-57.365
25.056,-431.86,136.02
-15.872,-273.18,6.9123
81.55,-545.17,196.32
50.004,-390.58,91.842
-50.597,-219.69,15.282
75.167,-496.98,157.57
-33.014,-153.91,-52.941
-56.492,-144.23,-12.406
-43.494,-227.38,26.344
15.668,-273.78,51.498
-28.571,-143.78,-28.368
42.691,-456.41,174.87
43.619,-452.6,129.06
-47.4,-89.712,-78.638
5.5298,-339.88,49.616
-47.178,-172.17,3.7232
80.208,-562.22,225.05
97.855,-529.06,242.17
58.862,-500.7,202.63
29.744,-334.72,56.08
-3.3234,-360.53,90.255
89.475,-471.88,194.73
-54.492,-187.6,-41.219
67.032,-531.16,209.84
65.819,-477.78,202.35
-39.623,-113.33,-42.527
-90.601,-82.821,-56.076
3.6716,-325.92,96.978
59.299,-383.79,111.81
29.323,-332.28,55.041
79.448,-439.39,139.96
34.34,-322.65,64.9
66.384,-519.68,215.3
-63.441,-123.88,-24.089
-85.703,-91.045,-49.24
95.024,-544.99,192.24
-53.495,-149.82,-65.659
49.206,-474.56,186.19
-59.178,-166.02,-4.9072
-49.05,-198.62,-35.755
109.04,-513.54,222.62
-32.7,-280.29,28.129
-61.245,-63.329,-62.886
-0.53316,-295.31,21.343
-51.18,-102.43,-83.63
77.811,-516.05,171.54
-61.075,-171.75,-49.492
-88.545,-99.801,-86.54
46.828,-481.49,178.99
-77.591,-68.728,-54.414
9.2189,-379.63,83.149
-23.424,-237.54,-14.554
-61.668,-181.5,-4.0869
110.77,-539.19,196.16
77.394,-546.01,201.72
-60.005,-191.98,-32.073
9.6897,-263.16,19.857
70.155,-538.59,208.01
-39.477,-122.55,-65.622
59.206,-454.25,186.83
-20.726,-273.35,60.429
5.8299,-363.71,111.73
51.891,-387.32,137.2
-77.792,-150.03,-36.87
32.467,-356.9,119.81
-20.322,-204.24,-27.733
18.082,-300.4,35.324
-8.1484,-283.19,13.194
7.2164,-287.22,21.358
7.1953,-273.92,62.819
39.39,-465.9,163.05
78.914,-471.47,144.86
-3.7878,-309.89,30.009
-27.94,-175.81,-42.601
-43.117,-253.48,20.619
-38.633,-201.33,20.418
64.076,-524.73,200.66
-84.081,-92.832,-47.335
41.925,-443.9,121.86
72.651,-430.16,164.18
-50.671,-80.804,-84.632
43.891,-454.14,176.02
50.577,-421.92,105.87
13.207,-377.6,123.38
53.809,-391.66,140.08
69.655,-534.63,218.22
-10.227,-319.32,40.003
-23.69,-254.27,-4.5361
12.12,-384.01,84.745
59.506,-389.57,106.39
91.346,-467.29,160.4
-9.0685,-280.04,11.261
117.17,-528.9,231.12
-34.037,-276.35,40.952
9.0324,-270.73,58.387
63.978,-464.9,194.55
101.38,-487.97,179.2
65.35,-437.28,175.55
85.718,-454.95,150.47
-85.991,-92.357,-94.997
-36.091,-139.92,-19.841
-92.683,-94.394,-86.198
100.12,-500.59,216.96
-63.72,-190.03,-26.642
83.597,-472.9,199.91
65.743,-526.82,210.19
73.775,-419.49,136.07
7.3291,-368.18,72.773
-51.678,-137.08,-15.523
-2.7231,-321.25,37.882
46.881,-400.93,93.541
-54.309,-196.06,-34.489
-27.988,-143.8,-41.289
98.69,-489.41,205.24
26.955,-436.48,137.58
-66.889,-118.97,-83.211
70.43,-496.55,214.03
-19.272,-310.92,68.871
7.9682,-389.56,107.98
-43.197,-217.74,24.22
-59.505,-143.44,-69.354
13.897,-301.15,31.381
-27.942,-238.55,-14.127
-22.097,-160.47,-24.686
-25.74,-171.29,-1.6801
13.067,-277.55,25.523
72.485,-526.21,183.39
77.131,-554.86,219.33
34.779,-409.42,95.893
77.811,-505.6,222.53
76.426,-442.44,134.11
71.469,-542.05,212.94
36.704,-394.41,145.37
-34.932,-222.6,-23.461
85.013,-458.93,148.52
124.33,-538.87,226.9
122.85,-536.82,230.31
-92.725,-99.326,-80.017
12.524,-295.38,77.961
-30.231,-150.66,-16.307
73.531,-520.58,225.5
32.145,-403.81,148.39
63.553,-523.15,197.02
-64.926,-76.587,-50.788
22.868,-331,102.35
39.333,-333.1,83.366
-29.117,-231.26,38.053
-4.2077,-216.03,-1.4141
21.203,-284.83,51.263
8.6183,-256.75,42.985
85.674,-477.7,203.35
44.184,-460.05,177.42
43.143,-448.43,125.38
2.0991,-372.41,86.99
65.704,-471.33,139.36
27.473,-397.51,88.159
-12.797,-307.81,31.514
-25.56,-150.32,-35.423
60.792,-485.69,150.84
110.58,-520.27,229.16
25.759,-399.28,141.99
-35.049,-200.84,21.123
15.378,-406.01,124.97
19.455,-315.36,91.17
112.51,-511.6,201.81
-30.865,-162.62,-4.8534
67.908,-444.26,180.59
75.987,-552.7,221.34
-77.793,-140.65,-59.98
-55.474,-101.48,-87.577
49.116,-488.53,180.69
-34.028,-204.21,23.095
-64.424,-107.61,-89.086
-5.0991,-285.64,73.147
-29.461,-146.68,-21.945
94.426,-543.16,249.96
69.433,-525.5,185.78
102.31,-490.74,180.3
-19.962,-242.43,-11.313
82.762,-440.8,153.18
34.163,-434.75,118.1
48.076,-486.95,176.19
-63.187,-193.66,-10.728
-0.11687,-258.36,5.9778
67.769,-474.61,141.8
-24.429,-153.86,-26.805
14.236,-267.79,30.923
20.784,-388.13,133.9
59.021,-393.99,104.33
113.46,-517.02,219.43
4.6446,-352.76,107.95
-71.849,-84.225,-45.599
-59.756,-202.61,-18.434
-76.477,-143.23,-59.321
8.3814,-385.93,115.06
58.694,-512.12,192.03
62.595,-396.68,111.9
61.941,-432.13,116.62
64.125,-487.52,205.79
76.484,-553.85,223.15
27.846,-401.35,144.43
101.61,-533.76,245.6
-9.663,-312.51,82.578
-4.5205,-312.15,31.699
1.4533,-356.11,104.71
47.961,-357.4,104.39
-26.598,-295.11,35.033
-0.059666,-260.5,55.742
-7.677,-237.98,-6.7645
-36.351,-270.2,36.711
104.3,-546.74,195.5
-47.883,-117.97,-28.963
-88.97,-115.17,-66.231
-44.091,-248.05,23.67
-4.0007,-219.39,-2.6548
-46.726,-221.79,21.397
46.913,-467.53,141.93
-12.194,-271.37,5.8999
-43.114,-101.45,-70.663
-56.204,-108.05,-85.719
34.49,-394.25,144.65
52.077,-394.34,94.966
-43.497,-127.8,-69.83
-7.4603,-345.16,65.983
-65.113,-107.43,-89.313
12.518,-268.68,25.127
13.974,-264.96,38.26
-55.587,-78.234,-55.33
-37.74,-266.53,20.107
-81.582,-120.53,-38.786
105,-493.71,195.58
100.09,-554.9,199.46
5.8733,-378.84,87.711
-28.262,-189.86,14.231
-6.7205,-260.24,2.0061
66.248,-400.63,126.66
40.367,-466.91,167.17
-25.978,-150.22,-26.67
116.96,-557.79,208.15
1.5344,-338.81,50.035
-76.049,-128.5,-30.549
-68.638,-176.3,-19.099
61.378,-518.41,197.24
-55.929,-135.6,-73.406
55.309,-389.44,136.39
-90.605,-110.23,-58.64
-70.011,-171.14,-20.723
-24.753,-156.22,-37.932
-58.92,-156.89,-7.9683
5.0737,-372.8,80.653
112.51,-525.58,195.26
-6.4817,-344.92,63.537
-60.262,-122.21,-80.97
80.338,-558.07,214.5
-38.95,-112,-62.186
-41.631,-128.33,-24.944
-47.428,-111.17,-77.739
41.932,-386.03,140.1
11.518,-324.79,98.781
102.49,-511.18,226.21
121.62,-553.52,211.52
58.51,-410.2,154.81
-16.786,-256.41,54.545
85.222,-448.51,152.89
-17.584,-177.58,-25.33
-27.683,-287.26,26.261
-56.218,-185.53,3.2733
-43.583,-102.34,-72.183
-71.987,-89.458,-42.921
-48.026,-93.133,-50.416
84.833,-539.02,242.06
-21.491,-286.13,63.7
-14.68,-323.49,49.829
10.012,-383.11,119.47
-34.517,-247.12,40.516
-14.466,-183.34,-14.98
-32.202,-145.47,-18.956
13.947,-394.16,94.392
70.682,-518.52,176.66
10.744,-256.53,27.182
65.219,-510.85,172.94
-55.468,-181.77,-45.112
-47.757,-218.42,19.554
-35.124,-181.76,10.221
-48.625,-79.769,-76.545
109,-512.99,221.95
57.017,-425.12,167.48
19.184,-382.28,130.52
33.57,-450.67,155.55
24.425,-311.23,84.002
-62.457,-95.698,-39.19
-46.415,-177.87,6.6869
-67.864,-179.54,-30.064
-52.297,-94.162,-86.623
100.18,-566.81,208.12
-23.394,-156.4,-28.674
52.372,-405.91,153.46
50.017,-470.9,186.87
-87.517,-114.99,-71.573
64.486,-413.66,153.97
1.3302,-252.42,47.907
17.471,-282.41,33.641
-32.436,-247.69,42.589
-20.971,-213.99,-24.771
4.1997,-365.31,72.874
-28.195,-142.13,-34.497
69.752,-439.97,176.34
-13.833,-186.24,-6.476
-40.068,-258.8,13.857
20.44,-392.81,86.948
-89.208,-107.01,-78.005
-45.23,-237.66,-4.0331
81.784,-479.5,206.05
76.425,-509.9,223.88
-68.871,-172.63,-38.495
-4.4148,-212.73,5.1674
-19.544,-181.24,-30.933
31.5,-340.16,106.28
16.534,-320.95,40.737
62.707,-447.81,124.56
19.922,-412.69,109.64
-85.097,-81.426,-51.782
2.3986,-303.46,26.477
-14.712,-292.75,20.3
-36.441,-172.01,4.2694
55.716,-503.23,178.75
0.98804,-345.83,56.294
-54.782,-219.91,-2.0693
94.778,-479.66,165.26
39.257,-464.33,165.19
10.996,-259.25,40.44
15.676,-408.39,122.58
28.287,-378.72,75.101
-25.926,-172.02,-0.8522
5.1235,-382.4,99.457
-3.5239,-241.11,-1.7789
-36.02,-261.39,40.481
6.4113,-366.41,71.79
-73.161,-155.75,-24.208
-14.944,-330.66,65.904
-80.711,-128.42,-68.577
103.02,-562.9,205.19
30.84,-369.66,70.63
11.133,-395.24,117.98
-33.166,-266.85,45.428
78.431,-533.93,234.3
62.102,-501.61,207.75
97.652,-536.76,187.42
15.478,-300.81,80.997
-26.562,-284.74,21.715
96.763,-485.75,203.09
75.244,-422.59,141.38
69.214,-422.66,121.66
-24.131,-170.4,-38.861
-58.364,-146.99,-11.778
84.571,-561.17,211.66
26.482,-433.41,143.65
-61.128,-180.79,-41.737
-26.324,-270.83,54.869
-103.39,-115.44,-75.218
-1.3322,-344.22,114.17
79.678,-549.28,198.07
9.3243,-443.41,147.71
11.595,-424.06,111.35
-2.8012,-401.52,135.06
1.7389,-299.6,43.715
30.664,-489.98,167.95
32.634,-439.57,178.78
23.385,-443.75,175.4
81.301,-512.47,230.1
-15.226,-288.74,23.214
93.771,-539.87,249.44
19.947,-466.83,170.25
6.2426,-318.11,91.417
-31.192,-278.71,12.999
-21.207,-356.01,70.987
-18.9,-310.49,32.958
-51.733,-134.49,-46.06
-59.998,-259.42,34.813
91.086,-514.97,197.3
24.015,-471.95,153.07
19.695,-438.96,170.47
-38.527,-297.79,72.65
-37.457,-249.63,-4.1711
-80.197,-204.6,-5.0848
-10.541,-388.17,95.642
30.832,-367.84,95.442
-84.831,-170.18,-45.011
-52.412,-211.66,30.163
-45.556,-171.63,1.0132
-12.485,-258.31,19.343
-36.589,-180.61,-19.862
-62.513,-146.2,-8.4759
-8.1116,-346.54,56.053
-74.917,-178.09,5.2739
54.472,-473.89,204.62
2.7325,-368.3,129.01
-47.794,-200.04,-31.166
-14.727,-376.46,86.934
8.1892,-429.25,153.75
-16.753,-372.53,110.27
-20.76,-292.71,80.609
54.601,-424.59,137.68
-46.917,-255.59,-0.32318
81.589,-519.02,183.86
21.217,-424.69,165.96
2.3373,-391.44,139.22
-15.278,-268.98,62.55
-88.737,-142.19,-64.8
-30.377,-343.76,76.727
-85.865,-111.06,-84.646
4.7515,-316.53,91.2
-76.79,-67.68,-61.354
70.285,-522.39,239.05
-22.806,-220.69,4.4994
70.025,-462.83,182.11
37.145,-480.58,149.91
66.363,-513.74,172.79
37.411,-508.81,199.14
5.6711,-391.29,141.6
84.556,-521.9,237.32
37.702,-396.35,105.37
60.128,-481.45,210
-66.076,-104.11,-39.409
37.101,-381.18,122.33
1.987,-333.45,52.097
-75.095,-202.47,10.641
-43.595,-156.53,-26.385
-42.999,-158.4,-26.071
-23.313,-231.94,34.974
11.105,-337.15,61.171
-60.922,-161.1,0.86361
-87.812,-180.33,-26.933
-70.06,-76.828,-65.37
-107.57,-94.756,-47.151
-42.89,-289.92,25.32
-58.8,-124.36,-61.203
47.402,-533.94,210.44
28.335,-367.2,89.481
-78.546,-156.49,-4.9397
78.468,-483.67,176.69
20.822,-459.82,175.25
-3.1388,-285.62,35.351
50.174,-443.26,181.18
-48.347,-275.16,16.34
47.454,-413.33,151.47
21.967,-470.75,155.96
-32.224,-336.04,81.914
-50.296,-188.53,16.572
72.287,-557.9,204.77
-36.338,-250.08,-3.6657
0.57324,-320.49,46.241
-73.307,-224.33,0.39646
19.98,-453.89,173.8
62.856,-521.34,177.37
28.161,-394.65,94.508
-85.333,-65.995,-55.185
-64.992,-227.7,-12.177
20.954,-362.92,123.42
30.712,-433.89,115.49
-82.797,-155.05,-8.1912
15.079,-370.2,131.69
-23.96,-275.11,69.622
4.7251,-407.65,100.21
13.625,-447.88,161.94
59.11,-521.23,177.64
-60.927,-183.24,-43.439
43.696,-395.91,122.77
-27.703,-239.13,45.054
-49.092,-150.6,-15.604
55.811,-448.05,182.61
-51.824,-215.62,32.343
-105.77,-122.36,-44.221
-43.683,-300.27,64.528
-44.243,-288.13,63.77
2.9616,-416.49,111.34
36.716,-469.6,140.72
54.937,-432.33,134.97
-65.828,-105.25,-73.368
28.462,-402.23,97.786
-97.992,-135.94,-29.054
-22.562,-273.19,12.597
-34.217,-331.24,78.1
0.74916,-412.63,140.94
27.59,-356.45,104.12
79.878,-536.38,190.54
-44.838,-269,58.694
-46.731,-149.99,-22.079
-10.03,-394.42,118.27
16.781,-430.94,114.86
-54.682,-165.95,-48.134
66.24,-461.64,153.96
29.096,-361.49,93.912
60.038,-460.11,191.76
5.8777,-405.72,147.06
40.955,-412.45,157.54
-67.873,-240.33,17.332
-7.5377,-307.79,35.659
-111.98,-94.017,-53.435
-110.19,-95.88,-50.437
54.56,-422.71,147.87
45.81,-529.25,212.17
-22.377,-299.02,25.797
-39.103,-316.11,50.563
55.069,-479.63,149.34
-86.466,-93.614,-93.356
75.03,-513.66,176.72
-22.473,-319.17,93.375
17.787,-352.39,115.6
-12.965,-384.4,95.33
11.166,-447.83,151.04
-13.358,-385.68,113.11
-7.2456,-320.65,41.499
-55.959,-122.86,-54.316
-76.813,-119.43,-22.729
60.179,-451.82,143.7
-16.098,-351.82,109.9
-46.602,-286.38,25.759
54.586,-477.83,207.36
-118.79,-86.498,-71.513
5.7332,-417.95,109.81
-30.413,-208.5,-11.802
94.26,-517.07,208.11
43.358,-405.84,147.85
-9.1503,-285.64,73.058
-18.243,-368.04,107.93
-66.923,-85.256,-63.429
32.345,-494.17,192.97
54.735,-432.13,165.47
-52.786,-139.34,-50.581
-2.5853,-316.47,95.191
-57.619,-230.13,-14.912
74.716,-481.6,168.38
-51.492,-258.14,3.707
13.569,-439.5,162.95
44.891,-526.94,210.9
5.018,-372.3,73.246
61.479,-495.91,220.32
77.849,-487.85,205.81
66.339,-551.28,201.28
-81.954,-126.47,-19.512
-14.674,-383.59,100.52
-44.036,-176.43,-34.97
36.113,-410.48,106.67
-57.527,-270.1,29.76
-90.638,-163.46,-16.468
-95.584,-158.43,-33.174
-29.378,-199.7,3.1236
33.561,-428.13,171.92
14.705,-346.93,67.425
-20.775,-225.91,8.6815
16.982,-396.09,89.749
36.431,-471.42,142.26
-44.964,-273,59.793
-98.042,-134.81,-29.173
-60.123,-144.91,-10.335
-70.716,-184.65,-42.204
-77.486,-100.39,-34.477
71.036,-552.36,200.46
1.1527,-398.16,140.12
10.611,-438.22,157.49
-39.004,-319.97,58.085
-39.234,-170.86,-22.546
85.439,-510.62,224.94
5.5022,-308.11,81.191
36.519,-417.93,109.76
-20.306,-235.56,34.643
-61.221,-185.26,-42.427
58.21,-559.26,229.91
9.2677,-373.41,74.766
-0.23022,-416,137.47
-10.036,-278.45,67.237
68.044,-468.93,156.98
1.6422,-424.42,135.8
-71.973,-228.99,7.3278
-101.92,-79.084,-47.906
75.413,-495.29,216.81
-40.521,-166.88,-24.618
33.136,-402.04,152.22
-21.678,-339.2,100.82
51.059,-425.57,128.1
-58.341,-217.51,-23.427
1.3925,-286.68,49.266
46.516,-409.72,147.96
-13.941,-365.99,73.789
-11.714,-274.93,65.319
-61.755,-184.44,-42.936
51.59,-531.25,191.87
-22.667,-363.85,92.304
26.472,-464.25,184.22
53.137,-422.38,153.49
-69.018,-155.04,-2.5323
-80.274,-195.74,-24.921
34.458,-419.53,109.11
-17.474,-316.38,36.639
9.3378,-307.55,65.984
-3.0587,-399.16,134.62
30.418,-440.13,119.52
94.764,-517.92,214.99
-72.905,-173.21,4.7589
-86.9,-155.52,-55.698
-4.3575,-371.32,126.54
-33.466,-282.73,71.493
-48.765,-294.42,48.803
85.935,-545,197.94
18.14,-414.78,159.56
-44.273,-268.09,58.848
-55.685,-186.41,-40.5
8.3041,-428.16,154
27.65,-355.57,100.4
52.079,-509.6,223.38
76.02,-482.28,170.92
-44.513,-214.31,-23.532
-46.632,-209.11,29.197
-30.479,-330.76,87.726
-72.571,-169.96,-51.245
-11.56,-318.28,97.048
41.888,-519.07,207.07
-19.066,-229.57,20.757
-36.806,-195.55,-22.696
-4.7374,-392.43,92.608
-35.633,-228.85,40.411
-18.279,-233.38,26.225
-1.7481,-332.17,106.37
50.213,-415.71,128.72
38.29,-474.64,144.43
56.107,-446.77,181.08
-45.883,-220.04,35.709
-27.229,-239.3,-2.9648
-20.205,-232.18,30.059
44.353,-470.73,141.21
-101.09,-141.26,-45.896
-75.475,-73.267,-57.522
-85.295,-173.08,-7.0093
-11.348,-284.55,73.383
76.707,-541.04,192.23
-72.9,-72.867,-62.516
-26.392,-209.96,12.104
42.681,-406.76,149.86
-23.852,-298.96,25.618
52.435,-527.84,228.67
-21.772,-245.54,4.2318
-7.5449,-294.56,79.721
63.693,-449.43,174.41
-75.529,-213.72,8.4331
-18.933,-257.56,55.115
-51.449,-276.43,21.432
-13.354,-246.73,33.352
77.014,-477.06,188.39
-23.305,-344.91,99.834
-81.341,-122.34,-21.428
-34.148,-184.9,-9.7805
-72.449,-160.54,-56.821
66.822,-487,159.78
56.976,-552.72,214.24
-11.214,-361.29,67.713
-62.5,-162.78,2.0479
-40.121,-190.33,-27.846
-78.954,-203.3,2.6283
-36.902,-205.22,-21.218
-44.534,-303.08,60.847
23.195,-378.72,84.8
26.388,-352.44,98.738
-52.259,-165.91,-46.194
62.191,-521.65,177.62
-53.037,-258.76,47.834
-37.844,-223.85,37.505
-67.387,-220.95,-16.075
54.195,-423.48,152.21
40.663,-471.36,199.08
-65.867,-170.47,6.07
62.803,-561.95,216.77
50.516,-538.5,205.18
3.718,-384.76,137.54
74.347,-469.82,179.75
-45.788,-156.06,-15.481
50.687,-419.01,128.5
-110.09,-93.316,-50.536
19.986,-341.9,76.04
-115.94,-94.46,-74.609
-26.428,-209.31,10.855
-90.107,-78.392,-45.884
-92.633,-71.005,-50.034
-55.688,-265.12,44.18
-77.795,-107.9,-29.566
-38.058,-173.27,-15.087
-68.3,-129.98,-17.593
69.641,-522.1,238.71
-48.721,-294.69,47.625
-24.3,-344.37,98.28
68.387,-539.12,190.35
-11.389,-298.94,84.387
77.009,-526.63,184.08
-2.4636,-365.68,125.37
87.92,-514.72,190.73
13.756,-331.88,64.347
43.378,-466.04,197.51
-72.639,-212.18,15.024
64.116,-500.79,223.92
37.139,-496.08,165.9
-109.01,-115.62,-52.299
60.04,-492.01,158.11
-37.596,-323.47,59.746
38.08,-412.38,159.11
-45.994,-261.58,3.6852
14.878,-347.52,113.07
11.179,-447.43,144.43
6.3951,-304.48,53.348
-59.127,-264.81,24.023
16.95,-347.14,70.246
-9.7252,-339.51,109.27
31.481,-365.93,100.25
-87.418,-138.83,-16.949
-86.338,-115.94,-25.745
-37.988,-322.37,70.283
-80.704,-144.17,-65.954
94.021,-519.33,203.71
-85.219,-185.98,-26.467
50.275,-535.57,223.79
44.658,-524.43,212.94
-48.652,-292.76,52.946
19.215,-365.21,126.5
89.57,-551.16,202.96
46.375,-467.73,139.66
10.623,-416.79,105.25
-32.072,-221.74,33.514
33.002,-443.47,121.95
-29.873,-226.78,-8.8116
-110.13,-110.6,-68.27
-30.61,-257.9,58.876
-99.003,-131.55,-30.863
34.954,-400.07,102.45
14.82,-328.04,67.312
59.962,-561.44,222.96
-73.327,-210.74,13.84
-111.46,-108.74,-65.727
16.354,-460.06,160.92
72.791,-502.21,224.33
-52.78,-131.96,-48.373
31.683,-389.73,141.76
80.912,-532.27,246.8
-36.149,-180.86,-18.14
-0.14943,-388.29,85.515
-105.22,-110.28,-77.932
-77.824,-211.79,-2.0276
-11.934,-250.45,24.89
15.323,-329.94,67.973
-31.31,-196.27,4.9729
-87.454,-166.47,-10.77
90.712,-197.78,-46.246
77.516,-144.83,-40.492
112.98,-237.91,9.0793
79.835,-197.03,-54.76
46.516,-80.977,-68.549
24.77,-97.494,-112.34
179.28,-440.74,156.71
64.897,-115.81,-89.093
30.307,-91.702,-117.22
20.053,-121.63,-71.901
204.5,-537.96,179.07
122.78,-397.92,115.48
98.14,-193.34,-23.78
78.629,-279.91,30.951
42.915,-116.52,-46.756
52.534,-210.09,-15.99
181.04,-475.65,132.17
143.85,-423.25,146.4
144.05,-372.55,58.3
42.42,-181.52,-32.786
151.29,-357.38,61.359
157.13,-375.67,109.31
126.69,-391.15,118.85
104.76,-349.88,80.138
116.75,-247.12,12.54
84.44,-288.41,5.8517
134.83,-445.92,136.44
155.15,-380.19,116
168.95,-396.31,114.49
133.82,-442.63,121.51
147.05,-462.72,123.91
84.595,-217.27,12.926
87.088,-163.08,-38.683
180.04,-466.6,181.23
98.47,-270.8,45.82
50.806,-141.8,-32.653
173.25,-407.59,121.04
126.79,-288.54,49.751
145.94,-384.21,122.89
5.1554,-76.899,-92.451
22.537,-127.11,-66.044
162.4,-375.31,89.714
47.806,-194.78,-22.991
74.865,-197.75,-56.218
169.29,-504.31,149.37
151.56,-375.38,113.92
185.05,-480.58,191.47
177.48,-503.48,147.66
160.13,-480.07,185.01
133.1,-333.44,33.748
98.968,-345.05,63.233
167.5,-539.51,203.46
190.97,-515.5,159.07
93.161,-327.93,53.624
159.24,-493.13,188.8
173.17,-468.99,124.32
99.289,-330.19,69.459
166.15,-513.22,159.57
154.74,-455.8,113.26
54.916,-218.58,-27.492
29.299,-148.31,-64.254
161.05,-516.06,170.39
155.73,-459.13,171.93
95.003,-222.59,14.548
36.005,-52.783,-84.012
104.67,-347.67,45.482
126.99,-402.86,122.73
70.726,-129.04,-79.805
152.28,-466.6,123.59
129.98,-353.19,41.821
48.089,-144.29,-32.524
177.53,-548.35,186.25
112.21,-326.79,80.408
35.961,-161.76,-64.299
44.537,-65.677,-79.401
150.02,-346.15,59.615
137.65,-304.9,44.822
59.762,-231.39,-4.2834
71.67,-197.6,0.26717
181.34,-498.67,205.69
120.24,-402.1,108.89
31.076,-144.09,-49.387
56.941,-93.878,-65.952
46.962,-113.29,-103.88
188.88,-451.8,152.49
170.27,-502.73,203.39
156.75,-494.43,148.7
55.654,-91.663,-66.647
19.361,-120.67,-77.502
118.78,-324.67,22.485
156.04,-423.24,150.71
46.936,-87.086,-113.54
172.78,-445.32,165.59
202.45,-512.85,167.45
154.01,-385.5,71.482
116.03,-364.21,51.477
78.181,-248.66,25.547
4.3632,-76.388,-95.121
32.062,-115.5,-52.206
204.82,-541.24,180.85
71.204,-139.65,-78.562
36.127,-43.483,-91.369
54.891,-170.86,-72.176
56.312,-196.46,-9.3663
101.3,-267.06,44.01
204.42,-501.44,195.22
106.74,-239.65,21.534
116.85,-343.9,91.255
80.391,-200.47,-53.04
89.416,-291.73,4.3937
202.26,-514.41,167.67
53.905,-197.2,-12.047
22.07,-127.36,-77.766
86.987,-274.3,41.542
77.101,-237.01,20.511
67.67,-206.47,-51.485
176.15,-457.47,120.02
154.71,-484.48,180.35
91.207,-316.27,53.882
67.871,-256.52,7.3187
74.767,-234.78,18.081
133.65,-294.34,41.455
106.86,-367.65,77.659
47.297,-153.65,-81.67
183.33,-526.96,164.88
83.156,-246.34,27.895
45.965,-173.23,-66.069
50.378,-182.4,-18.69
163.13,-378.99,101.04
156.48,-498.78,154.59
115.98,-392.12,98.606
100.23,-241.13,26.536
77.354,-152.9,-31.809
72.242,-123.65,-74.735
167.99,-391.17,105.44
115.64,-291.93,59.717
166.29,-389.09,93.185
23.689,-132.81,-69.15
92.182,-181.97,-21.877
154.34,-394.59,75.378
75.248,-227,15.357
164.37,-525.95,178.05
100.08,-315.33,18.149
127.8,-292.51,17.136
87.916,-280.21,44.309
105.34,-214.66,-17.939
190.5,-529.88,167.66
150.71,-483.34,172.89
90.511,-171.71,-39.365
121.89,-266.15,7.4089
188.77,-467.14,175.76
160.44,-399.35,82.764
56.145,-176.23,-68.949
47.321,-191.6,-23.25
180.62,-509.85,212.76
109.85,-354.69,47.19
53.897,-200.54,-48.479
69.395,-196.02,-57.973
54.522,-89.502,-67.482
116.33,-382.13,69.641
133.52,-396.98,71.541
183.35,-481.61,136.69
108.34,-243.58,-16.916
157.2,-483.38,183.35
25.373,-81.632,-122.74
48.254,-77.562,-114.45
87.249,-311.61,33.737
53.379,-195.99,-12.893
13.723,-88.358,-76.476
29.564,-85.577,-64.806
62.594,-171.57,-15.094
180.48,-456.88,172.27
149.45,-488.57,158.44
131.57,-422.39,96.427
106.54,-359.06,56.673
32.19,-138.6,-47.304
176.42,-436.43,154.97
108.16,-266.03,-10.67
133.46,-381.8,119.15
69.504,-251.71,-14.371
80.69,-214.62,-46.288
138.76,-421.67,141.81
171.02,-541.68,187.07
185.31,-448.65,157.67
59.01,-223.91,-3.4182
28.95,-143.43,-54.563
102.91,-209.13,-9.0212
163.22,-527.75,193.41
53.532,-136.63,-34.736
31.448,-145.48,-48.848
121.04,-394.85,112.13
30.614,-145.18,-74.944
48.389,-165.22,-74.006
104.64,-345.09,79.664
181.6,-430.64,136.18
23.974,-104.08,-62.028
140.03,-390.62,66.814
136.67,-398.18,71.906
53.212,-215.57,-25.699
102.66,-209.32,-24.841
186.4,-449.98,132.42
26.605,-122.2,-56.26
55.424,-103.6,-56.361
194.75,-522.14,164.7
82.428,-298.66,28.851
73.301,-129.03,-74.317
33.287,-159.59,-52.406
104.67,-321.74,21.275
90.885,-322.61,44.381
57.251,-217.48,-6.179
60.297,-95.636,-95.831
113.46,-341.66,88.075
99.389,-321.63,24.165
93.134,-199.47,-3.6464
15.876,-108.85,-90.129
169.78,-419.23,143.07
39.738,-144.33,-85.298
153.24,-409.37,81.976
20.969,-115.98,-65.547
49.855,-61.408,-91.729
101.54,-210.36,-3.3388
121.12,-344.74,35.176
162.37,-525.54,190.88
211.11,-516.05,201.28
114.76,-389.35,95.135
80.988,-159.72,-63.355
77.934,-259.57,28.435
120.46,-257.69,7.9439
134.6,-443.5,120.22
90.054,-229.74,-35.888
32.113,-81.742,-122.4
67.909,-108.35,-77.477
180,-538.21,174.75
165.79,-396.16,89.95
51.172,-121.77,-43.082
77.364,-283.56,15.476
109.09,-320.77,75.85
180.4,-529.44,167.19
139.3,-445.57,113.54
146.45,-437.1,100.26
57.432,-122.96,-43.299
109.53,-359.81,52.924
99.784,-270.31,45.799
180.44,-430.52,121.08
89.87,-306.54,51.961
197.6,-483.8,155.39
53.008,-75.257,-107.31
92.359,-325.3,40.966
110.62,-293,60.801
151.19,-465.37,123.12
137.19,-449.66,123.28
182.75,-520.99,220.25
162.67,-405.04,87.017
114.83,-381.34,71.112
26.301,-140.22,-66.492
164.93,-422.52,95.729
64.266,-216.77,-42.709
148.21,-484.55,153.97
154.33,-358.5,67.941
99.38,-346.66,61.854
79.822,-186.18,-6.6341
75.097,-262.21,-10.534
125.48,-407.64,121.06
114.2,-239.96,8.2032
72.449,-255.12,20.345
105.44,-348.65,45.573
192.71,-547.57,180.03
169,-393.96,103.51
98.758,-337.26,42.223
187.73,-454.09,135.09
156.14,-507.91,174.17
95.247,-331.17,41.606
148.45,-344.58,84.296
43.889,-48.396,-95.868
52.057,-133.02,-93.345
136.71,-452.51,133
105.28,-219.2,-21.669
198.89,-538.55,175.92
165.6,-401.11,89.961
57.269,-133.6,-91.249
195.31,-468.92,161.75
44.728,-62.097,-120.64
82.111,-229.28,-38.158
114.5,-385.83,78.775
6.0023,-77.709,-90.275
86.915,-282.6,-1.9102
163.23,-415.32,91.312
111.32,-296.88,5.0613
152.07,-396.34,131.25
117.58,-297.91,8.4232
130.77,-311.25,68.764
65.206,-208.26,-49.61
164.15,-486.88,191.32
42.587,-69.251,-121.82
100.55,-346.42,52.039
158.67,-460.65,116.42
75.139,-278.04,16.473
150.44,-434.34,97.405
144.77,-403.31,75.737
119.76,-256.88,5.4333
186.56,-446.18,150.06
139.98,-312.28,44.812
66.096,-212.73,-46.71
156.36,-437.29,99.79
135.35,-300.55,34.178
22.47,-129.33,-73.71
159.28,-366.99,81.968
53.913,-77.282,-105.78
142.79,-350.18,96.314
118.51,-250.75,8.401
120.97,-340.84,91.509
107.7,-267.67,43.875
110.88,-237.91,14.376
77.064,-198.74,-55.105
131.12,-288.53,26.4
108.24,-230.69,10.065
24.979,-82.841,-67.815
126.16,-344.73,95.143
45.862,-193.22,-28.654
13.638,-66.094,-80.498
86.793,-310.26,41.059
113.34,-308.72,12.096
136.57,-428.84,98.202
108.95,-373.74,81.036
123.71,-340.46,92.038
144.38,-474.53,150.6
98.251,-303.62,61.293
31.443,-144.63,-77.153
91.182,-304.86,53.968
164.65,-387.47,111.84
143.32,-373.42,115.18
132.84,-359.65,46.38
77.803,-284.84,16.371
25.181,-49.017,-83.828
56.948,-223.86,-9.4206
61.074,-88.802,-86.822
54.304,-74.252,-84.256
184.68,-476.37,187.94
5.7397,-57.139,-89.858
150.1,-489.69,167.58
194.03,-485.12,190.11
69.222,-129.51,-82.165
162.44,-382.74,83.618
157.96,-381.4,114.71
23.197,-74.361,-126.82
58.853,-119.65,-95.058
138.63,-453.01,146.95
166.03,-523.3,204.97
53.155,-183.24,-62.822
93.527,-205.01,1.0574
116.49,-368.35,54.978
116.06,-245.8,-0.51351
175.15,-420.91,138.33
172.38,-474.85,127.59
47.512,-149.24,-30.825
35.233,-73.598,-125.13
160,-441.98,103.56
177.21,-421.53,134.58
7.0245,-85.944,-96.327
17.874,-114.38,-87.171
48.012,-196.75,-23.249
132.65,-334.09,87.308
118.62,-303.5,11.5
61.813,-240.32,-6.2239
141.58,-465.83,149.11
61.017,-195.01,-57.558
90.745,-236.23,24.587
140.26,-372.8,114.94
81.819,-296.09,23.288
85.726,-222.93,16.366
81.979,-147.64,-53.017
167.52,-434.59,103.08
74.631,-210.14,7.3917
72.919,-235.51,-32.541
166.55,-411.03,137.47
92.248,-258.22,-20.486
174.31,-540.21,180.66
54.809,-192.34,-11.854
155.77,-374.19,109.25
49.667,-97.715,-108.39
133.45,-425.66,97.898
33.013,-158.72,-52.531
166.15,-462.74,118.29
68.655,-207.6,-50.916
118.03,-326.91,82.641
125.51,-295.21,14.348
104.38,-348.83,47.25
70.69,-231.08,13.575
118.96,-277.91,46.907
170.76,-502.04,147.04
56.356,-277.45,10.333
191.69,-514.18,174.99
118.73,-347.85,82.869
88.708,-365.48,48.874
31.795,-112.31,-61.198
46.592,-225.09,-5.3987
47.698,-254.75,-15.545
85.87,-314.13,57.221
88.817,-359.19,73.365
124.72,-460.99,145.29
100.26,-258.27,-8.6587
126.33,-331.53,57.21
127.94,-482.83,140.62
112.75,-329.7,70.437
8.2964,-100.31,-72.361
192.87,-530.08,171.99
161.02,-434.63,133.29
93.894,-357.43,33.542
163.28,-521.51,206.45
154.43,-460.46,105.96
87.973,-324.61,63.108
64.271,-300.53,10.951
115.06,-423.42,80.625
113.95,-441.35,120.2
137.02,-397.19,116.84
193.02,-517.59,182.41
129.04,-479.53,153.81
68.105,-195.68,-62.574
189.25,-515.26,192.46
69.212,-171.02,-41.974
56.12,-132.55,-81.371
115.37,-429.81,87.077
86.922,-258.06,-27.874
172.76,-536.24,158.11
141.13,-372.69,68.333
35.404,-220.32,-35.54
168.65,-482.61,126.96
57.977,-135.8,-76.009
15.981,-144.52,-54.835
38.443,-228.63,-23.146
90.025,-262.77,26.451
45.587,-132.19,-52.352
119.37,-458.69,126.74
141.17,-442.05,89.84
35.143,-73.202,-99.427
107.85,-325.88,13.257
25.889,-172.34,-38.861
164.01,-560.41,179.5
156.99,-529.95,206.47
135.11,-503.04,154.65
121.76,-316.51,32.582
88.711,-358.71,39.945
152.19,-466.11,167.85
48.024,-175.88,-81.393
149.44,-530.99,162.41
132.09,-479.98,160.39
32.402,-103.07,-67.447
-12.471,-84.674,-104.34
77.881,-326.83,52.526
136.07,-369.58,90.605
121.02,-314.08,31.711
158.99,-423.41,120.04
116.5,-306.64,43.513
141.94,-522.11,167.59
8.6036,-124.31,-66.509
-8.8867,-92.879,-96.713
185.28,-531.34,162.29
46.596,-133.9,-97.567
125.76,-476.88,138.08
18.388,-167.44,-52.125
53.761,-186.13,-74.844
169.54,-507.17,198.01
65.953,-275.05,-20.428
6.6017,-56.984,-91.79
100.21,-278.45,-9.4082
39.41,-84.527,-106.8
171.04,-503.42,138.23
40.95,-160.68,-90.458
10.497,-91.216,-129.84
130.04,-481.88,130.18
-8.3689,-68.69,-94.428
109.24,-370.99,39.369
78.123,-221.17,-46.568
21.85,-182.6,-54.239
193.55,-522.91,174.85
167.16,-539.64,160.16
40.847,-183.95,-77.329
96.874,-245.67,-2.0133
155.59,-536.49,161.97
47.327,-105.03,-87.238
125.66,-455.68,146.03
56.886,-274.56,13.518
86.549,-365.25,62.475
119.11,-381.94,107.07
13.447,-148.65,-87.429
100.95,-354.17,84.634
74.505,-185.93,-52.688
109.88,-282.13,12.059
93.669,-267,-19.285
103.25,-268.94,-4.3343
77.861,-268.33,31.037
126.15,-465,114.3
168.23,-454.51,120.88
98.883,-295.2,-5.4011
65.123,-157.55,-66.63
51.373,-250.99,-30.016
35.372,-201.65,-22.959
149.21,-523.26,153.77
-7.8752,-94.631,-94.398
140.1,-432.45,83.743
138.28,-423.52,137.04
32.166,-64.17,-105.39
118.9,-456.6,128.56
146.48,-405.39,77.387
91.846,-379.38,74.95
120.83,-386.25,110.13
148.69,-535.85,170.47
92.465,-308.42,-1.6128
79.289,-239.48,-39.971
112.38,-374.7,41.909
141.07,-373.33,85.726
168.8,-451.72,141.01
92.71,-263.8,-21.108
177.53,-521.56,208.17
57.125,-275.39,-10.249
80.283,-263.66,28.698
129.62,-466.39,154.09
175.23,-473.41,160.25
129.65,-435.22,141.69
164.61,-439.05,130.8
13.856,-81.295,-134.71
34.037,-133.03,-49.175
5.0435,-87.426,-131.38
160.44,-496.01,189.53
34.528,-184.67,-74.751
145.41,-470.07,168.75
146.63,-527.42,162.37
148.96,-405.48,115.46
108.55,-358.02,30.793
18.603,-135.77,-54.068
100.12,-307.6,0.65756
141.74,-383.55,67.053
48.044,-185.52,-76.507
52.4,-128.42,-62.681
160.86,-482.79,180.09
117.83,-434,89.007
33.087,-104.07,-116.73
137.03,-499.34,170.89
68.018,-311.19,17.892
99.795,-387.46,58.244
36.092,-219.07,-23.86
41.287,-128.57,-103.39
108.82,-282.83,6.4015
74.743,-223.42,-48.831
55.143,-146.89,-47.209
45.054,-164.32,-31.257
102.16,-259.63,3.2427
164.86,-517.54,144.1
161.63,-552.83,173.74
134.27,-395.25,61.462
142.06,-508.13,181.2
160.64,-425.38,113.25
155.51,-540.72,166.46
105.83,-394.81,104.68
67.834,-207.94,-58.989
166.51,-442.35,128.44
188.97,-527.67,207.79
185.37,-527.13,209.96
3.8299,-93.724,-126.76
82.686,-290.97,44.557
40.947,-142.37,-43.96
142.88,-523.9,179.91
104.3,-405.55,103.78
150,-520.92,150.62
2.7567,-73.589,-85.072
92.233,-327.93,67.224
115.28,-320.15,60.581
45.448,-231.69,-5.8117
78.673,-199.92,-23.053
98.646,-271.42,28.351
82.263,-246.55,17.034
147.16,-474.91,172.31
120.66,-462.37,129.35
141.03,-437.29,86.914
99.043,-367.31,39.21
160.51,-456.34,108.97
127.85,-384.03,52.081
90.282,-296.09,-9.0059
53.879,-135.44,-57.077
156.41,-474.12,114.39
170.07,-514.81,203.66
100.73,-401.27,95.34
37.658,-200.45,-20.332
103.46,-405.44,74.899
89.158,-311.26,57.512
181.76,-498.6,182.97
39.324,-156.79,-35.953
131.8,-442.39,146.64
158.94,-551.7,174.95
21.269,-133.5,-105.63
37.618,-83.683,-112.37
133.65,-488.24,132.23
38.758,-203.84,-18.44
33.634,-91.29,-119.17
67.541,-285.32,31.622
42.823,-136.91,-47.817
155.77,-546.06,209.71
161.02,-518.36,144.43
176.46,-476.04,161.42
81.09,-225.67,-42.403
155.64,-427.55,132.66
132.41,-425.02,77.134
134.44,-485.79,128.08
28.494,-192.34,-61.662
94.183,-239.95,-18.501
162.16,-459.5,111.84
51.866,-140.83,-49.661
96.752,-251.84,9.2308
96.595,-390.02,86.899
143.37,-376.96,83.357
175.89,-508.3,197.54
83.358,-354.41,59.684
-2.3571,-83.932,-85.354
38.343,-197.52,-66.907
22.948,-135.71,-104.59
95.278,-385.99,64.636
144.48,-510.63,144.79
143.46,-380.61,91.355
153.97,-414.81,91.674
132.73,-490.38,161.4
158.87,-553.14,176.61
101.95,-403.31,98.329
160.02,-534.25,210.97
69.431,-313.96,34.417
98.329,-297.95,-4.6222
83.703,-357.44,54.927
120.88,-346.17,80.533
72.936,-289.05,-12.667
70.59,-255.9,22.363
86.834,-219.58,-31.387
55.076,-269.14,-14.481
191.62,-531.42,170
20.997,-113.36,-61.3
5.9703,-111.21,-114.73
47.065,-247.1,-27.553
80.709,-202.62,-24.264
36.234,-222.95,-28.525
143.05,-458.56,100.94
89.626,-255.12,-26.49
39.01,-85.132,-91.519
38.604,-90.458,-111.84
104.39,-395.05,102.86
142.64,-376.49,71.727
48.214,-109.76,-93.428
91.598,-338.81,19.015
33.137,-91.244,-119.73
98.586,-251.49,3.4115
91.877,-251.36,15.389
12.944,-71.35,-83.747
60.76,-261.45,-28.614
0.30901,-121.91,-88.458
172.19,-482.35,175.26
189.45,-541.17,170.18
104.07,-372.43,41.331
42.243,-186.58,-21.228
91.653,-242.32,-25.635
140.57,-387.44,105.21
125.28,-466.82,118.14
49.212,-137.92,-50.086
199.51,-541.8,186.51
104.11,-326.08,11.467
3.6106,-130.11,-79.297
21.793,-175.43,-70.039
146.39,-517.19,150.02
43.136,-119.25,-104.03
122.99,-382.77,108.12
-0.90135,-109.23,-108.94
19.571,-170.59,-71.679
57.966,-139.96,-59.229
16.659,-158.09,-53.678
104.64,-365.09,35.612
190.24,-509.65,176.31
93.476,-337.64,17.567
38.41,-105.93,-111.47
167.73,-553.57,171.25
42.085,-96.132,-83.157
27.833,-122.38,-55.43
42.751,-93.244,-100.64
109.37,-384.21,104.02
82.733,-324.21,58.499
161.74,-507.74,197.52
199.92,-537.57,192.28
124.26,-406.23,123.23
56.495,-256.23,12.401
160.61,-433.92,133.1
65.445,-161.3,-46.766
73.438,-279.62,-19.796
24.034,-186.94,-45.491
39.723,-85.65,-93.115
-1.8124,-89.548,-83.696
22.076,-84.46,-76.82
150.56,-542.56,198.21
59.486,-287.46,14.631
85.709,-316.21,3.6226
93.33,-384.2,69.442
45.964,-248.44,-8.2327
64.978,-168.69,-37.012
38.746,-137.36,-46.775
112.9,-386.29,49.965
163.85,-509.03,138.24
91.611,-241.33,5.2133
158.5,-502.36,132.81
46.976,-169.67,-84.621
35.059,-219.59,-30.315
35.775,-179.81,-27.637
29.412,-64.947,-97.486
169.63,-506.49,197.49
122.49,-423.96,131.48
94.796,-384.11,83.751
119.54,-450.39,106.23
95.03,-304.12,54.753
6.1905,-93.818,-75.86
27.177,-178.23,-36.507
29.004,-175.13,-78.939
36.892,-76.36,-109.15
189.74,-554.56,176.29
54.553,-142.37,-50.853
118.49,-403.54,119.07
124.69,-473.48,139.42
9.667,-109.16,-118.3
130.67,-407.6,125.56
72.487,-245.87,17.411
103.46,-265.22,11.957
46.796,-249,-5.4126
76.21,-195.93,-51.49
104.96,-356.23,29.388
48.273,-128.85,-57.046
133.72,-436.76,144.56
62.388,-173.58,-29.909
59.09,-253.18,-34.368
121.15,-381.23,47.578
8.496,-100.44,-123.83
55.868,-230.03,-50.089
143.46,-478.37,172.2
141.93,-512.84,181.16
29.756,-166.66,-85.828
74.035,-198.78,-17.444
68.031,-163.61,-52.81
100.53,-335.18,74.455
113.74,-303.01,13.798
156.57,-431.3,97.231
117.07,-406.09,64.2
-10.781,-83.134,-97.6
103.06,-286.63,-4.275
88.619,-279.56,-17.958
33.994,-169.49,-32.396
145.31,-499.49,132.98
103.25,-334.45,15.687
40.722,-216.75,-52.202
173.76,-463.58,145.82
124.41,-464.18,116.13
86.319,-247.5,16.039
105.77,-406.89,72.879
127.83,-362.82,43.47
44.776,-165.27,-30.745
99.053,-379.22,50.274
88.824,-222.76,-25.239
50.167,-261.98,-10.391
107.64,-356.35,29.631
13.016,-156.25,-74.92
80.301,-327.4,16.079
18.595,-120.57,-113.24
191.94,-549.38,175.82
128.62,-352.53,42.029
99.507,-394.68,67.743
52.035,-267.65,-5.2126
147.43,-537.39,188.69
135.48,-504.46,160.61
186.62,-521.71,160.53
85.557,-296.04,48.219
75.601,-275.72,-22.688
159.03,-479.31,177.56
148.67,-409.43,120.38
153.64,-405.56,100.75
64.244,-152.6,-60.929
15.241,-147.74,-55.613
173.62,-554.51,171
113.32,-433.01,94.023
40.501,-171.21,-84.912
54.271,-272.16,6.0337
-0.84367,-112.76,-130.22
72.391,-349.87,62.248
171.97,-541.02,158.14
101.61,-447.93,86.88
113.97,-419.26,59.93
82.535,-408.97,73.466
92.621,-288.09,9.9169
125.95,-490.9,111.28
103.22,-446.94,125.87
99.182,-452.3,117.54
143.67,-515.65,188.78
85.279,-276.83,-15.482
154.28,-543.05,209.21
107.7,-473.04,109.28
79.692,-317.38,50.085
73.976,-268.94,-31.916
82.422,-353.88,14.478
85.788,-300.59,-11.468
32.585,-124.81,-79.039
33.373,-264.94,-28.283
168.41,-506.13,166.98
121.26,-471.86,96.931
96.903,-447.48,111.85
46.094,-305.26,11.436
66.547,-238.96,-46.942
16.478,-208.55,-67.504
90.791,-387.63,37.855
115.75,-357.83,62.644
19.496,-166.81,-99.895
23.649,-217.59,-23.559
28.291,-170.65,-40.139
77.882,-246.95,-14.389
48.969,-170.68,-53.151
10.061,-149.04,-55.137
96.485,-337.47,10.339
5.5619,-185.61,-53.617
120.59,-480.05,156.27
77.354,-375.17,74.579
53.027,-188.39,-70.487
87.377,-375.5,29.396
92.421,-436.88,92.513
72.846,-378.98,47.853
54.231,-298.1,28.383
135.02,-415.73,105.61
59.468,-248.06,-49.595
169.07,-508.62,150.23
94.941,-432.64,110.27
80.737,-399.48,80.676
58.481,-269.68,18.705
15.614,-136.46,-115.86
67.791,-346.63,15.194
15.906,-101.42,-127.8
78.032,-316.25,49.216
-4.7254,-65.558,-99.606
134.35,-530.25,189.1
62.91,-210.82,-28.991
139.71,-459.39,147.4
136.37,-475.43,100.88
160.56,-504.68,133.07
123.02,-515.24,139.06
82.131,-399.13,84.517
146.23,-525.52,195.69
126.99,-385.09,72.09
125.24,-487.03,163.18
6.6175,-102.47,-78.823
112.48,-376.03,87.106
101.44,-321.6,13.904
11.958,-209.64,-51.496
37.607,-148.5,-60.265
38.624,-150.15,-59.843
51.775,-229.9,-5.1678
105.53,-325.14,26.145
12.329,-164.98,-47.896
12.093,-182.04,-87.575
5.9764,-71.075,-99.984
-25.697,-102.7,-107.55
62.954,-285.85,-29.309
30.66,-113.08,-94.556
134.77,-538.93,151.69
116.47,-356.23,56.393
-0.4005,-163.78,-62.111
156.84,-474.83,145.77
103.29,-467.75,114.52
87.638,-274.15,1.5605
117.2,-446.35,137.32
57.525,-271.17,-38.427
118.4,-411.12,114.01
117.78,-472.11,98.279
60.888,-341.47,19.136
23.285,-191.87,-31.49
166.12,-552.83,158.75
67.346,-239.22,-45.94
98.324,-308.37,9.4588
26.621,-226.45,-60.919
101.11,-462.1,113.4
158.42,-513.91,134.2
124.19,-383.01,57.958
-15.101,-68.01,-99.142
40.599,-223.81,-66.944
92.39,-363.79,80.637
130.65,-424.41,73.134
-2.6819,-162.67,-67.037
86.452,-374.39,83.51
50.491,-279.62,19.13
107.87,-402.82,48.385
99.68,-454.91,100.61
155.3,-514.88,132.34
42.416,-172.94,-86.424
122.99,-387.99,89.823
46.081,-240.54,0.038047
25.76,-147.52,-53.912
122.74,-449.67,141.21
24.53,-221.69,-21.792
-15.335,-128.5,-106.62
46.967,-306.64,1.6352
42.332,-295.38,1.7948
104.35,-414.57,55.78
136.41,-462.84,94.057
139.53,-422.02,102.87
23.924,-93.911,-106.78
125.67,-390.84,60.143
-11.563,-143.22,-90.998
78.879,-261.45,-26.927
59.387,-336.49,15.312
86.619,-419.93,79.291
104.65,-350.64,69.017
170.98,-526.96,153.21
37.159,-276.47,-0.99241
30.566,-144.51,-57.875
82.434,-399.63,56.226
118.91,-425.22,65.092
43.126,-154.02,-85.243
150.11,-451.38,122.19
112.74,-352.01,60.988
126.1,-462.24,150.03
85.04,-413.92,87.831
109.98,-413.74,115.46
28.592,-244.52,-45.369
92.371,-295.84,-2.6482
-26.353,-101.42,-115.12
-25.717,-103.51,-111.82
129.28,-416.87,114.16
130.91,-535.52,152.65
82.259,-288.93,-18.277
63.386,-316.1,-8.7511
150.37,-469.64,110.51
13.15,-83.042,-133.74
165.41,-503.41,141.16
56.569,-326.54,35.558
89.782,-352.72,73.37
87.623,-384.71,36.584
103.08,-452.45,90.26
79.063,-390.99,50.905
94.571,-309.27,1.1666
28.946,-112.89,-87.155
-4.2459,-124.14,-72.456
146.69,-441.05,111.23
65.745,-359.6,49.791
58.489,-283.7,-30.7
120.82,-484.42,158.23
-25.649,-91.215,-133.15
107.82,-414.75,55.935
60.356,-197.02,-45.577
166.38,-510.27,177.47
114.14,-404.29,109.41
64.403,-286.37,29.284
71.132,-374.58,45.505
10.658,-78.559,-97.393
116.56,-501.35,132.47
124.32,-430.46,127.91
35.805,-128.29,-83.794
70.287,-319.28,48.412
48.647,-223.32,-65.299
157.2,-471.58,137.01
54.853,-252.75,-49.059
95.99,-447.49,102.17
129.94,-533.28,151.29
108.05,-362.57,29.52
126.67,-502.9,171.14
143.63,-487.04,169.05
160.68,-547.32,153.15
-7.2149,-132.91,-73.314
83.429,-385.88,39.977
48.967,-164.56,-69.39
130.42,-398.91,70.994
41.816,-272.72,-32.035
-1.6155,-170.18,-79.001
0.81378,-162.16,-95.083
50.524,-192.83,-31.899
103.01,-434.22,121.77
108.97,-334.96,32.428
64.416,-216.28,-24.881
118.29,-385.96,47.659
136.12,-465.02,95.005
38.026,-280.5,-0.51838
-11.969,-142.16,-91.021
12.366,-146.69,-55.218
34.651,-177.19,-91.003
-6.1661,-103.47,-80.796
165.18,-546.83,154.99
81.892,-406.24,80.15
95.866,-445.56,96.133
61.22,-321.75,-2.8439
44.541,-161.64,-55.96
148.76,-511.4,187.01
80.37,-305.48,42.145
132.03,-406.54,73.093
55.665,-232.35,-4.0888
42.448,-175.16,-85.936
143.23,-564.89,171.48
111.06,-362.88,33.047
88.822,-422.32,75.579
63.859,-278.34,24.642
152.79,-458.47,125.03
94.281,-429.12,74.488
26.019,-232.34,-54.882
-26.781,-86.535,-103.59
139.11,-497.65,176.08
43.051,-157.73,-58.028
102.54,-404.73,107.64
61.073,-346.89,40.331
137.31,-414.87,95.649
47.514,-209.48,-71.581
84.762,-277.84,15.468
118.03,-407.06,110.92
90.509,-361.93,19.945
62.159,-275,22.441
41.969,-174.4,-86.58
146.18,-530.12,138.96
73.756,-367.49,30.527
104.99,-472.86,124.68
125.28,-418.53,118.03
5.3593,-160.59,-54.672
22.827,-194.82,-83.098
131.33,-408.38,71.263
87.315,-306.68,-8.1687
90.645,-299.67,31.802
81.661,-406.74,73.176
130.79,-431.37,75.724
163.72,-512.85,183.35
5.5598,-180.43,-52.476
17.604,-150.83,-108.54
74.131,-379.14,68.309
44.971,-289.7,14.673
48.498,-298.17,-13.64
175.35,-535.37,161.91
91.942,-422.52,104.17
37.185,-275.52,-0.46702
46.284,-175.29,-81.358
91.982,-435.91,92.875
106.19,-348.76,66.066
122.93,-518.89,167.17
157.23,-472.58,139.77
57.222,-202.82,-63.651
27.705,-213.43,-20.896
57.417,-337.77,25.379
32.106,-161.59,-98.165
63.007,-323.86,44.764
126.5,-525.74,147.17
61.203,-222.59,-14.301
55.811,-183.71,-56.96
98.445,-389.16,38.21
38.262,-231.86,-7.2901
60.569,-227.43,-9.6986
71.36,-336.68,56.678
132.63,-406.18,96.582
137.73,-468.11,97.536
123.23,-447.98,140.23
29.207,-225.14,-16.097
70.103,-227.06,-39.298
56.723,-227.92,-7.5052
142.6,-461.99,98.622
-3.721,-144.21,-107.09
-3.4725,-71.438,-96.218
1.5589,-180.3,-69.089
62.106,-286.04,28.424
169.41,-532.57,152.4
0.8529,-68.981,-98.86
52.318,-204.02,-23.754
112.97,-405.88,110.61
81.164,-289.21,-19.243
127.48,-537.1,170.08
73.204,-233.39,-30.881
65.747,-296.04,34.868
133.47,-446.55,138.73
16.935,-219.51,-54.576
54.965,-258.03,11.566
53.063,-274.59,-36.076
65.963,-240.44,-2.2786
147.46,-472.41,155.2
62.428,-352.31,38.091
-7.3455,-128.4,-74.177
47.547,-176.82,-43.864
31.395,-151.3,-101.84
157.25,-476.24,125.02
147.49,-554.78,158.47
93.867,-355.16,16.885
11.14,-167.28,-47.953
53.773,-178.34,-62.586
13.176,-209.19,-60.333
58.646,-193.07,-56.669
49.163,-308.42,-2.1288
119.07,-366.91,48.621
104.84,-345.74,64.271
44.058,-153.88,-82.284
157.89,-514.44,134
32.2,-266.15,-13.6
36.074,-227.02,-10.469
38.089,-217.12,-70.885
127.15,-418.9,117.46
111.51,-479.83,144.21
9.4146,-176.4,-47.215
154.3,-562.45,162.98
141.52,-540.83,148.68
80.134,-392.48,80.669
146.89,-464.01,147.24
30.35,-151.71,-52.459
134.36,-409.04,96.361
-26.556,-101.09,-111.61
106.99,-331.34,42.935
-18.893,-96.927,-134.83
52.66,-203.08,-24.746
-18.755,-83.326,-95.263
-21.481,-76.018,-99.427
34.305,-271.69,-18.669
-5.9961,-111.85,-77.599
42.704,-165.64,-49.371
3.8894,-133.05,-64.419
133.9,-530.06,188.49
49.212,-298.08,-14.61
62.209,-351.64,36.302
163.08,-532.48,146.38
62.08,-302.41,36.171
168.23,-516.91,147.16
74.073,-373.11,68.912
169.06,-504.9,159.81
104.07,-320.47,30.721
112.41,-473.76,144.92
15.39,-219.18,-47.389
128.81,-507.72,175.14
134.34,-494.22,112.65
-16.445,-120.87,-114.48
154.63,-482.2,119.4
62.827,-325.07,-1.0039
106.93,-414.88,115.15
60.477,-254.46,-46.316
86.908,-348.29,70.1
106.19,-450.22,84.848
93.383,-294.06,20.019
41.388,-266.65,-37.18
109.42,-335.34,35.989
66.432,-346.38,53.948
113.18,-357.26,67.144
-8.1148,-146.48,-75.371
-11.559,-122.61,-79.95
56.928,-327.12,7.5634
23.238,-135.83,-112.5
169.21,-511.18,173.51
16.03,-186.7,-86.253
131.09,-543.43,164.15
127.81,-531.6,153.07
45.926,-297.77,-10.01
90.374,-367.23,81.993
178.05,-541.5,167.52
143.82,-458.25,98.752
113.47,-411.1,55.009
41.773,-222.41,-10.344
132.88,-434.45,78.875
66.189,-214.58,-44.464
-11.367,-112.05,-127.82
44.071,-262.5,8.1113
-13.12,-138.94,-92.658
127.67,-388.43,67.808
102.01,-317.48,34.107
148.84,-564.48,166.54
14.888,-217.7,-48.619
-14.362,-111.4,-126.29
106.91,-465.14,100.2
135.96,-506.84,180.2
31.948,-122.1,-81.303
101.9,-390.82,99.325
142.61,-538.71,200.54
48.563,-171.28,-51.508
103.98,-382.13,35.301
-2.8872,-107.73,-133.01
19.545,-215.4,-64.308
72.632,-241.11,-8.798
102.79,-319.28,34.762
46.809,-190.7,-31.144
-0.77734,-173.72,-72.797
168.4,-145.26,-5.326
135.28,-101.56,-3.167
173.82,-191.91,49.098
163.75,-145.06,-18.354
100.68,-43.025,-37.843
111.32,-51.716,-87.591
229.7,-402.84,189.51
138.32,-64.477,-47.66
115.89,-43.532,-87.995
96.835,-86.604,-59.069
275.11,-492.07,213.24
189.46,-366.77,127.82
161.53,-145.51,17.747
151.89,-245.91,44.136
100.52,-82.882,-25.104
128.17,-175.26,-2.8278
256.27,-427.66,167.1
200.35,-393.22,162.79
224.7,-321.64,94.858
117.73,-146.88,-19.741
223.18,-306.59,102.8
211.1,-335.39,143.94
188.32,-360.43,133.39
174.58,-317.32,92.957
178.54,-200.36,53.226
171.98,-245.15,25.923
206.69,-413.72,147.49
207.95,-341.96,147.94
225.6,-352.74,152.95
211.99,-406.75,134.92
228.77,-422.44,142.47
141.86,-181.5,38.275
148.78,-116.35,2.0228
227.99,-433.37,207.81
156.74,-236.42,68.305
109.31,-108.07,-11.355
230.01,-363.84,159.73
183.73,-246.36,85.763
198.85,-350.06,148.11
78.394,-43.533,-80.289
97.969,-92.637,-53.348
224.73,-328.15,130.76
122.14,-160.43,-9.8564
160.83,-146.64,-22.398
249.38,-462.05,172.12
204.35,-337.9,144.65
232.15,-447.81,217.78
256.34,-458.62,175.37
215.55,-452.15,198.58
213.44,-281.58,72.035
176.52,-309.65,76.223
234.65,-510.19,212.53
265.85,-469.32,191.22
170.23,-292.7,66.606
217.91,-465.5,200.03
251.45,-421.4,156.83
168.12,-297.61,82.879
245.26,-473.96,177.97
237.43,-411.02,138.61
138.89,-179.22,-11.747
110.38,-110.89,-50.012
237,-480.98,183.78
210.65,-430.33,187.23
151.24,-184.1,44.947
89.411,-15.472,-53.915
190.7,-305.56,64.536
191.06,-372.24,135.7
143.31,-77.746,-37.943
234.49,-424.54,144.78
214.46,-302.89,75.162
108.04,-111.12,-12.991
254.3,-510.83,203.15
171.62,-294.12,99.435
120.7,-121.52,-47.543
98.7,-26.391,-46.512
218.81,-296.08,101.66
200.84,-257.17,86.289
136.12,-196.28,8.9356
130.52,-163.23,22.396
229.06,-469.48,225.79
192.27,-369.45,120.59
102.89,-110.72,-36.382
112.45,-52.881,-31.044
130.54,-62.763,-69.641
243.48,-409.3,190.39
223.02,-475.52,217.35
236.14,-456.08,165.46
110.95,-50.985,-32.136
98.68,-84.325,-63.987
204.43,-274.13,55.546
207.81,-391.19,173.16
125.41,-35.89,-75.254
221.96,-411.28,192.78
269.76,-466.19,204.79
230.93,-334.64,110.12
202.91,-319.48,74.332
142.43,-215.7,42.257
78.891,-42.522,-82.887
94.289,-83.297,-35.569
275.73,-495.51,214.59
147.07,-87.753,-37.61
89.621,-4.7938,-59.071
142.86,-122.66,-44.283
122.76,-163.55,5.9767
158.45,-231.71,68.731
253.37,-462.96,229.81
163.45,-198.67,55.719
176.37,-311.72,109.42
164.64,-148.57,-16.936
177.85,-246.48,27.201
270.09,-467.74,204.72
122.46,-164.12,2.3547
103.46,-89.7,-63.296
151.14,-241.5,58.045
139.67,-203.82,38.556
156.14,-157.92,-23.305
251.56,-408.78,156
215.24,-456.35,191.31
164.19,-282.55,66.78
146.24,-220.56,20.759
138.19,-201.7,35.451
195.39,-247.55,82.235
184.13,-332.45,90.48
135.08,-106.14,-54.796
261.31,-483.56,190.71
144.31,-212.89,47.183
133.74,-128.93,-44.449
117.39,-149.55,-3.7545
221.13,-334.53,140.17
234.67,-461.82,169.77
190.22,-358.48,110.63
156.44,-203.17,56.075
133.92,-111.49,3.1709
139.98,-73.793,-32.427
227.36,-345.71,145.41
171.36,-255.25,87.446
231.26,-340.79,134.55
102.55,-96.716,-55.781
151.63,-137.14,17.014
232.69,-344.03,112.69
136.98,-193.64,34.177
239.57,-491.37,191.07
188.36,-269.27,42.368
202.04,-240.57,59.081
152.73,-247.48,60.311
172.33,-164.89,24.659
266.67,-485.12,196.74
215.34,-454.26,183.02
155.05,-123.2,2.5925
192.26,-215.11,50.144
237.73,-430.02,208.12
235.65,-348.87,121.76
144.28,-128.19,-41.407
120.69,-157.56,-10.054
229.22,-481.97,230.21
196.57,-311.13,68.204
141.61,-156.96,-27.986
156.75,-146,-26.744
109.65,-49.059,-33.261
200.96,-341.03,87.855
219.12,-350.69,97.683
258.11,-433.81,171.58
185.07,-191.05,24.559
215.32,-455.51,195.27
110.93,-34.006,-94.387
123.31,-26.502,-74.407
169.22,-273.64,48.383
122.01,-162.91,1.4728
81.59,-56.317,-63.37
87.256,-52.824,-44.646
121.14,-137.33,7.015
229.07,-421.78,201.55
223.41,-455.36,169.94
214.93,-381.64,114.81
190.96,-318.71,73.783
100.67,-105.95,-33.545
226.68,-399.14,186.86
190.31,-213.56,27.581
189.98,-350.1,138.27
156.37,-209.58,4.2254
166.88,-163.43,-12.483
198.01,-391.83,156.31
246.28,-506.64,200.8
236.94,-408.8,192.95
132.28,-189.82,9.9053
103.51,-109.21,-41.776
163.96,-162.95,31.152
231.8,-497.66,202.91
110.52,-101.99,-11.081
103.44,-112.05,-35.854
188.58,-363.46,124.36
115.49,-104.65,-57.807
136.53,-118.67,-48.914
172.92,-312.8,92.937
237.81,-387.13,174.79
88.462,-72.153,-47.153
224.16,-341.77,97.998
221.87,-351.06,99.636
135.54,-177.4,-10.948
171.61,-158.74,17.953
250.7,-402.63,172.62
94.514,-89.785,-42.566
110.21,-64.947,-24.864
268.56,-476.03,197.38
162.96,-261.6,42.833
142.64,-78.594,-31.978
111.94,-123.57,-39.036
192.84,-274.84,46.929
170.98,-285.8,58.196
129.84,-183.58,7.2284
130.42,-45.206,-53.961
174.43,-309.66,105.11
187.22,-276.95,46.37
150.01,-158.15,30.994
97.695,-70.795,-75.274
220.85,-381.69,174.9
127.42,-98.531,-61.168
234.15,-359.8,116.19
92.306,-82.932,-52.808
107.33,-17.573,-53.318
160.56,-166.05,34.959
207.59,-295.59,65.499
231.54,-495.13,200.56
261.15,-476.35,237.22
189.92,-355.27,107.34
154.84,-107.93,-21.421
144.93,-226.64,43.513
187.69,-207.84,50.551
213.56,-406.99,134.21
174.81,-177.81,-0.043816
116.1,-32.411,-90.353
132.17,-60.071,-35.726
258.08,-497.59,195.97
235.12,-346.53,130.97
107.18,-86.563,-17.936
159.87,-245.26,30.343
169.14,-288.13,94.474
258.81,-487.28,190.75
221.31,-405.77,131.14
230.27,-392.33,124.95
112.65,-85.935,-14.725
195.43,-317.55,72.289
157.6,-235.62,69.065
244.27,-383.08,161.71
160.42,-273.39,65.33
260.95,-437.3,194.76
122.67,-25.123,-65.653
174.83,-286.93,55.96
167.29,-257.88,85.437
233.4,-423.56,143.89
216.41,-412.84,137.63
231.41,-493.78,236.57
237.45,-354.73,126
198.76,-341.12,88.3
106.08,-103.6,-52.8
241.53,-372.69,132.87
153.02,-170.79,-18.903
223.12,-450.72,165.93
222.75,-308.66,109.82
178.12,-310.64,75.172
136.02,-148.6,22.295
162.83,-218.86,9.5638
192.49,-376.58,133.05
175.97,-193.22,48.87
142.91,-221.71,34.182
191.63,-306.28,64.957
268.99,-504.33,206.57
230.16,-347.47,144.14
183.74,-296.61,59.49
251.98,-406.82,175.19
228.22,-475.83,184.9
179,-291.76,57.57
204.87,-301.99,121.28
99.777,-5.9961,-58.886
136.8,-82.57,-59.896
212.33,-418.33,145.1
175.82,-168.05,21.136
272.47,-493.21,207.45
236.83,-351.15,130.42
140.08,-82.31,-55.308
250.43,-425.98,200.07
117.76,-11.438,-80.081
169.52,-178.86,-6.3119
196.43,-347.5,94.026
78.295,-44.668,-78.096
175.55,-236.95,21.433
239.65,-365.26,128.93
196.67,-245.59,39.525
204.12,-361.96,157.32
200.32,-245.82,45.7
186.07,-271.59,101.61
153.95,-160.75,-23.298
218.17,-459.14,205.41
119.35,-18.273,-82.893
183.77,-307.34,67.753
240.79,-415.34,142.97
155.55,-241.04,30.421
233.77,-387.92,125.08
228.28,-354.72,106.85
188.06,-206.57,48.163
240.73,-404.05,187.6
205.46,-263.35,86.919
154.91,-165.45,-20.814
238.36,-389.74,130.09
202.63,-250.78,76.624
102.52,-92.551,-59.907
222.95,-319.12,123.38
123.39,-27.179,-64.073
196.63,-312.04,127.52
183.32,-202.08,50.465
178.33,-307.88,112.21
163.78,-230.54,72.142
169.56,-193.95,52.291
162.38,-147.28,-20.341
198.6,-238.63,68.933
166.89,-186.78,47.914
84.102,-50.674,-49.441
182.09,-311.11,117.75
122.8,-157.92,-15.47
75.121,-34.678,-64.719
164.75,-274.57,54.287
199.26,-257.95,45.384
220.41,-386.75,118.48
186.41,-338.46,93.885
180.08,-306.94,114.21
218,-441.55,161.92
161.32,-271.09,77.97
117.02,-103.3,-59.115
159.83,-272.06,67.87
220.21,-344.99,149.16
196.52,-338.64,141.26
216.9,-309.37,79.937
160.25,-246.57,31.211
79.4,-14.927,-59.471
133.59,-188.63,3.8095
124.04,-41.231,-45.481
111.98,-30.336,-45.833
232.01,-443.04,215.05
70.144,-25.887,-76.038
219.86,-458.79,177.73
241.58,-449.23,221.27
143.47,-77.908,-40.77
230.55,-333.27,125.08
211.25,-341.98,148.33
108.49,-26.731,-98.313
137.94,-67.947,-56.301
207.18,-422.21,157.64
226.65,-496.05,214.42
141.56,-137.17,-38.662
150.09,-164.48,34.59
203.11,-324.16,77.101
183.91,-195.66,42.195
228.02,-380.48,173.84
251.42,-427.94,158.55
108.62,-116.32,-12.361
116.83,-23.305,-90.125
241.13,-394.15,134.81
231.72,-379.45,171.84
85.169,-50.287,-83.259
99.894,-76.199,-72.219
123.17,-162.13,-10.133
187.03,-297.36,115.88
201.73,-251.56,48.311
142.04,-203.42,7.6745
213.26,-433.85,159.9
149.58,-147.42,-30.993
148.1,-200.62,49.611
194,-338.81,139.42
164.25,-257.83,38.139
143.19,-187.38,41.231
145.99,-99.434,-11.252
244.49,-385.21,139.28
134.07,-176.01,28.79
161.88,-188.63,-7.3805
217.97,-373.41,169.22
179.69,-207.83,11.304
251.46,-502.61,197.48
121.25,-159.46,3.4582
209.5,-334.36,143.27
129.02,-46.416,-70.44
216.91,-384.57,116.78
111.46,-122.81,-39.214
246.53,-415.8,148.51
157.06,-158.86,-22.388
175.13,-293.32,104.51
202.63,-242.89,55.261
190.04,-307.2,65.731
135.81,-198.11,29.792
174.98,-237.84,80.008
250.82,-458.9,171.23
143.59,-243.77,14.917
258.11,-472.4,204.87
183.45,-312.5,103.2
183.2,-327.18,56.805
97.293,-77.893,-42.842
123.95,-193.65,1.227
140.96,-217.86,-9.2021
157.55,-282.93,66.745
168.89,-328.23,77.626
200.07,-432.79,147.78
180.19,-209.06,25.526
195.88,-288.22,87.767
213.1,-450.77,143.75
178.04,-293.86,91.253
79.804,-69.94,-64.09
266.48,-485.9,201.62
224.56,-395.46,160.55
191.77,-314.06,47.792
223.09,-495.56,214.26
242.53,-413.35,132
160.25,-293.69,71.826
158.19,-263.12,17.761
210.11,-382.53,92.467
196.54,-410.49,122.85
199.7,-362.7,136.96
256.79,-477.27,211.41
206.25,-451.14,155.54
157.87,-144.74,-31.228
248.01,-478.96,217.81
139.34,-127.5,-11.397
133.93,-84.418,-47.712
209.58,-390.16,97.377
179.07,-207.01,2.2518
259.83,-493.02,178.38
217.54,-325.37,101.49
128.17,-183.75,-29.44
251.71,-435.9,155.25
133.98,-88.433,-42.548
93.864,-113.59,-49.346
127.59,-194.09,-18.277
156.6,-225.81,48.345
111.27,-95.053,-29.642
204.11,-426.88,129.7
233.1,-395.36,112.97
103.99,-30.193,-68.951
200.83,-275.56,41.723
104.27,-141.11,-33.157
251.54,-523.65,188.94
221.31,-505.01,210.01
219.45,-471.44,157.5
198.74,-268.65,66.272
185.04,-318.43,50.058
212.5,-436.56,181.26
143.88,-126.52,-56.172
237.41,-495.58,169.38
205.58,-452.6,162.62
97.366,-67.459,-46.819
73.313,-52.043,-100.64
158.36,-295.44,57.262
201.45,-330.11,117.3
197.68,-266.37,65.361
225.25,-381.94,149.51
185.52,-264.03,73.235
225.64,-490.85,170.25
86.201,-93.635,-61.264
75.468,-60.802,-93.094
265.77,-486.35,189.27
134.91,-83.64,-66.507
210.41,-445.14,140.97
103.05,-134.84,-47.839
149.03,-136.29,-48.494
226.75,-478.3,212.1
165.34,-230.35,-4.863
71.713,-24.971,-77.136
188.11,-227.47,23.055
115.22,-37.427,-73.672
255.89,-457.62,164
137.06,-111.83,-66.223
106.34,-44.799,-109.43
219.52,-446.4,136.4
65.651,-39.002,-88.733
206.07,-324.13,59.943
167.46,-170.08,-14.74
112.51,-147.31,-49.018
262.92,-479.92,205
255.7,-498.22,176.64
139.28,-137.01,-57.561
169.53,-200.22,30.252
244.53,-498.9,171.95
119.55,-59.733,-54.973
198.44,-427.85,149.39
141.36,-241.85,18.1
174.73,-331.36,66.833
184.69,-350.65,120.28
109.44,-108.9,-78.005
170.99,-323.55,94.147
154.37,-136.83,-18.62
186.55,-234.34,45.825
183.52,-215.88,12.294
184.43,-219.32,29.796
146.89,-235.47,44.825
217.92,-427.39,122.66
243.8,-408.39,152.55
191.41,-244.4,24.103
143.17,-109.23,-32.79
149.54,-209.34,-18.738
114.94,-170.08,-17.4
238.57,-486.09,162.82
75.785,-62.8,-90.779
231.65,-385.08,108.21
200.68,-392.32,151.94
101.18,-20.979,-74.713
202.06,-425.59,131.13
229.59,-356.64,108.98
178.08,-346.49,78.799
186.16,-355.02,123.38
234.7,-502.54,175.16
189.48,-259.36,22.444
172.03,-188.51,-10.306
208.69,-327.43,63.458
209.19,-330.86,115.73
233.31,-411.33,169.71
182.46,-212.67,10.545
233.46,-492.3,223.64
153.53,-235.87,-1.4339
148.18,-229.86,44.673
201.63,-438.95,157.28
237.07,-435.03,187.21
196.01,-406.71,149.89
230.27,-397.89,160.1
107.64,-33.387,-110.67
100.95,-99.785,-33.552
101.39,-42.32,-113.4
219.57,-468.04,201.04
133.32,-140.08,-59.032
208.22,-442.27,177.86
233.88,-493.03,168.09
212.87,-366.77,141.75
204.86,-309.94,53.659
92.256,-105.04,-46.457
194.07,-257.21,28.67
222.73,-334.86,99.789
145.12,-136.78,-53.005
120.27,-86.862,-34.009
219.57,-453.08,194.69
212.14,-393.91,99.965
122.49,-54.339,-87.157
211.6,-472.09,172.29
161.73,-273.9,24.614
195.58,-347.14,68.737
122.5,-185.7,-19.314
131.6,-78.497,-73.796
188.76,-233.67,40.501
166.76,-172.41,-18.697
121.78,-107.52,-21.392
112.57,-130.75,-15.454
176.35,-213.17,36.275
253.46,-473.94,164.11
249.65,-515.67,183.55
224.01,-346.06,89.948
213.79,-481.75,182.81
230.62,-381.4,144.65
243.86,-504.09,175.22
180.27,-365.37,109.73
160.5,-157.12,-29.532
234.16,-399.76,158.92
244.93,-494.78,229.18
240.83,-495.86,229
100.53,-49.75,-110.83
152.55,-258.86,56.62
107.33,-108.03,-26.236
221,-495.72,180.77
183.56,-375.42,107.16
239.85,-482.84,160.87
71.64,-43.195,-75.248
162.82,-296.77,77.299
181.27,-281.61,85.406
125.73,-199.92,-0.34861
148.35,-156.96,6.8742
165.7,-232.03,53.945
149.03,-210.27,37.71
209.66,-447.27,181.33
205.23,-430.66,132.24
232.64,-390.19,110.91
196.75,-323.4,54.448
244.27,-408.78,138.25
219.35,-334.79,79.64
186.76,-246.5,16.244
121.32,-94.515,-29.198
245.08,-427.79,138.83
227.28,-486.78,216.37
183.28,-370.05,98.592
114.99,-169.11,-13.848
197.04,-367.43,82.892
158.91,-279.49,69.082
240.52,-462.92,207.31
107.55,-124.01,-21.846
197.97,-414.14,154.53
246.51,-515.69,183.14
118.82,-87.735,-87.272
116.23,-35.559,-79.187
223.75,-451.88,139.53
116.2,-172.47,-11.979
119.31,-41.719,-87.706
144.88,-254.03,38.005
108.64,-101.41,-27.874
224.83,-521.1,210.54
250.59,-475.81,162.16
238.45,-437.46,188.62
169.44,-174.61,-10.055
217.98,-390.19,157.66
226.05,-378.41,99.137
225.49,-448.24,136.78
125.04,-152.44,-52.307
173.36,-191.02,15.673
245.35,-412.07,141.26
118.13,-102.1,-24.696
166.23,-209.1,38.895
179.95,-358.41,90.34
213.52,-332.93,114.74
232.4,-477.52,215.16
169.52,-321.43,63.73
71.652,-54.012,-79.272
137.3,-153.12,-51.596
120.46,-89.621,-85.672
188.34,-348.78,71.616
234.51,-473.18,153.91
211.04,-338.53,121.05
232.01,-367.35,124.09
209.51,-462.3,162.87
246.18,-517.5,184.34
183.54,-372.45,101.55
223.1,-509.44,215.03
155.77,-280.72,38.776
191.62,-247.31,24.186
173.27,-322.79,59.727
185.66,-309.73,102.63
172.28,-243.58,4.1709
140.76,-223.5,34.736
166.25,-170.57,2.7859
151.65,-229.46,-5.5032
266.99,-486.91,199.16
89.258,-81.707,-49.055
102.89,-68.693,-101.3
143.48,-207.59,-18.762
151.56,-158.56,6.7698
126.36,-187.93,-23.432
235.34,-413.21,121.68
179.41,-203.98,5.1689
107.63,-42.39,-61.349
119.3,-41.693,-78.812
180.12,-365.46,107.4
218.48,-329.42,104.78
125.07,-62.118,-60.008
190.1,-293.42,36.216
119.17,-41.653,-88.437
170.4,-206.66,35.154
159.2,-211.69,41.292
78.149,-38.795,-68.261
160.16,-216.89,-13.283
89.561,-87.448,-83.776
230.68,-448.31,197.07
268.86,-496.53,197.21
201.59,-327.38,58.544
113.82,-154.85,-10.77
175.77,-191.87,8.1641
204.53,-349.49,130.24
216.04,-430.39,125.18
115.16,-100.01,-26.266
268.98,-499.02,216.24
198.85,-276.23,38.136
90.74,-96.708,-75.12
117.53,-136.27,-61.428
235.92,-480.19,158.7
129.85,-69.234,-72.441
187.53,-350.67,123.24
93.898,-70.318,-100.19
114.77,-131.93,-63.583
127.29,-96.993,-29.096
98.935,-126.25,-49.24
202.08,-318.86,54.809
254.61,-468.98,205.55
191.85,-291.43,36.179
124.78,-56.11,-80.016
255.94,-514.03,184.84
110.08,-54.068,-53.733
95.14,-89.861,-41.212
118.1,-46.31,-67.513
179.39,-354.47,112.12
158.25,-293.42,65.134
221.09,-480.76,207.29
264.88,-496.64,221.6
189.94,-376.22,134.28
134.7,-224.74,18.618
224.07,-394.87,160.23
135.07,-118.18,-16.573
172.63,-232.75,-0.5733
111.56,-153.19,-40.979
109.17,-42.229,-62.313
73.379,-59.512,-78.109
86.854,-50.406,-58.633
225.07,-516.03,198.46
147.71,-253.37,19.304
184.53,-269.81,22.281
183.77,-349,74.651
133.63,-214.55,-3.5714
132.7,-127.87,-9.4616
105.1,-103.2,-29.333
209.5,-340.25,69.339
252.34,-464.71,159.49
160.21,-199.65,33.661
248.3,-458.45,152.62
142.31,-120.16,-58.856
125.06,-184.64,-25.261
109.33,-148.52,-19.055
95.426,-24.65,-69.806
226.83,-477.5,211.78
191.16,-395.36,138.49
177.86,-352.55,87.275
211.19,-413.41,113.64
162.19,-270.57,70.734
77.424,-63.526,-67.563
106.34,-146.85,-31.029
127.45,-131.57,-64.708
111.32,-29.906,-76.272
271.13,-510.52,201.2
121.4,-102.47,-24.317
186.44,-374.1,127.88
207.63,-442.67,141.78
106.77,-64.808,-102
194.35,-376.43,139.66
140.9,-212.35,32.621
175.2,-220.43,43.68
133.11,-215.64,-0.83191
158.88,-145.93,-17.584
202.05,-308.85,50.656
114.42,-89.937,-31.708
198.38,-407.85,154.4
129.01,-135.07,-5.4959
158.56,-208.08,-18.211
215.25,-332.72,72.439
105.29,-55.528,-106.42
155.04,-183.17,-30.879
208.11,-451.41,178.86
215.48,-486.12,182.27
128.24,-121.62,-69.201
141.52,-158.71,9.0095
140.94,-117.93,-20.32
168.52,-303.29,87.242
196.58,-253.05,47.525
237.52,-383.43,128.64
213.23,-361.39,81.618
70.749,-52.069,-94.003
190.91,-235.71,28.14
183.63,-229.18,9.4301
106.39,-138.14,-23.041
236.78,-459.36,145.66
199.25,-285.37,40.375
139.19,-174.36,-39.883
239.31,-422.3,175.38
215.35,-427.62,123.27
153.06,-209.79,39.07
200.39,-367.58,82.383
215.59,-312.81,74.451
112.46,-131.85,-15.273
195.81,-337.49,62.498
165.99,-174.7,8.6785
143.09,-225.31,-4.2268
204.09,-308.32,52.345
105.81,-119.54,-68.621
178.38,-285.08,28.516
115.6,-74.384,-93.872
271.14,-505.02,202.51
213.05,-302.71,74.637
193.4,-356.54,75.755
144.15,-231.5,0.57313
225.33,-509.42,189.34
217.35,-474.33,162.48
264.05,-476.62,189.43
154.92,-263.8,60.785
174.28,-227.77,-1.3962
218.06,-449.65,191.9
211.72,-371.88,145.28
223.81,-361.47,132.23
137.82,-106.5,-28.134
94.877,-116.53,-50.691
261.04,-513.26,187.83
205.77,-395.61,101.67
137.94,-123.22,-62.853
142.07,-238.23,10.686
105.73,-67.576,-118.02
157.94,-320.88,60.126
260.99,-497.65,177.53
205.69,-410.47,87.891
217.85,-373.17,75.172
182.63,-375.84,69.698
176.29,-243.82,33.874
228.99,-450.48,117.72
187.43,-420.09,121.02
190.37,-423.77,111.41
214.16,-490.4,189.27
178.76,-228.24,9.8525
222.77,-518.58,209.56
208.92,-438.31,107.49
157.42,-285.56,57.116
174.98,-219.35,-9.2983
190.79,-308.47,25.987
186.13,-251.15,11.297
111.38,-84.19,-58.239
139.8,-227.48,-28.629
240.72,-468.91,185.98
225.19,-430.14,104.99
189.56,-418.32,105.88
145.45,-272.45,7.5775
165.25,-189.45,-23.125
124.57,-168.93,-65.302
198.58,-343.95,46.883
194.8,-316.82,83.956
127.14,-120.53,-86.544
112.02,-187.72,-25.885
106.15,-138.55,-32.716
161.17,-202.96,9.3221
128.8,-129.42,-31.891
91.062,-119.24,-53.311
197.7,-288.44,31.916
100.54,-154.59,-57.878
198.6,-454.55,152.8
165.3,-346.36,70.776
147.16,-139.79,-45.517
195.49,-331.29,39.098
191.54,-404.3,88.399
176.32,-343.55,45.881
140.82,-268.44,26.743
210.62,-377.16,124.92
164.41,-198.98,-30.09
250.41,-466.31,172.32
183.21,-404.72,104.83
174.11,-369.59,75.495
138.22,-238.39,23.709
120.52,-89.095,-99.131
176.22,-305.88,19.057
113.43,-53.339,-105.64
156.12,-284.72,55.574
69.879,-33.69,-90.684
212.18,-506.42,183.01
142.99,-169.53,-7.8144
210.2,-427.93,158.03
236.47,-430.53,116.37
250.66,-460.12,153.78
222.21,-481.52,136.78
173.18,-369.98,79.472
216.49,-500.75,195.51
209.25,-341.61,95.563
201.48,-461.7,160.46
82.47,-70.557,-70.55
187.06,-341.34,100.65
193.86,-273.5,39.057
113.57,-175.65,-54.729
115.02,-109.98,-42.098
116.23,-111.36,-41.331
129.72,-196.78,3.8784
192.4,-279.11,51.117
95.286,-135.38,-47.516
121.01,-140.01,-81.902
80.548,-35.827,-85.514
71.278,-71.278,-112.31
171.41,-238.61,-14.837
113.08,-69.529,-71.047
234.15,-503.79,151.62
197.83,-313.38,79.353
91.816,-133.66,-66.238
230.28,-437.16,164.86
200.89,-436.07,109.83
171.23,-229.94,25.462
192.57,-419.05,138.33
166.1,-223.95,-24.059
191.71,-379.7,122.97
221.89,-431.67,104.13
166.91,-304.06,18.918
105.95,-161.88,-30.301
260.53,-510.26,173.7
165.48,-189.76,-21.876
188.63,-260.88,34.849
136.04,-184.59,-55.825
197.6,-431.13,108.19
251.9,-469.51,152.67
213.21,-336.46,82.537
62.422,-38.838,-96.32
148.99,-176.76,-52.744
169.85,-333.58,85.201
226.41,-377.19,94.913
92.028,-131.86,-71.474
167.76,-345.73,83.294
135.48,-249.8,18.696
212.54,-356.38,63.735
200.05,-421.28,97.502
250.73,-470.72,149.31
140.84,-123.88,-63.187
198.49,-350.34,107.68
126.69,-209.56,4.0271
102.22,-114.02,-43.392
196.26,-421.74,144.32
113.39,-191.77,-24.307
88.671,-92.574,-108.09
151.47,-270.73,-0.13916
143.51,-261.62,-1.5792
210.56,-370.23,66.797
235.11,-416.98,111.91
217.87,-380.99,124.61
106.58,-50.201,-83.157
216.24,-343.9,84.457
89.501,-109.54,-94.431
173.56,-212.54,-1.768
165.74,-298.8,15.376
187.1,-386.49,75.791
180.24,-314.92,83.662
257.34,-483.56,174.18
133.7,-244.78,-5.057
106.81,-108.85,-43.702
187.51,-362.4,56.273
221.44,-378.79,81.652
133.7,-106.58,-60.105
227.74,-410.69,143.79
191.06,-311.77,81.44
199.29,-434.92,152.33
179.41,-383.77,82.492
185.36,-384.75,119.22
136.75,-205.11,-43.538
185.18,-247.5,22.675
74.004,-68.144,-118.8
73.665,-70.827,-115.91
202.33,-382.14,128.65
229.35,-501.94,150.56
182.31,-239.42,4.7661
173.03,-272.17,-0.38339
240.56,-424.17,132.66
107.27,-35.46,-110.42
250.03,-459.93,163.27
149.84,-296.06,31.393
167.21,-322.02,78.754
195.62,-341.74,44.329
206.89,-415.2,91.09
184.22,-353.84,50.784
190.09,-260.37,25.835
108.02,-71.883,-65.885
78.964,-95.22,-73.332
226.55,-398.99,133.78
162.49,-328.11,45.264
167.77,-237.42,-18.284
199.46,-459.07,154.15
79.57,-53.473,-132.35
213.28,-369.51,68.851
143.93,-152.81,-21.667
235.54,-476.22,193.13
188.05,-373.23,117.41
143.96,-255.18,34.23
174.47,-339.29,43.385
85.769,-42.212,-81.439
215.14,-468.57,129
196.8,-399.86,135.99
117.56,-85.211,-60.675
151.57,-289.34,50.31
154.32,-174.63,-46.846
233.63,-431.6,158.14
162.29,-204.69,-32.652
193.6,-415.85,97.394
228.42,-499.75,149.11
206.8,-313.91,51.919
204.67,-478.19,166.38
213.05,-458.47,175.57
256.94,-505.05,166.54
80.35,-103.85,-76.49
191.09,-344.89,44.677
134.47,-119.2,-44.725
217.68,-353.14,95.327
151.2,-231.34,-27.707
101.57,-135.13,-81.42
108.36,-122.56,-92.595
127.91,-155.4,-15.505
184.49,-407.26,118.67
195.71,-289.02,57.328
144.2,-175.31,-4.0775
214.74,-337.86,70.48
235.24,-419.34,112.32
135.67,-248.4,-4.5463
88.792,-108.66,-94.581
92.028,-116.44,-51.877
138.59,-128.58,-71.684
73.771,-74.317,-79.41
259.38,-503.93,170.62
177.82,-375.37,75.095
195.74,-412.41,92.523
170.55,-279.61,2.7659
123.3,-121.47,-35.863
217.43,-484.62,191.04
157.38,-272.17,52.026
220.78,-360.33,97.264
133.16,-198.31,6.7197
141.46,-126.06,-62.967
240.83,-531.04,170.32
207.55,-314.39,56.479
191.56,-387.07,73.744
142.79,-246.61,30.825
231.12,-417.31,146.98
198.94,-391.58,75.281
134.82,-191.89,-51.717
62.402,-57.773,-108.19
210.04,-471.43,177.89
121.67,-117.68,-38.047
179.97,-376.22,109.43
158.69,-314.98,36.004
216.99,-372.96,118.06
151.3,-160.4,-51.406
163.53,-238.01,34.987
191.4,-375.17,120.58
197.49,-315.29,34.284
141.28,-243.37,28.363
141.12,-125.31,-63.697
246.04,-489.05,148.29
181.22,-327.84,33.144
199.16,-443.19,118.68
197.92,-385.82,129.45
91.489,-131.28,-56.599
132.05,-150.2,-73.369
221.83,-361.71,95.199
188,-257.28,14.319
168.34,-261.18,49.765
181.25,-373.93,69.172
227.86,-384.3,96.497
231.53,-480.96,196.25
98.032,-150.14,-56.471
123.89,-103.87,-93.28
167.34,-349.11,63.448
137.12,-259.31,11.025
156.99,-258.22,-11.11
259.66,-492.6,183.04
180.04,-394.47,99.036
133.11,-244.04,-4.524
142.28,-126.45,-57.062
190.66,-403.63,88.54
182.2,-311.95,82.26
209.7,-492.81,159.58
232.68,-433.28,160.34
152.53,-153.91,-38.842
112.33,-183.56,-21.047
159.73,-303.33,22.459
134.24,-112.86,-77.6
149.36,-294.47,42.822
224.9,-492.56,144.47
138.86,-184.96,2.2782
140.95,-138.55,-32.387
205,-343.43,51.314
120.88,-201.57,-5.5979
137.92,-190.89,5.2804
154.9,-307.42,56.151
209.59,-366.45,117
236.42,-422.47,115.03
196.49,-419.77,143.95
115.56,-195.31,-17.31
159.81,-179.68,-13.761
134,-192.97,4.8955
237.41,-415.84,119.2
103.94,-103.84,-103.41
71.411,-39.731,-87.722
103,-146.4,-72.39
142.45,-255.24,32.266
258.62,-488.92,172.14
75.182,-35.573,-87.261
129.53,-167.54,-8.7999
187.14,-375.34,117.6
182.03,-239.7,3.3322
218.69,-509.22,162.87
160.49,-187.06,-5.6611
145.91,-265.31,38.709
204.73,-415.3,148.56
122.7,-182.56,-55.38
134.59,-226.57,16.912
162.72,-228.95,-24.924
143.41,-203.54,13.235
217.36,-440.07,167.62
162.89,-318.98,34.424
78.975,-99.483,-76.867
125.43,-138.07,-25.584
131.61,-102.52,-80.097
241.32,-432.51,147.86
246.77,-516.93,162.89
199.08,-307.3,34.249
95.245,-137.8,-48.436
140.09,-132.55,-37.677
118.69,-172.42,-61.293
146.55,-146.5,-31.408
155.71,-270.72,-2.1759
207.71,-320.35,73.431
180.88,-309.02,80.298
132.93,-107.03,-57.132
251.78,-470.1,152.17
132.12,-233.04,-17.289
118.9,-196.8,-9.0044
146.43,-170.15,-56.789
199.81,-385.51,130
197.31,-453.37,137.81
96.961,-146.88,-49.616
252.79,-523.47,169.71
241.64,-502.9,152.73
171.01,-363.3,75.785
217.66,-430.24,161.5
106.69,-117.07,-40.008
212.13,-368.57,117.52
71.996,-68.877,-115.99
187.63,-289.17,65.214
87.852,-56.473,-130.47
129.93,-166.3,-9.3413
63.409,-55.023,-96.549
60.564,-47.838,-100.84
138.35,-236.16,-20.793
75.49,-82.904,-77.437
120.12,-127.5,-31.819
84.759,-103.53,-62.966
212.05,-506.2,182.28
157.99,-257.67,-11.503
163.35,-317.93,32.887
256.56,-488.83,163.64
144.79,-272.52,37.159
254.37,-473.32,168.57
164.73,-343.74,64.458
244.29,-465.58,180.55
187.25,-276.48,54.497
195.39,-447.73,139.44
117.84,-184.69,-50.289
206.2,-483.2,170.44
236.16,-451.7,123.24
88.786,-83.622,-114.49
244.26,-437.12,141.22
172.16,-282.76,4.8804
183.54,-386.53,117.16
166,-205.53,-27.402
164.89,-317.78,74.853
211.15,-410.79,88.568
174.17,-251.97,42.088
151.11,-224.42,-31.64
194.46,-290.26,60.484
156.02,-316.92,50.269
190.35,-318.23,86.282
85.76,-116.02,-79.916
76.323,-93.644,-83.457
164.09,-288.63,8.4618
124.62,-87.431,-92.046
240.04,-475.19,191.36
125.21,-143.63,-79.034
226.83,-512.42,159.42
225.24,-499.27,149.53
153.04,-259.55,-9.5194
168.9,-337.66,84.882
261.34,-499.12,188.62
236.9,-412.1,120.33
216.8,-364.39,71.574
121.58,-191.07,-5.3
229.11,-387.47,99.984
154.57,-167.76,-19.077
96.01,-70.389,-121.85
129.41,-232.62,7.5727
87.481,-105.54,-96.281
213.14,-343.31,92.11
182.84,-275.23,56.404
247.52,-527.79,169.41
117.49,-183.11,-51.45
92.668,-71.018,-122.22
209.78,-428.67,100.27
209,-481.9,178.68
110.97,-81.23,-60.216
178.32,-361.23,103.48
216.23,-515.25,196.29
127.9,-130.54,-30.818
208.13,-334.66,52.641
103.6,-62.696,-121.01
127.99,-175.34,-61.574
152.1,-200.55,11.526
183.81,-276.86,57.219
123.82,-154.64,-16.766
100.51,-139.91,-76.158
189.56,-87.689,76.564
146.04,-56.802,63.792
184.64,-144.57,120.24
192.24,-85.077,63.246
113.87,-2.2708,21.167
149.94,6.5361,-14.685
238.94,-363.71,248.15
156.33,-9.2885,32.163
150.64,15.41,-11.726
137.67,-37.506,-2.4218
296.54,-440.6,285.01
224.05,-323.8,178.07
172.93,-96.236,91.723
190.17,-198.8,99.014
122.48,-42.649,27.974
168.02,-126.75,53.435
280.16,-373.23,242.28
225.39,-355.13,210.59
250.95,-263.54,174.66
157.45,-98.596,36.222
240.19,-252.3,181.72
221.33,-293.64,206.28
218.04,-319.82,182.6
210.88,-272.35,145.48
189.51,-152.27,125.52
214.61,-187.64,95.295
245.6,-368.05,199.67
219.37,-301.67,207.23
234.83,-308.32,220.24
253.31,-356.67,192.89
268.69,-368.81,207.07
160.94,-140.42,94.404
159.66,-68.313,74.274
240.1,-397.47,259.51
178.54,-195.56,122.51
132.11,-67.405,41.941
239.14,-319.29,227.29
194.91,-202.46,151.08
215.18,-311.6,201.55
117.4,3.276,-26.325
138.02,-44.377,2.3827
235.79,-279.64,203.69
161.16,-112.7,45.609
192.53,-86.17,58.14
285.22,-408.19,239.45
216.63,-297.95,202.87
243.9,-412.48,268.76
287.8,-404.09,246.33
241.93,-415.49,243.26
238.25,-223.18,153.18
217.74,-260.05,133.46
271.91,-467.86,260.18
291.52,-415.89,263.74
211.15,-243.39,123.56
248.08,-427.58,244.56
279.06,-365.85,231.68
203.35,-253.06,135.35
283.59,-421.92,240.9
273.09,-354.89,209.76
182.31,-125.04,51.711
153,-58.852,10.416
276.89,-432.21,240.44
235.43,-393.48,233.13
166.01,-142.2,104.91
102.54,24.661,4.1117
233.08,-249.23,132.12
223.51,-330.63,184.96
160.48,-22.929,41.766
272.84,-369.87,211.98
245.53,-243.44,154.4
133.07,-70.095,39.611
292.2,-460.59,263.37
196.65,-253.57,151.27
163.9,-66.601,17.256
110.31,14.979,14.418
233.37,-243.46,179.3
212.16,-208.03,160.1
176.39,-147.32,65.671
152.96,-122.13,76.63
245.69,-435.53,271.67
230.82,-323.49,173.44
140.36,-64.515,17.483
123.49,-10.144,32.456
160.37,-3.5914,9.8525
251.76,-366.26,255.99
247.36,-440.33,260.79
275.84,-404.33,227.11
122.13,-8.4876,30.887
140.68,-33.532,-5.2387
236.46,-214.07,135.23
225.39,-354.19,223.49
148.99,21.403,4.7876
234.43,-374.47,245.75
286.74,-415.78,277.39
253.24,-278.17,189.55
243.1,-261.57,145.76
172.3,-172.92,94.913
118.69,5.0712,-28.097
122.89,-41.744,15.828
297.65,-443.98,286.16
167.03,-31.251,43.235
101.22,36.013,0.94407
180.14,-62.683,32.225
155.04,-119.87,58.728
177.9,-190.88,124.24
260.36,-424.19,289.16
175.79,-155.43,119.29
202.1,-271.34,160.56
193.56,-88.475,64.592
219.1,-187.66,99.511
287.62,-417.1,277.38
156.8,-119.45,55.525
146.12,-37.413,-2.4872
181.09,-198.84,110.46
167.48,-161.67,91.395
193.53,-97.564,53.747
274.81,-353.95,232.19
246.83,-417.4,236.71
202.5,-235.69,121.24
187.68,-170.35,78.881
167.04,-159.23,88.2
206.25,-199.47,154.58
225.3,-283.06,147.41
172.97,-46.556,20.706
293.56,-430.08,259.5
170.3,-171.22,100.28
175.41,-70.841,26.424
150.33,-105.64,48.971
230.74,-289.13,208.86
274.73,-411.22,229.31
229.97,-311.12,165.07
171.8,-161.54,115.26
145.6,-68.1,67.362
153.67,-21.719,44.81
237.26,-299.25,215.65
187.71,-214.42,144.75
243.82,-290.63,209.32
144.35,-46.238,2.5649
162.37,-90.947,86.349
256.9,-287.09,191.81
163.69,-151.76,87.203
279.24,-443.16,246.94
228.48,-210.15,115.82
220.22,-184.75,139.84
183.48,-204.57,112.68
185.32,-113.18,101.71
295.4,-431.79,267.32
250.19,-413.12,230.12
166.89,-73.128,77.628
207.35,-161.36,129.31
246.33,-391.87,265.52
256.59,-293.31,200.5
181.92,-68.208,34.889
159.03,-110.38,44.896
248.35,-448.25,274.28
237.99,-253.84,137.92
184.05,-99.224,41.858
191.21,-85.446,52.33
120.94,-6.7385,29.412
243.04,-285.76,153.88
256.11,-292.61,171.25
281.72,-379.68,246.44
205.21,-133.89,106.37
244.63,-417.72,240.09
146.31,24.674,-18.904
143.39,29.263,5.1608
212.13,-220.95,109.69
156.42,-118.2,54.654
116.41,-12.421,-11.746
110.35,-12.961,7.1708
143.39,-96.404,61.053
239.66,-384.73,256
263.37,-408.31,223.75
256.05,-327.08,180.23
233.7,-263.88,138.7
135.43,-61.501,19.016
236.48,-360.35,244.61
216.31,-154.1,109.76
213.06,-311.22,188.48
199.62,-152.89,71.9
198.72,-102.84,68.172
226.21,-352.65,204.06
285.48,-458.2,257.33
245.18,-368.25,254.48
170.48,-142.66,64.913
142.93,-61.446,13.519
174.82,-115.44,102.56
269.68,-454.36,251.79
130.64,-61.551,43.397
141.03,-65.743,18.104
223.82,-320,175.02
158.5,-49.546,7.4077
175.93,-59.381,25.229
207.89,-268.61,144.95
246.63,-342.93,241.96
119.8,-29.758,4.0303
256.56,-283.13,175.13
257.45,-292.77,174.36
178.6,-124.48,50.661
185.73,-105.82,96.332
263.66,-353.19,245.98
128.94,-45.699,9.599
123.23,-23.604,35.206
293.14,-423.09,269.72
205.41,-209.96,102.71
157.34,-25.568,46.228
153.6,-73.21,19.189
231.85,-215.38,121.58
213.27,-234.46,117.67
167.52,-136.8,61.905
145.97,8.1563,24.301
201.92,-268.75,156.11
228.51,-218.66,117.79
162.13,-114.68,95.067
140.36,-18.143,-13.871
231.2,-342.45,233.06
167.22,-39.786,11.858
262.26,-302.22,194.08
129.66,-37.085,0.54118
117.12,27.317,14.424
171.44,-120.27,103.52
242.13,-235.81,143.25
269.69,-451.44,249.94
267.87,-436.56,298.41
230.15,-307.31,162.48
172.78,-52.349,59.096
177.76,-182.7,96.353
200.82,-155.98,127.75
254.99,-356.27,193.17
204.26,-117.49,81.561
147.79,26.384,-12.546
143.99,-10.215,38.967
293.71,-445.36,260.76
250.77,-293.88,208
125.58,-46.29,37.271
202.97,-192.2,92.161
194.88,-247.3,146.33
292.97,-434.18,257.8
262.12,-352.23,195.08
267.14,-335.71,196.19
128.06,-45.16,43.032
237.5,-261.21,140.07
178.54,-194.8,123.69
256.61,-333.8,235.15
196.8,-227.83,118.77
273.88,-388.66,266.82
138.07,27.902,12.144
217.82,-233.86,117.87
186.48,-217.36,140.58
272.05,-369.01,210.73
257.75,-361.87,197.04
251.39,-460.35,279.68
258.12,-299.43,204.47
241.13,-286.55,153
148.25,-52.486,6.3745
264.71,-316.84,210.78
193.76,-111.49,54.474
263.37,-402.98,220.7
237.19,-256.31,187.08
219.89,-260.24,133.41
151.82,-107.14,80.942
205.57,-161.22,79.072
227.56,-333.51,183.18
186.94,-145.15,121.14
178.91,-176.07,87.982
233.88,-249.76,132.93
299.61,-451.66,274.99
240.75,-299.77,216
226.73,-241.41,124.89
264.97,-357.43,248.43
267.5,-430.12,236.92
222.12,-237.65,121.09
215.01,-258.13,187.14
109.57,37.552,6.6622
167.95,-22.934,19.59
252.94,-370.12,200.43
190.97,-114.17,100.47
297.74,-440.73,278.66
254.12,-297.54,208.09
168.18,-23.112,25.23
258.74,-382.51,266.34
136.15,43.274,-1.2545
203.57,-118.1,73.338
238.88,-294.67,155.84
116.67,1.5868,-24.674
216.54,-177.86,94.329
262.38,-309.38,207.16
227.5,-185.31,120.27
219.27,-323.76,211.02
227.42,-186.28,127.37
198.45,-229.56,163.17
192.87,-100.76,52.277
243.26,-423.16,249.72
141.35,38.185,-3.3045
226.73,-253.62,130.74
275.21,-359.2,214.84
197.95,-189.48,90.195
268.17,-330.75,198.65
260.32,-296.47,183.56
201.81,-154.04,126.11
249,-361.36,252.62
217.8,-212.68,162.64
194.17,-105.54,54.434
270,-332.62,205.18
215.91,-198.94,153.71
144.79,-41.244,-0.47433
234.62,-269.71,197.43
138.63,25.754,13.665
209.24,-271.34,186.77
195.26,-151.81,125.76
200.82,-268.06,164.3
179.97,-189.34,130.13
180.5,-148.48,120.31
192.97,-86.924,60.644
211.95,-186.65,146.21
177.85,-141.36,115.86
109.42,-10.468,1.6504
202.27,-271.6,170.68
163.49,-108.63,41.582
103.85,6.1924,-14.516
206.07,-224.66,111.98
231.3,-197.66,125.42
260.47,-331.37,185.85
227.68,-288.96,150.95
200.86,-267.29,167.02
257.86,-394.76,215.36
190.44,-229.03,129.9
159.83,-47.528,7.3062
194.59,-227.47,120.65
229.53,-301.54,214.81
212.41,-299.76,195.64
247.54,-250.11,159.12
203.34,-193.55,92.972
97.204,24.065,-6.0129
174.05,-139.5,60.727
135.3,7.7389,28.082
121.9,14.68,22.043
243.34,-407.35,266.85
102.19,16.159,-25.834
258.04,-414.6,227.88
250.13,-412.27,276.77
162.05,-22.242,39.505
245.08,-281.22,201.8
221.77,-300.91,209.4
143.58,31.838,-22.845
161.59,-10.156,24.516
244.19,-378.59,207.54
259.38,-457.48,258.55
181.81,-77.988,34.821
162.81,-121.51,97.505
243.66,-266.61,147.73
197.37,-143.41,119.85
236.91,-339.13,236.31
280.65,-372.38,232.49
135.17,-74.913,39.982
144.82,34.91,-11.127
271.52,-337.28,210.22
240.4,-336.64,236.82
126.73,-0.31534,-25.597
142.62,-23.401,-10.612
162.74,-113.91,45.805
201.9,-257.09,173.15
229.4,-191.94,129.79
184.35,-151.98,67.295
252.24,-388.35,211.74
188.2,-87.459,44.697
167.46,-159.59,105.5
211.41,-300.07,192.69
207.31,-204.82,99.897
162.74,-146.33,97.05
157.63,-49.722,63.304
268.6,-329.39,216.59
157.41,-134.77,82.726
201.77,-128.83,67.308
228.62,-333.99,227.53
213.81,-147.06,90.926
289.66,-452.17,257.85
153.55,-115.78,56.179
220.02,-292.93,204.93
153.42,11.304,9.8234
257.75,-329.81,182.7
153.03,-72.586,18.843
277.18,-359.66,222.58
194.15,-98.449,54.932
196.61,-253.32,157.49
223.43,-185.66,136.81
232.6,-251.25,132.59
166.6,-154.96,82.53
187.66,-195.31,142.22
285.61,-404.65,239.81
197.2,-190.81,70.484
279.89,-424.62,270.39
211.01,-268.43,159.32
239.12,-268.98,119.6
126.78,-33.917,11.999
169.63,-145.97,52.754
197.23,-160.83,51.473
197.44,-237.79,117.47
218.05,-279.61,128.68
247.43,-387.47,194.48
207.68,-152.07,102.82
219.22,-238.39,155.74
266.41,-399.44,196.82
205.61,-249.32,148.13
120.49,-25.255,-14.57
293.15,-433.93,271.17
246.35,-350.13,222.06
245.35,-252.07,118.15
256.47,-457.93,256.48
281.22,-353.82,206.95
201.12,-248.42,122.19
214.55,-205.57,79.236
263.57,-322.9,159.03
248.51,-360.83,173.97
226.08,-319.89,191.69
277.47,-431.31,274.61
255.38,-404.92,202.67
193.82,-82.72,49.374
268.06,-436.99,274.83
163.03,-77.326,56.929
160.41,-28.827,27.864
263.62,-331.45,162.1
217.47,-143.93,83.193
302.01,-435.74,247.65
243.47,-270.75,175.79
184.28,-127.09,30.725
285.5,-378.71,229.21
159.42,-33.969,31.786
140.72,-65.913,1.4942
182.24,-139.92,38.673
184.24,-180.2,106.93
137.73,-49.739,29.137
257.26,-375.86,182.37
276.4,-334.39,187.62
126.92,19.19,-1.4705
240.96,-212.45,121.69
151.29,-93.075,18.166
301.83,-469.14,248.96
260.72,-465.92,251.12
272.43,-420.69,209.82
224.66,-213.55,141.38
240.59,-258.52,115.86
242.16,-397.06,228.68
188.23,-62.623,22.645
289.79,-441.52,227.47
251.92,-408.44,208
124.87,-23.158,9.7046
126.61,-0.19588,-46.713
207.44,-246.45,108.97
224.85,-283.85,179.41
223.41,-211.46,140.25
247.23,-334.37,214.57
209.12,-214.75,140.16
278.32,-440.53,222.04
133.04,-46.199,-10.809
127.89,-9.8227,-40.077
298.82,-431.07,260.55
170.12,-22.562,12.988
263.54,-394.19,193.52
155.19,-83.496,5.9449
192.18,-72.422,30.966
253.92,-440.43,258.3
218.95,-167.09,67.542
103.62,17.729,-25.78
222.05,-166.24,103.54
140.79,16.834,0.26214
292.66,-400.09,236.79
182.28,-48.068,11.873
154.15,17.732,-34.842
273.42,-391.65,194.74
109.83,6.4428,-39.996
254.4,-260.97,135.24
202.79,-108.17,66.038
167.89,-92.142,9.1333
286.43,-430.31,272.5
301.57,-441.14,243.43
189.25,-73.129,17.981
193.65,-148.07,101.56
295.36,-443.41,233.27
143.39,-7.8449,16.077
243.51,-383.8,195.34
193.16,-190.53,72.032
229.12,-277.91,122.76
217.94,-308.08,170.64
165.26,-49.392,-13.007
209.83,-279.38,143.9
181.9,-79.902,58.529
212.22,-179.39,120.82
219.36,-153.75,93.153
212.78,-161.6,107.78
181.97,-190.69,97.732
271.76,-370.68,184.24
270.26,-354.69,225.06
230.49,-181.27,104.72
169.68,-53.447,43.085
205.45,-148.02,49.176
162.84,-121.39,34.497
290.34,-430.61,223.57
127.75,-12.232,-38.172
273.72,-323.95,183.82
230.63,-351.16,201.91
124.08,28.56,-6.9567
254.46,-375.62,182.51
261.03,-298.49,185.88
231.57,-294.33,133.13
219.23,-312.59,173.62
287.42,-450.28,230.09
235.41,-195.11,100.92
211.14,-125.21,70.578
255.98,-264.31,139.31
231.98,-282.05,182.37
254.69,-365.01,233.07
218.18,-150.57,91.408
258.79,-454.8,270.3
210.06,-176.29,63.271
180.95,-185.13,98.836
246.31,-395.4,202.63
257.98,-390.79,247.45
233.39,-365.09,196.31
251.97,-350.72,224.67
151.48,28.95,-34.108
133.33,-55.746,19.719
151.28,19.82,-40.662
249.85,-429.77,246.1
186.44,-77.128,13.161
242.62,-402.5,222.97
286.68,-439.74,224.67
235.61,-321.49,202.63
251.2,-246.44,130.67
134.82,-59.27,3.7502
235.16,-193.66,108.81
251.95,-277.64,176.43
191.51,-72.642,25.022
143.87,-38.564,31.31
247.34,-414.18,242.21
265.77,-334.96,165.32
159.48,6.9628,-8.3257
259.23,-427.54,217.57
218.03,-216.5,85.89
250.5,-287.45,134.55
175.59,-133.24,35.731
169.16,-16.651,5.5929
216.32,-176.69,117.72
205.07,-109.4,62.174
146.63,-60.758,40.685
145.22,-86.298,38.336
200.93,-159.89,109.16
296.83,-415.81,234.05
299.99,-460.77,244.17
262.01,-284.87,168.02
259.42,-438.82,226.6
253.63,-331.08,213.62
295.18,-449.29,235.12
225.2,-319.86,158.15
199.71,-93.915,51.125
256.32,-351.09,225.7
266.02,-455.6,281.04
263.29,-457.63,278.51
152.14,12.018,-39.697
189.43,-214.08,108.51
137.85,-63.711,28.571
271.35,-449.21,227.68
232.82,-327.53,156.95
291.08,-426.72,222.98
109.49,0.37509,-25.911
201.61,-252.12,127.86
206.41,-235.51,146.23
174.17,-150.83,51.886
172.22,-107.23,74.364
190.98,-185.09,116.07
177.67,-164.89,95.341
243.93,-407.71,226.19
258.32,-379.76,184.75
275.1,-329.16,186.13
249.5,-261.23,125.57
277.8,-350.9,213.49
259.17,-272.81,157.94
231.48,-182.23,95.45
145.22,-46.695,35.171
285.31,-368.37,212.7
255.43,-449.32,261.34
234.79,-320.24,150.22
160.77,-121.48,37.543
252.33,-309.75,145.21
196.07,-234.92,120.46
261.31,-421.24,263.43
141.88,-79.623,30.866
235.45,-372.73,200.56
297.74,-461.51,242.08
169.23,-24.773,-13.488
143.59,20.376,-3.5518
277.27,-396.45,199.18
162.06,-124.78,39.454
152.5,17.908,-9.4153
190.73,-206.43,89.311
137.2,-56.798,28.553
269.28,-479.97,252.07
296.24,-417.75,230.67
259.27,-393.06,249.17
203.75,-113.14,70.595
240.61,-346.21,216.48
271.27,-316.74,173.81
278.62,-391.86,198.22
181.28,-92.62,12.96
200.36,-134.47,92.51
278.41,-354.49,216.28
143.35,-55.807,36.41
190.16,-159.57,106.04
231.85,-308.07,142.61
236.65,-282.52,183.78
256.56,-439.07,264.05
222.81,-269.26,118.19
115.55,-8.4638,-30.2
190.82,-90.189,20.336
170.44,-26.526,-11.425
244.01,-291.7,132.73
286.67,-417.28,215.13
233.71,-290.12,187.1
259.53,-311.98,198.71
258.53,-416.41,209.52
297.57,-463.61,242.73
234.44,-323.22,152.59
261.33,-470.94,255.86
208.95,-228.36,93.616
231.71,-183.92,104.64
228.23,-268.4,116.86
211.98,-265.12,160.33
224.94,-179.99,77.67
177.61,-178.45,87.072
193.42,-113.88,79.764
208.17,-169.73,59.445
295.13,-434.03,269.33
124.96,-37.822,2.043
156.43,-7.5038,-32.237
200.04,-148.01,45.929
175.4,-107.83,75.925
181.49,-133.11,34.293
280.59,-352.7,194.44
215.16,-141.86,86.062
130.64,6.7733,5.7284
148.12,15.428,-2.0856
226.26,-319.33,156.13
244.12,-275.16,178.67
151.1,-7.1614,14.792
241.95,-230.22,109.54
152.73,18.139,-10.088
194.36,-155.16,105.5
184.43,-164.5,103.85
109.52,4.197,-16.116
213.95,-153.69,58.926
144.41,-33.269,-26.931
253.1,-407.51,250.81
301.17,-441.86,267.9
252.79,-264.77,131.29
152.97,-109.51,40.712
206.27,-132.51,87.589
228.21,-304.53,190.05
270.17,-374.65,184.99
141,-54.222,33.645
292.86,-449.48,283.43
241.42,-212.59,117.56
144.57,-43.928,-19.974
173.78,-77.143,2.7055
288.06,-424.72,219.23
163.64,-8.9536,6.5736
218.73,-308.18,174.67
149.43,-11.705,-36.488
171.03,-73.269,-0.22273
150.79,-47.423,38.366
149.41,-76.267,3.2697
251.81,-255.72,129.26
275.52,-422.59,269.31
242.6,-227.92,110.66
158.44,3.9308,-1.3162
303.69,-457.96,248.9
133.21,-5.487,12.319
128.8,-45.983,11.058
143.37,7.675,6.1439
219.23,-310.71,160.61
202.73,-246.82,115.58
252.76,-442.85,250.95
286.1,-449.88,285.78
224.82,-334.2,182.81
181.24,-176.67,70.289
245.9,-349.63,221.58
158.72,-68.417,51.121
223.47,-168.58,74.933
165.41,-100.08,14.699
132.26,7.6015,5.8082
118.4,-13.403,-28.774
116,-6.9041,-4.3655
273.49,-471.83,242.7
201.89,-199.81,75.531
235.54,-206.02,97.074
239.02,-293.97,132.66
187.46,-161.32,52.318
157.01,-79.979,54.781
135.8,-58.982,25.207
258.54,-277.57,143.45
294.75,-406.3,230.45
184.45,-150.99,99.213
292.6,-399.68,223.1
185.92,-56.424,20.126
180.12,-129.92,32.352
151.13,-102.53,31.95
118.53,22.266,-6.4584
253.84,-439.58,258.15
230.91,-352.7,185.23
229.51,-302.36,139.45
265.65,-357.04,174.3
194.48,-226.28,124.47
117.91,-18.996,-18.184
154.04,-98.422,20.558
181.42,-69.249,5.9704
136.17,23.464,-3.3806
306.26,-455.28,271.2
145.87,-55.387,38.519
224.41,-331.37,175.76
260.03,-392.88,192.86
158.37,-2.6927,-30.288
225.72,-334.74,189.69
174.57,-167.53,86.42
199.12,-168.98,113.97
186.11,-163.23,54.187
188.36,-87.387,61.081
250.06,-245.34,126.73
139.31,-43.601,29.661
233.47,-366.78,201.25
154.87,-88.71,55.341
211.81,-144.61,54.766
258.71,-269.97,149.9
155.88,6.7129,-33.923
205.89,-119.01,44.609
245.48,-411.24,222.91
262.66,-442.25,226.7
180.5,-58.603,3.6059
166.47,-111.27,72.151
165.08,-65.567,51.336
203.66,-259.42,138.66
226.31,-194.46,126.14
267.68,-326.62,204.09
263.4,-299.52,153.75
121.34,-2.7693,-42.673
224.85,-174.52,108.55
225.85,-165.17,89.65
146.87,-92.623,27.958
287.31,-401.62,210.83
244.07,-221.54,118.81
194.54,-112.57,29.123
260.76,-375.13,240.11
269.53,-371.74,183.28
179.99,-163.76,98.759
255.27,-308.86,146.64
250.49,-252.08,153.55
145.46,-87.391,38.323
250.11,-276.74,130.41
191.87,-119.41,84.104
199.26,-168.54,56.09
250.63,-244.78,129.3
161.81,-62.806,-8.258
233.39,-223.48,97.395
164.91,-11.463,-19.525
303.55,-450.57,272.78
244.61,-243.5,153.19
248.87,-298.67,138.27
200.07,-175.32,60.078
275.7,-463.1,235.92
269.41,-425.31,212.5
293.73,-422.59,260.61
191.1,-219.18,112.81
223.3,-163.31,75.629
246.24,-410.64,239.38
234.89,-327.51,204.44
246.88,-311.02,201.38
162.16,-53.666,44.18
143.28,-67.983,0.68411
305.94,-456.73,254.29
260.56,-338.7,163.02
185.6,-59.282,14.116
196,-184.92,66.649
166.45,-1.0179,-44.331
215.28,-270.82,108.8
305.08,-439.45,247.18
272.86,-348.54,150.26
274.63,-307.34,149.95
250.65,-317.62,125.52
213.59,-187.5,104.38
291.57,-387.64,184.26
245.86,-371.59,166.5
254.27,-371.5,159.89
259.8,-448.51,231.35
221.47,-165.72,87.362
267.2,-477.92,250.34
276.24,-378.87,165.71
203.06,-237.54,109.22
224.56,-153.14,70.269
253.18,-241.04,100.13
235.17,-185.29,90.6
147.78,-31.649,6.6078
209.48,-164.55,33.938
274.19,-420.72,245.42
287.18,-366.31,173.48
254.31,-365.14,155.37
213.06,-214.7,62.88
212.46,-124.27,56.134
193.5,-104.3,0.49099
262.39,-277.56,118.5
231,-263.98,149.41
187.74,-53.007,-11.205
171.35,-136.05,24.274
151.59,-90.34,19.811
198.4,-146.94,79.383
165.54,-76.136,33.97
142.59,-70.757,-3.8519
248.16,-222.41,110.69
165.58,-99.545,-5.5172
252,-409.34,195.83
225.42,-295.35,119.39
190.57,-76.988,32.061
259.02,-264.52,111.5
259.18,-346.76,143.34
245.24,-282.83,105.27
198.5,-217.62,76.456
246.02,-326.94,186.56
218.81,-131.32,49.064
287.53,-411.9,239.8
244.72,-353.99,152.19
238.76,-315.76,126.1
186.64,-189.75,75.219
176.89,-22.24,-22.439
244.17,-240.58,86.51
161.07,10.676,-28.537
202.48,-236.68,107.3
112.12,13.013,-38.761
267.34,-462.06,223.63
179.95,-116.12,58.12
248.52,-383.17,209.03
290.6,-366.87,189.12
294.51,-400.91,225.22
288.56,-423.42,193.38
236.23,-317.48,128.82
262.45,-459.2,236.85
245.98,-286.27,164.8
253.19,-417.32,203.11
125.99,-23.299,-18.462
225.95,-293.34,156.63
236.02,-211.65,115.79
182.19,-116.39,2.4528
152.42,-59.007,19.615
153.51,-60.167,20.801
174.04,-148.06,57.88
231.06,-220.61,124.4
149.13,-86.142,1.8263
187.97,-73.906,-12.567
118.76,12.424,-28.732
137.98,-15.193,-59.203
231.72,-170.29,61.964
149.89,-14.076,-1.6757
299.03,-444.96,210.26
234.36,-258.71,147.62
154.96,-80.211,-15.391
264.41,-388.27,225.05
267.95,-379.6,163.35
208.53,-173.68,95.873
241.01,-374.13,183.74
226.57,-155.59,52.719
233.07,-333.75,174.15
285.58,-368.36,170.79
236.24,-241.34,81.361
159.03,-112.59,19.582
311.35,-450.12,242.63
212.15,-124.85,57.266
229.22,-200.23,110.53
203.75,-118.36,13.295
264.31,-375.46,160.61
299.56,-408.93,224.15
253.55,-276.8,156.75
110.96,7.8696,-48.039
209.46,-108.55,23.78
217.1,-286.41,134.98
273.17,-314.33,170.64
157.02,-77.023,-19.427
220.97,-297.64,131.14
191.24,-199.59,68.522
269.76,-290.05,139.07
267.78,-362.72,154.06
300.75,-409.4,220.62
188.29,-59.026,15.4
234.86,-300.58,168
176.4,-160.7,55.154
144.52,-65.763,11.035
241.97,-377.32,190.5
173.17,-139.86,25.974
157.58,-31.394,-47.932
220.92,-209.34,60.035
211.96,-202.65,55.227
271.91,-304.22,139.24
286.63,-353.48,185.92
253.31,-328.45,190.01
143.46,5.4253,-13.543
257.79,-283.4,159.35
157.91,-50.659,-37.746
217.19,-149.36,76.301
235.08,-235.8,78.262
255.18,-327.98,132.07
219,-266.01,141.2
298.55,-426.48,243.65
199.62,-188.75,48.402
146.33,-59.69,13.811
256.02,-300.16,118.39
276.38,-313.4,156.79
174.66,-45.839,15.515
262.81,-358.61,208.65
227.4,-259.61,145.7
245.38,-390.92,197.61
244.82,-329.4,133.54
231.83,-339.05,167.06
205.99,-140.54,21.967
227.47,-185.38,99.781
142.13,-9.7506,-62.754
141.46,-13.128,-60.802
239.55,-334.78,184.55
295.09,-444.23,206.88
230.97,-173.65,84.144
238.53,-204.87,71.751
283.42,-364.5,205.41
151.85,26.868,-34.299
289.28,-403.58,232.71
213.69,-242.01,82.827
213.84,-274.64,129.23
260.49,-275.6,114.94
274.01,-353.49,153.14
252.92,-291.6,112.8
234.61,-196.83,103.96
144.27,-19.042,-0.45874
133.88,-46.19,-24.944
262.39,-345.32,200.79
228.88,-272.1,98.436
230.11,-169.19,57.199
253.71,-413.66,197.01
147.64,9.0656,-69.483
272.77,-303.41,142.52
181.21,-96.561,48.741
269.36,-430.84,247.75
230.49,-327.2,168.11
192.3,-206.67,85.579
243.41,-278.69,102.57
123.26,6.7782,-23.032
281.96,-411.17,184.18
238.26,-354.66,185.91
154.22,-30.263,7.9582
203.23,-240.67,99.998
209.95,-106.83,31.813
268.26,-380.37,221.88
220.55,-136.42,45.251
260.72,-359.39,150.86
294.25,-442.05,205.36
255.07,-249.09,129.96
258.99,-433.34,208.28
253.64,-415.52,222.32
310.08,-444.26,235.18
139.77,-52.89,-27.554
257.95,-279.8,112.42
172.46,-61.601,27.481
257.06,-294.59,168.28
219.43,-165.34,40.718
170.62,-74.706,-22.593
176.72,-58.174,-26.875
166.58,-104.94,44.635
239.88,-359.88,164.09
234.34,-230.62,130.48
181.25,-122.18,61.357
261.2,-274.29,147.53
287.41,-355.75,186.12
202.28,-191.71,49.594
157.1,-49.994,-38.186
141.59,-68.32,-1.8766
192.46,-61.565,6.7126
124.92,-26.586,-30.966
309.57,-443.72,240.01
244.05,-319.99,127.32
263.5,-354.28,148.35
237.83,-213.28,72.289
160.18,-69.149,28.341
259.32,-442.82,235.15
200.49,-223.78,106.21
261.25,-300.94,170.96
175.93,-149.36,62.011
189.49,-60.932,15.732
305.35,-473.57,226.95
253.6,-250.63,134.1
259.9,-326.75,132.82
189.83,-198.12,82.895
266.39,-364.72,212.57
266.65,-329.38,137.81
203.51,-126.56,15.34
123.9,-6.2566,-59.548
255.01,-428.92,221.37
158.55,-65.471,25.975
229.19,-329.86,156.75
225.5,-258.39,89.864
252.81,-319.44,184.84
204.47,-93.232,27.657
200.84,-185.85,98.69
232.3,-328.99,172.42
256.94,-247.89,110.1
188.63,-194.84,80.313
189.3,-60.124,15.005
304.46,-427.27,215.5
249.44,-263.46,98.933
264.92,-389.11,169.04
237.07,-339.58,182.42
149.07,-80.818,-7.4132
196.29,-82.766,-0.28495
263.6,-301.35,169.72
237.46,-191.3,93.581
206.08,-210.09,111.47
249.11,-316.09,124.48
276.21,-320.95,172.12
266.46,-437.16,247.66
161.24,-96.502,-5.3567
182.23,-36.618,-17.069
231.65,-295.29,114.24
199.88,-205.76,62.257
225.95,-193.25,55.207
299.43,-436.7,251.43
241.22,-343.74,146.57
198.62,-188.38,48.575
187.38,-62.738,21.02
258.16,-346.42,143.02
220.1,-262.36,141.41
271.79,-443.57,204.16
267.06,-382.79,223.01
196.82,-90.455,39.287
167.65,-133.48,28.815
228.58,-243.57,80.332
186.04,-46.561,0.82652
207.11,-243.88,92.13
291.05,-435.05,200.22
177.56,-134.29,62.738
178.77,-81.186,39.525
265.06,-276.62,125.79
173.55,-152.17,44.696
177.58,-140.85,64.153
209.78,-258.1,105.04
245.06,-315.11,180.42
288.19,-359.08,188.73
241.6,-375.34,190.5
172.77,-144.51,32.637
199.91,-119.34,61.698
175.48,-143.7,61.459
284.42,-353.87,193.32
171.52,-39.044,-36.563
114.14,7.0167,-36.01
171.56,-87.261,-15.368
192.1,-206.57,83.114
302.58,-430.52,242.2
115.31,11.724,-33.146
169.12,-117.58,49.97
230.48,-329.44,167.57
231.56,-173.58,82.781
283.4,-457.23,210.41
199.25,-128.24,68.09
195.44,-216.75,89.447
244.13,-370.32,199.31
192.29,-120.15,6.3961
182.67,-177.91,68.652
226.22,-160.86,49.67
182.74,-153.29,72.633
254.01,-395.16,219.84
231.08,-260.52,90.548
137.23,-49.123,-28.238
163.05,-86.781,36.504
181.31,-37.028,-1.7642
279.7,-376.27,217.62
308.36,-456.89,225.42
255.2,-240.08,111.68
150.46,-88.127,0.82657
178.43,-74.394,35.225
188.22,-110.2,0.19761
185.68,-87.305,42.743
225.26,-207.64,60.728
247.64,-260.85,147.62
218.93,-259.46,139.32
172.76,-47.298,17.492
299.93,-409.36,223.62
199.97,-174.9,38.494
171.88,-147.34,41.215
206.95,-102,19.616
238.17,-338.94,183.95
257.9,-404.37,182.85
155.81,-95.711,-0.0091325
312.19,-463.24,233.82
304.03,-442.47,215.45
233.81,-310.86,125.17
253.55,-384.3,215.85
147.52,-68.342,16.045
247.6,-316.53,182.08
139.45,-11.751,-61.625
224.17,-235.11,132.45
154.35,7.9739,-63.582
169.24,-116.18,49.86
117.94,-6.728,-49.14
115.11,0.34936,-53.622
207.75,-175.14,38.803
128.53,-34.602,-29.157
157.97,-76.69,29.356
136.47,-55.231,-13.913
267.52,-461.67,222.97
226.72,-192.37,55.493
231.8,-258.99,89.632
305.11,-428.59,234.05
198.03,-223.26,86.888
295.13,-416.26,238.29
227.09,-291.31,114.1
278.41,-415.17,243.23
224.37,-220.51,124.55
253.47,-400.15,183.64
186.76,-124.84,7.6804
260.08,-438.69,212.03
294.95,-388.41,192.71
157.45,-21.307,-52.34
287,-377.87,213.38
239.24,-216.35,74.646
232.08,-340.59,164.18
221.2,-137.7,51.576
212.34,-270.25,125.1
276.94,-347.58,153.85
210.96,-197.89,109.23
218.69,-157.88,38.052
232.27,-232.98,132.27
217.12,-264.9,99.958
226.9,-267.12,148.71
150.28,-61.714,-28.457
136.19,-42.59,-34.624
233.35,-224.91,72.558
176.01,-21.609,-14.156
273.38,-428.2,248.9
191.22,-76.937,-8.1856
292.69,-457.06,211.83
291.36,-442.57,203.98
222.56,-195.98,54.188
218.04,-290.34,133.81
300.46,-443.83,256.39
282.06,-350.88,194.3
272.27,-298.51,147.19
170.01,-142.38,46.285
276.67,-324.52,175.4
193.92,-108.24,55.469
161.76,-5.1146,-53.177
185.47,-182.24,57.512
155.73,-46.983,-40.038
251.38,-285.83,163.98
219.49,-221.06,123.77
309.82,-468.54,230.23
186.47,-123.15,6.673
159.55,-6.4811,-55.398
276.84,-367.72,161.11
257.74,-439.07,220.5
147.32,-28.471,5.0186
225.17,-314.8,152.27
267.32,-472.85,236.04
164.73,-77.711,34.25
263.56,-268.08,129.42
164.42,3.7588,-47.543
196.76,-110.34,4.8956
189.29,-147.74,76.352
220.47,-222.54,124.84
163.7,-104.97,41.379
169.01,-80.88,-19.278
144.31,-52.014,161.11
104.77,-31.507,129.05
140.39,-118.06,189.22
151.97,-45.148,151.86
79.916,22.216,80.87
122.55,50.006,72.262
202.68,-341.67,305.19
110.51,23.936,113.02
118.31,57.544,75.898
123.46,2.6857,71.536
258.75,-407.63,360.81
210.39,-289.11,242.7
127.01,-68.58,163.54
175.57,-160.62,169.91
98.53,-14.643,87.642
153.44,-87.246,126.47
241.52,-337.85,322.52
207.25,-326.8,267.43
210.52,-225.45,260.38
143,-59.259,108.92
194.37,-219.92,261.2
183.04,-269.96,267.17
201.94,-288.32,243.44
196.69,-236,213.14
144.52,-125.35,195.59
192.39,-142.78,181.51
233.35,-330.26,268.55
184.05,-278.15,266.13
192.31,-283.84,284.9
238.46,-315.82,268.3
248.14,-326.91,287.49
132.9,-113.27,155.05
114.65,-41.449,144.26
210.7,-375.69,312.15
153.67,-167.33,183.07
108.55,-38.84,102.3
196.36,-294.79,292.12
155.09,-177.38,215.15
187.29,-286.83,258.21
103.93,41.627,44.193
123.96,-4.9082,75.071
190.4,-252.48,274.38
146.61,-73.921,117.45
155.11,-44.642,147.71
260.04,-367.93,319.85
182.64,-274.23,261.34
214.8,-391.12,320.54
257.15,-365.41,327.34
226.91,-387.25,298.14
195.9,-185.56,239.22
203.35,-219.46,208.17
261.85,-432.33,324.11
255.95,-380.2,342.7
196.77,-203.07,197.83
235.65,-397.13,301.57
243.09,-328.35,313.83
188.48,-217.37,202.31
263.21,-381.44,318.89
245.04,-313.66,293.42
164.87,-81.393,133.19
137.23,-16.534,88.755
262.05,-392.58,313.84
218.5,-365.83,288.16
132.39,-116.51,166.38
69.261,48.836,62.916
211.99,-205.03,216.62
209.14,-297.5,247.47
114.18,9.7596,122.02
249.39,-328.17,293.76
208.65,-202.65,242.46
111.46,-40.41,100.67
273.49,-421.13,338.74
175.59,-224.1,211.65
145.34,-22.708,99.779
73.946,39.075,74.878
186.87,-212.9,256.19
166.31,-180.47,231.72
161.75,-107.44,139.38
128.47,-93.517,137.59
223.45,-412.72,321.86
217.86,-285.72,242.7
125.95,-27.104,87.002
84.886,14.336,94.836
122.5,36.539,97.406
209.85,-342.82,318.58
231.91,-413.64,313.39
257.28,-363.4,304.79
83.966,15.943,92.934
125.71,7.9423,71.254
199.89,-172.58,224.24
200.56,-329.56,278.15
106.64,57.985,89.13
204.36,-352.12,299.72
245.45,-385.2,351.3
210.5,-242.51,272.61
217.8,-217.59,232.34
153.8,-140.36,158.88
105.13,44.122,43.612
104.47,-10.285,77.935
260.33,-410.78,362.07
121.74,3.4143,126.14
65.509,59.844,60.594
149.27,-18.989,121.55
138.06,-85.842,124.2
150.56,-163.68,184.56
222.12,-403.28,345.5
137.99,-130.15,182.51
182,-241.65,220.75
153.62,-48.309,153.4
193.86,-142.8,187.49
246.64,-386.19,351.66
140.86,-84.092,122.59
130.09,5.0339,76.208
162.82,-166.29,174.27
147.51,-130.27,154.3
162.34,-53.649,143.62
235.02,-318.65,312.96
234.69,-385.86,295.31
188.21,-197.61,191.78
172.79,-129.38,154.49
147.82,-127.24,151.65
161.15,-172.6,224.63
211.1,-242.6,221.81
143.23,-2.7829,109.51
264.98,-391.55,339.06
148.96,-140.83,162.34
151.48,-26.136,113.39
133.8,-71.233,114.82
187.47,-264.02,274.96
257.92,-370.67,305.36
216.65,-272.19,236.45
139.13,-135.72,176.41
106.92,-43.045,130.73
106.88,8.2079,120.84
193.07,-273.54,283.29
157.04,-188.54,204.83
198.08,-262.06,282.51
129.54,-4.9944,78.587
119.36,-64.997,153.68
215.62,-250.4,275.7
142.86,-120.96,149.62
264.83,-403.88,319.52
201.68,-165.63,204.14
173.83,-151.17,221.62
165.77,-171.56,176.91
138.21,-83.72,177.16
263.23,-394.84,346.38
238.96,-379.17,292.15
120.49,-44.912,150.63
160.09,-130.05,207.86
210.54,-370.56,321.09
213.45,-258.67,282.13
151.44,-24.36,124.24
144.41,-72.143,115.89
229.04,-424.48,324.34
214.73,-209.6,223.72
161.37,-54.352,128.37
156.66,-42.691,142.25
83.1,17.656,91.213
222.87,-242.19,236.81
227.18,-249.91,257.82
243.13,-344.54,326.24
159.34,-98.844,190.25
231.42,-387.7,296.84
114.94,66.952,68.395
99.103,63.64,87.02
195.91,-178.22,188.97
140.51,-82.795,121.77
101.9,22.789,54.238
88.049,15.36,66.399
118.94,-67.956,121.73
207.29,-363.07,310.17
250.63,-369.43,294.69
235.69,-284.24,262.07
214.75,-220.23,221.06
120.19,-26.065,85.785
201.21,-338.24,301.2
174.01,-115.48,197.41
191.9,-283.37,246.28
179.03,-108.14,156.99
161.33,-61.189,157.94
210.17,-322.45,262.73
270.28,-419.01,330.21
206.17,-345.98,313.49
155.72,-104.5,135.87
128.77,-22.475,85.45
130.4,-88.831,171.79
259.14,-418.11,317.17
104.48,-34.242,103.21
126.64,-28.233,87.779
210.27,-284.82,240.4
139.52,-5.6471,90.185
148.16,-15.094,113.73
193.19,-233.21,211.36
203.94,-318.73,306.26
103.34,3.2662,67.571
222.06,-242.15,262.13
226.77,-250.58,261.11
162.27,-81.568,130.3
138.41,-75.31,173.62
219.2,-324.79,318.16
113.78,-10.571,75.826
88.396,1.0816,95.741
257,-388.08,347.89
189.92,-167.9,180.46
110.52,5.235,123.71
138.79,-32.081,95.024
203.46,-171.18,210.3
197.97,-192.61,194.97
152.68,-99.036,132.27
99.673,39.481,102.33
183.07,-238.05,217.21
203.93,-174.02,205.01
123.82,-89.398,158.59
123.91,24.475,65.35
196.01,-319.88,290.35
140.51,4.4195,99.61
224.42,-263.57,279.2
115.55,0.11058,69.538
74.645,52.257,79.8
129.09,-94.455,170.25
208.58,-193.39,232.06
258.96,-414.89,315.91
228.13,-415.29,356.2
216.63,-267.91,234.75
126.4,-18.975,140.52
161.06,-148.33,162.23
153.71,-126.39,203.42
239.49,-315.08,269.5
164.61,-76.989,170.74
112.34,67.133,74.618
97.82,17.887,111.65
270.23,-405.95,338.8
205.41,-262.85,285.02
97.766,-19.792,96.707
186.51,-149.21,172.01
174.27,-217.4,207.16
266.9,-395.01,336.96
242.63,-309.99,275.43
239.81,-293.74,280.64
96.463,-19.71,102.95
216.06,-217.14,224.56
152.8,-166.96,184.11
211.68,-305.74,307.05
182,-191.19,187.27
230.34,-360.64,337.84
92.004,59.006,89.68
201.22,-190.9,197.73
159.23,-190.41,200.44
249.05,-327.23,292.36
241.86,-320.6,273.73
233.33,-436.34,329.4
215.01,-265.01,285.71
222.09,-243.18,234.95
133.08,-10.79,83.344
223.64,-281.09,293.02
167.41,-66.635,143.09
250.13,-363.66,292.66
190.88,-225.92,263.58
205.14,-219.05,209.31
119.82,-81.213,141.87
183.32,-116.27,165.47
214.28,-298.57,248.01
141.97,-118.23,191.19
163.58,-139.56,156.57
212.42,-205.53,217.68
270.25,-414.19,353.26
195.83,-273.19,285.48
207.61,-197.47,207.81
220.62,-329.04,320.53
255.62,-392.15,305.88
204.44,-194.16,202.44
174.11,-233.52,251.07
68.673,61.871,70.107
130.95,17.979,107.92
239.52,-330.44,273.09
143.64,-82.782,179.21
262.86,-405.64,356.23
209.37,-265.35,286.63
128.43,16.29,112.68
216.37,-358.86,329.55
91.294,76.44,78.953
168.34,-75.423,163.52
221.99,-252.06,235.3
103.18,39.411,44.994
190.7,-132.99,182.67
220.78,-273.81,289.41
189.38,-144.24,209.5
190.43,-299.62,267.2
186.19,-147.16,215.23
162.13,-204.83,224.64
163.75,-56.352,141.75
227.66,-395.79,303.52
98.301,73.706,79.708
209.33,-210.37,211.53
245.83,-318.5,298.41
182.5,-147.48,167.83
237.55,-289.59,283.69
225.89,-255.82,269.97
154.56,-123.87,202.79
207.5,-338.08,314.71
171.24,-183.97,236.54
165.51,-61.021,143.82
236.48,-292.66,289.93
168.97,-169.29,229.36
129.5,0.58228,76.779
188.83,-241.88,269.47
92.509,56.748,91.055
174.74,-247.12,246.35
148.75,-123.46,199.05
177.92,-240.02,223.41
148.7,-163.36,190.72
138.57,-122.78,186.61
154.52,-45.923,149.96
164.92,-156.9,222.09
136,-115.66,182.1
89.09,18.964,61.553
177.26,-244.69,229.16
148.89,-68.41,115.81
86.386,37.393,46.62
191.42,-183.89,187.14
194.48,-156.07,214.76
238.02,-288.61,268.79
213.45,-248.39,225.53
176.33,-240.06,225.75
245.33,-356.04,285.92
171.98,-197.11,192.78
139.86,-3.4027,91.03
179.2,-191.97,187.62
188.27,-277.46,278.07
183.57,-274.98,252.86
210.42,-209.59,246.87
186.9,-150.58,172.76
70.263,49.715,51.532
159.4,-99.457,134.7
89.585,35.194,99.447
79.415,39.734,87.612
213.36,-386,319.12
86.893,49.327,37.265
246.79,-377.82,294.55
215.67,-391.52,330.65
116.27,11.445,121.1
199.23,-250.94,277.87
184.59,-277.43,269.33
112.04,73.942,64.271
118.72,26.684,109.58
232.34,-342.58,273.29
248.91,-425.63,316.7
155.07,-33.386,123.24
125.73,-96.198,160.36
219.17,-222.64,233.82
150.14,-113.49,196.12
197.64,-316.22,296.51
246.39,-334.17,314.8
114.74,-44.399,101.71
106.1,73.808,74.901
236.95,-297.97,294.51
199.2,-313.13,299.12
112.25,40.588,49.676
126.06,19.311,68.824
148.21,-74.669,118.39
170.3,-232.1,232.3
188.69,-152.53,217.82
168.96,-110.07,144.74
240.27,-350.62,280.38
158.8,-43.2,134.1
139.78,-132.33,166.11
184.34,-274.71,249.84
190.86,-161.86,179.67
135.24,-118.98,157.71
111.45,-21.761,135.77
228.56,-293.27,298.85
133.73,-105.7,143.96
173.92,-84.103,156.58
193.51,-311.2,285.11
178.64,-104.35,181.13
271.04,-412.48,333.53
136.6,-81.754,121.64
182.41,-269.28,265.39
111.45,48.435,94.846
236.84,-287,264.8
138.28,-31.562,94.474
243.75,-320.58,305.84
162.59,-54.63,144.87
172.41,-225.63,216.78
178.18,-150.29,220.84
212.14,-207.15,216.55
148.65,-121.82,147.11
151.05,-170.22,204.44
258.84,-364.67,320.68
192.09,-143.36,151.04
246.84,-393.21,340.89
188.51,-236.25,224.97
230.31,-218.11,207.88
106.47,-0.95508,77.665
162.27,-104.35,125.07
190.18,-110.37,138.09
186.88,-199.83,185.66
213.3,-236.07,202.63
244.64,-346.22,263.54
169.87,-113.94,187.05
185.42,-205.36,229.32
262.92,-352.88,274.99
182.58,-216.92,214.46
111.32,12.832,53.027
260.37,-398.49,348.1
216.2,-319.84,289.05
229.56,-200.46,211.7
247.81,-426.23,313.33
252.41,-309.72,295.74
191.45,-209.99,190.64
206.98,-154.82,166.61
250.44,-272.43,249.18
245.54,-315.61,249.65
203.81,-288.8,255.42
245.38,-401.21,342.41
253.43,-362.51,273.15
159.13,-38.654,141.52
240.02,-409.01,336.83
129.21,-43.986,131.03
123.18,8.2129,109.99
252.19,-281.16,250.95
184.13,-98.319,177.08
279.57,-391.18,333.5
206.8,-234.4,256.47
177.5,-76.854,116.81
254.19,-337.8,314.24
122.41,2.1066,112.21
134.61,-23.801,73.896
176.82,-91.462,121.06
160.02,-147.27,174.81
112.61,-17.454,96.481
253.95,-329.5,260.1
250.8,-287.65,278.87
93.211,51.84,71.439
209.46,-166.09,215.75
144.95,-50.724,91.094
291.35,-422.4,331.46
256.79,-430.96,310.56
269.25,-374.53,287.15
187.4,-176.97,222.77
229.37,-207.03,206.57
227.32,-366.09,287.93
160.31,-14.089,118.18
282.05,-394.09,309.51
249.42,-368.17,275.3
102.04,9.1027,75.677
122.48,46.607,32.215
202.17,-202.77,183.45
195.32,-252.44,247.87
186.19,-175.06,221.33
214.64,-302.97,284.8
176.24,-181.87,212.97
275.34,-394.69,298.72
127.21,-4.2014,61.248
123.85,36.204,37.531
268.97,-391.35,342.77
135.76,20.755,103.72
260.3,-347.88,271.14
150.41,-37.42,84.061
163.01,-24.416,126.36
238.32,-411.29,314.99
201.7,-114.88,162.91
87.397,51.138,38.248
186.13,-123.4,194.39
104.14,52.865,80.404
264.14,-357.75,322.55
155.45,0.78042,107.29
131.54,67.118,59.009
266.51,-343.24,277.9
103.51,46.381,28.98
231.62,-211.07,230.04
167.58,-64.425,157.97
162.08,-42.913,93.005
253.08,-397.31,345.78
283.33,-395.09,329.3
167.36,-22.194,113.95
157.97,-113.63,178.54
284.3,-395.98,317.24
107.71,26.354,92.665
239.76,-344.13,262.39
188.05,-144.62,150.08
224.27,-229.89,204.09
203.32,-274.15,234.59
154.81,2.0362,77.151
199.28,-242.33,210.6
144.22,-41.797,142.66
174.87,-143,201.96
184.42,-109.67,185.46
175.02,-122.78,193.13
166.7,-154.96,165
262.47,-321.4,270.21
235.23,-318.53,304.47
197.84,-135.34,198.72
132.25,-16.307,125.49
192.94,-95.718,141.95
156.66,-78.361,108.45
280.3,-382.78,307.6
123.72,33.41,38.807
246.64,-277.67,275.18
214.14,-319.29,263.56
90.147,61.268,66.176
251.59,-330.06,258.67
226.07,-258.15,272.09
227.27,-247.3,212.52
204.56,-278.81,237.36
282.2,-403.53,309.57
208.79,-145.73,197.09
178.31,-79.19,164.83
232.12,-214.87,233.97
198.79,-249.72,254.46
222.94,-334.45,301.44
183.16,-106.57,183.64
241.66,-426.62,326.3
200.28,-124.52,153.59
163.27,-150.42,165.85
242.75,-356.13,268.91
228.16,-361.39,312.8
224.3,-329.84,259.23
219.56,-319.63,294.29
124.87,76.547,59.14
116.03,-21.515,85.712
131.36,69.917,52.795
237.11,-399.1,303.62
169.02,-25.272,108.05
232.53,-369.38,282.98
280.32,-392.48,305.63
206.53,-290.82,269.62
225.89,-197.24,225.79
126.37,-19.878,73.06
204.16,-146.68,203.58
215.74,-238.68,261.12
165.49,-23.124,121.06
112.16,-6.1297,102.71
231.18,-384.31,300.42
253.62,-284.73,254.5
126.76,51.147,82.876
257.65,-386.53,285.55
210.56,-165.85,173.05
238.86,-236.33,224.89
170.53,-86.243,115.52
136.41,28.031,97.624
178.6,-138.55,201.94
171.72,-63.865,155.94
118.07,-28.499,109.97
127.73,-51.762,104.94
164.39,-124.74,187.8
274.68,-370.36,321.2
289.11,-413.82,327.25
230.49,-240.3,259.15
257.61,-399.42,292.07
218.9,-297.97,287.88
285.46,-401.97,318.13
219.59,-279.57,227.28
167.12,-47.901,145.24
222.6,-319.1,297.53
242.37,-428.46,339.13
242.23,-430.34,335.33
134.5,62.681,53.367
176.07,-177.57,175.94
118.23,-30.148,94.816
270.36,-406.14,298.69
229.05,-284.29,229.86
279.71,-378.84,307.87
98.604,36.734,39.852
190.44,-214.86,195.26
178.95,-203.44,214.58
168.09,-107.39,126.45
139.12,-74.025,147.84
162.66,-152.57,185.66
154.79,-131.64,162.96
233.94,-374.74,285.9
255.08,-333.49,262.29
248.54,-282.76,277.39
232.62,-209.89,219.31
245.41,-309.79,299.49
228.67,-227.1,250.34
203.54,-133.36,191.55
114.38,-14.357,105.91
258.26,-323.68,301.45
241.36,-419.94,317.54
231.16,-275.15,226.07
153.56,-79.845,109.79
243.45,-259.4,232.68
183.25,-198.39,187.62
234.38,-393.07,325.08
126.26,-44.395,97.52
226.7,-337.53,263.19
288.64,-414.52,324.19
148.89,25.926,81.194
106.88,57.948,79.144
269.16,-347.9,283.28
154.89,-83.085,111.79
117.69,59.691,79.068
183.64,-164.78,161.53
115.13,-23.942,95.061
268.33,-441.91,314.86
276.61,-371.36,317.91
229.19,-363.62,314.74
167.96,-70.035,161.81
212.96,-316.18,281.6
246.91,-268.86,266.22
268.97,-343.04,283.65
170.9,-40.871,103.6
162.56,-96.766,176.06
245.87,-313.71,301.8
115.73,-23.604,105.06
157.35,-126.43,179.24
228.01,-262.57,219.26
201.95,-249.31,258.19
237.07,-410.95,321.33
218.3,-222.31,197.58
108.79,31.399,38.9
173.86,-38.169,115.23
149.49,24.05,83.413
236.26,-241.46,219.38
276.55,-369.1,299.79
200.86,-258.03,258.59
223.67,-274.59,280.62
256.87,-374.2,279.53
288.98,-416.68,324.44
230.84,-278.65,227.56
256.83,-436.76,314.36
204.09,-181.37,173.28
199.83,-137.44,199.1
222.89,-219.7,199.59
187.53,-233.23,226.64
206.29,-128.03,173.44
163.9,-141.83,154.88
155.62,-76.037,163.53
198.21,-117.9,149.97
262.87,-397.54,347.69
111.4,-2.2399,68.084
141.55,43.723,60.151
190.28,-96.229,136.25
141.07,-74.169,150.84
175.82,-84.155,117.64
257.63,-305.34,285.18
180.13,-97.832,178.34
97.267,39.353,78.328
111.58,54.178,82.436
221.21,-278.24,226.26
207.55,-239.1,258.81
114.13,29.393,95.973
222.9,-178.79,204.68
118.12,60.154,78.662
159.24,-121.09,181.54
155.78,-131.88,173.79
92.376,37.51,48.287
196.97,-101.43,154.23
139.2,15.278,55.479
228.97,-379.04,311.34
271.27,-402.75,349.18
233.73,-213.89,225.54
141.38,-71.772,109.13
168.88,-92,175.48
200.52,-273.61,256.64
262.35,-325.69,269.58
114.64,-21.99,101.61
259.98,-416.35,356.65
211.9,-164.94,212.59
139.91,3.534,60.339
164.22,-25.71,92.352
278.42,-376.73,303.27
128.7,33.386,96.045
202,-275.17,238.35
139.72,39.185,52.356
162.04,-22.043,88.754
117.46,-14.445,111.59
144.47,-31.537,79.281
230.55,-205.24,224.13
243.17,-392.19,337.75
221.98,-176.81,206.17
123.64,46.104,87.801
288.63,-411.58,333.46
100.67,26.879,84.091
113.05,-11.282,76.922
106.72,43.451,85.864
210.25,-273.42,226.8
195.36,-206.22,186.24
241.93,-411.76,308.06
253.67,-419.18,354.77
212.57,-299.83,246.1
174.33,-134.51,143.23
215.89,-319.36,288.45
125.32,-35.283,124.64
202.18,-117.13,171.39
160.38,-52.457,95.489
98.191,40.526,79.375
112.2,27.202,41.224
95.87,25.69,60.59
273.18,-430.66,310.22
196.69,-151.83,157
214.88,-154.67,193
233.22,-244.86,216.33
182.27,-113.64,133.29
126.53,-47.429,125.65
116.5,-25.385,91.326
237.09,-227.58,237.62
271.24,-361.13,317.93
152.98,-118.11,171.2
270.66,-353.53,311.27
157.4,-8.279,115.37
174.5,-81.023,115.57
141.62,-63.365,101.51
87.911,53.849,62.917
238.01,-410.49,314.9
223.13,-315.96,249.83
225.58,-257.03,215.85
257.42,-307.65,259.84
176.78,-191.98,190.81
108.71,18.935,49.175
147.95,-55.599,94.115
165.64,-17.319,100.02
99.81,58.777,75.421
278.69,-414.7,353.52
116.52,-23.138,108.25
214.65,-295.35,240.32
257.37,-347.42,268.76
140.3,48.125,63.273
210.1,-302.02,252.22
157.73,-132.39,153.63
164.03,-134.95,189.93
181.01,-116.29,133.9
150.85,-47.7,147.7
226.51,-195.41,222.01
111.28,-11.524,98.346
222.57,-332.76,263.19
127.86,-56.205,124.14
193.91,-92.457,150.42
231.19,-222.34,243.71
136.6,57.159,59.737
184.61,-67.567,141.05
238.1,-376.66,283.74
261.39,-401.75,293.65
162.08,-7.0814,98.525
137.21,-78.653,142.43
129.14,-31.026,128.63
189.5,-224.08,204.64
189,-154.64,212.85
232.94,-287.43,288.28
244.11,-249.43,246.84
117.33,41.699,32.371
188.99,-131.7,199.34
195.54,-117.49,185.17
136.5,-54.236,96.738
273.26,-353.27,298.02
216.74,-172.83,214.28
180.88,-60.287,122.53
228.06,-344.14,309.71
261.59,-322.7,268.07
154.51,-130.94,167.17
244.72,-258.2,235.59
216.22,-209.06,243.75
128.33,-52.704,104.97
236.56,-225.39,222.23
154.36,-82.774,165.74
192.41,-118.23,142.34
225.48,-195.47,224.5
154.81,-12.586,77.924
219.6,-171.44,190.49
143.46,38.749,75.01
274.02,-411.52,353.74
208.53,-202.61,240.95
239.98,-248.15,226.04
193.63,-125.39,145.46
274.95,-420.11,306.66
267.3,-380.35,287.26
261.75,-384.91,340.74
177.19,-183.04,179.96
199.72,-112.52,172.35
230.38,-380.54,297.79
207.34,-297.07,270.16
212.06,-277.82,275.83
125.89,-18.815,122.17
137.8,-24.799,74.474
287.29,-411.37,339.27
252.07,-288.91,249.35
161.18,-9.3071,109.98
190.82,-137.17,147.74
152.92,55.768,56.366
217.58,-223.11,185.49
283.6,-393.66,334.5
271.69,-291.14,244.82
257.73,-252.59,249.27
254.77,-261.57,214.8
187.08,-145.49,188.44
284.4,-331.78,279.76
251.18,-324.13,241.04
261,-319.95,240.29
259.22,-409.59,295.32
193.43,-118.52,180.78
266.77,-440.09,312.45
278.18,-322.54,256.7
195.25,-195.79,182.02
199.52,-101.29,169.56
240.42,-183.14,202.21
209.97,-133.84,189.33
124.76,8.2339,85.159
209.81,-105.6,130.14
253.16,-384.1,317.48
278.23,-310.24,270.35
260.85,-312.81,237.16
217.27,-159.03,151.47
186.1,-73.915,153.75
191.01,-44.884,99.09
252.36,-219.53,219.2
207.41,-224.04,228.37
172.94,4.17,90.871
173.88,-86.736,103.45
143.35,-48.586,92.863
172.16,-105.09,163.01
142.01,-35.764,113.62
140.53,-26.265,70.097
224.27,-170.26,209.8
170.24,-46.232,78.967
255.8,-365.55,265.23
229.58,-246.01,197.66
162.93,-29.362,125.95
248.25,-206.44,212.73
263.68,-291.18,231.63
247.37,-225.23,198.24
200.27,-169.42,154.26
224.65,-288.56,261.69
197.2,-76.734,150.83
263.08,-370.84,321.1
250.69,-304.18,230.19
244.44,-263.17,208.8
181.07,-146.52,149.13
158.36,32.817,78.329
239.85,-181.28,185.99
136.54,60.677,67.435
195.42,-194.61,180.19
102.22,52.698,31.867
274.03,-417.91,291.95
156.52,-75.595,137.96
236.74,-346.07,276.54
273.44,-314.25,285.11
271.59,-354.75,313.97
291.02,-368.14,282.36
241.76,-266.2,209.48
262.62,-420.29,300.38
220,-244.95,247.42
256.16,-374.64,271.17
116.81,17.193,53.069
210.94,-254.49,228.85
208.18,-165,208.19
185.72,-59.589,93.295
132.31,-19.419,95.998
133.02,-20.531,97.483
164.01,-106.55,131.57
203.42,-177.01,211.71
148.67,-40.31,77.043
181.65,-14.656,87.986
102.74,51.1,43.795
143.19,39.313,26.914
215.68,-112.87,165.16
123.88,27.329,81.098
299.06,-389.96,300.18
208.95,-217.79,229.24
159.47,-28.451,66.639
243.27,-351.05,298.15
273.09,-324.76,250.05
182.08,-131.69,179.85
239.86,-332.61,252.3
210.64,-98.085,155.98
223.14,-294.79,243.61
279.07,-311.8,267.05
236.43,-182.63,177.25
157.68,-67.057,94.819
294.78,-400.55,333.28
185.51,-74.845,154.46
201.12,-154.8,201.09
198.07,-58.726,114.1
270.02,-321.14,246.14
279.1,-360.51,315.18
226.35,-231.94,245.86
107.81,50.259,23.108
193.71,-51.118,126.82
212.02,-244.37,206.68
249.05,-265.24,264.88
161.88,-23.829,64.751
221.17,-252.61,204.66
191.68,-152.49,145.29
252.75,-234.88,239.15
271.17,-306.63,243.83
281.95,-359.63,312.9
162.57,-8.7179,112.57
215.08,-262,242.54
171.95,-116.81,129.5
132.86,-25.334,83.9
238.49,-337.2,258.13
175.91,-90.247,105.53
159.15,26.414,45.694
222.84,-151.2,154
215.64,-146.07,145.63
259.69,-247.41,239.2
266.86,-302.06,281.46
229.25,-288.99,268.47
117.32,46.939,69.485
230.88,-237.63,249.78
161.66,5.8717,52.533
189.35,-101.46,170.75
234.96,-176.96,174.54
259,-271.75,221.8
202.78,-226.8,214.71
275.33,-382.45,329.11
204.07,-134.61,134.37
130.64,-20.033,87.751
255.92,-242.03,213.5
258.03,-259.63,255.34
146.84,-0.21352,106.24
238.91,-319.51,286.42
204.77,-219.93,223.7
242.8,-350.83,264.66
250.68,-276.23,217.1
227.64,-298.01,236.6
203.92,-81.026,120.5
199.44,-138.55,192.59
146.15,46.434,26.8
145.93,42.591,27.725
223.5,-296.95,255.72
297.35,-389.39,295.26
205.46,-122.41,182.72
229.23,-145.7,173.9
258.91,-318.56,294.74
126.03,74.777,58.997
264.81,-360.71,316.98
218.25,-189.66,165.8
207.85,-232.76,201.18
251.88,-217.23,215.38
273.04,-296.2,247.39
253,-233.39,207.94
207.3,-148.39,198.99
120.73,20.912,78.51
134.81,0.0060072,50.064
237.44,-305.16,280.92
233.84,-217.76,184.43
216.34,-110.94,160.43
258.19,-369.42,266.77
146.7,67.14,26.03
258.45,-247.36,242.46
154.75,-54.587,132.7
252.02,-395.38,315.79
221.61,-287.74,237.79
186.79,-163.53,159.31
245.71,-221.14,195.36
105.6,45.488,50.499
285.75,-356.01,272.2
229.31,-315.99,254.32
128.63,10.841,89.992
201.09,-196.03,174.23
189.5,-51.661,133.87
244.88,-341.85,298.41
202.37,-79.909,148.2
265.95,-304.54,237.54
296.62,-387.17,293.73
230.27,-198.45,227.13
264.21,-389.34,277.23
246.4,-378.27,287.42
295.24,-393.39,326.96
143.24,-3.8733,50.596
252.7,-221.06,211.5
145.16,-18.698,113.44
230.13,-250.65,255.72
214.6,-105.6,141.22
173.25,-17.185,69.954
173.92,0.88409,71.325
148.42,-65.05,120.38
243.26,-314.24,236.76
206.78,-187.07,217.64
158.22,-81.749,140.81
235.94,-225,242.77
268.23,-304,281.85
206.68,-136.96,136.57
160.98,6.3923,51.776
137.86,-24.839,71.388
171.07,-7.5063,107.5
123.35,17.396,41.867
292.26,-394.39,330.71
249.59,-266.01,212.38
267.44,-298.38,237.49
231.58,-153.79,173.2
137.94,-29.163,106.61
254.83,-405.54,298.71
189.53,-182.93,179.34
234.5,-256.15,259.7
163.95,-108.41,135.91
164.07,-10.249,113.34
306.6,-419.36,314.88
227.66,-201.42,229.59
261.88,-269.58,225.17
182.96,-155.55,156.49
242.1,-325.3,291.11
265.72,-271.61,232.81
199.97,-66.929,114.91
128.94,43.909,19.572
252.99,-389.99,286.2
136.43,-25.54,104.08
227.17,-287.35,227.45
230.23,-203.61,176.71
228.01,-279.36,264.75
182.12,-39.408,128.61
179.23,-145.75,176.77
221.59,-290.12,242.19
241.04,-191.26,211.91
182.05,-152.12,153.98
163.96,-9.3521,112.7
294.1,-373.68,309.14
246.5,-204.47,197.11
271.5,-335.94,252.19
224.41,-301.42,252.14
151.16,-32.819,69.872
185.49,-24.07,101.96
237.11,-255.55,259.95
212.56,-139.61,192.53
186.19,-170.31,188.04
253.49,-260.27,213.23
253.21,-270.95,267.2
252.17,-401.94,313.52
165.61,-44.625,76.95
165.32,19.467,84.438
236.98,-242.85,196.91
203.86,-154.12,144.4
223.1,-133.68,154.28
276.05,-393.82,335.1
246.84,-294.08,224.53
203.05,-134.58,133.98
160.49,-13.963,116.35
262.9,-291.05,230.82
202.17,-223.2,215.83
280.13,-394.21,280.06
244.3,-344.72,298.45
169.36,-42.151,134.18
167.78,-86.634,105.36
231.76,-186.44,171.92
163.26,6.2764,100.42
209.21,-195.75,169.62
294,-380.12,288.34
159.2,-94.282,138.79
151.57,-38.468,125.13
250.53,-220.01,226.78
171.65,-106.76,120.06
160.99,-100.72,139.37
210.32,-211.78,180.47
222.47,-276.18,257.17
268.81,-307.6,284.14
237.46,-335.47,258.1
174.07,-96.514,110.37
171.65,-74.269,151.77
161.74,-103.16,135.72
261.64,-305.09,286.29
167.4,19.866,62.162
104.71,46.932,34.722
175.16,-30.547,75.296
187.82,-162.8,157.17
280.73,-384.69,329.8
102.46,50.779,38.163
152.56,-77.532,125.06
222.71,-289.66,237.13
206.56,-121.8,181.93
291.33,-405.48,290.46
171.34,-84.452,155.86
191.16,-173.08,163.34
233.23,-332.65,267.23
193.13,-61.484,101.85
176.73,-134.81,142.58
213.85,-102.17,152.8
165.56,-113.21,148.12
240.25,-358.71,287.43
235.09,-204.28,180.2
140.16,-0.88267,48.955
142.82,-46.955,113.35
157.24,14.54,96.506
254.41,-333.83,301.66
303.43,-402.75,316.81
235.96,-184.97,212.95
150.96,-41.505,76.783
150.86,-31.085,122.01
189.24,-51.645,95.367
157.72,-43.178,131.09
225.26,-148.68,157.15
220.19,-216.23,236.48
201.18,-220.25,213.72
144.93,-2.6193,106.67
279.82,-360.65,314.92
204,-118.96,127.65
170.22,-101.77,116.69
191.32,-44.569,122.58
224.28,-300.98,254.07
264.95,-355.76,258.28
158.42,-46.844,78.394
304.71,-409.94,325.3
299.5,-387.79,307.48
239.17,-259.71,205.72
237.77,-347.68,284.86
133.72,-28.326,89.472
224.18,-277.28,259.83
144.24,43.559,26.051
199.52,-194.47,213.19
149.49,66.258,34.548
152.18,-76.18,125.16
119.32,38.963,24.779
116.64,45.997,20.144
210.05,-117.2,132.23
128.32,10.455,44.652
138.54,-36.99,105.53
134.83,-10.746,59.788
274.35,-417.32,291.54
223.23,-132.74,155.03
235.52,-202.42,179.99
285.99,-379.95,324.67
196.9,-177.68,162.09
271.43,-372.42,323.71
231.96,-240.36,194.6
255.46,-377.25,318.54
198.05,-178.73,208.1
259.49,-353.26,256.83
189.92,-67.635,99.395
265.24,-395.03,280.44
283.2,-333.96,288.55
157.42,36.92,42.899
262.83,-332.17,302.09
232.69,-156.91,175.65
229.83,-298.56,234.22
200.25,-82.686,153.66
207.05,-227.95,197.34
272.78,-290.18,250.13
186.54,-157.13,190.03
212.52,-98.161,139.29
205.17,-190.3,217.76
221.14,-214.67,179.76
205.71,-227.83,225.22
155.26,-8.9625,54.929
140.02,6.6609,43.698
232.31,-165.78,169.86
153.36,30.835,84.721
253.63,-392.19,319.22
183.2,-17.819,93.14
297.87,-403.25,296.84
295.22,-388.03,290.93
221.97,-136.81,151.3
214.81,-247.41,205.89
277.1,-401.52,339.11
258.17,-303.23,286.05
253.91,-244.3,246.48
164.4,-99.127,120.27
253.3,-275.04,269.84
165.83,-63.875,144.29
155.12,53.232,46.083
186.02,-134.92,134.56
159.68,9.3251,49.755
224.48,-242.88,249.79
194.81,-180.32,204.69
306.6,-414.45,320.54
189.55,-65.874,98.553
154.99,52.009,42.892
276.71,-310.82,254.25
259.38,-398.39,286.09
123.98,11.489,83.878
220.55,-273.26,222.88
271.98,-431.36,301.2
141.83,-37.511,113.25
244.35,-213.55,229.72
151.1,60.535,53.012
193.69,-50.831,104
166.79,-107.4,155.35
195.62,-181.72,205.98
147.77,-64.927,116.08
172.68,-24.239,71.227
53.807,-54.924,208.74
30.774,-37.507,162.08
61.77,-124.77,223.76
61.785,-43.957,206.02
14.702,18.977,113.33
41.963,58.353,132.57
137.88,-347.03,333.94
22.297,19.651,157.09
34.012,63.155,133.88
60.841,15.166,128.2
179.42,-408.59,405.16
154.85,-278.94,291.49
45.256,-75.481,199.58
114.91,-149.24,223.64
39.867,-11.968,125.98
91.251,-75.243,182.11
158.45,-338.05,370.28
154.42,-321.48,306.71
122.32,-225.17,311.89
81.137,-47.274,164.33
107.15,-224.6,304.05
114.15,-275.43,298.11
147.55,-280.66,287.45
138.63,-225.3,264.26
64.626,-132.19,230.66
115.72,-131.58,244.22
175.68,-318.05,321.9
118.53,-282.42,297.08
117.94,-290.75,316.66
174.38,-303.3,325.87
176.73,-316.36,346.09
70.864,-112.73,191.83
34.807,-48.327,179.24
153.56,-378.22,341.09
93.762,-164.95,221.65
49.643,-35.739,141.47
121.7,-301.81,323.88
82.902,-182.86,247.98
128.23,-287.33,291.58
44.278,53.574,98.267
62.355,7.3025,130.71
109.81,-259.38,309.75
85.298,-62.236,172.06
66.103,-41.487,204.4
185.62,-360.13,375.71
118.3,-277.83,292.7
158.47,-393.72,348.9
178.72,-360.67,380.49
177.52,-380.63,337.55
106.22,-186.33,289.89
140.08,-206.88,265.39
209.18,-420.22,374.41
175.8,-378.95,391.15
133.82,-190.59,254.67
186.43,-388.38,344.37
160.37,-326.44,364.85
130.49,-207.25,252.44
193.67,-371.46,375.47
166.4,-306.63,350.45
94.73,-68.696,194.56
70.433,-3.7397,148.35
199.42,-380.62,369.64
167.76,-360.31,326.56
66.119,-119.05,200.6
5.1336,45.741,94.983
137.28,-193.64,278.49
154.69,-288.35,293.96
26.096,5.0233,165.28
175.11,-318.95,351.84
121.07,-199.61,298.14
53.32,-35.955,141.61
206.93,-410.92,393.98
118.31,-219.5,252.33
73.714,-10.378,161.41
6.6113,34.622,106.58
101.07,-218.71,296.36
84.739,-187.38,267.63
99.037,-95.282,195.56
68.534,-90.789,176.76
172.74,-411.71,352.86
159.45,-273.83,295.97
66.412,-15.99,139.65
14.711,9.1038,126.91
34.646,38.852,152.05
137.37,-349.95,348.89
183.9,-407.93,350.53
189.15,-352.44,362.16
14.318,10.876,124.97
60.77,20.691,129.7
111.82,-169.09,280.95
144.94,-328.82,311.56
18.183,56.74,138.31
145.82,-354.68,329.43
165.21,-388.77,391.92
122.72,-244.35,320.42
138.85,-208.1,293.56
95.598,-133.24,204.22
44.571,56.359,98.687
47.662,-3.6405,121.69
181.23,-411.43,406.8
32.397,0.02201,172.32
-0.81547,55.548,91.968
64.712,-12.026,181.89
79.749,-77.399,171.77
89.209,-162.82,221.47
156.53,-410.01,372.46
67.727,-134.68,215.79
125.47,-236.55,261.82
63.517,-46.865,207.93
113.93,-132.89,249.97
166.34,-389.46,392.79
82.087,-74.585,172.16
62.871,17.779,135.97
104.89,-159.08,219.6
89.106,-124.32,197.84
77.181,-46.719,204.26
150.81,-319.39,360.5
184.51,-376.49,339.69
128.01,-186.14,245.39
108.54,-116.84,212.21
89.515,-120.69,196.1
81.207,-179.5,259.62
148.17,-229.98,278.87
59.784,4.6991,170.06
188.95,-385.99,392.17
90.271,-135.93,204.32
73.143,-15.735,175.75
75.518,-62.42,162.97
111.56,-270.97,307.54
192.11,-359.14,362.33
156.47,-259.91,291.36
73.719,-137.79,210.89
35.982,-48.047,163.62
21.526,1.9858,160.08
115.45,-280.6,316.68
93.707,-189.73,239.55
115.45,-268.47,319.88
65.044,7.717,136.71
42.741,-71.438,187.51
128.19,-251.13,325.12
84.252,-115.66,192.23
203.07,-391.91,374.86
120.49,-156.55,266
84.586,-155.53,266.16
107.88,-163.9,222.95
53.064,-90.295,215.7
185.22,-391.55,396.93
186.89,-368.3,340.07
37.572,-51.759,187.44
72.6,-135.84,249.05
147.12,-376.05,348.84
126.44,-261.14,328.46
67.114,-17.159,184.84
83.675,-60.739,169.71
180.34,-421.77,356.97
137.67,-199.13,285.46
84.166,-43.34,191.08
69.265,-37.741,200.94
13.839,12.71,123.22
149.9,-230.7,297.85
145.87,-242.58,316.88
160.4,-344.84,373.64
68.926,-102.31,236.93
181.88,-379.48,338.96
31.511,73.045,126.66
11.168,60.544,132.87
128.14,-165.42,249.14
81.731,-73.251,171.41
44.835,32.839,103.71
30.778,18.887,105.32
59.211,-65.294,160.67
147.11,-366.93,338.69
191.15,-356.93,349.58
163.38,-273.17,322.03
142.99,-208.17,282.32
62.096,-16.22,135.52
137.39,-343.13,330.15
83.183,-115.77,249.53
136.41,-279.56,284.63
104.23,-96.295,219.67
72.187,-57.97,214.81
157.38,-315.37,304.87
207.79,-407.41,385.35
138.17,-352.4,342.35
94.917,-93.186,189.57
67.644,-10.538,140.36
51.483,-95.575,206.45
205.11,-405.88,368.46
44.268,-32.837,140.36
66.994,-17.067,140.57
154.27,-274.36,289.92
67.433,6.5053,151.79
66.215,-6.5307,175.18
135.7,-223.14,261.1
129.71,-325.84,337.61
46.762,11.469,113.74
136.81,-237.99,318.28
144.18,-244.24,319.31
94.165,-68.739,190.71
51.79,-81.494,213.66
138.13,-330.72,355.39
56.116,-0.8373,125.13
22.011,-2.4395,128.42
177.04,-387.4,395.3
123.74,-155.1,239.7
24.09,-0.59723,164.21
74.433,-19.423,152.99
120.95,-162.92,271.58
132.23,-179.83,253.93
92.238,-87.947,185.39
13.184,34.111,143.63
126.7,-231.95,259.83
124.99,-163.93,267.22
53.017,-94.132,191.84
56.034,37.117,125.32
131.72,-324.54,319.95
59.797,13.401,161.03
138.33,-261.92,331.73
56.577,11.251,121.9
-0.21742,45.578,112.22
53.33,-100.68,203.94
122.64,-188.16,290.36
204.38,-402.6,367.61
160.52,-422.5,383.56
155.68,-255.49,290.34
37.421,-23.429,184.76
102.66,-139.6,210.32
68.393,-132.91,242.15
174.32,-302.69,327.49
74.42,-75.269,225.77
26.341,70.77,130.35
15.276,11.086,148.32
198.62,-397.8,393.59
120.28,-267.95,325.97
36.751,-19.468,132.56
118.17,-136.4,232.52
116.95,-212.42,248.5
192.79,-388.08,391.19
171.97,-298.83,334.6
161.07,-286.06,338.79
32.632,-21.494,136.98
141.14,-205.96,286.21
92.432,-165.13,222.06
130.52,-312.03,343.76
122.93,-180.6,238.78
150.71,-366.36,374.6
6.0278,53.636,130.67
132.78,-178.17,258.18
98.285,-189.63,236.99
175.18,-317.78,350.59
176.18,-308.34,331.81
185.69,-432.98,362.47
128.29,-267.58,331.71
150.57,-231.3,295.8
67.674,1.9777,142.09
137.52,-282.18,341.1
86.309,-57.198,205.48
189.58,-351.17,348.14
105.5,-231.73,303.52
140.77,-206.34,267.36
55.008,-82.944,176.56
106.49,-105.03,228.32
158.86,-288.12,297.18
62.109,-125.06,226.25
104.12,-129.25,207.86
137.29,-194.29,279.55
194.63,-409.46,404.77
116.41,-280.16,320.07
135.33,-185.36,269.46
139.69,-334.93,357.76
198.12,-379.7,359.53
134.23,-181.65,263.56
101.32,-239.67,283.15
-3.7647,55.582,101.76
43.104,21.026,163.76
178.36,-317.86,329.09
55.968,-88.564,220.51
184.15,-404.38,403.86
123.54,-269.65,329.29
39.418,17.458,166.13
143.14,-366.09,360.12
4.1799,72.54,123.01
80.305,-70.803,222.04
153.66,-239.61,295.22
44.131,51.108,98.309
110.13,-123.33,245.12
134.32,-275.21,337.18
100.14,-141.6,265.48
131.09,-300.82,299.59
95.922,-146.75,268.16
94.099,-208.97,257.26
80.223,-48.313,203.26
178.69,-389.82,341.64
10.343,71.669,127.3
139.7,-197.85,272.32
166.39,-312.29,354.56
116.43,-134.69,226.99
156.23,-283.69,340.42
141.11,-251.79,325.64
68.423,-130.19,242.34
135.64,-345.12,344.81
87.562,-190.66,274.05
82.344,-52.733,205.53
153.48,-288.56,344.69
83.784,-175.71,268.19
63.802,13.357,135.7
106.99,-248.64,305.78
6.599,51.301,131.89
109.25,-250.72,278.38
65.546,-130.3,236.04
120.35,-236.87,261.89
84.614,-164.76,225.54
63.403,-128.88,220.16
65.014,-43.459,205.81
79.512,-163.32,261.04
60.917,-121.73,215.65
32.621,23.85,102.24
118.76,-242.98,265.83
85.825,-56.085,172.48
30.897,44.325,90.083
127.65,-171.33,244.6
106.02,-152.63,271.6
163.56,-278.47,328.48
150.37,-235.75,282.72
117.97,-237.99,262.92
186.25,-343.53,340.59
114.58,-190.28,237.2
66.441,8.4275,152.88
120.85,-182.17,237.44
115.72,-284.03,309.34
123.48,-275.9,286.16
122.91,-206.78,302.13
118.63,-137.77,233.23
11.182,50.021,86.237
96.483,-87.233,191.11
8.2892,28.289,135.22
4.4058,33.101,120.19
156.11,-388.99,347.39
31.4,58.095,83.733
191.36,-365.64,346.55
154.34,-396.7,357.68
27.553,7.3918,165.83
114.45,-256.6,317.69
117.11,-282.51,300.09
28.628,79.88,122.27
29.407,25.336,159.09
177.19,-331.01,324.14
200.13,-415.4,361.67
73.854,-24.236,185.23
56.202,-100.39,193.76
141.1,-212.81,295.09
64.327,-119.91,235.31
128.6,-322.45,326.28
164.68,-331.2,366.97
56.885,-39.055,143.94
18.792,75.188,127.71
153.6,-294.62,348.24
127.39,-319.93,329.58
48.51,53.285,107.34
57.963,31.951,128.92
86.378,-62.763,173.66
107.01,-234.1,265.67
98.633,-151.77,271.21
103.05,-97.304,203.77
182.96,-338.31,333.69
75.146,-35.347,195.37
78.011,-131.59,203.08
125.46,-274.59,284.12
122.59,-149.06,240.12
73.547,-118.12,194.82
29.057,-28.634,172.23
143.11,-293.74,347.55
74.121,-102.42,183.84
91.373,-75.368,218.65
129.07,-315.73,315.03
90.638,-99.693,239.7
204.31,-402.13,389.1
78.327,-73.295,169.21
114.27,-274.47,296.36
22.747,47.604,144.84
163.98,-276.18,324.68
74.101,-18.927,152.29
161.89,-316.85,359.34
77.13,-47.911,205.33
113.86,-223.2,254.65
88.06,-153.35,268.03
138.23,-195.55,278.32
90.359,-114.21,193.32
82.299,-174.32,237.54
183.04,-357.67,376.02
130.66,-123.62,218.88
174.42,-392.86,383.39
126.49,-231.02,269.43
160.89,-198.38,280.34
45.855,5.5702,123.43
105.31,-88.276,184.34
123.1,-90.066,210.12
130.81,-186.82,239.4
156.87,-217.98,264.88
193.02,-328.36,322.64
84.445,-112.54,238.81
110.3,-204.59,274.08
204.25,-332.86,341.69
119.71,-211.82,259.2
56.576,26.501,107.07
183.51,-396.16,396.42
148.21,-318.77,330.17
151.79,-183.38,284.66
201.15,-415.29,358.23
169.56,-301.7,356.83
135.77,-196.37,245.15
139.02,-134.62,239
176.86,-254.73,320.72
189.03,-295.98,314.46
143.32,-283.98,298.33
175.54,-401.05,383.11
201.33,-343.74,334.01
70.05,-33.155,202.09
177.01,-408.09,374.8
53.698,-43.075,176.24
39.654,9.3717,160.25
180.65,-262.82,322.37
94.672,-91.53,239.97
203,-380.21,395.77
124.68,-233.31,305.79
110.99,-56.547,188.52
172.45,-332.31,370.54
40.26,2.9138,161.09
78.412,-6.9558,133.98
113.86,-71.394,190.33
95.262,-142.44,220.2
47.643,-13.305,140.88
195.72,-309.5,326.52
168.28,-277.03,344.02
18.632,52.479,115.66
121.08,-158.16,279.88
88.218,-33.871,151.5
225.01,-405.29,397.85
211.34,-416.5,360.53
211.4,-354.56,353.3
104.38,-176.04,272.36
156.63,-188.04,279.73
174.9,-358.14,331.27
73.196,-3.6256,185.72
217.83,-375.48,377.12
199.25,-350.63,333.03
39.571,14.228,120.23
62.864,66.467,99.21
145.01,-184.84,245.86
126.68,-250.58,290.65
103.43,-174.19,270.66
142.73,-302.43,327.31
102.28,-180.76,257.6
218.09,-374.79,364.42
71.434,12.707,121.19
65.242,55.743,103.42
190.19,-385.79,397.48
47.896,26.043,163.24
202.2,-327.86,337.51
90.955,-18.174,149.96
75.186,-14.731,193.04
187.26,-404.5,355.65
121.67,-98.15,236.61
30.631,59.623,84.989
97.174,-119,253.1
22.43,53.808,129.25
183.69,-350.4,381.15
69.132,11.856,175.38
49.101,80.25,128.21
202.02,-323.84,346.97
49.63,62.125,85.92
148.39,-197.77,299.97
78.299,-59.302,218.03
97.793,-22.655,163.35
178.47,-396.36,390.54
209.5,-381.63,394.05
83.855,-8.0388,185.44
79.16,-113.02,225.17
216.51,-378.81,384.57
29.183,26.861,138.96
188.95,-327.4,319.16
128.43,-125.58,215.72
162.44,-209.79,272.77
147.65,-264.75,282.21
82.954,21.319,150.28
144.29,-229.72,263.05
58.951,-40.34,194.41
91.984,-142.19,251.27
95.055,-104.28,246.02
88.835,-121.02,245.9
108.22,-145,215.16
194.41,-302.6,340.35
155.1,-316.84,353.63
108.74,-128.12,262.12
48.389,-15.188,175.87
117.87,-76.91,216.17
99.287,-61.125,169.85
213.14,-364.99,375.58
65.56,52.771,104.14
163.07,-267.89,339.56
158.91,-311.64,308.05
15.263,61.839,110.46
194.78,-310.25,323.97
141.09,-254.48,327.28
167.21,-227.41,279.83
149.02,-269.49,284.76
221.48,-384.16,376.39
122.05,-134.32,265.96
88.917,-71.994,228.36
148.28,-202.25,303.15
125.14,-249,298.26
152.92,-333.93,342.83
93.784,-101.25,244.1
190.1,-420.94,365.44
128.75,-104.79,227.26
103.4,-141.96,214.35
192.62,-339.51,325.12
161.58,-360.58,352.67
172.99,-317.44,309.2
148.2,-319.15,336.38
40.246,87.134,125.45
57.151,-13.11,133.55
50.956,84.53,123.24
187.31,-390.39,346.7
89.223,-8.7731,181.23
182.66,-358.4,329.81
217.78,-373.37,373.1
139.24,-289.11,311.37
140.76,-185.35,294.52
70.871,-5.2938,129.04
115.58,-138.26,268.64
131.03,-236.19,314.23
79.247,-11.393,190.18
39.968,-4.7348,146.79
178.65,-377.43,342.09
181.37,-266.73,325.77
39.631,57.54,143.77
207.59,-368.26,344.41
142.82,-145.65,245.31
166.1,-217.69,297.49
109.68,-66.696,182.71
48.669,34.642,159.24
93.248,-137.09,253.74
82.34,-57.113,218.73
49.462,-25.833,154.06
68.273,-43.301,153.2
83.837,-124.16,235.4
197.37,-358.85,384.78
222.09,-396.79,393.9
144.2,-233.22,320.7
209.21,-381.99,348.6
142.68,-297.55,332.69
219.24,-384.27,385.41
166.07,-263.36,284.78
77.972,-40.608,208.78
148.8,-318.76,340.81
185.04,-426.05,376.25
187.51,-426.76,372.87
55.863,78.531,124.81
118.72,-166.43,227.36
57.657,-23.045,141.5
218.5,-386.66,360.57
174.01,-265.92,291.77
211.06,-361.58,375.84
44.068,48.868,91.27
134.55,-202.43,247.95
111.73,-200.39,258.49
110.35,-89.915,188.46
64.531,-72.867,192.92
94.001,-149.67,230.15
91.092,-126.08,208.92
184.35,-363.78,332.51
197.04,-313.49,328.6
165.39,-272.7,341.98
154,-193.4,291.79
162.25,-304.67,356
142.13,-219.05,313.62
115.99,-122.75,259.58
43.234,-12.631,149.92
176.61,-314.61,363.55
191.65,-412.39,358.66
174.09,-255.86,290.65
96.755,-63.694,169.1
174.57,-239.94,304.39
126.45,-187,239.12
172.35,-391.59,363.41
67.993,-34.811,146.93
175.82,-325.01,313.11
223.49,-396.7,391.06
67.333,40.638,152.47
23.289,59.578,130.21
203.21,-328.94,352.46
98.031,-66.893,171.19
31.165,64.08,136.34
126.93,-148.57,220.87
52.761,-18.218,140.53
222.42,-424.73,369.53
200.88,-358.33,383.05
162.27,-362.91,354.64
78.824,-65.454,220.91
147.95,-314.15,322.55
164.38,-257.17,333.12
201.05,-324.62,353.1
98.752,-21.407,177.2
77.643,-95.544,227.22
162.95,-308.82,357.81
48.192,-20.56,149.14
83.146,-125.18,224.25
170.22,-243.18,284.41
125.64,-248.84,303.14
183.03,-406.31,360.2
158.1,-202.55,264.76
54.548,46.925,95.697
94.345,-21.401,188.69
67.418,38.443,154.47
168.7,-221.56,291.03
208.88,-351.17,368.29
127.87,-257.28,302.08
141.2,-272.69,331.48
205.29,-355.4,340.13
224.44,-398.67,391.26
174.42,-259.6,291.38
211.69,-422.9,363.16
143.47,-161.74,240.48
110.91,-129.63,263.37
159.73,-199.49,269.21
123.76,-228.96,270.54
125.04,-112.02,246.66
106.05,-130.79,206.44
70.539,-74.752,214.89
126.41,-98.225,223.72
185.31,-394.5,397.56
54.914,8.3893,118.17
65.207,61.017,132.63
118.77,-76.486,209.94
64.64,-73.327,196.47
112.01,-63.96,187.61
177.21,-293.29,351.44
90.725,-92.499,238.82
23.133,40.106,122.48
26.783,56.424,135.21
167.34,-261.41,284.97
125.9,-238.11,307.71
31.464,30.441,145.55
141.85,-163.2,277.11
31.522,64.733,136.29
81.496,-120.4,227.69
86.64,-129.09,218.38
34.74,45.556,94.814
117.15,-84.559,228.02
76.354,35.476,124.89
169.57,-376.23,350.32
193.14,-397.49,403.01
153.31,-198.55,297.19
84.468,-59.303,162.47
81.096,-89.307,230.7
134.42,-271.19,298.87
196.24,-306.42,339.37
48.426,-18.39,145.84
185.71,-415.14,401.63
124.11,-155.57,278.74
78.95,23.471,128.24
93.322,-6.0395,165.57
211.52,-358.69,371.51
41.369,37.974,154.11
145.15,-267.08,284.47
69.306,58.539,124.78
92,-2.2254,161.71
42.899,-13.492,156.32
86.419,-12.985,143.23
148.25,-191.02,295.03
172.7,-392.01,378.84
139.65,-162.03,278.01
36.661,50.676,145.64
217.82,-396.6,398.96
27.666,27.886,128
55.277,-1.9935,125.56
25.319,44.278,134.35
156.65,-260.03,279.73
139.59,-190.62,244.04
193.68,-402.03,351.91
182.74,-418.89,396.3
158.93,-289.2,294.54
117.21,-117.99,203.32
148.09,-318.23,329.54
50.509,-34.286,169.59
118.72,-102.48,243.67
98.832,-32.605,163.59
22.903,41.138,123.96
57.657,43.305,99.134
35.889,32.125,105.84
224.27,-411.76,369.44
134.53,-131.89,225.6
132.2,-139.8,265.19
169.09,-224.65,286.51
120.48,-93.839,201.44
55.529,-45.45,170
56.215,-18.134,138.09
155.17,-213.67,307.78
192.8,-350.33,381
80.534,-116.4,215.93
192.76,-341.6,375.87
70.103,1.7475,182.31
110.81,-60.841,185.45
85.235,-49.344,157.08
17.899,55.321,105.86
186.76,-403.82,355.47
171.46,-302.31,302.05
167.9,-237.77,280.74
190.36,-288.36,330.22
117.39,-183.71,238.72
54.125,32.52,102.99
90.919,-38.42,155.22
87.516,-0.081909,173.45
19.25,59.51,123.26
201.33,-407.76,409.66
47.072,-20.817,152.26
161.72,-282.89,291.34
200.9,-327.54,333.95
61.036,63.866,134.91
154.81,-293.6,298.01
98.266,-123.37,202.81
86.349,-134.27,236.02
120.19,-96.786,201.01
63.913,-45.435,201.74
142.43,-182.43,291.91
43.449,-8.7155,142.21
170.78,-321.71,311.24
60.625,-52.761,168.7
113.24,-76.029,223.99
145.57,-212.13,309.98
56.462,72.206,130.74
101.17,-52.913,213.32
189.4,-363.85,332.88
212.27,-383.58,351.81
81.6,8.8325,171.14
67.425,-76.123,186.98
49.947,-30.467,175.39
132.66,-213.82,254.32
102.12,-152.24,267.09
149.55,-284.22,341.82
164.38,-234.55,317.33
60.586,60.528,96.015
100.11,-127.29,258.02
106.88,-108.45,251.28
80.128,-40.943,151.12
201.21,-336.95,366.43
130.05,-162.04,282.13
104.6,-41.982,196.63
156.52,-343.83,351.63
195.25,-303.44,337.98
88.536,-126.7,212.31
173.68,-239.31,307.6
128.8,-203.87,302.85
69.091,-44.015,153.47
161.49,-207.47,295
70.997,-81.922,215.4
125.73,-97.921,214.15
140.42,-183.46,293.38
88.077,7.6189,149.6
143.46,-153.3,264.23
61.277,52.758,145.5
196.36,-406.13,407.51
121.71,-199.17,296.83
170.87,-228.62,297.99
127.85,-105.08,216.77
223.45,-400.56,368.45
212.01,-360.47,351.77
183.09,-381.2,392.35
119.68,-172.31,230.81
114.58,-99.147,243.5
177.89,-373.43,339.81
141.96,-294.81,311.71
135.64,-277.4,320.76
45.966,-18.258,169.36
81.011,-7.1911,136.15
213.83,-398.4,403.02
184.25,-269.55,320.28
76.107,3.32,179.89
128.95,-117.32,216.01
71.468,76.211,136.96
163.77,-200.07,254.31
206.62,-381.7,398.62
202.74,-265.11,327.31
175.08,-234.52,326.66
193.06,-233.9,295.78
109.16,-137.44,246.72
210.85,-309.04,359.54
200.89,-299.92,309.74
207.4,-293.25,315
212.7,-391.86,351.26
107.76,-108.73,246.39
221.69,-422.79,366.84
213.81,-295.69,337.88
137.66,-179.84,241.45
111.58,-88.065,242.1
158.46,-161.86,284.47
122.31,-120.87,261.3
53.087,16.797,140.66
140.64,-78.221,214.97
187.46,-376.19,368.44
202.52,-288.17,350.28
206.13,-285.82,312.98
156.13,-131.5,231.89
98.49,-61.944,224.05
118.28,-18.494,184.36
173.19,-197.02,301.86
135.07,-215.7,283.9
89.66,24.247,171.92
118.42,-62.865,174.59
85.285,-32.824,152.26
94.722,-97,221.07
69.215,-27.193,169.78
85.856,-6.5866,133.93
137.2,-156.4,282.87
112.35,-19.597,156.04
208.23,-343.69,328.52
175.83,-221.43,268.98
77.183,-19.199,192.21
168.21,-184.21,295.41
202.94,-263.57,311.95
181.71,-197.7,281.28
145.31,-146.39,223.75
156.52,-279.98,315.17
109.71,-60.77,227.59
188.49,-362.35,378.17
198.33,-278.6,302.33
188.49,-236.44,284.92
124.13,-128.93,210.87
73.586,50.314,156.02
165.28,-155.73,270.95
51.31,73.269,137.37
138.24,-178.19,240.14
44.824,66.796,88.151
229.12,-394.64,356.01
83.638,-66.914,194.35
180.36,-333.97,328.96
193.02,-297.29,359.4
192.62,-343.25,378.51
228.46,-341.53,362.09
187.19,-240.13,283.7
216.91,-402.24,356.36
143.47,-236.99,304.74
209.01,-353.65,332.8
59.232,31.971,110.57
149.07,-242.97,283.51
123.37,-155.38,273.03
122.49,-31.831,175.29
64.096,-9.7444,151.31
64.346,-10.998,152.83
104.31,-91.674,190.47
122.42,-168.7,272.19
94.123,-19.327,142.94
105.01,10.015,172.71
39.973,62.105,98.129
84.481,66.735,105.75
130.79,-93.21,246.46
47.201,35.311,138.54
234.23,-364.53,379.3
133.49,-209.78,286.04
103.26,-2.5953,141.47
176.75,-342.91,349.98
213.92,-297.21,329.36
104.25,-123.63,238.09
189.66,-313.92,311.94
125.77,-78.337,237.42
166.56,-281.05,298.85
205.38,-288.46,347.89
167.4,-155.42,261.71
102.53,-46.598,160.2
218.59,-384.75,403.24
98.032,-63.157,224.22
117.47,-145.85,264.16
121.65,-33.605,199.42
212.06,-293.59,324.75
200.09,-346.9,383.18
144.33,-222.87,308.18
54.434,68.495,83.832
109.12,-31.325,208.16
156.99,-227.11,266.75
165.35,-252.89,333.54
104.33,2.8357,141.67
168.27,-231.72,269.45
136.6,-130.54,213.09
169.47,-216.67,317.13
208.64,-279.25,324.8
203.12,-344.69,382.96
75.704,3.5044,182.84
148.42,-252.65,296.43
115.43,-98.437,192.27
72.697,-11.65,141.11
187.45,-320.15,315.56
120.32,-66.146,177.12
92.648,53.801,128.98
156.31,-123.52,237.79
152.83,-118.34,227.34
179.61,-226.4,319.92
185.05,-286.77,353.82
156.97,-281.06,323.29
40.372,54.916,127.08
148.1,-228.01,313.43
98.985,33.601,134.16
103.06,-91.262,237.39
165.43,-149.83,259.17
196.78,-244.14,303
139.18,-215.64,269.8
198.55,-372.05,390.57
144.96,-107.68,212.62
67.064,-8.4363,143.52
187.25,-215.22,297.12
174.98,-242.65,331.2
63.257,8.9467,169.61
167.22,-311.69,340.72
133.74,-211.3,278.94
192.75,-333.41,322.12
194.23,-249.15,294.06
174.75,-280.84,295.29
131.5,-54.412,205.95
114.21,-128.92,257.68
84.182,74.12,107.95
85.001,70.258,108.25
161.71,-286.34,308.84
235.09,-363.07,374.34
117.72,-109.66,254.36
149.49,-122.34,258.27
178.49,-307.83,358.84
41.894,85.851,125.82
188.06,-351.39,376.66
161.38,-163.51,241.47
152.05,-215.98,260.94
173.82,-193.94,298.65
204.44,-270.14,329.72
184.44,-206.46,291.68
120.95,-137.7,266.46
48.414,29.286,134.07
81.313,21.751,116.6
163.37,-297.3,336.66
175.05,-190.52,263
132.9,-89.925,243.1
210.8,-347.05,330.78
77.202,93.576,109.5
177.02,-227.6,321.92
76.933,-46.531,190.93
191.65,-386.42,365.4
165.56,-273.31,293.83
130.03,-145.96,220.91
180.28,-193.56,278.34
41.04,55.805,104.75
224.74,-328.89,351.86
174.12,-301.97,309.2
52.771,18.87,147.04
146.16,-176.32,238.26
102.56,-34.927,211.58
174.43,-334.07,351.92
116.25,-61.585,228.02
206.84,-276.95,316.88
234.43,-360.8,372.87
144.01,-185.68,297.97
217.88,-366.76,340.96
194.72,-364.16,340.42
219.36,-376.24,398.94
89.132,20.264,121.39
177.82,-196.17,295.56
65.353,-10.571,172.94
149.49,-241.89,316.73
138.96,-80.06,226.78
108.21,10.521,152.92
101.27,26.976,156.06
81.949,-54.396,176.29
193.05,-291.71,302.69
125.93,-178.76,278.04
85.898,-72.935,197.09
150.77,-213.05,311.62
186.66,-288.3,354.74
146.82,-109.78,215.68
98.632,34.115,133.21
82.586,-6.345,133.63
84.411,8.304,183.53
69.796,37.047,105.01
215.56,-379.01,400.27
191.85,-238.7,290.49
205.72,-270.86,318.23
154.72,-128.97,258.27
66.97,-20.22,162.32
206.07,-390.24,351.96
129.64,-168.75,237.21
153.04,-246.92,321.95
102.83,-94.619,193.85
77.077,2.2732,184.18
243.99,-393.77,392.98
141.87,-189.8,298.26
196.57,-242.31,307.58
125.4,-138.83,217.16
169.6,-317.5,345.84
196.6,-245.31,315.83
125.83,-40.893,200.41
75.161,69.25,92.151
204.91,-372.88,342.03
65.668,-16.566,159.72
174.86,-268.56,288.45
170.68,-176.26,255.91
154.19,-271.46,320.4
94.732,-24.111,204.23
108.82,-136.49,232.69
164.29,-276.75,297.24
157.24,-171.9,292.08
124.62,-135.2,214.9
76.973,3.2524,183.68
219.81,-353.36,385.39
173.77,-178.47,281.73
215.82,-308.55,329.23
165.87,-289.22,305.99
96.78,-9.7425,139.09
104.7,-1.5767,185.52
154.75,-245.74,323.67
124.95,-126.39,264.86
117.99,-160.45,243.65
192.34,-232.6,293.88
169.62,-257.7,337.26
195.34,-391.8,363.01
109.1,-18.778,151.94
81.079,38.137,163.74
180.83,-216.33,272.78
147.22,-128.55,219.01
149.78,-107.37,239.76
200.45,-384.03,394.88
194.29,-268.72,296.43
144.35,-107.82,211.74
74.182,-2.9503,184.33
202.67,-263.43,310.87
136.8,-212.79,270.71
230.84,-367.82,351.75
175.03,-336.88,351.37
83.001,-31.599,201.43
112.65,-64.929,172.77
167.78,-158.67,254.36
76.576,20.932,174.57
154.7,-172.61,239.02
232.36,-353.47,367.6
92.375,-83.664,194.84
72.089,-30.384,184.36
168.21,-200.08,307.04
116.04,-86.595,185.23
95.915,-89.292,195.74
156.27,-190.15,247.14
152.37,-267.87,311.34
187.35,-292.11,356.62
186,-318.82,315.12
118.85,-73.777,179.53
88.245,-65.554,214.31
99.213,-90.311,192.93
179.71,-292.31,354.62
93.499,45.322,146.57
47.55,61.339,91.377
112.11,-2.7953,157.18
131.61,-144.41,219.79
203.29,-372.87,393.95
42.64,63.318,93.301
87.597,-66.122,181.33
167.48,-274.6,293.73
118.75,-108.59,254.38
238.76,-378.16,365.57
89.821,-76.177,216.59
135.07,-154.74,225.81
177.13,-319.92,320.54
124.83,-34.014,186.31
119.53,-117.44,204.09
131.39,-80.359,236.22
99.908,-102.05,204.38
182.53,-347.75,338.76
173.03,-176.58,261.44
86.397,22.666,118.59
74.188,-37.224,169
70.656,28.052,168.73
177.3,-325.06,360.65
234.3,-379.84,394.3
150.37,-167.74,290.67
96.495,-19.75,143.89
70.287,-22.886,182.07
121.25,-24.153,179.68
75.766,-34.769,192.29
155.72,-121.43,241.97
138.18,-207.38,298.43
135.95,-209.73,268.68
62.444,6.0968,168.68
200.84,-346.77,383.35
142.32,-91.382,208.46
114.7,-81.425,182.1
106.87,-24.728,203.93
164.64,-289.39,307.55
215.14,-330.28,328.79
103.57,-23.142,148.91
233.84,-388.52,401.36
230.17,-364.47,385.76
184.56,-233.78,279.74
177.69,-337.53,336.25
71.765,-15.746,145.92
152.82,-269.19,314.38
84.132,71.173,106.01
125.2,-186.26,269.64
75.54,91.108,118
86.739,-65.005,181.32
66.909,60.669,90.622
64.43,67.746,85.937
144.16,-89.436,215.78
74.94,31.183,109.45
70.918,-26.972,161.06
80.596,9.1067,123.65
229.35,-393.9,355.9
149.17,-106.67,240.53
172.78,-174.68,261.67
208.16,-365.66,393.09
141.92,-157.1,227.58
194.36,-362.32,384.84
177.08,-214.72,268.3
186.17,-369.56,371.22
120.63,-170.7,266.06
210.62,-329.02,324.77
125.83,-39.849,181.94
219.25,-372.64,343.67
206.41,-313.84,365.91
88.706,63.814,126.66
183.08,-321.41,365.86
155.56,-132.25,260.63
177.84,-280.1,294.51
112.96,-66.245,231.09
151.5,-210.67,257.76
200.61,-265.43,332.38
112.33,-148.76,246.67
135.47,-73.211,224.69
125.82,-182.2,276.94
166.21,-189.74,252.35
136.71,-218.76,280.01
98.365,17.548,131.22
86.03,31.063,114.86
161.45,-138.91,254.84
67.264,45.36,158.32
190.02,-384.02,369.41
104.87,6.058,177.53
239.93,-376.16,374.68
235.03,-361.17,369.7
151.53,-109.72,236.38
160.72,-228.96,267.38
202.2,-391.97,398.08
176.41,-291.45,352.65
170.33,-227.11,322.97
107.37,-81.542,182.05
169.94,-262.19,339.12
83.436,-55.413,205.84
79.202,77.35,129.48
130.81,-112.82,202.67
97.499,37.042,131.08
145.04,-234.55,309.39
120.35,-172.07,261.29
239.36,-390.84,398.09
125.29,-38.087,181.2
81.126,77.085,126.66
209.45,-284.58,336.11
213.14,-378.88,344.75
51.88,19.952,139.46
166.61,-256.05,282.26
228.03,-410.19,361.27
69.908,-28.75,169.22
159.48,-196.59,306.6
69.892,81.065,133.61
120.21,-24.647,189.36
95.139,-98.402,211.55
120.88,-173.51,262.67
83.501,-53.248,172.39
109.79,3.506,153.01
-39.594,-95.059,197.18
-41.323,-71.996,147.42
-14.433,-161.57,207.69
-36.115,-82.06,200.39
-51.256,-10.471,103.36
-54.103,27.672,138.01
74.863,-377.28,320.96
-67.036,-20.14,143.74
-62.801,29.618,135.08
-20.878,-5.9048,141.05
95.683,-443.03,397.31
83.427,-298.04,301.6
-34.077,-113.71,182.99
36.576,-169.98,235.08
-26.057,-35.875,125.05
10.55,-96.351,194.31
69.796,-373.76,363.21
91.618,-341.67,310.06
27.618,-262.85,305.1
0.81217,-68.25,176.53
19.343,-264.15,290.21
46.878,-307.49,284.63
80.328,-300.43,294.04
63.873,-245.23,274.94
-12.787,-169.6,214.31
20.459,-159.27,254.09
99.571,-337.13,334.77
53.461,-312.48,285.6
46.518,-325.82,300.66
91.055,-324.99,338.65
87.882,-342.08,355.45
3.862,-139.07,187.55
-42.513,-85.728,162.85
95.413,-403.88,332.79
26.85,-189.52,220.2
-17.04,-59.553,141.13
50.077,-337.05,307.71
12.126,-216.33,234.22
65.631,-312.88,286.04
-33.639,33.528,110.6
-17.961,-13.459,143.25
31.716,-297.12,293.26
5.9145,-83.114,183.88
-32.859,-78.181,201.69
96.783,-388.42,380.88
53.707,-307.08,282.27
101.26,-419.07,340.57
89.218,-392.1,380.92
116.88,-398.75,343.04
11.164,-225.12,281.48
57.529,-228.18,278.35
138.54,-437.2,387.54
88.563,-412.73,386.42
51.751,-211.81,267.48
123.44,-405.44,352.94
69.602,-361.01,360.86
56.494,-227.43,262.28
107.49,-396.66,384.15
73.96,-337.09,354.15
4.7021,-92.894,207.11
-16.127,-26.457,161.31
118.32,-401.94,381.74
106.96,-379.51,330.36
-1.7949,-148.63,191.55
-59.831,16.826,85.308
43.922,-220.4,288.78
85.625,-307.46,302.7
-62.571,-34.921,151.29
84.757,-346.53,359.05
23.778,-235.74,295.38
-14.141,-58.816,143.29
123.66,-434.72,403.26
51.593,-241.93,254.27
-17.468,-35.38,173.32
-60.183,3.7031,94.689
16.13,-258.17,281.01
5.6221,-225.54,251.03
17.598,-116.54,207.94
1.1798,-115.22,175.8
117.29,-432.98,350.18
82.918,-293.37,308.32
-10.403,-36.374,150.79
-54.203,-23.392,113.67
-62.086,2.264,148.22
68.214,-384.31,332.73
125.78,-425.87,354.84
103.32,-376.58,372.37
-54.228,-21.317,112.01
-23.749,-1.2514,142.75
13.473,-205.22,278.8
84.549,-352.32,308.1
-74.999,18.249,129.31
86.196,-380.95,320.98
83.567,-424.81,380.25
30.962,-282.83,310.62
43.192,-237.56,300.78
24.925,-154.89,209.72
-34.664,36.056,111.36
-20.959,-24.919,126.62
97.369,-445.63,399.42
-59.2,-39.84,160.17
-66.714,25.135,80.385
-33.979,-45.053,185.02
7.4037,-98.489,179.17
22.564,-188.73,217.7
94.295,-441.23,357.44
-2.1119,-166.88,203.56
58.971,-258.42,264.56
-34.598,-84.818,202.67
16.727,-162.57,257.71
84.283,-425.4,381.54
7.9899,-95.383,181.05
-24.082,-5.1407,148.83
34.389,-180.58,225.26
19.6,-146.6,201.65
-22.114,-80.019,207.29
61.577,-355.83,352.57
119.76,-393.67,349.09
50.068,-206.64,256.99
25.002,-138.57,225.02
19.414,-142.66,200.77
3.8141,-216.96,243.17
65.958,-251.13,291.89
-38.33,-27.611,174.02
101.05,-416.01,393.97
21.703,-158.82,206.59
-22.944,-44.504,184.33
2.7648,-83.326,170.9
38.537,-306.72,291.37
108.08,-382.02,373.56
77.609,-280.03,304.12
6.1696,-166.78,202.59
-34.022,-80.763,150.65
-62.464,-37.474,144.18
40.725,-317.13,300.2
27.34,-217.43,232.69
34.591,-306.84,303.94
-18.956,-14.052,149.75
-31.645,-107.26,172
35.5,-288.95,316.94
15.284,-138.33,195.09
122.87,-412.84,387.05
22.906,-187.15,272.45
-5.7648,-195.79,252.62
36.913,-185.17,229.26
-30.287,-129.83,199.31
97.867,-423.47,395.3
118.36,-385.59,351.48
-43.077,-90.464,170.84
-14.182,-176.01,233.6
85.725,-405.77,335.77
36.251,-299.58,317.81
-31.607,-49.976,188.33
5.2327,-81.503,181.16
125.03,-441.39,356.91
42.865,-227.33,294.25
-11.425,-71.341,200.63
-30.085,-72.913,200.95
-54.435,-19.262,110.47
58.262,-256.66,308.44
50.226,-274.04,320.8
72.234,-380.44,366.47
-23.735,-142.66,224.59
119.18,-396.92,346.74
-64.942,40.103,128.63
-79.268,21.423,121.25
40.537,-188.55,262.03
7.5765,-94.035,180.35
-28.073,13.025,113.52
-34.66,-4.0297,105.73
-7.8327,-89.662,159.63
87.274,-394.52,328.23
112.76,-376.65,362.72
72.959,-299.05,332.07
51.991,-233.36,293.81
-11.68,-36.573,144.95
74.878,-372.74,317.91
-13.657,-154.83,241.72
72.542,-301.59,285.59
10.216,-122.88,230.63
-26.989,-94.69,212.18
92.558,-334.73,310.75
127.26,-428.84,396.94
72.983,-384.52,327.56
16.518,-114.02,200.88
-11.835,-31.219,152.55
-24.997,-132.51,190.32
132.87,-423.38,381.65
-21.811,-57.994,137.48
-9.993,-37.472,151.77
82.026,-293.54,300.39
-24.029,-18.775,163.4
-31.569,-37.698,180.83
62.318,-243.14,270.89
58.672,-360.94,321.33
-23.445,-8.989,120.93
40.695,-272.62,317.3
48.326,-276.7,321.71
6.167,-91.999,203.62
-33.595,-121.48,197.71
58.39,-368.2,340.26
-17.06,-21.053,134.43
-44.866,-32.52,117.94
90.682,-421.35,389.77
37.832,-177.55,252.72
-61.507,-40.336,148.78
-9.361,-41.159,165.95
22.926,-194.47,276.73
46.821,-202.1,266.96
14.493,-108.73,196.42
-73.023,-5.4412,128.86
59.186,-253.29,264.02
28.619,-193.11,275.31
-17.162,-126.67,179.27
-31.5,13.868,137.98
68.436,-354.24,308.02
-37.159,-17.045,167.37
44.286,-298.06,327.08
-19.661,-8.8762,133.12
-72.44,10.405,96.514
-20.397,-136.02,188.82
24.522,-222.58,290.88
131.48,-420.32,380.84
96.672,-454.81,367.68
75.823,-275.88,303.24
-52.536,-63.625,171.1
29.867,-160.6,218.12
-15.201,-172.49,225.82
89.98,-324.9,340.01
-24.11,-113.13,220.9
-69.961,35.592,128.58
-65.022,-27.436,131.81
112.39,-424.73,399.48
35.196,-306.79,311.7
-28.914,-45.471,128.06
29.951,-159.77,245.38
49.747,-234.68,251
105.33,-416.64,395.13
83.184,-323.96,344.9
67.765,-316.26,343.43
-33.561,-49.677,129.22
47.792,-232.91,296.19
25.675,-190.16,219.78
51.09,-349.72,328.1
47.237,-201.02,249.21
72.241,-403.13,359.9
-79.63,14.304,115.95
44.539,-201.62,270.92
32.157,-215.4,233.14
84.986,-345.08,358.17
91.444,-330.82,344.1
130.76,-451.85,363.41
38.538,-305.94,320.94
60.028,-256.46,307.07
-17.372,-20.158,155.13
46.668,-319.59,332.53
-11.6,-87.599,212.45
110.07,-371.35,361.17
20.984,-271.01,288.21
56.9,-228.05,280.41
-12.3,-111.52,168.79
11.029,-132.77,238.23
87.241,-307.04,307.71
-15.281,-162.45,209.91
28.328,-149.97,217.84
43.65,-221.3,289.6
108.15,-439.68,405.41
39.653,-317.42,303.57
43.702,-210.75,280.99
60.031,-372.34,342.7
121.92,-398.59,372.76
44.338,-205.96,275.85
30.703,-273.71,268.37
-73.854,21.628,86.815
-54.486,-15.219,160.99
98.076,-338.25,342.21
-31.018,-128.81,205.05
98.452,-437.53,399.27
36.772,-308.43,316.1
-57.2,-20.153,160.56
73.309,-400.82,343.75
-84.431,33.4,110.31
-19.336,-106.4,221.52
65.862,-263.14,307.57
-32.848,31.203,110.33
12.523,-153.4,252.46
43.45,-312.91,328.13
1.5482,-178.63,262.01
69.023,-326.81,293.02
-1.1422,-185.25,261.39
26.187,-240.04,245.77
-18.636,-80.4,208.02
119.24,-408.05,346.23
-81.369,33.027,117.21
50.433,-221.91,284.67
74.065,-343.47,357.03
30.652,-157.1,240
62.272,-315.82,342.28
45.646,-286.27,324.54
-16.294,-170.02,226.24
67.046,-379.17,328.84
5.9187,-229.62,257.61
-16.421,-84.55,210.68
59.847,-322.24,343.82
0.20484,-215.19,252.02
-21.558,-8.8975,148.73
27.417,-286.85,289.38
-78.898,11.962,117.05
43.432,-280.45,267.86
-15.421,-169.12,219.43
55.034,-260.1,261.72
17.684,-192.88,218.31
-9.8384,-163.91,205.27
-33.663,-80.683,202.06
-4.3058,-202.89,244.86
-12.268,-156.71,200.81
-33.564,1.9047,104.67
54.145,-267.26,263.54
3.8099,-77.419,185.07
-36.652,23.746,95.536
44.598,-192.85,257.48
7.3109,-188.96,269.34
71.922,-305.7,337
67.966,-256.94,295.78
53.083,-262.05,261.14
108.28,-363.07,353.79
45.102,-211.72,242.36
-26.067,-17.573,163.92
46.857,-202.64,246.79
45.835,-318.15,293.99
60.259,-302.07,279.95
25.958,-242.99,299.05
30.476,-161.11,246.11
-52.394,24.839,81.864
14.748,-108.55,203.57
-70.55,-9.7462,118.67
-68.03,-2.114,104.54
98.368,-414.9,338.43
-38.318,38.362,91.827
117.69,-383.78,359.55
94.825,-425.39,345.23
-62.589,-32.506,152.78
30.411,-295.55,302.65
50.903,-313.78,287.28
-67.623,46.873,124.02
-64.571,-13.57,149.87
104.53,-349.3,336.29
135.87,-431.58,372.42
-23.84,-54.82,191.77
-13.243,-132.14,182.06
45.98,-241.73,302.86
-19.927,-159.65,219.08
62.095,-354.93,311.68
73.737,-364.85,364.59
-11.319,-61.383,146.92
-76.254,38.404,122.58
60.473,-328.8,346.27
58.572,-353.85,313.95
-34.663,31.834,120.41
-29.809,8.6042,141.56
6.1758,-83.762,185.75
41.658,-262.15,257.64
1.3775,-190.01,264.97
17.482,-119.65,216.77
107.13,-357.18,346.73
-23.628,-67.575,199.85
11.048,-157.73,199.11
62.324,-299.77,279.5
34.455,-172.41,252.97
6.5328,-144.17,191.02
-50.995,-67.125,155.63
52.239,-330.57,339.92
6.4641,-126.45,183.71
-7.2578,-106.71,224.5
65.461,-345.43,303.27
-9.0185,-135.26,239.23
120.69,-425.94,398.56
5.9988,-94.363,176.63
47.473,-306.07,283.34
-71.186,9.1996,136.42
73.262,-302.4,334.32
-9.467,-40.594,165.24
69.895,-350.21,358.04
-22.235,-81.434,208.04
48.355,-247.18,253.37
-4.7716,-193.38,256.29
45.465,-221.86,289
19.002,-135.67,199.53
13.566,-205.68,226.05
93.682,-386.92,379.91
41.653,-140.83,242.27
96.529,-423.73,378
53.952,-255.19,271.9
63.343,-219.02,303.07
-26.699,-17.395,127.88
25.405,-105.26,202.83
27.389,-109.43,233.86
55.47,-204.83,253.56
75.15,-233.82,286.3
116.71,-342.23,344.14
-8.6186,-148.5,233.88
29.005,-236.43,269.08
117.87,-348.75,365.71
46.432,-236.4,261.41
-18.118,9.3556,122.28
98.506,-428.03,393.51
74.204,-347.41,326.18
48.421,-208.82,302.9
138.33,-430.24,370.15
71.458,-333.49,361.63
60.137,-213.94,260.2
42.473,-154.41,262.53
77.254,-278.09,340.18
105.41,-311.13,338.09
72.911,-307.68,300.34
100.63,-430.91,377.65
123.44,-357.41,356.76
-31.754,-68.796,202.74
108.51,-434.68,370.99
-28.174,-75.021,171.4
-51.084,-25.893,155.11
82.464,-285.01,342.93
-9.0565,-126.74,242.45
108.14,-407.96,405.31
35.539,-268.01,300.65
15.872,-75.67,212.32
78.511,-364.82,371.77
-48.594,-31.925,155.56
-1.5915,-23.26,153.64
22.83,-89.104,214.07
20.274,-167.96,221.88
-26.763,-39.232,141.56
109.83,-325.21,350.55
67.461,-307.48,352.58
-61.92,20.809,110.51
17.158,-192.39,284.08
7.6331,-50.401,171.13
133.85,-425.82,417.06
145.65,-429.29,377.64
125.95,-370.13,377.31
14.463,-211.19,266.93
56.402,-210.45,301.12
109.44,-376.94,338.43
-32.356,-36.129,193.68
127.17,-394.41,398.65
124.88,-364.03,354.17
-33.32,-10.181,122.51
-24.353,50.091,122.92
62.703,-201.06,267
51.04,-279.14,287.73
13.852,-209.26,265.17
65.147,-333,322.24
21.835,-211.95,253.17
133.35,-390.13,388.39
-8.189,-3.3867,140.97
-20.515,39.651,126.75
99.337,-416.99,399.06
-52.351,-9.1714,163.69
116.43,-343.51,361.58
4.6361,-34.765,172.8
-30.21,-47.899,199.82
124.62,-423.26,361.24
16.293,-124.72,254.16
-40.114,39.213,92.571
-3.2029,-155.09,252.19
-66.111,19.222,123.95
88.933,-381.49,385.16
-36.292,-20.024,184.28
-54.597,50.984,140.39
110.13,-342.51,369.63
-26.587,46.308,104.18
43.644,-227.3,312.32
-23.27,-95.2,218.13
5.1152,-40.847,187.26
97.516,-427.89,385.83
114.62,-407.06,407.4
-22.184,-37.287,199
-5.8873,-146.51,219.64
123.73,-399.92,403.76
-55.433,-6.5607,133.29
114.87,-341.45,339.08
42.192,-142.34,238.24
72.564,-227,296.66
76.992,-284.26,291.21
-16.669,-0.56666,172.17
70.582,-247.47,276.71
-34,-76.212,189.56
2.3424,-177.34,245.68
-6.9293,-140.09,246.5
-5.4585,-157.15,241.41
33.896,-165.46,224.73
99.409,-323.09,361.84
67.363,-350.4,349.54
4.8811,-162.96,265.27
-42.656,-50.613,170.65
15.356,-100.4,237.11
17.573,-77.75,189.97
120.3,-385.55,395.72
-19.503,36.792,127.26
62.123,-299.19,346.82
90.786,-331.78,314.56
-65.535,30.007,105.19
110.62,-325.43,347.86
45.836,-289.22,325.63
79.481,-243.97,303.55
78.6,-288.98,293.65
133.66,-401.24,399.31
15.788,-166.23,275.3
-15.224,-106.99,231.43
43.688,-232.35,314.47
45.498,-280.24,293.29
77.383,-363.7,337.88
-8.1241,-137.09,244.48
128.22,-440.41,369.42
28.948,-126.33,249.82
29.362,-163.71,221.64
119.37,-353.32,344.95
89.377,-388.74,348.41
103.47,-333.71,322.86
71.286,-349.51,331.25
-62.784,55.757,133.78
-15.765,-34.463,140.84
-52.308,56.822,137.72
123.75,-407.72,355.17
-15.622,-35.353,198.47
116.35,-374.7,341.54
128.31,-391.35,395.5
65.231,-317.17,308.35
35.661,-216.34,304.69
-5.7146,-22.343,145.5
10.867,-172.33,273.54
37.468,-271.35,310.9
-26.869,-42.937,200.03
-38.921,-35.032,142.92
114.33,-396.76,347.71
82.833,-289.38,345.78
-61.135,23.15,145.87
132.47,-381.27,366.62
46.505,-165.34,268.86
66.278,-240.26,318.37
21.511,-83.745,205.88
-53.014,0.088239,161.6
0.20769,-173,248.88
-21.261,-92.304,221.16
-27.092,-54.007,152.3
-5.3211,-64.874,160.53
-3.045,-158.41,229.68
101.08,-386.67,395.04
130.3,-417.65,412.94
43.51,-266.93,323.86
136.85,-394.69,369.73
60.632,-330.03,327.08
127.52,-404.47,405.48
89.676,-278.81,303.74
-26.016,-75.448,212.02
69.436,-350.24,335.27
120.87,-449.51,375.04
124.73,-448.55,373.57
-46.967,52.153,141.21
44.209,-185.87,238.72
-15.537,-45.728,146.79
140.03,-399.89,384.37
93.44,-281.02,313.71
117.25,-383.03,395.07
-28.597,31.101,104.28
60.08,-220.64,261.28
36.206,-227.79,257.4
27.957,-106.59,208.89
-16.644,-104.3,188.51
17.118,-177.76,228.72
16.382,-150.82,211.73
118.38,-379.98,344.23
111.34,-329.13,352.64
64.563,-303.69,349.68
50.425,-219.48,309.11
67.235,-337.95,356.59
40.035,-252.42,318.15
9.8097,-155.38,267.7
-34.921,-42.326,146.61
78.555,-345.42,369.94
129.56,-430.21,365.46
90.27,-271.42,313.74
16.92,-80.58,187.7
77.906,-260.47,326.78
52.252,-206.09,250.87
104.24,-417.5,360.48
-5.654,-55.356,155.97
106.62,-341.03,326.98
132.75,-416.39,411.38
-37.285,12.48,166.99
-68.075,24.502,125.74
110.29,-348.45,374.36
18.096,-83.78,189.85
-66.596,29.02,135.61
47.125,-165.39,239.57
-20.722,-42.304,143.69
153.03,-436.47,390.51
104.49,-384.77,395.62
89.831,-391.26,350.22
-21.954,-101.54,220.24
76.001,-341.08,320.16
62.274,-287.15,343.21
106.65,-345.21,374.07
-1.4034,-43.336,199.32
-14.661,-131.38,222.06
68.459,-342.1,358.1
-27.66,-48.101,148.02
2.2707,-156.4,220.01
85.531,-258.99,307.58
43.431,-281.33,297.6
119.75,-427.32,362.47
70.37,-219.22,288.28
-21.808,30.849,113.61
-10.509,-47.732,206.33
-37.371,9.9181,168.49
72.944,-241.33,314.15
115.33,-371.88,388.57
48.88,-288.22,297.21
50.708,-307.15,327.51
127.94,-368.82,362.97
134.15,-418.01,411.9
91.579,-274.98,314.2
147.05,-435.84,379.42
55.444,-178.65,263.79
6.5394,-164.13,267.37
68.309,-217.22,293.15
50.492,-254.33,271.47
19.225,-139.44,263.09
31.126,-150.48,217.62
-22.006,-110.62,209.8
26.379,-119.9,246.18
98.743,-426.34,395.61
-18.058,-10.908,128.86
-36.878,36.287,151.29
18.964,-98.013,232.52
-18.131,-105.7,191.46
19.907,-81.98,211.46
76.949,-322.2,362.22
-11.227,-128.36,239.21
-57.076,8.679,117.52
-66.599,21.116,131.53
89.848,-276.73,304.78
37.355,-272.65,302.49
-58.226,-4.5078,140.32
36.731,-190.73,292.95
-66.534,29.734,135.82
-2.5109,-153.4,222.35
9.3688,-157.43,216.77
-36.42,24.57,101.69
11.846,-110.97,245.79
-14.709,17.875,148.83
102.71,-400.39,349.53
103.34,-428.55,404.2
49.173,-225.92,312.71
8.87,-77.932,175.77
-16.004,-125.69,227.42
60.837,-298.41,296.97
102.76,-325.85,361.71
-26.67,-45.108,145.62
104.82,-446.41,397.33
19.125,-188.86,285.07
-9.7966,6.5543,151.95
-5.7363,-27.337,188.09
118.65,-379.03,392.02
-57.483,2.6632,153.59
74.796,-287.72,291.47
-28.866,37.302,146.88
-6.3187,-23.088,184.52
-38.003,-45.008,151.62
2.426,-29.293,165.19
43.425,-219.72,308.78
97.095,-422.13,373.36
34.124,-190.49,292.57
-61.8,15.507,145.13
124.38,-420.03,414.74
-51.63,-2.9377,123.5
-17.498,-22.465,134.22
-62.758,9.7686,128.91
83.505,-276.82,294.62
61.518,-207.31,261.94
130.57,-418.22,361.97
106.52,-449.16,390.93
88.995,-307.28,305.47
36.607,-134.84,222.44
74.211,-346.78,325.64
-30.718,-65.892,164.93
12.141,-131.48,257.95
9.558,-49.812,187.14
-58.375,9.1516,118.71
-19.691,27.371,117.86
-35.879,9.3902,110.21
149.65,-423.99,392.64
44.5,-149.32,249.22
26.208,-168.37,279.84
76.632,-242.8,310.36
31.014,-111.17,224.9
-22.775,-74.968,167.06
-16.839,-40.621,143.61
51.122,-242.36,321.11
96.141,-378.96,390.14
1.0034,-146.67,212.48
95.346,-369.48,386.68
-35.131,-31.036,189.62
18.855,-78.813,209.29
8.3697,-67.031,172.66
-58.749,25.993,102.27
124.06,-422.71,360.88
100.09,-318.15,317.48
83.471,-253.59,303.75
95.846,-308.18,352.51
44.091,-205.34,245.78
-20.303,15.402,118.09
9.6391,-54.924,175.29
-16.41,-25.603,191.88
-67.811,25.32,117.75
110.37,-437.71,413.34
-29.973,-49.511,149.94
90.383,-299.82,304.96
117.04,-342.56,357.94
-42.344,37.165,151.1
85.708,-313.41,305.63
23.999,-144.69,210.95
2.4254,-167.24,230.68
32.104,-113.84,224.11
-31.784,-81.653,197.91
37.152,-212.48,303.73
-32.437,-36.489,140.72
102.34,-338.8,322.91
-15.382,-79.988,168.18
7.5493,-103.01,241.05
41.917,-244.1,317.7
-47.027,44.812,145.86
-5.3895,-81.905,227.61
122.19,-378.79,347.35
138.29,-396.23,373.95
-23.281,-18.308,187.48
-10.227,-104.86,184.93
-35.446,-64.153,169.74
59.756,-233.44,264.45
6.3143,-188.36,263.48
56.531,-318.48,339.65
61.523,-261.85,332.24
-22.338,44.907,118.48
-0.19614,-163.34,257.14
1.3455,-142.28,257.07
4.1283,-58.963,165.65
104.87,-360.29,384.04
24.563,-194.2,290.6
1.3924,-66.218,216.75
79.62,-374.35,346.25
101.55,-322.97,360.28
12.946,-153.02,213.04
75.399,-261.03,328.99
29.136,-238.94,303.2
-4.5436,-65.392,161.15
60.028,-231.36,314.67
-19.2,-117.26,209.84
30.428,-117.11,237.94
35.236,-214.37,303.73
-7.1531,-11.645,173.23
40.597,-177.55,284.13
-43.177,24.008,158.96
106.91,-436.93,408.94
24.759,-234.8,294.7
73.887,-249.21,320.46
33.501,-123.88,240.63
145.28,-413.61,392.37
129.4,-374.99,375.86
94.547,-413.2,391.28
45.482,-192,241.56
7.7194,-129.46,255.8
113.35,-392.63,345.76
69.348,-321.79,309.63
53.384,-309.96,315.14
-40.204,-52.255,163.65
-0.5267,-23.397,156.86
119.93,-423.89,415.69
88.857,-289.67,342.61
-29.816,-27.309,191.12
39.349,-134.67,239.52
-39.8,50.745,159.73
79.027,-212.49,283.07
110.14,-409.18,409.55
98.253,-282.64,359.13
65.333,-261.6,345.91
94.39,-247.56,330.56
16.279,-167.11,251.96
105.32,-330.05,386.27
118.53,-310.29,340.48
118.55,-303.88,349.04
142.01,-403.6,372.98
4.5433,-140.93,253.5
153.05,-434.12,388.06
113.27,-310.86,371.28
57.214,-197.16,259.7
1.8732,-119.65,253.97
45.655,-187.15,308.42
13.22,-152.44,272.83
-33.704,-9.967,147.14
34.328,-95.216,248.72
107.84,-400.7,374.47
95.473,-310.42,375.86
115.75,-296.8,347.35
58.237,-144.99,266.51
-9.3662,-93.962,234.13
9.3252,-37.474,216.4
61.92,-220.55,327.81
47.827,-242.85,290.01
-23.13,-2.1702,194.02
30.929,-75.603,204.41
4.5639,-50.427,170.2
2.3237,-126.45,226.41
-18.784,-54.433,176.18
4.1405,-20.928,157.79
27.693,-187.32,295.71
18.993,-32.101,189.64
131.54,-353.98,356.1
89.333,-233.11,299.96
-26.551,-51.255,199.85
56.359,-208.25,320.87
105.38,-276.85,346.72
78.981,-213.12,315.53
59.332,-159.3,252.41
73.504,-305.22,321.96
-2.7341,-90.894,243.43
98.665,-390.4,384.31
112.13,-289.22,334.86
97.096,-248.06,318.82
42.452,-145.21,231.54
-37.758,22.065,174.29
55.352,-175.88,301.63
-54.732,42.558,148.54
57.696,-195.12,259.09
-33.217,48.71,103.76
153.62,-403.14,385.82
-4.5784,-94.139,200.9
105.78,-352.55,341.77
86.959,-323.93,377.25
94.557,-371.78,388.62
130.13,-356.06,395.27
98.06,-251.47,316.76
146.72,-413.49,378.61
52.194,-266.11,309.96
133.8,-364.16,359.16
-19.808,14.121,127.14
69.274,-264.17,295.04
21.28,-187.28,279.97
22.11,-46.101,210.07
-20.301,-34.511,159.67
-20.38,-36.029,160.95
22.886,-110.38,207.01
25.959,-199.58,277.54
11.007,-33.012,168.68
-6.1064,-11.437,201.96
-40.164,40.288,108.85
-10.684,54.243,140.42
16.76,-120.51,267.83
-44.254,6.1354,143.78
134.86,-380.57,410.6
43.306,-238.41,291.43
12.608,-14.743,174.08
95.979,-367.66,356.27
118.11,-309.85,364.17
11.474,-153.26,243.35
113.89,-326.8,334.74
11.664,-105.59,258.91
89.803,-298.94,314.02
99.005,-309.25,375.47
61.44,-172.44,295.23
19.39,-60.781,185.15
118.43,-410.1,419.77
-9.3535,-95.249,233.91
17.414,-177.56,270.22
10.264,-54.748,229.34
117.55,-305.7,359.66
99.506,-374.48,396.32
45.866,-253.83,314.55
-24.185,54.046,105.72
-4.7318,-58.434,229.75
77.763,-242.73,287.09
61.225,-283.06,344.49
11.308,-9.5067,175.34
87.03,-244.73,295.2
51.759,-144,240.19
58.891,-243.96,336.54
109.44,-293.4,359.09
101.16,-371.57,398.04
-31.655,-28.078,193.35
66.059,-276.9,304.46
33.28,-114.17,214.1
-7.8165,-31.113,155.9
112.72,-334.15,335.93
32.413,-78.836,207.27
-10.813,37.952,162.97
52.471,-139.24,272.2
52.93,-132.45,262.11
69.147,-251.02,343.62
79.488,-314.77,369.15
70.272,-308.38,328.81
-51.364,25.624,132.29
48.188,-259.05,320.53
-0.77787,19.553,168.95
-1.2995,-123.53,245.03
59.039,-167.09,292.55
97.621,-258.04,337.66
57.951,-237.73,280.68
104.12,-400.15,399.28
49.961,-120.57,246.54
-14.635,-30.325,155.03
82.14,-232.26,330.1
66.087,-270.39,348.86
-36.979,-22.645,175.98
81.287,-338.8,346.14
47.561,-237.75,285.57
118.65,-346.82,343.1
101.9,-260.83,328.41
97.91,-295.58,315.68
22.622,-73.152,238.34
11.671,-161,264.58
-14.779,60.353,142.74
-12.826,56.928,143.09
83.082,-307.92,319.07
137.42,-377.6,407.12
8.8046,-141.38,265.55
36.612,-145.72,285.37
79.792,-337.35,367.71
-61.188,54.908,134.89
94.944,-379.98,383.81
69.697,-175.81,274.45
72.545,-232.14,280.54
62.834,-216.64,325.79
100.3,-287.5,361.62
79.306,-223.4,324.84
15.95,-169.78,274.79
-38.838,2.1603,140.23
-1.5743,8.8712,143.52
74.845,-325.41,341.94
80.02,-203.13,297.4
18.834,-115.98,266.54
133.71,-357.03,359.09
-28.343,76.004,141.87
66.581,-253.37,343.71
-15.835,-76.164,196.18
116.47,-408.16,373.37
88.576,-290.66,310.03
48.56,-162.17,241.57
77.737,-208.86,312.69
-40.206,32.901,114.33
127.47,-342.51,385.9
98.534,-319.14,324.89
-37.866,-9.9341,152.41
64.136,-190.76,262.14
-10.21,-64.46,228.57
89.871,-360.67,357.37
2.5035,-90.026,247.36
111.05,-289.53,351.76
136.77,-375.26,405.75
36.642,-216.75,309.31
141.69,-376.19,369.66
122.78,-379.79,356.51
117.95,-400.84,417.42
2.7717,8.2288,151.71
68.328,-216.77,325.27
-29.626,-41.023,178.13
52.883,-272.4,322.77
27.897,-100.68,257.36
5.9414,-4.5517,187.48
-7.2468,7.8921,187.68
-1.7441,-77.965,186.2
112.74,-302.81,331.02
29.622,-209.57,283.41
-1.8843,-99.861,203.88
45.545,-244.03,321.87
80.877,-316.01,370.67
50.71,-122.87,249.92
-0.78055,20.201,168.01
1.6284,-21.49,155.74
-26.958,-21.532,199.22
-10.686,23.174,128.92
115.34,-404.78,416.15
97.846,-250.82,325.08
107.22,-284.59,352.8
43.222,-150.45,287.7
-19.51,-46.503,169.41
135.84,-404.07,370.01
48.827,-187.87,252.73
55,-277.57,328.6
21.169,-114.44,208.7
-30.768,-29.224,195.11
146.81,-408.79,424.68
36.367,-221.2,307.99
94.518,-257.7,341.48
44.078,-155.77,236.54
82.829,-344.96,351.16
91.617,-262.79,348.03
15.803,-60.636,231.83
-12.272,57.911,124.23
133.28,-385.57,362.74
-20.631,-42.75,166.87
96.738,-282.3,311.22
74.711,-189.15,290.4
65.902,-299.46,325.74
-16.818,-54.499,219.11
22.549,-162.38,240.29
87.193,-295.13,311.81
44.74,-198.87,313.1
43.21,-151.99,234.57
-30.974,-28.209,194.73
116.34,-375.81,408.57
65.282,-197.63,313.21
123.93,-319.76,364.09
88.829,-308.67,318.78
11.376,-22.386,167.86
-8.2784,-25.81,211.29
55.049,-276.51,331.08
15.626,-157.84,276.74
33.383,-185.12,252.28
94.269,-246.02,328.71
64.565,-287.4,349.5
122.58,-411.46,372.98
18.146,-31.056,184.52
-31.081,10.657,183.74
89.472,-228.15,306.35
56.452,-141.01,251.18
40.304,-126.63,271.64
108.01,-411.91,402.81
108.14,-279.53,328.63
49.963,-120.61,245.46
-31.152,-34.853,193.14
105.64,-276.48,345.7
54.563,-236,280.36
146.97,-376.75,385.7
91.673,-362.95,357
-21.844,-63.735,209.58
28.071,-78.526,199.5
66.569,-173.27,289.09
-33.466,-9.4507,188.6
69.071,-185.28,267.88
134.98,-367.58,400.91
8.3457,-107.4,204.68
-22.491,-60.715,189.52
56.608,-226.15,329.02
32.766,-101.11,209.71
12.804,-111.9,206.89
72.923,-203.32,273.86
67.567,-294.08,317.58
81.927,-319.87,372.27
111.3,-333.19,334.87
32.951,-86.938,207.74
-11.274,-97.274,220.06
17.161,-111.17,206.31
76.987,-321.52,366.32
-15.594,25.412,177.18
-30.607,43.495,107.45
11.925,-16.992,191.97
49.769,-160.01,241.67
106.5,-400.6,404.64
-36.153,43.474,106.47
4.6311,-88.693,192.45
90.614,-291.31,310.9
9.1966,-140.12,266.24
150.3,-388.07,400.58
-7.1586,-107.29,221.85
53.417,-170.3,247.64
102.08,-338.08,334.29
19.352,-50.594,220.27
37.846,-133.93,224.42
17.431,-105.62,260.88
16.498,-125.04,215.09
107.85,-367.43,349.81
73.961,-190.37,296.24
1.0953,10.505,148.09
-10.72,-62.142,177.41
-37.925,-2.8156,181.12
84.454,-354.05,366.99
133.32,-398.88,421.62
38.473,-196.47,308.48
12.56,-33.039,170.75
-25.598,-53.634,187.3
16.087,-40.587,213.7
-21.846,-66.011,197.72
49.169,-138.64,275.5
40.005,-238.44,304.48
53.743,-232.84,278.49
-36.09,-25.228,174.5
99.96,-374.2,396.89
43.801,-105.07,243.11
31.3,-95.819,206.85
-6.9064,-51.76,225.59
87.163,-309.59,319.37
131.79,-339.85,361.39
16.935,-35.696,178.54
132.75,-409,426.4
128.48,-383.41,413.67
95.552,-245.2,312.6
101.43,-358.59,345.96
-9.3685,-36.489,158.97
66.921,-296.03,320.22
-12.755,58.17,140.84
35.996,-214.32,275.4
-32.894,70.895,147.72
3.5413,-87.889,192.06
-14.775,48.235,117.58
-17.084,55.42,112.97
40.92,-104.85,250.35
-6.621,17.884,134.92
-13.247,-51.325,169.96
-0.84457,-4.9629,147.79
153.58,-402.37,385.93
39.178,-126.37,271.99
72.939,-188.76,296.47
108.03,-392.42,407.3
58.824,-171.15,252.7
99.99,-390.68,393.1
88.122,-226.39,300.71
102.97,-395.71,376.63
28.312,-200.18,271.3
129.74,-338.75,355.67
24.478,-54.479,216.69
143.65,-382.01,372.13
100.51,-337.45,388.61
-16.536,46.791,159.75
85.059,-350.62,374.84
43.956,-153.91,289.82
100.44,-293.85,316.83
0.15452,-96.065,247.63
71.68,-226.5,278.09
94.213,-284.92,362.1
23.053,-176.7,252.67
23.61,-94.703,254.31
31.371,-212.46,282.14
78.017,-201.76,283.74
52.176,-244.14,287.44
6.2187,5.4136,164.73
-0.52019,19.199,145.57
53.924,-156.86,287.73
-41.988,15.171,172.2
112.32,-407.51,375.98
-7.0899,-16.477,205.5
145.99,-388.48,408.93
138.94,-374.56,403.44
44.22,-127.38,269.62
81.076,-243.61,289.53
110.81,-419.67,405.71
75.039,-321.05,362.93
60.623,-254.99,340.89
25.616,-97.858,202.7
65.588,-291.99,350.81
-14.706,-86.818,211.3
-30.48,55.953,157.99
45.669,-126.27,229.97
-1.7267,23.198,165.89
50.232,-264.76,314.89
30.953,-200.17,267.09
139.57,-408.75,426.58
23.756,-52.789,215.94
-27.486,57.012,156.72
106.53,-301.28,368.38
140.67,-389.69,369.04
-35.251,-7.0422,145.76
88.586,-271.21,302.63
156.03,-419.24,388.14
-17.378,-55.527,175.96
48.66,-225.12,324.09
-41.219,55.745,156.53
10.698,-44.042,221.05
7.8571,-124.95,218.66
31.227,-201.75,268.39
0.95654,-75.398,183.96
9.7767,-10.626,187.8
