83.112,-44.417,-145.57
299.77,-367.54,-104.29
286.98,-370.31,-130.06
184.85,-179.84,-154.83
286.06,-291.79,-141.21
122.7,-91.482,-110
100.58,-70.883,-105.29
289.07,-358.8,-145.74
278.37,-352.55,-141.17
250.69,-251.17,-115.11
316.36,-398.92,-139.98
248.07,-253.63,-151.35
275.15,-321.29,-153.4
315.38,-325.6,-126.19
238.05,-224.94,-129.32
158.36,-167.07,-156.61
35.365,-35.339,-104.29
163.52,-151.54,-109.17
137.89,-158.57,-110.07
360.32,-441.58,-95.358
13.882,-9.4154,-102.2
69.585,-78.679,-108.39
196.52,-182.41,-149.44
65.343,-81.066,-138.3
60.423,-53.086,-148.41
11.606,-13.151,-107.58
287.34,-306.72,-149.63
185.17,-156.94,-129.85
263.41,-271.59,-112.03
167.65,-140.62,-118.13
45.322,-8.444,-97.769
212.71,-271.63,-139.53
270.37,-267.04,-134.41
340.15,-369.38,-140.87
356.76,-386.24,-109.11
228.04,-236.95,-155.15
48.768,14.621,-123.47
118.55,-139.81,-148.87
135.71,-137.47,-105.77
54.351,-71.95,-127.24
150.14,-131.63,-152.21
257.63,-262.56,-113.21
21.158,-0.9451,-95.774
135.67,-97.969,-140.38
309.09,-393.29,-110.23
293.23,-335.13,-152.51
120.01,-95.775,-151.14
85.147,-99.478,-145.39
262.43,-300.42,-154.88
306.07,-343.24,-102.72
274.83,-337.1,-148.67
350.31,-446.39,-133.68
342.42,-439.01,-131.64
76.35,-68.11,-101.82
356.69,-416.46,-145.03
37.273,1.4277,-144.45
97.219,-98.113,-104.57
371.16,-403.88,-131.78
98.849,-125.55,-120.85
285.07,-352.14,-107.29
266.9,-309.78,-104.87
71.286,-27.77,-143.27
98.882,-95.914,-152.84
316.78,-344.48,-146.43
51.714,-63.754,-137.13
189,-170.06,-116.89
400.07,-440.21,-125.61
348.12,-390.32,-100.35
200.01,-198.1,-110.04
57.534,-19.974,-145.79
157.43,-148.34,-154.92
350.65,-412.85,-95.823
283.77,-289.25,-141.88
105.11,-114.97,-107.31
241.57,-301.81,-146.37
266.64,-286.67,-153.28
401.43,-439.33,-116.8
227.29,-210.81,-132.95
111.41,-94.448,-104.31
87.968,-108.73,-141.18
110.65,-110.28,-104.68
289.39,-373.45,-129.97
97.254,-124.8,-135.44
392.58,-432.08,-128.87
25.435,-28.316,-107.18
316.05,-409.01,-119.95
139.19,-169.55,-115.31
149.76,-164.19,-155.44
374.94,-404.27,-120.18
194.73,-248.24,-124.2
78.778,-72.913,-102.42
35.475,20.71,-136.42
100.64,-53.745,-137.21
223.77,-206.3,-131.36
236.93,-304.75,-126.96
227.13,-286.89,-143.68
222.17,-249.18,-107.12
170.26,-198.49,-110.54
83.073,-104.09,-139.06
309.6,-374.06,-148.26
353.36,-456.34,-109.82
61.727,-62.133,-146.72
245.87,-253.83,-110.47
373.11,-456.27,-140.81
140.68,-166.14,-112.05
83.746,-30.855,-116.59
300.89,-356.12,-101.82
177.22,-224.75,-122.79
335.15,-411.38,-143.99
114.19,-131.06,-150.15
212.41,-194.62,-123.01
247.85,-245.13,-117.07
287.96,-331.6,-152.91
48.327,-57.907,-138.34
329.74,-344.48,-125.89
331.34,-383.96,-98.564
17.194,-12.893,-138.82
340.49,-375.26,-143.45
77.184,-83.598,-106.55
15.894,-19.25,-132.66
272.56,-274.52,-118.55
343.01,-372.9,-140.37
47.386,15.217,-126.89
331.66,-424.24,-108.39
74.472,-72.707,-149.49
192.39,-169.77,-121.61
149.34,-177.63,-112.61
97.123,-58.591,-108.09
282.77,-285.97,-139.55
325.03,-338.39,-128.1
50.554,12.699,-121.07
281.7,-335.7,-151.66
303.06,-313.31,-117.57
178.62,-223.21,-145.86
386.61,-426.84,-132.2
247.97,-252.12,-112.45
383.71,-453.43,-91.932
247.79,-246.25,-147.3
226.23,-247.82,-107.01
136.53,-163.5,-113.37
208.52,-224.27,-157.23
179.99,-191.93,-107.25
224.56,-207.68,-135.78
14.257,-21.793,-118.72
68.049,-32.874,-101.19
230.9,-286.24,-148.18
77.185,-63.586,-101.12
130.25,-167.09,-126.6
328.14,-394.61,-147.02
141.6,-177.89,-120.38
375.21,-458.07,-140.79
237.34,-289.28,-110.93
129.71,-101.29,-110.05
246.19,-248.1,-149.88
166.78,-213.19,-138.49
341.25,-441.47,-113.68
286.11,-368.44,-120.17
379.66,-435.37,-140.9
219.13,-263.79,-152.56
296.15,-382.86,-126.54
221.74,-214.31,-149.16
32.451,1.0447,-95.609
341.4,-442.81,-119.63
256.02,-250.19,-123.34
51.846,-1.8115,-139.93
132.12,-89.812,-125.94
192.53,-237,-149.1
9.8085,-12.88,-130.42
107.23,-103.91,-104.13
336.54,-382.39,-99.46
132.13,-158.9,-148.51
363.77,-391.4,-128.94
125.06,-134.85,-106.95
228.25,-270.36,-154.12
164.43,-131.05,-135.6
203.4,-180.8,-136.9
305.25,-377.84,-145.13
271.27,-317.36,-153.54
128.96,-155.03,-148.26
99.768,-49.003,-128.79
124.37,-136.69,-107.68
144.44,-173.05,-113.38
57.755,-74.809,-119.1
158.41,-184.31,-110.64
55.062,-36.313,-148.62
359.23,-462.25,-106.49
268.22,-289.1,-107.14
293.28,-372.78,-139.02
274.25,-279.22,-115.94
200.59,-215.83,-157.34
213.62,-196.47,-122.56
112.06,-83.99,-149.82
326.38,-422.84,-119.77
177.38,-181.54,-156.86
196.62,-196.73,-109.19
59.731,-38.981,-99.009
79.246,-44.471,-147.32
70.676,-74.535,-105.49
338.66,-439.17,-119.27
359.05,-460.85,-105.25
197.96,-191.34,-111.47
237.49,-244.55,-110.17
252.46,-291.85,-105.95
267.76,-322.31,-106.55
78.602,-40.299,-104.03
320,-414.43,-120.89
165.97,-198.67,-112.93
319.26,-384.64,-147.69
167.12,-214.85,-131.2
213.51,-197,-121.66
128.63,-103.27,-150.42
158.35,-196.37,-117.82
66.353,-7.8822,-117.31
203.69,-192.9,-114.36
166.83,-171.04,-106.95
190.64,-197.1,-156.91
42.11,-4.3827,-97.378
243.16,-306.98,-116.95
170.1,-167.84,-107.69
62.069,-55.715,-148.49
160.92,-125.93,-130.95
340.83,-361.99,-115.12
82.238,-40.325,-143.81
98.324,-118.27,-145
376.64,-417.25,-136.02
266.88,-319.54,-152.06
242.65,-295.16,-151.07
108.74,-112.78,-105.51
229.52,-218.88,-144.46
332.96,-355.97,-110.82
239.7,-230.37,-142.23
175.28,-194.22,-107.92
117.66,-151.54,-133.69
347.11,-447.51,-127.96
298.03,-341.94,-102.16
166.54,-204.23,-115.88
95.382,-119.31,-117.86
291.38,-376.38,-122.87
83.383,-29.191,-129.86
177.82,-167.71,-153.63
191.01,-236.59,-147.99
320.73,-382.73,-148.35
224.59,-251.15,-107
63.642,-68.151,-105.98
303.85,-389.62,-114.3
345.7,-441.88,-132.79
129.59,-86.638,-125.65
315.3,-381.7,-100.97
332.67,-431.07,-122.87
123.72,-90.813,-111.13
186.63,-238.08,-139.84
47.329,2.9261,-139.92
120.04,-111.89,-154.53
322.96,-410.01,-137.3
70.632,-40.998,-148.63
310.44,-366.53,-150
143.18,-183.46,-136.79
274.78,-336.04,-149.12
185.7,-210.59,-108.57
187.01,-225.18,-112.86
284.17,-287.78,-139.4
357.54,-383.36,-130.11
168,-178.05,-156.95
200.96,-177.62,-127.85
228.03,-270.94,-109.19
110.02,-134.26,-144.88
192.86,-180.58,-113.36
262.56,-315.96,-107.1
79.361,-52.165,-101.54
367.62,-400.73,-107.62
298.22,-365.83,-147.18
367.21,-402.85,-105.21
313.93,-329.86,-140.23
20.86,-7.3264,-142.96
77.04,-53.104,-100.93
194.1,-171.51,-142.03
358.6,-464.47,-111.54
96.266,-119.4,-141.62
45.889,14.663,-109.46
368.64,-396.26,-117.8
179.09,-166.06,-111.59
276.7,-309.21,-153.88
129.24,-86.608,-133.74
132.78,-141.93,-154.78
37.416,26.247,-109.8
304.71,-373.98,-146.62
324.77,-420,-116.72
393.46,-433.98,-105.38
30.345,-0.907,-145.43
260.56,-301.74,-105.36
101.45,-80.848,-151.98
385.32,-428.92,-101.29
313.41,-340.34,-146.91
148.27,-142.33,-106.55
286.84,-338.63,-151.99
400.21,-438.12,-113.47
2.6604,-2.4741,-106.99
233.47,-229.57,-149.03
306.52,-368.43,-101.73
70.773,-21.264,-139.16
220.56,-236.85,-107.43
294.82,-330.09,-103.51
132.72,-147.21,-153.68
335.46,-369.81,-144.52
186.57,-158.61,-131
132.39,-104.36,-148.88
254.81,-268.11,-153.15
353.9,-415.25,-145.38
51.873,-36.889,-148.1
49.883,-66.392,-123.87
317.64,-331.62,-136.31
35.754,23.877,-133.53
81.596,-28.981,-115.02
345.66,-374.68,-107.62
354.33,-428.07,-95.403
21.046,-14.921,-101.02
253.9,-245.23,-130.79
218.31,-250.98,-107.92
184.11,-218.4,-111.49
218.78,-242.63,-157.05
89.407,-116.07,-128.12
350.17,-390.26,-143.04
34.728,-26.554,-144.19
219.78,-223.87,-154.67
220.28,-277.26,-118.28
49.939,13.141,-123.72
268.51,-275.13,-147.59
79.01,-23.18,-120.59
352.13,-441.12,-99.354
59.645,-15.295,-102.34
294.2,-328.12,-103.8
37.593,22.754,-105.98
180.89,-226.69,-145.31
157.37,-122.6,-124.77
259.44,-286.93,-155.14
301.07,-344.53,-151.72
313.33,-324.07,-133.34
-0.73698,-2.5553,-114.3
28.846,-6.7998,-96.006
360.21,-431.96,-143.88
323.22,-384.48,-99.165
212.27,-191.51,-133.28
39.102,26.72,-121.95
300.55,-388.39,-127.84
111.55,-143.1,-135.83
94,-67.9,-150.43
106.18,-86.996,-103.97
263.26,-331.76,-143.45
210.96,-189.81,-132.15
209.23,-293.25,-151.89
226.63,-316.39,-133.37
179.57,-251.37,-157.03
157.86,-169.57,-121.25
34.067,-45.245,-158.47
359.88,-418.79,-145.34
142.96,-166.87,-167.81
319.36,-386.8,-111.37
276.91,-341.08,-164.2
232.56,-290.55,-117.56
302.67,-401.46,-155.37
117.18,-176.64,-148.63
223.85,-234.63,-136.96
172.83,-227.92,-165.64
94.392,-78.53,-122.23
277.85,-348.88,-114.04
61.392,-93.732,-157.06
314.17,-426.22,-118.47
146.59,-214.11,-149.66
77.995,-50.654,-146
38.189,-31.756,-109.33
381.38,-440.66,-133.08
24.76,-52.752,-150.16
138.49,-131.48,-127.54
255.51,-274.9,-137.94
40.039,-80.338,-138.86
282.09,-317.49,-124.93
67.537,-35.752,-141.05
56.862,-25.956,-146.1
165.13,-206.06,-168.19
17.012,-43.724,-118.78
275.06,-308.5,-156.05
97.07,-152.15,-143.67
110.66,-130.29,-116.31
176.27,-191.25,-122.36
178.91,-216.97,-168.72
325.56,-408.48,-158.53
110.39,-167.71,-149.05
113.47,-130.99,-166.4
92.386,-130.82,-160.58
66.066,-88.1,-161.42
273.21,-301.88,-152.35
356.42,-475.34,-147.14
318.61,-388.24,-159.27
318.78,-387.72,-159.18
119.16,-177.38,-133.37
106.93,-131.88,-116.68
132.76,-197.4,-140.51
57.755,-23.275,-139.13
134.61,-195.42,-154.82
9.26,-0.30384,-155.74
29.051,-11.861,-109.17
355.04,-442.95,-154.95
52.474,-15.978,-134.02
258.22,-348.35,-122.13
117.61,-157.58,-120.39
199.98,-282.14,-150.75
22.642,10.239,-147.96
319.86,-372.7,-154.63
152.53,-195.01,-119.68
22.464,5.3459,-151.11
122.34,-104.31,-136.17
95.838,-106.96,-115.14
-0.83308,-2.8009,-153.98
-8.7197,-17.851,-123.63
287.57,-340,-116.31
192.25,-224.21,-119.36
294.11,-329.75,-151.06
146.26,-164.54,-167.15
3.5095,-16.543,-152.49
203.29,-258.86,-167.41
282.92,-392.66,-135.17
221.42,-287.09,-119.68
353.32,-413.38,-115.42
78.573,-65.006,-157.79
214.84,-283.82,-164.14
289.59,-386.49,-155.72
246.23,-314.22,-165.37
54.323,-29.271,-117.41
2.3897,-30.539,-122.91
54.275,-66.348,-161.19
21.429,-36.7,-111.7
30.599,-31.822,-108.74
249.25,-276.05,-126.09
115.69,-132.7,-116.56
52.798,-23.367,-120.09
175.9,-226.81,-167.08
197.54,-205.81,-130.21
8.8945,-4.7313,-155.94
279.47,-384.52,-126.78
20.013,-55.201,-137.22
81.279,-75.748,-115.36
360.27,-423.89,-148.4
162.49,-154.94,-146.45
109.1,-131.51,-116.44
13.042,5.8315,-154.29
-1.8397,-14.192,-112.03
126.95,-167.46,-165.14
237.92,-299.16,-117.35
332.01,-382.7,-149.51
286.44,-330.5,-119.76
363.47,-449.36,-153.74
197.27,-260.14,-121.82
377.75,-435.83,-125.39
100.59,-121.36,-115.91
276.72,-379.41,-125.38
198.26,-235.63,-118.89
376.62,-452.94,-107.45
342.55,-466.67,-141.11
181.06,-215.76,-118.81
1.1397,-6.5658,-107.42
338.76,-466.33,-126.54
176.21,-176.94,-131.52
237.88,-297.84,-117.28
72.771,-43.919,-127.43
82.474,-126.61,-126.12
259.64,-316.94,-115.97
27.436,11.216,-141.85
201.66,-223.41,-122.65
200.17,-211.49,-128.24
240.22,-285.71,-166.58
42.324,-25.537,-111.44
89.357,-71.776,-154.62
63.453,-74.716,-112.65
182.49,-187.08,-157.65
352.93,-452.38,-154.06
266.68,-370.7,-142.48
149.15,-209.08,-159.64
305.74,-344.83,-126.36
368.08,-459.57,-153.31
295.64,-405.06,-123.89
277.05,-316.48,-121.51
257.86,-280.57,-132.36
333.83,-412.78,-108.22
83.969,-56.216,-142.51
180.89,-207.12,-119.73
321.95,-361.61,-138.71
37.254,-19.757,-110.69
261.66,-282.29,-141.91
207.55,-286.83,-128.85
114.87,-111.74,-120.15
79.969,-111.69,-118.51
226.62,-318.14,-146.01
11.653,-3.5596,-106.03
242.76,-316.66,-163.79
377.33,-436.18,-122.9
23.235,-2.4266,-108.9
354.42,-469.9,-148.86
183.28,-192,-126.57
375.14,-437.89,-116.46
283.55,-318.86,-125.27
47.256,-9.4899,-132.27
168.46,-221.26,-121.48
41.87,-24.494,-111.51
145.2,-213.55,-143.95
111.34,-103.87,-121.39
310.48,-414.73,-114.99
252.5,-328.95,-163.19
389.33,-451.94,-121.67
36.808,-44.356,-159.25
-11.445,-10.089,-143.62
223.53,-311.18,-152.12
328.48,-385.51,-154.23
317.12,-437.5,-135.94
230.08,-272.46,-118.56
54.492,-25.891,-148.96
127.36,-139.2,-117.92
30.363,-17.906,-108.68
27.913,-28.817,-108.45
29.969,-50.72,-114.23
163,-226.94,-159.73
36.898,-71.653,-148.22
58.829,-38.356,-154.61
256.98,-295.32,-120.53
85.337,-112.64,-116.86
65.364,-52.157,-158.09
120.07,-181.26,-140.17
259.1,-294.36,-161.12
154.19,-211.45,-124.94
94.758,-142.95,-154.84
349.39,-449.65,-105.81
23.302,-57.969,-141.82
345.36,-401.39,-117.54
170.19,-164.76,-146.76
116.67,-172.96,-131.49
29.613,-61.892,-148.08
236.96,-268.2,-163.49
53.923,-17.989,-131.44
322.7,-369.82,-150.18
106.42,-124.67,-116.01
182.98,-243.47,-164.67
126.07,-134.23,-165.15
230.22,-274.62,-167.3
339.78,-451.61,-110.45
177.78,-246.09,-159.58
79.851,-122.09,-155.48
127.13,-163.3,-118.94
242.12,-330.57,-125.67
349.58,-417.85,-110.58
180,-256.29,-151.29
3.5841,-27.666,-117.76
323.98,-445.89,-137.25
287.35,-398.51,-137.21
125.44,-151.51,-117.34
333.1,-409.56,-108.68
151.24,-156.25,-162.74
349.33,-425.01,-154.92
199.88,-272.65,-126.01
113.11,-162.95,-158.53
24.922,12.281,-117.42
242.09,-265.25,-127.6
164.32,-218.47,-165.08
259.11,-360.8,-143
356.87,-433.24,-107.54
103.63,-87.464,-154.01
108.79,-86.675,-137.59
119.4,-170.73,-158.98
259.26,-281.12,-149.65
381.6,-452.84,-146.09
297.54,-342.16,-156.57
187.35,-220.96,-168.46
256.07,-300.79,-164.67
359.43,-437.35,-153.46
356.43,-462.8,-152.28
223.93,-309.41,-154.85
175.78,-239.85,-125.45
48.944,-80.04,-154.78
114.62,-167.34,-128.16
168.7,-162.55,-141.42
8.1509,5.5363,-105.57
180.16,-227.19,-168.05
247.57,-312.56,-165.87
277.17,-315.91,-121.93
125.27,-140.96,-117.3
227.92,-278.6,-167.7
171.63,-242.61,-131.89
49.488,-45.767,-160.06
89.636,-134.19,-125.38
116.59,-171.45,-155.26
128.04,-134.44,-164.61
301.11,-334.42,-135.04
193.33,-197.89,-132.96
280.64,-387.9,-129.51
352.63,-455.49,-153.35
38.313,-41.933,-109.71
269.75,-371.92,-148
259.83,-349.14,-121.25
173.43,-223.62,-167.08
244.81,-296.13,-166.69
127.03,-134.5,-164.95
184.78,-202.8,-165.16
69.344,-41.181,-147.04
288.49,-351.73,-113.73
41.655,-3.779,-126.2
92.493,-69.242,-128.55
39.199,0.44062,-130.06
39.338,-23.96,-110.59
263.82,-365.1,-130.19
306.82,-342.14,-142.54
350.4,-473.26,-143.85
345.62,-452.22,-152.48
342.3,-464.32,-115.57
156.14,-226.78,-148.59
235.19,-328.64,-134.84
23.203,-2.2195,-108.94
217.96,-255.11,-119.3
139.74,-129.82,-153.07
191.34,-226.69,-168.5
75.231,-81.146,-163.18
316.61,-413.35,-156.32
224.9,-237.99,-153.46
285.62,-316.59,-130.74
208.68,-231.15,-123.12
335.38,-383.23,-123.86
174.14,-199.23,-167.74
66.366,-108.45,-127
329.57,-448.28,-144.09
316.84,-435.3,-140.56
19.405,-50.411,-145.5
241.26,-258,-151.09
322.73,-363.46,-141.72
146.75,-145.26,-159.47
379.84,-440.14,-136.91
82.554,-115.68,-160.95
348.03,-401.51,-120.44
322.08,-442.83,-124.62
291.71,-404.33,-135.64
234.92,-272.37,-165.7
182.41,-245.13,-123.73
382.3,-449.89,-143.6
209.75,-295.48,-148.91
48.771,-12.128,-138.27
274.31,-306.89,-125.92
220.65,-295.87,-161.81
368.93,-464.5,-103.21
121.03,-119.79,-120.47
267.29,-290.86,-147.6
182.52,-182.53,-152.07
124.87,-148.3,-117.15
160.38,-227.41,-131.08
214.41,-301.05,-135.16
170.63,-219.6,-167.16
118,-160.04,-163.44
243.08,-338.4,-133.04
339.27,-400.51,-153.19
272.38,-363.58,-119.04
70.305,-56.781,-157.95
94.992,-122.51,-116.98
190.09,-190.74,-138.29
35.67,-75.001,-136.35
5.6582,-36.882,-128.39
359.29,-444.12,-105.36
330.62,-426.53,-156.11
11.988,-26.379,-153.8
300.95,-416.38,-136.54
230.27,-257.78,-123.16
37.01,-55.779,-157.36
72.954,-44.442,-126.99
242.03,-312.63,-164.75
336.58,-455.11,-145.47
196.41,-200.3,-135.24
126.5,-189.66,-142.69
214.63,-231.42,-160.06
-9.2185,-6.6468,-112.13
303.96,-363.47,-160.23
153.48,-208.68,-123.95
245.12,-329.31,-122.23
202.73,-278.16,-159.14
263.69,-285.12,-144.13
38.852,-5.0105,-119.25
368.12,-422.55,-131.16
320.29,-363.57,-147.51
199.98,-273.25,-160.19
170.8,-234.05,-161.67
302.43,-350.34,-118.8
195.69,-196.98,-143.22
257.42,-289.24,-159.75
18.554,7.5459,-109.47
285.44,-330.42,-119.23
347.3,-404.87,-116.58
106.58,-152.91,-159.33
136.51,-200.78,-136.25
52.97,-40.807,-112.24
241.29,-332.18,-128.06
296.44,-328.74,-144.32
65.489,-79.58,-162.41
360.3,-414.36,-123.61
163.84,-223.81,-125.05
290.72,-396.26,-149.56
320.01,-463.19,-154.72
296.16,-370.16,-128.95
300.83,-375.45,-167
212.35,-300.94,-130.56
114.57,-139.18,-174.24
191.35,-243.62,-178.18
55.888,-114.34,-132.35
148.09,-166.61,-164.89
260.78,-308.25,-153.69
142.46,-223.42,-136.48
341.12,-460.96,-165.77
183.94,-289.39,-159.64
298.11,-406.08,-170.9
15.737,-74.504,-139.25
140.12,-161.25,-138.74
123.55,-208.27,-143.49
217.99,-306.22,-129.86
264.11,-359.89,-125.54
203.68,-308.61,-168.03
261.01,-311.25,-143.39
48.452,-87.51,-173.12
211.36,-246.63,-145.95
88.567,-128.6,-177.06
299.6,-364.82,-161.15
217.89,-252.44,-153.71
66.475,-104.63,-175.24
130.79,-191.18,-178.77
175.35,-279.12,-154.64
276.34,-410.24,-141.53
98.147,-178.11,-145.79
270.36,-386.28,-128.46
110,-116.65,-160.21
30.436,-38.59,-122.59
25.671,-50.596,-170.97
153.52,-219.19,-179.43
44.536,-32.39,-145.04
319.11,-433.93,-168.25
143.22,-227.09,-138.17
52.316,-111.38,-167.34
181.05,-204.95,-154.67
189.23,-287.47,-138.43
329.87,-481.03,-146.07
225.7,-315.74,-129.3
122.3,-152.12,-175.86
190.62,-225.24,-140.23
347.67,-441.93,-162.9
266.99,-398.29,-143.8
40.963,-100.75,-134.92
223.62,-326.93,-133.56
274.72,-373.23,-124.42
350.51,-456.51,-164.83
226.36,-279.04,-173.75
354.03,-470.96,-114.89
228.71,-307.04,-178.31
14.666,-67.679,-131.95
301.43,-375.74,-166.7
267.74,-324.56,-165.79
85.323,-140.34,-129.6
259.53,-361.84,-173.78
98.001,-99.416,-150.6
324.91,-434.74,-118.43
-2.5214,-30.52,-166.11
55.384,-79.548,-173.5
31.554,-24.198,-129.63
178.96,-283.78,-154.83
205.66,-292.28,-177.47
225.8,-263.77,-160.24
130.92,-217.04,-142.9
114.39,-177.18,-131.26
152.24,-175.79,-169.18
101.9,-161.72,-130.77
178.76,-205.02,-164.52
181.67,-205.82,-153.58
137.85,-149.82,-154.2
269.21,-329.94,-134.59
22.546,-67.85,-126.3
300.11,-438.41,-133.26
139.16,-221.56,-172.07
117.54,-125.32,-158.89
96.844,-145.53,-177.43
277.37,-337.74,-136.16
106.14,-133,-129.97
96.97,-106.35,-136.28
298.89,-413.83,-122.41
46.768,-81.124,-173.29
134.43,-151.97,-140.21
250.59,-346.01,-127.09
347.4,-446.69,-164.3
245.51,-360.55,-167.22
132.48,-207.22,-175.02
325.27,-474.79,-134.85
32.534,-56.17,-121.57
252.84,-301.98,-163.83
37.682,-23.828,-145.54
283.86,-386,-172.79
51.602,-41.531,-143.39
296.38,-380.4,-124.84
76.273,-86.932,-169.38
267.23,-385.34,-130.18
55.869,-117.79,-166.35
296.5,-406.69,-170.58
304.88,-443.38,-131.23
242.52,-364.24,-159.29
15.09,-1.0068,-154.98
155.91,-173.12,-151.4
310.18,-374.55,-141.18
233.95,-347.82,-137.32
271.02,-403.79,-151.41
3.0874,-31.747,-119.72
51.572,-58.575,-168.2
330.03,-470.89,-123.74
311.27,-454.58,-152.05
30.779,-56.706,-121.53
77.698,-76.608,-158.59
67.618,-94.652,-125.31
222.85,-297.62,-178.67
69.977,-71.559,-163.43
128.35,-188.21,-130.22
120.99,-139.48,-136.02
118.3,-127.21,-160.91
170.52,-197.08,-142.28
270.42,-400.22,-138.23
100.12,-164.05,-174.52
162.34,-204.38,-177.62
287.7,-423.59,-136.92
83.478,-131.42,-127.79
-14.396,-38.145,-147.8
248.41,-294.38,-144.94
148.29,-240.38,-165.74
80.268,-112.57,-176.04
145.49,-172.12,-136.27
56.411,-84.815,-174.08
258.61,-387.84,-150.13
309.01,-382.96,-130.01
170.53,-191.8,-158.09
202.93,-289.14,-131.1
288.68,-427.37,-148.19
216.63,-319.37,-134.81
53.714,-53.021,-131.39
260.59,-353.37,-175.49
158.96,-194.46,-175.55
329.85,-399.49,-142.12
5.633,-24.446,-118.41
302.75,-418.77,-168.88
261.91,-358.15,-125.81
349.01,-429.25,-154.13
232.38,-328.17,-175.58
213.62,-257.27,-171.34
289.29,-349.77,-160.68
16.469,-39.364,-169.87
92.177,-146.49,-176.16
171.4,-235.3,-130.15
356.96,-474.58,-114.55
302.15,-368.43,-161.1
281.43,-335.31,-151.81
327.46,-430.05,-118.99
292.04,-431.55,-149
292.87,-363.49,-130.66
180.55,-234.11,-131.02
196.29,-298.97,-139.97
270.92,-327.04,-138.92
28.408,-29.249,-165.32
173.76,-225.03,-131.09
26.042,-65.73,-124.02
293.95,-362.69,-132
334.45,-453.56,-117.18
297.25,-380.36,-170.56
332.98,-422.12,-122.86
243.03,-292.21,-139.33
29.746,-49.513,-121.2
91.907,-133.83,-177.31
345.55,-419.96,-143.87
223.29,-289.35,-129.86
292.6,-354.72,-137.75
186.62,-257.57,-179.76
82.777,-99.707,-129.3
71.871,-145.39,-145.32
138.11,-230.96,-152.37
182.36,-248.25,-180.02
323.49,-395.01,-134.79
179.16,-254.11,-130.93
181.92,-248.9,-179.99
124.75,-180.46,-129.61
225.17,-338.69,-140.19
59.775,-131.53,-149.22
312.23,-376.57,-142.82
19.979,-53.878,-122.05
205.64,-236.88,-151.94
131.81,-216.36,-168.68
328.35,-478.38,-133.43
333.37,-486.6,-137.63
295.73,-357.82,-138.75
92.234,-109.74,-172.14
354.55,-466.39,-164.68
215.53,-330.04,-159.17
361.64,-452.59,-123.41
27.029,-75.26,-167.07
351.48,-437.96,-125.56
103.35,-131.25,-129.36
166.19,-262.88,-166.32
146.03,-160.62,-150.66
95.443,-136.11,-127.48
50.476,-116.78,-140.61
143.82,-180.08,-176.97
295.19,-380.64,-171.38
320.58,-389.8,-137.1
302.36,-397.95,-171.29
172.49,-238.4,-130.22
185.76,-264.51,-131.15
330.46,-482.9,-141.08
102.82,-146.03,-178
369.38,-464.05,-121.63
165.14,-262.06,-165.67
115.15,-134.48,-134.29
158.82,-220.01,-179.99
241.8,-331.45,-127.56
238.13,-360.57,-147.86
172.02,-202.22,-170.58
323.64,-390.96,-146.74
202.89,-289.98,-131.3
76.589,-137.62,-171.65
41.864,-90.961,-169.79
289.61,-392.18,-122.73
36.464,-22.302,-144.39
42.68,-32.626,-154.53
51.179,-120.22,-154.96
19.476,-79.256,-139.83
110.23,-137.89,-130.31
179.77,-208.06,-166.81
203.77,-315.16,-148.64
206.63,-287.23,-129.83
290.89,-427.07,-155.43
-3.9889,-23.006,-166.92
92.773,-124.06,-176.39
39.004,-26.822,-138.72
211.11,-270.43,-131.06
77.304,-148.67,-164.65
81.098,-150.59,-137.64
207.06,-308.76,-171.11
15.291,-69.637,-159.97
254.89,-300.51,-152.46
96.989,-130.13,-176.82
97.295,-170.82,-168.75
268.63,-400.18,-142.76
228.9,-337.29,-169.66
125.95,-202.79,-172.9
336.75,-443.13,-117.68
288.92,-416.06,-128.72
309.29,-404.86,-170.32
247.16,-343.39,-175.46
190.96,-299.28,-152.9
110.69,-127.53,-170.5
202.26,-244,-172.52
76.955,-146.03,-166.72
356.98,-435.73,-137.43
32.067,-30.023,-163.65
151.15,-240.33,-140.57
115.07,-189.41,-172.26
227.35,-333.68,-170.78
296.62,-437.67,-140.94
152.22,-241.71,-169.64
282.32,-402.86,-167.1
140.37,-161.51,-138.8
356.21,-441.72,-155.91
296.55,-432.6,-157.19
72.086,-113.44,-126.27
165.78,-207.9,-177.4
245.94,-297.24,-138.07
266.66,-350.67,-175.22
330.51,-463.52,-120.23
103.64,-109.59,-161.37
330.94,-469.72,-122.38
252.55,-377.27,-141.08
-19.522,-30.152,-150.85
69.72,-127.91,-131.36
314.02,-389.14,-163.48
67.443,-128.72,-169.62
320.98,-462.13,-127
8.4398,-20.519,-168.01
261.14,-337.17,-127.59
332.12,-403.79,-151.81
53.595,-44.769,-141.11
181.08,-270.9,-174.51
158.18,-175.78,-152.98
-16.024,-26.587,-125.82
119.72,-207.66,-153.95
1.3667,-30.499,-119.73
95.645,-160.06,-173.62
57.695,-75.764,-125.05
358.44,-473.56,-164.25
167.67,-201.74,-173.84
339.62,-475.39,-119.02
164.91,-191.05,-141.06
15.079,2.7758,-135.23
248.97,-365.38,-166.67
91.428,-165.06,-139.56
175.25,-239.98,-180.07
79.653,-153.24,-162.88
138.8,-156.75,-166.82
246.36,-295.98,-139.66
266.23,-319.49,-162.83
172.35,-220.69,-178.62
334.14,-458.01,-117.59
-7.6168,-16.535,-117.95
204.73,-237.52,-162.94
147.83,-212.25,-179.3
329.61,-447.86,-166.91
47.118,-36.349,-141.28
325.76,-459.22,-162.22
104.1,-117.4,-168.8
292.02,-356.08,-163.13
-16.411,-35.063,-136.89
271.14,-394.42,-164.46
52.025,-110.96,-133
39.53,-28.413,-136.95
3.3445,-37.031,-121.19
244.23,-287.44,-148.48
180.93,-234.92,-179.24
136.77,-200.69,-130.81
176.21,-222.73,-132.31
361.94,-472.93,-115.15
236.95,-312.82,-128.2
257.54,-381.5,-137.58
67.06,-78.55,-170.09
294.67,-404.32,-170.79
34.9,-51.527,-122.01
190.88,-292.22,-140.43
300.75,-412.78,-121.72
154.5,-209.22,-179.93
112.61,-118.25,-148.77
2.1538,-17.381,-167.84
154.45,-247.1,-143.04
161.61,-243.75,-134.53
260.67,-363,-126.67
138.47,-150.61,-153.23
221.04,-272.04,-173.95
83.999,-144.27,-173.3
339.53,-475.3,-161.46
127.27,-216.63,-150.23
222.73,-315.56,-176.25
84.768,-161.85,-159.56
205.83,-303.27,-173.43
338.72,-426.95,-123.48
292.39,-359.84,-165.51
159.92,-250.03,-139.3
153.54,-221.8,-131.07
174.06,-277.07,-158.27
222.56,-323.38,-132.7
132.92,-163.7,-132.41
149.57,6.2094,-87.528
346.31,-331.75,-76.344
348.76,-322.53,-103.63
254.89,-126.38,-97.691
345.75,-246.52,-81.195
170.07,-55.647,-59.213
146.68,-35.936,-58.476
357.36,-306.15,-109.98
345.26,-300.9,-109.36
298.16,-215.29,-62.718
381.81,-348.42,-107.91
314.59,-202.96,-92.787
345.59,-267.22,-107.83
366.59,-286.93,-68.48
291.94,-184.22,-69.463
231.86,-110.7,-107.26
86.834,4.3058,-76.27
210.58,-115.85,-62.107
189.83,-118.65,-78.49
400.99,-410.37,-68.705
64.796,29.817,-75.089
122.54,-37.89,-79.561
262.39,-132.32,-88.719
134.36,-27.78,-105.56
132.48,2.3017,-104.58
65.961,28.817,-81.852
352.64,-256.97,-92.983
240.16,-115.38,-69.226
309.52,-236.72,-62.137
217.57,-102.9,-62.522
89.33,24.98,-55.501
280.16,-219.52,-108.71
326.39,-224.66,-73.966
399.63,-324.17,-84.809
399.38,-354.11,-58.877
297.72,-183.74,-99.089
103.03,55.649,-64.224
191.14,-83.874,-110.43
183.66,-100.84,-67.847
118.42,-22.429,-98.963
219.03,-79.104,-93.832
304.27,-227.3,-62.34
66.899,34.087,-63.118
197.26,-51.262,-78.57
359.89,-354.06,-86.522
361.99,-282.46,-103.6
189.12,-43.052,-93.808
156.75,-44.272,-108.41
333.37,-246.01,-107
348.46,-311.04,-62.248
344.5,-283.43,-110.7
412.41,-398.43,-105.02
403.88,-391.51,-104.47
123.92,-31.702,-66.895
420.63,-367.51,-98.527
105.2,53.332,-91.362
146.18,-60.595,-70.518
424.99,-363.1,-76.066
158.61,-79.394,-93.156
333.72,-314.69,-79.869
312.7,-274.75,-70.188
136.61,21.964,-85.043
171.93,-39.836,-105.79
379.98,-296.35,-90.846
120.37,-10.742,-104.59
238.16,-132.91,-62.621
450.23,-402.27,-71.356
387.94,-360.18,-58.145
246.9,-162.53,-63.061
125.36,31.8,-90.772
228.32,-94.19,-98.934
390.07,-382.79,-62.417
343.88,-243.65,-81.846
156.01,-75.871,-75.404
311.35,-247.99,-111.53
334.77,-234.66,-98.159
446.82,-405.11,-63.566
283.16,-168.56,-71.993
157.81,-59.156,-61.718
157.95,-54.709,-107.47
158.94,-73.329,-68.723
351.1,-325.73,-103.6
164.59,-72.776,-104.83
444.66,-392.63,-74.36
79.109,13.098,-80.667
372.37,-365.43,-96.761
194.7,-126.76,-86.248
223.62,-107.44,-109.53
422.36,-368.49,-65.434
254.63,-201.97,-96.647
126.78,-36.151,-68.054
97.639,67.968,-78.393
161.25,-7.7914,-76.044
278.89,-164.63,-70.738
297.8,-257.7,-100.17
296.12,-233.63,-110.75
269.5,-213.01,-70.139
221.76,-158.92,-78.563
152.22,-50.7,-106.45
377.74,-321.67,-107.7
403.87,-417.25,-89.194
133.65,-6.7659,-106.25
291.94,-218.93,-62.655
436.52,-407.51,-102.98
193.98,-125.11,-81.64
134.01,7.0948,-59.573
344.87,-322.47,-69.322
236.58,-178.91,-94.965
401.17,-360.57,-106.53
187.18,-74.844,-110.1
263.76,-155.84,-65.376
296.11,-208.66,-63.228
357.33,-278.43,-105.14
117.51,-4.5121,-104.88
380.61,-306.06,-68.594
372.05,-352.96,-62.664
86.602,40.618,-102.87
401.83,-328.56,-88.972
128.6,-44.056,-76.302
82.995,32.571,-101.35
320.95,-237.98,-63.707
402.18,-327.94,-84.394
103.53,57.713,-67.304
381.37,-385.83,-86.157
147.02,-16.923,-106.2
243.43,-131.22,-64.426
202.82,-136.46,-82.314
143.91,-23.199,-57.445
341.51,-241.46,-79.247
377.1,-299.05,-70.222
103.53,52.729,-62.257
351.75,-281.85,-108.97
350.43,-277.56,-63.156
249.35,-168.63,-111.32
440.72,-385.8,-77.811
294.58,-216.87,-62.431
420.44,-425.47,-59.061
311.55,-197.8,-86.876
272.78,-212.33,-67.464
190.84,-121.66,-83.679
280.81,-168.9,-105.42
227.75,-155.47,-68.518
281.95,-164.25,-74.276
74.763,24.988,-92.515
112.96,1.1948,-56.477
301.58,-231.74,-112.05
123.82,-27.963,-64.126
192.56,-118.94,-98.413
395.03,-343.22,-105.66
200.19,-132.66,-92.266
438.48,-409.43,-102.63
288.45,-249.96,-81.484
177.07,-65.445,-59.661
311.69,-198.27,-90.389
234.48,-160.9,-107.61
393.99,-400.66,-92.283
342.8,-324.6,-95.739
440.06,-389.27,-91.387
291.49,-208.08,-112.33
356.08,-336.51,-101.35
287.01,-164.69,-88.601
76.271,34.404,-56.518
397.28,-399.56,-97.305
306.8,-211.84,-65.956
115.68,46.759,-81.865
186.06,-49.055,-66.025
264.28,-181.68,-112.32
76.013,38.264,-100.14
155.1,-67.309,-67.47
376.79,-351.83,-60.107
204.48,-103.11,-110.97
415.98,-351.91,-72.607
174.89,-96.646,-73.057
300.74,-214.6,-111.57
222.74,-86.911,-73.693
261.72,-136.65,-75.014
372.81,-325.79,-109.01
341.95,-263.09,-108.31
201.26,-99.294,-110.82
155.74,-6.6695,-68.133
174.85,-97.948,-74.702
198.57,-131.36,-83.533
117.48,-28.661,-92.163
210.26,-144.47,-78.92
126.32,18.342,-100.72
407.8,-424.69,-86.054
312.9,-255.2,-62.99
358.96,-322.06,-108.31
321.54,-243.5,-62.738
273.24,-160.17,-106.11
264.75,-157.85,-65.168
180.46,-31.83,-92.077
382.5,-379.41,-96.967
249.7,-126.19,-103.69
243.44,-161.19,-63.568
105.35,-4.171,-61.433
147.16,7.3366,-90.831
121.58,-35.393,-75.132
394.38,-396.04,-96.95
406.87,-423.87,-84.636
245.2,-155.55,-62.492
283.69,-209.53,-62.921
299.09,-256.17,-71.1
315.55,-285.61,-76.062
124.17,-5.7901,-56.318
376.77,-370.5,-97.662
219.32,-157.6,-82.624
386.77,-332.75,-106.65
231.22,-165.31,-102.52
264.25,-158.67,-64.74
196.87,-51.252,-91.919
215.07,-152.62,-89.274
117.2,30.506,-59.674
251.72,-156.56,-62.441
214.24,-134.9,-66.548
262.63,-142.02,-103.29
85.976,28.933,-55.19
298.26,-264.45,-90.258
217.1,-132.1,-64.188
134.2,-0.27057,-104.86
216.86,-83.635,-69.844
386.37,-327.65,-61.777
147.52,9.3569,-84.981
169.71,-63.208,-109.01
433.18,-374.31,-81.911
337.67,-265.1,-110.26
313.99,-240.21,-111.92
157.98,-75.041,-71.322
291.73,-171.68,-82.919
376.85,-322.85,-60.033
300.46,-184.3,-80.692
224.29,-156.7,-72.325
183.84,-100.4,-103.94
406.87,-401.29,-102.7
341.17,-309.05,-65.338
221.87,-161.58,-86.825
153.5,-74.446,-90.114
349.47,-331.45,-98.338
140.28,13.87,-69.257
247.04,-114.92,-95.447
262.38,-181.54,-112.08
388.17,-330.93,-105.65
271.71,-215.16,-69.622
115.17,-28.495,-76.489
357.11,-348.45,-90.802
407.55,-394.09,-104.85
183.43,-45.959,-65.803
359.33,-347.93,-71.668
390.29,-386.49,-99.478
171.45,-54.722,-59.3
254.64,-185.54,-108.63
111.34,51.643,-82.234
192.49,-56.403,-102.83
387.2,-360.41,-106.98
140.11,12.104,-94.774
378.59,-314.23,-105.6
210.44,-131.49,-106.27
344.58,-282.29,-110.65
235.18,-172.68,-74.136
239.94,-184.44,-82.602
342.82,-243.34,-79.157
410.43,-343.33,-73.422
241.38,-121.78,-107.07
254.72,-137,-68.031
277.75,-232.76,-77.487
181.26,-79.3,-109.45
240.72,-144.36,-62.19
310.74,-278.96,-76.553
124.75,-17.671,-58.781
409.36,-369.27,-58.072
366.64,-313.15,-109.3
408,-372.1,-57.28
372.91,-285.1,-81.676
91.286,46.852,-101.98
122.55,-18.474,-59.853
255.45,-125,-79.895
410.05,-424.64,-91.133
166.34,-65.307,-107.91
93.441,50.549,-54.924
414.96,-361.33,-63.567
226.58,-130.09,-61.944
345.95,-256.22,-102.58
187.24,-42.709,-72.164
206.53,-85.283,-108.65
85.201,62.306,-54.802
372.72,-321.62,-108.87
379.29,-377.82,-94.299
433.65,-403.71,-56.678
100.01,52.466,-96.526
306.71,-266.44,-70.53
172.18,-26.775,-97.808
424.12,-399.67,-55.61
376.92,-291.96,-91.252
195.28,-106.55,-64.082
356.61,-285.05,-107.82
443.97,-405.16,-61.143
56.939,39.443,-81.622
298.52,-180.12,-88.716
350.87,-334.43,-71.349
133.43,26.341,-79.546
267.05,-201.46,-66.248
337.92,-297.33,-63.24
206.45,-90.517,-109.96
397.52,-322.54,-90.131
242.1,-116.63,-70.076
199.41,-53.325,-89.286
322.73,-216.3,-96.575
418.29,-365.92,-99.715
123.39,18.017,-102.16
112.33,-18.124,-96.405
374.27,-288.72,-77.513
96.088,69.68,-74.768
131.19,8.4589,-58.705
387.96,-342.76,-58.691
394.53,-397.29,-66.339
70.877,23.434,-72.792
308.28,-204.13,-70.742
266.79,-213.84,-73.414
236.09,-178.44,-80.299
291.34,-187,-107.47
153.28,-66.711,-99.682
411.41,-343.61,-89.793
105.7,28.064,-103.64
289.1,-170.97,-97.635
276.38,-233.97,-90.882
104.31,54.251,-64.419
332.32,-226.62,-88.234
131.22,16.258,-61.948
395.97,-407.34,-75.702
104.59,18.722,-54.544
337.34,-295.33,-62.988
83.764,57.603,-53.189
251.37,-172.29,-111.15
210.34,-82.579,-65.565
329.59,-233.24,-103.31
369.24,-292.32,-102.82
368.32,-282.46,-74.379
57.758,42.669,-88.96
74.179,27.872,-61.775
424.6,-382.53,-102.08
365.47,-352.17,-67.412
268.54,-148.95,-72.067
92.778,67.298,-63.078
361.05,-341.59,-102.34
178.85,-91.098,-105.27
163.72,-14.648,-95.182
152.42,-51.839,-61.103
331.42,-279.15,-110.38
266.69,-147.68,-71.182
285.64,-233.93,-128.59
293.42,-264.48,-114.92
258.68,-190,-130.67
213.7,-126.8,-81.42
114.27,16.732,-122.4
423.75,-369.92,-98.094
224.37,-104.17,-123.5
368.6,-349,-79.635
354.57,-281.23,-123.15
287.85,-247.91,-89.482
378.18,-342.95,-127.6
193.55,-117.33,-125.68
284.65,-188.25,-86.337
254.93,-164.41,-131.27
150.78,-35.46,-77.633
330.65,-308.15,-87.371
141.8,-31.443,-126.99
371.74,-381.46,-103.46
222.98,-154.78,-126.68
146.04,1.3434,-92.923
91.454,9.1928,-77.278
438.09,-397.38,-86.646
102.84,7.8093,-123.71
196.51,-87.191,-80.727
316.27,-228.55,-87.287
112.94,-23.689,-118.42
336.66,-275.82,-81.009
133.08,14.297,-88.422
125.54,26.558,-93.741
247.46,-142.52,-128.34
79.353,4.686,-99.955
345.57,-254.52,-104.79
171.37,-94.429,-122.19
166.87,-86.991,-85.636
232.18,-148.45,-81.697
260.6,-153.99,-126.19
400.07,-351,-121.33
187.06,-108.17,-125.83
194.82,-68.311,-122.88
173.82,-67.766,-128.96
147.45,-25.192,-125.73
341.45,-249.71,-100.23
427.38,-420.28,-123.86
392.47,-331.39,-117.28
392.52,-330.98,-116.92
187.55,-124.26,-113.29
164.03,-87.818,-88.437
204.83,-141.41,-119.94
122.49,26.148,-86.878
213.49,-134.22,-129.18
87.157,59.736,-114.78
81.56,28.409,-73.786
426.92,-387.54,-117.56
114.64,31.455,-82.697
317.93,-302.01,-103.22
177.64,-111.12,-96.193
276.03,-223.08,-127.91
93.588,64.59,-97.879
389.62,-319.22,-106.88
210.9,-149.92,-93.086
95.525,61.39,-102.33
184.35,-57.002,-84.582
151.26,-64.321,-82.854
77.886,58.051,-119.51
57.217,33.417,-106.25
339.23,-300.41,-80.662
247.64,-181.67,-84.561
361.46,-278.25,-99.889
226.62,-102.72,-120.41
82.221,44.398,-121.69
285,-195.75,-129.7
350.13,-340.37,-118.53
279.06,-242.51,-95.316
402.37,-375.92,-76.298
153.97,-7.1691,-107.41
295.72,-221.24,-131.38
365.67,-327.52,-128.46
326.24,-252.41,-128.71
109.11,12.586,-74.359
67.625,20.17,-105.19
135.06,-3.9759,-122.77
78.821,7.7408,-89.495
84.668,9.8617,-80.666
305,-233.46,-81.816
171.55,-89.723,-84.263
108.57,19.211,-74.819
258.19,-163.22,-130.38
255.83,-161.32,-82.851
87.394,55.83,-116.9
342.1,-335.81,-110.58
92.45,1.0966,-117.17
135.79,-33.963,-77.85
426.15,-373.41,-102.28
229,-104.16,-92.54
165.73,-87.858,-87.014
89.037,64.275,-109.31
56.83,31.319,-92.435
209.37,-103.72,-129.74
293.2,-256.51,-90.07
398.4,-331.89,-100.85
339.06,-290.26,-80.069
434.16,-394.92,-114.96
256.78,-214.06,-98.306
430.59,-395.54,-80.654
157.16,-77.738,-86.828
338.53,-331.37,-108.84
253.69,-193.02,-85.754
422.22,-418.03,-74.324
411.58,-413,-122.73
236.94,-172.78,-86.382
56.27,36.079,-84.356
400.9,-417.93,-113.34
235.35,-131.8,-83.019
292.99,-255.33,-89.501
131.45,0.84527,-78.627
147.39,-76.213,-105.85
312.85,-276,-85.207
94.481,62.472,-90.397
257.27,-180.84,-82.038
257.65,-167.6,-82.29
318.85,-225.21,-121.25
95.437,15.162,-74.324
162.26,-15.947,-102.27
119.06,-31.832,-84.319
255.03,-131.57,-103.94
425.61,-396.21,-121.72
337.76,-315.44,-123.51
229.74,-146.6,-131.03
360.36,-303.16,-81.163
438.91,-404.98,-116.41
356.53,-357.71,-108.46
330.51,-275.6,-80.521
316.01,-236.2,-84.099
381.98,-375.73,-80.348
149.93,-5.8502,-89.472
236.39,-164.51,-83.717
382.19,-315.64,-89.19
90.139,20.773,-73.984
324.29,-234.5,-90.198
271.84,-236.92,-109.22
170.57,-69.119,-79.037
139.88,-65.299,-95.314
300.02,-261.1,-125.31
64.249,36.938,-76.8
322.71,-254.82,-130.22
429,-396.78,-79.095
75.501,37.633,-72.726
426,-414.4,-124
240.39,-148.36,-81.7
424.02,-400.6,-75.945
338.22,-277.13,-81.081
108.64,37.338,-81.382
228.07,-175.14,-96.963
94.978,16.196,-74.187
218.84,-156.34,-122.78
167.39,-61.015,-78.608
365.66,-371.89,-98.05
331.97,-267.48,-129.78
440.21,-413.15,-78.429
116.93,17.502,-121.26
64.271,48.684,-119.82
299.79,-251.98,-128.76
398.07,-332.14,-107.37
384.27,-385.24,-119.88
284.43,-230.72,-84.243
124.96,28.038,-97.092
182.87,-96.588,-82.042
83.04,22.544,-75.17
81.923,12.825,-80.593
88.82,-5.1156,-92.754
243.43,-164.59,-131.29
114.14,-11.707,-123.69
132.8,18.358,-104.24
310.72,-254.18,-81.39
143.73,-67.494,-91.729
141.54,6.3278,-109.14
192.18,-125.23,-119.6
333.09,-237.63,-111.03
216.64,-163.04,-102.86
174.15,-81.373,-128.22
397.77,-412.23,-85.441
97.88,-0.034572,-120.15
395.44,-363.16,-77.136
236.73,-113.97,-92.843
184.03,-120.65,-111.33
106.86,-1.9461,-123.34
312.73,-210.06,-113.51
114.77,28.425,-80.793
389.49,-318.71,-100.89
162.53,-81.455,-85.29
264.69,-180.24,-131.65
205.29,-73.341,-116.89
309.55,-213.56,-122.38
392.11,-410.98,-94.604
257.92,-183.97,-131.41
159.63,-60.23,-127.86
185.61,-118.11,-92.588
304.18,-282.38,-106.91
397.16,-381.42,-76.261
256.62,-196.8,-128.02
65.738,20.612,-99.496
391.66,-393.23,-120.8
355.55,-345.46,-120.21
182.16,-107.79,-87.495
381.27,-372.52,-79.775
227.8,-97.534,-111.2
420.22,-370.49,-113.23
262.41,-224.15,-105.21
193.72,-100.46,-129.83
79.799,54.163,-72.516
298.56,-222.13,-82.247
246.43,-154.94,-131.33
330.55,-305.25,-123.75
403.4,-397.55,-76.434
175.74,-32.284,-100.91
171.72,-38.665,-85.427
200.12,-108.16,-130.13
326.06,-230.09,-96.863
446.12,-403.39,-101.38
368.45,-287.82,-107.36
268.09,-158.79,-123.34
332.95,-241.7,-117.85
429.35,-383.58,-111.97
428.75,-406.85,-122.77
301.33,-249.34,-129.93
238.22,-191.44,-103.77
128.62,-18.293,-126.02
180.01,-116.58,-107.56
232.52,-113.85,-88.619
60.109,45.488,-74.57
262.35,-163.72,-129.14
327.47,-250.88,-127.76
330.77,-274.93,-80.549
180.95,-98.166,-83.324
308.19,-216.74,-125.44
238.22,-190.89,-111.89
128.32,14.931,-116.07
153.9,-84.321,-104.72
195.9,-109.93,-128.98
206.72,-73.993,-115.57
359.77,-289.68,-85.966
252.83,-152.49,-83.901
344.82,-337.96,-113.44
425.31,-399.29,-122.57
92.777,0.058502,-81.584
343.32,-314.77,-126.69
318.94,-303.28,-102.05
255.75,-160,-130.35
323.88,-235.24,-123.19
206.03,-73.788,-116.36
262.39,-143.22,-114.83
138.22,11.48,-94.283
339.88,-312.22,-82.922
100.18,40.863,-77.257
151.43,-24.277,-79.711
99.624,46.534,-79.76
92.292,16.642,-74.542
328.5,-314.8,-113.28
369.24,-294.49,-91.939
420.35,-418.92,-123.53
418.54,-395.76,-124.11
398.14,-420.86,-102.35
231.88,-167.95,-126.14
302.72,-276.14,-116.64
75.471,37.839,-72.686
272.69,-213.1,-83.964
210.39,-75.806,-98.998
272.1,-164.51,-123.66
155.48,-19.327,-119.69
391.78,-355.17,-126.09
294.28,-184.95,-99.789
342.55,-273.17,-83.322
264.3,-188.6,-81.963
388.29,-342.87,-79.722
254.24,-137.61,-120.73
132.24,-57.29,-107.36
400.15,-393.43,-124.18
386.17,-381.39,-122.68
95.663,8.7914,-121.9
309.08,-206.19,-97.763
384.57,-316.24,-91.843
221.19,-88.239,-106.56
438.67,-395.2,-90.152
164.08,-52.591,-128.12
399.21,-362.46,-78.054
383.29,-395.17,-110.85
359.06,-351.93,-119.14
312.54,-212.74,-117.9
243.55,-197.76,-101.23
445.16,-401.77,-97.948
284.79,-237.19,-126.94
113.25,37.1,-86.271
329.45,-264.79,-81.431
300.71,-233.86,-131.49
414.64,-429.25,-79.57
176.8,-77.105,-79.413
332.86,-240.79,-95.157
251.76,-129.62,-97.823
181.26,-104.87,-86.355
226.66,-175.95,-110.84
282.34,-248.26,-116.29
252.99,-155.95,-130.21
200.11,-96.502,-129.97
309.53,-286.74,-115.2
408.27,-347.58,-107.15
329.99,-318.89,-99.833
146.16,1.4335,-108.4
153.04,-77.658,-90.916
252.05,-143.47,-86.748
107.39,-19.262,-116.56
73.844,16.132,-110.29
405.45,-408.62,-77.903
404.98,-369.03,-124.16
91.126,34.88,-122.37
368.63,-363.71,-120.01
285.45,-215.57,-81.799
117.29,6.3292,-124.28
131.44,0.17426,-78.41
322.17,-250.67,-129.71
407.53,-400,-124.45
256.86,-154.18,-85.068
199.8,-132.71,-121.66
288.2,-175.08,-107.38
49.813,39.165,-93.2
377.94,-306.61,-115.47
215.25,-160.81,-101.35
304.86,-282.97,-102.25
282.25,-216.51,-131.37
327.44,-236.46,-92.005
94.377,37.366,-73.834
423.96,-379.96,-84.591
385.44,-313.76,-97.554
279.94,-211.28,-131.59
251.79,-171.29,-131.7
354.24,-310.72,-79.242
259.98,-147.93,-90.212
330.44,-233.28,-108.77
70.783,47.53,-71.519
337.93,-290.26,-80.138
396.96,-366.95,-76.814
187.54,-90.174,-129.71
206.21,-146.63,-116.14
106.48,0.21911,-75.697
304.85,-282.81,-109.8
359.93,-280.26,-93.152
146.6,-16.97,-123.37
412.61,-374.48,-79.456
226.19,-175.47,-103.05
364.49,-338.98,-127.08
398.88,-401.63,-143.1
356.03,-323.99,-98.108
379.91,-314.46,-127.02
278.23,-249.71,-113.75
200.58,-72.821,-131.61
278.73,-176.13,-137.85
126.6,-59.22,-119.08
227.24,-105.73,-118.59
332.14,-253.4,-110.06
213.69,-167.92,-122.39
422.33,-397.93,-140.06
267.57,-224.15,-145.69
382.65,-340.48,-143.64
91.768,-15.144,-128.6
206.59,-110.11,-100.41
199.56,-148.97,-131.21
283.22,-255.5,-112.5
325.86,-311.93,-107.49
290.64,-240.87,-149.89
327.4,-260.22,-103.25
138.28,-17.827,-143.31
279.75,-194.06,-104.31
178.71,-58.782,-142.61
374.81,-306.92,-118.9
289.87,-197.13,-109.29
156.49,-34.866,-142.73
221.98,-120.46,-147.75
256.64,-215.68,-142.07
349.51,-353.05,-133.75
175.97,-117.38,-133.66
335.34,-335.6,-117.15
187.27,-57.233,-114.15
92.252,9.1573,-94.066
113.99,17.834,-138.34
244.56,-148.59,-148.04
115.1,21.839,-101.7
402.05,-369.54,-142.21
215.56,-170.7,-124.77
141.04,-42.33,-146.49
254.08,-148.84,-109.53
261.1,-231.41,-126.02
404.7,-422.52,-138.66
290.49,-265.37,-112.01
209.31,-84.951,-134.16
256.96,-174.2,-101.78
424.56,-382.55,-126.95
341.47,-340.09,-135.41
113.77,-43.943,-123.11
292.01,-273.62,-120.8
335.7,-325.86,-106.64
429.44,-395.43,-132.84
309.98,-214.56,-131.04
408.5,-428.66,-98.592
317.12,-238.57,-144.56
86.453,-11.661,-120.82
380.3,-314.92,-126.61
345.88,-264.39,-122.35
152.98,-87.713,-112.59
346.68,-294.17,-147.53
170.39,-43.794,-105.92
381.76,-390.59,-101.44
85.397,37.783,-140.75
143.6,-11.305,-136.93
95.344,24.892,-93.14
260.29,-220.31,-142.27
295.49,-222.54,-149.59
301.09,-205.88,-114.86
206.44,-158.12,-130.56
182.38,-124.3,-114
233.9,-112.93,-123.46
169.89,-108.83,-113.71
257.13,-144.74,-118.26
254.15,-150.14,-108.73
211.36,-93.334,-108.82
331.82,-281.73,-99.87
90.333,-15.037,-112.59
368.46,-384.96,-126.74
228.78,-151.82,-150.57
193.92,-66.609,-112.81
187.68,-75.111,-145.52
340.37,-289.25,-100.09
170.23,-83.514,-99.467
162.92,-55.609,-98.243
359.43,-366.69,-109.2
136.28,-11.733,-141.73
201.53,-100.35,-100.68
313.69,-296.96,-109.92
425.52,-386.3,-130.07
331.22,-293.79,-149.03
223.12,-136.76,-150.45
394.44,-420.66,-129.87
95.294,-7.5205,-99.271
329.88,-242.7,-119.31
108.64,30.704,-102.1
369.4,-319.64,-144.21
121.23,11.973,-100.55
355.16,-334.97,-98.942
160.1,-22.295,-126.23
333.44,-333.67,-119.67
144.22,-49.01,-146.52
381.17,-340.96,-144.45
372.01,-390.9,-124.78
325,-299.89,-145.94
91.826,58.058,-111.55
227.72,-117.94,-106.93
374.69,-324.97,-102.18
304.85,-292.48,-126.85
349.34,-342.62,-141.41
66.722,17.73,-102.88
135.53,6.1991,-126.39
392.47,-422.08,-117.42
389.19,-393.73,-142.01
93.826,-7.8022,-100.34
154.8,-17.311,-113.11
131.07,-45.542,-99.908
311.34,-229.11,-144
150.15,-9.8328,-118.68
194.9,-136.53,-110.6
186.65,-88.921,-99.227
195.78,-67.629,-114.73
237.99,-145.21,-102.18
341.77,-344.47,-130.19
190.87,-93.537,-149.06
249.69,-136.93,-136.3
358.22,-368.46,-129.85
149.58,-80.068,-108.55
66.696,25.148,-135.75
315.71,-242.65,-104.02
235.26,-172.61,-148.67
169.48,-43.535,-139.59
211.01,-121.66,-100.17
145.3,-16.005,-138.97
336.47,-327.02,-140.28
368.85,-336.87,-97.578
245.5,-134.18,-112.18
269.26,-237.55,-114.18
365.17,-367.6,-139.51
285.9,-265.37,-122.24
118.08,-3.4764,-94.886
347.6,-285.91,-144.92
244.75,-128.29,-132.44
394.49,-349.81,-103
67.499,23.543,-97.677
386.86,-353.42,-144.84
323.95,-309.95,-108.11
419.97,-374.62,-114.49
320.99,-259.36,-149.08
295.67,-194.07,-126.88
364.24,-292.09,-117.7
104.44,28.8,-137.63
183.14,-75.894,-147.27
236.41,-184.89,-107.75
411.19,-432.46,-98.311
377.33,-310.55,-119.03
351.56,-281.41,-109.07
383.75,-386.42,-98.717
368.88,-371.51,-140.12
353.42,-316.84,-98.394
244.56,-184.62,-103.34
269.08,-242.18,-128.25
335.19,-277.61,-101.16
111.31,34.711,-124.09
237.87,-175.47,-103.17
91.952,-14.442,-108.24
354.94,-315.72,-98.562
391.16,-409.43,-103.23
379.16,-317.08,-133.52
389.64,-378.38,-95.727
308.04,-242.19,-101.55
92.056,-1.2478,-97.727
182.22,-63.874,-143.22
410.86,-369.75,-104.64
286.07,-240.81,-103.08
355.91,-306.02,-100.46
276.89,-187.61,-147.03
146.56,-50.501,-97.365
149.98,-84.431,-133.41
218.81,-168,-139.77
272.44,-178.48,-145.64
384.86,-347.8,-98.787
245.33,-202.7,-111.98
272.12,-179.03,-146.09
190.73,-129.24,-108.83
297.88,-281.93,-129.8
140.23,-68.745,-136.93
377.48,-326.42,-103.21
84.572,-3.6541,-105.03
276.93,-182.11,-107.86
220.24,-147.49,-149.6
396.71,-424.89,-128.68
403.97,-431.35,-132.66
359.41,-308.85,-100.88
177.45,-44.005,-129.45
433.8,-405.01,-134.65
298.43,-265.37,-145.73
417.5,-409.55,-93.944
115.65,-6.3344,-144.54
408.43,-394.09,-94.836
167.36,-81.811,-99.704
253.12,-195.15,-149.13
217.64,-105.6,-106.32
160.13,-85.976,-104.18
126.41,-57.515,-129.1
231.09,-112.71,-135.38
377.83,-316.75,-135.29
383.03,-341.77,-99.928
385.66,-333.46,-138.55
237.68,-187.83,-108.5
252.13,-212.92,-112.99
402.87,-426.26,-135.29
193.13,-76.094,-143.15
424.36,-421.66,-93.276
251.81,-194.52,-148.82
180.28,-84.307,-98.839
249.46,-149.79,-146.14
304.95,-282.41,-108.87
315.06,-300.49,-137.93
254.18,-138.95,-125.17
390.66,-339.43,-106.24
269.42,-238.23,-114.69
166.62,-67.61,-148.1
131.29,-21.445,-145.45
349.48,-345.67,-105.45
106.86,31.796,-101.22
118.37,25.589,-110
134.66,-55.101,-141.12
95.735,-19.721,-129.07
174.39,-88.359,-99.627
259.47,-146.74,-120.72
281.52,-254.47,-137.61
271.59,-236.78,-110.59
370.71,-364.76,-143.82
83.796,45.128,-139.1
181.51,-55.448,-138.17
106.6,25.13,-97.41
274.36,-221.56,-102.55
164.78,-80.518,-146.8
154.48,-93.357,-124.97
295.12,-240.22,-150.62
101.44,-2.515,-142.75
325.7,-246.09,-108.98
185.95,-61.341,-138.81
186.19,-101.61,-148.76
342.53,-342.43,-134.54
315.92,-269.55,-149.95
216.02,-132.73,-150.34
392.34,-400.03,-98.274
354.33,-364.98,-119.95
391.79,-341.01,-137.09
335.1,-275.13,-147.65
271.13,-236.7,-140.96
194.18,-63.191,-126.04
285.22,-180.07,-128.18
165.28,-77.251,-147.51
418.95,-388.09,-100.27
113.67,32.886,-121.28
224.9,-182.82,-127.92
205.05,-119.41,-149.95
314.8,-265.62,-150.14
369.31,-380.84,-134.09
240.73,-172.78,-150.22
366.89,-337.04,-147.38
206.86,-110.35,-100.43
428.28,-386.18,-117.22
377,-369.82,-144.54
137.26,-62.851,-105.92
252.88,-140.66,-135.8
310.4,-247.63,-101.15
352.38,-284.33,-140.58
390.35,-416.81,-111.53
181.72,-49.542,-115.4
392.44,-421.67,-115.45
325.63,-320.18,-132.16
63.061,34.275,-137.46
139.28,-73.727,-116.8
390.77,-329.98,-123.18
156.88,-59.147,-147.59
385.5,-411.68,-120.95
94.73,46.249,-132.69
322.08,-290.05,-101.46
401.79,-350.2,-111.01
122.1,7.8736,-99.089
270.82,-201.11,-151.12
230.73,-120.04,-108.06
52.964,27.246,-115.1
201.54,-143.83,-140.9
65.131,19.087,-103.26
186.17,-89.692,-149.01
120.55,-27.185,-97.134
437.63,-412.19,-135.24
252.06,-136.69,-129.66
398.72,-429.25,-110.77
231.95,-139.48,-101.65
81.395,53.748,-94.914
334.38,-298.85,-148.81
165.75,-107.1,-127.04
265.56,-170.03,-145.93
166.35,-85.674,-146.1
219.29,-94.809,-120.78
311.44,-245.92,-101.65
342.58,-260.75,-118.82
260.4,-152.66,-138.56
391.56,-413.28,-105.48
55.137,32.242,-100.81
281.81,-178.25,-117
238.94,-141.6,-148.02
411.75,-384.09,-141.47
115.8,16.432,-99.108
407.22,-395.79,-144.37
186.67,-53.798,-123.99
368.46,-297.22,-120.73
59.114,23.923,-127.17
355.14,-328.98,-147.6
123.28,-55.403,-120.16
106.31,22.92,-96.428
68.218,13.459,-105.99
313.25,-234.4,-106.06
269.48,-166.47,-140.41
203.65,-148.73,-111.81
240.36,-173.2,-101.96
415.6,-431.35,-95.607
299.26,-264.56,-104.33
328.53,-326.04,-128.67
151.75,-13.213,-128.05
379.47,-338.49,-144.58
97.078,-3.416,-96.564
264.01,-235.17,-128.62
360.56,-366.24,-107.32
244.65,-139.44,-143.94
183.84,-63.516,-104.71
88.951,49.836,-134.46
229.66,-188.43,-130.87
231.11,-189.63,-119.41
323.81,-313.88,-111.32
211.47,-94.519,-108.08
304.82,-207.43,-131.06
174.47,-73.962,-148.3
420.22,-412.48,-143.3
207.01,-154.41,-137.84
311.81,-246.38,-149.39
169.9,-95.463,-144.43
294.69,-234.15,-150.81
395.35,-383.26,-95.252
370.37,-299.75,-123.88
232.72,-193.26,-126.43
220.24,-169.97,-112.03
257.18,-212.23,-144.68
290.3,-270.6,-119.25
197.46,-113.91,-100.16
171.79,21.102,10.621
368.3,-316.03,-17.209
383.34,-297.23,-33.19
280.35,-109.01,2.6978
361.73,-236.42,12.918
181.13,-48.958,17.852
158.78,-28.333,14.554
392.29,-280.9,-27.176
381.1,-274.83,-30.681
308.49,-209.21,15.647
416.39,-323.3,-30.222
336.6,-188.25,5.8089
377.22,-244.79,-15.853
377.14,-280.86,16.954
303.48,-177.47,19.794
263.94,-88.046,-9.9352
112.61,22.89,-13.055
223.3,-107.78,11.902
214.17,-101.27,-12.204
419.07,-397.56,-15.344
90.602,48.454,-13.016
149.06,-18.772,-14.521
282.79,-118.89,10.962
171.37,-0.84571,-24.449
166.25,26.405,-12.597
95.139,50.052,-18.012
374.66,-242.18,3.163
252.17,-108.31,21.505
320.06,-230.39,13.226
228.19,-96.715,20.283
102.11,33.245,12.389
316.92,-192.72,-30.335
339.3,-216.9,17.473
417.44,-312.55,6.1482
407.05,-349.98,13.902
323.45,-166.13,0.19493
115.18,62.872,24.871
228.04,-57.214,-22.096
201.69,-88.45,-0.019934
153.85,3.4546,-25.266
242.97,-62.923,6.5546
314.73,-221.07,14.203
85.883,47.373,-1.078
213.79,-40.803,18.448
387.33,-334.07,-27.109
390.62,-262.42,-10.475
213.76,-26.308,5.9692
193.63,-17.584,-21.977
364.21,-224.25,-12.881
360.89,-302.97,2.9624
379.37,-258.3,-25.092
446.11,-373.87,-32.648
437.84,-366.71,-33.742
143.17,-18.286,-1.6456
446.73,-349.3,-11.16
131.06,71.148,4.2428
166.95,-45.998,-4.7998
438.59,-354.65,10.01
190.99,-55.801,-23.42
357.62,-297.51,-19.406
330.7,-262.28,-6.5697
157.87,36.116,12.319
204.83,-16.495,-10.562
400.91,-282.35,2.7778
157.21,16.062,-23.915
248.86,-126.62,18.539
461.71,-395.38,10.621
397.5,-354.35,6.2811
259.54,-154.53,10.742
150.17,48.752,6.2086
255.03,-75.837,1.2783
403.77,-373.54,-4.9739
360.17,-233.32,12.625
179.38,-59.238,-9.7156
347.88,-221.48,-28.205
359.77,-217.57,-0.85156
455.12,-400.59,13.739
295.69,-161.1,19.71
172.28,-49.618,8.3676
195.23,-27.611,-24.834
178.23,-59.918,-2.1053
385.65,-300.45,-33.277
201.37,-45.943,-26.712
457.51,-384.72,9.3804
107.36,33.604,-16.788
404.35,-341.99,-33.236
223.1,-106.23,-18.944
257.73,-83.15,-14.511
431.48,-363.41,14.677
287.19,-178.23,-26.895
146.66,-22.246,-2.8754
116.53,80.341,16.238
177.34,2.3595,19.684
291,-157.48,20.099
331.49,-233.08,-30.206
333.03,-206.78,-29.518
287.53,-200.59,-3.5319
245.56,-141.97,-12.332
189.4,-23.635,-25.326
410.11,-298.51,-21.394
432.65,-396.15,-32.346
169.01,18.657,-16.924
303.51,-211.76,11.112
466.6,-386,-22.601
219.97,-106.45,-15.119
144.18,12.896,24.57
362.56,-310.15,-8.84
268.58,-155.6,-25.448
433.46,-337.37,-24.293
223.58,-48.617,-20.218
274.45,-149.66,20.121
306.34,-202.71,16.881
387.02,-257.54,-12.381
154.28,22.213,-23.084
391.11,-300.02,16.254
385.48,-343.98,-2.2816
122.29,66.445,-19.016
421.88,-315.19,2.3051
153.2,-26.435,-11.447
119.24,58.974,-22.884
330.77,-232.37,17.267
419.79,-316.47,6.2361
116.96,65.898,23.59
408.71,-365.87,-28.751
181.44,7.6917,-14.229
254.11,-125.03,20.483
229.02,-117.63,-15.73
154.61,-16.787,19.052
356.6,-232.04,14.304
388.23,-292.55,16.051
114.9,59.376,25.461
384.54,-258.45,-19.494
359.68,-272.38,16.662
286.78,-141.43,-27.438
455.21,-376.64,7.4907
305.44,-210.3,13.438
432.32,-417.57,-4.2211
330.48,-185.49,10.875
288.91,-201.43,0.44109
217.98,-102.11,-16.876
310.72,-147.99,-7.2157
245.22,-143.53,-0.24223
295.39,-156.13,19.08
108.47,49.639,-23.29
125.2,8.972,13.997
338.16,-205.25,-27.015
141.31,-15.957,1.9245
226.66,-94.057,-26.213
426.02,-321.13,-19.763
231.44,-109.94,-23.162
468.3,-388.13,-22.11
313.22,-232.18,-17.49
188.33,-58.594,17.107
332.42,-184.55,8.0634
271.4,-133.97,-28.982
424.1,-378.57,-33.04
374.44,-301.46,-30.975
461.9,-374.38,-4.6316
327.3,-182.3,-22.829
389.85,-311.78,-33.361
307.04,-151.54,10.477
90.508,43.882,8.8175
429.36,-376.01,-34.793
317.18,-205.89,18.89
135.86,60.102,14.158
197.61,-42.303,23.313
301.38,-154.81,-25.928
112.09,64.57,-23.191
173.7,-54.441,-0.66795
388.12,-344.56,2.5125
241.66,-76.218,-23.503
428,-344.68,12.608
196.42,-81.474,-6.7434
335.48,-189.72,-20.206
236.68,-78.416,20.724
275.69,-128.14,19.394
406.97,-301.12,-26.529
373.94,-240.38,-16.406
238.45,-72.387,-23.48
168.5,0.9705,23.426
197.36,-82.008,-8.543
225.48,-111.98,-16.766
150.21,-4.7736,-23.024
234.45,-127.2,-12.601
157.41,40.28,-6.3177
435.16,-404.65,-30.944
325.25,-247.32,6.8753
394.4,-296.25,-31.464
331.33,-237.86,16.095
303.72,-138.8,-8.0598
275.4,-151.7,19.97
204.35,-15.67,7.4375
414.53,-355.93,-33.899
278.94,-105.82,-4.4257
256.7,-152.67,9.1466
121.75,6.9951,4.2267
171.3,23.732,7.3294
145.73,-18.116,-10.609
426.35,-372.58,-34.567
433.56,-404.35,-29.999
257.09,-148.18,13.114
295.64,-202.06,10.523
317.66,-243.27,-6.6707
337.22,-270.22,-13.985
135.41,1.1274,16.96
409.08,-346.81,-33.744
245.41,-138.86,-16.139
418.41,-310.16,-20.484
266.48,-139.58,-28.482
274.84,-152.55,19.72
220.25,-35.501,8.0329
244.65,-131.17,-21.379
127.5,36.389,25.412
262.74,-149.95,16.028
230.6,-123.85,2.7132
291.38,-122.03,-3.9573
98.682,37.148,12.523
327.53,-243.18,-25.08
231.56,-122.6,7.0762
168.12,23.958,-12.984
229.36,-76.199,22.026
394.74,-323.09,15.734
168.43,23.228,12.801
206.92,-36.235,-23.506
449.69,-363.61,5.1592
371.46,-240.91,-20.86
349.57,-214.59,-24.068
178.9,-60.335,-5.2656
308.89,-160.74,14.401
385.23,-318.2,14.204
316.48,-174.21,15.44
244.33,-142.72,-5.3915
220.16,-73.894,-27.41
440.48,-376.68,-34.797
356.03,-299.03,-2.2712
250.12,-141.16,-19.668
184.57,-51.843,-21.678
382.16,-307.51,-32.349
153.79,22.078,23.016
271.34,-98.456,5.0627
299.61,-154.54,-26.642
418.92,-309.07,-18.289
289.37,-203.03,-2.8874
140.25,-10.489,-12.108
386.57,-326.93,-29.541
441.43,-369.37,-33.22
194.94,-39.237,23.399
378.68,-334.25,-13.559
423.17,-362.37,-34.74
182.27,-48.257,18.851
291.64,-158.57,-29.495
131.85,65.246,13.648
222.57,-35.348,-4.5992
421.73,-335.27,-31.602
166.8,30.516,2.674
409.02,-292.67,-16.385
247.22,-104.67,-28.269
379.3,-257.29,-24.557
256.17,-157.93,-7.6975
265.72,-165.93,-16.502
357.86,-233.95,14.279
422.81,-335.85,12.629
273.1,-99.425,-9.4401
266.18,-130.32,21.082
300.31,-216.74,-12.919
218.63,-52.185,-24.476
251.98,-137.54,15.575
332.69,-263.36,-14.117
138.35,-8.7999,10.605
416.69,-365.36,13.466
400.58,-288.72,-24.796
415.41,-368.08,12.256
389.07,-274.82,10.755
125.22,71.178,-13.478
137.09,-8.831,8.355
271.64,-114.81,17.168
439.67,-402.9,-33.685
203.69,-38.155,-25.192
102.76,55.787,25.134
423.48,-356.68,15.253
238.33,-122.85,14.368
373.74,-236.88,-7.2539
201.1,-34.261,21.743
240.43,-61.145,-13.56
94.468,67.491,25.792
406.41,-297.37,-24.796
410.26,-355.12,-32.832
440.22,-400.36,12.96
129.34,73.046,-2.6717
324.92,-253.81,-6.5118
199.67,-7.7648,0.9033
431.12,-395.89,10.598
398.06,-277.81,2.688
210.29,-96.607,6.4183
388.42,-262.43,-17.447
451.45,-401.23,14.142
86.239,60.783,-18.118
318.49,-167,9.9931
369.93,-321.01,-12.161
151.91,38.346,16.682
282.29,-191.28,2.8432
351.01,-288.76,2.395
241.56,-65.39,-16.693
418.18,-308.71,1.663
254.39,-109.35,21.333
221.29,-38.744,10.495
346.83,-199.95,1.6572
445.18,-347.09,-12.608
155.66,40.919,-9.0218
146.91,7.142,-24.645
388.48,-279.92,13.177
113.19,80.673,18.921
141.19,14.155,24.362
396.05,-338.27,12.848
411.04,-385.76,-11.539
95.276,40.966,-10.755
320.11,-197.17,19.058
286.96,-199.72,-7.7383
260.66,-160.88,-14.27
322.58,-165,-10.743
188.47,-41.01,-26.021
432,-329.79,0.46604
140.28,52.894,-15.03
314.05,-153.98,2.0885
306.07,-212.4,-24.353
116.51,61.513,24.804
351.82,-213.83,8.7407
142.09,22.529,25.018
418.03,-391.42,-22.017
115.3,25.236,18.288
350.18,-286.97,3.0914
92.891,62.755,24.422
288.79,-145.1,-27.763
221.51,-76.094,22.453
357.82,-213.59,-6.8375
397.41,-272.62,-10.181
381.17,-274.7,15.094
90.347,66.501,-22.036
92.05,40.263,1.1227
453.45,-362.08,-17.899
382.19,-340.57,-8.9114
281.26,-141.36,20.157
104.65,74.33,25.259
395.12,-316.65,-33.654
215.64,-64.265,-27.212
189.88,3.3205,3.5182
166.62,-42.512,9.059
367.59,-252.87,-29.711
279.09,-140.32,20.411
333.16,-198.72,-48.573
335.93,-232.91,-46.419
306.76,-154.48,-46.135
236.89,-110.57,-5.7119
158.29,48.855,-29.624
449.42,-352.06,-10.225
265.14,-74.769,-23.529
390.77,-333.27,-15.431
394.09,-252.67,-28.685
316.57,-227.1,-23.095
422.75,-310.13,-44.94
241.22,-82.005,-45.965
306.24,-173.59,1.5902
301.28,-130.46,-38.227
171.98,-20.892,2.1252
358.15,-288.22,-24.081
189,3.2967,-38.598
408.83,-353.87,-45.105
270.66,-119.45,-46.926
172.01,19.237,2.7645
116.58,27.152,-9.5487
458.62,-383.38,-5.2353
150.08,42.693,-39.953
217.86,-72.585,2.0344
337.81,-213.93,0.6233
159.19,10.648,-43.437
356.8,-262.03,-3.2396
157.34,30.908,4.8842
152.36,45.121,1.9269
291.2,-110.73,-30.978
118.22,33.489,-34.811
374.38,-234.42,-8.4493
218.17,-59.706,-45.267
194.99,-66.722,-16.545
255.01,-132.52,-5.2991
302.5,-123.69,-27.315
439.08,-322.7,-32.354
234.83,-72.78,-45.676
235.96,-38.614,-23.551
221.04,-33.071,-38.547
192.56,7.7773,-32.286
368.05,-231.31,-5.1072
470.69,-388.26,-48.298
428.56,-305.46,-25.223
428.37,-305.24,-24.758
230.49,-92.422,-42.257
194.07,-66.016,-20.449
250.36,-107.61,-45.536
146.3,42.437,5.4872
261.74,-98.537,-45.379
126.91,88.467,-20.207
104.42,44.536,-4.1535
463.81,-360.86,-30.596
136.93,46.622,6.8699
354.71,-274.79,-40.164
211.99,-85.919,-28.884
323.51,-187.89,-48.541
123.32,85.433,-2.0802
419.61,-298.1,-13.818
242.75,-126.69,-25.312
127.56,84.023,-5.8014
206.39,-42.035,5.0576
177.95,-45.189,-13.186
121.55,89.965,-29.168
99.608,64.934,-39.259
361.3,-284.89,-11.527
273.02,-163.61,-13.025
387.86,-259.97,-6.2094
265.35,-74.951,-19.451
127.74,77.835,-34.12
329.34,-163.43,-34.462
393.89,-307.79,-51.06
311.48,-218.78,-29.823
420.66,-363.38,-6.6712
187.01,16.171,-7.7561
341.92,-187.34,-40.56
410.94,-294.16,-45.71
369.8,-220.65,-35.657
129.85,26.861,2.9211
109.3,51.135,-38.52
178.34,27.51,-27.755
112.14,32.229,-25.841
112.44,29.952,-15.288
325.88,-219.13,-2.8172
198.57,-70.342,-14.237
128.97,33.143,4.9538
303.5,-130.14,-35.44
277.11,-146.78,0.5533
128.58,85.71,-23.271
382.52,-305.75,-47.178
138.54,35.324,-42.851
159.12,-17.545,-4.9764
453.95,-353.9,-13.628
253.35,-87.519,2.5232
194.8,-66.826,-18.521
125.28,90.215,-13.255
92.462,57.645,-29.709
255.45,-70.015,-35.667
322.31,-235.38,-24.302
425.33,-313.12,-9.8499
359.83,-275.86,-7.0951
469.41,-369.52,-27.923
291.09,-188.87,-31.926
448.97,-383.12,-3.6828
186.36,-56.597,-18.636
378.14,-301.93,-45.866
279.94,-174.25,-15.441
440.86,-405.02,-12.042
455.88,-380.08,-52.464
263.9,-153.44,-16.238
87.395,58.877,-21.896
442.46,-386.9,-52.613
256.72,-117.24,1.9448
321.72,-234.5,-23.497
152.31,15.014,6.1841
187.54,-46.495,-37.512
338.6,-257.53,-18.499
120.49,80.452,3.2532
279.9,-165.06,-5.9153
279.01,-152.96,-0.61927
356.95,-197.87,-22.758
117.89,30.925,-2.8938
192.37,5.1061,-3.1644
147.9,-10.944,-17.488
284.16,-111.3,-4.1002
465.67,-366.96,-37.916
383.34,-281.56,-51.109
277.83,-111.14,-43.585
379.89,-289.88,-2.3925
475.22,-378.71,-30.668
395.98,-328.35,-47.072
351.27,-261.25,-5.8728
336.74,-222.12,-0.12856
405.26,-359.03,-19.949
174.3,10.836,4.4849
261.25,-146.89,-11.165
403.89,-300.85,-2.5663
112.62,36.573,-3.0499
346.75,-219.22,0.044351
311.81,-207.31,-41.868
193,-53.504,-2.477
174.66,-39.744,-28.843
346.52,-226.59,-49.71
90.289,55.681,-11.751
367.79,-221.8,-39.546
446.94,-384.66,-3.7843
97.769,53.288,-2.6951
468.99,-382.68,-46.748
262.03,-133.47,-1.1373
441.47,-388.73,-5.3974
358.31,-263.39,-3.0337
130.54,52.224,7.2141
261.94,-150.31,-29.745
117.32,31.87,-2.6049
265.29,-121.88,-46.643
189.25,-45.889,-0.50214
399.92,-346.51,-40.182
376.76,-234.68,-39.63
457.84,-401.24,-4.1862
159.9,48.773,-27.112
111.01,83.279,-40
347.16,-216.89,-48.816
428.38,-310.75,-15.114
428.28,-352.45,-52.891
309.25,-213.07,-13.924
153.42,47.859,-0.34037
207.81,-78.902,-9.59
106.98,39.55,-6.8187
109.76,32.97,-15.426
123.64,20.534,-28.458
291.47,-129.16,-44.101
161.69,23.479,-42.072
164.73,40.857,-5.7496
332.64,-238.89,-7.9085
176.34,-43.639,-25.043
175.91,30.719,-9.9286
237.75,-91.414,-45.149
365.18,-215,-12.748
253.95,-135.52,-35.165
222.31,-45.794,-43.267
425.02,-392.28,-30.53
144.81,34.775,-42.855
413.87,-350.55,-5.6909
261.11,-97.308,2.254
226.11,-89.459,-41.083
154.3,33.154,-41.557
346.26,-186.34,-13.844
136.38,43.099,7.1787
416.4,-299.97,-9.0842
190.55,-61.266,-16.246
311.41,-145.97,-39.956
242.37,-46.874,-15.713
348.4,-185.63,-23.645
424.71,-386.82,-39.894
305.87,-148.6,-44.67
207.58,-24.842,-41.82
217.68,-94.709,-24.91
342.86,-253.72,-42.038
416.74,-367.74,-11.465
304.33,-161.45,-47.861
104.75,49.538,-34.927
435.86,-360.31,-53.085
399.89,-312.46,-51.661
211.1,-86.869,-18.607
404.04,-356.25,-18.585
261.16,-73.996,-9.7241
454.16,-346.19,-23.818
300.43,-196.06,-38.426
241.78,-65.028,-42.299
99.677,67.718,6.2445
319.46,-207.82,-1.8472
293.09,-120.73,-38.763
376.28,-271.28,-50.841
423.78,-383.16,-14.922
204.84,-12.016,-1.8865
194.17,-23.401,5.3974
248.18,-72.738,-42.395
351.2,-212.81,-2.4113
473.58,-384.09,-14.891
398.59,-266.63,-12.253
307.94,-130.13,-23.297
368.94,-216.01,-19.672
462.64,-359.76,-23.505
469.95,-376.63,-41.398
348.81,-214.22,-47.886
275.72,-163.77,-36.385
175.91,16.56,-39.214
220.35,-86.722,-38.58
255.34,-98.33,3.4164
84.756,63.117,-8.7013
306.47,-131.61,-32.591
370.22,-219.78,-33.69
351.44,-260.66,-5.497
206.98,-79.592,-12.171
349.12,-187.16,-27.939
279.8,-160.08,-42.386
167.27,42.952,-18.438
193.34,-55.15,-36.618
244.16,-74.265,-44.344
242.98,-48.168,-14.245
380.48,-275.64,-0.97004
274.19,-137.94,1.774
386.52,-306.93,-48.863
466.15,-369.39,-39.951
120.82,20.357,-15.84
389.64,-280.41,-50.486
355.11,-276.53,-39.264
301.07,-126.91,-35.346
363.25,-206.88,-25.744
242.78,-47.583,-15.115
297.17,-118.57,-13.409
165,29.993,1.8512
364.19,-294.84,-17.661
120.86,54.884,7.5358
172.47,-9.9723,5.3405
121.08,61.104,7.607
115.16,32.756,-4.0487
370.16,-283.83,-47.676
392.1,-278.87,-2.711
464.37,-386.26,-51.035
460.79,-364.71,-43.12
434.81,-393.54,-46.755
279.32,-132.79,-47.307
345.93,-244.03,-47.737
97.702,53.464,-2.5969
297.3,-195.64,-12.553
237.87,-56.796,-0.42742
312.1,-135.71,-23.815
195.77,9.7296,-21.271
434.84,-323.58,-41.839
320.98,-166.52,-2.5571
362.75,-259.45,-0.99218
286.64,-173.05,-5.4329
407.04,-330.14,-3.1419
292.64,-110.11,-19.772
173.44,-26.75,-38.706
444.87,-360.24,-51.483
430.94,-348.08,-52.544
142.92,43.786,-41.783
334.74,-188.53,-2.0651
407.34,-300.66,-3.6391
252.21,-66.517,-5.7672
460.68,-380.1,-6.7617
210.75,-18.343,-36.728
417.49,-350.03,-4.2222
423.85,-364.92,-50.44
403,-319.21,-51.666
348.59,-187.03,-18.375
279.62,-171.2,-34.296
470.85,-383.84,-12.101
331.92,-202.24,-49.042
136.99,53.344,5.6911
349.74,-250.91,-2.7731
347.52,-199.42,-43.196
438.17,-412.22,-24.363
199.32,-61.42,-2.8281
357.23,-224.08,-1.9686
278.06,-111.52,-0.2751
209.46,-84.544,-17.017
267.88,-145.42,-41.414
325.52,-216.19,-46.549
298.23,-122.92,-35.006
246.92,-62.175,-37.61
352.09,-255.11,-47.451
438.55,-326.19,-16.001
365,-293.02,-38.259
179.97,25.385,-8.9977
184.91,-54.395,-23.809
274.07,-128.52,2.8106
153.05,14.649,-43.025
117.62,48.671,-40.913
427.39,-392.92,-19.445
446.53,-338.63,-39.273
136.66,68.305,-33.975
412.81,-330.81,-52.243
307.36,-200.36,-5.4715
162.87,39.74,-33.721
152.26,14.319,6.0753
366.66,-218.16,-37.772
451.98,-367.05,-50.612
278.41,-139.54,2.2326
246.07,-98.384,-45.893
318.65,-153.78,-7.4751
86.062,65.98,-30.682
412.72,-281.76,-21.214
251.77,-133.91,-33.817
341.14,-256.17,-38.365
329.93,-181.34,-45.43
350.55,-220.7,-0.54433
114.5,51.09,5.8382
443.74,-366.53,-3.7928
410.74,-296.26,-6.5838
327.54,-176.19,-44.67
299.51,-136.16,-42.892
374.44,-296.75,-7.0239
283.06,-132.22,2.3593
361.33,-211.59,-10.611
92.126,62.426,-0.17929
358.9,-275.68,-7.7163
415.39,-354.32,-6.1977
235.4,-54.925,-41.192
250.14,-114.04,-44.017
129.53,16.455,-4.3762
344.94,-253.06,-44.091
383.32,-264.26,-2.626
189.81,14.446,-27.61
430.87,-362.12,-3.3696
263.46,-147.99,-35.489
410.38,-304.98,-49.831
454.23,-360.11,-69.904
386.9,-301.65,-25.891
421.07,-284.63,-32.221
320.87,-217.98,-47.248
245.77,-40.021,-29.152
326.16,-141.56,-36.002
174.77,-23.187,-51.299
265.25,-78.486,-18.944
365.46,-229.63,-18.796
261.85,-131.92,-53.568
472.37,-360.9,-54.305
325.43,-180.81,-66.85
434.48,-302.15,-53.998
145.4,25.11,-58.458
238.79,-87.01,-17.152
252.35,-109.41,-59.84
325.08,-224.38,-46.095
364.66,-283.15,-43.418
348.97,-197.31,-65.16
358.62,-237.91,-18.689
192.92,22.557,-47.42
311.77,-171.21,-16.967
231.26,-20.143,-42.952
411.83,-280.3,-25.544
323.26,-173.33,-16.926
209.91,4.5014,-44.64
277.07,-79.781,-49.833
313.39,-173.14,-66.172
402.38,-313.29,-68.109
230.26,-76.685,-60.932
380.06,-302.12,-55.531
223.94,-30.999,-16.22
125.81,33.615,-22.024
166.04,56.157,-41.538
299.35,-108.15,-49.965
147.96,45.269,-11.303
453.27,-331.64,-54.776
264.94,-133.76,-55.567
199.36,1.1379,-58.278
287.93,-124.71,-15.772
310.62,-194.33,-57.93
459.05,-381.62,-71.94
332.04,-234.49,-46.018
255.75,-51.175,-31.568
289,-151.22,-18.537
466.06,-352.33,-36.978
395.04,-299.81,-68.232
164.32,-6.0652,-54.717
338.63,-238.75,-55.293
374.05,-297.41,-43.398
474.52,-362.37,-44.197
353.28,-183.2,-30.459
442.54,-403.43,-41.787
368.67,-200.66,-46.842
136.55,25.897,-53.769
421.24,-285.25,-31.894
384.57,-236.55,-25.706
196.89,-55.032,-44.466
401.04,-253.88,-56.519
203.97,-19.853,-13.021
417.29,-364.25,-42.173
140.82,78.898,-49.779
193.57,25.315,-37.243
126.4,47.191,-13.46
317.08,-177.74,-66.346
351.13,-181.34,-55.147
336.57,-180.53,-19.057
258.83,-118.87,-59.547
226.42,-91.523,-45.412
274.15,-83.973,-22.212
214.05,-75.969,-45.276
294.57,-117.94,-19.287
287.71,-126.21,-15.645
245.46,-69.025,-14.481
362.85,-259.4,-22.493
136.02,19.099,-46.867
418.22,-347.5,-65.993
287.47,-108.1,-61.128
229.9,-40.905,-15.611
242.04,-35.011,-47.205
371.03,-267.24,-21.37
204.55,-58.547,-24.061
194.87,-32.685,-15.626
399.74,-336.61,-49.772
189.8,27.736,-44.77
233.62,-77.372,-15.996
353.99,-267.02,-45.401
468.84,-354.64,-40.392
388.55,-250.99,-65.29
281.05,-93.71,-57.847
445.62,-382.08,-69.622
132.73,20.083,-31.159
367.15,-215.96,-22.733
141.74,54.321,-11.315
421.35,-281.26,-52.749
153.6,35.055,-11.293
387.68,-311.2,-31.364
203.35,9.0086,-25.144
379.53,-299.13,-57.642
202.77,-5.3391,-59.375
433.67,-302.08,-55.549
420.85,-354.13,-65.078
382.27,-256.97,-68.492
129.42,85.077,-16.055
260.96,-94.255,-14.659
405.02,-303.3,-20.02
354.59,-255.17,-61.028
405.08,-300.75,-69.89
107.6,48.12,-38.182
179.56,38.138,-26.213
437.74,-388.02,-61.637
444.59,-352.12,-70.77
132.05,20.431,-32.826
191.64,9.0685,-15.768
167.47,-18.828,-28.885
362.5,-191.53,-45.531
189.74,18.655,-19.377
236.63,-105.58,-41.411
219.01,-65.646,-17.787
232.56,-41.315,-16.556
270.07,-122.25,-16.779
393.08,-305.88,-65.837
248.42,-50.807,-55.692
296.6,-102.79,-33.719
409.39,-329.95,-66.912
191.17,-49.224,-40.023
123.55,67.791,-60.403
347.26,-220.13,-18.12
294.13,-128.6,-64.739
220.3,-6.2767,-39.167
243.61,-98.177,-19.37
196.53,21.618,-39.829
391.93,-285.36,-69.248
398.89,-315.21,-24.197
280.47,-109.23,-16.244
312.19,-205.61,-47.223
420.16,-326.26,-70.47
333.32,-229.88,-56.166
149.58,19.158,-14.723
399.68,-247.5,-50.747
289.54,-95.812,-29.779
424.87,-328.11,-20.639
105.03,51.27,-31.475
439.99,-313.99,-57.974
363.14,-280.86,-44.06
455,-349.42,-26.564
376.37,-218.31,-56.682
336.86,-164.35,-26.266
400.68,-265.93,-23.997
156.41,67.077,-41.408
239.14,-34.458,-51.148
275.54,-156.01,-37.727
445.08,-407.35,-41.742
414.41,-283.88,-25.83
384.37,-257.99,-19.485
417.19,-361.77,-37.416
424.03,-330.05,-70.639
384.1,-294.68,-24.558
280.24,-158.53,-30.141
319.66,-204.28,-59.942
365.97,-255.56,-20.139
154.81,66.27,-25.21
273.51,-149.41,-29.715
135.13,17.727,-42.483
385.37,-293.79,-23.472
428.14,-381.9,-46.355
423.99,-284.36,-38.624
419.9,-356.38,-28.944
339.4,-219.7,-19.907
128.55,25.6,-29.093
235.08,-24.985,-43.693
441.71,-347.7,-21.65
321.25,-215.06,-31.57
386.19,-284.34,-20.557
330.4,-148.19,-48.555
179.93,-26.306,-21.131
204.59,-43.481,-60.616
275.08,-125.81,-64.344
324.98,-139.85,-46.07
414.3,-326.72,-21.448
287.11,-171.7,-43.609
324.98,-140.13,-46.803
231.44,-99.116,-39.236
349.07,-243.52,-62.564
196.46,-26.575,-61.937
408.08,-304.57,-19.992
126.11,27.226,-39.415
309.96,-158.57,-16.323
279.24,-103.45,-62.936
447.38,-386.69,-69.252
456.26,-391.93,-71.251
389.68,-287.19,-20.254
222,-11.695,-27.586
480.13,-370.93,-47.223
355.98,-222.25,-67.865
445.94,-388.99,-26.052
173.04,36.372,-55.136
437.09,-373.42,-25.107
202.04,-56.539,-25.005
311.9,-151.21,-65.128
250.79,-81.972,-14.32
198.55,-57.659,-33.734
179.54,-17.673,-58.388
277.79,-78.737,-32.669
423.73,-283.2,-40.517
412.71,-320.54,-20.828
433.76,-298.13,-45.771
277.31,-158.55,-38.834
294.46,-181.47,-45.055
456.14,-386.11,-71.774
245.6,-37.528,-43.042
452.69,-401.16,-26.941
310.57,-150.6,-65.305
212.9,-60.789,-18.844
302.7,-110.61,-46.523
344.52,-253.07,-43.16
369.76,-259.4,-67.583
294.98,-109.58,-23.743
422.21,-316.9,-20.892
312.65,-206.04,-47.802
224.6,-24.497,-56.767
188.41,20.985,-54.018
387.21,-317.68,-43.485
139.66,55.195,-11.098
154.59,51.532,-14.521
192.46,-11.798,-62.482
149.49,20.621,-58.65
208.68,-63.424,-24.031
298.02,-119.08,-20.792
336.29,-213.36,-65.783
312.28,-206.61,-42.989
426.81,-322.68,-69.857
137.87,85.141,-46.375
231.06,-19.206,-36.806
138.17,47.659,-10.976
309.03,-196.26,-29.34
223.66,-36.532,-61.865
205.04,-55.499,-55.456
353.1,-197,-63.206
159.6,40.948,-59.382
358.67,-222.58,-18.277
235.77,-24.883,-37.426
245.09,-57.687,-61.053
395.74,-302.41,-67.966
373.5,-226.61,-63.977
274.52,-89.19,-59.722
425.68,-375.44,-38.205
400.68,-330.18,-59.885
439.02,-306.36,-44.598
389.29,-235.03,-54.808
327.33,-194.55,-66.457
236.5,-32.63,-24.242
327.18,-149.78,-26.913
224.12,-33.339,-60.852
448.25,-367.14,-21.581
155.58,63.205,-22.603
275.75,-144.74,-58.137
263.61,-75.82,-59.612
372.24,-222.81,-63.114
422.27,-340.97,-69.538
299.62,-128.84,-63.24
422.56,-295.54,-63.402
239.05,-87.253,-17.128
464.66,-359.93,-29.106
433.06,-327.8,-69.273
177.56,-33.017,-37.305
299.45,-106.79,-33.225
341.76,-225.12,-20.586
401.4,-248.37,-44.388
432.41,-385.26,-56.081
219.06,-22.797,-16.895
436.67,-388.41,-59.977
377.84,-280.94,-65.742
120.39,77.238,-59.89
185.92,-38.903,-48.981
429.97,-301.65,-30.032
215.15,-15.756,-57.884
432.53,-376.27,-63.68
143.84,82.26,-35.521
356.16,-265.11,-31.937
435.23,-326.24,-23.259
154.01,30.639,-11.382
328.65,-158.11,-60.144
264.32,-96.102,-14.85
101.09,63.329,-50.648
258.45,-101.17,-64.209
106.29,49.705,-38.724
244,-46.728,-56.479
155.22,-1.8658,-24.698
484.43,-377.72,-48.624
295.22,-105.48,-27.34
440.43,-397.95,-56.273
264.06,-116.48,-17.11
112.47,75.937,-10.28
391.65,-256.08,-65.555
217.11,-68.625,-56.882
318.39,-131.17,-46.374
225.16,-41.704,-62.6
258.48,-66.673,-20.25
342.73,-223.5,-19.761
379.58,-234.2,-23.203
308.49,-117.58,-36.363
430.01,-384.58,-49.419
95.183,61.992,-36.61
318.4,-152.07,-19.331
293.83,-101.08,-49.979
462.65,-346.4,-55.165
147.78,39.239,-11.135
461.42,-355.35,-64.342
228.1,-23.926,-22.69
406.35,-269.95,-26.257
112.82,64.265,-58.132
411.81,-286.63,-66.251
172.1,-18.866,-52.266
137.65,45.298,-11.254
110.89,45.261,-41.521
345.36,-211.5,-17.624
318.58,-130.59,-38.746
245.96,-117.33,-42.825
274.79,-148.14,-26.618
447.35,-407.96,-37.012
335.55,-237.88,-35.407
379.14,-288.02,-63.95
196.22,19.056,-27.106
432.04,-299.55,-55.517
132.47,22.533,-26.545
314.81,-197.1,-59.965
399.71,-337.08,-47.579
296.43,-101.44,-43.11
216.85,-39.996,-13.229
139.44,86.955,-38.347
281.88,-149.29,-60.252
277.42,-155.07,-51.222
365.05,-283.16,-48.165
245.3,-70.409,-14.332
348.16,-176.05,-30.212
232.05,-31.196,-55.523
473.67,-372.61,-63.671
262.64,-112.7,-63.357
367.38,-205.21,-56.338
228.34,-51.725,-63.456
352.23,-191.34,-61.141
425.03,-361.73,-27.666
409.83,-271.26,-28.72
282.73,-155.82,-57.235
262.39,-138.69,-43.155
314.83,-169.03,-66.516
336.08,-236.38,-53.754
231.24,-89.41,-23.077
139.38,-6.7078,102.95
355.45,-327.73,45.446
374.55,-306.23,48.292
249.31,-135.85,99.363
326.51,-266.23,97.094
150.73,-74.545,85.138
131.22,-51.633,79.633
377.5,-294.85,63.935
369.11,-286.53,58.054
276.86,-235.77,83.315
403.92,-335.33,56.738
303.8,-216.37,98.302
355.22,-264.51,79.487
342.1,-310.24,90.141
267.28,-207.85,96.683
239.6,-109.72,89.831
100.64,11.717,55.775
195.72,-131.12,78.226
199.52,-114.57,57.775
406.11,-409.16,39.756
79.226,37.773,54.975
136.73,-30.269,56.295
248.19,-148.41,102.97
159.06,-12.867,67.084
145.91,7.9469,84.498
85.486,40.618,54.068
343.11,-269.28,93.817
215.58,-139.03,99.886
290.12,-255.58,78.8
194.53,-124.96,91.537
77.67,12.483,74.133
305.8,-203.75,58.929
303.05,-247.39,97.122
385.24,-339.96,89.438
376.17,-375.78,75.168
293.18,-192.35,96.244
79.521,32.909,102.13
211.99,-72.31,74.807
181.37,-106.1,65.97
144.06,-6.4098,59.37
210.76,-90.656,101.98
284.12,-246.79,80.6
69.228,32.696,61.317
177.53,-71.485,105.28
378.57,-342.68,40.208
365.73,-284.37,83.292
182.39,-53.376,101.5
178.52,-31.902,73.465
340.53,-245.32,83.45
337.54,-322.82,62.4
363.12,-273.45,68.087
435.65,-384.2,49.579
428.42,-376.2,47.451
125.11,-34.14,63.396
422.78,-370.34,76.188
102.77,46.54,97.626
149.83,-61.153,61.839
405.6,-382.5,86.174
180.83,-65.81,55.731
345.57,-308.64,45.806
312.49,-278.19,56.215
125.1,8.0645,103.26
182.18,-36.814,88.277
369.79,-309.04,90.635
144.98,4.1176,67.142
216.1,-154.12,88.619
429.15,-422.77,81.959
372.32,-375.55,62.783
232,-177.84,76.839
120.35,22.949,99.768
225.05,-101.87,98.827
385.34,-389.41,49.628
325.01,-263.08,97.329
164.29,-72.855,59.02
334.08,-234.71,64.609
329.94,-243.39,93.112
422.45,-427.91,78.947
259.01,-191.93,99.251
148.05,-70.298,73.156
182.35,-40.115,68.066
159.5,-76.319,64.002
376.89,-309.42,48.098
190.4,-56.853,62.378
425.12,-412.04,83.167
96.966,23.607,54.565
397.04,-349.64,40.898
211.09,-117.57,55.115
236.12,-102.67,85.16
398.02,-391.41,82.668
277.17,-188.14,52.415
129.11,-37.705,62.62
83.318,52.041,103.19
141.4,-28.042,105.18
254.44,-188.18,98.647
322.25,-242.41,50.194
320.57,-218.92,62.02
267.83,-217.73,61.536
230.52,-155.56,57.162
177.22,-35.563,66.353
391.57,-315.42,70.276
426.23,-402.9,34.125
151.25,2.2395,79.469
275.16,-235.68,76.314
449.28,-401.79,62.72
206.49,-118.87,56.384
109.5,-16.165,96.471
345.7,-324.94,51.325
258.25,-165.74,53.23
416.92,-352.63,64.232
206.36,-64.652,77.447
239.5,-178.97,93.475
273.74,-230.06,85.779
363.12,-278.72,81.97
141.43,9.7648,68.767
356.32,-329.18,88.957
365.36,-361.23,54.329
107.57,52.504,73.514
391.26,-341.42,87.667
139.48,-38.981,57.664
107.68,47.605,66.026
297.41,-260.32,86.483
387.6,-343.86,89.115
81.396,35.943,103.26
400.88,-373.71,36.963
161.61,-10.38,83.391
219.44,-154.11,93.384
215.66,-129.97,55.986
124.21,-42.354,85.604
320.98,-262.13,97.333
353.21,-321.93,90.347
79.333,29.529,101.04
364.71,-276.44,74.908
326.46,-300.19,84.535
273.4,-154.36,66.53
423.3,-403.65,83.796
275.49,-235.51,79.653
413.79,-433.42,46.929
295.7,-215.07,100.21
267.07,-220.23,64.935
205.24,-113.98,55.775
284.24,-171.3,91.43
224.24,-161.69,65.632
258.58,-187.11,100.61
99.615,40.626,56.563
99.038,-13.181,77.256
323.53,-219.15,67.134
121.46,-33.184,66.125
216.61,-104.08,56.212
406.62,-338.68,70.467
220.74,-120.34,54.594
450.7,-404.13,63.098
300.06,-244.27,51.107
158.23,-83.94,84.329
298.71,-213.36,99.411
260.28,-145,60.604
417.5,-385.54,36.333
366.24,-309.83,43.822
434.96,-397.67,78.775
309.81,-198.53,74.064
381.66,-320.24,45.604
272.46,-181.02,101.72
68.501,25.043,69.825
422.63,-383.18,38.656
282.31,-235.12,91.497
102.94,31.976,103.21
161.38,-72.715,100.27
286.46,-168.99,69.666
101.16,53.729,64.434
154.35,-71.321,65.019
365.24,-363.98,59.098
226.26,-90.79,72.967
394.21,-373.1,86.832
179.58,-96.433,60.961
316.21,-207.35,77.218
199.73,-109.54,103.47
238.76,-159.24,102.15
391.76,-315.39,63.715
352.26,-259.86,79.181
223.11,-86.903,72.904
132.07,-29.658,103.05
181.35,-96.332,59.839
212.59,-123.96,55.68
140.64,-14.325,55.966
219.67,-140.6,57.283
133.77,19.237,90.419
428.51,-411.52,33.053
299.48,-269.15,69.764
383.03,-307.41,55.567
299.04,-264.93,83.674
277.76,-161.72,90.942
240.58,-180.89,93.015
172.53,-43.073,102.16
407.48,-363.36,39.925
251.41,-129.97,94.476
230.2,-175.16,74.933
101.26,-10.707,67.247
140.37,-2.9563,101.23
131.84,-30.788,57.884
419.6,-379.77,38.69
426.63,-411.41,33.095
228.06,-172.68,79.967
267.76,-225.61,75.795
299.48,-259.19,57.192
322.63,-283.34,50.63
107.05,-22.784,81.518
401.83,-354.43,40.957
232.01,-151.22,55.413
399.38,-327.44,70.481
256.38,-149.69,56.264
240.32,-181.5,92.201
187.82,-63.383,102.67
233.26,-142.06,54.098
92.447,7.0143,98.137
231.59,-176.14,84.335
208.26,-143.08,68.423
263.44,-146.5,94.598
74.282,16.419,74.078
317.27,-253.12,48.084
206.73,-143.77,72.753
147.95,5.6334,84.161
192.59,-107.1,101.68
362.01,-350.45,81.15
135.18,-5.201,103.78
192.54,-49.973,71.51
418.45,-390.16,84.454
352.46,-258.27,74.315
332.72,-230.26,71.386
161.73,-75.542,61.751
272.96,-191.18,101.97
354.16,-344.19,77.153
280.28,-204.82,101.19
226.01,-158.81,61.561
209.63,-84.416,60.097
432.21,-385.2,43.974
335.65,-316.56,57.529
238.07,-152.52,54.162
174.06,-62.077,55.426
374.15,-315.78,44.224
117.58,-8.4084,103.79
239.35,-126.03,100.87
285.28,-168.24,68.34
398.59,-327.38,72.852
269.32,-220.44,61.979
127.15,-22.558,57.034
378.44,-335.12,40.819
431.49,-379.28,48.591
158.74,-69.617,100.22
364.3,-347.07,46.166
415.95,-370,41.049
151.12,-74.441,86.753
280.32,-169.77,60.536
99.245,37.369,102.86
196.21,-58.575,94.216
410.39,-346.37,53.575
138.2,5.6218,98.12
387.5,-311.93,75.903
236.3,-115.53,60.724
362.69,-272.73,68.863
238.84,-173.27,59.654
252.29,-178.3,54.514
322.26,-264.02,97.184
388.88,-364.41,87.777
248.32,-121.44,90.257
229.99,-160.69,97.796
285.15,-230.36,54.305
204.65,-65.601,70.266
221.38,-163.31,83.546
318.13,-276.46,50.996
113.79,-29.701,74.153
386.19,-390.84,73.522
384.16,-303.96,66.794
385.98,-392.68,70.865
354.85,-303.81,93.813
106.78,54.269,81.122
113.86,-28.686,71.784
235.09,-145.72,103.75
433.59,-409.42,33.92
190.83,-50.649,67.824
69.48,27.925,93.251
390.21,-384.5,81.782
208.84,-147.72,81.641
347.09,-260.24,87.496
164.35,-65.215,104.04
218.64,-80.813,86.005
60.882,39.377,94.273
390.02,-312.58,66.263
403.21,-362.51,38.923
410.08,-425.5,70.954
104.62,51.204,92.22
306.66,-269.77,56.744
171.06,-32.712,97.962
403.05,-419.35,66.354
366.94,-304.5,90.953
186.27,-117.14,71.959
367.39,-281.36,76.84
419.17,-428.18,77.159
76.851,51.56,53.809
284.04,-196.37,100.91
354.78,-334.46,48.138
117.56,9.1356,104.5
259.17,-211.09,67.515
327.95,-308.41,62.687
221.62,-83.591,82.47
387.77,-334.79,87.913
217.67,-140.2,100.45
187.78,-67.436,103.78
315.83,-226.69,95.58
421.97,-367.56,75.184
133.58,21.103,87.725
137.44,-2.4161,57.832
353.62,-309.33,93.327
79.062,51.712,103.7
106.92,-14.558,95.312
366.13,-363.31,73.519
396.12,-398.88,43.356
82.825,29.474,56.06
283.85,-227.61,96.589
269.39,-215.21,58.376
246.32,-173.93,55.698
297.89,-186.92,87.883
178.52,-50.998,58.398
402.31,-355.28,85.501
122.28,36.318,80.184
282.96,-180.84,97.838
295.46,-222.65,50.179
80.829,31.529,102.2
317.89,-242.75,97.961
106.51,-7.3026,99.618
408,-400.81,36.58
86.755,1.2003,82.078
326.71,-306.94,63.52
60.705,35.801,90.535
275.65,-157.82,65.823
185.65,-106.18,98.099
330.92,-237.18,89.133
372.4,-294.64,82.843
345.87,-304.4,93.212
81.782,57.787,55.162
74.096,24.574,63.256
433.24,-380.19,69.285
365.57,-355.1,48.963
244.46,-172.29,100.24
69.176,44.525,101.72
386.81,-325.23,46.082
204.69,-75.151,61.83
160.24,-22.403,99.482
142.15,-63.381,73.688
354.86,-265.2,60.799
242.37,-171.17,99.768
329.56,-204.11,50.714
334.27,-236.44,40.072
301.3,-161.43,57.022
216.59,-128.47,70.448
145.51,36.092,76.44
424.88,-373.56,77.152
246.21,-92.435,85.335
375.49,-346.98,51.201
376.98,-268.78,74.986
305.27,-237.87,50.534
415.52,-318.35,53.935
237.89,-87.181,53.22
278.51,-197.52,85.676
290.18,-141.96,69.946
148.08,-41.642,79.723
347.47,-298.42,46.211
180.92,-5.7679,66.767
408.1,-356.37,29.298
267.32,-124.64,52.295
143.75,-5.347,96.293
101.82,13.719,62.165
433.36,-405.22,73.061
144.37,35.578,61.933
192.55,-94.501,82.021
310.05,-237.88,84.657
157.14,6.6045,51.012
333.09,-282.58,71.988
128.95,6.3083,95.214
124.77,21.046,96.137
275.89,-125.56,78.33
115.43,29.208,46.172
347.99,-257.61,87.885
215.59,-64.226,51.098
181.86,-78.966,58.64
234.08,-150.91,71.088
284.99,-140.23,81.63
424.35,-336.81,66.758
231.35,-78.083,53.922
217.63,-55.799,85.121
211.94,-42.969,68.349
180.3,-4.6171,75.185
340.57,-255.28,88.511
466.07,-394.27,44.181
409.99,-322.59,73.831
409.57,-322.54,74.183
227.87,-96.767,46.495
182.99,-76.672,55.469
248.06,-111.83,47.894
118.05,17.97,94.744
256.8,-105.07,57.37
109.91,72.447,83.737
86.926,28.974,67.142
448.43,-375.39,65.256
108.91,22.425,92.768
351.36,-279.43,37.538
204.6,-93.755,50.047
320.21,-193.04,50.226
97.926,63.015,94.607
395.8,-319.23,81.013
233.19,-136.19,51.927
103.59,62.656,93.325
178.14,-66.41,90.805
163.42,-58.514,61.267
109.74,78.009,74.781
98.619,61.954,45.996
343.44,-300.71,58.745
256.53,-178.48,61.776
360.95,-283.46,86.151
244.33,-94.229,88.489
118.76,68.124,69.239
315.58,-177.03,73.736
393.72,-310.17,35.677
303.5,-227,46.153
399.62,-381.62,60.885
162.24,-5.9066,94.55
331.84,-198,65.816
404.21,-302.01,53.8
356.53,-233.8,70.252
106.86,6.8736,78.274
107.92,47.867,45.91
163.85,13.377,79.405
105.8,25.306,49.482
100.91,19.049,56.805
302.12,-239.75,73.945
184.11,-83.622,60.755
104.43,11.91,81.9
290.63,-143.05,73.321
251.43,-169,80.972
113.17,70.928,81.125
381.82,-308.39,33.752
136.71,31.465,50.96
140.36,-34.177,69.159
430.67,-374.47,76.088
224.16,-112.79,94.264
182.72,-78.26,56.99
104.8,71.514,88.943
88.383,52.468,46.801
243.62,-82.108,73.065
311.62,-245.66,49.178
400.18,-335.19,80.916
339.02,-294.04,65.019
452.74,-385.04,66.655
284.13,-196.35,46.263
424.3,-404.36,69.506
174.53,-67.829,56.755
377.02,-304.87,34.081
264.75,-188.09,59.145
423.81,-420.01,50.25
454.7,-383.3,36.821
249.35,-166.8,58.802
79.953,51.162,50.733
443.99,-387.77,27.228
230.32,-140.06,83.613
310.62,-245.1,49.852
125.59,-8.0427,87.32
184.12,-51.36,46.925
324.83,-270.18,52.946
93.295,56.741,95.277
258.94,-183.47,70.095
254.27,-174.41,78.557
336.69,-216.49,82.796
99.172,14.375,69.43
165.6,-18.467,96.331
136.46,-21.827,56.572
256.26,-135.75,95.155
454.36,-378.31,58.142
382.09,-284.92,40.833
270.91,-119.29,61.784
355.2,-311.2,73.096
460.02,-393.07,63.789
395.55,-330.72,31.551
329.62,-280.13,67.503
310.33,-244.91,80.261
392.77,-370.5,44.713
145.68,-13.965,95.402
243.84,-162.49,63.975
376.91,-324.17,80.634
94.18,20.248,68.923
318.52,-243.6,86.588
308.76,-211.86,41.681
171.67,-72.2,73.707
168.01,-46.986,49.795
344.37,-230.73,45.406
77.589,43.898,58.681
356.91,-233.07,65.8
422.77,-405.47,67.792
79.62,37.214,68.421
463.27,-389.58,46.751
238.05,-154.31,77.419
419.32,-407.86,62.172
334.41,-284.09,72.356
102.71,28.203,92.06
254.23,-158.39,48.721
98.446,15.194,69.745
262.82,-126.28,48.839
166.7,-65.565,76.384
397.23,-350.47,31.537
365.91,-245.9,65.09
433.96,-421.8,66.322
145.62,34.827,79.141
106.9,77.511,58.504
343.48,-222.33,50.294
405.23,-331.35,79.367
428.55,-354.48,33.679
292.94,-227.76,59.496
126.55,24.297,96.028
190.51,-94.415,65.536
90.97,25.156,64.39
98.386,22.191,56.559
118.14,14.226,48.576
284.65,-137.23,61.031
157.3,17.439,58.451
139.68,18.612,94.766
312.48,-256.6,65.53
167.91,-52.24,51.995
152.39,9.604,93.128
235.45,-95.634,48.337
340.36,-237.06,87.743
248.66,-141.78,46.471
216.71,-52.864,60.278
418.39,-399.13,33.228
142.13,30.173,53.89
392.03,-369.47,63.361
231.91,-122.58,94.035
223.23,-93.975,46.381
149.75,26.984,59.008
321.86,-208.13,88.868
108.63,19.165,91.315
390.83,-322.39,82.278
177.36,-73.55,58.818
301.28,-156.69,67.502
219.96,-67.214,91.041
328.61,-203.91,82.718
422.34,-390.44,28.085
299.21,-156.53,60.058
201.27,-32.484,62.373
208.33,-104.04,52.432
340.06,-258,38.578
399.14,-383.22,53.494
300.81,-166.79,51.692
102.36,45.578,45.734
435.92,-362.52,34.199
399.63,-314.94,36.363
198.71,-98.546,57.094
390.75,-368.35,46.259
235.7,-96.649,94.216
435.26,-363.47,71.471
296.14,-201.52,43.1
234.8,-73.231,63.111
75.255,46.603,82.006
295,-229.02,75.985
282.47,-131.85,69.309
374.88,-274.76,41.606
408.47,-396.8,48.212
177.33,-36.144,96.724
165.64,-48.024,92.382
241.09,-81.024,63.165
322.93,-237.36,89.513
451.14,-403.96,72.903
373.87,-288.52,84.248
288.25,-148.37,84.863
347.2,-235.74,83.921
443.72,-377.03,70.542
460.77,-386.3,53.754
344.16,-220.48,52.907
270.73,-169.78,45.17
168.71,8.2127,65.024
216.77,-91.736,46.501
226.49,-123.24,91.618
70.559,50.174,61.213
291.87,-145.88,76.411
355.8,-233.83,72.315
329.51,-279.76,68.111
191.18,-93.924,62.864
331.55,-203.7,79.175
276.9,-164.59,44.099
148.1,25.183,87.161
189.49,-60.329,47.063
238.8,-81.141,59.039
219.86,-69.046,91.956
353.55,-298.86,80.182
247.42,-161.06,83.977
386.22,-309.31,33.998
456.05,-379.78,55.853
109.33,9.464,56.756
387.04,-284.91,44.939
351.42,-281.42,37.73
288.18,-139.84,73.467
344.5,-224.32,80.065
220.07,-68.146,91.422
272.85,-140.36,91.656
137.13,5.6973,96.375
350.03,-307.73,51.514
93.998,31.725,88.505
145.77,-33.023,86.806
93.529,37.334,91.163
97.243,16.842,67.907
369.3,-286.66,35.931
364.69,-302.59,83.394
461.86,-390.58,39.71
452.61,-373.6,52.604
435.14,-395.14,25.213
276.25,-137.73,51.016
344.62,-247.32,39.639
79.495,37.344,68.533
280.27,-210.91,61.52
209.34,-81.687,96.521
292.63,-153.78,84.322
177.25,-7.5731,86.02
425.63,-333.36,57.002
292.51,-191.32,92.739
336.77,-281.86,77.729
265.27,-191.78,70.66
382.84,-351.02,70.046
271.36,-129.58,87.887
170.69,-31.122,46.832
442.8,-364.22,39.984
430.2,-350.97,37.031
139.06,38.198,57.369
306.24,-213.3,91.221
380.39,-324.01,81.624
225.29,-90.259,95.744
435.57,-401.89,74.24
200.74,-28.967,70.469
394.32,-370.03,66.513
424.76,-366.24,28.338
402.97,-321.48,35.219
326.23,-207.28,86.293
273.75,-177.87,45.757
447.36,-404.48,73.767
329.1,-206.97,48.327
108.89,29.004,94.586
325.7,-271.73,73.249
339.18,-208.68,61.773
428.5,-421.38,36.581
178.05,-80.074,73.449
328.99,-248.57,88.365
249.12,-136.68,94.934
196.26,-96.844,58.416
264.74,-150.1,44.724
323.76,-219.85,41.433
285.18,-135.98,73.898
236.53,-73.125,70.429
350.85,-258.31,38.517
415.92,-346.36,77.616
361.02,-298.08,36.872
155.92,3.865,93.748
175.69,-63.607,52.94
245.85,-152.87,88.483
151.28,10.865,49.843
116.49,45.51,47.27
414.85,-404.37,42.656
435.84,-349.55,58.824
127.27,58.256,70.018
412.82,-333.07,35.063
285.74,-219.27,70.11
152.43,28.82,71.954
125.67,-8.626,86.932
354.67,-230.3,68.05
449.12,-371.67,41.498
250.96,-163.23,85.81
243.65,-102.74,49.157
291.74,-177.48,92.901
82.568,61.252,46.175
392.03,-300.57,78.427
245.95,-140.57,47.053
336.97,-261.45,39.547
323.46,-189.1,58.459
322.22,-245.2,87.46
89.808,29.741,82.49
418.21,-388.55,73.43
384.35,-319.27,82.836
320.51,-184.41,59.9
291.61,-145.1,63.197
353.59,-314.94,64.059
254.14,-157.2,91.175
335.64,-234.32,88.808
72.597,45.264,71.171
338.53,-293.52,64.143
393.96,-372.89,62.226
227.76,-63.654,64.793
247.74,-118.25,46.372
111.34,0.30358,68.354
342.82,-256.85,38.32
355.68,-288.2,84.899
174.9,-0.031986,80.054
406.55,-383.07,69.051
258.21,-154.21,46.014
406.91,-310.18,46.028
460.16,-358.05,30.625
374.33,-313.57,53.905
405.05,-299.91,73.047
320.32,-220.62,37.839
229.01,-56.123,85.2
311.44,-156.1,79.713
177.87,-23.098,39.277
244.34,-97.636,87.414
345.15,-248.05,77.393
264.41,-132.27,37.782
467.82,-367.21,51.378
330.45,-179.64,39.997
429.36,-309.01,56.088
151.54,27.424,38.365
221.66,-102.75,72.071
257.21,-108.1,37.213
323.97,-227.43,38.277
362.37,-287.02,36.702
351.38,-198.31,46.522
340.08,-254.77,70.723
186.82,14.744,69.689
292.44,-188.76,75.195
221.62,-30.758,75.29
393.32,-297.42,75.246
302.45,-192.16,80.155
201.75,-4.9448,73.132
270.29,-88.176,69.171
319.04,-171.39,37.537
410.2,-309.55,24.681
235.59,-75.068,38.373
383.6,-301.49,27.568
202.86,-50.222,87.746
115.4,23.338,59.832
157.47,46.442,74.133
292.26,-116.78,68.915
127.72,26.937,83.846
448.78,-337.94,53.13
268.26,-133.55,37.073
200.01,-1.3141,56.032
266.77,-143.86,82.738
314.61,-193.58,33.972
467.48,-377.46,22.88
330.9,-237.55,37.79
239.9,-66.597,83.901
271.75,-167.05,70.543
452.75,-365.4,64.913
402.63,-296.29,26.291
168.95,-4.8367,38.261
341.69,-238.62,32.295
371.81,-301.21,35.724
464.66,-372.78,59.616
335.99,-199.64,80.92
440.21,-407.08,28.944
359.24,-211.05,69.115
141.51,27.42,37.82
405.09,-300.63,73.129
365.69,-254.05,78.936
196.51,-57.589,42.884
397.2,-259.83,56.671
183.04,-38.798,84.62
414.89,-368.05,31.645
137.8,73.587,64.243
181.92,13.176,78.915
110.19,32.264,72.126
322.75,-175.98,37.417
346.52,-187.97,61.669
315.64,-199.57,82.328
263.56,-117.65,36.907
225.91,-94.194,42.396
254.17,-102.48,87.187
213.7,-78.513,42.505
273.56,-137.15,86.098
266.67,-145.25,82.125
224.2,-88.265,84.669
347.79,-273.38,61.332
138.23,18.584,40.121
426.11,-343.55,20.565
287.77,-110.85,54.407
208.64,-60.238,87.239
234.5,-43.995,71.501
355,-282,63.164
193.03,-69.776,60.959
177.87,-48.31,72.911
400.97,-337.66,28.066
182.28,18.817,72.221
215.69,-93.773,74.218
352.63,-270.2,36.275
457.09,-366.52,62.77
390.69,-252.16,44.831
279.17,-98.219,59.458
454.86,-377.09,17.715
127.33,13.725,50.897
347.22,-234.27,80.699
121.5,35.973,84.338
415.39,-288.81,58.807
133.57,16.915,82.603
378.74,-320.23,46.276
185.77,-7.6673,86.572
383.92,-297.87,26.879
204.13,-7.214,54.311
429.45,-308.23,54.523
428.56,-350.28,19.937
387.55,-255.56,36.825
110.29,67.409,86.826
240.08,-113.14,82.227
387,-319.68,66.852
359.89,-253.34,29.345
412.16,-297.78,29.693
106.6,45.203,44.107
163.04,22.297,85.454
444.66,-384.64,17.495
451.56,-349.22,28.318
127.56,14.784,49.415
170.98,-9.8136,87.893
159.79,-27.008,54.523
352.38,-202.47,70.675
170.23,0.57607,88.014
234.02,-109.86,44.963
202.92,-80.539,70.195
211.44,-60.577,87.692
251.76,-138.96,73.974
400.35,-302.52,24.708
245.86,-55.855,61.881
281.11,-117.94,82.122
417.26,-326.08,22.451
188.77,-53.32,45.736
129.56,69.831,42.974
328.28,-237.35,72.566
297.37,-128.95,46.782
208.93,-18.227,78.23
228.04,-112.66,68.326
186.14,10.45,76.944
399.04,-282.34,29.736
385.08,-328.11,55.798
259.07,-128.63,84.823
311.64,-208.26,38.451
427.91,-322.69,26.616
336.69,-229.53,32.5
133.47,4.2912,71.591
392.45,-256.11,62.961
272.37,-112.24,84.388
406.78,-344.55,66.42
100.67,45.763,49.216
437.28,-318.93,51.074
361.16,-284.5,36.359
437.7,-365.44,68.495
372.61,-224.24,58.383
317.93,-182.04,83.427
381.56,-283.53,76.585
148.07,57.556,73.763
233.97,-41.574,67.239
270.48,-162.17,47.157
442.76,-410.99,28.688
396.03,-300.9,74.894
364.52,-276,75.021
412.13,-367.65,36.227
431.69,-326.57,26.915
370.55,-307.4,56.303
270.9,-168.04,54.321
324.36,-202.99,32.997
348.87,-271.2,66.241
138.54,50.661,85.045
264.01,-159.05,54.917
135.38,15.724,42.485
371,-307.18,58.134
428.06,-383.86,26.823
410.78,-297.53,69.716
409.6,-366.4,46.243
322.43,-235.27,67.414
122.15,18.468,52.586
225.76,-35.362,74.706
423.67,-364.13,66.269
312.37,-224.16,51.212
369.27,-299.82,64.562
322.12,-157.74,69.576
167.25,-38.444,63.733
210.14,-41.698,39.004
280.59,-124.15,38.624
315.38,-150.43,72.089
398.01,-341.62,61.044
284.95,-175.62,42.186
315.79,-150.4,71.421
227.82,-104.17,46.608
354.79,-241.43,30.062
202.17,-24.751,40.676
389.73,-321.23,67.901
125.15,24.314,44.1
289.29,-177.27,79.839
281.19,-104.87,50.746
456.64,-381.65,17.041
465.78,-386.76,17.875
372.39,-302.97,65.408
205.04,-27.928,85.791
471.86,-380.1,56.694
361.25,-220.85,37.986
433.67,-400.54,48.493
172.36,32.877,59.314
424.06,-385.61,51.003
191.17,-67.26,59.78
315.03,-151.64,46.368
229.98,-100.8,82.292
192.74,-64.408,50.89
185,-15.894,38.451
262.07,-94.059,83.099
411.4,-295.69,68.598
395.72,-336.04,63.189
424.16,-308.5,63.638
272.81,-164.27,46.18
292.95,-184.88,40.861
465.36,-381.25,19.742
235.68,-48.374,75.472
441.12,-412.13,46.333
313.92,-150.84,45.806
197.75,-74.926,68.259
293.62,-120.8,72.25
341.99,-257.18,38.814
376.63,-256.55,30.258
275.33,-127.83,86.234
403.51,-333.9,69.378
312.37,-208.48,38.065
223.39,-28.453,59.614
186.47,16.477,61.734
385.15,-321.3,34.163
119.53,36.947,83.808
134.4,33.065,87.225
197.54,-10.571,44.161
155.59,22.894,38.475
197.04,-74.753,61.105
277.38,-138.04,86.22
342.47,-211.08,33.243
309.66,-210.85,41.336
432.92,-320.51,31.861
132.92,78.31,67.867
218.23,-32.294,80.274
118.95,30.224,80.136
298.9,-206.37,54.305
226.39,-37.293,50.419
209.12,-54.728,38.374
353.89,-199.32,50.22
162.56,40.415,51.134
338.37,-240.97,77.199
223.14,-37.818,79.892
246.43,-59.594,53.343
403.36,-298.86,25.805
374.7,-228.57,48.029
274.08,-92.538,56.546
421.16,-380.85,34.423
406.27,-327.95,23.362
428.88,-317.12,63.887
384.38,-241.84,59.621
333.26,-192.55,35.752
217.84,-50.146,87.259
308.52,-167.28,83.901
225.95,-34.841,52.702
431.17,-382.69,61.826
138.18,46.747,86.201
279.91,-143.91,36.138
263.35,-79.021,56.496
372.8,-225.29,49.578
430.72,-336.72,22.501
301.32,-130.45,50.593
423.28,-297.79,45.535
221.9,-103.02,72.125
448.31,-375.25,67.195
438.49,-326.2,33.399
174.13,-37.902,47.465
283.69,-122.13,82.333
325.33,-240.24,65.91
390.78,-259.62,68.348
437,-383.63,20.176
198.21,-41.868,88.057
442.94,-385.51,18.074
384.77,-277.91,27.108
125.65,78.634,45.565
187.8,-39.735,40.364
413.26,-317.4,72.381
215.01,-18.857,57.509
440.07,-372.47,18.017
132.8,70.664,78.035
347.44,-274.03,48.445
416.78,-343.13,70.368
134.41,12.875,80.974
327.51,-162,55.846
243.24,-115.17,83.031
105.84,64.779,37.374
263.83,-99.651,40.236
105.59,47.026,43.668
242.07,-51.271,60.688
145.48,-11.653,58.365
476.93,-386.29,55.058
276.96,-122.72,85.242
445.22,-396.13,18.98
246.21,-132.81,73.012
93.776,58.961,79.071
393.98,-257.09,44.147
221.48,-67.653,38.093
309.03,-141.57,72.022
228.57,-41.905,48.54
238.03,-85.505,87.737
325.58,-239.2,67.68
359.92,-252.27,79.287
294.1,-131.88,80.151
431.49,-385.32,24.348
93.783,58.794,44.622
297.38,-171.24,84.373
286.84,-109.64,68.959
458.48,-352.43,51.636
128.09,21.401,81.472
463,-356.82,40.406
208.99,-41.764,87.709
387.96,-287.02,76.093
119.59,67.086,37.912
414.65,-287.19,41.518
175.65,-18.444,38.924
118.88,28.249,78.714
111.39,43.495,42.058
325.54,-229.45,75.443
305.26,-144.07,78.195
243.89,-121.19,43.867
263.41,-159.27,58.447
442.36,-413.69,33.213
328.85,-245.25,46.326
385.68,-285.23,26.298
179.66,3.1577,85.506
427.78,-305.74,54.737
124.51,14.177,55.28
319.5,-195.83,33.412
399.87,-338.95,29.54
285.6,-113,75.383
196.18,-58.693,82.868
130.01,76.608,75.537
286.69,-148,35.777
278.86,-156.25,38.138
365.11,-285.21,33.258
224.13,-89.564,84.151
330.77,-192.57,81.4
229.8,-35.986,61.631
474.87,-374.35,40.169
268.14,-111.02,38.377
363.42,-211.3,59.372
232.73,-51.098,45.467
351.52,-194.87,53.628
413.87,-372.43,47.656
392.32,-287.69,75.432
286.53,-155.25,35.9
260.26,-142.6,43.322
320.03,-167.7,39.641
338.48,-236.74,33.138
218.46,-101.65,62.774
67.499,-64.208,146.26
313.77,-361.37,82.304
326.5,-345.33,102.7
176.31,-194.35,147.07
256.57,-321.98,131.95
93.081,-120.43,111.16
76.898,-94.932,106.31
319.92,-341.48,120.72
314.9,-330.53,115.32
218.07,-282.54,108.62
350.24,-378.87,112.28
231.53,-274.17,141.41
289.91,-317.13,133.58
277.86,-361.31,116.84
200.27,-261.15,125.23
170.23,-165.57,145.35
56.51,-23.984,98.016
140.76,-174.95,105.83
152.74,-152.32,98.701
368.17,-439.72,70.813
35.992,2.7739,97.071
91.333,-67.002,99.752
174.78,-207.06,144.24
103.19,-58.219,126.21
80.998,-44.437,141.27
41.52,4.928,100.66
272.74,-325.57,136.56
147.51,-193.18,129.24
233.69,-300.48,103.9
132.35,-174.41,117.9
27.458,-27.591,100.84
252,-247.46,117.31
234.61,-301.87,127.71
318.1,-393.57,126.09
321.2,-419.44,96.254
221.08,-250.14,144.12
12.75,-20.22,131.4
150.49,-122.1,134.94
132.2,-145.52,99.245
93.638,-47.407,115.34
137.46,-149.33,147.79
226.77,-292.43,105.78
24.726,-3.0755,94.871
105.45,-128.95,141.29
337.71,-375.86,83.93
298.95,-338.05,133.83
109.71,-111.59,148.09
118.49,-80.527,133.26
273.4,-299.35,136.91
289.34,-361.3,88.253
303.36,-321.8,125.24
385.92,-424.59,103.18
380.02,-415.55,101.12
78.167,-71.846,97.796
359.99,-420.79,122.65
33.549,-8.9791,145.09
102.81,-98.968,98.217
341.44,-433.62,116.79
132.9,-104.74,107.26
303.22,-342.88,85.254
266.57,-315.04,88.79
53.645,-49.066,145.23
114.59,-91.283,144.48
301.17,-363.92,131.62
89.413,-40.988,125.98
155.2,-202.56,114.83
367.77,-471.62,109.28
324.19,-413.88,84.922
177.18,-221.55,104.3
49.867,-33.535,146.13
152.42,-160.11,148.07
343.4,-422.98,75.84
254.86,-319.02,132.63
117.79,-110.35,98.641
276.4,-281.47,123.48
259.24,-300.05,139.77
364.09,-474.26,101.55
190.29,-246.61,129.41
96.456,-111.52,102.33
125.34,-86.371,127.76
111.51,-114.86,98.666
328.92,-348.45,102.45
136.8,-100.4,120.75
362.63,-461.81,112.47
52.793,-12.214,100
353.85,-384.81,90.955
164.28,-155.47,101.28
168.92,-156.88,142.85
337.64,-439.39,106.73
229.26,-227.06,104.17
82.342,-75.294,97.787
13.533,-3.6917,141.78
70.237,-84.772,140.44
186.32,-242.38,128.15
274.39,-281.32,103.41
264.58,-264.36,121.03
219.61,-256.41,94.62
183.68,-193.34,97.402
121.37,-80.902,125.69
330.79,-364.49,124.42
387.61,-434.36,79.116
88.697,-48.336,137.82
220.17,-279.49,102.44
392.66,-447.5,113.06
159.84,-156.57,99.413
46.193,-66.491,122.49
302.16,-359.91,83.022
210.41,-204.58,104.25
359.28,-399.22,117.63
143.57,-115.45,137.19
175.24,-230.07,120.36
213.57,-277.91,111.23
296.83,-332.06,133.76
84.984,-36.033,127.7
292.53,-379.9,115.5
321.09,-396.63,80.679
49.319,5.3182,131.42
324.29,-394.96,127.17
93.862,-75.824,98.694
53.714,3.7842,123.78
236.5,-308.75,111.55
320.67,-397.3,125.46
13.475,-18.137,134.42
361.55,-405.67,80.237
96.828,-62.683,140.98
155.64,-204.85,120.17
169,-167.68,99.276
66.93,-87.938,111.07
251.31,-317.64,130.99
288.44,-373.45,117.9
13.482,-22.847,129.12
301.55,-327.41,130.06
266.33,-347.97,108.71
215.46,-201.36,126.62
359.91,-454.18,115.4
218.73,-280.69,105.23
373.53,-465.61,70.454
223.51,-272.71,139.33
217.48,-259.92,95.841
158.59,-151.72,100.28
213.77,-227.95,144.36
174.62,-201.46,98.282
188.75,-242.7,132.16
52.331,2.1661,109.68
46.721,-54.9,103.7
264.54,-266.96,126.34
73.564,-71.585,98.437
167.09,-144.31,110.29
345.9,-387.66,122.82
173.08,-159.01,104.62
393.92,-449.96,113.12
255.14,-280.57,92.21
100.85,-129.62,110.55
226.31,-271.22,140.91
206.32,-188.84,119.23
377.28,-418.31,83.373
322.02,-345.79,93.652
371.83,-448.24,119.81
247.2,-249.15,133.01
335.35,-357.94,98.602
199.44,-239.35,142.43
20.546,-13.297,97.96
380.24,-417.72,88.675
218.5,-285.85,117.89
32.316,-24.46,143.63
94.304,-126.06,128.84
226.5,-217.57,129.73
48.329,10.814,121.73
106.08,-110.05,98.855
318.84,-400.99,83.172
165.49,-140.01,133.3
330.43,-423.86,115.34
132.25,-134.53,98.376
251.96,-259.24,135.12
129.18,-165.71,135.83
168.21,-215.41,134.54
334.29,-361.91,119.5
287.06,-312.4,133.72
162.44,-136.05,133.23
63.51,-84.222,133.47
134.32,-134.22,98.448
165.93,-161.7,99.907
93.238,-52.845,107.85
172.84,-178.39,98.032
66.464,-34.941,144.22
390.97,-442.07,75.994
247.66,-310.49,96.249
330.17,-350.34,112.06
239.78,-312.05,108.38
207.52,-218.21,144.57
176.6,-231.77,119.79
99.906,-101.21,147.76
364.65,-398.25,89.963
180,-187.34,146.74
176.33,-218.13,103.01
53.462,-48.995,98.14
68.84,-60.24,146.94
86.389,-67.479,98.299
377.29,-414.24,88.544
389.33,-441.76,75.125
171.7,-217.58,106.79
213.09,-269.18,102.36
253.05,-296.47,90.606
278.61,-318.82,87.548
52.369,-66.335,107.15
358.39,-389.8,91.489
185.41,-188.88,98.554
338.57,-376.51,123.68
205.66,-190.91,112.07
176.84,-231.97,118.79
114.76,-121.85,147.71
186.22,-180.18,101.84
28.435,-43.874,124.47
172.84,-222.9,110.52
157.66,-183.57,99.837
191.88,-203.96,146.26
24.194,-23.555,100.67
272.28,-289.62,95.001
154.23,-185.71,102.11
83.148,-46.67,141.12
123.73,-161.89,131.84
303.51,-396.93,103.86
63.334,-62.629,145.39
133.29,-97.993,131.57
354.08,-441.54,118.87
289.55,-309.07,130.73
271.35,-279.91,129.77
114.48,-113.55,98.37
200.77,-248.76,138.81
298.2,-388.66,99.36
208.79,-261.81,136.43
177.91,-197.46,97.204
157.17,-127.05,117.63
385.93,-422.86,96.755
289.57,-353.44,86.08
191.36,-190.35,100.12
126.89,-100.36,105.12
329.18,-352.38,95.551
48.605,-63.324,135.26
166.03,-184.73,147.16
226.1,-216.21,128.42
336.68,-377.28,125.13
220.93,-259.24,94.624
81.983,-59.055,98.584
336.52,-369.2,87.356
382.38,-419.19,102.3
91.761,-122.88,128.71
322.92,-380.4,79.561
371.99,-405.81,92.426
92.583,-121.02,112.63
225.98,-213.92,119.34
28.796,-18.942,143.66
125.75,-115.21,147.37
358.49,-388.5,108.69
67.712,-50.93,146.9
324.1,-363.01,128.08
182.79,-159.01,119.06
302.52,-321.39,125.9
191.3,-211.5,96.405
205.93,-215.77,97.216
252.67,-319.47,130.76
324.51,-415.64,116.86
178.64,-177.51,145.37
163.07,-213.9,126.22
239.37,-267.27,92.731
145.85,-113.27,130.45
163.22,-209.6,109.92
273.89,-312.13,88.319
62.576,-70.596,102.13
332.12,-433.78,93.998
325.08,-351.74,122.61
333.48,-434.39,91.122
286.25,-358.51,128.63
44.596,4.0376,137.56
63.741,-68.75,100.76
162.9,-203.26,139.33
394.66,-441.15,80.049
133.77,-96.945,127.62
9.1801,-19.999,117.55
330.72,-431.76,104.89
151.9,-193.07,108.4
278.45,-315.36,137.34
94.177,-121.09,136.23
151.34,-135.08,143.45
0.15659,-8.8817,118.6
331.22,-360.13,121.7
361.42,-396.53,87.391
357.34,-467.36,90.168
37.411,-2.8414,143.75
260.48,-306.84,89.639
99.739,-89.944,147.95
353.04,-459.07,85.569
298.12,-359.55,132.24
134.45,-158.56,101.87
303.36,-332.99,130.92
362.23,-473.4,98.419
33.168,16.09,100.5
211.3,-254.47,141.49
312.5,-368.47,81.336
46.461,-47.623,142.82
208.5,-251.61,97.506
279.54,-347.06,89.425
155.97,-136.6,141.13
320.52,-388.58,128.26
149.13,-194.73,130.26
114.57,-125.98,146.92
244.24,-284.02,141.25
359.53,-417.76,122.58
67.491,-32.16,142.81
88.355,-42.326,112.44
286.01,-363.2,125.43
9.6687,-3.6519,139.9
44.415,-64.245,120.95
312.2,-406.16,94.934
356.76,-430.51,72.661
39.351,-5.6677,96.389
216.47,-281.21,125.57
222.3,-253.07,93.994
199.78,-211.5,96.867
228.82,-242.5,142.26
128.08,-92.001,114.07
336.24,-408.14,125.52
60.135,-13.908,137.45
210.38,-238.99,144.81
249.5,-259.93,97.839
13.97,-21.671,131.56
246.4,-299.85,137.68
41.147,-59.277,126.94
370.56,-431.11,72.671
32.32,-42.14,106.98
277.91,-345.9,90.023
2.2662,-10.647,114.21
218.1,-204.52,125.82
119.53,-158.76,125.98
261.47,-292.95,139.69
305.92,-348.07,132.73
278.94,-357.68,123.42
36.071,20.606,106.51
28.719,-11.852,95.552
373.43,-428.37,118.67
323.39,-388.96,79.132
175.37,-227.27,130.72
2.9418,-8.1703,130.54
340.01,-363.32,99.558
151.14,-118.66,120.19
88.682,-79.782,147.81
90.445,-104.68,102.54
299.17,-310.37,118.8
173.72,-225.79,129.76
276.53,-247.57,122.82
289.22,-273.43,104.09
244.87,-207.59,130.53
162.28,-172.12,111.43
81.925,-15.584,146.17
361.62,-424.37,123.15
176.43,-148.9,152.15
329.92,-383.71,89.083
311.23,-322.01,139.36
259.25,-275.17,96.955
359.88,-363.78,122.76
185.11,-130.44,125.46
214.43,-248.83,126.58
226.83,-193.53,142.64
90.263,-88.002,118.85
303.61,-333.96,90.615
121.33,-54.395,139.8
369.88,-387.79,84.933
214.51,-167.92,124.55
74.483,-60.905,143.9
54.072,-24.822,104.31
374.14,-452.67,111.61
88.376,-10.209,134.27
132.43,-142.68,121.81
245.97,-289.19,125.49
107.77,-33.926,120.73
276.61,-327.84,109.47
61.208,-47.991,140.3
55.684,-34.401,144.81
208.7,-180.08,148.44
72.291,-6.1548,105.1
278.76,-313.23,139.14
164.82,-105.88,121.82
133.62,-117.99,104.74
179.17,-195.03,111.72
216.28,-195.89,149.67
362.76,-386.75,129.63
178.25,-121.6,126.36
148.41,-111.82,152.28
150.79,-92.829,141.71
116.4,-56.576,146.4
271.86,-310.42,136.82
415.7,-435.5,110.31
345.46,-374.75,133.53
344.91,-374.79,133.61
180.93,-135.26,111.44
135.97,-114.8,103.79
199,-152.09,116.63
50.953,-35.804,139.13
200.98,-150.76,130.99
44.114,19.17,148.41
37.271,-10.996,106.74
387.99,-424.34,125.14
43.697,-29.813,134.81
309.44,-313.75,93.527
158.92,-130.97,103.67
267.67,-236.11,122.18
29.288,7.8268,146.94
329.33,-372.71,133.24
186.68,-173.97,102.49
34.819,7.2862,148.66
112.82,-118.72,132.54
114.46,-98.061,105.67
47.965,27.777,143.69
54.711,25.87,109.62
294.02,-340.47,97.272
205.88,-219.32,104.84
293.32,-337.74,133.98
173.39,-151.53,152.9
59.495,19.807,140.03
250.14,-230.17,144.27
349.7,-346.39,101.09
258.87,-263.32,97.06
349.1,-422.12,94.76
91.239,-63.072,151.64
270.18,-248.23,137.98
348.63,-347.4,123.51
292.64,-285.7,139.46
50.873,-38.023,116.44
64.123,11.895,108.59
98.381,-39.762,148.56
62.759,-9.7883,101.23
55.487,-17.746,101.88
244.83,-285.68,112.55
134.93,-123.35,105.62
46.45,-34.554,120.02
225.6,-195.9,145.01
190.8,-217.58,120.78
48.386,18.4,147.44
340.33,-342.51,94.344
87.823,-8.6741,120.37
88.287,-76.075,109.87
367.21,-425.51,124.88
155.07,-168.15,139.75
135.12,-116.81,104.19
37.194,16.922,149.46
46.502,18.21,101.29
179.41,-134.34,145.58
266.15,-282.54,95.987
334.73,-387.77,128.98
286.38,-336.3,102.53
391.94,-434.23,124.52
239.17,-233,99.675
368.11,-449.34,104.67
127.19,-106.18,104.07
335.7,-338.82,93.591
215.21,-228.08,103.11
379.06,-455.97,83.407
408.62,-421.17,103.34
200.07,-206.6,103.63
37.425,16.543,99.547
404.78,-420.11,88.824
168.5,-189.59,123.77
264.89,-282.17,96.225
63.791,-57.536,126.82
138.74,-88.532,107.95
277.99,-308.02,95.696
25.618,2.4354,142.61
204.21,-227.44,110.43
195.01,-221.92,118.19
267.56,-272.35,146.03
48.047,-26.743,108.8
94.465,-75.637,149.66
90.112,-59.387,103.21
184.38,-193.48,147.38
396.98,-424.96,121.5
334.59,-323.94,109.3
212.23,-167.24,135.77
297.83,-357.15,109.98
400.43,-441.34,122.77
355.43,-363.72,90.619
275.68,-323.41,105.27
249.16,-293.9,119.46
350.36,-404.77,83.382
77.454,-68.649,140.74
192.3,-204.01,106.54
313.87,-374.67,121.48
43.445,-20.562,108.26
252.81,-296.23,128.94
264.11,-248.44,102.34
116.57,-116.46,113.87
123.07,-83.636,103.8
294.57,-271.61,115.54
32.091,7.1043,101.54
295.15,-283.33,136.53
367.78,-449.48,102.14
29.545,-3.0679,107.35
411.52,-431.87,112.75
179.69,-201.11,117.21
367.93,-449.02,95.146
277.7,-329.53,109.81
38.17,-23.487,133.46
208.53,-195.6,101.72
47.183,-26.028,109.01
212.59,-167.49,118.99
110.28,-110.84,116.07
358.86,-381.91,83.55
304.5,-295.88,135.38
379.74,-465.2,100.1
80.771,-17.812,147.78
53.869,34.077,129.6
290.48,-265.76,122.2
339.45,-384.31,131.87
384.95,-390.37,99.327
243.12,-267.92,101.66
56.937,-31.623,146.92
139.06,-135.87,108.18
42.513,-13.905,105.14
53.135,-14.467,101.68
74.886,-21.088,102.3
226.16,-185.02,134.92
103.03,-26.999,130.84
69.374,-37.968,150.28
259.66,-299.04,104.56
122.39,-89.273,103.34
81.978,-47.138,151.8
186.37,-135.91,117.12
270.24,-293.5,143.42
203.25,-178.89,103.85
159.96,-99.275,133.96
380.98,-429.58,76
91.097,-11.688,124.82
340.13,-411.06,97.71
162.8,-177.96,139.56
176.75,-132.09,110.14
95.332,-17.569,131.3
250.94,-265.25,146.57
44.526,-32.176,132.25
324.76,-375.46,130.45
129.14,-112.56,104.78
239.04,-207.39,140.45
148.54,-124.84,153.42
259.42,-259.84,146.94
386.1,-420.14,77.525
241.04,-204.06,133.77
143.65,-79.581,135.97
161.93,-141.75,103.25
297.1,-293.22,97.222
352.62,-420.61,88.219
247.69,-210.32,124.05
59.686,10.584,104.74
391.8,-398.83,100.21
354.88,-351.75,102.67
150.79,-137.35,104.19
347.63,-403.16,84.414
163.34,-154.89,151.98
372.37,-414.26,128.06
251.57,-237.99,101.22
176.04,-121.23,137.08
17.96,0.69946,119.32
236.63,-275.81,114.83
219.54,-183.1,142.32
327.01,-314.08,110.33
364.65,-432.08,83.427
106.08,-93.378,148.78
99.486,-101.01,134.83
182.18,-129.15,137.16
254.47,-292.26,135.9
389.29,-453.71,120.93
305.84,-343.23,136.99
218.23,-204.98,150.53
277.9,-291.66,144.46
381.44,-427.32,126.17
405.49,-431.32,118.17
289.54,-265.19,125.28
225.59,-206.67,102.74
110.37,-39.43,137.92
170.93,-129.28,107.87
159.46,-176.93,134.72
24.162,12.716,102.46
225.38,-199.86,146.87
290.97,-286.45,140.66
275.24,-323.3,105.83
140.94,-134.46,106.67
263.72,-258.63,145.79
230.9,-202.3,107.1
79.778,-30.06,151.31
144.17,-97.437,107.17
182.33,-127.34,132.8
148.18,-126.86,153.34
291.58,-348.48,119.52
185.05,-211.03,124.24
344.05,-344,96.374
399.73,-425.61,120.01
63.671,-27.523,102.23
336.74,-326.18,114.94
309.59,-315.65,92.907
223.12,-192.72,145.18
276.41,-279.4,144.72
148.54,-125.86,153.4
200.81,-198.4,151.2
67.677,-50.04,145.06
304.04,-344.86,92.235
32.177,-17.779,127.76
83.819,-82.642,126.57
29.861,-13.655,131.81
46.924,-23.653,107.66
326.33,-321.98,98.418
299.85,-354.56,126.09
414,-429.84,106.25
397.83,-418.27,118.27
398.98,-424.92,79.874
224.12,-180.48,122.82
299.38,-284.48,104.6
29.369,-2.9775,107.42
229.57,-251.77,103.59
138.12,-138.83,146.48
222.8,-210.25,150.15
108.58,-63.139,151.98
368.47,-379.93,124.19
222.19,-247.74,141.51
276.77,-329.91,116.01
210.17,-236.03,110.71
327.02,-395.72,105.6
200.37,-186.92,151.88
125.27,-68.361,109.23
394.91,-403.53,107.42
384.31,-388.71,104.13
85.9,-5.3576,129.16
236.91,-268.9,138.45
316.32,-375.36,124.05
153.02,-148.36,150.48
375.09,-450.38,114.95
138.73,-79.491,143.31
340.55,-413.1,101.05
385.61,-398.5,88.627
358.98,-357.68,100.86
255.9,-264.01,147.13
228.69,-214.65,101.47
385.67,-454.05,119.48
277.64,-249.18,119.61
42.09,-24.532,138.82
268.56,-317.53,111.07
279.59,-257.29,134.29
390.16,-452.44,74.744
122.95,-124.34,113.73
261.36,-302.78,133.58
178.48,-193.33,143.25
147.85,-136.01,104.65
218.72,-187.81,107.27
277.87,-257.52,106.49
219.94,-189,145.55
173.78,-124.23,143.59
306.38,-294.84,102.48
350.99,-398.64,129.9
319.92,-331.71,90.405
85.264,-53.056,151.76
129.7,-100.98,103.42
180.59,-205.13,130.18
102.92,-28.844,118.59
71,8.128,113
373.68,-437.61,79.342
377.9,-396.69,124.23
67.367,9.4361,140.95
368.64,-369.42,101.05
230.72,-263.45,109.58
90.852,-21.322,143.3
64.115,-57.924,126.33
291.81,-281.41,138.24
400.29,-411.71,108.78
187.36,-214.17,126.56
193.67,-143.75,119.02
220.06,-235.1,146.78
40.965,27.193,101.41
325.54,-354.23,136.83
200.51,-177.66,103.42
294.3,-296.35,95.026
265.86,-236.17,131.69
255.69,-298.5,130.83
31.853,-16.693,120.26
359.31,-435.71,110.94
318.62,-372.02,128.86
262.14,-232.09,133.19
231.8,-193.92,136.93
301.43,-356.8,100.75
186.74,-211.19,134.68
265.39,-290.82,142.97
21.333,4.0732,109.15
286.35,-335.42,101.82
342.71,-413.98,96.44
168.21,-112.28,138.66
200.15,-157.3,112.73
60.41,-40.677,108.46
299.47,-292.42,98.872
289.93,-340.9,128.47
108.85,-53.629,149.25
351.02,-427.52,103.92
212.9,-191.24,103.32
355.72,-352.13,115.65
413.89,-396.43,111.45
324.19,-354.19,103.94
339.36,-353.16,139.52
276.83,-256.38,101.7
158.14,-113.59,157.94
241.46,-212.94,155.15
134.44,-58.994,110.27
174.29,-154.21,150.72
280.7,-300.05,133.5
220.18,-168.81,108.92
410.81,-413.89,127.53
280.28,-221.18,124.85
369.68,-357.87,135.11
107.32,-9.2846,116.56
163.21,-149.98,125.51
211.88,-145.65,114.54
280.42,-263.22,101.14
320.04,-321.74,95.379
296.74,-243.4,132.9
280.44,-302.9,123.15
122.83,-37.608,153.22
230.79,-238.5,129.06
154.31,-85.661,156.79
327.95,-350.27,136.31
237.18,-244.82,136.53
135.82,-58.784,155.48
204.81,-141.72,153.58
270.95,-211.25,120.53
369.33,-343.59,101.2
189.49,-113.28,117.78
344.3,-334.02,93.263
133.89,-105.91,149.1
65.908,-16.864,113.2
92.283,-6.7657,154.55
226.6,-170.46,152.97
63.864,-24.58,139.23
390.7,-385.51,131.02
223.96,-170.18,109.8
142.66,-48.539,142.95
200.49,-197.32,139.91
271.2,-229.51,106.69
426.05,-411.99,101.43
287.61,-273.11,100.2
169.16,-124,158.22
213.29,-214.29,123.78
390.86,-415.66,131.05
360.7,-331.19,103.93
125.5,-40.832,112.31
299.73,-273.3,100.99
330.04,-335.47,93.698
404.48,-421.81,130.03
266.22,-256.18,150.98
402.62,-437.9,80.505
293.25,-264.88,149.06
99.015,-7.8039,111.09
339.42,-353.86,139.32
298.09,-308.72,142.61
152.02,-94.187,108.59
336.94,-309.22,139.08
117.38,-91.763,141.32
375.67,-400.2,85.47
77.769,24.335,147.96
114.11,-42.041,157.19
54.3,-12.904,123.57
274.64,-215.86,120.47
283.84,-239.32,146.2
248.09,-254.09,141.86
218.42,-155.04,113.67
181.08,-131.06,108.34
183.3,-159.78,153.55
169.01,-115.27,108.56
203.91,-193.39,148.58
200.86,-198.33,138.83
157.52,-142.05,142.24
293.68,-317.14,112.38
95.93,-16.341,107.67
388.44,-374.96,92.43
229.55,-158.78,141.97
140.09,-115.56,147.61
168.58,-97.86,155.06
299.78,-326.63,113.96
141.07,-111.95,115.81
119.87,-95.172,125.94
362.53,-369.35,87.895
117.25,-34.318,154.5
156.11,-141.88,127.75
310.24,-305.01,96.892
395.77,-416.38,131.14
336.62,-296.76,129.8
218.35,-148.17,146.58
417.84,-408.02,91.273
81.618,-23.62,108.5
279.41,-289.06,142.59
57.39,-15.756,140.1
354.32,-338.77,138.26
70.503,-33.96,137.21
332.51,-357.82,97.651
115.59,-64.52,156.65
344.56,-330.49,94.344
147.65,-53.758,141.34
370.47,-356.55,134.26
391.53,-381.15,90.488
338.35,-296.32,120.73
43.375,13.32,148.95
174.85,-165.76,138.4
329.06,-366.44,117.79
318.28,-287.86,101.98
367.27,-335.08,110.74
64.176,10.345,105.48
93.716,-33.911,156.36
409.99,-413.52,82.954
406.82,-386.39,108.9
82.459,-22.102,107.91
102.49,-65.122,149.37
111.62,-66.256,111.29
285.73,-256.81,150.24
100.75,-55.611,153.24
188.28,-147.37,108.11
145.92,-126.63,123.55
142.29,-116.4,149.23
191.63,-187.51,127.61
360.18,-335.95,99.08
184.38,-106.32,148.65
210.46,-175.29,157.02
378.16,-358.67,96.422
143.52,-90.439,108.6
81.911,30.315,126.01
267.66,-286.27,125.61
243.45,-173.49,133.71
140.7,-73.795,157.67
171.57,-158.34,121.88
118.99,-44.283,156.71
354.48,-319.38,110.36
333.88,-369.54,104.98
191.32,-183.29,143.73
267.86,-244.26,102.75
384.8,-358.56,106.32
294.44,-264.47,102.27
77.294,-41.12,123.67
329.3,-307.7,143
201.26,-169.87,156.65
348.69,-391.43,117.45
56.456,9.5984,106.64
380,-365.94,131.28
318.93,-319.15,95.522
376.17,-415.19,126.21
311.46,-274.36,142.28
247.73,-238.84,150.87
315.82,-336.65,136.98
83.316,4.6937,154
170.05,-93.912,152.49
223.6,-200.49,107.18
405.32,-441.68,80.023
330.8,-353.64,136.01
301.29,-327.03,130.23
370.94,-401.29,87.753
388.27,-362.69,106.9
319.12,-349.04,106.35
220.91,-208.7,110.53
280.99,-238.93,107.08
291.89,-317.23,117.56
70.125,-4.813,155.09
213.81,-199.88,111.12
92.578,-19.514,106.9
318.55,-349.61,108.07
390.97,-414.37,82.068
345.71,-350.4,140.81
363.55,-403.77,94.653
265.07,-281.61,119.55
75.85,-19.306,109.09
158.61,-90.148,156.57
365.17,-411.35,117.98
263.59,-263.85,106.53
313.06,-345.21,115.07
255.91,-211.8,152.09
114.46,-81.234,117.52
164.05,-79.915,118.83
232.77,-163.79,120.95
248.14,-205.28,153.55
343.63,-385.55,110.09
239.85,-212.62,105.26
248.82,-205.04,153.26
181.58,-142.04,108.53
312.35,-276.64,104.74
154.68,-64.127,122.89
331.01,-368.62,119.34
82.142,-11.028,106.44
224.58,-229.46,135.63
225.18,-151.06,138.26
420.17,-412.14,89.825
428.07,-418.28,93.01
315.61,-348.81,116.02
134.51,-85.108,157.63
412.86,-428.24,128.48
311.78,-261.83,122.3
386.43,-438.8,94.813
113.92,-15.185,145.26
375.43,-424.96,97.881
139.83,-108.96,114.98
261.05,-196.23,133.19
164.93,-153.26,138.31
145.4,-103.07,110.1
140.24,-53.011,116.1
191.28,-151.51,157.76
346.62,-348.37,141
340.01,-381.02,112.81
361.34,-359.7,138.48
226.31,-202.32,106.76
248.3,-221.55,104.56
426.21,-413.94,96.438
168.01,-103.56,156.94
395.06,-449.45,92.26
260.3,-195.14,132.52
141.91,-120.11,121.71
226.47,-175.59,154.6
298.54,-292.8,98.7
332.45,-293.25,109.81
204.42,-185.18,153.3
343.31,-382.48,122.33
268.71,-244.41,102.73
163.57,-77.626,146.59
126.4,-32.86,147.64
344.26,-354.85,91.165
55.87,-14.409,139.09
67.243,-21.172,147.63
147.52,-51.993,128.91
111.18,-13.967,116.86
144.92,-117.05,115.94
207.22,-194.73,150.24
297.15,-248.69,113.13
264.96,-247.5,102.93
386.2,-359.27,113.74
71.278,27.831,150.17
149.03,-88.588,158.28
57.921,-19.018,133.3
248.71,-247.15,109.25
171.7,-82.446,137.51
164.8,-91.406,112.62
297.1,-246.09,136.59
108.94,-3.8639,137.08
274.3,-292.67,132.78
153.98,-94.092,158.25
189.58,-106.44,140.9
361.83,-333.43,102.9
318.95,-274.5,133.66
214.91,-141.21,144.06
380.91,-413.75,85.626
368.48,-359.34,90.841
366.12,-368.25,137.6
322.67,-292.37,142.1
286.14,-231.63,117.84
146.94,-107.54,156.29
237.96,-224.4,152.41
169.91,-81.052,140.02
375.72,-427.46,110.92
69.621,-8.7859,154.23
235.44,-180.72,110.79
204.4,-127.52,144.04
316.21,-271.89,135.21
390.71,-370.08,98.966
245.04,-176.86,138.02
368.72,-342.73,128.46
163.42,-150.27,125.57
386.89,-424.96,126.63
390.75,-365.76,115.43
128.57,-75.221,108.73
212.99,-179.51,156.8
268.82,-285.91,117.87
325.49,-312.81,144.88
401.97,-412.69,81.557
128.91,-97.83,150.35
408.31,-414.33,82.185
343.16,-312.51,102.94
76.368,37.809,129.56
144.05,-75.832,109.43
348.46,-369.87,136.14
156.5,-66.996,144.6
404.57,-402.07,85.915
66.773,16.887,154.84
300,-312.62,102.08
355.09,-392.96,126.07
72.458,-37.106,134.76
267.94,-210.97,142.58
177.34,-168.32,139.79
64.989,30.916,107.78
215.16,-139.98,123.57
63.359,12.304,105.37
181.28,-101.2,147.67
95.888,-51.966,113.19
418.65,-433.87,127.3
205.81,-180.34,155.41
410.87,-424.64,79.776
186.75,-180.83,126.54
34.049,10.763,131.33
340.28,-301.4,128.96
176.82,-104.63,113.44
241.85,-196.38,153.86
174.98,-86.184,135.32
167.51,-142.49,152.65
268.02,-285.69,119.76
292.8,-306.5,140.69
223.98,-188.85,156.46
395.31,-415.17,81.308
51.592,24.144,104.87
228.59,-226.78,145.59
221.22,-163.28,153.14
401.21,-399.35,128.95
65.943,-28.736,135.38
411.22,-399.51,120.87
138.3,-98.964,155.54
321.89,-340.45,138.43
76.236,31.065,116.02
362.32,-330.41,125.28
132.25,-54.334,110.74
58.783,-20.249,131.38
69.493,8.9871,105.64
263.06,-279.86,129.59
235.74,-200.6,155.69
198.42,-158.5,107.7
211.52,-201.39,113.44
402.95,-445.87,82.209
282.29,-283.23,102.62
345.09,-318.97,99.847
109.82,-53.468,157.09
368.69,-354.16,134.59
76.933,-24.573,110.62
275.9,-231.96,107.82
360.97,-370.97,87.958
217.24,-168.7,156.09
131.51,-110.86,138.62
65.054,23.637,153.9
241.83,-185.17,112.28
234.76,-192.62,106.85
323.96,-319.08,94.846
157.85,-143.02,141.29
260.8,-249.27,151.56
168.78,-86.092,148.34
423.26,-416.89,119.63
220.93,-150.15,119.76
301.81,-261.81,143.6
181.02,-93.876,131.37
292.9,-243.07,139.79
367.09,-410.35,95.47
326.03,-341.35,139.85
242.36,-191.79,109.4
214.85,-179.86,106.94
270.36,-208.84,124.12
296.38,-271.52,100.77
165.09,-144.92,117.22
-10.217,-124.49,120.28
262.77,-401.22,76.119
261.66,-396.23,104.56
95.49,-257.12,123.5
184.65,-377.6,101.17
35.162,-165.15,83.742
21.228,-137.97,82.099
246.49,-398.98,116.6
243.83,-386.24,114.33
159.62,-327.64,79.733
280.46,-433.55,110.41
153.61,-334.6,114.97
211.83,-378.05,121.12
214.49,-410.18,84.548
133.8,-312.42,92.066
88.274,-229.47,130.65
0.88197,-67.51,93.901
84.119,-218.75,81.801
95.72,-196.85,91.426
323,-474.95,63.296
-18.873,-40.168,93.575
34.099,-111.78,95.515
96.899,-267.4,115.48
29.9,-115.68,125.26
1.8757,-106.23,131.17
-16.188,-40.317,99.968
196.49,-384.73,111.39
79.82,-245.41,95.836
177.18,-344.1,76.782
70.735,-221.94,87.036
-25.036,-68.226,80.017
180.69,-303.39,117.49
165.99,-354.84,94.935
247.43,-448.3,98.951
267.86,-460.53,67.294
140.89,-312.45,121.41
-53.895,-71.654,98.984
72.33,-183.28,130.15
77.194,-188.28,84.235
26.171,-100.35,116.46
57.389,-211.48,122.55
169.5,-336.63,77.968
-26.798,-43.205,83.884
31.271,-186.32,109.63
283.86,-418.09,83.6
221.54,-398.34,117.48
29.707,-173.72,123.93
41.643,-140.71,129.43
194.24,-361.07,122.49
238.84,-400.39,68.425
228.05,-380.73,119.63
320.2,-476.14,103.08
315.29,-466.34,102.15
24.322,-113.76,85.458
287.74,-477.04,106.48
-44.204,-69.43,124.43
47.909,-141.75,87.312
276.15,-484.07,87.526
69.619,-154.37,107.06
250.39,-384.2,80.479
214.45,-355.59,75.912
-23.063,-108.54,118.59
33.674,-154.42,131.75
227.16,-421.31,106.54
16.506,-98.148,125.06
94.669,-249.27,84.902
306.3,-519.07,79.795
275.62,-451.39,62.339
120.72,-265.21,80.285
-28.31,-94.27,123.6
71.115,-223.31,125.96
297.58,-458.54,61.397
182.53,-374.96,102.02
61.641,-154.18,90.608
201.84,-339.89,120.87
180.75,-361.04,117.28
307.35,-517.98,70.961
121.68,-299.56,96.083
41.641,-153.99,82.245
50.881,-144.74,126.32
56.715,-157.5,85.668
264.18,-399.28,104.34
65.658,-156.21,121.09
299.29,-510.74,83.587
-4.4904,-57.099,98.267
294.99,-431.04,93.511
104.6,-202.2,97.94
87.557,-220.4,131.55
278.59,-484.9,75.595
165.88,-276.77,104.16
28.244,-117.43,86.17
-60.166,-60.778,113.95
-2.8509,-141.28,108.97
118.5,-294.71,94.811
210.31,-331.61,104.54
191.26,-321.84,119.9
165.43,-298.53,80.239
126.96,-237.63,89.559
47.987,-138.44,124.92
256.22,-422.76,115.69
334.86,-475.8,81.574
10.607,-109.4,130.83
164.25,-322.7,77.271
323.24,-501.74,104.86
101.85,-201.91,93.834
-16.116,-114.53,90.444
252.32,-398.69,71.419
147.46,-253.94,103.75
287.52,-455.33,110.91
64.59,-177.23,131.06
111.75,-279.03,88.203
153.98,-323.88,81.316
219.16,-392.59,118.76
11.345,-93.751,126.13
229.58,-428.45,83.454
273.4,-433.63,64.439
-25.202,-53.034,127.61
252.32,-450.78,102.33
37.686,-119.72,92.444
-17.403,-51.985,123.35
176.52,-355,80.749
250.32,-451.77,98.271
-55.021,-71.036,102.5
309.13,-446.81,80.822
17.394,-124.74,131.59
92.558,-253.5,88.295
110.87,-213.14,93.886
9.5788,-132.21,83.537
180.2,-372.61,99.528
224.21,-423,85.822
-51.844,-73.244,96.553
224.61,-387.5,120.16
207.42,-393.38,77.863
140.08,-260.43,124.71
294.72,-504.6,87.517
161.72,-324.7,78.207
330.36,-499.08,55.348
147.66,-331.43,109.93
163.34,-301.94,78.697
99.857,-197.67,95.816
132.28,-291.41,126.81
119.58,-244.22,82.43
118.57,-296.88,98.975
-11.252,-47.745,111.21
-7.2742,-96.662,80.958
188.78,-326.29,122.91
20.034,-113.19,83.739
101.29,-195.93,110.73
272.28,-445.14,112.79
110.78,-207.85,103.5
324.53,-504.17,104.55
199.47,-324.09,86.585
43.041,-174.27,83.504
149.11,-331.05,113.14
134.76,-244.98,119.47
322.25,-461.54,86.072
262.48,-392.53,95.199
302.07,-502.43,99.262
168.77,-310.5,126.43
272.59,-407.23,100.83
122.16,-299.22,113.56
-30.917,-53.199,80.057
322.03,-463.47,91.858
155.61,-334.35,85.723
-42.956,-82.799,116.49
27.781,-177.38,95.648
149.57,-277.82,126.16
-21.673,-44.095,121.89
51.495,-152.51,85.008
270.64,-438.29,63.471
87.784,-200.86,129.27
266.49,-473.22,84.78
76.569,-177.93,87.995
172.79,-321.11,126.4
58.029,-220.66,102.66
97.061,-270.36,101.4
261.45,-418.92,114.71
208.86,-373.43,121.69
84.818,-196.83,129.27
-5.1126,-137.19,100.47
78.276,-177.94,89.217
107.33,-207.55,95.221
30.189,-102.31,108.34
115.87,-222.88,90.579
-13.007,-96.904,129.92
340.1,-482.02,77.785
194.02,-351.98,73.938
260.54,-404.93,111.57
181.28,-357.17,78.647
125.85,-281.82,127.72
113.38,-280.53,87.762
20.452,-162.89,122.91
306.08,-444.26,92.8
98.111,-251.08,127.91
120.32,-261.48,80.237
0.72544,-89.953,82.45
-9.8161,-121.32,123.07
30.659,-111.02,91.726
319.22,-459.87,91.667
339.11,-481.18,76.424
114.37,-261.87,81.022
157.21,-312.38,77.776
200.09,-337.68,77.937
225.75,-360.07,79.496
-3.0492,-109.15,81.862
299.11,-436.38,94.207
127.4,-234.24,93.096
264.45,-434.4,114.23
138.05,-243.96,112.82
114.12,-280.35,87.04
35.256,-183.55,122.07
125.56,-227.71,99.505
-34.582,-92.464,92.092
113.99,-268.33,82.327
102.49,-226.39,82.255
110.19,-267.53,126.87
-28.146,-64.07,79.861
213.62,-335.6,93.717
98.61,-228.8,81.415
4.019,-108.48,131.23
55.022,-214.92,98.399
246.6,-440.77,73.239
-13.493,-122.18,118.15
56.91,-157.83,128.58
286.69,-493.71,92.303
212.17,-369.54,121.98
194.16,-340.3,123.78
59.271,-156.57,87.458
126.08,-306.54,107.69
243.52,-430.8,70.433
135.46,-318.5,104.67
122.54,-240.57,84.86
87.341,-181.84,118.28
323.3,-472.04,98.85
239.36,-392.41,70.024
131.84,-236.94,96.701
65.131,-148.78,104.15
268.3,-400.18,97.617
-20.868,-116.97,102.71
85.696,-247.1,122.25
149.75,-276.02,125.49
262.18,-435.44,114.08
166.84,-301.27,79.774
25.899,-102.9,93.102
280.44,-413.22,88.295
317.07,-470.43,102.78
25.353,-174.11,95.543
273.89,-418.63,70.999
311.86,-453.04,95.351
34.045,-166.21,84.386
154.04,-270.34,119.39
-46.539,-77.34,116.96
44.156,-178.76,130
290.31,-441.96,107.96
-11.697,-112.68,126.2
248.48,-422,115.73
111.73,-214.76,119.45
226.95,-380.51,119.87
135.81,-254.74,85.359
148.33,-260.8,91.624
181.66,-374.35,99.309
259.83,-465.59,86.265
96.663,-241.42,130.12
96.749,-265.07,93.042
184.38,-310.18,84.378
69.754,-172.89,127.92
104.73,-254.77,82.353
220.65,-353.68,80.389
8.6614,-112.35,81.439
279.78,-474.09,65.311
250.96,-409.72,116.54
282.47,-473.68,63.549
215.38,-413.33,98.927
-32.234,-56.013,129.43
10.17,-110.28,81.713
88.862,-260.5,107.27
341.1,-483.24,83.117
59.225,-155.38,126.21
-49.928,-65.562,86.671
272.84,-476.35,73.764
94.166,-237.68,82.115
199.95,-376.46,118.95
23.415,-175.74,103.24
70.027,-198.56,131.91
-59.293,-54.704,87.386
257.53,-417.77,115.57
304.46,-441.28,89.894
306.67,-506.37,61.612
-40.834,-63.8,127.8
207.99,-347.68,76.781
19.077,-152.68,127.48
304.5,-496.46,59.251
223.79,-417.2,107.24
79.093,-201.47,82.161
226.28,-393.15,119.5
307.26,-515.72,67.976
-24.371,-29.03,100.12
134.3,-314.13,112.75
262.89,-407.14,71.897
-28.125,-105.37,113.71
153.98,-293.89,78.784
228.44,-386.65,70.097
75.317,-199.62,131.85
247.9,-444.91,103.83
80.843,-247.42,96.808
35.91,-186.97,119.72
165.55,-345.12,117.29
287.07,-474.2,107.41
-11.692,-93.947,130.47
22.623,-93.914,113.61
217.27,-416.31,94.474
-62.518,-59.513,110.58
-17.077,-111.66,89.269
259.5,-446.78,67.073
311.38,-465.85,62.663
-14.804,-48.014,91.361
149.5,-332.88,92.447
167.71,-295.58,82.449
142.82,-256,89.973
147.68,-305.74,126.93
60.752,-144.83,114.95
264.7,-463.64,101.81
-17.086,-74.283,129.97
130.26,-301.21,121.03
189.71,-306.78,96.327
-52.788,-73.194,99.14
170.81,-358.4,109.31
-23.422,-109.08,94.211
323.23,-468.14,69.369
-22.538,-84.504,81.338
226.62,-385.62,70.199
-55.082,-54.857,84.381
143.06,-263.33,124.16
54.091,-209.24,93.043
181.98,-354.82,121.19
229.07,-407.92,116.13
211.7,-409.6,91.591
-25.398,-27.645,107.99
-22.849,-51.972,82.9
302.02,-484.09,107.16
275.37,-426.32,67.478
106.32,-280.57,97.323
-63.056,-59.099,98.218
276.62,-413.09,101.75
80.039,-174.44,120.56
8.675,-141.97,125.88
35.707,-147.09,82.121
226.59,-367.26,117.16
105.24,-278.64,96.346
198.88,-308.77,134
221.86,-326.57,115.67
163.86,-271.37,140
99.397,-221.1,98.045
-2.7194,-81.994,146.93
289.24,-480.71,106.25
88.443,-217.74,145.65
275.37,-426.27,80.489
227.62,-387.46,134.31
200.02,-321.55,94.445
281.86,-425.14,129.33
107.59,-191.54,136.96
143.99,-303.53,105.15
140.87,-261.04,145.83
25.58,-138.28,101.2
247.1,-378.23,88.353
38.115,-119.83,146.32
312.06,-433.42,95.768
136.96,-229.05,136.04
-3.376,-121.44,123.31
-4.319,-70.436,97.161
308.65,-503.53,92.366
8.3069,-73.242,143.21
65.633,-194.59,102.78
175.57,-343.85,104.02
34.161,-91.979,133.09
213.8,-376.65,91.678
-14.195,-106.58,119.05
-22.576,-95.276,125.16
121.06,-248.77,146.55
8.9813,-56.052,114.4
199.08,-375.27,121.34
89.621,-165.17,133.8
72.849,-165.54,100.18
115.99,-244.22,97.588
128.5,-264.61,144.97
283.14,-449.13,126.85
100.38,-182.97,137.74
60.696,-180.48,146.51
66.196,-159.32,147.21
30.766,-123.79,148.03
194.08,-370.92,117.22
343.13,-492.64,119.14
265.15,-437.54,125.94
264.65,-437.54,125.71
111.63,-189.9,122.19
75.016,-162.56,101.92
126.14,-209.55,128.51
-23.593,-93.724,117.87
120.39,-214.23,141.04
-39.687,-46.433,143.56
-21.312,-56.671,96.113
310.77,-484.81,121.04
-28.2,-85.65,113.31
248.57,-361.71,101.61
96.335,-180.14,106.89
190.48,-296.95,133.64
-50.477,-54.309,130.44
251.3,-433.53,118.42
124.99,-222.37,102.72
-46.568,-56.179,134.32
40.995,-174.49,110.73
53.987,-145.33,99.237
-34.858,-37.227,145.32
-11.569,-26.433,121.85
236.16,-385.56,86.029
144.77,-267.02,96.018
216.62,-397.41,114.89
85.732,-220.05,143.65
-22.333,-44.507,145.12
163.65,-298,144.13
282.43,-399.5,114.58
198.46,-310.76,99.079
292.75,-465.92,79.104
7.2346,-128.58,136.79
185.81,-314.52,142.16
270.21,-409.1,130.81
208.02,-352.07,139.58
-11.899,-86.821,99.562
-1.5931,-39.948,120.2
12.563,-107.04,147.36
3.1643,-56.634,105.19
-2.5847,-63.216,98.844
180.82,-335.43,94.941
74.06,-170.93,99.375
-17.848,-84.506,101.47
138.85,-263.97,146.08
123.6,-269.8,101.34
-35.464,-47.295,144.65
277.45,-392.13,106.25
14.751,-66.312,132.9
27.261,-123.64,98.101
293.25,-483.14,109.93
78.424,-227.7,117.71
74.293,-164.44,100.99
-45.912,-48.016,139.98
-13.584,-29.099,108.27
92.874,-202.28,147.94
207.16,-328.76,94.223
259.6,-446.26,111.84
226.54,-382.86,87.887
315.46,-494.06,118.59
177.24,-281.67,103.32
306.69,-497.01,85.348
66.506,-153.7,101.16
273.51,-387.89,104.82
154.51,-275.51,95.87
327.53,-496.08,71.913
339.18,-475.97,115.98
139.14,-254.23,97.262
-20.29,-28.781,101.7
343.18,-468.81,103.35
100.18,-242.65,103.63
205.93,-328.36,93.924
-4.1697,-110.31,106.19
72.628,-140.62,117.01
219.99,-353.36,89.749
-50.873,-57.055,123.12
141.31,-276.4,96.207
128.94,-273.26,99.74
181.89,-339.32,137.35
-11.566,-73.189,96.808
12.262,-139.65,131.87
30.532,-106.05,100.6
102.15,-257.48,128.15
320.37,-485.07,122.53
263.08,-380.37,122.26
129.23,-232.54,143.76
234.63,-406.22,91.003
324.32,-500.93,118.67
294.39,-411.9,102.49
214.7,-370.85,89.766
181.84,-346.18,99.115
297.86,-445.8,77.963
1.5515,-127.63,119.28
130.75,-252.03,96.625
244.26,-428.74,100.86
-15.844,-66.763,96.55
180.37,-352.49,107.28
198.77,-299.94,111.71
53.467,-165.57,99.215
60.846,-132.55,107.91
220.42,-330.08,127.86
-24.916,-37.485,96.771
211.42,-349.08,139.55
307.71,-496.11,83.194
-29.024,-48.71,95.868
337.95,-489.77,120.36
114.25,-251.98,99.622
311.35,-492.95,78.097
214.73,-378.46,91.811
-32.877,-78.658,112.03
146.24,-244.53,104.46
-12.48,-72.51,96.816
138.1,-226.22,130.98
46.408,-160.52,99.997
302.75,-426.13,91.518
221.27,-361.25,138.34
320.55,-511.13,81.354
-4.3052,-84.513,146.7
-23.274,-26.699,140.01
212.95,-326.86,133.25
261.82,-444.83,117.82
317.89,-443.34,113.34
183.12,-314.76,92.847
-22.859,-93.735,128.53
77.545,-183.87,98.399
-15.722,-59.354,96.355
-4.8232,-59.853,98.821
14.124,-68.883,107.58
143.36,-250.17,142.99
24.267,-89.044,141.23
-13.293,-102.41,134.81
198.91,-346.34,90.927
61.073,-137.41,104.96
-2.37,-112.96,138.64
113.46,-193.41,129
187.64,-357.89,128.24
138.96,-229.47,110.12
78.63,-163.31,143.31
330.3,-469.37,77.772
15.589,-71.221,136.75
282.46,-455.87,81.284
86.119,-237.54,117.51
108.39,-185.96,120.35
16.508,-79.658,141.48
166.7,-330.95,132.25
-25.953,-86.902,110.82
249.09,-434.36,112.89
68.448,-160.04,100.13
153.82,-274.35,144.74
61.533,-192.8,142.23
173.21,-327.25,138.96
332.95,-462.03,85.292
158.59,-268.94,141.97
61.684,-144.1,144.53
100.2,-190.18,103.76
234.07,-342.89,106.45
298.93,-462.42,76.464
169.85,-271.67,135.36
-3.298,-39.069,114.49
324.14,-452.26,114.07
286.59,-405.66,116.25
89.752,-185.13,100.63
294.84,-444.4,78.027
77.945,-221.48,136.54
294.92,-474.79,119.46
187.55,-288.39,108.74
93.003,-186.57,144.99
-45.399,-48.515,100.72
171.65,-326.29,96.514
133.75,-250.49,146.1
255.08,-370.83,123.19
312.8,-472.51,74.246
24.419,-156.94,129.93
26.65,-157.57,112.87
99.002,-194.59,144.96
177.85,-351.81,115.04
316.98,-510.06,106.71
226.35,-405.18,121.29
130.65,-273.48,142.97
193.47,-357.6,133.62
304.95,-487.08,117.34
329.98,-490.63,121.7
210.52,-327.43,135.38
161.43,-257.18,109.38
28.193,-104.08,145.37
104.29,-181.77,116.82
85.621,-234.27,112.54
-32.727,-31.731,95.735
138.11,-268.28,145.81
206.06,-353.01,139.36
214.03,-370.91,90.018
79.782,-182.22,98.75
177.35,-326.24,140.73
163.3,-255.58,117.14
-5.7179,-96.929,144
78.564,-149.11,115.57
101.17,-191.25,142.42
61.468,-194.56,141.18
223.56,-401.29,98.632
116.26,-264.45,103.73
279.76,-394.75,109.08
323.55,-485.43,122.51
5.215,-73.297,99.317
262.27,-384.89,126.76
249.2,-363.21,100.45
136.32,-260.83,146.24
190.83,-346.35,137.98
61.647,-193.71,141.81
114.75,-265.54,137.36
-10.878,-111.14,125.13
247.73,-388.84,85.45
-35.68,-70.464,106.94
15.606,-135.61,106.02
-40.133,-68.003,110.53
-12.252,-69.781,96.6
261.35,-373.26,110.55
227.9,-410.45,105.39
343.18,-485.68,117.44
322.07,-477.82,123.15
343.25,-468.93,91.653
147.32,-241.02,134.52
231.39,-338.12,116.75
-29.223,-48.635,95.873
168.92,-299.09,93.981
57.561,-201.49,126.08
135.28,-278.71,142.87
21.895,-130.97,145.75
290.1,-441.5,128.28
142.92,-309.38,120.93
210.82,-381.12,95.932
147.13,-285.1,95.978
265.7,-443.33,86.874
112.88,-255.3,142.26
58.433,-121.04,119.29
323.61,-459.76,119.28
314.73,-443.62,117.36
8.3026,-66.501,139.99
159.19,-329.32,117.51
245.12,-430.68,103.79
69.226,-213.62,132.82
307.54,-502.88,96.324
53.728,-146.27,147.71
281.33,-459.09,83.236
324.71,-446.62,102.21
291.62,-410.87,114.54
170.52,-330.68,135.68
165.52,-264.34,106.77
314.65,-509.34,103.64
201.62,-309.11,131.46
-32.147,-82.213,117.69
205.07,-366.86,92.979
196.63,-322.52,140.44
341.08,-490.87,72.269
59.787,-173.5,99.161
185.98,-361.36,112.51
99.189,-254.98,122.08
86.871,-183.72,100.05
151.35,-240.91,116.95
209.33,-311.59,118.18
133.04,-257.18,146.41
88.059,-191.57,147.64
239.5,-347.61,114.5
274.13,-458.57,116.37
260.92,-378.16,97.293
1.057,-118.74,137.89
68.46,-149.03,104.01
108.82,-260.86,108.4
30.593,-85.897,131.05
2.424,-45.983,125.52
323.16,-477.08,73.448
299.83,-457.98,126.34
-15.03,-55.312,145.63
300.96,-422.86,114.85
168.03,-312.22,94.471
6.9511,-87.223,146.92
-3.6037,-110.51,105.83
207.51,-347.58,139.95
328.35,-468.42,119.75
117.37,-268.52,105.41
119.52,-202.21,131
137.14,-299.67,128.96
-19.28,-20.26,109.18
244.38,-417.62,126.68
136.71,-227.84,108.91
233.11,-344.53,102.11
184.1,-300.51,140
182.1,-355.66,109.27
-32.247,-66.483,101.46
294.61,-485.95,91.195
244.3,-429.83,109.97
179.74,-296.92,140.91
148.06,-259.78,143.8
242.37,-402.74,85.871
112.41,-268.92,112.51
183.45,-354.66,126.52
-37.679,-41.872,95.976
226.79,-381.77,87.675
285.61,-458.35,80.436
84.596,-178.04,145.84
129.62,-212.91,124.01
0.58042,-87.313,97.182
235.18,-343.11,109.23
216.84,-397.69,107.7
22.559,-121.27,147.6
290.27,-474.68,84.922
148.72,-241.74,109.63
280.75,-411.22,126.45
337.08,-457.28,134.75
259.94,-404.5,100.81
254.71,-419.46,136.11
210.76,-308.52,114.44
66.315,-185.54,155.03
148.97,-285.48,155
64.812,-114.08,128.45
87.882,-221.75,141.35
202.29,-361.29,123.27
149.85,-224.43,126.55
328.01,-479.11,138.53
198.4,-286,148.01
283.36,-425.85,146.08
33.422,-67.84,139.54
90.802,-206.58,118.17
137.57,-204.5,135.96
214.8,-314.99,113.08
257.49,-371.05,105.16
210.61,-311.49,153.55
207.61,-359.79,114.07
30.887,-110,164.08
155.68,-297.16,119.41
60.821,-159.16,163.4
246.31,-414.12,129.06
157.97,-306.66,125.82
42.976,-131.83,163.86
111.27,-215.35,163.89
191.62,-274.08,143.98
298.87,-399.48,125.65
113.51,-173.45,140.15
280.55,-384.47,110.81
49.299,-172,139.15
0.47936,-68.18,113.11
0.98545,-78.569,162.1
133.1,-244.05,162.87
-13.732,-85.176,128.94
306.19,-452.09,142.45
152.77,-226.5,128.58
54.164,-118.44,161.81
120.11,-260.08,128.98
200.71,-285.3,126.19
354.13,-469.05,126.95
222.42,-324.55,112.01
76.641,-196.53,156.62
140.96,-270.82,116.27
309.34,-479.58,130.48
288.86,-388.17,128.37
54.297,-97.21,132.79
232.41,-326.56,118.64
268.28,-384.17,103.4
322.13,-486.5,134.09
176.6,-326.36,146.95
347.35,-481.47,88.769
201.57,-336.96,155.58
28.951,-63.293,131.77
254.94,-420.02,135.71
213.4,-374.97,135.52
84.226,-147.7,121.91
248.46,-378.96,152.14
37.721,-153.97,130.54
317.98,-445.67,94.117
-11.196,-45.812,162.2
21.848,-114.5,160.97
-15.12,-67.178,116.81
195.27,-278.72,143.94
192.41,-311.37,158.89
165.53,-318.58,131.68
144.54,-213.53,134.83
112.91,-184.87,121.57
94.701,-229.07,145.82
100.89,-169.05,121.99
118.24,-260.34,138.92
121.08,-260.63,127.94
76.628,-205.21,131.3
225.84,-370.2,106.77
28.912,-69.333,124.18
322.83,-427.03,115.98
140.04,-229.47,160.6
56.333,-180.99,137.25
75.129,-171.4,164.37
231.21,-380.24,107.25
72.982,-165.33,114.83
48.014,-151.34,118.65
302.42,-416.86,101.72
25.129,-106.81,163.58
82.778,-199.19,119.55
246.66,-355.17,108.08
313.57,-480.9,132.74
251.65,-363.93,149.86
127.06,-220.2,162.75
351.88,-460.41,116.63
16.981,-74.477,114.7
195.45,-354.69,133.99
-20.598,-76.661,129.88
266.71,-407.75,148.42
-6.0819,-93.765,126.97
270.62,-406.38,98.721
25.658,-134.95,152.3
279.86,-381.72,113.18
59.776,-123.19,161
284.34,-424.42,146.36
327.08,-432.3,113.56
257.7,-360.17,143.96
-40.006,-51.88,141.26
95.781,-227.49,127.57
258.3,-421.72,108.96
249.23,-342.56,122.9
291.41,-395.22,135.32
0.19151,-40.144,117.22
4.0191,-104.19,153.33
349.95,-461.16,104.11
331.33,-446.23,133.26
17.852,-72.967,115.28
18.219,-130.98,139.89
45.504,-118.21,114.85
193.73,-329.12,155.93
13.799,-123.62,145.79
120.83,-200.54,118.48
74.661,-182.36,117.31
57.476,-182.67,139.26
117.8,-245.19,119.03
291.36,-390.53,122.48
92.747,-178.59,164.01
117.73,-248,155.93
310.37,-412.46,120.39
76.582,-143.21,119.14
2.9064,-32.269,149.86
193.77,-343.99,116.18
157.6,-241.38,155.37
47.54,-146.98,161.99
100.63,-213.83,116.24
26.495,-116.97,162.16
279.09,-379.15,134.89
269.25,-420.11,100.33
108.92,-247.64,132.92
201.34,-296.77,115.59
311,-417.09,131.36
226.35,-318.35,120.5
7.3293,-95.828,117.14
239.78,-378.15,151.92
109.5,-241.75,153.18
277.77,-446.83,108.56
-6.925,-40.302,113.92
294.95,-433,145.11
256.21,-368.61,105.75
299.2,-475.39,119.58
221.54,-345.24,155.74
159.11,-308.19,144.51
234.22,-400.45,128.94
-7.5489,-66.776,161.75
77.29,-166.98,164.72
156.84,-253.04,114.26
350.28,-485.06,88.243
249.23,-417.43,128.92
224.26,-387.19,120.31
312.89,-446.95,93.054
314.09,-421.52,131.89
253.87,-400.11,102.17
153.66,-261.49,112.18
209.83,-295.28,127.64
221.69,-372.09,109.8
-18.43,-74.195,152.15
146.4,-252.79,112.6
26.754,-71.497,120.63
252.56,-401.23,102.97
334.23,-459.18,93.53
259.22,-418.26,141.39
303.31,-450.99,93.634
194.16,-337.03,112.1
11.317,-70.049,113.98
65.053,-163.71,163.6
293.59,-467.26,109.28
197.74,-315.56,108.5
243.87,-399.28,107.34
162.76,-285.07,160.38
46.274,-134.66,115.06
87.874,-140.25,141.52
153.99,-226.18,144.11
154.72,-278.73,160.2
276.59,-437.93,102.74
172.93,-265.39,116.1
155.43,-278.48,160.42
114.34,-195.01,117.57
241.63,-332.67,126.52
76.209,-126.28,146.24
259.4,-424.55,110.26
17.215,-62.263,118.43
146.12,-290.73,124.95
137.42,-220.42,158.65
355.02,-463.89,115.04
360.77,-471.74,119
245.93,-403.26,107.91
43.403,-156.48,154.31
330.73,-492.81,134.54
230.72,-326.01,145.61
326.31,-485.85,91.232
25.06,-85.324,162.48
313.96,-473.07,93.592
72.038,-162.12,114.76
175.2,-264.12,154.72
86.093,-214.82,127.52
78.698,-155.54,116.19
66.197,-111.66,138.23
98.56,-224.2,156.37
259.7,-416.6,142.81
271.66,-434.42,104.82
274.7,-427.79,143.74
159.55,-254.88,114.57
181.41,-274.31,116.24
357,-468.89,122.43
74.255,-177.26,163.24
336.06,-495.64,89.351
174.79,-262.77,154.26
71.517,-175.18,116.51
132.67,-249.36,162
234.51,-343.28,108.48
257.9,-352.35,133.86
115.44,-254.78,146.08
269.79,-439.91,113.19
202.08,-297,115.94
73.113,-149.01,163.46
36.301,-103.94,163.5
283.67,-402.62,100.85
-21.518,-74.845,128.88
-15.458,-85.801,138.44
65.808,-116.68,152.11
37.037,-72.713,139.83
76.719,-170.51,114.83
120.35,-262.63,141.32
221.55,-308.59,136.5
199.09,-299.42,112.97
308.51,-420.83,137.46
-18.224,-42.676,162.03
55.838,-161.75,160.72
-16.355,-77.025,123.63
181.95,-299.53,109.79
85.167,-150.86,158.66
92.831,-148.37,132.54
209.32,-315.43,155.48
23.825,-71.171,158.25
196.43,-353.47,122.45
60.641,-167.37,160.98
101.15,-176.32,160.64
290.58,-389.95,127.25
232.34,-342.93,152.85
124.69,-212.44,161.88
323.75,-458.74,91.446
305,-409.65,110.98
280.09,-435.84,142.05
233.03,-362.99,154.03
208.02,-293.5,141.4
56.966,-177.96,150.56
148.51,-294.4,146.56
82.221,-150.35,160.24
307.82,-480.5,102.73
-18.023,-77.41,149.64
163.14,-237.95,130.89
114.34,-198.62,162.06
228.95,-340.81,153.7
320.95,-425.44,124.08
157.12,-246.34,158.12
284.41,-409.33,146.57
90.977,-206.9,118.2
309.14,-485.81,121.38
312.18,-427.98,138.44
62.197,-127.51,117.82
120.42,-252.08,155.34
198.65,-340.77,110.98
236.08,-383.05,149.39
343.72,-458.84,99.343
43.598,-164.5,140.83
348.99,-461.38,102.36
272.49,-368.54,126.27
-4.3895,-26.133,152.79
75.148,-130.3,125.9
265.91,-434.5,131.4
67.014,-137.65,162.64
342.66,-451.2,108.24
-23.351,-53.908,158.96
236.04,-362.84,103.86
279.01,-452.41,117.77
-2.8524,-95.919,124.82
177.8,-282.1,159.47
97.465,-230.69,128.86
-2.3499,-22.414,127.62
135.2,-203.29,146.79
-0.64761,-38.213,117.51
90.086,-173.14,163.75
29.65,-103.94,114.12
336.85,-498.21,134.29
115.07,-251.38,150.33
353.44,-470.15,97.667
113.51,-238.07,118.44
-38.76,-46.105,122.04
255.68,-368.29,149.21
104.01,-162.26,133.91
148.29,-269.94,160.84
89.463,-153.82,157.14
79.922,-210.97,144.12
196.99,-341.21,112.12
209.62,-371.52,132.28
130.93,-261.85,156.86
338.4,-460.16,94.81
-11.648,-25.744,115.95
144.21,-292.7,135.67
127.69,-236.9,163.17
317.63,-465.21,140.61
-9.5786,-87.713,125.37
330.32,-463.44,139.39
49.098,-168.76,149.08
239.06,-405.24,131.58
3.0589,-26.942,139.65
279.3,-396.05,145.85
62.23,-109.74,129.58
-14.519,-77.504,122.1
4.7941,-42.117,119.47
187.16,-339.13,119.49
142.55,-273.73,157.48
130.83,-211.81,118.81
143.42,-254.78,112.62
347.56,-489.44,87.05
217.65,-334.04,107.15
276.36,-373.45,122.28
19.386,-124.33,154.16
282.41,-422.14,146.67
11.992,-75.586,113.59
204.4,-288.57,128.44
301.21,-418.16,100.34
123.32,-242.5,161.26
53.093,-172.09,127.93
-25.021,-47.173,160.08
168.29,-243.39,133.46
165.76,-247.15,122.77
260.85,-368.92,107.78
77.496,-205.77,130.35
170.98,-319.61,147.43
77.532,-158.07,164.03
342.98,-480.32,137.53
143.1,-211.79,142.7
211.35,-333.1,156.93
97.407,-160.04,154.07
203.79,-313.41,157.03
306.59,-457.76,93.403
241.97,-407.14,134.38
170.88,-248.36,128.87
147.41,-233.05,117.93
189.04,-273.22,147.4
229.47,-324.43,117.5
96.118,-198.95,114.79
-57.404,-159.35,37.177
226.3,-428.63,29.785
210.39,-435.11,53.023
44.678,-294.81,39.685
144.38,-407.06,19.162
4.0719,-187.78,15.714
-9.7392,-160.61,18.334
191.56,-440.42,53.518
189.17,-427.6,55.54
128.86,-349.96,10.158
227.24,-473.79,52.01
106.5,-369.39,31.348
157.53,-418.75,47.938
181.63,-433.99,8.3847
98.988,-337.68,12.722
32.093,-271.51,52.606
-40.22,-98.493,45.356
52.309,-242.04,17.38
55.133,-227.34,39.354
291.74,-498.37,20.722
-59.694,-70.959,46.122
-8.1875,-143.66,45.566
50.998,-301.19,30.131
-26.518,-158.36,64.688
-54.432,-148.53,58.902
-60.635,-73.947,52.31
150.03,-419.07,30.091
44.174,-271.28,15.3
147.04,-366.02,10.136
38.523,-245.3,13.386
-55.249,-90.408,21.403
125.24,-345.38,59.386
129.32,-381.51,14.121
206.31,-478.53,20.723
241.1,-479.83,1.8386
90.124,-350.13,38.755
-89.23,-97.328,20.053
14.071,-227.23,62.701
42.087,-214.36,27.965
-26.771,-140.47,62.208
7.9964,-248.04,38.072
139.11,-358.71,10.171
-61.238,-68.914,33.497
-10.295,-216.73,25.12
242.23,-449.6,39.371
169.72,-437.03,41.903
-20.174,-210.68,40.337
-16.078,-184.28,63.761
140.08,-401.6,46.937
209.67,-421.82,12.193
172.43,-422.65,53.872
269.23,-514.73,49.321
264.52,-504.82,50.058
-11.235,-140.27,32.156
239.84,-512.77,35.245
-94.11,-106.53,45.313
10.805,-169.48,34.228
240.27,-510.26,12.081
20.594,-191.48,55.219
211.78,-413.27,33.716
180.5,-380.86,23.607
-69.132,-142.54,35.809
-22.698,-196.68,56.048
182.4,-454.37,27.152
-39.626,-140.62,64.814
62.821,-272.38,12.843
273.5,-542.92,7.3063
249.34,-470.54,5.6013
89.047,-288.39,16.021
-77.599,-130.84,42.721
19.187,-261.89,42.851
269.31,-479.46,13.057
141.88,-404.72,19.806
22.12,-183.84,38.68
145.27,-382.63,57.999
131.19,-397.81,36.176
278.78,-538.59,1.5035
85.287,-326.01,14.856
9.2527,-177.85,22.292
-6.1907,-187.9,64.408
20.754,-184.29,31.089
212.96,-438.13,52.89
10.256,-198.17,63.238
264.74,-535.94,10.025
-48.081,-90.046,50.169
248.01,-466.7,47.372
59.947,-235.89,46.668
30.111,-263.52,56.566
248.51,-506.64,3.8401
116.68,-314.02,52.386
-7.8747,-144.39,33.204
-103.3,-92.507,32.721
-43.664,-171.14,25.489
82.725,-320.69,14.222
159.99,-369.75,53.06
134.91,-364.47,59.155
130.65,-324.38,25.123
86.892,-267.7,37.304
-8.5903,-181.25,64.408
202.74,-462.96,48.189
292.67,-507.82,40.351
-46.476,-152.39,61.765
133.58,-345.08,12.579
273.49,-539.13,41.966
59.66,-233.67,42.258
-48.272,-137.81,15.336
219.5,-423.15,21.946
98.85,-290.73,51.952
235.21,-494.72,47.216
6.3818,-221.1,61.928
78.742,-302.96,12.044
122.86,-346.44,10.045
166.46,-432,43.99
-45.029,-136.38,64.804
196.93,-452.1,7.823
244.59,-454.9,13.208
-81.125,-95.249,63.866
209.01,-482.74,24.778
-2.7606,-150.14,41.839
-72.394,-93.607,64.943
145.55,-377.42,8.4818
209.47,-481.79,20.265
-92.042,-98.003,22.427
268.13,-477.87,38.445
-39.52,-167.52,59.622
59.714,-277.31,12.687
68.474,-245.06,42.337
-21.011,-154.45,15.885
140.91,-401.3,17.666
190.58,-447.39,9.1184
-86.08,-98.08,18.585
169.89,-428.6,49.841
177.3,-415.16,6.4401
82.528,-303.95,61.705
258.21,-531.31,13.191
131.15,-346.96,11.222
304.5,-518.16,8.6778
103.67,-363.77,25.761
129.99,-326.62,21.525
56.521,-230.33,44.47
77.904,-331.99,46.989
84.87,-269.97,25.493
80.886,-324.31,16.577
-61.384,-85.752,60.428
-37.682,-118.93,19.668
131.7,-369.39,58.434
-14.084,-138.53,28.911
49.988,-234.79,57.311
220.2,-484.24,45.075
62.972,-244.01,51.772
274.99,-541.38,41.405
159.1,-354.47,36.866
11.847,-196.99,15.843
103.22,-364.87,29.105
79.096,-287.13,61.199
278.16,-495.01,43.165
215.48,-428.17,47.74
258.31,-534.88,26.756
111.22,-353.86,57.399
222.73,-445.05,51.252
76.77,-332.62,28.619
-61.809,-75.993,24.493
275.23,-499.01,46.717
123.06,-357.92,10.043
-87.66,-115.74,34.504
-7.0656,-202.66,16.23
91.653,-321.55,60.619
-76.095,-85.306,64.835
16.124,-178.83,29.957
243.19,-458.42,9.213
29.504,-244.85,62.754
232.31,-498.08,9.4645
38.601,-206.33,34.676
115.74,-364.02,55.142
19.583,-248.66,19.481
58.595,-298.38,18.237
207.32,-459.74,51.607
154.23,-414.39,48.722
26.563,-240.81,62.874
-41.683,-163.78,19.475
39.44,-207.03,36.466
64.203,-240.04,43.814
-19.008,-139.58,57.221
75.407,-253.27,38.412
-67.463,-137.66,54.202
299.7,-512.67,37.59
163.68,-374.21,13.27
206.74,-445.66,54.345
150.91,-379.18,8.393
70.977,-322.81,48.292
80.505,-304.35,11.922
-28.653,-199.24,39.231
259.18,-479.87,47.11
44.07,-291.36,46.801
88.351,-284.92,17.273
-32.275,-114.42,27.52
-58.796,-157.61,40.783
-9.279,-141.04,41.239
272.56,-495.3,46.599
299.46,-511.25,36.384
82.911,-284.84,14.73
126.26,-334.99,13.557
165.4,-363.52,25.112
188.79,-387.78,30.241
-33.275,-131.19,17.486
251.71,-472.35,47.839
85.134,-266.06,41.594
211.69,-474.03,46.545
85.184,-284.01,58.166
81.487,-304,11.813
-13.495,-219.61,37.764
79.638,-262.4,48.189
-67.119,-116.02,16.151
82.568,-291.18,12.951
68.555,-251.5,23.904
56.582,-307.48,45.481
-58.247,-86.168,21.384
168.73,-369.54,44.832
65.907,-252.87,20.347
-52.407,-150.87,59.131
18.601,-241.38,17.004
217.91,-461.47,3.6154
-59.353,-156,34.822
-0.87312,-201.48,63.935
247.82,-522.25,17.185
156.52,-411.38,52.172
137.27,-383.17,56.197
21.936,-184.47,34.119
83.844,-337.48,23.16
215.7,-450.9,3.9083
94.607,-348.38,20.78
85.802,-267.98,30.305
32.804,-223.15,61.725
273.62,-509.73,49.279
208.5,-415.24,16.873
87.365,-270.5,45.505
17.674,-184.68,52.971
219.99,-436.83,49.453
-58.33,-144.25,21.369
35.933,-283.95,37.816
91.964,-319.67,60.924
209.93,-474.63,44.871
132.37,-326.88,24.377
-14.865,-133.58,43.152
236.42,-446.57,43.197
266.13,-509.01,49.803
-9.4178,-199.34,16.237
240.17,-443.88,24.487
263.71,-489.6,48.456
2.8952,-188.85,15.224
98.168,-312.65,60.678
-91.51,-110.5,35.245
-10.397,-219.49,50.228
237.76,-481.73,51.715
-62.865,-150.73,45.694
196.03,-461.3,44.632
56.369,-256.68,61.704
171.34,-422.42,53.595
98.318,-282.76,31.684
106.45,-292.32,40.354
142.45,-402.99,17.535
225.1,-490.87,10.313
40.741,-283.25,51.627
62.047,-290.24,13.8
145.92,-339.02,33.155
11.962,-216.57,63.85
73.273,-277.67,13.746
183.34,-381.67,30.916
-22.724,-135.42,21.768
253.67,-492.91,0.88457
196.5,-450.75,51.419
256.82,-492.18,1.0487
175.4,-442.62,18.59
-87.761,-97.784,60.528
-21.781,-133.83,23.566
47.608,-290.67,22.562
297.96,-516,41.689
2.0662,-198.61,64.263
-80.187,-87.444,15.053
243.66,-497.41,2.9695
62.643,-260.67,15.095
148.31,-414.94,40.929
-14.824,-203.59,20.505
12.746,-241.55,56.769
-89.65,-76.649,15.24
203.41,-458.54,50.752
258.97,-475.8,45.261
281.79,-524.25,-1.3538
-93.507,-103.15,51.842
173.74,-373.18,24.188
-33.183,-191.57,46.134
280.14,-514.03,-0.28364
178.75,-450.47,27.639
46.092,-225.8,22.05
172.22,-433.69,47.909
279.99,-535.35,0.074316
-68.842,-62.689,52.828
89.063,-347.42,28.13
229.14,-432.38,24.239
-71.297,-137.09,30.795
121.13,-318.13,20.109
198.54,-408.64,13.747
17.406,-243.16,58.957
203.88,-477.42,26.045
44.756,-273.63,15.752
-11.395,-221.88,34.921
116.59,-381.39,34.918
238.51,-510.46,36.759
-66.915,-135.35,56.468
-29.002,-133.04,60.818
179.58,-443.82,14.935
-103.72,-89.734,29.464
-48.785,-134.61,15.104
232.68,-466.15,2.9716
281.21,-488.36,18.04
-54.301,-77.752,43.33
114.27,-358.45,12.713
131.18,-322.85,29.144
102.09,-286.6,38.241
92.451,-347.05,49.086
8.0391,-184.77,60.626
221.16,-495.81,25.447
-73.248,-116.56,61.244
80.102,-338.4,37.62
144.06,-341.3,46.35
-88.208,-98.932,20.113
126.48,-391.02,26.129
-56.984,-133.4,16.735
288.16,-494.59,28.219
-52.15,-106.07,17.154
196.83,-407.51,13.324
-84.506,-76.141,14.994
85.643,-306.75,61.615
19.958,-233.98,14.707
129.63,-393.84,42.279
177.81,-446.18,40.818
175.6,-435.87,12.611
-73.863,-64.389,58.897
-56.479,-77.013,31.218
252.41,-521.27,40.121
244,-449.69,19.455
69.609,-307.25,15.683
-97.935,-84.432,19.888
226.31,-451.26,51.639
24.657,-216.38,62.762
-42.34,-179.86,43.967
3.5469,-170.76,21.98
171.08,-409.23,56.64
68.993,-304.97,15.168
132.94,-359.06,79.029
163.7,-370.99,69.41
96.187,-322.92,80.989
57.348,-252.49,36.568
-68.816,-132.06,78.376
241.6,-516.21,34.357
23.432,-266.74,68.877
237.37,-454.75,29.44
165.26,-434.5,62.208
155.32,-355.32,44.18
217.96,-473.74,70.575
41.591,-241.9,82.335
100.15,-336.01,31.428
72.52,-312.89,78.039
-15.702,-168.95,35.033
204.37,-410.51,40.484
-29.785,-171.46,83.29
261.7,-471.91,56.733
70.943,-279.41,81.378
-53.398,-158.63,44.154
-46.032,-101.78,44.068
267.56,-534.01,24.342
-58.375,-124.03,84.574
23.405,-225.92,33.832
131.78,-376.3,30.297
-29.236,-140.39,82.315
174.05,-406.16,26.928
-61.976,-142.05,41.399
-73.39,-133.09,46.398
53.981,-299.49,73.542
-44.872,-97.136,69.721
146.23,-414.69,42.803
25.183,-214.35,81.439
27.977,-199.37,47.1
74.091,-275.47,35.302
62.742,-314.25,69.732
222.73,-494.77,59.712
34.171,-233.48,82.733
-4.4794,-229.63,70.508
-2.2571,-211.33,82.277
-36.54,-174.8,79.319
143.62,-408.48,38.871
282.33,-538.97,66.544
206.65,-481.58,54.614
206.34,-481.43,54.186
52.398,-235.1,73.706
28.648,-197.61,50.712
63.559,-257.33,77.971
-70.707,-128.69,40.923
52.74,-265.78,82.806
-102.28,-93.667,71.444
-61.413,-86.679,40.233
252.9,-528.49,54.874
-73.139,-118.96,38.345
197.23,-400.85,57.994
46.118,-218.27,58.198
124.75,-347.1,79.261
-104.05,-94.319,52.812
198.23,-473.22,43.497
76.98,-258.72,52.504
-102.49,-98.042,57.003
-3.7267,-207.63,35.584
10.297,-178.19,44.988
-99.979,-86.587,78.909
-69.209,-70.482,76.954
196.94,-414.88,30.274
101.79,-299.27,39.437
166.74,-434.54,37.815
22.365,-267.72,65.054
-88.434,-94.724,82.137
96.584,-348.78,73.389
223.38,-444.66,69.825
150.54,-347.11,51.265
256.92,-492.53,21.243
-50.466,-171.77,56.962
118.19,-365.85,76.406
205.64,-458.23,72.273
142.27,-401.86,70.561
-52.088,-116.69,35.537
-58.48,-83.406,75.292
-53.449,-156.98,76.36
-45.103,-93.311,59.506
-46.13,-96.085,49.12
140.05,-365.72,29.351
29.964,-204.11,44.932
-58.377,-114.57,34.932
70.96,-315.41,76.041
81.257,-301.21,31.764
-99.145,-95.418,74.062
222.62,-434.04,63.892
-48.315,-114.48,82.686
-14.159,-154.6,39.365
243.4,-520.38,38.216
30.075,-263.58,38.446
28.692,-198.86,48.885
-105.63,-92.916,64.941
-63.761,-67.322,64.475
24.501,-254.12,79.052
162.26,-362.69,44.712
209.95,-483.28,37.534
187.49,-411.93,27.941
259.09,-536.55,51.641
127.31,-319.59,55.489
268.79,-525.06,20.588
20.864,-188.17,49.403
219.55,-429.12,62.512
111.05,-308.17,40.825
293.36,-521.57,21.147
278.88,-522.04,68.813
95.063,-287.39,42.685
-66.185,-63.602,56.197
288,-511.07,64.017
57.343,-274.41,32.618
161.32,-362.06,44.026
-46.492,-141.66,35.101
16.726,-183.24,69.858
177.98,-384.97,37.888
-100.39,-93.895,45.907
99.684,-307.45,34.092
86.99,-304.41,31.835
119.78,-386.05,60.822
-51.772,-103.23,39.052
-42.55,-180.56,51.283
-14.398,-139.98,49.963
48.048,-297.8,46.446
260.38,-530.53,60.726
201.01,-427.8,73.637
60.759,-284.65,82.007
195.18,-435.47,25.042
267.32,-543.95,53.412
241,-452.71,61.616
175.2,-400.23,28.236
139.87,-377.28,28.757
259.85,-474.4,30.993
-46.514,-163.31,41.067
87.99,-284.08,38.857
200.66,-461.06,28.421
-55.945,-96.735,39.277
135.1,-386.05,31.747
143.29,-342.26,65.431
11.897,-196.56,36.604
10.465,-170.83,60.201
156.62,-378.8,76.622
-66.757,-69.007,46.607
144.89,-399.55,73.442
270.67,-523.52,19.814
-68.683,-78.355,39.356
276.99,-536.18,66.026
72.354,-283.12,32.88
276.06,-519.11,19.002
174.96,-407.97,26.773
-77.189,-111.5,37.813
96.497,-282.28,55.644
-52.626,-102.5,38.871
74.209,-275,79.21
4.9559,-191.37,35.675
255.16,-462.42,51.713
155.15,-411.4,72.598
284.1,-538.11,18.843
-69.8,-134.07,76.392
-88.431,-76.379,84.881
147.17,-377.03,78.286
208.66,-484.61,43.798
258.74,-488.59,69.148
140.99,-346.36,37.174
-75.497,-132.98,49.449
34.74,-215.95,40.759
-56.486,-89.926,42.155
-48.37,-92.729,49.323
-35.718,-106.8,61.947
75.006,-302.19,81.467
-42.131,-139.66,84.752
-69.641,-144.56,55.6
158.65,-376.37,31.001
12.65,-174.13,56.102
-61.191,-157.05,59.806
50.843,-241.21,78.443
131.19,-400.12,49.29
85.876,-269.87,62.356
10.763,-215.01,83.94
290.05,-499.9,37.715
-49.063,-120.57,84.091
246.01,-482.92,21.767
37.744,-273.43,38.226
50.165,-230.39,72.25
-49.839,-130.23,84.804
108.54,-374.51,52.628
-69.825,-119.41,37.066
199.23,-471.52,37.813
23.685,-193.78,47.053
85.484,-326.23,78.386
-0.34859,-239.28,62.718
110.32,-374.6,62.524
287.76,-496.5,47.753
90.435,-320.82,80.823
-6.2809,-195.84,84.051
52.022,-226.67,53.731
180.47,-383.78,61.954
263.19,-489.08,23.727
103.69,-322.13,80.33
-57.125,-80.149,70.418
264.61,-497.79,69.284
226.71,-451.45,70.727
44.169,-219.53,48.102
257.1,-472.76,30.088
19.461,-265.24,55.127
239.15,-516.73,49.701
134.06,-329.15,62.137
24.536,-238.67,83.141
-85.175,-78.012,34.922
130.49,-356.85,29.605
65.236,-302.49,78.891
192.74,-418.47,74.148
277.2,-499.16,24.964
-29.432,-197.08,48.991
-18.782,-191.24,36.785
30.483,-246.73,82.93
128.93,-388.16,36.694
268.04,-546.64,36.899
172.58,-445.37,44.502
66.489,-321.81,65.73
133.42,-402.71,56.464
250.03,-528.37,48.197
269.58,-536.48,62.702
144.07,-378.08,78.464
108.25,-297.66,61.991
-39.367,-155.48,83.876
48.03,-224.67,69.155
39.518,-268.44,35.476
-73.488,-62.369,44.19
70.901,-319.13,73.739
140.8,-402.38,69.026
174.51,-400.31,28.066
36.31,-214.87,42.811
112.87,-374.9,66.361
105.75,-299.49,69.516
-68.387,-144.13,68.642
23.384,-191.17,68.344
33.291,-242.96,83.407
0.3061,-240.46,61.176
181.33,-432.57,27.297
73.228,-296.35,32.042
223.41,-437.84,66.166
263.15,-531.25,62.167
-38.688,-106.44,49.367
198.48,-433.59,74.873
198.51,-401.84,56.826
68.402,-312.29,76.142
127.81,-393.84,62.984
0.05584,-239.96,62.085
54.949,-310.36,56.611
-61.773,-149.01,45.9
207.46,-419.12,34.332
-77.822,-101.68,35.786
-26.95,-167.15,34.779
-83.701,-100.28,37.28
-52.596,-99.959,39.912
204.77,-416.51,66.641
182.53,-444.12,30.992
282.53,-531.97,68.053
260.79,-524.38,64.963
294.02,-506.59,55.038
81.777,-291.03,80.626
172.46,-383.14,70.404
-68.863,-78.263,39.29
126.7,-330.74,37.182
5.3433,-240.35,44.865
71.026,-327.12,65.883
-42.243,-179.32,70.235
227.19,-489.27,67.365
91.796,-347.4,40.64
169.78,-411.52,26.896
105.65,-316.01,33.357
227.57,-471.58,22.64
49.825,-302.71,63.524
1.4577,-164.52,72.31
262.26,-506.61,70.002
254.02,-490.03,70.53
-57.419,-116.62,84.804
109.45,-366.28,38.217
200.1,-464.09,30.319
13.111,-255.52,51.033
264.52,-534.82,27.073
-14.486,-198.07,81.618
244.37,-486.48,21.399
270.56,-488.07,62.745
232.4,-456.17,69.859
110.04,-376.09,57.286
113.8,-303.68,59.186
267.54,-544.49,33.671
136.61,-358.73,78.317
-79.087,-117.05,41.094
164.93,-396.64,27.455
129.13,-373.83,77.325
304.24,-518.69,30.315
18.126,-204.56,36.565
138.13,-396.89,35.023
48.352,-292.76,41.31
41.86,-217.65,46.77
94.154,-284.54,69.237
150.21,-356.74,71.031
65.146,-308.62,76.094
19.46,-243.64,80.688
181.5,-391.92,68.96
221.31,-498.12,43.381
211.63,-415.71,54.311
-57.296,-162.46,58.635
20.617,-185.28,54.437
64.14,-293.96,33.32
-31.861,-133.6,81.395
-57.148,-91.504,78.977
286.93,-504.32,27.732
238.15,-504.75,64.175
-81.364,-105.69,81.875
241.44,-468.39,69.992
127.01,-342.78,31.852
-60.016,-138.05,81.137
-45.8,-141.77,35.022
141.19,-397.85,72.381
266.94,-515.28,69.275
73.736,-300.85,32.257
55.901,-250.78,79.49
81.798,-340.98,47.772
-69.978,-58.904,65.84
186.51,-461.1,52.71
84.411,-267.63,60.948
182.03,-383.44,57.492
116.42,-352.03,79.497
135.88,-389.94,32.874
-72.499,-96.334,34.906
254.38,-515.75,23.425
196.17,-465.64,34.98
111.87,-348.56,79.444
79.574,-311.86,80.605
204.05,-431.26,26.394
65.924,-303.38,35.048
128.16,-395.97,47.165
-76.826,-71.073,37.825
187.7,-410.89,28.337
249.38,-485.25,21.702
16.053,-230.18,82.985
69.164,-259.06,74.934
-40.157,-117.78,39.791
180.03,-385.21,64.553
170.61,-432,32.302
-43.591,-171.3,75.869
252.72,-502.48,20.946
95.706,-282.09,61.971
217.08,-459.78,73.385
265.66,-512.13,89.618
211.66,-440.96,45.971
190.74,-467.79,64.395
153.02,-352.67,70.115
-3.4954,-238.3,77.828
77.238,-339.79,79.351
1.556,-162.58,85.32
25.539,-268.64,63.699
146.59,-403.12,51.495
86.322,-273.11,82.439
258.18,-532.35,79.219
123.12,-343.77,98.633
210.8,-481.15,83.881
-35.572,-120.84,96.546
38.304,-246.09,53.477
69.035,-257.1,91.452
157.82,-358.54,68.513
203.99,-411.88,61.462
133.31,-370.71,98.814
155.67,-398.81,47.717
-45.985,-168.57,97.195
102.25,-337.3,50.782
-15.104,-216.87,92.045
186.6,-459.09,56.911
101.91,-348.75,53.042
-33.346,-189.89,94.371
33.434,-274.63,95.279
118.17,-330.47,96.909
231.81,-451.07,86.578
43.216,-227.42,94.992
222.17,-429.25,72.011
-11.329,-217.57,62.528
-50.267,-106.6,59.603
-73.704,-135.37,93.227
55.5,-303.13,93.988
-68.761,-126.5,57.778
234.81,-506.52,82.071
87.999,-276.17,84.629
-24.078,-178.31,103.78
63.245,-302.77,55.081
136.12,-334.86,83.362
285.39,-521.95,87.504
165.84,-367.78,67.698
5.6298,-250.24,79.838
88.619,-310.2,51.52
246.35,-527.25,63.482
220.73,-440.57,88.159
-11.34,-147.59,90.117
171.21,-373.48,76.99
215.43,-424.51,60.287
256.15,-536.59,69.9
109.07,-377.36,70.702
300.26,-517.4,49.87
127.1,-393.56,85.624
-35.901,-113.08,90.167
191.19,-468.17,63.978
151.23,-421.8,60.985
24.862,-193.09,76.61
173.16,-436.4,89.75
-18.666,-196.3,57.336
268.83,-483.17,53.54
-87.464,-104.03,100.3
-51.679,-170.3,88.465
-65.587,-105.16,54.993
121.77,-335.14,96.862
115.01,-370.39,93.805
106.59,-362.87,56.556
76.488,-265.77,90.472
53.301,-230.45,75.892
29.835,-277.92,67.617
41.215,-214.68,76.5
56.609,-306.68,61.646
64.657,-302.98,54.545
19.37,-248.2,56.954
176.02,-407.74,47.122
-31.467,-115.6,81.913
259.98,-475.4,80.186
61.124,-289.84,101.57
-3.4478,-225.91,61.014
-2.1307,-230.21,95.077
181.37,-417.75,46.171
20.619,-204.94,58.475
-4.0785,-190.54,54.447
248.76,-457.95,63.072
-50.975,-164.73,95.195
29.996,-238.88,53.461
191.64,-397.2,64.617
248.96,-529.88,66.808
175.54,-422.22,95.629
48.002,-280.6,100.41
287.85,-509.74,81.928
-36.334,-115.05,66.599
134.63,-400.45,58.914
-75.968,-118.24,58.46
193.56,-463.48,84.552
-60.354,-134.52,56.677
222.04,-443.2,48.986
-41.957,-186,75.551
220.11,-427.59,74.586
-18.388,-183.03,104.08
211.35,-480.09,85.158
265.38,-479.79,78.366
183.34,-417.25,95.65
-100.84,-97.685,67.34
39.882,-269.45,54.809
207.83,-459.63,44.494
185.04,-391.86,82.303
220.08,-450.05,91.947
-55.419,-82.64,73.829
-64.08,-155.65,77.784
292.64,-505.26,71.065
260.39,-500.75,90.008
-36.032,-114.01,68.08
-42.408,-176.56,63.897
-7.6246,-158.55,63.545
119.42,-385.56,85.095
-49.928,-171.62,69.142
63.213,-244.51,71.229
22.503,-221.64,54.405
-3.3242,-228.37,62.455
64.835,-285.01,52.251
226.1,-440.73,83.961
13.838,-238.85,100.78
46.284,-302.05,79.358
245.62,-462.28,83.137
19.282,-186.95,72.443
-70.492,-88.636,103.36
141.17,-383.5,48.707
80.002,-300.85,101.63
-26.968,-203.54,89.165
48.42,-253.17,54.037
-48.062,-173.6,90.724
208.15,-433.67,91.852
221.42,-456.16,44.031
50.419,-291.58,57.445
143.2,-341.21,70.963
241.05,-470.89,90.007
164.26,-365.97,78.653
-43.682,-134.23,55.067
165.78,-434.48,85.541
40.022,-294.25,75.622
227.21,-484.81,43.924
-59.814,-80.59,67.666
221.93,-488.76,86.098
202.35,-409.73,62.246
242.8,-517.87,51.702
144.93,-403.69,92.476
93.529,-357.63,67.312
174.95,-445.06,56.212
-82.01,-123.41,93.391
-0.90492,-226.59,98.201
101.43,-295.23,65.085
303.39,-520.84,49.502
189.5,-462.42,56.947
169.49,-428.33,49.905
265.14,-483.28,49.647
243.86,-475.52,90.195
205.33,-436.72,45.718
100.62,-301.71,58.502
144.18,-345.67,85.056
171.11,-410.12,46.605
-85.687,-125.02,77.596
93.324,-293.03,58.663
-31.292,-115.9,77.247
203.92,-437.89,45.226
284.37,-497.3,55.847
191.78,-469.34,71.186
257.07,-485.97,43.664
142.88,-375.61,48.563
-41.254,-110.02,64.97
-11.13,-221.62,92.504
242.43,-505.71,44.253
145.62,-355.08,56.195
194.07,-436.73,44.977
86.257,-343.28,90.571
-5.4171,-173.71,57.503
17.257,-194.47,96.452
81.111,-282.13,97.273
78.83,-336.4,88.928
228.27,-474.27,42.434
115.49,-309.24,69.641
79.302,-336.35,89.551
57.577,-238.29,69.481
175.7,-383.31,85.216
3.4792,-182.12,99.796
208.4,-462.87,44.907
-39.254,-105.42,74.458
90.613,-332.4,52.795
58.967,-280.5,102.38
291.69,-512.68,80.896
295.39,-522.11,83.677
195.94,-440.84,44.857
-25.645,-208.65,77.397
263.91,-543.61,72.044
155.99,-383.37,97.031
281.46,-519.7,39.427
-52.633,-144.72,102.92
268.41,-507.41,40.143
19.524,-201.87,59.233
97.669,-323.54,100.87
30.349,-256.67,54.975
23.833,-197.29,66.305
-2.4771,-164.39,94.478
27.279,-278.12,79.591
191.3,-468.44,73.18
222.64,-471.27,42.957
204.78,-480.91,76.953
103.78,-297.37,65.941
123.57,-318.5,70.431
290.13,-520.39,85.546
-1.7163,-234.99,91.43
291.73,-529.11,38.967
97.416,-322.08,100.86
19.503,-214.39,55.079
56.114,-307.57,90.981
179.86,-384.98,63.571
187.86,-406.18,91.146
50.021,-304.08,67.953
217.34,-479.32,46.225
143.68,-341.66,71.516
-5.6412,-209.2,102.33
-41.672,-163.51,101.9
231.74,-442.26,58.685
-76.429,-116.08,57.959
-75.005,-130.58,63.939
-9.3653,-174.37,102.91
-32.143,-125.86,96.641
24.338,-210.14,58.276
57.427,-309.97,63.626
151.04,-362.75,92.411
142.88,-342.32,66.767
236.19,-476.37,91.924
-93.704,-100.22,97.89
-17.743,-217.54,86.452
-69.122,-116.66,55.656
129.85,-339,55.663
7.2901,-210.53,103.98
26.883,-198.97,88.809
131.61,-374.9,98.066
-52.959,-130.01,104.72
141.21,-394.93,51.053
-13.202,-223.37,86.812
22.512,-236.51,103.33
222.94,-441.96,87.452
155.4,-401.82,96.614
45.642,-272.88,101.66
276.43,-494.76,49.16
245.53,-455.34,74.351
211.07,-488.25,75.147
157.4,-420.64,89.831
135.46,-349.23,95.403
-9.9772,-228.46,72.736
82.042,-344.53,69.079
3.9182,-210.31,103.91
259.26,-516.99,41.082
-83.741,-127.02,74.594
96.845,-288.81,87.028
35.31,-259.06,102.12
151.86,-399.8,96.414
254.1,-476.89,86.087
78.684,-306.39,101.51
209.79,-466.43,91.393
38.47,-246.41,53.461
251.43,-529.32,53.908
239.55,-483.74,91.665
6.0758,-170.31,70.485
49.298,-305.88,78.624
147.67,-379.14,48.466
164.38,-437.48,79.78
289.51,-500.48,65.211
-17.813,-210.68,63.952
292.73,-504.64,69.151
205.83,-419.79,86.181
-78.837,-83.275,104.39
13.322,-177.66,82.067
204.21,-481.05,60.396
-11.582,-197.76,103.18
283.31,-496.89,74.554
-95.399,-108.6,88.464
185.47,-401.18,52.968
224.15,-493.68,49.372
-56.284,-136.04,55.793
99.282,-342.12,98.622
40.988,-273.09,55.363
-64.666,-70.258,87.622
61.386,-259.96,99.044
-56.478,-80.889,74.402
11.147,-233.45,101.43
-22.241,-143.26,60.722
269.81,-549.2,72.764
47.199,-302.6,72.382
299.81,-511.36,64.282
60.746,-277.75,52.49
-90.583,-85.033,55.558
179.76,-426.44,95.404
37.141,-213.58,89.924
72.128,-327.84,89.704
12.037,-213.17,103.78
16.245,-258.9,66.127
145.71,-379.78,48.322
149.31,-416.91,57.982
58.491,-316.71,81.169
287.39,-499.23,58.535
-66.346,-67.528,72.672
83.733,-338.16,59.254
50.01,-296.05,94.362
246.84,-519.2,81.157
-63.139,-127.93,56.118
258.14,-518.71,87.307
-16.877,-218.5,71.33
178.23,-451.07,58.747
-65.705,-79.793,97.746
204.46,-453.4,93.595
-1.6613,-158.75,86.622
-66.728,-116.72,55.217
-52.43,-85.904,77.077
133.35,-379.54,49.864
69.311,-329.24,82.73
72.728,-256.17,71.997
90.964,-294.47,56.378
302.11,-524.01,45.471
165.19,-373.91,57.774
211.65,-423.19,83.103
-49.336,-176.26,78.079
209.32,-477.89,85.338
-39.924,-114.99,62.795
138.46,-339.19,85.628
248.56,-458.44,60.89
47.808,-299.85,88.461
-2.3711,-213.72,55.806
-98.072,-102.69,91.178
100.49,-295.44,89.412
104.14,-294.33,78.442
205.31,-411.4,66.012
20.651,-248.44,56.442
103.34,-370.68,70.949
-1.2449,-218.24,101.37
271.61,-534.95,85.497
71.068,-267.09,96.478
134.39,-391.81,93.124
21.016,-218.64,102.93
125.89,-372.97,97.283
260.66,-492.46,42.423
179.48,-454.27,61.595
105.54,-298.49,85.205
89.486,-277.27,71.156
114.14,-330.71,98.578
169.06,-370.72,75.493
43.805,-238.48,56.61
-51.982,-152.48,-64.176
221.44,-430.77,-35.018
196.66,-443.79,-27.811
47.647,-289.77,-65.166
154.62,-396.57,-75.704
14.36,-177.73,-61.094
-1.5131,-152.26,-55.153
180.85,-446.44,-39.022
176.48,-435.24,-33.54
140.19,-339.07,-67.545
215.47,-480.75,-35.599
112.25,-362.25,-70.328
152.4,-420.19,-51.729
194.66,-421.58,-76.016
112.11,-325.1,-75.682
27.972,-272.04,-52.266
-47.564,-102.44,-24.903
60.213,-233.91,-57.29
49.975,-229.51,-33.151
289.01,-499.02,-36.989
-67.373,-75.193,-23.084
-15.74,-147.71,-26.721
58.551,-292.63,-71.863
-39.662,-166.3,-27.174
-61.578,-151.53,-41.703
-71.024,-80.225,-20.012
155.1,-412.52,-69.303
57.253,-258.7,-74.682
157.36,-355.99,-64.855
50.783,-233.57,-68.587
-49.045,-83.759,-47.574
111.6,-353.77,-29.815
141.74,-369.42,-76.913
213.96,-470.13,-71.992
253.45,-468.3,-69.485
92.54,-345.55,-65.18
-76.721,-85.228,-68.461
2.9768,-233.38,-35.863
43.307,-211.56,-43.237
-40.415,-149,-22.039
12.399,-241.89,-66.115
149.83,-348.34,-65.886
-62.477,-68.175,-32.713
0.19938,-205.97,-72.702
232.29,-455.65,-28.06
167.74,-436.02,-57.54
-16.596,-205.18,-63.586
-27.659,-190.86,-33.012
136.27,-401.97,-54.401
215.48,-415.55,-54.131
162.52,-427.97,-41.257
256.86,-522.3,-32.941
251.46,-512.97,-30.777
-11.866,-138.97,-37.171
238.69,-511.27,-57.719
-92.816,-102.91,-55.245
8.8617,-169.18,-36.198
250.59,-499.94,-74.245
8.7674,-198.71,-24.002
205.48,-416.48,-33.154
180.62,-379.03,-43.651
-63.005,-135.14,-64.386
-28.152,-198.28,-47.211
187.82,-447.62,-69.412
-52.719,-148.52,-26.563
74.559,-261.1,-67.63
284.72,-532.02,-74.271
257.65,-462.36,-58.743
96.977,-280.24,-58.419
-74.936,-126.13,-58.664
20.93,-257.8,-62.375
271.84,-475.94,-46.561
151.92,-394.38,-75.531
17.716,-185.44,-32.846
133.18,-389.69,-35.721
133.76,-393.16,-65.597
291.75,-526.46,-74.326
98.135,-313.57,-76.262
14.446,-171.92,-49.472
-19.17,-195.66,-28.994
20.454,-182.7,-39.532
199.23,-446.81,-27.828
-3.4786,-206.64,-25.734
275.14,-525.61,-73.793
-57.582,-95.638,-21.786
234.88,-475.1,-25.875
51.231,-240.78,-28.551
23.459,-266.06,-47.027
261.46,-494.44,-74.963
104.69,-321.38,-26.928
-9.1125,-143.56,-36.326
-95.677,-84.032,-63.898
-33.104,-160.36,-70.939
95.732,-308.16,-75.906
146.98,-377.88,-26.946
121.9,-372.29,-32.776
131.54,-321.87,-44.94
82.231,-269.49,-34.914
-21.89,-189.3,-27.539
195.38,-466.29,-46.511
280.77,-515.46,-25.266
-55.843,-157.18,-37.056
142.51,-336.17,-61.365
266.7,-542.18,-46.202
53.005,-236.99,-31.183
-35.229,-125.44,-67.693
219.06,-421.84,-42.249
87.321,-297.74,-26.901
226.83,-498.94,-43.643
-3.8218,-226.52,-37.866
91.651,-290.64,-72.478
134.77,-335.06,-69.24
163.38,-431.84,-55.57
-57.76,-143.98,-27.59
209.85,-439.8,-76.008
248.14,-450.5,-49.043
-92.282,-101.57,-29.988
214.64,-475.9,-69.21
-8.5526,-152.84,-29.443
-85.529,-101.61,-24.116
158.08,-365.53,-71.433
217.23,-473.32,-72.057
-80.265,-86.419,-68.327
257.75,-484.31,-27.065
-47.284,-171,-41.258
72.476,-265.13,-71.282
61.646,-248.51,-31.251
-10.525,-144.26,-60.229
151.84,-390.3,-76.29
203.29,-435.21,-76.319
-73.205,-85.735,-68.303
163,-431.48,-48
190.06,-403.12,-72.145
69.73,-311.54,-32.924
267.48,-521.81,-72.798
141.3,-337.04,-64.379
308.04,-513.92,-47.718
112.1,-354.58,-73.786
133.03,-322.42,-48.923
48.86,-234.42,-29.731
76.08,-330.72,-57.752
86.737,-266.66,-45.886
93.325,-312.15,-76.477
-74.607,-94.073,-18.895
-30.275,-111.28,-51.49
120.02,-376.09,-36.908
-12.826,-135.76,-40.395
37.191,-242.7,-24.963
214.03,-486.66,-48.638
52.037,-250.57,-26.371
268.5,-544.2,-46.778
152.92,-357.49,-33.685
21.868,-187.15,-60.772
110.13,-356.84,-71.886
65.364,-295.59,-28.305
265.65,-503.05,-25.27
203.01,-436.04,-26.518
261.03,-530.41,-63.785
101.47,-358.94,-41.781
209.12,-453.7,-26.939
84.516,-323.93,-72.647
-57.675,-71.012,-42.733
261.74,-507.72,-25.627
136.09,-345.54,-73.737
-80.878,-107.88,-63.973
6.0683,-190.07,-72.254
79.855,-328.3,-36.215
-89.473,-93.535,-22.736
16.522,-176.69,-40.539
249.33,-451.96,-54.214
17.917,-251.41,-35.117
243.89,-486.81,-75.371
36.106,-206.44,-36.633
107.5,-367.88,-45.309
31.826,-236.63,-74.786
70.815,-286.36,-76.031
197.23,-465.27,-40.297
148.75,-416.11,-51.042
14.935,-247.4,-34.886
-29.091,-151.55,-71.607
35.983,-207.89,-35.122
56.739,-243.98,-30.259
-31.331,-147.2,-21.597
70.396,-255.32,-34.061
-71.423,-138.13,-47.502
288.68,-519.68,-25.786
170.82,-366.78,-57.367
193.93,-453.45,-32.853
162.88,-367.77,-69.512
68.571,-321.99,-56.56
93.361,-292.09,-72.245
-24.433,-193.26,-64.118
245.89,-488.41,-25.729
43.161,-289.35,-58.639
95.397,-277.49,-56.422
-30.098,-110.94,-40.95
-55.182,-152.13,-61.413
-14.736,-143.49,-29.537
259.14,-503.96,-25.573
288.94,-517.88,-26.259
92.03,-275.73,-61.071
134.74,-326.43,-60.252
165.19,-361.92,-43.151
185.03,-388.99,-37.17
-24.164,-122.15,-55.855
238.38,-480.91,-25.918
78.381,-269.46,-31.855
204.98,-476.86,-47.703
71.799,-292.33,-26.319
94.221,-291.85,-71.693
-8.6782,-213.15,-65.774
69.959,-268.02,-28.098
-53.95,-103.52,-67.819
93.279,-280.76,-65.147
71.738,-247.15,-47.913
56.15,-305.09,-59.811
-52.025,-79.509,-47.398
158.62,-375.57,-28.778
71.421,-246.66,-52.518
-59.727,-154.01,-41.447
31.514,-228.89,-74.261
230.88,-449.34,-72.434
-52.788,-148.25,-65.617
-13.018,-208.52,-32.119
255.66,-513.82,-71.336
148.65,-415.02,-46.04
127.31,-388.47,-41.34
19.942,-184.2,-36.687
93.83,-327.1,-75.218
227.77,-439.54,-69.087
105.34,-337.46,-75.996
84.887,-266.85,-40.934
19.082,-231.66,-25.559
260.14,-518.29,-28.764
211.43,-411.25,-48.503
78.746,-275.32,-29.512
6.7305,-191.26,-24.469
206.86,-445.16,-26.402
-46.251,-132.4,-70.706
40.027,-278.04,-66.644
79.778,-326.75,-35.075
204.38,-476.52,-50.108
133.64,-324.07,-45.646
-21.234,-136.74,-27.894
225.08,-453.66,-26.837
253.39,-516.89,-31.842
3.7197,-186.75,-72.101
237.52,-444.33,-38.211
250.05,-498.37,-26.317
13.71,-178.36,-62.49
84.502,-321.04,-29.334
-85.073,-102.91,-63.242
-12.38,-218.34,-54.621
225.41,-489.2,-33.717
-61.85,-147.28,-56.942
191.28,-462.53,-51.944
42.613,-265.18,-27.154
161.71,-427.5,-41.919
96.373,-282.45,-39.504
99.877,-295.59,-32.604
153.39,-391.99,-76.293
236.56,-479.65,-75.459
37.044,-283.44,-53.368
75.204,-277.64,-74.435
141.99,-340.3,-36.97
-0.48305,-223.85,-31.772
83.568,-267.59,-63.799
179.4,-383,-36.951
-16.894,-129.02,-48.965
266,-481.42,-69.135
187.18,-455.64,-42.28
268.54,-481.23,-67.135
185.01,-432.66,-74.785
-96.005,-101.73,-36.897
-17.163,-128.4,-46.477
58.444,-279.64,-75.152
285.44,-524.1,-24.85
-10.96,-206.41,-29.242
-67.438,-75.406,-63.789
256.84,-485.08,-74.369
72.084,-251.29,-61.305
147.71,-412.81,-60.208
-2.6466,-191.62,-73.252
6.2995,-243.93,-46.806
-76.71,-64.449,-64.081
194.21,-463.35,-42.435
246.24,-483.95,-25.625
294.33,-512.66,-69.266
-95.961,-102.48,-48.588
173.77,-371.41,-43.533
-32.589,-188.41,-58.033
291.35,-503.56,-65.179
184.06,-443.8,-69.31
50.889,-220.16,-50.336
166.49,-435.65,-50.346
293.19,-523.1,-73.515
-79.437,-69.136,-19.233
96.764,-338.77,-72.766
227.07,-432.36,-39.339
-62.854,-127.94,-67.136
125.33,-313.01,-51.065
203.85,-402.75,-53.257
9.3333,-246.84,-43.431
209.07,-470.9,-68.69
57.757,-261.09,-74.983
-5.2083,-214.37,-67.807
120.27,-375.86,-67.326
236.55,-509.59,-56.303
-72.339,-136.99,-44.565
-42.364,-141.4,-21.249
190.56,-432.85,-75.967
-94.662,-80.173,-65.497
-35.872,-122.36,-66.846
244.3,-455.22,-67.376
280.36,-487.51,-40.328
-60.658,-80.965,-25.23
127.27,-345.95,-76.322
129.8,-322.13,-40.98
96.652,-289,-34.121
88.966,-347.1,-54.861
-5.3925,-193.13,-23.487
226,-489.61,-67.825
-82.072,-120.95,-36.567
83.368,-333.15,-66.389
133.91,-347.32,-28.706
-75.716,-86.842,-68.544
134.16,-382.44,-72.943
-43.834,-120.86,-69.233
281.76,-498.06,-31.524
-42.66,-96.747,-55.541
202.49,-401.33,-53.99
-72.237,-64.541,-61.48
72.722,-314.45,-32.548
33.099,-221.43,-72.377
128.92,-391.75,-60.118
176.13,-444.95,-57.97
187.55,-424.19,-76.562
-86.646,-72.433,-17.789
-56.435,-75.259,-35.309
247.81,-522.51,-51.063
243.94,-448.13,-42.467
82.423,-294.83,-76.001
-85.377,-72.315,-67.801
212.6,-459.97,-27.335
10.908,-224.87,-26.151
-40.493,-175.74,-59.612
9.0132,-164.61,-49.741
158.61,-416.66,-34.441
81.929,-292.47,-75.793
109.57,-374.93,-16.374
141.96,-385.91,-13.057
73.51,-338.13,-18.881
55.812,-251.6,-44.239
-85.437,-142.37,-27.422
241,-514.28,-58.889
11.811,-272.99,-42.244
233.7,-455.83,-40.177
153.34,-441.13,-43.215
146.05,-360.66,-30.321
198.1,-486.82,-26.018
17.998,-257.94,-12.857
103.42,-331.08,-60.098
53.764,-324.84,-29.023
-14.268,-165.66,-48.694
195.42,-415.69,-30.593
-50.601,-185.12,-19.809
242.35,-485.26,-13.906
47.353,-295.45,-13.853
-52.178,-155.07,-56.525
-51.548,-104.19,-30.128
270.07,-529.83,-60.636
-80.469,-138.8,-14.207
25.51,-222.03,-52.764
135.09,-371.33,-61.193
-52.758,-156.51,-7.8399
175.95,-402.56,-54.48
-59.777,-137.8,-56.312
-72.981,-130.16,-54.634
38.852,-308.51,-36.423
-64.07,-110.18,-8.0317
144.95,-413.04,-59.715
1.6544,-230.42,-10.765
20.002,-203.64,-29.668
73.084,-274.16,-45.993
49.764,-321.57,-40.845
209.81,-502.32,-40.366
10.604,-249.5,-12.914
-16.616,-236.29,-40.168
-22.54,-224.53,-22.708
-54.022,-185.75,-27.585
144.09,-405.51,-61.557
261.74,-552.81,-22.867
197.33,-486.27,-47.076
197.26,-485.92,-47.498
30.945,-249.73,-11.314
18.562,-203.54,-25.859
40.553,-273.06,-11.334
-68.345,-124.34,-55.716
29.692,-281.29,-16.454
-114.39,-100.43,-34.186
-64.268,-86.979,-34.753
241.46,-534.95,-42.402
-70.091,-114.15,-55.018
179.44,-412.87,-16.901
31.77,-227.51,-19.614
101.24,-363.08,-15.524
-106.35,-93.481,-49.607
194.94,-473.22,-56.481
65.122,-266.03,-24.656
-106.78,-98.716,-47.105
-0.42029,-202.62,-57.738
3.8298,-181.28,-31.697
-116.93,-97.206,-24.473
-91.239,-85.666,-4.0539
194.7,-414.72,-43.902
97.058,-300.97,-38.427
167.02,-431.76,-61.175
12.94,-272.24,-46.1
-107.88,-107.35,-19.454
80.313,-358.74,-34.856
200.19,-460.73,-12.228
137.54,-355.36,-24.009
258.39,-489.49,-51.751
-54.865,-172.44,-50.499
98.97,-378.21,-28.518
185.14,-471.81,-24.704
126.15,-411.76,-35.305
-50.89,-113.65,-45.677
-79.919,-98.143,-5.1079
-68.767,-166.22,-31.218
-59.456,-102.66,-14.442
-54.774,-100.97,-24.027
141.58,-362.37,-53.528
23.282,-207.36,-32.231
-56.172,-110.69,-48.456
53.7,-326.15,-32.347
83.597,-297.12,-55.405
-112.86,-103.45,-31.303
201.49,-448.63,-12.903
-71.865,-130.64,-6.7736
-16.593,-154.49,-38.857
240.99,-519.82,-56.694
32.651,-258.99,-60.951
19.655,-203.97,-27.738
-114.02,-96.768,-40.55
-80.55,-78.575,-9.6112
6.2816,-265.62,-28.859
152.46,-368.47,-29.38
209,-481.52,-59.182
187.51,-409.92,-49.259
249.2,-541.8,-44.997
112.76,-329.01,-21.434
272.14,-520.37,-59.311
11.623,-193.44,-26.996
199.07,-443.21,-13.536
105.16,-310.79,-36.274
292.51,-520.52,-45.137
255.93,-537.84,-16.084
88.459,-290.57,-34.566
-78.787,-71.628,-15.682
265.07,-527.12,-10.778
60.021,-270.02,-56.045
151.94,-367.5,-30.122
-43.373,-136.93,-53.197
-2.8134,-196.47,-11.434
171.61,-388.06,-35.622
-99.755,-90.846,-52.888
98.797,-306.05,-46.857
88.785,-300.79,-53.75
110.29,-390.69,-47.747
-53.76,-102.81,-37.438
-44.324,-179.22,-54.39
-23.657,-145.31,-25.004
47.39,-295.58,-59.49
245.08,-540.05,-34.977
177.42,-444.04,-13.806
38.851,-299.18,-20.588
197.92,-431.19,-57.038
256.08,-550.29,-42.468
220.24,-467.07,-12.884
175.67,-397.82,-50.526
142.89,-372.65,-58.697
254.11,-477.18,-35.55
-44.251,-158.99,-57.302
84.026,-285.16,-39.728
203.46,-456.53,-61.94
-58.095,-96.455,-36.763
138.17,-381.2,-62.319
123.64,-355.59,-14.86
11.309,-194.92,-44.67
-4.5035,-180.57,-17.01
133.03,-394.96,-14.212
-73.855,-72.71,-25.481
126.7,-411.13,-30.856
273.99,-518.9,-58.343
-70.874,-78.132,-35.747
257.16,-549.39,-24.83
73.599,-279.96,-51.786
278.56,-515.24,-54.489
176.99,-404.27,-54.869
-74.034,-106.63,-54.473
82.582,-291.19,-21.872
-54.471,-101.97,-37.713
50.805,-291,-12.106
5.3241,-188.95,-46.794
238.36,-473.82,-17.239
137.09,-422.89,-31.092
287.43,-533.51,-58.178
-85.068,-143.28,-30.239
-111.11,-91.718,-10.005
123.92,-392.81,-16.984
204.85,-485.03,-55.562
235.18,-504.95,-12.558
136.46,-347.94,-39.308
-76.346,-130.99,-53.308
30.677,-217.11,-37.766
-60.706,-91.316,-32.104
-57.13,-97.713,-23.654
-51.318,-117.09,-13.253
53.071,-316.75,-20.863
-65.098,-155.17,-12.164
-73.304,-144.69,-50.288
157.72,-375.08,-47.174
-0.21851,-182.24,-20.371
-66.961,-158.8,-47.82
27.819,-256.96,-10.913
127.32,-400.42,-56.476
68.838,-281.18,-17.101
-11.883,-230.18,-16.36
279.08,-506.88,-25.428
-72.608,-136.64,-8.511
247.82,-479.57,-52.99
40.31,-268.85,-61.21
29.302,-244.58,-11.666
-72.663,-145.62,-12.223
103.68,-375.54,-55.055
-66.561,-114.48,-54.511
198.52,-469.56,-59.647
15.795,-197.99,-29.625
66.014,-338.76,-27.579
-8.152,-242.54,-47.921
100.18,-379.73,-46.609
271.67,-507.43,-17.529
68.465,-335.42,-21.057
-28.44,-210.6,-17.17
39.935,-234.16,-23.432
161.38,-396.75,-15.456
262.14,-488.12,-45.314
80.185,-338.1,-15.295
-76.609,-93.433,-6.8573
241.06,-514.14,-13.188
203.26,-467.69,-12.583
35.365,-224.44,-28.832
252.05,-474.98,-36.974
15.258,-265.72,-54.175
231.14,-520.46,-48.574
116.11,-341.19,-16.778
2.6787,-253.16,-19.521
-82.757,-73.989,-47.298
132.38,-353.19,-54.589
46.057,-314.77,-27.866
169.15,-434.69,-13.836
274.5,-499.56,-41.358
-30.28,-195.03,-56.167
-15.552,-186.26,-57.825
8.681,-261.17,-19.919
130.59,-384.29,-62.474
265.37,-546.34,-55.834
169.7,-444.99,-57.45
55.763,-327.35,-45.053
125.84,-405.88,-50.894
242.39,-531.85,-48.914
252.54,-547.42,-31.223
121.28,-393.43,-18.824
90.949,-309.18,-17.257
-60.699,-169.58,-17.777
28.476,-237.89,-12.82
42.724,-263.44,-60.426
-79.048,-64.862,-28.059
55.194,-328.63,-35.63
125.73,-411.45,-37.43
175.18,-397.74,-51.034
30.868,-217.13,-34.974
100.44,-381.83,-42.511
85.165,-313.49,-13.483
-78.907,-149.59,-39.497
4.4463,-203.93,-12.419
10.461,-258.28,-16.635
-6.6893,-243.09,-49.247
184.65,-427.68,-61.108
76.101,-291.79,-57.284
201.39,-453.08,-12.282
246.79,-541.63,-32.771
-47.495,-111.45,-24.242
175.21,-449.47,-16.446
181.23,-413.48,-17.55
51.147,-323.02,-32.304
116.84,-399.65,-45.169
-7.416,-242.96,-48.476
49.383,-311.89,-53.26
-61.194,-145.93,-55.547
202.05,-421.5,-37.199
-74.53,-96.816,-52.414
-23.937,-162.5,-53.823
-80.457,-95.387,-53.666
-55.23,-100.07,-35.883
183.06,-431.48,-12.755
184.95,-439.81,-62.301
260.44,-547.05,-18.805
242.66,-536.17,-29.065
274.34,-520.28,-12.839
58.168,-307.11,-13.635
150.17,-398.48,-12.753
-71.004,-78,-35.851
122.67,-331.9,-40.229
5.9035,-237.22,-59.169
60.099,-332.83,-44.783
-53.824,-185.58,-39.221
209.18,-500.88,-30.055
92.737,-344.02,-61.802
172.86,-406.9,-58.798
105.13,-314.32,-47.852
230.47,-467.24,-57.05
40.717,-306.99,-47.478
-18.999,-178.44,-9.7332
239.57,-522.15,-17.348
230.59,-506.21,-14.45
-80.512,-132.27,-10.585
110.96,-362.49,-62.339
202.32,-459.96,-61.98
10.933,-254.45,-56.611
266.17,-531.27,-60.398
-33.995,-210.64,-24.05
246.96,-482.46,-55.523
248.5,-503.47,-11.315
209.04,-472.37,-12.275
102.76,-379,-51.361
97.725,-314.26,-19.025
266.37,-543.05,-57.697
113.03,-374.81,-14.939
-76.767,-112.74,-55.138
166.93,-392.95,-54.849
108.66,-387.23,-25.51
296.86,-522.88,-31.488
17.459,-202.98,-44.771
140.18,-392.75,-62.627
49.756,-289.01,-61.253
33.879,-221.92,-30.261
73.891,-298.29,-13.538
128.17,-371.86,-12.891
48.018,-319.24,-32.509
0.085684,-256.08,-25.945
159.51,-407.05,-12.833
217.24,-498.77,-54.932
195.12,-426.78,-18.428
-62.491,-163.76,-48.926
8.5614,-192.76,-22.107
67.44,-288.96,-59.918
-55.217,-149.63,-7.1454
-79.841,-107.14,-4.8572
281.93,-506.58,-36.415
221.73,-515.11,-33.188
-100.6,-118.13,-20.491
217.93,-484.7,-12.523
126.86,-340.81,-48.978
-78.715,-150.01,-23.278
-42.73,-137.09,-52.954
123.9,-408.69,-32.846
244.81,-530.36,-19.025
76.878,-296.03,-58.665
32.574,-266.73,-11.399
79.915,-339.7,-58.794
-87.406,-70.657,-8.3203
179.02,-464.31,-50.458
68.076,-278.4,-18.017
164.94,-394.89,-17.959
94.494,-366.62,-21.507
138.66,-385.29,-62.617
-70.068,-92.276,-48.272
257.44,-511.18,-60.657
196.75,-462.7,-61.004
90.281,-362.86,-22.446
58.388,-325.8,-23.097
204.4,-429.01,-49.854
69.034,-298.44,-61.466
125.4,-395.42,-57.966
-77.791,-69.867,-38.099
187.38,-409.16,-48.433
250.97,-482.09,-52.28
-5.3488,-244.29,-20.505
47.064,-274.16,-11.537
-42.741,-117.83,-36.858
159.83,-399.02,-14.26
172.87,-427.77,-62.436
-58.65,-180.31,-32.369
255.95,-497.9,-58.073
78.668,-293.4,-17.343
194.51,-475.1,-18.722
233.06,-535.32,-2.8202
201.92,-446.5,-34.914
177.36,-475.53,-42.059
130.63,-368.14,-10.545
-18.626,-247.18,-37.536
59.834,-350.44,-36.413
-25.726,-181.8,1.0595
16.437,-272.95,-45.912
139.67,-405.97,-48.246
59.331,-292.08,-2.7864
233.98,-548.7,-22.646
89.66,-367.46,-0.17065
185.95,-497.9,-22.393
-67.378,-143.49,7.704
30.285,-250,-38.296
38.356,-278.85,1.838
136.14,-373.47,-11.711
184.57,-425.14,-15.262
100.99,-393.36,-5.6952
148.92,-401.71,-44.851
-71.817,-185.9,-16.142
95.505,-340.12,-44.728
-37.937,-231.78,-23.9
176.75,-464.14,-46.393
95.212,-351.4,-47.757
-57.43,-205.81,-20.487
7.7281,-291.8,-20.144
84.967,-354.04,1.3437
199.52,-474.22,2.2788
11.495,-249.93,3.4536
196.49,-447.4,-4.992
-19.626,-221.3,-44.897
-62.586,-114.14,-22.285
-96.838,-150.59,-19.826
30.118,-320.06,-21.453
-75.473,-129.21,-40.947
209.95,-523.33,-21.866
59.958,-295.93,-1.4879
-55.454,-200.13,-3.9816
56.492,-305.42,-47.223
107.65,-354.99,-1.7663
251.99,-545.93,1.5476
144.34,-382.59,-12.007
-10.646,-260.01,-36.188
80.748,-314,-40.169
231.36,-536.37,-38.605
188.18,-463.87,2.1228
-40.7,-168.4,4.2523
144.78,-392.11,-4.4681
196.21,-437.62,-15.466
237.41,-548.65,-32.503
95.23,-385.3,-42.078
283.38,-528.88,-17.991
104.68,-408.2,-28.069
-65.195,-133.88,5.7579
178,-475.77,-42.301
140.69,-427.3,-46.12
1.6994,-209.12,-6.1143
146.28,-454.68,-18.903
-25.397,-198.96,-44.048
251.2,-495.16,-17.274
-115.35,-123.08,-8.7805
-72.073,-183.32,-26.383
-73.486,-109.09,-32.943
88.545,-358.73,1.252
87.859,-388.78,-18.603
98.847,-366.23,-48.363
46.098,-287.3,1.3651
30.137,-246.46,-7.3224
19.051,-283.48,-44.467
17.908,-230.81,-6.6178
47.872,-310.72,-47.092
57.994,-305.58,-47.008
12.538,-250.9,-45.997
167.52,-412.18,-38.652
-56.953,-133.49,0.65688
229.3,-497.43,1.8046
29.734,-311.64,-7.4931
-11.279,-229.3,-45.432
-27.045,-246.76,-20.394
173.59,-421.6,-40.694
8.486,-212.25,-26.886
-12.032,-194.43,-36.622
226.66,-473.39,-9.9655
-75.452,-180.99,-18.645
22.465,-242.38,-39.6
170.93,-411.44,-13.172
232.15,-540.4,-35.799
143.9,-444.37,-7.5248
18.177,-301.1,-11.282
255.7,-532.93,3.397
-53.381,-126.36,-13.304
125.4,-404.94,-47.507
-82.812,-121.05,-40.743
169.08,-479.88,-23.472
-66.918,-137.15,-40.774
209.49,-451.05,-28.282
-55.613,-193.78,-37.676
193.25,-446.64,-3.3918
-50.265,-205.27,-2.7853
185.66,-497.5,-20.713
235.28,-501.4,1.3655
150.06,-440.84,-1.5987
-110.66,-102.66,-38.213
33.305,-272.01,-45.838
201.28,-462.44,-45.445
155.75,-412.69,-0.80696
186.65,-473.91,0.90229
-76.635,-97.258,-4.3835
-78.716,-164.21,-34.936
264.87,-525.18,-0.71989
227.2,-524.44,-0.6186
-53.981,-126.03,-11.601
-51.019,-180.55,-43.055
-22.906,-168.41,-18.626
97.585,-399.74,-29.134
-60.614,-177.16,-40.837
42.398,-258.7,-11.542
13.845,-226.1,-35.743
-11.658,-232.13,-45.254
57.507,-288.34,-41.481
194.93,-463.05,1.5429
-15.424,-258.9,-11.454
29.569,-312.16,-36.862
214.2,-484.83,2.0976
-1.5705,-201.18,-9.6522
-103.94,-112.41,8.2607
134.48,-386.32,-45.252
46.954,-324.09,-2.3674
-47.957,-217,-26.733
39.362,-257.96,-35.619
-69.796,-187.68,-24.16
174.85,-457.45,1.3871
212.79,-460.83,-37.579
43.197,-294.53,-47.378
120.65,-356.8,-10.251
207.67,-494.79,1.6148
137.23,-385.04,-3.6828
-51.872,-138.37,-33.513
141.91,-450.34,-25.07
25.331,-302.79,-39.747
220.67,-487.61,-46.22
-77.465,-92.413,-10.494
195.1,-507.1,-18.147
182.55,-423.27,-14.624
233.37,-522.76,-45.661
117.46,-422.38,-17.914
81.681,-364.03,-44.591
165.74,-449.61,-47.164
-105.23,-138.71,-19.088
-27.949,-244.86,-15.938
83.3,-307.32,-17.34
286.6,-532.26,-18.073
179.55,-467.56,-46.239
162.59,-431.2,-48.045
250.04,-493.27,-22.155
210.44,-499.44,1.3194
196.21,-441.74,-36.595
86.604,-310.53,-25.387
114.77,-366.52,-0.74179
163.83,-413.53,-42.468
-100.17,-133.51,-33.681
79.413,-301.76,-25.455
-54.4,-131.95,-2.9526
195.37,-442.44,-38.15
264.74,-510.91,-13.351
174.95,-479.74,-36.952
246.45,-492.35,-31.877
135.22,-379.29,-41.344
-57.266,-120.51,-15.01
-34.295,-236.8,-23.454
235.62,-508.7,-46.686
131.62,-363.94,-25.903
186.96,-440.03,-42.827
62.191,-359.17,-24.68
-16.422,-180.13,-28.216
-14.757,-217.21,4.7121
48.236,-305.46,2.3492
55.985,-351.33,-26.921
221.28,-477.56,-42.61
94.416,-323.65,-12.389
56.066,-351.59,-26.186
37.843,-251.63,-13.225
145.42,-404.86,0.15527
-29.48,-205.53,5.2927
201.88,-465.63,-46.14
-60.843,-120.3,-4.894
84.036,-334.98,-47.077
26.539,-303.18,-4.2177
259.8,-535.69,3.361
262.5,-545.83,3.576
189.03,-443.97,-43.624
-40.327,-217.21,-37.131
243.66,-556.86,-29.768
122.57,-407.06,-0.72173
272.85,-524.49,-36.362
-82.809,-165.59,-5.5518
260.09,-511.93,-37.456
6.8551,-209.62,-25.626
64.726,-346.69,-3.1479
23.784,-259.22,-45.384
6.4824,-208.76,-16.205
-33.651,-186.53,5.3234
10.794,-288.05,-36.657
173.44,-479.65,-35.306
215.9,-474.32,-43.836
184.3,-494.19,-30.629
85.086,-309.9,-16.362
101.85,-333.41,-11.429
256.88,-544.34,3.0555
-24.356,-249.74,-24.895
282.82,-534.18,-35.317
64.369,-345.32,-2.6998
10.208,-219.39,-33.832
32.618,-322.99,-25.223
160.15,-398.41,-15.007
155.1,-429.56,1.6561
38.769,-309.99,-44.532
210.51,-482.26,-47.22
120.82,-357.49,-9.7642
-35.848,-230.03,-8.1904
-71.032,-183.68,-8.3391
212.76,-455.23,-15.6
-83.169,-118.82,-40.493
-83.536,-134.56,-41
-42.824,-198.07,4.32
-63.991,-148.53,7.4932
12.289,-217.38,-27.248
47.895,-314.6,-46.485
118.61,-385.84,1.4993
122.62,-356.12,-14.07
203.08,-499.92,-1.5562
-119.84,-117.88,-12.235
-37.281,-229.86,-29.78
-75.692,-119.37,-38.814
116.79,-347.08,-27.796
-25.493,-233.53,-0.96313
-2.1869,-219.52,1.8971
100.34,-396.66,-8.7976
-85.483,-152.86,1.5556
134.48,-397.66,-48.01
-32.995,-235.89,-29.557
-9.539,-258.87,-4.2045
190.58,-465.15,2.1356
124.13,-423.63,-8.7283
14.745,-294.27,-8.4185
261.1,-504.96,-21.447
217.9,-475.04,-1.902
191.33,-500.96,-31.793
131.18,-438.36,-20.454
102.41,-372.72,1.3758
-22.568,-235.4,-40.756
69.643,-351.34,-43.768
-28.364,-232.88,-2.6221
252.76,-519.86,-45.17
-96.783,-134.39,-35.802
67.574,-309.52,-0.2674
4.2866,-280.56,-7.7259
120.99,-421.26,-9.8536
221.42,-500.37,2.7685
46.445,-328.92,-5.3416
179.78,-487.31,-11.255
30.467,-250.31,-38.352
240.78,-535.14,-44.216
206.83,-506.95,-3.0153
-13.539,-183.58,-11.128
32.905,-315.74,-37.442
139.72,-383.07,-40.422
143.95,-450.63,-31.388
264.69,-518.13,-4.8687
-26.588,-214.76,-44.306
265.86,-523.88,-1.8952
174.36,-442.28,1.4338
-112.14,-106.88,7.0032
-12.495,-195.75,-1.5579
192.25,-487.75,-43.66
-42.511,-219.2,-5.9438
254.27,-517.75,0.61071
-115.66,-121.59,-23.661
171.98,-409.71,-26.793
216.17,-497.44,-47.135
-62.835,-138.7,-40.016
69.118,-362.93,-11.5
34.334,-275.68,-46.312
-92.802,-90.228,6.4926
28.241,-283.46,2.6647
-78.008,-95.754,-3.7757
-18.596,-253.89,-10.152
-35.506,-151.53,-22.017
248.9,-562.98,-28.49
33.954,-310.03,-41.964
275.06,-528.98,-4.7577
53.159,-281.3,-40.447
-97.171,-87.807,-37.018
148.04,-448.66,-7.2682
7.4865,-234.57,2.0581
48.998,-342.98,-26.267
-21.069,-236.46,0.21753
6.2756,-263.85,-44.824
138.19,-383.35,-41.774
140.08,-421.42,-47.429
40.559,-327.76,-35.205
266.15,-514.1,-10.543
-86.909,-81.656,-4.7127
75.447,-341.89,-47.895
24.521,-313.06,-21.092
221.97,-536.04,-21.595
-69.677,-130.58,-39.967
228.46,-539.45,-11.008
-28.754,-224.9,-41.314
167.85,-456.5,-45.981
-97.881,-102.76,9.909
172.79,-475.64,-7.0312
-29.524,-178.41,1.9735
-73.415,-119.56,-37.974
-75.403,-101.89,-1.6987
126.8,-382.17,-46.712
50.278,-341.17,-33.589
51.315,-270.82,-10.837
78.702,-301.88,-28.97
287.87,-533.4,-23.073
149.45,-384.19,-22.389
181.25,-444.91,0.64548
-64.187,-184.97,-35.551
183.61,-495.31,-20.718
-54.522,-124.35,-17.999
108.93,-360.11,-0.58771
227.65,-472.96,-11.93
26.021,-313.92,-28.238
-8.9336,-216.29,-44.004
-119.92,-116.93,-20.561
70.141,-316.95,0.73853
78.73,-312.09,-5.39
183.33,-426.65,-10.918
13.918,-251.08,-45.842
89.534,-378.59,-42.096
-30.689,-238.44,-10.339
242.53,-555.24,-12.126
38.542,-290.18,2.7119
106.93,-410.48,-17.957
-12.411,-242.24,1.8944
95.653,-393.87,-11.498
250.81,-498.22,-33.618
167.79,-460.69,-44.455
76.905,-318.71,-1.1671
68.193,-291.83,-11.504
80.7,-354.4,0.50447
143.43,-388.73,-5.5897
32.631,-245,-30.085
3.5119,-107.09,-136.35
250.45,-406.64,-87.968
226.91,-418.19,-100.11
103.01,-244.37,-141.99
210.58,-351.05,-139.04
61.211,-139.69,-110.74
42.057,-116.82,-103.97
219.35,-414.2,-117.71
211.71,-405.61,-111.23
188.31,-300.05,-117.02
250.67,-451.18,-111.42
168.16,-316.53,-142.48
198.86,-381.7,-131.24
247.48,-378.78,-129.16
167.03,-280.58,-131.78
77.838,-230.79,-134.89
-17.713,-77.495,-84.003
104.13,-198.17,-107.27
82.659,-202.35,-92.162
316.1,-476.59,-82.832
-38.315,-50.887,-81.66
14.974,-122.05,-87.525
116.02,-245.72,-142.78
-3.3838,-135.77,-107.34
-16.218,-113.84,-123.58
-42.494,-56.215,-83.157
209.33,-368.15,-140.28
112.94,-213.54,-132.01
203.32,-318.69,-113.1
101.78,-192.22,-120.53
-9.3263,-51.388,-94.639
146.14,-324.65,-108.37
197.44,-324.21,-135.57
266.82,-427.02,-135.81
299.13,-431.34,-113.3
147.01,-300.85,-141.76
-22.221,-41.016,-125.14
44.238,-198.86,-119.42
80.283,-181.19,-96.055
-8.3777,-121.94,-96.856
68.536,-195.92,-141.26
196.64,-310.37,-114.61
-29.936,-41.331,-83.767
57.845,-159.07,-138.06
258.7,-433.41,-87.143
216.52,-395.77,-134.32
38.767,-159.81,-139.21
12.318,-157.37,-115.61
184.59,-362.01,-134.1
253.55,-384.51,-99.514
202.96,-394.18,-121.25
288.88,-495.31,-105.21
282.23,-486.98,-102.53
22.724,-110.47,-90.083
284.84,-473.23,-128.92
-40.929,-60.279,-130.19
42.989,-141,-91.012
302.28,-457.92,-131.06
39.673,-172.67,-93.536
234.42,-392.34,-88.842
214.74,-350.96,-94.391
-7.55,-89.815,-135.11
19.864,-158.49,-129.71
240.9,-404.22,-137.97
-16.646,-118.17,-106.32
124.39,-220.69,-118.86
334.7,-491.45,-126.77
296.66,-430.68,-100.59
140.8,-244.58,-108.2
-21.568,-82.345,-133.11
75.528,-212.96,-140.48
303.96,-449.64,-89.561
207.96,-348.78,-139.39
50.49,-158.24,-90.502
171.21,-357.78,-116.43
187.25,-349.27,-140.42
340.18,-487.26,-121.05
154.21,-268.08,-134.63
54.791,-138.98,-99.47
18.016,-164.4,-110.19
55.957,-153.47,-93.151
229.42,-421.26,-100.04
30.879,-177.67,-104.2
325.63,-484.6,-128.65
-28.548,-71.259,-83.929
261.75,-452.32,-91.956
82.525,-214.58,-92.518
70.714,-226.83,-130.75
311.39,-454.01,-123.94
135.51,-295.4,-96.668
25.109,-115.33,-89.887
-40.872,-39.319,-130.7
23.887,-114,-135.19
151.43,-262.98,-133.4
177.36,-352.21,-98.042
158.32,-341.66,-112.88
167.68,-292.17,-97.166
115.16,-242.16,-93.303
14.311,-158.83,-107.89
237.58,-431.18,-124.09
304.74,-495.12,-84.573
-13.11,-121.54,-119.39
186.85,-300.13,-109.96
306.04,-509.45,-118.39
85.001,-210.32,-92.125
16.909,-83.196,-119.79
251.2,-395.37,-91.128
118.27,-271.68,-95.914
266.3,-466.03,-119.16
38.754,-190.96,-121.62
144.44,-247.86,-125.82
184.13,-295.04,-119.44
211.36,-392.19,-133.33
-20.89,-112.99,-107.82
262.3,-397.3,-128.81
282.41,-422.48,-93.185
-53.453,-69.048,-110.03
266.56,-433.45,-135.65
23.02,-126.56,-88.048
-50.662,-72.241,-102.15
208.24,-324.89,-121.6
269.97,-430.32,-135.5
-25.2,-41.705,-127.3
282.84,-463.14,-85.057
-2.265,-133.56,-123.84
124.87,-222.66,-124.32
93.581,-221.88,-92.444
36.13,-106.4,-109.19
207.86,-344.76,-138.38
256.39,-392.17,-130.51
-19.244,-41.985,-123.46
207.15,-394.79,-127.58
239.72,-362.9,-121.12
107.68,-279.65,-114.9
318.19,-480.56,-130.22
187.44,-299.58,-113.22
339.32,-488.36,-87.452
169.02,-308.17,-142.13
171.04,-291.29,-99.684
80.459,-208.03,-92.069
127.66,-288.17,-138.4
124.3,-235.84,-98.31
150.07,-266.09,-136.65
-44.734,-68.813,-89.647
11.481,-77.293,-99.22
159.2,-343.25,-118.51
23.219,-106.16,-91.748
68.888,-215.96,-97.597
256.66,-451.26,-124.5
83.09,-224.45,-94.361
308.07,-511.3,-118.73
183.82,-331.75,-92.055
68.415,-149.35,-110.49
166.59,-310.72,-142.57
99.993,-266.39,-107.17
290.56,-481.91,-87.212
230.9,-412.45,-92.831
308.95,-491.11,-130
144.09,-323.37,-124.7
238.11,-429.15,-97.155
141.77,-277.2,-142.86
-20.449,-40.587,-90.165
287.87,-485.52,-91.322
188.6,-302.99,-126.41
-25.783,-62.882,-132.86
61.038,-145.5,-128.4
119.7,-294.91,-119.04
-55.547,-64.932,-99.847
52.503,-147.1,-93.494
286.2,-421.93,-97.133
58.445,-217.46,-118.55
295.81,-444.67,-130.03
70.251,-178.21,-92.566
151.94,-330.89,-127.95
89.029,-190.17,-136.03
128,-239.93,-137.3
235.91,-432.93,-118
194.97,-377.79,-130.92
55.375,-213.53,-118.27
26.773,-106.22,-130.16
69.524,-180.11,-92.051
88.426,-217.52,-92.34
-1.0148,-121.63,-91.232
103.18,-228.09,-92.927
-23.034,-98.111,-127.6
312.19,-499.76,-82.687
212.1,-333.17,-104.92
228.11,-424.67,-109.22
211.59,-328.3,-118.61
119.76,-279.74,-137.77
145.93,-249.49,-125.36
31.138,-147.74,-138.78
272.43,-465.89,-91.634
95.808,-245.98,-139.07
138.16,-242.66,-106.37
6.2382,-81.147,-90.92
-0.66529,-107.45,-135.7
16.841,-117.23,-87.486
285.25,-481.79,-91.079
312.48,-497.97,-82.194
137.46,-238.8,-110.91
178.66,-290.72,-109.12
199.57,-333.61,-94.911
216.21,-363.13,-91.195
20.02,-86.253,-103.84
265.35,-458.03,-92.554
110.3,-242.84,-92.881
247.46,-441.55,-124.41
104.16,-265.01,-101.1
146.36,-249.59,-124.41
47.452,-167.21,-140.09
101.05,-241.94,-93.66
-1.2381,-60.813,-120.53
141.11,-241.95,-115.42
110.55,-215.37,-99.591
109.09,-261.5,-139.74
-12.391,-47.21,-94.301
188.01,-350.86,-92.672
112.57,-213.08,-103.08
-14.517,-116.43,-123.44
87.719,-183.3,-132.69
279.42,-410.05,-119.32
3.1307,-102.57,-136.16
26.158,-175.66,-114.64
306.53,-472.35,-131.84
192.23,-378.75,-126.7
168.92,-353.71,-123.2
54.222,-155.89,-91.83
151.36,-280.26,-141.41
274.08,-402.05,-114.4
162.64,-290.85,-140.37
120.22,-237.73,-95.524
52.596,-203.37,-102.73
289.16,-493.71,-98.762
246.79,-382.3,-95.514
110.01,-249.15,-93.25
37.42,-165.44,-91.936
235.05,-421.29,-94.457
9.7153,-86.958,-130.43
96.063,-232.13,-142.25
118.89,-293.94,-117.58
248.14,-440.22,-126.42
170.06,-294.17,-97.531
9.7704,-110.9,-86.793
251.7,-431.17,-89.037
284.82,-490.38,-103.95
58.618,-142.24,-128.14
267.19,-419.78,-87.758
277.29,-475.26,-93.98
61.43,-139.64,-112.39
119.44,-291.59,-108.53
-30.241,-58.11,-132.42
39.134,-175.84,-135.48
259.06,-460.88,-108.36
-9.1283,-103.94,-133.69
236.47,-425.1,-128.81
76.897,-236.26,-105.55
202.56,-393.39,-121.98
130.88,-253.94,-94.896
131.69,-269.07,-93.112
209.36,-346.49,-138.27
288.87,-437.19,-130.92
87.303,-241.89,-135.74
130.07,-233.16,-130.38
174.41,-313.41,-93.185
38.241,-191.35,-114.21
130.8,-229.24,-114
210.69,-357.05,-91.457
23.422,-96.141,-97.663
311,-445.02,-111.99
227.35,-422.11,-120.71
312.14,-445.95,-109.1
239.72,-388.13,-137.51
-53.107,-66.006,-117.26
21.865,-96.517,-95.642
116.3,-232.58,-140.15
309.39,-503.75,-85.367
26.243,-175.13,-110.55
-17.647,-35.081,-112.96
306.19,-445.13,-122.06
118.07,-213.93,-111.34
198.41,-371.05,-137.14
54.248,-145.42,-134.17
53.705,-204.59,-130.35
-26.528,-23.812,-113.46
234.21,-429.95,-120.38
272.23,-461.91,-89.595
338.43,-477.01,-110.35
-47.048,-62.099,-126.5
208.05,-343.2,-94.694
20.582,-144.68,-136.28
332.89,-469.95,-105.07
237.24,-400.3,-138.25
91.241,-187.2,-101.13
211.75,-398.11,-129.29
340.66,-484.7,-118.36
-51.199,-45.355,-82.35
153.8,-292.23,-142.73
257.62,-407.11,-89.087
-6.7458,-82.192,-134.25
164.59,-280.91,-101.43
241.87,-371.72,-99.565
54.875,-208.95,-127.41
261.04,-428.4,-136.05
113.76,-215.66,-132.94
51.575,-167.96,-140.39
174.85,-331.13,-141.6
282.12,-471.99,-128.24
-25.426,-98.105,-125.36
-11.21,-115.08,-94.188
245.09,-388.54,-135.7
-39.579,-35.305,-129.87
15.619,-80.647,-118.24
288.92,-419.09,-111.05
309.24,-463.7,-85.13
-30.902,-56.152,-82.24
182.41,-301.24,-133
164.21,-293.74,-95.111
129.04,-262.06,-93.256
138.86,-305.86,-136.27
26.742,-166,-98.029
276.95,-447.92,-134.37
-39.429,-85.404,-117.7
138.53,-287.91,-142.33
164.01,-322.03,-93.723
-21.158,-42.581,-125.35
190.25,-336.67,-141.55
9.8738,-77.332,-123.47
307.02,-476.95,-81.907
1.4918,-60.897,-102.73
240.94,-369.98,-100.25
-24.016,-25.484,-109.26
110.34,-282.83,-114.27
87.365,-177.44,-127.46
180.19,-349.53,-138.09
224.8,-404.8,-134.01
241.94,-380.04,-134.2
-57.766,-48.013,-86.188
-22.737,-47.529,-85.554
290.39,-487.24,-123.73
275.23,-422.38,-89.314
138.76,-249.12,-134.83
-31.256,-28.417,-123.82
241.92,-435.14,-98.216
45.225,-195.93,-104.58
13.352,-131.52,-136.39
49.548,-131.53,-99.482
195.02,-386.06,-113.46
138,-246.99,-133.97
139.7,-348.94,-107.57
166.81,-364.35,-93.14
106.44,-309.87,-112.88
95.509,-218.85,-106.57
-44.805,-108.08,-120.96
287.71,-475.8,-129.86
59.017,-233.54,-135.72
266.08,-428.99,-95.787
197.43,-404.23,-132.63
176.56,-335.08,-94.198
231.55,-458.28,-115.25
47.85,-232.17,-104.07
152.27,-291.04,-126.6
93.378,-291.28,-125.26
29.212,-129.95,-110.8
224.44,-391.35,-91.621
-14.593,-154.42,-114.73
263.07,-467.22,-83.098
77.228,-269.66,-105.1
-0.28682,-112.43,-131.62
-18.286,-76.534,-90.71
315.03,-492.97,-122.81
-47.636,-110.65,-106.91
70.962,-184.74,-116.49
183.96,-331.29,-127.63
-25.399,-132.79,-95.19
218.62,-367.54,-114.45
-8.6287,-95.82,-128.37
-21.54,-87.849,-130.66
82.75,-271.61,-131.89
-39.63,-89.09,-82.477
195.83,-371.11,-138.25
30.045,-205.86,-99.668
52.657,-176.35,-94.202
113.44,-240.9,-108.26
95.642,-283.15,-135.02
250.42,-468.24,-126.56
40.707,-223.52,-104.45
29.966,-197.33,-133.73
14.838,-192.73,-118.62
-13.5,-151.51,-122.66
195.27,-363.41,-137.07
291,-527.68,-107.26
241.54,-449.4,-131.55
241.67,-448.91,-131.76
57.311,-226.94,-93.094
49.478,-177.58,-91.968
67.882,-249.4,-97.62
-17.611,-82.706,-126.83
62.025,-253.51,-110.3
-70.337,-63.558,-123.91
-28.541,-57.431,-93.758
281.8,-501.17,-125.27
-20.482,-73.484,-123.09
203.52,-392.13,-88.036
60.006,-203.54,-90.143
130.95,-337.43,-106.36
-56.321,-52.188,-128.9
242.97,-433.52,-134.73
94.96,-240.87,-92.658
-57.433,-57.885,-129.29
49.368,-161.82,-125.57
37.613,-153.15,-94.937
-77.771,-64.117,-116.45
-67.35,-64.88,-83.272
230.49,-385.15,-101.79
132.78,-271.32,-101.14
217.32,-390.38,-135.77
61.869,-231.49,-137.81
-71.566,-76.472,-112.12
122.46,-323.23,-129.96
223.7,-440.19,-93.186
165.53,-331.66,-91.522
296.46,-458.23,-105.72
-3.9033,-130.28,-135.31
137.14,-345.82,-123.52
218.29,-443.47,-114.75
167.21,-377.15,-128.48
-8.8647,-79.125,-106.08
-55.88,-77.265,-83.384
-26.224,-130.42,-125.03
-33.181,-80.3,-82.055
-24.471,-75.594,-86.37
184.7,-326.96,-114.91
57.139,-179.16,-96.008
-12.266,-74.668,-109.68
95.146,-291.16,-128.36
129.52,-259.44,-119.37
-70.192,-67.636,-122.14
223.94,-429.07,-88.206
-44.88,-107.23,-93.621
21.098,-123.35,-99.964
287.15,-481.71,-130.39
84.945,-216.08,-133.97
51.411,-177.37,-93.03
-67.151,-57.769,-127.13
-56.095,-57.592,-79.317
46.742,-231.4,-125.3
182.34,-343.38,-93.384
257.21,-441.8,-133.05
226.59,-377.76,-107.59
290.43,-507.37,-126.11
140.39,-305.54,-91.458
315.17,-485.13,-116.96
43.107,-167.06,-92.284
221.65,-423.58,-87.74
139.61,-282.15,-99.351
325.39,-493.42,-95.925
281.08,-515.97,-98.988
122.42,-262.28,-98.345
-52.198,-49.102,-80.301
285.12,-509.45,-86.035
106.96,-231.52,-120.87
182.17,-342.13,-93.825
3.7276,-98.332,-117.38
23.153,-174.1,-88.833
203.86,-361.2,-96.383
-49.274,-49.334,-127.04
139.07,-272.86,-108.76
133.48,-264.09,-116.97
157.85,-351.06,-137.56
-16.598,-72.129,-96.872
7.7705,-136.26,-135.71
7.0892,-119.53,-89.224
100.48,-251.85,-140.09
281.63,-509.19,-119.8
203.36,-421.49,-99.158
73.758,-269.33,-116.02
241.58,-395.4,-116.83
295.88,-516.96,-124.11
241.82,-448.25,-86.148
215.9,-364.75,-109.67
189.49,-334.45,-122.33
283.33,-452.84,-90.531
7.2807,-116.69,-129.8
120.71,-254.76,-102.36
251.36,-417.25,-127.94
-21.288,-66.055,-95.989
188.15,-340.23,-130.9
149.02,-333.7,-91.589
51.977,-161.42,-106.58
22.946,-157.22,-87.59
160.67,-371,-102.14
-42.888,-46.863,-85.762
165.35,-378.39,-124.55
316.11,-484.41,-114.71
-34.573,-48.146,-94.299
287.74,-523.21,-109.7
117.41,-243.97,-114.76
317.69,-483.17,-107.99
219.88,-369.08,-114.91
-24.887,-66.349,-121.65
111,-267.09,-91.824
-17.152,-71.161,-97.102
78.843,-266.73,-100.24
47.34,-154.39,-108.82
260.21,-454.98,-83.075
175.54,-390.33,-124.21
328.99,-499.48,-113.67
-42.965,-107.86,-123.3
-80.71,-65.537,-100.25
154.08,-366.8,-107.98
252.17,-445.89,-133.77
258.24,-484.78,-93.552
171.65,-318.75,-100.81
-25.009,-88.694,-131.66
67.258,-186.8,-100.43
-26.406,-62.873,-91.674
-27.003,-72.472,-85.964
-25.376,-94.941,-82.83
87.822,-287.03,-116.12
-33.887,-128.31,-104.17
-22.567,-102.75,-133.31
196.55,-343.07,-107.02
28.488,-157.96,-88.68
-16.981,-117.37,-133.88
55.161,-233.28,-97.252
177.84,-358.65,-139.57
95.818,-258.11,-91.069
21.289,-201.72,-110.66
302.52,-487.03,-82.111
-44.028,-111.92,-97.729
287.06,-447.37,-108.01
92.618,-225.93,-134.27
55.568,-221.9,-92.129
-41.285,-118.64,-104.2
154.4,-333.55,-140.41
-17.69,-74.426,-121.06
247.28,-429.4,-133.89
48.469,-170.69,-94.022
104.52,-306.08,-123.57
41.774,-201.05,-137.91
147.53,-340.24,-137.37
292.22,-489.7,-80.006
102.96,-305.91,-116
5.5766,-181.48,-111.77
69.598,-209.13,-91.624
185.73,-375.74,-89.555
296.26,-459.99,-98.355
110.32,-312.1,-106.77
-52.633,-72.706,-81.175
264.51,-493.64,-94.756
227.21,-446.79,-94.703
67.46,-197.58,-94.169
282.07,-450.02,-91.778
67.302,-222.67,-140.22
274.66,-484.24,-129.38
142.1,-318.88,-91.082
37.659,-223.25,-114.96
-39.276,-38.33,-107.46
176.46,-317.01,-116.67
85.188,-281.59,-124.22
195.36,-411.91,-99.596
305.97,-473.53,-93.689
22.272,-151.74,-136.34
34.828,-144.96,-126.69
43.798,-231.15,-115.46
182.06,-342.02,-136.07
310.22,-509.29,-128.1
219.05,-404.23,-136.86
103.49,-287.53,-137.54
174.28,-365.63,-138.23
285.59,-495.91,-128.55
286.84,-518.32,-116.13
152.82,-366.32,-110.96
117.62,-286.35,-91.282
-25.822,-139.79,-112.03
54.775,-215.24,-90.746
93.741,-221.62,-130.29
-46.807,-38.044,-87.205
98.342,-292.31,-131.12
167.89,-375.98,-130.2
215.72,-364.4,-110.27
66.003,-187.94,-98.208
145.88,-343.8,-134.95
111.19,-291.02,-93.023
-32.354,-110.74,-129.82
30.611,-181.43,-88.926
43.361,-230.04,-110.89
43.755,-201.22,-138.42
231.95,-388.92,-125.22
123.53,-252.9,-122.45
223.99,-433.36,-89.561
282.13,-511.71,-117.89
-17.085,-85.969,-87.068
203.36,-425.12,-104.47
205.45,-392.66,-87.877
92.627,-288,-128.36
163.04,-361.06,-135.87
42.728,-201.31,-138.14
100.66,-269.41,-140.85
-9.4118,-103.35,-131.75
234.06,-394.89,-95.674
-27.345,-58.152,-116.39
23.234,-123.83,-118.33
-31.92,-55.608,-119.75
-18.923,-70.051,-95.32
206.38,-411.18,-90.49
234.03,-399.53,-130.83
287.25,-523.86,-102.49
276.16,-507.67,-114.94
293.4,-503.58,-80.217
87.537,-281.74,-104.16
174.94,-376.95,-93.811
-34.645,-47.968,-94.391
158.71,-302.03,-102.03
58.98,-193.57,-137.34
107.61,-293.17,-137.35
-7.4302,-146.8,-131.4
244.49,-470.9,-118.4
145.3,-300.8,-138.46
218.61,-369.4,-121.05
145.82,-280.81,-109.65
273.05,-432.35,-114.91
89.814,-266.12,-138.81
6.6355,-156.3,-88.449
266.15,-499.11,-101.9
255.4,-484.6,-97.816
-50.172,-106.12,-101.54
163.02,-319.73,-137.1
250.75,-420.22,-129.92
63.711,-210.9,-139.75
311.71,-493.87,-125.16
4.3291,-178.1,-119.85
287.9,-448.9,-111.54
268.84,-485.6,-85.311
232.46,-451.89,-93.432
152.08,-338.04,-139.43
124.82,-291.14,-91.264
311.69,-505.69,-127.71
141.92,-349.83,-104.68
-26.272,-71.305,-125.97
210.13,-357.5,-115.42
144.8,-356.44,-119.95
322.41,-501.47,-84.221
58.097,-169.5,-106.79
191.19,-350.88,-134.75
102.74,-245.48,-137.62
66.662,-194.53,-94.999
100.05,-275.73,-92.649
153.52,-349.87,-94.32
89.676,-284.09,-128.58
39.002,-223.07,-122.36
183.83,-385.91,-92.608
263.82,-460.22,-132.56
219.11,-406.19,-86.889
-12.097,-122.02,-134.46
37.935,-167.97,-89.805
117.18,-248.2,-127.69
-28.547,-126.49,-93.139
-55.037,-85.564,-86.753
310.51,-482.8,-88.979
258.25,-484.22,-120.19
-63.729,-86.807,-113.57
241.43,-464.15,-94.089
167.64,-307.24,-110.2
-40.396,-117.52,-117.47
4.1698,-98.652,-116.94
163.73,-375.03,-126.5
272.31,-506.59,-103.83
125.33,-256.32,-124.82
60.456,-242.59,-99.146
132.38,-296.44,-140.87
-63.411,-50.019,-78.605
225.4,-425.76,-134.55
95.352,-255.12,-91.039
189.86,-373.51,-88.935
128.58,-337.44,-115.75
189.13,-343.89,-132.52
-26.092,-56.21,-109.15
302.36,-474.37,-121.71
245.77,-422.39,-133.07
125.08,-333.12,-117.08
94.414,-295.06,-118.78
243.25,-397.06,-107.2
120.28,-256.42,-131.87
176.45,-353.27,-139.68
-40.122,-38.818,-96.269
225.98,-377.37,-106.71
289.64,-450.34,-106.89
30.403,-213.77,-116.2
73.663,-251.14,-94.941
-5.9622,-87.426,-96.898
184.02,-378.08,-90.329
222.57,-386.99,-132.19
-15.57,-144.09,-126.47
298.43,-463.1,-115.16
105.57,-270.39,-91.204
223.59,-450.02,-106.77
254.52,-515.99,-99.315
235.29,-418.54,-104
220.84,-439.06,-133.44
154.06,-347.72,-89.796
28.002,-208.04,-137.08
104.9,-312.47,-138.12
-4.269,-162.75,-84.907
64.834,-232.65,-136.19
184.77,-368.5,-129.28
81.503,-272.45,-89.244
266.73,-520.51,-119.4
113.68,-345.98,-102.17
220.43,-468.25,-123.01
-47.115,-125.19,-85.42
70.497,-216.5,-114.21
59.885,-259.56,-90.948
159.9,-352.81,-90.054
208.31,-404.6,-89.114
128.78,-368.83,-111.08
190.53,-367.13,-120.32
-34.521,-153.89,-122.9
138.59,-304.31,-122.43
3.0058,-196.92,-130.18
221.38,-426.91,-132.51
141.02,-313.36,-129.41
-18.007,-172.14,-126.97
46.177,-258.85,-128.38
107.55,-333.76,-98
217.11,-458.09,-87.809
33.188,-230.46,-91.639
215.52,-430.43,-84.163
28.29,-181.44,-132.86
-30.714,-87.286,-94.236
-57.592,-117.11,-124.16
68.828,-286.9,-129.43
-30.728,-92.044,-121.04
243.24,-494.66,-120.73
81.766,-276.55,-89.477
-25.284,-173.7,-111.05
103.02,-266.79,-130.06
128.62,-336.27,-89.358
269.55,-529.77,-90.699
167.98,-362.03,-89.809
35.43,-221.26,-137.17
121.03,-280.45,-115.9
271.37,-502.68,-128.01
206.45,-447.17,-89.485
-20.044,-149.9,-84.623
165.48,-373.72,-87.622
219.63,-417.37,-88.414
274.68,-517.02,-125.2
141.55,-346.47,-138.62
304.62,-510.54,-83.06
144.81,-374.03,-132.3
-45.225,-115.95,-81.964
221.53,-439.27,-133.4
186.7,-388.9,-135.68
25.577,-188.29,-87.554
180.39,-425.23,-122.98
20.678,-160.7,-126.17
273.35,-476.04,-85.192
-81.802,-94.051,-113.99
-29.79,-147.48,-129.84
-35.123,-77.11,-105.86
111.13,-338.45,-98.149
123.66,-357.93,-125.74
145.93,-327.09,-133.98
67.595,-268.05,-90.802
54.262,-225.43,-89.134
67.394,-243.15,-137.99
41.873,-209.9,-88.474
96.111,-270.57,-136.41
104.21,-267.21,-129.2
59.329,-212.04,-129.39
204.33,-381.46,-110.42
-35.621,-114.63,-81.572
245.15,-482.82,-82.491
60.553,-284.67,-115.56
36.504,-189.57,-132.28
12.043,-213.32,-128.02
211.5,-390,-112.7
42.26,-183.84,-101.31
27.875,-161.18,-111.95
246.46,-455.97,-83.217
-36.85,-147.97,-124.68
63.707,-208.06,-116.09
194.21,-391.22,-88.884
271.03,-507.55,-127.07
171.53,-420.01,-111.33
51.539,-272.12,-120.05
270.48,-519.12,-82.214
-26.183,-103.1,-87.617
172.09,-366.05,-135.48
-37.928,-83.759,-121.31
204.75,-449.28,-125.1
-22.704,-100.42,-119.79
238.85,-426.24,-96.93
-8.9201,-154.66,-134.41
211.86,-429.95,-84.262
-20.938,-179.5,-109.58
219.29,-468.51,-121.71
250.89,-487.02,-81.409
173.43,-419.9,-102.28
-64.88,-64.479,-126.01
79.127,-233.97,-127.28
241.7,-428.84,-118.77
175.06,-395.29,-87.543
206.77,-455.64,-95.208
-53.529,-77.159,-80.823
-33.042,-125.88,-132.08
279.64,-511.61,-77.655
247.3,-506.2,-96.217
-27.595,-103.4,-86.483
-3.586,-141.08,-130.92
6.8094,-143.18,-93.212
138.43,-365.01,-133.3
-13.26,-137.64,-132.69
68.122,-236.46,-91.1
52.739,-193.65,-110.95
36.373,-192.17,-133.47
99.247,-253.61,-118.31
212.43,-447.05,-86.208
18.652,-229.36,-120.18
75.402,-273.59,-138.35
230.82,-469.54,-84.811
23.783,-179.25,-88.73
-81.785,-92.471,-90.93
176.83,-351.12,-121.73
73.922,-300.2,-107.96
-5.6062,-181.08,-131.47
77.697,-225.95,-110.78
-28.536,-152.61,-128.74
194.78,-439.35,-94.178
247.38,-431.92,-106.31
90.632,-255.12,-132.5
144.23,-336.24,-90.051
226.48,-477.6,-92.456
157.92,-366.64,-87.985
-13.407,-106.29,-107.15
179.36,-418.3,-128.16
72.303,-263.38,-138.94
261.21,-453.92,-119.69
-51.618,-70.24,-83.983
227.02,-479.46,-118.85
206.07,-402.9,-88.894
275.31,-487.76,-126.95
152,-392.56,-123.78
129.11,-324.4,-138.84
210.89,-411.98,-132.82
-66.333,-105.52,-123.06
8.8117,-213.22,-124.29
110.93,-283.65,-94.444
307.75,-513.99,-82.862
224.04,-430.44,-132.35
206.8,-394.47,-127.71
274.65,-472.25,-88.756
229.47,-482.07,-93.148
230.79,-412.82,-106.25
118.17,-283.83,-100.24
135.35,-348.08,-89.611
203.25,-380.72,-115.74
-55.115,-95.683,-129.62
111.18,-274.91,-100.39
-31.757,-112.14,-82.44
230.93,-412.74,-108.14
284.52,-493.64,-81.683
216.61,-444.6,-132.43
276.43,-467.13,-97.642
174.78,-346.35,-115.55
-29.226,-96.612,-88.535
6.3977,-202.12,-130.01
276.34,-474.84,-120.98
162.3,-337.98,-99.383
225.87,-407.64,-114.99
101.83,-325.33,-131.44
18.408,-150.9,-101.99
6.812,-197.83,-90.772
70.748,-285.25,-96.244
96.87,-316.51,-133.14
258.88,-446.26,-112.6
119.56,-301.88,-91.601
96.592,-317.05,-132.64
64.372,-228.79,-91.851
164.96,-387.24,-88.863
-7.2476,-185.55,-93.052
242.89,-431.54,-120.28
-37.45,-99.944,-82.5
129.47,-297.25,-127.93
55.305,-277.85,-111.27
274.28,-522.14,-81.282
277.5,-531.81,-83.825
228.45,-411.18,-116.13
6.2273,-178.14,-135.68
279.45,-526.36,-123.26
146.08,-386,-101.9
304.52,-497.99,-100.67
-51.348,-138.15,-112.18
292.9,-484.5,-102.9
39.96,-181.73,-100.11
91.788,-322.73,-108.67
69.469,-221.29,-126.6
34.763,-184.6,-92.736
-12.738,-167.73,-87.52
56.82,-249.33,-137.98
214.47,-444.97,-131.89
254.57,-442.14,-114.94
222.84,-461.43,-128.67
112.22,-286.61,-93.833
126.41,-312.09,-91.037
272.81,-529.53,-86.448
16.93,-214.6,-131.3
313.48,-508.49,-98.743
91.117,-321.62,-107.96
47.982,-187.82,-108.62
73.177,-288.41,-132.24
184.62,-377.27,-90.49
174.95,-411.55,-92.735
86.952,-269.77,-138.74
252.49,-447.36,-123.43
144.21,-337.08,-89.863
-3.3727,-201.76,-116.39
-38.041,-155.03,-115.64
235.61,-435.45,-87.245
-38.584,-81.785,-120.41
-37.059,-95.873,-127.28
-18.913,-176.68,-97.518
-43.605,-130.13,-85.895
46.211,-188.84,-101.73
96.213,-274.35,-137.49
139.43,-367.04,-93.698
147.79,-334.36,-91.713
224.69,-480.45,-99.243
-84.413,-87.382,-116.82
6.3647,-192.94,-133.59
-32.99,-83.888,-115.58
148.89,-320,-101.54
2.1579,-209.1,-107.05
19.224,-200.41,-87.533
130.14,-370.54,-115.1
-58.529,-129.01,-102.98
179.37,-360.37,-128.38
10.522,-199.07,-133.67
19.995,-232.93,-111.66
208.62,-448.64,-88.781
153.15,-398.15,-113.89
46.461,-266.59,-116.85
284.92,-484.57,-87.336
235.03,-459.53,-82.102
230.12,-468.03,-128.74
166.63,-407.85,-125.22
124.32,-353,-96.687
25.085,-195.54,-136.82
117.12,-311.64,-139.18
0.48087,-207.49,-109.5
291.35,-487.77,-115.67
-51.047,-96.086,-129.89
89.022,-290.37,-90.151
35.788,-253.05,-116.09
150.81,-395.14,-115.38
238.22,-484.88,-86.891
75.486,-303.37,-112.43
208.43,-462.2,-113.34
70.712,-216.78,-114.28
282.16,-500.54,-127.08
229.34,-486.76,-101.3
12.53,-161.13,-88.831
78.909,-277.04,-138.55
178.53,-350.73,-114.09
184.34,-416.35,-132.09
280.88,-503.54,-78.105
21.38,-174.84,-133.29
280.95,-510.09,-77.538
192.81,-425.49,-88.319
-88.714,-85.898,-93.8
9.7787,-176.1,-85.846
235.61,-451.45,-132.08
-11.302,-191.93,-113.68
269.15,-504.02,-78.987
-74.649,-86.802,-124.95
201.86,-384.43,-98.1
258.81,-461.94,-126.59
-19.44,-102.66,-117.78
101.42,-334.8,-119.37
80.616,-237.25,-128.59
-73.592,-72.981,-77.804
51.279,-262.81,-97.249
-55.163,-75.854,-80.446
14.775,-224.91,-118.78
-3.9363,-124.87,-95.384
283.9,-533.11,-122.09
81.532,-270.2,-139.2
290.79,-514.78,-77.147
94.296,-247.06,-116.88
-55.442,-53.128,-112.37
175.38,-424.55,-110.77
28.926,-215.41,-88.57
89.724,-308.28,-132.81
5.6345,-212.79,-105.09
54.678,-223.51,-136.82
177.94,-350.26,-116.01
186.25,-382.95,-134.63
85.525,-289.84,-137.81
284.61,-497.82,-80.101
-63.715,-61.517,-79.994
123.23,-302.14,-135.65
63.155,-279.96,-129.17
254.66,-507.87,-119.56
-26.133,-94.407,-117.93
255.17,-515.95,-109.56
19.025,-184.98,-136.15
212.79,-418.98,-133.61
-78.414,-85.094,-82.757
199.13,-452.34,-108.94
-8.3222,-159.54,-84.76
-31.45,-84.682,-113.87
-53.376,-82.585,-80
170.59,-345.8,-125.05
94.361,-303.92,-137.05
76.606,-248.91,-90.931
112.37,-273.55,-103.49
311.5,-513.23,-86.509
177.79,-360.06,-95.834
199.37,-428.44,-86.509
-18.219,-146.38,-133.56
217.32,-466.26,-121.87
-24.972,-99.289,-90.986
129.63,-341.57,-89.864
248.26,-454.92,-84.047
68.158,-278.13,-134.23
36.476,-178.58,-124.8
-80.335,-83.243,-122.85
91.452,-297.86,-91.065
101.43,-292.12,-89.5
205.2,-407.53,-87.012
60.447,-212.44,-128.65
136.02,-339.63,-138.81
2.9764,-209.23,-118.81
269.35,-531.68,-109.66
60.738,-270.25,-94.721
141.82,-380.36,-124.34
12.766,-219.82,-101.77
127.22,-366.35,-118.41
281.63,-472.35,-99.137
212.39,-423.4,-134.15
98.383,-299.57,-89.831
93.489,-269.92,-91.368
104.37,-333.22,-100.93
164.55,-370.04,-87.811
67.825,-215.47,-104.74
