7.3943,-150.34,-344.16
-2.7713,-105.18,-311
9.9377,-115.17,-194.2
8.1548,-148.73,-153.03
12.302,-99.131,-458.39
-30.747,-123,-237.13
19.762,-135.84,-416.29
4.8344,-109.97,-250.4
10.636,-137.29,-53.062
12.177,-118.12,-78.574
-9.6722,-153.19,-92.309
8.7729,-147.19,-395.03
-25.8,-115.62,-326.36
7.6646,-111.07,-267.37
11.163,-100.07,-440.44
-14.347,-105.29,-347.75
-7.8461,-104.63,-323.32
-31.141,-119.32,-165.31
7.7347,-145.25,-95.067
5.7187,-110.08,-110.29
-6.0166,-149.19,-40.842
11.305,-139.57,-88.396
20.01,-133.27,-335.47
-12.748,-148.39,-388.91
3.665,-97.7,-435.38
-8.1755,-150.67,-55.665
-24.336,-112.53,-399.55
-23.238,-110.08,-439.32
-35.976,-130.94,-50.46
7.0572,-105.34,-353.77
-25.772,-143.5,-321.29
-35.55,-131.45,0.51165
-32.788,-109.28,-21.385
12.778,-119.79,-68.173
-12.699,-101.77,-69.232
-17.207,-108.02,-175.37
-17.778,-149.25,-43.147
9.3496,-108.52,-329.14
-4.6228,-107.03,-175.41
-19.196,-139.09,-440.67
-28.199,-131.65,-365.83
-13.813,-102.84,-392.46
14.482,-124.78,-135.68
5.7039,-150.48,-145.49
-29.177,-145.65,-108.57
1.8514,-108.8,-242.24
-9.8175,-156.87,-187.25
-24.827,-144.01,-329.98
-23.197,-151.7,-142.2
-21.018,-147.71,-35.588
11.772,-147.01,-355.51
18.073,-111.24,-393.43
15.223,-135.99,-160.75
-5.979,-149.55,-397.93
-17.133,-148.06,-365.1
0.7218,-101.54,-15.28
-7.2208,-155.76,-291.48
13.33,-126.89,-47.932
16.03,-121.76,-258.25
-34.494,-135.62,-55.917
4.881,-108.35,-84.355
-1.2853,-104.08,-74.041
12.621,-118.24,-210.4
-2.5995,-106.48,-136.98
-16.45,-152.96,-100.12
20.308,-115.91,-389.77
-22.136,-99.871,-14.398
-2.733,-96.224,-450.23
-14.455,-103.28,-390.2
-29.262,-116.82,-172.49
-21.967,-108.22,-429.22
20.175,-132.38,-336.23
-28.487,-132.98,-353.4
-2.2146,-154.2,-136.21
-0.55288,-104.66,-78.768
-35.138,-119.83,-72.555
-32.827,-126.87,-201.71
12.902,-129.35,-42.868
-34.433,-135.8,-57.348
-5.2649,-101.13,-380.98
10.619,-115.9,-123.21
23.875,-124.01,-445.75
13.002,-147.02,-306.27
18.95,-127.35,-294.61
-9.2415,-101.74,-68.075
17.564,-139.27,-409.58
21.23,-118.06,-392.67
5.9339,-139.96,-12.803
-27.391,-142.77,-14.366
-28.984,-117.74,-197.62
-27.386,-108.49,-79.848
-26.462,-116.01,-244.46
-20.264,-103.57,-71.523
-25.024,-134.49,-407.72
-34.47,-125.97,-137.1
3.4227,-106.48,-68.914
6.3701,-142.7,-47.721
-9.3515,-105.76,-300.96
-30.085,-137.14,-292.64
-35.034,-121.71,-89.694
-33.221,-122.49,-147.45
-9.3657,-103.21,-92.388
16.469,-112.89,-358.4
-5.7006,-152.14,-83.492
15.196,-142.97,-380.24
-27.76,-132.44,-371.69
-33.23,-108,-2.1697
-37.159,-121.61,-16.836
13.774,-124.92,-74.08
2.208,-150.19,-383.69
5.8055,-109.58,-274.56
-25.987,-140.8,-344.06
-30.266,-121.26,-225.38
11.978,-117.29,-59.15
-4.3233,-103.1,-348.38
-18.024,-109.05,-202.95
-25.809,-116.07,-418.44
9.5304,-112.7,-65.626
-27.733,-109.88,-93.819
22.267,-118.74,-409.6
20.844,-131.32,-358.53
1.1561,-155.48,-253.88
4.3044,-154.17,-242.76
-18.825,-139.85,-436.99
15.292,-127.95,-152.23
4.6388,-108.5,-92.308
7.0298,-149.38,-369.15
9.3128,-149.47,-193.49
-19.332,-105.41,-420.73
5.8212,-111.15,-146.86
-21.07,-108.41,-387.27
-5.3872,-97.205,-440.44
-0.25331,-103.6,-57.282
-33.042,-139.43,-86.293
4.2684,-151.62,-147.46
-34.687,-135.51,-86.582
-9.7099,-153.47,-97.145
0.98883,-155.56,-250.53
-5.5979,-155.65,-295.29
-24.571,-150.47,-232.82
-28.48,-145.05,-73.391
-33.806,-134.96,-174.28
-10.924,-103.61,-100.18
-35.974,-127.34,-82.577
7.6992,-97.575,-451.04
-23.698,-113.05,-312.87
17.084,-135.79,-229.58
-18.752,-153.3,-123.36
0.36233,-97.431,-433.02
14.204,-123.11,-152.45
9.3401,-149.47,-336.56
4.5972,-148.24,-96.402
-25.725,-122.07,-453.59
11.72,-116.1,-236.23
-29.624,-144.78,-97.125
18.302,-109.31,-412.56
17.897,-138.71,-297.68
3.0257,-99.235,-414.11
-3.0775,-103.12,-69.365
-13.988,-151.41,-65.638
19.381,-136.14,-341.13
6.3052,-110.9,-248.46
5.0269,-110.98,-179.23
-23.035,-149.68,-281.13
15.92,-121.81,-254.61
-20.372,-145.06,-370.95
15.849,-107.59,-401.06
-10.971,-98.308,-450.06
-8.807,-153.05,-90.77
-17.971,-106.63,-364.05
1.6504,-152.57,-343.39
-1.9714,-105.36,-104.25
-16.219,-149.68,-44.342
-24.124,-144.55,-9.0997
-27.096,-122.67,-412.02
-35.679,-131.78,-23.828
7.3788,-142.71,-60.098
-17.91,-108.17,-320.33
-11.433,-106.32,-296.15
-15.198,-146.01,-402.03
-29.915,-145.25,-181.68
-10.482,-105.72,-145.05
15.385,-112.76,-345.58
-25.851,-113.87,-192.49
-28.477,-144.14,-54.675
-34.934,-127.39,-127.45
-19.721,-137.39,-451.27
-25.404,-116.65,-452.71
-8.6276,-153.71,-102.46
-26.904,-149.06,-163.28
7.7124,-143.6,-74.674
-29.66,-145.03,-206.77
11.684,-128.84,-4.4746
8.372,-108.66,-318.09
19.717,-129.03,-313.2
-26.932,-149.03,-184.39
22.5,-117.95,-417.94
4.9266,-106.14,-328.82
12.558,-115.41,-269.5
-24.23,-112.99,-358.22
-25.818,-125.96,-440.93
15.737,-120.79,-262.31
-19.185,-109.52,-298.35
-2.8491,-155.44,-161.38
14.973,-101.49,-453.04
-29.865,-131.8,-323.43
-6.9804,-148.83,-33.442
-7.96,-144.59,-455.8
1.696,-154.42,-297.7
13.08,-118.54,-221.2
15.063,-126.21,-155.13
-15.657,-153.36,-104.48
14.989,-137.57,-164.9
-10.322,-145.41,-435.88
-32.731,-139.55,-70.539
-21.766,-136.3,-437.77
14.105,-144.41,-370.55
17.639,-118.42,-326.02
19.281,-128.51,-300.74
10.037,-149.39,-212.91
-35.897,-126.9,-85.841
-10.753,-154.73,-121.27
-17.758,-139.17,-453.68
-35.31,-117.02,-46.131
-18.627,-148.59,-346.58
-33.553,-135.08,-185.7
-23.341,-139.02,-395.71
-15.804,-151.41,-331.28
-34.51,-124.31,-124.56
-22.294,-109.66,-392.16
-20.474,-105.55,-454.21
-32.95,-140.06,-127.41
8.8609,-110.26,-31.61
-35.54,-124.91,-93.554
-16.748,-145.93,-392.21
-34.839,-120.5,-85.717
-5.0159,-156.6,-186.51
19.439,-110.45,-417.37
-6.6028,-157.13,-228.75
11.286,-117.09,-168.72
-20.867,-108.21,-142.29
2.6179,-103.64,-28.905
19.076,-105.75,-452.4
17.871,-123.23,-290.7
6.5913,-152.8,-263.5
3.5399,-109.07,-128.97
-24.363,-151.33,-198.29
-29.366,-132.12,-335.87
8.0609,-111.43,-83.43
-20.42,-107.17,-126.59
5.28,-97.567,-441.82
21.047,-120.06,-378.43
-31.717,-132.01,-264.41
12.134,-106.61,-376.55
-12.999,-155.79,-265.57
-33.948,-134.57,-169.72
-18.314,-151.54,-82.898
12.564,-145.29,-192.04
-26.52,-116.71,-300.93
-17.09,-108.26,-184.72
0.93949,-155.32,-202.94
-7.9436,-156.74,-258.25
-30.34,-128.81,-310.5
23.827,-122.39,-440.3
-19.747,-106.16,-411.88
-0.27665,-155.59,-194.21
-3.805,-156.04,-280.74
-21.891,-152.9,-161.94
-7.4374,-106.93,-251.17
17.589,-124.09,-276.8
13.186,-122.34,-46.904
13.698,-116.53,-274.58
7.7095,-107.08,0.31912
2.8901,-153.38,-316.57
-26.36,-110.59,-120.85
-26.479,-135.06,-380.37
-19.92,-147.45,-25.507
10.219,-100.45,-430.47
2.3092,-102.92,-20.568
-9.1267,-106.88,-186.7
11.064,-115.64,-76.145
-25.837,-117.36,-437.63
-32.286,-136.94,-226.56
-14.258,-142.3,-448.93
-12.777,-101.77,-403.09
14.312,-120.91,-215.97
1.3078,-98.834,-415.57
-10.611,-100.81,-404.63
-6.0212,-153.63,-107.02
10.446,-143.65,-118.55
2.8987,-109.54,-166.34
-4.9391,-106.17,-145
-34.541,-112.42,-22.547
-11.728,-104.01,-107.03
13.905,-112.18,-333.09
13.97,-114.57,-305.69
-12.015,-107.14,-269.77
16.386,-142.09,-291.97
9.3676,-149.06,-347.16
-9.4339,-156.65,-175.47
-34.488,-133,-150.22
-32.341,-114.57,-82.444
-0.79745,-103.16,-54.382
-28.748,-142.68,-274.1
-29.971,-141.21,-27.244
-27.383,-117.35,-251.89
16.408,-137.86,-218.5
18.397,-137.46,-303.59
19.762,-135.24,-448.7
-21.578,-111.47,-280.39
-21.002,-152.45,-126.21
-18.138,-101.49,-52.673
0.065521,-152.99,-341.82
-35.862,-114.8,-15.706
7.7793,-110.99,-80.604
-34.092,-128.95,-166.47
19.737,-116.06,-379.5
1.6981,-144.25,-20.914
-29.224,-133.09,-335.67
-23.312,-145.33,-14.663
-33.386,-125.69,-172.08
-15.426,-104.06,-100.01
-27.617,-146.87,-97.483
17.247,-140.55,-303.78
-16.835,-101.63,-457.37
-26.48,-125.14,-427.96
-13.28,-106.14,-316.7
-7.3496,-102.53,-77.204
-26.431,-116.72,-358.73
-19.913,-108.46,-354.43
-33.687,-138.27,-120.59
-6.3461,-156.46,-173.22
9.8436,-144.37,-116.87
11.221,-131.51,-13.858
18.237,-138.65,-320.65
-3.1421,-101.61,-372.32
-15.254,-107.64,-292.19
-18.26,-109.55,-233.89
6.7044,-109.34,-289.97
-6.2501,-96.855,-448.51
-13.027,-107.28,-188.42
15.701,-129.01,-167.37
-6.3326,-156.98,-244.72
-7.6617,-152.84,-347.34
-23.004,-152.34,-172.84
2.8419,-144.57,-33.959
13.894,-128.68,-77.291
-14.705,-99.521,-35.116
-29.619,-121.34,-257.13
13.893,-134.19,-104.2
-0.7618,-105.78,-3.7669
23.449,-115.4,-304.41
34.201,-144.29,-183.82
17.138,-106.63,-411.72
-12.379,-138.26,-295.6
-15.23,-144.64,-40.321
30.475,-155.51,-320.96
-6.1439,-156.2,-276.32
30.674,-155.38,-242.74
29.324,-152.43,-140.42
-17.894,-137.4,-17.918
16.204,-107.09,-4.2196
7.9899,-112.99,-319.19
-5.4925,-116.3,-116.66
28.225,-122.07,-227.64
30.874,-126.6,-76.278
15.27,-115.43,-213.02
17.767,-163.7,-260.61
29.657,-151.84,-427.68
33.016,-151.78,-366.65
6.3989,-164.55,-226.46
-2.0409,-117.04,-343.12
3.1651,-159.91,-323.49
-12.493,-120.68,-86.995
5.2388,-108.27,-49.737
6.8717,-162.33,-117.72
34.169,-132.09,-216.06
20.303,-117.04,-192.95
-8.3215,-126.8,-406.6
22.934,-113.6,-330.33
25.054,-115.35,-34.575
12.912,-109.03,-50.623
-1.2109,-157.36,-56.516
26.903,-119.68,-82.143
-13.131,-131.27,-212.15
2.6933,-114.32,-146.85
25.735,-119.41,-246.03
36.363,-146.05,-426.05
33.157,-127.75,-246.08
-17.583,-138.66,-39.179
42.435,-132.34,-454.1
-2.9658,-117.45,-357.17
1.3481,-116.75,-226.34
16.493,-108.81,-380.56
24.81,-154.37,-422.64
-12.989,-138.3,-274.22
26.545,-120.4,-117.75
29.607,-123.22,-236.28
-9.7981,-126.99,-277.61
14.512,-164.63,-229.13
8.4244,-107.56,-417.44
-4.7823,-118.14,-415
3.3877,-108.4,-448.23
21.194,-162.66,-236.14
23.602,-158.58,-355.62
-6.0978,-112.19,-54.461
-9.2401,-154.64,-98.137
12.806,-105.76,-2.9141
26.967,-151.63,-88.995
37.177,-142.86,-292.93
-13.764,-148.94,-94.721
-7.0554,-155.28,-274.78
31.722,-128.71,-141.24
34.297,-150.38,-363.73
26.732,-159.08,-224.85
-6.1077,-121.74,-245.94
-8.1073,-123.68,-235.62
18.354,-162.91,-179.29
22.309,-158.62,-128.16
6.486,-152.12,-439.59
-3.2493,-116.3,-403.82
8.8864,-114.8,-195.04
20.596,-162.09,-183.94
21.254,-114.43,-80.126
-6.6365,-158.57,-189.38
32.074,-132.42,-66.338
29.708,-110.04,-416.4
28.71,-142.87,-25.805
37.155,-142.12,-287.07
-5.3334,-118.89,-432.92
38.347,-133.12,-328.18
30.735,-125.86,-42.951
-9.8935,-154.01,-98.137
27.034,-144.74,-16.213
3.5704,-152.18,-421.31
-12.392,-134.46,-281.44
39.431,-141.09,-434.96
33.746,-135.59,-154.37
-0.36166,-107.74,-29.979
27.04,-158.16,-199.67
1.9312,-115.15,-319.75
-9.7296,-131.22,-374.87
1.0104,-162.26,-256.28
5.3117,-162.91,-134.62
-4.9594,-158.38,-256.62
34.727,-144.11,-202.23
-16.373,-139.19,-138.93
-16.694,-128.36,-78.43
10.478,-105.5,-6.9383
32.234,-129.4,-167.05
6.1858,-159.84,-73.302
21.906,-111.2,-359.86
27.637,-158.06,-311.02
23.445,-115.87,-295.95
12.764,-115.05,-221.34
30.961,-143.07,-74.682
22.721,-161.31,-197.17
25.816,-153.17,-436.79
-10.072,-129.61,-342.12
25.533,-145.19,0.013334
6.3941,-159.33,-65.229
-0.75376,-154.29,-8.0499
3.3384,-109.74,-421.87
17.194,-164.02,-217.72
27.498,-152.56,-108.78
15.769,-110.49,-354.53
-15.633,-134.67,-156.91
20.305,-156.21,-73.217
-14.102,-134.29,-209.64
19.933,-154.6,-436.3
29.665,-124.77,-135.34
-2.7483,-114.85,-118.26
-2.4923,-154.6,-20.973
1.413,-152.21,-405.62
21.605,-160.4,-331.86
25.631,-160.18,-257.75
13.433,-164.57,-197.06
-16.203,-140.9,-141.67
-7.903,-155.96,-102.24
-7.9833,-114.95,-72.898
33.252,-120.37,-339.55
37.853,-143.48,-334.84
0.059294,-154.29,-372.42
29.572,-143.32,-46.205
7.6967,-163.59,-278.47
8.7356,-159.35,-359.76
3.9786,-163.04,-144.25
-12.434,-129.73,-214.65
-2.6582,-113.49,-97.033
26.831,-156.79,-162.66
22.873,-161.37,-287.7
18.052,-113.35,-94.513
5.1071,-111.57,-368.77
11.004,-155.19,-13.421
-3.1399,-106.32,-0.55965
28.171,-157.39,-321.82
-9.2843,-147.99,-319.55
19.028,-157.39,-396.4
25.501,-116.53,-303.45
11.07,-152.4,-456.93
-5.5192,-120.35,-358.08
-8.1742,-126.71,-413.49
-0.9999,-155.74,-30.388
37.944,-144.02,-414.95
-17.15,-124.79,-39.336
22.132,-161.7,-199.25
8.3261,-105.71,-13.798
29.987,-106.94,-452.46
22.281,-156.89,-100.63
3.1535,-112.64,-365.97
5.8514,-113.28,-135.68
36.246,-146.29,-422.96
-17.432,-135.45,-88.213
31.44,-129.14,-42.027
-15.74,-134.56,-152.44
30.68,-144.35,-79.127
13.235,-159.61,-80.09
-1.1576,-116.23,-345.9
20.6,-153.1,-36.806
30.294,-123.68,-244.02
-13.776,-133.66,-216.14
-14.87,-118.05,-23.054
-1.2378,-117.3,-191.28
12.189,-104.11,-455.97
-4.3161,-148.8,-384.76
-4.007,-118.29,-366.27
11.427,-114.96,-224.66
31.233,-127.72,-57.242
-4.3536,-119.84,-218.78
24.723,-116.02,-54.47
25.37,-117.33,-67.824
25.033,-118.69,-111.28
32.19,-117.45,-358.28
-9.5242,-132.17,-385.5
38.236,-143.29,-430.07
3.3658,-116.03,-224.57
5.2295,-107.5,-39.06
4.9385,-163.79,-252.19
-4.4088,-159.58,-236.57
20.554,-115.7,-119.8
1.7711,-157.22,-41.741
25.004,-152.16,-69.095
-14.462,-122.04,-69.233
24.143,-152.65,-65.01
3.1188,-116.13,-242.08
-1.2608,-154.39,-11.723
-4.1975,-159.82,-141.61
11.411,-163.89,-158.95
3.0544,-109.64,-427.55
-9.6451,-127.03,-293.43
39.737,-131.02,-370.14
39.32,-138.6,-357.18
31.219,-127.67,-122.49
29.791,-155.63,-212.05
29.424,-156.83,-242.53
-13.466,-143.11,-249.37
29.518,-156.89,-288.11
-7.3914,-157.84,-194.09
4.0285,-115.81,-219.46
21.099,-153.3,-43.324
-4.512,-155.25,-44.997
38.751,-119.6,-418.27
-14.22,-124.73,-102
-9.3778,-117.54,-90.98
-17.791,-129.39,-52.508
-17.905,-133.91,-63.631
11.069,-156.34,-28.492
-0.23497,-117.15,-287.86
8.7372,-161.57,-102.53
25.25,-117.53,-75.133
35.029,-138.97,-200.48
35.54,-147.97,-282.99
27.299,-158.94,-256.66
24.048,-117.49,-102.07
-9.5086,-141.18,-362.57
-10.992,-119.45,-94.346
-12.478,-128.77,-197.31
-5.2205,-159.13,-229.43
29.948,-137.74,-8.3213
5.1352,-113.95,-149.84
-0.74717,-116.55,-326.38
4.6453,-152.95,-419.6
-7.8544,-147.45,-348.6
-15.321,-145.16,-147.68
30.616,-155.59,-308.53
-4.9936,-118.1,-154.99
21.662,-117.45,-162.42
36.856,-137.83,-270.02
-13.144,-126.05,-140.33
36.556,-145.1,-287.06
28.389,-122.55,-216.09
-5.1101,-157.47,-91.663
19.128,-114.52,-109.21
-3.4746,-148.28,-399.02
-8.0719,-125.73,-406.38
-18.124,-134.91,-48.568
26.559,-120.77,-133.02
-8.3533,-152.79,-44.077
38.446,-122.43,-393.33
33.874,-143.54,-166.96
-12.2,-145.36,-274.68
11.059,-105.9,-10.962
13.575,-152.94,-457.13
-10.138,-153.76,-226.34
-12.723,-117.96,-53.282
-5.4171,-140.86,-434.77
15.191,-163.21,-296.56
28.34,-154.36,-149.44
27.834,-118.56,-295.82
29.241,-120.72,-4.2443
26.604,-153.44,-426.66
25.68,-114.34,-337.9
42.417,-128.6,-444.79
31.536,-148.27,-138.58
10.941,-163.23,-139.83
6.1377,-154.68,-408.12
24.836,-150.62,-49.271
1.2498,-162.6,-153.28
-10.198,-137.88,-360.79
2.1554,-110.61,-77.477
-1.5258,-112,-81.962
14.006,-160.92,-345.43
5.5139,-152.58,-428.88
33.366,-137.13,-127.48
26.366,-159.18,-214.82
-18.764,-129.93,-16.205
-1.2814,-160.16,-109.47
30.562,-125.35,-208.67
-16.819,-140.74,-24.19
7.8921,-114.61,-181.72
38.733,-142.48,-427.14
-6.6543,-121.99,-431.27
33.835,-133.75,-178.05
11.147,-110.65,-355.12
33.667,-130.16,-224.78
34.406,-150.44,-282.32
13.289,-156.6,-38.491
1.6897,-109.58,-61.255
17.571,-158.26,-385.64
-7.059,-137.98,-426.66
20.917,-116.24,-129.72
23.939,-119,-209.31
-1.7927,-115.55,-380.31
35.614,-147.8,-398.86
20.404,-155.6,-66.078
-9.7358,-150.5,-23.48
19.492,-161.07,-144.04
36.197,-147.47,-377.24
39.311,-141.38,-419.16
-12.07,-142.16,-296.38
24.785,-118.79,-245.1
37.021,-126.57,-339.5
-9.1181,-127.2,-357.95
5.384,-115.51,-225.14
-13.792,-148.73,-88.194
-5.6011,-121.3,-249.72
23.873,-109.42,-391.44
4.1166,-155.37,-388.97
16.588,-162.75,-156.44
33.13,-133.02,-144.5
-15.016,-141.81,-195.24
0.64906,-116.9,-273.45
-13.238,-146.61,-18.064
-1.2984,-159.24,-90.246
7.4962,-155.83,-400.89
-6.5323,-145.1,-387.29
36.056,-140.27,-239.87
-10.788,-111.76,-8.5749
-1.6563,-159.58,-283.76
7.7787,-161.68,-104.17
-6.8476,-122.1,-225.56
-5.5266,-119.36,-452.67
28,-118.85,-23.234
-15.721,-143.27,-150.1
-6.3025,-120.95,-413.97
-5.4073,-158.85,-134.02
-8.0625,-126.08,-412.4
15.477,-108.71,-33.236
38.333,-143.24,-423.08
11.128,-114.92,-206.27
3.2502,-158.95,-63.958
28.243,-157.01,-332.62
-13.513,-130.2,-184.67
-1.2495,-155.68,-344.9
32.256,-131.01,-105.66
-7.65,-140.38,-402.23
24.048,-114.64,-40.735
29.387,-116.57,-340.11
27.031,-155.02,-394.84
-8.6144,-144.14,-361.26
-7.031,-152.77,-309.04
-0.77701,-117.11,-192.37
-18.549,-124.69,-1.2503
30.377,-137.28,-15.789
-9.1007,-114.61,-57.624
39.076,-132.88,-347.71
34.367,-131.23,-234.36
36.693,-131.55,-295.76
-0.20753,-113.01,-408.18
7.5049,-164.48,-244.82
46.73,-114.39,-445.49
14.756,-149.19,-454.35
14.162,-156.93,-381.51
44.85,-163.12,-393.49
52.677,-156.34,-420.49
44.752,-117.08,-403.87
40.034,-123.25,-97.259
10.65,-136.35,-438.36
54.736,-154.07,-418.93
52.511,-151.16,-173.45
44.912,-128.09,-234.45
52.826,-144.82,-178.44
52.014,-145.6,-137.26
23.752,-170.95,-274.2
4.6323,-136.89,-162.3
44.54,-167.6,-251.82
25.37,-172.38,-229.43
15.112,-166.87,-105.7
51.583,-160.07,-266.06
50.463,-153.57,-126.14
55.612,-150.25,-290.28
51.207,-130.2,-309.34
55.505,-124.84,-415.8
-0.53984,-137.84,-5.5851
58.341,-143.64,-369.42
17.527,-118.51,-66.801
49.418,-123.41,-365.41
8.9017,-152.23,-341.79
35.45,-117.29,-35.027
51.499,-156.99,-430.69
58.238,-138.5,-372.42
49.112,-133.99,1.4293
6.6569,-123.87,-44.832
47.893,-162.35,-373.06
29.52,-170.78,-134.49
13.529,-128.3,-301.3
31.578,-114.54,-411.79
5.628,-133.99,-150.29
17.669,-121.13,-411.04
35.756,-122.56,-136.57
49.463,-150.42,-72.658
4.7315,-139.35,-195.55
10.074,-164.55,-200.49
28.614,-167.24,-69.406
4.7562,-154.35,-28.141
58.463,-145.54,-383.28
42.558,-168.57,-284.02
34.99,-113.36,-425.41
40.904,-117.97,-375.1
50.227,-128.37,-317.49
52.346,-121.63,-410.68
40.287,-123.69,-103.64
15.441,-168.86,-171.04
6.3087,-135.98,-199.56
31.808,-116.24,-39.573
59.941,-143.51,-442.73
39.453,-122.32,-301.41
42.108,-166.14,-140.5
27.394,-119.8,-110.96
52.162,-159.56,-318.36
41.458,-158.07,-25.838
2.4306,-139.11,-120.96
8.5833,-122.81,-54.66
17.642,-119.89,-443.77
10.868,-131.41,-284.31
27.19,-114.03,-20.353
17.591,-164.49,-335.24
31.201,-172.32,-254.22
45.147,-127.65,-252.48
3.7498,-145.5,-208.11
38.762,-161.02,-455.28
43.487,-126.12,-99.658
3.2183,-139.49,-148.2
6.5627,-160.45,-146.91
46.024,-129.23,-227.74
54.073,-150.7,-230.87
45.424,-126.94,-272.86
15.891,-169.13,-172.84
23.145,-171.92,-185.92
6.6614,-140.23,-289.9
45.89,-164.22,-359.92
2.116,-140.66,-121.87
44.731,-162.66,-402.83
3.5849,-151.71,-8.0592
58.707,-145.93,-401.15
51.18,-158.99,-389.64
6.2304,-135.55,-189.75
43.787,-162.04,-420.41
49.835,-159.98,-188.59
39.011,-163.71,-71.366
52.891,-157.64,-266.43
51.839,-123.75,-385.27
41.516,-126.24,-208.3
35.679,-171.18,-183.07
11.732,-130.26,-310.61
19.054,-160.06,-398.03
6.3308,-140.22,-273.6
43.517,-165.66,-355.94
22.265,-112.89,-5.3343
55.043,-154.66,-342.26
49.822,-134.47,-204.81
54.989,-130.21,-364.51
31.452,-119.21,-337.42
32.758,-116.16,-34.049
26.649,-172.31,-246.31
55.093,-140.56,-286.32
46.457,-127.12,-33.208
53.033,-133.92,-298.48
28.855,-114.24,-424.59
21.171,-165.08,-356.14
15.103,-151.81,-437.13
49.307,-118.09,-421.09
52.434,-136.26,-258.16
18.45,-169.94,-242.72
34.956,-120.12,-86.673
6.3773,-140.69,-281.75
20.755,-116.36,-48.821
20.594,-114.56,-24.392
6.6127,-129.69,-112.62
50.378,-131.35,-280.69
31.884,-113.71,-2.1212
12.078,-127.51,-168.36
22.907,-165.43,-362.51
37.76,-167.78,-351.48
39.254,-159.09,-17.383
36.281,-161.61,-25.698
3.33,-131.81,-76.78
41.227,-126.02,-213.31
20.88,-168.89,-104.57
40.103,-168.88,-312.88
8.0637,-146.1,-354.8
37.195,-158.73,2.4666
26.013,-165.26,-38.213
22.176,-120.23,-362.56
48.755,-133.65,-154.17
0.79911,-135.86,-49.622
56.66,-131.39,-381.06
9.3391,-163.91,-186.82
4.4858,-123.36,-11.656
14.495,-162.9,-322.48
52.144,-159.6,-299.46
13.311,-165.65,-100.42
26.839,-170.65,-128.38
0.88956,-146.63,-37.636
26.982,-117.71,-375.99
24.744,-166.89,-61.567
8.7736,-145.65,-373.7
25.642,-170.18,-303.03
54.615,-155.5,-352.71
35.146,-171.91,-216.66
51.18,-153.56,-146.9
55.455,-145.46,-275.58
9.0119,-160.75,-63.195
10.517,-147.59,-400.4
56.791,-137.5,-344.36
8.1869,-134.84,-250.49
19.011,-114.49,-19.459
7.0422,-146.1,-326.76
24.767,-164.34,-385.97
23.585,-120.32,-118.15
46.304,-153.66,-40.058
48.94,-142.78,-4.1933
52.59,-150.56,-173.04
33.387,-114.26,-413.53
26.027,-121.29,-144.35
52.082,-156.91,-420.47
51.104,-144.14,-93.134
5.2333,-157.65,-94.738
46.12,-125.23,-2.4755
27.754,-117.66,-373.51
53.202,-129.7,-343.58
41.217,-126.08,-176.65
30.593,-116.09,-390.28
2.0208,-146.33,-137.82
13.414,-161.67,-323.91
50.009,-149.75,-81.716
24.396,-161.12,-422.03
25.746,-160.09,-441.05
7.5641,-161.79,-143.88
14.373,-162.33,-29.81
44.664,-125.16,-295.97
49.602,-135.87,-27.782
40.784,-125.19,-139.41
3.5082,-154.41,-142.65
43.284,-156.29,-26.011
21.758,-121.15,-346.96
3.4655,-149.88,-196.13
25.357,-159.63,-444.38
50.864,-150.57,-112.97
33.94,-161.17,-453.62
53.121,-153.42,-212.59
54.71,-155.08,-377.41
40.473,-120.69,-335.07
52.141,-144.73,-145.23
55.381,-153.58,-402.51
47.572,-156.12,-86.874
50.844,-137.31,-176.46
26.578,-172.6,-213.77
38.134,-160.53,-25.431
48.269,-130.21,-4.434
55.29,-152.46,-296.96
40.265,-122.2,-71.209
56.828,-122.85,-448.62
40.315,-169.49,-290.05
44.125,-165.9,-343.69
29.642,-167.52,-360.08
10.478,-134.28,-422.74
34.339,-123.15,-181.68
11.153,-162.44,-63.09
47.573,-164.81,-237.44
54.514,-155.33,-380.6
32.091,-122.3,-163.28
3.9223,-137.25,-146.58
52.29,-145.1,-151.57
4.7111,-142.31,-226.43
38.591,-165.24,-391.79
10.858,-137.19,-445.33
9.5939,-134.61,-372.68
5.9174,-126.87,-68.268
5.9081,-150.72,-279.53
40.393,-166.24,-367.78
1.6965,-135.88,-75.138
52.68,-141.78,-195.61
13.404,-159.78,-344.7
46.227,-165.22,-327.68
5.6302,-125.73,-51.826
15.053,-123.95,-135.8
13.721,-167.39,-225.81
47.778,-130.79,-233.7
14.741,-164.33,-306.57
7.9737,-160.21,-72.365
1.1876,-135.95,-61.611
4.7921,-147.21,-251.35
9.1128,-162.67,-226.64
58.869,-146.66,-443.72
11.324,-120.11,-47.852
57.735,-149.1,-408.37
9.6024,-134.95,-380.76
49.881,-136.34,-64.979
46.361,-166.06,-242.46
1.5624,-148.99,-50.333
56.075,-152,-336.94
1.4236,-140.51,-97.09
50.493,-156.97,-163.52
11.37,-162.05,-53.268
17.393,-120.47,-434.9
33.71,-171.77,-184.87
58.66,-144.66,-385.83
53.652,-126.6,-378.26
50.308,-141.64,-51.757
50.258,-157.27,-160.68
34.66,-162.86,-430.96
27.243,-160.96,-437.69
49.632,-118.14,-422.98
51.885,-158,-397.8
51.55,-155.62,-179.43
44.568,-167.39,-228.36
31.548,-172.18,-260.37
52.382,-140.02,-204.51
41.917,-166.48,-352.99
35.696,-122.72,-142.4
56.837,-151.07,-393.3
48.971,-154.26,-95.863
38.099,-115.37,-401.05
24.527,-160.76,-426.92
24.342,-163.72,-391.32
14.725,-167.92,-142.54
49.178,-140.36,0.80062
3.5753,-139.66,-160.91
53.319,-141.92,-221.04
5.5246,-122.76,-19.049
17.97,-119.89,-434.83
6.703,-154.79,-273.89
11.781,-130.73,-454.15
30.489,-171.15,-146.34
8.5917,-134.52,-264.5
57.576,-143.79,-344.2
51.47,-150.01,-129.21
10.56,-135.84,-434.18
0.94944,-137.65,-65.208
39.733,-121.21,-59.572
13.461,-119.58,-57.412
58.883,-127,-445.91
43.567,-123.18,-33.06
36.92,-121.11,-89.342
44.975,-167.2,-275.02
0.64756,-144.94,-58.31
49.277,-134.06,-37.822
16.074,-126.38,-226.44
54.596,-147.19,-243.63
49.78,-147.98,-62.458
3.4772,-124.19,-5.4656
0.42821,-141.79,-58.434
46.936,-128.31,-42.031
48.806,-128.21,-300.17
49.163,-160.77,-387.93
39.801,-124.64,-141.57
47.247,-131.33,-137.7
0.79494,-141.17,-75.252
10.022,-161.42,-59.805
44.428,-126.2,-273.6
40.537,-119.85,-25.164
10.972,-128.46,-168.77
32.852,-120.98,-301.91
39.003,-170.5,-264.8
4.6839,-146.45,-246.6
12.229,-128.68,-386.37
4.8209,-149.69,-248.85
21.988,-159.55,-424.98
38.338,-159.9,-19.496
54.954,-120.26,-449.75
19.381,-123.69,-175.65
8.4779,-133.26,-216.71
12.621,-160.86,-20.828
39.752,-164.19,-84.252
5.8588,-158.8,-103.95
0.072619,-137.58,-33.541
6.453,-151.61,-290.16
13.109,-119.04,-48.172
49.763,-160.26,-191.38
4.2086,-143.03,-212.63
9.849,-128.91,-156.54
18.882,-168.26,-102.54
46.401,-155.35,-58.722
16.624,-162.73,-347.56
33.53,-121.37,-293.93
7.4203,-150.51,-320.67
38.477,-161.4,-38.35
20.423,-124.25,-254.42
49.488,-134.9,-70.749
50.324,-156.74,-155.85
21.684,-168.4,-311.93
36.648,-122.55,-125.95
1.5934,-128.73,-14.503
49.966,-135.83,-158.3
54.347,-152.1,-250.58
41.801,-126,-233.47
47.949,-151.32,-46.825
10.976,-156.18,-346.07
49.775,-153.82,-110.46
4.0838,-152.05,-0.18535
54.809,-150.66,-259.77
6.0348,-154.43,-258.55
53.05,-153.21,-208.04
37.648,-123.81,-247.06
11.428,-131.59,-444.94
10.727,-144.31,-421.48
30.309,-122.21,-170.22
57.337,-123.78,-447.62
27.857,-167.18,-67.288
-83.779,-116.7,-347.08
-63.248,-75.882,-313.1
-62.342,-92.799,-196.41
-86.115,-117.75,-155.96
-44.763,-79.544,-460.19
-97.654,-72.25,-239.9
-63.497,-112.86,-418.78
-61.749,-85.006,-252.54
-78.934,-111.52,-55.758
-64.913,-97.585,-80.856
-103.9,-110.29,-95.521
-79.649,-114.7,-397.86
-87.28,-68.939,-328.9
-59.934,-87.505,-269.51
-46.611,-79.702,-442.26
-71.427,-68.181,-349.96
-66.53,-72.085,-325.46
-97.077,-69.853,-168.02
-85.401,-115.36,-97.944
-64.04,-86.976,-112.47
-99.588,-110.05,-43.949
-79.159,-113.37,-91.123
-63.331,-111.81,-337.92
-97.03,-101.84,-391.98
-50.938,-73.114,-437.24
-101.89,-109.66,-58.82
-82.656,-66.82,-402
-79.423,-65.28,-441.7
-110.62,-76.732,-53.484
-54.933,-81.914,-355.77
-105.27,-90.364,-324.4
-111.68,-77.878,-2.5321
-94.872,-62.461,-23.942
-65.743,-99.352,-70.486
-73.665,-69.164,-71.426
-78.937,-70.056,-177.71
-108.6,-102.53,-46.37
-55.732,-86.059,-331.19
-68.658,-77.382,-177.6
-94.932,-90.091,-443.59
-98.599,-79.31,-368.71
-68.516,-66.223,-394.6
-66.242,-103.63,-138.06
-89.274,-117.59,-148.48
-113.66,-91.825,-111.81
-63.451,-82.27,-244.39
-104.4,-112.12,-190.52
-104.69,-91.278,-333.09
-112.27,-99.984,-145.5
-110.24,-99.334,-38.814
-78.052,-116.86,-358.31
-49.466,-93.145,-395.43
-72.355,-112.46,-163.35
-92.402,-106.99,-400.95
-100.67,-98.997,-368.21
-64.353,-78.121,-17.35
-99.546,-111.96,-294.67
-70.3,-105.34,-50.39
-60.582,-101.16,-260.52
-112.38,-81.216,-59.021
-64.109,-85.358,-86.507
-66.303,-78.22,-76.169
-61.922,-96.722,-212.65
-67.55,-78.623,-139.15
-108.78,-105.68,-103.4
-50.83,-98.193,-391.84
-80.809,-62.159,-16.658
-54.585,-67.733,-452.11
-69.34,-66.172,-392.36
-93.883,-69.078,-175.12
-77.46,-64.762,-431.54
-62.615,-111.23,-338.66
-99.926,-80.254,-356.32
-97.923,-115.44,-139.36
-66.021,-79.095,-80.899
-102.39,-68.55,-75.338
-102.47,-74.218,-204.58
-72.31,-106.99,-45.382
-112.42,-81.379,-60.455
-61.106,-70.514,-383.01
-63.758,-94.465,-125.45
-52.139,-106.16,-447.94
-78.136,-118.12,-309.08
-61.186,-106.98,-296.96
-71.019,-71.37,-70.233
-67.525,-114.14,-412.16
-51.44,-100.4,-394.78
-85.082,-110.92,-15.611
-112.39,-91.65,-17.558
-93.742,-69.726,-200.26
-89.013,-64.773,-82.32
-89.732,-69.582,-247.04
-80.572,-65.663,-73.827
-97.12,-83.127,-410.62
-104.49,-73.08,-139.98
-64.345,-83.134,-71.046
-85.79,-112.98,-50.572
-68.869,-72.191,-303.15
-105.08,-82.988,-295.67
-103.16,-69.899,-92.51
-101.08,-71.118,-150.25
-71.554,-72.186,-94.572
-52.476,-93.702,-360.46
-100.36,-112.12,-86.646
-72.318,-115.72,-382.92
-98.646,-80.139,-374.58
-94.781,-61.371,-4.7091
-106.23,-69.141,-19.689
-68.152,-103.87,-76.487
-86.84,-112.88,-386.64
-60.256,-85.106,-276.68
-103.23,-87.942,-347.11
-96.412,-71.338,-228.1
-64.935,-97.005,-61.422
-62.325,-72.935,-350.44
-79.653,-70.06,-205.31
-85.671,-68.411,-420.97
-63.729,-91.856,-67.826
-89.886,-65.487,-96.32
-50.734,-101.43,-411.71
-60.959,-110.64,-360.93
-93.726,-117.48,-256.99
-90.701,-118.6,-245.82
-95.211,-90.945,-439.93
-67.315,-106.42,-154.67
-64.228,-85.245,-94.463
-82.925,-115.5,-372.04
-84.868,-118.68,-196.41
-73.811,-64.381,-422.97
-63.894,-87.52,-149.05
-77.763,-65.878,-389.6
-57.451,-66.871,-442.37
-65.55,-78.672,-59.394
-113.09,-84.784,-89.454
-91.065,-117.52,-150.49
-111.82,-80.723,-89.678
-104.01,-110.43,-100.36
-93.979,-117.47,-253.65
-98.151,-112.88,-298.46
-110.65,-97.304,-236.09
-113.47,-92.143,-76.625
-108.98,-80.041,-177.33
-72.845,-71.421,-102.39
-107.65,-73.673,-85.52
-47.443,-75.464,-452.85
-84.297,-68.446,-315.34
-69.381,-112.86,-232.14
-110.28,-104.25,-126.65
-53.344,-70.809,-434.91
-65.036,-102.01,-154.8
-81.885,-117.35,-339.44
-89.697,-115.62,-99.371
-88.733,-72.732,-456.23
-60.703,-94.259,-238.43
-113.68,-90.978,-100.36
-47.656,-91.633,-414.51
-69.224,-114.98,-300.27
-52.853,-74.08,-416.01
-67.155,-76.375,-71.491
-106.61,-106.4,-68.863
-65.54,-113.55,-343.64
-61.259,-86.681,-250.6
-63.721,-86.572,-181.41
-107.97,-97.237,-284.36
-60.775,-101.16,-256.89
-101.1,-94.558,-374.03
-48.666,-88.845,-403
-62.238,-64.038,-452.07
-103.17,-110.75,-93.97
-74.727,-66.725,-366.32
-89.628,-114.73,-346.41
-67.024,-78.474,-106.4
-107.65,-103.84,-47.559
-111.14,-95.161,-12.297
-91.03,-72.702,-414.69
-111.48,-77.814,-26.873
-84.767,-113.52,-62.936
-76.574,-68.358,-322.64
-70.922,-71.328,-298.37
-97.112,-98.325,-405.07
-112.46,-90.357,-184.9
-72.937,-72.904,-147.29
-53.491,-93.031,-347.65
-88.964,-68.824,-195.02
-113.27,-91.624,-57.895
-105.95,-73.956,-130.37
-94.022,-88.351,-454.16
-85.023,-68.791,-455.23
-103.22,-111.26,-105.67
-112.98,-95.383,-166.56
-84.781,-114.28,-77.523
-111.6,-90.115,-209.99
-73.709,-106.18,-7.0002
-56.797,-85.64,-320.15
-61.287,-108.58,-315.57
-112.54,-95.146,-187.66
-49.875,-100.9,-420.03
-57.596,-81.393,-330.86
-58.931,-93.959,-271.67
-83.728,-67.632,-360.68
-91.565,-75.773,-443.65
-60.1,-100.19,-264.57
-78.872,-68.778,-300.71
-98.682,-115.74,-164.55
-44.34,-83.115,-454.86
-100.84,-78.747,-326.34
-100.25,-109.23,-36.553
-89.541,-101.38,-458.73
-91.723,-116.6,-300.77
-61.541,-97.148,-223.44
-66.317,-104.92,-157.53
-108.34,-106.45,-107.75
-73.468,-113.49,-167.53
-92.288,-100.68,-438.85
-113.25,-85.224,-73.703
-95.166,-86.326,-440.66
-74.281,-116.22,-373.27
-55.8,-98.996,-328.19
-61.545,-108.02,-303.11
-83.858,-118.91,-215.82
-107.24,-73.356,-88.772
-105.11,-110.5,-124.52
-93.608,-90.949,-456.59
-101.26,-66.538,-48.864
-102.54,-98.619,-349.72
-108.63,-80.191,-188.75
-98.993,-87.797,-398.68
-102.5,-102.73,-334.45
-103.71,-71.9,-127.42
-79.402,-66.003,-394.53
-74.084,-63.439,-456.46
-112.57,-84.94,-130.57
-63.38,-89.878,-33.775
-105.53,-71.987,-96.439
-98.448,-97.356,-395.26
-102.32,-69.135,-88.507
-100.57,-115.01,-189.73
-47.415,-93.189,-419.34
-101.25,-113.99,-231.97
-63.067,-95.373,-170.97
-82.546,-68.16,-144.68
-63.965,-80.818,-30.997
-43.947,-89.023,-454.27
-59.444,-103.16,-292.98
-87.64,-118.83,-266.49
-64.676,-84.629,-131.14
-111.76,-98.427,-201.58
-100.41,-79.197,-338.78
-63.67,-89.77,-85.614
-81.864,-67.802,-128.95
-49.482,-73.99,-443.66
-53.159,-101.95,-380.59
-103.62,-78.274,-267.36
-51.388,-85.934,-378.52
-104.53,-108.51,-268.83
-108.93,-79.69,-172.76
-109.65,-103.56,-86.163
-79.718,-117.58,-194.85
-89.057,-69.549,-303.51
-78.805,-70.224,-187.06
-94.842,-117.69,-206.06
-101.42,-112.56,-261.48
-99.555,-76.273,-313.35
-51.244,-104.94,-442.47
-74.797,-64.775,-414.14
-96.132,-117.21,-197.35
-97.333,-114.47,-283.9
-111.63,-101.56,-165.25
-69.186,-74.789,-253.37
-60.499,-103.77,-279.1
-67.509,-101.77,-49.271
-58.671,-95.5,-276.76
-62.877,-86.998,-1.8006
-89.755,-116.4,-319.61
-88.726,-66.654,-123.35
-99.169,-82.888,-383.3
-109.44,-99.93,-28.718
-47.782,-79.476,-432.31
-63.909,-80.142,-22.65
-71.778,-74.266,-188.94
-64.224,-94.994,-78.388
-86.122,-69.2,-440.17
-108,-82.04,-229.63
-93.038,-95.644,-451.87
-66.816,-65.97,-405.2
-62.226,-99.8,-218.25
-53.882,-72.655,-417.47
-64.508,-66.612,-406.7
-101.08,-112.83,-110.2
-81.814,-115.66,-121.36
-64.697,-84.226,-168.51
-68.977,-76.807,-147.19
-98.207,-63.728,-25.185
-73.577,-71.146,-109.25
-54.508,-91.75,-335.17
-56.562,-93.883,-307.82
-72.438,-71.827,-272.01
-72.67,-116.65,-294.64
-81.385,-116.96,-350.04
-104.22,-112.31,-178.73
-108.74,-78.33,-153.25
-96.662,-66.224,-85.089
-65.745,-78.013,-56.491
-108,-88.268,-277.24
-113.1,-88.679,-30.425
-91.143,-69.946,-254.5
-71.456,-114.11,-221.11
-67.918,-114.29,-306.15
-62.442,-112.1,-451.16
-82.33,-68.904,-282.81
-111.4,-102.12,-129.51
-77.994,-65.608,-54.918
-91.144,-114.04,-344.87
-100.89,-64.767,-18.407
-63.664,-89.282,-82.783
-105.5,-75.33,-169.41
-51.572,-98.034,-381.58
-90.918,-111.41,-23.849
-100.93,-80.034,-338.6
-110.9,-96.228,-17.867
-102.75,-73.231,-174.94
-76.586,-68.873,-102.27
-113.48,-93.866,-100.74
-70.78,-115.91,-306.42
-68.716,-62.749,-459.5
-91.811,-74.837,-430.68
-71.8,-69.813,-318.92
-69.887,-73.105,-79.358
-87.798,-69.069,-361.29
-77.592,-66.974,-356.76
-112.12,-83.156,-123.72
-101.77,-114.17,-176.45
-82.773,-115.84,-119.71
-75.585,-107.84,-16.441
-68.448,-114.93,-323.23
-59.968,-72.328,-374.34
-74.779,-69.919,-294.47
-79.516,-70.001,-236.26
-59.094,-85.354,-292.07
-57.72,-65.973,-450.44
-74.99,-72.054,-190.69
-67.368,-107.36,-169.82
-100.62,-113.9,-247.94
-96.854,-108.91,-350.46
-111.89,-100.31,-176.14
-89.979,-112.27,-36.887
-70.408,-106.79,-79.773
-74.463,-66.472,-37.291
-95.31,-71.516,-259.85
-73.391,-110.76,-106.79
-68.452,-80.525,-5.9421
-49.861,-100.62,-306.47
-62.668,-130.79,-186.39
-46.841,-88.837,-413.63
-92.171,-95.193,-298.48
-103.74,-100.66,-43.426
-69.892,-135.71,-323.77
-99.319,-113.13,-279.51
-71.278,-136.48,-245.56
-72.532,-134.31,-143.22
-101.59,-93.607,-20.906
-56.282,-92.422,-6.255
-59.849,-88.702,-321.35
-76.497,-84.483,-119.07
-52.073,-109.52,-229.8
-56.081,-116.12,-78.551
-58.034,-96.247,-215.18
-86.138,-134.38,-263.73
-65.955,-131.37,-430.4
-64.607,-134.05,-369.34
-96.104,-128.06,-229.71
-69.638,-85.132,-345.45
-93.593,-121.51,-326.65
-85.287,-83.618,-89.569
-64.496,-85.848,-51.892
-96.566,-127.68,-120.95
-54.193,-121.13,-218.37
-55.631,-100.91,-195.1
-79.41,-87.982,-409.18
-48.559,-98.666,-332.35
-54.18,-104.15,-36.685
-59.092,-91.359,-52.719
-100.83,-119.26,-59.74
-54.56,-108.21,-84.312
-89.986,-90.142,-214.92
-68.325,-87.937,-149.13
-51.887,-105.71,-248.16
-57.135,-131.26,-428.58
-51.56,-116.87,-248.31
-101.72,-94.573,-42.184
-43.095,-124.39,-456.28
-70.32,-84.72,-359.51
-69.275,-88.19,-228.66
-49.382,-90.389,-382.53
-71.401,-130.24,-425.45
-93.112,-95.039,-277.12
-54.558,-108.2,-119.93
-51.572,-111.21,-238.46
-83.329,-88.388,-280.23
-89.883,-133.3,-232.3
-53.996,-83.896,-419.45
-70.96,-83.538,-417.36
-57.759,-81.016,-450.3
-83.356,-136.03,-239.21
-76.415,-133.32,-358.55
-75.605,-81.526,-56.807
-104.38,-111.62,-101.37
-58.058,-89.232,-4.9559
-74.893,-132.67,-91.816
-57.213,-130.59,-295.42
-104.25,-104.38,-97.885
-99.457,-111.85,-277.96
-55.444,-117.67,-143.53
-62.79,-133.84,-366.39
-77.045,-136.95,-227.8
-77.785,-87.035,-248.44
-80.779,-87.336,-238.17
-86.869,-134.93,-182.4
-82.141,-134.66,-131.16
-83.643,-116.58,-442.53
-68.832,-83.216,-406.13
-62.895,-91.835,-197.25
-84.523,-135.69,-187.01
-55.559,-100.58,-82.242
-103.01,-115.44,-192.65
-59.108,-121.44,-68.721
-39.306,-99.485,-418.26
-69.236,-127.67,-28.445
-56.877,-130.06,-289.54
-71.492,-83.589,-435.29
-49.336,-123.55,-330.45
-56.406,-115.78,-45.219
-104.47,-110.72,-101.37
-71.919,-128.11,-18.911
-86.293,-114.93,-424.28
-90.036,-92.41,-284.25
-51.411,-129.34,-437.36
-58.041,-124.12,-156.78
-68.862,-82.037,-32.184
-76.737,-136.67,-202.6
-65.866,-86.458,-322.01
-83.981,-90.758,-377.56
-98.142,-122.56,-259.53
-97.786,-126.97,-137.87
-100.22,-115.74,-259.84
-61.77,-130.82,-204.8
-99.075,-94.82,-141.91
-93.613,-86.881,-81.205
-59.592,-87.5,-8.9966
-54.961,-118.28,-169.35
-96.407,-125.75,-76.499
-47.197,-95.891,-361.83
-73.91,-135.93,-313.91
-50.335,-101.05,-298.02
-59.539,-94.268,-223.52
-66.628,-128.81,-77.292
-82.124,-136.34,-200.2
-69.564,-129.83,-439.57
-83.888,-89.614,-344.79
-73.696,-127.65,-2.7128
-96.087,-125.57,-68.416
-99.514,-117.66,-11.218
-59.201,-82.257,-423.98
-87.672,-134.67,-220.86
-74.672,-133.53,-111.61
-51.552,-91.454,-356.55
-95.231,-91.66,-159.79
-83.262,-132.04,-76.201
-92.724,-91.859,-212.48
-75.002,-127.15,-439.16
-54.614,-113.39,-137.57
-73.429,-85.119,-120.62
-100.77,-116.65,-24.162
-88.29,-113.71,-408.62
-79.61,-133.66,-334.85
-77.914,-136.77,-260.72
-91.334,-132.86,-200.25
-99.983,-96.209,-144.68
-104.12,-113.45,-105.49
-78.443,-82.259,-75.314
-44.811,-110.39,-341.6
-56.227,-131.1,-337.33
-91.352,-114.75,-375.48
-68.44,-128.37,-48.841
-93.416,-127.66,-281.68
-88.218,-124.32,-362.85
-98.69,-126.12,-147.52
-88.409,-89.384,-217.37
-72.923,-84.331,-99.36
-76.782,-135.84,-165.57
-80.171,-135.63,-290.71
-57.018,-97.556,-96.635
-60.122,-85.298,-370.91
-90.972,-125.85,-16.492
-70.683,-79.436,-2.7699
-72.849,-135.66,-324.69
-95.554,-104.41,-322.6
-78.314,-129.09,-399.34
-49.032,-102.81,-305.51
-79.953,-119.58,-459.82
-74.122,-85.294,-360.51
-79.093,-87.938,-416.06
-100.17,-118.4,-33.583
-54.851,-130.83,-417.43
-92.479,-84.221,-42.052
-82.783,-136.24,-202.29
-61.23,-86.209,-15.88
-36.353,-96.948,-454.24
-81.618,-133.58,-103.6
-62.362,-84.886,-368.15
-65.468,-89.274,-137.91
-57.443,-131.4,-425.5
-98.532,-91.749,-91.138
-57.991,-118.75,-44.355
-95.336,-91.55,-155.31
-67.571,-129.57,-81.765
-90.719,-130.04,-83.212
-68.387,-85.057,-348.21
-81.791,-130.19,-39.733
-51.184,-111.93,-246.2
-91.935,-91.524,-218.96
-86.741,-80.678,-25.614
-72.332,-87.276,-193.65
-48.101,-83.312,-457.87
-90.92,-107.61,-387.76
-71.469,-84.608,-368.64
-60.436,-93.309,-226.85
-56.924,-117.39,-59.54
-75.781,-86.96,-221.22
-54.452,-104.27,-56.592
-54.521,-105.56,-69.963
-54.754,-105.98,-113.44
-43.361,-107.3,-360.28
-84.215,-91.519,-388.2
-53.841,-130.31,-432.52
-67.302,-88.95,-226.86
-64.231,-85.354,-41.203
-96.204,-126.3,-255.43
-100.98,-117.21,-239.82
-56.087,-100.73,-121.94
-98.765,-121.21,-44.937
-77.148,-132,-71.951
-88.037,-83.563,-71.859
-78.208,-131.86,-67.886
-67.195,-88.705,-244.36
-99.892,-117.37,-14.897
-102.94,-118.42,-144.9
-93.235,-131.4,-162.15
-59.235,-81.943,-429.66
-82.91,-88.369,-296.06
-46.049,-122.43,-372.34
-51.508,-128.1,-359.54
-55.55,-116.73,-124.77
-72.747,-136.39,-214.89
-73.168,-136.78,-245.39
-97.081,-98.652,-252.37
-72.195,-136.46,-290.96
-103.03,-114.36,-197.34
-66.757,-89.254,-221.74
-81.405,-130.61,-46.249
-102.24,-115.63,-48.212
-38.48,-112.6,-420.23
-88.902,-85.472,-104.67
-80.799,-83.174,-93.458
-95.652,-87.21,-55.322
-98.414,-90.496,-66.535
-91.349,-126.63,-31.582
-69.473,-86.901,-290.19
-94.964,-128.44,-105.73
-54.589,-105.57,-77.276
-58.273,-127.1,-202.93
-61.959,-133.55,-285.6
-75.86,-136.9,-259.58
-54.931,-104.51,-104.21
-90.462,-98.645,-365.47
-83.193,-83.57,-96.878
-88.185,-88.783,-200.02
-101.46,-116.41,-232.68
-65.355,-124.7,-10.849
-66.156,-89.196,-152.08
-68.682,-85.749,-328.7
-86.001,-116.22,-422.58
-93.514,-104.65,-351.61
-101.92,-99.988,-150.77
-70.1,-135.98,-311.34
-76.476,-85.82,-157.42
-55.483,-102.38,-164.58
-54.704,-126.74,-272.41
-88.127,-86.807,-143.01
-59.25,-131.96,-289.6
-52.494,-110.11,-218.27
-103.16,-116.5,-94.917
-56.645,-99.009,-111.34
-89.646,-107.62,-401.99
-78.533,-87.321,-408.93
-99.534,-91.261,-51.499
-54.467,-108.34,-135.2
-103.63,-111.28,-47.28
-41.044,-114.81,-395.36
-62.786,-130.17,-169.53
-97.032,-100.95,-277.71
-59.319,-88.139,-13.021
-78.378,-121.6,-460.02
-101.85,-109.17,-229.53
-84.41,-81.7,-55.811
-85.629,-100.35,-437.59
-87.056,-132.02,-299.68
-74.338,-135.07,-152.29
-48.703,-105.94,-297.9
-55.046,-111.24,-6.4312
-69.348,-130.65,-429.44
-46.778,-100.93,-339.9
-40.9,-121.6,-446.9
-68.207,-132.56,-141.27
-93.568,-130.78,-143.04
-86.208,-118.62,-411.12
-76.693,-130.89,-52.103
-100.31,-123.94,-156.56
-88.91,-95.694,-363.62
-67.789,-85.4,-79.703
-71.411,-84.06,-84.252
-85.48,-129.04,-348.5
-84.905,-116.41,-431.84
-59.88,-125.31,-129.93
-77.594,-136.88,-217.77
-97.495,-87.339,-19.049
-101.59,-120.86,-112.74
-52.779,-113.72,-210.89
-102.79,-96.8,-27.234
-63.811,-91.177,-183.94
-53.001,-130.03,-429.57
-74.532,-85.134,-433.72
-56.303,-122.54,-180.41
-55.182,-88.598,-357.18
-53.157,-119.24,-227.06
-64.424,-134.71,-285
-89.604,-128.16,-41.561
-67.823,-84.469,-63.469
-80.208,-128.92,-388.61
-85.209,-97.17,-429.45
-55.953,-101.28,-131.86
-53.76,-104.59,-211.46
-67.723,-83.802,-382.6
-59.396,-132.37,-401.43
-82.945,-131.71,-69.05
-103.64,-108.83,-26.655
-85.54,-134.58,-147.11
-59.185,-132.7,-379.81
-52.019,-129.64,-421.56
-94.428,-98.378,-299.33
-52.239,-104.64,-247.22
-45.91,-117.57,-341.64
-81.282,-88.232,-360.55
-65.409,-89.842,-227.4
-104.27,-104.26,-91.356
-77.038,-86.991,-252.2
-43.892,-95.493,-393.35
-88.592,-118.02,-392.01
-88.588,-133.88,-159.57
-57.064,-121.84,-146.86
-98.548,-97.163,-198.24
-68.93,-87.41,-275.77
-103.94,-103.65,-21.195
-101.41,-120.32,-93.5
-86.052,-120.44,-403.9
-90.19,-103.33,-390.23
-57.508,-128.38,-242.33
-79.869,-78.612,-10.97
-97.897,-118.53,-286.98
-95.73,-127.89,-107.38
-79.007,-87.031,-228.07
-71.532,-83.638,-455.05
-54.404,-108.83,-25.39
-100.96,-98.259,-153.15
-73.953,-84.727,-416.4
-103.4,-116.98,-137.3
-78.628,-87.541,-414.96
-57.278,-92.922,-35.304
-53.88,-130.4,-425.53
-61.02,-93.258,-208.46
-98.28,-123.27,-67.168
-72.33,-135.32,-335.47
-90.158,-89.332,-187.42
-93.814,-115.23,-348.02
-57.251,-120.11,-108
-87.708,-98.859,-405.08
-54.365,-102.9,-42.838
-45.324,-105,-342.12
-70.692,-132.43,-397.65
-91.71,-101.51,-364.21
-97.117,-109.62,-312.16
-71.833,-87.415,-194.73
-94.276,-83.605,-3.9883
-64.575,-124.55,-18.301
-79.392,-81.418,-60.048
-48.216,-123.65,-349.96
-53.112,-120.43,-236.65
-50.266,-121.59,-298.02
-64.303,-82.615,-410.39
-94.834,-128.54,-248.05
-28.453,-113.48,-447.26
-75.123,-119.52,-457.15
-82.05,-125.74,-384.49
-62.27,-150.1,-396.29
-51.358,-149.68,-423.07
-32.556,-114.66,-405.73
-46.481,-119.24,-99.368
-70.351,-107.19,-440.94
-48.358,-149.28,-421.44
-53.272,-147.93,-175.99
-43.012,-124.79,-236.57
-48.855,-143.23,-180.84
-50.825,-143.68,-139.7
-85.933,-143.66,-277.4
-81.018,-106.33,-165.02
-68.317,-154.66,-254.75
-86.534,-146.21,-232.66
-93.418,-136.57,-108.94
-57.787,-153.28,-268.77
-57.367,-148.9,-128.76
-47.892,-148.12,-292.74
-37.998,-129.75,-311.43
-29.054,-127.4,-417.71
-88.832,-105.21,-8.4147
-39.917,-144.06,-371.69
-61.309,-101.43,-69.042
-33.843,-122.87,-367.36
-83.889,-119.14,-344.73
-47.449,-112.31,-37.075
-52.471,-149.33,-433.29
-36.637,-140.04,-374.59
-48.46,-134.23,-0.83618
-73.534,-98.762,-47.295
-59.865,-151.65,-375.82
-84.294,-148.55,-137.66
-65.812,-104.16,-303.72
-40.859,-104.18,-413.72
-78.643,-104.86,-152.94
-55.758,-100.29,-413.25
-48.497,-115.59,-138.69
-57.215,-146.35,-75.237
-81.831,-107.96,-198.31
-93.823,-130.66,-203.71
-84.063,-145.87,-72.536
-94.915,-121.05,-31.252
-40.757,-145.47,-385.59
-69.789,-153.83,-286.98
-37.204,-105.34,-427.28
-36.672,-113.14,-377.02
-37.401,-127.64,-319.55
-29.524,-122.97,-412.55
-46.434,-119.68,-105.75
-93.088,-137.69,-174.31
-78.381,-106.36,-202.24
-49.472,-109.13,-41.634
-37.091,-144.3,-444.97
-42.106,-116.24,-303.45
-71.547,-153.03,-143.45
-53.664,-108.35,-113.12
-55.937,-152.78,-321.03
-69.232,-147.51,-28.665
-84.986,-107.01,-123.76
-71.177,-99.099,-57.079
-54.307,-99.017,-445.94
-70.196,-104.99,-286.82
-51.991,-104.65,-22.419
-85.237,-134.18,-338.35
-81.515,-149.68,-257.38
-42.176,-124.44,-254.59
-86.275,-111.93,-211
-64.304,-143.99,-458.09
-45.624,-123.63,-101.79
-84.064,-107.55,-150.99
-94.99,-125.77,-150.1
-43.033,-126.45,-229.88
-50.59,-148.04,-233.37
-41.089,-123.88,-274.95
-92.88,-138.17,-176.1
-88.847,-144.85,-189.17
-78.968,-108.99,-292.63
-62.873,-151.92,-362.75
-86.205,-107.98,-124.71
-61.873,-149.58,-405.62
-94.528,-118.46,-11.132
-40.454,-145.76,-403.46
-54.844,-151.03,-392.3
-78.366,-106.07,-192.42
-61.83,-148.33,-423.2
-60.673,-152.82,-191.33
-73.784,-149.82,-74.321
-55.214,-152.26,-269.08
-31.794,-124.5,-387.2
-44.967,-121.44,-210.43
-78.829,-152.36,-186.18
-68.254,-104.42,-313.08
-79.973,-131.13,-401.02
-79.555,-108.93,-276.34
-65.698,-151.54,-358.82
-55.337,-100.75,-7.4288
-50.088,-150.65,-344.8
-43.963,-133.12,-207.03
-33.965,-131.67,-366.55
-45.488,-108.37,-339.47
-48.809,-109.73,-36.1
-85.162,-146.83,-249.52
-42.148,-140.4,-288.59
-45.37,-126.94,-35.35
-39.21,-133.88,-300.62
-42.486,-102.08,-426.54
-82.443,-136.73,-359.22
-76.89,-121.9,-439.98
-29.359,-118.2,-422.92
-42.008,-135.67,-260.37
-89.997,-139.78,-245.96
-48.575,-113.68,-88.77
-79.652,-109.24,-284.5
-57.829,-102.03,-50.99
-57.296,-100.77,-26.533
-75.904,-102.56,-115.19
-39.959,-130.37,-282.81
-48.565,-107.59,-4.1391
-69.16,-103.87,-170.81
-81.204,-138.06,-365.58
-71.567,-149.51,-354.45
-71.749,-146.95,-20.255
-75.474,-146.89,-28.648
-80.52,-102.4,-79.429
-44.943,-121.04,-215.44
-90.317,-141.83,-107.8
-71.271,-152.21,-315.86
-80.321,-113.78,-357.62
-73.506,-145.54,-0.42336
-85.428,-142.98,-41.336
-52.735,-102.96,-364.72
-45.3,-132.28,-156.39
-85.625,-104.14,-52.386
-33.096,-133.49,-383.1
-94.262,-129.83,-190.04
-75.556,-97.288,-14.138
-86.856,-131.09,-325.6
-56.366,-152.97,-302.14
-94.121,-134.52,-103.66
-86.392,-146.79,-131.58
-92.719,-112.56,-40.624
-47.156,-103.99,-378.04
-86.962,-143.19,-64.73
-79.096,-113.71,-376.5
-83.389,-144.01,-306.19
-50.736,-150.92,-355.27
-79.008,-152.26,-219.79
-56.382,-149.16,-149.51
-45.238,-144.49,-277.94
-95.041,-128.36,-66.386
-78.456,-116.07,-403.22
-37.683,-138.6,-346.53
-75.151,-106.21,-253.11
-58.571,-99.754,-21.614
-81.687,-113.39,-329.6
-78.593,-138.19,-389
-56.768,-106.23,-120.35
-62.393,-147.11,-42.743
-54.125,-140.8,-6.6393
-52.832,-147.52,-175.56
-39.251,-105.1,-415.44
-54.978,-108.3,-146.54
-52.183,-149.73,-423.06
-51.5,-142.4,-95.564
-95.287,-123.26,-97.894
-45.052,-125.56,-4.5899
-46.581,-104.47,-375.55
-35.439,-130.33,-345.63
-45.747,-121.42,-178.79
-43.054,-104.94,-392.26
-89.59,-112.12,-140.77
-86.865,-129.44,-327.01
-56.176,-146.1,-84.275
-76.066,-135.15,-424.98
-73.975,-135.05,-443.96
-95.147,-127.47,-147.08
-92.635,-133.33,-32.989
-40.047,-121.81,-298.02
-48.694,-135.72,-30.074
-46.281,-120.82,-141.54
-93.537,-119.21,-145.75
-66.683,-147.31,-28.784
-53.964,-103.54,-349.14
-89.556,-115.22,-199.12
-73.911,-134.42,-447.29
-55.403,-146.98,-115.53
-68.133,-141.03,-456.48
-53.444,-149.68,-215.15
-49.886,-150.43,-379.95
-39.577,-115.32,-337.06
-50.008,-143.03,-147.65
-47.889,-149.47,-405.01
-62.029,-149.36,-89.586
-45.59,-136.22,-178.73
-86.077,-147.31,-216.99
-73.368,-147.26,-28.342
-46.558,-130.74,-6.6287
-49.419,-149.54,-299.47
-46.164,-118.83,-73.301
-26.087,-126.42,-450.47
-71.975,-153.04,-293.06
-65.641,-152.23,-346.57
-77.441,-144.01,-363.14
-69.472,-105.64,-425.28
-49.033,-114.71,-183.83
-94.485,-131.03,-66.295
-64.494,-154.61,-240.29
-50.126,-150.46,-383.15
-50.59,-112.79,-165.43
-82.116,-106.3,-149.32
-50.001,-143.35,-154
-83.114,-109.93,-229.24
-68.46,-147.71,-394.69
-70.587,-107.9,-447.92
-71.401,-105.8,-375.25
-75.542,-100.36,-70.793
-86.501,-116.65,-282.49
-68.218,-149.86,-370.7
-84.422,-104.49,-77.887
-46.658,-140.64,-197.95
-85.226,-127.79,-347.75
-63.926,-153.21,-330.53
-75.372,-99.462,-54.335
-65.271,-103.36,-138.16
-92.334,-134.95,-229.05
-42.564,-128.71,-235.85
-87.916,-132.5,-309.72
-95.298,-127.19,-75.553
-85.14,-104.35,-64.37
-85.684,-113.51,-254.25
-92.811,-128.36,-229.83
-39.914,-146.02,-446.04
-67.478,-98.848,-50.191
-43.083,-147.49,-410.75
-71.443,-105.98,-383.33
-48.01,-135.9,-67.268
-66.126,-154.74,-245.35
-93.459,-114.68,-53.359
-47.699,-149.32,-339.42
-87.148,-107.65,-99.932
-58.755,-151.18,-166.2
-94.272,-130.96,-56.464
-55.057,-99.388,-437.08
-80.676,-151.53,-188.02
-39.988,-144.9,-388.12
-32.383,-127.91,-380.23
-51.363,-140.36,-54.154
-59.185,-151.28,-163.37
-69.132,-142.99,-433.84
-73.456,-136.71,-440.61
-29.102,-118.43,-424.8
-53.5,-150.65,-400.42
-56.747,-150.67,-182.07
-68.643,-154.74,-231.3
-81.032,-149.74,-263.53
-45.569,-139.01,-206.81
-67.516,-151.17,-355.9
-48.525,-115.62,-144.53
-45.35,-148.57,-395.74
-59.58,-148.76,-98.52
-36.613,-109.1,-402.93
-75.63,-134.91,-429.86
-78.415,-137.4,-394.34
-93.628,-136.78,-145.8
-52.495,-139.15,-1.5948
-83.634,-107.79,-163.7
-45.732,-140.92,-223.37
-74.221,-97.425,-21.506
-54.24,-99.312,-437
-88.62,-120.33,-276.92
-65.545,-103.46,-456.6
-83.546,-149.35,-149.52
-74.35,-106.1,-267.11
-41.12,-143.92,-346.5
-54.246,-146.79,-131.75
-70.179,-106.78,-436.75
-86.336,-105.46,-68.003
-46.177,-117.84,-61.651
-65.308,-99.731,-59.717
-27.235,-130.95,-447.82
-45.052,-122.06,-35.149
-47.651,-115.67,-91.439
-67.242,-154.41,-277.94
-91.396,-110.92,-61.26
-47.572,-134.02,-40.078
-64.178,-105.03,-228.82
-47.668,-145.56,-246.05
-55.615,-144.78,-64.988
-76.992,-97.336,-7.9762
-89.535,-108.36,-61.322
-45.581,-128.07,-44.19
-38.748,-126.77,-302.24
-57.57,-151.12,-390.64
-46.63,-119.74,-143.7
-45.307,-129.69,-139.89
-88.51,-107.97,-78.119
-94.767,-129.55,-63.001
-41.359,-122.67,-275.68
-45.403,-117.64,-27.217
-70.615,-103.89,-171.25
-46.287,-110.96,-303.99
-74.154,-153.21,-267.85
-85.372,-112.89,-249.49
-65.29,-102.82,-388.79
-87.302,-115.44,-251.8
-76.841,-132.37,-427.93
-72.926,-146.96,-22.393
-25.834,-123.22,-451.56
-60.964,-105.57,-177.95
-74.612,-105.51,-219.31
-93.22,-131.16,-23.997
-73.26,-150.55,-87.206
-95.361,-124.46,-107.12
-87.616,-105.14,-36.352
-86.43,-117.57,-293.13
-65.421,-99.177,-50.471
-60.851,-152.97,-194.13
-84.246,-110.29,-215.47
-72.013,-103.62,-159.05
-91.483,-140.08,-105.78
-63.018,-148.29,-61.436
-84.593,-132.09,-350.64
-46.185,-111.77,-296.02
-84.353,-117.07,-323.6
-73.395,-148.02,-41.272
-58.892,-105.92,-256.7
-47.269,-134.49,-73.011
-58.89,-150.96,-158.53
-85.097,-140.02,-315.09
-48.03,-116.26,-128.07
-81.162,-99.516,-17.123
-45.688,-134.69,-160.55
-50.873,-149.1,-253.1
-44.074,-121.2,-235.58
-59.484,-146.3,-49.444
-84.746,-123.46,-349.07
-58.38,-148.8,-113.1
-94.532,-119.12,-3.2625
-49.405,-148.21,-262.25
-89.221,-119.77,-261.59
-53.458,-149.52,-210.61
-45.568,-116.73,-249.16
-66.563,-103.98,-447.41
-75.755,-113.5,-424.23
-51.753,-111.51,-172.38
-26.311,-127.47,-449.48
-84.646,-145.36,-70.425
-131.97,-32.316,-350.21
-90.721,-14.553,-315.2
-103.31,-29.194,-198.87
-138.39,-33.418,-159.17
-75.868,-27.853,-462.14
-116.26,9.649,-242.27
-112.48,-41.73,-421.6
-96.685,-23.077,-254.83
-130.95,-34.201,-58.804
-110.74,-32.297,-83.472
-148.46,-16.842,-98.776
-126.46,-32.956,-400.89
-104.35,6.3571,-331.09
-96.549,-25.998,-271.82
-77.755,-26.955,-444.24
-91.278,-3.0503,-351.97
-90.54,-9.4191,-327.51
-115.77,10.439,-170.36
-137.5,-32.591,-101.12
-102.6,-24.431,-114.85
-146.08,-19.915,-47.171
-131.58,-35.141,-94.201
-113.35,-41.795,-340.75
-131.64,-11.993,-394.92
-76.943,-19.175,-439.12
-147.28,-17.998,-62.052
-97.931,5.6975,-404.07
-93.643,5.1737,-443.7
-132.94,12.795,-56.128
-87.342,-24.116,-357.89
-131.98,1.4594,-327.2
-135.54,12.118,-5.2234
-112.31,13.33,-26.146
-112.73,-33.214,-73.15
-99.387,-4.985,-73.548
-101.8,-1.2814,-179.87
-148.1,-8.3373,-49.525
-91.125,-27.01,-333.42
-98.632,-13.501,-179.82
-121.42,-3.853,-446.26
-118.86,6.0593,-371.21
-86.866,-3.0007,-396.53
-114.46,-35.536,-140.8
-140.86,-31.335,-151.73
-143.75,3.7318,-114.78
-96.401,-19.962,-246.64
-148.06,-17.024,-193.79
-131.95,0.46949,-335.9
-147.23,-3.0984,-148.61
-147.46,-4.9038,-41.921
-127.45,-36.009,-361.38
-89.546,-35.86,-397.73
-124.29,-38.134,-166.32
-131.22,-18.83,-403.95
-133.1,-7.6962,-371.13
-99.124,-18.34,-19.579
-142.08,-19.042,-297.87
-120.48,-35.061,-53.226
-106,-36.127,-263.12
-137.05,10.54,-61.773
-102.15,-23.392,-88.863
-99.465,-16.61,-78.403
-105.17,-32.317,-215.18
-99.376,-15.525,-141.39
-149.08,-10.101,-106.6
-93.908,-38.886,-394.25
-101.49,4.4567,-18.721
-75.973,-12.569,-453.92
-87.511,-2.4536,-394.3
-112.68,9.0477,-177.42
-92.017,4.2136,-433.52
-112.41,-41.8,-341.47
-120.74,6.0714,-358.85
-146.29,-24.216,-142.65
-99.713,-17.418,-83.147
-120.92,13.978,-77.728
-121.95,10.904,-207.06
-123.18,-35.084,-48.273
-137.15,10.453,-63.211
-84.185,-11.159,-384.96
-106.93,-30.228,-127.98
-98.87,-43.623,-450.51
-129.34,-37.386,-312.19
-109.45,-39.857,-299.68
-98.801,-8.3877,-72.375
-116.52,-40.185,-415.06
-95.732,-40.158,-397.24
-136.11,-30.169,-18.715
-144.61,2.1625,-20.534
-112.46,8.6966,-202.56
-108.1,8.3435,-84.5
-108.33,6.6701,-249.28
-102.38,2.1578,-75.944
-119.31,2.5783,-413.17
-124.1,12.464,-142.47
-101.23,-21.681,-73.363
-137.25,-30.961,-53.717
-92.862,-8.2069,-305.22
-127.7,6.7184,-298.33
-122.02,13.605,-94.931
-120.02,11.875,-152.66
-99.231,-8.4402,-96.729
-92.933,-34.683,-362.8
-147.11,-20.599,-89.906
-121.82,-38.594,-385.91
-119.3,5.5093,-377.1
-111.94,13.926,-6.8957
-125.4,15.473,-22.144
-117.35,-35.068,-79.265
-131.04,-27.051,-389.71
-95.107,-23.885,-278.94
-128.4,2.2168,-349.84
-114.97,9.4389,-230.45
-110.79,-32.02,-64.032
-87.348,-12.537,-352.46
-101.78,-0.56512,-207.47
-100.87,6.594,-423.1
-106.42,-28.79,-70.317
-108.94,8.4886,-98.519
-95.503,-41.242,-414.18
-110.3,-42.201,-363.7
-141.95,-27.367,-260.26
-140.58,-30.275,-249.08
-122.26,-4.363,-442.61
-116.73,-36.831,-157.47
-102.01,-23.154,-96.816
-130.02,-31.707,-375.13
-137.19,-34.553,-199.63
-89.153,2.0799,-424.91
-102.08,-24.598,-151.43
-93.833,3.1583,-391.61
-77.817,-10.158,-444.19
-99.525,-17.598,-61.634
-139.25,8.5468,-92.278
-142.14,-30.113,-153.75
-135.67,10.849,-92.407
-148.54,-16.838,-103.62
-142.21,-27.228,-256.91
-141.53,-20.608,-301.66
-142.39,-1.2296,-239.11
-144.53,3.033,-79.607
-131.24,10.369,-180
-99.567,-6.9499,-104.54
-128.03,13.527,-88.064
-75.452,-23.074,-454.74
-102.02,4.691,-317.49
-120.84,-39.704,-235.07
-148.83,-7.8165,-129.84
-77.354,-15.884,-436.77
-112.15,-34.916,-157.49
-131.09,-34.105,-342.57
-140.93,-30.017,-102.6
-105.26,5.5827,-458.47
-102.12,-30.971,-240.9
-143.46,4.2854,-103.31
-86.793,-35.686,-416.75
-120.67,-40.787,-303.23
-79.47,-18.883,-417.94
-99.029,-14.693,-73.697
-148.6,-12.37,-72.072
-116.04,-41.657,-346.52
-97.425,-24.693,-252.92
-100.67,-23.678,-183.77
-139.3,-2.4455,-287.33
-106.23,-36.041,-259.49
-130.46,-3.9644,-376.86
-86.015,-33.009,-405.2
-79.464,-4.8197,-453.88
-148.24,-17.674,-97.228
-92.533,0.33921,-368.33
-135.19,-27.05,-349.56
-99.555,-16.057,-108.64
-148.19,-9.9418,-50.731
-146.02,-1.3821,-15.335
-107.86,6.6907,-416.97
-134.84,12.269,-29.555
-136.56,-31.914,-66.078
-95.901,-0.13531,-324.71
-93.98,-6.2712,-300.45
-129.18,-9.1232,-407.93
-140.37,4.7704,-187.81
-99.662,-7.6048,-149.46
-93.545,-33.637,-349.99
-108.33,6.2678,-197.26
-144.44,3.1264,-60.87
-125.98,12.644,-132.89
-119.39,-3.0045,-456.78
-99.909,6.2084,-457.36
-148.36,-17.927,-108.94
-144.38,1.0813,-169.58
-136.75,-32.349,-80.677
-139.04,4.6417,-212.87
-124.53,-33.924,-9.8981
-91.9,-26.107,-322.38
-110.17,-40.842,-318.31
-143.46,1.1839,-190.67
-94.329,-41.306,-422.48
-89.563,-22.24,-333.01
-99.881,-31.566,-274.11
-100.13,5.3757,-362.79
-109.65,4.9545,-445.98
-104.93,-35.657,-267.14
-98.385,0.81275,-302.82
-146.55,-23.723,-167.85
-77.947,-30.911,-456.88
-121.09,7.5344,-328.86
-146.22,-18.929,-39.766
-124.23,-15.824,-461.57
-138.94,-27.568,-303.99
-104.93,-32.786,-225.98
-114.94,-36.293,-160.29
-149.15,-10.937,-110.96
-125.72,-38.167,-170.53
-126.29,-13.707,-441.71
-139.98,8.1673,-76.542
-119.24,-0.84531,-443.25
-123.84,-37.803,-376.29
-99.548,-36.906,-330.68
-110.26,-40.363,-305.85
-136.16,-35.188,-219.03
-127.44,13.538,-91.305
-148.94,-15.95,-127.78
-120.69,-5.2388,-459.26
-119.31,14.548,-51.209
-134.67,-6.3794,-352.65
-130.83,10.137,-191.41
-123.99,0.091276,-401.35
-137.6,-9.7001,-337.47
-123.01,12.752,-129.88
-95.067,4.1619,-396.56
-88.065,3.2915,-458.37
-138.1,8.4829,-133.38
-105.59,-27.819,-36.231
-125.09,13.559,-98.925
-129.78,-7.6146,-398.12
-120.97,13.61,-90.905
-147,-21.708,-193.02
-87.509,-36.987,-421.61
-145.99,-20.097,-235.24
-106.04,-30.94,-173.5
-104.03,2.1797,-146.85
-100.28,-20.527,-33.273
-81.453,-35.695,-456.4
-105.75,-38.089,-295.6
-137.96,-32.22,-269.72
-101.2,-22.048,-133.47
-144.68,-1.7,-204.64
-120.79,7.0284,-341.3
-104.67,-27.062,-88.057
-103.6,1.8674,-131.11
-76.257,-20.721,-445.54
-98.338,-40.373,-383.1
-124.14,9.1255,-269.91
-86.737,-29.26,-380.68
-144.22,-13.442,-272.01
-131.07,10.563,-175.42
-148.74,-8.0759,-89.339
-132.57,-37.031,-197.99
-106.63,6.7926,-305.73
-101.61,-1.407,-189.23
-144,-27.294,-209.35
-144.59,-18.611,-264.71
-118.78,8.4795,-315.81
-97.509,-43.311,-445.01
-90.344,2.3285,-416.09
-144.85,-26.174,-200.65
-142.22,-22.49,-287.13
-147.34,-4.5279,-168.38
-95.804,-10.461,-255.51
-107.23,-38.007,-281.75
-116.07,-34.13,-52.007
-100.57,-32.867,-279.22
-104.02,-26.237,-4.2004
-136.92,-28.501,-322.79
-108.24,7.1037,-125.55
-121.29,3.8212,-385.87
-147.44,-5.9718,-31.833
-78.713,-26.124,-434.3
-99.972,-20.125,-24.914
-98.787,-9.002,-191.11
-108.6,-30.777,-80.945
-101.33,6.4602,-442.32
-130.69,8.702,-232.31
-123.37,-9.2464,-454.63
-85.182,-3.7994,-407.1
-107.26,-34.428,-220.85
-79.313,-17.117,-419.38
-83.796,-5.7604,-408.59
-147.63,-20.465,-113.48
-134.46,-34.905,-124.51
-100.18,-21.375,-170.83
-99.137,-13.141,-149.4
-115.66,14.514,-27.448
-99.81,-6.2054,-111.4
-93.76,-32.119,-337.49
-97.27,-32.69,-310.22
-96.007,-5.9273,-274.12
-124.51,-39.906,-297.67
-130.24,-34.026,-353.14
-148.29,-17.403,-182.01
-130.46,11.302,-155.88
-114.83,12.173,-87.372
-99.311,-16.995,-58.72
-133.71,4.3757,-280.03
-142.98,5.0164,-33.345
-109.49,7.368,-256.76
-123.47,-39.436,-224.09
-119.11,-41.042,-309.08
-110.51,-41.518,-453.96
-101.49,2.7701,-284.96
-148.26,-5.4431,-132.67
-100.76,0.36486,-57.014
-135.95,-25.568,-348.01
-118.52,15.378,-20.72
-104.41,-26.719,-85.216
-125.71,11.67,-171.95
-94.586,-38.384,-384
-140.73,-26.718,-27.019
-121.73,6.719,-341.14
-146.41,-2.2991,-20.923
-122.14,11.563,-177.4
-100.8,-2.5958,-104.41
-145.15,1.9463,-103.75
-122.34,-40.448,-309.41
-83.446,0.39968,-461.34
-109.5,5.7072,-433
-93.254,-4.353,-320.98
-98.859,-10.358,-81.522
-104.16,6.8954,-363.47
-95.085,1.8999,-358.8
-136.76,9.4986,-126.49
-147.65,-20.417,-179.74
-135.35,-34.443,-122.86
-126.84,-33.902,-19.389
-119.58,-41.034,-326.18
-84.658,-13.361,-376.31
-96.11,-2.7502,-296.56
-101,-0.31669,-238.41
-94.057,-24.677,-294.32
-77.279,-9.2207,-452.24
-99.791,-5.226,-192.86
-117.06,-37.367,-172.64
-145.12,-20.284,-251.2
-136.91,-17.914,-353.55
-146.52,-3.2979,-179.25
-140.29,-27.858,-40.061
-120.89,-35.83,-82.632
-98.975,-2.7313,-39.375
-113.58,8.8931,-262.18
-125.16,-36.699,-109.75
-104.04,-17.656,-8.2628
-96.492,-42.173,-308.94
-128.17,-58.19,-189.64
-84.391,-34.075,-415.8
-125.59,-10.901,-301.26
-143.24,-10.053,-46.495
-134.02,-56.02,-327.15
-142.98,-20.23,-282.74
-137.19,-56.454,-249
-138.88,-54.95,-146.65
-137.53,-6.2437,-23.816
-102.35,-34.588,-8.7002
-96.18,-26.482,-323.67
-110.41,-14.454,-121.52
-105.49,-48.293,-232.5
-115.92,-52.191,-81.461
-101.83,-34.428,-217.67
-146.86,-45.132,-267.26
-126.01,-54.222,-433.62
-127.96,-57.721,-372.63
-151.13,-34.2,-233.22
-100.89,-17.229,-347.79
-143,-29.886,-329.97
-117.2,-8.4216,-92.097
-103.48,-23.844,-54.271
-153.49,-34.64,-124.48
-114.8,-55.929,-221.33
-103.4,-39.731,-197.66
-108.89,-12.535,-411.66
-93.703,-41.267,-334.76
-107.65,-44.641,-39.342
-102.86,-31.531,-55.158
-152.62,-26.019,-63.158
-109.56,-47.057,-87.044
-122.4,-9.2216,-217.59
-105.75,-22.069,-151.57
-102.52,-45.316,-250.78
-119.22,-59.823,-431.72
-109.43,-54.077,-251.14
-137.81,-6.699,-45.109
-103.48,-63.322,-459.14
-100.86,-16.343,-361.84
-104.99,-20.905,-231.09
-87.978,-33.924,-384.77
-129.56,-49.907,-428.71
-126.65,-10.38,-279.91
-108.81,-46.712,-122.65
-106.01,-49.825,-241.18
-114.82,-11.541,-282.79
-149.68,-42.193,-235.86
-86.579,-25.638,-421.6
-99.39,-14.483,-419.66
-86.974,-20.723,-452.41
-146.29,-48.408,-242.76
-136.76,-49.672,-361.94
-109.12,-13.348,-59.205
-149.57,-17.501,-104.66
-101.69,-31.015,-7.3534
-140.7,-52.661,-95.247
-121.6,-60.51,-298.58
-144.89,-12.064,-101.02
-142.29,-19.177,-281.15
-115.09,-53.178,-146.45
-126.49,-58.75,-369.65
-142.28,-53.275,-231.3
-110.36,-14.366,-250.92
-113.06,-12.769,-240.69
-149.45,-45.844,-185.97
-146.72,-49.162,-134.69
-129.81,-31.414,-445.63
-97.785,-15.709,-408.4
-103.09,-28.092,-199.7
-148.04,-47.892,-190.57
-105.47,-40.588,-84.828
-149.09,-20.445,-195.97
-121.87,-54.42,-71.773
-85.361,-47.032,-420.58
-134.46,-53.061,-31.735
-121.13,-60.379,-292.69
-99.459,-14.011,-437.6
-110.32,-59.851,-333.38
-116.65,-52.037,-48.134
-149.07,-16.748,-104.64
-137,-51.768,-22.238
-131.16,-28.614,-427.38
-122.46,-10.275,-286.95
-113.42,-61.95,-440.4
-120.95,-56.326,-159.85
-104.79,-18.304,-34.533
-142.39,-53.501,-206.1
-99.335,-20.89,-324.35
-114.83,-12.022,-380.15
-148.54,-28.396,-262.94
-153.62,-33.149,-141.4
-145.75,-21.84,-263.13
-127.12,-58.616,-208.03
-133.88,-7.6516,-144.79
-125.85,-5.6499,-83.883
-101.67,-28.664,-11.373
-114.58,-53.718,-172.27
-153.05,-33.678,-80.003
-90.266,-39.739,-364.17
-137.44,-53.702,-317.34
-97.307,-42.278,-300.51
-101.54,-31.866,-225.98
-132.18,-55.15,-80.566
-146.35,-49.806,-203.75
-127.6,-50.641,-442.8
-114.7,-11.514,-347.36
-138.4,-50.423,-6.052
-152.86,-33.821,-71.915
-151.58,-26.095,-14.604
-89.421,-20.995,-426.13
-149.1,-44.767,-224.42
-140.67,-53.28,-115.05
-90.862,-33.59,-358.84
-128.53,-7.5327,-162.56
-147.03,-46.95,-79.705
-125.65,-8.8003,-215.22
-130.05,-45.098,-442.39
-111.83,-50.488,-140.4
-108.44,-16.898,-123.05
-151.63,-24.394,-27.535
-132.23,-26.547,-411.71
-139.92,-48.102,-338.29
-142.15,-52.273,-264.22
-151.17,-41.227,-203.82
-135.41,-8.1068,-147.6
-150.46,-19.034,-108.81
-111.38,-11.912,-77.751
-98.173,-52.574,-344.22
-120.31,-61.145,-340.48
-135.93,-25.687,-378.64
-133.88,-53.92,-52.132
-147.74,-35.138,-285.14
-139.94,-35.154,-366.17
-153.57,-31.827,-151.03
-120.65,-9.6309,-220.02
-107.98,-16.82,-101.78
-142.65,-53.18,-169.06
-142.53,-49.666,-294.2
-104.35,-37.198,-99.169
-93.178,-23.232,-373.15
-150.19,-37.812,-19.96
-105.12,-15.418,-5.091
-136.23,-54.076,-328.1
-133.6,-15.563,-325.59
-134.65,-44.826,-402.65
-97.285,-44.394,-308.02
-128.55,-35.919,-462.94
-104.12,-14.331,-362.89
-108.47,-12.64,-418.53
-152.1,-26.032,-36.984
-117.42,-61.064,-420.54
-124.08,-4.7094,-44.675
-146.75,-49.287,-205.84
-101.96,-26.558,-18.244
-80.725,-46.647,-456.47
-146.19,-48.923,-107.12
-94.686,-21.503,-370.41
-104.65,-25.035,-140.35
-119.61,-59.76,-428.64
-132.54,-6.1254,-93.962
-119.79,-53.305,-47.347
-128.63,-7.4237,-158.08
-133.3,-55.082,-85.063
-151.31,-40.557,-86.746
-99.825,-17.95,-350.53
-145.47,-46.819,-43.194
-106.02,-50.556,-248.93
-124.69,-8.9894,-221.68
-117.75,-5.8355,-28.112
-107.47,-18.569,-196.1
-80.893,-28.617,-459.93
-130.76,-20.38,-390.75
-101.48,-15.434,-370.98
-101.54,-30.523,-229.3
-117.78,-52.805,-62.489
-109.34,-15.852,-223.69
-107.52,-44.365,-59.249
-108.13,-45.185,-72.644
-107.67,-44.947,-116.12
-94.686,-50.958,-362.81
-115.27,-12.354,-390.81
-116,-61.173,-435.61
-104,-22.771,-229.29
-103.18,-23.737,-43.572
-149.54,-32.545,-258.9
-147.69,-22.658,-243.15
-105.15,-39.987,-124.52
-152.59,-28.98,-48.379
-142.4,-50.886,-75.395
-119.64,-6.7781,-74.417
-143.21,-50.137,-71.339
-103.4,-22.488,-246.78
-151.62,-25.602,-18.28
-151.94,-23.224,-148.3
-152.48,-39.245,-165.72
-89.127,-20.678,-431.81
-114.16,-11.646,-298.6
-106.22,-60.713,-375.21
-114.3,-61.666,-362.58
-114.95,-52.565,-127.67
-138.89,-55.729,-218.34
-138.84,-55.475,-248.85
-132.52,-10.83,-255.28
-136.94,-55.427,-294.39
-148.31,-19.56,-200.65
-103.89,-23.402,-224.16
-145.3,-47.325,-49.713
-151.61,-22.439,-51.573
-93.114,-57.595,-422.81
-120.85,-7.3765,-107.27
-113.4,-10.929,-95.931
-128.16,-4.8355,-58.034
-132.15,-5.4732,-69.339
-150.67,-38.026,-35.066
-103.04,-19.211,-292.58
-153.07,-36.395,-109.27
-108.03,-45.078,-79.955
-122.08,-58.024,-206.05
-127.34,-59.822,-288.87
-140.68,-53.703,-263.07
-107.06,-43.799,-106.87
-125.11,-14.014,-368.28
-115.41,-9.6608,-99.382
-120.45,-9.4777,-202.66
-147.69,-21.805,-236.01
-129.95,-53.446,-14.044
-104.83,-24.4,-154.52
-100.9,-18.474,-331.04
-131.8,-29.812,-425.7
-131.59,-16.782,-354.58
-139.19,-9.6977,-153.78
-134.61,-56.215,-314.73
-110.46,-15.131,-159.88
-104.86,-41.242,-167.18
-117.68,-59.395,-275.48
-120.32,-8.5373,-145.62
-124.16,-60.308,-292.81
-106.42,-48.576,-220.99
-151.9,-22.081,-98.293
-104.69,-38.413,-113.9
-129.49,-21.071,-404.98
-107.8,-12.594,-411.39
-133.81,-5.4807,-54.333
-108.52,-46.739,-137.92
-149.9,-18.231,-50.565
-97.008,-57.87,-398.01
-128.21,-57.794,-172.77
-133.44,-12.384,-280.66
-101.79,-29.291,-15.407
-128.64,-38.48,-463.16
-143.4,-16.038,-232.71
-115.99,-7.8327,-58.299
-121.01,-17.748,-440.38
-145.3,-42.391,-303.16
-140.56,-54.286,-155.75
-99.196,-47.069,-300.47
-113.49,-49.798,-9.25
-128.16,-51.498,-432.69
-93.636,-44.075,-342.34
-100.2,-62.683,-449.68
-134.48,-56.41,-144.62
-152.73,-38.73,-146.6
-133.73,-31.622,-414.3
-141.75,-50.517,-55.525
-153.23,-29.033,-160.04
-122.06,-12.767,-366.36
-105.14,-21.123,-82.098
-106.96,-17.726,-86.654
-141.17,-40.663,-351.89
-130.89,-30.572,-434.95
-123.68,-56.31,-133.06
-142.86,-52.965,-221.28
-130.4,-4.091,-21.791
-153.13,-26.26,-116.19
-109.11,-51.228,-213.68
-140.36,-7.8634,-30.22
-103.65,-27.124,-186.39
-115.24,-61.531,-432.65
-102.81,-13.256,-436.09
-118.12,-56.015,-183.43
-91.796,-29.064,-359.45
-112.62,-55.069,-229.96
-129.99,-59.137,-288.32
-150.11,-40.224,-45.056
-104.91,-20.54,-65.85
-136.22,-43.578,-391.94
-118.81,-15.658,-432.17
-105.19,-40.406,-134.45
-103.99,-43.598,-214.08
-97.799,-17.091,-384.88
-122.23,-59.48,-404.63
-146.72,-46.965,-72.546
-148.76,-16.539,-29.896
-148.93,-46.76,-150.67
-122.72,-60.069,-383.02
-114.4,-61.935,-424.62
-129.34,-11.883,-302.2
-102.12,-44.276,-249.82
-103.62,-57.367,-344.41
-111.49,-11.981,-363.06
-103.12,-24.666,-229.83
-144.97,-12.022,-94.492
-109.68,-14.776,-254.67
-86.827,-41.261,-395.64
-135.57,-29.814,-395.2
-150.56,-44.151,-163.14
-118.94,-55.304,-149.88
-133.81,-9.2556,-201.15
-103.25,-20.085,-278.17
-145.77,-12.431,-24.334
-153.05,-26.148,-96.938
-134.93,-33.183,-407.11
-127.4,-17.546,-393.13
-121.51,-59.132,-245.46
-111.46,-8.8065,-13.362
-145.2,-25.212,-290.29
-153.27,-35.464,-110.91
-111.72,-13.768,-230.57
-99.112,-13.837,-457.35
-111.06,-48.188,-28.148
-137.3,-8.9671,-156.12
-102.47,-13.479,-418.76
-151.52,-21.889,-140.67
-107.89,-12.645,-417.42
-102.84,-34.058,-37.762
-116.23,-61.283,-428.62
-102.34,-30.282,-210.92
-153.09,-30.663,-70.642
-135.39,-54.046,-338.87
-122.58,-8.7493,-190.09
-138.69,-24.73,-351.21
-118.78,-54.224,-110.99
-122.32,-15.575,-407.86
-106.86,-43.505,-45.47
-95.09,-48.106,-344.63
-130.99,-52.299,-400.95
-127.93,-15.415,-367.1
-138.36,-18.65,-315.28
-107.15,-18.986,-197.17
-125.85,-3.4403,-6.6259
-129.1,-53.763,-21.483
-111.88,-10.801,-62.48
-109.12,-60.461,-352.88
-113.15,-55.914,-239.58
-110.44,-58.056,-300.93
-93.841,-18.118,-412.61
-150.09,-35.217,-251.55
-85.434,-64.454,-449.75
-124.87,-38.999,-460.22
-135.68,-40.003,-387.78
-135.92,-71.26,-399.88
-126.73,-77.698,-426.53
-90.195,-63.113,-408.29
-110.15,-60.56,-102.24
-113.63,-32.773,-443.71
-124.21,-79.335,-424.87
-132.19,-77.453,-179.5
-108.21,-65.75,-239.49
-125.68,-76.643,-184.21
-128.34,-76.114,-143.11
-152.38,-52.244,-281.12
-126.96,-27.857,-167.95
-146.41,-72.205,-258.52
-155.4,-54.233,-236.44
-157.04,-43.585,-112.63
-137.17,-77.782,-272.41
-136.93,-76.012,-132.34
-125.78,-79.96,-296.17
-106.01,-72.068,-314.38
-95.448,-75.012,-420.5
-135.46,-23.449,-11.441
-115.43,-81.233,-374.94
-110.7,-37.672,-71.705
-97.248,-68.937,-370.12
-133.67,-34.137,-347.91
-107.73,-55.214,-39.833
-127.15,-76.617,-436.76
-110.27,-80.228,-377.72
-123.33,-71.695,-4.0631
-118.8,-27.974,-50.029
-135.5,-74.19,-379.42
-157.15,-58.358,-141.5
-111.04,-34.662,-306.42
-89.659,-49.672,-416.15
-124.44,-28.373,-155.82
-98.587,-37.124,-415.74
-108.53,-56.095,-141.5
-136.28,-74.657,-78.78
-127.94,-28.272,-201.27
-151.59,-37.904,-207.26
-156.6,-57.066,-76.333
-149.83,-31.465,-34.656
-116.68,-81.638,-388.88
-146.34,-70.315,-290.74
-87.323,-52.781,-429.7
-92.967,-59.574,-379.6
-104.03,-70.757,-322.45
-93.067,-71.362,-415.26
-110.26,-60.863,-108.63
-156.15,-44.038,-178
-124.19,-29.227,-205.14
-107.14,-51.43,-44.346
-111.9,-82.543,-448.18
-100.64,-59.148,-306.17
-150.14,-69.926,-147.25
-108.37,-47.467,-115.84
-134.35,-78.091,-324.63
-147.19,-68.261,-32.361
-131.28,-26.213,-126.75
-117,-29.654,-59.794
-95.982,-36.774,-448.38
-115.28,-32.638,-289.59
-106.59,-46.561,-25.068
-144.49,-44.849,-341.85
-153.27,-59.883,-261.19
-106.97,-65.844,-257.49
-133.63,-28.335,-214.09
-132.28,-64.694,-461.55
-112.26,-64.45,-104.75
-130.36,-26.964,-153.98
-150.45,-33.911,-153.57
-109.43,-67.066,-232.83
-129.02,-78.719,-236.84
-105.36,-65.928,-277.82
-156.26,-44.522,-179.8
-157.19,-52.108,-192.96
-124.46,-30.013,-295.57
-138.25,-72.588,-366.39
-132.83,-26.17,-127.73
-135.09,-71.032,-409.19
-148.28,-29.917,-14.485
-116.27,-81.887,-406.74
-130.91,-76.787,-395.83
-124.19,-29.107,-195.31
-133.89,-69.935,-426.74
-140.69,-76.303,-195.01
-151.23,-66.681,-78.097
-134.53,-78.646,-272.67
-96.314,-71.314,-389.96
-108.1,-62.171,-213.3
-154.41,-64.331,-190.03
-112.89,-33.202,-315.81
-137.2,-45.31,-404.39
-125.2,-29.741,-279.28
-140.25,-70.515,-362.48
-106.95,-41.562,-10.035
-128.01,-79.996,-348.29
-114.9,-71.794,-210.14
-103.01,-75.611,-369.49
-97.434,-50.607,-342.05
-107.13,-52.37,-38.819
-154.39,-55.426,-253.3
-116.5,-77.774,-291.81
-115.56,-67.77,-38.388
-109.81,-74.549,-303.68
-89.291,-46.896,-428.94
-143.56,-48.408,-362.74
-128.11,-39.852,-443.12
-89.664,-67.717,-425.52
-113.94,-74.501,-263.5
-153.64,-46.952,-249.64
-108.39,-55.048,-91.554
-125.31,-29.841,-287.45
-108.79,-40.536,-53.636
-108.08,-40.144,-29.154
-121.64,-28.719,-118
-108.5,-71.546,-285.8
-106.23,-51.189,-6.8201
-116.17,-33.535,-173.58
-143.33,-50.157,-369.11
-143.53,-65.23,-358.13
-148.94,-66.296,-23.967
-151.58,-63.78,-32.393
-125.82,-25.973,-82.298
-107.72,-61.831,-218.3
-158.07,-49.619,-111.56
-145.84,-67.856,-319.6
-127.22,-32.201,-360.65
-149.79,-64.272,-4.1279
-156.43,-54.264,-45.095
-98.99,-41.568,-367.25
-116.43,-70.769,-159.51
-131.41,-24.277,-55.348
-103.17,-77.406,-386.06
-151.68,-37.116,-193.58
-120.08,-25.857,-16.87
-144.01,-41.566,-329.05
-135.19,-78.143,-305.75
-156.37,-41.616,-107.32
-157.75,-55.715,-135.4
-142.5,-26.281,-43.83
-95.101,-45.817,-380.54
-157.26,-53.219,-68.501
-125.85,-32.758,-379.51
-150.05,-53.874,-309.88
-128.46,-79.684,-358.77
-153.78,-63.821,-223.63
-135.91,-76.647,-153.08
-121.71,-79.019,-281.28
-153.89,-36.654,-69.932
-126.32,-34.724,-406.26
-110.73,-78.722,-349.66
-120.56,-30.707,-255.96
-108.5,-38.59,-24.228
-128.6,-31.289,-332.65
-140.93,-51.721,-392.5
-109.24,-43.782,-123.06
-141.41,-72.218,-46.36
-131.77,-73.038,-10.055
-131.6,-77.427,-179.06
-88.986,-51.398,-417.87
-108.65,-46.269,-149.27
-127.4,-77.211,-426.54
-128.94,-75.11,-98.964
-150.15,-32.287,-101.33
-115.07,-67.212,-7.6048
-95.019,-46.577,-378.05
-103.71,-73.832,-348.56
-109.34,-61.953,-181.68
-92.272,-49.044,-394.73
-137.74,-27.011,-143.91
-142.93,-40.283,-330.43
-135.14,-75.046,-87.799
-136.3,-50.676,-428.39
-134.24,-51.763,-447.34
-151.73,-35.141,-150.59
-155.93,-42.318,-36.623
-102.76,-64.791,-300.84
-123.86,-72.41,-33.326
-110.13,-61.496,-144.44
-145.22,-29.865,-149.07
-145.11,-69.748,-32.451
-100.62,-41.367,-351.71
-138.5,-28.858,-202.3
-133.71,-51.289,-450.65
-134.46,-75.928,-119.06
-133.34,-59.978,-459.92
-132.64,-78.316,-218.69
-126.98,-79.623,-383.43
-97.422,-59.756,-339.73
-127.13,-76.062,-151.03
-124.32,-79.94,-408.44
-141.61,-73.739,-93.233
-118.72,-73.389,-181.92
-156.08,-55.514,-220.8
-150.21,-65.417,-32.073
-119.51,-70.188,-9.7639
-127.72,-80.005,-302.94
-110.18,-60.689,-76.171
-91.869,-75.861,-453.2
-147.38,-68.247,-296.83
-140.9,-71.196,-350.25
-144.32,-57.163,-366.75
-112.28,-32.294,-428.02
-107.44,-54.654,-186.61
-155.18,-39.056,-69.891
-143.75,-74.753,-244.03
-127.12,-79.462,-386.63
-107.78,-52.353,-168.19
-128.1,-27.272,-152.26
-127.2,-76.252,-157.38
-129.55,-28.666,-232.25
-139.16,-65.471,-398.29
-114.12,-33.101,-450.71
-114.9,-31.648,-378.02
-120.88,-27.69,-73.573
-135.35,-31.133,-285.66
-140.85,-67.499,-374.35
-130.18,-25.08,-80.838
-121.99,-75.912,-201.24
-140.18,-39.875,-351.12
-140.55,-73.2,-334.21
-120.51,-27.264,-57.1
-113.54,-35.954,-140.88
-152.68,-41.907,-232.67
-110.4,-69.044,-238.85
-146.05,-42.112,-313.21
-153.15,-35.506,-79.076
-130.92,-24.636,-67.328
-133.29,-29.516,-257.35
-148.8,-36.544,-233.31
-115.14,-82.031,-449.31
-114.15,-31.904,-52.866
-119.25,-81.457,-414.09
-114.88,-31.688,-386.11
-122.68,-72.641,-70.507
-144.98,-73.761,-249.11
-144.16,-27.313,-56.613
-125.44,-80.566,-342.87
-133.85,-25.544,-102.97
-138.68,-76.51,-169.84
-155.18,-39.235,-60.059
-96.978,-36.66,-439.55
-155.25,-62.488,-191.87
-115.67,-81.67,-391.38
-99.103,-73.619,-383.07
-128.39,-74.029,-57.522
-139.13,-76.34,-167.01
-135.84,-61.055,-437.34
-134.97,-53.399,-444.02
-89.574,-68.039,-427.41
-129.47,-77.281,-403.93
-136.49,-77.262,-185.67
-147.2,-72.274,-235.08
-152.81,-60.18,-267.32
-119.92,-75.281,-210.06
-141.46,-69.092,-359.57
-108.45,-56.045,-147.34
-121.98,-80.967,-399.13
-139.16,-74.763,-102.13
-89.791,-56.273,-405.43
-135.71,-50.725,-433.26
-140.17,-51.178,-397.82
-156.57,-43.265,-149.49
-129.56,-72.868,-4.9621
-129.92,-27.303,-166.68
-120.93,-76.481,-226.65
-119,-26.751,-24.226
-96.305,-37.127,-439.46
-139.46,-32.642,-280.19
-107.22,-32.855,-459.24
-156.84,-59.337,-153.36
-119.59,-31.005,-269.94
-116.78,-80.588,-349.76
-133.12,-76.374,-135.25
-113.32,-32.609,-439.51
-132.48,-24.685,-70.995
-109.79,-60.032,-64.504
-112.86,-33.885,-62.387
-95.711,-78.617,-450.66
-112.19,-64.238,-38.084
-108.91,-57.145,-94.254
-144.95,-72.486,-281.69
-140,-25.681,-64.415
-121.7,-71.741,-43.282
-111.9,-37.082,-231.54
-124.93,-78.581,-249.44
-134.26,-74.577,-68.484
-121.34,-25.029,-10.725
-136.93,-24.915,-64.405
-116.27,-68.419,-47.251
-104.86,-69.387,-305.14
-133.09,-75.116,-394.2
-109.66,-60.424,-146.58
-115.12,-68.934,-142.96
-135.54,-25.113,-81.181
-154.52,-37.776,-66.57
-104.77,-64.815,-278.53
-109.78,-60.701,-30.067
-117.29,-32.611,-174.03
-100.44,-52.412,-306.64
-149.68,-67.215,-271.65
-132.76,-29.292,-252.58
-108.02,-33.166,-391.43
-135.83,-29.984,-254.96
-135.04,-48.021,-431.28
-149.8,-65.527,-26.115
-89.596,-73.56,-454.23
-110.84,-40.038,-180.66
-120.4,-30.831,-222.14
-155.17,-40.367,-27.594
-151.02,-67.452,-90.988
-150.79,-33.074,-110.58
-133.91,-23.914,-39.358
-135.67,-31.788,-296.32
-112.78,-33.475,-53.133
-140.86,-76.271,-197.82
-130.93,-28.342,-218.5
-118.44,-31.623,-161.84
-157.88,-47.549,-109.52
-142.26,-72.546,-65.079
-142.4,-43.55,-354.09
-101.05,-53.174,-298.69
-133.13,-32.448,-326.74
-150.46,-65.864,-45.016
-107.85,-40.9,-259.39
-121.09,-71.985,-76.213
-138.8,-76.328,-162.17
-148.62,-49.638,-318.71
-108.82,-57.008,-130.89
-125.75,-23.934,-19.955
-118.19,-72.327,-163.72
-129.51,-79.168,-256.59
-106.74,-62.326,-238.44
-138.52,-73.407,-53.014
-137.01,-36.853,-352.34
-137.96,-75.43,-116.7
-148.87,-30.496,-6.631
-127.62,-79.342,-265.71
-139.88,-31.974,-264.85
-132.64,-78.225,-214.14
-104.73,-57.81,-251.94
-108.53,-32.689,-450.08
-122.17,-34.292,-427.19
-107.71,-50.559,-175.13
-92.731,-76.527,-452.23
-156.76,-56.317,-74.217
-114.62,63.332,-352.07
-72.334,50.109,-316.3
-93.788,45.884,-200.43
-124.2,64.814,-161.18
-66.457,31.757,-463.33
-77.867,84.378,-243.15
-104.26,44.266,-423.45
-83.628,46.843,-256.18
-121.08,58.495,-60.775
-103.86,47.198,-85.199
-122.52,83.423,-100.55
-109.77,59.782,-402.7
-69.015,75.035,-331.89
-85.048,44.677,-273.23
-67.696,33.489,-445.44
-64.612,59.625,-352.84
-68.644,54.042,-328.51
-78.469,83.989,-171.24
-124.19,64.335,-103.11
-91.929,48.291,-116.33
-123.74,79.05,-49
-121.44,58.513,-96.187
-106.64,44.016,-342.63
-100.39,79.116,-396.35
-62.183,38.88,-440.16
-123.12,81.433,-63.85
-63.013,71.093,-404.81
-59.244,68.309,-444.4
-92.471,95.751,-57.155
-75.004,41.012,-359.15
-93.416,89.005,-328.38
-95.952,96.423,-6.3031
-76.947,82.627,-26.968
-106.19,47.674,-74.918
-77.827,60.734,-74.606
-75.098,66.123,-180.85
-117.8,89.239,-51.136
-80.268,40.996,-334.78
-80.521,54.725,-181.01
-86.273,79.267,-447.41
-79.493,84.507,-372.15
-60.278,57.248,-397.34
-107.61,47.645,-142.61
-124.91,67.929,-153.71
-105.36,96.307,-116.09
-81.579,48.969,-247.93
-120.37,83.92,-195.54
-93.845,88.305,-337.1
-111.72,93.625,-150.08
-115.27,91.392,-43.458
-113.3,57.702,-363.28
-83.412,33.805,-399.24
-116.28,52.211,-168.28
-104.28,73.692,-405.52
-99.244,83.121,-372.5
-87.321,49.826,-20.922
-114.93,79.51,-299.58
-113.73,51.053,-55.113
-98.976,42.908,-264.83
-96.953,96.717,-62.885
-91.454,48.555,-90.322
-85.254,51.924,-79.699
-96.882,44.841,-216.82
-83.186,53.29,-142.65
-118.51,89.059,-108.24
-88.77,34.257,-395.87
-74.512,68.807,-19.62
-56.891,43.458,-454.8
-60.467,58.061,-395.1
-76.848,81.003,-178.29
-58.826,66.433,-434.22
-105.91,43.416,-343.34
-81.181,85.608,-359.82
-124.69,76.789,-144.55
-85.864,51.509,-84.461
-82.058,89.138,-78.607
-82.145,88.661,-207.98
-115.92,52.727,-50.188
-97.059,96.731,-64.325
-63.703,49.166,-385.91
-98.694,46.753,-129.62
-94.45,34.345,-452.26
-116.65,57.402,-314.14
-103.26,42.61,-301.49
-79.589,57.74,-73.497
-106.5,47.987,-416.92
-90.923,34.483,-398.9
-123.27,64.521,-20.664
-108.99,94.773,-21.903
-76.391,80.834,-203.43
-75.716,76.649,-85.367
-73.56,77.066,-250.14
-75.484,68.154,-76.884
-81.207,82.525,-414.18
-84.128,90.631,-143.39
-89.965,49.123,-74.781
-123.93,64.976,-55.684
-70.105,56.253,-306.22
-87.35,90.007,-299.37
-82.789,89.724,-95.824
-81.167,87.652,-153.56
-79.448,58.206,-97.85
-85.974,36.555,-364.33
-124.08,79.593,-91.748
-110.14,52.334,-387.79
-80.067,84.428,-378.06
-76.677,82.663,-7.7064
-85.678,92.637,-23.051
-110.79,49.28,-81.114
-109.71,67.142,-391.45
-82.439,45.436,-280.29
-89.711,87.491,-350.96
-77.256,83.275,-231.33
-104.12,47.257,-65.759
-67.684,49.836,-353.48
-74.052,66.919,-208.43
-64.295,73.848,-423.85
-98.576,46.987,-71.933
-75.974,77.43,-99.388
-91.093,33.665,-415.85
-104.09,41.963,-365.55
-120.95,72.693,-262.14
-122,69.481,-251.01
-87.318,79.381,-443.78
-109.84,48.27,-159.33
-91.025,48.718,-98.267
-112.22,62.783,-376.96
-123.18,63.558,-201.63
-58.18,62.877,-425.63
-90.881,48.174,-152.9
-61.762,66.398,-392.37
-56.956,46.398,-445.05
-86.282,51.048,-62.955
-99.29,96.893,-93.445
-125.07,69.711,-155.72
-95.066,96.358,-93.491
-122.48,83.521,-105.4
-121.13,72.932,-258.8
-115.43,77.989,-303.39
-104.94,92.804,-240.47
-107.14,95.945,-80.942
-90.168,93.968,-181.03
-78.587,59.637,-105.63
-87.579,93.457,-89.019
-63.221,35.082,-455.84
-68.587,72.138,-318.31
-113.23,49.441,-237.01
-116.36,90.866,-131.42
-60.433,41.644,-437.74
-105.09,46.793,-159.26
-115.26,61.327,-344.46
-125.14,68.525,-104.57
-67.578,76.227,-459.27
-93.149,44.155,-242.47
-105.02,96.436,-104.61
-80.798,32.348,-418.23
-112.38,49.144,-305.17
-64.37,40.528,-419
-83.786,53.068,-74.951
-120.31,86.683,-73.764
-108.5,45.907,-348.43
-85.272,46.062,-254.31
-88.54,48.276,-185.19
-102.35,90.338,-288.68
-99.169,43.085,-261.2
-94.704,84.336,-378.13
-78.721,33.791,-406.61
-54.589,51.638,-454.64
-122.92,82.625,-99.02
-63.058,63.183,-369.13
-113.72,69.433,-351.35
-84.342,52.69,-109.91
-118.87,88.08,-52.375
-112.44,92.911,-16.792
-69.717,78.357,-417.78
-94.819,96.322,-30.618
-123.76,63.915,-68.055
-66.846,64.573,-325.57
-69.817,58.41,-301.42
-96.393,79.852,-409.28
-100.6,95.62,-189.04
-78.15,59.618,-150.55
-86.036,37.629,-351.51
-74.895,76.269,-198.14
-107.39,95.776,-62.207
-85.653,91.888,-133.84
-83.952,78.71,-457.89
-63.098,73.257,-458.1
-122.93,82.62,-110.73
-106.42,95.196,-170.93
-123.89,63.846,-82.661
-99.144,94.902,-214.09
-116.99,54.119,-11.813
-80.51,42.081,-323.73
-104.06,42.493,-320.15
-105.21,94.882,-192
-90.063,32.939,-424.14
-76.016,43.642,-334.26
-91.13,42.573,-275.66
-65.757,71.87,-363.57
-71.598,78.445,-446.84
-97.767,42.615,-268.83
-68.593,66.69,-303.69
-124.04,77.568,-169.73
-70.123,30.7,-458.16
-81.134,86.675,-329.81
-123.36,79.823,-41.578
-95.797,72.044,-462.99
-117.87,71.018,-305.84
-96.775,44.428,-227.63
-108.06,47.558,-162.12
-119,88.503,-112.62
-117.31,53.142,-172.5
-96.428,74.805,-443.12
-100.42,96.926,-77.727
-82.735,80.144,-444.32
-111.38,54.15,-378.18
-93.134,38.8,-332.33
-104.08,42.803,-307.68
-122.39,62.59,-221.03
-87.058,93.121,-92.254
-121.71,84.682,-129.54
-86.333,77.858,-460.43
-81.01,88.294,-52.068
-99.985,84.966,-354.01
-89.769,93.635,-192.44
-86.636,83.517,-402.46
-104.67,84.16,-338.94
-83.366,90.031,-130.79
-61.961,68.006,-397.3
-55.876,63.421,-459.04
-97.604,96.495,-134.53
-98.019,46.875,-37.827
-85.087,91.699,-99.849
-96.09,81.304,-399.45
-82.061,89.013,-91.789
-122.58,79.639,-194.86
-82.082,31.857,-423.12
-119.9,80.624,-237.03
-97.53,46.065,-175.13
-75.267,69.897,-147.79
-89.326,49.019,-34.669
-75.891,29.283,-457.82
-99.369,41.546,-297.34
-120.81,66.497,-271.67
-88.935,49.388,-134.88
-107.71,93.589,-206.04
-80.972,86.212,-342.25
-95.756,47.351,-89.616
-75.466,69.235,-132.06
-62.518,37.315,-446.6
-93.35,35.859,-384.8
-83.664,89.296,-270.87
-77.373,36.896,-382.04
-113.5,84.929,-273.63
-90.009,93.964,-176.45
-117.3,90.231,-90.941
-121.26,58.675,-200
-71.006,76.594,-306.55
-74.842,65.995,-190.2
-123.53,73.584,-211.27
-117.26,81.138,-266.45
-79.029,85.794,-316.72
-93.321,33.658,-446.73
-59.115,63.75,-416.83
-123.64,74.911,-202.55
-117.47,76.858,-288.91
-112.31,92.788,-169.87
-74.836,55.948,-256.6
-100.74,42.433,-283.51
-109.78,48.922,-53.832
-92.385,42.065,-280.81
-96.46,46.775,-5.7574
-116.53,69.178,-324.63
-75.769,76.174,-126.43
-82.491,84.494,-386.89
-116.14,90.464,-33.393
-68.102,34.648,-435.49
-89.007,49.054,-26.3
-77.516,58.377,-192.22
-101.3,46.963,-82.62
-64.332,74.218,-443.07
-89.738,92.831,-233.35
-91.054,76.463,-455.91
-59.282,55.653,-407.91
-99.725,44.623,-222.56
-63.085,41.794,-420.4
-59.449,53.274,-409.42
-123.91,80.252,-115.31
-122.86,60.828,-126.51
-86.951,49.603,-172.21
-81.305,55.039,-150.6
-78.721,85.694,-28.278
-78.152,60.427,-112.48
-85.484,38.813,-338.99
-89.104,40.373,-311.76
-71.694,59.728,-275.12
-114.87,52.227,-299.63
-114.33,60.938,-355.03
-121.02,83.661,-183.77
-89.469,93.953,-156.89
-78.357,83.937,-88.227
-85.791,51.345,-60.028
-93.838,91.901,-281.18
-105.64,96.033,-34.636
-73.846,78.417,-257.62
-115.29,51.23,-226.06
-111.23,47.997,-311.01
-101.94,43.468,-455.77
-70.08,70.013,-285.82
-114.35,92.346,-134.2
-75.786,65.561,-57.98
-113.38,71.039,-349.78
-80.499,88.132,-21.562
-95.395,47.421,-86.766
-85.265,91.338,-172.89
-89.179,34.981,-385.62
-124.42,70.209,-28.94
-81.893,86.577,-342.11
-113.22,92.511,-22.401
-82.485,89.012,-178.32
-76.737,63.763,-105.42
-107.81,95.735,-105.11
-113.31,50.533,-311.36
-54.133,58.265,-462.03
-71.272,78.807,-433.85
-67.604,59.606,-321.9
-80.709,56.354,-82.683
-67.854,75.63,-364.26
-64.208,65.929,-359.6
-96.062,96.343,-127.61
-122.52,80.924,-181.56
-123.28,61.735,-124.87
-118.55,55.708,-21.323
-111.22,48.464,-328.11
-65.659,47.7,-377.32
-69.268,62.44,-297.48
-72.652,66.897,-239.35
-81.825,44.299,-295.68
-55.776,46.846,-453.07
-75.823,61.932,-193.89
-110.12,48.211,-174.51
-119.02,80.072,-252.97
-109.09,77.574,-355.17
-110.67,93.305,-180.71
-124.55,69.178,-41.998
-113.92,51.003,-84.531
-76.771,61.875,-40.391
-75.888,82.264,-263.04
-117.2,53.34,-111.7
-90.885,53.405,-9.6432
-94.626,32.596,-310.68
-131.65,39.556,-192.04
-77.943,32.03,-417.22
-96.99,75.179,-302.64
-115.24,84.772,-48.094
-131.89,46.27,-329.53
-116.69,79.032,-284.48
-136.22,47.242,-251.44
-138.66,48.514,-149.1
-108.89,83.811,-25.287
-100.46,39.351,-10.411
-84.003,44.557,-325.07
-91.363,61.014,-122.87
-107.03,32.97,-234.46
-120.66,35.267,-83.647
-95.63,41.103,-219.32
-135.98,62.299,-269.55
-122.4,43.503,-435.86
-127.41,41.505,-374.97
-132.93,73.102,-235.35
-81.169,54.898,-349.04
-121.93,72.091,-331.9
-93.299,69.722,-93.395
-93.478,48.736,-55.761
-137.28,73.26,-126.67
-119.3,33,-223.55
-100.65,37.859,-199.44
-82.961,64.236,-412.88
-91.372,31.741,-336.44
-110.34,35.34,-41.303
-97.923,42.457,-56.799
-132.34,78.727,-65.172
-112.37,35.165,-89.06
-95.199,73.629,-218.93
-92.059,52.465,-153.02
-102.46,33.512,-252.65
-120.83,34.831,-434.01
-113.38,31.248,-253.26
-108.96,83.843,-46.587
-110.45,22.293,-461.33
-80.284,55.688,-363.08
-89.088,53.621,-232.49
-81.236,34.16,-386.23
-122.45,49.045,-430.89
-97.912,76.061,-281.29
-110.84,35.284,-124.65
-108.24,32.213,-243.18
-89.533,67.596,-284.08
-136.9,66.07,-238.13
-74.079,39.955,-422.86
-76.77,56.715,-420.82
-70.587,44.265,-453.57
-138.15,59.193,-245.12
-129.2,53.224,-364.21
-90.95,60.443,-60.534
-123.67,83.684,-106.46
-97.684,41.651,-8.9848
-139.65,50.954,-97.682
-125.85,34.582,-300.94
-116.67,84.809,-102.66
-115.52,79.385,-282.87
-119.31,34.586,-148.63
-127,39.744,-372
-138.44,52.78,-233.73
-88.59,62.267,-252.23
-89.845,65.128,-242
-140.1,62.654,-188.33
-141.2,57.874,-137.1
-110.42,63.535,-447.43
-76.561,54.639,-409.58
-92.899,46.599,-201.24
-140.25,60.227,-192.96
-105.12,37.471,-86.673
-123.31,81.98,-197.8
-126.84,37.288,-74.066
-86.909,22.771,-422.27
-136.44,46.044,-34.133
-125.53,34.324,-295.04
-76.149,57.29,-438.75
-116.07,28.168,-335.61
-121.8,35.535,-50.332
-122.8,83.936,-106.41
-137.76,48.576,-24.637
-110.02,66.372,-429.14
-94.486,73.514,-288.29
-117.58,29.557,-442.67
-125.54,36.064,-162.15
-91.327,53.633,-35.927
-139.19,52.44,-208.54
-82.815,50.875,-325.67
-87.834,68.149,-381.42
-126.61,76.165,-264.91
-136.07,74.643,-143.55
-120.25,79.395,-264.94
-130.74,38.728,-210.42
-104.49,81.523,-146.22
-98.314,77.325,-85.211
-96.075,43.476,-12.955
-118.73,34.089,-174.45
-137.24,73.294,-82.174
-87.149,30.981,-365.78
-133.23,50.155,-319.71
-95.493,32.96,-302.25
-93.59,42.957,-227.57
-135.03,43.439,-82.973
-139.9,57.795,-206.16
-121.13,47.354,-444.97
-88.088,68.147,-348.63
-138.3,50.353,-8.4416
-137.35,72.983,-74.089
-132.6,77.545,-16.622
-73.181,45.382,-427.33
-138.35,63.618,-226.75
-139.62,50.651,-117.49
-83.767,36.025,-360.33
-99.952,78.347,-163.93
-141.16,59.252,-82.089
-97.468,76.018,-216.58
-119.46,53.175,-444.47
-115.2,34.494,-142.49
-91.389,57.887,-124.43
-131.28,79.004,-29.516
-109.84,68.498,-413.45
-131.1,56.233,-340.56
-137.02,53.775,-266.61
-138.09,67.469,-206.09
-105.9,82.184,-149.06
-125.25,83.12,-110.65
-91.377,63.172,-79.067
-101.86,26.039,-346.17
-124.41,33.661,-342.83
-112.81,71.223,-380.4
-136.13,45.205,-54.537
-129.87,70.695,-287.23
-122.22,66.428,-368.17
-134.98,75.713,-153.15
-94.073,72.216,-221.34
-91.431,57.456,-103.16
-139.96,52.508,-171.51
-135.01,56.296,-296.54
-101.79,39.482,-100.93
-78.592,45.583,-374.45
-138.95,67.724,-22.203
-90.338,55.781,-6.4369
-132.32,49.193,-330.46
-105.62,76.985,-327.14
-123.63,55.967,-404.79
-96.678,31.396,-309.81
-111.99,59.437,-464.82
-81.469,59.335,-364.11
-82.569,63.954,-419.75
-132.49,78.139,-39
-120.49,32.62,-422.83
-97.167,76.541,-45.977
-139.83,58.469,-208.24
-94.797,45.337,-19.783
-82.367,20.425,-458.1
-141.21,57.457,-109.53
-78.694,47.851,-371.68
-93.354,49.382,-141.85
-121.15,35.099,-430.93
-103.54,81.355,-95.363
-125.04,36.576,-49.603
-100.05,78.454,-159.46
-135.75,44.251,-87.478
-140.18,66.967,-89.039
-80.76,53.688,-351.79
-140.63,58.005,-45.569
-108.55,31.73,-250.94
-96.725,75.322,-223.03
-93.382,71.454,-29.379
-90.211,56.673,-197.48
-70.844,34.38,-461.19
-105.19,72.081,-392.35
-79.986,56.869,-372.19
-92.661,44.019,-230.86
-122.86,35.812,-64.711
-89.326,60.216,-225.03
-109.65,35.653,-61.198
-110.36,35.541,-74.612
-108.96,35.842,-118.07
-97.77,25.212,-364.69
-88.17,68.282,-392.09
-119.16,31.766,-437.89
-89.568,51.539,-230.72
-93.4,48.525,-45.059
-130.12,73.592,-260.97
-122.68,79.827,-245
-103.67,38.097,-126.34
-134.53,76.302,-50.457
-140.23,53.225,-77.816
-94.477,72.381,-75.71
-140.45,54.28,-73.753
-88.563,51.534,-248.19
-132.23,77.979,-20.287
-128.26,81.231,-150.22
-138.61,69.469,-167.98
-72.635,45.489,-433
-88.767,67.24,-299.89
-112.61,25.264,-377.4
-119.68,29.611,-364.87
-119.19,34.791,-129.85
-137.69,48.603,-220.79
-136.86,49.049,-251.29
-103.21,79.259,-256.74
-134.43,48.298,-296.79
-122.05,82.201,-202.45
-89.99,50.933,-225.61
-140.69,57.574,-52.095
-129.5,80.71,-53.507
-99.588,19.681,-424.8
-95.109,73.009,-108.57
-91.915,65.393,-97.243
-100.1,79.19,-59.375
-103.33,81.374,-70.729
-139.14,68.01,-37.314
-85.234,54.244,-293.91
-138.39,71.5,-111.49
-110.07,35.631,-81.919
-126.54,35.927,-208.39
-130.01,38.707,-291.27
-136.84,51.726,-265.48
-107.95,36.24,-108.79
-97.237,73.118,-369.7
-92.575,67.693,-100.69
-94.182,72.043,-203.98
-122.28,80.417,-237.84
-133.6,42.681,-16.411
-92.794,50.12,-156.01
-82.323,53.793,-332.33
-111.32,65.853,-427.49
-104.26,75.032,-356.12
-109.69,83.457,-155.3
-132.73,46.385,-317.13
-91.042,60.888,-161.24
-103.38,37.356,-169.01
-122.62,32.704,-277.78
-94.655,72.141,-146.93
-127.81,36.33,-295.19
-108.17,33.246,-222.97
-128.53,81.614,-100.21
-102.53,38.91,-115.68
-104.37,70.872,-406.57
-82.169,63.487,-412.6
-104.92,82.294,-55.743
-110.31,35.22,-139.91
-125.51,82.825,-52.396
-103.26,21.739,-400.05
-131.77,39.725,-175.17
-104.38,78.894,-282.15
-96.485,43.11,-17.002
-113.7,57.534,-465.09
-115.36,82.045,-234.38
-92.696,69.08,-59.583
-95.002,68.3,-441.82
-132.28,63.734,-305.38
-139.34,50.191,-158.2
-100.02,30.503,-302.33
-118.75,34.858,-11.382
-122.32,46.967,-434.89
-92.968,29.618,-344.08
-107.73,20.586,-451.83
-136.28,44.553,-147.06
-138.86,69.842,-148.85
-114.2,65.602,-416.15
-139.91,52.904,-57.937
-132.74,77.719,-162.1
-94.142,72.097,-367.72
-92.426,52.148,-83.542
-91.544,55.963,-88.044
-127,62.863,-354.02
-110.92,64.772,-436.75
-128.17,37.578,-135.39
-138.9,53.299,-223.71
-102.09,80.862,-23.148
-131.78,79.366,-118.2
-112.08,32.873,-215.75
-111.97,84.451,-31.75
-92.978,47.572,-187.91
-118.87,30.976,-434.93
-78.265,60.009,-437.25
-122.68,34.705,-185.69
-81.563,40.098,-360.85
-116.9,32.336,-232.14
-131.61,40.93,-290.73
-139.91,66.059,-47.342
-92.207,52.291,-67.283
-124.25,57.826,-394.07
-92.147,68.414,-433.54
-103.77,37.901,-136.28
-103.25,35.431,-215.93
-77.946,53.367,-386.09
-123.48,36.773,-406.94
-141.08,58.974,-74.93
-123.98,83.195,-31.686
-141.02,61.29,-153.05
-124.68,36.436,-385.35
-118.65,30.051,-426.91
-100.48,76.85,-303.63
-101.51,34.043,-251.66
-109.12,25.871,-346.52
-85.604,65.875,-364.31
-90.093,49.522,-231.28
-116.84,84.828,-96.136
-88.257,61.552,-255.99
-84.841,27.901,-397.23
-114.85,67.989,-397.04
-140.34,64.453,-165.48
-123.55,35.465,-152.14
-104.31,80.783,-202.6
-86.254,53.573,-279.52
-119.16,84.37,-26.012
-132.05,79.221,-98.95
-116.27,65.108,-409.01
-100.74,72.116,-394.64
-126,35.08,-247.8
-90.777,64.998,-14.632
-121.44,76.716,-292.16
-137.91,72.356,-113.11
-89.666,63.404,-231.89
-75.363,57.387,-458.49
-115.46,34.708,-30.218
-107.73,82.822,-157.61
-78.501,59.452,-419.93
-127.24,81.912,-142.57
-82.145,63.562,-418.63
-99.887,40.341,-39.459
-119.55,31.765,-430.91
-93.496,44.542,-212.49
-135.52,75.539,-72.754
-131.44,48.777,-341.22
-95.602,73.848,-191.42
-114.88,73.472,-352.99
-123.54,35.822,-113.24
-95.281,70.5,-409.28
-108.88,35.76,-47.398
-96.624,27.485,-346.46
-125.66,47.874,-403.21
-100.32,73.844,-368.57
-111.46,77.583,-316.93
-90.214,56.162,-198.56
-98.495,78.292,-7.9292
-133,41.963,-23.846
-91.365,64.202,-63.783
-115.14,27.113,-355.1
-117.65,32.118,-241.77
-115.68,29.317,-303.13
-74.999,50.298,-413.8
-132.41,71.827,-253.68
-97.552,9.7442,-451.79
-111.2,54.683,-462.12
-121.62,60.179,-389.83
-141.63,36.5,-402.57
-138.18,25.917,-429.26
-101.2,13.441,-410.36
-121.17,25.339,-104.54
-98.927,52.076,-445.38
-137.34,23.026,-427.6
-147.31,27.286,-182.33
-120.19,21.411,-241.84
-141.71,23.771,-186.97
-144.26,25.495,-145.89
-144.49,60.527,-283.61
-111.69,61.814,-169.72
-153.21,41.19,-261.37
-149.01,60.526,-239.02
-145.98,68.573,-115.04
-149.42,31.107,-275.28
-151,30.992,-135.21
-141.6,22.342,-298.96
-121.01,15.859,-316.82
-112.61,7.8143,-422.86
-118.61,69.184,-13.247
-132.86,15.457,-377.64
-107.53,42.94,-73.544
-111.13,13.152,-372.39
-117.14,63.007,-349.83
-117.18,27.292,-42.011
-137.59,27.108,-439.46
-128.2,12.938,-380.35
-140.45,24.352,-6.7415
-107.95,55.372,-51.754
-143.62,33.793,-382.17
-154.96,57.598,-144.2
-101,47.678,-308.14
-91.989,23.469,-417.94
-110.35,59.69,-157.58
-90.779,38.816,-417.36
-116.26,28.091,-143.68
-150.74,31.109,-81.626
-112.02,62.441,-203.06
-136.2,70.316,-209.47
-155.06,57.621,-79.019
-134.29,72.492,-36.762
-133.79,16.086,-391.59
-151.27,42.892,-293.55
-91.916,19.713,-431.53
-101.64,17.664,-381.64
-118.48,15.666,-324.84
-108.55,9.0318,-417.53
-121.32,25.238,-110.93
-144.24,68.271,-180.38
-109.68,59.335,-206.9
-114.2,29.854,-46.439
-129.48,12.876,-450.85
-108.77,22.231,-308.29
-156.9,44.285,-150.12
-111.12,34.355,-117.84
-146.37,29.547,-327.47
-155.95,42.586,-35.196
-114.8,65.467,-128.55
-107.46,53.025,-61.535
-87.883,37.717,-449.96
-103.3,51.795,-291.31
-111.05,33.05,-27.062
-132.44,61.696,-344.1
-150.49,55.062,-263.85
-118.92,20.71,-259.83
-116.15,66.168,-215.92
-133.35,39.771,-464.06
-125.24,23.739,-107.14
-114.01,64.555,-155.77
-133.88,72.139,-155.7
-122.1,21.122,-235.22
-144.51,24.817,-239.66
-117.32,19.804,-280.13
-144.6,67.988,-182.2
-149.91,62.898,-195.52
-108.52,59.756,-297.33
-144.96,36.664,-369.14
-115.93,66.5,-129.54
-140.66,36.23,-411.86
-132.53,72.495,-16.549
-133.26,15.797,-409.45
-141.43,29.011,-398.59
-109.81,59.338,-197.08
-138.67,36.464,-429.37
-152.76,33.772,-197.9
-157.08,46.817,-80.927
-147.95,28.754,-275.53
-111.53,10.917,-392.27
-118.34,23.834,-215.58
-155.69,51.714,-192.82
-101.28,50.069,-317.52
-125.86,57.25,-406.56
-109.25,60.29,-281.05
-145.25,39.5,-365.21
-108.43,36.975,-11.934
-142.25,24.237,-351.1
-129.8,20.801,-212.68
-119.85,11.737,-371.95
-100.08,27.051,-343.95
-114.91,29.078,-40.934
-148.65,59.124,-255.88
-133.18,18.016,-294.47
-131.27,22.693,-40.901
-125.73,16.299,-306.2
-89.659,25.48,-430.67
-133.58,58.568,-365.05
-114.58,55.951,-445.08
-103.39,9.7343,-427.68
-129.7,18.609,-266.08
-142.71,65.101,-252.05
-116.51,28.335,-93.722
-109.23,60.359,-289.22
-108.28,39.349,-55.52
-107.99,38.963,-31.029
-109.21,57.27,-119.75
-123.17,17.589,-288.26
-114.13,29.104,-8.9097
-106.95,50.585,-175.36
-134.39,57.14,-371.45
-144.46,45.618,-360.78
-156.2,45.134,-26.78
-156.43,48.84,-35.179
-111.38,61.723,-84.043
-117.73,23.897,-220.57
-150.67,64.6,-114.1
-148.71,44.728,-322.34
-110.7,60.47,-362.47
-155.96,47.044,-6.9137
-153.77,59.366,-47.73
-94.944,35.213,-368.98
-131.36,22.096,-162.06
-115.13,66.358,-57.12
-120.78,10.619,-388.56
-136.05,70.847,-195.78
-108.26,57.51,-18.573
-130.23,63.785,-331.23
-147.44,29.873,-308.6
-144.32,69.605,-109.68
-153.85,59.951,-138.06
-125.15,71.839,-45.755
-94.419,29.584,-382.31
-153.25,60.918,-71.117
-109.61,59.338,-381.32
-143.16,58.057,-312.38
-142.18,24.864,-361.57
-154.19,52.02,-226.38
-150.2,30.046,-155.94
-138.19,20.312,-284.02
-140,71.46,-72.175
-110.68,58.386,-408.11
-128.17,14.125,-352.26
-106.8,56.35,-257.71
-107.42,40.379,-26.078
-111.74,61.79,-334.46
-133.08,54.622,-394.84
-109.27,37.804,-124.99
-153.77,35.967,-49.216
-147.66,28.805,-12.842
-146.85,26.922,-181.89
-92.547,21.73,-419.69
-109.88,35.768,-151.24
-138.38,26.719,-429.26
-144.99,26.237,-101.74
-133.68,72.695,-103.44
-131.18,22.516,-10.109
-94.896,28.926,-379.84
-119.67,13.352,-351
-119.81,24.5,-183.97
-94.031,25.427,-396.54
-119.91,69.167,-145.77
-128.55,64.085,-332.57
-149.92,30.16,-90.64
-128.11,52.782,-430.65
-126.84,50.804,-449.61
-135.71,71.988,-152.76
-145.89,68.115,-39.01
-114.12,19.216,-303.09
-140.71,24.42,-36.017
-120.89,25.008,-146.74
-127.36,71.834,-151.07
-155.31,40.111,-35.295
-96.389,36.271,-353.45
-120.46,68.788,-204.2
-126.07,50.862,-452.9
-149.33,29.348,-121.9
-131.17,44.052,-462.34
-147.4,27.28,-221.54
-140.5,24.193,-386.2
-105.99,20.012,-341.82
-143.13,24.831,-153.8
-138.15,22.477,-411.19
-153.93,35.372,-96.11
-134.34,21.77,-184.54
-150.67,59.833,-223.41
-156.44,46.701,-34.879
-136.44,23.106,-12.372
-142.98,23.62,-305.76
-121.82,25.013,-78.476
-109.74,5.172,-455.54
-150.61,45.202,-299.59
-146.44,39.283,-353
-139.7,52.389,-369.25
-97.913,51.429,-429.67
-113.56,28.921,-188.74
-142.53,70.447,-72.195
-153.1,37.387,-246.91
-140.43,24.435,-389.41
-112.73,30.728,-170.28
-112.51,62.849,-154.04
-143.17,24.789,-160.15
-112.86,63.464,-234.05
-140.44,43.005,-400.9
-99.372,52.208,-452.39
-100.54,53.135,-379.7
-108.88,57.148,-75.307
-117.79,65.807,-287.55
-143.53,42.313,-377.01
-114.18,65.197,-82.608
-138.06,22.115,-203.94
-125.75,62.828,-353.22
-147.79,37.37,-337.01
-108.66,57.083,-58.826
-107.17,46.735,-142.69
-139.08,68.188,-234.96
-123.99,20.287,-241.29
-132.47,64.531,-315.43
-138.51,71.946,-81.285
-114.74,65.884,-69.1
-115.76,65.456,-259.2
-132.65,69.808,-235.46
-131.61,15.361,-452
-106.86,49.403,-54.626
-135.12,18.107,-416.83
-100.38,53.17,-387.79
-139.19,23.837,-73.182
-153.3,38.988,-251.98
-126.83,72.24,-58.573
-140.76,22.098,-345.66
-116.83,67.404,-104.78
-151.88,32.087,-172.72
-142.85,70.216,-62.37
-88.755,38.362,-441.14
-155.11,53.684,-194.62
-132.99,15.437,-394.09
-115.29,10.879,-385.46
-144.73,26.319,-60.284
-152.18,32.483,-169.9
-134.24,44.619,-439.81
-128.53,49.993,-446.32
-103.49,9.4481,-429.57
-140.48,27.781,-406.68
-150.36,30.251,-188.54
-154.34,41.42,-237.95
-150.2,54.597,-269.99
-135.89,21.355,-212.72
-145.32,41.345,-362.28
-116.04,28.132,-149.51
-137.21,20.102,-401.88
-152.53,33.096,-105
-96.552,18.395,-407.36
-127.59,52.411,-435.52
-132.04,54.602,-400.14
-144.66,68.866,-151.87
-145.97,27.47,-7.7255
-113.63,64.133,-168.48
-137.09,21.239,-229.35
-107.85,56.195,-25.935
-88.541,37.57,-441.05
-122.02,67.234,-282.15
-93.754,48.045,-460.85
-155.11,56.762,-156.07
-105.95,55.627,-271.68
-134,16.583,-352.47
-148.25,28.295,-138.09
-98.673,51.964,-441.18
-115.89,66.88,-72.782
-121.34,25.159,-66.795
-106.94,47.144,-64.172
-114.5,5.5054,-453.09
-126.43,23.229,-40.492
-118.2,27.087,-96.47
-151.79,40.251,-284.52
-122.43,70.89,-66.298
-138.43,23.643,-45.935
-104.76,45.669,-233.34
-141.03,22.413,-252.21
-149.35,29.773,-71.312
-108.82,58.894,-12.425
-119.58,69.503,-66.243
-132.05,22.733,-49.782
-118.6,17.087,-307.52
-142.06,31.675,-396.94
-119.8,25.547,-148.85
-129.52,22.499,-145.46
-118.3,68.618,-83.004
-141.27,70.97,-68.843
-116.14,20.284,-280.81
-122.48,24.317,-32.381
-107.21,52.016,-175.81
-104.28,27.27,-308.62
-152.23,47.235,-274.42
-115.31,65.24,-254.41
-95.966,47.681,-393.07
-118.05,66.704,-256.84
-125.39,54.039,-433.48
-156.32,46.298,-28.921
-106.5,5.4839,-456.5
-106.9,42.242,-182.52
-107.45,55.83,-223.9
-144.24,69.038,-29.936
-157.15,46.217,-93.829
-134.48,72.59,-112.71
-117.14,68.092,-41.151
-118.24,65.611,-298.22
-106.81,47.321,-54.912
-152.82,33.933,-200.71
-114,64.471,-220.31
-107.71,53.398,-163.61
-149.24,66.046,-112.02
-154.24,36.439,-67.945
-129.75,61.466,-356.29
-105.4,27.001,-300.69
-116.08,63.755,-328.63
-156.65,46.637,-47.83
-103.53,40.401,-261.22
-137.44,23.372,-78.857
-152.02,32.233,-165.05
-139.15,60.462,-321.11
-117.29,27.479,-133.09
-111.31,62.652,-21.673
-133.63,22.072,-166.32
-144.77,24.975,-259.42
-116.88,23.08,-240.7
-152.19,33.266,-55.864
-121.35,63.114,-354.35
-151.74,31.955,-119.56
-133.51,72.358,-8.7148
-143.24,23.715,-268.52
-122.23,67.873,-266.81
-147.44,27.307,-216.99
-112.16,25.374,-254.09
-94.838,48.926,-451.7
-106.79,56.244,-428.98
-111.37,32.119,-177.18
-110.85,5.2068,-454.6
-154.74,58.278,-76.89
-39.857,125.49,-351.81
-16.691,87.847,-315.9
-38.239,97.305,-200.36
-50.192,130.98,-161.02
-20.934,71.393,-463.21
-0.43301,116.97,-242.12
-42.685,104.89,-423.46
-28.686,92.036,-255.98
-53.942,123.19,-60.747
-47.499,103.7,-85.228
-38.21,143.59,-100.02
-37.371,120.12,-402.45
2.1841,104.96,-330.95
-30.813,91.449,-273.08
-21.141,73.348,-445.3
-3.9065,90.52,-352.16
-11.085,88.604,-327.99
-2.6319,116.38,-170.24
-51.696,130.06,-102.98
-37.009,97.164,-116.21
-43.016,140.54,-48.58
-53.469,123.77,-96.154
-46.345,105.47,-342.68
-17.903,128.86,-395.61
-13.564,73.886,-439.85
-40.707,142.11,-63.372
5.7598,98.767,-403.87
7.678,94.586,-443.46
-8.1654,133.32,-56.085
-23.694,82.996,-358.95
-7.6114,131.31,-327.39
-11.452,135.59,-5.2659
-5.3252,113,-26.022
-49.187,105.46,-74.962
-19.076,97.244,-74.105
-11.325,100.62,-180.18
-31.876,144.55,-50.449
-28.241,86.136,-334.64
-22.798,95.371,-180.63
-5.9299,120.38,-446.52
1.0733,119.33,-371.1
-1.1926,86.333,-396.65
-48.893,106.99,-142.65
-48.89,133.75,-153.5
-16.468,142.58,-115.12
-25.921,92.27,-247.66
-34.274,143.48,-194.95
-8.2086,131.13,-336.12
-22.352,144.93,-149.22
-28.713,144.5,-42.703
-42.228,120.43,-363.11
-33.936,83.254,-399.26
-52.073,116.3,-168.31
-24.171,127.28,-404.93
-14.943,130.96,-371.67
-34.467,94.481,-20.751
-30.787,137.59,-299
-53.202,112.71,-55.168
-42.794,98.964,-264.86
-10.86,136.99,-61.837
-37.014,96.816,-90.2
-30.32,95.314,-79.45
-40.941,98.649,-216.79
-26.555,95.624,-142.33
-31.354,145.4,-107.55
-37.82,87.01,-395.94
-12.488,100.78,-18.936
-6.2656,74.13,-454.35
-0.86164,87.055,-394.4
-3.1615,113.12,-177.34
6.583,92.783,-433.32
-46.155,104.55,-343.4
0.23193,121.14,-358.77
-43.219,140.31,-144.16
-30.955,95.432,-84.225
-3.9907,121.76,-77.565
-1.6871,122.67,-206.91
-53.907,115.35,-50.231
-10.902,137.08,-63.278
-9.2445,82.233,-385.43
-42.906,100.46,-129.59
-40.949,91.259,-452.37
-46.006,121.89,-314.03
-45.508,101.83,-301.55
-22.371,96.071,-73.075
-42.149,109.12,-416.87
-39.261,88.596,-398.98
-52.58,128.84,-20.545
-22.175,142.85,-21.024
-2.3996,112.93,-202.47
-7.0137,108.18,-84.516
-1.6848,108.67,-249.22
-12.468,101.44,-76.208
-0.64357,119.31,-413.18
-3.2767,124.85,-142.32
-35.83,96.149,-74.637
-52.067,129.94,-55.553
-11.246,91.027,-305.68
-2.92,127.9,-298.3
-3.8175,122.84,-94.772
-2.7121,120.76,-152.52
-21.461,96.567,-97.411
-34.854,86.679,-364.33
-42.049,141.58,-91.31
-42.747,114.52,-387.7
0.70507,119.69,-377.01
-5.4938,112.68,-6.7619
-5.6655,126.25,-21.986
-51.555,109.71,-81.17
-32.835,125.62,-391.05
-28.18,90.421,-280.1
-5.2775,127.98,-349.95
-0.91795,115.62,-230.32
-48.063,103.73,-65.794
-12.535,85,-353.03
-9.4422,100.82,-207.73
6.9401,101.88,-422.85
-43.858,100.02,-71.918
-6.4198,109.08,-98.52
-39.566,88.238,-415.95
-45.235,102.47,-365.62
-40.556,135.88,-261.77
-43.655,133.99,-250.72
-6.7329,121.1,-442.9
-49.853,109.06,-159.37
-36.416,96.74,-98.135
-37.858,123.76,-376.67
-49.379,129.74,-201.48
4.6158,89.563,-424.8
-35.525,96.745,-152.76
3.4444,94.249,-391.51
-4.6293,76.333,-444.54
-32.016,95.145,-62.739
-11.905,138.92,-92.408
-47.826,135.24,-155.48
-9.0116,135.79,-92.424
-38.014,143.68,-104.86
-40.607,136.15,-258.43
-32.07,136.78,-302.85
-15.82,140.8,-239.53
-18.789,143.12,-80.005
-4.9832,131.64,-179.94
-19.721,97.183,-105.15
-5.2312,128.72,-87.939
-16.475,71.79,-455.62
0.3703,102.34,-317.42
-50.091,112.86,-237.05
-28.073,145.63,-130.67
-10.498,74.856,-437.37
-47.17,104.88,-159.29
-41.79,124.29,-344.25
-49.699,133.89,-104.36
6.6865,106.15,-458.25
-37.991,95.965,-242.42
-16.361,142.35,-103.63
-32.475,80.637,-418.25
-48.225,112.74,-305.18
-14.619,76.355,-418.69
-28.558,95.202,-74.665
-34.972,144.41,-73.148
-46.431,108.17,-348.46
-30.486,92.477,-254.14
-32.997,95.622,-185.02
-14.424,137.7,-287.75
-42.903,99.19,-261.22
-10.567,129.03,-377.23
-30.198,80.298,-406.59
0.74819,78.917,-454
-39.055,143.22,-98.506
-0.093876,92.4,-368.36
-35.266,129.58,-350.95
-28.503,95.599,-109.63
-33.42,144.36,-51.722
-26.128,143.6,-15.986
5.5568,108.76,-416.75
-10.146,135.01,-29.566
-52.358,129.13,-67.941
-3.0041,95.489,-324.82
-9.7393,92.45,-300.83
-14.097,126.97,-408.49
-11.749,139.68,-188.02
-18.469,97.311,-150.06
-34.477,87.421,-351.49
-4.2956,108.42,-197.26
-19.478,142.97,-61.28
-3.8359,126.7,-132.76
-4.2933,118.56,-456.98
8.1868,100.98,-457.09
-38.828,143.33,-110.21
-16.852,142.92,-169.98
-52.199,129.3,-82.546
-10.577,138.43,-213.06
-54.633,116.75,-11.848
-27.958,87.02,-323.58
-45.808,102.43,-320.22
-15.693,142.11,-191.04
-39.072,87.098,-424.24
-23.294,85.427,-334.02
-36.774,93.768,-275.61
3.3031,100.74,-362.65
4.7737,110.31,-445.82
-41.973,98.001,-268.85
-3.4361,98.028,-302.91
-41.705,140.73,-169.32
-24.528,72.89,-458.1
0.33242,121.64,-328.74
-42.385,140.82,-41.141
-17.545,121.11,-462.33
-38.369,133.03,-305.46
-40.901,98.365,-227.6
-48.892,107.4,-162.16
-32.002,145.34,-111.95
-52.174,117.72,-172.52
-16.666,123.44,-442.41
-13.077,139.52,-76.705
-2.7198,118.75,-443.38
-42.73,116.61,-378.07
-39.56,92.699,-332.36
-45.884,102.57,-307.74
-48.997,128.68,-220.89
-4.9811,128.16,-91.175
-36.181,144.31,-128.96
-6.6124,119.46,-459.56
-4.2791,120.19,-51.039
-14.708,132.68,-353.16
-4.6552,131.23,-191.35
-4.4084,123.44,-401.49
-19.131,134.93,-338.15
-3.34,123.78,-129.73
4.4275,95.655,-396.41
7.4219,88.813,-458.17
-10.019,137.91,-133.47
-44.209,99.254,-37.818
-4.227,125.87,-98.777
-13.136,127.79,-398.62
-3.8002,121.79,-90.746
-38.73,141.61,-194.38
-33.673,81.131,-423.16
-35.172,141.04,-236.49
-41.514,99.61,-175.09
-9.7145,103.31,-147.06
-36.236,95.281,-34.531
-29.865,75.508,-457.84
-43.297,98.479,-297.39
-44.232,131.13,-271.42
-33.627,96.255,-134.71
-18.148,142.85,-205.13
0.41643,121.3,-341.19
-41.098,98.651,-89.561
-10.617,102.78,-131.34
-14.692,72.963,-446.33
-40.529,91.077,-384.88
-1.1421,124.72,-269.79
-27.679,81.58,-381.94
-26.752,140.58,-272.93
-4.9582,131.49,-175.36
-30.037,145.36,-90.218
-51.081,124.75,-199.93
1.1362,107.19,-305.6
-11.018,100.44,-189.53
-43.008,137.74,-210.92
-32.212,140.02,-265.86
1.1085,119.49,-315.66
-40.639,89.955,-446.84
4.2779,90.75,-415.99
-42.426,138.75,-202.18
-34.662,137.09,-288.41
-22.936,144.86,-169.03
-16.092,93.367,-256.12
-44.064,99.91,-283.56
-51.57,108.53,-53.892
-37.955,94.233,-280.78
-43.742,97.873,-5.7432
-38.134,130.93,-324.27
-6.5099,108.24,-125.58
-0.92781,121.38,-385.86
-30.189,144.25,-32.669
-20.913,74.403,-435.34
-36.143,95.023,-26.161
-17.918,96.344,-191.73
-45.739,101.85,-82.63
7.5477,102.37,-442.07
-4.3013,130.98,-232.27
-11.218,121.38,-455.12
-1.2351,84.57,-407.24
-43.141,100.36,-222.56
-12.792,76.513,-420.06
-2.8595,82.868,-408.81
-41.005,142.19,-114.85
-52.448,126.74,-126.43
-31.197,95.496,-172
-23.826,95.83,-150.23
-4.6875,116.51,-27.286
-18.738,97.574,-111.98
-33.553,87.855,-338.94
-35.887,91.121,-311.73
-10.875,94.418,-274.52
-48.262,116.64,-299.61
-41.114,123.5,-354.81
-35.188,143.59,-183.2
-4.9563,130.95,-155.8
-4.2968,115.49,-87.252
-31.51,95.03,-59.801
-7.0502,133.35,-280.15
-18.538,141.78,-33.694
-0.88183,109.95,-256.67
-50.752,115.46,-226.08
-47.955,111.17,-311.03
-40.757,103.1,-455.76
-2.8105,101.36,-285
-25.518,145.49,-133.39
-14.756,99.474,-57.364
-34.005,130.57,-349.34
-4.6225,119.45,-20.539
-40.835,98.446,-86.707
-3.0842,126.4,-171.81
-37.88,87.732,-385.67
-49.635,134.01,-28.714
-0.05829,122.17,-341.05
-26.86,143.84,-21.609
-2.336,122.88,-177.25
-15.657,99.154,-104.84
-18.938,143.62,-104.18
-47.919,114.46,-311.35
5.5077,83.771,-461.25
4.9866,110.26,-432.82
-6.8518,92.137,-321.25
-23.93,95.816,-82.297
4.1257,104.97,-363.28
0.59151,95.154,-358.79
-9.0786,136.74,-126.54
-38.14,142.44,-181.06
-52.218,127.69,-124.78
-54.609,119.06,-21.338
-47.3,111.69,-328.12
-11.862,82.286,-376.89
-6.8117,95.147,-296.81
-7.7441,100.19,-238.63
-28.121,89.3,-295.5
-3.2708,75.994,-452.54
-14.303,97.996,-193.32
-49.791,109.34,-174.55
-34.526,140.21,-252.43
-26.407,132.87,-354.56
-21.12,144.3,-179.84
-50.125,133.43,-41.791
-52.777,113.08,-84.581
-18.242,97.118,-39.866
0.13728,114.27,-262.03
-53.222,117.23,-111.73
-35.132,99.408,-9.4373
-45.136,88.7,-310.85
-71.487,116.71,-192.47
-30.513,78.549,-417.22
-19.762,122.77,-301.97
-32.848,139.45,-47.474
-64.516,123.3,-329.79
-32.756,138.21,-283.93
-68.823,126.09,-251.74
-71.994,127.67,-149.43
-29.072,134.42,-24.63
-51.477,94.797,-10.587
-29.017,91.174,-324.9
-28.268,106.61,-122.48
-55.978,96.242,-234.78
-68.06,105.34,-84.086
-42.331,95.004,-219.36
-58.589,137.64,-269.54
-56.819,116.08,-436.06
-63.199,117.19,-375.27
-50.028,143.64,-235.09
-19.707,97.501,-348.62
-40.248,136.7,-331.54
-24.768,114.25,-92.857
-39.163,97.93,-55.664
-55.502,145.53,-126.48
-65.587,104.05,-223.98
-48.674,95.558,-199.6
-13.762,106.41,-412.27
-42.659,86.197,-336.6
-60.984,98.364,-41.65
-46.58,95.986,-56.874
-49.48,145.97,-64.84
-61.664,99.984,-89.419
-21.117,119.64,-218.29
-33.668,100.79,-152.81
-51.753,93.892,-252.9
-61.229,108.41,-434.37
-61.561,99.179,-253.67
-28.662,134.69,-45.925
-60.763,92.393,-461.84
-18.231,97.67,-362.63
-29.006,100.51,-232.2
-32.309,82.005,-386.22
-53.401,120.31,-430.98
-20.344,123.84,-280.62
-59.678,99.426,-124.98
-57.206,96.516,-243.52
-19.303,111.99,-283.5
-57.527,140.83,-238.06
-22.346,82.191,-422.66
-13.685,96.742,-420.3
-16.267,83.538,-453.24
-62.757,136.43,-245.2
-57.267,127.22,-364.29
-29.608,105.32,-60.171
-38.801,144.59,-105.93
-47.904,94.764,-9.0868
-72.248,129.69,-97.982
-67.988,110.2,-301.38
-32.793,140.91,-102.04
-31.669,137.71,-282.3
-66.119,104.56,-149.05
-64.082,115.56,-372.34
-67.335,131.6,-233.94
-22.663,107,-251.76
-21.998,109.91,-241.49
-63.201,139.8,-188.37
-68.174,136.36,-137.27
-34.532,123.84,-447.09
-15.09,94.911,-409.1
-37.083,97.29,-201.14
-64.777,138.08,-193.05
-54.68,97.072,-86.913
-37.726,143.9,-197.28
-71.7,110.77,-74.526
-43.225,77.264,-422.55
-74.26,123.27,-34.519
-68.027,109.73,-295.49
-12.469,96.952,-438.21
-63.894,99.32,-336.08
-69.453,105.96,-50.786
-37.973,144.22,-105.87
-73.834,125.97,-24.986
-32.788,125.59,-428.75
-19.211,119.75,-287.63
-61.942,102.36,-443.1
-69.665,109.82,-162.6
-34.78,100.11,-35.714
-68.649,131.58,-208.78
-24.036,95.256,-325.35
-15.633,112.24,-380.79
-42.601,142.2,-264.52
-53.337,145.97,-143.32
-35.657,140.59,-264.43
-70.94,115.66,-210.86
-24.67,130.98,-145.54
-23.896,123.22,-84.569
-45.417,95.166,-13.002
-65.462,104.05,-174.87
-56.371,145.11,-81.996
-39.305,83.176,-365.9
-63.249,127.05,-319.91
-45.74,89.457,-302.44
-39.407,95.191,-227.55
-73.84,120.83,-83.385
-65.804,136.12,-206.29
-53.182,118.3,-445.08
-16.507,112.09,-348.01
-73.443,127.52,-8.7637
-56.823,144.87,-73.921
-51.441,144.77,-16.328
-18.079,85.814,-427.01
-60.445,139.77,-226.74
-72.009,129.63,-117.79
-33.587,84.816,-360.32
-22.866,125.79,-163.27
-68.394,136.87,-82.238
-21.369,122.91,-215.92
-48.174,121.68,-444.44
-63.161,101.79,-142.88
-30.264,104.25,-124.11
-49.225,145.16,-29.176
-31.608,126.95,-413.01
-57.279,130.53,-340.6
-64.925,131.75,-266.79
-58.2,142.36,-206.01
-25.265,132.42,-148.37
-40.287,145.21,-110.15
-27.799,107.86,-78.648
-54.159,88.661,-346.55
-66.604,108.95,-343.27
-32.814,130.63,-379.95
-74.135,122.62,-54.931
-48.151,140.31,-286.98
-43.357,132.89,-367.91
-51.617,146.18,-152.89
-21.112,117.86,-220.73
-31.014,103.74,-102.85
-69.956,131.77,-171.76
-61.149,132.68,-296.64
-50.54,96.605,-101.09
-23.19,88.947,-374.19
-62.498,141.38,-22.172
-33.252,100.85,-6.1778
-62.949,125.83,-330.66
-24.708,129.93,-326.51
-50.399,126.13,-404.75
-47.497,89.091,-310.03
-38.007,121.87,-464.58
-16.775,101.23,-363.6
-13.501,106,-419.14
-50.516,145.37,-38.688
-62.613,106.39,-423.24
-24.333,121.51,-45.349
-65.273,136.61,-208.36
-43.101,95.835,-19.779
-40.511,72.885,-458.37
-69.021,135.79,-109.71
-21.869,90.725,-371.38
-36.872,99.155,-141.72
-61.365,108.8,-431.29
-25.1,129.76,-94.686
-71.281,108.83,-50.067
-22.967,125.9,-158.79
-73.775,121.95,-87.879
-62.549,142.22,-89.018
-20.114,96.337,-351.39
-69.547,135.23,-45.748
-57.597,96.421,-251.29
-21.114,121.96,-222.37
-25.044,115.03,-28.823
-28.63,103.25,-197.15
-22.655,76.201,-461.06
-26.178,126.51,-391.8
-17.056,98.469,-371.72
-37.945,95.438,-230.81
-69.794,107,-65.165
-25.107,105.65,-224.62
-59.843,98.348,-61.527
-60.185,98.847,-74.947
-58.021,98.588,-118.37
-51.17,85.571,-365.04
-15.584,112.66,-391.45
-61.831,105.02,-438.29
-30.747,99.211,-230.48
-39.461,97.618,-44.969
-47.03,142.45,-260.67
-37.651,142.3,-244.5
-52.343,96.99,-126.54
-53.017,145.38,-50.199
-71.644,131.62,-78.08
-24.328,116.88,-75.134
-71.221,132.53,-73.999
-29.619,98.726,-247.94
-50.804,144.9,-19.98
-42.986,146.06,-149.78
-58.1,143.87,-167.87
-17.475,85.598,-432.66
-18.618,111.38,-299.3
-62.247,95.268,-377.89
-65.129,103.02,-365.35
-66.291,104.47,-130.27
-69.711,127.79,-221.09
-68.153,127.88,-251.56
-22.857,129.46,-256.06
-65.837,126.18,-297.04
-36.521,143.31,-201.91
-31.566,98.97,-225.39
-69.738,135.01,-52.282
-46.274,145.56,-53.109
-54.872,83.066,-425.26
-23.729,118.07,-107.98
-26.409,110.08,-96.779
-24.598,125.55,-58.718
-25.439,129.41,-70.056
-62.149,141.86,-37.275
-24.382,99.093,-293.56
-57.803,144.76,-111.35
-59.752,98.797,-82.247
-69.566,110.8,-208.84
-68.724,115.94,-291.68
-66.125,130.06,-265.69
-57.178,98.153,-109.08
-19.888,121.98,-369.06
-25.366,112.3,-100.18
-21.666,117.63,-203.38
-37.116,142.42,-237.33
-74.606,118.7,-16.842
-35.676,99.495,-155.85
-21.647,97.239,-331.94
-34.151,126.01,-427.12
-24.323,127.83,-355.51
-27.227,135.89,-154.63
-65.34,123.81,-317.39
-27.31,106.67,-160.84
-51.713,96.636,-169.21
-67.193,106.46,-278.24
-23.146,117.48,-146.35
-68.481,112.74,-295.62
-56.908,97.074,-223.29
-43.984,146.06,-99.772
-51.168,96.781,-115.86
-26.032,125.19,-406.04
-13.642,105.32,-412
-26.375,130.99,-55.071
-59.004,99.184,-140.23
-41.88,144.6,-51.916
-56.876,86.771,-400.51
-71.822,116.76,-175.6
-23.465,130.17,-281.48
-45.883,95.187,-17.06
-40.534,121.51,-464.91
-30.836,139.19,-233.77
-25.418,113.05,-59.06
-19.778,117.53,-441.23
-54.093,136.7,-305.29
-71.247,129.48,-158.5
-50.784,90.482,-302.61
-68.357,103.12,-11.829
-54.555,118.67,-435.01
-45.088,85.667,-344.29
-59.967,89.243,-452.35
-72.752,123.08,-147.45
-58.451,144.14,-148.75
-36.753,127.56,-415.82
-72.014,130.98,-58.209
-48.426,146.36,-161.77
-18.213,119.19,-367.07
-35.591,100.13,-83.357
-32.371,102.53,-87.772
-49.599,133.1,-353.89
-34.346,125.01,-436.4
-71.265,112.42,-135.84
-67.558,132.19,-223.92
-25.799,127.77,-22.486
-47.547,146.6,-117.83
-60.297,99.237,-216.12
-30.886,136.95,-31.109
-36.794,97.96,-187.8
-62.178,104.2,-435.35
-12.374,100.38,-436.68
-67.862,107.17,-186.13
-29.271,86.526,-360.74
-63.993,102.07,-232.56
-68.534,118.66,-291.11
-63.787,140.96,-47.348
-35.668,99.945,-67.098
-49.899,127.85,-394
-17.689,115.71,-432.93
-52.341,96.998,-136.48
-51.882,95.522,-216.16
-17.454,94.606,-385.66
-62.569,111.35,-407.29
-68.659,136.54,-75.085
-40.896,143.7,-31.188
-65.516,139.02,-153.14
-64.154,111.66,-385.73
-62.771,103.28,-427.34
-21.342,126.3,-302.97
-50.701,93.677,-251.9
-59.815,93.195,-346.97
-15.739,108.9,-363.7
-32.434,98.008,-231.09
-33.042,140.97,-95.518
-22.789,106.28,-255.53
-38.864,79.629,-397.39
-36.108,129.62,-396.67
-62.703,141.12,-165.5
-68.735,107.99,-152.59
-23.838,130.82,-201.92
-25.893,99.1,-279.19
-36.571,141.46,-25.445
-48.243,146.48,-98.596
-38.804,128.44,-408.71
-22.703,123.7,-394.05
-68.878,110.17,-248.25
-27.5,108.27,-14.186
-37.724,139.56,-291.7
-56.851,145.12,-112.95
-23.178,108.38,-231.41
-11.396,96.707,-457.93
-65.545,101.07,-30.631
-26.078,134.16,-156.93
-13.271,99.943,-419.37
-41.924,145.86,-142.1
-13.45,105.42,-418.02
-49.803,95.463,-39.602
-62.277,105.21,-431.32
-38.628,96.203,-212.44
-53.811,145.64,-72.516
-62.314,125.04,-341.42
-21.855,119.81,-190.79
-33.522,133.43,-352.52
-69.299,107.89,-113.69
-19.252,119.09,-408.66
-59.469,97.805,-47.721
-49.209,86.404,-346.75
-57.187,121.22,-403.35
-21.808,124.51,-367.95
-29.013,134.05,-316.35
-28.939,102.87,-198.25
-25.012,123.35,-7.2882
-74.454,117.84,-24.284
-27.444,108.5,-63.346
-63.456,98.098,-355.58
-64.506,102.48,-242.2
-63.531,99.646,-303.58
-16.595,90.622,-413.4
-50.066,142.5,-253.44
-59.136,74.399,-452.44
-40.512,117.69,-461.97
-46.465,127.92,-389.69
-76.744,122.76,-403.11
-80.344,112.69,-429.97
-60.41,79.184,-410.98
-74.403,98.26,-105.18
-33.132,107.66,-445.17
-81.586,109.91,-428.37
-91.57,117.28,-183.17
-73.328,95.908,-242.52
-89.44,111.03,-187.82
-91.132,113.6,-146.75
-65.958,141.88,-283.71
-42.358,120.72,-169.5
-85.519,132.46,-261.97
-70.343,144.37,-239.18
-65.423,147.42,-115.03
-88.805,122.43,-276.03
-92.986,122.04,-136.02
-87.953,110.92,-299.82
-75.972,92.886,-317.6
-72.512,82.325,-423.7
-46.166,129.35,-12.989
-84.049,100.76,-378.53
-53.281,102.68,-73.7
-68.993,84.988,-373.11
-42.043,126.84,-349.6
-71.378,96.599,-42.59
-78.918,113.32,-440.14
-82.044,95.867,-381.25
-91.832,108.97,-7.6182
-46.073,112.28,-51.665
-80.424,121.77,-382.79
-78.748,145.06,-144.5
-40.387,104.33,-308.07
-46.759,81.022,-418.26
-42.945,118.12,-157.4
-35.986,91.997,-417.35
-68.057,97.576,-144.21
-93.82,121.46,-82.446
-41.519,121.73,-202.82
-54.858,143.36,-209.31
-80.155,144.52,-79.338
-55.564,142.17,-36.584
-84.074,101.98,-392.47
-82.275,132.82,-294.08
-48.834,78.225,-431.91
-58.632,82.433,-382.17
-73.994,91.19,-325.6
-68.729,80.598,-418.3
-74.449,98.338,-111.58
-62.932,146.69,-180.35
-41.64,117.88,-206.71
-67.361,96.691,-46.935
-81.606,97.305,-451.74
-62.677,89.823,-308.82
-88.663,136.16,-150.71
-60.632,98.831,-118.2
-86.394,119.77,-328.21
-91.404,133.17,-35.843
-43.248,125.14,-128.3
-46.998,110.25,-61.486
-33.798,89.601,-449.94
-39.851,108.8,-291.19
-63.296,96.934,-27.466
-54.723,135.61,-344.04
-74.477,141.37,-264.13
-72.439,94.728,-260.5
-42.025,127.36,-215.65
-67.024,120.52,-464.43
-78.491,99.671,-107.86
-42.668,124.19,-155.52
-53.017,142.76,-155.49
-75.118,96.854,-235.92
-89.822,114.13,-240.51
-71.375,93.197,-280.81
-63.35,146.72,-182.18
-70.415,146.36,-195.65
-38.611,118.31,-297.09
-79.881,124.71,-369.71
-43.433,126.66,-129.28
-75.979,122.02,-412.39
-54.632,140.86,-16.358
-83.486,101.59,-410.33
-81.482,116.86,-399.28
-41.941,117.88,-196.89
-73.943,121.08,-429.87
-91.258,125.9,-198.66
-88.604,137.56,-81.487
-89.184,119.69,-276.32
-70.325,83.72,-393.04
-70.902,96.331,-216.2
-82.08,141.48,-193.23
-38.872,106.43,-317.4
-51.246,128.56,-406.52
-39.166,119.04,-280.81
-78.356,127.03,-365.73
-59.082,98.117,-12.236
-86.157,113.28,-351.9
-81.689,101.34,-213.47
-76.59,89.501,-372.79
-52.188,88.269,-344.29
-68.52,96.503,-41.454
-70.623,143.22,-256.06
-84.374,102.15,-295.33
-85.157,102.12,-41.713
-79.53,96.161,-307.02
-43.419,81.185,-430.91
-57.173,134.14,-365.06
-42.644,120.68,-444.94
-64.114,77.916,-428.38
-81.912,100.1,-266.9
-62.312,143.95,-252.05
-69.13,97.458,-94.26
-38.935,119.15,-288.98
-56.536,100.25,-55.761
-57.068,99.533,-31.282
-44.407,115.18,-119.62
-77.108,95.332,-289.03
-68.564,95.717,-9.4302
-45.827,109.13,-175.33
-58.582,133.63,-371.5
-73.914,131.17,-361.17
-90.132,135.2,-27.38
-87.758,138.27,-35.703
-43.954,119.65,-83.849
-70.289,96.033,-221.18
-71.585,147.38,-114.23
-78.54,132.86,-322.8
-38.473,120.87,-362.22
-89.133,136.32,-7.4773
-78.699,144.74,-48.009
-42.492,91.458,-369.09
-83.102,102.86,-162.85
-44.406,125.36,-56.874
-77.677,89.399,-389.43
-54.68,143.54,-195.61
-45.626,113.8,-18.452
-51.955,135.67,-331.12
-87.396,120.53,-309.36
-63.597,147.09,-109.64
-76.512,146.09,-138.3
-48.797,135.89,-45.498
-45.43,86.933,-382.53
-76.819,145.82,-71.353
-37.98,119.48,-381.08
-65.932,139.41,-312.51
-85.482,113.81,-362.37
-80.039,141.06,-226.77
-92.55,121,-156.76
-86.954,107.03,-284.88
-59.875,145.39,-72.065
-38.857,119.69,-407.89
-81.838,96.491,-353.14
-40.302,114.22,-257.53
-55.823,100.2,-26.297
-39.008,122.29,-334.21
-58.708,131.07,-394.92
-56.851,100.35,-125.26
-93.693,126.83,-49.974
-94.368,117.07,-13.697
-91.46,116.7,-182.73
-48.266,80.064,-420.04
-58.08,99.429,-151.55
-79.981,113.43,-429.96
-92.129,114.22,-102.6
-53.59,142.57,-103.23
-85.833,101.64,-10.932
-46.269,86.712,-380.08
-75.852,90.429,-351.81
-72.25,97.486,-184.6
-47.508,83.633,-396.84
-44.427,131.41,-145.49
-50.446,134.83,-332.43
-93.62,120.3,-91.469
-55.345,126.81,-430.72
-55.249,124.66,-449.69
-54.576,143.79,-152.58
-67.22,146.3,-39.035
-68.823,90.904,-303.74
-91.381,109.47,-36.887
-73.524,98.22,-147.38
-48.317,138.3,-150.8
-92.5,130.86,-35.987
-43.241,93.051,-353.56
-43.889,132.03,-203.92
-54.55,124.23,-452.97
-93.039,119.59,-122.73
-62.64,122.39,-462.6
-90.828,117.7,-222.37
-84.116,112.45,-386.99
-61.285,86.656,-342.36
-90.532,112.44,-154.65
-82.899,109.86,-411.98
-93.229,126.92,-96.869
-85.125,104.74,-185.37
-72.387,144.76,-223.6
-89.144,136.63,-35.447
-89.441,105.49,-13.234
-88.047,112.84,-306.6
-75.644,98.178,-79.138
-71.331,78.761,-456.39
-80.162,134.23,-300.07
-79.661,127.51,-353.54
-65.748,133.38,-369.45
-33.095,106.36,-429.47
-64.529,96.906,-189.21
-62.464,146.24,-72.131
-88.178,129.34,-247.58
-83.845,112.62,-390.18
-63.108,97.578,-170.71
-42.649,121.9,-153.82
-90.461,112.5,-161.01
-40.867,123.35,-233.8
-71.681,126.96,-401.29
-33.243,108.11,-452.18
-35.044,108.88,-379.5
-45.154,114.45,-75.184
-42.031,128.81,-287.28
-74.99,128.19,-377.46
-43.896,124.1,-82.37
-87.352,107.57,-204.79
-48.685,132.26,-353.08
-82.254,126.76,-337.6
-45.371,114.11,-58.706
-49.14,106.01,-142.75
-57.904,143.82,-234.87
-76.977,97.485,-242.02
-53.522,137.53,-315.32
-58.227,144.89,-81.148
-44.164,124.86,-68.857
-41.287,126.97,-258.93
-51.924,140.94,-235.27
-81.619,100.59,-452.86
-49.01,107.03,-54.647
-83.268,104.61,-417.67
-34.736,108.89,-387.58
-89.821,108.39,-74.039
-87.201,130.75,-252.62
-49.558,137.39,-58.321
-86.502,110.63,-346.5
-44.049,127.7,-104.51
-92.184,123.8,-173.51
-63.059,146.18,-62.316
-34.235,90.572,-441.11
-80.336,142.63,-194.99
-83.822,100.99,-394.97
-73.371,86.042,-386.26
-92.733,113.73,-61.148
-92.216,124.27,-170.68
-65.095,124.58,-440.1
-57.129,125.09,-446.44
-64.334,77.778,-430.28
-81.372,115.38,-407.39
-91.867,121.56,-189.35
-86.721,133.14,-238.55
-74.428,140.89,-270.27
-85.997,105.68,-213.56
-77.292,128.46,-362.76
-67.745,97.525,-150.04
-83.899,107.35,-402.71
-93.431,124.35,-105.79
-53.733,79.967,-407.82
-55.083,126.24,-435.58
-57.815,130.44,-400.22
-63.459,147.14,-151.84
-94.034,114.91,-8.5921
-42.383,123.74,-168.23
-86.646,106.52,-230.2
-46.003,112.6,-25.834
-34.582,89.827,-441.03
-44.463,132.57,-281.9
-31.438,101.39,-460.67
-79.153,144.63,-156.39
-39.829,113.26,-271.51
-84.723,102.12,-353.35
-92.555,118.24,-138.93
-33.097,107.37,-440.97
-44.327,126.39,-72.529
-75.428,97.875,-67.452
-50.329,105.44,-64.238
-74.819,82.056,-453.99
-81.108,99.416,-41.245
-71.168,97.612,-97.049
-84.554,131.05,-285.11
-46.896,133.6,-66.028
-89.925,107.5,-46.796
-46.104,104.5,-233.37
-88.437,110.16,-253.07
-93.827,119.45,-72.148
-45.293,115.17,-12.282
-45.609,130.71,-65.974
-85.541,102.73,-50.599
-73.528,92.19,-308.25
-80.287,119.29,-397.59
-72.296,97.951,-149.47
-81.773,101.83,-146.24
-44.848,129.37,-82.736
-61.23,145.8,-68.756
-70.147,92.811,-281.46
-77.551,97.636,-33.075
-45.093,110.4,-175.75
-55.994,90.801,-309
-80.62,136.59,-274.88
-41.177,126.47,-254.14
-34.769,101.89,-392.93
-42.29,129.38,-256.57
-52.392,126.05,-433.49
-89.435,136.19,-29.498
-68.628,76.927,-457.31
-50.994,102.77,-182.66
-41.834,113.93,-223.75
-65.553,145.86,-29.928
-88.778,137.27,-94.399
-54.082,143.09,-112.51
-45.164,127.83,-40.894
-42.278,129.05,-297.96
-50.306,105.41,-54.976
-91.137,126.08,-201.46
-41.375,124.72,-220.05
-44.841,111.66,-163.53
-69.602,147.55,-112.1
-93.367,127.67,-68.693
-52.56,133.82,-356.21
-57.189,91.241,-301.09
-41.188,126.53,-328.37
-89.075,136.84,-48.398
-47.969,99.938,-261.34
-88.657,106.96,-79.706
-92.352,123.93,-165.84
-61.138,138.76,-321.15
-69.458,97.669,-133.64
-44.59,119.73,-21.475
-84.762,104.34,-167.14
-89.509,114.6,-260.26
-69.749,95.052,-241.31
-94.077,123.8,-56.661
-45.108,129.67,-354.16
-93.259,123.11,-120.37
-55.638,141.31,-8.5387
-88.963,112.74,-269.37
-44.531,133.05,-266.55
-90.932,117.7,-217.82
-64.381,93.903,-254.6
-31.892,102.67,-451.51
-36.817,115.75,-428.76
-61.035,97.84,-177.57
-72.177,79.491,-455.46
-79.536,144.81,-77.193
57.341,125.06,-349.53
50.172,81.003,-314.19
37.347,101.01,-198.69
49.005,134.12,-158.79
39.4,72.508,-461.84
79.808,92.176,-239.67
43.428,111.78,-421.62
42.432,91.356,-254.3
39.055,129.62,-58.735
31.979,110.78,-83.546
65.022,135.51,-97.423
56.85,119.84,-400.25
75.935,82.126,-328.69
40.78,92.434,-271.43
40.126,73.971,-443.89
62.434,75.177,-350.25
55.203,78.095,-326.19
76.258,92.462,-167.84
46.062,133.84,-100.8
36.458,99.318,-114.55
58.314,135.77,-46.108
40.519,130.09,-94.116
39.326,113.81,-340.89
77.232,113.95,-393.04
46.165,69.463,-438.36
61.398,135.63,-60.841
76.207,75.771,-401.68
75.81,71.707,-441.33
80.535,107.92,-53.417
42.581,82.191,-357.39
85.281,108.58,-324.68
78.425,111.3,-2.5971
69.041,90.247,-23.751
31.605,113.11,-73.263
49.378,87.46,-72.279
59.678,86.064,-178.19
69.463,131.7,-47.785
40.611,87.29,-333.06
47.527,89.419,-178.86
82.013,100.24,-443.99
85.144,94.227,-368.55
62.744,70.644,-394.79
34.211,114.73,-140.9
51.627,135.34,-151.2
81.346,120.91,-112.32
44.529,89.681,-245.96
69.931,133.79,-192.29
84.89,108.9,-333.43
79.05,126.81,-146.43
71.696,129.56,-40.012
52.51,122.82,-360.96
35.734,89.349,-397.78
38.287,124.15,-166.39
71.61,116.86,-402.45
80.356,113.44,-369.04
34.707,94.731,-19.147
70.969,128.01,-296.4
32.773,121.06,-53.365
36.257,105.81,-263.18
80.949,112.52,-59.119
35.692,98.81,-88.555
39.634,93.257,-77.773
36.48,103.93,-215.12
44.019,91.667,-140.6
71.594,132.56,-104.85
35.102,94.691,-394.42
55.556,85.419,-16.987
52.214,65.097,-452.78
63.415,70.964,-392.53
73.903,90.369,-175
73.603,70.935,-431.24
38.893,112.99,-341.62
85.408,96.04,-356.19
59.993,136.63,-141.67
39.322,93.801,-82.55
76.755,96.585,-75.088
81.779,97.017,-204.36
33.83,123.49,-48.382
81.006,112.63,-60.558
53.71,72.571,-383.73
34.332,105.76,-127.92
36.601,100.49,-450.78
49.539,125.91,-311.9
36.779,110.1,-299.83
46.078,88.67,-71.306
46.42,114.61,-414.94
35.079,96.861,-397.44
42.895,132.69,-18.414
75.198,123.89,-18.307
74.887,89.973,-200.13
65.86,88.188,-82.345
73.662,86.684,-246.94
57.182,86.452,-74.231
84.685,95.71,-410.63
80.623,99.098,-139.76
35.849,97.392,-72.999
44.719,133.54,-53.385
56.175,79.845,-303.84
86.088,102.68,-295.63
77.938,97.464,-92.267
78.64,95.698,-150.03
47.598,88.693,-95.617
36.507,92.234,-362.8
60.608,136.35,-88.796
48.823,118.85,-385.67
85.218,94.798,-374.45
68.304,89.924,-4.504
77.203,100.57,-19.448
32.647,117.95,-79.405
63.62,121.03,-388.69
42.281,90.02,-278.45
85.399,104.74,-347.29
78.325,91.343,-227.9
31.164,110.98,-64.122
52.296,76.5,-351.32
61.817,85.264,-205.7
79.504,77.577,-420.59
32.127,105.49,-70.279
67.181,88.625,-96.321
34.966,96.942,-414.42
38.725,111.02,-363.87
61.619,132.63,-259.31
57.802,133.07,-248.33
81.789,101.28,-440.37
35.15,117.09,-157.59
36.266,98.443,-96.484
58.278,122.69,-374.41
49.669,133.03,-199.26
69.852,69.651,-422.81
38.082,98.387,-151.09
71.275,73.681,-389.44
54.679,65.641,-442.91
37.88,94.06,-61.086
82.016,114.95,-89.653
53.438,135.81,-153.14
82.228,110.7,-89.705
65.333,135.5,-102.26
61.682,132.83,-255.97
69.547,128.25,-300.28
83.27,120.29,-236.74
79.184,122.48,-77.234
84.456,105.75,-177.24
49.487,88.12,-103.33
80.487,102.81,-85.329
42.915,69.876,-454.2
72.582,81.156,-315.24
39.019,120.89,-235.17
74.731,130.84,-127.92
49.086,68.213,-435.82
34.52,112.16,-157.56
54.934,125.32,-342.02
50.081,135.5,-102.08
82.782,81.341,-455.89
37.546,100.22,-240.76
81.044,120.56,-100.85
35.565,86.584,-416.81
41.775,120.23,-303.27
46.505,71.833,-417.16
40.813,91.994,-72.974
67.475,133.8,-70.512
41.11,115.99,-346.61
41.298,92.833,-252.48
39.965,96.207,-183.34
83.347,117.48,-285
36.244,106.02,-259.54
82.582,109.2,-374.59
36.85,84.751,-405.13
60.655,64.255,-452.25
64.104,135.75,-95.927
66.898,74.32,-366.37
63.469,125.24,-348.55
41.833,92.592,-107.92
68.188,132.57,-49.077
72.545,126.96,-13.294
82.738,83.681,-414.36
79.558,110.24,-26.89
44.232,133.22,-65.789
65.751,78.148,-322.81
58.142,79.921,-298.95
79.204,110.18,-405.92
84.606,116.34,-185.22
51.457,87.836,-148.21
37.007,92.44,-349.94
70.431,87.687,-195.03
78.177,122.64,-58.524
81.187,100.79,-130.16
82.315,97.894,-454.48
80.589,76.409,-454.83
64.595,135.8,-107.63
82.406,121.93,-167.17
44.764,133.38,-80.386
85.219,114.86,-210.27
33.377,124.67,-9.9868
41.166,87.681,-321.98
37.32,110.93,-318.48
83.204,120.76,-188.23
34.785,95.829,-422.73
43.933,83.562,-332.41
37.755,98.065,-273.98
74.738,78.473,-360.46
83.735,85.645,-443.4
36.35,104.59,-267.18
66.598,80.164,-300.86
61.943,136.22,-166.8
37.502,75.917,-456.73
85.189,96.08,-326.16
58.824,135.51,-38.659
73.911,108.41,-459.9
62.368,129.45,-303.03
36.552,103.79,-225.93
34.878,115.23,-160.4
71.147,132.97,-109.25
39.204,125.34,-170.58
75.672,109.45,-439.93
81.183,116.02,-73.953
83.36,96.899,-440.85
49.984,120.36,-376
36.107,99.57,-330.76
37.09,110.96,-306.01
49.68,132.15,-218.67
80.385,102.25,-88.573
67.636,135.03,-126.32
81.17,100.1,-457.06
74.977,95.318,-48.603
81.256,114.43,-350.49
84.683,105.34,-188.65
84.217,101.19,-398.9
79.004,118.85,-335.48
79.628,98.202,-127.19
73.033,74.173,-394.31
72.21,67.588,-456.16
83.668,113.36,-130.71
30.662,104.81,-36.207
79.652,100.08,-96.213
80.266,110.1,-396.02
77.193,96.61,-88.263
65.306,135.22,-191.8
35.066,87.778,-421.72
68.537,132.89,-233.88
35.796,104.64,-173.41
61.954,86.777,-144.99
34.151,96.611,-32.924
35.089,81.35,-456.47
36.233,106.07,-295.72
55.953,131.45,-269.09
38.848,96.623,-133.03
82.094,123.04,-202.32
85.291,95.881,-338.61
33.729,102.83,-87.919
60.599,86.806,-129.31
44.842,69.541,-444.87
35.41,99.444,-383.31
84.817,98.832,-267.17
39.094,83.883,-380.44
75.444,127.46,-270.24
84.285,105.58,-172.66
72.219,131.52,-87.509
45.129,130.29,-197.82
76.044,84.274,-303.31
59.995,85.82,-187.53
59.882,135.15,-208.46
70.755,130.48,-263.24
84.131,93.81,-313.12
35.887,99.238,-445.28
70.173,70.695,-413.98
60.796,135.47,-199.7
67.462,130.02,-285.87
78.966,127.31,-166.24
52.939,84.285,-254.3
36.279,107.53,-281.87
31.31,116.79,-52.159
37.256,99.229,-279.15
29.469,103.15,-4.1642
61.592,127.87,-321.88
67.132,88.294,-123.4
85.236,97.226,-383.28
70.201,130.23,-30
40.773,74.539,-433.91
33.883,96.275,-24.561
52.121,87.134,-189.88
32.085,108.2,-80.969
80.681,77.742,-439.78
85.641,105.3,-229.57
78.784,104.49,-452.62
61.799,69.42,-405.42
36.014,106.71,-220.87
48.034,70.794,-418.51
59.493,69.175,-407.03
62.29,136.37,-112.31
43.839,132,-124.32
40.994,94.831,-170.3
46.405,90.145,-148.46
71.805,92.533,-24.936
50.632,87.852,-110.14
37.734,92.06,-337.38
37.481,95.807,-310.13
57.992,81.911,-272.62
44.141,123.2,-297.62
55.162,124.38,-352.59
69.061,134.35,-180.55
83.536,104.98,-153.13
72.692,92.067,-84.904
38.133,93.619,-58.146
86.048,109.34,-277.41
77.561,120.86,-30.961
75.259,87.226,-254.35
39.953,123.2,-224.15
41.098,118.92,-309.15
44.421,109.47,-453.93
68.848,82.148,-282.88
76.657,129.12,-130.62
53.774,86.235,-55.455
65.042,125.18,-346.91
73.608,94.685,-18.13
33.739,102.48,-85.067
82.376,100.44,-169.21
35.307,95.187,-384.15
48.643,134.84,-26.446
85.483,96.852,-338.45
72.256,127.67,-18.918
80.803,97.315,-174.71
53.86,87.016,-102.93
79.89,123.18,-101.39
43.243,121.41,-309.4
67.569,64.984,-459.36
83.594,85.345,-430.4
60.576,78.018,-319.35
44.911,89.562,-80.547
78.101,81.194,-360.99
68.994,75.9,-356.74
83.492,111.79,-123.79
66.013,135.34,-178.46
44.59,132.56,-122.64
35.074,126.51,-19.427
42.285,119.05,-326.21
51.562,74.213,-375.22
62.035,80.069,-294.85
63.356,83.984,-236.59
41.925,89.269,-293.86
55.668,64.584,-450.9
55.984,86.092,-191.4
35.689,117.41,-172.76
68.824,131.98,-249.83
72.448,122.11,-352
80.221,125.82,-177.04
48.163,134.83,-39.536
33.942,121.34,-82.759
49.227,86.506,-38.043
78.92,89.925,-259.62
36.828,125.06,-109.82
37.128,98.827,-7.7415
28.822,99.887,-309.4
24.172,137.16,-190.73
35.706,83.713,-415.8
69.961,109.6,-299.57
65.385,128.4,-44.926
36.589,139.03,-327.81
69.549,129.61,-281.34
33.467,143.2,-249.76
29.936,145.49,-147.48
64.574,121.9,-22.153
21.667,105.81,-9.1457
43.051,91.557,-323.23
49.351,101,-120.54
23.785,111.92,-233.29
17.252,125.23,-82.572
33.126,102.05,-217.77
49.094,145.64,-267.22
40.047,129.55,-434.12
34.617,133.93,-373.39
58.795,144.41,-232.58
54.739,90.646,-346.72
63.827,133.72,-329.04
56.326,104.32,-90.734
34.047,100.72,-54.026
53.568,148.36,-124.01
21.213,123.97,-222.43
28.214,106.37,-198.06
66.331,94.248,-410.11
29.644,96.619,-335.16
17.317,114.94,-40.221
27.14,104.01,-55.349
57.188,144.24,-62.316
18.825,117.07,-87.951
65.184,107.29,-215.99
42.104,100.29,-151.03
25.888,107.57,-251.42
31.708,126.49,-432.63
21.785,117.93,-252.17
65.5,122.04,-43.433
22.344,114.18,-460.42
56.267,89.958,-360.71
47.141,97.834,-230.37
35.908,87.224,-384.76
45.278,130.55,-428.92
69.76,110.59,-278.21
20.724,115.7,-123.49
23.201,113,-242.04
63.009,100.88,-281.32
51.305,147.1,-235.67
44.415,81.308,-421.08
60.348,86.869,-418.34
50.57,78.721,-451.57
44.619,147.16,-242.95
45.376,137.7,-362.15
46.208,100.28,-58.287
65.331,136.71,-103.32
24.353,103.47,-7.6115
29.975,146.71,-96.007
24.924,130.95,-299.71
67.495,130,-99.45
70.031,128.52,-279.72
19.583,124,-147.52
32.828,133.22,-370.5
37.774,146.29,-231.85
56.574,98.915,-249.72
58.736,100.62,-239.39
45.267,149.49,-186.08
38.192,149.57,-135.1
62.333,121.28,-444.78
57.864,86.263,-407.2
38.239,100.26,-199.46
43.051,149.23,-190.8
22.253,110.33,-85.437
67.607,136.35,-194.65
17.755,131.64,-72.939
25.251,90.947,-421.28
22.997,142.49,-32.711
24.475,130.57,-293.83
61.785,86.416,-436.23
21.793,120.31,-334.59
15.898,126.29,-49.281
65.728,135.89,-103.26
24.856,144.19,-23.121
64.414,121.32,-426.38
68.148,106.8,-285.29
27.456,122.4,-441.5
20.528,130.44,-160.99
38.394,99.389,-33.993
36.237,146.89,-206.7
49.499,91.488,-323.55
67.993,99.624,-378.54
64.169,138.81,-261.96
55.857,147.46,-140.81
68.454,133.12,-261.82
24.299,136.18,-209.13
68.237,117.57,-143.06
62.585,110.56,-82.255
26.598,102.22,-11.493
20.294,123.43,-173.33
51.713,148.18,-79.553
30.88,92.426,-364.49
39.76,140.99,-317.84
28.671,100.78,-300.97
35.657,100.39,-225.92
22.76,140.81,-81.611
41.28,148.51,-204.09
44.445,129,-443.06
66.551,99.764,-345.78
25.82,144.98,-6.8674
51.044,148.2,-71.489
53.913,144.13,-13.861
50.101,81.383,-425.32
48.156,148.06,-224.41
30.526,146.7,-115.81
36.199,89.956,-358.81
66.657,112.61,-160.87
37.213,149.59,-80.082
67.04,109.93,-213.55
50.441,128.36,-442.3
19.946,119.92,-141.37
46.337,100.48,-122.23
56.127,143.12,-26.675
65.869,121.46,-410.62
46.998,140.02,-338.4
40.401,145.17,-264.65
51.11,148.41,-203.61
68.763,119.08,-145.87
64.68,138.18,-107.54
49.607,101.24,-76.689
22.622,105.99,-345.17
26.053,129.5,-341.6
66.626,124.75,-377.49
23.096,142.1,-53.131
59.17,141.15,-284.5
59.75,133.14,-365.52
57.509,146.61,-150.36
64.093,105.94,-218.46
44.999,100.38,-101
34.594,147.53,-169.7
44.505,143.74,-294.44
25.419,107.44,-99.582
47.105,86.57,-372.49
43.383,148.69,-19.881
39.425,98.691,-4.4349
39.429,139.96,-328.62
71.279,118.5,-324
50.771,132.83,-402.55
27.247,101.7,-308.59
58.768,122.17,-462.33
59.693,91.763,-361.59
66.415,93.836,-416.99
55.468,144.2,-36.193
29.118,125.73,-421.56
60.343,109.16,-43.085
42.044,148.57,-206.15
28.942,101.31,-18.232
25.258,86.185,-457.15
36.606,149.42,-107.57
49.201,87.057,-369.64
38.369,101,-140.01
31.786,126.84,-429.55
66.072,116.44,-92.248
16.327,129.66,-48.522
66.554,112.71,-156.39
23.626,141.67,-86.08
45.268,150,-86.693
53.737,90.041,-349.52
34.523,148.73,-43.646
23.002,113.25,-249.82
66.758,109.1,-220.02
55.29,104.49,-26.703
48.458,99.355,-195.27
41.125,77.278,-459.6
69.305,117.43,-389.37
57.869,89.9,-369.77
37.003,99.676,-229.16
16.597,127.44,-63.639
53.271,99.193,-222.64
18.592,114.38,-60.082
18.928,115.11,-73.491
21.319,113.93,-116.89
23.31,101.88,-363.7
68.52,100.01,-389.19
29.15,124.32,-436.63
44.934,97.938,-228.69
33.397,100.57,-43.343
60.857,141.81,-258.14
67.608,135.52,-241.89
24.811,109.14,-125.04
53.794,145.92,-47.726
31.263,147.61,-76.064
57.985,105.89,-72.957
32.089,148,-71.961
45.848,97.006,-246.14
54.559,143.85,-17.503
63.982,140.94,-147.17
51.366,149.14,-165.45
50.542,80.882,-430.97
63.465,100.11,-297.12
21.317,116.54,-376.45
23.83,124.22,-363.78
19.005,123.86,-128.74
33.244,144.78,-219.1
35.127,144.14,-249.54
70.938,116.29,-253.57
36.747,141.77,-295.03
68.242,135.16,-199.28
44.047,98.232,-223.61
34.365,148.74,-50.184
59.136,141.75,-50.565
20.11,102.9,-423.98
59.892,106.73,-105.77
52.472,102.22,-94.756
63.009,112.55,-56.37
65.078,116.16,-67.635
44.274,148.98,-34.966
51.04,94.351,-291.69
50.995,149.1,-108.92
19.379,114.86,-80.786
22.187,131.56,-207.2
27.847,135.73,-289.9
38.369,144.63,-263.61
21.492,112.97,-107.6
70.745,109.71,-366.66
54.767,103.28,-98.102
63.165,105.96,-201.12
67.952,135.2,-234.71
19.429,139.04,-15.136
39.796,100.62,-154.12
52.739,91.535,-330.08
63.607,122.51,-424.77
70.827,116.92,-353.04
69.621,123.06,-152.07
36.028,139.83,-315.42
50.917,100.79,-158.88
25.949,108.86,-167.69
22.654,127.36,-276.64
60.749,106.26,-144.13
26.059,133.16,-293.91
23.369,113.04,-221.8
62.182,141.11,-97.183
25.356,108.12,-114.35
68.865,116.46,-403.62
65.72,93.336,-409.86
65.069,117.83,-52.63
21.401,115.23,-138.74
61.864,138.19,-49.349
20.442,106.8,-399.19
23.599,137.26,-173.87
71.456,117.46,-278.97
26.338,102.57,-15.554
56.61,123.52,-462.69
70.613,128.66,-231.16
54.361,103.51,-56.977
69.466,106.91,-438.9
52.675,142.37,-302.94
31.855,146.47,-156.5
25.468,104.8,-301.17
14.104,123.04,-10.382
43.426,130.07,-433
27.602,97.846,-342.89
20.735,111.16,-450.99
26.368,142.44,-145.6
50.874,149.39,-146.33
62.375,125.26,-413.45
30.157,147.17,-56.215
60.253,144.78,-159.2
70.196,106.48,-364.71
38.77,100.37,-81.632
42.868,100.18,-85.965
54.808,137.18,-351.55
63.007,121.95,-434.06
20.419,133.21,-134.2
37.779,146.8,-221.82
62.765,114.68,-20.114
60.17,143.98,-115.26
22.014,116.81,-214.62
64.943,125.07,-28.596
38.615,100.46,-186.11
28.298,123.89,-433.71
64.028,88.969,-434.63
20.69,127.46,-184.55
40.613,88.496,-359.16
21.345,121.51,-231.04
29.732,137.69,-289.27
42.647,149.43,-45.071
38.256,100.13,-65.382
52.037,133.72,-391.77
69.722,104.09,-430.62
25.024,109.23,-134.97
26.075,108.56,-214.66
55.371,87.328,-383.79
32.006,129.35,-405.52
36.649,149.44,-72.94
61.613,136.67,-28.635
42.262,150.05,-150.89
30.546,130.4,-383.97
27.084,123.48,-425.73
71.04,113.33,-300.51
26.534,106.72,-250.41
21.209,113.1,-345.56
65.416,96.974,-361.53
42.882,98.106,-229.34
67.207,130.14,-92.928
56.089,98.475,-253.5
29.591,89.721,-396.04
63.798,126.25,-394.26
46.023,149.97,-163.18
19.858,128.34,-151.01
69.942,117.45,-199.42
49.59,95.192,-277.35
63.366,132.12,-22.897
59.161,144.15,-96.04
61.225,127.19,-406.35
70.211,113.07,-391.63
23.127,131,-246.61
48.765,100.76,-12.233
66.771,133.91,-289.14
51.99,148.78,-110.51
56.64,100.11,-229.36
62.858,85.725,-455.94
15.331,119.84,-29.194
69.437,121.02,-154.39
62.702,89.047,-417.35
64.504,140.03,-139.49
66.055,93.346,-415.89
23.978,105.52,-38.123
28.784,124.68,-429.66
36.59,100.53,-210.79
53.819,146.85,-70.039
39.633,139.05,-339.38
64.158,107.63,-188.5
67.312,127.09,-350.02
18.556,128.26,-112.13
70.196,107.46,-406.3
18.244,113.6,-46.287
24.969,101.08,-345.38
42.389,133.41,-401.32
70.875,112.87,-365.51
70.415,124.32,-313.81
48,99.273,-196.37
60.215,110.65,-5.0028
19.145,138.35,-22.592
49.972,101.36,-61.375
21.747,119.28,-354.1
21.41,122.24,-240.67
21.608,120.03,-302.08
54.045,83.984,-411.59
58.412,143.74,-250.95
11.839,99.257,-451.37
54.114,120.55,-459.84
54.628,131.54,-387.42
28.391,147.16,-401.24
19.717,142.01,-428.34
13.078,103.35,-409.84
8.2835,124.08,-103.87
52.973,107.96,-443.18
16.949,140.67,-426.8
8.9601,150.42,-181.62
10.437,122.88,-241.21
6.6752,144.31,-186.37
6.179,146.98,-145.27
46.467,153.76,-281.38
48.595,121.31,-167.4
24.978,158.91,-260.02
43.781,158.06,-236.84
46.946,156.07,-112.62
16.311,153.47,-274.32
9.9588,154.53,-134.39
10.057,144.32,-298.33
8.0242,122.97,-316.35
6.0865,113.65,-422.61
47.978,128.89,-10.787
8.1557,134.77,-377.19
26.656,113.6,-72.098
9.4466,112.96,-371.95
56.488,127.48,-347.32
8.2389,120.28,-41.299
21.425,141.67,-438.48
6.6032,129.76,-379.99
-0.20781,142.57,-6.2829
37.885,116.11,-49.802
24.514,148.58,-380.98
35.827,163.1,-142.26
42.441,108.78,-306.25
24.868,96.057,-416.95
46.222,119.58,-155.36
40.153,97.535,-415.71
13.514,119.85,-142.84
7.8385,154.12,-80.855
50.573,121.85,-200.68
54.383,147.06,-206.85
33.057,162.98,-77.141
49.504,144.98,-34.205
9.2058,135.85,-391.11
28.36,157.4,-292.08
21.764,95.376,-430.68
15.932,104.43,-380.96
8.6157,120.48,-324.37
7.7641,109.85,-417.21
8.4307,124.23,-110.26
49.734,154.52,-177.92
48.089,119.02,-204.64
11.466,117.81,-45.602
9.3212,131.24,-450.43
16.061,112,-307.51
22.644,162.71,-148.75
19.47,115.79,-116.74
17.528,150.37,-326.52
16.245,161.1,-34
49.894,124.87,-126.12
36.078,115.25,-59.67
40.964,94.6,-448.31
45.375,111.71,-289.27
14.333,115.2,-26.093
52.29,142.3,-341.71
39.204,158.65,-261.89
10.733,121.57,-259.2
54.069,126.61,-213.39
35.669,139.78,-462.5
6.1127,127.81,-106.55
50.292,124.03,-153.36
54.292,144.91,-153.05
9.5373,124.7,-234.61
9.4599,147.42,-238.99
10.984,119.91,-279.52
49.471,154.83,-179.75
44.104,159.22,-193.29
52.555,118.25,-294.96
26.549,150.36,-367.84
50.755,126.17,-127.08
28.69,146.19,-410.53
48.953,143.18,-14.002
9.773,135.34,-408.96
20.889,145.65,-397.58
47.651,119.12,-194.83
30.012,144.33,-428.01
15.056,156.97,-196.92
22.158,163.1,-79.515
14.262,151.61,-274.67
8.0242,113.03,-391.91
12.024,121.4,-214.86
31.981,162.96,-191.09
45.144,109.51,-315.52
51.722,135.25,-404.28
52.26,119.01,-278.68
29.123,151.12,-363.8
18.007,113.25,-10.801
14.028,145.46,-350.33
6.9212,132.14,-212.14
6.5182,121.29,-371.61
23.834,104.4,-342.9
10.344,118.36,-40.137
43.182,157.52,-253.75
7.0759,135.26,-293.99
1.2124,133.36,-40.444
7.1823,127.67,-305.75
27.794,94.155,-429.56
49.907,142.95,-362.78
54.047,124.05,-442.77
9.7857,104.92,-427.3
7.0567,131.84,-265.58
49.933,152.7,-249.64
11.582,119.98,-92.916
52.679,119.03,-286.84
22.225,113.66,-54.246
20.853,113.22,-29.793
42.43,117.91,-117.66
8.1338,125.31,-287.76
9.1426,117.48,-8.138
38.612,114.71,-173.49
48.632,143.52,-369.24
35.09,151.39,-359.11
18.35,161.76,-25.486
22.312,162.66,-33.72
44.911,120.71,-81.805
12.405,120.82,-219.84
42.181,159.99,-111.88
31.838,155.29,-320.76
55.652,120.74,-360.02
19.425,161.79,-5.5548
33.665,161.92,-45.801
33.823,100.85,-367.54
5.7678,133.74,-161.52
47.672,125.11,-54.725
5.9636,122.07,-388.25
54.35,146.95,-193.15
38.521,116.69,-16.561
54.182,140.44,-328.76
16.859,151.42,-307.66
48.022,154.6,-107.22
38.073,162.39,-136.02
50.836,135.9,-43.179
28.945,99.396,-381.1
36.279,161.75,-69.099
55.529,119.53,-378.9
45.493,152.12,-310.22
15.103,145.54,-360.78
33.972,161.64,-224.61
10.051,153.65,-155.15
8.0176,140.56,-283.47
49.002,150.55,-69.653
55.547,120.51,-405.71
6.5805,129.84,-351.87
47.816,115.83,-255.52
22.135,112.89,-24.783
55.575,121.9,-331.99
47.38,141.86,-392.71
23.49,114.6,-123.73
10.71,157.85,-48.28
3.1777,150.46,-12.219
8.6638,149.9,-181.19
23.135,96.309,-418.77
22.5,114.93,-150.04
20.471,142.34,-428.31
4.9021,147.68,-101.14
52.649,144.64,-100.81
-0.25535,133.13,-9.6873
28.109,99.743,-378.66
7.2455,121.33,-350.61
11.078,122.85,-183.26
25.528,98.338,-395.49
53.379,130.6,-143.2
54.828,138.84,-330.08
7.4301,153.18,-89.898
47.959,136.77,-428.55
47.041,135.24,-447.56
53.7,146.67,-150.12
43.274,155.65,-36.685
11.941,116.73,-302.47
1.0604,142.94,-35.53
9.8039,123.88,-146.05
54.929,138.43,-148.4
13.925,160.04,-34.203
33.951,102.4,-351.99
55.395,131.28,-201.59
47.373,134.5,-450.85
8.0654,152.56,-121.16
40.187,138.37,-460.59
10.609,150.63,-220.79
15.785,143.84,-385.41
15.788,108.99,-341.1
6.059,145.78,-153.2
15.569,141.31,-410.43
12.093,158.06,-95.157
5.8868,136.69,-184.01
42.145,159.53,-221.29
20.194,162.3,-33.512
-0.49511,138.42,-11.945
11.364,145.92,-305.07
6.7411,124.57,-77.847
5.3783,110.47,-455.36
31.005,157.17,-298.02
28.183,152.21,-351.61
42.94,147.91,-367.26
51.844,106.8,-427.5
16.717,117.49,-187.81
47.566,152.86,-69.727
20.64,158.09,-245.73
16.17,143.83,-388.59
17.855,116.92,-169.29
48.802,122.25,-151.7
6.2803,145.83,-159.55
52.752,122.96,-231.61
34.928,147.11,-399.29
53.323,108.44,-450.17
50.938,109.51,-377.51
40.474,117.41,-73.261
56.477,128.4,-284.98
32.691,149.95,-375.47
47.78,124.06,-80.235
6.4046,140.47,-203.38
54.957,135.94,-350.75
25.385,153.15,-335.72
39.746,117.13,-56.797
33.396,114.14,-141.02
52.873,149.61,-232.43
8.6448,126.43,-240.72
53.853,142.73,-312.95
50.129,149.19,-78.728
47.783,124.69,-66.712
55.278,126.25,-256.66
55.608,143.56,-232.83
11.444,133.77,-451.48
32.325,114.01,-52.92
12.038,137.59,-416.24
51.344,109.39,-385.59
2.3342,141.46,-72.679
22.395,158.58,-250.73
51.484,137.66,-55.975
11.951,143.6,-344.99
50.435,127.13,-102.3
12.479,155.72,-171.83
46.865,153.1,-59.922
41.07,95.542,-439.47
34.096,162.74,-192.81
8.8131,134.95,-393.62
7.0419,116.7,-385.12
3.263,147.3,-59.71
12.697,156.07,-168.99
39.25,141.42,-438.07
45.81,136.75,-444.32
9.5675,104.98,-429.2
20.19,144.52,-405.71
11.612,153.95,-187.71
24.011,159.98,-236.61
39.058,158.31,-268.04
6.4085,138.24,-212.18
30.799,151.5,-360.79
13.84,119.66,-148.66
13,139.95,-401.23
10.477,156.31,-104.13
18.632,99.632,-406.6
47.892,136.21,-433.42
47.767,140.86,-398.01
49.032,154.94,-149.4
1.9414,148.55,-7.1564
50.485,123.62,-166.07
6.793,139.45,-228.8
37.613,116.08,-23.971
40.325,95.193,-439.42
56.916,132.79,-279.54
50.566,102.22,-458.78
35.484,163.14,-154.16
47.847,114.92,-269.51
7.9925,136.01,-352
7.9067,151.37,-137.38
52.728,107.68,-438.98
48.721,126,-70.354
6.4703,124.09,-66.168
30.494,113.73,-62.553
4.7726,115.22,-452.92
2.5661,128.68,-39.992
10.177,121.43,-95.721
25.288,157.42,-283.18
51.25,133.12,-63.732
1.116,140.58,-45.462
36.626,111.89,-231.62
8.2357,143.61,-251.62
6.3266,152.49,-70.601
39.524,117.46,-10.362
50.379,130.08,-63.724
1.4949,134.15,-49.318
9.2561,120.78,-307
23.33,146.72,-395.83
10.615,122.91,-148.13
5.779,131.94,-144.91
50.446,128.72,-80.503
48.157,151.7,-66.349
11.691,118.83,-280.17
3.9788,124.95,-31.826
39.994,115.21,-173.88
21.814,108.46,-307.61
31.651,159.04,-272.8
54.941,125.75,-251.89
46.937,104.11,-391.09
56.007,128.71,-254.26
49.79,134.32,-431.31
19.565,162.09,-27.576
6.2903,107.34,-456.29
30.719,113.22,-181.01
45.752,116.27,-221.77
44.082,154.16,-27.573
22.104,163.11,-92.431
52.8,145.44,-110.08
48.347,127.34,-38.705
56.661,128.84,-295.65
30.297,113.6,-53.294
15.324,157.06,-199.72
52.96,124.21,-217.84
40.748,115.9,-161.64
43.765,158.83,-109.73
11.889,158.46,-66.974
53.051,139.65,-353.89
21.017,109.49,-299.7
56.505,126.5,-326.1
20.647,162.53,-46.454
32.844,109.85,-259.69
2.4242,139.67,-78.362
12.273,155.85,-164.16
48.929,148.62,-318.82
12.281,120.72,-132.29
43.182,120.59,-19.453
5.532,135.98,-165.78
10.412,147.77,-258.72
12.605,119.91,-239.98
8.6112,155.84,-55.031
56.052,131.66,-351.85
10.111,155.38,-118.73
48.313,144.1,-6.1852
9.8253,146.08,-267.86
56.854,133.06,-264.19
10.436,150.66,-216.25
16.254,115.71,-253.24
50.854,103.41,-449.6
55.006,116.37,-426.64
19.753,115.85,-176.12
5.1796,111.57,-454.42
33.668,162.78,-74.985
131.49,62.264,-346.32
96.968,32.78,-311.95
97.603,55.262,-196.2
126.98,72.765,-155.52
86.314,34.582,-459.84
125.31,21.596,-236.93
113.79,61.701,-418.79
96.45,45.122,-251.95
114.39,74.768,-55.68
97.383,65.112,-80.94
138.87,62.96,-93.982
128.81,59.051,-397.13
117.73,17.222,-326.17
96.23,47.171,-269.07
87.439,35.067,-441.87
103.37,20.776,-348
99.204,27.431,-323.97
121.29,23.42,-165.15
123.34,73.894,-97.577
94.095,53.747,-112.12
132.84,66.989,-42.741
116.55,74.521,-91.028
110.28,65.137,-338.08
140.5,41.378,-389.85
89.055,27.681,-436.37
135.42,65.037,-57.443
115.37,12.865,-399.28
113.27,10.38,-439.01
132.13,31.439,-50.401
92.81,38.974,-355.2
141.8,31.444,-321.54
131.63,34.903,0.45451
111.35,25.006,-21.217
98.384,67.047,-70.616
95.504,35.962,-69.983
104.69,29.269,-175.79
138.8,56.724,-44.391
94.072,43.918,-330.79
97.548,39.654,-176.51
136.41,28.28,-441.02
133.38,20.951,-365.69
101.61,17.522,-392.63
102.82,67.248,-138.18
129.61,71.94,-147.88
142.31,41.424,-109.02
96.808,42.413,-243.62
143.49,59.379,-188.82
141.89,32.03,-330.27
145.04,47.74,-143.01
138.98,53.574,-36.642
126.59,63.756,-357.84
92.996,49.238,-395.5
112.52,72.086,-163.43
138.25,47.307,-399.25
142.06,38.75,-365.83
87.834,50.459,-16.86
142.73,55.265,-293
103.97,72.196,-50.548
101.19,60.25,-260.59
135.52,34.751,-56.003
92.645,53.605,-86.156
91.874,46.715,-75.452
99.154,58.211,-212.57
95.512,43.271,-138.25
142.17,56.548,-101.41
95.875,53.705,-392.03
97.782,29.908,-14.687
91.184,20.585,-450.81
102.29,17.315,-390.35
118.29,23.397,-172.38
110.88,11.11,-428.96
109.44,64.793,-338.83
134.49,22.054,-353.29
136.65,67.467,-138.24
92.084,47.378,-80.22
122.4,25.387,-72.335
129.2,23.706,-201.52
106.24,73.335,-45.506
135.66,34.813,-57.439
95.702,24.7,-381.62
96.879,60.171,-125.38
101.91,57.714,-448.24
125.28,67.568,-308.75
105.1,63.543,-297.14
93.732,38.999,-69.018
117.76,61.887,-412.03
97.313,55.411,-395.01
118.48,74.277,-15.268
137.57,46.778,-15.025
119.31,22.698,-197.5
108.81,26.023,-79.87
117.22,21.406,-244.38
100.88,30.193,-71.878
134.85,22.778,-407.73
128.31,25.436,-136.9
91.532,52.271,-70.631
121.14,74.08,-50.195
100.61,27.937,-301.58
138.03,26.135,-292.61
124.22,25.462,-89.48
124.82,24.202,-147.26
95.414,38.27,-93.307
94.719,50.622,-360.46
135.85,66.36,-85.384
121.73,63.319,-382.66
133.93,21.397,-371.58
110.18,25.051,-1.9894
124.15,27.633,-16.624
102.41,70.139,-76.647
134.52,55.503,-385.49
95.976,44.422,-276.11
139.89,28.641,-344.22
123.4,21.799,-225.2
96.486,65.608,-61.524
96.472,28.314,-349.15
106.38,27.541,-203.29
119.44,12.308,-418.11
93.825,60.841,-67.783
110.39,25.641,-93.821
97.63,55.705,-411.98
108.51,63.599,-361.12
137.76,64.464,-255.92
134.9,67.15,-244.98
136.83,29.185,-437.38
105.4,68.609,-154.8
93.012,53.029,-94.085
131.2,60.078,-371.23
127.62,71.883,-195.99
107,12.459,-420.59
95.498,52.333,-148.66
109.99,14.318,-387.13
93.218,19.324,-440.91
90.702,48.301,-58.771
138.53,36.217,-86.469
131.34,71.158,-149.79
135.96,32.824,-86.606
139.2,62.798,-98.812
137.87,64.548,-252.57
141.87,56.4,-296.89
145.96,40.887,-233.4
140.94,43.687,-73.927
136.3,28.424,-174.2
96.653,36.689,-101.01
129.47,27.854,-82.41
87.158,30.235,-452.22
114.26,18.507,-312.78
112.41,69.764,-232.24
143.94,53.433,-124.48
90.438,24.822,-433.83
101.75,65.239,-154.89
129.66,63.935,-338.82
127.52,72.598,-98.782
125.1,13.418,-453.29
98.119,54.924,-238.28
141.61,41.24,-97.555
91.484,47.407,-414.57
115.51,68.13,-300.31
90.4,29.079,-415.12
91.868,44.945,-70.669
139.1,59.824,-67.089
113.17,65.711,-343.74
96.492,46.965,-250.1
96.207,49.756,-180.93
145.21,39.134,-281.7
101.24,60.385,-256.95
141.16,34.123,-371.44
91.051,45.067,-402.93
97.099,14.51,-450.23
138.29,63.722,-92.491
106.57,17.403,-364.1
136.28,58.453,-345.27
93.756,45.077,-105.59
138.41,58.216,-45.678
137.4,50.784,-9.976
125.71,14.848,-411.72
132.32,33.597,-23.843
120.82,74.267,-62.607
107.25,20.662,-320.48
102.07,26.686,-296.67
139.85,37.344,-402.78
143.38,36.514,-181.96
98.909,35.628,-145.86
94.968,50.337,-347.6
114.32,23.763,-192.49
139.88,44.278,-55.228
129.63,26.278,-127.27
135.35,26.387,-451.55
120.23,11.037,-452.35
138.95,63.556,-104.18
144.91,42.043,-163.82
121.63,74.188,-77.192
143.42,35.225,-207.02
105.85,74.165,-7.101
94.52,43.756,-319.7
106.43,64.005,-315.76
145.21,40.83,-184.89
96.948,55.047,-420.31
94.21,38.921,-330.18
97.582,53.453,-271.53
115.12,15.491,-358.02
128.34,15.986,-440.71
100.55,59.287,-264.61
108.74,21.457,-298.49
138.4,66.133,-163.35
86.943,38.365,-454.68
133.73,21.944,-323.27
132.91,66.392,-35.294
135.78,39.898,-456.84
137.2,61.959,-299.68
99.342,58.158,-223.39
104.05,67.382,-157.65
142.18,57.189,-105.8
114.07,72.446,-167.58
137.38,39.372,-436.83
138.25,37.424,-70.759
135.23,24.825,-437.94
123.38,63.635,-372.94
98.461,56.199,-328.28
106.02,64.062,-303.29
127.47,71.386,-215.42
129.1,27.521,-85.665
141.16,61.182,-122.86
135.94,28.836,-454.09
119.67,25.31,-45.901
143,38.756,-347.26
136.44,28.068,-185.61
137.77,27.167,-395.9
143.81,43.453,-332.19
126.72,25.271,-124.36
111.75,13.611,-391.97
108.17,9.6756,-453.95
139.62,34.322,-127.53
91.56,60.94,-33.748
127.3,26.406,-93.355
140.41,36.508,-392.88
123.02,25.249,-85.502
140.85,63.44,-188.34
91.971,48.689,-419.46
142.7,59.977,-230.42
98.225,58.804,-170.87
106.2,28.041,-142.57
88.9,52.387,-30.6
88.579,44.075,-454.34
102.01,60.769,-293.11
132.87,67.289,-265.78
94.578,50.319,-130.63
146.11,43.424,-198.94
133.94,21.843,-335.72
93.712,57.943,-85.457
104.86,28.786,-126.9
88.227,28.652,-442.89
98.933,57.044,-380.82
133.99,23.736,-264.25
91.702,42.728,-378.24
145.26,51.725,-266.82
135.96,28.358,-169.63
141.62,55.187,-84.082
122.35,72.686,-194.66
118.67,18.559,-300.76
104.97,28.967,-185.14
137,67.033,-205.05
143.46,56.981,-259.8
131.19,20.761,-310.29
100.45,57.164,-442.78
107.74,12.969,-411.74
137.72,66.606,-196.27
141.11,58.958,-282.47
145.71,48.368,-162.81
99.958,32.953,-251.99
102.69,61.727,-279.23
100.09,69.857,-49.444
98.054,54.714,-276.68
88.918,60.134,-1.7595
135.98,61.425,-318.57
110.7,25.673,-120.89
135.68,23.328,-380.35
138.05,54.952,-26.633
88.093,34.993,-431.87
88.306,52.222,-22.248
99.828,35.055,-187.54
95.756,63.048,-78.415
120.85,11.859,-437.28
138,27.812,-226.51
136.84,33.691,-449.59
100.32,17.293,-403.28
100.7,60.695,-218.27
90.931,27.313,-416.47
98.434,18.601,-404.93
137.64,65.517,-108.88
120.94,74.134,-121.15
95.842,47.918,-167.91
96.526,40.646,-146.12
114.97,24.992,-22.328
97.499,35.812,-107.81
95.021,49.462,-335.04
96.67,52.239,-307.72
102.68,28.059,-270.31
119.11,68.828,-294.58
129.44,63.165,-349.4
142.94,60.26,-177.07
134.6,28.198,-150.11
116.59,24.629,-82.281
90.551,47.773,-55.838
141.9,31.091,-274.25
137.69,43.053,-27.714
118.95,20.865,-251.76
114.38,70.83,-221.18
114.26,67.611,-306.22
113.74,59.598,-451.14
111.37,21.362,-280.45
144.37,50.903,-127.19
97.737,32.04,-53.145
137.41,57.379,-343.61
117.59,25.418,-15.462
93.435,57.64,-82.613
131.13,25.614,-166.3
96.137,53.856,-381.75
124.43,72.306,-23.198
134.7,22.461,-335.54
137.75,51.566,-15.587
128.03,24.283,-171.88
99.286,33.03,-100.59
142.43,44,-98.056
117.52,68.149,-306.4
103.01,10.693,-457.25
127.77,15.723,-427.72
103.13,23.856,-317.07
93.602,40.52,-78.249
119.46,15.42,-358.47
108.99,17.176,-354.41
138.34,33.168,-120.65
141.2,62.958,-175
121.84,74.066,-119.45
108.53,74.575,-16.485
115.61,67.112,-323.27
94.935,27.258,-373.1
105.06,24.259,-292.52
107.38,25.862,-234.18
95.539,44.221,-291.55
93.461,17.954,-448.91
102.15,31.789,-189.04
106.33,68.646,-169.95
142.67,59.248,-246.38
141.22,50.315,-348.7
145.94,46.518,-173.63
124.32,72.73,-36.289
105.66,71.94,-79.917
94.067,35.005,-35.777
123.6,20.63,-256.94
110.82,73.19,-106.87
92.084,51.935,-5.3493
92.641,60.922,-306.99
110.57,91.354,-187.63
89.728,45.108,-413.63
130.2,41.838,-296.56
133.5,56.783,-41.64
124.11,86.093,-324.52
142.36,57.262,-277.93
122.79,90.561,-246.43
119.43,93.619,-144.16
128.23,52.114,-19.015
84.751,67.231,-6.7616
98.479,45.526,-320.85
105.18,46.805,-117.95
94.934,72.659,-230.71
95.362,85.639,-79.815
95.435,58.954,-215.29
136.69,82.554,-263.69
122.87,77.609,-430.96
120.27,83.884,-370.21
142.62,75.054,-228.98
107.33,37.539,-344.24
141.6,64.535,-325.59
112.04,44.59,-88.019
91.896,55.8,-51.614
138.9,80.412,-120.41
100.48,83.444,-219.63
94.035,65.231,-195.56
119.84,33.447,-407.42
91.705,58.132,-332.8
87.927,77.317,-37.685
88.743,62.77,-52.936
137.75,74.354,-58.782
91.436,78.427,-85.343
123.32,42.35,-213.1
99.803,51.21,-148.52
94.129,68.149,-248.89
114.49,80.611,-429.62
97.656,78.73,-249.48
129.47,51.827,-40.277
99.981,77.454,-457.74
108.35,36.162,-358.22
103.72,46.834,-227.84
91.496,47.375,-382.52
127.42,74.964,-425.69
130.24,42.526,-275.18
92.747,76.492,-120.89
95.362,73.945,-239.43
118.89,39.448,-278.56
138.67,81.959,-232.09
94.965,37.718,-418.87
110.69,31.714,-415.86
98.65,32.068,-449.34
133.73,86.366,-239.44
130.7,79.752,-358.79
101.02,47.693,-55.762
140,63.734,-99.847
85.277,63.702,-5.2494
119.19,94.05,-92.68
109.41,87.136,-296.71
137.27,57.165,-96.097
141.99,56.099,-276.32
97.7,83.808,-144.75
118.38,84.459,-367.35
127.7,89.995,-228.42
112.05,41.783,-247.07
114.58,41.599,-236.69
134.55,87.202,-182.52
128.13,91.33,-131.63
134.86,57.05,-441.57
108.17,32.743,-404.76
97.822,54.123,-196.98
132.78,88.468,-187.27
89.681,71.035,-82.935
143.41,62.86,-191.14
99.666,90.138,-70.048
86.478,57.42,-419.06
109.82,94.703,-29.556
108.7,87.075,-290.84
111.87,30.613,-433.74
100.9,81.326,-331.82
94.318,87.01,-46.524
139.78,62.855,-99.801
112.14,94.721,-19.915
136.1,55.577,-423.15
126.71,40.722,-282.36
108.79,80.289,-438.6
102.84,88.261,-158.07
93.958,51.799,-31.57
126.39,91.203,-203.28
103.38,41.334,-321.1
123.91,36.201,-375.73
143.74,67.587,-258.42
140.42,78.413,-137.2
143.37,60.469,-258.36
110.41,90.694,-206.04
130.76,47.581,-139.94
120.66,45.266,-79.353
86.272,61.336,-9.134
98.413,83.158,-170.56
136.44,81.048,-75.987
90.565,54.401,-362.2
127.6,85.465,-314.48
92.922,61.62,-298.55
96.477,56.134,-223.46
109.57,94.026,-78.48
131.24,89.183,-200.59
126.07,74.444,-439.86
122.22,36.926,-342.99
113.05,94.554,-3.6401
135.78,81.424,-67.931
134.17,75.916,-10.373
99.457,34.162,-423.05
136.64,84.61,-220.84
120.01,93.87,-112.47
92.937,49.037,-356.52
126.73,44.961,-157.86
126.25,91.453,-76.629
126.39,43.16,-210.59
130.25,70.099,-439.06
95.233,80.394,-138.68
102.57,48.364,-119.69
135.48,73.844,-23.184
136.98,54.6,-407.37
132.94,80.261,-334.98
129.68,87.758,-261.21
138.7,82.782,-200.01
132.19,48.427,-142.71
140.53,65.32,-104.04
104.62,46.415,-74.107
92.551,69.919,-342.69
110.21,85.696,-338.6
138.98,56.319,-374.18
110.07,94.535,-49.977
141.88,72.798,-280.96
138.86,67.054,-362.11
141.34,76.788,-146.75
121.67,42.043,-215.6
101.04,48.944,-98.474
124.77,92.4,-166.29
132.51,84.299,-290.98
90.546,66.924,-97.104
99.401,39.564,-370.16
129.15,86.233,-16.402
93.687,50.323,-2.0238
126.91,84.993,-325.27
137.43,48.037,-320.79
132.54,72.933,-399.23
92.579,63.312,-306.16
133.06,60.187,-459.13
112.16,35.352,-359.03
119.78,33.142,-414.31
135.87,75.183,-32.684
111.79,81.585,-418.59
117.24,45.268,-40.244
131.9,88.752,-202.63
87.622,59.195,-15.866
84.167,54.104,-455.02
126.25,91.973,-104.12
101.26,38.563,-367.27
97.164,54.044,-137.53
114.71,80.802,-426.52
127.32,47.623,-89.189
96.794,89.307,-45.691
126.62,45.064,-153.39
110.88,94.173,-82.922
132.82,86.652,-83.152
106.24,37.746,-347.06
122.88,92.182,-40.247
95.532,74.339,-247.21
125.78,42.764,-217.08
110.03,44.784,-24.012
104.98,46.823,-192.7
90.653,37.106,-457.5
136.58,49.105,-386.18
109.73,35.173,-367.26
97.114,54.748,-226.7
95.887,87.574,-60.847
109.13,43.864,-220.02
88.957,76.257,-57.539
89.959,76.725,-70.927
91.93,74.692,-114.32
90.819,66.499,-361.28
124.79,36.261,-386.37
111.22,80.626,-433.68
102.06,48.316,-226.18
91.082,56.004,-40.943
143.06,71.979,-254.57
143.85,62.663,-238.39
91.695,68.85,-122.52
135.93,77.686,-44.194
120.34,93.724,-72.712
113.95,44.556,-70.198
121.14,93.454,-68.594
102.53,47.179,-243.64
134.56,75.324,-14.014
142.59,68.258,-143.61
138.57,82.818,-161.84
99.591,33.548,-428.7
119.08,38.719,-294.37
98.978,79.137,-373.75
105.57,83.284,-360.91
96.781,83.899,-125.98
123,91.629,-215.75
124.66,90.212,-246.17
134.29,45.899,-250.42
125.32,87.786,-291.68
143.22,61.585,-195.79
101.47,49.063,-221.1
122.91,92.353,-46.785
137.4,71.086,-47.066
90.274,69.908,-421.57
116.63,44.283,-102.96
107.82,45.493,-92.121
121.73,46.277,-53.43
125.87,47.815,-64.598
130.33,86.023,-31.469
105.74,42.237,-289.18
137.09,82.493,-105.34
90.297,76.314,-78.22
105.78,88.487,-204.23
114.51,88.828,-286.77
127.75,88.641,-260.2
91.253,73.756,-105.04
132.26,42.047,-363.62
110.33,44.863,-95.422
120.62,42.492,-198.28
143.76,62.135,-231.21
104.51,94.189,-12.091
98.308,52.972,-151.63
106.03,39.348,-327.6
136.21,56.986,-421.52
136.67,47.388,-349.86
135.53,50.984,-148.82
123.94,86.951,-312.11
107.03,45.998,-156.27
93.273,68.31,-165.16
104.88,85.625,-273.74
117.78,43.732,-141.32
111.58,88.045,-290.85
95.102,73.682,-219.2
140.29,69.074,-93.655
91.238,67.621,-111.85
135.92,48.779,-400.46
118.78,33.138,-407.2
126.63,48.962,-49.563
93.277,75.837,-136.13
137.18,66.589,-45.896
92.516,72.444,-396.69
109.84,91.636,-170.78
135.97,46.706,-275.79
86.384,61.812,-13.189
132.28,62.614,-459.49
141.52,55.376,-227.77
109.31,44.909,-54.307
130.97,41.404,-435.92
138.07,78.081,-299.43
121.72,93.228,-153.15
93.059,66.766,-298.7
90.05,85.305,-7.7188
125.78,75.827,-429.8
91.089,60.457,-340.52
96.617,76.09,-448.39
114.7,93.56,-142.38
137.96,83.148,-142.73
136.8,59.781,-410.17
118.8,93.911,-52.888
142.45,73.706,-155.6
129.72,39.905,-361.75
95.861,52.757,-79.173
98.97,50.019,-83.469
137.37,73.19,-348.11
135.59,57.035,-430.83
103.98,90.201,-131.23
127.82,90.285,-218.38
122.17,47.726,-17.142
140.97,72.737,-111.69
96.334,77.371,-211.95
130.68,54.362,-25.388
97.964,53.911,-183.62
110.23,80.815,-430.78
115.19,31.112,-432.06
101.54,86.102,-181.69
95.388,45.086,-356.85
99.183,81.56,-228.28
117.21,89.114,-286.08
129.59,87.513,-41.578
94.974,52.747,-62.937
133.87,72.705,-388.41
129.19,39.001,-427.69
92.126,68.883,-132.45
94.146,68.438,-212.12
106.46,34.939,-381.36
115.99,82.351,-402.45
125.57,91.633,-69.498
135.58,65.395,-25.222
131.88,89.228,-147.36
115.11,83.895,-380.9
108.87,81.212,-422.82
133.44,44.012,-297.41
94.058,67.073,-247.89
96.045,76.279,-342.94
119.89,35.667,-358.81
100.61,49.77,-226.85
137,57.399,-89.577
111.47,41.793,-250.87
88.493,53.453,-393.81
138.13,59.442,-390.95
134.96,86.864,-159.61
100.77,86.994,-148.14
133.15,46.921,-196.27
104.87,43.678,-274.84
133.88,60.726,-19.561
139.91,73.336,-92.48
137.01,61.931,-403.04
134.52,45.202,-388.52
106.97,87.832,-243.63
102.33,45.977,-9.6857
143.15,62.414,-285.66
137.68,81.624,-106.92
112.44,42.461,-226.69
112.65,29.579,-453.45
89.324,82.242,-26.579
134.13,49.559,-151.19
113.87,31.861,-414.8
142.25,67.151,-135.95
119.17,32.987,-413.22
86.933,65.795,-35.715
111.03,81.075,-426.71
96.965,55.493,-208.32
137,78.588,-66.483
126.7,84.266,-336.05
122.19,43.015,-185.62
140.44,57.411,-346.66
98.92,87.402,-109.29
131.21,41.049,-403.31
87.9,75.748,-43.767
91.202,64.652,-342.97
126.47,78.757,-398.07
134.36,44.374,-362.41
140.29,52.959,-310.49
104.6,47.065,-193.81
117.31,46.131,-2.1425
104,93.913,-19.562
104.66,46.126,-58.791
100.6,80.746,-351.35
99.901,82.167,-237.89
99.898,80.917,-299.33
103.87,33.491,-409.24
142.27,74.954,-247.36
82.162,72.688,-449.11
128.4,61.918,-456.72
134.36,69.322,-384.09
124.58,98.284,-397.84
115.18,100.16,-425.12
84.882,74.638,-407.49
88.194,90.723,-101.22
119.1,52.848,-440.33
112.17,100.9,-423.64
107.24,111.2,-178.4
91.914,89.712,-238.53
101.66,108.03,-183.3
102.14,110.01,-142.16
140.18,90.595,-277.7
118.61,63.293,-164.39
126.58,108.15,-256.45
139.97,95.198,-233.11
138.55,90.474,-108.93
116.74,109.68,-270.95
109.67,113.27,-131.09
106.57,106.92,-295.19
91.678,92.038,-313.67
86.407,87.144,-420.11
119.77,68.025,-7.6709
100.62,101.57,-374.25
94.882,70.59,-69.489
87.486,83.975,-369.45
132.35,64.645,-344.06
84.421,87.248,-38.742
116.48,98.902,-435.25
96.263,98.747,-377.16
91.545,109.43,-3.3605
104.64,65.089,-47.037
122.09,101.67,-377.59
135.15,103.28,-138.53
108.73,58.957,-303.53
89.377,61.539,-414.63
115.43,63.377,-152.42
102.01,52.839,-413.21
90.287,84.485,-140.21
106.67,113.81,-77.598
121.17,62.752,-197.64
140.4,79.676,-203.25
131.61,104.36,-73.455
131.76,79.591,-30.738
102.4,101.85,-388.13
128.87,105.12,-288.5
86.846,63.142,-428.4
87.163,73.357,-378.57
90.694,89.821,-321.73
85.137,83.1,-414.78
88.535,90.803,-107.6
141.04,88.109,-174.21
117.52,62.214,-201.68
85.396,83.322,-43.062
100.76,98.8,-447.53
90.605,78.383,-304.98
124.94,111.52,-145.16
91.708,77.306,-114.14
116.77,107.02,-323.18
116.62,113.31,-30.53
121.04,64.801,-123.04
102.9,65.681,-56.938
101.42,50.376,-445.86
112.5,59.152,-286.46
85.514,79.298,-23.584
138.53,78.64,-338.19
137.36,98.83,-258.19
91.674,88.69,-256.54
127.17,64.274,-210.21
126.68,88.526,-459.16
88.984,95.003,-103.85
121.37,64.154,-150.28
137.84,77.58,-149.5
92.253,91.617,-231.9
106.88,109.12,-235.81
91.217,87.443,-276.88
141.07,88.533,-176.04
140.06,95.471,-189.55
122.32,59.606,-291.95
124.53,101.6,-364.4
122.56,65.252,-123.96
124.37,97.432,-407.15
129.76,78.376,-10.583
102.88,101.26,-405.99
117.78,101.91,-394.29
117.05,62.477,-191.87
124.55,95.322,-424.64
116.43,112.44,-193.5
123.38,111.47,-75.933
113.99,109.58,-271.35
86.855,85.131,-389.41
91.633,87.309,-212.2
133.12,106.1,-187.39
111.45,57.862,-312.75
134.86,74.196,-400.89
122.25,60.225,-275.66
126.9,100.49,-360.32
86.763,75.304,-8.2998
111.43,105.73,-347.12
94.568,98.794,-209.31
90.589,92.24,-368.97
92.412,67.901,-340.44
84.776,84.413,-37.599
139.51,95.331,-250.03
98.38,101.85,-291.07
87.421,101.78,-37.688
93.83,96.077,-302.99
90.658,58.321,-427.25
137.56,80.866,-359.26
130.25,64.481,-439.59
83.731,78.122,-424.95
95.581,98.975,-262.74
141.5,87.26,-245.96
87.858,85.355,-90.319
122.75,60.045,-283.81
91.153,73.311,-51.684
89.318,73.63,-27.259
110.67,64.18,-114.8
92.67,93.488,-285.04
82.632,84.213,-5.6378
106.85,64.71,-170.72
137.08,82.187,-365.73
131.55,96.822,-355.57
118.49,112.39,-21.983
122.27,110.61,-30.157
113.63,64.394,-78.869
91.658,86.67,-217.19
137.4,96.531,-108.16
130.78,101.54,-317.18
127.64,60.133,-356.91
118.92,111.53,-2.046
130.74,102.86,-42.139
98.294,58.992,-365.04
93.663,100.28,-158.68
118.02,65.742,-51.678
91.008,93.348,-385.59
140.03,79.486,-189.56
104.8,64.805,-13.787
138.52,75.882,-325.26
116.54,108.07,-304.31
138.31,88.6,-103.55
136.29,101.24,-132.28
127.13,71.862,-39.883
93.903,61.141,-378.68
133.12,101.27,-65.409
127.16,59.468,-375.81
138.98,90.235,-306.57
112.51,105.19,-357.55
134.5,104.13,-220.9
109.6,112.72,-151.86
102.29,105.21,-280.43
135.68,84.514,-66.068
128.36,60.457,-402.59
95.716,98.56,-349.06
116.32,60.428,-252.61
89.982,72.504,-22.245
127.75,60.813,-328.86
135.55,81.943,-389.24
94.163,73.871,-121.11
110.59,114.51,-44.926
99.331,113.35,-9.0998
106.67,110.99,-177.99
88.249,62.863,-416.46
94.16,75.007,-147.42
115.97,99.935,-425.08
100.7,110.95,-98.034
135.33,77.937,-97.301
85.513,102.25,-6.9581
93.435,61.921,-376.24
90.738,91.606,-347.96
91.189,88.733,-180.59
90.904,62.661,-393.12
127.75,67.112,-139.96
138.02,74.254,-326.61
105.94,113.44,-86.661
133.46,78.009,-425.16
132.17,77.601,-444.21
138.46,79.284,-146.55
133.89,91.795,-33.06
90.382,84.607,-299.89
93.356,109.17,-32.58
90.104,89.991,-143.37
134.07,72.159,-144.99
114.17,113.99,-30.776
99.069,59.955,-349.46
130.93,66.884,-198.31
132.01,76.851,-447.51
106.68,112.85,-117.92
129.2,84.527,-457.24
109.45,110.67,-217.54
112.46,103.69,-382.2
89.16,76.573,-338.62
101.45,109.24,-150.11
111.19,102.13,-407.28
112.75,114.22,-91.773
96.112,102.67,-181.1
139.33,97.228,-217.54
120.41,111.69,-29.978
88.776,106.49,-9.1091
108.74,107.37,-301.89
86.789,91.845,-75.207
84.498,85.469,-452.92
130.87,103.3,-294.42
126.63,101.82,-348.13
135.5,89.192,-363.71
117.16,52.534,-424.69
92.158,81.044,-185.19
136.07,87.211,-66.108
122.44,110.17,-242.23
112.81,103.47,-385.39
92.28,79.7,-166.67
119.05,63.732,-148.67
101.78,109.2,-156.46
124.19,62.495,-228.51
129.51,94.023,-395.82
119.82,53.059,-447.31
117.18,54.726,-374.67
107.94,64.641,-70.438
131.64,64.77,-281.72
129.13,97.417,-371.98
117.95,65.106,-77.202
99.342,105.43,-200.39
136.68,72.141,-347.33
124.77,104.19,-332.25
106.86,64.741,-53.991
101.82,67.321,-138.32
141.41,82.84,-228.78
92.81,93.577,-237.98
139.41,77.696,-309.41
135.86,82.834,-75.157
118.08,65.457,-63.67
128.75,63.623,-253.46
139.63,76.45,-229.28
104.03,99.389,-448.51
99.089,67.077,-50.252
106.21,101.6,-413.19
117.58,54.45,-382.74
94.152,107.57,-69.737
124.21,109.47,-247.19
129.02,72.916,-52.633
108.53,105.59,-341.84
122.41,65.957,-99.174
113.14,112.91,-168.47
135.48,87.753,-56.308
101.93,50.946,-437
134.64,104.59,-189.09
101.57,101.44,-390.67
88.321,88.513,-382.56
98.345,111.32,-56.643
113.47,113.01,-165.62
129.97,87.252,-434.67
132.12,79.517,-440.95
83.637,78.321,-426.85
116.69,101.57,-402.45
111.66,112.26,-184.39
126.05,109.37,-233.04
137.15,98.717,-264.35
98.09,103.79,-209.23
128.37,99.683,-357.29
90.54,84.188,-146.03
108.15,102.64,-398.13
110.58,114.01,-100.8
86.681,68.188,-404.27
133.15,77.667,-430.05
135.3,80.971,-394.55
140.18,88.613,-145.71
97.048,112.63,-4.0901
121.52,63.838,-162.99
99.509,104.63,-225.82
103.87,64.992,-21.216
101.13,51.157,-436.96
134.69,67.802,-276.19
113.89,50.139,-456.07
135.16,103.64,-150.43
116.05,59.842,-266.61
100.76,102.38,-349.04
106.13,112.19,-134.16
118.64,52.748,-436.14
119.72,65.896,-67.274
86.031,91.541,-63.544
97.707,68.132,-59.907
87.031,89.47,-450.4
85.442,97.315,-37.318
87.773,87.398,-93.107
126.34,107.03,-279.64
126.09,69.661,-60.484
92.093,107.42,-42.558
104.72,64.369,-228.91
103.76,107.11,-248.53
104.25,113.43,-67.395
105.94,64.693,-7.5639
123.47,67.89,-60.547
88.334,102.29,-46.541
91.02,89.479,-304.35
120.31,101.15,-392.49
90.142,88.742,-145.47
92.171,98.739,-142.11
122.99,66.962,-77.348
135.71,85.909,-62.75
91.08,86.169,-277.55
83.962,93.475,-29.217
108.24,64.208,-171.08
92.739,71.974,-305.09
132.05,104.08,-269.16
128.07,63.411,-248.71
110.92,53.283,-388.39
130.84,65.022,-251.01
133.35,74.977,-427.95
119.67,111.88,-24.054
83.204,82.491,-453.91
100.01,68.714,-178.34
114.32,61.773,-218.88
133.36,90.047,-23.973
123.61,111.64,-88.846
136.15,78.543,-106.55
119.64,66.866,-35.61
132.29,65.09,-292.38
97.282,68.072,-50.654
116.75,112.36,-196.3
124.87,63.188,-214.72
109.01,64.14,-158.82
137.82,94.601,-106.01
112.27,114.4,-63.591
137.67,76.239,-350.41
92.627,73.201,-297.18
131.29,63.679,-322.87
121.18,111.7,-42.907
101.09,65.504,-257.05
93.188,106.19,-75.455
112.9,113.07,-160.8
139.54,85.43,-315.21
89.685,85.845,-129.66
110.94,64.826,-16.552
95.008,102.19,-162.9
108.24,108.96,-255.52
91.644,86.034,-237.34
107.83,114.38,-51.737
134.79,68.17,-348.51
110,113.67,-115.41
129.7,79.42,-2.7555
106.89,108.13,-264.7
134.49,67.901,-260.84
109.24,110.76,-213
92.014,80.592,-250.64
114.68,50.78,-446.87
125.72,57.83,-423.61
93.19,77.727,-173.5
85.029,86.426,-451.96
131.9,103.79,-71.298
147.9,-33.53,-343.66
101.8,-34.259,-310.25
114.33,-18.53,-194.06
147.24,-24.377,-152.74
97.857,-24.64,-458.17
114.78,-61.744,-235.2
135.48,-21.903,-416.3
108.09,-25.034,-250.01
136.82,-15.695,-53.01
118.11,-11.925,-78.629
148.78,-40.112,-91.305
144.83,-33.788,-394.56
108.01,-59.385,-324.58
109.59,-23.162,-267.09
98.658,-25.161,-440.18
99.741,-47.228,-346.47
100.33,-39.68,-322.35
111.39,-58.437,-163.44
143.98,-21.721,-94.827
108.93,-18.228,-110.07
145.69,-33.63,-40.054
139.04,-16.937,-88.333
133.33,-17.777,-335.58
142.29,-54.907,-387.52
95.039,-31.91,-434.82
146.71,-36.643,-54.766
104.91,-60.517,-397.78
102.53,-60.702,-437.57
122.47,-60.337,-48.447
103.49,-26.434,-353.4
135.49,-63.996,-319.42
123.26,-57.84,2.461
101.82,-52.194,-19.607
119.9,-11.184,-68.258
97.718,-33.156,-68.291
102.65,-43.19,-174.12
143.7,-45.311,-41.856
107.13,-23.687,-328.88
103.86,-30.638,-174.69
131.8,-61.833,-438.99
123.22,-66.214,-363.86
97.232,-48.175,-391.17
124.83,-13.244,-135.76
148.57,-26.773,-145.1
137.89,-58.679,-106.74
106.45,-27.418,-241.74
151.98,-44.93,-186.14
136.12,-63.524,-328.14
144.75,-55.277,-140.58
141.65,-47.909,-34.171
145.34,-29.125,-355.2
111.06,-18.311,-393.47
135.89,-15.533,-160.81
144.57,-48.833,-396.82
141.3,-58.153,-363.55
100.06,-17.62,-14.959
150.91,-46.612,-290.39
127.08,-11.017,-48.035
121.62,-16.406,-258.29
127.31,-59.925,-53.947
107.19,-17.649,-84.126
101.96,-22.533,-73.574
117.76,-17.113,-210.35
103.83,-26.919,-136.39
147.34,-47.072,-98.825
116.06,-16.77,-389.89
94.431,-39.778,-13.111
92.411,-38.579,-449.38
97.567,-48.788,-388.89
109.22,-56.459,-170.7
100.96,-58.697,-427.53
132.48,-17.492,-336.34
124.52,-66.199,-351.43
150.9,-34.817,-135.48
102.64,-22.115,-78.325
111.58,-58.516,-70.595
118.38,-62.959,-199.71
129.44,-11.65,-42.949
127.49,-59.957,-55.379
97.085,-38.98,-380.08
115.47,-14.969,-123.17
124.42,-17.049,-445.94
145.77,-25.825,-306.06
127.49,-16.053,-294.73
98.292,-29.699,-67.281
138.5,-24.379,-409.5
118.32,-16.359,-392.82
138.8,-19.074,-12.58
135.76,-52.416,-12.713
110.07,-57.414,-195.81
101.73,-49.226,-78.249
108.62,-56.624,-242.73
98.168,-41.009,-70.251
126.39,-65.364,-405.84
117.48,-61.673,-135.09
105.16,-18.102,-68.644
141.43,-20.608,-47.475
101.27,-40.406,-299.94
128.59,-65.913,-290.64
113.38,-59.471,-87.717
114.23,-60.278,-145.5
99.615,-31.11,-91.562
112.54,-18.686,-358.4
148.48,-35.646,-82.669
141.85,-26.103,-380.07
124.04,-66.168,-369.73
100.55,-51.588,-0.39453
113.21,-58.447,-14.835
125.1,-11.348,-74.184
146.69,-40.286,-382.93
107.78,-25.038,-274.19
132.7,-64.705,-342.17
113.2,-60.468,-223.48
117.34,-11.152,-59.217
99.324,-37.011,-347.53
103.4,-45.345,-201.63
108.07,-63.386,-416.58
112.37,-13.036,-65.598
102.99,-50.404,-92.188
119.1,-16.177,-409.78
131.45,-17.596,-358.66
152.25,-36.724,-253.18
151.55,-32.926,-242.21
132.63,-61.444,-435.32
128.02,-13.703,-152.32
107.27,-18.252,-92.061
146.79,-34.783,-368.61
148.01,-25.087,-193.21
98.686,-55.254,-419.17
109.86,-19.868,-146.61
101.48,-56.065,-385.66
92.955,-40.945,-439.48
101.73,-20.722,-56.875
131.19,-60.451,-84.345
149.44,-28.467,-147
127.04,-61.399,-84.577
149.03,-40.403,-96.134
152.32,-36.762,-249.83
151.07,-45.158,-294.26
142.92,-60.267,-231.07
137.57,-56.393,-71.63
126.29,-64.164,-172.23
99.708,-33.045,-99.282
118.79,-61.073,-80.548
95.554,-28.585,-450.63
105.9,-56.296,-311.2
135.74,-16.594,-229.65
147.18,-50.383,-121.94
94.209,-35.012,-432.32
123.07,-13.94,-152.51
147.41,-31.14,-336.15
146.37,-25.385,-96.017
113.85,-65.841,-451.68
115.38,-18.724,-236.13
137.01,-58.48,-95.295
109.12,-18.563,-412.6
138.47,-19.196,-297.71
96.528,-31.902,-413.53
100.72,-23.93,-68.829
146.39,-42.913,-64.481
136.02,-19.137,-341.19
109.27,-23.666,-248.13
109.41,-21.995,-178.92
142.22,-60.673,-279.4
121.67,-16.368,-254.65
137.75,-61.065,-369.26
107.04,-20.187,-401.01
93.029,-47.039,-448.86
148.8,-39.17,-89.804
100.36,-51.72,-362.6
149.1,-39.536,-342.64
102.97,-24.714,-103.72
144.38,-43.902,-43.115
138.1,-49.287,-7.5846
114.37,-65.529,-410.08
123.45,-59.058,-21.85
141.57,-20.143,-59.883
102.07,-50.069,-318.92
101.48,-42.347,-295.04
139.47,-57.462,-400.53
137.07,-62.442,-179.76
101.68,-34.886,-144.13
112.28,-19.186,-345.54
106.83,-53.44,-190.83
136.75,-55.436,-52.934
118.83,-61.966,-125.42
129.99,-62.504,-449.56
108.57,-64.545,-450.83
149.43,-39.606,-101.49
141.42,-59.362,-161.49
142.44,-20.589,-74.458
136.79,-63.22,-204.84
128.89,-11.128,-4.5404
107.14,-24.202,-317.79
129.19,-16.379,-313.32
141.3,-60.282,-182.58
118.33,-16.165,-418.13
104.01,-27.609,-328.38
114.72,-19.194,-269.41
105.56,-58.737,-356.48
117.71,-66.072,-439.01
120.6,-16.698,-262.34
103.27,-50.624,-296.9
151.9,-36.726,-160.6
100.66,-22.195,-452.93
123.24,-66.076,-321.43
145.21,-34.203,-32.62
139.11,-52.38,-454.57
151.12,-37.87,-296.99
118.09,-17.173,-221.16
126.26,-13.75,-155.21
147.85,-46.546,-103.2
137.4,-16.215,-164.93
139.58,-53.999,-434.56
131.43,-59.496,-68.618
128.61,-63.752,-435.99
143.12,-27.017,-370.33
118.33,-17.121,-326.08
128.65,-16.188,-300.86
147.97,-25.185,-212.65
118.36,-61.06,-83.813
149.99,-42.674,-120.19
132.07,-60.984,-452.05
108.9,-57.074,-44.197
141.64,-58.928,-344.97
126.41,-64.422,-183.65
131.2,-63.988,-393.89
144.97,-55.99,-329.8
115.89,-60.891,-122.57
102.47,-57.694,-390.49
98.486,-57.825,-452.57
131.66,-62.218,-125.42
109.99,-11.825,-31.592
116.43,-60.69,-91.541
139.16,-58.554,-390.65
112.24,-58.9,-83.756
152.56,-40.129,-185.61
110.42,-17.847,-417.45
152.63,-43.576,-227.74
116.56,-16.454,-168.66
102.33,-45.417,-140.92
102.39,-16.698,-28.646
105.58,-18.874,-452.45
123.25,-16.23,-290.79
150.52,-31.319,-263.03
107.49,-20.99,-128.64
143.96,-58.745,-196.57
123.59,-66.17,-333.88
110.78,-15.017,-83.328
101.46,-44.13,-125.25
95.163,-30.572,-441.32
120.32,-16.282,-378.59
123.37,-65.426,-262.38
105.53,-22.629,-376.37
150.04,-51.201,-264.26
125.89,-64.041,-167.67
145.69,-47.926,-81.54
144.46,-21.098,-191.92
109.06,-59.202,-299.14
102.86,-43.513,-183.47
152.26,-34.744,-202.28
151.89,-46.082,-257.16
120.27,-65.473,-308.49
122.84,-16.582,-440.51
99.393,-55.418,-410.31
152.36,-35.617,-193.5
151.83,-42.844,-279.8
146.08,-55.04,-160.35
102.96,-36.611,-250.27
124.11,-16.066,-276.89
122.57,-10.323,-47.017
115.99,-18.483,-274.52
106.79,-11.046,0.34596
150.23,-37.318,-315.9
103.81,-50.324,-119.25
126.81,-65.734,-378.45
141.62,-46.354,-24.146
98.905,-25.731,-430.17
101.66,-16.521,-20.306
102.88,-35.523,-185.79
115.48,-12.486,-76.163
109.25,-64.453,-435.74
128.28,-65.235,-224.53
135.78,-57.885,-447.44
96.316,-47.422,-401.84
120.66,-16.151,-215.98
95.828,-33.585,-414.92
95.742,-45.189,-403.48
149.79,-37.221,-106.15
142.79,-19.774,-118.41
107.68,-23.291,-165.95
103.09,-29.507,-144.3
104.6,-54.514,-20.683
99.934,-34.197,-106.09
111.5,-20.009,-333
113.99,-19.197,-305.62
102.29,-41.94,-268.65
141.56,-21.028,-291.93
146.98,-31.493,-346.75
151.89,-44.014,-174.39
124.34,-63.472,-148.18
106.85,-55.27,-80.611
101.22,-21.057,-53.956
134.36,-64.775,-272.15
133.72,-55.23,-25.474
109.75,-58.078,-250.1
137.7,-17.148,-218.54
137.31,-18.739,-303.64
134.75,-23.176,-448.68
104.85,-52.554,-278.84
145.94,-52.57,-124.7
96.562,-37.753,-51.516
149.25,-41.101,-341
106.74,-55.937,-13.784
110.32,-15.098,-80.493
120.36,-63.068,-164.44
116.15,-16.92,-379.6
142.25,-24.334,-20.489
124.58,-66.191,-333.67
138.99,-48.861,-13.175
117.25,-62.044,-170.08
99.366,-37.544,-98.916
139.41,-56.885,-95.731
140.15,-20.416,-303.77
95.252,-53.698,-455.9
116.84,-66.029,-426.03
100.9,-45.007,-315.49
99.36,-28.363,-76.48
108.85,-61.573,-356.89
101.87,-53.54,-352.9
129.79,-62.341,-118.58
152.24,-40.847,-172.28
143.4,-20.421,-116.71
131.4,-12.447,-13.887
138.37,-19.828,-320.68
97.964,-36.607,-371.51
102.13,-46.168,-290.92
103.73,-46.98,-232.54
107.63,-24.766,-289.63
92.427,-42.076,-447.51
102.59,-39.503,-187.33
129.07,-14.129,-167.46
152.46,-43.964,-243.71
147.73,-48.912,-346.19
145.29,-56.501,-171.2
142.72,-23.819,-33.57
128.81,-12.021,-77.385
95.295,-33.287,-34.128
113.26,-61.195,-255.24
134.13,-14.126,-104.25
104.02,-19.328,-3.38
116.46,-9.9629,-304.75
147.27,0.71223,-184.63
106.28,-19.205,-411.72
132.76,-48.815,-294.35
139.61,-41.881,-39.156
157.1,-10.736,-321.45
151.6,-44.986,-275.29
157.34,-7.1936,-243.31
154.62,-3.6584,-141.04
132.11,-42.289,-16.684
108.26,-2.8835,-4.5503
111.33,-25.379,-318.87
113.09,-30.612,-115.93
124.18,-3.1615,-228.22
129.72,5.0895,-77.103
115.44,-14.129,-213.09
163.21,-22.099,-260.59
152.91,-15.438,-428.05
153.69,-9.5294,-367.22
162.21,-31.981,-225.98
113.47,-36.969,-342.33
156.68,-38.478,-322.79
116.3,-37.001,-85.983
107.32,-15.81,-49.555
160.56,-26.507,-117.37
135.13,1.434,-216.87
117.99,-8.6057,-193.25
121.73,-47.547,-405.46
114.49,-11.256,-330.62
117.81,3.0943,-35.227
109.41,-8.4324,-50.765
154.52,-30.993,-55.891
122.2,2.138,-82.817
126.1,-44.791,-210.97
112.43,-23.496,-146.46
121.04,-5.9285,-246.51
148.38,-7.7641,-426.73
130.55,-0.081769,-246.84
133.32,-43.106,-37.934
135.82,-0.59494,-455.06
113.65,-38.548,-356.32
114.26,-28.622,-225.8
108.44,-18.895,-380.55
154.58,-20.433,-422.8
132.79,-48.515,-272.96
122.69,0.14761,-118.38
125.51,-2.3692,-236.92
122.19,-43.549,-276.52
163.69,-24.126,-228.99
105.65,-28.182,-417.06
113.78,-42.913,-414.02
105.48,-34.592,-447.6
162.89,-17.508,-236.29
158.79,-19.506,-355.78
109.19,-27.847,-53.779
150.27,-40.187,-97.141
106.36,-5.9395,-3.1057
153.64,-3.6542,-89.559
145.93,-0.74841,-293.77
143.88,-43.499,-93.554
150.54,-45.656,-273.71
131.68,2.795,-142.03
152.55,-7.9023,-364.36
160.37,-10.956,-225.26
117.8,-37.658,-245.06
119.4,-39.525,-234.65
162.88,-17.929,-179.37
159.55,-11.118,-128.47
149.1,-38.789,-438.96
112.28,-40.609,-402.92
113.79,-19.536,-194.86
162.43,-15.777,-184.11
116.05,-2.4201,-80.578
154.2,-42.187,-188.4
135.71,5.6789,-67.204
111.81,-7.6317,-416.92
145.58,2.2722,-26.529
145.22,-0.39282,-287.91
114.35,-44.347,-431.9
136.41,0.5985,-329.08
129.11,6.4973,-43.803
149.53,-40.721,-97.116
147.17,0.70625,-16.868
148.73,-40.89,-420.57
129.08,-47.564,-280.21
143.99,-4.2601,-435.78
138.75,3.0308,-155.21
105.91,-20.39,-29.579
159.62,-9.422,-200.12
112.4,-31.74,-319.16
125.96,-48.352,-373.68
158.89,-38.15,-255.55
160.79,-28.862,-134.18
154.03,-43.361,-255.64
147.11,0.47781,-203.05
133.64,-46.249,-137.65
123.17,-42.106,-77.221
105.68,-8.3553,-7.028
132.34,2.0819,-167.84
158.17,-24.859,-72.968
111.82,-13.106,-360.1
159.16,-13.55,-311.39
116.95,-9.6874,-296.3
114.6,-16.882,-221.3
145.96,2.3751,-75.457
161.98,-14.114,-197.42
153.51,-19.835,-436.99
124.46,-47.017,-340.95
147.42,-0.16,-0.59192
157.73,-24.223,-64.913
151.77,-27.948,-7.4984
106.9,-33.754,-421.26
163.6,-20.896,-217.71
154.57,-4.1333,-109.34
110.08,-18.793,-354.51
129.24,-45.497,-155.66
157.05,-10.334,-73.496
128.92,-46.166,-208.41
153.9,-25.852,-436.24
127.47,1.7077,-136.06
112.13,-27.728,-117.66
151.71,-30.261,-20.335
148.45,-42.351,-404.8
160.34,-20.779,-331.95
161.12,-13.629,-258.07
163.57,-23.814,-196.9
135.34,-46.494,-140.39
151.78,-39.276,-101.3
111.5,-30.967,-72.11
122.91,-2.6762,-340.26
146.49,-1.9731,-335.67
150.4,-42.635,-371.57
146.08,2.1755,-46.947
161.27,-32.747,-278
156.95,-34.443,-359.28
160.65,-30.605,-143.75
124.69,-43.942,-213.49
110.89,-26.499,-96.454
158.39,-7.8155,-163.13
161.69,-17.822,-287.88
114.37,-5.9928,-94.819
109.23,-30.076,-368.28
154.68,-16.766,-13.363
104.15,-21.624,-0.072616
158.55,-13.367,-322.2
142.78,-48.482,-318.38
156.66,-25.532,-396.33
117.93,-8.0995,-303.88
150.1,-35.065,-456.48
116.06,-41.604,-357.12
121.63,-47.678,-412.35
153.06,-29.393,-29.801
146.71,-5.3833,-415.71
119.73,-40.272,-38.156
162.26,-14.85,-199.47
105.48,-10.8,-13.789
108.65,-8.3491,-452.97
157.95,-9.6735,-100.97
109.95,-32.065,-365.4
112,-19.733,-135.43
148.61,-7.7893,-423.63
129.98,-44.483,-86.941
132.47,6.6587,-42.899
129.13,-45.393,-151.18
147.15,1.6877,-79.882
159.14,-18.173,-80.051
112.82,-36.078,-345.15
154.19,-7.9547,-37.141
126.06,-2.1032,-244.68
128.32,-46.012,-214.91
113.56,-36.163,-22.008
114.5,-29.771,-190.67
102.75,-25.516,-455.73
144.18,-46.507,-383.73
114.26,-40.105,-365.37
114.26,-18.322,-224.56
130.97,6.0561,-58.096
116.34,-34.447,-218
118.33,1.8068,-55.088
119.67,1.6473,-68.453
120.77,-0.76801,-111.85
119.77,-4.0087,-358.94
126.89,-48.767,-384.3
145.97,-5.6105,-430.83
113.91,-26.436,-224.13
106.6,-15.232,-38.891
161.1,-34.379,-251.63
155.39,-42.177,-235.63
117.01,-5.0153,-120.18
154.96,-27.407,-41.257
153.9,-4.8316,-69.591
117.37,-38.42,-68.149
154.26,-5.5905,-65.472
113.9,-27.441,-241.6
151.77,-28.621,-11.146
156.06,-37.976,-140.78
162.71,-24.064,-158.74
106.72,-34.257,-426.93
122.19,-44.078,-292.33
134.4,0.54978,-371.06
141.85,-0.63039,-358.07
130.65,3.2786,-123.28
157.56,-6.8005,-212.61
158.55,-8.6658,-243.04
137.55,-48.765,-248.1
158.44,-10.522,-288.58
153.34,-43.004,-193.07
113.83,-25.528,-219.05
154.45,-7.7759,-43.674
151.91,-33.383,-44.248
122.79,-0.47935,-419.14
119.93,-40.043,-100.89
113.73,-33.558,-90.107
124.1,-42.263,-51.273
128.48,-43.635,-62.366
155.76,-17.543,-28.419
114.13,-32.864,-287.2
160.2,-23.894,-102.27
119.82,1.1846,-75.75
142.11,1.745,-201.32
150.73,-2.8269,-283.75
160.2,-11.725,-257.06
119.46,-1.1371,-102.61
135.86,-49.346,-361.37
115.32,-35.622,-93.395
123.81,-43.082,-196.17
154.84,-42.594,-228.47
140.82,5.1269,-9.1317
112.48,-21.157,-149.54
113.29,-34.901,-325.67
149.68,-39.895,-418.91
142.38,-48.217,-347.45
139.67,-46.625,-146.41
157.27,-10.085,-309.04
114.78,-32.063,-154.24
118.76,-6.042,-162.81
141.02,0.78499,-270.88
121.25,-40.842,-139.23
148.05,-1.5004,-287.87
124.73,-2.5936,-216.7
153.79,-36.34,-90.839
115.65,-5.7641,-109.54
143.75,-46.195,-398.02
120.72,-47.105,-405.25
129.49,-43.385,-47.304
122.99,-0.55113,-133.63
148.82,-36.695,-43.174
125.62,-0.21079,-394.2
146.55,1.2374,-167.78
139.88,-48.987,-273.43
106.16,-8.0246,-11.071
151.07,-32.704,-456.79
148.71,-46.366,-225.19
113.72,-35.319,-52.3
135.96,-48.333,-433.67
162.13,-26.077,-296.39
156.31,-5.346,-150
120.36,-5.8317,-296.34
123.95,7.5686,-5.0847
153.96,-18.678,-426.9
115.67,-9.0062,-338.3
132.17,0.43391,-445.77
150.92,-0.68094,-139.3
162.06,-23.6,-139.63
151.69,-38.24,-407.49
152.43,-3.8848,-49.784
159.7,-33.597,-152.65
132.5,-49.374,-359.56
108.97,-20.431,-77.131
109.68,-24.485,-81.451
159.46,-28.92,-345.17
149.43,-39.37,-428.22
140.32,3.5309,-128.33
160.44,-10.906,-215.22
124.61,-41.772,-14.961
157.03,-33.799,-108.79
127.89,-0.62665,-209.37
135.56,-42.08,-22.985
113.48,-19.915,-181.51
145.27,-4.856,-427.93
117.18,-46.117,-430.18
136.86,2.4314,-178.88
109.43,-23.392,-354.9
133.1,0.90558,-225.57
152.96,-4.3435,-283.03
156.36,-15.827,-38.502
107.95,-20.021,-60.908
157.3,-26.659,-385.51
132.88,-49.104,-425.52
117.57,-5.1745,-130.1
120.48,-6.0634,-209.74
111.89,-38.047,-379.5
150.09,-7.6501,-399.52
156.5,-9.8277,-66.37
146.41,-36.78,-22.545
161.4,-14.99,-144.2
149.96,-6.1003,-377.95
144.33,-3.7575,-419.98
136.66,-49.224,-295.12
120.27,-6.7163,-245.53
129.68,-0.045789,-340.34
122.19,-46.332,-356.81
113.75,-24.384,-224.79
143.69,-43.213,-87.033
117.44,-37.245,-248.85
110.28,-12.203,-391.74
152.1,-39.534,-388.27
162.5,-18.666,-156.46
136.15,3.2924,-145.33
136.22,-47.762,-193.95
114.09,-31.338,-272.84
141.99,-39.318,-16.998
156.21,-32.839,-89.58
153.09,-36.796,-400.32
140.14,-48.151,-386.18
143.41,0.85472,-240.72
108.13,-30.436,-7.7368
155.68,-41.475,-282.9
160.13,-24.924,-103.87
118.11,-37.583,-224.66
114.69,-45.458,-451.62
121.81,5.8659,-24.01
137.72,-46.792,-148.82
116.29,-44.855,-412.92
154.93,-38.675,-133.14
121.04,-47.413,-411.27
109.6,-5.1135,-33.504
145.97,-5.2097,-423.85
114.24,-17.828,-206.17
156.82,-27.196,-63.51
158.15,-13.69,-332.99
125.09,-43.812,-183.49
151.65,-42.994,-344.02
134.19,4.4319,-106.5
135.24,-49.065,-401.07
116.9,1.9668,-41.341
118.5,-5.8417,-340.66
155.72,-17.18,-395.11
138.94,-48.927,-360.09
147.93,-46.651,-307.95
114.38,-29.33,-191.77
119.55,-40.013,-0.045635
140.41,5.312,-16.612
111.03,-31.357,-56.804
136.21,0.52854,-348.62
134.24,1.0002,-235.17
134.71,0.62233,-296.62
109.56,-37.23,-407.43
162.26,-31.661,-244.37
118.93,7.1222,-446.69
147.6,-30.771,-454.07
155.41,-29.606,-381.25
166.81,-1.0028,-394.5
161.38,6.7315,-421.83
121.4,6.4771,-405.02
127.94,13.792,-98.466
134.3,-31.895,-437.96
159.51,9.2176,-420.36
157.28,17.969,-175.02
132.98,11.918,-235.72
151.07,19.171,-180.04
151.86,19.988,-138.87
171.34,-18.052,-274.39
134.93,-26.175,-161.89
171.75,3.9337,-252.93
173.21,-14.806,-229.73
166.52,-18.68,-105.69
165.5,11.57,-267.48
159.49,17.546,-127.66
156.43,16.214,-291.88
135.85,14.559,-310.81
130.87,15.198,-417.37
135.62,-24.768,-5.0995
150.07,16.686,-371.09
119.47,-6.2298,-67.093
128.61,11.6,-366.77
150.04,-32.275,-341.35
121.52,12.966,-36.115
161.78,5.0241,-431.97
144.98,17.351,-374.1
140.49,25.049,-0.21835
122.95,-16.924,-44.664
166.66,2.994,-374.22
172.75,-6.4092,-135.05
127.45,-21.836,-301.17
116.58,-6.3798,-412.38
132.3,-24.181,-149.94
120.65,-21.177,-411.02
126.34,8.034,-137.56
156.43,19.384,-74.198
137.23,-27.919,-195.11
162.95,-27.261,-200.19
169.38,-3.9189,-70.006
152.71,-23.392,-27.806
151.9,15.886,-384.94
172.22,0.4476,-285.01
115.96,-3.3962,-426.14
121.73,3.7586,-376.11
133.84,13.569,-318.92
127.19,12.865,-412.13
128.38,13.694,-104.85
168.26,-21.479,-170.98
134.18,-25.952,-199.2
119.84,9.3721,-40.505
149.91,15.167,-444.4
126.07,4.7051,-302.41
170.35,6.5264,-141.61
122.28,1.3758,-111.63
164.89,10.004,-319.76
162.77,12.166,-27.055
136.91,-26.971,-120.49
122.21,-15.263,-54.568
119.29,-22.379,-443.71
130.11,-24.272,-284.07
116.94,6.0297,-21.113
163.65,-25.582,-335.13
174.06,-10.112,-254.75
132.51,11.459,-253.75
143.06,-30.489,-207.59
163.42,-9.2518,-455.99
131.35,16.589,-101
137.3,-27.42,-147.74
158.53,-27.724,-146.52
134.33,13.098,-229.06
156.85,17.145,-232.46
131.78,10.989,-274.12
168.59,-21.16,-172.8
172.55,-15.066,-186.16
138.04,-30.184,-289.45
168.21,1.2566,-361.01
138.37,-27.589,-121.39
166.29,-1.4364,-403.82
149.98,-23.23,-7.701
152.26,15.298,-402.8
163.85,6.1085,-390.94
133.78,-25.537,-189.39
165.44,-3.0034,-421.36
165.43,13.158,-190.01
167.7,6.8422,-72.418
163.33,13.264,-267.92
129.28,13.079,-386.71
130.68,10.011,-209.46
174.02,-2.4858,-183.86
129.03,-24.34,-310.39
159.28,-26.04,-397.95
138.05,-29.815,-273.15
169.23,-1.1594,-356.92
115.01,2.0232,-5.9028
160.46,12.676,-343.77
140.24,16.897,-206.3
136.29,15.934,-366.09
121.46,-4.1536,-338.05
119.95,10.555,-35.027
173.29,-14.253,-246.65
146.82,17.558,-287.94
133.13,22.159,-34.734
139.87,16.171,-300.02
115.76,-9.5499,-425.05
164.77,-23.052,-356.16
150.3,-30.153,-436.87
123.12,10.051,-422.41
142.24,16.887,-259.7
169.55,-21.754,-242.72
124.01,9.7927,-87.684
138.48,-30.198,-281.3
118,-1.9165,-49.274
116.29,-0.72208,-24.867
128.39,-20.862,-112.37
136.95,14.763,-282.14
117.52,11.479,-3.0994
126.96,-17.474,-168.3
165.38,-21.675,-362.6
170.34,-7.0035,-352.21
163.42,10.18,-18.511
165.35,6.4625,-26.682
130.05,-22.937,-76.414
130.39,9.5516,-214.46
169.51,-13.309,-104.8
171.98,-3.248,-313.74
143.8,-32.585,-354.33
162.79,9.0605,1.4075
167.11,-4.8066,-38.738
120.75,-14.528,-362.78
139.46,18.142,-155.66
133.72,-24.978,-49.16
137.66,16.67,-382.69
162.26,-27.292,-186.51
122.21,-17.561,-11.427
161.6,-27.81,-322.27
165,10.783,-300.88
165.02,-20.015,-100.35
172.18,-8.7651,-128.84
144.39,-26.254,-37.153
119.05,-9.9314,-376.41
168.39,-7.3314,-62.01
143.4,-32.611,-373.25
170.78,-17.283,-303.28
161.17,11.665,-354.2
174.5,-4.5638,-217.39
159.52,17.37,-148.43
151.75,17.518,-277.2
159.61,-21.81,-62.987
145.5,-32.369,-399.99
143.86,17.294,-346.01
133.16,-26.069,-250.17
115.97,-2.0588,-19.87
143.74,-32.399,-326.28
164.54,-20.652,-386.13
122.1,-2.7678,-118.64
159.21,17.097,-41.482
149.1,23.109,-5.7992
156.7,18.17,-174.62
116.61,-4.6233,-414.2
123.37,-1.648,-144.92
161.84,6.0469,-421.78
150.45,21.221,-94.747
155.75,-26.326,-94.351
131.34,23.463,-4.0212
119.14,-9.0562,-373.96
135.56,15.155,-345.1
130.6,11.089,-177.83
118.03,-6.7037,-390.84
143.88,-29.348,-137.3
160.19,-28.72,-323.65
155.83,19.653,-83.274
161.16,-21.989,-422.15
160.3,-21.29,-441.21
160.04,-26.844,-143.53
162.23,-15.39,-29.856
129.8,9.5689,-297.19
142.32,23.961,-29.418
129.8,12.4,-140.61
152.07,-29.496,-142.16
161.33,14.266,-27.312
121.64,-14.434,-347.17
147.38,-31.023,-195.6
159.76,-21.735,-444.52
156.65,19.023,-114.53
162.74,-13.952,-454.12
159.44,16.513,-214.14
160.67,10.781,-378.88
124.5,4.5628,-336.09
151,19.924,-146.84
159.21,10.635,-403.99
161.65,15.927,-88.302
143.33,18.613,-178.01
173.7,-12.99,-214.13
164.61,8.4843,-26.499
136.6,24.628,-6.0529
158.52,15.228,-298.54
127.04,15.31,-72.453
129.01,15.45,-450.22
172.72,-2.176,-290.94
169.62,-0.083194,-344.71
168.63,-15.311,-360.46
132.29,-31.038,-422.35
126.49,4.6185,-182.57
161.64,-19.992,-62.969
169.58,8.016,-238.7
160.86,10.41,-382.06
125.34,3.3368,-164.09
135.22,-26.268,-146.16
151.36,19.737,-153.18
140.02,-29.768,-225.95
167.81,-7.4562,-392.52
135.14,-32.133,-444.93
132.68,-29.839,-372.3
125.68,-19.17,-68.036
148.29,-32.312,-279.03
169.2,-4.8368,-368.62
133.79,-25.183,-74.691
147.97,18.827,-197.2
158.24,-29.284,-344.43
169.39,2.7833,-328.8
124.58,-18.555,-51.601
124.11,-12.544,-135.9
166.29,-25.245,-225.64
136.14,14.299,-235.09
163.12,-27.14,-306.37
158.85,-23.126,-72.107
133.83,-25.122,-61.154
144.76,-31.6,-250.83
160.83,-28.99,-226.28
152.82,13.521,-445.34
120.04,-11.805,-47.892
155.18,13.483,-409.96
132.98,-30.233,-380.37
142.67,22.573,-66.591
170.59,6.3909,-243.66
146.78,-26.543,-49.859
158.05,14.38,-338.52
138.2,-27.19,-96.596
162.69,15.394,-165
161.33,-19.293,-53.165
119.86,-22.349,-434.84
174.25,-4.601,-185.57
151.06,16.124,-387.49
132.44,14.663,-379.78
148.02,22.631,-53.382
162.95,15.232,-162.15
164.61,-12.574,-431.5
161.43,-19.826,-437.91
123.22,10.281,-424.31
162.97,6.6274,-399.12
161.47,15.993,-180.94
171.64,4.9955,-229.5
173.96,-10.008,-260.91
146.15,18.462,-206.09
169.77,-2.7524,-353.9
126.46,7.6996,-143.38
157.03,12.897,-394.86
160.03,17.244,-97.349
118.57,0.34971,-401.92
160.8,-22.006,-427.04
163.84,-21.191,-391.46
167.33,-20.81,-142.48
146.79,23.976,-0.82807
137.48,-27.638,-160.45
148.12,18.351,-222.64
121.77,-16.748,-18.859
119.38,-21.676,-434.8
152.46,-31.997,-273.41
128.9,-30.474,-453.81
173.24,-6.0254,-146.94
132.87,-26.212,-264.18
150.18,16.979,-345.86
156.15,19.026,-130.78
133.8,-31.717,-433.78
135.44,-25.804,-64.732
126.03,15.454,-60.807
119.86,-10.019,-57.536
133.47,16.864,-447.59
128.74,20.01,-34.476
125.31,11.438,-90.43
171.33,3.4467,-276.13
142.6,-27.078,-57.804
140.44,23.529,-39.441
126.31,-15.816,-226.5
153.43,17.73,-245.25
154.12,20.554,-64.03
122.88,-18.435,-5.1965
139.46,-26.75,-57.928
134.34,22.05,-43.565
133.51,12.933,-301.55
165.26,3.8864,-389.13
129.07,11.439,-142.73
136.98,17.763,-139.15
138.84,-26.996,-74.749
160.45,-20.788,-59.641
130.87,10.107,-274.82
124.97,17.943,-26.469
127.71,-18.746,-168.66
123.59,-1.5756,-302.63
173.59,-2.5706,-265.66
144,-31.371,-246.09
127.24,-26.796,-386.11
147.21,-31.896,-248.33
159.18,-24.211,-425
164.05,9.048,-20.58
126.12,14.009,-451.28
124.45,-9.9346,-175.9
131.8,-24.072,-216.43
160.51,-16.476,-20.813
168.25,6.9395,-85.322
156.97,-26.304,-103.57
135.35,-25.308,-33.057
149.21,-32.381,-289.67
119.31,-9.8777,-48.291
165.68,12.919,-192.8
140.7,-29.801,-212.14
128,-19.408,-156.39
168.55,-15.078,-102.69
160.81,16.105,-60.128
161.69,-26.75,-347.41
124.13,-0.63815,-294.69
148.17,-32.535,-320.19
165.47,8.1221,-39.418
124.85,-12.354,-254.65
141.16,22.191,-72.344
162.46,15.595,-157.33
168.31,-21.246,-312.01
126.54,9.3642,-126.99
126.98,-21.462,-14.13
141.8,18.778,-159.83
158.2,16.334,-252.16
130.38,9.2626,-234.61
157.16,18.836,-48.321
154.27,-31.103,-345.7
159.68,17.491,-111.97
150.44,-22.465,0.14557
156.83,16.648,-261.37
152.05,-31.941,-258.06
159.24,16.673,-209.6
127.45,4.981,-248.02
129.73,-30.581,-444.59
142.23,-32.488,-421.08
124.91,1.3047,-170.95
130.01,15.833,-449.24
169.2,-4.5625,-67.858
98.893,-117.49,-342.81
62.412,-88.744,-309.87
79.713,-85.838,-193.27
100.31,-111.85,-151.76
68.627,-77.448,-457.6
53.15,-118.85,-235.28
98.343,-99.918,-415.32
71.91,-86.284,-249.4
95.844,-99.443,-51.976
84.458,-84.289,-77.695
90.118,-125.48,-90.644
97.428,-115.24,-393.73
51.327,-111.85,-324.66
74.616,-85.654,-266.42
68.535,-78.531,-439.61
53.252,-97.016,-346.37
58.051,-91.836,-322.09
51.188,-114.81,-163.5
98.325,-108.27,-93.836
74.032,-82.927,-109.35
90.851,-119.01,-39.304
97.48,-101.49,-87.294
97.677,-96.136,-334.55
81.766,-129.85,-387.15
61.316,-81.427,-434.43
90.005,-121.83,-54.064
49.741,-110.04,-397.89
48.623,-108.28,-437.69
56.078,-124.47,-48.471
69.623,-83.427,-352.83
69.311,-133.09,-319.32
57.234,-123.54,2.4836
44.89,-105.23,-19.673
86.096,-84.973,-67.293
54.986,-87.551,-67.994
54.506,-97.41,-173.95
81.861,-126.66,-41.364
73.668,-83.89,-328.23
63.51,-88.568,-174.26
70.347,-127.93,-438.85
59.403,-126.48,-363.91
51.646,-95.708,-391.1
89.942,-89.081,-134.77
99.636,-114.61,-144.15
70.17,-132.56,-106.57
68.952,-87.136,-241.2
91.438,-130.33,-185.53
70.275,-133.05,-328.02
78.307,-134.04,-140.25
78.462,-127.4,-33.755
99.997,-112.36,-354.28
81.469,-81.69,-392.66
97.466,-97.707,-159.75
87.608,-126.58,-396.3
78.43,-131.93,-363.26
65.652,-77.651,-14.335
91.693,-129.95,-289.79
91.28,-89.644,-47.002
87.986,-88.287,-257.37
60.166,-127.21,-53.913
72.534,-81.61,-83.415
65.166,-82.086,-73.017
83.581,-86.798,-209.49
65.084,-86.06,-135.89
84.7,-129.81,-98.319
86.218,-83.758,-389
47.072,-91.032,-12.996
55.32,-84.71,-449.15
51.462,-96.415,-388.83
50.951,-111.83,-170.74
48.497,-105.82,-427.63
97.223,-95.362,-335.32
60.153,-127.43,-351.47
96.051,-122.36,-134.68
66.057,-82.162,-77.752
49.365,-115.87,-70.682
54.395,-122.43,-199.79
92.581,-91.697,-41.907
60.313,-127.34,-55.344
57.209,-88.673,-379.82
81.401,-84.506,-122.31
93.606,-88.818,-444.96
101.43,-110.57,-305.08
93.463,-91.444,-293.73
57.624,-85.28,-66.909
98.93,-103.82,-408.53
88.274,-84.867,-391.89
94.351,-103.68,-11.606
70.61,-127.27,-12.452
51.51,-112.88,-195.86
47.945,-102.35,-78.24
51.872,-110.89,-242.76
50.326,-93.839,-70.111
63.246,-127.47,-405.83
53.192,-121.47,-135.16
70.367,-80.798,-67.966
96.108,-106.22,-46.498
57.841,-93.208,-299.7
62.2,-130.4,-290.65
50.487,-117.6,-87.801
51.811,-118.21,-145.58
58.234,-86.983,-91.199
81.64,-83.261,-357.58
92.572,-121.94,-81.922
99.777,-107.57,-379.11
60.187,-126.92,-369.77
43.912,-104.13,-0.46576
49.508,-117.39,-14.919
90.096,-88.384,-73.171
94.437,-121.52,-382.22
72.168,-85.858,-273.58
67.187,-131.62,-342.11
52.517,-116.97,-223.55
83.963,-83.385,-58.28
59.517,-88.91,-347.23
54.271,-99.288,-201.5
50.705,-114.09,-416.71
79.076,-81.573,-64.746
48.438,-103.93,-92.187
89.341,-85.072,-408.84
96.835,-94.576,-357.63
98.3,-123.59,-252.38
99.977,-120.33,-241.34
71.155,-128.2,-435.17
92.438,-91.329,-151.31
72.369,-82.046,-91.36
97.752,-117.51,-367.79
101.28,-112.51,-192.23
48.792,-101.8,-419.23
74.441,-84.433,-145.9
49.717,-104.53,-385.71
54.012,-86.966,-439.3
65.812,-80.711,-56.288
63.43,-129.82,-84.276
99.249,-116.45,-146.08
59.65,-127.88,-84.568
90.223,-125.81,-95.476
98.26,-123.69,-249.03
92.826,-128.9,-293.63
75.574,-135.84,-230.84
70.663,-130.93,-71.418
59.11,-128.69,-172.27
57.223,-88.453,-98.956
53.452,-122.36,-80.614
64.173,-79.061,-450.17
51.416,-108.25,-311.23
98.092,-97.774,-228.6
82.928,-132.03,-121.49
58.636,-83.294,-432
88.491,-88.324,-151.55
99.898,-115.42,-335.26
97.828,-112.6,-95.077
54.28,-119.35,-451.79
81.261,-86.266,-235.32
69.38,-131.95,-95.125
80.217,-80.457,-411.8
99.922,-100.88,-296.66
62.021,-82.578,-413.13
63.22,-82.404,-68.313
85.928,-126.34,-63.908
98.984,-98.856,-340.16
73.652,-86.01,-247.48
73.403,-85.473,-178.25
75.774,-135.24,-279.18
87.972,-88.323,-253.73
73.96,-131.83,-369.07
77.344,-80.476,-400.27
50.349,-91.595,-448.8
90.704,-124.78,-89.124
51.177,-100.7,-362.58
95.932,-122.88,-341.9
65.165,-84.125,-103.19
83.314,-126,-42.587
74.307,-126.43,-7.2385
54.023,-119.84,-410.19
57.105,-124.37,-21.844
96.764,-105.83,-58.892
52.644,-100.95,-318.86
56.653,-94.875,-294.84
78.235,-129.88,-400.24
68.631,-134.23,-179.65
58.481,-90.71,-143.81
80.855,-83.599,-344.75
51.476,-107.8,-190.83
70.264,-129.85,-52.716
53.839,-122.65,-125.5
68.748,-127.19,-449.45
51.05,-114.97,-450.97
91.153,-125.41,-100.81
73.566,-134.83,-161.28
97.449,-106.6,-73.464
68.438,-134.41,-204.74
91.696,-91.301,-3.5032
73.115,-84.396,-317.16
94.942,-92.613,-312.31
73.32,-135.26,-182.38
88.929,-84.487,-417.19
68.75,-84.898,-327.84
81.136,-85.883,-268.6
50.526,-109.48,-356.56
56.833,-122.13,-439.09
87.099,-87.816,-261.43
52.749,-102.35,-296.85
96.112,-124.23,-159.82
72.239,-77.426,-452.28
58.633,-126.79,-321.49
89.959,-119.2,-31.889
82.34,-125.24,-454.16
97.601,-123.32,-296.21
84.022,-86.957,-220.3
91.118,-90.206,-154.21
85.52,-129.7,-102.68
98.267,-99.159,-163.87
81.251,-126.98,-434.19
63.9,-129.39,-68.531
66.611,-127.39,-435.92
99.963,-109.18,-369.39
86.407,-86.082,-325.18
94.396,-92.239,-299.85
101.59,-112.38,-211.66
53.198,-122.05,-83.882
89.997,-127.94,-119.56
71.369,-127.33,-451.89
47.689,-113.29,-44.287
77.809,-132.92,-344.7
59.271,-128.86,-183.69
67.568,-129.62,-393.81
81.93,-132.95,-329.44
52.217,-119.97,-122.65
49.535,-106.38,-390.57
47.679,-103.33,-452.68
63.503,-131.09,-125.37
77.331,-79.439,-30.748
52.116,-120.45,-91.619
77.089,-130.6,-390.39
49.898,-116.46,-83.841
94.954,-127.03,-184.89
81.771,-80.696,-416.63
93.66,-129.32,-227.07
82.227,-85.918,-167.81
52.147,-99.226,-140.81
68.318,-78.319,-27.977
78.127,-78.044,-451.68
90.023,-88.896,-289.84
100.65,-118.24,-262.13
71.532,-83.938,-127.98
76.629,-135.66,-196.31
59.101,-126.97,-333.93
76.958,-81.908,-82.527
51.979,-97.824,-125.13
62.405,-80.42,-440.9
89.558,-86.226,-377.64
57.929,-126.93,-262.44
74.104,-81.606,-375.7
87.537,-133.15,-263.77
58.792,-128.38,-167.71
82.529,-129.57,-81.072
101.1,-107.18,-190.88
51.723,-112.62,-299.21
54.655,-97.707,-183.3
98.529,-122.56,-201.45
92.096,-130.49,-256.55
56.476,-124.54,-308.58
92.577,-87.491,-439.53
49.045,-102.47,-410.36
97.861,-123.37,-192.69
94.597,-127.75,-279.12
79.886,-134.53,-160
60.55,-91.857,-249.94
90.495,-89.45,-275.93
88.256,-86.229,-46.014
82.678,-86.112,-273.69
74.715,-77.083,1.1669
97.667,-122.15,-315.11
49.677,-104.14,-119.23
62.767,-128.29,-378.45
79.231,-126.29,-23.701
68.15,-79.221,-429.62
67.698,-77.79,-19.642
59.852,-91.577,-185.46
82.036,-83.056,-75.267
51.323,-115.48,-435.88
61.031,-130.3,-224.55
76.111,-127.39,-447.18
51.649,-94.442,-401.76
86.537,-87.871,-215.07
60.433,-83.404,-414.56
52.677,-92.347,-403.36
93.054,-123.77,-105.42
99.147,-105.79,-117.39
70.977,-85.477,-165.33
63.014,-87.489,-143.86
45.553,-108.78,-20.769
56.797,-89.416,-105.78
79.468,-83.846,-332.23
81.324,-85.076,-304.82
56.99,-95.332,-268.44
100.99,-104.33,-290.89
99.555,-115.31,-345.86
91.709,-129.68,-173.76
57.566,-127.14,-148.22
48.031,-110.24,-80.676
65.141,-80.664,-53.381
66.967,-133.4,-272.09
67.507,-128,-25.288
51.954,-112.66,-250.15
99.012,-99.566,-217.49
99.446,-99.729,-302.6
97.641,-100.12,-447.72
52.345,-105.01,-278.82
80.628,-132.88,-124.31
50.8,-90.488,-51.33
95.003,-124.18,-340.29
46.137,-111.31,-13.88
76.49,-81.697,-79.7
55.109,-124.11,-164.51
85.975,-84.024,-378.71
93.784,-109.86,-19.587
59.835,-127.62,-333.72
75.377,-126.62,-12.81
53.497,-121.27,-170.16
54.063,-91.684,-98.686
72.258,-132.27,-95.505
100.55,-102.84,-302.74
47.921,-98.059,-455.95
55.923,-121.66,-426.13
54.923,-96.348,-315.34
59.491,-84.857,-76.067
51.23,-113.76,-356.99
50.962,-103.16,-352.91
61.852,-130.05,-118.56
93.972,-127.5,-171.58
99.165,-106.69,-115.69
92.965,-93.836,-12.85
99.917,-101.09,-319.64
59.23,-87.5,-371.2
54.611,-98.258,-290.79
54.108,-100.46,-232.42
72.55,-85.412,-289
53.048,-87.417,-447.35
57.106,-94.427,-187.09
93.282,-92.187,-166.44
93.618,-129.36,-243.05
88.932,-129.14,-345.65
78.565,-135.03,-170.89
94.741,-109.64,-32.649
92.572,-91.252,-76.348
52.338,-86.416,-33.866
52.753,-117.26,-255.31
95.848,-96.027,-103.2
67.353,-81.616,-2.755
89.134,-79.599,-303.73
117.11,-92.349,-183.12
77.609,-79.131,-410.96
76.454,-119.94,-293.97
80.878,-121.43,-38.635
120.12,-106.15,-320.05
92.951,-129.29,-274.65
120.96,-104.32,-241.85
119.03,-100.83,-139.56
74.404,-117.13,-16.251
81.185,-71.728,-3.5463
75.594,-87.982,-318.21
69.38,-95.029,-115.42
97.832,-80.067,-227.01
104.25,-78.729,-75.706
83.78,-82.998,-212.2
116.24,-119.35,-259.37
116.09,-106.05,-426.76
119.23,-102.6,-365.81
108.42,-126.61,-224.99
70.274,-98.016,-341.88
102,-127.12,-321.96
67.121,-102.27,-85.579
73.093,-80.605,-48.814
108.42,-122.37,-116.3
108.94,-83.688,-215.46
88.871,-80.592,-192.22
71.115,-110.83,-405.13
87.326,-79.078,-329.65
92.977,-72.997,-33.999
79.457,-76.283,-49.852
99.634,-122.51,-54.996
96.709,-76.101,-81.553
72.207,-113.36,-210.59
74.079,-88.869,-145.8
94.03,-79.999,-245.38
117.53,-97.28,-425.32
105.08,-81.628,-245.5
75.243,-118.34,-37.5
113.09,-83.449,-453.62
69.692,-99.213,-355.91
73.834,-93.228,-225.21
78.823,-80.579,-379.78
114.06,-111,-421.59
76.227,-119.93,-272.58
96.547,-77.611,-117.14
99.544,-80.236,-235.68
71.368,-109.28,-276.14
114.65,-121.51,-227.82
71.474,-85.557,-416.49
68.177,-102.09,-413.68
67.854,-90.068,-447.16
118.44,-115.86,-234.99
116.49,-113.63,-354.53
66.882,-90.99,-53.265
91.327,-126.43,-96.466
77.74,-72.865,-2.1834
117.22,-100.68,-88.104
117.4,-91.579,-292.28
84.229,-124.9,-93.011
91.676,-129.14,-273.1
105.62,-81.135,-140.65
119.34,-100.65,-362.94
120.49,-109.32,-223.85
71.133,-102.24,-244.61
70.951,-104.8,-234.23
116.99,-116.71,-178.09
117.76,-109.83,-127.1
98.404,-121.4,-438.18
68.276,-99.468,-402.55
78.664,-86.25,-194.09
118.13,-114.73,-182.79
89.029,-75.667,-79.468
94.947,-129.63,-187.7
109.01,-82.216,-65.739
89.387,-73.768,-415.87
113.55,-91.553,-25.048
116.97,-90.908,-286.42
68.06,-103.39,-431.58
111.7,-84.095,-327.64
104,-77.573,-42.392
90.421,-126.37,-96.459
113.56,-93.864,-15.406
96.387,-122.94,-419.84
74.144,-116.75,-279.85
116.6,-91.688,-434.34
111.47,-85.375,-153.75
68.662,-83.398,-28.95
120.38,-107.9,-198.69
72.334,-93.54,-318.63
73.185,-114.47,-373.34
102.52,-128.92,-254.71
107.43,-124.17,-133.16
95.449,-129.79,-254.96
117.22,-92.252,-201.54
75.534,-120.01,-137.25
68.919,-110.68,-76.856
75.751,-74.244,-6.1609
106.21,-81.864,-166.46
106.73,-119.99,-71.907
84.708,-78.507,-359.18
119.68,-109.72,-310.03
89.511,-79.782,-295.27
81.535,-84.488,-220.47
114.92,-91.262,-73.957
119.13,-113.04,-196.07
113.91,-109.73,-435.77
72.21,-112.79,-340.61
112.86,-94.844,0.85095
106.64,-119.3,-63.845
98.486,-118.86,-6.5807
68.935,-90.585,-420.8
116.43,-119.09,-216.48
118.03,-101.46,-107.88
79.602,-81.795,-353.73
73.017,-116.44,-155.28
115.21,-108.14,-72.149
73.431,-116.25,-208.03
110.33,-114.59,-435.14
101.58,-79.32,-134.74
70.534,-92.187,-117.1
97.223,-120.48,-19.462
94.907,-124.03,-404.11
116.37,-115.82,-330.71
120.03,-111.55,-256.71
114.1,-121.5,-195.74
76.732,-121.26,-139.98
93.158,-126.67,-100.59
67.033,-94.696,-71.633
99.49,-77.826,-339.02
117.91,-92.481,-334.19
95.535,-125.81,-370.87
114.29,-91.76,-45.457
108.28,-126.1,-277.02
105.56,-123.86,-358.35
106.4,-125.32,-142.76
71.725,-111.78,-213.11
69.935,-90.649,-95.885
119.71,-106.23,-161.7
118.39,-114.84,-286.58
85.738,-77.188,-93.795
71.989,-89.765,-367.73
108.02,-112.11,-12.186
65.905,-83.487,0.50561
119.56,-109.09,-320.84
84.842,-125.9,-317.89
111.82,-116.49,-395.21
91.44,-79.125,-302.81
101.93,-119.02,-455.6
69.591,-103.1,-356.74
71.099,-110.81,-412.02
99.011,-120.59,-28.895
117.55,-94.483,-414.27
66.66,-107.43,-37.797
118.91,-113.76,-198.13
74.166,-75.924,-12.972
87.254,-71.951,-451.96
116.9,-107.96,-99.592
71.205,-91.78,-364.88
75.94,-85.814,-134.71
117.62,-97.476,-422.23
72.815,-116.79,-86.555
106.66,-79.614,-41.452
72.91,-116.33,-150.81
115.48,-92.512,-78.384
111.91,-115.43,-78.842
70.407,-96.889,-344.7
113.8,-104.82,-35.782
100.29,-80.309,-243.42
73.211,-115.69,-214.54
64.237,-100.47,-21.63
72.547,-94.587,-190.1
71.766,-81.289,-455.13
88.53,-124.66,-383.17
69.344,-100.71,-364.98
80.42,-85.345,-223.76
105.44,-78.972,-56.672
71.521,-99.097,-217.51
92.959,-74.13,-53.876
94.164,-74.991,-67.228
94.355,-77.141,-110.66
96.615,-76.654,-357.75
73.849,-115.29,-383.96
117.15,-94.041,-429.4
74.933,-91.342,-223.49
72.697,-79.803,-38.147
106.56,-127.49,-250.69
96.841,-129.95,-234.91
88.916,-77.899,-119.1
101.97,-120.18,-40.288
116.25,-101.94,-68.163
66.661,-104.22,-67.768
115.95,-102.79,-64.057
74.637,-91.937,-240.99
98.127,-119.34,-10.241
98.092,-128.05,-139.99
112.49,-121.5,-157.6
68.596,-90.805,-426.47
71.356,-109.54,-291.96
111,-82.446,-369.64
115.68,-88.259,-356.6
104.75,-80.277,-121.9
120.74,-104.45,-211.14
120.94,-106.23,-241.6
79.196,-123.41,-247.68
120.6,-107.15,-287.17
93.858,-129.66,-192.4
75.348,-90.641,-218.4
114.25,-104.79,-42.307
95.86,-122.77,-43.431
102.44,-75.324,-417.84
68.254,-106.79,-100.5
67.449,-97.945,-89.657
68.996,-111.64,-50.909
71.704,-115.4,-61.984
108.66,-113.26,-27.243
72.275,-95.813,-286.68
109.51,-120.28,-101.17
94.129,-75.37,-74.531
114.17,-88.083,-199.84
119.54,-96.347,-282.26
120.52,-109.5,-255.66
92.921,-76.668,-101.43
79.873,-121.71,-360.96
67.407,-100.51,-92.97
71.244,-110.72,-195.79
96.001,-129.98,-227.77
111.37,-86.47,-7.643
75.685,-87.08,-148.83
71.118,-96.471,-325.19
97.723,-122.81,-418.15
85.309,-125.16,-346.96
80.09,-124.09,-145.96
120.41,-105.87,-307.62
70.541,-96.871,-153.73
90.474,-79.405,-161.72
114.15,-87.464,-269.41
69.545,-107.89,-138.84
118.43,-93.576,-286.38
98.378,-80.092,-215.47
96.367,-125.81,-90.052
87.173,-77.699,-108.5
88.701,-124.02,-397.45
70.618,-109.85,-404.93
72.324,-116,-46.911
96.644,-78.195,-132.4
91.347,-123.34,-42.455
104.27,-77.172,-392.87
116.55,-91.639,-166.27
81.363,-124.84,-272.99
76.411,-74.258,-10.191
104.19,-117.83,-455.86
88.815,-128.96,-224.62
65.524,-99.64,-51.895
82.094,-120.31,-433.22
113.6,-121.37,-295.26
119.43,-103.12,-148.54
94.604,-79.021,-295.2
99.93,-73.796,-3.7125
114.8,-109.23,-425.66
89.834,-78.041,-337.26
110.77,-80.404,-444.34
118.08,-96.188,-137.8
111.9,-120.9,-138.49
100.09,-122.94,-406.68
115.32,-100.46,-48.355
103.94,-126.92,-151.73
77.244,-119.59,-359.18
71.963,-84.948,-76.461
69.993,-88.472,-80.856
110.74,-121.38,-344.11
98.06,-122.15,-427.45
112.43,-86.251,-126.85
120.37,-109.43,-213.81
68.952,-111.93,-14.591
100.86,-125.78,-107.91
101.91,-80.687,-208.07
77.313,-119.13,-22.512
77.911,-86.471,-180.75
117.04,-93.041,-426.49
69.059,-106.58,-429.87
110.12,-84.396,-177.44
76.156,-84.896,-354.21
107.23,-82.709,-224.19
120.26,-98.95,-281.55
110.43,-112.23,-37.283
71.107,-84.13,-60.244
111.37,-117.87,-384.41
79.07,-119,-425.11
89.446,-78.286,-129.02
92.752,-80.087,-208.63
69.144,-97.479,-379.09
118.35,-98.545,-398.1
114.97,-107.47,-65.019
89.015,-122.04,-21.857
117.02,-113.84,-142.89
118.79,-97.475,-376.51
116.85,-91.666,-418.53
79.194,-122.75,-294.71
92.916,-80.12,-244.43
106.37,-80.158,-338.99
71.237,-110.65,-356.47
76.138,-89.658,-224.11
84.135,-124.62,-86.487
71.204,-101.66,-248.4
84.761,-76.527,-390.81
99.171,-124.37,-387.49
115.75,-117.25,-155.21
109.44,-83.596,-143.89
77.699,-122.3,-193.55
72.93,-94.755,-272.29
83.885,-121.2,-16.407
100.44,-124.69,-88.698
101.94,-122.8,-399.47
84.431,-123.31,-385.69
115.4,-89.23,-239.23
63.461,-92.73,-7.2982
98.488,-129.15,-282.15
108.82,-121.01,-102.78
71,-102.58,-224.21
68.019,-104.28,-451.31
97.593,-73.551,-22.689
78.545,-122.95,-148.39
68.83,-105.21,-412.59
96.616,-127.93,-132.38
70.793,-110.23,-410.94
81.384,-74.03,-32.525
117.26,-93.798,-422.42
80.345,-85.13,-205.37
104,-121.01,-62.513
119.27,-108.98,-331.64
71.494,-112.22,-183.11
95.692,-127.15,-343.32
107.86,-81.827,-105.06
80.398,-120.72,-400.65
91.687,-73.223,-40.143
94.085,-77.413,-339.53
116.45,-109.51,-393.83
82.477,-123.38,-359.64
89.745,-127.9,-307.37
72.765,-94.166,-191.2
65.898,-107.48,0.30672
111.33,-85.994,-15.122
66.103,-94.835,-56.343
111.91,-83.839,-347.18
108.36,-83.278,-233.77
109.74,-83.289,-295.21
68.455,-95.089,-407.01
109.04,-126.22,-243.36
104.94,-66.76,-445.27
102.72,-114.15,-453.13
107.94,-118.96,-380.23
135.32,-104.24,-392.78
136.69,-94.569,-420
105.56,-69.237,-403.59
108.92,-70.714,-96.903
91.474,-106.62,-437.19
136.83,-91.478,-418.5
135.66,-85.645,-173.07
114.42,-74.098,-234.11
131.78,-80.688,-178.12
132.06,-80.957,-136.93
125.36,-121.35,-273.01
89.918,-105.23,-161.06
139.35,-104.97,-251.1
127.95,-120.48,-228.27
117.77,-120.31,-104.41
139.77,-94.964,-265.55
136.11,-87.836,-125.7
136.31,-85.349,-289.94
119.86,-73.211,-309.09
118.66,-68.52,-415.67
88.101,-106.07,-4.2758
133.37,-80.152,-369.18
88.924,-80.911,-66.032
113.58,-70.302,-365.18
101.29,-117.93,-340.45
102.18,-67.812,-34.648
136.11,-96.038,-430.17
129.97,-76.347,-372.22
123.74,-71.082,1.6733
84.255,-91.55,-43.793
137.35,-101.27,-372.42
131.04,-114.65,-133.46
89.854,-95.791,-300.29
93.756,-75.921,-411.26
88.936,-102.13,-149.1
87.336,-89.881,-410.16
104.8,-73.732,-136.12
133.84,-84.968,-72.247
91.245,-107.73,-194.29
111.48,-123.71,-199.09
128.71,-111.18,-68.407
102.55,-115.78,-26.781
134.55,-81.814,-383.02
138.14,-107.64,-283.24
95.478,-73.103,-424.96
103.46,-71.802,-374.74
117.85,-72.601,-317.24
114.24,-67.99,-410.51
109.33,-71.015,-103.28
118.65,-122.96,-169.73
90.254,-104.23,-198.36
98.674,-69.441,-39.127
133.8,-80.529,-442.51
105.87,-74.561,-301
137.64,-103.13,-139.77
96.88,-76.468,-110.37
139.37,-95.277,-317.85
133.08,-95.012,-25.202
90.063,-107.5,-119.67
84.956,-89.705,-53.668
86.2,-89.622,-442.89
89.976,-99.53,-283.22
93.905,-70.322,-19.837
115.88,-121.6,-333.97
132.14,-117.2,-253.18
114.14,-73.98,-252.15
94.322,-113.33,-206.76
128.7,-107.8,-454.45
113.38,-70.738,-99.345
90.644,-107.85,-146.91
106.69,-121.73,-145.5
116.07,-74.122,-227.41
136,-85.465,-230.51
113.7,-73.679,-272.54
119.15,-122.92,-171.53
126.38,-120.67,-184.73
92.366,-109.1,-288.64
137.15,-103.72,-359.24
90.809,-108.91,-120.56
134.84,-104.16,-402.12
100.15,-114.1,-6.7042
134.82,-82.326,-400.89
137.55,-96.927,-389.11
90.012,-103.74,-188.56
133.54,-104.64,-419.69
139.13,-94.431,-188.07
134.38,-101.83,-70.614
139.2,-92.267,-265.97
115.45,-69.413,-385.08
110.88,-74.327,-207.92
135.54,-111.99,-182.15
89.644,-98.637,-309.54
113.54,-118.55,-396.81
92.269,-108.98,-272.34
136.3,-106.27,-355.19
89.543,-72.299,-4.7316
138.2,-90.162,-341.85
122.57,-75.227,-204.53
122.23,-71.921,-364.33
97.385,-78.048,-336.86
99.406,-68.659,-33.625
128.72,-119.95,-245.18
129.72,-78.177,-286.07
116.95,-68.239,-32.965
123.76,-74.662,-298.24
91.35,-77.7,-424
118.8,-120.18,-354.93
104.83,-115.57,-435.9
109.53,-67.439,-420.89
125.2,-76.016,-257.9
120.95,-123.33,-241.44
103.11,-71.354,-86.244
92.526,-109.48,-280.49
90.194,-76.825,-48.143
89.148,-75.042,-23.735
87.296,-97.427,-111.51
120.24,-74.031,-280.42
97.475,-66.688,-1.7105
89.533,-93.385,-167.37
120.29,-119.47,-361.33
133.3,-111.5,-350.59
132.13,-97.034,-16.694
131.39,-101.05,-24.921
86.492,-100.42,-75.589
110.47,-74.446,-212.93
123.49,-118.13,-103.38
136.17,-110.04,-312.04
96.576,-114.03,-353.5
130.52,-97.674,3.1896
125.75,-110.7,-37.187
90.691,-85.309,-361.8
121.72,-74.245,-153.88
87.425,-104.6,-48.347
124.1,-72.085,-380.9
110.65,-123.42,-185.42
82.589,-91.873,-10.585
112.62,-122.11,-321.17
139.57,-94.93,-298.96
115.65,-120.43,-99.114
128.96,-116.14,-127.29
94.529,-112.54,-36.265
92.622,-80.566,-375.34
125.59,-113.24,-60.493
96.643,-113.62,-372.41
126.02,-120.13,-301.88
138.3,-91.292,-352.29
135.26,-113.58,-215.72
136.44,-87.794,-146.47
133.25,-81.476,-275.28
109.58,-118.67,-61.853
98.965,-114.53,-399.12
128.49,-75.935,-344.15
90.456,-103.19,-249.33
87.943,-75.91,-18.77
96.071,-114.12,-325.45
120.79,-117.92,-384.84
94.225,-79.46,-117.47
133.82,-88.813,-39.56
129.2,-78.046,-3.8615
135.34,-85.124,-172.66
94.94,-74.573,-413.04
96.462,-79.172,-143.71
136.61,-95.39,-419.96
130.86,-79.521,-92.811
104.38,-119.36,-93.339
115.78,-66.379,-2.2509
93.204,-79.978,-372.88
120.73,-72.247,-343.37
110.86,-73.746,-176.27
94.21,-77.3,-389.72
94.224,-113.64,-136.45
110.99,-121.89,-322.58
133.73,-84.286,-81.321
118.08,-116.43,-420.91
118.27,-115.16,-439.96
108.35,-122.05,-142.47
115.03,-115.75,-28.573
111.74,-73.275,-295.64
125.04,-72.814,-27.523
110.32,-72.583,-139.04
100.5,-118.97,-141.23
133.33,-92.475,-25.43
91.111,-85.957,-346.19
97.039,-116.63,-194.74
117.64,-115.13,-443.28
134.61,-85.007,-112.58
125.12,-110.99,-452.69
137.2,-87.785,-212.19
137.87,-91.418,-376.98
105.27,-73.342,-334.68
131.52,-80.377,-144.91
137.17,-90.353,-402.11
135.91,-90.839,-86.367
125.46,-76.165,-176.17
129.17,-119.55,-212.64
132.12,-99.024,-24.704
120.6,-68.849,-4.2065
137.41,-87.385,-296.6
108.67,-69.222,-70.875
118.08,-66.823,-448.52
136.95,-109.91,-289.22
137.04,-105.81,-342.96
126.82,-116.7,-359.03
90.162,-104.82,-421.58
103.66,-76.025,-181.19
112.3,-118.59,-61.777
140.02,-100.58,-236.81
137.84,-91.795,-380.17
101.57,-76.44,-162.75
89.756,-105.64,-145.33
131.81,-80.695,-151.25
92.833,-110.65,-225.13
131.9,-109.85,-390.93
92.105,-107.27,-444.15
90.192,-104.61,-371.52
85.385,-94.803,-67.179
98.634,-117.42,-278.16
134.16,-108.96,-366.96
87.874,-104.56,-73.875
129.55,-78.803,-195.31
109.56,-120.88,-343.38
138.37,-103.62,-327
84.595,-93.778,-50.747
89.846,-88.083,-134.91
115.86,-124.07,-224.46
118.35,-74.309,-233.4
113.88,-122.73,-305.25
108.34,-119.11,-71.004
87.665,-104.67,-60.34
95.8,-114.87,-249.99
109.28,-123.43,-225.24
134.99,-83.65,-443.45
85.381,-85.729,-46.944
136.03,-85.524,-408.05
90.334,-105.03,-379.59
125.19,-73.753,-64.711
139.85,-102.43,-241.8
96.439,-114.18,-48.951
137.33,-87.353,-336.59
90.423,-108.73,-95.773
137.95,-91.189,-163.05
112.32,-117.95,-51.965
86.471,-90.048,-434.01
134.39,-113.74,-183.91
134.11,-81.065,-385.58
118.74,-70.291,-378.08
129.05,-77.272,-51.452
137.99,-91.51,-160.2
126.97,-111.35,-430.03
120.01,-114.8,-436.62
109.79,-67.306,-422.78
137.37,-95.883,-397.28
137.73,-89.8,-178.99
139.46,-104.3,-227.65
132.25,-116.99,-259.34
128.1,-77.825,-204.22
135.63,-107.87,-352.2
104.81,-74.013,-141.95
136.76,-87.303,-392.96
135.7,-88.703,-95.4
99.387,-72.142,-400.65
117.9,-116.17,-425.8
120.01,-117.83,-390.18
117.79,-122.12,-141.23
127.88,-75.941,1.1034
90.9,-108,-159.63
129.88,-79.021,-220.75
82.926,-90.897,-18.003
86.539,-89.227,-433.96
101.91,-119.91,-272.5
88.572,-101.9,-453.05
131.9,-114.55,-145.33
90.428,-102.97,-263.34
133.13,-80.24,-343.95
134.56,-84.526,-128.83
91.118,-106.2,-433.01
88.536,-106.19,-63.916
107.74,-68.567,-59.238
86.59,-84.153,-56.551
122.35,-68.628,-445.82
112.2,-67.069,-32.794
105.23,-70.906,-88.943
139.19,-104.85,-274.31
93.06,-111.83,-56.945
123.53,-71.841,-37.571
91.304,-91.151,-225.53
134.02,-82.699,-243.32
132.61,-82.684,-62.08
82.412,-93.032,-4.3679
90.864,-109.56,-57.094
117.99,-69.019,-41.784
116.83,-73.04,-299.9
137.17,-99.553,-387.33
109.19,-72.831,-141.19
119.24,-73.099,-137.41
90.583,-109.2,-73.921
110.82,-118.47,-58.478
112.45,-73.764,-273.26
107.82,-66.307,-24.869
89.297,-94.839,-167.75
99.944,-77.778,-301.37
136.85,-111.01,-263.94
95.27,-114.25,-245.25
88.267,-98.66,-385.31
97.435,-116.69,-247.48
115.2,-116.83,-423.82
131.93,-98.285,-18.78
114.97,-66.063,-449.64
92.605,-85.921,-174.84
89.996,-101.1,-215.58
112.83,-115.57,-19.571
135.13,-101.99,-83.508
105.51,-120.04,-102.55
88.127,-106.05,-32.24
99.514,-117.96,-288.8
86.063,-83.775,-47.311
139.23,-94.751,-190.86
93.045,-111.24,-211.32
88.841,-95.648,-155.5
121.58,-118.89,-101.32
134.8,-90.428,-58.205
113.89,-121.13,-346.28
100.79,-77.48,-293.41
99.251,-117.12,-319.32
132.81,-99.734,-37.618
92.988,-87.292,-253.61
123.91,-73.024,-70.486
137.74,-90.959,-155.38
121.76,-121.49,-310.71
105.59,-72.938,-125.52
83.795,-97.903,-13.321
124.01,-75.223,-158.01
136.92,-86.767,-250.21
110.7,-74.477,-233.09
133.51,-86.096,-46.381
105.37,-119.71,-344.73
135.89,-88.15,-110.02
100.83,-113.88,1.1606
136.26,-85.557,-259.42
101.32,-119.75,-257.15
137.05,-87.577,-207.65
105.98,-75.744,-246.61
88.949,-102.61,-443.83
96.816,-112.32,-420.24
100.08,-77.657,-169.65
119.07,-67.182,-447.53
128.11,-111.58,-66.274
