40.513,-81.392,112.67
40.72,-127.46,124.87
60.681,-48.58,88.796
-77.373,-308.67,324.58
31.897,-130.19,129.47
76.99,-71.131,77.413
70.052,-61.81,134.12
-111.43,-332.62,296.09
16.6,-111.12,159.58
-65.744,-288.46,311.41
-41.041,-274.7,256.61
-85.765,-268.34,259.72
-13.474,-155.33,199.46
-70.004,-236.14,270.38
41.029,-81.091,143.83
102.5,-69.549,86.357
76.477,-24.711,92.682
-72.359,-286.66,257.21
-56.29,-216.69,232.24
-86.076,-316.13,333.73
-103.54,-282.46,309.69
60.69,-45.065,101.42
111.93,-57.564,81.728
-12.384,-205.39,189.95
-31.628,-265.01,259.16
87.349,-17.16,93.02
-53.655,-294.84,282.49
100.56,-26.72,102.87
30.564,-149.11,199.8
-28.479,-239.33,218.01
-6.5247,-227.19,240.49
62.666,-49.425,117.52
9.1293,-160.85,156.05
-8.7542,-228.29,244.89
106.59,-66.02,95.336
4.6049,-195.39,232.47
61.869,-61.092,83.369
-94.231,-275.84,308.91
-35.535,-231.48,212.66
18.303,-108.26,150.1
71.358,-105.85,151.94
13.169,-178.88,167.58
81.142,-83.226,87.341
122.84,-37.945,82.041
41.639,-153.89,151.57
-52.402,-269.6,296.56
2.4401,-155.43,158.66
87.964,-94.047,119.33
46.719,-66.714,122.84
-75.218,-274.02,251.56
14.23,-153.75,210.38
-28.767,-240.81,270.64
-3.923,-211.67,242.47
25.605,-152.83,204.56
-88.883,-262.52,293.08
-82.681,-330.26,325.44
29.11,-104.24,166.88
-17.765,-241.7,228.02
29.263,-138.65,196.09
44.929,-93.078,160.49
-75.111,-244.41,251.5
-36.595,-220.3,266.39
9.7091,-121.91,156.7
60.756,-67.539,85.483
32.912,-165.4,198.34
77.733,-83.936,87.45
-57.66,-229.75,272.62
-53.76,-244.56,227.41
39.165,-78.625,119.46
70.674,-106.83,109.58
-29.466,-247.15,271.55
-73.097,-320.82,302.33
8.3694,-171.77,222.63
-67.628,-242.67,239.56
-80.591,-321.53,326.95
-67.241,-307.65,310.27
36.92,-90.934,154.73
1.2705,-217.82,229.4
65.825,-102.28,157.81
-16.377,-158.17,196.17
97.479,-37.946,49.529
82.673,-54.388,126.3
83.232,-10.857,72.061
-49.628,-239.32,222.9
-96.558,-333.37,295.44
-102.84,-297.25,278.53
26.162,-118.47,129.12
-7.5938,-227.56,242.85
-83.836,-273.2,257.76
-60.266,-234.17,231.07
-51.255,-225.66,220.8
-42.158,-200.99,212.56
83.95,-48.041,61.121
-84.292,-325.57,291.88
-122.52,-320.01,299.94
19.223,-192.87,192.14
15.729,-122.02,180.95
-15.352,-214.62,197.25
-4.1128,-223.99,237.55
43.29,-92.181,107.45
8.9312,-145.15,150.61
-100.27,-275.35,299.59
-19.125,-216.67,257.16
120.18,-12.686,85.69
-19.053,-213.33,196.73
34.64,-116.99,121.76
-47.135,-267.36,241.49
21.904,-189.72,203.33
-82.669,-331.18,324.26
-34.108,-186.46,229.13
97.059,-65.592,73.938
-59.005,-289.1,304.17
35.742,-163.1,194.31
-72.641,-318.94,311.23
-21.016,-249.3,239.54
114.4,-32.369,96.442
53.888,-134.43,134.24
-71.53,-234.96,256.98
96.954,-61.92,69.706
51.97,-109.57,109.91
107.89,-11.993,90.969
-88.781,-327.87,292.18
-86.953,-268.97,261.16
-97.58,-315.22,281.59
104.31,-45.847,55.186
-6.5778,-165.18,168.89
-40.448,-273.05,279.49
45.272,-128.45,125.1
-11.436,-186.25,178.76
77.63,-108.76,135.56
13.414,-126.98,144.67
20.13,-105.46,148.99
103.48,-69.351,104.17
-86.608,-302.43,330.01
8.6223,-187.55,175.03
72.253,-48.338,70.346
-80.922,-305.21,327.32
64.72,-50.243,79.916
-88.879,-273.11,308.55
-3.3531,-165.1,165.92
6.0385,-209.82,203.3
64.707,-90.136,154.08
64.399,-88.108,153.2
104.96,-10.675,90.491
-12.854,-216.53,199.01
-37.321,-222.39,267.95
91.497,-5.4639,79.847
9.7371,-184.91,172.71
65.849,-92.642,95.047
61.032,-114.05,164.68
36.279,-96.964,115.85
47.92,-153.33,167.22
126.99,-34.893,63.361
-105.61,-295.1,281.58
-4.5091,-185.68,175.18
-116.28,-338.1,300.85
83.666,-94.356,134.4
75.501,-68.53,76.228
56.537,-65.162,134.49
125.1,-27.93,82.643
-116.77,-308.31,294.04
-55.581,-287.06,260.41
-13.75,-230.52,214.27
22.192,-129.83,191.62
80.439,-14.987,72.02
-92.61,-263.89,286.59
20.938,-191.9,200.47
-107.77,-337.62,298.5
53.427,-93.188,160.11
40.679,-161.54,164.63
-110.31,-307.48,337.91
-87.633,-329.26,335.18
78.969,-102.49,111.24
-35.11,-209.69,258.05
-57.538,-231.56,227.92
50.725,-142.22,175.85
39.825,-102.98,169
-17.093,-166.38,182.88
100.87,-43.769,111.36
27.386,-94.908,144.07
-80.716,-256.06,255.38
95.923,-75.991,87.745
17.967,-136.24,196.99
-114.35,-300.48,292.83
-4.3029,-155.03,165.89
57.309,-100.71,97.063
-44.137,-298.75,293.62
-80.46,-285.63,261.14
-41.674,-242.75,265.38
77.591,-128.58,108.56
62.116,-90.142,90.812
-52.397,-276.65,233.34
20.087,-204.54,220.91
76.467,-53.326,86.889
-24.708,-256.15,269.99
-73.853,-270,275.9
118.48,-64.085,99.806
-110.51,-340.35,292.89
-10.064,-266.06,240.37
38.112,-198.34,180.86
77.393,-117.76,151.02
108.61,-85.881,74.261
-17.066,-272.2,258.78
16.486,-203.74,224.11
93.075,-118.54,120
4.158,-196.79,167.67
55.576,-170.16,150.48
91.04,-67.254,58.853
103.07,-89.467,119.57
-98.152,-323.22,279.28
-38.851,-230.23,213.79
78.52,-125.12,104.84
-43.207,-284.86,236.09
-94.429,-328.4,277.78
73.728,-99.93,145.44
-43.341,-249.75,271.81
-2.589,-255.05,226.49
44.953,-145.69,122.31
106.53,-80.131,65.776
110.12,-73.509,59.866
63.076,-161.2,146.19
47.86,-98.958,114.09
101.22,-34.235,89.961
65.593,-86.311,86.39
66.086,-77.419,86.849
-14.299,-196.53,185.12
43.41,-103.65,123.4
-46.262,-279.84,232.81
18.169,-205.6,222.95
70.113,-78.2,126.52
-81.488,-352.46,295.02
-31.834,-269.19,223.2
64.963,-75.064,116.91
-49.698,-238.29,230.91
56.495,-87.823,101.32
59.806,-142.1,172.47
-38.712,-259.07,218.45
-16.699,-274.43,242.39
-13.949,-209.13,238.27
-50.227,-248.77,268.6
34.218,-144.19,184.31
-24.531,-215.46,241.89
-18.889,-272.7,262.61
115.12,-79.304,102.05
65.467,-87.166,86.581
6.1793,-217.14,235.83
-100.96,-308.04,287.5
89.134,-86.53,70.743
-8.5251,-187.72,178.52
-10.288,-239.38,254.56
-31.849,-256.07,214.06
-42.246,-229.1,245.97
-59.732,-278.85,295.72
-59.513,-303.25,308.58
35.889,-201.55,191.69
-34.993,-219.93,239.39
95,-107.86,128.52
-14.1,-271.59,246.21
-44.134,-312.34,279.47
-8.4424,-178.03,192.67
-47.86,-304.19,297.66
-33.263,-294.25,253.1
-66.388,-342.05,300.49
69.478,-91.398,83.388
21.853,-200.98,167.08
-16.367,-189.24,200.23
-26.891,-208.2,202.99
-0.91571,-167.54,180.36
19.311,-205.48,221.8
65.478,-148.93,126.93
-61.536,-318.04,264.13
120.29,-66.928,57.39
-3.7969,-257.44,233.49
9.8565,-232.93,200.31
42.808,-168.94,193.57
-47.297,-310.37,263.22
3.3416,-162.26,172.17
76.942,-87.529,76.548
96.851,-96.074,127.49
72.605,-148.81,141.32
-77.174,-290.01,255.87
-33.49,-264.3,219.7
-28.81,-289.09,250.17
-38.409,-304.6,273.8
75.141,-55.524,91.021
135.88,-52.658,55.187
123.58,-43.114,90.529
-58.363,-330.13,286.16
-97.046,-300.32,298.19
41.657,-138.47,179.31
-28.264,-289.71,267.7
83.914,-120.26,102
-113.14,-328.23,297.61
7.6151,-239.81,211.1
-56.85,-289.8,241.93
-10.93,-267.25,242.37
85.797,-116.95,98.963
-57.285,-320.04,268.55
100.78,-80.716,65.137
-68.104,-260.72,260.78
-33.829,-269.45,223.48
27.511,-134.89,135.42
-43.807,-282.61,234.35
-111.3,-348.98,295.58
-77.757,-284.77,297.57
4.0811,-193.38,225.03
93.77,-116.34,109.55
-82.74,-354.82,297.34
-15.94,-236.4,197.25
96.272,-107.36,94.634
-23.404,-282.86,247.26
-69.007,-344.64,298.69
50.703,-156.23,129.22
49.169,-162.41,186.35
54.472,-157.7,180.21
-114.22,-326.03,325.01
44.022,-178.83,192.41
2.6248,-208.83,174.67
116.7,-83.04,86.46
91.293,-110.76,94.716
21.86,-210.89,178.38
86.761,-127.6,130.12
133.57,-48.992,79.252
85.467,-98.627,138.71
-47.096,-236.42,226.09
20.702,-136.47,159.94
-12.949,-192.62,184.21
-24.659,-205.88,228.08
86.025,-126.14,136.35
-73.663,-277.55,253.17
23.115,-138.19,171.69
20.495,-187.01,155.77
23.454,-150.17,188.22
-64.676,-301.62,251.33
-80.415,-309.11,320.23
-83.61,-330.2,274.07
47.735,-99.254,135.37
94.457,-116.55,116.89
-6.5435,-222.58,245.94
-37.441,-251.54,273.04
-82.127,-281.31,285.52
28.524,-206.69,178.54
-80.779,-344.47,285.87
-39.049,-303.05,281.92
-107.33,-313.55,305.76
80.599,-123.06,103.46
-46.638,-231.37,236.06
-46.811,-252.61,273.97
93.493,-100.35,83.119
-77.369,-348.58,292.84
91.666,-105.51,88.223
-66.857,-310.24,315.66
101.08,-74.078,118.4
-29.316,-233.07,203.01
-112.5,-322.65,301.32
-61.66,-289.39,303.23
53.606,-176.42,169.53
38.879,-166.91,138.19
-10.287,-250.98,209.69
-35.643,-291.26,245.22
-60.015,-300.78,249.64
-79.303,-293.33,306.79
114.05,-19.299,78.04
-49.495,-242.78,260.86
58.061,-160.14,175.16
46.997,-172.85,189.11
115.17,-82.903,78.594
-47.118,-304.26,254.61
88.864,-56.658,57.086
35.155,-165.13,137.56
75.235,-145.07,158.82
28.122,-243.21,208.55
17.595,-188.11,153.35
10.111,-255.26,238.82
-5.7539,-232.6,182.53
99.805,-101.96,64.454
71.273,-171.28,125.89
7.7581,-253.71,192.01
-63.665,-325.54,253.23
-43.109,-270.98,268.3
-73.02,-374.91,296.74
102.55,-100.95,63.16
32.015,-170.75,186.45
87.454,-158.76,130.29
139.51,-71.089,41.953
3.6952,-276.31,238.49
-53.696,-354.29,287.33
-30.766,-324.36,265.96
11.34,-232.02,233.24
102.35,-74.394,49.149
28.673,-166.87,180.21
93.415,-123.62,82.089
96.134,-64.405,56.042
120.43,-61.481,32.094
140.77,-40.95,72.808
-5.6671,-240.8,185.36
88.586,-67.269,78.978
-43.645,-307.52,236.31
115.21,-94.19,57.319
-43.162,-322.52,298.41
-6.5006,-219.12,224.94
64.238,-187.72,172.3
133.24,-77.305,88.645
30.004,-158.09,142.56
91.633,-85.772,61.704
-85.219,-314.14,284.44
55.497,-120.39,111.16
6.2528,-189.64,189.41
64.8,-167.15,173.7
-30.721,-253.29,209.95
30.759,-237.07,210.05
37.52,-151.06,130.73
27.548,-237.02,217.17
84.543,-109.21,134.96
28.19,-200.1,209.54
84.123,-146.12,151.05
22.177,-182.57,195.81
-2.2538,-265.75,201.65
-30.631,-291.47,222.88
-34.196,-295.96,285.23
103.78,-45.958,68.42
42.89,-222.14,179.33
37.917,-199.51,204.08
-101.56,-349.74,288.51
-48.608,-319.34,245.41
-70.829,-365.91,285.79
-62.753,-328.54,254.5
32.016,-221.35,213.66
-34.91,-309.51,289.19
143.64,-74.532,62.925
34.431,-186.18,138.97
-26.614,-304.36,234.66
-63.016,-365.62,313.63
-23.902,-240.8,241.71
104.9,-90.421,116.57
91.947,-151.69,122.02
-38.569,-253.92,246.23
70.601,-124.02,147.91
-46.174,-296.16,231.25
-4.3422,-204.81,202.63
97.046,-136.08,133.86
-19.659,-254.12,256.35
79.405,-134.47,91.795
-17.206,-284.05,269.37
7.043,-260.22,199.02
7.3633,-187.04,183.51
50.542,-208.9,163.71
112.49,-45.898,79.295
48.048,-214.91,173.53
101.49,-50.373,53.16
-45.32,-305.57,295.21
136.59,-72.711,41.876
-53.046,-351.27,280.81
94.297,-120.87,79.716
99.883,-64.85,95.39
143.75,-69.266,44.034
17.392,-188.58,153.59
111.33,-122.66,107.95
-20.683,-257.89,259.28
42.121,-172.36,188.02
-42.8,-286.45,282.86
50.099,-203.16,153.3
-1.7615,-208.12,213.48
-11.759,-294.52,233.04
-94.574,-335.6,282.01
-39.402,-325.54,253.59
150.87,-54.135,65.156
97.063,-88.117,117.3
35.813,-221.56,167.64
-73.783,-332.3,319.89
27.046,-163.92,173.86
119.99,-99.805,65.912
-84.296,-345.14,272.38
44.49,-156.43,121.41
-59.832,-356.91,314.3
124.56,-92.692,59.749
64.068,-109.09,126.98
138.24,-53.184,79.574
85.712,-75.475,97.051
-41.768,-294.07,287.74
-73.158,-308.78,298.11
-12.35,-290.8,226.18
-27.958,-318.72,256.03
-71.205,-341.08,323.94
71.317,-139.68,158.49
120.16,-76.043,41.755
114.98,-117.47,93.644
-19.791,-271.18,207.12
-43.883,-276.32,273.88
-40.746,-325.55,295.44
-16.325,-297.83,233.06
-91.113,-365.82,285.15
-0.39242,-282,227.58
13.951,-187.64,197.45
-11.049,-260.27,197.85
101.4,-111.35,127.69
66.83,-103.63,120.76
-34.773,-318,288.79
90.418,-89.118,63.614
-96.961,-336.53,318.13
-87.507,-354.2,277.8
115.06,-94.468,57.56
-9.9705,-251.38,252.52
84.005,-147.68,151.25
151.1,-53.443,64.96
12.684,-191.57,201.78
62.79,-127.2,98.145
-15.408,-284.77,267.72
29.176,-195.29,146.06
117.44,-82.109,46.793
112.7,-91.297,112.32
37.004,-144.15,143.29
19.325,-239.85,228.4
-49.61,-287.64,231.41
-30.72,-296.16,283.01
84.652,-124.98,83.984
65.647,-104.42,99.294
-37.153,-258.51,218.09
46.089,-173.61,187.71
56.748,-159.6,175.62
92.447,-83.336,112.92
113,-60.497,93.977
-10.389,-250.56,252.16
-33.654,-244.16,227.99
-24.504,-256.18,258.08
41.973,-215.26,200.92
-81.543,-333.08,267.07
-66.676,-372.7,311.41
-8.1229,-293.28,249.79
45.96,-132.09,140.3
-37.81,-251.05,226.28
126.63,-98.417,73.299
15.736,-176.95,161.94
73.987,-106.34,131.47
-40.972,-254.97,242.3
131.79,-74.011,90.463
28.633,-222.9,217.38
-28.141,-254.72,256.09
36.21,-176.27,191.74
41.27,-199.53,201.54
137.99,-81.14,58.481
50.034,-209.73,187.65
76.262,-175.28,147.31
49.875,-173.29,185.95
10.08,-268.93,222.46
20.741,-236.4,177.82
37.528,-145.54,154.12
120.82,-104.68,74.899
102.65,-123.57,84.974
62.037,-159.75,173.15
-87.668,-350.02,276.2
-30.811,-321.69,279.37
88.657,-103.37,129.98
-51.458,-334.36,307.53
17.854,-223.76,226.05
0.78189,-29.549,141.73
8.3043,-67.121,170.07
19.579,2.9395,116.34
-134.74,-235.19,364.89
-0.40108,-72.412,171.72
45.137,-11.985,121.65
8.5495,5.0484,163.15
-141.43,-277.08,337.57
-33.428,-56.138,183.9
-124.57,-215.22,350.25
-81.142,-203.88,307.96
-121.09,-217.33,291.42
-64.962,-99.561,223.52
-122.89,-180.03,293.69
-14.378,-22.498,168.02
61.071,2.4878,138.07
23.603,31.543,116.18
-103.55,-227.96,301.46
-98.382,-165.05,259.1
-144.23,-243.6,372.26
-156.36,-226.94,332.36
12.282,8.6716,125.6
67.591,16.124,133.01
-44.761,-144.8,235.48
-77.541,-190.75,309.84
30.12,42.984,117.57
-98.455,-221.56,332.91
38.799,42.513,134.52
-30.954,-74.711,237.8
-61.983,-175.6,266.35
-58.758,-150.62,288.72
7.162,9.1227,141.59
-23.296,-103.59,197.57
-62.446,-151.64,292.01
58.922,9.2581,145.78
-54.936,-119.65,273.69
26.894,-8.6077,117.1
-150.29,-217.23,332.59
-67.378,-172.97,256.15
-28.158,-54.885,175.44
13.581,-29.086,195.84
-20.478,-115.13,215.83
47.115,-18.631,136.28
70.636,38.116,129.68
3.4708,-84.167,203.21
-111.78,-196.01,335.36
-31.634,-101.25,195.15
39.933,-18.346,169.98
-3.479,-11.863,146.87
-106.76,-219.37,290.71
-48.212,-83.713,242.43
-87.96,-165.94,311.11
-62.136,-135.51,285.29
-36.29,-79.132,241.4
-141.93,-206.59,316.06
-133.22,-256.21,372.06
-28.842,-43.093,192.02
-57.516,-170.86,279.7
-33.222,-66.923,230.11
-15.987,-27.744,188.18
-115.27,-193.48,279.13
-98.215,-152.37,296.6
-34.487,-69.192,183.12
26.81,-14.282,120.99
-23.567,-88.211,243.81
44.482,-20.726,135.38
-115.78,-168.56,297.68
-85.792,-189.3,266.87
-4.5045,-26.294,145.86
34.373,-39.158,160.31
-87.141,-171.59,314.1
-116.64,-248.62,352.5
-53.844,-99.445,257.59
-103.72,-191.18,271.19
-134.8,-247.34,370.7
-119.64,-232.87,356.22
-20.292,-30.603,179.51
-49.6,-141.35,278.63
5.0996,-27.157,197.32
-64.87,-104.01,220.77
66.082,20.126,92.862
20.592,15.428,158.37
35.343,42.266,95.931
-81.697,-183.86,262.57
-128.73,-271.33,342.85
-135.98,-246.12,312.17
-8.3277,-64.766,164.7
-60.696,-150.92,290.44
-117.12,-221.14,292.38
-95.958,-182.31,263.47
-85.967,-173.09,254.86
-81.62,-149.28,241.68
52.202,7.8065,101.52
-119.21,-259.88,341.39
-156.08,-270.12,331.74
-23.67,-119.51,244.22
-41.598,-61.535,205.82
-48.129,-152.62,244.12
-56.253,-147.39,285.89
8.789,-38.848,142.59
-25.321,-91.118,186.78
-150.73,-221.42,322.3
-80.408,-143.46,293.94
59.29,59.773,121.9
-51.271,-153.24,241.8
1.8307,-61.303,161.09
-80.74,-203.33,290.09
-27.959,-113.23,253.4
-132.35,-257.25,371.44
-87.513,-129.56,252.95
61.652,0.93989,124.05
-115.28,-214.34,346.91
-19.919,-85.806,240.58
-121.24,-244.89,359.42
-63.684,-176.5,291.14
54.953,42.31,136.48
16.431,-65.443,185.59
-117.82,-182.5,281.38
62.601,3.2092,119.01
19.725,-49.702,154.68
46.422,56.091,121.48
-122.36,-263.8,340.86
-122.59,-218.09,292.43
-127.97,-258.85,323.73
71.155,17.421,103.26
-41.255,-111.57,204.21
-92.52,-197.36,326.8
12.198,-65.938,172.35
-43.994,-130.03,218.93
27.7,-32.315,185.53
-24,-74.526,176.36
-26.926,-51.876,174.09
52.955,6.8446,153.36
-146.81,-232.66,363.58
-25.372,-123.13,223.79
38.141,4.3502,105.03
-140.01,-233.16,364.52
27.781,1.3916,111.02
-146.53,-212.58,333.22
-37.166,-110.71,202.88
-35.056,-137.76,255.31
2.508,-17.834,189.02
2.1016,-16.383,187.37
43.881,55.853,119.47
-46.405,-152.82,247.27
-98.98,-154.18,298.46
36.654,52.247,103.46
-24.077,-120.82,221.22
33.528,-31.951,140.74
1.1958,-38.099,205.91
0.27428,-44.337,148.91
0.65971,-77.627,218.5
82.433,38.673,114.32
-140.38,-244.81,312.86
-36.721,-127.24,218.28
-146.16,-282.99,341.9
29.017,-17.332,181.17
43.752,-10.617,119.08
-1.7033,-3.7398,159.73
69.265,47.98,127.12
-151.85,-258.63,324.35
-91.316,-220.26,310.57
-50.652,-162.22,265.25
-39.342,-63.275,220.26
34.284,37.424,96.467
-141.34,-210.79,309.74
-26.692,-116.16,251.49
-138.17,-279.32,342.91
-8.8239,-24.184,191.08
-1.58,-88.521,216.83
-168.63,-245.83,363.36
-142.4,-255.45,378.02
39.066,-31.377,163.11
-95.946,-144.2,285.99
-92.92,-179.5,260.81
-4.5753,-64.877,222.47
-21.504,-36.842,197.31
-56.457,-114.29,212.53
39.799,29.553,148.44
-21.625,-40.507,168.54
-118.38,-205.3,284.85
56.887,-5.7333,139.31
-43.6,-69.594,225.71
-151.56,-250.98,321.18
-40.861,-102.34,198.57
27.896,-42.323,142.4
-95.075,-218.45,347.35
-112.42,-229.8,301.34
-95.329,-174.41,302.63
46.872,-55.33,170.53
31.855,-32.3,134.81
-78.284,-215.47,284.91
-33.868,-123.27,273.31
34.81,5.3292,122.48
-79.853,-177.69,318.07
-118.92,-210.13,310.12
65.85,17.113,153.22
-136.83,-284.1,338.24
-50.266,-186.15,302.47
-1.0283,-118.37,243.91
22.441,-37.023,201.96
76.842,-11.634,136.55
-63.359,-190.7,317.76
-38.637,-123.48,274.35
50.908,-37.346,182.01
-22.667,-134.71,219.53
20.145,-92.485,213.84
64.719,-6.3335,109.76
50.821,-7.6611,174.02
-124.96,-266.57,324.7
-71.012,-173.1,255.37
48.471,-52.684,166.4
-69.75,-218.02,293.85
-119.66,-269.78,326.85
17.026,-24.241,188.94
-97.85,-179.9,310.15
-40.465,-176.16,289.28
18.348,-81.718,176.61
77.687,-9.3138,126.39
81.629,-3.1986,120.17
25.799,-82.267,209.52
11.198,-41.362,152.52
47.953,33.525,126.84
35.78,-28.358,130.88
33.365,-20.28,127.98
-46.502,-138.92,227.23
4.2944,-45.451,160.53
-72.074,-215.68,287.99
-36.144,-124.61,274.73
17.155,-10.839,163.18
-110.65,-281.47,355.58
-58.607,-202.06,281.12
16.811,-12.386,151.94
-86.043,-181.3,268.88
21.361,-30.532,140.65
4.4927,-61.49,222.96
-64.813,-197.25,270.61
-54.258,-195.94,304.97
-68.984,-138.58,277.02
-102.17,-182.75,304.5
-21.698,-72.07,224.2
-77.583,-148,278.59
-66.604,-191.14,320.49
66.422,2.8194,159.8
35.831,-29.119,131.33
-48.986,-137.24,285.6
-135.76,-252.82,324.64
62.863,-21.5,126.58
-41.07,-130.08,220.39
-65.281,-159.96,303.92
-57.895,-192.53,268.3
-90.117,-166.83,280.74
-114.66,-207.48,335.53
-113.77,-225.98,355.96
-7.2968,-119.87,253.45
-83.589,-157.02,274.33
45.137,-25.385,185.73
-54.862,-191.52,308.05
-84.073,-233.3,340.75
-50.86,-118.61,228.55
-98.539,-223.99,351.49
-67.345,-218.28,315.55
-104.06,-264.59,361.75
41.929,-31.725,131.79
-6.6948,-130.72,227.27
-57.836,-130.28,236.34
-62.284,-150.88,242.14
-41.643,-108.73,216.9
-34.671,-124.25,274.14
33.766,-74.557,189.42
-89.006,-249.15,323.58
89.255,6.4957,119.31
-44.234,-177.31,295.65
-23.718,-156.9,263.25
-12.076,-87.957,244.87
-79.153,-236.38,325.13
-35.632,-103.97,209.53
50.303,-26.507,127.31
43.728,-14.494,180.95
32.397,-68.291,204.15
-105.84,-233.28,299.85
-59.645,-199.25,275.65
-63.755,-212.43,312.73
-78.831,-225.21,335.09
32.312,3.6978,126.32
98.932,25.342,117.69
68.529,35.716,139.12
-93.85,-253.67,348.02
-140.13,-242.1,332.08
-14.798,-64.86,220.54
-71.843,-209.04,327.92
52.879,-46.668,164.12
-144.86,-273.67,336.49
-28.912,-161.61,274.18
-82.366,-227.1,295.61
-51.62,-187.15,304.3
54.963,-43.588,160.97
-87.146,-248.1,329.67
73.473,-12.487,123.93
-109.41,-202.69,295.92
-60.304,-203.1,280.72
-5.5709,-77.193,176.92
-70.027,-216.7,291.29
-136.3,-291.41,343.57
-128.58,-220.19,332.68
-52.252,-119.69,266.45
56.037,-37.323,172.61
-112.14,-283.59,357.99
-42.266,-171.9,252.41
62.884,-31.526,157.49
-59.704,-205.22,309.86
-104.55,-268.38,360.27
22.676,-86.938,188.69
-5.1879,-80.982,238.62
0.82642,-75.828,233.59
-160.01,-266.46,358.29
-7.6228,-96.306,248.21
-23.897,-144.43,229.56
76.559,-3.0285,148.73
59.763,-36.662,157.03
-9.4198,-136.99,240.66
43.356,-45.907,191.72
84.011,32.597,135.65
29.591,-19.363,187.14
-82.06,-179.54,265.06
-22.874,-76.394,195.64
-46.086,-135.11,225.44
-73.611,-142.59,263.18
39.23,-43.637,196.11
-105.26,-221.43,294.02
-26.245,-74.366,207.1
-6.246,-121.5,211.79
-30.698,-81.195,225.81
-89.992,-238.89,305.22
-134.94,-237.83,360.27
-108.45,-267.38,328.46
0.59672,-37.193,170.5
53.006,-35.655,179.13
-62.824,-145.46,291.49
-93.117,-178.61,314.08
-127.17,-221.62,319.55
-5.2748,-130.36,241.63
-107.84,-276.11,345.02
-83.844,-222.44,341.09
-148.44,-256.58,339.78
50.256,-50.257,165.2
-88.118,-172.83,271.66
-100.92,-183.47,311.79
64.297,-29.048,144.02
-107.33,-276.73,353.77
61.768,-33.284,149.65
-121.25,-233.83,361.92
45.3,4.6584,166.28
-57.03,-173.66,250.96
-147.81,-267.74,337.67
-116.9,-215.95,345.25
10.884,-94.809,231.59
11.665,-99.574,196
-39.588,-179.53,270.68
-66.24,-218.37,306.86
-85.587,-236.46,305.21
-131.94,-226.39,343.2
60.01,49.693,115.75
-99.464,-178.83,295.92
6.9811,-77.442,231.62
-5.2955,-90.467,244.2
79.18,-5.238,141.48
-76.505,-232.79,315.56
60.734,1.5916,103.32
8.4192,-99.791,193.39
24.755,-60.18,218.39
-9.8964,-156.11,281.01
-7.0943,-124.24,209.1
-36.154,-168.18,304.48
-27.725,-167.21,242.33
79.205,-31.607,131.29
45.528,-91.747,199.44
-15.25,-177.71,263.6
-83.142,-258.93,316.54
-89.729,-199.08,315.58
-98.045,-296.99,368.95
81.802,-29.793,130.84
-16.825,-95.783,235.56
52.916,-72.771,204.28
113.85,8.0562,115.11
-35.104,-189.45,310.03
-83.582,-272.47,360.19
-62.933,-240.76,339.07
-39.146,-148.51,291.16
80.869,-9.642,108.6
-17.584,-95.17,227.54
71.522,-49.617,152.21
69.45,-2.1994,108.18
100.36,5.9851,95.939
90.762,41.429,129.77
-26.675,-173.74,247.95
52.71,-3.1871,125.78
-63.614,-237.96,302.73
93.081,-19.558,128
-89.737,-237.77,361.03
-53.353,-146.84,272.48
21.487,-99.422,242.3
87.313,9.7045,154.49
-0.33212,-94.846,192.92
69.179,-21.643,119.61
-119.6,-251.87,330.31
25.136,-57.334,161.28
-33.853,-122.97,235.82
15.258,-80.914,235.65
-55.739,-190.48,264.18
-10.27,-149.28,280.85
9.6497,-87.901,183.02
-16.45,-149.15,285.63
33.779,-29.799,187.78
-22.886,-118.23,265.02
36.187,-58.828,215.58
-26.079,-108.45,244.38
-24.72,-190.6,272.68
-50.974,-221.06,290.01
-83.591,-213.41,342.91
64.167,19.875,114.24
10.573,-137.38,253.69
-12.395,-114.59,263.83
-124.6,-289.29,341.55
-68.754,-248.55,313.15
-93.427,-290.48,357.04
-82.152,-260.89,319.12
-15.618,-134.24,278.22
-82.198,-224.72,351.27
107.8,11.279,135.64
13.254,-118.19,202.53
-49.798,-228.07,306.46
-100.97,-280.93,383.27
-69.597,-169.89,288.57
54.09,-8.3194,172.55
58.639,-66.367,196.24
-80.012,-186.83,292.03
20.261,-46.132,199.26
-66.475,-230.22,293.09
-44.663,-138.09,248.92
52.375,-48.006,202.01
-69.534,-176.57,307.68
58.408,-63.21,159.4
-65.287,-198.89,331.24
-17.423,-182.24,271.77
-30.766,-121.45,230.25
20.735,-125.74,238.23
65.861,26.046,126.62
15.562,-130.02,247.92
71.174,11.801,102.27
-94.844,-224.59,350.91
111.98,5.3428,114.59
-80.684,-270.93,353.76
72.623,-47.332,149.47
53.075,7.3457,142.86
115.75,11.952,117.73
-7.2425,-124.69,209.41
73.021,-35.459,180.28
-70.73,-179.69,311.23
-8.8796,-92.41,241.27
-92.215,-209.38,333.99
23.877,-123.11,227.06
-46.989,-137.56,260.31
-39.715,-213.29,306.79
-119.78,-275.24,333.16
-63.493,-248.19,325.89
106.66,32.741,132.25
46.65,-9.5977,169.34
10.43,-142.44,240.99
-122.59,-255.24,371.51
-16.619,-94.646,220.44
94.346,-20.553,139.21
-103.81,-281.08,332.61
21.54,-91.484,179.88
-101.24,-271.78,381.63
99.074,-13.632,132.95
20.981,-40.37,173.37
88.885,31.055,139.3
43.763,-7.8096,143.13
-91.576,-214.56,341.46
-118.1,-239.02,344.22
-37.873,-211.74,299.34
-57.343,-236.69,329.55
-119.94,-260.92,379.31
20.145,-57.266,214.55
99.578,-4.8148,109.66
81.607,-32.342,167.58
-40.191,-201.89,272.86
-91.581,-202.91,322.07
-85.4,-239.98,360.61
-42.495,-218.18,306.4
-109.71,-299.45,348.9
-31.36,-198.51,301.54
-32.14,-116.15,244.67
-31.614,-190.47,264.06
51.799,-25.791,188.78
24.743,-35.699,167.03
-79.413,-232.16,354.3
68.212,-24.697,122.07
-139.43,-269.49,363.04
-106.49,-289.26,339.52
92.917,-19.816,128.26
-60.51,-170.72,307
36.446,-60.202,216.31
106.74,33.402,131.9
-34.183,-119.23,249.38
39.555,-62.825,155.71
-62.786,-199.07,330.8
8.089,-126.96,210.09
96.616,-10.246,115.25
62.834,-6.5541,172.22
0.96876,-79.448,190.7
-27.929,-152.87,293.12
-71.842,-224.26,288.61
-79.59,-212.52,342.42
63.814,-54.257,151.07
34.682,-41.432,148.84
-63.521,-196.15,270.67
-5.1197,-91.829,242.99
5.522,-77.454,231.31
43.666,-8.3736,162.06
63.231,16.613,144.87
-60.913,-170.27,306.23
-69.768,-179.99,274.7
-73.752,-180.13,308.13
-2.9192,-127.23,268.84
-102.44,-270.46,324.46
-100.8,-289.18,382.81
-45.439,-207.07,321.76
6.2584,-65.609,186.82
-70.304,-188.2,274.4
95.698,-14.866,147.36
-16.132,-113.51,211.28
26.054,-32.665,179.78
-79.714,-189.64,288.24
84.266,12.327,154.2
-19.782,-136.29,280.7
-76.161,-180.87,304.53
-14.422,-97.643,243.73
-8.3852,-113.67,262.95
107.32,2.0936,132.38
8.6539,-121.65,258.51
40.116,-88.536,220.89
-1.2455,-90.254,242.79
-24.061,-183.58,296.03
-2.6269,-159.88,249.73
-3.5879,-78.147,200.56
91.975,-22.554,148.99
77.621,-44.908,158.07
11.119,-75.784,231.26
-107.05,-286.02,336.48
-70.413,-235.63,349.29
37.92,-23.945,182.84
-97.6,-249.83,370.23
-32.651,-139.96,284.31
-61.239,4.385,131.12
-58.241,-19.152,172.45
-42.714,35.669,104.07
-223.07,-187.75,348.71
-64.636,-27.25,172.66
-20.122,34.985,123.9
-75.621,42.521,138.53
-202.75,-233.02,339.59
-102.42,-24.987,164.23
-213.3,-168.92,332.38
-160.08,-148.84,308.56
-180.58,-181.62,284.99
-135.25,-68.419,202.78
-194.05,-149.37,271.66
-88.759,9.4173,144.84
-19.483,58.083,138.01
-47.677,62.381,94.26
-168.14,-181.09,304.14
-161.18,-132.8,245.85
-232.04,-197.72,354.66
-226.96,-196.89,310.06
-54.951,39.418,106.9
-15.611,71.791,130.86
-111.51,-96.532,238.05
-161.9,-135.4,306.36
-46.375,75.528,93.391
-181.49,-166.64,330.01
-47.574,82.499,111.08
-121.8,-28.767,217.78
-131.96,-124.49,269.64
-147.73,-96.554,279.91
-67.218,40.928,118.27
-87.12,-59.093,198.06
-152.09,-98.365,281.71
-27.043,64.673,141.05
-146.15,-70.989,256.59
-33.753,28.96,111.95
-224.95,-185.7,308.72
-132.07,-126.71,258.01
-94.275,-23.358,158.59
-77.825,21.808,181.25
-90.534,-64.088,218.98
-23.845,33.13,139.55
-17.872,91.631,120.6
-73.707,-29.184,205.2
-201.03,-149.66,317.12
-93.413,-61.224,192
-46.555,37.319,165.11
-72.428,19.039,126.94
-167.92,-177.26,290.54
-135.58,-43.238,218.75
-178.27,-118.05,293.85
-153.19,-85.561,269.86
-126.66,-34.214,220.55
-212.99,-176.21,293.77
-219.27,-203.92,363.53
-106.51,-9.8686,167.69
-136.33,-115.58,280.69
-122.09,-24.584,207.41
-98.571,8.3757,163.26
-176.66,-160.83,267.51
-183.39,-113.75,272.51
-99.099,-37.015,168.28
-34.099,24.786,117.4
-114.82,-36.044,230.87
-24.938,29.954,138.62
-193.56,-135.39,273.2
-147.69,-146.81,266.55
-68.563,5.7748,131.35
-40.232,14.668,163.04
-177.44,-121.99,298.87
-198.21,-194.13,350.28
-143.14,-56.258,235.56
-163.94,-155.42,264.23
-222.48,-197.16,358.33
-207.1,-180.91,346.15
-96.945,2.1606,155.47
-137.93,-86.557,271.21
-86.053,20.077,178.58
-132.51,-72.842,202.24
1.9583,66.167,94.939
-66.429,55.871,134.94
-31.137,72.64,77.409
-143.79,-141.17,262.33
-196.67,-221.31,346.53
-194.69,-208.94,308.15
-69.85,-25.534,160.81
-150.09,-97.298,280.76
-176.71,-183,288.77
-156.34,-145.89,257.17
-146.59,-135.25,250.05
-143.41,-115.33,231.27
-10.1,51.132,101.86
-191.5,-207.44,344.37
-213.85,-234.61,326.5
-105.99,-63.34,243.39
-118.43,-28.673,181.75
-116.28,-103.02,247.12
-145.22,-93.226,277.2
-52.414,-0.036859,138.46
-87.044,-51.363,183.35
-218.97,-191.72,301.53
-170.1,-98.716,273.43
-29.579,103.92,101.35
-117.52,-105.43,244.24
-60.763,-18.806,160.21
-151.02,-151.95,293.46
-115.89,-57.803,247.07
-217.95,-204.59,363.73
-159.58,-98.33,230.86
-11.582,54.033,127.03
-204.3,-164.77,332.7
-110.93,-33.023,228.56
-206.5,-191.44,352.94
-145.42,-120.81,290.22
-35.288,89.833,118.83
-59.808,-10.847,187.89
-183.06,-151.89,264.17
-8.9639,55.371,122.26
-46.331,-2.1623,156.96
-38.819,94.962,97.647
-192.67,-212.35,344.29
-182.09,-182.74,285.58
-190.18,-214.1,325.84
1.7219,68.223,106.64
-102.78,-72.557,200.07
-180.65,-144.18,317.62
-56.537,-15.928,175.36
-106.96,-86.777,218.64
-60.216,23.02,179.1
-85.614,-38.488,168.59
-93.474,-20.472,156.74
-34.986,61.54,146.15
-233.01,-191.12,342.12
-96.163,-71.551,226.98
-22.333,42.676,100.92
-227.78,-188.37,345.64
-32.916,36.801,103.26
-223.54,-179.85,308.83
-99.024,-70.286,200.13
-115.49,-81.942,255.62
-86.757,25.331,166.98
-86.694,26.073,164.88
-39.826,93.215,95.101
-116.38,-101.78,250.5
-184.41,-115.28,274.5
-36.717,83.518,80.336
-94.498,-69.505,224.39
-33.286,16.467,143.43
-90.331,10.616,188.63
-60.918,-7.24,142.75
-85.515,-21.487,214.46
-0.75237,94.066,111.85
-199.01,-209.58,306.58
-101.5,-81.283,219.72
-207.05,-239.35,343.77
-61.34,35.766,170.07
-20.375,35.03,120.69
-79.74,29.622,135.26
-20.591,99.103,114.08
-210.07,-224.27,317.37
-164.92,-167.07,313.36
-126.05,-108.06,267.71
-123.26,-26.16,195.42
-30.859,68.059,79.357
-208.15,-180.96,290.31
-113.05,-60.208,247.08
-202.09,-232.43,346.17
-95.196,15.242,166.97
-83.34,-32.336,216.48
-246.91,-212.25,338.94
-229.96,-206.04,364.83
-40.052,24.113,164.1
-178.63,-107.86,261.24
-153.36,-142.66,254.96
-95.482,-11.817,210.87
-104.97,-0.072267,172.43
-118.54,-79.86,202.46
-49.908,74.554,128.23
-89.691,-9.3843,149.6
-178.61,-171.31,275.78
-21.122,49.325,140.7
-127.61,-32.402,200.88
-210.48,-218.13,311.82
-102.34,-65.509,191.86
-35.695,5.2859,146.78
-186.81,-159.39,342.21
-174.8,-186.61,301.45
-177.6,-130.46,287.27
-30.387,8.1887,182.61
-31.601,14.178,137.95
-142.9,-162.56,294.75
-127.69,-64.976,265.54
-34.015,45.74,113.98
-171.68,-123.27,307.32
-190.21,-170.45,298.73
-27.369,76.144,146.83
-197.28,-236.99,344.61
-137.28,-120.95,308.53
-87.661,-52.458,251.13
-71.317,20.059,192.81
-1.726,52.361,148.13
-154.26,-127.46,318.29
-132.05,-67.036,264.72
-38.038,28.085,186.76
-88.463,-81.37,228.93
-62.945,-26.881,223.61
0.15023,46.019,118.98
-42.78,52.286,168.4
-185.95,-219.32,330.8
-134.61,-128.59,256.06
-27.797,10.332,178.7
-139.63,-159.16,306.46
-181.75,-219.34,335.83
-72.988,26.099,174.83
-181.81,-134.78,294.81
-125.62,-110.7,297.18
-49.035,-26.109,187.4
3.3433,52.618,138.98
7.8783,58.38,132.83
-59.155,-16.383,218.1
-54.653,0.91859,148.7
-33.656,77.056,111.54
-27.592,18.52,134.58
-30.475,23.902,128.08
-110.54,-93.899,228.16
-63.089,-3.9978,154.46
-139.3,-159.37,299.75
-129.87,-66.847,266.41
-63.975,32.434,147.96
-185.28,-219.54,367.94
-128.85,-143,293.67
-58.218,28.567,138.99
-151.23,-139.51,265.03
-43.596,12.341,138.26
-89.301,-4.7721,213.34
-130.09,-143.74,280.63
-138.93,-130.73,312.97
-153.78,-92.99,261.55
-181.7,-140.36,289.55
-108.24,-25.257,208.76
-158.84,-104.67,263.35
-158.14,-128.69,319.55
-26.012,65.298,158.16
-27.551,17.972,135.27
-142.09,-81.229,275.7
-198.75,-212.07,321.34
-5.3166,35.503,138.38
-105.28,-85.23,220.98
-157.9,-104.37,293.92
-124.66,-137.07,279.42
-164.67,-126.16,267.84
-200.13,-160.91,320.67
-204.17,-172.37,345.43
-97.091,-54.513,257.41
-159,-116.08,261.04
-48.086,36.776,183.06
-142.25,-126.48,313.61
-170.21,-168.92,346.56
-120.68,-77.794,219.71
-190.09,-164.88,346.56
-148.38,-153.76,325.72
-187.88,-200.6,369
-22.039,18.473,138.95
-80.424,-69.233,239.84
-126.85,-89.412,228.22
-127.37,-108.14,239.5
-110.23,-67.574,209.49
-128.48,-66.008,266.32
-44.892,-10.383,201.14
-161.09,-188.55,336.46
11.714,70.015,131.16
-131.54,-112.02,301.59
-104.6,-91.997,274
-106.03,-30.551,235.94
-157.52,-172.74,336.45
-103.04,-62.326,203.67
-14.485,25.765,136.26
-50.031,44.661,174.26
-55.159,-2.4109,210.57
-167.66,-187.08,304.01
-127.79,-142.16,287.58
-145.75,-147.66,322.4
-165.47,-160.75,340.59
-37.492,44.027,116.92
14.936,90.384,126.05
-23.589,90.598,128.69
-175.89,-189.47,356.99
-209.15,-203.06,321.79
-102.88,-16.701,205.43
-160.91,-145.06,330.85
-24.812,17.042,176.07
-206.01,-231.78,336.07
-112.91,-96.098,283.1
-148.18,-172.26,306.78
-139.01,-122.03,309.95
-22.441,19.984,173
-162.9,-185.53,341.86
2.0446,47.478,136.59
-177.54,-162.76,287.42
-129.73,-144.74,293.11
-70.055,-32.602,176.98
-138.97,-158.66,303.68
-197.37,-242.02,352.15
-206.39,-178.73,318.04
-140.35,-71.371,251.52
-29.179,28.379,180.75
-187.07,-221.54,370.25
-110,-115.54,263.82
-17.75,33.265,168.31
-143.11,-140.2,318.68
-186.44,-204.44,369.05
-49.987,-26.221,201.23
-99.32,-22.75,230.52
-93.404,-16.667,226.52
-231.33,-227.54,345.95
-101.62,-35.182,243.67
-91.626,-88.281,240.71
-10.518,62.315,154.91
-18.575,27.311,168.77
-87.479,-73.092,252.54
-46.542,19.334,195.45
-8.3031,93.945,132.77
-63.245,35.501,176.1
-146.59,-137.03,262.61
-93.736,-35.566,185.96
-110.43,-90.76,225.33
-149.51,-101.45,249.74
-52.76,20.429,196.73
-167.74,-177.7,294.69
-102.78,-32.861,193.56
-75.041,-64.247,223.38
-113.74,-36.841,210.32
-155.75,-183.88,316.63
-220.16,-191.12,345.78
-174.09,-211.97,340.44
-73.474,3.6882,158.25
-35.384,29.876,184.46
-153.94,-93.246,278.71
-180.27,-130.75,299.38
-198.29,-182.12,308.08
-86.507,-65.277,252.32
-179.29,-215.85,358.01
-173.36,-159.26,342.68
-215.55,-217.74,330.83
-26.451,12.983,177.41
-156.77,-132.44,263.28
-184.1,-138.91,296.43
-10.62,33.214,156.54
-183.04,-214.32,365.8
-14.252,29.59,161.99
-210.97,-181.26,350.71
-47.032,58.988,155.02
-120.83,-123.86,257.78
-210.74,-227.65,333.65
-204.33,-167.25,331.32
-78.664,-29.243,236
-58.941,-40.554,208.21
-114.67,-117.17,283.17
-143.13,-155.19,318.85
-152.85,-179.83,317.31
-212.56,-183.4,328.07
-23,94.139,100.39
-176.36,-137.55,281.81
-86.929,-15.784,227.79
-99.424,-29.904,238.89
-4.1301,60.011,150.65
-151.65,-170.45,327.98
-2.2137,49.833,108.98
-60.228,-42.721,204.88
-70.85,4.3127,216.54
-102.37,-81.495,293.79
-73.599,-67.581,221.87
-131.98,-98.633,308.46
-94.467,-107.17,258.92
8.6381,34.85,152.39
-35.256,-18.116,220.67
-91.79,-106.38,285.58
-149.95,-195.99,336.54
-172.28,-146.82,309.89
-177.11,-224.73,389.96
10.46,37.479,152.26
-103,-41.433,229.39
-37.152,2.7203,220.09
33.448,81.301,136.19
-127.69,-115.58,321.84
-168.07,-198.82,378.4
-149.93,-166.5,355.94
-133.53,-85.579,288.45
14.888,49.982,125.32
-99.809,-42.92,222.12
-2.7985,20.152,174.16
3.5973,51.376,117.81
32.56,69.528,115.84
-2.4356,103.39,126.89
-94.503,-111.23,266.59
-18.551,46.866,126.77
-133.23,-172.01,324.01
18.106,50.776,150.08
-183.63,-171.04,363.26
-136.34,-94.294,266.79
-73.981,-26.357,250.77
-8.3059,79.373,158.8
-68.59,-42.346,199.29
3.3539,36.685,134.92
-188.65,-202.94,331.78
-42.964,-5.0612,167.5
-109.13,-72.598,233.88
-81.155,-14.332,235.62
-121.45,-135.2,275.95
-104.59,-75.73,290.85
-57.531,-33.98,191.97
-112.05,-77.323,292.52
-57.102,28.362,182.28
-116.07,-57.489,260.7
-60.504,9.9249,217.91
-111.26,-54.703,238.31
-100.3,-119.88,294.73
-121.49,-154.37,311.41
-176.68,-150.88,340.78
-10.164,69.607,112.31
-77.511,-61.9,271.12
-107.96,-49.955,262.18
-187.42,-235.45,353.99
-139.53,-181.32,335
-169.3,-219.53,379.11
-149.85,-196.72,339.85
-112.03,-65.497,280.77
-176.41,-158.39,352.76
17.35,85.78,149.96
-55.464,-54.74,221.57
-126.67,-156.51,328.44
-191.3,-208.98,394.65
-150.9,-118.17,283.27
-39.187,52.838,168.65
-30.343,9.1353,212.95
-156.2,-136.81,288.91
-69.102,10.578,193.28
-133.03,-168.53,311.8
-120.07,-87.799,246.78
-43.679,23.631,208.3
-158.41,-119.95,301.98
-13.129,4.0324,180.63
-160.16,-132.61,332.12
-96.313,-109.57,293.41
-104.27,-71.091,229.75
-64.907,-50.526,257.35
-16.734,78.347,120.95
-72.706,-54.495,265.24
3.8665,63.115,108.01
-186.6,-163.91,347.69
32.966,77.999,136.12
-162.95,-197.55,373.47
-1.2012,22.054,171.37
-29.816,59.821,137.16
32.564,86.091,137.59
-73.744,-67.974,222.25
-19.656,39.084,192.81
-160.24,-122.46,305.75
-100.33,-33.792,235.85
-180.47,-153.03,328.49
-57.55,-49.204,248.1
-127.79,-85.957,255.29
-122.9,-139.1,326.7
-183.4,-222.83,343.24
-141.67,-176.01,347.54
11.855,103.31,138.3
-43.3,47.777,163.67
-69.836,-69.054,262.35
-210.6,-198.53,366.65
-95.644,-43.532,216.3
13.856,52.822,160.38
-168.38,-221.03,351.01
-45.207,-32.546,195.16
-193.36,-201.46,389.59
18.817,59.625,154.17
-57.318,10.475,169.51
-5.6856,95.509,138.26
-33.142,42.55,139.83
-182.15,-155.7,337.04
-198.08,-188.13,339.02
-118.14,-138.51,320.52
-141.81,-162.49,348.43
-210.66,-200.68,376.42
-73.558,4.0237,210.45
28.243,62.642,131.31
-7.2304,42.905,184.11
-109.74,-136.5,293.52
-175.91,-149.61,316.17
-179.23,-171.15,365.39
-123.55,-144.68,327.24
-175.95,-236.23,369.7
-117.77,-123.63,319.63
-114.12,-64.025,239.31
-101.68,-124.62,284.85
-44.041,39.991,188.27
-52.451,14.872,163.75
-173.47,-163.02,359.26
2.2288,34.111,137.82
-215.99,-220.15,358.81
-171.62,-227.9,359.02
17.921,50.532,150.34
-152.4,-111.03,302.5
-60.257,8.9932,219.16
11.902,103.85,137.77
-117.23,-66.62,243.71
-26.812,-4.6932,170.34
-157.84,-131.77,332.75
-60.89,-63.076,229.43
24.622,57.776,137.04
-32.391,58.152,170.94
-70.907,-28.795,191.89
-124.07,-84.041,295.99
-136.92,-166.62,303.71
-173.43,-148.45,341.52
-7.1777,12.473,172.14
-33.61,10.401,154.39
-129.39,-142.2,280.73
-98.28,-31.272,238.47
-87.963,-16.502,226.99
-42.475,46.002,155.95
-25.212,72.798,139.02
-152.47,-110.97,301.52
-141.2,-129.99,275.48
-161.04,-124.82,302.19
-99.025,-55.775,274.87
-166.3,-212.86,340.51
-188.52,-216.21,397.54
-136.83,-133.04,334.74
-68.684,-15.203,185.19
-139.1,-137.46,278.24
9.2501,60.1,165.52
-85.192,-61.722,216.14
-58.6,20.781,173.78
-153.25,-139.93,286.93
-11.413,80.261,156.39
-116.06,-68.603,282.1
-161,-127.29,298.55
-104.56,-40.28,237.89
-104.52,-47.572,262.58
21.258,76.861,150.62
-86.06,-47.988,268.32
-51.281,-13.173,235.45
-95.475,-28.235,239.13
-113.41,-108.54,311.88
-79.776,-88.181,271.65
-79.911,-27.586,197.98
7.6391,52.092,168.5
-2.0972,28.176,179.52
-83.851,-12.594,228.39
-171.51,-225.95,354.98
-162.62,-163.15,359.75
-52.966,34.254,177.38
-191.11,-183.09,372.79
-127.31,-76.696,281.77
-116.53,4.5308,85.798
-127.78,-6.0023,130.9
-97.052,34.294,57.723
-301.03,-188.54,283.63
-130.75,-15.839,131.85
-88.252,47.799,83.106
-143.08,33.074,71.775
-266.7,-221.06,301.21
-158.1,-32.241,109.78
-290.41,-171.25,266.17
-240.92,-135.34,258.13
-236.4,-177.94,243.45
-191.44,-76.475,146.95
-250.17,-158.5,214.61
-147.31,-0.27736,85.118
-101.48,71.222,86.198
-104.01,53.374,37.184
-235.92,-167.97,263.99
-215.3,-135.02,198.67
-308.42,-199.93,289.18
-282.32,-206.38,253.21
-109.55,32.787,54.078
-98.747,83.388,76.268
-181.4,-83.166,196.47
-245.22,-124.86,250.35
-106.34,65.244,31.802
-263.89,-155.77,275.15
-118.15,74.529,43.516
-199.46,-32.781,149.1
-205.68,-109.92,226.35
-231.81,-90.286,218.2
-125.67,31.11,58.482
-152.48,-48.178,157.28
-235.73,-93.404,218.79
-111.08,74.295,83.361
-226.37,-72.18,189.17
-91.693,34.032,70.318
-283.27,-196,248.47
-199.33,-114.35,217.39
-149.11,-28.426,107.44
-160.09,23.015,115
-164.22,-49.634,175.56
-98.535,47.839,95.61
-101.27,97.56,59.041
-153.78,-14.662,156.61
-278.4,-152.25,250.38
-153.99,-54.08,150.66
-131.03,46.902,107.02
-127.87,11.532,72.389
-230.08,-167.4,251.14
-206.99,-51.268,150.43
-257.44,-119.54,226.94
-234.47,-85.201,203.41
-203.23,-39.091,151.74
-268.83,-185.61,236.64
-300.59,-197.87,303.83
-167.56,-20.11,105.26
-217.34,-101.73,230.53
-195.76,-31.439,138.63
-164.18,-1.6205,97.365
-230.56,-161.74,222.07
-252.26,-122.53,205.39
-153.89,-40.431,119.13
-93.472,31.383,76.409
-198.15,-33.312,165.56
-98.043,44.39,95.666
-254.61,-145.75,210.62
-210.49,-136.97,226.6
-123.04,2.576,82.723
-118.23,29.464,116.48
-258.11,-121.56,233.01
-279.64,-182.86,296.71
-217.73,-62.421,166.84
-220.11,-152.12,221.95
-302.59,-194.48,295.62
-288.69,-176.09,284.76
-157.17,-7.9729,93.846
-222.38,-79.081,210.63
-164.98,17.325,110.36
-187.65,-79.248,149.24
-64.888,78.633,54.787
-137.67,48.017,66.973
-85.101,66.052,25.163
-206.85,-131.21,222.3
-268.6,-206.71,304.74
-251.49,-203.11,268.35
-129.62,-19.127,119.26
-233.94,-91.793,218.32
-234.72,-176.65,248.62
-213.16,-141.94,215.12
-204.75,-129.87,208.61
-198.62,-115.03,186.21
-73.803,61.662,61.986
-267.34,-192.77,299.44
-268.8,-230.09,286.68
-189.21,-50.629,190.06
-178.82,-38.805,119.99
-187.91,-89.021,204.86
-229.37,-86.846,215.55
-111.68,6.0932,96.995
-147.36,-44.491,141.91
-273.06,-200.14,247
-246.24,-103.37,205.25
-104.85,99.093,33.679
-186.79,-92.271,202.91
-123.85,-9.3853,119.52
-225.1,-137.26,250.01
-200.74,-49.371,187.3
-299.41,-197.83,304.76
-216.58,-107.37,173.19
-88.377,68.844,81.483
-284.42,-163.6,268.17
-194.7,-29.45,163.89
-288.51,-183.59,294.81
-227.99,-108.28,237.21
-114.1,87.965,51.759
-139.16,3.8127,140.06
-236.73,-157.45,213.38
-84.255,70.159,77.923
-115.29,10.805,115.66
-107.95,86.432,30.611
-266.82,-197.6,300.85
-237.6,-179.45,243.82
-255.1,-201.91,286.94
-71.498,82.789,63.742
-162.35,-66.391,158.39
-263.59,-138.4,256.27
-128.77,-1.8258,132.72
-170.87,-76.735,178.02
-144.98,31.357,119.28
-142.6,-35.728,124.99
-148.38,-25.944,105.05
-119.2,69.142,85.913
-304.9,-197.24,275.69
-170.63,-56.94,183.12
-80.873,48.706,59.941
-303.18,-191.8,279.53
-88.97,39.417,60.252
-283.88,-190.25,246.8
-159.98,-62.745,158.96
-197.64,-68.478,204.07
-161.32,19.162,98.284
-160.44,19.395,96.249
-106.99,83.927,28.775
-190.04,-87.265,207.17
-253.64,-123.89,207.28
-94.285,73.716,21.296
-168.58,-54.966,180.76
-103.33,29.958,101.87
-170.72,9.3004,120.92
-118.66,-3.0303,100.25
-170.28,-11.178,157
-83.64,105.37,57.112
-254.05,-205.91,265.67
-168.55,-69.314,178.82
-270.45,-227.6,305.6
-145.13,40.093,106.29
-86.874,47.051,80.291
-141.06,19.312,72.527
-102.43,101.52,49.62
-264.18,-221.32,276.36
-241.95,-152.37,267.49
-204.68,-93.381,220.51
-190.29,-35.855,128.72
-84.508,62.585,28.695
-261.77,-188.35,237.39
-197.72,-50.223,189.3
-269.61,-218.87,306.76
-165.27,6.6416,99.073
-166.35,-19.273,163.74
-308.51,-222.47,276.08
-309.34,-204.15,301.76
-121.37,38.014,113.76
-244.48,-117.67,195.37
-210.57,-138.27,213.11
-179.46,-7.8688,146.48
-171.51,-9.8761,106
-174.3,-79.193,157.38
-126.27,70.179,60.189
-144.96,-16.102,96.126
-233.21,-170.01,232.41
-101.6,63.42,91.271
-194.75,-42.066,134.13
-263.55,-217.3,269.14
-159.96,-61.772,148.89
-103.71,19.841,108.16
-276.43,-149.21,280.6
-238.41,-176.29,261.41
-250,-131.48,226.5
-118.04,32.254,139.16
-98.561,27.546,98.781
-216.02,-142.68,258.28
-217.48,-56.932,201.24
-97.805,48.999,65.375
-257.23,-118.37,242.77
-254.36,-169.51,247.06
-117.56,85.385,83.622
-263.57,-221.07,309.02
-230.4,-100.97,255.71
-181.25,-31.445,199.15
-160.01,26.781,127.84
-90.33,76.159,103.57
-247.23,-112.06,260.14
-220.03,-60.817,199.73
-132.15,47.139,132.03
-162.44,-61.72,191.46
-154.82,-4.0448,175.22
-72.455,65.308,82.22
-133.94,62.324,105.35
-252.59,-203.57,294.72
-199.89,-117.52,215.53
-114.6,34.439,136
-220.16,-135.81,268.02
-251.66,-200.68,300.53
-154.2,27.536,109.73
-255.93,-135.51,232.96
-218.21,-89.288,246.51
-125.66,-4.8831,149.63
-81.714,76.685,97.666
-76.625,82.413,91.926
-152.03,5.6268,167.89
-118.88,8.0999,104.41
-105.42,75.988,51.221
-94.871,32.388,95.738
-95.562,34.452,87.091
-176.46,-82.525,187.48
-127.21,1.3142,108.03
-216.49,-137.26,262.57
-219.15,-59.339,201.89
-135.31,31.371,88.001
-270.45,-195.64,326.32
-209.69,-119.65,254.97
-125.02,28.632,84.103
-214.75,-132.47,221.15
-107.98,20.736,95.287
-177.69,1.5191,148.11
-204.01,-123.59,243.81
-231.11,-109.3,262.65
-228.66,-93.698,199.1
-251.6,-141.43,230.76
-184.92,-25.658,145.19
-230.29,-105.74,203.28
-250.67,-114.58,260.23
-118.93,78.898,97.904
-95.022,32.073,96.551
-229.57,-75.312,210.77
-260.46,-204.86,279.16
-83.503,57.806,100.61
-171.11,-74.154,180.01
-244.81,-98.631,229.25
-200.91,-115.64,242.22
-231.02,-126.13,213.29
-276.16,-160.93,258.1
-288.43,-167.5,281.9
-191.48,-36.062,201.72
-225.95,-116.27,205.74
-141.05,49.535,121.77
-235.37,-106.92,260.29
-262.25,-149.32,294.17
-185.23,-74.694,170.29
-279.67,-154.53,285.19
-238.46,-130.88,278.85
-278.61,-180.03,318.85
-92.494,35.708,101.51
-164.84,-45.292,198.91
-191.12,-85.76,179.69
-191.7,-99.966,196.3
-174.58,-63.331,161.59
-218.21,-58.014,202.01
-133.69,13.563,156.59
-244.05,-164.58,296.74
-76.05,93.908,87.409
-224.85,-92.11,248.53
-194.95,-68.602,227.53
-195.09,-23.584,170.96
-245.74,-149.21,291.89
-167.34,-56.814,157.33
-87.108,44.829,99.215
-140.56,53.712,110.56
-149.1,17.999,157.59
-233.71,-173.03,266.4
-206.04,-119.74,249.9
-236.43,-125.1,274.66
-257.78,-141.36,287.73
-101.61,46.593,67.221
-76.808,112.04,76.351
-109.67,95.85,64.126
-266.09,-167.57,308.87
-271.8,-201.46,272.15
-181.37,-16.531,141.05
-253.78,-127.71,275.1
-112.81,41.057,132.28
-267.98,-222.15,296.55
-205.07,-73.916,233.69
-223.49,-150.93,270.22
-232.2,-102.37,256.69
-110.2,44.021,129.43
-249.1,-161.6,299.44
-80.085,71.121,97.171
-240.62,-159.61,239.26
-209.62,-121.68,254.84
-135.77,-21.985,135.55
-218.38,-135.67,265.73
-265.93,-223.91,317.31
-274.77,-179.79,260.51
-218.99,-71.031,187.22
-122,50.023,130.16
-272.48,-197.7,328.37
-187.44,-93.673,226.14
-107.9,56.693,122.04
-234.6,-118.21,269.6
-276.34,-182.74,320.93
-133.29,-2.4884,160.95
-189.18,-14.965,165.86
-184.13,-7.8966,162.32
-294.81,-227.5,293.77
-193.98,-24.062,180.92
-168.87,-66.666,202.9
-103.79,82.416,102.11
-107.07,51.226,124.44
-175.79,-49.087,208.47
-140.87,37.591,139.59
-100.18,106.35,71.947
-149.6,40.294,110.75
-210.48,-128.77,219.88
-158.72,-33.087,135.44
-175.86,-80.33,183.91
-216.83,-101.69,194.06
-146.9,36.083,137.91
-231.87,-166.83,254.87
-170.68,-33.099,137.41
-153.7,-42.04,185.11
-186.81,-37.861,148.98
-231.19,-162.34,280.22
-296.22,-190.82,283.56
-249.83,-189.92,304.39
-139.82,4.26,104.34
-129.35,49.385,130.38
-237.25,-90.377,213.58
-258.12,-130.35,235.81
-262.21,-181.29,256.47
-177.16,-41.882,205.59
-261.69,-191.88,318.75
-265.7,-143.09,285.96
-277.26,-215.19,283.1
-113.63,37.075,134.38
-220.47,-129.1,214.85
-257.41,-139.77,235.08
-96.203,57.301,114.81
-269.08,-190.56,323.32
-100.83,53.688,119.46
-294.03,-177.13,287.29
-132.71,63.49,89.887
-190.86,-106.97,220.27
-271.84,-221.14,291.13
-283.04,-166.06,267.97
-173.14,-10.404,180.71
-139.9,-17.469,169.09
-200.41,-93.079,241.33
-230.34,-131.27,275.59
-230.34,-157.38,280.29
-283.44,-184.47,268.48
-96.142,93.241,39.141
-244.21,-138.27,225.13
-179.73,-4.0123,165.46
-191.35,-19.496,175.66
-95.777,82.315,101.81
-237.4,-146.42,286.06
-70.524,65.494,71.432
-138.67,-20.628,166.66
-166.85,18.233,154.14
-206.03,-54.282,240.92
-150.8,-44.634,185.68
-232.53,-79.17,248.91
-174.75,-80.574,224.55
-78.877,66.318,117.86
-133.28,15.157,179.65
-186.05,-73.096,247.67
-232.82,-166.17,303.87
-252.14,-138.66,253.91
-273.21,-191.95,349.93
-78.092,69.388,117.41
-186.18,-33.135,170.83
-140.61,32.396,170.31
-64.077,114.37,95.339
-230.74,-89.263,268.39
-267.62,-167.78,333.45
-251.04,-136.32,308.69
-227.65,-72.664,226.4
-64.718,76.58,91.504
-179.53,-34.563,166.48
-94.771,53.043,137.66
-70.612,71.253,80.421
-51.252,99.416,82.475
-95.209,115.93,65.5
-177.41,-82.515,232.57
-91.855,59.468,81.464
-219.91,-140.52,290.2
-74.633,83.901,113.23
-280.9,-153.55,304.05
-216.63,-86.072,210.52
-177.49,-2.7167,193.76
-108.88,99.103,99.546
-142.83,-25.15,158.69
-75.044,61.921,100.47
-260.05,-190.25,288.15
-116.94,11.974,126.93
-184.35,-62.097,184.5
-179.33,1.4414,173.64
-197.11,-113.32,239.76
-208.06,-50.839,235.36
-132.59,-14.528,153.38
-214.52,-55.161,234.6
-145.58,38.06,121.03
-207.76,-46.307,198.58
-160.71,27.969,156.96
-193.51,-46.474,180.44
-193.62,-86.696,257.47
-209.19,-122.61,277.08
-269.92,-137.63,279.85
-84.438,79.97,63.546
-180.15,-31.021,223.45
-204.07,-35.851,199.91
-260.63,-213.42,319.99
-227.81,-149.1,300.73
-262.95,-186.27,341.68
-234.17,-166.07,306.98
-212.1,-47.299,220.1
-273.46,-141.55,292.97
-85.384,114.11,99.171
-139.57,-25.517,187.17
-221.27,-123.17,290.31
-291.72,-183.45,342.43
-229.78,-109.85,228.29
-131.29,64.436,106.68
-133.36,39.488,164.34
-231.48,-127.27,238.34
-155.67,19.574,132.76
-214.69,-139.96,278.64
-195.28,-77.463,197.21
-146.17,45.306,149.79
-244.7,-110.76,241.93
-101.73,35.789,145.55
-257.42,-116.24,271.59
-192.71,-76.214,253.82
-178.77,-59.52,182.24
-166.31,-18.451,212.12
-96.649,86.534,64.953
-175.45,-23.681,217.41
-68.937,79.558,67.688
-277.67,-151.91,287.05
-63.472,111.26,96.385
-261.36,-165.47,330.71
-92.633,54.819,135.17
-110,68.021,80.953
-66.889,118.46,94.312
-151,-44.961,186.1
-123.34,66.096,139.68
-247.34,-112.96,245.4
-189.44,-23.931,174.27
-266.27,-143.77,268.94
-156.08,-16.012,206.56
-206.35,-77.455,200.77
-222.39,-106.68,283.46
-255.67,-202.9,307.52
-237.34,-142.76,308.41
-89.18,124.55,80.46
-130.7,57.162,102.94
-167.43,-35.743,221.73
-296.62,-188.69,307.58
-173.05,-34.493,163.38
-83.82,85.987,119.51
-247.79,-193.09,318.96
-124.52,-7.189,160.1
-293.09,-178.85,334.46
-78.659,92.801,113.48
-134.19,19.657,117.19
-101.22,110.02,76.934
-109.02,52.04,88.705
-271.12,-145.03,276.54
-275.68,-179.93,284.94
-215.6,-105.37,279.8
-241.84,-130.84,303.83
-300.9,-188.54,316.63
-165.95,15.509,148.12
-60.469,94.764,96.578
-109.97,73.059,135.49
-195.89,-105.61,259.42
-257.41,-141.37,258.93
-278.33,-151.27,307.53
-221.57,-111.72,285.85
-258.84,-205.76,337.8
-219.19,-92.403,273.38
-193.62,-55.661,183.85
-188.45,-93.519,250.49
-141.27,55.218,126.41
-128.63,24.423,112.45
-272.95,-142.94,301.34
-76.658,59.79,103.5
-290.83,-211.6,307.42
-252.42,-198.83,327.17
-74.84,83.659,113.47
-242.64,-100.22,241.12
-160.86,27.527,158.47
-89.038,124.93,79.826
-197.6,-58.368,187.41
-105.26,19.99,135.19
-256.09,-114.35,272.66
-145.49,-33.525,195.02
-64.858,90.129,101.95
-128.42,72.545,109.07
-144.99,-15.894,146.3
-224.12,-65.577,235.67
-214.4,-141.72,269.63
-268.33,-133.93,280.73
-95.107,43.987,137.33
-107.27,26.825,113.34
-203.93,-121.92,243.56
-189.8,-20.277,176.26
-179.97,-5.2619,164.68
-125.67,54.348,97.444
-110.94,81.767,79.161
-242.23,-100.41,240.24
-214.53,-117.55,229.97
-245.53,-116.13,243.02
-201.38,-34.336,216.19
-243.24,-187.25,307.71
-288.79,-187.93,348.73
-239.54,-105.82,282.66
-143.8,-4.459,136.19
-212.01,-122.57,235.98
-92.263,91.402,119.28
-159.13,-45.819,174.24
-140.37,28.992,116.28
-227.18,-129.12,238.99
-110.48,98.006,96.011
-215.16,-51.502,220.94
-242.97,-119.03,240.94
-192.02,-31.023,176.95
-202.14,-32.174,200.6
-79.922,108.18,104.67
-189.79,-23.22,212.47
-155.17,15.545,184.18
-188.72,-16.253,176.68
-216.17,-78.945,262.59
-174.61,-54.854,233.32
-155.73,-17.512,147.6
-92.73,84.329,124.32
-99.202,61.487,139.3
-178.44,0.25051,165.86
-250.89,-197.92,323.06
-264.28,-138.17,305.85
-141.47,43.991,116.15
-288.24,-165.36,313.99
-221.83,-63.58,219.63
-139.22,-29.179,26.98
-167.77,-33.824,64.854
-118.01,-0.54205,-1.01
-332.14,-237.2,200.09
-167.81,-43.519,68.392
-127.37,20.463,18.359
-162.25,-18.872,-5.8723
-303.36,-246.81,240.39
-174.41,-74.506,46.027
-319.82,-221.1,182.6
-285.83,-169.69,180.27
-262.43,-208,186.23
-207.25,-119.96,82.148
-265.01,-203.14,149.23
-162.63,-47.046,16.807
-146.54,35.758,6.8807
-119.04,8.737,-28.345
-275.16,-194.76,199.81
-235.42,-170.68,139.65
-337.62,-249.22,206.45
-296.53,-250.95,188.43
-125.97,-8.1185,-8.1511
-142.92,45.49,-5.2111
-221.72,-110.96,130.19
-288.53,-164.07,168.01
-121.72,16.944,-38.381
-307.12,-194.04,194
-139.9,22.332,-36.552
-227.6,-84.873,63.9
-248.63,-138.7,156.73
-271.65,-134.75,132.45
-140.84,-15.738,-9.8013
-188.79,-75.953,94.32
-274.25,-139.08,132.71
-153.88,33.622,-0.29067
-258.04,-122.66,102.98
-119.82,4.2363,11.691
-297.97,-243.3,180.03
-237.7,-141.67,153.29
-167,-67.718,45.915
-194.72,-26.03,28.092
-207.06,-78.532,105.9
-142.01,18.612,25.032
-140.54,53.129,-26.187
-199.28,-47.398,80.179
-307.68,-202.56,166.37
-185.02,-83.162,90.496
-173.97,5.9192,22.885
-143.85,-30.87,8.7318
-264.16,-194.4,190.94
-229.03,-104.05,69.433
-288.42,-169.72,141.68
-267.95,-134.6,117.03
-230.16,-91.482,67.186
-283.31,-230.38,171.4
-339.11,-240.89,220.9
-183.42,-69.024,33.95
-262.63,-135.79,152.7
-219.77,-84.282,55.945
-182.12,-53.055,21.345
-251.74,-195.78,164.09
-272.6,-174.59,126.65
-173.23,-77.842,58.661
-123.53,2.4238,17.188
-234.56,-81.293,78.451
-140.63,15.829,26.61
-270.36,-194.8,139.24
-244.81,-164.38,165.71
-142.44,-34.394,22.728
-163.13,-1.6941,42.431
-291.4,-170.5,147.33
-322.82,-220.07,216.86
-242.73,-115.05,83.594
-245.95,-182.82,164.12
-337.65,-240.53,211.92
-326.24,-220.66,200.77
-172.79,-56.262,23.48
-263.45,-122.42,125.22
-194.75,-34.125,24.583
-204.49,-120.23,86.577
-103.18,51.692,-8.8049
-159.8,-4.4585,-13.734
-101.3,25.585,-36.362
-241.37,-158.66,161.2
-310.84,-234.36,237.05
-279.81,-231.36,211.39
-159.67,-48.544,59.505
-273.01,-136.98,132.35
-264,-205.04,190.71
-239.84,-172.32,156.99
-233.24,-159.45,149.93
-221.42,-148.51,127.57
-109.1,34.47,0.55766
-311.24,-222.75,227.61
-295.22,-258.67,230.9
-234.4,-87.328,109.17
-194.5,-87.192,49.457
-229.51,-117.17,137.1
-269.35,-131.24,129.79
-141.28,-23.327,37.602
-178.04,-73.718,81.858
-287.69,-242.74,184.22
-273.19,-155.25,121.28
-131.29,47.555,-49.465
-226.68,-119.93,137.15
-157.92,-37.45,58.065
-268.31,-166.12,180.08
-242.81,-91.88,102.05
-338.62,-240.15,222.1
-231.85,-152.46,106.93
-132.8,38.444,8.7264
-318.15,-211.37,183.53
-232.04,-76.758,76.824
-328.91,-225.02,212.23
-272.74,-144.78,156.91
-144.61,37.579,-33.353
-184.49,-28.323,64.491
-253.72,-196.58,152.8
-128.04,40.654,6.7534
-154.89,-16.867,50.127
-128.61,34.492,-48.257
-310.11,-226.44,230.88
-263.16,-209.77,186.69
-292.36,-227.99,225.22
-114.24,54.302,-5.3571
-192.11,-95.961,98.69
-302.54,-182.72,171.43
-170.71,-30.229,64.388
-205.82,-104.6,116.07
-186.94,-11.205,34.07
-168.29,-67.536,65.971
-165.94,-65.731,43.212
-160.27,26.094,0.84361
-328.82,-248.16,195.36
-213.92,-86.137,112.72
-110.09,19.619,1.2606
-330.91,-241.85,197.11
-114.15,8.015,2.1307
-299.32,-238.91,176.15
-191.52,-91.616,98.629
-243.05,-103.67,124.79
-186.29,-33.455,15.069
-184.63,-33.293,13.593
-126.19,32.336,-48.468
-232.92,-116.08,137.57
-274.27,-175.99,128.25
-109.11,27.428,-46.035
-211.65,-84.008,110.73
-143.83,2.2089,35.497
-202.36,-41.431,34.465
-145.95,-33.678,41.299
-213.98,-51.524,72.992
-127.44,67.287,-24.285
-279.76,-235.5,209.28
-206.48,-96.934,114.71
-306.7,-253.24,245.24
-183.14,-6.3749,19.669
-124.63,19.823,16.796
-156.97,-29.845,0.88851
-137.95,54.093,-36.093
-288.87,-251.16,220.52
-286.37,-183.05,194.41
-249.73,-125.05,145.73
-209.08,-87.821,51.366
-101.56,23.562,-31.813
-277.11,-229.51,175.73
-241.1,-90.875,105.2
-309.13,-245,243.12
-186.27,-45.96,19.148
-211.76,-55.443,83.296
-324.62,-271.7,204.2
-343.41,-250.66,218.34
-166.83,3.8213,35.627
-262.68,-169.04,119.21
-237.79,-168.4,154.84
-217.21,-54.881,59.426
-190,-61.666,29.105
-197.64,-112.6,98.382
-153.57,18.473,-23.851
-161.58,-57.518,33.126
-256.64,-202,175.03
-146.89,29.958,14.151
-213.6,-94.062,56.689
-285.93,-248.89,213.11
-186.78,-92.878,89.783
-144.32,-5.4675,44.601
-321.98,-192.68,191.35
-273.49,-203.66,199.95
-278.65,-176.97,148.74
-175.06,5.6047,60.501
-137.69,1.5472,35.618
-263.42,-165.13,192.54
-261.23,-102.9,110.5
-126.71,13.579,-0.59485
-296.46,-165.28,154.62
-281.36,-207.77,179.28
-162.53,40.514,-6.8207
-304.68,-243.79,248.13
-286.05,-135.57,168.73
-238,-65.164,112.3
-202.14,-20.003,37.454
-147.51,48.625,23.732
-298.77,-151.71,170.51
-261.43,-107.73,109.79
-187.38,10.901,43.418
-209.99,-84.958,124.67
-212.48,-34.661,91.31
-119.12,42.508,16.666
-180.01,17.756,14.371
-293.69,-226.69,233.36
-236.31,-145.07,152.74
-171.31,8.3574,58.266
-273.65,-158.9,196.51
-296.67,-222.54,237.47
-188.6,-20.602,24.086
-285.54,-181.73,153.55
-274.91,-121.94,160.96
-175.69,-27.973,80.974
-137.69,51.627,21.768
-132.34,57.656,16.598
-209.38,-26.536,82.402
-151.43,-23.178,40.369
-133.76,30.822,-25.889
-134.58,6.7568,32.542
-131.44,6.4344,24.2
-213.4,-110.12,124.21
-158.07,-32,42.966
-267.52,-159.7,193.86
-262.21,-105.6,111.36
-163.48,-13.532,11.344
-326.32,-220.97,250.2
-263.31,-142.94,183.12
-152.33,-12.22,12.973
-246.89,-163.47,157.77
-141.67,-9.2754,31.823
-219.31,-45.561,57.794
-251.97,-146.23,177.39
-287.65,-141.69,177.56
-258.58,-140.37,118.89
-279.18,-185.47,155.62
-215.85,-73.085,63.253
-258.49,-150.72,126.5
-300.89,-155.4,170.28
-168.86,37.255,7.2234
-135.01,6.5864,33.293
-270.49,-122.26,121.19
-292.01,-234.55,217.83
-135.11,34.974,30.953
-207.75,-102.04,116.65
-285.34,-145.43,140.16
-250.96,-138.26,174.09
-258.12,-166.74,142.61
-307.16,-207.53,177.09
-327.12,-213.65,195.11
-246.29,-73.15,112.45
-253.1,-157.49,134.3
-190.25,6.9209,30.532
-290.65,-141.98,173.05
-317.11,-183.68,208.1
-214.3,-110.76,103.42
-325.36,-197.78,196.08
-295.43,-160.35,196.88
-333.81,-212.49,234.76
-136.47,11.915,36.989
-220.43,-70.095,123.62
-220.57,-121.03,113.45
-225.16,-130.19,132.77
-204.58,-97.986,95.63
-261.89,-104.01,111.3
-191.08,-13.925,76.635
-299.08,-188.47,223.01
-132.97,66.996,8.5204
-280.52,-126.9,161.29
-252.49,-97.657,145.58
-237.58,-70.315,80.342
-302.52,-176.82,212.3
-198.44,-90.012,92.195
-133.58,21.764,33.504
-185.49,8.423,19.644
-205.46,-16.61,69.996
-273.08,-197.69,204.64
-257.79,-142.47,180.25
-293.37,-155.3,191.85
-312.58,-176.12,201.23
-130.04,10.195,0.47947
-133.37,80.164,-8.1491
-149.43,49.016,-24.372
-322.24,-198.21,226.17
-298.78,-238.05,206.37
-213.55,-64.43,57.522
-307,-165.1,186.77
-169.93,14.141,53.219
-301.76,-249.3,236.41
-262.28,-105.45,149.07
-273.06,-173.1,203.03
-287.59,-137.38,169.42
-167.24,17.275,50.634
-305.41,-187.52,222.24
-134.49,47.379,24.132
-269.13,-194.73,173.98
-262.6,-144.71,183.83
-171.96,-50.31,72.039
-271.1,-158.47,195.19
-309.9,-245.57,255.34
-301.74,-222.88,187
-251.38,-118.83,103.64
-179,17.483,44.503
-328.4,-223.22,251.97
-238.36,-116.54,157.01
-165.38,27.795,40.327
-291.37,-149.54,185.58
-332.21,-213.43,238.42
-188.24,-26.846,86.726
-232.73,-61.27,74.879
-228.89,-53.622,71.024
-320.75,-266.35,226.15
-241.49,-68.147,89.325
-219.49,-89.694,133.82
-159.6,47.868,15.039
-164.3,23.893,44.793
-233.04,-76.21,129.06
-195.49,0.32236,50.26
-148.62,64.001,-18.35
-189.07,-7.2269,21.68
-243.85,-158.64,156.85
-187.43,-70.116,67.72
-211.78,-108.7,120.57
-244.08,-143.22,122.18
-199.15,-3.9987,47.189
-267.65,-193.91,193.19
-198.18,-74.969,64.918
-205.42,-65.268,114.89
-215.73,-83.776,70.501
-281.01,-184.34,213.03
-327.51,-237.08,202.71
-300.23,-211.53,237.19
-167.4,-35.745,34.009
-184.93,13.742,42.196
-273.77,-138.19,126.58
-290.24,-177.59,153.11
-289.02,-219.53,188.87
-234.83,-71.128,123.32
-316.49,-215.43,245.62
-317.67,-181.48,197.47
-304.69,-250.13,218.91
-170.49,10.744,56.236
-249.41,-164.37,149.02
-286.56,-185.66,156.45
-152.41,31.943,38.366
-325.18,-216.56,246.19
-157.44,27.736,41.965
-331.56,-223.38,201.32
-171.65,16.057,1.3556
-234.36,-130.9,155.99
-302.52,-251.25,230.02
-316.2,-212.95,184.84
-228.33,-47.109,91.582
-193.33,-41.121,96.958
-256.68,-118.53,164.72
-287.06,-157.81,197.31
-281.79,-179.62,211.47
-311.41,-229.1,192.31
-125.19,47.421,-39.336
-271.26,-180.64,152.41
-227.99,-47.635,73.793
-238.05,-64.114,84.089
-152.88,51.236,17.812
-293.62,-171.93,209.41
-112.24,41.247,8.234
-190.19,-43.85,96.603
-218.31,-24.932,60.378
-272.37,-87.2,147.13
-202.58,-66.14,117.47
-290.76,-118.9,153.69
-231.01,-99.863,155.28
-142.39,48.073,43.873
-202.67,-7.4971,95.569
-253.92,-93.428,167.61
-292.98,-183.42,233.82
-291.94,-178.41,173.82
-341.38,-213.99,267.6
-142.42,51.003,42.585
-227.46,-74.771,87.281
-209.04,2.371,78.244
-133.09,91.797,11.666
-296.04,-122.82,174.69
-335.66,-193.9,246.37
-318.96,-164.35,219.42
-277.46,-115.81,134.02
-120.7,57.705,22.962
-219.44,-74.011,86.66
-161.36,33.666,59.797
-118.45,48.13,13.517
-111.86,81.663,11.465
-144.15,73.197,-25.667
-236.61,-101.04,161.8
-132.9,28.725,11.076
-283.1,-158.23,217.11
-141.74,64.317,34.692
-336.04,-193.49,211.12
-256.66,-126.02,130
-240.62,-39.563,97.936
-167.35,59.662,4.4617
-188.32,-51.307,90.112
-129.33,42.256,32.386
-300.4,-219.72,219.84
-162.18,-14.199,58.535
-224.32,-96.378,110.78
-233.32,-40.974,78.694
-247.31,-135.08,172.54
-272.27,-86.254,140.35
-180.4,-38.647,85.316
-275.91,-93.029,138.99
-190.24,-5.2433,32.705
-255.05,-89.911,107.73
-217.53,-13.14,61.237
-234.34,-87.614,97.85
-261.02,-106.57,178.35
-273.04,-140.65,203.07
-319.67,-179.86,188.62
-123.9,46.113,-9.2468
-249.31,-59.193,132.99
-255.74,-78.878,106.15
-309.96,-233.51,255.48
-292.3,-166.98,226.38
-330.55,-206.25,262.25
-295.66,-183.27,235.89
-269.02,-88.155,124.61
-327.95,-182.07,199.87
-152.33,83.012,7.0479
-199.71,-44.196,115.44
-289.32,-143.65,209.92
-355.26,-216.28,251.06
-269.31,-148.82,149.35
-179.11,21.046,15.653
-202.22,10.489,73.151
-270.63,-162.66,163.98
-198.94,-23.354,46.032
-273.25,-157.88,209.11
-235.1,-111.92,123.41
-207.14,6.8791,53.855
-288.02,-153.3,155.62
-165.95,17.2,70.575
-311.58,-157.43,177.97
-261.52,-97.785,171.52
-219.39,-92.15,109.96
-236.03,-44.522,123.7
-136.49,46.776,-15.181
-244.6,-51.994,126.79
-113.17,53.437,0.18128
-325.42,-194.22,197.37
-132.21,89.567,13.988
-329.86,-189.7,245.49
-158.89,35.631,57.801
-149.97,28.111,0.53596
-136.07,93.916,8.156
-202.85,-66.422,117.88
-189.51,32.937,45.74
-291.27,-155.65,158.41
-234.51,-67.439,85.37
-309.47,-185.91,183.19
-225.61,-39.068,121.89
-245.92,-116.03,122.27
-291.64,-131.19,197.29
-302.77,-224.77,242.71
-305.76,-164.01,226.82
-149.17,86.517,-14.192
-174.65,14.164,15.563
-236.68,-58.091,138.13
-340.4,-230.34,221.95
-212.62,-71.757,86.436
-152.98,63.424,35.734
-304.87,-210.33,251.45
-179.29,-27.279,91.114
-353.75,-214.54,242.05
-147.75,70.371,29.919
-173.67,-17.121,40.908
-153.03,67.798,-15.978
-148.36,16.22,13.67
-316.85,-187.55,188.28
-314.58,-218.26,207.28
-284.65,-127.84,196.23
-310.62,-156.54,216.62
-348.44,-230.19,227.91
-213.79,-28.184,56.711
-125.05,76.52,21.714
-178.53,44.012,44.484
-258.34,-123.67,186.53
-297.95,-182.04,177.14
-336.33,-189.64,214.11
-290.69,-134.73,201.58
-319.59,-222.28,268.13
-288.16,-119.44,184.43
-233.45,-94.967,104.27
-251.34,-111.73,177.07
-194.4,12.763,32.133
-168.16,-11.515,37.124
-331.28,-181.3,207.65
-131.54,40.324,35.166
-328.92,-247.84,232.92
-311.07,-215.64,258.88
-141.96,64.066,34.911
-289.01,-143.36,151.59
-218.28,-13.273,62.624
-148.85,86.778,-14.821
-237.68,-98.33,106.83
-159.07,-0.32476,66.718
-311.57,-154.97,178.63
-206.11,-52.136,122.97
-129.96,71.675,26.406
-180.32,29.89,15.565
-186.62,-46.78,75.267
-281.25,-106.12,140.37
-268.02,-161.19,202.32
-319.89,-175.74,188.51
-158.83,25.54,62.925
-151.84,0.15395,44.9
-252.27,-144.78,176.55
-236.86,-63.99,85.478
-227.44,-48.995,73.536
-166.99,12.76,13.913
-153.85,39.324,-6.692
-288.19,-143.53,151.08
-255.44,-148.49,159.45
-287.68,-158.12,158.33
-262.08,-72.945,120.26
-297.27,-205.6,241.4
-354.69,-217.57,259.2
-305.5,-138.14,189.89
-183.95,-38.403,62.728
-254.91,-150.5,167.41
-161.34,64.394,30.276
-203.35,-73.243,105.2
-180.98,-11.873,34.193
-266.9,-162.25,166.85
-166.58,57.257,1.3195
-270.71,-92.994,125.82
-283.71,-159.97,158.66
-235.89,-74.203,89.432
-255.58,-74.677,106
-148.88,81.391,16.03
-254,-58.93,117.11
-222.93,-15.821,91.07
-237.36,-59.914,84.66
-284.25,-108.63,171.21
-242.75,-75.492,152.67
-195.57,-52.64,72.983
-162.17,59.074,37.104
-168.26,39.439,56.225
-228.38,-43.26,72.947
-308.04,-215.05,255.63
-327.83,-172.38,212.82
-186.19,0.70949,27.808
-343.54,-204.94,221.35
-271.99,-106.75,126.94
-118.69,-80.972,-17.816
-159.5,-89.599,5.2247
-95.776,-52.539,-44.649
-301.84,-310.94,137.18
-158.47,-97.337,11.975
-119.18,-34.233,-40.046
-124.18,-89.011,-58.083
-295.56,-298.2,185.58
-143.71,-132.01,2.7949
-287.77,-295.15,120.77
-273.81,-235.82,111.4
-246.5,-257.73,140.11
-175.28,-178.52,38.699
-231.61,-262.42,106.11
-127.56,-109.01,-28.132
-133.59,-31.716,-62.829
-85.726,-50.644,-71.663
-267.5,-248.9,141.62
-212.12,-223.08,96.402
-305.99,-322.51,145.19
-262.94,-309.77,146.02
-96.526,-64.158,-50.67
-127.45,-24.171,-75.455
-213.62,-166.91,70.218
-271.55,-234.68,97.885
-85.322,-46.772,-84.318
-290.94,-263.55,124.53
-102.66,-49.669,-91.663
-193.06,-160.67,2.0476
-240.73,-197.37,93.357
-248.62,-209.15,62.8
-105.64,-77.695,-54.63
-179.07,-129.42,38.64
-249.6,-214.01,63.733
-135.4,-38.315,-70.766
-226.36,-198.82,38.347
-104.96,-46.486,-36.501
-262.17,-305.49,135.43
-229.22,-195.88,95.698
-139.59,-122.85,2.8101
-165.52,-102.38,-38.813
-199,-137.26,42.582
-133.92,-40.874,-39.164
-117.3,-20.873,-95.207
-188.93,-112.07,11.671
-275.18,-277.05,104.39
-171.98,-134.86,39.646
-155.27,-66.453,-47.932
-112.91,-88.329,-34.243
-254.21,-245.63,138.11
-191.39,-176.88,13.659
-256.73,-245.11,77.966
-237.97,-210.63,51.135
-194.85,-166.87,6.4414
-249.66,-289.57,128.58
-316.81,-312.85,153.54
-146.67,-133.72,-12.874
-251.01,-201.82,83.61
-182.87,-158.39,-1.9565
-143.99,-121.86,-29.234
-230.31,-247.03,120.69
-234.9,-245.58,73.119
-148.07,-131.74,15.169
-110.2,-48.542,-32.55
-207.02,-157.54,10.301
-132.77,-42.367,-36.235
-233.45,-259.59,92.445
-234.59,-216.23,112.37
-117.69,-87.836,-20.559
-153.92,-64.226,-24.468
-261.75,-245.91,81.915
-307.56,-288.36,148.08
-206.42,-189.52,24.77
-229.36,-233.16,117.81
-311.26,-313.79,146.38
-302.18,-293.77,133.49
-136.5,-120.11,-22.705
-241.91,-196.3,54.954
-161.44,-110.2,-38.615
-175.15,-176.62,43.564
-94.996,-2.0503,-66.082
-122.46,-77.002,-69.415
-72.151,-29.826,-78.376
-231.21,-210.67,107.62
-303.65,-291.33,175.12
-266.41,-280.48,163.93
-145.93,-100.02,9.4942
-249.03,-211.71,63.076
-250.86,-254.9,142.13
-223.88,-222.81,109.99
-218.73,-210.15,101.48
-201.13,-200.12,82.8
-99.475,-17.72,-53.684
-302.66,-283.35,162.5
-280.74,-306.98,185.27
-220.4,-156.27,38.573
-158.15,-151.19,3.1425
-221.62,-174.3,75.559
-246.44,-205.63,60.045
-127.36,-74.53,-11.931
-164.73,-125.37,31.289
-256.01,-299.59,142.57
-238.35,-230.07,60.827
-96.547,-26.58,-109.17
-218.53,-175.45,77.733
-147.02,-89.867,4.6003
-260.44,-225.05,116.38
-222.42,-165.44,31.221
-317.23,-311.73,154.44
-198.24,-212.49,63.079
-124.06,-22.943,-57.2
-289.7,-285.73,118.37
-205.47,-152.81,8.0993
-308.79,-296.33,143.84
-258.75,-213.24,86.892
-112.53,-37.748,-96.681
-174.59,-92.217,-3.464
-226.07,-250.97,110.76
-119.84,-19.339,-57.95
-146.59,-72.231,-8.9886
-91.151,-36.555,-102.05
-302.29,-285.39,167.11
-246.8,-259.5,140.91
-284.51,-280.13,169.57
-106.51,-3.9074,-68.327
-178.12,-147.43,48.896
-279.28,-256.4,102.82
-162.72,-87.848,2.3333
-195.45,-157.34,61.791
-166.45,-84.752,-36.667
-150.66,-119.03,19.14
-137.95,-121.22,0.15454
-139,-47.461,-69.257
-293.59,-320.06,138.72
-205.79,-145.48,48.733
-96.306,-30.975,-47.66
-298,-315.09,136.95
-96.681,-42.711,-43.911
-262.62,-303.05,129.94
-178.87,-143.39,47.368
-230.49,-171.05,54.871
-149.99,-107.9,-43.728
-147.94,-107.34,-44.412
-88.44,-37.418,-100.49
-224.95,-174.75,74.262
-236.66,-247.2,74.393
-74.263,-33.687,-90.152
-203.56,-143.04,47.076
-135.84,-53.797,-24.63
-170.44,-117.84,-30.28
-130,-84.843,-6.5183
-196.16,-123.65,1.754
-111.67,-2.3548,-94.253
-264.11,-284.51,163.78
-197.55,-151.22,57.401
-298.84,-304.27,190.93
-157.58,-81.896,-49.256
-115.97,-33.916,-40.088
-120.02,-94.848,-46.136
-110.54,-20.979,-102.95
-272.58,-299.82,175.96
-277.39,-244.75,128.32
-240.13,-188.24,78.358
-170.83,-157.75,-0.44195
-74.038,-30.75,-73.856
-247,-285.18,134.2
-222.87,-163.14,34.116
-302.17,-298.59,185.03
-148.36,-117.95,-35.401
-198.32,-123.92,12.786
-287.69,-336.9,156.92
-316.21,-323.81,153.6
-155.16,-62.465,-33.727
-224.72,-237.94,68.395
-222.28,-218.93,107.41
-191.08,-130.85,-9.5578
-151.78,-131.21,-22.278
-177.64,-164.46,53.074
-119.02,-56.369,-84.562
-131.77,-114.25,-9.9151
-237.94,-252.31,130.49
-135.81,-35.404,-54.576
-175.35,-164.06,4.7886
-267.15,-298.11,169.94
-170.24,-144.27,42.183
-138.53,-58.798,-14.152
-302.17,-269.44,116.22
-263.61,-255.92,145.84
-250.14,-245.66,90.387
-174.78,-59.288,-16.56
-130.69,-51.652,-21.981
-262.92,-219.4,128.31
-238.46,-181.38,35.766
-107.21,-43.945,-53.062
-271.03,-242.04,84.127
-258.57,-267.31,127.11
-141.23,-37.475,-82.182
-301.38,-294.52,190.43
-278.18,-208.54,88.276
-231.36,-137.84,31.203
-177.99,-98.402,-36.053
-146.51,-17.357,-54.035
-284.76,-227.86,91.339
-236.86,-185.83,36.985
-177.9,-63.674,-37.6
-208.86,-140.21,59.791
-208.95,-104.4,11.144
-118.02,-11.714,-47.005
-159.42,-60.564,-61.974
-290.03,-277.87,175.42
-226.82,-198.36,97.089
-171.41,-55.709,-18.118
-275.07,-217.62,125.39
-295.71,-274.69,176.14
-160.11,-95.792,-42.021
-256.77,-251.83,93.725
-269.19,-193.39,80.575
-175.69,-84.574,13.553
-138.38,-10.832,-53.195
-133.2,-4.3071,-57.909
-204.36,-97.822,1.629
-137.08,-78.28,-13.448
-105.41,-37.309,-83.713
-128.13,-46.38,-25.441
-121.32,-47.041,-31.167
-204.09,-163.78,67.966
-141.22,-88.352,-10.291
-268.51,-216.18,125.77
-238.91,-183.98,37.182
-135.3,-81.263,-46.138
-326.73,-283.66,175.18
-264.61,-201.96,111.75
-127.38,-74.875,-41.121
-232.61,-218.02,104.56
-128.9,-63.65,-22.431
-194.69,-123.98,-15.355
-251.54,-201.06,112.44
-282.1,-212.74,97.505
-229.56,-211.17,58.448
-251.51,-251.86,99.299
-186.56,-145.35,1.282
-230.25,-218.56,68.937
-285.31,-232.06,91.798
-152.44,-40.146,-71.451
-128.81,-46.563,-24.906
-245.71,-200.1,48.872
-278.65,-287.27,166.04
-136,-22.31,-38.001
-198.07,-155.83,60.55
-260.53,-222.86,68.353
-251.4,-194.35,106.93
-233.3,-229,88.891
-278.64,-278.9,115.55
-302.12,-289.22,125.67
-235.89,-148.42,31.355
-227.76,-220.46,80.155
-172.68,-71.126,-47.963
-282.23,-215.25,92.701
-309.14,-255.92,128.62
-194.3,-169.11,50.379
-305.8,-274.39,120.93
-292.63,-228.38,118.15
-327.65,-282.81,156.09
-133.39,-41.772,-24.421
-221.2,-132.04,49.21
-201.42,-178.72,60.5
-212.11,-184.67,78.618
-186.2,-155.32,42.459
-239.08,-182.46,36.621
-190.21,-79.985,-1.327
-300.42,-249.04,149.77
-132.42,1.87,-68.591
-272.49,-200.12,80.692
-250.29,-165.57,66.505
-213.63,-148.88,6.4769
-301.3,-242.63,134.92
-181.8,-146.39,38.743
-132.17,-32.637,-30.124
-163.81,-70.014,-55.936
-197.88,-90.044,-11.228
-267.35,-249.54,147.6
-258.81,-199.73,111.21
-289.91,-224.12,112.71
-304.22,-248.78,121.58
-109.48,-48.135,-52.077
-128.29,9.6826,-87.913
-124.27,-27.99,-95.389
-318.08,-267.06,147.59
-277.46,-295.71,155.24
-184.35,-137.99,-6.0641
-295.68,-239.75,107.18
-169.45,-51.112,-24.108
-291.56,-300.52,183.81
-257.76,-175.93,68.835
-273.7,-228.39,136.65
-279.26,-210.66,88.994
-166.88,-47.739,-26.506
-305.48,-251.16,146.38
-135.71,-12.639,-48.354
-249.74,-251.67,122.11
-263.87,-203.04,113.3
-161.7,-104.32,16.148
-272.46,-216.41,125.07
-308.71,-296.85,195.24
-274.66,-287.84,131.91
-222.36,-192.4,39.89
-173.51,-54.017,-36.134
-328.66,-286.17,176.78
-238.92,-173.44,88.77
-163.3,-39.907,-38.598
-286.84,-219.54,105.93
-327.89,-282.14,160.13
-189.15,-87.896,13.271
-209.58,-140,0.1568
-206.76,-132.45,-4.6463
-297.01,-325.91,174.75
-221.92,-146.81,11.734
-219.79,-146.59,65.803
-151.85,-25.162,-65.565
-163.51,-41.899,-32.912
-232.43,-141.77,51.481
-184.85,-75.034,-30.735
-130.97,-13.28,-95.873
-163.19,-84.826,-49.446
-231.07,-212.65,103.03
-166.43,-129.33,14.479
-201.37,-162.59,64.949
-218.51,-206.59,67.737
-185.05,-81.061,-32.995
-258.32,-246.25,138.52
-172.4,-138.88,10.009
-205.99,-123.06,45.577
-186.95,-153.1,11.604
-281.89,-239.59,146.49
-299.4,-308.26,141.07
-301.69,-266.69,170.28
-143.3,-97.607,-19.846
-176.12,-60.374,-38.826
-246.43,-214.32,58.406
-261.6,-250.38,89.983
-266.18,-278.93,136.92
-232.51,-139.33,43.991
-318.04,-275.47,172.84
-304.95,-256.49,118.61
-285.01,-306.21,168.31
-170.42,-53.688,-20.45
-230.06,-221.75,96.604
-257.9,-255.1,97.319
-152.93,-30.994,-37.028
-325.1,-280.15,170.52
-157.61,-36.124,-34.234
-306.01,-298.37,133.04
-145.62,-61.116,-69.148
-230.97,-184.44,95.008
-288.43,-303.9,178.9
-288.3,-285.98,120.82
-218.42,-122.18,10.323
-194.23,-100.44,25.562
-257.16,-181.6,89.199
-286.75,-222.39,120.65
-283.13,-236.15,143.05
-283.4,-296.41,135.2
-96.559,-21.883,-98.32
-244.85,-244.85,97.666
-209.14,-126.24,-4.3183
-217.68,-142.88,7.0342
-148.72,-18.683,-62.039
-294.01,-235.06,133.9
-107.83,-11.564,-51.04
-190.7,-101.52,27.499
-201.17,-104.99,-20.866
-270.35,-164.85,56.304
-204.7,-122.04,49.145
-279.41,-199.22,67.355
-236.92,-156.01,83.542
-152.18,-11.349,-34.958
-210.97,-75.478,7.7739
-263.65,-157.87,82.858
-302.29,-239.67,159.17
-273.06,-247.47,107.1
-349.73,-280.52,181.48
-152.42,-9.0728,-37.197
-207.51,-146.86,17.834
-210.43,-73.306,-13.036
-141.3,24.138,-75.676
-293.03,-200.55,84.593
-340.35,-264.93,157.9
-321.91,-237.47,129.91
-259.66,-194.83,54.552
-126.87,2.1904,-48.231
-200.87,-142.8,20.004
-171.41,-28.912,-23.004
-117.54,-7.1734,-51.601
-120.9,24.576,-63.967
-126.36,-4.8247,-103.95
-244.4,-158.13,87.399
-122.48,-30.981,-51.464
-293.24,-216.85,138.95
-151.82,1.189,-48.789
-323.25,-272.17,127.93
-237.69,-195.45,62.92
-233.82,-119.65,8.1398
-156.36,-20.495,-81.964
-183.76,-108.58,25.648
-134.1,-13.108,-37.482
-290.82,-277.58,158.81
-157.51,-71.334,-5.6728
-210.33,-159.4,47.223
-217.87,-121.73,-4.7816
-248.57,-190.29,105.74
-267.18,-165.4,50.271
-178.6,-95.052,19.619
-267.5,-173.21,50.41
-170.21,-81.286,-41.379
-235.81,-167.9,30.669
-204.4,-94.165,-24.459
-214.64,-158.87,29.179
-270.96,-170.2,94.38
-283.15,-200.03,124.02
-302.65,-257.81,109.79
-110.08,-16.12,-72.003
-252.64,-133.23,42.071
-238.81,-158.9,24.766
-312.34,-286.31,190.63
-302.82,-226.58,146.73
-340.48,-270.13,178
-305.55,-240.29,159.85
-256.14,-168.95,38.981
-314.36,-261.01,117.03
-152.17,7.0387,-83.307
-207.74,-102.04,39.94
-298.99,-208.37,124.88
-352.18,-292.1,163.28
-251.01,-216.85,83.384
-160.29,-57.027,-61.847
-204.69,-64.292,-17.95
-255.33,-226.43,100.61
-178.67,-98.117,-26.333
-281.31,-213.91,135.76
-220.9,-175.05,59.9
-198.06,-73.671,-34.615
-268.12,-227.66,83.435
-175.72,-43.036,-9.2104
-297.28,-236.91,95.077
-270.53,-164.19,85.015
-207.13,-153.72,46.717
-241.43,-116.54,33.477
-117.62,-22.323,-81.952
-247.8,-126.19,35.791
-108.14,-3.0262,-62.929
-307.52,-271.03,120.61
-141.09,23.066,-72.523
-336.39,-258.9,157.69
-168.97,-26.53,-24.53
-131.01,-41.236,-66.461
-142.61,23.94,-80.568
-205.05,-122.32,49.498
-187.21,-44.877,-45.048
-271.47,-230.55,85.495
-214.46,-143.96,10.731
-289.86,-259.76,111.38
-233.61,-107.59,33.702
-227.98,-183.64,56.513
-298.23,-201.16,108.52
-302.66,-278.21,179.15
-314.89,-229.82,140.93
-140.05,7.0172,-101.37
-154.59,-61.097,-57.571
-245.19,-125.64,50.672
-321.47,-303.99,149.82
-195.84,-137.89,21.477
-161.26,-4.3097,-51.754
-312.93,-264.68,180.08
-183.88,-83.414,20.473
-346.97,-291.82,155.58
-156.12,2.8323,-57.41
-157.28,-82.649,-23.655
-136.86,-11.401,-97.002
-132.77,-48.149,-50.164
-297.94,-263.36,113.55
-296.59,-285.18,142.38
-292.97,-195.39,108.93
-315.97,-227.57,127.61
-331.05,-306.13,151.78
-194.71,-106.61,-20.996
-135.28,16.448,-58.252
-180.84,-30.646,-46.336
-267.86,-182.23,108.95
-278.56,-252.58,109.06
-326.1,-268.3,128.84
-298.56,-202.93,113.87
-329.77,-278.07,193.3
-292.42,-192.08,94.399
-214.97,-163.55,37.784
-260.91,-170.72,98.926
-178.56,-67.508,-50.443
-152.53,-76.127,-26.971
-321.19,-260.16,122.03
-136.73,-15.179,-35.211
-312.44,-311.91,170.17
-320.15,-270.48,186.1
-152.03,0.91984,-48.587
-269.81,-220.26,75.791
-205.66,-94.316,-23.517
-139.55,7.2534,-101.88
-218.72,-167.81,39.681
-163.08,-56.132,-3.0483
-298.32,-234.62,94.672
-214.41,-110.2,46.987
-140.21,11.049,-54.24
-163.81,-49.854,-65.826
-176.31,-107,12.02
-268.74,-186.69,54.7
-272.7,-215.92,133.28
-303.97,-254.33,108
-168.53,-34.237,-16.253
-146.46,-57.132,-18.902
-251.78,-200.1,111.06
-217.43,-141.96,8.599
-208.16,-127.24,-3.7952
-147.1,-59.303,-55.553
-133.85,-34.672,-78.371
-268.83,-220.16,75.735
-244.8,-208.34,96.932
-267.78,-231.15,87.724
-252.73,-153.54,31.963
-303.1,-259.33,172.61
-355.39,-291.27,170.86
-303.86,-214.88,99.832
-170.33,-101.15,-0.80897
-247.74,-208.18,104.61
-165.66,-8.2858,-59.845
-197.16,-131.16,41.304
-161.45,-82.693,-34.083
-253.83,-223.83,104.26
-153.46,-22.918,-83.381
-256.71,-173.66,41.254
-264.16,-230.95,90.207
-215.63,-149.62,16.277
-239.83,-155.19,23.067
-153.34,9.033,-73.825
-248.65,-138.41,26.848
-222.86,-92.594,-0.31471
-218.62,-138.79,6.1321
-285.8,-183.71,80.517
-252.31,-140.44,67.45
-180.78,-116.53,9.0493
-168.18,-11.858,-52.329
-176.95,-27.653,-30.836
-210.31,-122.77,-6.8826
-316.23,-269.31,184.26
-323.54,-249.77,124.18
-166.19,-75.338,-46.314
-331.13,-283.31,138.22
-254.31,-186,47.098
-64.547,-126.61,-27.631
-106.85,-147.23,-20.092
-40.761,-97.367,-52.776
-224.32,-375.28,124.34
-107.11,-152.11,-11.003
-67.509,-90.696,-64.781
-46.665,-144.52,-60.427
-246.97,-351.2,162.44
-80.385,-177.84,0.31644
-209.25,-358.76,109.61
-210.47,-302.79,83.753
-196.05,-303.87,126.66
-110.49,-224.77,36.933
-165.61,-308.58,105.43
-58.5,-157.16,-28.671
-68.687,-99.627,-90.313
-19.665,-96.985,-72.503
-216.53,-305.07,116.65
-156.31,-267.72,89.161
-228.32,-385.51,134.05
-197.27,-355.29,145.83
-34.995,-109.11,-53.584
-59.588,-92.999,-101.6
-160.87,-224.83,44.624
-202.24,-303.64,72.774
-14.169,-96.091,-84.516
-222.92,-331.77,99.244
-23.838,-107.78,-96.029
-111.99,-224.7,-7.5178
-185.66,-258.47,65.886
-173.48,-278.66,41.826
-36.531,-125.77,-55.028
-127.85,-183.56,16.29
-173.34,-283.14,44.143
-64.294,-107.85,-95.089
-146.14,-265.01,25.512
-54.083,-94.402,-51.708
-192.61,-353.45,135.53
-177.86,-251.62,71.567
-79.686,-168.02,-1.7078
-86.14,-170.31,-54.406
-143.82,-198.34,15.236
-78.058,-102.79,-66.941
-42.432,-89.819,-115.72
-127.55,-178.43,-16.861
-196.09,-340.87,93.449
-120.98,-184.99,21.906
-83.695,-136.35,-72.292
-49.512,-133.96,-36.427
-204.88,-297.11,117.38
-111.68,-235.68,9.2061
-177.18,-310.43,65.614
-158.55,-277.73,36.561
-113.83,-229.98,-2.0675
-183.62,-335.5,128.21
-244.13,-380.08,133.27
-74.51,-183.94,-13.303
-187.92,-268.93,55.588
-102.34,-219.08,-7.9807
-67.638,-175.84,-30.706
-176.28,-291.51,112.17
-156.79,-302.27,69.858
-90.172,-176.91,9.0048
-59.73,-97.667,-49.534
-128.42,-226.37,-7.0034
-78.137,-102.97,-63.463
-161.14,-309.8,92.136
-184.61,-268.24,91.541
-60.365,-132.74,-26.884
-94.91,-128.87,-52.911
-183.01,-312.5,67.378
-240.99,-355.78,122.56
-125.8,-250.99,17.892
-178.12,-279.58,104.69
-235.76,-379.96,129.68
-227.77,-361.21,114.4
-65.268,-169.65,-23.098
-167.84,-266.14,32.706
-80.628,-175.3,-49.663
-113.35,-222.02,40.332
-44.17,-57.448,-90.244
-43.125,-135.67,-74.015
-11.297,-74.253,-81.222
-181.1,-262.9,86.641
-250.38,-350.95,147.93
-217.54,-327.47,148.17
-94.847,-149.47,-7.3673
-173.21,-281.02,42.906
-201.45,-302.89,125.63
-172.76,-269.78,96.105
-168,-258.26,85.923
-147.25,-245.7,72.843
-49.432,-70.489,-75.36
-245.61,-346.21,134.57
-232.14,-352.42,171.13
-153.78,-225.19,11.303
-86.764,-200.86,2.7204
-167.91,-233.68,49.023
-171.36,-275.21,38.945
-76.437,-123.56,-28.428
-113.66,-175.27,13.867
-192.85,-344.09,141.53
-158.02,-292.84,52.168
-16.863,-88.623,-117.51
-166.13,-232.87,52.455
-96.259,-142.11,-15.857
-205.16,-286.45,88.724
-149.1,-235.63,7.947
-245.25,-379.09,133.43
-131.48,-259.38,62.157
-66.255,-86.594,-85.448
-212.39,-351.88,103.19
-127.43,-222.03,-10.125
-237.57,-364.17,121.65
-192.56,-281.61,59.921
-32.886,-102.77,-108.59
-114.09,-157.97,-32.007
-166.73,-295.18,106.94
-63.479,-81.748,-85.911
-94.285,-129.38,-34.022
-13.089,-93.465,-105.61
-247.01,-346.86,139.38
-196.18,-305.39,127.92
-235.24,-333.93,146.03
-51.925,-64.603,-95.703
-126.94,-196.72,32.309
-204.68,-324.96,82.53
-108.55,-147.72,-24.408
-144.63,-210.27,40.568
-93.1,-154.87,-59.831
-97.97,-166.12,6.4141
-77.506,-166.44,-3.9715
-65.323,-117.11,-91.589
-215.69,-379.28,132.27
-150.03,-207.2,21.093
-45.977,-79.402,-63.93
-219.86,-377.26,127.19
-44.73,-89.027,-56.33
-190.96,-352.68,129.8
-127.97,-193.84,29.164
-165.82,-239.09,27.035
-69.397,-169.34,-50.594
-67.547,-168.09,-50.626
-11.401,-92.697,-102.94
-169.86,-235.8,46.864
-158.39,-304.19,70.908
-6.0417,-81.033,-90.412
-148.1,-204.44,19.575
-83.089,-111.85,-50.376
-89.903,-184.17,-43.022
-78.281,-132.58,-20.828
-125.16,-193.8,-23.383
-43.699,-70.973,-120.05
-214.41,-330.01,150.47
-145.94,-206.77,33.703
-250.54,-356.81,168.09
-80.429,-151.13,-68.237
-64.96,-89.019,-63.744
-47.514,-145.28,-46.544
-33.022,-88.573,-119.68
-222.93,-344.54,163.55
-219.21,-308.59,100.14
-180.38,-253.4,49.92
-93.434,-212.91,-2.4651
-14.818,-74.938,-77.76
-185.53,-329.31,132.22
-151.58,-233.21,9.3179
-251.98,-354.56,159.66
-69.276,-175.64,-39.052
-132.34,-192.67,-14.799
-215.01,-387.57,156.37
-240.48,-389.37,137.82
-91.833,-129.83,-61.854
-148.35,-292.12,66.697
-171.29,-266.24,93.017
-113.28,-200.24,-28.192
-74.741,-185.96,-24.106
-123.66,-210.5,42.656
-38.787,-119.33,-93.538
-69.471,-159.76,-12.859
-185.85,-297.4,119.64
-73.527,-102.08,-82.752
-97.894,-219.31,2.7161
-216,-341.92,159.83
-118.07,-191.91,28.367
-89.042,-115.2,-40.608
-226.25,-343.59,90.37
-213.41,-308.6,124.39
-177.81,-305.4,78.74
-117.33,-132.06,-55.964
-80.824,-107.16,-47.065
-214.76,-280.11,95.632
-159.83,-255.64,12.017
-48.423,-96.657,-67.477
-192.83,-312.74,64.265
-196.66,-320.28,114.96
-63.629,-112.09,-107.2
-255.21,-349.52,162.91
-210.49,-285.76,52.006
-164.44,-215.46,-6.1861
-98.862,-171.73,-58.287
-87.803,-90.914,-93.339
-211.77,-304.87,59.675
-157.83,-258.57,15.377
-108.13,-141.69,-73.12
-159.58,-201.62,27.194
-145.89,-180.64,-27.769
-69.657,-71.985,-79
-81.818,-135.99,-87.958
-243.32,-333.16,148.01
-175.87,-252.44,74.6
-114.84,-127.78,-57.416
-223.77,-284.5,87.951
-249.25,-332.72,145.25
-82.039,-162.85,-57.66
-183.09,-313,81.488
-203.72,-270.19,42.96
-125.68,-148.2,-21.084
-83.476,-81.467,-92.149
-78.797,-74.483,-96.731
-139.32,-174.88,-36.633
-82.532,-131.42,-31.864
-33.642,-96.526,-95.194
-78.546,-102.16,-51.081
-69.945,-100.95,-53.104
-152.88,-218.39,45.06
-84.555,-141.38,-26.818
-219.01,-280.29,90.148
-160.14,-257.81,14.058
-63.952,-140.13,-57.548
-271.51,-354.39,136.38
-212.99,-269.1,74.252
-61.836,-130.02,-52.868
-178.59,-270.58,86.407
-75.643,-116.95,-42.09
-115.36,-197.05,-37.106
-202.91,-262.42,79.357
-217.06,-289.2,59.95
-155.15,-272.96,46.063
-181.56,-309.55,88.151
-110.76,-208.63,-11.725
-158.78,-277.52,57.521
-211.22,-308.69,61.497
-77.348,-117.09,-101.31
-79.315,-102.51,-50.813
-166.82,-272.41,27.654
-226.62,-338.33,148.03
-85.74,-87.242,-73.988
-146.59,-210.36,37.957
-181.99,-294.7,47.414
-202.01,-257.67,72.149
-168.16,-283.77,77.254
-203.93,-341.66,102.27
-225.15,-358.86,106.06
-165.13,-226.66,-3.6103
-161.77,-275.72,68.633
-96.543,-148.09,-76.985
-214.04,-292.47,56.842
-242.05,-332.24,92.926
-134.58,-222.44,35.99
-230.12,-348.51,94.912
-231.38,-303.14,79.512
-263.01,-358.07,119.63
-84.696,-100.23,-53.985
-166.78,-202.14,10.495
-142.63,-231.83,45.607
-158.65,-237.91,59.195
-128.04,-208.52,26.961
-160.44,-256.68,12.93
-131.48,-153.71,-40.813
-247.45,-317.94,111.28
-74.646,-70.996,-107.84
-204.52,-277.49,44.455
-189.39,-240.56,27.299
-134.43,-222.52,-16.068
-242.65,-315.86,95.952
-125.2,-199.56,21.984
-83.521,-92.919,-61.897
-85.653,-144.9,-80.821
-129.89,-167.94,-48.075
-219.2,-304.3,121.99
-208.63,-264.72,75.094
-227.69,-299.37,74.281
-236.61,-325.32,86.042
-49.545,-101.1,-65.856
-63.939,-66.429,-125.62
-45.966,-99.136,-115.7
-255.55,-341.9,109.9
-217.81,-347.46,142.68
-107.45,-202.78,-19.96
-225.1,-316.71,73.58
-111.6,-124.17,-63.523
-242.14,-351.84,163.35
-193.63,-252.4,30.524
-225.1,-290.93,102.15
-211.12,-287.93,53.032
-109.29,-120.6,-65.901
-249.29,-322.73,107.37
-83.172,-80.849,-86.371
-191.51,-303.8,107.94
-212.84,-269.4,76.256
-109.79,-158.75,-5.9653
-221.82,-282.36,88.183
-262.91,-353.76,165.14
-206.22,-344.27,121.02
-145.51,-257.32,25.798
-108.09,-131.02,-74.022
-273.14,-357.09,137.99
-188.88,-237.75,53.352
-102.63,-114.73,-77.801
-223.14,-295.44,67.929
-265.4,-356.74,122.69
-135.57,-157.07,-25.04
-130.57,-214.31,-23.346
-128.07,-207.49,-29.285
-234.7,-378.31,163.61
-144.43,-223.25,-15.544
-169.64,-210.73,30.669
-84.158,-102.5,-101.99
-105.05,-115.37,-72.313
-174.25,-215.09,12.02
-113.92,-153.22,-65.496
-55.484,-89.336,-124.35
-84.061,-156.19,-69.343
-178.13,-265.53,83.598
-105.54,-183.02,0.63406
-149.5,-216.79,43.071
-152.08,-262.16,56.21
-111.2,-159.05,-65.12
-208.26,-299.38,116.43
-105.41,-194.92,-1.627
-155.16,-188.38,9.6029
-113.95,-213.4,-0.15453
-233.43,-302.24,111.75
-225.04,-371.04,127.48
-253.55,-329.6,134.97
-78.804,-152.38,-32.019
-107.03,-138.28,-74.776
-168,-283.14,40.967
-185.61,-314.65,75.966
-204.37,-331.71,124.91
-171.3,-214.57,4.7315
-265.62,-343.91,134.45
-233.48,-333,86.281
-227.42,-357.19,154.97
-113.46,-126.07,-59.799
-171.46,-274.39,82.123
-184.85,-315.6,85.364
-97.535,-102.06,-76.093
-268.87,-351.59,131.69
-101.26,-108.01,-73.484
-229.32,-367,114.39
-66.815,-131.92,-88.635
-182.28,-242.55,65.864
-236.16,-354.45,161.7
-212.39,-350.97,105.87
-148.04,-200.5,-25.045
-142.18,-167.68,-11.692
-201.61,-252.8,50.101
-229.55,-294.8,81.463
-233.73,-300.5,107.04
-212.49,-354.9,123.87
-23.638,-82.242,-110.21
-177.35,-300.84,86.519
-131.99,-203.05,-32.324
-139.77,-218.94,-19.453
-85.237,-94.726,-100.38
-238.39,-306.26,94.857
-59.367,-68.227,-78.654
-139.94,-166.66,-8.3214
-123.44,-184.47,-51.581
-200.92,-250.89,10.95
-156.18,-186.17,12.686
-203.81,-282.56,30.299
-189.72,-222.75,42.892
-103.67,-84.142,-81.746
-154.29,-156.98,-42.657
-210.68,-236.26,33.072
-256.38,-308.6,114.84
-204.32,-313.54,84.968
-294.35,-360.42,131.88
-103.42,-82.73,-84.607
-135.67,-215.67,-5.0151
-144.13,-159.23,-60.819
-84.871,-56.947,-125.82
-223.12,-286.08,40.247
-279.5,-347.66,109.44
-258.51,-321.46,82.036
-182.58,-272.75,25.173
-80.327,-63.989,-88.762
-132.5,-208.75,-2.2968
-120.22,-105.41,-71.995
-68.305,-68.779,-84.465
-74.147,-45.133,-108.53
-50.154,-81.625,-132.73
-197.13,-227.07,44.174
-65.475,-91.711,-76.892
-245.57,-288.96,92.281
-100.15,-75.946,-98.147
-248.51,-352.77,93.428
-168.6,-261.87,40.653
-160.27,-205.52,-33.614
-81.045,-103.86,-119.29
-131.3,-170.16,-4.5381
-87.132,-78.266,-76.44
-235.79,-336.75,133.62
-105.12,-132.7,-35.653
-148.94,-221.68,23.564
-140.21,-203.04,-37.731
-200.29,-253.13,70.622
-195.16,-251.25,7.2744
-128.02,-157.35,-12.968
-193.22,-258.18,10.318
-94.839,-154.49,-66.553
-159.06,-243.78,3.4472
-127.44,-177.19,-60.034
-143.64,-226.91,6.5637
-218.8,-247.81,44.857
-234.81,-272.98,76.908
-226.83,-335,80.228
-49.458,-77.611,-95.359
-188.57,-218.5,-6.7706
-161.19,-238.48,-6.1497
-266.65,-347.13,155.79
-254.44,-300.03,99.064
-288.08,-348.02,128.34
-259.2,-310.43,114.44
-179.49,-251.88,3.2736
-239.07,-341.42,83.203
-84.977,-78.262,-129.62
-159.91,-171.98,-4.0063
-245.75,-287.04,74.988
-283.93,-375.45,120.17
-183.43,-282.1,61.266
-83.619,-133.25,-89.555
-139.62,-149.87,-66.333
-192.74,-288.74,77.9
-104.33,-169.74,-50.471
-235.1,-281.82,92.894
-159.32,-237.31,36.408
-123.19,-158.65,-74.225
-194.29,-299.05,59.152
-126.48,-116.73,-56.477
-221.22,-317.49,61.688
-215.54,-244.35,34.788
-147.72,-215.41,22.113
-180.01,-200.81,-16.346
-48.858,-88.432,-104.12
-183.55,-211.54,-13.006
-56.196,-63.412,-92.111
-232.35,-346.41,92.686
-85.952,-57.125,-122.67
-277.91,-340.69,108.38
-118.16,-102.58,-73.3
-61.999,-107.57,-88.688
-83.447,-58.723,-130.35
-156.56,-186.49,12.964
-117.52,-130.94,-90.205
-197.21,-302.61,60.766
-138.66,-217.69,-14.718
-216.6,-330.75,87.103
-176.33,-189.5,-16.737
-160.92,-248.64,34.268
-239.1,-283.86,58.687
-255.4,-338.22,146.57
-260.48,-309.38,90.936
-66.077,-76.756,-140.29
-79.906,-133.4,-82.243
-188.98,-206.78,0.27888
-248.67,-375.17,124.94
-130.56,-201.95,-1.1038
-104.79,-85.521,-102.02
-268.19,-330.72,138.24
-136.15,-149.33,-18.766
-275.92,-374.53,115.52
-99.854,-78.214,-107.65
-92.696,-146.27,-46.284
-60.28,-90.519,-128.23
-69.526,-110.95,-72.927
-223.24,-336.98,87.322
-230.12,-349.38,120.61
-236.68,-276.42,58.734
-255.39,-310.7,78.453
-256.85,-380.83,123.85
-117.62,-183.08,-48.644
-86.371,-57.346,-105.9
-115.81,-115.98,-94.471
-220,-253.89,62.979
-208.31,-320.01,86.564
-252.41,-350.46,91.616
-241.5,-284.42,63.754
-284.63,-347.03,148.32
-229.96,-276.35,45.42
-146.83,-229.33,15.513
-212.69,-242.9,52.635
-101.17,-148.03,-82.679
-89.058,-139.18,-49.849
-247.39,-342.62,84.536
-89.801,-80.748,-74.697
-249.1,-373.83,148.53
-275.39,-337.69,142.88
-100.35,-76.233,-97.953
-194.03,-294.94,49.198
-128.9,-177.68,-59.651
-65.483,-76.438,-140.63
-149.6,-234.29,17.371
-115.41,-121.32,-41.462
-222.53,-316.03,60.067
-166.48,-180.55,2.628
-90.824,-63.383,-102.26
-86.605,-129.37,-97.019
-118.89,-168.38,-13.843
-192.44,-269.6,18.732
-226.24,-280.31,94.809
-228.04,-332.92,76.872
-119.67,-107.37,-63.159
-93.649,-118.23,-48.215
-202.71,-261.99,77.731
-140.62,-217.69,-18.405
-131.16,-203.38,-31.129
-75.31,-128.12,-78.452
-60.311,-105.6,-102.34
-193.23,-294.43,49.475
-187.57,-269.08,71.661
-195.13,-301.05,64.254
-177.71,-238.4,-7.3844
-258,-323.3,133.53
-290.56,-374.53,125.03
-235.37,-300.14,54.633
-109.33,-163.35,-24.695
-193.85,-268.62,76.968
-103.21,-92.631,-108.91
-143.46,-192.48,12.464
-90.9,-150.33,-56.596
-194.09,-285.04,80.509
-77.27,-105,-118.46
-179.72,-255.76,6.8153
-193.46,-298.76,67.615
-140.73,-221.98,-8.2792
-162.26,-236.05,-9.4108
-91.23,-75.038,-122.85
-176.23,-224.47,-16.072
-155,-178.85,-47.213
-141.28,-215.97,-22.162
-220.09,-269.05,32.936
-198.83,-219.3,17.523
-118.29,-179.29,-14.288
-107.96,-95.276,-102.13
-121.22,-108.39,-81.145
-132.69,-201.07,-36.274
-271.61,-335.33,142.34
-253.41,-334.13,81.415
-90.837,-148.57,-71.533
-256.82,-363.8,103.5
-177.07,-264.25,17.447
-2.1271,-144.75,2.1294
-34.441,-179.75,0.75093
21.297,-114.05,-21.586
-135.84,-400.1,167.57
-37.75,-182.21,10.211
3.4653,-122.51,-44.272
34.013,-159.44,-11.808
-180.32,-381,181.79
-14.049,-190.55,39.751
-121.02,-382.15,154.34
-125.45,-339.26,110.27
-134.69,-324.83,152.18
-43.188,-237.05,77.674
-97.887,-320.04,147.5
12.23,-168.99,15.442
17.802,-136.2,-62.711
48.236,-108.6,-30.471
-146.1,-336.99,136.58
-94.101,-283.69,121.32
-140.96,-408.75,178.25
-130.24,-366.24,187.94
29.832,-121.94,-15.529
28.919,-128.79,-71.403
-88.171,-257.63,65.381
-113.02,-338.7,104.43
58.441,-107.94,-38.88
-134.9,-366.77,129.98
59.672,-124.82,-47.609
-22.325,-247.01,39.68
-109.21,-293.42,87.169
-81.407,-310.76,79.348
34.147,-137.47,-10.81
-59.116,-213.05,37.729
-81.134,-314.13,83.104
26.164,-142.46,-61.878
-54.927,-290.26,70.483
9.0153,-117.09,-26.814
-121.86,-364.75,180.29
-107.65,-282.81,92.187
-15.33,-182.1,34.475
6.2687,-198.03,-11.392
-67.337,-233.19,36.658
-0.55886,-138.15,-45.302
49.038,-121.45,-78.136
-43.879,-215.41,7.9348
-107.43,-364.15,138.66
-55.874,-210.09,45.577
7.2721,-171.07,-38.796
16.673,-146.41,3.2024
-139.27,-324.77,138.43
-27.196,-252.94,58.157
-87,-335.12,110.4
-66.852,-304.5,80.126
-25.008,-251.29,45.641
-116.1,-346.66,170.48
-155.08,-411.11,169.57
-0.69795,-196.17,32.863
-102.88,-305.72,81.747
-15.848,-237.96,40.691
11.216,-189.74,17.618
-114.93,-308.39,142.53
-74.83,-318.15,118.39
-26.637,-192.22,43.053
4.2706,-121.97,-25.815
-35.523,-255.58,34.635
-2.3013,-137.61,-42.333
-87.269,-321.94,138.46
-118.26,-296.08,112.97
2.7049,-148.11,6.7122
-13.71,-165.39,-29.589
-92.041,-339.12,110.52
-154.26,-390.77,152.24
-38.598,-270.69,66.178
-116.19,-300.37,130.89
-146.49,-408.09,169.63
-137.82,-391.42,152.43
7.5642,-181.69,22.485
-75.907,-299.27,68.887
9.8703,-198.97,-3.3929
-48.021,-235.19,78.392
25.518,-88.579,-69.985
41.085,-153.01,-25.382
52.79,-86.91,-43.567
-114.51,-290.91,108.07
-175.96,-385.34,168.21
-156.08,-350.35,171.48
-30.309,-173.75,16.81
-81.034,-312.48,81.281
-138.88,-326.57,148.91
-110.39,-291.26,121.83
-104.8,-281.25,110.54
-84.996,-263.92,102.36
17.613,-99.145,-54.326
-166.8,-381.92,156.88
-172.17,-373.72,195.11
-65.702,-261.84,40.119
-13.751,-212.95,48.389
-93.536,-267.52,69.912
-79.242,-307.42,76.368
-12.337,-147.47,-4.1694
-48.73,-200.08,37.744
-127.76,-355.42,181.6
-69.782,-314.17,99.358
70.473,-109.55,-70.569
-94.024,-265.31,73.148
-29.384,-169.74,6.264
-128.34,-321.61,110.05
-57.165,-269.6,43.12
-156.36,-410.71,168.91
-62.804,-271.19,104.6
13.574,-122.73,-62.8
-122.39,-378.88,145.09
-34.432,-252.01,30.678
-148.57,-396.79,156.03
-105.13,-317.91,88.616
57.065,-127.06,-63.516
-31.304,-194.82,-7.7819
-103.45,-308.51,143.12
14.661,-117.37,-64.048
-22.445,-161.58,-13.259
69.048,-109.61,-57.254
-170.14,-382.08,160.67
-134.98,-325.95,153.78
-167.6,-364.23,165.61
23.979,-99.384,-74.677
-62.502,-220.76,56.69
-113.65,-356.34,120.06
-33.539,-181.84,-3.3233
-77.118,-238.62,62.338
-1.2168,-188.75,-24.584
-34.866,-186.76,33.747
-12.884,-180.24,32.764
26.277,-150.25,-55.703
-131.57,-398.13,179.04
-72.742,-242.42,42.734
17.349,-103,-39.937
-133.04,-399.26,172.42
17.392,-109.26,-29.316
-117.88,-364.56,175.78
-62.62,-219.36,52.535
-79.312,-275.96,54.304
17.775,-189.02,-2.3171
18.939,-187.13,-2.1412
68.878,-107.63,-54.679
-93.434,-270.69,68.199
-76.099,-320.3,119.43
63.63,-92.457,-46.693
-71.212,-239.49,41.1
-10.267,-144.79,-29.695
1.5718,-209.39,2.2032
-14.995,-154.56,5.0644
-34.202,-229.15,9.3417
44.667,-106.46,-89.614
-153.93,-350.71,175.58
-75.795,-237.59,54.704
-184.41,-386.28,187.4
12.23,-181.69,-28.392
4.5445,-119.7,-43.104
26.636,-157.55,-0.14355
58.333,-117.06,-78.444
-163.16,-364.39,189.09
-139.06,-344.71,123.07
-98.422,-290.03,73.722
-13.114,-227.5,46.243
48.39,-88.326,-41.699
-121.45,-341.25,170.72
-60.576,-268.3,42.406
-182.05,-386.72,178.89
13.97,-192.05,9.9056
-44.665,-229.52,13.449
-140.58,-400,202.8
-151.65,-416.66,178.4
-6.4687,-166.75,-35.594
-69.312,-306.24,114.91
-108.69,-288.17,118.4
-20.226,-230.58,12.242
5.0769,-200.31,24.477
-60.959,-229.17,72.003
49.579,-140.94,-46.579
-3.8429,-172.74,25.672
-124.75,-316.18,147.55
10.802,-138.88,-57.193
-17.47,-233.96,51.442
-156.41,-359.84,187.52
-54.699,-213.49,54.799
-19.017,-148.27,-22.388
-129.76,-380.43,125.89
-146.38,-337.07,145.64
-95.511,-328.25,119.25
-29.583,-178.66,-39.274
-11.43,-139,-27.896
-141.48,-318.84,109.8
-62.125,-290.94,50.362
22.14,-119.89,-37.094
-98.446,-344.3,104.33
-124.59,-341.89,148.52
33.964,-148.42,-70.17
-187.77,-383.06,178.46
-114.64,-331.08,76.887
-68.548,-261.71,17.626
-1.782,-205.68,-18.846
1.1475,-137.63,-75.79
-113.93,-346.72,90.331
-61.313,-291.91,55.078
-10.732,-186.64,-46.522
-85.204,-240.46,42.129
-52.796,-227.7,-7.221
3.3319,-110.11,-64.349
16.492,-173.23,-51.423
-175.41,-366.68,163.96
-107.29,-282.01,95.801
-28.074,-174.14,-41.24
-143.73,-328.25,101.7
-179.01,-369.48,159.26
9.0673,-190.4,-15.513
-98.979,-336.63,122.56
-109.15,-316.42,65.718
-49.057,-189.09,-6.7293
1.3397,-127.23,-76.865
5.4085,-120.04,-81.705
-44.696,-221.64,-14.482
-13.318,-157.74,-6.2627
47.966,-119.12,-54.96
-9.0277,-134.48,-32.38
-1.3448,-130.07,-31.347
-83.733,-248.4,66.211
-14.582,-166.26,1.1171
-142.17,-322.01,103.67
-62.763,-292.54,52.811
17.174,-162.59,-17.549
-186.48,-400.05,151.95
-132.6,-312.95,88.171
13.63,-151.84,-16.771
-110.1,-296.56,111.81
-6.8203,-144.23,-17.954
-18.419,-230.58,2.7196
-128.85,-301.61,93.617
-122.96,-335.3,82.466
-70.193,-296.84,87.526
-102.05,-331.53,127.39
-23.914,-233.33,30.318
-77.53,-300,97.594
-113.28,-349.42,93.56
21.277,-157.57,-68.373
-9.6889,-135.06,-32.306
-70.73,-305.36,67.466
-160.26,-363.86,172.23
-7.8601,-129.44,-60.169
-77.398,-240.12,59.444
-86.461,-327.33,87.144
-125.92,-298.58,86.028
-93.184,-305.43,113.15
-118,-366.43,143.47
-132.21,-389.97,145.46
-67.131,-271.25,23.911
-86.024,-297.4,105.13
2.5246,-187.95,-42.954
-118,-337.48,82.251
-147.25,-376.92,117.71
-63.087,-245.81,66.986
-133.74,-385.47,130.19
-140.33,-349.65,99.038
-170.13,-403.06,142.46
-13.171,-136.11,-37.87
-82.635,-247.59,25.59
-71.715,-255.52,75.745
-89.787,-265.01,83.584
-57.308,-232.67,56.387
-62.778,-291.92,51.308
-42.381,-200.59,-23.346
-164.95,-362.94,125.56
13.311,-117.51,-90.871
-108.42,-322.83,69.531
-98.276,-287.54,46.308
-37.056,-256.77,23.257
-154.01,-362.24,113.64
-55.119,-224.65,49.76
-10.406,-130.88,-46.948
12.403,-181.19,-43.367
-33.323,-213.86,-23.304
-151.16,-336.37,139.78
-130.73,-307.03,88.794
-135.81,-345.84,94.538
-141.39,-369.94,111.24
21.712,-123.93,-34.411
29.57,-112.56,-103.62
48.851,-131.13,-75.793
-163.91,-387.71,130.74
-147.75,-369.08,174.57
-18.815,-228.49,22.337
-128.3,-359.99,101.69
-23.442,-170.85,-46.582
-176.64,-379.25,184.6
-99.896,-299.06,52.067
-150.01,-331.46,115.66
-115.03,-333.03,78.364
-21.413,-167.22,-49.116
-163.12,-368.75,123.46
-1.465,-125.34,-72.13
-121.7,-326.72,138.08
-133.39,-312.72,90.028
-40.51,-188.13,16.045
-142.88,-325.48,101.78
-193.94,-389.67,179.11
-128.43,-365.76,159.42
-56.788,-283.21,67.958
-13.355,-177.5,-51.432
-187.83,-402.79,153.75
-111.63,-279.38,67.328
-11.762,-161.67,-58.941
-130.08,-341.74,89.353
-174,-402.31,143.62
-52.583,-202.01,-10.28
-32.668,-249.44,15.368
-29.662,-243.64,8.635
-162.97,-399.04,197.94
-45.27,-261.69,20.257
-92.505,-252.11,44.857
11.802,-147.97,-77.181
-16.28,-162.13,-54.975
-85.725,-261.87,29.147
-15.892,-197.65,-37.759
42.52,-128.58,-90.451
11.286,-187.94,-28.7
-109.8,-292.55,107.64
-33.251,-206.06,32.662
-80.449,-245.93,65.172
-75.878,-283.92,92.989
-12.163,-201.46,-34.154
-140.89,-328.43,137.26
-28.56,-216.88,35.456
-76.702,-230.66,23.8
-30.888,-236.46,40.729
-158.3,-342.97,125.05
-139.23,-396.05,168.29
-178.32,-370.82,147.78
-4.0901,-174.44,3.1836
-9.9975,-183.53,-48.834
-75.193,-312.45,82.421
-97.81,-340.33,117.62
-132.52,-353.16,158.48
-79.844,-261.65,23.909
-183.76,-388.72,148.43
-136.72,-375.22,115.61
-158.88,-379.22,185.13
-26.259,-172.54,-43.397
-101.03,-297.66,112.35
-101.59,-338.85,126.18
-12.135,-148.01,-60.551
-182.81,-397.44,147.89
-14.741,-154.29,-57.418
-137.39,-397.16,154.1
27.903,-163.22,-47.987
-111.07,-278.03,82.194
-170.17,-379.24,186.47
-123.99,-377.52,146.99
-50.122,-245.41,2.0271
-61.539,-211.36,2.6278
-116.04,-298.8,65.721
-142.24,-341.15,98.1
-156.71,-342.58,120.29
-131.88,-377.2,163.63
59.449,-105.41,-69.448
-100.33,-322.42,124.19
-32.648,-242.12,2.881
-40.774,-256.7,17.021
7.8556,-141.31,-79.27
-152.78,-352.22,110.56
10.474,-102.23,-61.688
-61.682,-208.78,5.902
-21.494,-226.19,-17.393
-96.559,-305.07,32.284
-79.713,-228.53,25.149
-99.316,-329.92,59.863
-111.49,-268.85,52.353
-19.561,-136.25,-74.598
-59.148,-213.86,-32.126
-119.8,-291.92,41.545
-176.74,-357.96,121.58
-117.91,-345.69,117.78
-201.15,-416.31,142
-18.339,-135.5,-77.461
-45.555,-249.01,29.425
-41.16,-215.18,-42.745
9.8028,-113.52,-115.3
-119.02,-339.38,62.405
-181.57,-403.36,123.67
-158.42,-377.03,98.2
-82.28,-313.1,59.63
-2.8623,-109.87,-79.668
-46.335,-241,30.192
-31.733,-160.03,-64.253
6.2203,-107.86,-69.696
6.5246,-94.846,-101.36
48.798,-121.27,-98.53
-116.92,-275.61,52.355
11.446,-125.05,-53.31
-162.41,-340.81,98.95
-10.912,-130.99,-90.289
-146.79,-397.58,123.75
-81.724,-294.2,73.624
-54.398,-256.97,-7.7873
23.348,-151.43,-90.054
-55.481,-207.24,13.678
-10.393,-122.73,-66.258
-161.06,-369.54,156.06
-29.52,-169.57,-17.377
-68.866,-254.06,50.873
-36.676,-246.86,-4.7356
-125.07,-294.18,83.614
-89.92,-303.63,31.479
-52.338,-196.39,2.8031
-87.832,-308.19,37.47
0.59355,-190.59,-31.038
-60.689,-282.05,38.804
-22.679,-223.38,-28.842
-54.558,-259.89,40.585
-128.93,-303.1,52.951
-150.62,-325.37,83.786
-127.69,-375.32,113.78
29.613,-109.59,-68.386
-87.092,-275.09,9.3209
-59.2,-280.38,27.863
-194.28,-387.5,167.26
-169.81,-352.94,105.67
-197.88,-403.47,136.52
-178.31,-360.88,120.9
-74.946,-298.13,34.198
-137.3,-385.68,114.23
17.812,-132.98,-110.21
-78.594,-221.29,4.1663
-154.51,-342.86,83.58
-182.43,-427.32,141.9
-98.202,-314.04,93.343
15.017,-171.97,-54.507
-37.458,-206.19,-49.36
-112.15,-320.43,106.46
-10.723,-204.7,-15.089
-156.23,-329.84,100.58
-79.178,-269.58,63.922
-17.543,-208.3,-46.44
-101.09,-334.06,94.135
-41.275,-169.41,-49.107
-118.98,-361.46,93.43
-122.27,-300.76,44.339
-68.976,-248.36,47.658
-80.482,-257.89,-2.4531
37.612,-120.62,-71.307
-81.914,-268.12,3.2288
18.355,-99.465,-73.712
-135.07,-385.08,126.66
7.4034,-113.48,-112.98
-181.78,-396.81,120.65
-30.226,-156.93,-65.689
24.773,-139.86,-55.746
13.735,-115.4,-117.89
-80.065,-228.91,25.368
-13.035,-184.97,-68.6
-103.24,-338.12,95.796
-42.587,-254.12,20.931
-123.99,-365.66,121.72
-80.579,-246.49,-5.8281
-76.127,-280.62,65.945
-141.9,-340.58,71.1
-183.09,-376.71,160.22
-167.98,-365.47,100.23
38.128,-125.6,-112.73
14.459,-168.93,-46.909
-94.341,-263.56,10.528
-156.07,-410.57,158.95
-47.325,-233.95,29.26
-9.9904,-142.21,-91.536
-191.59,-377.54,145.51
-58.438,-194.18,-8.2429
-173.85,-423.98,140.62
-5.2838,-134.85,-97.288
-10.13,-178.21,-16.391
40.876,-132.54,-95.043
11.768,-142.79,-43.969
-127.7,-373.97,121.86
-146.28,-380.81,152.16
-142.11,-333.01,69.135
-157.23,-367.02,92.141
-160.56,-419.35,157.2
-18.603,-221.8,-13.295
-1.212,-110.33,-98.943
-13.878,-172.06,-77.398
-137.15,-305.12,70.13
-120.07,-352.75,120.16
-149.75,-397.66,119.86
-146.22,-341.07,74.686
-205.28,-396.88,154.23
-130.02,-332.81,60.407
-60.905,-261.51,47.875
-129.24,-294.49,59.853
1.5587,-191.14,-49.493
-7.4486,-171.17,-20.803
-144.41,-390.1,112.72
-12.718,-125.7,-64.818
-168.55,-404.63,178.12
-197.75,-385.81,149.45
-11.086,-131.29,-90.087
-97.117,-332.46,84.252
-23.915,-224.36,-28.872
38.687,-125.14,-112.92
-62.647,-266.67,50.344
-38.354,-165.38,-30.547
-119.67,-361.11,91.006
-84.768,-230.27,10.647
-4.906,-116.79,-95.177
15.159,-171.46,-63.418
-41.23,-202.2,9.7797
-88.054,-316.04,49.301
-150.39,-324.23,104.91
-127.61,-374.74,109.69
-35.109,-159.65,-55.845
-18.116,-154.55,-29.325
-128,-301.49,92.155
-42.35,-255.77,17.101
-32.468,-241.79,4.3251
14.791,-161.5,-44.068
32.365,-140.26,-67.375
-96.753,-331.6,84.582
-110.55,-302.31,95.464
-103.73,-335.1,98.897
-72.114,-287.82,20.629
-183.08,-367.57,142.45
-190.53,-428.41,143.16
-132.09,-354.02,75.437
-29.485,-195.89,2.2473
-118.45,-303.55,97.41
-3.1932,-149.17,-93.973
-67.372,-228.49,32.169
-2.35,-183.14,-22.813
-115.62,-317.24,106.71
26.352,-150.59,-87.499
-75.756,-300.88,38.615
-104.7,-331.66,101.45
-46.233,-257.42,27.253
-59.162,-279.41,23.769
8.3991,-131.48,-108.11
-70.642,-276.84,8.4281
-51.089,-234.23,-27.68
-41.529,-255.35,13.017
-117.87,-324.73,50.732
-107.32,-275.19,26.256
-37.34,-211.56,13.892
-9.6839,-152.15,-89.008
-27.13,-165.01,-71.161
-31.825,-241.53,-1.4747
-195.08,-382.2,149.48
-150.25,-385.98,104.53
4.6167,-184.72,-36.049
-155.38,-408.74,133.43
-76.408,-304.89,51.866
39.364,-126.89,57.539
23.839,-171.94,58
61.36,-94.783,34.325
-77.806,-373.79,246.65
17.147,-173.56,65.689
60.532,-114.78,11.885
80.108,-126.77,65.026
-126.79,-373.67,234.57
24.253,-164.2,102.65
-64.339,-354.39,234.04
-58.541,-328.16,178.53
-91.136,-310.8,204.73
-4.8748,-209.63,141.86
-60.129,-291.43,212.65
51.537,-138.94,83.566
85.407,-124.32,7.0614
86.206,-80.058,34.766
-89.165,-329.72,192.09
-54.599,-263.54,177.82
-84.784,-381.35,257.11
-93.228,-337.47,252.66
67.621,-96.649,45.689
96.656,-114.79,0.99801
-29.528,-249.95,122.77
-45.639,-323.44,178.04
98.534,-76.763,31.234
-68.046,-352.19,202.35
108.8,-92.805,30.942
33.972,-217.16,121.56
-47.129,-285.86,147.25
-15.47,-290.44,157.81
73.323,-107.32,57.335
-5.0174,-204.08,92.926
-16.135,-292.46,162.38
93.65,-125.94,13.326
4.6087,-262.77,152.22
54.808,-103.94,26.532
-83.002,-334.1,248.76
-51.438,-274.86,147.91
23.369,-158.5,94.429
68.47,-172.57,70.102
-5.3367,-225.5,96.825
62.314,-130.43,15.629
114.31,-100.96,-0.032513
22.939,-205.72,74.455
-50.686,-336.01,218.88
-7.133,-198.42,99.583
75.066,-154.36,36.882
54.677,-119.85,66.101
-88.056,-315.65,191.42
22.53,-220.59,137.61
-28.388,-307.63,191.37
-5.7853,-278.41,161.45
30.061,-220.82,127.24
-78.683,-317.84,235.59
-91.315,-391.44,245.47
40.225,-164.69,104.02
-35.682,-294.96,149.85
36.124,-206.19,121.29
55.672,-157.06,93.127
-74.979,-289.8,197.56
-27.359,-285.78,196
12.809,-170.49,101.38
51.854,-110.07,27.507
28.19,-231.5,115.73
59.257,-130.1,17.267
-46.401,-290.32,209.73
-66.581,-286.73,166.63
42.012,-126.73,64.51
51.684,-156.68,34.585
-31.401,-313.31,191.16
-87.953,-376.96,223.24
14.391,-239.4,147.04
-72.55,-285.79,184.15
-85.204,-385.01,247.54
-74.42,-370.27,229.78
47.921,-150.6,92.715
-9.1187,-280.19,146.57
67.709,-170.13,78.546
-9.723,-209.98,139.94
81.459,-80.877,-14.784
90.766,-120.91,53.728
90.122,-61.873,16.969
-62.587,-281.6,161.88
-115.21,-378.39,226.47
-110.78,-338.42,222.97
17.481,-161.51,70.713
-15.626,-291.37,160.24
-92.428,-314.84,201.1
-65.967,-277.2,175.13
-58.693,-268.38,163.8
-43.492,-246.26,157.54
70.29,-90.28,-0.4262
-103.09,-373.77,219.01
-128.87,-360.92,245.98
2.6232,-249.07,111.54
26.726,-181.82,118.78
-33.285,-259.99,128.45
-13.192,-287.2,154.8
34.947,-135.08,49.494
-0.31357,-188.19,91.747
-91.196,-328.27,244.02
-14.928,-284.09,180.32
124.59,-79.555,9.6806
-35.938,-257.59,130.13
22.312,-159.82,60.614
-65.935,-314.07,170.38
10.37,-251.47,120.28
-92.149,-391.79,244.28
-24.35,-242.39,170.54
78.072,-114.43,0.14621
-61.812,-354.08,224.46
30.01,-228.74,111.42
-83.433,-378.92,230.9
-37.385,-305.15,159.55
115.23,-99.259,17.459
35.036,-185.52,57.876
-65.857,-284.73,202.38
78.021,-109.54,-2.5898
35.316,-153.75,43.584
116.83,-77.433,20.38
-107.65,-374.58,221.01
-91.847,-311.56,206.4
-113.23,-356.84,219.14
85.683,-91.977,-15.086
-14.969,-208.3,110.63
-48.794,-335.83,197.85
27.209,-174.23,55.722
-24.518,-229.14,116.91
66.21,-170.54,52.583
9.1232,-171.3,88.349
25.676,-156.15,93.173
92.942,-131.39,21.611
-80.589,-367.78,257.13
-10.086,-234.66,103.53
64.042,-90.735,13.093
-78.168,-370.81,251.45
60.618,-93.943,24.492
-77.563,-333.13,246.38
-13.405,-208.01,106.54
-11.44,-264.4,123.92
70.736,-157.74,78.514
71.049,-155.54,78.356
114.83,-75.242,21.712
-31.427,-263.07,128.28
-28.284,-288,197.24
102.15,-62.612,20.547
-8.8781,-231.77,101.58
48.553,-137.21,27.737
61.181,-181.7,84.233
30.248,-140.5,59.044
34.151,-213.17,84.617
112.08,-92.211,-17.178
-110.96,-336.92,227.36
-19.941,-229.26,110.58
-131.39,-378.89,239.83
77.036,-159.26,51.635
60.017,-111.61,12.175
67.729,-125.91,71.353
120.78,-93.11,1.4598
-121.24,-350.08,240.62
-74.434,-336.21,186.36
-32.616,-280.99,138.63
32.551,-194.69,122.89
86.01,-64.649,17.453
-84.755,-315.42,231.68
7.5566,-251.98,117.9
-125.09,-380.03,233.72
62.429,-159.48,88.562
23.663,-217.22,84.312
-99.232,-368.37,274.5
-91.287,-392.92,256.34
60.986,-155.95,32.766
-24.591,-273.68,190.48
-63.767,-274.48,171.67
44.544,-207.66,92.825
50.323,-167.54,100.74
-18.871,-211.75,127.38
104.73,-111.1,34.343
34.409,-147.13,87.648
-83.231,-299.85,201.16
77.723,-128.57,10.141
28.287,-201.15,128.17
-116.26,-343.47,240.05
-9.7681,-198.93,109.11
38.782,-142.55,31.982
-57.833,-362.72,206.16
-93.87,-328,199.65
-41.746,-303.5,192.96
47.397,-177.29,25.701
45.021,-132.28,26.556
-77.354,-317.47,164.19
8.9279,-270.75,132.86
71.463,-102.78,23.87
-32.051,-321.95,185.58
-76.094,-322.03,212.08
105.88,-129.46,11.584
-130.62,-379.44,229.79
-35.489,-323.3,151.28
11.447,-254.95,91.497
67.827,-184.36,63.815
78.718,-135.64,-9.5998
-37.039,-333.81,168.96
7.5301,-270.26,137.51
68.731,-177.5,29.749
-20.54,-238.55,97.607
26.77,-223.56,63.174
66.796,-108.24,-9.9063
89.508,-154.85,30.536
-118.08,-362.75,215.8
-53.179,-273.24,150.77
48.29,-173.09,22.842
-72.425,-328.39,160.2
-117.87,-367.78,211.59
70.584,-165.55,64.699
-43.787,-311.64,197.73
-29.714,-310.44,138.2
18.333,-188.09,49.899
76.38,-126.7,-14.496
80.017,-119.65,-19.86
35.236,-216.24,57.719
38.177,-144.92,51.378
101.23,-94.52,18.163
47.897,-128.22,21.912
52.378,-120.78,23.925
-29.003,-239.76,121.52
35.955,-151.36,60.444
-73.945,-321.84,160.01
7.656,-271.92,135.31
70.121,-138.13,55.145
-111.44,-399.29,214.6
-61.057,-312.98,146.99
63.707,-130.14,50.279
-59.199,-283.81,168.88
45.365,-132.72,38.682
50.757,-208.87,85.486
-64.003,-300.29,148.55
-43.832,-329.47,154.52
-14.426,-271.63,163.44
-50.179,-307.53,198.66
33.343,-207.88,107.74
-24.51,-275.5,170.41
-37.323,-335.21,172.98
97.287,-142.65,11.938
47.49,-129.01,21.955
-2.4081,-283.53,149.68
-110.64,-351.89,227.31
61.203,-129.16,-3.0106
-22.872,-231.18,114.96
-18.653,-305.48,168.95
-58.713,-297.95,142.07
-43.458,-283.83,179.78
-61.052,-341.62,219.87
-66.798,-368.01,225.45
12.258,-261.34,101.04
-35.955,-275.37,172.56
78.171,-172.07,38.207
-39.034,-329.24,157.04
-69.083,-369.06,191.38
-13.271,-228.27,128.86
-61.763,-367.97,210.26
-62.086,-346.14,167.59
-92.482,-396.73,213.89
47.717,-132.62,16.383
-8.1383,-247.13,87.431
-21.848,-238.7,136.81
-37.752,-253.27,140.37
-7.1025,-216.49,116.97
8.2106,-271.7,133.8
35.405,-198.71,42.899
-91.53,-362.98,185.93
90.297,-115.9,-25.615
-29.144,-314.91,144.19
-19.588,-284.52,114.64
32.942,-235.61,106.05
-76.86,-360.07,179.7
-4.3545,-209.92,109.07
52.966,-128.75,7.7284
84.479,-161.91,38.901
46.65,-206.3,51.494
-95.072,-330.72,192.66
-61.566,-306.86,145.9
-57.268,-341.77,164
-63.118,-361.75,185.39
70.955,-105.93,27.545
108.48,-107.12,-32.216
115.81,-109.01,5.6521
-86.031,-383.06,200.35
-100.06,-350.47,235.99
40.071,-203.1,101.04
-50.559,-349.33,178.35
53.773,-169.3,18.787
-125.69,-369.92,237.62
-20.419,-294.09,123.38
-83.566,-331.01,170.87
-35.974,-324.87,153.14
55.634,-165.77,15.994
-87.287,-367.69,187.11
71.182,-125.28,-12.295
-72.958,-309.7,198.45
-62.694,-312.74,148.17
13.713,-178.71,71.881
-72.581,-325.57,159.51
-134.06,-387.79,230.63
-77.696,-342.27,229.14
2.2895,-257.96,146.64
66.365,-171.7,21.065
-112.63,-401.9,216.68
-43.336,-278.84,124.16
66.792,-158.76,9.1592
-51.198,-336.77,160.18
-96.432,-397.53,213.13
20.981,-201.67,50.643
38.317,-228.94,98.184
42.431,-223.97,91.372
-115.39,-378.39,261.68
29.154,-244.15,102.38
-24.471,-251.36,101.73
91.128,-140.28,-2.7581
61.261,-160.31,10.99
-8.275,-260.21,94.847
63.362,-187.53,39.497
117.18,-112.65,-10.043
78.238,-165.2,53.464
-58.053,-281.05,163.92
16.604,-187.68,95.578
-26.52,-236.39,120.91
-25.554,-261.69,160.87
65.728,-188.47,45.413
-87.736,-319.81,191.26
22.201,-194.48,103.9
-7.3303,-230.12,81.525
23.379,-211.49,115.12
-91.652,-342.73,180.18
-82.109,-371.6,244.41
-111.2,-371.05,202.71
45.884,-153.46,69.292
69.575,-174.95,26.862
-11.428,-288.53,163.37
-39.295,-315.4,195.45
-84.239,-333.26,221.91
-0.92579,-258.54,92.549
-110.76,-388.95,208.23
-59.931,-363.39,192.88
-111.45,-361.98,244.68
50.381,-171.35,21.08
-51.738,-280.67,173.15
-47.074,-313.97,200.66
63.308,-147.33,2.3271
-107.18,-396.25,211.54
61.45,-153.3,6.4444
-73.231,-374.75,233.59
94.211,-140.38,33.777
-50.657,-274.29,136.36
-121.33,-366.69,241.61
-64.459,-353.2,224.93
29.513,-235.9,78.872
9.9684,-211.06,61.822
-40.481,-298.08,128.75
-65.657,-339.75,162.77
-88.103,-342.69,176.61
-79.28,-352.89,235.87
113.82,-80.555,4.8985
-49.838,-299.49,193.04
42.41,-225.17,84.823
32.986,-238.5,99.389
87.003,-136.64,-8.5878
-77.241,-351.43,173.65
69.015,-97.66,-8.0801
7.4704,-208.18,63.514
56.97,-210.63,65.699
-6.1035,-302.04,110.32
-11.085,-229.29,80.702
-14.833,-319.14,142.21
-38.834,-272.74,107.5
60.799,-143.28,-16.859
29.933,-219.51,34.439
-33.532,-298.82,104.31
-100.63,-364.65,176.23
-54.237,-328.88,190.18
-113.74,-422.03,207.11
63.005,-142.7,-19.104
20.669,-231.27,105.04
50.3,-215,32.728
98.417,-119.1,-49.042
-29.447,-335.53,140.7
-92.395,-405.98,193.92
-68.475,-378.18,170.84
-5.6953,-297.02,141.8
69.283,-113.98,-25.202
17.319,-224.46,102.27
52.636,-167.23,-3.4004
71.162,-106.13,-14.205
83.368,-101.3,-45.826
124.2,-105.2,-17.357
-41.31,-281.03,108.11
72.29,-115.4,8.248
-82.663,-348.14,155.83
74.141,-138.2,-28.891
-65.694,-385.63,204.7
-17.705,-277.32,146.4
34.269,-249.94,73.534
107.97,-140.94,-7.9337
8.2239,-202.48,71.772
60.207,-125.69,-11.701
-101.59,-360.61,215.62
33.912,-164.71,40.604
-7.5747,-241.41,116.37
44.29,-232.69,78.765
-58.102,-294.25,138.64
-0.69791,-298.03,111.56
13.039,-193.91,59.552
-0.64273,-299.83,119.16
71.437,-172.71,48.547
13.26,-264.8,120.19
60.875,-211.11,54.522
10.93,-242.37,115.32
-43.409,-310.18,114.88
-69.985,-332.67,141.43
-51.613,-359.9,194.74
90.13,-97.087,-3.7045
4.3196,-276.53,82.817
19.432,-264.99,110.89
-129.08,-388.53,219.67
-88.518,-360.57,163.47
-112.08,-410.54,198.69
-100.73,-368.03,176.22
8.5855,-286.08,117.29
-56.673,-373.08,195.58
108.1,-131.5,-34.17
-1.8425,-226.9,60.633
-67.97,-349.7,146.64
-95.186,-423.44,218.3
-35.199,-297.74,164.6
89.47,-155.05,26.899
53.995,-206.91,25.028
-51.26,-306.68,172.94
58.365,-186.64,63.258
-81.623,-335.5,155.22
-17.973,-256.74,129.57
69.434,-199.39,35.739
-32.119,-316.32,172.01
40.037,-176.42,9.4499
-38.411,-348.26,175.45
-34.363,-307.03,109.2
-7.7267,-237.16,111.4
10.568,-261.09,68.656
101.33,-103.82,1.1285
9.5518,-269.45,76.899
80.63,-94.315,-16.34
-61.206,-368.95,206.65
95.293,-119.64,-47.998
-92.972,-400.98,188.74
53.679,-164.16,-5.2581
88.706,-122.98,16.952
103.46,-119.56,-49.018
-11.368,-229.74,80.906
77.343,-181.7,9.6561
-33.522,-320.46,174.19
28.81,-236.22,101
-55.349,-348.17,199.03
8.8462,-251.88,61.325
-13.269,-264.62,136.72
-52.113,-344.79,139.96
-119.58,-375.68,213.71
-80.665,-371.85,164.47
123.81,-116.67,-31.595
84.35,-151.04,31.898
-5.5639,-269.39,76.624
-87.005,-393.64,235.95
14.919,-218.93,98.361
78.781,-147.85,-25.216
-118.96,-383.23,198.48
12.904,-196.98,47.118
-88.505,-417.02,219.12
83.343,-140.56,-31.178
51.781,-163.52,52.036
119.28,-117.79,-12.975
73.076,-128.78,23.161
-56.036,-357.03,201.02
-84.286,-364.78,222.26
-53.517,-338.69,135.26
-67.406,-370.19,162.27
-87.247,-403.65,236.22
56.014,-204.66,68.51
80.353,-117.71,-40.628
77.268,-172.65,-3.1056
-58.084,-311.95,127.06
-55.135,-335.5,194.14
-66.162,-387.82,200.36
-57.289,-346.36,141.55
-128.86,-404.3,208.27
-39.357,-335.04,132.35
2.5912,-245.05,119.73
-49.604,-301.35,117.2
81.562,-176.65,33.588
54.117,-157.13,46.574
-60.442,-380.37,193.38
58.456,-129.01,-10.194
-108.46,-389.9,245.1
-123.55,-392.33,202.73
73.984,-138.49,-28.67
-24.428,-315.25,164.55
60.166,-212.51,54.42
124.22,-116.06,-31.726
1.4427,-249.8,123.17
32.021,-167.71,24.587
-37.874,-348.76,173.01
-7.4962,-236.09,67.292
77.343,-124.19,-36.313
93.87,-156.42,19.255
20.339,-192.63,71.835
-4.4206,-304.3,132.1
-80.629,-327.13,158.86
-49.686,-360.22,191.11
45.584,-166.6,2.266
44.796,-149.09,28.931
-62.618,-300.11,147.59
31.386,-238.36,98.504
41.744,-224.5,85.977
81.043,-143.81,31.51
100.81,-122.45,10.155
-24.543,-314.28,164.63
-49.759,-292.47,157.2
-36.342,-317.38,175.44
14.646,-278.69,102.89
-113.39,-371.43,195.18
-102.11,-427.68,216.77
-42.345,-351.31,152.51
31.844,-183.54,67.41
-56.823,-296.61,156.38
87.576,-151.46,-22.011
-4.4999,-222.36,91.2
62.769,-165.76,51.459
-55.153,-305.37,170.61
108.91,-138.35,-4.9893
6.5274,-287.9,121.77
-39.413,-314.27,175.89
23.647,-239.37,106.25
21.217,-264.99,107.08
98.926,-133.89,-36.494
18.717,-271.02,88.885
40.242,-232.82,49.143
33.965,-238.49,95.209
-26.968,-324.68,125.58
-20.607,-281.94,89.563
24.198,-198.23,80.402
80.669,-155.86,-19.092
61.282,-171,-5.5552
45.077,-225.21,81.232
-122.43,-388,202.35
-62.341,-381.07,182.7
75.505,-166.87,43.535
-74.278,-397.12,214
0.57313,-288.9,134.25
