-9.757,108.41,-99.698
189.97,-83.108,-300.01
8.4484,86.039,-79.816
123.55,-2.5161,-194.47
212.35,-38.161,-292.02
138.86,-8.3745,-207.96
186.16,-77.551,-311.32
166.35,-56.419,-299.79
123.53,23.449,-221.64
29.927,84.501,-112.42
237.03,-55.38,-320.16
240.08,-86.363,-303.34
55.008,32.377,-133.59
176.24,-26.695,-296.32
74.956,-0.87004,-205.93
109.18,33.324,-207.29
121.29,17.458,-193.85
197.6,-59.964,-266.14
143.89,-50.586,-262.54
25.125,89.07,-123.32
13.623,84.778,-85.644
42.961,76.278,-126.06
80.705,16.218,-220.77
78.994,33.68,-211
129.42,-39.734,-253.54
206.73,-49.159,-325.13
234.9,-63.248,-298.86
96.753,40.013,-177.26
63.649,31.952,-138.75
195.95,-77.245,-326.98
201.42,-31.971,-298.37
200.14,-39.841,-266.41
49.115,70.315,-159.03
91.163,4.706,-231.31
144.85,-47.135,-275.1
116.54,22.183,-230.65
116.08,-31.305,-234.91
99.561,38.47,-203.53
148.64,-51.368,-250.62
39.351,72.838,-114.16
133.59,2.4363,-202.99
3.1241,52.217,-141.94
6.5715,48.277,-144.01
121.5,-35.066,-238.93
27.642,41.703,-114.38
-0.24854,46.467,-123.16
167.42,-54.787,-251.32
85.848,11.965,-225.86
-7.5722,110.36,-87.152
175.4,-54.164,-309.98
139.21,-41.513,-234.57
25.829,34.676,-162.14
205.22,-58.667,-270.54
0.21861,53.789,-138.8
5.1421,85.924,-134.72
208.5,-36.133,-301.75
212.97,-93.567,-302.59
142.87,-38.456,-278.71
181.79,-60.195,-259.63
56.192,69.107,-152.31
52.133,39.392,-127.42
102.2,-16.354,-236.49
183.95,-24.705,-293.54
196.45,-83.309,-322.97
119.97,-18.14,-202.76
210.9,-83.181,-342.11
-29.884,69.737,-104.98
104.83,7.9508,-177.29
137.46,-2.2863,-263.13
33.968,30.674,-130.72
-9.6202,65.8,-76.641
194.75,-25.479,-283.65
112.52,-26.816,-218.26
143.83,-19.651,-277.93
24.383,87.246,-132.08
189.13,-35.972,-255.04
25.458,78.353,-98.078
91.115,5.9715,-170.84
126.36,-1.1099,-196.29
176.17,-51.963,-250.83
191.93,-58.002,-323.88
111.61,32.118,-206.55
-14.725,56.094,-99.084
187.84,-72.048,-319.29
104.99,-13.231,-194.69
132.28,6.1474,-202.46
1.3322,97.589,-118.67
43.046,77.401,-141.75
113.16,-0.97081,-250.3
109.8,20.661,-232.92
220.05,-49.179,-287.86
-4.0558,48.796,-114.3
88.936,-10.634,-218.74
106.49,24.337,-177.95
224.67,-103.27,-315.89
-15.191,55.999,-107.1
75.993,17.309,-216.56
172.52,-10.746,-252.32
224.47,-46.432,-308.66
10.739,95.403,-90.101
101.68,37.086,-182.89
224.88,-58.127,-288.79
69.279,21.634,-148.66
242.62,-75.673,-303.82
125.6,-1.4555,-195.75
44.886,76.302,-142.87
121.73,-14.984,-200.46
121.41,-14.392,-259.85
0.16152,87.594,-70.987
37.335,27.183,-136.52
216.89,-41.026,-301.29
146.56,-47.439,-242.97
-8.5338,110.44,-90.893
55.143,69.871,-145.74
154.69,-27.299,-288.02
41.692,30.942,-182.3
140.91,-0.27373,-261.67
22.915,35.562,-157.99
76.662,13.07,-159.05
-18.207,58.267,-95.975
199.05,-31.774,-300.26
165.26,-21.142,-288.4
103.56,-3.4942,-183.78
-16.933,86.608,-122.14
46.469,75.203,-144.93
80.481,39.284,-206.14
110.33,-27.153,-224.84
51.446,70.667,-134.29
250.13,-65.05,-326.57
54.746,51.463,-186.05
108.57,-25.071,-234.72
217.38,-101.88,-334.69
31.183,78.969,-147.58
32.859,55.422,-171.58
63.948,4.7919,-176.68
127.47,-17.099,-265.36
163.08,-63.011,-285.99
96.135,42.008,-181.25
202.34,-74.458,-334.58
201.24,-89.144,-300.79
208.38,-46.532,-273.63
31.627,76.048,-152.36
168.12,-63.989,-266.01
133.95,-32.181,-270.43
22.503,39.616,-116.71
167.6,-53.855,-250.26
203.25,-57.986,-268.93
196.16,-26.482,-285.06
199.06,-37.022,-266.49
35.193,50.473,-110.48
181.01,-48.974,-251.21
113.87,1.5748,-249.68
232.97,-53.225,-308.94
118.88,-4.4986,-192.13
160.94,-52.276,-294.96
170.73,-8.4687,-259.88
204.52,-92.669,-323.16
62.171,53.981,-134.62
-13.862,62.077,-123.98
-2.0999,102.09,-74.874
25.057,30.014,-148.3
209.45,-57.539,-333.22
81.336,21.614,-155.39
172.4,-69.217,-276.13
166.66,-31.725,-297.01
18.063,93.939,-109.34
146.4,-1.601,-216.67
191.59,-63.903,-265.89
116.86,17.113,-187.86
47.321,33.917,-128.84
195.31,-84.842,-318.2
149.39,-35.167,-285.99
220.45,-100.15,-311.82
85.689,31.195,-156.46
195.33,-68.636,-271.07
54.318,40.885,-192.85
14.765,55.123,-156.69
-16.02,56.544,-101.18
187.4,-27.772,-297.74
141.13,9.3897,-245.17
207.4,-81.561,-286.39
50.484,45.54,-123.45
68.975,10.288,-160.83
0.1142,105.37,-89.945
199.93,-89.14,-302.8
24.387,49.185,-166.26
62.125,50.198,-133.53
44.211,74.623,-151.2
133.03,-32.709,-269.09
143.76,-37.616,-280.03
3.9263,43.621,-124.88
-24.62,70.751,-114.41
183.74,-18.759,-262.27
231.3,-62.686,-343.08
95.353,43.258,-186.52
214.1,-94.838,-340.23
-1.7151,47.809,-111.75
74.378,-1.2332,-203.62
-27.273,66.189,-78.041
176.41,-22.722,-291.57
187.02,-40.099,-252.78
99.478,30.495,-171.8
150.91,-24.78,-284.58
-17.262,66.727,-122.27
91.539,3.7088,-172.96
134.65,16.271,-229.57
99.108,-3.1138,-181.92
101.87,33.117,-177.21
216.3,-59.495,-279.66
94.744,32.255,-216.81
218.25,-102.8,-334.24
193.94,-72.192,-274.27
124.39,22.354,-206.44
171.85,-9.2236,-259.47
99.37,8.6974,-173.35
239.88,-76.707,-301.2
193.69,-36.259,-260.06
143.39,-12.667,-212.44
34.61,60.033,-106.34
2.0765,99.467,-114.85
149.75,3.4463,-253.15
216.55,-90.864,-346.24
84.411,39.201,-156.49
213.9,-50.998,-278.5
7.9418,90.16,-130.33
126.19,18.459,-234.12
82.131,29.495,-215.61
212.07,-93.128,-302.14
110.1,28.214,-221.44
172.04,-20.668,-288.88
-1.2376,97.912,-118.29
1.8599,44.978,-120.39
156.16,-49.324,-290.34
126.73,-25.989,-264.09
134.29,-18.736,-271.1
-11.553,71.516,-130.24
87.418,37.151,-159.41
83.631,20.658,-157.36
185.75,-59.372,-319.35
132.78,15.391,-236.65
33.461,45.758,-112.64
45.552,20.299,-147.88
164.06,-29.615,-294.45
172.41,-70.733,-285.26
10.419,87.479,-134.31
23.058,78.768,-147.71
96.533,-17.449,-209.69
159.45,-46.903,-241.34
43.059,47.068,-182.37
49.401,73.366,-147.29
57.301,64.8,-136.09
23.538,31.15,-148.07
13.565,70.084,-86.099
232.67,-108.46,-322.21
128.93,19.709,-227
191.23,-26.568,-293.86
27.028,33.45,-162.82
-17.957,59.268,-111.72
183.02,-72.432,-312.13
243.98,-60.488,-328.89
48.104,18.263,-151.24
15.871,95.186,-105.07
209.64,-37.088,-286.01
7.1143,94.268,-123.81
216.45,-41.051,-295.9
170.84,-65.678,-267.99
-21.738,64.793,-78.214
13.329,83.283,-140.11
153.3,-33.077,-227.52
85.655,-6.9558,-218.27
131.92,-23.867,-211.74
50.181,66.832,-165.95
200.17,-29.173,-284.67
6.3252,53.154,-95.819
151.1,4.6626,-246.55
-2.9489,58.526,-137.24
142.97,-18.935,-277.08
205.12,-84.483,-334.99
132.86,-42.205,-256.47
-4.201,108.21,-86.555
137.06,3.6276,-256.56
192.26,-83.721,-312.7
224.17,-100.16,-310.45
55.314,64.336,-169.34
110.3,10.079,-180.82
198.08,-30.187,-272.32
237.25,-77.42,-299.01
39.843,23.685,-143.14
123.19,-32.65,-254.01
98.203,-8.3508,-236.44
39.541,55.978,-111.49
168.14,-7.2044,-250.15
26.94,29.745,-155.41
28.759,28.285,-156.22
52.855,71.324,-142.88
147.89,-36.866,-228.56
107.11,-19.021,-203.57
116.14,-6.5668,-254.21
140.51,-30.559,-220.52
28.105,51.023,-105.92
29.923,35.103,-123.65
52.284,12.324,-166.76
33.776,32.238,-128.06
17.57,46.277,-158.25
184.63,-79.38,-296.11
69.573,12.621,-209.57
77.651,-3.5007,-206.63
-12.014,74.552,-67.096
51.365,69.939,-132.4
54.125,11.481,-181.14
-31.346,83.506,-110.2
81.656,-7.7371,-202.86
65.724,51.864,-188.47
179.59,-75.037,-285.7
54.603,69.948,-152.55
33.089,84.016,-121.75
-5.6274,70.006,-136.14
-12.026,79.018,-128.75
73.485,55.782,-178.66
47.612,34.722,-189.11
-17.432,73.757,-124.22
129.37,-39.114,-255.44
72.431,58.317,-169.05
232.21,-107.83,-321.21
161.01,-9.7833,-274.29
55.37,12.773,-187.87
237.08,-56.489,-327.89
218.12,-97.411,-307.6
99.648,22.887,-228.14
99.579,31.599,-172.55
47.16,30.513,-132.13
76.293,55.605,-163.74
3.0855,99.613,-81.256
186.93,-74.787,-316.11
68.44,61.107,-158.64
81.434,35.481,-210.34
130.35,-41.012,-243.73
34.608,78.865,-146.75
29.658,65.972,-100.92
157.16,-2.2355,-261.41
26.851,76.507,-151.26
245.26,-78.597,-306.14
39.009,36.972,-180.61
45.415,32.269,-129.75
112.43,-28.792,-230.09
11.067,95.429,-119.76
223.45,-107.02,-331.59
28.515,28.044,-154.04
-0.66213,49.112,-104.97
134.76,16.256,-229.22
127.75,2.8188,-197.11
158.18,-1.1392,-257.02
138.99,-41.392,-271.51
148.25,-17.802,-279.38
106.2,19.374,-233.5
90.016,4.5711,-230.21
90.477,-9.628,-191.48
122.65,-22.747,-260.39
8.2253,100.22,-103.45
167.81,-33.663,-298.71
178.92,-51.091,-251.39
79.584,32.522,-212.17
-3.7699,84.406,-67.623
217.12,-102.38,-324.08
105.82,-18.421,-240.36
95.554,41.968,-179.09
85.923,-10.374,-200.42
120.99,5.0164,-251.2
81.277,36.564,-209.23
121.07,-16.887,-201.87
64.54,21.793,-146.56
146.74,-52.309,-257.8
165.78,-6.6377,-244.31
-5.4153,60.75,-83.869
135.84,-27.017,-215.84
111.66,-27.374,-221.78
211.62,-40.389,-311
137.12,-6.1492,-269
138.07,-41.377,-300.29
-39.898,98.098,-115.73
83.375,-18.636,-245.96
92.25,-24.485,-212.15
91.356,-26.6,-216.24
39.354,5.5682,-173.03
209.67,-75.531,-298.76
-10.377,86.816,-89.363
87.445,-18.285,-203.22
131.46,-46.974,-293.63
26.883,31.683,-194.73
174.59,-65.817,-272.62
107.53,5.6665,-255.39
32.629,8.6344,-185.18
54.674,43.863,-201.34
168.67,-83.103,-319.66
118.48,-0.5335,-263.99
173,-58.096,-267.56
-33.669,53.466,-98.717
-13.444,97.328,-110.07
-15.568,91.552,-128.49
186.31,-68.494,-342.55
110.91,-31.797,-222.45
52.225,9.2874,-164.24
84.14,33.208,-196.34
-16.592,80.101,-142.16
148.53,-24.667,-295.74
1.9245,59.349,-101.36
102.51,-34.855,-261.07
223.29,-111.59,-326.99
77.027,-20.575,-230.7
200.61,-90.097,-357.95
177.15,-84.306,-333.08
55.682,16.224,-222.28
-44.722,86.789,-120.9
-50.244,62.506,-102.41
-3.5837,88.17,-131.52
196.44,-78.855,-352.9
23.208,42.513,-189.16
125.84,5.1213,-237.94
20.451,66.617,-167.37
68.357,40.889,-203.25
72.438,21.853,-169.45
45.903,59.047,-161.85
160.24,-78.357,-290.49
123.38,-53.096,-259.15
168.08,-78.636,-285.27
190.56,-43.25,-317.12
88.401,30.014,-199
100.7,-36.575,-253.92
5.0696,80.519,-145.1
156.54,-15.994,-270.79
1.8087,67.587,-161.21
100.75,-31.262,-221.87
-7.4778,91.766,-100.65
216.68,-83.66,-305.76
163.84,-31.315,-258.18
14.646,43.898,-182.04
88.928,-29.839,-231.09
17.161,40.802,-184.83
79.879,36.212,-203.3
48.617,42.953,-201.66
52.365,10.802,-219.49
100.85,18.822,-204.57
64.955,42.204,-168.74
102.03,-30.549,-264.25
-39.072,89.32,-123.35
234.69,-77.89,-325.59
129.88,-14.96,-281.77
31.979,10.579,-165.4
204.95,-90.91,-361.83
150.65,-68.978,-274.36
5.8037,44.425,-173.95
91.608,20.43,-190.95
27.214,55.575,-124.83
215.21,-71.176,-355.99
55.743,-7.4131,-201.02
-13.364,40.487,-144.7
91.03,26.152,-196.24
187.17,-80.702,-288.77
126.89,-55.403,-276.54
0.95379,48.357,-107.71
169.5,-75.547,-328
188.76,-41.986,-315.5
-28.861,53.126,-96.676
40.246,60.064,-174.37
226.55,-68.423,-322.66
12.628,58.383,-173.7
32.033,13.486,-194.04
131.24,-13.474,-226.18
59.532,33.962,-156.88
221.69,-66.288,-347.56
98.128,-8.878,-198.55
-36.669,58.422,-88.166
70.211,34.434,-215.01
219.25,-64.175,-314.5
-25.345,100.58,-113.28
171.47,-83.037,-325.27
177.18,-31.174,-296.18
31.209,56.052,-182.76
119.2,-25.805,-282.28
125.67,-40.065,-234.25
45.705,-0.21373,-197.3
109.24,11.07,-210.06
28.676,29.91,-135.95
107.49,-42.477,-255.36
202.7,-78.222,-356.67
40.473,16.897,-207.62
25.8,59.379,-177.68
-48.233,69.022,-116.76
2.905,34.268,-125.66
18.435,69.488,-162.89
74.102,25.513,-171.32
73.493,37.393,-208.37
174.6,-89.908,-312.02
172.06,-87.549,-317.12
132.38,-7.3257,-229.95
106.16,-29.647,-219.28
39.739,10.297,-162.05
212.77,-57.044,-331.39
94.427,-10.854,-197.83
79.471,21.871,-176.54
47.63,42.331,-145.19
162.58,-81.024,-297.43
-2.8878,81.645,-144.12
77.706,-4.6316,-185.87
-20.835,100.05,-111.75
129.76,-47.221,-291.52
235.98,-73.193,-336.05
200.22,-57.89,-339.2
136.89,-59.339,-261.66
121.35,-35.096,-285.1
28.242,21.152,-194.31
62.864,42.618,-165.52
20.012,65.553,-168.87
77.085,-2.635,-183.84
-45.736,78.56,-122.05
140.95,-54.937,-301.94
166.73,-80.526,-289.61
180.61,-33.13,-296.21
183.56,-93.374,-307.2
189.65,-39.634,-305.38
106.39,16.119,-237.37
114.43,-40.96,-274.52
102.17,15.301,-241.54
156.92,-64.351,-317.28
87.643,-22.84,-210.31
196.05,-48.411,-292.33
138.03,-11.385,-278.4
19.919,60.004,-117.47
168.66,-40.185,-261.03
155.29,-19.012,-286.24
95.155,-22.387,-209.12
119.56,-49.186,-272.89
-9.6682,36.844,-127.31
97.714,-30.428,-221.26
-24.198,45.414,-126.69
52.841,48.587,-154.96
66.76,45.361,-186.12
72.812,-7.05,-238.25
73.911,-12.093,-237
91.354,-28.64,-248.34
91.929,28.437,-207.67
182.61,-68.238,-340.04
173.11,-85.49,-325.04
-6.0402,41.08,-158.77
158.02,-59.72,-319.02
177.58,-85.646,-294.47
41.592,51.125,-190.53
32.601,48.067,-130.13
193.24,-83.25,-351.18
170.55,-27.948,-272.8
114.09,-39.996,-233.71
-23.558,54.43,-142.46
125.61,-51.277,-250.76
24.291,13.785,-166.51
127.48,-46.774,-288.88
88.843,17.486,-186.07
192.21,-70.427,-346.94
188.12,-82.285,-346.5
222.81,-92.791,-312.9
40.934,7.5046,-202.68
124.23,-3.3737,-267.85
100.46,6.5744,-196.7
12.767,34.208,-180.16
151.67,-40.963,-246.92
56.669,51.176,-183.68
90.105,-26.523,-216.7
-12.743,79.182,-144.65
192.52,-78.806,-350.01
-27.608,48.751,-107.7
26.066,59.214,-177.93
59.141,49.791,-171.48
208.66,-87.586,-302.36
-9.1591,39.337,-151.68
7.4913,82.48,-116.61
144.71,-11.278,-275.68
71.674,-16.233,-227.46
189.61,-39.602,-296.55
118.84,9.3268,-243.02
117.91,6.0911,-253.36
97.432,-28.886,-218.54
105.72,11.847,-246.69
-31.048,73.639,-136.2
0.044575,58.544,-100.36
84.371,29.888,-188.59
147.66,-70.843,-289.84
60.681,18.344,-161.13
-0.93679,69.717,-158.17
79.482,-6.7248,-245.65
-32.467,76.325,-134.26
48.949,57.062,-165.09
89.607,29.762,-211.97
55.573,51.012,-186.15
-36.335,69.841,-131.57
-19.545,101.31,-103.2
29.141,53.604,-126.69
187.91,-38.33,-303.22
70.822,-14.155,-199.86
9.0948,24.112,-161.7
104.49,-36.153,-263.02
102.95,20.655,-225.31
54.472,8.4925,-165.68
161.67,-78.809,-311.88
174.2,-85.009,-294.71
60.408,36.793,-211.19
168.3,-84.362,-299.03
27.107,35.121,-194.45
78.206,2.4297,-243.62
115.74,-18.281,-214.06
223.79,-68.987,-351.93
217.54,-63.286,-312.49
169.87,-63.119,-268.69
74.293,39.681,-186.17
176.77,-74.065,-279.89
77.67,5.7125,-178.36
74.605,39.769,-198.03
84.647,-26.907,-232.06
48.157,15.242,-215.54
45.059,56.919,-179.04
201.08,-104.53,-320.08
104.52,19.744,-225.52
200.83,-49.542,-323.81
76.228,29.88,-175.47
2.3303,86.471,-113.5
149.31,-61.256,-309.47
80.121,26.6,-226.29
60.287,-7.1181,-189.79
-22.049,94.636,-123.71
-48.965,62.572,-106.8
179.13,-37.205,-275.89
26.365,12.195,-173.98
29.889,49.067,-127.48
37.978,49.446,-191.86
-11.535,94.729,-119
101.41,-7.1157,-263.29
-27.047,47.794,-110.84
206.57,-96.458,-308.31
177.49,-76.343,-336.64
40.649,16.588,-153.28
120.48,-23.259,-219.39
143.04,-9.6794,-273.06
31.901,66.646,-162.68
24.5,57.508,-179.44
221.32,-64.448,-318.34
141.12,-47.071,-303.45
156.74,-32.795,-305.71
189.03,-56.265,-335.86
62.848,-9.9054,-195.2
179.8,-42.762,-319.76
131.64,0.13176,-256.59
83.725,29.587,-220.39
18.499,63.072,-171.7
43.432,7.8739,-207.11
-33.311,53.633,-97.894
155.54,-26.429,-250.05
194.59,-50.382,-329.09
132,-37.091,-233.82
12.607,76.841,-150.05
220.47,-65.901,-347.46
25.597,30.063,-134.58
-43.818,84.427,-122.5
15.409,22.895,-175.54
-29.197,48.311,-117.64
170.4,-82.131,-324.47
39.739,27.956,-142.91
48.22,46.7,-197.06
102.17,2.8195,-198.22
30.545,48.591,-128.14
154.52,-19.105,-254.02
197.88,-75.94,-290.52
192.18,-94.461,-347.18
139.61,-44.783,-242.75
94.604,4.1775,-252.92
-28.304,91.79,-126.3
141.61,-13.423,-238.84
81.403,35.209,-204.63
78.113,-5.4339,-186.76
131.99,-14.138,-281.5
136.63,-2.5097,-246.94
-20.781,64.583,-147.06
54.301,39.726,-152.11
139.61,-40.777,-239.85
-15.158,98.491,-100.06
122.52,-51.94,-273.82
190.74,-40.11,-301.05
194.98,-104.44,-333.52
18.184,75.373,-149.69
25.984,35.833,-129.98
2.8283,28.365,-141.71
34.588,29.604,-201.9
190.2,-100.09,-335.23
29.242,56.158,-127.2
57.095,19.511,-158.24
15.894,24.575,-178.63
7.2299,71.729,-158.89
124.88,-1.5338,-223.3
97.911,-28.375,-217.59
13.164,68.229,-111.51
168.16,-62.337,-267.4
130.15,-53.735,-253.48
98.279,13.065,-245.29
173.24,-81.103,-329.8
151.58,-45.203,-248.73
26.74,71.087,-139.59
105.05,-30.769,-220.66
116.47,2.4229,-214.14
-28.008,48.983,-107.39
185.49,-78.416,-286.29
136.89,-30.761,-233.15
51.605,54.68,-177.98
202.79,-71.462,-292.6
-0.96711,49.338,-105.99
35.161,9.1604,-166.5
65.988,1.3313,-176.37
23.188,37.806,-127.08
43.837,38.067,-141.64
123.19,-41.023,-285.99
158.94,-77.83,-306.71
97.595,22.285,-203.66
162.48,-25.605,-296.08
-11.986,44.36,-152.35
182.16,-87.854,-337.66
-19.197,44.651,-111.95
58.235,37.822,-209.58
17.779,69.27,-163.29
72.345,18.769,-232.04
26.365,44.597,-125.56
58.196,15.314,-161.39
118.83,-6.3136,-270.54
100.98,-26.648,-215.04
204.7,-110.51,-333.35
93.122,-24.243,-255.96
202.63,-55.391,-335.25
198.65,-57.575,-289.57
27.624,47.917,-189
94.919,10.666,-247.47
170.54,-45.568,-321.07
177.04,-78.558,-284.57
155.45,-27.816,-300.2
88.932,20.734,-234.61
148.92,-46.499,-309.79
47.377,50.15,-192.02
189.31,-41.525,-313.78
67.835,33.725,-166.38
230.52,-69.9,-348.41
239.35,-77.016,-335.33
-3.057,57.985,-98.586
56.92,51.909,-175.76
197.93,-106.5,-336.99
210.32,-114.32,-337.64
88.628,30.693,-207.77
55.755,15.275,-222.53
84.188,31.431,-190.94
36.891,19.912,-204.25
217.37,-88.187,-307.65
85.436,-39.218,-271.71
51.053,-3.3215,-244.09
95.642,-28.974,-285.98
-26.707,43.969,-111.75
126.86,-39.661,-310.91
-8.7373,44.909,-119.31
127.99,-49.382,-253.76
20.401,0.77476,-202.54
101.68,-18.573,-285.33
20.552,38.197,-144.41
-28.753,90.537,-121.14
62.398,-15.775,-201.39
86.39,6.7432,-255.55
68.225,-17.711,-260.29
216.3,-95.95,-329.55
165.21,-52.32,-283.59
87.969,-37.849,-232.11
13.115,14.102,-156.92
184.17,-114.33,-344.56
172.01,-101.05,-317.54
155.31,-34.169,-285.24
133.74,-66.968,-320.53
62.326,27.286,-224.63
-16.845,46.247,-113.69
213.14,-75.982,-359.98
99.372,-37.315,-289.82
81.667,-13.159,-271.07
72.489,-33.867,-231.04
20.563,36.074,-144.74
114.91,-19.947,-236.1
34.308,10.805,-166.4
99.458,-25.812,-287.92
92.502,-17.226,-216.46
101.32,-55.427,-265.3
155.92,-88.99,-336.72
155.65,-89.769,-303.28
9.4309,65.391,-162.97
-9.4273,61.976,-172.76
-4.2155,15.538,-170.99
-16.77,72.123,-159.1
6.6381,21.935,-200.31
61.382,-25.195,-245.64
-8.4228,66.326,-168.02
173.19,-105.23,-327.41
96.17,-43.198,-284.47
176.62,-49.149,-305.07
146.84,-86.854,-304.66
119.03,-11.578,-278.68
133.18,-77.2,-292.06
73.509,2.936,-196.41
137.87,-28.789,-260.24
102.52,-2.3167,-228.49
-6.6276,17.243,-169.91
-28.965,85.192,-138.36
126.05,-12.352,-270.75
30.445,17.829,-159.41
37.811,33.328,-161.8
-60.737,52.502,-117.55
167.48,-49.287,-330.06
158.83,-49.291,-330.03
36.323,45.184,-167.94
-1.4593,19.915,-148.43
14.081,62.881,-154.83
110.83,-59.526,-264.85
213.66,-74.468,-342.88
83.679,-13.395,-272.49
43.057,-14.261,-203.72
41.387,-10.888,-195.8
-38.577,94.039,-122.52
171.95,-85.237,-297.87
-36.944,36.815,-132.21
-25.162,54.901,-103.05
-36.158,37.434,-126.27
112.87,-40.779,-240.87
37.638,44.589,-169.68
94.213,8.2505,-228.02
137.54,-26.362,-261.64
143.89,-83.702,-298.15
25.309,35.006,-210.86
121.32,-21.01,-293.25
107.58,-49.28,-296.05
144.05,-85.239,-303.78
21.366,15.356,-215.25
121.27,-51.456,-310.21
81.761,-0.050651,-262.81
132.47,-56.243,-260.52
-37.664,82.971,-141.27
0.86132,59.217,-178.67
161.13,-66.238,-281.24
98.695,-45.192,-242.19
58.669,-14.271,-250.43
-5.4047,46.413,-186.1
116.83,-32.423,-239.01
162.27,-85.34,-295.58
53.871,33.308,-184.79
182.73,-92.67,-307.55
-47.812,44.191,-130.53
114.39,-64.921,-285.35
159.18,-89.076,-300.66
43.075,1.1565,-178.37
5.3984,62.301,-174.24
31.697,37.857,-155.86
203.98,-67.186,-338.29
127.9,-15.117,-259.43
117.21,-45.912,-306.33
-65.677,69.452,-127.95
23.272,56.45,-161.66
144.09,-84.079,-320.49
43.373,-10.655,-194.4
67.154,-8.3914,-258.9
-22.557,61.741,-166.65
40.091,18.662,-229.56
193.11,-103.54,-319.98
156.49,-94.408,-317.33
143.27,-70.216,-276.24
25.616,-4.0215,-202.11
86.848,-43.534,-268.22
28.953,-0.90158,-180.06
144.2,-47.099,-323.86
37.326,-8.2924,-192.13
127.59,-74.148,-292.37
99.764,2.7068,-229.66
141.7,-73.354,-279.71
101.95,-14.478,-282.28
-18.629,27.693,-166.69
74.708,-23.488,-212.55
25.181,-3.6219,-202.45
137.46,-26.453,-299.71
131.97,-77.28,-301.68
194.99,-120.68,-347.02
169.17,-96.716,-350.39
-17.706,28.016,-169.16
152.88,-92.003,-315.42
-9.3974,19.882,-154.29
180.66,-51.224,-324.17
-32.723,33.984,-138.22
91.99,-22.168,-281.47
42.584,-0.71247,-235.63
-6.9793,56.681,-116.7
186.09,-92.723,-308.9
122.52,-56.805,-310.85
48.366,25.685,-227.73
173.12,-72.159,-291.36
124.43,-13.016,-255.43
132.75,-69.691,-275.14
161.88,-83.087,-347.28
-51.798,92.525,-126.38
99.534,-40.256,-235.96
124.58,-16.25,-285.53
54.944,-22.138,-236.81
130.09,-18.112,-258.45
2.5018,44.113,-127.65
11.08,56.126,-137.26
110.81,-58.039,-261.38
-46.687,47.953,-141.63
-34.878,55.137,-97.574
33.321,-2.5473,-182
105.53,1.9687,-250.08
40.839,-2.2091,-181.5
66.751,28.249,-208.3
90.321,-23.567,-218.36
150.42,-81.303,-334.66
54.199,24.915,-178.6
-0.79023,62.742,-173.79
172.34,-92.848,-305.22
92.337,-44.771,-277.35
136.49,-79.819,-296.43
75.639,-35.861,-233.56
168.28,-63.763,-285.8
-18.214,72.146,-106.34
2.5625,70.644,-149.69
128.89,-19.162,-289.34
108.29,-34.523,-297.02
148.17,-28.511,-280.66
-18.466,30.997,-171.37
181.96,-111.1,-354.91
195,-61.505,-324.24
46.746,40.455,-182.92
196.43,-84.27,-371.66
157.55,-39.509,-281.1
40.931,-12.189,-224.38
-50.665,50.396,-101.29
198.52,-74.95,-363.32
-60.332,88.399,-126.85
156.46,-61.207,-276.29
173.26,-91.819,-357.57
86.491,0.59784,-263.47
122.02,-26.654,-299.38
26.551,3.0839,-217.24
20.559,-0.88728,-194.16
40.183,0.28327,-233.19
76.039,-14.442,-205.04
123.86,-71.601,-293.67
189.8,-118.37,-350.23
8.6863,33.762,-136.76
-1.3854,40.908,-126.3
28.219,-3.8812,-211.56
117.56,-28.606,-238.68
-7.1118,75.706,-148.15
85.292,-18.738,-212.67
161.64,-39.225,-289.64
200.4,-110.93,-328.78
130.6,-18.451,-286.65
99.931,-0.02514,-226.52
-18.874,42.692,-175.55
-9.1396,48.96,-182.33
155.85,-76.029,-284.91
78.885,-0.37981,-201.58
26.067,7.4706,-218.86
192.79,-61.886,-317.07
135.04,-76.227,-314.94
126.68,-32.456,-246.99
69.3,-8.9358,-197.91
-4.6608,20.549,-183.57
25.771,41.436,-149.91
162.13,-88.067,-346.15
160.57,-36.987,-293.16
222.98,-82.739,-345.94
179.6,-70.518,-354.97
47.757,17.668,-234.43
192.37,-112.03,-329.97
-15.24,60.997,-108.45
184.81,-80.708,-302.16
150.65,-48.032,-326.92
107.83,-59.777,-270.27
111.15,-38.289,-300.14
-21.71,84.793,-113.97
119.03,-61.897,-265.4
79.08,-1.7103,-201.9
-39.198,38.376,-128.83
-33.425,50.898,-102.12
109.96,-61.593,-283.29
67.359,-20.942,-258.45
24.211,47.452,-196.99
-45.289,42.576,-133.11
42.579,-12.634,-227.25
169.07,-43.367,-315.3
33.854,41.778,-205.36
56.154,-23.95,-219.88
129.85,-23.621,-252.48
91.128,-39.934,-234.98
50.295,39.359,-195.79
-5.7941,19.604,-180
20.443,17.372,-154.93
109.41,-1.6539,-260.21
209.54,-103.44,-326.79
-21.974,27.651,-143.62
83.322,-42.709,-260.19
211.79,-85.007,-326.38
24.017,15.409,-217.9
-41.063,49.25,-151.29
89.03,-24.039,-218.03
132.67,-75.784,-287.8
40.211,-13.987,-210.36
-2.3243,37.318,-128.01
151.28,-90.775,-313.1
132.37,-65.118,-319.56
-52.028,55.437,-139.72
134.78,-51.692,-321.1
62.535,-27.997,-242.13
-29.066,52.927,-102.21
71.615,-25.109,-214.21
113.35,-5.1447,-245.48
112.23,-43.007,-242.27
54.972,-12.276,-246.7
-28.757,88.981,-105.95
53.204,36.401,-206.72
191.6,-97.003,-314.18
143.34,-84.795,-315.8
76.559,-21.185,-210.67
195.64,-61.401,-328.08
152.67,-31.6,-285.11
148.18,-27.647,-288.27
75.385,5.9049,-198.17
189,-117.29,-357.51
64.263,28.24,-198.52
-11.345,52.619,-113.84
10.813,29.943,-140.39
160.95,-62.379,-341.46
3.5825,56.81,-182.14
166.95,-83.587,-294.86
-10.836,38.575,-183.57
113.61,-57.904,-259.97
57.137,34.555,-205.97
6.5176,8.4045,-178.45
54.609,14.823,-178.12
124.96,-18.601,-249.02
190.8,-57.887,-324.38
35.408,-2.2912,-226.22
-44.981,62.954,-149.11
-6.4806,17.643,-173
-43.618,45.756,-108.69
54.837,1.3036,-246.79
-41.099,96.175,-118.5
-37.416,65.805,-88.968
-6.2816,65.07,-169.99
78.285,20.078,-228.25
153.97,-83.657,-293.26
170.71,-76.579,-353.81
115.72,-65.072,-276.49
108.84,-22.63,-230.46
-18.938,81.03,-143.44
-25.101,87.745,-127.77
49.935,-13.819,-238.96
125.41,-25.624,-246.27
186.55,-61.265,-306.58
6.0731,13.701,-158.49
61.192,4.9293,-249.64
18.605,51.08,-191.56
135.07,-19.231,-268.92
195.62,-61.559,-326.75
44.833,-15.564,-205.84
55.41,35.957,-200.03
140.15,-81.749,-315.66
57.5,10.114,-181.48
217.7,-83.004,-335.41
-16.958,76.321,-152.63
8.889,65.856,-161.85
173.48,-92.536,-305.02
77.935,-29.417,-220.29
35.422,31.758,-159.05
170.37,-104.46,-337.71
61.248,-28.184,-230.41
179.77,-52.745,-330.95
-59.814,58.433,-130.41
120.16,-23.27,-295.61
-45.55,42.655,-120.89
92.04,-48.553,-269.19
129.37,-14.577,-267.86
84.263,-25.989,-275.69
82.691,9.8559,-208.43
121.8,-44.717,-309.76
-48.8,46.688,-109.49
82.254,-25.188,-216.26
57.587,30.114,-220.83
-3.8117,59.453,-120.03
187.73,-69.287,-304
77.828,-35.326,-262.96
-35.45,85.427,-138.43
-10.605,47.279,-116.77
143.38,-42.786,-262.54
5.7753,9.0216,-181.51
121.22,-9.3542,-268.88
162.84,-76.124,-347.99
138.75,-41.408,-317.44
-44.648,49.938,-101.12
15.17,36.199,-140.25
107.98,-10.317,-230.92
32.813,40.784,-206.83
-21.396,70.962,-159.44
148.37,-79.03,-287.17
19.285,32.735,-209.16
180.5,-100.83,-363.06
32.016,19.212,-159.55
152.69,-36.013,-311.62
19.589,59.621,-164.69
-57,49.55,-114.55
35.856,39.975,-208.05
21.551,2.9585,-209.05
100.09,-12.546,-279.98
1.6404,34.75,-195.45
180.32,-79.965,-361.16
156.63,-93.827,-329.6
145.26,-51.246,-327.08
-37.138,69.153,-87.741
82.428,-18.405,-273.28
179.1,-56.607,-299.23
119.83,-35.839,-305
-2.2405,72.111,-154.79
157.53,-85.024,-341.85
135.57,-45.202,-318.63
163.28,-98.706,-335.15
-36.618,53.664,-98.173
83.258,-20.226,-274.32
193.03,-60.565,-320.79
147.79,-81.291,-290.63
123.97,-71.177,-297.7
65.475,127.46,-35.427
247.99,-50.92,-262.5
66.209,93.8,-25.74
178.48,8.3975,-145.48
279.55,-27.828,-230
194.76,1.2096,-157.05
250.81,-40.655,-270.24
236.54,-18.297,-253.85
197.4,38.993,-156.36
96.415,93.946,-50.526
305.55,-43.457,-257.88
291.42,-75.902,-257.73
108.35,47.406,-89.071
253.84,-0.085221,-234.82
141.34,36.565,-163.43
182.98,48.675,-141.94
183.06,25.413,-135.79
249.77,-47.672,-220.94
205.21,-16.139,-223.2
97.884,103.73,-58.574
72.428,92.401,-30.398
109.98,85.965,-63.778
157.63,52.929,-166.93
158.41,64.437,-150.49
193.02,-3.7192,-212.94
283.34,-22.452,-264.72
293.09,-56.323,-243.76
163.3,49.362,-115.24
117.6,44.821,-92.117
265.22,-39.489,-281.75
274.58,-15.456,-234.49
258.87,-32.472,-211.06
125.59,89.848,-93.811
166.7,42.403,-179.57
211.89,-9.3712,-232.16
194.3,44.416,-165.98
177.39,2.8104,-195.35
175.01,56.036,-138.01
204.6,-23.191,-212.48
101.26,80.688,-55.876
192.01,10.692,-148.57
73.365,90.763,-96.249
75.78,86.679,-99.276
182.3,-1.3634,-199.61
80.694,61.043,-73.132
61.494,81.082,-83.503
219.92,-34.527,-211.27
162.54,48.861,-172.4
63.339,123.6,-23.322
248.93,-17.133,-259.86
193.78,-16.43,-195.71
94.584,73.005,-117.83
258.43,-48.648,-222.7
70.214,92.294,-93.332
83.815,114.58,-73.532
280.54,-20.959,-238.09
265.29,-69.279,-265.5
214.46,-0.14117,-231.47
233.6,-42.727,-218.36
128.79,83.183,-87.32
105.94,52.266,-80.942
171.05,21.99,-192.09
260.14,-3.0669,-230.07
262.1,-46.047,-281.12
173.2,0.33845,-160.74
281.77,-45.993,-294.83
36.979,107.44,-62.18
159.44,19.614,-129.15
216.21,26.208,-201.75
88.527,54.89,-91.279
42.569,84.771,-36.026
265.52,-12.246,-219.97
169.62,2.2609,-179.56
221.36,14.363,-221.61
99.895,105.69,-67.101
246.43,-28.169,-201.47
85.119,86.017,-41.979
144.51,22.178,-127.07
182.07,8.8569,-145.85
228.25,-36.519,-207.9
267.1,-23.11,-270.6
184.39,46.302,-141.44
43.256,87.201,-60.877
257.1,-34.181,-274.14
158.91,8.5067,-154.21
191.94,14.128,-146.58
78.478,120.16,-54.864
116.3,92.356,-76.694
190.87,34.165,-194.56
188.8,47.149,-169.9
280.92,-41.832,-230.3
55.684,81.636,-75.478
154.9,26.604,-176.55
166.66,32.337,-121.56
277.08,-77.946,-279.42
45.815,90.164,-67.891
152.36,54.544,-163.66
239.59,-0.89779,-190.09
293.43,-34.362,-246.02
75.196,103.93,-29.662
168.67,46.661,-120.57
282.41,-51.019,-234.5
122.67,37.31,-104.54
297.41,-68.268,-252.55
181.09,8.7442,-145.69
117.93,90.997,-77.845
174.93,1.2565,-156.92
197.03,22.784,-207.68
56.28,95.843,-18.936
92.422,52.525,-97.318
285.96,-29.016,-238.5
201.27,-21.723,-204.41
63.932,125.43,-26.671
125.69,81.986,-81.514
231.93,6.6207,-231.94
114.55,69.628,-134.01
219.33,25.708,-198.9
90.816,73.63,-114.37
130.03,30.564,-116.21
39.822,89.502,-57.805
273.3,-13.515,-236.45
243.29,6.7795,-227.38
156.9,13.222,-140.43
60.28,121.06,-66.449
119.7,90.09,-79.855
159.78,66.567,-143.36
170.07,5.3319,-185.78
118.49,80.335,-71.977
315.99,-55.183,-265.62
134.17,81.442,-125
172.94,11.317,-193.58
278.27,-66.786,-296.23
108.76,101.24,-83.122
111.2,89.83,-114.7
122.83,36.027,-137.63
203.41,19.682,-212.59
226.33,-26.958,-245.76
164.93,52.673,-117.83
274.52,-37.56,-285.76
255.98,-60.824,-263.99
266.42,-39.217,-218.95
109.94,100.35,-88.545
222.89,-37.142,-228.16
205.79,6.2141,-222.99
76.417,62.584,-77.07
219.99,-34.231,-209.88
256.36,-47.735,-221.35
266.92,-13.219,-221.4
258.93,-29.653,-209.98
88.726,63.23,-64.194
233.59,-36.237,-205.9
192.12,35.677,-192.68
298.58,-43.755,-247.96
172.9,8.1609,-145.28
231.46,-14.102,-248.72
241.64,4.4446,-195.82
265.97,-57.347,-284.29
122.23,61.905,-78.292
55.323,100.4,-79.225
60.683,110.01,-15.741
87.173,64.723,-108.32
285.88,-27.669,-275.19
135.59,34.003,-108.11
228.6,-39.825,-238.57
244.13,0.58312,-239.59
88.212,106.07,-45.538
206.82,6.2225,-159.9
243.15,-48.129,-223.71
176.88,25.11,-131.63
100.46,50.59,-85.667
258.81,-48.433,-277.96
223.93,2.0232,-234.94
272.96,-74.874,-275.22
142.99,40.094,-103.64
246.72,-51.896,-229.74
132.76,75.467,-135.98
89.909,92.841,-105.38
43.072,88.91,-62.697
263.65,-5.694,-234.51
216.62,27.627,-180.07
258.49,-62.639,-246.87
105.11,56.622,-74.888
123.11,32.543,-120.47
69.333,116.94,-26.698
255.6,-59.501,-265.95
99.785,86.883,-114.68
120.5,58.476,-79.171
119.89,92.884,-85.924
204.32,5.7418,-222.25
216.01,0.58348,-232.03
64.78,77.422,-85.578
45.389,109.11,-68.822
250.29,-9.1543,-200.41
306.68,-38.621,-282.11
166.64,55.905,-121.89
279.89,-57.592,-298.22
56.42,78.842,-73.333
139.86,35.732,-161.74
27.975,93.863,-40.278
253.56,1.3842,-228.81
242.36,-31.317,-201.89
160.39,38.452,-114.61
228.23,9.2238,-228.47
53.319,105.16,-76.149
144.91,20.894,-129.9
207.53,30.754,-164.57
152.48,14.966,-139.47
165.36,41.358,-117.56
271.13,-51.31,-228.89
173.71,57.937,-153.28
278.55,-68.099,-296.13
245.51,-52.998,-234.45
192.09,32.356,-143.68
242.21,3.1617,-195.62
153.5,21.395,-126.41
293.72,-68.738,-251.31
252.14,-28.774,-205.08
198.9,-2.8169,-162.13
89.911,69.791,-56.168
78.33,119.99,-50.55
225.04,21.573,-188.18
285.59,-53.41,-301.03
144.61,47.191,-100.07
271.5,-43.712,-224.26
86.027,115.15,-67.22
202.66,38.096,-168.98
161.43,61.197,-155.88
264.49,-68.657,-265.07
187.33,49.085,-156.37
249.48,4.1496,-226.32
76.224,121.5,-54.851
61.775,77.909,-81.446
226.61,-11.089,-244.22
199.28,12.386,-215.9
210.89,17.176,-217.05
62.847,109.17,-79.651
147.6,45.147,-103.01
137.98,32.844,-109.84
259.6,-22.909,-268.51
208.26,33.408,-171.41
86.444,60.986,-68.63
101.43,47.089,-108.86
241.64,2.6102,-236.85
231.51,-37.846,-247.13
88.745,113.21,-71.465
101.72,104.94,-84.827
155.78,14.334,-170.65
211.97,-27.913,-200.39
121.21,82.074,-126.1
122.49,88.053,-82.215
122.23,73.469,-75.262
86.158,66.275,-107.86
67.577,80.688,-37.839
284.59,-83.682,-285.87
202.8,35.314,-161.76
265.91,-7.8815,-229.9
95.457,71.688,-118.77
46.254,95.733,-70.791
250.13,-34.747,-269.06
313.08,-47.784,-266.55
104.2,45.424,-112.25
85.145,106.61,-41.673
275.33,-27.804,-224.82
84.269,116.57,-59.809
283.56,-30.729,-233.96
225.41,-39.088,-230.18
32.349,90.196,-40.08
92.004,110.49,-77.918
206.18,-18.693,-183.03
153.13,30.959,-174.99
184.94,-6.7511,-168.99
127.92,88.963,-101.23
269.32,-17.42,-221.62
59.225,73.793,-55.622
224.15,19.605,-181.69
68.496,97.067,-90.301
220.55,15.046,-220.69
273.68,-46.837,-290.41
196.25,-6.3057,-216.01
65.299,120.06,-23.223
215.41,28.877,-193.35
254.5,-48.027,-273.27
275.67,-77.106,-273.36
132.77,85.722,-104.39
166.2,20.013,-130.16
262.57,-21.607,-211.89
290.39,-68.854,-250.24
95.877,50.844,-104.22
190.2,5.1045,-211.08
170.29,30.331,-188.95
94.722,66.004,-61.627
236.2,3.2625,-187.34
91.361,66.121,-114.21
92.741,64.371,-115.27
123.13,83.228,-78.778
200.61,-18.858,-186.73
162.1,5.9442,-164.21
193.02,29.606,-200.05
193.37,-13.112,-178.16
81.088,65.398,-61.318
83.892,57.887,-83.83
111.6,44.113,-127.65
87.899,55.312,-88.286
89.923,84.909,-110.45
243.19,-46.764,-258.35
142.62,51.3,-161.08
143.04,33.416,-164.8
39.898,89.625,-24.078
117.46,79.117,-70.716
118.27,47.623,-140.06
42.322,121.11,-60.331
143.66,26.779,-162.86
144.69,77.466,-124.87
236.42,-44.547,-248.25
127.79,84.694,-87.415
102.47,95.351,-58.184
69.656,107.23,-84.348
64.419,114.94,-74.862
149.06,73.547,-113.16
123.49,72.31,-136.96
56.278,111.62,-74.485
193.89,-2.5299,-214.28
145.42,72.715,-103.89
284.04,-83.314,-284.8
238.19,13.01,-210.6
122.3,50.455,-144.99
308.1,-41.657,-265.04
270.31,-73.045,-270.71
179,52.034,-166.59
161.13,39.564,-114.71
100.4,49.065,-90.149
145.85,66.835,-99.914
66.706,107.82,-21.456
254.2,-37.092,-272.89
139.03,73.185,-94.346
160.88,64.519,-148.62
189.72,-8.644,-204.96
111.37,99.26,-81.833
85.62,75.019,-49.581
232.6,16.401,-196.64
105.55,102.58,-88.255
299.57,-71.056,-255.46
113.64,75.176,-130.16
98.594,50.469,-87.586
173.29,4.865,-190.68
86.561,114.23,-55.044
280.62,-74.887,-294.93
91.633,63.522,-113.55
55.237,77.016,-66.692
207.49,30.565,-164.25
184.9,11.677,-144.42
232.22,15.266,-192.16
207.43,-3.234,-227.4
226.35,14.298,-221.16
185.47,48,-171.67
165.26,42.447,-178.91
146.39,17.104,-152.38
195.47,15.625,-211.92
79.635,113.7,-39.272
245.1,-0.93002,-241.76
231.13,-36.903,-207.46
158.97,63.635,-151.95
50.55,93.923,-18.296
273.92,-70.803,-287.41
174.92,19.976,-195.74
163.61,52.152,-116.09
145.55,21.785,-161.25
200,35.654,-191.03
160.7,65.079,-147.17
174.24,0.52393,-159.17
117.85,38.924,-103.53
205.31,-20.537,-219.44
232.18,2.7698,-182.48
47.191,81.251,-43.878
188.78,-9.697,-173.3
169.99,3.4518,-183.01
285.25,-22.613,-247.49
216.8,25.302,-208.7
217.39,7.3384,-252.27
41.939,138.89,-59.66
157.55,32.31,-204.77
150.62,11.512,-176.92
150.65,11.657,-181.6
100.49,46.916,-138.64
267.11,-54.465,-254.19
53.776,106.62,-37.015
145.23,15.646,-167.16
207.3,3.5584,-250.44
106.65,81.554,-147.05
230.33,-39.334,-233.52
190.16,43.97,-196.78
100.25,56.826,-148.83
137.25,80.701,-141.79
236.94,-34.003,-283.28
200.74,36.838,-205.13
229.69,-34.116,-225.77
25.866,93.834,-65.295
62.415,123.86,-50.316
65.505,126.66,-69.287
265.66,-22.397,-292.69
168.11,0.45451,-185.84
109.58,40.794,-126.95
157.23,56.483,-137.19
65.848,122.68,-86.691
230.37,14.36,-238.43
59.588,82.824,-58.216
174.23,15.508,-222
277.22,-80.136,-293.19
145.71,28.348,-193.76
276.46,-41.193,-313.63
248.87,-34.241,-293.81
136.58,65.21,-172.82
35.875,133.81,-70.398
15.988,110.23,-67.177
75.844,119.36,-71.309
274.77,-31.903,-304.67
105.06,90.089,-137.75
199.28,28.799,-178.71
102.7,103.24,-108
148.77,72.54,-142.33
133.23,43.317,-121.7
120.06,83.223,-102.22
220.36,-36.467,-257.51
185.37,-9.735,-225.26
225.1,-42.212,-251.72
268.38,-12.896,-257.98
160.82,52.832,-140.22
169.42,12.451,-217.02
85.8,113.88,-85.044
230.91,8.8482,-211.39
84.624,110.61,-105.67
159.29,5.4513,-186.95
62.168,113.24,-43.799
273.03,-61.88,-262.8
227.33,-11.423,-206.57
95.475,92.724,-132.54
153.01,15.397,-196.35
97.64,90.016,-135.96
157.16,63.365,-142.51
131.83,82.919,-143.61
130.84,61.393,-173.63
169.86,39.885,-148.08
133.39,63.063,-112.71
176.47,20.34,-222.75
42.526,134.07,-70.249
297.94,-58.681,-273.75
212.34,26.057,-225.21
92.96,51.749,-131.04
281.38,-42.52,-316.56
209.24,-30.049,-240.92
84.996,94.456,-126.97
157.34,40.733,-137.32
88.92,76.157,-75.535
294.74,-33.406,-300.21
120.7,38.556,-165.88
56.183,89.97,-107.26
160.75,47.501,-139.23
242.2,-51.612,-252.21
194.12,-7.1332,-240.65
57.402,76.611,-69.112
243.33,-25.343,-286.66
266.65,-11.598,-256.32
29.142,90.584,-62.824
120.19,91.105,-113.52
293.02,-48.223,-268.2
95.52,102.47,-118.82
104.68,64.155,-154.22
193.26,7.0647,-176.53
121.49,54.759,-107.47
298.84,-35.453,-289.44
155.89,16.607,-156.68
21.012,95.544,-54.413
152.58,70.581,-155.19
285.1,-44.229,-260.5
54.431,133.21,-53.694
241.47,-33.292,-287.54
253.09,-4.2038,-236.67
114.16,95.047,-124.3
199.64,22.468,-232.81
182.46,-9.0156,-197.22
113.08,47.789,-161.08
176.54,31.603,-154.98
85.649,58.594,-97.104
173.83,4.9867,-219.83
281.8,-33.004,-306.46
118.2,67.733,-162.7
108.72,98.495,-119.34
25.286,119.62,-76.001
61.022,70.598,-90.91
100.25,104.93,-103.15
136.61,46.159,-121.24
153.94,69.1,-147.46
236.9,-44.986,-278.89
237.41,-40.091,-282.6
197.73,12.839,-176.62
163.55,3.3078,-182.96
98.316,46.699,-126.88
288.23,-29.471,-272.77
151.76,16.49,-157.69
141.96,42.527,-126.49
109.68,63.012,-95.613
224.08,-37.287,-264.31
78.94,118.18,-85.119
134.96,25.17,-147.51
57.577,130.12,-51.807
204.96,3.4174,-249.06
304.55,-51.806,-280.24
280.01,-21.515,-282.18
195.87,-20.251,-227.93
199.4,14.924,-239.28
104.1,72.238,-151.48
130.52,63.245,-110.13
102.52,103.11,-109.88
134.34,26.367,-144.93
32.645,128.03,-75.515
215.91,-4.4193,-259.65
224.91,-41.579,-256.6
255.4,-7.3863,-237.01
241.67,-53.697,-274.76
264.43,-13.671,-246.34
185.98,46.637,-176.52
187.49,9.701,-234.28
183.62,49.419,-181.27
232.24,-14.143,-274.4
146.51,14.359,-175.4
262.12,-28.374,-238.17
219.33,23.945,-219.12
81.368,80.578,-68.432
229.56,-19.865,-212.39
234.59,12.423,-226.33
152.7,10.782,-172.78
188.53,0.054662,-235.88
51.65,79.166,-93.4
156.73,7.3404,-186.59
41.767,92.708,-91.425
119.94,69.071,-100.05
142.51,70.887,-125.78
149.47,43.936,-194.53
148.25,38.897,-195.67
161.95,21.298,-210.14
166.57,52.949,-147.77
261.62,-21.339,-291.09
241.98,-36.131,-288.22
67.963,91.962,-117.71
235.41,-10.294,-273.47
234.36,-49.109,-261.23
124.36,88.917,-131.42
93.01,69.41,-82.689
269.88,-34.568,-305.89
239.73,-6.7053,-216.27
172.29,-3.7184,-198.85
51.26,105.26,-100.53
184.78,-12.262,-216.78
87.82,58.345,-131.87
202.15,3.9194,-247
152.13,37.929,-135.05
271.75,-25.191,-296.3
264.03,-33.029,-302.35
277.9,-69.638,-272.18
113.58,58.172,-162.87
206.18,33.195,-208.75
162.45,27.378,-147.27
89.87,85.095,-135.91
209.35,-17.486,-203.76
134.85,79.474,-122.76
149.77,12.468,-182.19
69.791,121,-88.56
270.32,-31.042,-302.89
32.859,90.329,-74.149
108.99,98.325,-119.58
131.96,72.899,-112.49
263.5,-62.49,-263.23
62.031,89.52,-113.03
77.917,104.31,-59.204
224.11,19.938,-215.5
141.35,33.239,-189.88
261.11,-16.729,-238.76
196.55,37.28,-182.34
198.51,38.734,-192.94
155.99,7.7618,-183.56
187.44,46.766,-186.69
48.952,122.13,-87.326
57.319,82.703,-58.09
153.41,50.958,-132.08
211.8,-24.704,-255.66
118.79,43.067,-118.39
81.835,112.55,-102.54
158.1,43.674,-199.51
47.911,124.29,-84.635
123.23,81.324,-105.39
166.62,56.625,-151.26
134.77,80.724,-125.15
41.369,119.91,-86.137
55.926,127.53,-43.624
90.61,74.309,-77.718
262.56,-12.559,-244.18
131.01,25.61,-165.35
76.391,72.148,-125.58
176.23,14.215,-223.93
180.04,47.681,-164.62
111.79,39.601,-128.15
229.44,-29.982,-275.82
231.75,-46.924,-261.75
143.48,75.748,-152.57
228.49,-42.11,-266.24
107.9,84.134,-145.12
159.34,50.973,-193.61
173.72,6.1852,-171.28
301.38,-37.089,-294.1
283.17,-43.413,-258.66
225.7,-36.315,-229.73
147.11,62.77,-127.17
232.14,-44.478,-243.32
135.62,30.924,-136.12
151.84,66.868,-137.25
150.66,20.121,-196.56
127.23,65.573,-168.88
125.03,87.942,-118.15
257.84,-66.42,-287.95
181.17,46.277,-164.95
277.62,-20.456,-264.86
141.47,50.159,-122.32
73.648,108.87,-55.57
223.8,-10.812,-267.61
162.7,63.552,-166.8
120.53,32.712,-155.27
59.164,130.52,-64.891
18.751,111.23,-70.672
245.16,-17.139,-221.79
91.863,58.712,-138.66
90.018,70.562,-80.434
121.17,89.722,-134.03
66.518,124,-58.878
183.5,39.273,-210.82
34.193,90.397,-77.202
260.92,-66.604,-272.98
253.19,-26.698,-292.99
97.956,48.283,-116.17
178.12,1.801,-177.36
222.24,21.098,-212.79
110.85,96.238,-101.86
107.62,98.206,-121.98
288.23,-44.07,-263.55
219.28,2.4059,-257.15
238.45,7.4295,-249.38
269.65,-16.124,-280.59
123.82,31.157,-160.78
260.24,-6.5206,-261.99
209.56,28.599,-196.05
164.62,62.205,-159.65
101.43,102.81,-113.78
117.51,58.858,-166.04
25.925,93.511,-64.442
218.77,-6.4308,-198.77
273.91,-16.35,-270.94
188.77,-9.7306,-194.27
92.913,109.11,-89.67
297.88,-34.602,-289.4
82.532,59.683,-96.424
36.455,132.04,-72.737
86.599,73.067,-136.88
35.048,94.216,-83.185
240.56,-32.341,-286.62
97.145,54.269,-101.99
131.03,84.522,-137.94
163.22,24.07,-150.06
90.67,70.101,-81.11
221.86,1.3756,-198.86
253.71,-52.166,-249.47
263.67,-44.557,-308.02
196.08,-16.388,-204.23
177.57,47.966,-197.75
53.766,132.06,-69.629
206.96,6.6946,-185.47
158.63,62.304,-143.85
135.37,24.645,-148.59
214.34,25.64,-224.2
209.37,20.722,-188.11
58.811,113.8,-99.103
117.14,60.205,-101.57
196.35,-14.167,-199.81
57.591,122.09,-41.484
190.5,-3.2321,-237.46
263.6,-16.092,-242.65
257.62,-58.757,-300.57
97.099,105.17,-89.04
83.102,62.557,-89.64
64.952,71.5,-107.53
115.28,78.775,-152.78
255.6,-52.393,-300.82
91.753,76.51,-76.916
115,44.676,-116.01
88.74,75.287,-138.64
89.839,110.6,-100.69
190.72,18.711,-169.51
156.22,7.6185,-182.41
76.09,88.313,-60.614
224.01,-35.331,-228.56
188.89,-15.428,-219.45
180.9,50.755,-186.27
245.35,-30.963,-290.18
208.51,-20.244,-207.36
99.268,94.134,-80.857
162.72,3.4123,-184.89
181.38,22.638,-161.29
32.476,90.596,-73.846
240.59,-49.847,-249.29
194.89,-7.133,-189.76
129.53,82.683,-117.11
260.25,-50.111,-248.21
55.433,77.704,-67.52
95.64,49.494,-132.08
123.3,32.156,-138.65
80.27,64.445,-86.715
103.63,60.089,-95.302
199.31,9.5766,-242.55
225.48,-29.723,-271.41
167.88,43.895,-146.24
242.24,7.1723,-236.62
61.542,95.152,-111.72
253.7,-37.852,-298.52
40.327,84.56,-78.227
141.35,77.035,-151.1
99.764,105.21,-103.71
155.48,62.882,-176.92
84.743,67.919,-81.573
115.71,41.868,-120.52
201.53,34.296,-213.46
158.5,6.6796,-178.83
263.89,-68.297,-301.55
167.81,26.709,-214.24
281.47,-22.012,-277.15
260.23,-37.983,-239.72
110.64,92.336,-134.21
178,51.156,-189.91
251.77,-3.9857,-266.16
232.6,-46.598,-249.44
236.96,10.128,-242.5
171.43,57.593,-175.14
228.58,1.4354,-260.88
129.59,85.939,-132.11
266.64,-12.088,-254.51
132.13,54.015,-114.22
305.56,-42.228,-290.28
305.9,-56.734,-280.85
53.788,83.082,-57.403
132.36,77.165,-115.56
260.77,-60.587,-303.99
269.07,-72.512,-306.02
164.52,56.362,-147.39
136.42,64.494,-173.47
154.65,53.119,-133.4
114.87,70.672,-159.02
272.8,-65.203,-266.47
161.98,23.73,-236.35
134.12,59.223,-201.75
179.59,32.258,-241.82
33.531,87.458,-79.751
212.26,17.722,-262.62
52.197,82.449,-82.502
188.6,-10.786,-218.01
93.51,62.308,-169.74
188.08,37.619,-235.17
84.596,72.095,-101.89
51.026,129.44,-65.877
123.76,28.79,-168.98
172.32,54.823,-200.28
150.13,45.207,-219.4
277.42,-63.285,-289.18
230.89,-20.14,-238.19
149.85,9.7194,-201.24
74.691,60.472,-125.53
249.06,-57.809,-316.76
232.96,-50.857,-289.44
229.1,-0.21201,-232.73
212.55,-4.241,-282.69
146.94,71.875,-168.31
43.545,85.358,-78.516
292.81,-34.922,-306.32
181.43,25.102,-248.43
167.31,46.38,-224.01
137.42,19.832,-201.25
84.012,70.488,-103.19
180.67,12.975,-191.14
95.423,51.192,-131.37
184.68,33.711,-241.27
154.9,18.788,-177.09
167.83,0.89346,-235.7
230.3,-26.788,-303.07
217.32,-39.054,-274.8
91.12,105.87,-106.83
77.331,115.4,-120.33
65.46,74.717,-140.1
69.322,122.26,-105.09
87.947,85.12,-160.21
136.22,37.204,-211.66
77.902,116.78,-113.99
236.25,-51.326,-299.7
174.67,19.959,-247.24
249.85,-15.371,-253.02
211.21,-32.075,-276.2
202.95,32.803,-222.93
197.97,-22.282,-263.26
137.83,36.978,-153.71
206.52,3.5344,-211.89
173.08,30.397,-178.44
63.552,76.852,-138.8
55.463,131.27,-83.256
205.8,26.092,-215.21
91.853,56.235,-122.71
104.35,66.17,-115.98
9.191,112.38,-86.888
251.24,-2.4022,-276.21
243.75,1.6464,-277.78
109.37,78.63,-115.84
60.901,69.035,-118.14
91.248,98.79,-100.19
174.49,-7.047,-235.54
287.39,-39.96,-290.81
169.49,45.745,-224.97
108.43,39.913,-173.8
105.17,40.642,-165.69
44.241,137.37,-67.188
230.91,-44.94,-264.99
29.911,93.669,-102.63
35.318,92.529,-66.767
28.578,91.709,-97.08
173.64,-1.2604,-205.59
110.95,78.147,-117.39
169.31,42.685,-174.49
207.58,6.1473,-211.99
207.3,-30.432,-269.64
112.44,90.659,-159.59
207.19,29.213,-239.54
186.79,13.75,-258
209.02,-29.769,-275.18
104.02,78.138,-173.49
203.18,10.545,-268.69
168.74,54.047,-210.62
192.67,-16.07,-226.27
48.287,134.58,-88.42
87.493,110.42,-124.84
221.78,-30.326,-243.59
160.39,2.2843,-211.44
139.36,49.01,-211.04
80.521,105.6,-138.5
179.19,2.9953,-199.27
221.66,-41.283,-264.85
126.8,66.706,-132.78
241.32,-52.612,-274.88
22.39,104.15,-99.64
183.39,-5.8755,-255.07
219.62,-41.074,-271.56
104.2,43.472,-144.65
90.799,109.22,-118.72
98.385,70.619,-109.84
279.78,-31.132,-285.16
202.24,19,-206.48
200.09,15.574,-263.45
14.543,132.09,-88.602
99.564,91.673,-107.45
215.68,-22.972,-288.96
106.45,39.405,-164.02
151.84,52.771,-213.94
63.628,119.22,-117.6
126.66,77.059,-180.75
251.25,-61.911,-288.86
221.72,-38.266,-288.92
203.14,-26.926,-244.48
96.231,55.825,-170.71
160.44,18.344,-235.16
91.935,49.027,-149.68
229.55,8.1158,-274.12
101.17,43.358,-162.05
194.3,-17.078,-263.09
172.84,36.168,-177.54
202.02,-27.51,-249.25
188.57,39.735,-230.54
55.518,89.815,-133.23
135.95,20.692,-180
96.12,56.474,-170.9
221.69,19.507,-244.73
200.49,-18.393,-271.78
257.18,-67.165,-319.94
244.24,-34.456,-316.08
57.346,90.511,-135.03
218.7,-35.294,-286.79
56.221,74.795,-124.64
259.77,-12.227,-269.67
34.843,91.509,-108.37
177.06,37.899,-235.36
124.53,62.336,-194.79
56.721,90.237,-74.293
244.71,-53.756,-275.45
202.68,5.8518,-271.58
135.5,78.22,-174.3
233.92,-37.186,-252.92
198.45,20.921,-202.67
193.82,-21.949,-245.22
241.39,-21.088,-308.22
33.75,143.71,-73.651
160.46,3.6979,-203.58
208.72,28.825,-230.03
128.39,39.597,-203.81
202.74,15.205,-206.67
64.748,79.462,-87.976
79.809,88.545,-88.894
173.68,-7.0575,-231.85
28.781,110.58,-107.16
24.96,95.352,-63.735
95.878,46.328,-151.33
185.2,40.051,-194.37
102.3,42.898,-149.37
144.99,64.834,-153.02
151.58,15.344,-182.16
227.38,-18.706,-298.63
121.93,57.575,-131.43
85.437,112.33,-119.26
231.42,-48.699,-274.88
168.17,17.978,-242.59
201.58,-24.417,-267.66
140.41,17.623,-203.79
230.5,-30.07,-245.02
48.382,104.39,-60.055
82.005,108.67,-94.171
212.89,25.781,-233.9
192.77,25.711,-251.64
223.13,6.1085,-227.4
58.525,94.062,-135.64
252.11,-50.517,-324.51
268.7,-27.258,-272.03
122.36,75.178,-129.05
279.93,-29.685,-323.37
227.68,-7.0455,-231.32
115.01,49.858,-190.94
11.107,100.23,-72.092
281.78,-26.052,-311.37
25.159,144.54,-77.599
217.61,-25.803,-237.79
252.11,-29.884,-319.15
173.29,52.584,-210.01
208.16,26.471,-247.37
105.09,66.463,-180.12
89.957,57.942,-163.32
121.88,63.411,-192.66
137.36,24.753,-168.98
192.42,-12.805,-263.67
254.67,-61.737,-322.53
69.99,71.381,-99.622
59.802,78.215,-89.066
102.06,58.041,-178.28
180.98,5.6306,-197.02
74.788,116.77,-92.201
146.74,19.615,-175.89
234.5,-5.7284,-237.77
258.34,-68.224,-298.62
213.61,24.61,-230.95
170.89,32.772,-176.12
63.688,105.19,-133.69
76.749,108.09,-134.72
215.28,-34.483,-252.41
143.28,33.587,-158.74
106.76,70.814,-179.5
263.98,-29.053,-266.46
208.45,-14.315,-282.09
190.66,1.1534,-204.33
130.73,29.865,-161.45
71.471,83.414,-148.59
92.253,74.204,-104.1
239.5,-25.638,-309.59
235.65,-2.1797,-239.91
293.79,-49.957,-295.69
263.82,-16.52,-305.55
134.76,74.373,-184.01
251.47,-64.933,-301.63
47.969,94.711,-66.665
245.15,-45.798,-264.14
235.94,5.41,-276
173.83,-3.9369,-240.86
195.13,22.416,-255.6
52.489,118.96,-61.185
180.97,-12.625,-235.64
143.12,32.533,-159.63
27.228,94.801,-99.386
26.478,92.836,-69.4
179.92,-1.8297,-252.51
147.6,42.351,-219.53
110.52,96.372,-141.91
24.987,102.57,-102.17
117.36,49.732,-193.31
249.1,-3.5447,-260.42
120.06,90.198,-150.06
122.5,31.603,-189.91
198.44,8.7541,-204.22
152.94,7.5573,-204.12
129.87,77.155,-139.98
68.838,81.922,-146.18
81.384,58.981,-120.91
191.11,38.86,-204.09
268.02,-67.147,-291.64
44.002,83.236,-114.07
154.68,17.843,-228.53
276.05,-53.423,-282.04
107.32,77.868,-175.25
37.681,112.38,-113.79
150.18,15.454,-182.35
196.42,-22.392,-259.02
108.55,43.807,-179.9
58.416,76.352,-92.43
216.87,-34.368,-284.5
211.62,-2.4365,-281.23
25.985,118.47,-102.91
218.83,7.8463,-275.67
134.95,33.159,-209.78
30.966,92.468,-67.711
133.35,21.416,-182.77
187.83,28.998,-192.39
172.85,-2.27,-207.98
135.45,51.05,-207.56
44.823,122.84,-53.583
135.46,77.237,-150.24
249.99,-57.953,-281.02
213.04,-24.846,-285.41
137.62,21.027,-176.94
270.72,-26.123,-275.16
227.64,3.0598,-231.87
226.28,9.4798,-233.51
141.11,39.121,-153.45
257.07,-57.92,-328.41
139.19,62.556,-145.09
50.508,87.99,-74.586
71.893,68.569,-104.18
245.42,-5.9271,-293.47
90.325,108.41,-128.47
226.03,-42.317,-262.53
72.233,100.91,-141.08
175.62,-8.7566,-230.06
137.95,73.634,-149.76
75.103,66.527,-147.95
118.69,49.043,-135.78
194.63,13.897,-199.75
266.34,-22.309,-271.18
114.28,61.114,-188.79
38.12,124.55,-106.08
64.967,78.193,-141.23
18.387,95.767,-79.373
139.96,62.144,-201.16
41.285,138.87,-63.177
23.164,102.16,-51.701
80.063,115.46,-115.9
159.64,59.821,-171.95
214.19,-36.843,-263.57
253.65,-17.665,-309.08
181.18,-9.7425,-247.29
172.41,11.668,-188.7
64.615,124.98,-87.777
55.71,127.8,-72.234
127.68,49.441,-202.58
191.61,7.0314,-200.67
254.88,-29.313,-258.3
69.061,64.006,-128.37
147.74,63.1,-200.7
104.88,100.03,-136.55
210.58,15.643,-215.28
270.15,-26.711,-274.09
110.32,38.769,-175.92
134.72,73.492,-144.31
211.26,-20.931,-284.42
120.85,45.054,-140.39
285.2,-51.393,-287.75
68.163,123.47,-97.557
90.391,106.11,-105.74
232.43,-49.053,-274.35
139.62,17.098,-188.89
100.73,65.054,-114.82
237.91,-45.748,-308.68
129.4,29.489,-200.05
261.01,-10.656,-276.38
16.798,121.28,-94.916
206.29,28.76,-242.86
20.224,98.454,-91.686
163.59,12.185,-237.45
206.84,21.716,-213.19
166.93,36.397,-233.65
152.59,42.502,-159.02
205.74,15.599,-264.98
14.527,99.237,-80.569
143.28,17.078,-182.61
142.39,75.056,-164.57
61.639,92.168,-75.243
252.23,-37.27,-259.71
153.46,27.374,-228.37
49.968,134.53,-84.394
50.437,84.351,-79.528
207.4,-9.58,-219.56
75.814,68.452,-150.42
201.94,30.129,-213.05
244.84,-15.652,-305.31
224.37,13.024,-266.88
16.087,96.976,-71.066
77.717,71.539,-100.26
176,22.208,-183.36
119.37,90.396,-151.98
65.061,123.61,-106.79
208.65,-32.612,-257.15
105.83,91.046,-160.32
257.37,-38.647,-326.85
93.73,56.668,-121.88
236.07,8.8022,-256.74
98.584,97.034,-109.21
10.301,107.18,-85.044
122.18,88.742,-152.85
97.673,65.827,-174.07
186.75,41.363,-227.98
86.152,96.135,-150.82
263.56,-22.332,-315.26
226.62,-33.546,-299.15
230.26,5.3922,-278.67
24.079,104.31,-48.993
167.01,42.55,-228.28
247.28,-24.63,-251.12
205.27,22.037,-257
80.258,113.91,-98.728
234.95,-22.529,-305.28
220.78,11.86,-270.29
232.79,-38.666,-305.03
23.182,95.187,-65.274
167.5,41.053,-229.89
266.03,-26.786,-268.98
208.68,-32.954,-261.32
194.16,-11.097,-266.9
112.91,84.967,42.665
295,-65.277,-204.24
98.536,53.955,34.989
211.33,-25.781,-88.12
317.94,-72.816,-159.49
227.29,-35.172,-98.512
303.8,-55.561,-205.45
292.92,-36.521,-183.29
242.09,-6.0488,-79.335
133.93,48.616,19.323
345.51,-87.867,-186.14
322.28,-107.57,-204.15
142.89,18.882,-33.873
306.91,-36.587,-155.05
195.48,20.779,-96.847
227.52,3.4845,-64.959
217.42,-17.557,-70.807
282.12,-78.102,-166.68
255.13,-30.851,-161.69
141.52,58.687,17.374
105.17,51.542,31.461
147.9,40.448,6.612
216.4,27.62,-89.023
214.83,30.791,-69.255
244.98,-18.683,-149.17
336,-58.027,-186.03
325.13,-97.411,-182.47
200.78,3.8857,-45.321
151.14,13.52,-36.03
320.93,-57.331,-212.12
319.5,-58.883,-158.33
291.43,-73.538,-149.25
173.91,46.832,-14.444
225.39,19.284,-103.25
266.54,-25.356,-164.91
244.83,3.1844,-85.563
227.12,-12.249,-133.81
221.66,11.806,-59.524
248.22,-40.049,-155.98
135.63,37.488,9.2671
224.95,-29.182,-87.195
130.02,72.942,-25.677
131.85,69.566,-29.789
231.54,-16.434,-138.56
117.66,37.299,-18.729
111.73,66.188,-21.552
257.17,-56.844,-157.56
221.3,23.945,-94.762
105.24,78.587,50.816
306.25,-39.279,-185.62
234.9,-35.4,-140.32
150.39,56.192,-48.815
289.92,-82.337,-167.07
126.72,74.635,-23.017
138.62,79.332,7.1484
324.14,-64.876,-162.96
304.85,-87.207,-212.44
271.63,-19.332,-159.42
268.86,-67.414,-165.07
171.99,37.652,-11.48
139.41,21.092,-25.009
226.91,5.1154,-122.98
309.57,-43.627,-151.25
315.78,-61.401,-215.3
209.74,-24.462,-106.05
337.92,-65.764,-223.44
91.508,91.539,4.8842
192.58,-13.505,-72.219
270.96,-9.2644,-120.97
129.12,35.023,-35.818
78.901,61.355,17.499
307.34,-57.14,-145.99
214.33,-14.599,-121.94
278.81,-14.29,-142.74
147.1,62.324,11.359
278.56,-67.584,-141.24
118.3,44.489,20.789
179.78,-5.1534,-71.947
214.72,-26.96,-87.562
262.43,-63.557,-154.09
323.93,-48.869,-194.36
227.76,0.725,-65.41
89.596,71.744,-2.5424
312.87,-51.897,-204.54
197.72,-13.435,-99.148
225.3,-27.065,-83.855
128.93,79.796,24.871
160.34,47.205,-0.25503
249.08,6.5424,-115.63
242.48,9.354,-88.624
314.49,-84.698,-166.21
103.9,66.541,-15.463
208.72,10.963,-110.39
200.29,-9.2612,-58.282
317.3,-94.862,-226.38
95.428,75.41,-6.6741
211.17,30.252,-86.41
277.63,-46.293,-119.66
333.7,-78.986,-173.83
111.19,59.32,38.124
206.5,1.0546,-50.21
314.24,-91.361,-173.94
157.62,9.4256,-49.36
328.11,-106.02,-194.95
213.78,-26.648,-87.659
161.72,45.741,-1.5944
210.12,-25.872,-102.02
255.44,-0.94832,-131.22
88.11,57.875,39.987
133.94,33.404,-41.42
326.25,-73.796,-166.18
242.83,-40.137,-148.96
107.62,80.971,48.928
166.74,36.093,-7.638
289.18,-21.884,-153.39
172.54,49.78,-60.662
272.42,-12.133,-118.19
146.06,57.251,-46.242
166.05,4.6132,-61.258
86.262,74.138,0.56674
319.79,-56.019,-159.32
297.34,-28.691,-147.31
192.43,-13.518,-85.436
117.84,93.139,12.02
163.69,44.885,-3.4293
214.06,29.365,-61.862
218.07,-10.138,-125.72
156.4,34.781,-1.5631
353.46,-99.545,-196.49
190.12,46.973,-43.672
225.49,-3.8933,-129.02
328.38,-80.465,-235.25
159.23,60.203,-2.897
169.27,60.921,-35.022
169.68,19.956,-78.354
261.74,-4.7265,-135.75
278.15,-41.591,-182.37
204.28,6.7111,-45.655
331.12,-58.721,-212.94
299.11,-76.523,-208.8
298.61,-79.764,-157.87
161.97,60.835,-7.7625
265.16,-54.418,-172.77
263.12,-13.096,-150.69
115.96,41.939,-22.156
256.81,-57.13,-156.21
287.94,-81.099,-165.86
308.76,-58.079,-147.43
292.03,-71.659,-146.97
122,32.157,-8.5361
266.39,-66.534,-151.26
249.96,6.5215,-113.07
335.69,-88.329,-179.05
206.35,-23.424,-89.082
288.03,-32.548,-177.8
283.34,-40.913,-121.64
316.49,-71.256,-222.72
155.76,20.318,-15.127
111.34,83.227,-9.7552
95.515,66.163,50.328
137.64,49.62,-45.985
340.33,-59.761,-197.04
168.99,1.9419,-51.644
273.07,-55.609,-181.94
300.53,-29.809,-160.6
129.09,60.536,27.911
240.46,-35.766,-96.344
277.27,-74.388,-170.5
210.43,-16.363,-68.517
135.88,23.967,-30.872
310.96,-62.9,-214.34
281.84,-20.797,-159.63
313.21,-91.922,-222.05
175.77,1.8286,-43.527
281.33,-76.992,-176.82
190.98,46.66,-56.22
148.42,70.073,-29.485
90.695,73.855,-3.32
313.37,-45.841,-155.67
263.7,-15.937,-101.6
294.27,-85.191,-194.51
137.91,22.878,-17.877
162.33,10.964,-65.24
109.42,71.564,45.824
299.96,-74.582,-209.92
158.41,63.884,-38.509
153.43,18.662,-17.842
167.07,49.193,-7.2656
261.42,-13.048,-150.56
273.42,-19.273,-159.27
114.1,62.412,-24.484
101.82,91.28,1.5235
287.93,-54.369,-130.52
357.18,-75.961,-204.41
208.37,9.9549,-47.282
333.63,-73.081,-232.25
102.79,63.177,-14.826
193.29,20.203,-96.062
70.959,77.064,15.528
304.93,-37.379,-149.24
274.14,-68.079,-143.86
194.35,-3.8075,-50.541
285.57,-19.261,-149.84
110.07,86.94,-5.2023
180.74,-5.3816,-74.92
251.11,-14.59,-88.468
188.85,-10.371,-84.583
200.73,-2.7496,-50.77
302.3,-88.274,-171.34
226.88,19.328,-71.955
328.14,-81.697,-235.74
281.68,-75.663,-181.61
230.52,-13.394,-72.602
283.33,-42.285,-121.99
187.03,-10.24,-70.104
324.29,-105.11,-194.78
284.64,-69.487,-143.58
231.39,-38.589,-104.04
122.25,34.09,1.7142
127.13,78.209,28.465
271.95,-21.935,-109.92
341.02,-71.385,-231.61
178.24,5.5605,-36.765
303.46,-83.922,-163.65
138.36,76.537,13.246
251.04,-4.8069,-89.628
218.35,28.646,-74.878
304.21,-86.477,-211.92
236.81,6.8512,-76.35
301.4,-34.1,-146.52
127.43,81.928,25.108
110.13,62.763,-21.255
283.18,-29.413,-173.39
256.94,-7.5365,-142.84
269.02,-8.6969,-139.41
120.96,86.943,-4.5418
181.23,3.5334,-39.717
171.31,0.48719,-53.242
316.75,-45.926,-193.85
255.2,-10.376,-92.935
120.93,32.971,-13.837
144.19,28.833,-52.278
298.05,-27.962,-157.74
279.44,-52.358,-187.81
141.64,75.188,9.1739
155.04,67.101,-3.8781
203.13,-1.461,-111.05
248.48,-51.588,-146.51
179.55,53.95,-46.686
166.29,42.757,-5.9198
158.54,28.618,-6.9858
137.12,51.188,-45.028
99.799,46.95,18.572
324.25,-100.76,-233.29
247.52,-9.6624,-84.742
312.87,-50.298,-152.35
151.06,55.049,-50.1
98.775,80.735,-6.4154
304.76,-50.87,-201.73
353.79,-91.859,-194.28
147.29,27.378,-55.479
125.17,61.049,30.923
312.36,-72.636,-155.81
134.56,75.907,19.967
321.9,-75.653,-163.55
267.43,-56.468,-174.97
73.423,71.971,14.743
145.95,73.722,2.9274
240.12,-47.511,-128.25
208.09,14.769,-107.29
220.56,-32.807,-114.38
178.39,47.632,-20.807
309.49,-62.536,-149.19
96.891,51.541,-1.5279
268.1,-25.398,-105.46
125.72,78.24,-18.444
278,-13.678,-141.78
328.99,-64.205,-221.53
248.04,-21.214,-152.44
105.7,74.768,49.567
268.03,-9.683,-112.63
305.62,-62.201,-210.9
314.1,-95.652,-221.03
182.67,43.841,-24.181
198.93,-16,-71.654
298.61,-66.182,-144.08
320.98,-104.01,-194.54
138.93,32.849,-47.513
244.84,-10.869,-143.86
227.9,11.123,-116.43
127.16,30.686,-3.9039
275.08,-42.301,-115.93
143.93,50.856,-49.597
144.93,49.165,-51.094
163.93,37.335,-5.1625
236.63,-43.731,-132.53
203.34,-13.488,-108.38
251.44,3.7731,-122.13
229.11,-38.691,-123.75
115.06,36.485,-6.4295
123.35,37.006,-28.837
158.99,28.264,-67.972
127.6,34.608,-33.161
147.64,65.425,-37.631
290.71,-61.117,-199.57
200.69,31.289,-87.537
196.4,17.913,-99.219
73.776,62.336,29.59
154.64,33.831,-1.2524
170.57,32.339,-75.714
100.06,99.456,14.003
193.96,11.564,-100.62
197.81,38.77,-43.538
281.84,-59.696,-191.08
171.68,39.377,-11.021
142.49,49.609,14.532
127.94,83.837,-8.2499
122.48,89.196,2.6235
195.89,29.424,-34.556
182.27,48.798,-60.275
114.19,90.197,-0.13603
246.64,-17.661,-149.58
189,27.197,-27.667
323.5,-100.58,-232.29
288.78,-27.152,-130.86
176.85,34.479,-77.855
351,-85.089,-190.96
309.86,-90.782,-217.79
234.43,16.745,-85.24
195.4,-3.22,-49.959
136.98,24.339,-35.462
185.9,20.834,-26.994
102.11,63.568,45.473
308.92,-53.334,-205.39
180.08,27.221,-20.424
216.29,29.037,-67.152
237.48,-23.934,-145.28
160.34,56.917,-2.2611
117.85,38.021,9.0857
279.89,-26.698,-118.27
158.83,64.591,-7.2513
330.11,-108.27,-198.39
172.19,53.347,-54.868
134.94,25.42,-32.919
222.53,-10.301,-129.57
133.97,71.259,23.355
327.18,-88.594,-237.57
143.04,48.394,-50.233
98.671,59.917,-10.217
250.9,-14.833,-88.295
217.59,-26.509,-84.462
277.5,-29.012,-115.04
262.99,-19.966,-158.7
282.93,-16.841,-141.47
240.55,12.228,-90.348
223.91,19.763,-102.93
189.13,-1.2399,-95.758
253.26,-4.5255,-138.57
121.92,68.532,35.37
301.67,-30.726,-163.02
264.62,-65.373,-153.37
215.58,30.39,-70.784
82.271,58.784,38.565
319.97,-84.781,-230.4
230.94,2.9485,-126.36
202.31,6.301,-44.66
193.3,6.0684,-101.29
256.15,2.2207,-110.21
215.78,29.069,-65.678
210.12,-25.351,-104.42
153.62,12.642,-48.604
252.33,-35.787,-160.55
269.63,-42.519,-112.73
84.636,59.097,9.9195
224.5,-35.482,-118.78
216.34,-12.6,-124.26
331.15,-65.113,-170.96
273.76,-7.8321,-127.26
284.45,-7.3264,-173.16
105.49,113.8,23.027
223.48,24.268,-131.39
200.05,0.88118,-118.73
201.88,2.6284,-122.67
154.44,39.616,-78.102
307.21,-80.042,-195.3
96.344,74.142,29.175
193.15,3.3247,-109.36
273.78,-6.2982,-175.25
174.62,67.732,-67.587
272.85,-57.798,-177.06
252.61,15.598,-112.97
161.39,51.338,-82.14
198.8,50.834,-57.871
298.93,-39.076,-216
262.45,7.7964,-121.62
271.16,-55.996,-168.02
78.469,86.832,-6.3463
114.6,88.729,27.601
125.3,96.221,13.225
331.18,-39.846,-213.25
214.75,-13.145,-128.47
155.86,26.277,-69.332
206.14,20.227,-61.867
130.75,98.954,-3.561
292.88,-12.602,-155.54
101.23,59.598,0.63939
238.64,8.8922,-151.17
321.82,-91.857,-239.22
207.8,22.741,-126.01
341.97,-52.77,-238.25
313.09,-41.163,-222.96
204.57,49.515,-92.051
102.55,116.31,10.265
76.188,105.41,-1.9156
132.52,86.17,9.8885
340.31,-47.602,-226.42
172.66,72.12,-55.808
248.6,-7.3251,-103.06
163.96,73.413,-24.404
206.19,39.008,-60.138
175.18,15.37,-59.273
170.03,47.022,-25.854
274.16,-42.361,-198.09
240.94,-15.632,-164.03
274.14,-51.272,-195.01
323.79,-45.637,-178.4
209.14,16.649,-65.559
231.59,6.9236,-149.25
144.4,81.89,-2.7014
281.38,-26.831,-134.87
149.97,87.045,-22.189
209.24,-4.5735,-128.64
108.37,77.951,28.061
313.03,-85.797,-205.16
269.63,-43.265,-141.1
163.33,76.922,-51.835
210.69,9.7412,-133.1
165.56,74.914,-55.666
210.4,27.702,-63.148
195.54,55.814,-59.364
198.62,49.402,-95.628
215.51,4.6842,-76.849
178.64,28.127,-42.069
242.48,12.023,-149.1
108.32,113.35,11.736
339.72,-91.042,-208.46
276.32,0.68424,-141.89
146.73,44.387,-70.64
346.86,-55.123,-240.49
260.53,-37.776,-182.82
152.78,81.282,-48.144
200.96,7.4608,-69.501
130.78,46.525,-12.041
355.38,-59.762,-219.64
179.24,32.94,-101.78
119.02,84.237,-38.659
206.91,12.011,-67.269
285.92,-66.735,-196.8
255.12,-12.216,-174.39
101.31,59.425,-12.091
308.64,-33.872,-213.58
322.11,-44.36,-176.67
79.277,81.792,-5.1811
177.03,57.319,-31.749
336.93,-82.218,-199.58
161.54,79.966,-35.376
169.72,57.089,-82.446
235.24,-22.87,-112.7
163.59,25.144,-43.734
354.21,-67.132,-210.63
198.78,-4.5877,-97.948
70.792,86.666,2.9231
213.62,40.156,-71.41
328.57,-77.977,-192.51
112.13,101.23,27.715
304.68,-39.129,-218.49
305.56,-38.918,-158.75
177.18,67.133,-40.218
266.97,6.412,-152.46
228.2,-23.548,-140.15
173.99,42.306,-94.632
221.05,-2.7309,-85.511
130.06,41.423,-39.57
233.92,-0.20149,-154.43
346.68,-51.166,-227.19
185.76,56.626,-85.527
171.79,70.736,-35.308
90.688,111.75,-3.2897
110.54,60.524,-33.019
160.61,74.227,-19.876
178.89,15.929,-56.903
211.41,35.602,-65.241
293.55,-49.498,-217.5
297.02,-44.467,-218.24
241.09,-20.262,-109.19
210.7,-9.7089,-125.47
148.1,36.319,-68.502
340.84,-63.174,-195.4
195.55,-2.3874,-99.627
184.24,12.318,-62.163
151.76,33.201,-31.768
279.63,-42.377,-203.65
139.95,88.619,-1.9638
180.17,8.947,-89.811
113.1,96.596,28.435
271.19,-5.7973,-174.56
350.18,-86.294,-209.52
339.96,-49.563,-201.17
247.45,-28.138,-169.43
266.63,2.69,-161.67
170.92,62.942,-76.323
175.26,28.713,-40.292
164.46,74.056,-26.111
179.08,9.298,-87.136
99.71,114.94,2.5085
281.95,-13.559,-185.4
276.02,-48.953,-198.93
306.61,-42.462,-160.14
293.18,-60.243,-217.26
315.77,-48.508,-169.51
242.34,12.592,-95.069
252.71,2.2889,-162.07
243.01,17.622,-98.242
298.28,-23.913,-199.72
196.9,4.5805,-116.81
305.75,-62.206,-169.96
279.37,-6.4523,-136.39
123.1,51.151,-5.2117
270.87,-49.101,-149.73
291.34,-20.405,-145.3
200.06,-2.1466,-115.14
250.94,-5.4502,-167.87
106.27,72.738,-32.77
207.53,-1.9645,-127.9
101.58,87.65,-26.399
164.33,34.851,-30.788
194.04,34.785,-47.871
216.61,33.876,-118.52
214.27,30.771,-122.14
225.56,15.175,-140.47
216.97,16.701,-70.93
327.45,-37.654,-212.11
304.41,-41.427,-220.33
133.77,83.998,-44.513
301.97,-22.606,-196.5
283.37,-57.86,-204.78
186.58,59.887,-47.4
134.7,41.658,-20.665
335.63,-47.038,-229.64
285.56,-41.848,-144.89
221.81,-13.91,-140.87
117.43,96.564,-26.459
236.4,-20.387,-158.06
144.84,52.434,-69.135
268.17,-4.8014,-173.06
194.67,6.8335,-69.848
336.84,-43.695,-216.57
329.79,-44.295,-226.93
318.12,-91.066,-216.04
178.6,51.113,-91.106
267.27,3.5627,-125.47
204.57,-2.2523,-83.502
157.17,74.56,-59.411
251,-40.724,-144.89
189.2,44.27,-42.563
201.62,3.9068,-122.95
134.29,96.404,-5.2453
336.09,-45.446,-225.29
86.629,83.826,-14.343
172.06,70.558,-35.551
180.65,36.69,-37.432
304.75,-81.666,-207.57
126.07,83.157,-42.754
124.7,68.747,13.448
280.8,-13.216,-134.32
204.24,27.386,-121.14
309.03,-52.095,-165.07
250.47,2.1029,-102.61
256.61,6.0874,-110.65
205.9,-2.3413,-125.24
247.44,15.588,-103.47
116.21,106.67,-7.4665
99.181,60.52,0.27374
199.07,15.746,-60.83
270.05,-29.466,-192.44
161.38,20.786,-59.207
147.05,88.824,-19.081
225.84,31.362,-121.33
115.04,107.96,-4.3127
173.31,45.112,-28.903
219.56,20.881,-72.149
190.45,46.163,-44.036
108.46,108,-8.9021
107.74,92.395,33.915
132.43,45.003,-14.491
313.72,-47.491,-167.46
183.57,17.429,-105.63
137.28,66.764,-59.217
240.65,7.5872,-153.09
233.12,12.042,-85.447
157.81,24.697,-70.53
291.03,-34.926,-209.04
282.04,-54.681,-204.66
206.53,47.689,-68.359
282.53,-47.673,-206.8
175.85,68.556,-64.465
227.17,34.619,-112.55
216.1,-16.259,-112.2
357.59,-68.009,-214.95
326.49,-77.058,-190.89
268.45,-54.516,-173.2
195.8,26.538,-52.107
276.33,-59.368,-187.6
178.43,9.2861,-77.152
205.03,31.184,-57.929
210.34,14.742,-131.45
195.14,52.811,-90.21
181.87,54.117,-36.354
307.77,-73.499,-231.71
233.74,10.488,-86.192
331.78,-53.677,-186.24
184.85,17.266,-55.023
121.2,73.166,17.969
289.58,-19.641,-193.84
224.32,33.799,-82.891
173.16,24.551,-95.499
119.49,100.77,17.683
80.216,106.15,-3.9319
288.78,-50.906,-153.63
150.99,53.224,-74.049
131.66,43.202,-18.727
185.07,62.955,-49.839
121.39,89.93,21.072
250.51,19.858,-128.49
88.945,84.329,-16.687
304.77,-80.359,-218.38
319.07,-37.368,-217.86
144.32,34.003,-58.618
220.69,-19.734,-118.72
278.56,-12.346,-131.79
166.34,61.76,-20.994
171.73,71.947,-37.913
332.47,-78.245,-194.48
286.24,-10.492,-179.36
301.6,-18.152,-166.78
332.24,-40.896,-199.12
177.53,23.688,-100.37
320.41,-35.242,-180.28
263.89,-6.2133,-116.15
222.85,29.29,-77.043
164.88,75.694,-29.803
183.42,50.936,-92.776
78.092,86.242,-5.7583
261.02,-37.95,-133.58
332.23,-46.473,-190.16
232.31,-28.13,-136.79
150.65,76.311,-7.6552
353.65,-66.011,-210.36
127.49,43.529,-39.037
103.32,115.42,7.5129
150.63,66.694,-66.606
93.21,89.125,-19.836
303.87,-38.255,-217.4
140.35,34.244,-43.727
193.28,55.49,-53.874
205.16,-4.3137,-87.342
132.32,42.76,-19.408
266.36,-33.044,-129.35
294.65,-73.552,-192.6
327.69,-51.466,-237.39
240.08,-33.448,-147.19
243.45,25.086,-114.2
117.12,106.22,13.366
250.28,-26.453,-118.04
211.82,26.623,-64.535
180.75,8.7066,-90.913
277.53,-0.94719,-140.86
258.1,-15.297,-113.15
126.3,99.433,-19.759
159.48,29.522,-36.861
239.42,-33.329,-142.29
106.54,86.449,33.448
252.12,-8.479,-170.44
312.85,-51.375,-167.65
314.88,-62.75,-238.9
152.7,70.939,-8.232
126.42,43.203,-31.733
120.44,65.258,-46.132
183.27,63.45,-72.258
315.38,-56.558,-236.45
133.86,45.967,-12.538
157.77,23.026,-57.081
153.89,68.105,-66.659
152.62,82.84,-16.965
234.37,-14.72,-101.56
205.63,-2.9698,-124.28
118.24,57.142,4.2378
266.88,-53.334,-172.04
239.88,-23.937,-161.12
242.98,21.741,-102.4
309.8,-38.131,-218.92
250.68,-41.3,-149.45
147.78,58.101,-6.0988
210.75,-8.5557,-127.23
224.56,-10.045,-94.338
86.276,84.115,-14.025
284.04,-65.581,-193.75
236.78,-30.479,-130.56
183.59,47.379,-37.156
300.52,-75.399,-189.34
99.383,60.673,-10.563
148.67,41.67,-72.123
169.16,16.955,-80.993
123.52,45.032,-28.836
145.43,33.561,-34.01
265.97,-0.45067,-167.06
286.05,-34.406,-205.87
214.47,8.2108,-73.708
300.02,-24.63,-155.25
127.07,87.489,-39.023
317.8,-44.697,-227.85
92.651,77.083,-19.238
204.58,49.212,-66.866
160.49,74.878,-20.324
221.63,40.203,-93.218
126.64,43.937,-21.938
159.11,22.007,-62.171
265.38,8.2956,-129.84
205.94,-6.0602,-121.24
317.43,-73.076,-243.16
233.98,18.253,-140.33
339.16,-52.417,-196.83
301.44,-68.557,-176.24
176.92,70.075,-50.668
241.97,24.706,-105.86
315.51,-27.751,-184.2
278.28,-59.147,-193.78
298.65,-17.689,-159.85
232.96,27.807,-91.3
295.34,-14.329,-181.33
190.34,55.266,-48.461
321.26,-45.383,-175.36
175.06,21.923,-47.933
358.04,-75.483,-213.36
349.9,-90.707,-212.15
96.003,62.242,0.39723
183.58,41.039,-37.951
318.26,-64.505,-242.14
322.15,-77.345,-248.08
216.21,20.292,-69.339
204.43,49.242,-92.985
201.36,17.376,-60.692
182.51,59.276,-81.573
313.07,-87.09,-209.94
236.2,26.35,-161.8
211.21,56.003,-120.21
256.34,26.917,-159.18
88.33,83.156,-20.405
287.4,7.1319,-178.01
103.79,71.306,-21.742
240.66,-20.548,-157.72
165.23,66.297,-98.701
263,24.936,-149.35
135.51,54.535,-37.4
112.46,104.07,14.828
179.74,24.687,-108.56
242.18,33.992,-114.05
226.89,43.345,-139.13
326.2,-79.716,-227.67
281.57,-40.872,-171.77
207.87,8.3453,-140.6
131.85,58.088,-65.083
313.85,-52.265,-253.92
292.09,-48.693,-230.09
284.72,-25.811,-157.86
287.72,-3.7325,-205.71
214.09,48.466,-83.089
95.809,76.321,-18.515
355.48,-57.938,-225.97
257.97,22.586,-167.95
243.85,37.855,-139.38
200.56,22.37,-138.04
134.94,53.966,-39.396
231.82,-7.0341,-124.72
148.79,42.896,-70.735
261.02,25.512,-157.08
206.28,4.8248,-114.6
233.28,4.8845,-171.12
303.03,-23.153,-230.75
277.11,-36.943,-214.74
154.41,80.567,-24.264
150.77,99.505,-33.816
134.13,79.083,-72.454
140.48,103.46,-18.916
164.59,84.031,-80.61
209.28,40.671,-138.88
149.36,98.13,-27.609
298.61,-47.008,-238.52
249.95,21.172,-170.63
305.09,-40.688,-178.73
274.72,-27.932,-213.72
269.65,9.7494,-138.42
261.76,-18.34,-200.34
188.95,19.342,-88.944
258.7,-19.514,-142.32
226.42,6.1665,-106.86
132.72,81.252,-70.669
123.41,109.58,1.5992
266.95,0.2619,-134.49
144.19,45.609,-61.543
155.83,45.424,-48.715
78.403,117.28,-19.052
319.34,-22.677,-192.17
314.82,-15.333,-192.95
164.33,53.113,-41.707
120.07,68.895,-57.163
149.65,72.438,-21.934
236.28,-4.7311,-173.56
343.31,-64.928,-216.07
245.88,36.652,-140.11
172.06,42.584,-110.18
166.47,41.851,-103.47
109.78,114.14,16.258
283.19,-51.54,-206.64
95.846,97.933,-37.727
86.742,81.856,-6.5022
91.961,95.019,-34.151
226.32,-10.18,-145.24
166.11,52.519,-42.972
225.84,16.502,-98.279
260.54,-17.859,-140.96
269.45,-27.075,-208.01
187.38,76.803,-72.929
278.29,10.698,-153.62
262.34,14.24,-180.62
273.23,-25.395,-212.14
181.07,75.503,-92.408
279.4,7.7173,-188.33
242.68,38.682,-123.95
245.48,-23.832,-166.59
120.25,117.44,-2.5636
159.54,92.287,-38.211
272.27,-42.949,-182.95
218.27,0.96424,-150.99
215.75,48.539,-132.11
156.99,96.462,-53.521
230.2,-11.564,-136.75
276.39,-44.286,-206.47
181.68,41.232,-58.762
293.29,-59.158,-216.9
91.781,108.9,-31.522
251.66,-1.091,-188.13
277.21,-40.798,-212.51
158.72,37.198,-84.229
159.71,87.618,-32.925
149.89,49.666,-42.404
337.61,-56.195,-208.38
258.21,-6.8819,-131.04
276.47,11.391,-181.98
90.334,131.33,-10.1
157.14,65.326,-30.055
286.43,-18.17,-219.48
166.52,39.663,-102.39
228.89,46.748,-130.51
139.21,108.07,-32.158
202.97,66.561,-95.004
303.94,-66.436,-231.53
286.46,-33.403,-225.68
257.65,-31.134,-185.5
165.75,60.111,-102.14
232.6,22.295,-163.65
151.89,49.221,-88.13
303.38,-4.7191,-189.31
162.57,44.644,-99.767
260.29,-12.459,-198.38
227.83,10.638,-103.37
258.27,-29.402,-190.08
262.41,24.793,-144.27
128.09,93.561,-61.149
191.64,16.283,-119.66
165.94,60.754,-102.01
289.47,-2.1436,-160.07
268.43,-13.375,-205.33
318.88,-62.538,-259.64
317.33,-31.33,-243.03
130.57,93.898,-62.02
284.06,-30.327,-222.98
120.41,78.043,-60.842
320.94,-36.94,-189.7
101.52,95.888,-42.785
253.64,30.403,-151.4
201.39,60.577,-114.5
107.26,72.603,-10.134
296.04,-61.476,-217.32
278.46,5.1614,-193.14
208.59,61.082,-87.287
283.91,-50.916,-192.02
254.17,-4.8907,-127.55
251.56,-22.471,-185.46
316.46,-21.93,-230.4
105.27,126.47,11.823
215.87,-0.69016,-143.55
275.93,6.319,-145.36
200.4,43.516,-132.42
257.44,-10.124,-132.93
115.66,64.923,-25.571
132.09,65.534,-19.244
234.2,-5.659,-170.54
102.28,113.75,-33.729
77.618,87.937,-4.446
155,45.767,-90.122
246.1,13.906,-113.69
158.65,39.283,-88.898
204.31,38.3,-73.697
204.14,5.3774,-121.21
301.58,-16.8,-223.6
173.87,35.645,-62.867
156.33,92.841,-32.886
286.05,-51.344,-216.84
241.92,20.981,-168.78
265.8,-20.213,-204.48
203.34,20.073,-140.73
280.42,-46.331,-182.45
99.534,82.973,7.34
142.76,82.663,-13.727
279.95,3.261,-149.38
269.17,18.886,-168.33
279.71,-19.771,-151.34
133.02,96.436,-60.63
321.84,-45.065,-256.52
324.45,-52.477,-197.28
179.32,48.866,-52.318
352.5,-41.651,-240.46
280.65,-31.176,-160.18
187.51,53.578,-118.92
70.422,101.33,-11.823
350.84,-43.798,-228.08
99.607,132.56,7.2559
268.02,-39.366,-176.57
326.82,-30.242,-242.03
245.89,35.146,-123.29
281.13,10.775,-161.48
180.52,67.88,-103.5
158.29,62.169,-95.933
198.67,61.941,-112.65
190.11,15.034,-108
260.32,-7.9125,-197.17
319.52,-56.05,-259.73
121.8,60.015,-38.478
111.37,66.618,-28.011
174.36,61.835,-106.51
231.8,-11.062,-133.23
138.53,91.918,-9.4791
199.06,8.8976,-114.67
289.4,-31.04,-163.84
311.57,-71.439,-241.64
279.07,0.93501,-147.27
224.46,8.3057,-104.14
140.52,102.34,-52.677
153.17,98.922,-49.782
268.53,-40.161,-193.7
194.4,15.81,-93.893
183.2,70.401,-100.57
317.69,-53.677,-194.23
280.54,-10.179,-210.77
241.38,-16.662,-139.87
183.31,19.635,-100.3
145.44,86.291,-74.47
143.66,53.428,-36.884
313.8,-24.247,-234.1
292.4,-27.954,-163.76
347.27,-74.31,-223.87
336.38,-29.697,-221.81
210.28,61.727,-97.601
307.87,-64.49,-243.91
98.369,77.65,-3.0487
294.89,-59.218,-203.71
308.69,-9.2472,-191.05
238.76,-0.033397,-176.75
271.57,16.502,-172.87
108.43,93.241,14.103
240.03,-12.258,-175.13
194.23,15.342,-95.185
92.702,98.968,-34.896
80.193,87.18,-10.236
249.08,2.9143,-184.63
223.79,42.263,-141.08
181.06,76.113,-55.373
94.431,107.29,-33.973
190.37,53.211,-120.58
311.21,-28.157,-179.55
190.25,69.501,-63.57
187.42,34.918,-125.41
250.63,-14.191,-134.71
210.88,6.1559,-143.54
190.55,50.789,-59.372
141.76,85.472,-73.6
135.4,52.115,-60.606
254.42,13.587,-121.52
317.69,-77.568,-233.35
108.76,86.894,-49.962
224.97,22.258,-159.25
325.69,-73.596,-217.07
184.48,74.357,-93.444
113.06,113.37,-36.923
203.04,6.1867,-121.57
258.8,-19.193,-197.04
175.76,47.827,-113.52
110.8,66.942,-32.045
281.93,-29.523,-220.9
286.98,-2.3516,-203.76
100.95,119.97,-26.812
294.61,0.64304,-192.74
206.12,37.326,-139.44
83.314,84.181,-8.1396
190.67,19.064,-122.17
243.89,3.0215,-116.8
226.19,-9.7891,-147.91
211.77,50.804,-128.87
100.28,97.304,21.079
199.24,51.842,-67.117
301.26,-65.395,-223.14
282.18,-19.692,-217.83
192.06,14.693,-116.57
327.74,-51.404,-199.06
284.24,-22.78,-155.82
285.86,-16.365,-154.4
192.42,19.448,-87.095
325.08,-52.016,-262.51
195.57,36.388,-69.046
101.25,73.802,-12.602
124.2,58.449,-43.39
319.56,-16.73,-209.74
162.67,90.613,-41.772
278.95,-47.989,-204.17
149.21,97.462,-59.502
234.64,-8.5734,-169.47
199.99,47.586,-67.976
142.62,70.686,-81.351
169.82,31.786,-71.286
247.4,-9.8102,-129.11
323.77,-47.661,-194.62
189.88,62.284,-111.81
114.67,120.31,-24.386
135.31,82.528,-71.852
77.919,96.859,-18.876
217.03,55.419,-117.23
106.23,115.33,19.878
73.875,90.057,8.8139
151.49,96.71,-29.482
222.33,34.023,-89.656
270.97,-37.635,-204.62
328.53,-24.611,-227.26
245.54,-5.9238,-183.71
223.33,-5.075,-124.77
130.87,101.78,-3.6151
118.33,102.77,9.4423
202.66,51.391,-126.79
242.81,-13.631,-133.74
306.69,-52.489,-189.02
129.24,64.591,-66.858
223.9,52.381,-114.95
175.42,79.838,-50.048
267.57,-10.419,-138.68
326.65,-51.988,-198.53
174.09,41.518,-112.2
195.12,47.071,-63.959
281.6,-16.037,-215.42
172.05,29.164,-76.759
336.41,-74.236,-219.32
137.08,102.33,-12.084
153.46,80.719,-23.354
286.61,-52.294,-216.37
196.91,14.777,-128.34
151.89,45.809,-48.913
305.29,-40.111,-243.25
196.45,33.534,-133.86
325.05,-33.892,-194.48
90.981,123.74,-20.287
278.6,11.917,-156.85
85.013,102.51,-27.82
234.09,16.633,-167.98
265.61,-4.48,-134.66
243.75,33.335,-152.5
205.56,18.76,-88.154
281.93,9.3017,-182.25
76.206,101.9,-18.948
197.72,10.837,-122.29
209.83,51.863,-79.189
112.52,72.194,-9.1235
302.23,-57.188,-194.53
227.09,30.493,-154.77
120.19,115.2,1.176
101.8,72.627,-18.601
257.89,-27.851,-155.02
144.81,72.781,-82.417
264.18,4.5829,-131.41
320.19,-20.169,-224.67
297.86,-0.86012,-181.69
73.24,95.995,-11.588
128.77,56.741,-37.532
228,-0.10661,-114.47
190.44,70.661,-65.252
137.89,107.15,-20.507
265.21,-33.865,-198.09
182.08,80.475,-74.581
331.28,-37.097,-251.88
145.64,44.788,-60.28
302.75,-13.335,-172.87
158.76,70.744,-29.17
76.915,111.9,-19.757
192.63,68.311,-66.281
171.64,68.717,-99.969
260.43,26.062,-141.63
163.26,90.49,-67.6
337.82,-30.868,-232.97
296.1,-28.282,-231.29
304.77,-5.6571,-194.39
74.381,90.417,12.336
243.89,36.393,-144.93
299.03,-47.65,-182.01
280.72,11.931,-172.4
144.73,89.329,-15.449
309.31,-21.109,-229.75
295.65,1.0828,-185.84
301.89,-33.253,-237.67
76.601,89.179,-6.1722
244.41,35.518,-146.94
321.16,-51.914,-194.93
266.68,-32.691,-201.82
263.62,-6.2112,-198.81
110.34,0.82015,98.038
308.99,-119.46,-152.49
90.303,-14.853,73.956
206.73,-89.058,-49.235
309.55,-152.07,-113.49
221.21,-100.5,-59.729
320.33,-115.29,-147.26
309.1,-102.56,-121.11
236.69,-90.601,-26.6
124.92,-30.277,64.442
338.23,-167.83,-138.52
318.21,-166.55,-167.67
142.46,-39.848,6.176
310.62,-119.12,-94.335
212.05,-40.84,-37.325
221.96,-81.102,-12.363
208.3,-91.347,-29.317
279.5,-137.02,-128.76
270.32,-87.84,-106.78
135.61,-24.995,68.985
96.537,-18.682,70.988
138.97,-38.976,52.179
229.5,-47.867,-23.496
221.84,-51.517,-5.2964
260.98,-77.622,-92.064
340.06,-139.24,-125.86
316.02,-167.29,-143.67
191.67,-75.136,-0.21808
148.58,-47.303,3.2683
337.02,-122.42,-150.69
315.18,-141.93,-105.52
282.58,-143.82,-109.9
171.46,-38.605,41.934
239.77,-53.834,-38.055
283.23,-87.61,-104.82
244.51,-82.22,-27.018
242,-69.436,-79.071
217.69,-73.523,-4.7856
259.1,-94.053,-107.55
126.37,-36.548,50.789
216.99,-98.527,-47.573
146.57,7.0942,36.752
148.55,4.9455,31.941
246.18,-73.225,-84.349
121.25,-18.421,23.373
126.95,8.7551,33.703
261.74,-111.3,-115.32
234.64,-51.123,-29.285
98.513,-3.6152,100.57
320.55,-110.24,-121.98
243.33,-89.546,-94.331
167.15,-7.8953,12.603
284.95,-143.97,-129.69
143.31,9.0749,39.242
143.91,-3.3152,69.567
318.88,-147.33,-111.52
313.14,-138.96,-168.23
287.61,-87.049,-96.29
271.06,-122.71,-124.68
165.59,-46.182,39.728
136.89,-39.545,14.206
243.65,-59.082,-61.497
309.12,-127.41,-93.957
332.39,-122.19,-156.31
212.49,-80.937,-64.283
353.07,-133.24,-161.33
108.19,29.477,64.833
188.74,-75.909,-33.144
276.08,-92.107,-58.582
136.76,-19.63,9.7155
82.377,6.5082,58.887
300.65,-139.15,-96.325
225.72,-69.508,-72.362
289.3,-92.204,-78.241
143.9,-22.552,66.588
270.48,-135.78,-102.53
109.47,-26.799,60.857
180.41,-63.233,-31.256
209.05,-91.801,-48.699
262.71,-120.42,-114.59
335.85,-123.23,-130.84
221.4,-83.287,-14.03
102.61,16.954,48.623
329.07,-116.91,-143.06
203.26,-68.79,-55.283
216.77,-98.156,-43.627
129.08,-4.6267,83.226
154.56,-36.924,51.803
260.54,-70.914,-50.442
245.7,-75.04,-27.122
305.06,-157.72,-125.57
118.03,10.572,37.663
225.22,-50.238,-51.225
191.63,-80.993,-17.733
326.51,-146.1,-181.58
110.43,18.64,47.902
224.9,-44.202,-20.951
268.83,-125.69,-73.979
326.43,-159.42,-125.86
101.88,-17.549,81.537
197.48,-78.393,-4.7225
305.47,-160.28,-135.45
157.77,-48.971,-8.9473
320.33,-171.27,-157.96
208.38,-91.072,-48.806
155.76,-38.288,50.206
210.84,-83.675,-61.429
269.32,-74.485,-66.242
80.757,-8.5433,78.212
142.46,-21.232,5.0149
318.89,-154.41,-118.17
251.79,-94.062,-102.56
102.08,-2.1385,100.53
159.09,-46.333,41.317
299.66,-99.475,-89.114
188.53,-19.313,3.4227
275.34,-96.092,-57.308
162.8,-5.909,14.524
167.86,-52.64,-19.919
99.382,19.364,51.827
316.76,-139.4,-104.95
302.14,-110.96,-85.664
193.55,-71.201,-44.521
128.81,15.906,76.553
157.86,-39.26,48.582
217.94,-54.914,0.22703
231.88,-66.324,-72.78
147.45,-44.68,44.006
345,-177.38,-151.53
196.42,-35.815,19.886
241.63,-63.585,-71.262
344.26,-136.52,-180.26
158.99,-24.948,55.56
179.9,-17.776,30.17
182.57,-35.901,-26.578
275.17,-78.905,-70.788
294.28,-100.06,-125.46
195.77,-74.372,1.4897
345.66,-128.04,-150.19
310.44,-128.89,-161.04
289.9,-149.2,-118.97
163.39,-24.012,52.189
275.14,-107.73,-125.74
279.11,-81.077,-87.367
122.62,-12.657,22.342
260.83,-111.84,-114.36
283.21,-142.47,-128.42
302.1,-140.07,-97.754
282.88,-143.39,-106.93
119.45,-28.208,30.454
264.07,-125.69,-112.87
260.34,-72.249,-48.089
326.94,-166.09,-134.45
203.58,-84.475,-49.845
304.17,-98.986,-115.39
276.33,-123.32,-72.052
332.43,-127.89,-167.28
147.06,-51.32,25.316
127.97,18.589,51.921
86.096,-8.944,92.417
152.85,-8.2296,9.5438
347.32,-138.8,-135.35
165.91,-59.568,-12.407
284.99,-109.18,-132.73
309.47,-108.68,-97.026
121.56,-21.37,76.636
231.57,-107.92,-55.738
278,-130.39,-131.14
201.81,-87.902,-28.062
137,-33.495,9.9019
327.35,-121.47,-157.09
296.01,-92.951,-95.302
322.36,-143.32,-177.2
168.7,-65.697,-4.2501
282.99,-132.18,-137.07
201.74,-32.058,9.122
162.92,-2.5263,35.483
104.57,18.421,49.168
313.31,-129.43,-98.12
260.32,-100.92,-46.488
297.99,-138.67,-153.82
133.54,-39.903,20.908
168.29,-44.352,-20.976
101.62,-9.5107,93.689
312.25,-127.33,-160.91
172.82,-9.0514,26.604
145.51,-50.615,21.765
163.67,-36.007,47.972
277.61,-80.287,-87.542
289.13,-87.895,-95.807
128.82,5.6139,29.813
118.26,25.611,63.714
279.05,-133.25,-85.275
359.15,-157.23,-146.35
201.01,-73.092,2.3981
350.18,-134.06,-173.19
115.7,8.1449,36.395
209.66,-40.553,-37.329
81.568,23.652,63.265
306.47,-120.87,-90.094
267.48,-133.18,-105.83
185.46,-76.511,-9.5653
296.11,-96.905,-85.476
126.43,20.59,57.375
182.28,-62.824,-33.741
245.01,-98.542,-36.876
191.2,-67.271,-42.939
191.41,-78.567,-8.0846
295.23,-153.09,-133.92
229.38,-65.506,-10.895
343.82,-137.23,-181.31
285.52,-129.58,-140.48
221.7,-93.49,-26.461
275.97,-124.3,-73.008
184.27,-71.405,-30.781
317.28,-168.79,-158.08
275.97,-139.35,-104.34
225.66,-103.24,-65.356
116.49,-30.364,40.224
125.64,-6.3337,85.22
268.53,-106.72,-54.992
356.9,-136.38,-170.47
169.57,-66.21,3.7944
294.84,-152.81,-125.03
140.46,-7.606,73.416
248.68,-90.176,-33.198
226.26,-52.927,-10.505
312.64,-138.25,-167.55
235.38,-78.725,-18.826
303.52,-117.52,-86.834
128.41,-2.2784,84.175
124.3,6.6272,32.024
299.39,-95.721,-110.99
272.73,-76.435,-79.102
281.48,-84.249,-74.496
135.59,15.249,59.941
172.57,-68.218,0.83753
168.02,-61.273,-14.05
330.44,-117.65,-130.31
251.63,-95.474,-37.942
120.78,-25.18,26.097
153.83,-25.925,-4.6156
306.89,-107.03,-94.14
293.79,-107.48,-135.05
144.36,-8.8046,69.875
158.07,-17.051,57.254
216.42,-57.444,-58.766
251.88,-106.85,-104.91
190.78,-24.145,18.704
160.32,-41.329,45.901
149.24,-48.768,36.791
152.57,-7.0491,11.021
95.154,-15.344,56.739
333.1,-151.71,-189.06
242.18,-94.176,-31.976
310.12,-133.97,-97.493
167.81,-8.68,11.073
115.03,21.291,51.289
321.36,-113.26,-141.64
347.06,-172.09,-145.89
157.2,-27.431,-7.4923
117.23,-20.179,78.749
303.42,-150.61,-111.26
134.46,-8.6946,78.185
313.52,-154.8,-117.6
277.23,-109.69,-128.2
82.266,18.647,60.603
149.91,-9.813,64.6
239.22,-106.05,-88.816
224.8,-47.95,-46.854
222.13,-89.843,-73.447
177.98,-37.821,37.677
301.88,-143.41,-101.26
101.7,-3.1898,41.152
262.36,-109.29,-53.524
141.95,10.855,44.711
288.45,-91.666,-77.271
345.17,-128.46,-160.58
263.99,-79.955,-95.531
98.086,-6.4845,97.754
270.3,-94.009,-52.161
321.69,-119.61,-154.78
321.48,-147.12,-177.95
181.65,-41.711,33.749
193.18,-81.111,-32.689
289.34,-143.05,-100.62
314.7,-166.44,-157.95
148.86,-21.88,0.43354
261.53,-73.095,-83.793
244.09,-56.987,-52.812
121.68,-33.45,34.672
266.59,-122.57,-69.328
160.05,-8.9086,8.1892
160.9,-10.219,6.2765
156.16,-44.88,43.522
239.08,-99.847,-91.313
211.55,-68.225,-62.199
264.07,-71.977,-56.917
231.02,-95.326,-82.741
114.13,-22.187,33.064
129.83,-17.771,15.599
172.27,-27.808,-15.646
134.31,-20.189,11.518
163.71,-3.0596,26.121
304.95,-115.72,-147.27
216.63,-38.048,-23.342
212.75,-42.757,-40.566
73.767,5.455,68.796
145.49,-44.73,43.494
186.55,-27.22,-18.215
114.85,28.668,78.021
209.02,-46.262,-45.256
200.24,-46.117,17.482
294.6,-113.39,-140.93
165.73,-44.798,40.891
134.44,-31.805,62.375
141.96,10.761,56.55
135,13.838,67.45
192.06,-55.942,20.36
196.46,-24.812,5.0688
129.2,19.512,64.04
262.92,-77.427,-91.627
182.79,-56.938,23.944
332.14,-151.56,-188.26
289.12,-111.48,-72.377
193.49,-27.681,-17.876
345.71,-166.46,-140.31
318.26,-142.32,-173.62
239.99,-66.468,-22.152
186.35,-76.735,-8.5903
139.8,-32.097,6.3428
177.71,-60.873,20.904
92.726,-12.432,88.216
325.49,-115.91,-145.21
172.38,-55.279,28.536
221.72,-54.363,-4.0634
251.28,-79.727,-92.616
158.6,-28.353,54.734
111.27,-27.71,47.629
276.89,-111.37,-62.984
161.76,-19.676,53.852
322.59,-172.81,-161.62
187.27,-18.302,10.042
137.45,-31.16,8.6697
237.11,-67.193,-75.341
131.11,-13.374,78.758
341.35,-141.72,-186.37
158.69,-10.262,6.3008
109.32,5.8164,38.034
244.67,-98.697,-36.884
210.52,-93.871,-45.296
272.84,-113.26,-61.759
279.66,-83.76,-97.56
291.52,-96.649,-77.619
245.66,-71.202,-27.578
238.53,-52.865,-37.816
198.71,-56.078,-48.104
268.97,-73.77,-74.668
115.29,-14.154,85.555
311.05,-109.11,-99.326
263.72,-123.18,-114.44
222.92,-51.655,-6.6625
76.553,-4.5667,76.356
333.73,-137.77,-179.71
247.66,-61.537,-64.702
193.56,-74.131,1.7866
206.84,-50.169,-48.583
263.16,-79.64,-46.564
220.75,-54.617,-2.8761
211.91,-82.404,-63.245
155.12,-44.755,-7.4907
265.8,-90.924,-108.68
260.61,-121.31,-67.691
89.397,4.6548,52.351
226.26,-92.306,-77.789
229.01,-68.018,-73.023
327.85,-148,-117.22
281.33,-90.048,-62.782
307.88,-78.51,-99.979
121.03,34.561,93.636
250.31,-39,-60.173
217.43,-51.404,-64.8
221.08,-49.46,-67.014
175.97,-12.916,-19.737
311.2,-140.29,-149.65
97.411,4.5714,78.235
208.8,-49.482,-56.853
299.79,-71.932,-103.24
198.99,-3.3145,6.461
282.24,-112.57,-129.63
265.66,-66.174,-43.171
187.44,-5.2631,-16.312
210.52,-31.764,11.139
325.64,-95.948,-149.31
274.75,-74.068,-52.526
278.02,-113.5,-121.33
99.527,35.734,50.546
118.71,8.3694,87.222
135.85,14.473,80.433
352.21,-112.68,-141.4
229.02,-66.233,-77.192
169.4,-27.47,-18.34
208.01,-58.597,-5.6082
147.75,20.036,68.333
306.8,-92.938,-85.834
107.36,0.53776,47.668
265.59,-51.608,-81.738
336.23,-141.27,-190.33
234.24,-34.772,-59.16
366.49,-119.41,-167.07
339.77,-101.83,-153.69
227.83,-23.518,-17.774
124.1,42.467,83.344
102.19,50.295,62.833
139.93,4.1198,74.078
362.39,-118.61,-154.75
194.38,-2.9849,18.316
250.74,-86.347,-46.377
175.57,-8.9016,44.295
213.76,-44.016,4.8831
178.65,-48.912,-11.387
172.43,-32.617,31.52
296.45,-93.282,-140.06
264.07,-68.028,-104.1
292.27,-101.58,-141.68
330.85,-126.15,-115.62
210.77,-61.603,-9.9418
258.11,-50.571,-82.322
153.44,-0.48981,63.398
284.34,-106.34,-77.019
167.28,7.9238,50.163
227.23,-56.645,-74.242
109.5,2.4061,81.309
317.97,-144.22,-159.8
270.95,-111.94,-92.397
186.46,3.8865,22.315
234.98,-44.159,-70.947
189.14,2.5615,18.473
214.69,-54.091,-2.3451
209.96,-25.679,11.646
223.99,-19.558,-21.989
216.43,-70.309,-24.198
179.53,-46.255,10.127
269.19,-51.606,-77.751
127.53,36.837,84.246
340.47,-159.83,-160.25
291.89,-79.207,-70.791
168.14,-8.0604,-12.459
370.76,-122.82,-169.23
280.52,-88.543,-127.25
177.45,11.069,25.638
202.06,-63.819,-19.228
133.2,-19.456,35.939
368.77,-137.91,-152
203.97,-21.633,-38.71
145.74,25.971,29.003
207.91,-63.711,-14.041
297.88,-119,-148.47
281.35,-68.274,-108.75
112.13,4.8398,36.672
334.89,-97.142,-142.96
329.19,-124.94,-113.83
98.084,30.864,49.28
184.16,-25.488,32.676
337.74,-154.5,-148.92
179.8,1.4004,37.573
196.7,-4.405,-12.292
237.54,-89.272,-64.558
166.15,-41.025,4.5094
361.9,-146.5,-148
206.72,-62.546,-49.819
89.378,35.942,57.015
224.77,-42.607,-2.8806
329.31,-149.63,-142.35
120.76,19.618,92.857
331.52,-97.815,-150.41
310.05,-119.07,-98.877
190.77,-14.628,30.136
289.7,-66.461,-78.835
241.48,-76.862,-89.733
199.93,-14.095,-29.051
221.94,-75.867,-34.17
141.14,-13.568,9.7332
259.65,-55.614,-89.756
366.97,-124.21,-155.95
211.55,-11.228,-12.216
185.51,-10.911,35.089
117.37,49.108,67.35
128.29,8.7604,20.928
171.27,-8.2649,47.958
181.16,-51.033,-8.4057
219.01,-47.426,-0.1732
318.03,-101.33,-156.58
323.01,-98.629,-154.17
242.16,-91.141,-59.22
225.56,-62.607,-73.708
165.79,-15.987,-14.239
346,-142.38,-135.48
205.3,-58.655,-50.799
186.52,-54.62,-13.668
154.18,-33.153,16.47
303.24,-93.911,-143.83
151.6,6.7855,66.44
192.19,-45.71,-39.764
119.76,15.153,91.431
297.47,-70.553,-102.88
351.52,-160.52,-156.97
352,-128.91,-134.08
267.48,-79.312,-113.54
291.59,-66.074,-88.59
197.43,-2.3857,-4.0107
176.15,-44.819,11.313
176.87,-8.0182,43.23
190.36,-45.855,-37.5
124.08,45.418,75.51
308.18,-78.078,-113.93
296.14,-99.199,-143.59
310.27,-121.94,-101.58
313.98,-109.95,-161.59
319.63,-127.85,-110.83
249.08,-70.085,-31.129
279.58,-59.728,-91.674
252.55,-65.212,-31.319
324.13,-89.09,-128.19
215.24,-47.601,-61.961
306.52,-134.08,-119.62
290.06,-88.353,-68.928
125.58,-14.508,42.609
273.27,-114.21,-102.37
299.01,-102.14,-81.07
215.08,-55.122,-63.17
277.6,-63.125,-100.69
128.64,20.568,26.211
226.35,-53.989,-72.67
127.25,32.606,37.963
165.23,-38.062,20.407
197.25,-46.05,11.162
242.82,-32.522,-45.777
241.1,-32.668,-50.801
252.42,-44.144,-71.942
219.55,-63.344,-13.091
349.31,-109.55,-140.06
331.2,-98.897,-153.15
160.59,20.914,26.569
326.56,-90.895,-124.12
301.65,-107.8,-151.53
199.12,-22.382,22.223
138.16,-22.205,26.924
359.75,-114.82,-158.1
286.6,-116.93,-92.054
239.49,-65.801,-86.907
143.98,32.41,45.089
256.32,-71.85,-102.09
168.66,-1.1818,-7.6592
294.63,-68.856,-101.67
196.54,-61.25,-20.981
357.04,-117.28,-145.06
354.61,-110.81,-155.54
324.64,-147.05,-170.73
205.58,-10.368,-20.959
278.91,-78.405,-56.974
207.12,-68.452,-35.238
183.17,7.531,13.549
257.13,-99.804,-97.85
194.3,-37.965,19.375
221.38,-48.201,-66.689
150.57,16.904,66.314
359.06,-115.28,-153.52
108.54,32.284,43.738
185.77,-11.094,34.844
182.43,-41.894,18.578
313.12,-136.14,-161.41
153,23.227,26.264
125.95,-7.5731,67.351
288.23,-95.227,-70.136
230.92,-31.052,-53.407
310.95,-129.15,-109.98
255.38,-79.744,-41.135
265.03,-76.572,-45.001
223.83,-54.469,-70.86
257.64,-67.099,-35.965
139.25,34.481,66.009
106.04,2.3746,47.421
199.99,-59.27,-8.1622
295.15,-82.899,-129.78
168.54,-38.073,-11.266
164.2,9.6426,53.147
250.99,-37.9,-47.705
137.5,34.967,69.119
175.76,-34.628,28.589
223.65,-60.744,-11.661
196.57,-36.498,19.246
133.55,39.705,63.997
111.66,12.337,93.14
135.02,-20.601,33.409
317.45,-126.78,-108.96
203.9,-34.871,-48.657
163.28,10.479,6.3346
267.6,-52.936,-83.637
237.34,-69.589,-24.824
171,-29.244,-19.767
317.63,-91.327,-142.8
301.54,-104.65,-150.15
220.06,-34.253,2.0484
305.13,-98.449,-148.54
199.17,-4.3243,9.7619
249.96,-38.979,-38.359
223.06,-75.112,-64.468
366.13,-147.28,-151.51
327.23,-148.48,-140.9
278.11,-109.21,-125.56
197.56,-52.062,3.8957
288.65,-111.77,-138.8
186.08,-49.076,-29.053
209.28,-50.584,2.8177
235.76,-40.527,-67.197
220.11,-17.072,-16.343
188.98,-28.731,28.076
327.5,-122.45,-177.66
237.63,-70.878,-26.094
337.96,-133.66,-124.73
186.05,-53.407,-5.0585
122.73,-3.942,72.707
315.87,-83.613,-122.69
236.15,-48.737,-13.819
193.53,-27.781,-38.455
130.71,19.321,85.375
106.67,49.713,62.195
289.58,-122.71,-103.3
176.08,-1.7007,-10.371
135.34,-20.211,28.77
199.77,-18.329,21.322
127.42,8.4526,83.438
271.08,-56.277,-54.837
111.59,32.429,42.392
317.61,-131.29,-170.06
344.31,-103.36,-146.39
158.06,-19.569,-7.5564
228.28,-77.788,-70.885
285.65,-94.362,-67.957
172.41,-20.656,42.075
186.83,-8.9834,33.422
333.32,-150.98,-143.45
310.67,-79.729,-106.49
316.64,-97.569,-96.542
347.49,-118.99,-129.59
198.84,-28.819,-42.25
332.15,-115.49,-112.87
269.21,-88.016,-54.279
231.17,-53.759,-11.228
179.16,-5.5868,40.922
210.31,-12.185,-21.594
98.782,35.227,50.699
262.5,-106.24,-84.977
342.26,-126.66,-124.57
242.22,-83.68,-88.295
158.81,-6.2013,57.62
361.69,-145.43,-147.34
139.42,-10.841,10.727
125.49,42.354,80.699
177.55,6.7572,2.4063
118.07,35.419,42.769
330.71,-97.107,-149.21
149.15,-22.75,4.6128
205.84,-26.812,15.789
208.37,-69.05,-39.413
136.01,-20.638,28.095
267.19,-106.26,-78.016
301.54,-130.09,-146.53
354.28,-111.96,-168.33
251.03,-87.979,-98.343
261.41,-53.757,-41.36
132.11,26.367,83.845
251.32,-97.356,-68.099
216.07,-55.14,-3.7941
193.02,-45.791,-40.718
292,-81.458,-70.463
260.02,-93.714,-57.116
150.12,28.21,53.843
161.51,-37.966,11.751
248.66,-89.296,-94.199
108.79,8.2508,89.669
278.55,-65.225,-104.13
315.45,-129.45,-111.15
339.96,-114.55,-177.39
158.97,-11.312,54.927
135.66,-13.173,16.645
143.34,12.558,13.757
206.75,-9.2004,1.987
341.57,-110.64,-172.22
135.86,-21.179,35.81
165.38,-35.31,-9.0315
180.86,6.3902,3.6346
166.19,1.4396,53.117
235.38,-86.182,-51.246
223.02,-55.186,-70.391
119.88,-10.699,52.699
276.72,-107.92,-124.28
259.27,-75.28,-105.78
255.47,-60.4,-32.917
336.44,-99.255,-149.37
258.37,-98.519,-102.1
149.59,-20.153,49.705
226.65,-61.073,-74.66
225.8,-80.334,-44.607
108.22,32.572,44.085
295.5,-118.26,-145.64
242.97,-89.876,-83.25
188.48,-34.713,24.476
304.78,-135.49,-143.54
110.32,6.2165,38.229
169.45,-10.651,-14.678
182.09,-37.159,-30.376
132.69,-11.349,19.476
149.67,-29.104,13.557
291.96,-66.413,-94.838
312.31,-89.687,-140.73
215.55,-68.07,-20.003
308.78,-106.13,-90.038
153.93,24.956,31.724
344.46,-105.18,-158.72
113.29,25.718,37.41
218.33,-32.627,3.7011
171.55,-7.5245,47.864
239.85,-38.658,-20.107
132.44,-16.127,25.445
168.1,-34.976,-13.642
280.52,-72.149,-58.805
221.11,-58.906,-69.202
340.27,-122.61,-185.52
260.68,-45.655,-68.8
348.72,-132.38,-131.87
302.99,-134.99,-128.85
195.45,-8.4478,22.528
256.9,-56.306,-34.652
331.92,-105.74,-113.54
292.72,-110.33,-143.64
311.67,-98.25,-90.913
244.73,-54.687,-22.323
317.96,-86.415,-108.35
201.21,-27.518,19.789
327.62,-125.83,-113.35
176.53,-47.536,1.4631
363.4,-154.1,-153.65
350.77,-163.04,-161.4
103.84,5.2175,47.769
186.63,-39.567,20.754
343.49,-116.42,-180.39
344.73,-126.55,-190.92
219.51,-60.64,-10.145
227.96,-23.344,-18.732
202.47,-59.075,-6.8428
208.16,-8.9446,-8.1492
319.35,-143.61,-164.52
273.35,-32.584,-82.944
246.27,-11.476,-37.615
289.96,-42.497,-76.73
112.05,33.075,38.526
317.13,-66.476,-96.673
121.89,16.695,34.535
259.82,-74.102,-101.09
202.01,10.876,-22.656
291.37,-50.688,-68.016
149.46,-6.2664,18.877
126.82,26.29,83.213
204.14,-26.164,-48.395
263.28,-46.003,-37.197
262.6,-22.428,-57.05
339.8,-137.56,-173.8
293.52,-104.81,-115.38
234.88,-41.329,-78.57
157.84,8.0676,-3.8547
348.22,-100.29,-185.44
321.74,-95.571,-167.26
296.14,-98.989,-95.652
324.07,-65.681,-125.6
232.35,-31.986,-8.8379
115.49,23.364,38.245
371.83,-134.26,-156.53
293.18,-43.687,-86.03
275.48,-34.745,-56.782
232.35,-27.44,-70.994
149.53,-5.762,16.788
244.43,-70.612,-67.914
169.45,-10.203,-12.877
292.75,-46.573,-74.742
222.6,-52.581,-58.229
267.04,-45.321,-101.76
340.08,-79.785,-153.59
307.04,-84.423,-151.2
169.7,1.3225,46.092
176.52,21.732,46.299
169.67,26.592,0.29618
163.41,24.521,59.095
200.69,19.177,1.2512
246.39,-16.416,-61.345
172.53,19.095,50.71
331.09,-94.299,-172.5
286.78,-40.126,-90.483
316.5,-113.25,-116.96
307.65,-76.363,-146.45
287.9,-69.952,-64.694
294.71,-67.219,-132.75
202.97,-41.72,-32.427
270,-87.148,-84.065
237.56,-63.67,-47.25
168.52,28.382,2.6091
143.07,30.274,76.506
280.89,-77.755,-66.358
162.95,-9.075,-4.532
168.16,-19.202,8.5259
114.51,64.893,54.214
339.92,-100.63,-117.26
338.8,-92.286,-115.23
175.48,-19.429,19.784
148.37,19.559,5.9625
161.96,-3.8454,43.324
267.3,-53.662,-107.91
355.25,-137.69,-153.61
277.11,-36.417,-57.611
204.17,-7.4979,-42.618
196.58,-7.8265,-38.234
127.37,35.204,88.774
304.34,-101.95,-150.14
130.01,47.61,32.115
105.05,27.877,49.545
124.33,45.816,33.076
246.28,-63.365,-88.038
177.3,-20.301,18.74
237.36,-58.048,-35.035
271.64,-87.148,-81.768
301.25,-75.201,-142.11
215.07,-0.077388,8.562
301.36,-67.893,-75.701
298.86,-48.04,-100.1
306.63,-74.163,-144.15
216.45,8.6848,-9.9385
314.27,-58.616,-106.72
268.99,-38.954,-43.357
266.18,-75.897,-109.4
144.56,39.587,76.123
183.3,13.314,40.677
288.96,-98.199,-127.68
245.24,-48.534,-89.113
252.12,-15.463,-50.578
188.23,23.28,29.067
245.99,-69.29,-80.706
300.85,-92.942,-147.76
192.82,-31.193,2.6339
314.31,-109.25,-160.74
127.89,56.219,41.951
287.26,-52.806,-115.85
304.99,-88.377,-151.12
181.14,-14.73,-25.368
179.89,7.594,43.008
162.11,-15.199,14.886
350.42,-130.65,-143.88
269.64,-80.652,-68.425
310.61,-56.503,-100.04
126.23,67.526,70.819
169.06,-10.263,34.319
323.21,-71.921,-144.58
195.49,-10.004,-38.344
262.26,-23.642,-47.652
168.81,33.513,49.705
233.31,-7.9194,-12.436
326.51,-114.99,-174.83
320.4,-82.095,-157.18
281.28,-80.87,-126.9
201.65,6.8316,-28.478
269.56,-33.53,-87.131
180.76,-0.41121,-24.211
331.14,-79.599,-109.12
192.78,-5.0364,-34.434
294.69,-62.453,-128.52
238.99,-61.937,-41.851
284.11,-78.146,-129.89
288.92,-52.313,-63.837
165.13,37.178,15.828
215.73,-34.652,-59.768
201.98,7.2158,-28.022
309.08,-81.273,-85.337
304.01,-64.574,-133.43
351.24,-108.96,-194.35
354.25,-88.801,-165.43
167.71,36.591,15.698
318.36,-79.425,-153.84
153.13,28.107,7.2487
335.56,-113.8,-121.67
136.11,45.071,27.834
285.91,-41.148,-68.874
237.2,-5.165,-32.33
121,12.03,45.758
316.06,-112.27,-161.7
314.39,-58.553,-112.25
233.43,-17.709,-7.4063
299.71,-106.92,-137.15
265.52,-78.374,-65.211
278.94,-71.011,-123.83
351.96,-85.219,-150.24
129.3,48.864,90.047
239.83,-51.367,-83.959
294.76,-73.238,-71.144
237.27,-12.216,-56.068
268.58,-82.25,-71.745
131.42,7.2987,30.368
143.45,-2.1402,39.104
264.06,-54.498,-106.15
139.43,55.996,44.308
98.456,36.361,52.551
183.02,-3.9673,-27.005
259.73,-64.234,-45.793
183.52,-11.364,-28.391
216.96,-38.937,-7.4394
223.41,-48.804,-64.031
338.31,-76.477,-144.67
185.72,-30.613,-4.9972
178.73,13.396,44.924
310.68,-99.545,-158.27
279.09,-37.167,-90.453
299.11,-69.173,-136.46
234.98,-29.659,-73.894
294.67,-104.94,-127.38
111.31,17.908,64.308
156.41,4.7812,54.005
298.69,-76.186,-75.323
301.74,-51.805,-86.078
291.43,-94.04,-88.084
170.17,37.009,18.557
358.53,-97.296,-182.76
336.16,-125.36,-134.99
190.96,-26.171,11.39
380.18,-114.57,-161.71
291.69,-100.61,-100.96
224.49,-2.7683,-42.016
99.525,53.179,51.315
373.39,-119.89,-152.42
128.18,58.065,88.008
284.12,-95.551,-121.27
362.44,-92.725,-162.3
270.32,-43.555,-43.896
306.78,-66.4,-81.89
217.54,6.6711,-23.212
193.58,9.8168,-23.531
234.62,-3.4384,-30.58
209.63,-39.051,-50.633
295.81,-59.212,-125.3
354.02,-103.98,-191.2
139.88,4.9816,18.064
129.2,11.542,28.3
211.3,5.7248,-29.821
246.23,-70.874,-77.151
154.3,12.767,61.309
217.77,-45.875,-57.657
300.65,-103.32,-102.43
335.18,-119.07,-184.5
296.36,-78.398,-74.788
235.58,-61.977,-44.245
175.67,35.477,29.588
184.36,25.751,32.754
290.69,-90.405,-136.26
208.32,-45.394,-37.369
219.62,6.4245,-19.002
328.78,-124.24,-134.18
317.58,-65.754,-134.35
255.08,-77.567,-83.776
202.44,-34.84,-43.07
182.63,27.835,4.0927
155.94,-11.171,20.284
350.26,-84.546,-155.02
304.26,-102.25,-100.34
358.42,-144.4,-164.08
363.33,-103.88,-142.93
238.96,-14.352,-15.64
335.19,-110.91,-183.8
112.38,17.799,52.627
310.75,-114.69,-149.15
334.85,-85.145,-111.81
272.22,-49.893,-107.95
304.71,-53.264,-90.678
119.94,19.67,76.665
268.58,-60.966,-112.18
208.51,-45.241,-38.733
126.59,48.929,34.464
102.59,36.576,47.69
285.08,-49.581,-111.41
260.28,-21.164,-59.806
202.82,-3.8446,22.141
130.55,54.531,39.56
227.47,-3.825,-43.096
326.33,-105.69,-110.54
211.58,-10.629,13.623
220.53,-15.555,-56.546
261.99,-81.721,-76.471
237.84,-43.483,-81.591
203.94,-27.401,8.3154
178.85,28.592,3.772
157.22,-0.012977,-2.2213
269.74,-65.647,-51.139
335.3,-129.82,-179.21
142,36.914,18.692
261.32,-31.529,-84.769
337.47,-136.09,-161.86
219.4,6.5194,-10.751
149.8,51.754,43.36
222.87,-47.505,-64.157
290.63,-67.681,-130.87
210.38,-3.8073,-42.299
130.32,13.492,24.887
316.02,-78.506,-152.06
323.17,-64.903,-123.4
137.8,59.218,52.978
326.66,-69.931,-111.11
242.74,-17.446,-64.004
103.48,31.945,48.625
216.77,-31.064,-60.765
255.31,-70.92,-54.085
247.3,-62.046,-90.172
248.23,-12.9,-47.439
111.67,24.331,83.105
214.7,-27.901,3.766
321.42,-115.85,-167.62
318.42,-71.747,-144.66
214.4,-37.224,-57.798
340.03,-125.42,-135.39
296,-97.029,-92.536
299.03,-93.088,-87.951
205.31,-43.911,-30.154
361.22,-102.34,-190.63
207.02,-38.019,-5.9665
117.13,16.693,43.111
143.26,4.3174,13.536
348.69,-89.734,-129.45
186.76,11.744,37.391
300.95,-97.949,-147.09
184.08,29.846,22.985
263.05,-57.44,-106.54
214.23,-31.402,1.1278
177.49,18.937,-9.8059
184.06,-28.873,-14.817
258.59,-78.631,-70.15
336.21,-122.08,-130.51
226.84,0.67027,-31.313
148.86,52.204,57.741
171.62,28.621,2.6787
107.12,48.522,44.494
249.99,-15.725,-34.272
123.36,36.559,91.802
90.989,35.17,64.262
174.58,17.604,48.811
237.04,-45.245,-19.882
297.72,-85.662,-143.97
360.31,-94.166,-146.61
278.68,-55.403,-115.5
237.78,-65.026,-68.571
148.83,22.289,69.664
133.46,24.385,79.047
239.78,-8.8811,-47.041
255.06,-77.942,-76.799
317.73,-119.95,-131.15
158.45,15.182,-2.7404
254.05,-22.212,-32.512
197.23,-0.05617,27.464
279.38,-85.224,-74.958
338.7,-125.56,-135.41
206.32,-8.6037,-44.49
208.34,-30.943,3.4349
318.26,-69.358,-140.95
187.15,-30.121,-20.361
347.36,-140.84,-162.13
157.54,22.803,63.796
168.59,1.5736,46.772
310.67,-100.74,-158.22
223.01,-35.293,-66.972
164.96,-16.972,7.8179
340.96,-90.182,-172.03
231.02,-17.942,-62.806
341.92,-111.58,-123.56
128.02,64.656,58.556
303.25,-65.917,-77.831
118.5,52.912,40.823
270.55,-37.29,-93.294
278.19,-80.907,-69.022
278.77,-33.741,-70.233
216.82,-50.262,-28.983
314.72,-60.662,-100.27
107.38,53.436,46.534
220.12,-40.992,-63.52
228.36,-28.611,-4.6425
125.02,8.8752,47.394
314.35,-119.72,-138.95
264.26,-27.428,-76.592
142.35,36.484,78.244
119.45,17.592,37.5
271.22,-89.05,-99.113
180.48,19.982,-9.3167
278.81,-74.038,-62.154
353.64,-87.563,-143.79
324.84,-76.565,-101.75
100.07,47.454,49.478
144.44,-1.272,18.585
239.65,-66.819,-56.494
212.77,-9.187,12.77
163.01,29.285,59.022
291.59,-82.201,-137.63
212.35,5.9675,7.9301
367.65,-96.904,-173.22
163.47,-10.869,-3.5739
321.55,-92.067,-99.252
171.96,-6.9474,37.972
111.67,61.481,50.758
214.25,-11.758,11.163
208.83,10.276,-21.41
286.66,-51.289,-61.319
196.87,20.457,15.27
368.35,-101.58,-152.81
332.56,-80.497,-157.78
333.92,-79.224,-113.68
90.233,33.984,67.551
277.1,-33.997,-62.241
310.14,-114.9,-124.22
310.89,-61.429,-90.784
161,9.8637,56.08
345.82,-81.43,-150.6
325.13,-72.491,-104.78
338.26,-84.999,-164.57
98.642,38.451,51.477
278,-34.241,-64.292
332.63,-124.19,-133.3
294.65,-80.626,-140
299.84,-58.805,-125.28
58.982,-85.61,104.78
283.42,-188.12,-131.46
45.363,-80.427,72.927
166.82,-151.83,-47.019
258.31,-228.51,-113.51
179.38,-164.2,-58.85
292.68,-191.91,-122.9
277.51,-185.52,-96.41
183.73,-175.1,-22.834
73.599,-105.82,63.719
287.09,-245.93,-137.28
281.12,-225.24,-165.36
107.27,-101.3,12.336
263.23,-209.07,-81.081
183.28,-119.46,-12.717
168.91,-165.51,-8.7626
159.97,-161.43,-30.729
243.15,-196.85,-124.91
243.65,-160.44,-84.17
82.921,-108.15,72.109
50.561,-85.41,69.689
87.369,-115.14,51.601
190.82,-138.21,-1.0125
176.17,-143.97,11.456
233.55,-152.96,-68.353
293.62,-228.08,-112.38
270.02,-233.25,-145.52
140.22,-150.73,-1.0352
111.11,-109.19,7.3901
305.96,-204.3,-126.2
263.63,-225.75,-100.78
236.47,-210.44,-111.42
119.38,-126.49,48.944
203.1,-142.74,-14.486
254.15,-167,-80.008
193.47,-171.84,-17.743
215.07,-141.99,-56.759
164.95,-160.03,0.58869
232.14,-159.93,-89.867
77.831,-106.78,49.262
171.86,-164.9,-48.247
115.28,-75.97,61.826
118.06,-76.946,57.03
219.36,-145.16,-62.339
89.771,-80.043,33.473
100.03,-64.344,56.406
231.49,-172.41,-104.31
196.31,-141.22,-6.6
46.319,-84.543,102.66
285.14,-196.81,-98.736
215.11,-153.53,-79.25
137,-89.271,37.689
245.85,-204.71,-128.04
112.2,-73.71,64.314
97.206,-94.695,84.518
267.24,-229.75,-107.83
286.29,-200.32,-153.55
254.94,-171.61,-71.612
239.18,-182.73,-116.1
112.57,-129.09,42.343
99.564,-101.27,18.353
213.44,-140.56,-36.411
258.99,-215.21,-85.003
304.14,-199.96,-131.76
180.17,-142.66,-54.987
320.13,-216.86,-137.57
79.216,-49.708,89.615
149.73,-138.4,-30.204
229.19,-183.56,-43.784
107.86,-83.496,24.015
51.37,-54.106,68.773
248.59,-219.91,-94.217
198.48,-136.77,-54.02
247.91,-182.92,-58.281
91.809,-109.23,72.744
225.99,-200.84,-103.46
62.772,-94.492,59.475
146.11,-124.89,-24.039
167.7,-155.33,-47.447
228.97,-180.51,-107.88
297.27,-211.39,-109.76
168.3,-166.42,-11.344
76.216,-51.531,68.678
298.11,-198.79,-118.46
172.94,-131.66,-43.135
170.32,-165.88,-44.722
78.852,-93.602,92.894
101.67,-120.67,55.121
219.89,-161.96,-29.493
196.97,-166.54,-14.173
257.03,-226.73,-127.41
91.469,-60.081,59.041
196.67,-128.36,-26.737
144.75,-149.3,-18.882
300.41,-207.68,-165.98
83.811,-53.583,70.302
187.14,-133.98,2.0849
217.31,-201.94,-74.419
275.02,-238.04,-124.55
51.618,-90.71,80.266
145.82,-154.51,-5.397
260.21,-225.52,-137.03
123.05,-110.56,-2.2095
277.74,-233.48,-158.9
167.4,-154.38,-47.313
102.84,-121.77,53.317
176.75,-145.11,-54.152
232.17,-163.42,-43.155
37.663,-72.335,77.853
114,-85.819,20.259
267.34,-233.15,-116.94
223.96,-158.27,-86.924
49.918,-85.008,103.99
106.32,-126.73,42.443
258.46,-189.85,-69.198
155.03,-105.32,28.26
226.72,-186.88,-44.736
133.2,-86.298,39.493
134.63,-114.41,-11.534
73.044,-49.19,71.991
265.64,-224.64,-98.782
255.43,-201.52,-71.283
159.72,-132.84,-36.834
88.06,-74.5,96.955
104.93,-122.97,51.841
169.59,-146.83,13.854
205.03,-136.94,-51.724
95.815,-120.87,43.408
294.57,-252.26,-151.79
150.12,-128.18,35.932
213.81,-139.83,-47.32
318.49,-208.72,-157
108.15,-114.37,64.897
138.12,-109.44,50.373
155.48,-105.41,-6.5323
237.43,-168.14,-48.102
267.19,-175.02,-101.66
143.39,-152.64,1.5494
311.33,-213.08,-126.88
284.68,-193.43,-143.05
244.35,-215.04,-120.44
113.52,-114.49,63.258
248.16,-172.14,-109.09
246.28,-165.92,-62.651
93.296,-75.66,35.602
230.17,-172.76,-103.92
244.39,-203.12,-126.55
250.06,-220.83,-95.618
235.76,-211.27,-108.6
82.263,-89.619,34.533
227.72,-186.02,-108.67
218.39,-163.78,-28.149
276.41,-240.66,-135.03
165.88,-146.43,-45.923
272.34,-182.33,-90.689
223.87,-204.21,-70.254
306.34,-200.74,-143.89
100.22,-119.49,24.113
97.441,-63.267,76.943
36.835,-80.162,90.833
125.68,-81.756,32.281
303.59,-227.8,-118.99
127.79,-121.74,-8.7622
258.79,-175.48,-113.98
266.78,-199.13,-78.599
69.158,-101.32,77.837
184.33,-176.48,-57.081
244.98,-189.94,-124.06
155.06,-156.03,-29.192
103.31,-94.909,17.577
300.32,-196.75,-133.01
259.83,-180.68,-72.052
296.13,-205.02,-161.66
125.08,-130.89,-4.1859
250.9,-191.64,-129.09
160.01,-123.85,29.469
126.62,-90.988,59.126
78.197,-51.452,70.208
263.48,-217.34,-88.776
208.08,-187.55,-40.513
267.92,-198.04,-143.82
94.042,-102.34,23.319
138.19,-107.52,-8.3919
49.574,-88.352,94.5
286.72,-193.05,-141.86
136.28,-97.796,50.194
100.44,-116.94,21.118
111.28,-122.85,53.942
245.32,-164.51,-62.698
255.78,-173.17,-71.326
102.04,-66.396,51.905
87.026,-57.172,88.65
227.8,-208.88,-85.862
311.68,-244.41,-135.09
148,-154.38,3.9029
321.79,-211.99,-148.67
89.104,-60.505,56.361
181.32,-118.11,-13.021
54.836,-41.381,80.597
257.47,-210.03,-79.042
225.5,-196.17,-105.59
137.88,-145.64,-10.856
254.9,-187.38,-65.495
94.751,-62.842,82.301
148.79,-124.56,-25.634
192.06,-181.82,-33.934
158.43,-129.11,-34.024
141.77,-150.62,-9.4789
253.23,-215.43,-134.16
180.04,-156.87,1.3297
318.26,-208.72,-158.33
255.24,-189.52,-130.31
169.75,-170.45,-26.848
223.59,-204.5,-71.61
146.5,-133.48,-26.839
275.98,-230,-158.38
230.19,-205.67,-105.72
184.4,-166.53,-64.182
75.329,-93.413,41.343
74.567,-94.077,93.159
216.38,-193.11,-49.088
325.79,-217.98,-146.21
122.65,-134.54,2.6325
249.66,-218.15,-126.47
91.345,-97.909,85.135
196.7,-178.06,-26.094
181.45,-145.35,7.1188
285.84,-199.75,-152.72
183.71,-167.6,-10.711
254.84,-207.08,-75.179
78.719,-91.723,94.712
97.652,-64.232,53.459
267.67,-178.99,-86.224
239.25,-162.07,-54.503
242.45,-174.13,-52.688
99.901,-72.372,83.625
125.67,-136.53,-0.31702
129.65,-123.54,-10.603
294.28,-204.53,-107.62
199.22,-182.07,-32.165
86.061,-86.255,32.487
125.82,-91.565,11.828
264.03,-197.59,-75.804
267.83,-177.42,-113.54
95.627,-99.463,82.236
109.39,-108.14,69.966
189.45,-127.42,-38.275
220.59,-167.84,-95.05
149.64,-115.67,39.475
107.36,-124.86,49
98.671,-122.48,35.584
125.29,-81.188,34.063
55.815,-77.044,58.802
306.99,-212.69,-173.88
189.27,-178.68,-28.154
258.95,-219.75,-90.999
137.88,-89.68,36.122
87.413,-54.784,75.322
292.16,-192.72,-116.91
296.04,-250.93,-144.03
129.31,-93.358,9.2563
65.032,-99.065,79.428
252.68,-225.23,-112.02
84.006,-97.649,87.605
262.35,-231.14,-117.62
250.22,-173.84,-111.75
54.74,-44.825,76.042
102.05,-101.03,78.243
203.92,-166.91,-83.175
195.45,-127.85,-21.965
188.9,-151.17,-65.354
126.87,-127.41,46.86
250.05,-222.2,-100.27
71.402,-64.79,52.447
209.63,-192.81,-50.19
109.6,-73.557,69.614
246.99,-182.43,-57.347
314.65,-209.54,-136.09
236.65,-155.04,-71.894
46.031,-85.675,98.791
221.15,-184.64,-40.243
295.2,-193.39,-131.17
294.36,-207.42,-164.28
130.19,-130.9,42.298
151.63,-144.85,-31.493
239.1,-216.25,-101.84
274.51,-226.92,-157.61
121.02,-87.735,17.189
232.46,-152.46,-58.984
211.28,-142.13,-27.87
80.841,-96.394,36.051
214.69,-200,-69.346
132.17,-85.208,32.113
133.18,-85.994,29.999
103.46,-124.95,44.495
206.83,-160.95,-82.372
182.87,-132.65,-47.282
225,-162.2,-34.913
198.2,-156.52,-74.327
78.735,-83.166,38.682
100.31,-80.813,28.686
145.24,-97.865,4.8399
104.89,-83.437,24.846
130.62,-88.499,50.98
279.25,-185.03,-125.93
182.96,-124.27,1.4621
184.45,-120.2,-16.289
39.877,-54.404,75.195
94.294,-119.81,42.585
158.73,-103.18,5.5345
79.771,-58.128,101.77
181.8,-119.64,-22.679
150.84,-137.48,29.634
268.73,-180.52,-121.27
112.73,-128.45,44.03
82.077,-110.8,62.959
105.15,-77.801,79.732
96.103,-75.876,89.286
139.37,-142.61,25.897
159.41,-114.08,28.492
94.29,-67.36,88.014
235.12,-153.86,-67.53
129.68,-140.32,26.796
305.91,-212.4,-173.3
239.04,-200.51,-62.515
164.45,-106.94,6.8791
294.69,-247.7,-136.79
291.58,-203.55,-158.85
193.08,-158.67,-6.8478
138.21,-146.58,-9.9633
107.53,-93.835,15.704
125.1,-140.06,21.369
42.95,-84.621,86.772
296.15,-195.55,-120.48
119.54,-135.71,29.624
174.65,-146.66,11.129
224.66,-149.92,-71.614
106.96,-116.65,62.484
68.953,-91.418,48.013
225.01,-197.99,-56.642
112.96,-110.79,66.464
280.53,-234.5,-162.37
151.82,-106.24,34.196
104.95,-92.794,17.721
210.21,-139.19,-53.38
79.316,-100.07,85.241
316.49,-209.42,-165.28
131.25,-85.001,29.594
82.192,-59.972,55.482
191.72,-181.79,-34.077
167,-158.89,-45.249
220.42,-198.05,-57.238
249.66,-164.76,-72.585
248.09,-187.78,-59.47
198.4,-163.25,-12.734
202.27,-141.46,-14.044
170.63,-121.75,-31.717
235.25,-159.71,-50.11
62.852,-95.669,87.801
268.85,-199.4,-80.491
228.86,-183.27,-108.88
177.57,-144.11,10.415
36.069,-66.488,77.394
308.76,-204.98,-159.06
217.27,-143.31,-39.602
141.45,-151.51,1.5145
179.83,-120.61,-27.806
217.76,-171.62,-29.864
173.27,-146.82,11.847
178.78,-143.94,-54.906
121.64,-106.41,0.57477
239.41,-160.15,-88.105
209.34,-196.75,-68.434
59.247,-56.602,63.562
193.26,-153.58,-69.502
202.06,-136.87,-53.272
276.89,-232.5,-111.4
235.99,-182.88,-45.439
276.71,-172.9,-66.971
81.27,-61.748,119.13
225.49,-127.89,-24.431
194.62,-120.88,-40.375
199.25,-120.24,-40.676
155,-86.099,9.1416
277.22,-207.03,-138.6
56.476,-69.536,87.21
184.84,-118.07,-34.216
273.16,-162.63,-68.101
168.35,-98.342,40.451
254.11,-178.02,-113.45
223.2,-163.08,-20.042
166.22,-86.492,17.853
166.94,-128.44,32.951
304.57,-178.01,-114.41
231.88,-170.45,-30.187
247.05,-179.72,-107.53
79.186,-35.548,78.761
72.8,-79.616,100.65
92.21,-80.33,100.89
318.91,-206.81,-110.77
204.24,-133.97,-55.992
143.88,-95.299,2.1638
161.94,-143.11,5.2588
108.89,-77.151,95.352
265.61,-189.06,-61.941
75.122,-66.721,60.865
242.47,-137.68,-46.181
313.7,-205.25,-169.4
212.66,-117.28,-24.483
338.55,-209.93,-133.41
316.42,-187.86,-118.4
195.47,-119.71,15.258
90.439,-53.164,114.65
81.823,-29.327,96.773
94.604,-88.394,91.223
330.68,-211.69,-123.2
160.05,-100.08,49.94
204.69,-171.29,-35.195
132.11,-105.19,65.957
167.92,-137.68,22.305
142.02,-119.45,-0.44536
126.14,-118.43,43.052
276.8,-165.4,-110.55
243.96,-142.41,-73.52
271,-169.59,-116.68
286.28,-216.77,-99.013
164.93,-145.31,0.6047
236.58,-133.13,-47.556
108.7,-94.711,82.325
238.39,-192.47,-64.914
128.44,-89.734,77.533
204.83,-126.4,-49.195
65.038,-78.045,91.028
285.53,-209.81,-147.95
230.67,-185.32,-83.253
154.04,-92.209,55.213
214.52,-121.08,-38.962
157.34,-93.187,51.771
168.02,-143.74,11.445
168.32,-123.43,36.199
195.07,-113.22,12.832
172.2,-150,-14.765
135.64,-125.28,19.456
244.1,-140.78,-42.097
91.167,-59.655,113.35
299.86,-232.86,-151.69
251.77,-176.23,-45.183
147.16,-81.054,16.28
341.89,-213.94,-136.12
259.87,-158.6,-100.21
147.45,-83.331,59.853
160.13,-139.75,-10.024
95.054,-90.913,45.955
328.63,-231.29,-128.92
183.32,-99.628,-6.1851
123.84,-57.565,64.067
163.28,-144.23,-4.4478
272.48,-183.94,-129.83
260.54,-149.08,-74.465
84.798,-61.603,54.361
309.78,-185.55,-107.84
284.58,-215.64,-97.199
76.765,-38.371,75.076
138.25,-118.57,49.611
295.07,-231.25,-139.91
141.75,-96.464,65.897
173,-91.553,23.411
199.09,-161.07,-54.623
127.95,-112.79,14.686
318.3,-236.43,-130.87
176.01,-130.15,-34.818
68.074,-32.893,82.553
180.81,-138.98,18.335
286.98,-225.66,-133.48
76.274,-73.451,111.25
309.43,-181.89,-115.18
264.45,-207.16,-85.062
148.58,-111.98,53.846
257.19,-162.05,-46.383
216.09,-144.01,-69.564
178.78,-95.026,4.9766
178.8,-153.58,-24.977
113.69,-80.649,27.738
238.98,-135.32,-56.071
333.19,-217.96,-126.07
183.5,-104.08,22.933
143.44,-108.24,58.913
92.849,-39.003,102.87
105.96,-60.473,45.689
127.24,-103.94,68.616
142.35,-123.39,1.5574
173.2,-141.13,17.295
298.89,-176.24,-124.63
303.21,-177.23,-120.35
200.45,-166.63,-50.089
201.18,-130.63,-51.898
143.11,-85.745,10.522
301.29,-230.04,-121.06
176.46,-125.98,-34.056
147.74,-126.97,-3.6937
115.81,-105,26.529
283.87,-167.78,-112.84
108.44,-89.027,88.085
165.39,-113.23,-20.787
74.433,-76.096,107.71
271.49,-160.55,-67.562
307.94,-239.76,-147.18
310.5,-222.43,-112.3
246.61,-149.83,-86.401
262.59,-159.19,-54.225
171.23,-93.178,31.623
132.76,-122.95,20.541
133.92,-104.71,65.703
162.92,-113.28,-19.247
94.348,-48.01,109.33
282.33,-167.79,-78.684
275.86,-168.81,-116.48
264.68,-208.64,-88.713
294.35,-179.56,-133.8
274.22,-214.56,-97.768
203.07,-162.71,-14.618
255.52,-147.33,-56.034
207.78,-160.32,-11.81
297.7,-179.17,-93.274
192.95,-117.77,-36.518
264.07,-210.36,-110.71
246.39,-183.44,-48.303
87.656,-85.676,52.654
235.63,-184.73,-92.479
253.99,-194.53,-63.688
190.72,-123.36,-41.19
256.02,-145.98,-65.761
108.29,-52.934,55.946
204.39,-124.39,-46.733
106.78,-46.668,71.547
122.23,-115.55,29.583
150.64,-133.8,23.693
215.83,-124.19,-10.345
216.18,-121.74,-15.041
229.96,-128.9,-36.611
173.1,-149.73,-1.3221
316.96,-203.39,-108.65
309.81,-181.65,-118.1
135.87,-67.772,62.277
297.67,-183.21,-90.204
280.67,-175.57,-126.4
156.13,-119.39,44.871
101.77,-92.295,37.81
330.93,-206.21,-124.75
242.37,-196.83,-82.479
217.05,-135.11,-62.205
118.5,-57.183,80.637
235.22,-142.57,-75.047
148.15,-77.416,23.791
269.17,-158.27,-66.23
156.88,-134.47,-11.31
322.89,-211.52,-115.23
326.9,-201.45,-121.56
294.42,-211.39,-157.47
181.9,-97.504,14.744
235.67,-174.35,-35.319
168.9,-140.25,-25.06
155.7,-84.627,48.83
224.87,-167.08,-84.654
147.75,-128.75,34.075
199.82,-119.47,-39.738
111.02,-80.302,92.635
328.47,-207.87,-121.16
88.35,-40.18,72.918
143.7,-108.42,58.663
136.47,-126.08,29.332
284.67,-200.43,-146.36
130.21,-62.229,61.731
81.084,-88.938,77.283
242.94,-187.72,-52.968
208.9,-114.73,-18.372
265.96,-211.84,-99.254
208.97,-169.96,-26.682
219.83,-170.57,-26.709
201.37,-124.23,-45.873
213.27,-162.6,-15.77
107.3,-60.648,98.719
74.696,-64.527,61.291
155.74,-138.99,1.2742
275.36,-160,-96.989
136.91,-105.97,2.997
125.25,-87.945,80.353
221.79,-131.7,-13.077
104.79,-60.525,101.3
129.42,-120.59,40.182
176.99,-150.06,1.9042
150.26,-128.58,35.083
104.9,-53.033,98.45
65.849,-75.179,106.34
97.187,-91.806,43.57
272,-213.33,-96.055
182.5,-106.82,-21.079
142.22,-70.37,40.404
244.46,-139.03,-48.078
190.74,-159.01,-11.122
145.2,-96.984,0.38214
296.78,-172.8,-108.08
281.13,-173.45,-123.72
177.73,-131.74,25.705
285.72,-170.68,-118.71
166.93,-100.41,42.834
217.05,-135.38,-5.7598
191.33,-142.84,-50.418
323,-237.81,-133.47
285.03,-224.26,-132.07
250.16,-174.79,-109.09
151.58,-136.25,14.632
263.34,-177.16,-119.75
154.97,-116.85,-14.326
162.61,-140.18,16.564
215.02,-119.83,-33.861
190.45,-111.38,18.159
143.03,-121.84,44.992
307.8,-190.37,-151.11
191.03,-159.75,-12.776
293.28,-222.98,-109.13
144.53,-128.79,4.1909
77.533,-86.371,83.03
290.37,-172.79,-87.45
192.65,-145.44,8.0959
172.13,-99.797,-10.826
87.56,-75.728,106.51
85.736,-31.678,96.768
247.2,-198.94,-94.356
155.39,-80.363,22.575
99.32,-90.004,39.832
158.39,-116.1,46.157
81.764,-82.305,99.038
235.59,-153.51,-24.32
91.532,-41.018,72.39
293.42,-195.56,-150.63
317.1,-193.8,-112.04
132.73,-87.367,13.124
197.33,-145.2,-56.251
240.19,-186.57,-51.157
126.23,-112.45,57.84
145.86,-106.72,58.649
290.4,-228.25,-134.34
281.14,-172.91,-72.636
276.55,-193.66,-71.545
308.29,-213.86,-104.51
177.78,-101.79,-13.608
289.98,-209.71,-91.305
223.03,-178.53,-39.39
185.69,-148.08,7.0009
137.58,-103,65.306
185.6,-100.97,14.195
78.314,-35.664,78.513
222.53,-179.34,-75.701
299.3,-219.38,-104.84
213.88,-150.39,-71.461
113.56,-99.822,75.613
318.24,-235.7,-129.81
112.76,-77.986,29.584
92.594,-52.981,112.58
154.75,-78.698,37.865
98.002,-41.771,75.336
308.52,-181.36,-113.96
119.41,-90.044,20.413
162.84,-123.87,38.457
171.34,-139.85,-28.701
100.01,-90.429,39.171
223.98,-184.01,-68.876
271.17,-195.33,-132.8
331,-197.72,-133.16
223.79,-154.47,-80.531
223.06,-151.67,-13.316
91.73,-70.143,108.83
209.57,-172.84,-59.009
169.4,-144.73,9.9506
166.44,-113.35,-21.491
250.97,-178.22,-45.961
214.22,-177.83,-46.241
119.11,-66.545,87.264
122.27,-110.68,21.517
219.75,-155.88,-78.038
63.278,-75.918,100.87
257.42,-146.92,-69.547
270.18,-213.78,-99.576
321.13,-189.91,-144.8
112.98,-103.09,70.883
106.51,-80.191,32.856
122.93,-61.939,44.113
174.74,-105.18,35.215
321.92,-189.32,-138.19
96.815,-93.511,45.507
134.28,-103.03,5.6598
157.03,-80.98,39.35
124.2,-95.514,76.763
193.3,-162.24,-42.112
200.25,-124.6,-45.961
80.254,-83.465,62.096
248.92,-173.55,-107.64
237.98,-145.43,-79.32
212.53,-157.23,-10.341
312.81,-185.73,-114.07
227.96,-165.13,-87.459
103.83,-104.01,60.444
202.99,-129.57,-51.781
184.52,-155.34,-35.369
88.036,-39.916,73.294
269.62,-183.22,-127.48
210.55,-157.53,-69.962
141.92,-125.18,38.944
271.01,-202.28,-132.23
83.118,-60.186,56.025
148.25,-82.986,13.374
156.06,-104.87,-10.483
103.51,-78.318,35.615
114.38,-98.583,25.142
265.14,-157.44,-59.681
291.98,-169.7,-106.5
170.63,-149.26,-10.252
264.44,-199.2,-71.507
129.56,-63.188,67.418
321.22,-191.01,-123.46
92.592,-45.499,65.211
176.17,-130.19,27.585
127.77,-103.44,68.942
201.61,-136.8,8.2063
99.444,-84.169,38.404
138.46,-102.42,2.3612
239.86,-169.4,-33.599
196.9,-127.13,-47.074
321.71,-193.73,-155.59
235.42,-135.11,-33.123
305.67,-224.48,-112.66
264.16,-206.2,-119.71
157.55,-106.49,51.134
215.79,-153.98,-9.6086
293.33,-201.47,-87.255
269.15,-176.2,-122.47
269.92,-193.86,-67.952
201.22,-151.29,-0.48189
285.87,-181.09,-76.095
157.1,-123.68,40.702
282.75,-215.79,-97.503
135.85,-121.86,10.855
319.13,-241.3,-139.07
308.09,-239.89,-152.33
73.62,-61.31,62.547
140.07,-126.93,33.085
324.67,-192.03,-147.62
326.24,-197.11,-161.29
172.89,-148.56,2.4961
196.01,-119.3,14.543
157.46,-140.46,2.9552
179.82,-102.07,26.895
288.7,-208.31,-151.45
256.06,-125.5,-36.677
222.89,-111.64,7.3793
264.74,-143.51,-33.047
93.592,-39.351,69.466
287.54,-168.66,-56.672
98.041,-55.832,59.997
237.1,-146.39,-74.626
186.63,-78.025,22.811
259.93,-153.87,-29.232
119.94,-81.86,40.612
87.365,-67.498,107.28
185.55,-99.969,-16.638
225.74,-147.73,-5.6854
240.54,-121.33,-11.556
311.87,-209.74,-152.77
261.16,-182.05,-95.432
218.24,-116.06,-44.169
140.51,-66.185,29.504
336.1,-179.41,-143.37
308.04,-169.56,-130.36
258.03,-185.5,-75.221
304.6,-161.1,-79.846
193.17,-131.84,19.7
93.384,-48.732,65.204
334.21,-228.18,-130.49
270.58,-142.71,-41.01
247.4,-137.45,-14.865
217.93,-106.29,-31.475
120.94,-80.748,39.073
212.6,-148.01,-47.3
147.72,-83.257,15.135
265.02,-148.81,-32.781
196.23,-126.57,-34.351
253.33,-126.23,-60.088
324.11,-170.19,-107.7
293.11,-159.28,-113.93
129.82,-94.784,71.32
142.54,-81.529,82.527
155.44,-58.193,44.112
127.38,-77.619,92.442
179.38,-79.095,47.069
230.18,-107.35,-15.336
136.55,-83.342,84.317
318.5,-171.07,-132.53
267.92,-135.25,-44.299
278.74,-199.11,-96.615
294.59,-154.71,-105.87
249.17,-169.01,-36.248
281.39,-146.05,-92.107
173.31,-117.64,-10.599
235.13,-167.72,-64.396
201.3,-146.43,-27.495
154.19,-57.018,46.744
105.26,-69.54,106.41
241.1,-171.45,-42.7
139.38,-82.231,21.647
135.57,-97.47,28.958
100.63,-20.256,98.629
303.36,-199.77,-86.522
304.45,-193.2,-80.995
137.62,-105.05,39.857
132.55,-55.887,41.7
122.42,-94.366,65.049
253.03,-130.94,-69.317
317.64,-224.2,-132.67
248.55,-139.27,-16.081
189.74,-86.899,-2.7303
181.43,-85.145,-0.51644
88.782,-62.493,116.43
284.45,-172.58,-121.9
116.42,-33.752,74.221
81.67,-44.151,75.15
110.55,-32.879,73.145
224.17,-135.93,-60.762
139.28,-106.24,38.875
198.47,-146.08,-14.355
235.68,-169.3,-62.124
287.84,-152.29,-102.77
182.55,-104.01,46.756
265.6,-169.79,-42.241
279.27,-143.95,-54.134
293.6,-153.25,-103.04
193.62,-91.052,35.327
291.47,-157.42,-62.053
235.36,-142.54,-6.5481
245.09,-147.9,-81.452
109.84,-62.563,110.82
147.65,-89.551,74.912
264.05,-170.22,-103.66
228.69,-123.05,-54.771
231.43,-113.05,-4.5866
159.61,-79.706,70.624
219.17,-143.17,-57.361
283.6,-164.49,-116.19
155.02,-116.68,22.678
294.56,-179.44,-132.68
113.83,-29.246,86.4
273.52,-136.82,-72.063
289.97,-161.55,-116.13
160.95,-88.015,4.3869
141.9,-93.405,73.547
129.32,-93.624,35.225
312.21,-219.65,-121.83
231.17,-167.79,-47.926
286.54,-156.34,-55.981
105.44,-29.464,116.29
129.74,-99.725,55.546
308.84,-159.07,-99.284
179.79,-86.355,-1.856
236.33,-125.46,-4.1337
138.6,-69.569,89.683
203.49,-111.53,28.319
308.41,-184.86,-145.29
307.67,-161.56,-115.5
262.99,-152.86,-96.085
187.13,-79.083,15.81
254.03,-123.01,-41.42
165.03,-76.645,12.171
299.85,-181.49,-71.074
177.67,-82.437,3.3844
281.4,-143.67,-86.195
201.11,-147.6,-21.769
267.47,-150.93,-96.827
255.7,-155.5,-26.873
149.3,-52.952,61.683
196.93,-108.28,-28.342
187.37,-79.089,16.447
271.35,-180.86,-55.507
290.57,-148.03,-89.716
339.1,-184.71,-154.62
337.72,-179.98,-119.58
151.38,-54.594,61.764
305.56,-159.62,-111.72
139.07,-51.648,47.771
296.78,-206.84,-97.425
122.42,-37.163,70.448
258.76,-143.28,-26.4
215.22,-104.13,13.276
91.502,-63.141,67.232
295.4,-182.37,-134.63
293.67,-155.48,-66.745
198.41,-121.29,27.968
273.92,-179.01,-113.99
227.18,-165.14,-44.831
263.15,-144.86,-89.156
331.28,-181.34,-105.25
94.6,-52.786,124.42
221.13,-124.62,-52.696
256.39,-172.62,-42.1
221.75,-101.52,-10.466
230.96,-167.42,-51.735
104.65,-66.448,53.666
108.59,-82.813,58.849
249.29,-130.72,-68.798
122.84,-35.67,90.432
77.724,-35.244,80.586
166.83,-79.604,8.4838
219.71,-157.81,-22.45
165.28,-85.344,3.8426
177.01,-130.74,14.748
200.37,-121.85,-37.374
320.37,-169.81,-98.782
151.93,-110.2,15.104
142.14,-88.833,77.758
293.78,-170.75,-126.57
262.27,-129.26,-44.266
285.91,-148.39,-95.423
220.53,-108.3,-34.545
266.59,-178.47,-105.58
78.191,-60.356,84.194
116.56,-88.53,77.332
260.36,-175.38,-46.378
275.25,-153.29,-43.369
252.81,-181.95,-67.218
152.58,-56.414,64.868
345.02,-182.77,-137.74
298.36,-211.81,-114.28
151.84,-114.82,32.259
350.02,-214.32,-123.98
255.61,-182.86,-81.374
208.67,-92.817,3.7793
84.799,-21.689,87.779
338.88,-218.71,-119.79
97.501,-44.087,126.87
258.38,-168.07,-97.767
342.31,-188.1,-117.27
235.15,-146.7,-8.9722
273.1,-168.94,-45.844
198.83,-88.523,23.168
179.32,-74.619,20.007
212.92,-102.14,15.132
186.77,-112.19,-23.727
282.27,-142.7,-81.673
342.01,-183.09,-149.01
115.77,-67.968,43.546
104.94,-61.242,53.516
195.59,-84.034,15.896
217.52,-145.82,-55.024
114.71,-83.642,87.042
194.12,-119.07,-31.532
262.99,-188.74,-82.288
318.13,-188.83,-153.95
257.39,-176.27,-47.408
199.04,-145.19,-24.469
152.7,-64.12,74.613
155.73,-77.186,74.263
271.39,-161.71,-106.97
178.54,-121.39,-15.62
198.97,-91.18,27.044
292.06,-207.71,-114.4
302.24,-155.04,-88.582
225.38,-153.06,-62.294
179.16,-108.07,-16.537
165.64,-64.603,50.342
123.34,-89.367,40.658
331.83,-178.32,-109.33
265.68,-190.3,-79.32
322.01,-227.44,-144.3
332.06,-204.37,-105.83
207.39,-118.27,23.522
320.64,-182.47,-149.44
83.442,-56.838,74.312
285.31,-186.25,-125.99
302.18,-186.77,-75.362
258.57,-130.19,-66.643
279.04,-154.24,-47.474
81.632,-67.329,97.228
253.25,-135.96,-76.242
179.26,-120.87,-16.684
113.03,-31.904,76.242
83.18,-35.298,77.274
271.07,-134.75,-67.101
240,-118.25,-13.742
165.63,-106.09,54.36
116.44,-31.019,84.027
211.28,-94.688,2.8911
287.4,-199.86,-85.675
174.08,-112.7,45.405
206.34,-96.199,-15.547
227.21,-162.24,-56.748
221.19,-118.13,-47.25
163.79,-120.83,31.412
162.75,-62.103,49.736
136.63,-73.012,26.92
229.88,-161.77,-25.88
312.62,-199.46,-154.53
128.16,-43.318,59.773
246.71,-118.35,-39.946
305.9,-211.66,-142.25
195.73,-93.903,34.132
130.72,-43.64,89.488
200.39,-120.5,-36.958
277.01,-145.17,-91.461
196.23,-86.937,0.4511
107.84,-58.989,51.727
303.19,-158.4,-110.18
303.27,-160.82,-77.747
119.28,-35.346,99.119
299.99,-170.85,-68.969
227.67,-105.53,-18.782
82.04,-39.799,76.023
199.42,-105.51,-27.288
216.73,-158.23,-33.583
226.29,-134.59,-61.775
227.76,-110.25,-1.377
73.661,-61.939,103.47
174.61,-124.68,29.239
301.03,-185.7,-140.44
304.78,-156.65,-100.15
194.18,-110.43,-28.128
301.84,-213.53,-113.94
257.4,-184.95,-71.635
259.65,-184.79,-65.254
173.74,-121.31,-9.2695
348.57,-185.34,-146.42
168.19,-125.85,14.63
90.724,-56.616,66.484
120.15,-68.496,39.96
319.17,-190.78,-90.16
151.34,-91.292,71.974
281.74,-168.82,-118
160.52,-70.301,67.788
247.57,-132.49,-70.733
174,-126.37,25.212
163.38,-64.508,33.206
154.75,-104.55,7.2028
222.95,-160.36,-50.465
297.84,-210.75,-108.86
207.86,-94.896,15.043
124.69,-47.894,101.88
156.93,-58.306,47.487
92.333,-26.627,81.087
223.41,-118,8.8936
84.646,-60.579,118.94
66.498,-36.824,88.698
138.53,-84.846,82.351
196.86,-140.89,4.7275
281.95,-158.45,-110.03
334.11,-193.78,-104.88
265.1,-135.03,-74.574
208.99,-140.13,-46.407
110.09,-76.302,97.771
94.011,-70.69,104.01
221.68,-103.17,-0.65972
222.63,-155.81,-56.489
282.84,-200.12,-111.77
143.03,-61.102,33.981
224.06,-125.78,8.0407
160.09,-102.27,59.718
240.48,-173.77,-53.938
300.64,-213.01,-114.28
191.92,-88.143,-4.4732
168.21,-124.05,26.332
304.07,-155.95,-95.856
159.06,-105.06,2.4129
312.93,-220.05,-142.95
119.97,-77.908,94.578
128.69,-94.298,71.82
293.34,-171.73,-127.1
205.7,-109.68,-33.498
133.83,-93.913,28.832
328.24,-172.53,-128.34
216.93,-100.85,-20.141
303.73,-207.37,-96.814
110.6,-28.316,104.72
268.7,-168.32,-42.776
105.02,-27.119,82.125
255.92,-124.35,-48.329
238.7,-171.8,-46.991
255.6,-133.45,-25.327
181.1,-132.27,-9.1961
288.77,-161.56,-57.419
93.452,-23.484,85.238
199.98,-114.16,-33.795
189.31,-128.71,24.188
93.3,-68.159,67.863
282.91,-195.61,-118.98
247.58,-119.29,-30.422
106.09,-64.782,110.75
95.128,-55.003,62.524
241.16,-164.54,-78.001
166.14,-65.239,34.676
238.99,-168.95,-37.692
329.54,-186.3,-100.53
292.68,-178.67,-64.446
84.016,-25.934,83.559
117.4,-75.355,41.833
205.5,-146.71,-36.556
175.91,-111.79,45.58
128.68,-73.549,94.59
275.45,-155,-104.04
182.48,-97.613,48.61
349.46,-190.08,-127.69
138.86,-84.261,21.703
283.66,-190.55,-70.336
132.01,-99.687,60.802
98.307,-20.469,93.506
176.92,-114,43.241
191.86,-82.151,24.845
253.15,-154.5,-24.637
171.27,-81.197,59.014
340.86,-201.38,-112.29
318.94,-165.76,-113.02
304.08,-180.89,-74.295
64.216,-38.587,90.814
251.09,-135.68,-18.896
275.4,-194.9,-104.8
281.66,-163.72,-50.343
121.47,-87.3,82.391
327.4,-175.27,-104.86
295.44,-174.43,-65.047
324.88,-169.69,-119.96
78.993,-33.261,80.7
252.56,-135.58,-20.608
295.08,-209.8,-112.92
279.51,-154.33,-104.76
285.88,-144.27,-80.726
-17.141,-133.88,59.743
230.26,-239.13,-151
-15.256,-112.09,32.384
110.29,-184.72,-82.509
188.19,-266.37,-159.54
121.37,-196.47,-96.287
233.77,-249.55,-143.76
212.94,-246.58,-120.75
107.99,-220.01,-69.799
3.9808,-142.66,17.493
216.04,-285.62,-183.02
228.37,-256.19,-198.31
53.776,-136.73,-18.275
186.92,-264.34,-121.49
122.65,-178.3,-34.539
93.176,-210.23,-55.842
95.04,-195.01,-74.382
190.07,-229.6,-156.94
187.61,-214.68,-104.43
8.1101,-151.88,25.286
-11.244,-117.42,28.17
17.245,-152.41,5.1492
118.45,-201.14,-32.092
99.187,-203.32,-26.838
175.51,-209.44,-89.127
218.43,-282.99,-151.9
208.66,-264.45,-187.15
70.512,-187.52,-47.39
56.278,-143.18,-25.593
242.29,-264.66,-150.1
188.97,-271.1,-146.32
174.66,-242.22,-153.1
42.054,-175.69,3.3054
132.56,-205.83,-43.574
192.9,-226.39,-102.08
115.61,-223.73,-62.078
158.93,-195.97,-77.309
88.118,-207.23,-45.916
179.97,-206.87,-111.19
12.71,-140.34,5.4004
110.68,-197.24,-88.901
50.792,-137.38,37.814
54.652,-137.79,33.739
163.65,-198.59,-82.83
37.964,-118.74,6.8459
43.577,-118.9,35.936
180.58,-211.58,-129.69
124.26,-204.19,-37.323
-26.926,-126.33,56.112
216.58,-258.48,-126.75
163.45,-197.42,-102.14
74.064,-149.86,14.706
190.92,-236.14,-162.9
47.967,-134.98,40.468
20.369,-152.05,45.006
193.37,-273.56,-153.63
236.86,-242.58,-175.28
188.89,-233.44,-96.936
188.13,-219.4,-143.34
37.754,-172.28,-4.8587
44.886,-135.21,-14.508
150.4,-201.2,-59.457
182.64,-265.94,-128.58
244.25,-258.33,-153.13
127.89,-180.75,-82.509
254.52,-277.48,-163.28
18.147,-108.96,67.636
93.787,-171.73,-64.777
152.21,-240.82,-83.496
55.95,-126.69,0.38995
0.38857,-92.125,42.531
175.5,-261.63,-140.65
145.34,-184.92,-75.499
174.02,-244,-92.203
15.188,-157.14,26.947
165.89,-232.32,-143.59
0.045545,-126.92,17.291
92.934,-161.26,-53.673
110.02,-187.81,-84.392
176.99,-215.71,-137.1
226.24,-272.1,-140.98
93.307,-209.79,-58.609
22.756,-101.67,48.24
234.48,-259.24,-142.26
120.95,-172.62,-68.389
107.7,-198.55,-86.629
1.7577,-145.5,49.353
26.417,-164.84,8.1476
146.16,-224,-62.588
119.09,-222.34,-55.837
192.88,-259.44,-170.86
36.638,-112.36,38.669
136.43,-186.86,-48.383
81.574,-182.21,-61.191
251.2,-250.8,-186.89
28.016,-107.46,50.044
115.54,-197.07,-28.082
147.18,-239.36,-120.78
203.53,-278.04,-170.52
-16.073,-125.93,34.904
75.696,-191.67,-51.918
199.63,-256.56,-177.96
69.709,-146.51,-32.299
220.25,-263.54,-197.32
110.03,-186.96,-83.879
27.729,-165.65,6.2839
123.8,-181.42,-83.592
161.37,-226.13,-72.761
-21.009,-103.65,39.077
61.873,-130.14,-2.8202
195.71,-273.16,-163.05
172.37,-202.71,-109.37
-24.471,-128.86,57.689
33.115,-167.47,-4.7858
184.86,-250.71,-102.96
87.731,-168,2.2282
149.31,-242.02,-86.36
71.115,-146.3,16.981
81.888,-151.78,-40.024
19.571,-99.447,51.624
190.34,-271.85,-143.7
179.07,-258.01,-110.9
106.77,-169.59,-65.971
14.658,-135.78,63.68
29.678,-167.08,4.8252
91.636,-203.39,-27.358
150.09,-188.93,-72.405
25.664,-158.13,-3.0774
225.78,-289.16,-197.13
72.888,-186.91,-3.0399
155.05,-196.95,-68.4
263.11,-263.28,-176.36
30.491,-166.21,20.744
63.468,-171.18,16.134
101.08,-156.04,-27.596
166.16,-230.69,-78.307
209.54,-231.38,-122.12
71.635,-191.46,-45.504
244.21,-274.06,-153.9
233.87,-239.94,-163.26
183.29,-246.47,-161.6
35.705,-168.26,20.266
196.85,-217.51,-130.61
179.99,-227.92,-88.105
41.697,-117.59,11.42
179.17,-211.38,-129.76
189.63,-234.68,-161.13
176.98,-262.57,-142.02
172.72,-243.55,-151.21
27.844,-123.34,1.7909
174.34,-219.3,-140.64
143.74,-225.24,-62.579
207.76,-277.13,-180.51
110.9,-180.29,-79.152
207.42,-243.57,-115.26
150.52,-245.74,-117.09
250.43,-255.73,-163.51
37.136,-152.29,-18.172
34.034,-124.04,53.604
-29.219,-114.17,46.317
68.848,-136.56,11.588
229.6,-285.12,-155.6
72.469,-155.5,-42.415
206.73,-223.48,-134.46
192.42,-258.83,-113.95
-3.6047,-141.9,30.953
120.83,-209.36,-99.745
193.67,-225.16,-152.56
92.048,-188.87,-71.379
50.566,-131.54,-11.438
242.51,-253.5,-153.36
190.21,-242.92,-100.76
246.79,-248.16,-182.69
65.324,-163.24,-43.364
200.09,-227.55,-156.61
85.309,-185.77,-4.6992
56.514,-153.92,30.381
23.923,-103.07,49.955
187.2,-268.45,-132.02
131.41,-235.3,-86.475
218.12,-235.54,-169.2
37.9,-135.23,-11.771
86.126,-148.99,-33.375
-22.356,-128.07,47.877
235.32,-241.01,-161.69
65.891,-160.82,21.223
39.307,-149.28,-19.481
34.416,-170.7,7.8516
179.66,-226.32,-87.649
188.98,-235.2,-97.286
46.295,-119.92,31.456
22.728,-118.33,64.663
158.16,-245.88,-132
236.98,-296.7,-175.9
74.157,-195.87,-43.472
261.75,-270.41,-170.17
35.452,-110.65,35.732
121.53,-176.17,-34.511
3.2724,-87.605,59.413
180.85,-263.14,-121.26
167.84,-227.56,-143.27
73.88,-178.85,-53.81
181.24,-248.35,-99.248
29.853,-124.32,57.913
95.954,-161.69,-54.393
117.06,-225.46,-81.018
105.87,-166.95,-62.009
75.044,-185.19,-54.3
195.94,-246.13,-171.94
101.95,-212.02,-41
263.41,-262.7,-177.54
205.01,-227.44,-155.85
98.982,-208.27,-73.583
150.68,-245.37,-118.44
91.408,-167.42,-60.124
219.71,-260.09,-195.53
168.73,-237.42,-147.07
126.9,-198.84,-101.06
18.027,-125.55,4.5477
-2.2035,-143.96,48.567
139.9,-240.68,-94.976
262.26,-278,-170.19
59.445,-167.46,-39.707
189.07,-249.36,-167.29
13.989,-152.12,42.92
119.4,-227.35,-71.639
104.9,-205.39,-30.254
236.35,-242.2,-174.38
105.98,-218.19,-55.804
178.14,-260.87,-117.01
1.5998,-144.55,51.789
42.657,-116.66,33.022
202.85,-240.25,-110.68
172.18,-224.37,-80.557
170.19,-236.28,-84.19
30.583,-134.92,55.429
62.478,-169.45,-42.641
74.154,-157.17,-44.513
225.19,-265.9,-136.4
122.49,-229.64,-78.306
33.026,-121.68,2.3424
73.29,-137.37,-10.642
189.52,-257.27,-111.32
213.72,-229.45,-133.34
18.245,-154.37,40.473
31.783,-163.54,28.31
134.83,-178.65,-59.159
169.25,-206.03,-121.55
75.383,-177.8,5.908
32.194,-168.75,1.9274
30.506,-158.02,-10.042
68.034,-136.54,13.318
0.19038,-109.28,23.798
258.14,-255.16,-194.86
113.55,-223.64,-75.066
183.31,-267.49,-135.91
75.271,-150.05,13.326
28.846,-111.89,54.438
230.81,-252.07,-139.11
224.6,-291.5,-189.57
76.652,-139.55,-13.07
-7.0004,-138.7,32.642
183.88,-261.6,-157.73
6.8152,-149.33,43.819
192.33,-268.95,-163.59
199.05,-218.91,-133.33
3.7249,-88.747,53.835
24.755,-157.25,37.473
150.73,-201.63,-113.97
133.77,-187.55,-44.266
136.42,-188.1,-93.885
48.983,-179.22,2.4453
178.25,-262.05,-146.67
20.173,-104.44,27.072
134.59,-236.89,-97.015
43.787,-135.5,44.612
173.04,-243.49,-91.332
251.71,-269.5,-159.5
178.81,-211.34,-92.595
-26.112,-125.75,52.194
143.59,-239.18,-82.451
238.54,-249.03,-151.12
245.43,-248.35,-186.41
52.374,-182,-2.5344
93.725,-177.4,-68.627
171.39,-251.53,-147.18
219.19,-257.17,-193.67
68.433,-133.9,-5.0864
171.24,-211.82,-81.044
144.82,-204.47,-53.272
23.756,-128.69,-0.4132
143.68,-238.34,-115.97
73.352,-142.34,10.981
74.742,-142.7,8.9734
30.477,-165.41,-2.6983
154.96,-198.44,-109.89
130.74,-176.63,-70.605
152.51,-224.68,-66.418
146,-193.63,-102.44
25.429,-117.92,7.7976
48.596,-122.62,4.3014
90.538,-149.13,-16.098
53.093,-125.54,0.5868
63.854,-150.92,25.315
225.63,-236.61,-145.54
115.45,-187.03,-24.73
124.74,-178.19,-37.746
-12.038,-89.232,45.793
25.016,-156.27,-3.5545
100.13,-160.01,-15.577
11.239,-120.32,74.136
125.02,-174.24,-43.449
72.713,-192.56,-12.768
216.33,-229.66,-141.3
37.476,-172.43,-3.0723
9.9034,-150.41,16.01
34.731,-140.41,50.447
24.004,-137.97,57.912
62.469,-190.02,-20.536
88.462,-177.23,-0.96433
25.793,-129.77,60.568
176.25,-211.2,-88.565
54.54,-183.94,-20.446
257.09,-254.63,-194.42
161.99,-252.59,-105.89
103.3,-166.21,-15.172
221.82,-290.79,-182.05
242.31,-245.82,-180.41
115.66,-216.71,-46.489
73.513,-180.08,-53.435
55.269,-131.99,-11.758
52.696,-179.66,-25.818
-23.929,-119.22,41.816
234.64,-254.98,-142.8
46.285,-176.44,-17.669
97.084,-204.66,-28.683
170.08,-201.66,-92.098
29.597,-166.66,17.363
10.704,-123.29,10.059
148.53,-246.03,-102.21
35.271,-166.13,24.683
223.61,-264.46,-200.28
82.428,-169.33,6.2933
52.643,-130.64,-10.001
154.41,-192.61,-73.958
2.8284,-148.26,39.77
264.24,-260,-184.16
73.561,-140.85,8.7475
29.99,-106.67,33.964
116.83,-225.22,-81.187
107.39,-191.14,-84.341
144.76,-243.71,-103.6
187.01,-225.08,-95.461
172.97,-247.6,-95.518
120.9,-220.85,-52.763
132.1,-204.55,-42.733
118.04,-167.53,-54.265
167.89,-222.13,-76.388
-10.861,-137.87,41.056
194.82,-259.36,-115.32
176.33,-217.53,-139.3
100.74,-203.72,-27.541
-20.237,-98.006,41.193
256.74,-254.96,-178.12
153.97,-204.1,-62.809
70.356,-189.63,-45.35
124.91,-172.3,-48.675
141.18,-230.69,-67.927
95.574,-204.4,-28.398
126.23,-181.17,-83.308
68.857,-143.47,-28.181
185.51,-211.07,-108.45
139.81,-233.52,-114.61
8.2934,-96.009,38.307
140.93,-190.64,-97.799
148.12,-186.95,-74.248
202.11,-279.06,-156.24
158.94,-242.88,-83.344
205.53,-246.34,-89.58
4.827,-130.06,87.578
160.63,-200.81,-40.892
142.29,-175.03,-56.88
146.62,-176.58,-55.98
101.34,-145.69,-4.9792
221.17,-249.02,-167.32
-7.3057,-113.51,51.9
132.5,-170.34,-52.038
206.36,-235.96,-86.279
97.04,-172.89,18.479
201.63,-223.53,-136.07
145.11,-229.79,-54.405
107.65,-154.34,4.3685
88.441,-193.97,-2.6393
245.58,-246.86,-127.64
153.89,-236.25,-65.053
192.75,-223.67,-133.1
26.964,-93.663,65.097
-1.6334,-134.06,61.601
14.8,-143.83,65.026
246.86,-278.2,-135.68
152,-184.66,-74.792
91.233,-145.47,-17.415
89.504,-193.76,-34.351
32.349,-147.13,64.853
188.6,-255.99,-95.037
19.59,-110.71,34.055
180.1,-209.06,-61.139
264.78,-253.86,-186.22
153.16,-186.18,-38.206
271.23,-281.98,-153.01
253.97,-259,-133.61
122.65,-194.06,-8.4117
17.325,-125.84,89.523
24.621,-96.198,84.023
17.75,-148.08,53.303
260.02,-283.3,-146.53
85.743,-173.74,24.268
132,-222.41,-74.741
53.896,-170.4,30.445
90.141,-198.17,-16.024
82.427,-163.24,-31.567
52.816,-170.26,3.3468
224.42,-224.98,-123.37
190,-203.96,-86.596
220.27,-223.48,-131.71
210.92,-275.09,-136.35
93.074,-195.3,-38.855
177.07,-202.12,-61.218
31.112,-156.69,45.224
165.04,-244.93,-104.22
51.637,-160.23,47.115
152.54,-181.2,-65.222
-4.2148,-125.76,52.672
230.9,-251.88,-175.16
167.64,-229.06,-117.95
81.248,-166.4,31.465
158.89,-185.04,-52.115
85.051,-167.53,28.647
92.232,-199.3,-28.23
90.117,-191.7,2.8045
125.4,-187.76,-7.4572
103.51,-197.11,-52.963
67.517,-171.97,-18.447
178.94,-213.76,-58.818
16.241,-130.98,85.438
236.87,-275.96,-186.78
174.72,-245,-77.048
93.614,-140.44,2.1286
273.77,-285.84,-156.64
208.23,-215.16,-114.34
76.821,-157.75,38.492
94.776,-184.81,-46.196
34.189,-134.41,13.322
253.75,-296.2,-161.2
126.95,-164.55,-19.422
63.577,-127.28,50.125
93.898,-191.88,-42.979
221.61,-231.18,-149.6
202.41,-216.81,-87.563
32.107,-108.81,32.698
245.07,-257.73,-124.65
209.16,-274.01,-134.56
25.294,-93.516,60.138
60.782,-178.37,11.132
228.88,-276.55,-176.78
65.201,-167.84,36.343
109.72,-163.58,7.9584
137.87,-204.67,-87.548
66.88,-156.56,-17.967
243.82,-294.83,-167.23
121,-175.76,-59.964
16.848,-87.631,67.586
102.32,-203.87,-17.689
221.39,-270.49,-170.06
-0.50621,-134.43,74.293
248.75,-252.02,-129.26
190.1,-261.97,-123.77
70.353,-179.37,19.818
184.65,-235.63,-70.289
163.9,-193.58,-89.082
120.42,-162.62,-8.4696
111.81,-199.52,-62.233
60.558,-128.43,6.0184
181.58,-202.03,-69.137
261.14,-288.55,-151.54
114.73,-178.48,3.4719
65.287,-175.71,25.017
28.597,-111.35,86.639
54.009,-114.78,29.677
49.117,-168.04,32.432
80.634,-167.29,-31.676
95.4,-201.68,-21.011
245.08,-239.16,-136.6
246.88,-243.5,-132.62
135.48,-211.41,-86.069
148.96,-181.96,-70.242
90.681,-140.31,-5.8033
227.62,-285.12,-158.88
122.52,-172.87,-57.232
86.04,-170.87,-36.908
54.605,-148.73,-6.2976
230.57,-229.41,-125.18
30.659,-153.99,52.844
112.32,-162.01,-41.76
-1.6673,-134.46,69.644
205.42,-233.68,-85.126
239.84,-286.92,-184.74
234.88,-286.36,-146.02
194.59,-206.69,-100.72
193.21,-233.09,-74.659
104.57,-166.95,13.904
65.414,-169.11,-16.925
55.72,-170.77,30.791
109.59,-161.44,-40.919
24.429,-121.63,88.149
216.48,-240.71,-96.153
224.66,-225.2,-130.27
191.16,-261.99,-127.57
243.46,-236.5,-146.89
200.79,-268.08,-136.43
125.82,-221.94,-53.263
191.79,-219.53,-71.827
129.65,-223.21,-48.845
231.36,-252.02,-111.31
140.46,-173.09,-52.385
198.26,-255.36,-147.39
168.8,-247.21,-84.162
27.069,-129.05,20.224
175.56,-227.67,-124.68
177.36,-254.35,-101.29
138.38,-174.92,-59.483
196.31,-215.25,-79.437
54.74,-113.38,42.52
151.91,-180.23,-62.228
49.727,-113.08,58.637
55.438,-161.36,-7.553
76.005,-187.4,-16.141
148.28,-198.24,-28.799
151.16,-194.76,-31.592
168.69,-199.44,-51.013
99.356,-202.05,-41.13
245.54,-275.25,-132.58
250.25,-250.97,-131.59
71.177,-140.56,45.904
228.82,-256.35,-110.62
230.24,-229.45,-141.15
77.713,-185.76,9.9449
42.568,-135.82,6.8998
262.66,-278.43,-145.19
173.56,-244.14,-120.65
165,-189.41,-78.323
52.9,-130.29,63.551
182.96,-199.46,-89.589
92.891,-140.6,10.5
203.69,-231.21,-83.317
94.242,-178.55,-45.362
250.37,-282.31,-141.03
259.6,-273.81,-140.92
241.59,-253.98,-182.45
118.63,-169.52,-0.70075
157.77,-239.39,-70.632
107.81,-184.04,-57.729
87.63,-158.79,29.924
169.32,-211.08,-111.48
71.345,-185.61,-5.34
147.02,-176.56,-54.706
34.138,-149.73,61.402
258.64,-279.88,-143.35
35.494,-99.659,59.543
65.538,-175.89,24.761
64.272,-176.48,-10.203
232.74,-244.44,-169.45
68.366,-133.23,47.053
11.093,-137.27,38.597
166.12,-247.42,-90.853
148.49,-184.5,-32.428
195.12,-261.48,-137.92
132.96,-226.34,-66.012
142.15,-231.92,-64.332
149.04,-178.98,-61.967
135.1,-226.24,-52.33
35.308,-134.21,75.36
19.805,-108.88,35.394
87.031,-186.11,-36.936
219.94,-224.7,-109.41
81.287,-151.13,-23.091
48.43,-158.28,49.807
151.9,-206.16,-33.651
32.216,-133.84,77.174
55.994,-172.54,0.4515
101.4,-205.27,-37.802
73.188,-187,-3.9348
35.906,-126.82,78.336
-8.2612,-129.2,67.335
36.62,-135.3,11.237
198.64,-266.64,-134.78
129.37,-164.75,-35.802
83.954,-137.95,27.048
182.08,-210.42,-63.049
115.11,-214.39,-50.753
92.464,-146.83,-19.51
238.25,-241.21,-121.13
230.35,-228.89,-137.75
99.353,-199.15,-8.4586
233.39,-230.56,-131.28
94.226,-174.73,19.275
143.83,-209.49,-30.003
135.77,-187.74,-76.624
248.38,-297.24,-169.27
219.65,-268.93,-168.54
197.68,-220.59,-131.51
79.372,-186.64,-24.922
212.25,-224.94,-139.38
99.68,-162.33,-39.862
86.847,-195.67,-23.121
157.84,-186.05,-47.042
120.05,-185.98,-2.8465
65.529,-181.63,6.478
257.89,-245.47,-164.47
115.73,-214.54,-52.472
218.64,-279.85,-146.72
79.704,-173.61,-31.603
6.7482,-135.55,44.109
225.01,-245.46,-104.6
114.18,-211.06,-27.401
118.96,-157.8,-25.54
10.242,-139.9,71.203
27.208,-99.937,83.61
181.45,-243.94,-130.98
98.605,-145.95,9.3721
40.468,-133.52,9.2834
80.303,-184.6,13.044
5.8012,-139.88,60.574
160.64,-226.34,-51.218
38.157,-101.65,59.272
243.53,-243.1,-169.18
250.17,-266.36,-130.87
80.188,-137.67,-6.2522
142.33,-190.42,-81.661
163.45,-245.83,-89.254
49.395,-170.66,18.923
67.993,-175.52,25.964
223.78,-273.89,-171.42
211.47,-246.43,-93.632
200.07,-261.47,-103.48
232.96,-281.13,-135.64
124.21,-161.09,-27.848
213.63,-273.82,-125.67
146.96,-235.41,-78.447
107.68,-209.54,-30.884
59.609,-170.97,31.94
120.86,-173.88,-2.153
26.264,-93.26,64.669
159.81,-223.06,-110.1
223.46,-281.26,-140.21
160.55,-197.04,-94.168
36.087,-160.74,37.904
243.62,-294.58,-165.99
59.967,-126.49,8.7089
20.021,-125.97,88.231
92.908,-149.69,23.177
42.391,-106.33,62.627
247.69,-251.59,-128.13
65.061,-136.15,-3.7201
84.388,-190.28,3.5245
111.4,-183.58,-60.217
41.167,-133.96,8.639
156.93,-229.92,-106.21
217.73,-238.74,-157.85
268.74,-268.64,-148.33
171.11,-201.8,-102.09
146.33,-222.84,-43.191
14.867,-138.15,76.635
144.58,-217.58,-95.027
93.643,-200.22,-29.733
113.44,-162.35,-42.23
173.65,-245.96,-78.814
142.14,-228.3,-85.609
47.787,-140.49,64.867
60.139,-154.6,-12.135
166.22,-201.93,-101.37
-8.6915,-126.67,61.819
198.62,-215.33,-82.88
198.23,-264.92,-138.35
267.2,-253.58,-156.39
36.247,-161.46,32.172
52.603,-126.49,9.315
68.756,-123.38,30.734
102.2,-179.58,11.88
265.62,-255.8,-150.29
34.999,-137.18,12.015
79.015,-148.46,-19.881
93.547,-153.13,23.776
46.309,-162.65,42.907
127.8,-207.3,-78.43
147.98,-178.72,-62.423
17.898,-127.11,28.03
196.49,-219.52,-129.9
185.98,-201.57,-94.121
134.25,-223.45,-45.233
249.95,-257.1,-129.54
173.7,-209.96,-112.38
31.932,-154.24,21.093
150.84,-181.99,-69.298
120.03,-199.96,-70.946
35.172,-99.43,59.935
218.5,-230.09,-147.76
154.7,-201.79,-96.916
65.699,-181.69,-0.51912
215.04,-244.5,-160.72
30.514,-107.46,34.498
94.982,-141.49,-1.0925
103.24,-154.48,-30.621
49.613,-124.54,12.031
56.055,-142.37,-4.6753
198.04,-230.95,-78.039
234.56,-237,-119.17
100.72,-197.36,-49.018
187.72,-260.28,-108.32
65.359,-135.7,51.356
258.94,-262.02,-138.58
40.237,-103.25,51.157
97.824,-197.83,-6.3899
49.623,-168,33.048
124.8,-208.3,-21.525
43.083,-128.35,10.876
84.068,-148.76,-21.651
162.42,-237.95,-66.013
144.64,-178.81,-65.208
270.44,-253.15,-167.38
170,-208.26,-49.993
230.15,-285.63,-148.2
203.11,-248.86,-153.1
80.971,-178.18,21.765
137.89,-222.6,-42.445
217.79,-270.14,-117.63
218.61,-225.94,-140.19
192.94,-259.78,-101.71
122.81,-216.8,-35.996
214.08,-254.06,-99.655
78.66,-188.22,4.4938
207.63,-273.17,-135.23
72.065,-166.27,-24.153
245.95,-296.28,-176.46
241.84,-285.29,-189.18
19.495,-106.21,37.815
65.695,-180.18,-6.7282
270.6,-255.97,-159.18
275.34,-256.01,-173.06
98.141,-202.34,-37.331
123.51,-193.73,-8.7286
87.388,-188.7,-35.883
110.75,-176.52,7.162
235.45,-250.92,-176.86
192.42,-208.91,-44.65
152,-197.62,-6.2771
192.46,-228.85,-48.572
41.592,-100.23,57.939
212.47,-251.61,-76.721
43.394,-112.34,42.73
183.14,-203.58,-90.711
126.29,-158.81,16.425
183.38,-236.32,-51.143
60.739,-136.87,17.635
12.571,-133.41,75.771
132.67,-162.19,-28.15
147.13,-223.59,-34.261
171.04,-207.09,-23.938
255.47,-262.49,-174.43
199.63,-236.44,-121.24
165.74,-180.88,-53.497
87.961,-129.93,19.384
283.15,-252.61,-147.38
257.39,-236.03,-136.64
188.21,-244.88,-106.13
238.42,-245.34,-89.86
114.9,-204.37,-10.829
39.83,-106.23,49.747
260.21,-295.74,-160.04
200.76,-228.14,-53.952
172.75,-222.2,-33.242
164.03,-177.29,-37.977
62.561,-135.91,17.032
151.23,-203.01,-72.525
93.783,-142.08,0.19358
190.82,-233.37,-50.835
139.51,-182.52,-54.14
198.55,-199.99,-65.598
262.59,-252.06,-114.54
241.84,-226.48,-120.35
53.437,-162.78,39.615
64.727,-161.96,57.919
98.111,-135.6,38.491
49.252,-155.17,65.523
110.61,-164.8,35.404
168.23,-189.57,-22.382
58.271,-161.25,57.488
266.72,-241.4,-137.31
202.21,-219.7,-53.691
209.48,-258.09,-127.21
241.65,-226.3,-110.98
171.59,-241.07,-66.393
228.04,-217.94,-97.431
113.87,-172.89,-33.675
170.4,-223.53,-92.514
134.61,-203.4,-56.842
96.445,-134.99,41.084
27.659,-143.16,77.33
166.2,-236.99,-74.583
84.49,-139.63,4.7445
73.317,-152.76,3.0208
43.24,-98.329,93.41
226.75,-273.73,-114.35
227.86,-270.87,-106.26
68.451,-163.69,9.1189
80.017,-122.14,33.327
49.532,-156.77,33.076
200.14,-200.42,-75.834
248.06,-283.98,-163.05
173.58,-223.79,-34.949
135.51,-158.47,-9.1813
128.11,-153.93,-7.9639
12.073,-133.24,86.279
232.83,-230.39,-135.16
61.426,-108.08,68.889
27.547,-100.53,58.332
57.053,-104.24,67.307
170.33,-193.92,-76.172
69.848,-165.09,8.0107
127.37,-206.41,-45.914
169.5,-225.87,-91.217
235.48,-222.27,-108.39
105.04,-186.36,23.781
187.76,-247.3,-68.895
212.74,-228.61,-64.218
240.23,-225.66,-108.03
123.25,-177.04,22.208
221.68,-242.46,-75.231
157.52,-223.6,-30.748
192.08,-206.16,-95.831
32.334,-141.21,85.296
69.268,-168.18,48.475
209.2,-225.32,-122.11
176.36,-187.72,-64.029
163.37,-198.56,-15.658
84.531,-164.31,51.705
162.3,-198.64,-77.637
232.7,-225.44,-126.53
85.957,-175.23,-8.0084
243.26,-236.89,-145.84
56.166,-107.5,81.027
216.88,-213.83,-77.249
239.18,-226.07,-123.9
107.61,-148.37,-8.8858
63.508,-168.12,44.403
66.88,-148.91,9.0971
240.86,-281.56,-152.56
160.81,-227.53,-79.135
215.52,-241.41,-70.408
37.685,-114.26,105.04
57.589,-161.2,23.694
250.02,-238.85,-104.8
126.78,-153.66,-9.9947
163.23,-211.07,-20.319
62.695,-152.94,69.068
127.47,-195.8,8.191
258.1,-243.35,-156.72
254.23,-234.61,-120.12
211.33,-213.43,-107.49
128.98,-157.43,9.9986
193.28,-204.28,-47.902
112.08,-143.81,3.9917
224.14,-262.71,-92.97
124.32,-151.34,-4.0076
226.65,-218.1,-91.213
131.9,-206.27,-52.522
216.13,-213.71,-106.38
178.3,-236.49,-50.677
88.018,-134.66,54.958
144.06,-170.15,-40.091
128.95,-157.78,10.588
193.92,-254.3,-84.534
234.41,-224.7,-94.646
288.15,-254.35,-159.03
275.48,-262.2,-126.94
89.231,-136.99,54.623
251.65,-233.38,-116.33
84.815,-123.9,41.765
222.75,-272.53,-128.3
66.868,-112.34,65.117
184.9,-228.19,-43.852
145.71,-190.01,0.97502
32.572,-117.73,44.24
243.73,-238.97,-148.76
225.98,-240.26,-77.929
119.9,-201.19,2.2828
218.61,-233.43,-133.38
157.11,-224.6,-75.941
211.59,-209.46,-97.673
264.1,-265.32,-116.47
17.398,-130.92,98.858
168.53,-186.17,-64.385
178.79,-245.33,-71.822
161.11,-182.61,-16.956
162.17,-225.79,-82.267
47.874,-121.81,33.421
43.803,-138.74,30.752
196.8,-198.66,-75.967
60.271,-118.35,83.063
25.123,-93.372,66.541
114.01,-145.75,-0.26173
144.78,-223.03,-54.584
112.46,-148.04,-7.2798
103.16,-194.15,-17.518
145.81,-179.58,-53.712
256.16,-253.13,-107.4
88.316,-165.87,-11.968
63.69,-166.01,50.252
243.25,-231.64,-136.58
199.34,-212.2,-51.828
232.39,-220.79,-100.57
166.75,-179.06,-41.098
209.32,-232.51,-127.24
15.683,-115.2,57.693
41.852,-153.61,45.339
182.87,-247.92,-76.091
202.09,-238.07,-60.189
181.91,-242.36,-98.509
88.488,-140.12,56.635
287.61,-261.49,-142.52
228.73,-271.37,-144.86
80.265,-175.6,0.5243
276.12,-294.23,-144.92
189.32,-239.43,-110.58
147.43,-174.43,-2.9577
33.134,-88.245,80.508
263.45,-294.04,-145.47
21.932,-126.1,105.66
202.82,-222.98,-117.06
275.83,-271.73,-128.01
156.84,-226.01,-34.86
195.86,-248.87,-70.209
133.15,-173.16,13.938
122.18,-151.63,14.308
143.71,-187.97,3.1019
132.23,-170.17,-39.869
226.03,-219.31,-86.71
289.12,-256.37,-152.91
60.745,-124.7,26.046
49.942,-117.68,35.84
134.58,-165.44,9.252
159.1,-200.83,-77.203
38.285,-152.2,55.677
139.16,-176.45,-48.516
194.04,-247.34,-112.83
268.39,-248.08,-164.28
180.4,-246.88,-77.943
131.94,-202.4,-54.063
82.344,-149.84,61.329
80.672,-161.73,55.324
219.65,-220.7,-119.52
118.99,-176.61,-38.823
130.92,-176.74,16.019
224.72,-265.05,-144.16
241.7,-236.25,-94.887
166.15,-207.82,-85.474
124.36,-165.79,-33.117
102.42,-147.77,42.637
61.127,-144.57,14.703
267.12,-261.69,-118.43
194.73,-250.91,-110.54
255.08,-284.56,-173.78
257.2,-284.13,-127.86
130.35,-201.39,1.5626
271.02,-245.69,-156.9
25.099,-111.34,51.858
230.48,-240.43,-145.06
225.97,-266.57,-98.756
204.18,-203.34,-72.159
206.57,-239.17,-63.475
11.43,-127.05,66.171
201.23,-202.15,-84.14
120.18,-176.15,-39.356
58.371,-105.71,70.887
31.054,-94.811,64.673
213.61,-212.75,-72.447
172.43,-203.57,-24.438
86.875,-182.78,26.208
58.713,-109.33,78.62
149.39,-176.86,-4.1372
212.62,-266.61,-116.59
95.285,-188.95,16.904
151.49,-169.28,-21.594
162.56,-218.06,-84.773
168.74,-182.86,-56.592
88.868,-185.78,-0.89053
101,-144.18,42.785
83.263,-132.72,13.183
153.5,-229.8,-57.562
260.26,-253.9,-170.88
73.732,-116.26,54.058
187.98,-197.58,-45.748
245.74,-264.94,-167.41
124.56,-179.92,20.205
64.732,-128.17,79.879
146.13,-178.64,-52.705
224.31,-215.4,-97.26
139.92,-162.66,-5.2777
53.88,-116.59,35.916
249.44,-231.82,-114.87
236.58,-245.23,-88.171
54.066,-119.48,90.023
227.08,-254.9,-86.044
167.96,-185.71,-24.93
29.013,-97.482,61.233
146.75,-169.45,-37.404
146.21,-218.05,-64.89
173,-193.47,-76.009
159.95,-195.7,-12.235
4.036,-121.14,72.652
97.721,-193.21,-2.617
249.64,-242.27,-154.32
247.67,-234.68,-105.13
140.87,-170.67,-41.443
231.02,-274.51,-144.75
186.52,-245.39,-102.89
186.12,-248.56,-96.931
112.5,-176.53,-34.214
293.06,-262.19,-150.56
97.237,-186.01,-16.895
34.387,-111.82,46.581
65.688,-125.92,23.518
244.81,-272.58,-110.26
72.961,-170.28,45.796
230.3,-227.44,-130.5
89.556,-156.12,53.944
195.43,-198.61,-78.791
98.134,-192.88,-6.9929
106.9,-140.6,27.559
95.608,-159.84,-15.529
157.17,-216.76,-79.262
226.62,-272.17,-139.79
141.82,-179.7,5.5663
53.459,-133.15,87.368
98.095,-137.58,41.607
40.471,-93.425,73.779
149.74,-203.55,-7.9285
8.2093,-130.63,88.594
11.863,-92.238,70.689
60.207,-162.7,55.443
120.62,-208.17,-27.342
231.01,-221.95,-118.65
262.2,-276.85,-121.6
211.15,-207.54,-80.088
150.44,-195.25,-68.647
32.768,-147.86,67.556
18.453,-137.97,72.652
156.82,-187.37,-9.3438
160.68,-210.8,-82.312
218.34,-255.5,-139.95
90.185,-128.57,26.125
147.99,-209.85,-12.267
81.383,-178.97,31.622
169.07,-234.62,-85.452
230.29,-273.41,-145.02
137.62,-159.88,-10.874
93.499,-188.68,-5.9806
245.68,-235.28,-101.23
100.95,-160.59,-19.094
249.23,-274.79,-170.74
41.957,-152.68,65.859
52.44,-162.04,40.07
242.74,-232.04,-137.58
153.08,-173.59,-43.581
73.061,-149.01,4.297
273.08,-248.63,-132.63
160.78,-176.4,-25.825
228.35,-276.44,-126.75
46.85,-111.68,96.605
191.12,-247.38,-68.086
50.872,-100.14,76.761
197.03,-203.82,-54.13
165.6,-234.64,-78.874
185.1,-219.13,-38.8
115.12,-188.88,-38.052
216.22,-246.17,-73.732
40.95,-92.865,79.054
146.74,-174.42,-47.027
110.95,-201.6,-6.1868
32.192,-122.86,42.706
222.62,-249.34,-143.97
184.86,-202.1,-37.86
28.366,-141.22,83.482
40.215,-111.19,44.762
181.76,-219,-101.56
108.49,-143.01,28.976
163.35,-235.73,-69.469
259.16,-270.18,-115.11
216.43,-259.39,-87.245
32.598,-89.831,74.708
60.29,-130.84,21.334
141.52,-202.41,-63.985
97.108,-189.13,17.827
50.948,-153.24,69.555
224.34,-218.21,-113.06
106.45,-181.8,28.424
285.23,-273.03,-136.59
83.33,-141.05,3.7242
206.81,-262.71,-99.651
57.596,-164.08,28.639
43.077,-95.611,88.486
98.107,-190.57,14.945
128.65,-165.32,17.152
175.6,-235.27,-48.743
98.438,-166.91,43.164
268.23,-283.57,-130.35
261.62,-244.18,-117.94
229.2,-263.07,-94.672
8.505,-93.339,71.242
178.04,-221.08,-35.178
211.08,-250.23,-132.83
206.7,-247.07,-69.998
44.624,-156.7,51.172
262.66,-258.71,-113.94
220.47,-257.05,-85.227
268,-247.7,-124.69
26.847,-92.401,67.822
179.98,-221.09,-36.331
226.07,-268.68,-143.33
228.34,-219.31,-112.61
228.27,-222.61,-85.986
-82.408,-121.41,-16.007
174.37,-248.61,-201.95
-63.191,-95.014,-28.703
63.578,-172.34,-139.1
132.01,-247.93,-230.06
74.32,-182.21,-154.52
171.18,-261.25,-200.09
145.6,-257.17,-182.74
44.905,-204.31,-145.52
-51.359,-123.57,-52.607
158.32,-268.34,-254.32
184.63,-244.9,-251.08
7.0161,-129.55,-71.334
117.39,-259.08,-196.66
58.517,-189.81,-92.579
30.208,-194.36,-131.57
43.891,-176.38,-139.85
145.1,-219.95,-209.86
128.42,-225.18,-158.09
-53.821,-135.71,-49.577
-59.957,-99.737,-34.14
-38.591,-133.35,-65.442
46.246,-207.2,-102.19
26.911,-201.78,-102.26
114.02,-220.64,-144.67
149.65,-278.27,-225.91
160.65,-246.27,-249.08
15.16,-168.3,-117.59
9.7268,-133.37,-80.249
175.79,-275.26,-211.21
126.14,-256.78,-220.83
126.09,-224.29,-215.44
-24.349,-163.2,-73.627
61.133,-213.59,-111.71
128.15,-237.97,-160.71
47.347,-213.62,-139.28
99.845,-206.11,-131.11
23.15,-193.04,-122.54
126.99,-212.89,-161.55
-38.517,-121.53,-60.273
62.067,-180.41,-150.51
-16.726,-148.41,-24.05
-12.008,-149.12,-27.035
105.1,-208.5,-136.24
-9.9344,-116.39,-44.049
-16.004,-129.4,-18.131
132.82,-210.48,-179.57
52.188,-210.56,-107.08
-86.95,-109.42,-17.299
146.96,-266.4,-192.93
112.53,-200.67,-152.28
7.7844,-161.31,-45.593
145.85,-223.54,-217.95
-19.344,-146.07,-21.139
-50.651,-148.54,-30.482
131.84,-258.27,-227.48
187.97,-245.97,-223.25
120.38,-243.61,-160.41
141.8,-215.56,-193.66
-23.861,-155.55,-79.791
-1.5536,-125.47,-69.001
84.044,-212.63,-119.85
115.8,-255.87,-204.29
180.76,-269.99,-210.42
80.126,-177.39,-133.97
186.94,-286.75,-226.42
-46.444,-120.56,9.1789
47.097,-160.32,-120.68
81.182,-237.11,-159.14
5.3205,-129.01,-50.105
-46.713,-89.76,-7.5596
115.6,-244.78,-213.9
91.172,-191.42,-126.75
102.19,-246.85,-164.13
-50.108,-143.88,-49.375
118.31,-215.5,-204.14
-49.355,-108.9,-45.957
45.758,-155.34,-106.29
63.004,-174.06,-142.25
131.09,-209.54,-188.57
156,-276.96,-209.89
31.506,-193.08,-133.71
-32.752,-109.99,-3.1289
167.95,-269.96,-203.31
71.608,-172.51,-119.23
58.201,-180.88,-149.74
-66.134,-136.03,-27.025
-35.992,-148.77,-67.139
73.834,-228,-134.24
48.492,-216.33,-132.62
142.63,-240.54,-235.59
-20.805,-121.8,-13.922
72.698,-198.35,-106.04
31.666,-164.33,-124.86
201.91,-255.27,-234.51
-30.843,-117.79,-3.3933
43.614,-203.96,-97.335
91.247,-220.45,-191.36
145.41,-260.72,-242.26
-69.521,-106.73,-33.323
19.924,-172.5,-122.52
152.09,-238.88,-239.07
22.706,-140.02,-85.137
174.76,-247.39,-255.25
63.114,-173.55,-141.39
-34.437,-149.39,-68.887
76.767,-175.63,-135.97
90.052,-233.28,-141.21
-67.806,-87.838,-19.971
10.47,-133.45,-53.424
137.52,-255.72,-234.94
121.14,-206.6,-159.39
-86.274,-113.18,-16.709
-26.266,-149.49,-78.271
113.3,-253.6,-174.59
18.109,-178.03,-62.492
79.339,-235.71,-162.7
5.5903,-157.84,-42.477
34.327,-147.28,-92.06
-36.015,-107.89,0.25474
126.1,-258.95,-218.69
108.79,-254,-185.97
59.487,-164.25,-118.3
-57.052,-139.25,-7.7032
-32.694,-150.95,-70.468
20.559,-198.11,-104.12
92.758,-197.99,-125.15
-30.182,-139.04,-73.699
170.8,-270.81,-266.35
0.85812,-184.52,-78.795
92.839,-208.22,-124.64
204.05,-274.67,-229.27
-37.642,-156.23,-56.238
-9.1151,-174.1,-56.526
44.821,-164.11,-79.914
94.719,-237.27,-147.27
148.31,-242.77,-177.25
14.093,-172.68,-117.65
175.69,-282.43,-218.63
181.8,-246.65,-212.21
135.27,-228.79,-223.19
-33.651,-160.16,-56.672
145.22,-222.6,-180.22
111.26,-238.08,-151.82
-8.0298,-118.82,-38.889
131.7,-209.64,-179.8
144.56,-222.38,-215.97
117.07,-245.76,-215.25
123.26,-225.12,-214.81
-18.346,-113.59,-52.451
128.91,-209.96,-193.83
71.327,-227.87,-135.27
153.1,-258.45,-249.63
64.349,-170.22,-133.98
139.79,-254.07,-177.6
90.594,-228.48,-190.64
190.85,-267.13,-216.95
-12.661,-134.38,-81.755
-32.583,-135.29,-7.1757
-81.159,-95.05,-20.301
8.9433,-146.99,-42.853
159.96,-283.93,-228.06
25.827,-145.03,-97.618
153.17,-230.72,-184.57
121.19,-259.85,-186.53
-62.679,-124.13,-42.079
70.783,-191.18,-163.77
148.08,-219.59,-203.32
42.262,-171.06,-134.88
3.4471,-126.24,-63.566
180.97,-265.18,-208.62
119.74,-250.57,-168
197.43,-252.54,-230.45
17.391,-147.61,-103.45
154.33,-223.1,-206.76
12.592,-188.85,-77.396
-14.602,-161.87,-37.303
-32.859,-112.28,-2.1155
120.17,-258.84,-207.61
66.19,-221.83,-162.87
171.9,-233.61,-218.09
-8.6189,-123.17,-67.945
36.45,-149.35,-84.236
-80.516,-110.08,-24.364
182.1,-248.76,-211.1
-5.4192,-168.65,-46.752
-9.2768,-132.5,-81.035
-30.955,-157.17,-68.734
111.34,-236.78,-150.72
119.99,-244.96,-161.54
-12.329,-129.92,-21.966
-44.548,-129.26,2.9773
102.72,-226.93,-202.11
170,-289.64,-249.68
14.022,-178.15,-117.56
198.15,-281.99,-227.62
-20.154,-118.83,-15.841
58.255,-187.58,-91.744
-48.996,-93.391,9.6256
112.47,-255.34,-196.99
121.49,-212.67,-201.23
23.401,-160.59,-118.33
109.59,-251.29,-170.94
-37.897,-135.07,-4.3771
48.49,-156.85,-106.56
55.085,-209.04,-156.1
58.121,-163.09,-113.8
22.443,-166.11,-121.58
150.18,-230.82,-229.58
31.639,-205.14,-118.08
204.94,-273.93,-229.95
158.33,-225.6,-205.15
42.51,-189.25,-144.8
91.369,-227.78,-191.6
44.764,-157.35,-115.06
174.8,-244.97,-252.15
120.34,-219.74,-209.04
80.08,-185.04,-158.74
-28.604,-111.75,-52.946
-68.744,-132.65,-27.691
74.877,-227.18,-171.18
196.03,-288.37,-231.19
9.52,-149.56,-103.41
141.41,-231.84,-228.4
-55.408,-144.87,-33.476
52.97,-214.97,-148.52
32.421,-204.94,-105.14
187.33,-245.74,-222.38
38.562,-206.83,-133
109.31,-253.72,-192.75
-66.861,-136.05,-24.509
-14.952,-126.12,-19.725
135.26,-250.85,-172.91
102.9,-234.19,-145.07
98.503,-241.62,-154.26
-39.926,-143.13,-11.455
12.561,-151.56,-106.33
27.499,-146.44,-99.913
155.48,-273.05,-203.18
57.354,-215.93,-154.78
-13.514,-114.87,-50.231
20.805,-141.91,-61.511
118.22,-258.15,-184.06
156.77,-239.23,-185.19
-51.578,-147.83,-35.873
-38.445,-157.33,-48.224
78.111,-187.15,-111.65
121.88,-203.53,-172.01
2.7561,-181.46,-66.29
-30.002,-152.46,-73.292
-23.363,-138.77,-78.737
7.6005,-147.2,-41.509
-45.694,-96.972,-31.897
209.41,-259.26,-242.17
50.447,-208.01,-150.76
118.59,-254.87,-211.2
9.2767,-161.54,-46.649
-33.265,-123.31,-1.591
166.03,-263.54,-197.85
166.16,-274.81,-261.19
23.877,-144.4,-64.024
-65.16,-120.53,-39.718
129.22,-242.68,-227
-60.997,-139.56,-32.685
136.22,-250.54,-234.01
147.65,-223.81,-182.82
-46.909,-92.567,4.3738
-45.809,-152.16,-38.634
104.54,-193.95,-166.79
68.627,-199.11,-103.32
89.259,-183.34,-145.69
-19.236,-169,-74.786
120.08,-244.29,-218.76
-28.016,-103.58,-23.099
72.333,-220.89,-172.09
-24.677,-145.99,-18.597
101.19,-246.29,-163.32
185.8,-280.29,-219.88
117.52,-222.51,-147.95
-84.587,-107.95,-20.235
73.894,-232.1,-159.04
178.22,-260.48,-205.28
197.58,-250.75,-233.99
-15.388,-171.1,-79.77
46.565,-163.52,-126.71
117.9,-232.38,-215.42
174.64,-243.02,-249.26
15.709,-138.78,-55.97
106.51,-223.41,-139.65
75.812,-214.83,-117.13
-22.866,-115.24,-57.658
86.773,-219.67,-187.39
11.104,-153.57,-45.319
12.931,-153.81,-46.962
-28.627,-147.32,-75.975
107.75,-194.79,-160.98
79.534,-179.57,-121.26
80.521,-230.18,-136.69
98.851,-189.31,-153.93
-20.84,-110.18,-45.139
-1.1152,-123.63,-46.146
33.763,-157.61,-68.664
3.1676,-126.8,-49.909
-5.3538,-161.1,-38.866
169.19,-246.32,-196.91
45.682,-196.96,-89.663
61.558,-189.58,-94.897
-57.686,-82.732,-5.6527
-29.933,-137.06,-73.334
38.172,-171.11,-71.671
-58.68,-128.81,8.0507
65.267,-184.51,-97.849
2.4291,-185.59,-89.883
161.93,-237.82,-191.65
-24.817,-156.16,-78.376
-48.309,-132.1,-56.503
-36.34,-147.77,-17.6
-47.567,-143.38,-11.99
-2.6595,-175.99,-97.213
16.811,-184.72,-69.519
-44.24,-138.52,-5.4551
113.86,-222.62,-144.89
-7.4849,-167.38,-95.677
208.52,-258.48,-241.73
94.004,-243.35,-182.21
38.661,-177.76,-73.712
161.2,-275.58,-254.92
193.5,-249.34,-228.19
43.941,-213.45,-122.53
22.527,-161.55,-118.67
7.477,-128.7,-63.194
-5.6252,-161.16,-98.577
-76.618,-100.04,-25.615
169.73,-266.39,-201.71
-13.116,-158.41,-91.214
25.329,-201.23,-104.87
113.07,-210.75,-144.48
-37.301,-154.98,-59.517
-36.223,-108.42,-48.475
83.225,-233.01,-178.37
-34.956,-159.79,-51.94
178.46,-248.67,-257.61
11.562,-178.04,-60.611
5.0065,-127,-61.524
95.832,-202.45,-127.45
-62.566,-135.4,-36.377
209.05,-269.8,-234.19
12.622,-151.68,-46.485
-22.864,-112.41,-16.451
55.032,-208.68,-156.17
59.584,-175.54,-144.28
81.273,-228.88,-179.14
121.03,-236.48,-155.48
101.31,-248.11,-168.9
49.411,-217.05,-128.93
60.861,-212.64,-110.46
65.544,-171.99,-105.2
98.389,-231.82,-141.21
-71.355,-121.01,-32.806
123.6,-260.92,-187.52
130.73,-209.94,-191.46
28.375,-202.58,-102.77
-66.018,-84.372,-15.309
202.02,-264.33,-227.97
87.401,-215.47,-123.46
13.551,-170.65,-116.88
67.78,-181.05,-101.43
69.266,-229.2,-142.94
24.006,-200.41,-104.78
78.848,-176.66,-135.16
21.46,-138.6,-80.303
129.33,-219.86,-160.2
84.56,-214.43,-184.62
-39.622,-95.13,-11.597
93.75,-186.13,-149.44
92.423,-194.81,-126.14
138.5,-265.9,-230.75
86.236,-241.99,-158.76
127.64,-264.46,-157.23
-72.534,-138.42,13.745
86.077,-223.64,-101.85
84.927,-188.53,-106.59
87.809,-192.13,-105.77
40.105,-163.81,-55.492
169.27,-246.62,-222.37
-64.091,-106.76,-11.172
76.251,-181.83,-101.98
130.64,-257.6,-149.27
18.43,-192.07,-49.175
149.35,-227.79,-186.92
67.915,-235.07,-130.18
39.139,-177.06,-50.455
11.755,-197.68,-78.98
176.27,-270.29,-182.8
77.292,-240.69,-140.81
140.52,-224.78,-186.07
-32.704,-111.42,15.948
-69.767,-129.48,-11.652
-60.157,-146.31,-10.381
169.77,-293.44,-204.48
96.749,-194.58,-124.8
36.092,-154.51,-67.914
24.587,-186.85,-105.9
-46.051,-157.16,-8.8934
111.79,-262.41,-169.64
-33.249,-110.84,-20.217
107.67,-232.34,-119.61
212.36,-264.36,-232.91
83.571,-209.23,-93.909
196.01,-301.84,-216.7
181.64,-281.95,-192.2
43.425,-211.78,-77.707
-61.035,-141.54,19.732
-42.651,-119.03,30.549
-54.671,-147.02,-21.941
183.47,-299.93,-213.83
6.221,-189.5,-46.688
66.676,-215.79,-146.51
-22.463,-174.02,-45.624
16.8,-197.17,-92.17
27.759,-159.79,-90.191
-13.232,-163.87,-69.018
163.8,-244.13,-172.54
127.45,-223.9,-137.21
163.84,-238.04,-179.74
140.03,-273.82,-210.15
28.828,-188.19,-109.86
107.43,-225.27,-116.92
-43.022,-157.42,-30.546
98.605,-239.16,-176.54
-27.199,-170.59,-26.858
94.81,-195.4,-114.83
-65.854,-118.41,-15.814
179.63,-250.74,-228.69
111.35,-222.7,-180.24
2.1352,-183.97,-37.816
94.099,-206.1,-104.25
6.0908,-185.68,-40.078
22.782,-194.77,-102.81
11.94,-198.54,-72.911
47.579,-208.3,-73.364
42.495,-189.59,-120.92
7.0267,-164.48,-85.847
104.2,-236.42,-120.09
-62.186,-143.76,13.562
180.99,-268.96,-249.11
96.801,-253.32,-151.48
32.554,-158.43,-48.291
198.25,-304.89,-221.2
149.77,-231.76,-163.05
-1.3851,-177.36,-28.45
36.59,-177.91,-110.82
-20.916,-129.59,-46.693
179.17,-302.28,-233.75
61.243,-186.02,-72.227
-6.8618,-150.56,-6.2974
32.238,-184.36,-111.6
169.07,-238.61,-198.53
134.18,-239.79,-141.92
-21.29,-114.7,-18.179
171.04,-279.9,-185.53
138.2,-272.75,-208.43
-32.245,-108.77,11.455
-11.999,-176.91,-64.756
170.15,-269.21,-242.27
-14.033,-179.32,-37.26
36.461,-186.78,-51.42
82.534,-199.67,-147.93
11.51,-151.87,-78.169
173.3,-294.38,-240.09
67.444,-178.04,-113.49
-40.33,-102.66,19.118
26.011,-206.92,-94.098
163.22,-263.14,-234.97
-73.656,-134.77,-0.72708
177.87,-275.38,-186.08
121.79,-257.85,-196.89
-7.3147,-185.27,-56.026
106.02,-252.78,-139.37
109.35,-202.36,-139.15
52.161,-185.24,-63.098
52.317,-192.17,-128.51
6.6104,-134.56,-45.262
114.31,-224.52,-122.84
184.53,-302.94,-220.44
37.42,-199.62,-61.492
-12.395,-181.75,-50.74
-45.321,-134.09,26.262
-3.262,-128.75,-19.614
-26.534,-170.56,-43.663
24.879,-162.19,-92.556
22.019,-200.72,-97.166
181.79,-260.67,-186.9
180.39,-266.43,-185.22
77.635,-204.53,-150.33
93.332,-192.57,-120.16
33.025,-154.16,-55.577
159.48,-281.86,-231.24
68.712,-177.38,-109.48
30.292,-165.79,-97.768
-0.79932,-143.87,-66.65
168.29,-249.97,-175.08
-45.345,-157.7,-22.795
57.797,-169.24,-92.87
-72.934,-132.62,-4.9454
130.17,-255.72,-147.36
179.07,-279.95,-252.06
160.53,-290.79,-219.47
135.76,-223.29,-149.8
115.91,-253.2,-140.33
28.655,-189.19,-48.876
5.6095,-161.71,-83.556
-21.142,-175.29,-45.169
55.32,-167.79,-92.375
-52.961,-140.99,21.872
141.46,-262.73,-158.16
166.51,-242,-178.52
124.12,-257.02,-199.97
185.14,-254.13,-194.75
133.68,-263.36,-208.73
53.479,-220.06,-128.98
118.21,-242.54,-131.66
54.71,-224.44,-125.09
156.15,-273.53,-173.86
82.328,-187.68,-102.14
139.9,-248.01,-212.5
93.6,-249.83,-159.73
-27.831,-124.34,-39.507
121.18,-222.92,-183.9
104.97,-253.61,-176.28
82.563,-185.69,-109.49
126.41,-238.52,-135.32
-6.9504,-132.48,-7.7827
93.481,-195.37,-111.91
-17.198,-135.55,5.2741
-3.8837,-154.05,-73.625
8.2789,-181.77,-89.701
71.765,-220.01,-92.505
76.474,-217.57,-92.708
97.287,-222.76,-108.41
32.823,-195.8,-113.89
168.47,-291.53,-200.65
180.39,-274.41,-187.31
-3.214,-163.4,-14.89
152.23,-276.1,-175.81
173.95,-244.24,-188.87
0.56745,-190.42,-66.212
-11.757,-132.41,-51.343
186.89,-297.7,-209.86
112.37,-236.75,-188.71
107.69,-203.29,-127.72
-22.116,-152.71,1.826
124.01,-215.9,-138.91
28.751,-161.16,-41.314
128.83,-253.54,-144.94
37.934,-172.89,-107.2
173.41,-296.53,-210.4
184.22,-294.02,-204.54
190.88,-254.9,-233.99
45.375,-192.73,-60.068
81.659,-243.08,-146.39
52.411,-179.34,-117.96
10.798,-180.26,-34.324
116.47,-211.2,-165.77
0.82561,-181.93,-80.428
87.685,-192.75,-104.59
-44.096,-158.89,-12.771
182.25,-297.63,-209.72
-25.29,-118.32,9.8713
-12.143,-181.93,-51
-0.3813,-169.51,-81.527
181.6,-247.59,-219.88
-3.5881,-156.54,-10.903
-51.272,-129.97,-30.606
93.704,-246.39,-166.06
77.95,-207.71,-89.001
131.58,-254.83,-207.88
62.924,-222.5,-140.72
68.345,-231.91,-140.27
91.32,-193.1,-111.61
59.693,-228.23,-128.54
-43.046,-151.78,6.8606
-32.944,-109.93,-18.153
26.002,-178.59,-104.91
154.81,-246.71,-161.24
27.705,-152.43,-77.323
-30.313,-168.44,-24.199
74.029,-226.42,-99.8
-46.268,-150.67,8.0282
-10.177,-166.18,-72.011
32.258,-200.54,-112.2
1.4217,-184.42,-79.551
-41.139,-147.12,13.066
-75.99,-124.46,-5.62
-18.337,-130.72,-48.461
131.7,-261.76,-207.01
69.379,-181.55,-85.938
15.745,-160.65,-27.482
109.63,-233.7,-121.54
45.848,-209.81,-125.17
37.479,-155.45,-70.137
169.42,-264.56,-175.85
172.97,-245.03,-185.66
21.6,-204.95,-84.457
172.61,-250.09,-180.35
15.079,-192.52,-49.891
64.567,-226.61,-99.745
82.369,-188.82,-130.82
177.19,-297.76,-242.16
161.67,-261.6,-233.24
145.23,-225.17,-182.32
14.722,-179.65,-96.259
159.27,-232.76,-188.49
46.065,-164.24,-93.713
17.451,-191.1,-97.67
90.957,-208.21,-100.57
41.84,-205.97,-69.532
-7.2658,-180.14,-69.445
201.12,-261.98,-211.49
46.975,-209.61,-126.61
148.96,-277.65,-219.92
21.91,-166.9,-95.692
-56.5,-128.47,-25.846
150.37,-267.6,-166.12
37.455,-214.89,-103.7
58.906,-174.65,-75.711
-65.07,-143.16,-4.0304
-41.528,-123.13,28.877
123.11,-236.65,-196.03
32.295,-167.79,-43.801
-13.684,-130.4,-48.582
2.039,-191.79,-62.522
-64.929,-137.32,-13.958
81.311,-240.69,-122.95
-23.561,-121.09,9.1755
191.28,-251.67,-217.03
174.84,-287.1,-194.07
25.024,-146.93,-56.62
89.013,-192.29,-135.23
91.34,-244.41,-164.42
-22.138,-168.06,-56.466
-10.346,-183.2,-49.338
164.64,-266.55,-237.32
134.25,-265.89,-159.66
123,-269.26,-177.41
156.77,-289.3,-208.4
63.184,-178.97,-78.307
138.81,-277.82,-199.88
76.585,-232.03,-153.18
33.652,-209.38,-107.16
-18.278,-177.68,-43.564
46.373,-196.79,-62.99
-33.012,-110.61,15.645
103.68,-216.93,-172.07
150.21,-283.34,-214.13
107.18,-201.81,-145.79
-37.365,-160.46,-37.861
172.75,-294.52,-238.95
5.7535,-133.65,-42.129
-58.269,-142.46,19.053
20.956,-172.99,-34.784
-22.741,-128.04,10.588
176.68,-274.93,-185.1
11.524,-139.5,-56.494
7.2014,-194.96,-72.664
56.604,-179.79,-119.21
-12.987,-130.86,-49.216
97.425,-222.5,-172.54
166.24,-240.01,-209.95
196.63,-291.51,-206.74
117.65,-207.83,-152.94
67.136,-233.97,-117
-62.512,-145.83,2.3191
86.759,-210.65,-159.3
24.252,-195.65,-104.28
58.832,-169.88,-93.231
96.212,-252.98,-153.65
77.505,-221.5,-156.8
-30.475,-159.04,-2.8693
4.175,-149.17,-73.457
113.11,-205.89,-153.28
-73.446,-120.27,-9.2209
129.66,-238.46,-137.89
133.26,-258.92,-209.33
203.41,-275.76,-206.73
-35.327,-159.1,-43.094
-0.83573,-130.42,-42.962
6.1737,-143.01,-20.12
23.086,-197.59,-57.101
199.01,-278.96,-202.85
-20.667,-131.76,-48.994
25.449,-150.33,-73.704
20.121,-176.29,-35.8
-31.05,-168.57,-32.607
69.544,-200.29,-143.21
90.667,-192.24,-112.07
-38.01,-121.21,-33.558
143.96,-224.31,-180.64
127.59,-217.43,-143.26
57.25,-228.07,-121.27
177.29,-279.97,-188.53
120.97,-212.03,-165.2
-32.475,-147.33,-49.935
94.597,-193.81,-119.01
62.522,-193.33,-134.69
-25.637,-118.12,10.259
166.07,-236.92,-197
101.54,-201.94,-151.5
-4.5273,-177.81,-75.45
163.04,-242.4,-215.66
-22.881,-113.5,-16.28
34.582,-158.79,-51.309
48.342,-162.8,-81.368
-3.7713,-128.38,-40.243
1.9994,-139.97,-61.944
122.06,-252.54,-141.32
166.92,-260.11,-172.83
38.533,-189.87,-118.16
114.54,-260.8,-183.26
-8.6291,-158.65,-8.9458
186.76,-284.99,-197.01
-19.276,-120.5,1.8239
19.956,-203.89,-82.326
-26.313,-170.98,-43.022
45.365,-219.71,-95.389
-10.271,-128,-44.259
30.371,-152.32,-74.441
84.441,-245.72,-140.88
88.793,-189.77,-115.12
210.45,-273.06,-215.36
95.055,-230.87,-111.52
157.5,-287.22,-221.86
148.42,-243.02,-213.41
1.5319,-189.97,-51.837
59.647,-230.07,-117.8
140.65,-279.62,-190.46
164.73,-236.27,-188.5
116.74,-265.17,-176.39
46.173,-220.56,-112.25
136.17,-271.18,-168.01
2.59,-190.94,-71.894
137.42,-271.11,-208.88
15.014,-159.99,-87.18
178.1,-293.31,-248.32
183.02,-278.01,-254.73
-33.214,-108.48,-14.853
-1.702,-174.4,-80.057
206.58,-278.31,-209.65
215.84,-275.68,-220.72
30.256,-196.81,-110.99
44.407,-211.8,-77.659
25.042,-181.22,-105.18
33.272,-197.47,-58.115
184.52,-251.5,-228.85
112.2,-243.8,-103.13
66.783,-229.18,-72.194
106.96,-258.59,-116.04
-19.618,-121.08,9.3375
127.05,-276.5,-147.44
-16.478,-126.38,-9.1864
123.19,-218.93,-141.82
49.23,-193.67,-38.827
97.545,-259.48,-123.5
-0.42674,-145.57,-39.302
-62.57,-140.61,3.4258
70.232,-183.72,-77.543
64.238,-238.09,-109.55
86.618,-239.58,-88.402
197,-271.13,-228.64
137.71,-242.53,-180.74
101.94,-205.46,-102.19
24.785,-153.33,-29.48
214.15,-285.63,-195.61
193.49,-263.89,-183.17
119.35,-249.32,-173.9
156.49,-278.99,-150.96
34.152,-215.64,-86.139
-20.112,-122.24,-0.89218
184.47,-305.34,-231.35
116.37,-260.01,-118.8
86.456,-249.35,-103.31
95.888,-207.21,-87.458
1.6996,-145.43,-39.022
89.027,-209.88,-131.79
32.866,-159.16,-50.71
104.85,-260.68,-120.45
78.969,-194.25,-108.34
128.34,-232.08,-115.71
184.32,-287.09,-170.93
177.21,-254.59,-167.47
-23.706,-170.86,-34.188
-20.511,-181.93,-16.012
24.498,-169.41,-13.936
-34.419,-171.84,-9.0677
26.566,-197.84,-28.285
89.538,-224.62,-79.186
-25.686,-178.17,-17.224
199.99,-272.39,-184.61
120.39,-253.95,-114.26
141.13,-262.6,-194.43
173.61,-257.66,-159.37
91.444,-252.42,-141.02
159.62,-249.26,-146.23
52.438,-181.62,-90.856
106.11,-228.47,-155.26
68.681,-207.92,-121.56
22.298,-169.05,-11.722
-53.416,-156.13,2.8614
91.225,-243.71,-147.09
23.971,-154.41,-47.331
10.521,-159.19,-57.149
-30.795,-132.79,41
145.95,-287.89,-187.72
144.85,-288.94,-179.2
0.34125,-167.91,-58.047
15.35,-148.2,-15.238
-22.603,-161.85,-37.635
133.39,-229.57,-124.41
179.07,-289.05,-230.52
87.27,-250.42,-105.39
66.869,-188.71,-58.953
61.552,-181.99,-57.092
-66.865,-143.93,12.436
173.64,-248.32,-183.7
-9.2297,-140.6,18.613
-31.995,-114.87,6.9588
-11.118,-134.88,18.294
109.96,-210.2,-127.06
1.4896,-169.31,-59.411
57.333,-210.8,-114.95
104.05,-230.4,-155.43
168.67,-252.41,-156.35
18.802,-208.6,-49.613
104.24,-264.17,-143.19
130.4,-262.41,-125.64
171.49,-257.5,-156.79
38.272,-209.04,-43.157
137.55,-273.94,-140.09
71.899,-244.21,-104.63
131.95,-223.4,-145.81
-51.693,-159.55,11.491
-15.165,-185.77,-26.263
150.06,-237.72,-174.41
112.73,-212.28,-112.56
79.785,-231.98,-78.612
-1.8788,-190.94,-18.838
101.98,-209.74,-132.05
171.98,-247.28,-173.95
17.954,-179.45,-75.067
184.44,-254.72,-194.07
-18.11,-141.93,28.346
143.84,-247.79,-128.98
176.38,-251.76,-170.81
46.077,-167.54,-58.976
-18.601,-181.59,-30.787
3.9923,-155.2,-51.273
169.75,-287.41,-221.68
91.475,-231.91,-147.45
130.78,-271.9,-136.57
-45.326,-147.18,42.334
-13.639,-165.92,-46.334
174.29,-273.92,-158.54
61.251,-180.44,-58.952
77.175,-240.41,-88.633
-23.378,-177.59,-2.4924
40.803,-221.28,-63.402
199.13,-263.09,-203.78
185.08,-267.07,-168.89
150.47,-234.22,-155.76
54.413,-191.56,-43.192
115.72,-239.3,-103.54
46.668,-170.48,-44.921
139.44,-285.26,-164.56
57.677,-179.51,-53.151
156.05,-250.93,-141.22
63.764,-210.49,-119.72
154.11,-237.09,-154.06
92.92,-257.39,-124.11
9.9504,-169.7,-1.1991
81.838,-191.31,-89.515
54.053,-192.03,-42.857
113.04,-267.23,-158.84
161.8,-258.7,-145.91
222.22,-285.28,-205.53
196.64,-296.99,-184.06
10.333,-172.05,-2.3836
181.85,-266.19,-165.52
15.748,-154.85,-7.9598
148.11,-280.13,-199.85
-4.5602,-145.28,14.336
98.882,-256.16,-113.06
61.216,-222.62,-63.477
-28.215,-126.21,-12.461
185.23,-255.6,-197.49
143.01,-273.24,-140.56
34.652,-220.02,-72.443
159.66,-244.73,-186.24
88.073,-228.93,-143.98
148.37,-234.58,-145.39
181.85,-297.86,-178.66
-66.178,-148.98,25.321
106.62,-207.23,-113.56
98.252,-257.34,-146.4
83.711,-217.54,-72.501
94.41,-230.04,-149.05
-12.337,-132.88,-20.893
-20.583,-143.74,-32.041
131.14,-226.54,-124.3
-18.995,-153.37,25.647
-34.735,-110.82,16.989
49.262,-171.46,-49.149
69.984,-229.38,-127.16
49.772,-170.12,-56.554
29.963,-199.5,-89.138
85.25,-194.98,-105.4
175.73,-287.46,-166.49
24.638,-171.58,-73.547
-19.914,-182.03,-24.723
182.75,-253.72,-183.6
119.75,-247.19,-109.6
163.59,-252.51,-149.49
98.798,-208.82,-90.488
149.65,-241.79,-182.24
-46.969,-120.96,-2.7961
-32.747,-160,-27.003
102.5,-259.85,-150.56
116.49,-266.49,-128.67
111.92,-247.01,-167.32
7.8825,-174.94,-2.2912
213.18,-296.63,-194.88
159.85,-276.17,-212.41
9.7246,-180.08,-68.965
193.07,-316.91,-214.73
123.81,-243.87,-174.92
69.437,-209.43,-59.075
-31.295,-115.35,32.903
182.4,-310.61,-217.43
-63.171,-149.6,34.303
143.47,-234.6,-170.12
194.12,-304.5,-189.49
72.027,-244.4,-109.45
111.2,-268.78,-143.58
51.222,-207.64,-46.581
48.892,-185.18,-37.959
59.382,-220.78,-61.041
71.53,-185.86,-91.506
153.42,-253.2,-138.05
220.1,-289.53,-201.06
0.55613,-138.67,-26.248
-10.056,-131.36,-16.458
56.818,-200.41,-46.644
98.312,-210.16,-133.31
-39.211,-160.83,-18.108
78.627,-191.15,-100.66
126.06,-251.69,-179.77
209.24,-269.09,-210.65
101.4,-257.2,-152.11
65.684,-206.83,-119.18
-2.4672,-181.58,-4.0474
-5.6895,-188.31,-15.201
159.69,-239.79,-168.06
57.524,-185.22,-96.12
47.312,-210.23,-46.919
158.26,-269.42,-209.52
164.27,-271.39,-150.31
105.12,-216.23,-142.47
63.699,-180.99,-85.052
22.556,-182.75,-15.416
-1.6012,-150.95,-45.435
186.42,-295.65,-178.05
124.59,-255.72,-179.39
188.94,-289.05,-238.73
173.78,-305.85,-198.71
43.873,-224.84,-71.245
209.57,-270.99,-202.69
-35.351,-120.2,-4.2274
171.91,-251.86,-197.44
141.88,-287.21,-171.05
134.52,-235.13,-121.92
121.22,-268.33,-131.19
-57.818,-131.54,-1.9747
136.84,-228.56,-132.17
58.908,-185.23,-96.14
-11.812,-137.95,20.907
-29.401,-114.12,15.784
139.59,-247.07,-124.94
89.193,-237.21,-86.89
3.4183,-198.03,-49.143
-15.63,-143.76,25.87
70.745,-211.9,-60.892
136.99,-274.7,-188.82
12.069,-203.7,-58.543
81.647,-200.6,-71.859
98.292,-223.08,-147.43
105.02,-207.39,-105.24
14.242,-191.86,-73.477
22.487,-179.22,-13.829
22.095,-151.21,-37.005
76.338,-237.91,-131.36
202.71,-267.66,-220.6
4.1701,-147.78,4.2213
112.61,-232.15,-99.461
185.14,-271.01,-225.57
39.176,-211.29,-46.017
-17.275,-162.29,19.028
85.466,-194.72,-104.03
157.2,-245.51,-145.55
67.799,-195.55,-56.804
-6.3134,-132.35,-15.147
179.92,-264.41,-163.92
154.31,-278.63,-149.79
-27.334,-153.81,29.945
142.03,-282.75,-154.34
91.564,-220.47,-79.572
-30.783,-114.11,11.177
83.397,-192.95,-86.378
76.755,-222.4,-133.36
112.36,-211.15,-126.21
76.522,-229.27,-74.933
-64.625,-125.57,5.0635
20.019,-201.43,-76.896
191.29,-259.09,-202.76
173.79,-269.32,-157.26
79.412,-189.77,-91.513
160.73,-279.83,-213.41
116.51,-250.09,-171.69
112.87,-254.57,-168.16
50.225,-183.73,-93.315
220.65,-296.92,-201.11
27.37,-190.34,-85.789
-25.522,-123.09,-7.2851
5.3568,-141.09,-28.097
160.41,-296.87,-180.35
-11.687,-188.27,-28.895
170.71,-246.38,-178.75
4.3968,-187.45,-12.071
131.04,-224.86,-126.95
22.122,-199.81,-80.418
34.479,-173.74,-24.104
34.307,-168.86,-72.376
92.024,-221.44,-143.07
155.87,-277.61,-208.84
59.628,-214.06,-55.31
-31.492,-163.66,21.006
22.652,-172.1,-12.211
-24.198,-120.62,25.991
63.436,-232.34,-76.867
-70.185,-140.82,14.964
-47.354,-105.14,18.661
-23.742,-179.54,-19.322
43.969,-215.59,-101.09
168.76,-246.43,-165.82
178.23,-304.51,-188.94
142.08,-239.01,-129.46
89.524,-204.59,-124.88
-46.944,-158.9,-6.8435
-57.865,-145.96,-0.35458
75.56,-222.06,-69.03
98.207,-217.18,-142.19
154.42,-260.17,-202.51
24.649,-155.64,-22.634
61.412,-235.1,-83.934
-2.0581,-194.27,-43.677
98.57,-239.31,-154.75
160.57,-278.5,-213.24
68.845,-190.25,-60.697
19.163,-194.59,-78.384
170.41,-270.25,-154.57
39.999,-170.73,-74.817
186.07,-279.46,-232.51
-40.003,-166.52,-8.9233
-24.485,-169.94,-33.622
182.54,-253.45,-184.76
89.772,-197.1,-92.503
11.09,-156.49,-54.307
201.29,-282.87,-182.89
88.84,-209.24,-77.199
151.05,-286.47,-199.37
-33.387,-146.42,38.009
106.82,-266.11,-141.92
-18.599,-131.99,27.24
121.45,-238.5,-107.98
93.114,-240.01,-149.75
100.23,-250.69,-104.35
49.742,-193.62,-102.05
131.01,-274.91,-141.58
-25.564,-122.24,30.875
85.3,-193.59,-97.024
29.938,-213.17,-81.555
-29.707,-129.64,-16.305
161.7,-255.78,-202.21
105.44,-237.12,-95.427
-54.446,-157.06,9.2007
-19.594,-124.68,-7.4742
120.83,-226.95,-158.77
34.507,-176.93,-23.749
87.286,-243.15,-142.62
175.43,-299.95,-180.73
131.77,-280.97,-159.48
-30.13,-114.34,27.066
-0.15553,-141.77,-33.32
77.653,-207.84,-125.95
13.237,-205.03,-57.503
-33.806,-172.49,-4.3705
162.17,-242.24,-160.45
19.829,-207.2,-43.183
205.01,-306.94,-195.75
22.869,-154.65,-49.099
126.97,-274.78,-173.48
-16.455,-170,-43.469
-28.178,-128.78,38.045
14.688,-205.65,-60.487
48.794,-200.31,-40.889
90.283,-255.81,-122.36
12.444,-196.56,-24.863
184.43,-309.69,-198.56
187.41,-279.05,-170.24
144.33,-287.33,-165.27
-50.833,-104.65,17.992
92.126,-250.24,-103.47
147.26,-255,-195.2
121.09,-272.49,-140.55
-33.576,-165.86,-22.968
181.9,-292.72,-173.59
135.3,-281.68,-155.88
194.25,-282.53,-176.56
-33.395,-111.3,18.87
94.229,-250.75,-104.11
157.89,-273.28,-210.3
165.08,-245.17,-159.86
153.97,-257.18,-138.6
-106.28,-54.026,-87.022
141.91,-212.14,-260.49
-76.011,-37.201,-81.75
48.55,-120.48,-190.31
116.05,-181.82,-292.06
60.249,-128.09,-206.31
134.19,-221.53,-265.53
106.99,-212.33,-253.37
24,-135.36,-214.57
-66.526,-57.472,-113.78
140.93,-202.16,-317.84
170.38,-196.67,-299
-11.133,-83.122,-122.01
87.176,-195.74,-271.41
20.895,-148.63,-159.68
9.4661,-125.3,-200.52
30.459,-114.25,-196.5
129.28,-172.41,-258.91
93.773,-187.03,-220.04
-73.893,-67.22,-117.45
-72.785,-40.631,-88.087
-54.014,-66.87,-127.14
8.0032,-153.57,-178.51
-6.8381,-140.08,-179.52
77.856,-181.32,-208.98
119.47,-216.13,-299.8
148.45,-187.23,-302.33
0.063117,-102.06,-178.79
-6.7575,-84.357,-131
137.58,-231.13,-280.94
104.54,-189.49,-289.45
113.47,-165.04,-269.26
-48.753,-94.848,-145.86
22.256,-162.38,-187.01
90.192,-196.35,-228.47
20.63,-146.24,-213.22
65.467,-167.67,-192.98
0.44199,-124.1,-193.43
97.985,-175.18,-217.38
-51.881,-59.15,-117.03
48.775,-122.3,-204.25
-55.678,-103.89,-94.818
-50.728,-105.63,-96.854
71.109,-170.27,-197.56
-31.511,-74.11,-95.398
-50.832,-90.913,-80.495
110.57,-169.64,-230.63
13.824,-157.36,-183.23
-105.67,-41.732,-83.221
108.85,-216.86,-266.29
86.173,-161.77,-206.23
-30.825,-118.26,-114.99
131.73,-172.82,-267.44
-58.236,-101.79,-91.68
-82.625,-85.814,-106.62
111.44,-191.02,-294.82
162.51,-208.89,-275
81.458,-197.37,-232.34
121.87,-173,-243.51
-43.442,-86.712,-147.39
-18.026,-76.616,-119.63
45.412,-169.49,-189.34
89.736,-189.71,-276.71
143.36,-229.48,-276.82
59.22,-134.14,-185.29
149.01,-240.32,-297.45
-84.334,-79.081,-58.403
31.505,-109.49,-171.77
49.325,-174.15,-235.31
-20.341,-89.356,-103.84
-67.895,-48.117,-58.061
96.901,-177.26,-279.68
61.319,-153.23,-183.79
66.043,-190.15,-240.42
-73.525,-75.649,-120.51
105.5,-158.25,-256.78
-62.314,-48.868,-100.67
26.657,-109.9,-157.27
48.648,-120.5,-193.94
112.75,-164.89,-238.22
119.42,-223.69,-284.25
11.816,-124.13,-201.5
-64.335,-72.616,-61.392
129.66,-225.94,-273.06
48.008,-131.38,-171.86
44.989,-121.13,-204.52
-93.057,-69.63,-100.5
-56.353,-79.984,-135.51
36.765,-172.08,-210.92
18.217,-151.31,-208.59
129.79,-178.88,-291.31
-53.98,-83.989,-74.123
35.283,-157.46,-172.72
18.379,-104.03,-180.11
175.61,-219,-286.57
-65.226,-79.734,-65.005
5.0138,-151.42,-173.27
75.689,-154.05,-253.15
127.85,-194.18,-306.2
-83.718,-42.095,-92.491
4.5954,-105.96,-184.16
139.82,-180.75,-291.77
4.0317,-94.107,-136
162.57,-192.59,-305.58
48.596,-120.44,-192.95
-54.566,-80.598,-137.02
57.662,-130.44,-186.78
51.585,-181.53,-216.46
-80.83,-32.295,-71.662
-16.155,-94.201,-107.87
119.99,-189,-298.97
94.26,-168.11,-213.59
-106.57,-45.3,-84.391
-44.039,-81.216,-143.63
77.263,-197.14,-250.59
-21.254,-130.7,-135.62
49.537,-170.9,-238.05
-32.712,-115.52,-111.06
14.196,-103.01,-143.29
-67.707,-70.572,-58.079
102.97,-191.97,-288.67
77.481,-191.35,-261.37
39.985,-119.33,-169.33
-93.515,-83.299,-83.793
-52.998,-82.125,-138.81
-10.387,-133.47,-180.53
59.869,-159.86,-185.27
-45.592,-72.518,-135.41
155.37,-205.79,-327.05
-32.265,-122.13,-155.89
56.288,-168.36,-189.72
168.94,-237.57,-290.98
-64.371,-89.084,-130.03
-45.67,-116.85,-133.61
13.032,-125.84,-139.01
56.532,-184.81,-222.72
112.16,-203.88,-241.27
-2.3165,-105.08,-181.14
137.84,-234.29,-290.76
152.82,-210.43,-266.99
122.78,-170.27,-276.39
-62.093,-93.991,-131.55
117.42,-185.04,-234.72
72.248,-191.63,-223.98
-32.616,-78.79,-91.785
109.97,-168.34,-230.62
130.28,-171.98,-265.42
98.353,-178.26,-281.05
110.51,-164.61,-269.64
-34.694,-64.941,-102.81
112.69,-162.36,-243.33
35.026,-170.44,-212.21
138.01,-193.36,-310.02
48.024,-120.93,-184.76
101.1,-208.91,-248.54
72.138,-160.5,-256.5
155.48,-229.59,-279.21
-25.874,-74.136,-136.88
-71.238,-91.763,-76.957
-94.681,-31.754,-77.851
-26.003,-108.17,-105.57
127.27,-224.8,-302.46
9.6922,-95.241,-148.54
123.16,-193.81,-240.88
86.416,-201.71,-262.38
-80.424,-56.315,-107.09
57.609,-130.45,-219.19
129.53,-175.81,-252.57
28.995,-110.93,-189.99
-15.998,-81.503,-114.42
144.51,-226.31,-272.94
81.384,-200.04,-242.3
171.14,-216.11,-282.6
3.71,-91.322,-156.34
135.03,-180.39,-256.07
-24.115,-131.63,-154.6
-53.45,-111.13,-112.25
-65.58,-74.774,-61.638
93.752,-193,-280.18
42.938,-153.43,-233.94
150.88,-193.15,-267.6
-23.747,-71.812,-118.92
12.411,-108.43,-137.18
-97.693,-42.799,-88.421
151.96,-212.67,-266.99
-44.281,-117.6,-121.93
-22.582,-74.452,-134.74
-54.247,-88.587,-139.98
72.347,-191,-222.4
81.088,-197.89,-234.02
-46.403,-91.713,-83.364
-83.322,-84.831,-67.544
87.417,-160.9,-263.37
142.08,-226.52,-321.92
-4.264,-109.51,-183.69
160.74,-241.3,-294.15
-51.695,-81.21,-74.226
21.114,-146.99,-157.94
-77.512,-56.033,-45.469
84.319,-190.29,-270.8
108.12,-158.47,-252.34
10.064,-99.423,-174.22
73.474,-194.82,-247.03
-76.799,-90.075,-75.424
28.607,-112.31,-157.73
35.145,-140.24,-224.04
37.519,-119.33,-165.16
8.5833,-102.3,-179.83
137.36,-176.66,-280.11
2.0159,-139.45,-193.84
170.21,-237.15,-291.05
137.04,-184.85,-255.15
26.757,-122.29,-207.17
73.401,-159.96,-256.84
28.395,-107.97,-165.94
162.26,-191.74,-301.76
107.66,-160.9,-262.65
65.841,-131.61,-210.23
-42.746,-58.459,-104.24
-93.919,-65.436,-99.933
51.737,-158.91,-242.05
158.09,-244.22,-300.66
-3.7613,-89.216,-158.68
129,-173.79,-281.2
-84.373,-79.555,-108.31
28.483,-146.72,-220.77
-2.0727,-144.21,-182.49
161.7,-208.71,-274.27
12.998,-138.82,-206.19
80.551,-188.98,-266.97
-94.629,-70.189,-98.483
-48.22,-88.194,-80.101
96.534,-205.81,-243.8
63.817,-186.93,-217.86
60.939,-187.65,-230.11
-78.633,-93.157,-85.731
-0.72405,-91.242,-161.58
11.516,-96.361,-150.88
117.79,-222.64,-276.72
34.28,-147.35,-225.79
-31.782,-69.026,-100.63
-7.0737,-103.06,-116.98
83.508,-199.81,-259.99
123.63,-202.17,-244.83
-81.171,-82.903,-111.08
-68.429,-92.417,-123.82
45.841,-148.96,-171.18
100.64,-161.53,-222.81
-34.259,-124.94,-143.34
-50.129,-83.618,-141.46
-37.73,-73.732,-138.36
-27.737,-108.19,-104.76
-60.367,-45.875,-82.221
183.6,-223.06,-293.69
29.493,-139.11,-219.82
95.068,-187.78,-281.65
-29.222,-118.78,-115.74
-69.86,-83.705,-66.549
128.13,-221.77,-265.64
148.08,-208.67,-325.39
-4.3246,-105.64,-119.76
-82.233,-53.072,-103.79
114.28,-177.34,-287.43
-87.702,-72.912,-106.11
120.28,-184.53,-295.93
120.09,-186.25,-237.09
-73.469,-54.497,-49.199
-76.622,-88.149,-114.47
86.959,-147.47,-216.92
30.496,-157.12,-171.5
69.472,-139.13,-196.53
-45.869,-101.54,-148.7
102.76,-177.25,-282.8
-50.617,-62.616,-74.591
52.004,-152.31,-240.29
-63.764,-100.12,-90.435
65.068,-189.51,-239.64
147.76,-236.86,-288.95
81.476,-183.32,-212.05
-102.03,-40.62,-84.605
44.688,-166.71,-234.16
142.47,-222.39,-268.32
173.2,-213.49,-284.75
-41.392,-103.29,-153.27
32.212,-109.72,-178.58
103.66,-167.76,-274.62
161.7,-191.1,-298.36
-12.483,-100.08,-111.65
68.56,-181.8,-207.38
36.54,-168.37,-189.57
-37.209,-62.318,-108.9
70.606,-152.71,-250.19
-25.444,-113.65,-110.44
-23.334,-114.13,-111.64
-46.2,-79.156,-141.05
87.278,-151.7,-211.75
53.222,-140.11,-175.53
42.716,-176.13,-212.85
78.816,-145.56,-204.7
-38.423,-63.579,-95.359
-25.561,-83.377,-99.05
1.4799,-119.34,-128.26
-21.529,-86.63,-103.01
-44.617,-114.3,-111.53
136.33,-209.63,-256.01
6.3033,-149.42,-162.95
24.466,-149.05,-161
-75.707,-37.946,-55.07
-44.842,-71.159,-134.1
1.8441,-131.29,-136.5
-97.271,-79.617,-65.565
30.488,-145.65,-160.42
-27.13,-119.83,-165.63
130.97,-201.19,-248.76
-45.003,-87.258,-146.65
-65.322,-64.441,-120.65
-74.811,-96.436,-92.57
-85.12,-89.588,-87.712
-25.541,-107.09,-168.26
-22.016,-133.04,-145.09
-83.04,-89.509,-79.163
77.133,-182.77,-210.15
-27.369,-98.394,-163.69
182.92,-222.17,-293.1
66.903,-177.11,-255.76
0.77913,-136.18,-141.35
141.19,-209.17,-321.28
167.99,-212.48,-279.85
11.492,-150.39,-199.38
9.11,-99.672,-175.13
-13.488,-85.516,-114.54
-22.576,-93.209,-162.86
-90.463,-36.058,-83.971
131.8,-224.45,-269.65
-30.864,-90.055,-156.6
-7.043,-137.97,-181.79
80.318,-172.93,-204.26
-62.43,-87.078,-132.18
-49.87,-53.76,-100.2
59.659,-165.03,-249.49
-64.86,-94.741,-127.55
166.21,-194.53,-307.54
-27.618,-128.31,-135.21
-15.67,-83.566,-112.74
61.874,-164.11,-188.82
-86.269,-67.503,-107.57
176.74,-234.24,-291.95
-23.057,-112.42,-110.26
-51.639,-74.53,-72.174
35.247,-139.9,-223.94
45.953,-119.38,-197.02
59.657,-160.49,-248.53
82.596,-193.63,-224.57
66.632,-189.08,-245.27
17.39,-153.63,-205.61
21.876,-161.92,-185.53
37.708,-133.05,-160.68
59.281,-184.26,-214.23
-90.327,-52.982,-99.226
88.506,-203.36,-263.31
113.39,-164.03,-240.95
-5.6545,-141.24,-180.07
-79.854,-31.967,-65.672
170.19,-228.69,-285.28
48.698,-172.1,-193.19
-2.3876,-103.45,-179.6
35.165,-142.76,-161.38
35.66,-167.86,-219.81
-7.9441,-136.72,-181.56
58.806,-132.54,-186.2
1.6282,-94.08,-131.4
97.145,-182.41,-219.13
69.434,-148.4,-245.7
-62.079,-54.374,-62.799
73.807,-142.18,-200.26
61.024,-156.78,-184.66
115.83,-199.18,-300.06
51.9,-180.61,-236.4
79.486,-218.78,-238.26
-114.62,-82.903,-67.822
36.722,-185.69,-178.79
49.375,-155.05,-166.25
50.337,-159.61,-166.74
-0.057067,-131.97,-118.76
145.81,-200.95,-278
-87.308,-52.461,-72.495
42.425,-147.18,-160.67
81.424,-217.43,-227.59
-30.7,-146.91,-130.85
121.73,-188.83,-242.2
27.743,-176.46,-211.92
-7.2572,-144.03,-120.97
-27.234,-137.84,-160.35
129.07,-237.33,-254.08
37.912,-181.67,-222.01
114.8,-182.55,-241.64
-71.898,-80.502,-45.69
-99.719,-68.031,-84.834
-97.587,-86.621,-90.045
123.72,-245.41,-284.98
64.337,-159.1,-182.61
4.2604,-118.19,-125.71
-2.4337,-125.62,-175.92
-89.629,-102.55,-91.38
71.125,-205.31,-250.83
-58.67,-67.056,-76.557
59.062,-196.62,-194.24
180.96,-231.84,-287.64
36.466,-175.64,-165.53
148.11,-260.22,-294.68
133.27,-245.99,-266.76
-5.1238,-164.57,-160.21
-107.98,-92.939,-62.072
-88.518,-87.135,-38.628
-88.771,-85.7,-99.3
136.84,-253.8,-293.6
-41.305,-139.97,-129.73
39.293,-154.52,-216.92
-61.241,-114.35,-126.66
-17.779,-135.15,-170.5
3.5937,-110.72,-148.89
-41.098,-102.23,-140.18
123.31,-213.9,-235.03
85.569,-192.88,-201.68
128.1,-206.46,-238.29
106.79,-213.55,-285.9
2.2508,-127.3,-179.18
60.235,-191.74,-188.59
-79.012,-96.559,-109.53
70.179,-177.87,-248.04
-71.178,-115.95,-109.77
58.663,-162.36,-174.79
-91.038,-59.432,-82.382
155.72,-206.93,-283.49
88.138,-169.22,-241
-46.277,-136.7,-120.21
50.48,-174.41,-170.98
-42.593,-139.15,-122.25
-7.8307,-132.28,-177.39
-29.633,-140.76,-155.52
-1.9818,-165.23,-154.05
17.715,-130.96,-186.84
-17.523,-106.31,-151.21
54.864,-198.14,-197.24
-107.42,-92.026,-68.643
158.35,-215.14,-309.5
54.471,-197.31,-233.64
-7.4481,-126.6,-111.39
150.69,-262.16,-299.59
111.84,-200.63,-223.53
-50.577,-132.99,-109.65
12.793,-122.28,-173.66
-44.476,-78.719,-106.01
139.77,-246.67,-312.62
16.934,-154,-139.89
-54.514,-116.51,-78.801
7.1477,-125.18,-178.22
139.44,-202.76,-253.73
87.771,-207.26,-212.1
-50.408,-76.515,-74.466
122.32,-241.7,-262
104.93,-212.44,-284.25
-68.928,-76.992,-48.194
-46.037,-114.87,-142.55
146.35,-212.66,-305.73
-58.877,-125.54,-120.47
-12.497,-150.3,-126.94
58.972,-148.41,-207.51
-12.252,-100.91,-137.75
139.75,-235.29,-315.35
40.397,-135.93,-170.35
-76.707,-70.946,-40.171
-12.401,-146.69,-175.14
139.69,-207.06,-297.84
-108.95,-74.335,-78.705
129.96,-241.05,-259.05
91.484,-196.73,-270.21
-48.078,-126.91,-138.2
58.1,-205.46,-221.29
77.948,-166.26,-196.35
5.9455,-152.31,-133.35
28.157,-134.99,-192.79
-22.913,-96.161,-102.11
68.647,-192.28,-192.05
139.21,-254.41,-300.52
-12.252,-157.61,-141.56
-53.252,-123.54,-132.91
-94.319,-96.572,-50.013
-39.053,-95.848,-79.122
-64.32,-110.33,-124.06
1.1755,-110.48,-152.6
-12.609,-138.72,-175.54
138.62,-230.68,-251.98
134.84,-235.28,-253.56
53.993,-149.2,-212.79
60.334,-157.5,-178.29
-2.8769,-120.8,-115.51
128.74,-221.78,-304.28
40.222,-137.39,-166.36
6.5821,-114.1,-157.8
-24.478,-92.702,-126.29
126.17,-219.84,-239.19
-84.009,-98.423,-103.44
27.345,-131.52,-150.2
-106.02,-71.444,-81.161
80.941,-216.36,-225.14
154.08,-222.1,-317.65
122.23,-233.65,-298.27
97.661,-191.86,-210.67
66.856,-210.1,-220.51
-21.005,-149.48,-127.34
-18.666,-104.21,-148.17
-60.701,-116.16,-126.64
25.51,-129.36,-149.54
-101.61,-97.028,-58.487
92.36,-223.54,-235.7
128.61,-211.34,-238.65
94.923,-196.07,-272.03
146.66,-224.19,-254.97
104.31,-202.61,-280.83
19.902,-157.96,-206.34
69.214,-205.6,-207.54
18.032,-163.45,-204.88
107.25,-233.66,-251.66
45.754,-154.71,-162.5
116.28,-191.77,-275.57
55.967,-190.08,-239.64
-51.356,-73.748,-98.591
97.918,-172.72,-242.44
70.693,-192.65,-253.57
49.375,-150.63,-167.81
79.018,-204.91,-207.25
-47.917,-101.3,-71.426
56.433,-162.74,-172.52
-62.684,-103.57,-63.572
-27.981,-97.044,-137.72
-20.852,-119.55,-162.57
22.095,-179.33,-171.65
27.066,-179.49,-169.79
49.15,-187.94,-181.94
4.6329,-133.92,-185.55
121.81,-244.59,-281.01
132.91,-241.02,-259.17
-52.498,-125.59,-91.657
103.73,-233.21,-255.27
138.15,-213,-247.23
-39.21,-131.2,-147.96
-35.78,-83.66,-109.67
139.08,-255,-288.5
87.43,-178.1,-254.8
71.932,-170.26,-187.28
-71.451,-113.95,-75.656
85.945,-184.19,-199.94
-14.264,-129.49,-107.41
79.619,-214.82,-222.26
14.305,-120.11,-167.9
128.03,-247.53,-290.88
136.03,-252.64,-282.65
166.01,-213.71,-287.97
-3.5802,-156.26,-135.58
42.958,-183.7,-227.15
28.641,-128.35,-177.57
-38.844,-138.99,-113.85
91.047,-167.4,-222.12
-30.808,-119.45,-156.05
49.581,-160.47,-166.05
-87.077,-103.5,-95.178
135.03,-252.81,-289.19
-65.562,-87.436,-52.855
-52.996,-123.71,-133.17
-27.238,-108.43,-151.27
155.2,-208.4,-274.06
-51.989,-121.27,-85.019
-76.831,-70.435,-97.944
59.589,-185.11,-243.41
30.292,-173.5,-161.62
105.06,-195.01,-276.4
31.621,-160.23,-215.86
32.948,-170.56,-218.98
55.224,-159.99,-171.58
22.341,-167.64,-208.74
-91.095,-105.15,-74.727
-58.871,-67.189,-74.294
1.2138,-119.94,-170.85
110.46,-215.75,-228.22
1.2323,-109.26,-134.32
-74.136,-113.69,-107.04
24.606,-183.02,-180.57
-93.938,-103.14,-73.782
-38.125,-104.49,-143.3
1.9103,-138.09,-186.48
-31.462,-122.05,-156.38
-90.189,-104.45,-66.818
-105.65,-63.162,-78.39
-41.97,-80.218,-107.59
102.49,-200.99,-278.96
30.595,-149.37,-148.03
-30.489,-127.84,-97.672
61.014,-197.97,-196.19
15.359,-147.41,-199.56
5.971,-118.82,-127.81
122.5,-231.92,-246.63
135.83,-214.31,-245.04
-19.145,-146.42,-166.73
131.83,-220.11,-242.97
-33.48,-145.45,-132.3
16.348,-178.75,-182.35
56.116,-145.56,-187.66
142.74,-239.13,-318.03
138.23,-205.7,-295.9
117.34,-186.38,-237.75
-12.119,-118.54,-166
129.21,-196.96,-244.1
19.217,-121.67,-150.68
-13.112,-128.61,-172.2
45.678,-175.94,-169.4
-7.5797,-161.99,-150.69
-41.291,-118.06,-147.25
164.06,-232.17,-270.17
16.932,-147.28,-200.49
116.85,-217.41,-294.48
-1.811,-111.8,-158.09
-82.618,-68.444,-94.1
101.38,-228.86,-243.23
-1.6263,-155.14,-185.1
20.063,-142.47,-137.86
-103.14,-83.997,-83.985
-88.31,-90.392,-41.82
99.466,-180.48,-259.07
-12.515,-135.64,-112.06
-37.797,-82.102,-106.69
-39.78,-134.3,-145.18
-97.332,-75.839,-89.682
34.711,-189.85,-205.94
-64.743,-90.241,-54.459
161.12,-217.25,-271.79
126.36,-246.31,-272.08
-6.9546,-110.83,-114.41
62.323,-149.95,-191.88
57.6,-182.98,-241.49
-54.898,-105.86,-133.05
-52.496,-126.17,-132.02
140.65,-209.66,-301.23
85.622,-222.19,-239.82
81.39,-213.39,-258.73
115.35,-234.57,-288.75
23.269,-147.05,-141.37
100.55,-219.84,-279.22
44.845,-169.98,-228.61
-1.7588,-147.68,-186.13
-59.635,-120.01,-125.88
-3.0013,-158.99,-139.85
-71.779,-79.598,-45.62
80.417,-163.82,-232.62
113.85,-224.65,-292.02
78.744,-162.46,-202.18
-72.426,-99.108,-116.23
138.8,-235.55,-314.53
-24.517,-96.128,-99.143
-105.64,-94.743,-62.589
-27.437,-137.71,-108.9
-66.917,-96.76,-56.431
128.71,-240.47,-258.21
-16.146,-98.517,-113.22
-32.605,-135.72,-154.46
32.582,-130.24,-178.09
-37.112,-82.574,-107.32
73.304,-165.23,-236.85
140.79,-198.55,-264.73
148.42,-255.65,-281.07
88.417,-169.74,-209.28
22.524,-179.84,-200.22
-104.2,-89.59,-79.343
63.156,-155.28,-221.75
-6.3083,-133.16,-178.8
28.156,-132.4,-150.63
54.89,-195.99,-235.45
50.558,-160.61,-226.5
-79.058,-113.5,-84.25
-19.432,-96.931,-133.76
85.277,-165.92,-209.47
-100.69,-59.694,-79.006
82.805,-205.47,-208.83
105.67,-198.61,-279.3
159.6,-246.08,-272.28
-68.25,-97.119,-119.7
-28.802,-90.12,-99.516
-35.536,-111.64,-84.655
-25.587,-150.78,-139.45
153.27,-247.97,-271.28
-44.135,-79.781,-108.97
-1.3569,-107.77,-130.62
-28.894,-139.63,-111.5
-71.675,-110.48,-114.45
45.781,-144.47,-206.13
55.124,-158.83,-171.68
-61.31,-68.528,-93.851
115.91,-185.68,-236.12
90.145,-185.58,-203.74
17.571,-168.92,-202.87
128.82,-243.63,-263.46
94.442,-170.38,-221.21
-59.25,-86.516,-119.41
60.581,-159.49,-177.67
38.89,-138.54,-196.78
-65.939,-87.249,-52.491
136.85,-200.52,-252.15
75.96,-157.91,-208.17
-35.895,-115.35,-150.79
139.34,-196.97,-271.36
-52.083,-75.458,-72.548
-4.6912,-126.79,-113.78
17.061,-125.92,-138.98
-31.666,-88.054,-96.746
-22.498,-92.512,-119.87
72.765,-212.11,-219.92
120.72,-228.2,-242.37
13.168,-130.29,-185.33
79.131,-200.51,-261.25
-57.787,-121.3,-85.272
138.47,-249.16,-271.4
-58.1,-89.195,-59.705
-21.001,-145.54,-164.69
-64.511,-111,-123.68
0.47184,-165.68,-178.83
-35.651,-83.281,-101.2
2.4956,-111.44,-131.31
42.411,-189.08,-223.17
55.48,-154.87,-173.45
169.81,-244.16,-277.09
45.637,-192.37,-188.91
121.72,-228.49,-299.16
125.66,-191.4,-272.4
-43.592,-136.35,-135.23
17.668,-172.89,-200.41
98.006,-225.48,-271.66
132.74,-202.36,-244.79
76.99,-207.51,-257.05
7.1744,-160.82,-193.56
88.608,-224.44,-249.17
-35.516,-130.57,-152.72
104.97,-210.59,-283.99
-8.6075,-105.96,-148.73
147.33,-233.78,-321.02
159.15,-221.44,-318.29
-59.843,-67.045,-70.813
-30.581,-112.29,-152.59
162.56,-248.6,-275.41
175.58,-246.93,-281.96
0.99325,-134.55,-184.02
-4.3014,-165.06,-159.99
-0.40576,-121.52,-172.52
-16.368,-155.1,-138.39
159.75,-209.78,-283.1
52.944,-213.84,-184.76
7.1046,-191.57,-159.53
48.233,-218.81,-203.88
-61.398,-92.148,-53.597
71.248,-231.7,-235.74
-53.562,-91.397,-71.46
85.296,-185.24,-204.03
-8.5013,-166.3,-117.09
42.584,-212.49,-212.44
-34.942,-103.87,-103.56
-102.9,-85.725,-75.903
27.462,-154.48,-141.71
15.842,-184.44,-196.33
26.772,-203.59,-174.78
163.8,-231.61,-290.03
104.39,-197.47,-246.09
56.698,-178.3,-167.46
-19.459,-125.45,-94.223
161.39,-263.02,-265.48
146.25,-240.1,-248.18
83.675,-196.77,-246.84
97.155,-246.3,-234.54
-11.292,-160.37,-170.99
-58.394,-89.25,-63.02
142.42,-252.49,-311.05
56.91,-223.41,-205.21
28.896,-206.18,-192.29
45.378,-182.06,-156.77
-33.162,-104.85,-102.86
55.099,-165.41,-197.35
-6.5234,-126.49,-113.76
47.349,-217.96,-209.06
42.944,-156.28,-171.58
75.545,-207.49,-186.98
125.91,-258.89,-250.47
129.47,-230.45,-233.23
-65.517,-115.23,-115.56
-73.289,-132.09,-104.67
-30.952,-143.81,-88.639
-84.482,-119.84,-96.428
-33.426,-162.76,-114.2
30.916,-196.09,-159.17
-76.035,-126.19,-104.86
149.52,-249.52,-252.29
60.735,-221.98,-197.68
105.66,-210.51,-266.83
122.3,-234.09,-228.41
46.246,-197.74,-225.22
108.15,-225.35,-215.67
17.775,-139.74,-155.39
72.329,-180.22,-223.28
34.373,-157.86,-191.36
-33.555,-143.26,-86.967
-100.03,-102.4,-82.146
51.27,-188.45,-226.29
-13.862,-119.66,-110.21
-23.431,-113.77,-123.4
-86.836,-107.53,-34.078
98.765,-235.62,-272.3
94.281,-238.95,-265.69
-34.839,-115.74,-130.21
-31.191,-121.88,-81.271
-60.23,-107.24,-114
84.005,-204.77,-192.32
142.96,-237.05,-303.53
30.011,-206.7,-194.44
15.927,-163.49,-128.76
12.914,-156.2,-124.91
-111.1,-89.572,-70.55
134.57,-217.98,-244.81
-62.491,-116.09,-53.08
-69.098,-80.468,-54.93
-62.068,-110.46,-50.961
71.312,-177.15,-189.61
-33.81,-116.93,-131.84
21.125,-157.2,-189.15
69.968,-180.76,-224.72
118.68,-228.58,-224.2
-35.809,-160.32,-139.08
54.129,-212.51,-230.37
70.772,-229.53,-209.65
119.56,-233.88,-226.51
-21.551,-172.09,-130.18
78.438,-237.14,-226.27
18.555,-194.72,-193.63
92.838,-191.57,-207.99
-102.92,-109.01,-76.061
-66.144,-134.11,-114.33
114.32,-201.6,-236.08
67.587,-185.24,-177.65
19.787,-197.67,-163.99
-59.187,-147.14,-108
66.433,-171.27,-195.13
129.84,-219.8,-236.25
-17.173,-127.36,-147.12
145.6,-224.59,-254.8
-74.246,-116.43,-46.993
88.573,-222.82,-203.06
130.95,-226.59,-234.89
5.1387,-136.57,-122.45
-66.007,-127.51,-116.84
-29.913,-109.53,-117.64
132.17,-234.46,-296.86
55.61,-178.89,-220.9
71.972,-233.54,-223.52
-104.75,-112.83,-42.492
-50.616,-111.68,-121.77
117.07,-247.87,-235.36
13.874,-154.15,-125.82
18.421,-199.75,-177.11
-79.346,-131.99,-91.515
-15.946,-176.07,-152.96
159.09,-234.85,-264.45
132.57,-243.75,-238.99
108.89,-205.52,-218.33
-1.6792,-165.49,-118.87
57.662,-211.7,-182.31
-0.59312,-144.17,-111.68
85.389,-238.58,-252.36
8.9353,-153.76,-121.05
102.63,-226.78,-212.83
28.568,-158.29,-191.92
110.43,-210.15,-217.58
39.524,-208.41,-212.81
-48.371,-141.7,-80.512
39.39,-161.86,-153.49
-2.276,-165.82,-118.88
66.537,-213.61,-243.65
106.71,-234.13,-219.52
172.18,-263.04,-272.35
138.11,-268.07,-264.22
-48.391,-143.36,-82.582
128.83,-242.71,-236.27
-35.814,-130.01,-78.136
107.79,-226.09,-278.6
-58.441,-120.57,-58.135
40.963,-214.1,-201.65
1.262,-186.71,-149.92
-62.417,-84.593,-76.338
147.26,-224.47,-258.02
83.574,-238.97,-225.34
-17.456,-168.98,-161.24
124.65,-207.63,-247.84
52.389,-176.09,-217.12
103.08,-208.48,-209.98
123.02,-263.74,-262.72
-117.02,-98.515,-61.781
64.393,-177.93,-177.21
52.472,-203.03,-230.94
25.779,-189.98,-151.11
59.378,-178.18,-220.85
-47.812,-94.485,-83.863
-54.446,-95.489,-100.15
83.049,-201.29,-191.18
-77.871,-124.32,-54.949
-73.841,-79.436,-44.885
2.8953,-144.7,-115.3
30.327,-173.89,-206.21
6.554,-141.25,-120.92
-8.3287,-144.28,-166.6
47.029,-160.84,-168.26
116.71,-256.72,-248.41
-9.3048,-124.65,-140.82
-69.553,-129.38,-112.09
140.57,-226.67,-245.65
60.732,-217.85,-190.55
111.7,-228.7,-219.3
48.479,-183.66,-159.6
115.51,-201.95,-244.83
-80.451,-74.943,-68.968
-72.337,-104.72,-105.85
56.84,-205.59,-234.94
58.51,-225.24,-216.76
75.579,-193.72,-241.44
-51.521,-144.58,-84.337
156.56,-271.74,-270.3
123.96,-223.97,-285.33
-26.774,-126.15,-143.69
139.73,-271.74,-300.74
89.753,-194.08,-244.28
11.183,-181.42,-138.31
-78.341,-90.31,-32.76
133.66,-260.69,-302
-117.99,-103.58,-53.815
108.07,-197.49,-232.12
135.41,-271.06,-272.94
20.397,-193.24,-197.83
58.729,-219.37,-231.63
-8.6103,-175.82,-130.07
-6.2446,-159.57,-112.34
-0.60806,-185.21,-147.28
33.074,-151.91,-154.48
98.408,-228.51,-211.68
167.23,-267.06,-270.94
-36.633,-103.34,-88.868
-46.982,-95.881,-78.907
-1.3077,-172.57,-125.64
63.595,-169.45,-197.09
-81.519,-105.48,-99.79
40.832,-156.31,-163.57
90.857,-199.77,-251.79
168.36,-242.03,-271.37
57.368,-202.39,-235.2
31.262,-156.41,-189.35
-62.053,-144.49,-90.926
-62.947,-144.5,-104.31
119.57,-210.03,-229.86
22.913,-143.2,-160.7
-12.738,-175.97,-132.32
123.79,-218.77,-279.91
106.21,-244.02,-228.93
70.845,-174.34,-206.61
25.546,-146.56,-148.04
-36.588,-153.18,-96.654
-35.488,-105.52,-111.62
127.49,-264.3,-260.29
88.083,-202.47,-253.66
154.55,-238.8,-308.75
120.83,-259.36,-285.24
-11.568,-177.63,-160.83
165.02,-246.53,-265.38
-69.623,-79.275,-67.701
137,-215.2,-258.62
89.248,-239.03,-258.41
82.169,-210.68,-192.64
62.911,-228.06,-218.94
-93.708,-78.712,-75.323
90.227,-202.84,-197.87
24.115,-143.84,-160.47
-64.68,-113.54,-50.313
-69.897,-84.181,-46.519
83.636,-221.66,-200.02
29.236,-203.41,-171.88
-45.694,-144.7,-136.44
-71.799,-118.21,-49.54
12.156,-183.4,-140.82
95.9,-220.35,-268.57
-36.631,-150.05,-145.63
29.488,-175.51,-142.82
64.48,-174.94,-215.41
59.848,-180.23,-170.44
-25.173,-136.23,-152.38
-36.047,-150.85,-93.615
-18.255,-119.82,-100.16
34.499,-182.3,-212.74
166.91,-234.31,-280.42
-47.973,-123.14,-66.418
55.862,-205.88,-175.95
152.45,-227.03,-289.52
-20.461,-173.32,-133.55
-76.934,-130.03,-64.592
46.79,-161.22,-166.92
107.07,-221.42,-213.74
13.614,-170.22,-130.02
-44.574,-98.901,-77.57
127.17,-240.92,-234.39
94.955,-245.39,-233.77
-86.83,-122.28,-53.003
84.655,-241.37,-241.91
34.215,-193.54,-157.14
-69.369,-81.908,-50.724
39.011,-165.03,-151.3
40.853,-169.23,-206.95
72.744,-179.34,-188.9
16.512,-195.24,-160.13
-100.19,-73.153,-67.667
-22.143,-145.49,-158.84
153.28,-228.29,-263.1
117.71,-244.36,-232.15
38.563,-158.77,-154.91
123.85,-227,-287.78
80.136,-196.83,-245.83
74.16,-199.99,-245.61
16.065,-139.55,-158.92
165.23,-273.28,-274.42
-8.7229,-136.83,-159.82
-60.97,-85.157,-69.91
-32.615,-106.9,-90.734
105.47,-252.28,-267.63
-63.002,-136.83,-117.15
130.85,-216.78,-240.18
-55.114,-149.64,-99.367
84.515,-198.95,-192.67
-18.465,-143.93,-160.71
-19.998,-148.42,-97.61
-0.47124,-127.4,-136.74
57.991,-172.21,-212.02
118.69,-224.52,-283.68
-0.26309,-181.9,-139.1
-90.416,-125.17,-66.159
-34.099,-145.72,-88.785
-71.414,-95.478,-39.918
4.8907,-190.91,-165.67
-113.86,-86.384,-67.499
-83.443,-69.499,-43.042
-74.035,-127.47,-106.96
2.7865,-159.68,-182
124.32,-220.46,-229.46
121.48,-263.8,-275.39
90.201,-214.72,-199.58
54.741,-163.78,-188.8
-91.753,-104.26,-90.616
-99.232,-90.938,-80.849
15.914,-191.03,-151.79
64.443,-171.97,-208.1
120.98,-211.95,-270.16
-22.915,-129.67,-89.481
4.8472,-189.71,-173.43
-51.194,-141.01,-130.95
61.963,-185.64,-229.42
124.1,-225.91,-287.03
17.764,-165.05,-130.63
-20.013,-139.02,-157
113.48,-244.48,-230.9
4.726,-130.73,-138.68
152.99,-231.86,-299.35
-87.558,-112.95,-94.777
-66.091,-114.32,-114.77
140.92,-225.95,-246.55
45.399,-169.23,-157.37
-23.086,-112.84,-119.56
146.46,-259.23,-255.6
34.773,-184.01,-150.23
108,-232.77,-280.69
-92.569,-116.3,-43.652
55.229,-215.73,-229.73
-70.89,-107.75,-43.266
64.534,-212.18,-184.69
55.146,-185.41,-226.46
40.728,-213.37,-191.3
15.564,-144.26,-171.24
73.022,-234.33,-229.22
-74.967,-97.874,-36.755
44.413,-162.69,-160.39
-15.81,-158.01,-166.65
-63.433,-85.325,-81.559
128.64,-211.91,-266.47
46.484,-207.96,-176.19
-103.6,-104.89,-77.337
-56.314,-89.153,-69.743
86.877,-184.66,-222.86
-21.186,-151.14,-98.829
46.385,-187.72,-222.91
117.54,-261.69,-266.67
78.308,-233.3,-247.34
-74.814,-87.988,-37.074
-35.658,-103.03,-96.556
43.786,-160.47,-193.45
-36.459,-152.04,-145.16
-85.926,-122.3,-92.595
118.03,-215.86,-224.05
-36.849,-161.93,-132.71
146.33,-275.95,-277.49
-14.236,-118.72,-112.05
81.487,-221.11,-257.28
-55.497,-114.67,-121.78
-82.115,-104.47,-34.213
-34.304,-152.18,-147.76
-10.353,-170.75,-122.12
37.125,-206.51,-211.04
-46.469,-156.3,-113.24
128.67,-267.52,-285
131.04,-254.07,-245.46
89.169,-242.31,-253.06
-86.033,-67.235,-44.019
33.55,-209.51,-191.82
113.82,-206.97,-262.73
64.888,-228.08,-228.99
-76.54,-110.5,-105.34
122.9,-261.38,-255.89
79.775,-236.79,-243.95
138.13,-257.88,-251.29
-73.546,-81.11,-43.252
35.433,-210.69,-192.22
122.45,-221.45,-282.49
119.34,-219.81,-224.41
97.74,-231.8,-213.96
-77.589,36.736,-120.07
148.07,-146.78,-299.21
-47.719,34.302,-101.94
72.234,-53.415,-212.18
147.78,-98.978,-316.53
85.739,-59.439,-227.41
140.11,-148.99,-309.46
115.19,-133.05,-299.6
55.053,-45.408,-244.63
-34.424,24.701,-137.4
172.01,-118.06,-343.84
192.28,-134.06,-319.64
7.8203,-19.173,-146.6
110.42,-103.97,-310.77
27.388,-74.009,-204.44
40.655,-35.386,-230.42
61.028,-37.7,-217.83
150.02,-109.23,-281.14
99.885,-118.07,-261.29
-42.715,21.555,-146.57
-43.726,32.239,-108.43
-21.806,15.919,-151.08
21.612,-65.336,-225.34
13.731,-47.091,-222.46
83.937,-109.87,-251.98
142.02,-125.65,-338.98
177.77,-114.95,-321.99
32.287,-19.786,-202.36
14.538,-19.064,-154.11
145.54,-152.93,-326.66
134.27,-100.7,-320.07
142.72,-92.196,-289.39
-19.74,-2.6272,-179.58
34.116,-76.169,-234.24
96.786,-120.98,-273.64
47.958,-53.113,-249.31
71.88,-98.631,-233.97
30.619,-32.673,-225.41
106.54,-111.39,-252.56
-21.129,17.612,-138.31
77.021,-50.085,-224.98
-47.839,-24.658,-141.38
-43.39,-27.672,-143.05
77.586,-101.77,-238.12
-16.671,-11.674,-123.17
-44.61,-21.459,-121.98
124.23,-108.15,-258.97
27.117,-69.479,-230.14
-74.317,45.068,-110.81
120.08,-133.04,-312.52
96.708,-98.912,-238.72
-23.698,-40.86,-161.02
155.18,-107.71,-288.21
-50.51,-22.862,-138.15
-60.59,6.784,-147.79
141.72,-103.3,-324.15
172.38,-148.7,-306.34
90.338,-116.35,-279.06
137.66,-111.65,-269.56
-11.827,2.0104,-176.03
3.176,-11.508,-142.7
52.582,-91.975,-235.4
116.65,-98.417,-311.96
149.56,-155.75,-321.27
74.957,-71.252,-212.46
158.47,-159.93,-343.14
-77.794,-3.9252,-103.49
54.306,-43.037,-194.12
71.551,-81.416,-276.38
-9.0275,-26.293,-135.68
-53.246,13.318,-85.344
128.16,-90.648,-307.23
69.75,-88.225,-219.93
82.486,-100.42,-285.36
-44.106,15.631,-153.17
133.47,-87.344,-276.89
-32.769,25.082,-121.26
44.57,-46.189,-182.77
73.67,-52.196,-215.29
130.56,-102.66,-262.81
133.61,-137.22,-329.27
43.45,-35.191,-230.27
-57.216,-7.0225,-99.288
137.51,-147.78,-318.86
61.191,-68.478,-201.67
74.244,-47.272,-225.34
-66.412,22.633,-136.69
-25.138,9.339,-164.98
52.295,-82.425,-256.76
42.428,-57.718,-248.2
160.36,-103.3,-311.95
-47.366,-16.615,-113.77
41.696,-83.328,-217.23
47.93,-29.518,-201.07
184.6,-158.97,-318.71
-59.045,-11.099,-105.96
17.801,-64.031,-220.36
107.78,-71.228,-277.22
159.07,-109.55,-332.42
-52.021,37.734,-114.91
36.884,-23.189,-208
168.56,-109.36,-311.41
22.425,-30.266,-161.09
189.37,-124.77,-324.76
73.273,-52.475,-214.41
-23.239,8.5345,-166.24
75.421,-66.995,-212.25
63.968,-95.081,-263.32
-53.987,36.988,-91.81
-5.5457,-30.763,-140.69
151.34,-104.21,-325.17
104.3,-105.25,-246.59
-75.872,43.015,-113.69
-11.888,5.4181,-170.28
93.609,-107.77,-295.39
-11.941,-48.175,-182.93
73.852,-77.922,-277.13
-25.87,-39.14,-156.68
30.916,-39.683,-169.75
-60.674,-4.9507,-96.083
131.78,-102.25,-320.88
99.783,-99.39,-301.83
57.392,-55.844,-195.19
-77.671,5.9002,-128.99
-21.734,7.1903,-168.22
13.278,-39.718,-220.81
66.808,-92.391,-224.64
-13.354,10.301,-159.34
186.7,-124.53,-350.84
-10.984,-28.934,-198.24
62.5,-96.031,-233.19
174.2,-169.33,-332.61
-37.19,3.8027,-166.1
-29.093,-26.201,-179.05
20.586,-59.134,-177.22
69.468,-97.861,-269.36
117.99,-132.88,-284.21
30.084,-20.294,-206.26
148.37,-152.15,-336.55
160.5,-148.23,-301.97
151.65,-98.289,-296.31
-36.313,-0.70395,-169.34
126.46,-122.4,-268.59
81.206,-110.32,-270.82
-20.558,-16.217,-122.52
124.15,-106.82,-258.45
153.45,-107.05,-286.34
129.59,-91.664,-308.62
140.45,-90.32,-290.06
-13.549,-0.1454,-125.73
133.27,-98.785,-265.99
51.827,-79.828,-257.39
169.56,-112.31,-333.45
69.558,-55.479,-207.73
109.46,-129.21,-294.89
103.78,-73.61,-283.84
160.88,-160.69,-321.16
3.6794,0.25463,-157.76
-63.845,-13.815,-123.09
-63.458,46.104,-99.403
-19.639,-38.268,-147.21
146.81,-135.39,-344
31.614,-29.429,-171.36
130.76,-130.03,-277.04
104.37,-111.62,-306.02
-48.537,29.806,-133.65
87.473,-55.576,-240.08
146.72,-114.33,-277.28
58.455,-36.613,-210.91
1.3291,-18.251,-140.2
150.17,-155.09,-316.21
93.093,-114.97,-288.9
180.23,-155.93,-314.74
30.683,-20.705,-177.27
151.22,-119.38,-281.47
-7.6362,-40.905,-200.2
-41.852,-25.432,-159.4
-58.93,-8.1003,-100.76
120.3,-101.74,-315.78
72.532,-62.115,-266.45
164.9,-133.11,-294.58
-0.40495,-5.1826,-140.84
25.256,-45.387,-167.42
-65.85,42.291,-114.32
159,-149.63,-303.21
-32.509,-31.572,-169.12
5.6165,-2.2995,-155.47
-24.562,2.9547,-172.55
80.914,-110.41,-269.15
90.475,-116,-280.82
-39.983,-23.176,-124.01
-75.452,-5.8413,-113.9
119.41,-78.688,-287.13
166.29,-136.89,-358.8
27.856,-22.069,-210.93
167.04,-167.39,-338.63
-44.413,-15.4,-112.1
27.481,-73.395,-202.12
-68.933,6.9904,-80.091
109.57,-98.419,-308.16
134,-90.315,-272.7
40.109,-23.956,-195.34
89.794,-105.36,-291.91
-68.649,-10.378,-121.98
45.608,-48.897,-183.95
66.567,-51.26,-253.06
53.706,-56.152,-192.07
39.951,-23.617,-201.8
163.47,-109,-299.89
26.938,-45.701,-232.83
175.47,-169.56,-332.23
151.1,-124.26,-282.45
59.093,-38.721,-231.51
105.19,-73.646,-283.65
49.961,-42.392,-188.96
187.96,-125.28,-321.13
136.63,-88.44,-282.8
90.846,-63.531,-231.44
-17.781,9.3834,-125.32
-65.95,26.235,-134.36
81.306,-67.834,-274.42
166.19,-166.22,-346.1
25.815,-14.67,-179.64
157.62,-102.37,-300.98
-59.355,13.266,-146.56
57.398,-54.53,-254.58
17.559,-51.627,-226.12
171.47,-148.44,-305.77
41.251,-45.995,-241.12
105.33,-96.94,-304.93
-68.713,22.209,-135.52
-41.58,-20.621,-119.86
104.79,-126.23,-290.18
73.229,-104.71,-264.87
75.073,-99.629,-276.26
-67.428,-8.387,-132.64
28.839,-16.713,-182.55
33.684,-30.369,-173.57
129.74,-138.25,-322.6
64.067,-55.997,-258.13
-13.23,-5.5875,-125.28
2.6995,-39.001,-151.09
101.61,-109.56,-303.59
129.81,-135.63,-284.35
-56.686,10.026,-149.95
-44.14,0.82512,-163.12
53.116,-81.94,-209.9
115.48,-99.673,-250.19
-18.342,-34.689,-189.18
-18.771,5.5682,-170.68
-5.8736,6.6654,-161.01
-21.442,-37.749,-146.85
-36.964,20.101,-103.63
192.78,-163.51,-325.3
60.49,-49.177,-249.93
123.76,-97.614,-314.3
-22.212,-41.772,-161.62
-63.814,-11.597,-110.04
134.84,-146.29,-310.78
178.81,-124.03,-352.13
5.2438,-41.396,-154.21
-50.231,32.123,-129.6
146.03,-96.145,-310.73
-60.802,19.436,-142.1
151.96,-101.79,-320.37
129.24,-123.8,-270.72
-63.528,7.6497,-81.815
-53.267,4.835,-154.54
106.22,-83.933,-240.9
37.221,-81.234,-216.9
86.321,-76.146,-222.61
-18.454,-8.4047,-184.7
134.39,-92.297,-308.83
-37.055,-0.7178,-103.31
83.111,-63.233,-269.7
-55.182,-19.348,-137.29
81.568,-99.721,-284.56
155.39,-159.53,-334.42
87.533,-112.11,-254.91
-70.286,44.75,-110.8
69.633,-73.616,-272.68
148.01,-152.58,-310.75
183.7,-154.02,-314.95
-13.469,-10.311,-188.64
57.384,-41.156,-199.95
135.33,-87.906,-297.09
186.43,-125.7,-318.01
-2.9521,-35.92,-146.08
75.147,-106.47,-252.54
45.383,-86.823,-236.69
-12.563,5.3,-130.16
102.74,-68.804,-274.97
-19.19,-41.253,-153.92
-17.083,-42.209,-154.78
-14.021,7.1937,-167.47
103.13,-89.329,-238.44
64.113,-76.701,-208.04
56.785,-87.819,-259.26
95.268,-82.867,-231
-19.094,0.085751,-119.36
-13.303,-20.687,-129.66
8.7943,-52.229,-167
-9.4404,-23.82,-133.88
-35.564,-32.396,-158.68
142.43,-143.7,-295.19
15.738,-66.648,-210.31
30.822,-75.564,-205.13
-57.67,24.17,-79.336
-12.735,10.59,-157.43
8.1446,-59.175,-179.73
-86.476,4.2312,-112.26
36.961,-75.833,-201.9
-2.1328,-26.056,-204.56
137.95,-136.9,-285.9
-13.638,2.0385,-175.94
-33.176,20.91,-146.42
-62.682,-10.43,-139.38
-71.084,-1.7554,-133.82
4.5303,-15.559,-200.42
-9.8519,-46.378,-192.33
-72.453,-5.6749,-126.07
83.26,-110.29,-253.81
4.1926,-9.2587,-192.67
192.28,-162.67,-324.49
93.366,-84.868,-292.12
7.3783,-60.935,-186.43
171.16,-122.64,-350.11
177.71,-152.48,-311.22
33.493,-57.057,-241.09
39.54,-23.39,-196.41
2.1842,-22.637,-141.76
9.7765,-7.6017,-188.6
-58.985,42.792,-105.95
138.59,-148.78,-314.83
1.3449,-3.3615,-183.23
15.114,-44.49,-223.44
87.14,-105.89,-243.45
-34.03,5.2741,-166.63
-23.851,15.113,-120.91
88.857,-73.887,-282.28
-40.451,-1.4203,-166.78
192.59,-127.36,-326.71
-16.778,-43.39,-182.6
0.28905,-20.666,-139.69
68.428,-95.524,-229.36
-57.189,23.658,-140.5
182.43,-169.95,-330.42
-16.78,-41.441,-152.73
-42.871,-10.738,-107.13
66.733,-51.066,-252.79
72.873,-48.938,-217.89
90.03,-70.553,-279.29
89.687,-116.59,-270.39
85.169,-98.121,-288.91
39.817,-60.254,-246.9
33.39,-76.141,-232.83
47.555,-68.929,-194.76
68.86,-101.69,-261.3
-58.898,34.387,-127.12
105.97,-113.61,-307.22
132.42,-101.3,-264.62
14.569,-48.389,-223.28
-55.27,34.689,-86.333
176.16,-164.73,-323.24
55.973,-94.277,-239.35
29.998,-19.485,-204.17
42.331,-75.36,-200.47
56.088,-75.356,-262.56
14.674,-43.134,-222.81
75.481,-69.438,-212.55
18.642,-30.734,-157.57
104.02,-116.24,-257.67
101.51,-66.34,-269.28
-48.569,7.1881,-91.342
90.428,-79.337,-226.48
68.62,-90.654,-222.43
144.71,-110.12,-331.76
71.997,-87.47,-279.94
83.604,-130.68,-294.76
-101.73,10.504,-118.96
35.655,-104.73,-235.71
52.267,-90.267,-207.94
51.738,-94.24,-210.37
-0.35386,-65.08,-165.18
161.76,-133.38,-308.16
-66.095,23.989,-103.38
46.845,-82.59,-200.66
81.75,-134.25,-284.6
-27.361,-58.545,-188.34
131.7,-124.86,-276.04
43.391,-81.39,-261.36
-9.8282,-70.689,-174.17
-10.284,-42.445,-208.68
126.07,-163.4,-308.13
54.18,-86.831,-270.66
127.63,-116.72,-273.83
-72.279,-15.384,-90.975
-77.475,21.544,-123.7
-79.978,7.3199,-136.69
130.25,-156.57,-339.51
69.93,-94.81,-221.17
10.632,-53.499,-163.75
21.086,-38.708,-211.63
-77.995,-8.8479,-144.01
85.633,-111.42,-300.64
-44.779,0.15682,-108.6
57.023,-118.63,-250.11
185.28,-171.5,-324.8
33.882,-101.14,-219.55
149.92,-176.6,-350.46
131.5,-167.93,-322.4
-0.28325,-74.522,-217.3
-101.53,-2.7629,-117.61
-91.516,-15.442,-91.139
-68.595,7.1843,-142.58
141.96,-166.49,-348.52
-34.596,-48.346,-185.99
62.659,-67.278,-253.03
-44.292,-19.314,-174.74
2.5824,-41.135,-214.37
21.239,-38.98,-180.19
-17.744,-14.194,-176.85
121.91,-148.43,-281.61
83.963,-125.43,-249.84
129.77,-143.5,-279.96
126.74,-122.5,-328.14
25.778,-41.127,-214.38
57.578,-117.21,-242.7
-60.02,-2.5912,-154.77
93.058,-89.735,-285.26
-59.722,-21.887,-162.83
61.01,-97.534,-217.07
-67.984,23.571,-115.89
170.35,-140.95,-313.93
108.87,-93.632,-271.78
-41.336,-46.71,-177.17
48.437,-104.8,-221.07
-38.221,-49.702,-179.41
14.719,-41.053,-217.08
-15.147,-45.383,-206.37
-0.091545,-78.698,-211.76
40.76,-48.648,-219.87
5.354,-24.688,-183.94
54.007,-116.83,-254.18
-98.289,0.026268,-122.71
179.56,-139.68,-339.7
67.536,-103.17,-285.1
-7.6753,-59.858,-157.64
153.34,-177.65,-355.13
112.19,-136.35,-267.49
-47.738,-45.399,-167.11
34.522,-43.949,-205.3
-25.468,-5.5899,-136.87
154.01,-155.4,-360.89
14.762,-83.458,-190.76
-57.082,-41.058,-133.46
30.366,-42.045,-211.64
146.59,-140.39,-289.37
84.891,-134.44,-265.27
-41.624,-12.117,-109.82
121.71,-160.99,-318.26
124.89,-121.31,-326.53
-67.592,-13.055,-90.898
-25.403,-21.282,-185.84
168.63,-133.36,-337.48
-48.348,-31.667,-174.36
-14.246,-71.208,-183.27
78.209,-74.877,-238.41
6.7138,-27.515,-168.84
158.86,-145.21,-357.79
52.516,-69.119,-203.94
-75.261,-7.3298,-82.541
5.0549,-51.374,-222.89
161.82,-128.48,-329.24
-89.869,18.613,-123.15
127.43,-165.09,-314.02
113.36,-107.21,-309.42
-32.864,-31.606,-188.25
63.304,-115.82,-277.74
84.393,-102.17,-233.91
3.3959,-79.24,-186.35
50.636,-54.723,-225
-14.199,-31.208,-137.92
65.955,-120.38,-244.39
146.39,-165.66,-354.32
-11.047,-72.097,-199.27
-38.168,-28.31,-183.04
-95.469,-16.357,-106.5
-36.618,-31.467,-121
-46.56,-15.525,-171.15
20.615,-36.348,-183.7
7.7202,-44.682,-219.45
135.78,-163.25,-301.4
131.55,-164.63,-305.65
75.614,-71.321,-244.24
65.401,-93.154,-217.43
-0.2251,-55.855,-157.56
149.78,-132.99,-343.84
50.378,-71.627,-201.25
26.005,-39.984,-188.91
-5.3522,-19.165,-157.31
123.91,-153.12,-287.51
-67.241,-3.9,-151.35
35.208,-66.514,-186.93
-85.444,20.444,-123.34
80.779,-134.02,-282.07
176.56,-140.45,-350.82
137.9,-141.67,-345.56
98.107,-127.11,-254.84
69.005,-123.97,-277.68
-21.168,-66.412,-184.78
3.9454,-23.516,-180.54
-44.448,-21.044,-175.49
34.105,-64.137,-185.66
-98.758,-10.323,-115.33
92.159,-141.47,-292.48
128.69,-147.57,-282.52
117.23,-107.65,-310.04
146.04,-160.71,-299.38
126.41,-114.25,-319
40.797,-64.681,-249.15
67.721,-125.99,-263.96
36.777,-68.768,-250.87
107.56,-151.04,-308.3
47.853,-89.612,-205.22
138.45,-112.94,-307.1
73.514,-95.911,-286.51
-32.498,-0.94453,-129.38
116.67,-100.55,-272.9
90.567,-100,-297
54.348,-86.132,-207.16
76.315,-130.13,-261.58
-48.99,-34.426,-118.63
58.104,-97.598,-215.71
-65.449,-32.103,-115.69
-5.5791,-17.016,-169.84
2.2443,-29.847,-200.65
22.509,-95.224,-229.21
26.054,-98.34,-226.78
46.806,-111.27,-237.2
27.975,-45.365,-222.59
127.4,-156.41,-336.06
130.04,-166.41,-313.57
-53.614,-44.84,-148.48
106.01,-147.76,-311.83
139.58,-150.37,-288.94
-23.008,-35.806,-197.06
-18.262,-12.385,-140.78
141.58,-170.3,-344.31
110.41,-95.636,-288.01
74.462,-105.77,-229.14
-72.021,-32.142,-132.64
86.576,-119.18,-244.11
-16.025,-60.396,-156.85
79.086,-133.16,-279.11
34.41,-44.929,-199.04
135.45,-158.24,-344.8
137.56,-169.01,-338.72
178.62,-149.69,-319.14
-5.3343,-77.18,-191.9
59.771,-89.032,-275.11
47.617,-54.929,-208.67
-38.066,-54.291,-171.44
104.95,-100.17,-254.17
-8.7535,-27.384,-196.83
50.537,-94.822,-210.32
-74.695,-9.4816,-147.26
139.09,-166.39,-344.6
-66.477,-21.454,-99.286
-37.906,-28.474,-183.3
-3.7305,-21.823,-186.79
165.89,-145.21,-306.63
-54.189,-43.909,-140.61
-53.623,13.467,-131.91
79.732,-92.258,-286.7
27.813,-97.881,-216.3
127.98,-110.01,-311.42
53.703,-68.676,-256.26
52.521,-76.566,-263.65
57.638,-95.138,-213.81
40.52,-72.83,-255.4
-86.356,-16.119,-131.23
-45.842,-0.65303,-106.76
24.266,-37.603,-203.9
107.63,-146.29,-279.01
14.256,-41.813,-167.42
-62.535,-19.631,-159.94
26.76,-96.252,-238.17
-88.487,-13.495,-129.98
-14.775,-16.32,-180.06
24.559,-47.137,-225.88
-10.076,-29.069,-198.48
-88.291,-18.763,-123.94
-83.355,26.002,-116.93
-23.219,-7.4236,-138.48
124.69,-112.75,-316.95
31.165,-83.26,-193.02
-33.115,-54.867,-150.68
58.984,-119.95,-252.07
37.909,-56.392,-239.11
12.682,-54.072,-165.54
119.44,-158.56,-300.35
136.32,-151.12,-288.11
-3.8187,-50.948,-216.78
130.13,-154.66,-289.84
-28.73,-55.55,-189.39
21.734,-88.296,-239.17
69.294,-78.211,-220.53
161.14,-148.78,-361.38
160.3,-127.38,-327.19
127.08,-122.39,-271.86
11.407,-31.926,-201.51
136.12,-134.28,-280.2
31.699,-54.551,-184.11
9.4599,-37.431,-211.84
43.186,-104.34,-221.33
-5.0851,-74.63,-208.36
-20.627,-24.438,-190.53
164.04,-169.98,-313.06
39.66,-56.696,-239.55
137.34,-127.33,-335.51
19.641,-34.081,-189.6
-59.384,16.443,-128.72
100.96,-147.37,-299.84
15.224,-59.768,-233.51
20.609,-76.301,-182.92
-86.146,9.9176,-131.25
-91.246,-17.055,-95.402
121.59,-101.71,-290.61
-14.857,-64.561,-163.48
-20.589,-11.224,-137.85
-25.587,-39.026,-196.26
-76.245,15.805,-131.17
42.649,-97.603,-261.37
-66.12,-23.545,-101.86
167.16,-155.95,-307.84
127.41,-163.07,-328.38
-0.78377,-46.251,-152.58
74.75,-83.188,-225.12
78.017,-90.276,-284.39
-33.556,-13.171,-175
-38.734,-31.104,-183.4
163.04,-129.84,-333.22
88.334,-135.77,-296.61
94.717,-120,-309.4
128.09,-142.54,-339.09
23.136,-80.286,-187.54
116.73,-127.01,-326.57
66.587,-78.295,-269.45
18.016,-53.303,-230.85
-45.111,-24.924,-176.48
-4.1628,-78.16,-196.77
-71.897,-14.733,-90.46
100.9,-88.587,-263.41
131.37,-132.65,-337.41
88.545,-97.408,-236.94
-52.691,-5.3895,-160.54
157.64,-145.26,-357.39
-16.68,-31.472,-135.66
-99.937,-5.1364,-118.49
-29.628,-60.347,-164.49
-69.467,-27.112,-107.07
126.23,-164.33,-313.25
-5.0033,-32.384,-147.34
-16.406,-40.279,-203.59
50.578,-58.121,-209.29
-19.92,-11.705,-138.49
95.853,-84.903,-269.02
153.28,-133.75,-296.54
146.66,-177.83,-336.53
97.09,-105.34,-244.75
33.372,-85.79,-253.9
-90.689,4.2531,-130.14
84.818,-77.394,-253.16
16.263,-41.985,-218.43
35.771,-67.455,-187.57
69.019,-101.67,-285.94
73.908,-74.122,-262.1
-75.23,-25.183,-141.2
0.36457,-22.332,-164.82
95.743,-100.71,-243.66
-77.667,26.7,-114.88
79.985,-131.81,-262.52
128.37,-112.19,-315.52
156.27,-178.42,-322.35
-47.117,-4.5187,-161.79
-18.21,-24.464,-133.88
-36.857,-43.964,-132.67
-21.044,-61.055,-196.64
149.79,-177.33,-323.56
-24.424,-5.5664,-139.86
11.141,-40.694,-164.01
-30.563,-60.301,-167.91
-56.557,-15.583,-164.32
67.634,-65.98,-237.76
57.985,-94.109,-213.35
-41.1,6.288,-124.64
125.47,-121.71,-270.39
91.156,-120.93,-247.27
33.775,-73.694,-251.85
127.22,-165.09,-319.25
106.53,-104.5,-254.2
-35.864,-0.25761,-154.81
64.707,-95.106,-217.81
60.197,-61.231,-228.15
-66.875,-21.254,-98.952
144.52,-137.92,-287.42
89.918,-90.307,-240.42
-13.727,-23.528,-191.28
155.04,-129.46,-301.74
-43.429,-11.15,-107.98
-4.4627,-60.458,-159.27
24.03,-61.096,-176.5
-21.019,-22.42,-131.04
-5.9754,-22.199,-151.34
73.208,-128.57,-277.05
117.56,-156.22,-295.24
36.493,-46.508,-219.09
98.064,-107.63,-305.81
-59.112,-41.122,-141.91
136.65,-171.31,-326.94
-58.069,-23.97,-104.64
-5.8835,-50.078,-214.95
-47.098,-16.116,-171.17
11.127,-71.496,-232.79
-21.182,-15.117,-133.31
13.484,-45.231,-165.65
55.994,-94.532,-274.38
60.292,-90.449,-212.91
167.54,-179.97,-323.69
44.873,-110.76,-245.95
139.54,-136.94,-343.95
145.5,-118.17,-302.48
-33.288,-42.396,-189.4
31.598,-77.817,-251.62
109.81,-133.04,-323.24
137.6,-140.07,-282.73
92.277,-113.77,-305.94
24.061,-65.524,-241.88
93.644,-135.7,-305.16
-17.829,-35.356,-200.16
125.47,-119.92,-325.42
12.253,-29.453,-180.01
168.03,-145.55,-360.55
181.39,-142.06,-350.12
-47.934,-1.3046,-103.88
-7.4294,-22.912,-190.39
159.14,-180.75,-325.71
173.4,-183.2,-328.13
24.046,-44.705,-222.24
0.1804,-75.384,-217.21
22.953,-37.541,-206.39
-14.938,-69.253,-196.11
172.72,-145.29,-314.22
42.373,-133.04,-251.33
0.8924,-102.37,-227.42
43.764,-128.13,-271
-64.198,-26.963,-101.42
71.175,-138.17,-300.3
-50.505,-23.748,-114.95
87.191,-118.28,-248.24
-19.887,-89.511,-181.75
44.216,-117.35,-276.35
-26.657,-31.299,-145.07
-89.542,5.5618,-125.1
24.368,-88.155,-190.62
24.591,-87.75,-253.99
19.508,-115.97,-242.67
171.43,-162.43,-329.88
115.25,-122.35,-286.71
51.181,-112.1,-218.77
-24.068,-59.323,-144.55
149.54,-195.37,-324.31
137.77,-175.79,-301.25
97.876,-111.79,-290.81
88.17,-162.56,-301.51
-0.16456,-64.436,-225.69
-57.104,-22.711,-107.57
153.74,-161.91,-361.85
50.196,-135.46,-272.75
27.005,-112.9,-258.55
36.137,-113.6,-213.47
-25.713,-33.175,-144.61
65.323,-90.397,-238.55
-5.954,-59.368,-159.45
45.22,-125.21,-275.2
48.288,-86.364,-214.28
64.874,-137.72,-246.06
114.69,-180.65,-315.94
120.95,-165.36,-286.87
-52.43,-21.928,-166.41
-68.912,-35.766,-166.58
-42.291,-70.764,-150.66
-77.512,-23.487,-155.68
-41.296,-75.958,-182.13
19.796,-117.33,-224.91
-69.217,-29.633,-164.42
138.94,-183.51,-308.69
51.172,-138.75,-264.9
119.68,-126.22,-310.52
111.72,-166.64,-285.79
57.14,-102.63,-279.58
97.708,-157.4,-273.26
26.097,-66.856,-197.07
84.874,-101.36,-264.74
47.735,-76.667,-233.59
-44.978,-69.685,-149.44
-90.375,-7.0885,-137.92
65.024,-97.081,-275.13
-11.305,-51.637,-154.48
-12.653,-37.734,-164.73
-98.662,-34.347,-96.695
107.27,-141.39,-328.51
99.8,-144.31,-325.26
-20.629,-31.577,-173.61
-37.829,-55.481,-133.87
-45.742,-18.487,-160.28
75.096,-137.61,-247.79
156.62,-152.31,-347.9
28.593,-113.09,-260.43
6.5231,-94.589,-185.93
4.9505,-88.627,-179.69
-99.925,4.4113,-123.85
133.9,-153.58,-289.9
-73.436,-46.027,-112.65
-66.399,-13.421,-98.377
-71.957,-42.411,-108.05
72.46,-110.25,-234.55
-19.535,-32.451,-175.39
35.691,-70.69,-233.81
83.194,-100.18,-266.67
108.9,-161.96,-280.21
-33.239,-64.114,-202.77
60.877,-116.47,-289.63
61.76,-145.36,-276.95
108.72,-165.85,-284.56
-28.227,-83.466,-198.15
72.011,-149.28,-293.46
22.449,-98.296,-256.1
93.042,-125.55,-253.3
-97.381,-13.228,-136.39
-59.815,-37.352,-174.52
118.69,-133.88,-278.27
62.043,-119.25,-228.84
11.448,-111.69,-231.85
-60.58,-53.4,-174.05
72.299,-101.25,-237.37
126.01,-155.84,-284.29
-2.9885,-43.333,-190.45
144.92,-160.59,-299.62
-85.977,-42.924,-109.74
76.943,-150.6,-264.81
124.16,-162.34,-286.18
3.9532,-69.949,-169.6
-56.529,-31.195,-173.49
-18.971,-33.291,-158.94
145.69,-147.49,-342.91
69.997,-93.269,-265.13
66.614,-144.3,-290.56
-112.79,-27.273,-109.74
-36.039,-23.862,-167.32
105.15,-172.9,-299.32
6.8135,-87.095,-179.31
14.463,-108.12,-244.36
-79.022,-37.469,-156.34
-16.227,-81.306,-218.58
156.71,-171.83,-310.35
121.28,-175.56,-297.61
106.05,-140.75,-265.91
-13.052,-91.425,-181.64
46.258,-134.39,-247.35
-7.5891,-77.203,-165.05
87.266,-144.53,-315.27
0.89818,-86.14,-175.94
91.392,-156.97,-272.52
42.785,-74.089,-235.34
105.53,-145.48,-267.2
43.092,-112.48,-275.28
-59.658,-63.738,-145.87
36.574,-95.585,-202.08
-13.678,-91.414,-181.91
76.18,-118.52,-299.28
94.934,-162.48,-281.04
161.42,-198.04,-328.23
127.26,-188.98,-329.91
-59.465,-64.346,-148.45
117.38,-173.92,-295.47
-45.745,-61.001,-135.93
120.64,-135.68,-327.7
-69.564,-49.771,-118.38
38.241,-121.69,-268.16
-6.0966,-99.066,-217.91
-54.031,-12.365,-117.5
147.6,-160.14,-302.01
75.483,-153.49,-292.59
-12.04,-71.941,-222.57
129.97,-139.47,-289.35
66.748,-90.823,-261.13
96.915,-143.36,-261.22
115.13,-178.92,-329.31
-111.34,-3.1365,-121.69
61.593,-111.98,-225.55
62.868,-107.82,-285.89
14.418,-112.8,-216
73.468,-94.488,-264.05
-41.952,-24.584,-126.02
-41.941,-16.555,-141.7
75.021,-134.75,-245.32
-88.807,-44.817,-121.01
-73.898,-13.893,-90.13
-3.4003,-77.99,-167.77
44.364,-82.523,-254.76
3.0264,-74.933,-170.27
6.1998,-54.337,-213.66
49.032,-93.149,-212.87
106.71,-175.3,-314.82
2.3699,-47.053,-182.31
-62.001,-32.718,-170.96
136.46,-163.13,-293.68
49.906,-137.9,-256.8
100.99,-160.49,-277.33
39.333,-115.36,-216.11
122.87,-131.64,-285.73
-69.094,1.3211,-109.86
-58.392,-13.634,-154.3
67.264,-110.54,-289.75
55.271,-133.63,-283.25
89.895,-107.43,-286.2
-61.927,-63.251,-151.11
144.22,-198.47,-333.5
137.84,-139.19,-329.5
-12.153,-39.058,-188.7
141.06,-179.87,-362.72
103.08,-113.38,-286.21
-0.074918,-103.53,-203.6
-85.991,-24.854,-85.757
140.02,-167.61,-359.62
-116.86,-9.5925,-117.46
113.21,-129.01,-274.05
127.17,-187.07,-339.32
26.11,-96.487,-258.66
63.002,-123.74,-293.16
-18.354,-92.602,-197.47
-17.434,-86.791,-174.03
-8.1902,-97.904,-215.27
34.855,-84.211,-199.31
86.733,-156.79,-273.13
155.27,-199.46,-329.85
-33.422,-35.241,-132.51
-43.558,-27.848,-122.29
-12.603,-94.958,-190.77
71.194,-97.753,-238.71
-68.842,-12.071,-151.15
43.465,-88.214,-207.81
104.91,-115.86,-295.18
164.86,-179.57,-318.02
68.902,-108.1,-288.33
44.788,-74.741,-231.74
-68.532,-55.914,-158.66
-64.31,-50.794,-170.32
118.05,-145.36,-276.01
31.349,-70.198,-202.35
-21.128,-89.99,-200.23
137.42,-136.81,-322.38
94.661,-166.94,-293.94
79.358,-101.76,-247.89
27.758,-78.613,-192.61
-47.337,-72.887,-163.07
-24.678,-29.545,-152.88
117.89,-182.32,-326.68
102.3,-116.09,-298.59
168,-157.32,-351.1
123.13,-166.42,-346.95
-10.034,-81.855,-225.28
158.23,-183.75,-315.65
-61.68,-7.7149,-108.86
142.1,-147.61,-299.98
92.712,-144.57,-319.97
71.628,-141.43,-251.22
58.935,-137.21,-285.67
-79.448,6.726,-119.55
83.193,-137.02,-250.48
32.082,-71.367,-202.23
-75.495,-43.904,-109.45
-71.486,-19.012,-93.082
71.938,-148.41,-262.56
20.613,-118,-239.63
-37.483,-47.756,-194.82
-83.512,-44.614,-112.33
1.032,-104.71,-206.52
108.57,-128.99,-318.52
-28.027,-53.103,-203.62
19.42,-105.75,-201.28
76.942,-96.168,-256.89
54.361,-114.1,-221.68
-10.934,-44.912,-200.69
-47.216,-72.323,-159.24
-18.908,-53.242,-146.73
47.559,-88.997,-263.63
169.61,-169.45,-322.36
-58.298,-53.852,-124.81
44.298,-131.06,-239.43
162.98,-153.57,-329.33
-26.448,-83.795,-201.43
-86.328,-46.487,-131.85
48.197,-93.814,-211.94
97.383,-154.38,-269.92
2.7186,-98.513,-190.66
-42.998,-31.894,-122.14
115.85,-172.35,-293.3
86.289,-161.07,-300.82
-96.582,-39.645,-120.01
81.79,-150.11,-307.76
22.75,-117.53,-221.34
-68.691,-15.939,-95.506
34.358,-98.74,-201.78
55.306,-83.432,-251.23
72.693,-112.94,-234.73
8.0006,-109.54,-227.97
-86.029,11.578,-111.51
-9.037,-51.559,-210.11
153.4,-164.27,-307.1
105.69,-171.49,-294.76
37.436,-92.192,-201.97
137.64,-140.73,-333.07
94.417,-110.54,-290.62
88.106,-110.37,-293.05
26.001,-64.659,-200.33
152.74,-202.34,-336.19
5.8475,-50.503,-204.34
-55.371,-15.763,-111.99
-30.46,-39.355,-135.08
105.68,-159.67,-331.26
-56.971,-40.045,-177.67
129.36,-152.49,-286.03
-61.13,-60.374,-167.1
77.634,-133.02,-245.21
-4.6369,-51.366,-210.29
-31.041,-76.484,-158.56
7.5466,-54.861,-178.5
70.998,-92.098,-253.87
132.49,-137.75,-329.31
-9.828,-98.264,-206.6
-95.744,-35.669,-133.34
-45.605,-70.789,-152.28
-79.083,-29.773,-93.107
1.4946,-98.634,-232.77
-102.37,7.2143,-120.21
-79.518,-1.9869,-85.548
-67.14,-30.871,-166.47
16.339,-66.611,-232.22
118.47,-156.17,-279.79
118.51,-173.79,-340.5
79.792,-146.02,-257.65
62.37,-91.922,-230.5
-80.693,-9.5036,-144.56
-86.292,1.3603,-131.17
5.7938,-108.79,-218.9
75.184,-96.317,-249.2
133.67,-133.39,-311.26
-30.251,-62.786,-143.14
4.7603,-94.913,-238.87
-43.033,-44.116,-189.35
76.379,-98.724,-274.51
137.94,-140.23,-331.86
8.2805,-96.058,-187.95
-5.6982,-47.971,-205.04
101.53,-170.04,-294.52
11.638,-59.308,-180.81
165.48,-154.28,-339.99
-78.457,-17.05,-151.53
-52.911,-21.199,-165.42
137.34,-162.4,-294.05
40.725,-103,-207.84
-13.477,-38.499,-160.93
134.25,-188.76,-316.74
23.876,-112.5,-210.73
119.34,-140.46,-332.65
-103.01,-35.392,-110.17
60.498,-119.83,-290.42
-81.534,-38.783,-101.77
52.92,-137.16,-248.36
69.465,-96.376,-273.11
34.421,-124.63,-258.97
28.577,-63.903,-213.25
69.383,-143.42,-295.64
-84.144,-31.157,-92.192
43.21,-96.185,-207.48
-4.8904,-61.932,-221.66
-53.207,-10.644,-122.52
138.92,-138.26,-306.67
35.579,-128.27,-242.35
-96.099,-9.1261,-135.64
-52.764,-21.243,-112.91
95.781,-111.93,-263.84
-32.533,-77.703,-161.13
59.788,-95.391,-272.78
112.56,-173.29,-332.73
81.067,-138.69,-309.73
-80.548,-23.11,-87.701
-29.606,-32.745,-138.78
55.763,-82.461,-234.9
-28.728,-54.961,-204.14
-81.025,-26.155,-153.84
112.58,-151.4,-274.09
-37.064,-67.174,-198.25
136.65,-194.54,-343.57
-10.624,-50.053,-155.67
91.646,-126.81,-311.83
-41.262,-23.989,-169.65
-93.498,-34.037,-94.479
-25.944,-55.171,-206.03
-21.112,-90.472,-188.53
40.999,-110.44,-273.29
-50.736,-64.944,-180.61
127.05,-176.8,-349.21
118.88,-180.92,-308.4
89.536,-149.07,-316.96
-80.624,1.4064,-85.777
29.72,-117.95,-258.88
126.39,-128.62,-303.81
64.391,-134.62,-293.94
-64.165,-16.515,-157.4
113.28,-179.35,-322.34
79.883,-143.4,-308.22
125.9,-185.28,-313.93
-74.819,-15.961,-89.476
31.099,-119.64,-259.44
136.33,-137.44,-326.13
112.51,-155.09,-276.06
85.894,-158.34,-276.79
