159.96,38.112,47.794
205.21,30.963,69.336
193.16,9.1488,36.365
372.66,-60.323,135.65
282.22,0.62986,51.694
254.01,9.1811,88.149
352.79,-69.89,136.95
356.15,-80.622,89.78
205.81,58.656,38.265
79.571,78.667,-26.923
344.86,-32.644,87.164
151.5,82.864,0.53975
200.5,38.368,13.585
136.24,62.78,-11.556
331.16,-19.694,90.482
329.29,-78.365,110.01
250.61,30.209,47.383
145.9,44.22,0.98136
151.62,42.712,44.306
141.91,45.774,38.895
159.41,75.534,0.88519
122.88,87.002,30.222
93.587,117.18,-4.3899
261.35,-20.328,48.705
286.52,-27.549,54.535
401.03,-96.63,104.91
303.85,-61.285,93.499
301.06,-29.524,112.16
124.28,55.142,31.593
396.12,-101.32,104.71
254.28,2.1538,37.312
171.26,20.909,36.468
179.11,54.311,4.8058
122.44,89.613,-17.109
102.31,57.33,4.1067
330.49,-63.365,78.263
224.4,40.976,29.59
375.86,-106.72,141.06
296.43,-5.611,98.246
241.88,-20.96,65.517
244.94,31.931,42.011
337.71,-60.516,77.449
202.64,52.223,56.602
140.94,49.626,-3.604
269.29,20.783,63.952
86.655,118.24,-21.857
113.63,107.07,-4.7933
268.54,10.87,87.187
255.66,-6.336,92.259
388.83,-60.227,120.77
145.91,82.79,-4.5474
231.39,-13.34,52.225
386.29,-58.456,120.25
82.063,89.342,18.552
153.48,38.341,6.1256
374.72,-59.378,95.836
150.35,88.662,11.926
372.52,-50.949,122.88
270.47,-16.172,98.916
205.56,37.412,67.355
234.83,25.356,77.273
262.21,19.555,78.834
346.74,-32.195,109.53
326.53,-57.903,124.43
213.19,43.934,22.226
311.4,-41.224,64.769
205.13,32.274,69.009
353.63,-52.402,82.772
119.55,99.089,-12.634
361.98,-46.908,92.523
264.22,12.79,86.013
122.54,66.233,34.83
140.75,53.828,-6.5782
382.06,-56.771,108.72
114.96,104.34,11.899
289.29,-27.506,107.45
304.01,-61.194,90
231.91,41.047,60.119
135.38,49.308,36.201
368.7,-78.036,144.05
275.64,-41.581,86.303
125.29,67.88,36.233
293.79,-17.899,106.74
338.26,-80.818,94.442
265.42,4.3576,92.05
108.99,54.944,14.088
159.7,55.072,-3.0664
235.69,6.1754,83.386
308.79,-4.6612,84.979
245.18,19.107,33.724
192.26,62.813,20.021
309.92,-7.0682,74.432
392.21,-73.417,144.08
296.67,-17.467,55.98
316.33,-48.746,119.87
370.5,-102.47,138.98
191.89,53.855,56.279
98.337,81.597,25.181
79.065,123.86,-7.7847
309.67,-25.66,61.925
387.25,-96.122,100.97
264.53,-26.942,91.768
178.95,17.96,27.884
353.72,-80.885,89.992
225.35,-1.7501,74.788
168.17,42.247,53.972
104.27,91.187,-26.268
403.49,-78.544,110.37
321.58,-65.318,81.325
249.02,-22.287,55.182
358.73,-51.565,130.11
83.12,68.667,5.4903
178.63,72.642,19.258
129.05,87.977,29.759
57.304,84.327,0.023338
333.56,-28.167,78.288
362.8,-91.81,97.989
61.693,105.96,9.8618
383.78,-93.597,151.67
190.67,53.751,11.242
274.31,-41.418,76.343
79.175,113.79,-33.323
335.12,-83.021,108.48
353.17,-35.051,106.1
168.34,71.112,4.8472
238.45,16.615,29.983
344.02,-76.143,87.076
146.15,39.812,37.38
356.71,-93.246,102.05
299.59,-39.935,62.446
361.22,-87.42,94.427
403.52,-71.775,119.72
225.99,-10.044,49.821
222.83,48.738,47.559
166.46,73.334,40.081
117.74,51.485,20.422
315.71,-53.522,118.77
272.15,-39.675,73.263
210.6,38.994,67.199
149.69,84.713,29.62
181.44,70.736,36.314
260.64,17.936,44.362
303.59,-56.37,77.518
203.35,8.999,63.239
141.63,48.013,40.076
97.61,102.1,-27.133
281.84,-10.866,49.218
290.83,-1.3198,57.619
195.8,28.867,65.952
199.66,39.51,13.231
131.02,74.201,37.399
326.06,-63.525,78.62
322.75,-14.469,83.729
139.88,74.013,-11.657
268.85,13.841,48.774
386.94,-61.31,129.82
88.904,64.873,-7.6368
117.3,62.026,-13.506
197.4,47.94,60.68
281.47,7.5273,55.911
227.37,24.688,76.761
158.47,83.68,11.656
369.37,-93.918,143.29
331.25,-29.201,114.37
296.67,-37.036,110.62
196.06,27.731,14.597
306.7,-7.6041,68.59
225.05,-8.7203,47.191
83.752,121.91,-7.6259
67.03,95.592,12.38
109.22,84.28,28.738
176.17,68.784,43.211
90.143,66.496,-13.212
189.49,67.791,31.236
112.24,99.482,20.082
108.19,61.257,-11.822
285.36,9.4001,64.68
366.75,-63.756,138.42
183.67,64.557,46.505
299.03,-56.547,82.236
258.87,-25.647,87.247
308.5,-14.626,104.79
405.99,-72.433,127.34
378.96,-89.133,149.35
135.75,59.427,-10.269
198.61,24.8,16.384
259.68,-22.065,50.476
174.62,19.665,41.111
384.26,-58.863,108.55
380.46,-82.105,95.216
222.07,4.7604,30.527
132.37,61.531,38.957
198.19,32.544,13.469
244.8,35.738,52.313
195.81,17.386,21.462
146.15,75.624,-8.0715
134.18,95.518,17.478
200.61,7.1995,57.947
140.27,91.57,0.1651
363.35,-101.69,112.72
357.8,-63.101,84.224
259.53,-20.5,49.02
129.43,49.002,30.711
339.39,-63.589,130.73
247.3,11.275,33.866
179.53,21.937,52.14
233.05,-5.3071,38.362
310.25,-5.9819,88.099
381.56,-98.739,101.77
322.3,-70.888,112.92
206.05,10.963,26.366
173.02,35.248,7.7241
319.24,-11.541,86.047
271.37,-15.659,99.307
213.06,41.538,65.493
199.44,31.598,14.063
265.55,-21.293,49.278
142.28,63.681,-10.183
119.74,79.293,-20.001
88.713,100.14,-32.434
247.12,-23.933,70.813
365.79,-94.173,140.35
102.27,72.503,25.553
221.3,-8.2005,52.572
210.17,30.231,70.947
298.85,-20.531,108.74
300.36,0.67319,82.816
138.61,82.678,-9.9272
319.35,-53.889,71.927
290.16,3.8448,62.047
350.88,-57.945,80.956
312.68,-66.741,91.813
152.62,48.355,-2.1103
257.02,6.1471,38.165
246.71,31.418,43.607
153.48,77.638,-2.2836
148.03,84.554,-1.0204
174.88,56.123,53.646
309.73,-44.991,116.75
307.22,-28.17,113.4
245,35.38,50.538
366.82,-91.316,142.35
252.73,13.692,85.6
304.46,-43.425,114.05
176.03,39.989,57.48
224.04,21.067,77.238
324.06,-30.242,116.2
391.81,-77.173,147.33
179.06,50.729,56.723
85.862,117.17,-24.539
81.079,81.976,-29.658
311.08,-55.432,114.65
130.16,77.343,-15.777
264.62,-18.293,47.223
361.86,-64.278,86.078
338.42,-25.287,102.07
337.04,-76.497,124.99
273.83,-2.0073,96.358
195.52,46.274,61.533
180.91,37.301,59.564
371.05,-76.183,144.36
146.1,68.29,43.007
363.73,-89.717,140.69
163.84,29.262,15.252
194.72,31.172,12.965
297.02,-44.932,66.159
368.65,-62.652,137.8
376.23,-51.726,118.78
385.28,-92.423,99.172
231.41,37.346,33.068
319.52,-72.066,99.676
151.79,69.83,-6.4448
168.78,79.065,22.959
366.51,-46.112,118.68
127.38,99.27,13.855
183.1,58.437,52.818
164.39,28.9,43.923
385.79,-59.544,126.86
80.76,70.903,-16.509
83.764,80.562,-28.508
374.13,-89.218,147.11
288.38,-15.387,104.69
394.6,-72.408,106.03
281.94,-8.5818,100.67
99.532,100.79,-26.504
354.98,-91.86,131.16
68.318,96.32,12.993
105.43,90.723,-25.787
168.28,22.541,34.928
93.738,103.04,17.436
357.59,-85.352,93.126
109.29,65.293,26.891
109.54,78.577,-23.173
234.89,-2.6982,81.481
337.64,-51.746,128.41
218.53,-2.2163,67.552
88.959,88.176,-31.352
358.48,-44.346,122.3
73.142,101.59,14.236
173.56,20.864,25.917
362.86,-102.8,121.01
397.48,-91.735,102.98
253.74,-27.787,64.408
362.08,-56.876,87.092
187.45,68.834,32.184
129.8,44.079,9.0096
393.13,-70.141,106.29
300.91,-1.5278,89.519
281.06,-29.077,54.799
346.38,-38.41,119.96
189.48,10.853,45.976
199.63,5.0911,51.002
364.99,-54.033,90.337
230.82,-12.469,50.396
359.04,-54.608,132.45
265.01,-35.523,76.839
374.06,-63.02,137.78
104.12,109.19,-15.557
300.52,-13.33,104.62
264.75,-24.95,52.435
273.75,-13.345,100.03
109.79,69.249,-19.028
103.63,59.515,16.2
319.6,-33.029,66.427
139.81,85.389,-7.4553
146.23,40.574,5.1658
395.93,-65.28,122.58
77.274,105.83,-37.053
153.57,85.003,6.2924
185.91,40.469,61.333
313.28,-40.917,118.3
278.96,3.5675,50.664
183.21,43.046,59.996
196.52,16.422,62.838
142.65,52.058,-5.308
175.16,35.685,7.6211
288.9,-18.726,105.92
188.73,64.189,17.699
180.79,62.132,8.5316
367.34,-52.925,129.42
388.7,-75.638,99.724
180.72,72.249,31.584
265.86,-7.9159,43.025
270.02,11.17,86.6
292.12,-24.748,54.838
133.45,58.694,-10.218
76.848,104.37,-37.394
161.52,27.944,19.605
133.46,63.051,-12.273
85.176,102.2,-33.821
151.93,80.516,34.742
137.41,88.754,-6.685
324.97,-75.852,104.25
204.42,14.093,23.696
236.73,34.95,36.133
217.36,12.965,24.974
255.95,-0.83169,91.847
356.53,-66.698,84.197
263.57,-28.467,89.543
364.55,-75.105,142.09
261.28,-32.606,67.973
335.92,-83.563,107.02
122.91,65.561,34.906
167.61,61.883,0.22199
358.36,-64.878,84.599
154.26,66.505,45.372
228.36,44.378,55.306
166.33,80.318,19.496
202.69,11.887,25.955
200.57,61.615,35.14
150.45,33.675,32.903
204.72,21.014,69.595
103.95,103.84,16.486
239.61,-18.067,71.735
137.04,62.165,41.115
384.75,-86.872,151.07
297.95,-39.707,62.212
114.05,83.416,-22.378
140.85,46.427,38.507
215.62,49.757,30.143
100.31,64.401,-13.971
160.94,78.476,5.1223
266.51,-4.5395,75.08
328.19,-53.224,53.753
344.48,-67.219,63.096
259.84,-22.426,36.613
240.04,-13.729,37.672
291.45,-37.026,82.987
369.64,-97.876,113.33
180.03,29.586,32.92
363.14,-58.408,64.595
194.15,13.969,15.076
97.639,65.898,-10.985
68.485,78.938,-29.743
223.66,34.821,52.215
256.57,-24.026,53.088
298.21,-20.942,88.754
237.44,44.847,36.47
306.02,-49.272,53.067
372.98,-91.341,122.33
156.78,88.391,6.155
349.38,-25.783,79.691
291.01,-46.259,61.724
368.14,-82.95,121.6
141.73,55.072,-25.595
369.46,-50.08,110.69
233.09,11.45,60.346
91.045,73.8,-6.2542
106.37,63.789,-29.329
84.542,92.132,-2.0422
154.79,66.98,-27.249
329.92,-62.138,60.433
341.27,-76.609,74.014
319.63,-5.798,68.724
164.46,82.19,-14.333
125.77,82.956,-39.181
380.55,-103.81,120.88
224.39,0.62871,18.648
236.53,2.5364,14.42
186.88,43.283,-12.829
225.99,51.546,31.553
416.42,-78.706,96.585
382.39,-94.096,128.12
270.43,-5.8561,23.415
275.92,-24.656,34.174
282.79,-41.061,62.458
203.78,14.73,42.073
276.95,-36.941,54.367
93.94,107.17,-3.6738
365.67,-77.53,120.95
281.52,14.717,35.629
276.58,-26.932,36.202
174.04,79.033,-7.232
270.59,-28.975,68.591
298.35,4.9811,44.448
386.18,-109.19,121.83
289.78,13.254,57.366
179.52,65.599,29.642
344.09,-80.686,99.463
206.95,10.194,12.135
334.05,-75.351,80.542
206.35,34.871,-5.1166
239.6,-5.5029,58.699
199.7,64.286,26.148
338.82,-39.571,53.304
207.99,51.914,39.835
355.53,-55.758,114.04
239.55,13.434,62.972
360.39,-90.104,110.54
154.9,37.141,14.782
266.42,9.2486,20.734
185.95,18.388,12.528
219.1,26.12,0.65689
108.84,93.263,5.7502
210.74,25.022,-0.98003
206.01,55.748,36.222
88.951,110.45,-52.447
405.96,-67.601,97.159
371.4,-61.078,68.645
408.37,-73.843,124.41
177.67,79.388,5.2394
226.33,-3.7334,45.173
317.62,-6.1899,55.64
315.56,-45.292,97.058
208.39,7.6249,16.014
225.82,11.545,7.9811
389.93,-59.691,84.21
219.46,13.815,53.365
261.71,9.9399,69.815
385.39,-69.493,124.52
366.49,-45.226,106.26
374.08,-52.829,112.32
292.83,-41.681,80.729
180.52,39.691,-12.771
152.21,81.543,17.154
294.17,-45.655,77.438
221.49,20.948,2.8086
69.081,82.056,-44.101
319.86,-11.187,82.176
184,58.465,-14.516
135.98,67.469,-33.137
160.66,87.434,-9.407
245.98,-17.633,46.767
276.77,-3.5419,78.099
99.809,89.157,-48.924
177.79,76.428,-6.7901
337.47,-64.352,61.32
372.87,-76.443,124.21
372.24,-71.519,123.09
208.87,62.028,20.831
334.15,-16.56,64.869
110.64,102.96,-42.143
398.73,-102.4,86.546
268.49,-25.803,37.259
319.75,-6.7323,58.83
168.7,72.153,-19.022
396.79,-62.875,114.6
405.6,-92.048,84.81
118.37,75.137,-39.86
252.45,19.518,14.889
340.96,-76.177,101.5
195.53,23.542,41.273
346.64,-30.731,62.398
154.95,74.99,22.027
185.11,52.346,37.686
331.15,-60.733,58.988
175.72,30.932,-5.6271
74.98,79.469,-42.299
121.88,102.73,-33.237
214.68,23.159,0.54261
189.03,50.102,-12.982
165.71,39.32,-12.994
152.3,78.087,19.835
316.82,-41.855,98.11
371.94,-79.735,124
399.57,-97.399,84.303
95.562,121.18,-27.375
282.48,-13.133,28.713
97.989,86.608,3.4754
324.13,-68.038,74.045
351.03,-60.947,113.9
234.07,-0.017425,57.637
66.535,87.035,-15.094
350.71,-85.375,82.658
320.55,-26.366,95.496
215.39,43.495,-0.57267
130.71,101.07,-25.713
66.981,95.151,-10.219
251.77,36.55,29.898
377.5,-49.341,105.94
128.06,62.976,14.105
234.3,43.87,42.022
236.26,-5.9324,55.077
144.29,70.506,21.72
93.534,80.575,0.031048
128.44,91.031,9.5871
244.66,-10.159,59.683
368.01,-40.001,80.655
133.86,77.277,-35.827
109.96,83.163,-44.565
217.09,5.2369,15.034
155.61,83.015,-21.919
322.43,-20.938,47.354
243.75,33.746,15.087
104.94,116.34,-21.432
170.03,57.678,-20.833
186.53,34.375,39.548
126.35,105.95,-17.373
364.96,-65.789,119.52
331.2,-13.36,69.847
317.96,-15.043,46.657
156.8,43.062,23.604
225.95,46.776,9.6947
295.37,-40.72,46.422
328.41,-44.465,49.933
403.85,-101.88,86.905
244.99,3.5624,65.546
114.05,102.16,-40.216
117.02,92.097,-42.328
348.29,-56.604,112.25
109.71,62.32,-1.246
171.59,30.065,-2.9274
151.98,60.975,25.666
222.92,-3.6303,32.261
373.81,-90.535,78.811
91.458,76.713,-3.4112
74.68,83.253,-47.709
263.89,-23.035,35.386
141.4,42.35,2.6466
209.78,9.3087,42.784
200.3,62.243,-0.1318
286.58,15.593,54.09
246.77,28.335,14.23
193.35,68.841,1.3608
129.67,80.355,15.084
341.78,-60.034,109.72
220.31,55.001,16.231
155.48,67.789,25.467
102.44,62.264,-20.19
230.57,46.871,38.854
386.09,-86.172,77.359
395.31,-87.815,80.412
292.31,-43.476,78.012
385.51,-51.316,97.383
163.1,84.215,10.704
301.02,-22.968,90.074
238.58,11.12,62.794
415.3,-72.595,108.26
237.84,21.705,7.9198
236.99,-11.501,46.273
257.99,-2.1867,71.412
355.05,-38.091,65.112
321.3,-62.656,64.542
152.27,37.079,9.7204
277.3,-11.066,26.734
242.23,37.785,47.728
219.15,27.756,0.33507
351.88,-53.373,112.39
306.37,-1.6355,75.09
256.09,15.074,16.114
95.882,108.83,-48.867
239.64,39.707,16.638
351.88,-60.361,114.15
359.73,-89.752,110.08
237.59,-1.0556,17.27
398.02,-67.696,121.1
261.4,-23.192,36.942
77.9,117.85,-12.212
99.392,113.5,-42.743
154.55,71.34,-27.221
112.64,110.57,-11.265
359.81,-40.284,102.85
406.76,-66.502,107.55
208.53,51.437,40.22
334.43,-20.29,58.87
70.628,112.38,-9.8195
108.09,77.747,-42.897
319.96,-48.56,99.052
87.116,122.84,-20.824
341.63,-21.946,84.25
340.08,-79.271,81.909
358.07,-35.067,71.826
289.72,6.1017,71.777
137.98,48.054,10.852
299.39,-33.12,89.819
257.57,-20.935,35.474
237.49,26.792,58.133
194.13,38.693,-9.6016
264.62,22.859,59.393
158.58,49.416,27.628
197.84,35.884,45.044
76.103,100.66,-5.4704
255.64,11.008,68.23
312,-51.507,92.008
112.45,57.097,-14.696
351.91,-41.372,105.75
97.541,65.997,-27.893
375.87,-49.685,107.66
99.938,107.12,-3.4026
255.31,13.163,15.575
79.741,120.88,-15.23
186.36,49.671,38.863
200.18,12.092,34.521
364.23,-81.769,72.809
381.15,-109.26,105.98
304.95,2.9936,66.237
229.94,-6.8259,29.879
95.734,117.38,-14.895
276.7,-11.112,26.597
339.51,-70.687,104.81
113.77,99.752,-41.738
97.38,75.561,0.13414
168.02,64.811,-21.575
318.96,-17.039,46.432
261.6,-4.7633,73.024
122.3,107.4,-23.474
133.09,46.712,-8.1442
117.64,58.595,-25.57
86.404,122.25,-19.175
233.68,7.5901,10.984
295.46,-12.378,33.422
118.27,108.03,-29.268
113.46,60.657,-27.196
88.076,75.631,-7.097
357.64,-92.407,98.628
385.42,-109.86,119.55
127.6,97.922,-32.842
134.77,98.746,-0.65597
132.61,83.695,14.392
223.06,5.7644,52.271
293.49,6.798,69.16
181.17,35.288,36.67
95.781,65.42,-20.512
223.41,34.936,52.123
297.07,-44.076,83.074
95.263,74.172,-2.3393
267.56,10.534,70.149
307.36,-8.7573,41.482
161.21,85.571,-13.009
254.24,33.055,48.494
159.74,62.622,28.077
183.09,74.195,17.484
335.82,-20.175,60.86
357.97,-42.812,64.86
125.49,77.148,14.506
326.57,-61.994,61.128
164.81,31.947,19.345
314.75,-11.478,46.066
412.44,-70.61,111.1
336.75,-72.681,100.14
396.41,-59.069,100.58
168.4,38.948,-12.856
355.62,-85.889,79.372
339.08,-78.338,94.195
94.431,119.59,-18.668
247.96,-17.532,53.405
142.18,80.342,-31.892
320.48,-34.171,45.166
384.62,-111.74,107.77
271.1,12.35,68.881
95.49,65.757,-23.207
330.4,-30.752,98.735
310.77,-46.8,93.454
123.06,83.183,12.532
237.78,42.882,41.425
77.311,103.56,-5.4716
220.55,18.84,54.848
89.842,92.444,0.17207
331.44,-60.184,58.514
362.96,-72.802,119.75
159.52,33.182,12.855
151.87,92.973,-7.2269
339.76,-20.882,66.162
98.496,108.46,-4.5162
291.67,9.9978,42.72
201.16,39.014,45.77
168.26,29.288,1.1812
242.22,26.627,10.649
322.5,-10.611,55.682
234.26,45.67,38.255
127.93,72.158,-36.642
256.03,33.932,31.563
261.83,28.176,28.829
315.18,-6.193,76.927
388.63,-54.544,104.62
259.46,-1.4116,72.028
286.38,-32.139,39.586
294.06,10.17,60.801
87.985,98.765,-54.347
311.77,-21.247,91.864
269.14,22.261,29.965
114.76,70.07,-37.576
77.307,108.69,-6.958
108.85,65.563,-32.899
90.202,69.403,-30.129
389.63,-60.099,115.02
360.26,-91.439,85.523
239.31,44.18,25.349
93.723,96.12,1.0346
310.71,-40.497,95.052
351.93,-29.198,71.944
110.91,58.604,-7.5327
115.45,56.909,-20.289
355.72,-46.104,61.986
90.874,74.883,-5.3508
295.69,-0.079096,36.847
325.9,-61.882,61.213
240.04,38.377,15.598
352.6,-38.727,103.34
312.03,-7.0485,80.113
368.99,-100.01,106.98
393.57,-103.6,87.326
382.38,-62.551,75.275
282.74,-41.053,61.896
245.92,29.891,14.396
197.4,30.805,44.673
400.23,-95.319,83.735
304.46,-43.028,46.966
326.92,-61.14,60.106
344.88,-83.425,89.727
63.1,90.799,-14.838
285.19,16.605,52.182
153.35,83.149,-23.622
219.97,17.88,54.473
223,55.929,-10.734
173.68,43.145,-33.888
235.02,43.449,-11.121
190.41,59.624,15.986
200.24,68.153,-20.978
169.33,81.724,-37.127
298.18,-41.652,58.128
77.594,82.163,-37.299
388.73,-107.8,93.061
316.38,-4.9523,61.587
130.15,83.934,-6.0093
382.91,-63.489,51.909
299.8,5.563,54.425
406.27,-106.58,71.585
232.12,54.323,3.7233
306.4,-48.999,41.314
220.23,25.114,-18.712
333.03,-40.713,83.249
281.08,13.516,7.6602
229.18,9.9281,34.381
267.72,-5.8218,53.666
153.56,90.156,-43.356
319.07,-39.303,76.976
104.86,72.221,-21.678
308.83,-52.016,54.11
288.28,-21.111,62.557
118.23,71.224,-56.288
130.38,99.902,-54.409
114.43,64.237,-47.011
285.26,-17.145,11.259
175.71,39.497,10.865
199.63,15.379,2.4349
326.55,-31.365,25.864
397.4,-71.714,108.21
293.69,-20.243,65.52
245.06,30.987,37.779
98.973,105.44,-20.904
319.93,-50.577,73.691
173.77,50.102,-38.061
365.51,-30.74,67.151
422.04,-82.988,72.435
314.8,-51.982,66.85
332.98,-11.286,38.738
396.85,-104.76,71.631
223.82,55.291,-10.636
315.13,-39.837,26.755
186.47,25.961,-16.272
273.3,-0.91067,55.962
267.41,24.285,41.837
137.74,103.43,-42.146
323.62,-59.763,68.21
88.736,75.443,-53.951
160.16,46.615,-36.23
219.39,3.9953,9.271
269.61,-25.374,40.875
341.84,-16.042,63.039
299.92,-44.604,38.041
301.02,-8.8326,65.383
72.163,82.78,-57.963
351.81,-22.334,50.949
344.68,-42.173,34.055
189.2,70.975,6.6676
378.93,-51.173,52.582
87.204,74.64,-48.282
407.53,-63.323,96.246
364.47,-86.469,90.37
384.28,-79.904,54.968
125.25,91.825,-60.696
338.26,-13.443,43.881
301.97,-33.237,67.954
333.11,-45.206,31.455
360.7,-83.269,89.19
132.05,102.01,-51.146
136.53,105.6,-31.98
350.45,-69.647,47.62
342.15,-19.304,40.37
339.22,-15.972,40.802
190.46,21.332,4.2536
380.47,-41.981,65.473
324.65,-3.3897,40.75
408.88,-92.003,64.937
138.18,83.727,-55.612
235.07,21.336,39.238
214.04,64.657,-1.7437
273.16,-13.94,8.5796
268.07,9.1471,-0.65768
168.13,87.068,-9.8864
231.62,8.448,35.435
216.45,62.43,-7.4797
355.33,-67.821,45.727
249.46,-8.7369,38.596
236.3,-6.0564,20.196
303.6,-47.947,54.671
295.63,13.654,23.105
87.651,113.95,-27.092
366.59,-90.461,68.845
159.93,75.532,3.51
244.72,3.9268,-4.303
282.75,22.211,18.436
113.02,80.97,-62.89
250.78,25.08,41.776
358.48,-67.103,95.336
373.86,-70.242,49.268
387.78,-102.38,72.596
129.48,55.422,-38.238
203.34,70.216,-2.1875
326.59,-56.057,39.509
390.56,-77.749,56.039
104.07,71.653,-54.951
310.04,-21.447,18.484
375.75,-52.242,95.261
363.69,-60.342,43.736
216.7,5.5371,10.507
265.65,-21.773,20.409
217.52,17.954,29.814
277.21,-26.067,51.074
335,-44.968,84.473
337.43,-58.107,84.083
143.43,52.804,-40.253
269.1,-23.651,21.313
352.45,-70.57,90.343
110.88,62.726,-37.044
336.57,-22.501,75.004
225.57,10.352,31.863
292.04,7.2925,54.353
235.34,37.734,-13.659
205.59,17.229,19.205
316.98,-56.045,46.061
330.82,-39.286,28.874
382.68,-43.005,76.289
337.55,-38.875,30.935
404.31,-98.148,66.179
146.19,74.147,-52.212
221.7,60.059,4.9248
149.28,43.183,-15.935
194.11,26.878,17.122
300.88,-45.504,55.382
302.92,-19.319,15.754
172.46,44.317,-34.787
175.72,31.044,2.0364
162.81,89.937,-12.278
102.89,103.06,-69.733
238.61,41.779,29.094
359.51,-28.32,71.521
324.66,-61.629,66.136
118.85,110.03,-54.766
248.43,0.72273,43.855
106.32,105.44,-67.391
117.41,114.82,-37.286
336.74,-70.993,67.852
195.86,74.672,-8.5986
113.7,103.22,-17.966
165.85,34.37,-15.989
298.92,-32.701,21.967
151.53,56.471,2.4916
166.98,51.207,-39.626
112.71,67.597,-19.187
209.81,15.422,-10.609
176.54,79.487,-32.603
231.28,45.195,26.846
311.77,-44.948,31.405
119.53,112.29,-30.966
175.29,33.681,-23.811
156.29,59.584,5.698
325.78,-63.41,55.615
88.669,109.93,-24.792
151.38,96.227,-37.302
164.76,87.673,-8.8906
196.22,73.168,-1.2672
369.21,-61.774,45.832
198.01,29.115,-23.072
141.38,57.38,-3.7881
372.97,-88.337,98.246
389.33,-50.08,87.136
341.28,-46.202,87.061
113.11,67.57,-51.854
202.72,67.98,5.4888
409.08,-71.565,67.42
392.13,-110.41,93.449
319.87,-49,33.739
252.69,27.594,-6.1163
151.82,43.005,-10.198
195.96,21.522,-13.811
76.488,79.759,-50.988
355.75,-26.598,49.456
90.374,92.919,-72.409
356.41,-24.661,64.72
77.601,80.429,-41.084
387.07,-95.858,106.41
75.76,96.782,-27.868
145.06,79.426,-0.89567
355.91,-71.928,92.453
346.57,-21.961,42.824
94.508,73.867,-30.352
148.13,53.932,-42.209
419.02,-70.903,100.34
196.39,17.233,-0.091189
153.82,64.001,-47.675
322.68,-61.352,60.822
276.66,10.722,52.288
220.45,36.122,31.571
236.39,51.057,1.0162
155.55,72.333,-48.57
332.67,-35.253,28.645
225.8,0.17999,12.608
95.68,70.716,-36.643
91.303,83.865,-66.628
324.36,-53.673,37.497
135.55,104.6,-42.858
173.76,66.14,10.255
236.3,51.67,11.173
209.03,25.469,27.064
322.42,-50.468,34.675
124.09,57.081,-37.338
371.11,-40.373,52.675
281.37,24.872,27.739
281.02,-2.0287,58.609
194.11,24.809,-18.03
197.98,71.376,1.733
95.744,115.04,-27.598
294.69,16.545,33.375
305.08,-1.0017,18.682
363.73,-90.286,76.027
259.56,17.736,46.674
365.14,-90.955,73.666
265.04,32.151,31.452
334.9,-18.404,71.294
235.51,2.9597,-2.6429
165.76,38.908,-27.943
233.46,42.972,-12.639
163.37,39.135,-27.149
270.05,-24.129,21.489
393.89,-103.9,107.67
193.84,21.736,11.161
131.51,107.58,-41.36
238.76,47.334,-3.2835
316.22,-51.917,68.713
280.65,10.672,52.421
195.15,52.407,-32.084
239.86,-8.1702,17.612
315.84,-46.889,32.469
239.7,21.242,-12.553
380.97,-42.26,77.868
166.86,58.579,10.201
392.81,-73.427,56.492
356.5,-27.198,49.655
265.31,-16.5,12.034
284.26,12.524,9.5911
127.61,100.81,-16.19
292.78,-31.893,61.584
399.6,-113.07,82.225
266.98,-21.044,44.691
359.75,-26.589,62.463
348.65,-20.308,49.113
248.13,39.157,29.518
422.31,-86.384,71.424
345.98,-17.7,60.987
385.57,-105.15,93.269
177.43,84.27,-21.318
298.95,-39.1,28.654
195.96,50.209,-31.72
178.42,82.397,-7.5703
357.51,-25.909,67.449
238.81,33.346,-12.812
152.96,88.045,-5.9626
416.97,-71.915,75.489
372.17,-55.806,97.476
299.43,-45.777,44.144
214.72,51.182,-21.852
206.41,66.017,-16.459
130.3,73.838,-4.9826
78.586,83.697,-33.994
202.2,43.839,24.466
122.69,56.908,-27.256
366.88,-73.609,99.23
244.62,26.929,40.05
175.42,40.992,-32.186
300.48,-14.991,67.5
344.52,-39.418,85.962
214.73,6.6761,8.6614
374.32,-36.845,70.21
399.89,-54.997,81.242
356.73,-24.716,63.832
312.27,-0.30274,57.143
414.43,-89.968,66.74
416.41,-98.814,68.846
363.25,-34.41,79.899
155.28,72.321,-48.677
98.616,124.42,-47.818
249.76,1.826,45.03
111.1,103.83,-65.2
345.32,-16.672,56.179
183.12,31.012,10.72
100.04,115.03,-27.914
135.02,74.224,-55.587
278.57,-15.242,9.6
334.06,-69.255,60.547
212.59,16.999,25.586
320.08,-3.4472,57.45
262.3,19.404,46.06
373.46,-37.113,61.889
195.82,60.24,16.026
359.54,-83.319,61.036
393.02,-69.273,106.54
197.72,52.512,-30.935
377.79,-39.543,74.078
300.93,-31.434,67.82
229.61,25.961,36.667
189.06,58.951,-34.394
162.66,69.081,-45.641
394.34,-51.029,78.22
259.6,-9.8569,47.156
342.46,-51.981,35.949
228.01,48.069,-13.723
90.833,92.057,-21.232
168.02,64.28,-43.348
100.51,69.949,-29.708
267.78,-21.868,18.82
104.97,119.45,-55.987
146.15,95.625,-13.76
256.55,18.765,45.726
153.84,46.197,-2.3707
376.03,-38.112,67.194
337.68,-29.365,80.044
381.39,-100.82,94.842
129.35,92.23,-9.5777
357.91,-86.131,75.747
239.99,2.3549,-2.7944
337.15,-40.594,31.081
139.83,85.338,-4.4565
404.9,-96.055,65.287
248.3,37.88,-3.6951
292.22,-25.864,17.02
378.94,-89.155,60.416
169.95,33.745,-20.377
349.94,-61.315,41.504
127.26,56.79,-18.11
335.82,-57.498,39.027
116.16,114,-51.277
308.96,3.6867,26.658
87.435,75.373,-37.737
237.71,34.423,-13.188
314.99,-54.182,43.78
300.23,11.146,26
127.52,80.608,-59.335
288.63,-38.434,37.362
294.56,16.49,35.234
316.91,-4.3789,60.668
199.29,50.407,21.735
353.72,-79.949,83.744
267.61,27.749,37.509
132.53,57.866,-44.037
281.44,-16.127,10.327
132.99,58.32,-44.746
233.1,25.023,-15.399
165.25,34.9,-17.484
301.03,-36.347,65.906
405.72,-65.94,68.113
119.29,74.165,-58.334
311.16,-47.362,34.51
185.19,43.502,-33.072
95.184,90.982,-70.649
360.36,-52.778,94.259
205.56,41.738,25.945
95.686,125.45,-45.553
210.83,31.49,28.92
222.96,10.355,29.701
178.48,38.486,-30.169
389.68,-99.619,106.57
140.21,98.518,-15.994
98.136,69.099,-42.55
375.95,-54.336,49.283
355.09,-59.438,93.902
380.89,-55.306,97.218
376.96,-60.936,49.02
230.82,24.284,37.334
120.63,70.554,-55.731
381.62,-57.032,98.484
90.057,73.368,-48.058
205.15,26.432,24.978
307.09,8.3651,41.835
287.83,20.677,26.532
124.54,25.963,114.62
163.52,14.17,144.69
166.82,13.264,103.5
331.09,-74.835,213.77
248.04,9.7971,143.88
210.97,-7.5467,166.76
315.47,-86.066,202.92
332.77,-67.858,161.45
162.59,54.309,133.71
54.995,90.124,45.805
307.99,-28.777,178.62
113.66,87.885,95.791
169.71,50.904,102.3
108.65,76.223,70.864
290.56,-21.936,182.58
302.64,-81.037,168.86
210.66,32.059,143.37
120.46,55.346,75.299
116.23,30.543,111.06
107.57,34.764,104.73
123.16,82.784,95.371
79.162,70.692,110.99
50.707,110.79,87.545
236.03,-8.4574,123.73
260.14,-14.207,133.99
375.64,-83.326,181.97
277.67,-61.276,154.82
260.9,-46.226,184.09
90.076,44.117,97.081
372.63,-87.709,177.75
225.12,15.327,123.05
142.94,19.828,101.36
147.04,65.941,95.31
88.83,99.362,74.499
75.466,58.365,68.329
306.38,-50.792,151.38
187.24,47.285,124.96
347.27,-115.3,196.64
252.37,-19.527,182.99
214.41,-21.066,129.7
206.14,35.714,137.89
312.33,-47.029,154.74
157.45,38.323,143.99
115.26,61.66,72.486
227.01,17.595,158.74
48.009,120.53,71.665
72.43,105.49,89.585
224.06,-3.6532,172.1
216.38,-22.293,163.07
349.39,-64.197,207.86
109.7,89.923,89.683
205.42,-8.8035,119.04
346.62,-62.802,207.39
43.491,73.615,88.033
128.1,48.688,79.277
341.86,-51.407,183.34
108.17,86.059,107.24
330.97,-60.028,208.13
231.58,-32.047,168.95
162.29,20.592,146.38
190.75,9.1578,159.03
217.44,7.266,167.39
304.44,-40.727,197.29
290.4,-72.822,189.27
177.68,52.313,116.48
284.99,-27.736,144.5
163.12,15.413,145.04
323.25,-41.239,168.7
82.184,104.19,81.619
326.99,-41.101,182.15
219.75,-2.0148,170.53
84.263,51.11,104.42
114.45,66.734,72.099
344.85,-55.526,197.52
70.661,94.061,102
250.5,-43.536,177.06
278.6,-59.213,152.14
187.11,31.204,151.98
101.06,38.274,101.93
331.04,-94.543,210.38
247.17,-44.988,148.44
85.959,52.038,107.33
251.81,-34.684,182.8
315.26,-73.069,158.55
222.1,-12.125,171.66
80.076,51.717,77.526
130.73,68.35,82.379
196.12,-9.8103,154.86
266.52,-9.6167,177.4
212.27,29.941,125.15
153,66.113,116.31
270.74,-5.5,168.26
351.26,-87.599,221.19
266.01,-5.4148,143.73
279.18,-64.173,186.4
341.48,-111.39,195.11
147.11,38.377,140.62
59.382,65.781,95.441
36.02,116.17,82.823
279.18,-13.675,149.18
363.69,-82.57,174.09
231.11,-37.624,155.87
152.92,23.29,95.892
330.56,-68.522,160.6
191.04,-12.85,140.41
129.4,26.981,124.53
73.701,103.33,61.39
371.01,-71.304,196.01
298.07,-55.317,149.62
223.78,-15.371,123.44
316.8,-66.468,208.57
53.924,64.23,67.977
137.55,72.71,115.54
84.648,72.585,113.34
26.501,76.573,61.879
298.23,-21.671,169.64
340.5,-80.698,164.94
21.529,89.292,81.82
348.04,-109.48,214.34
156.39,63.437,104.35
248.19,-39.439,140.12
45.144,122.32,57.672
309.83,-83.182,167.5
312.04,-40.254,195.51
131.86,78.162,99.609
207.7,29.095,118.52
320.81,-64.333,157.07
113.68,31.327,102.16
334.39,-84.98,165.25
274.23,-26.984,138.99
338.49,-75.328,163.67
366.77,-71.034,206.74
199.97,-5.4981,116.77
179.23,43.304,142.44
121.32,59.919,128
87.761,46.523,84.051
280.36,-67.532,182.98
246.36,-36.578,137.74
166.48,22.655,148.86
104.72,72.804,119.14
136.81,61.951,129.19
224.43,25.106,138.64
279.58,-48.32,144.42
170.07,-0.57659,128.48
106.34,35.89,106.65
64.358,111.81,63.598
251.85,1.7574,136.18
255.22,6.0463,150.77
156.28,13.083,137.56
168.66,51.921,102.26
88.998,57.319,113.42
302.27,-51.724,149.97
282.73,-15.022,176.7
108.52,85.939,77.574
232.26,20.4,143.14
345.9,-70.423,213.84
63.461,69.298,57.802
91.871,74.13,62.066
153.02,31.826,143.24
244.23,12.953,150.32
184.2,7.8877,155.59
117.28,83.25,107.55
336.78,-106.98,202.28
288.11,-43.108,196.97
259.54,-52.089,177.61
168.71,41.054,96.31
269.28,-3.0913,162.19
199.3,-3.0661,114.99
40.911,115.13,83.703
29.105,80.141,80.712
67.755,67.448,103.53
130.97,55.765,131.8
65.38,73.924,54.613
146.32,63.496,126.64
67.794,85.128,105.15
83.33,71.319,59.722
245.21,10.081,159.61
326.08,-79.993,212.15
138.44,51.485,135.08
274.34,-51.735,146.42
226.53,-34.795,150.86
264.8,-28.921,188.19
367.5,-75.518,213.37
342.73,-105.18,212.91
108.95,72.698,70.076
171.56,38.005,97.229
234.62,-11.097,123.68
145.35,16.659,105.66
347.57,-56.835,197.16
354.39,-68.822,173.87
196.17,16.892,107.23
93.841,46.29,108.98
169.42,45.904,98.528
202.45,33.012,147.87
170.12,28.722,96.637
112.97,86.09,83.482
89.847,86.336,109.12
169.32,0.55679,122.4
100.68,93.674,95.654
340.7,-96.958,172.03
330.1,-50.217,166.16
234.33,-9.0216,123.23
96.937,40.302,95.262
302.57,-79.251,196.17
216.63,23.759,122.22
146.63,12.982,117.31
207.63,5.7663,112.54
267.55,-12.25,179.77
359.08,-85.926,171.38
293.2,-77.523,172.27
180.44,22.116,101.13
146.7,47.921,86.14
278.05,-14.412,178.7
232.15,-31.726,169.84
168.35,26.024,149.64
170.74,44.969,98.995
240.06,-8.9972,125.24
113.62,77.007,74.589
90.229,92.2,66.199
57.989,111.98,55.201
218.95,-25.757,134.37
334.24,-106.03,198.53
65.76,58.687,92.739
194.43,-6.1768,118.15
167.95,13.34,147.42
256.83,-37.269,184.94
257.58,-5.1948,175.22
104.25,91.864,82.703
294.62,-41.012,146.91
251.97,7.6795,156.56
322.86,-45.114,163.56
287.9,-63.581,154.03
126.08,61.371,77.298
226.2,18.479,126.67
207.56,34.638,139.55
117.77,85.476,91.725
110.3,89.668,94.114
131.33,39.397,133.46
272.65,-60.249,183.35
265.86,-44.985,187.97
203.15,33.743,146.36
333.84,-104.68,201.88
208.97,-2.6075,166.47
267.93,-58.171,180.06
136.54,24.233,129.07
182.15,4.2116,152.99
281.38,-45.959,195.3
351.31,-92.545,221.8
136.15,33.833,134.79
48.232,121.05,68.723
55.982,94.566,45.79
277.64,-67.407,177.1
99.471,89.651,72.39
238.75,-5.52,124.73
333.78,-51.668,168.53
296.32,-32.026,191.7
305.76,-86.875,184.48
230.84,-18.597,175.04
151.62,29.732,142.43
141.4,21.532,131.19
332.55,-92.887,212.38
103.46,51.393,120.48
330.87,-102.86,200.21
138.38,37.559,85.873
166.77,44.596,96.199
272.57,-33.495,138.58
327.63,-78.489,212.88
335.58,-57.852,205.84
361.13,-78.81,173.74
194.04,43.32,128.5
294.06,-71.415,160.17
119.61,81.215,84.005
125.62,74.533,118.03
324.89,-54.538,204.97
83.243,90.51,105.59
138.38,42.866,136.91
132.4,21.225,108.67
344.98,-67.473,211.93
56.116,78.098,50.731
58.633,93.13,46.991
338.82,-104.65,209.34
246.51,-32.219,180.42
361.91,-65.065,192.32
239.38,-25.283,178.21
66.395,110.65,64.155
325.67,-100.44,188.42
29.924,80.566,82.021
74.807,102.83,61.969
140.03,21.619,99.842
50.234,87.004,98.056
334.8,-73.403,162.32
74.175,53.005,92.843
81.785,92.014,59.627
198.59,-16.088,148.74
297.8,-68.523,199.46
186.57,-10.088,131.96
61.701,101.65,50.325
316.11,-56.221,205.78
32.439,84.824,87.328
147.5,26.033,93.788
338.68,-102.59,177.9
371.29,-78.732,181.54
227.72,-24.402,129.81
331.44,-46.169,173.02
143.89,63.536,127.16
103.81,48.533,75.761
359.78,-63.563,193.09
257.23,-10.683,179.67
255.52,-16.344,131.47
303.64,-51.708,202.42
160.68,8.7539,110.63
170.67,2.6065,115.51
332.49,-45.278,178.04
205.04,-7.1432,117.81
317.49,-70.223,209.06
237.66,-36.171,140.01
332.74,-78.04,214.65
65.481,111.98,78.61
257.07,-28.855,185.79
239.74,-13.864,125.68
233.46,-29.923,172.41
83.967,82.107,58.468
73.222,53.531,79.481
289.6,-20.868,152.78
103.94,92.85,86.425
120.93,50.064,76.967
357.1,-68.372,209.42
46.733,117.67,50.146
113.58,86.678,102.16
144.61,23.802,135.95
274.3,-57.315,187.86
244.36,12.33,143.31
141.63,26.29,135.16
161.55,4.7776,129.3
116.47,64.834,72.937
148.56,48.625,87.045
247.75,-35.566,179.97
149.86,68.062,113.86
145.29,70.456,102.69
325.31,-66.02,210.48
358.93,-64.959,183.59
136.76,65.745,125.9
237.62,5.4739,126.89
225.46,-2.8782,172.31
264.35,-11.332,137.62
107.04,71.757,68.923
46.875,116.61,49.009
135.65,33.722,87.845
106.17,76.47,69.418
54.406,113.96,53.816
106.92,66.805,121.98
100.5,94.837,87.801
299.21,-76.333,163.93
178.57,25.948,99.935
198.98,40.366,131.71
190.56,26.068,105.1
215.04,-17.53,165.53
330.06,-53.31,163.92
231.21,-37.749,153.02
326.75,-91.617,208.74
235.35,-29.315,133.03
311.07,-82.693,166.36
84.793,50.569,104.29
135.14,73.133,91.18
331.08,-51.802,165.79
110.99,49.715,124.45
183.91,36.145,148.49
123.76,77.168,115
177.15,22.645,100.03
157.56,57.768,130.76
120.59,29.42,97.178
166.12,5.8407,139.88
59.62,89.577,101.4
209.98,-22.509,135.23
97.455,46.229,112.7
346.97,-103.52,217.48
272.7,-26.889,138.32
84.244,96.127,64.249
106.47,35.37,104.35
176.28,52.945,126.48
75.58,74.022,56.683
122.68,83.011,100.72
229.79,-9.6978,154.24
306.74,-29.056,136
323.97,-43.512,142.53
238.08,-3.5778,112.55
216.87,0.23279,110.44
261.09,-37.26,153.77
345.17,-93.339,176.66
149.13,30.092,105.95
338.08,-34.63,154.79
171.13,29.297,89.297
71.964,73.202,58.815
45.341,90.424,39.669
183.27,29.446,139.67
231.77,-14.587,123.67
260.97,-26.46,168.63
196.47,48.347,137.05
285.23,-28.457,129.33
344.13,-92.612,188.2
115.51,89.955,104.86
311.74,-18.365,177.66
268.46,-32.903,132.22
337.21,-86.015,189.95
119.35,78.57,57.954
330.69,-52.886,197.76
197.39,7.0893,138.18
62.331,76.096,64.024
84.894,82.978,46.386
49.647,87.802,73.931
128.05,90.989,67.177
309.58,-39.847,137.6
321.43,-57.745,145.47
280.6,0.063002,167.87
129.25,97.454,88.357
99.059,106.79,54.934
355.33,-100.94,183.73
202.34,20.512,96.624
213.91,26.095,98.606
161.7,67.91,78.757
184.96,55.021,132.24
386.15,-61.934,189.67
352.33,-96.833,194.87
245.71,18.796,113.98
254.15,-1.8437,115.37
259.09,-30.191,132.35
173.55,16.053,114.61
254.29,-23.076,125.8
53.994,102.26,83.367
333.4,-81.561,191.17
246.7,30.224,137.72
255.01,-4.7508,116.11
137.43,92.189,95.942
242.66,-25.435,138.67
263.21,19.61,146.1
361.98,-105.1,183.91
249.76,17.937,157.28
138.18,61.249,120.69
319.44,-74.992,164.72
184.78,29.608,89.772
312.88,-61.369,148.64
180.5,59.356,87.86
209.05,-4.9333,130.98
157.99,64.882,124.6
312.39,-16.219,146.16
166.34,48.222,132.46
318.85,-61.289,192.59
202.11,8.1092,143.58
334.85,-86.685,174.86
127.78,43.036,86.084
237.92,32.083,117.75
162.77,33.22,86.443
193.65,50.703,92.818
69.894,87.646,89.497
186.67,49.592,87.947
164.15,53.111,130.74
59.6,131.68,44.406
372.91,-54.617,191.74
345.59,-37.964,159.71
370.81,-74.697,211.22
137.79,85.962,107.34
199.38,2.3101,116.28
281.88,6.8229,156.56
282.65,-48.637,169.68
186.01,25.527,92.125
202.71,35.608,93.983
358.66,-43.063,179.48
185.69,11.09,128.83
222.06,4.4231,155.36
348.25,-74.331,205.08
327.46,-46.834,195.52
335.43,-55.416,199.39
264.33,-39.601,150.21
156.95,64.083,74.745
110.9,77.565,108.6
267.56,-40.813,146.15
196.98,45.6,92.88
48.223,101.12,29.998
279.4,-11.862,176.02
154.7,80.853,83.758
111.92,92.143,55.909
122.97,98.447,93.441
221.46,-7.2581,117.92
238.23,-9.1871,160.85
75.441,113.8,40.783
141.6,90.325,96.387
317.03,-41.127,139.97
338.95,-81.526,196.9
337.09,-76.968,198.18
168.37,67.273,122.61
298.23,-4.5792,164.85
79.555,122.72,56.824
379.55,-78.025,163.74
246.96,-5.5222,114.56
283.29,4.878,159.6
137.37,92.477,81.287
358.97,-61.807,204.56
383.06,-67.671,169.9
94.84,99.785,47.902
223.17,41.848,113.02
314.68,-72.884,167.41
163.38,22.573,115.27
314.74,-13.055,160.52
114.35,69.852,110.28
145.62,46.674,122.66
310.61,-37.722,137.58
153.61,52.269,74.412
54.053,98.796,32.312
87.941,119.05,67.868
190.53,47.751,89.68
161.6,73.852,82.735
143.47,61.893,69.007
111.45,73.252,109.09
282.5,-46.254,172.65
339.17,-84.224,194.8
379.28,-72.572,164.7
56.573,127.24,71.948
257.86,11.518,119.02
62.495,82.021,80.51
302.95,-53.098,143.44
316.35,-66.059,188.32
202.49,-0.61132,130.8
37.645,88.533,54.54
330.87,-68.474,151.5
281.71,-31.64,179.46
185.09,65.066,98.95
94.865,114.67,76.248
34.401,92.475,62.526
213.78,47.217,132.99
338.97,-48.518,197.27
95.138,60.85,88.374
192.6,44.003,139.84
206.95,-3.701,126.68
106,64.919,103.99
61.064,78.429,73.219
87.776,86.331,98.579
214.94,-8.5986,131.34
333.13,-27.977,178.28
107.52,101.37,57.776
85.667,107.84,45.017
195,25.312,93.344
122.57,101.19,79.515
292.83,0.10085,144.55
210.67,52.164,116.95
65.362,121.22,77.719
143.52,81.864,73.283
152.1,31.158,115.9
87.398,113.37,83.664
329.41,-71.272,195.49
293.37,-5.1664,169.29
287.03,4.6953,145.24
125.66,43.169,96.668
191.44,63.408,112.54
274.28,-19.191,124.35
305.09,-19.733,137.31
384.03,-77.111,166.14
209.62,-0.65196,142.79
82.507,121.45,59.206
88.872,114.83,53.708
312.85,-61.96,188.13
81.969,66.45,69.196
149.45,49.483,74.634
115.15,55.97,105.27
199.18,9.1876,104.83
354.66,-67.384,154.32
61.148,76.931,67.85
53.842,104.88,29.748
242.28,-2.8364,112.75
116.51,52.272,74.075
180.61,12.045,114.72
165.23,78.066,102.95
246.83,21.251,154.65
215.34,48.641,114.73
156.43,81.667,104.82
90.977,74.699,98.197
308.51,-64.219,182.09
182.17,65.679,119.69
116.29,62.116,109.7
79.646,76.063,51.478
188.95,47.726,137.43
364.96,-61.34,159.75
373.27,-63.143,164.72
265.04,-39.61,146.99
348.94,-44.233,192.42
121.59,84.851,108.74
263.89,-28.473,169.72
201.98,6.1894,141.96
380.53,-63.662,201.52
210.63,45.565,103.25
211.38,-3.197,117.24
222.04,-6.875,149.38
324.16,-19.444,162.15
300.85,-43.751,137.48
126.54,45.473,81.078
252.9,13.613,116.57
200.5,36.909,144.29
193.27,52.226,93.379
315.13,-58.914,191.12
265.61,-1.9204,170.14
227.64,38.029,113.16
65.671,129.28,48.977
204.67,55.597,119.59
316.9,-65.602,189.11
334.24,-86.232,174.43
215.35,21.706,99.505
360.12,-69.228,207.83
239.68,-4.1766,113.01
37.841,113.6,75.957
66.038,130.13,57.39
126.46,94.498,69.236
71.918,111.85,85.786
320.54,-41.798,192.79
370.92,-59.451,200.82
166.9,47.689,132.73
301.04,-4.2123,158.37
32.293,106.81,72.556
85.245,102.22,43.025
287.27,-51.826,171.27
46.76,123.76,74.894
302.34,-18.85,180.34
319.35,-64.515,150.01
324.45,-20.339,170.05
248.61,3.9924,165.23
109.69,51.852,82.131
265.62,-36.833,163.98
235.78,-2.0301,111.55
197.16,21.448,145.49
169.08,63.336,81.72
223.1,21.216,154.43
124.39,46.331,103.6
160.79,30.836,125.11
39.996,95.539,72.293
216.49,5.3598,152.42
282.47,-51.354,161.35
89.221,70.12,56.963
312.93,-45.387,191.7
75.736,82.772,45.394
337.17,-49.989,197.87
59.476,102.88,85.736
227.63,36.666,111.52
39.287,118.02,75.704
147.33,43.999,122.74
172.79,17.656,106.02
344.48,-58.159,150.34
361.02,-96.931,169.46
264.9,6.6399,164.84
207.2,8.8728,103.93
55.044,117.14,80.074
252.39,13.571,116.23
310.87,-70.458,172.17
83.352,120.3,56.722
66.15,74.803,72.258
139.61,87.827,75.435
288.62,3.3278,144.45
225.81,-9.3913,150.72
84.621,117.44,78.053
109.97,60.768,64.608
96.033,78.157,50.936
45.91,122.26,75.655
210.49,31.761,97.299
268.5,11.25,127.84
82.041,120.65,72.289
91.913,80.187,49.13
59.218,77.66,63.167
335.78,-82.244,163.28
362.02,-104.47,181.5
94.619,115.68,67.92
93.558,99.242,96.495
92.802,78.212,100.34
191.77,5.6253,125.35
252.48,6.544,164.86
147.54,32.791,112.11
72.594,77.915,50.338
183.02,29.558,139.56
268.45,-42.298,152.45
65.201,74.772,68.847
227.19,5.5151,158.04
276.49,11.292,140.33
124.89,99.027,89.874
212.87,34.251,146.96
121.23,57.012,110.81
141.59,75.581,116.51
301.82,-5.0489,160.51
328.38,-22.758,160.71
88.258,71.839,94.659
306.28,-40.576,137
137.49,37.581,90.782
283.1,7.5003,145.34
376.62,-64.029,203.7
310.03,-69.835,166.49
360.66,-50.875,195.14
146.02,61.877,69.911
336.32,-66.379,150.42
315.3,-70.795,159.86
54.023,120.89,77.679
221.73,-10.636,123.96
113.33,102.79,65.414
295.67,-9.731,135.66
364.58,-99.489,170.93
230.18,8.1903,159.21
72.842,79.664,48.256
291.41,-35.7,183.48
279.53,-48.493,164.34
84.583,77.542,95.143
196.25,44.005,140.15
40.204,98.072,74.143
184.78,14.505,132.85
53.925,87.532,77.767
310.81,-36.969,137.58
329.7,-77.399,191.54
133.73,41.518,84.307
112.64,100.55,94.677
304.45,-8.0705,165.81
57.984,104.41,84.98
255.89,23.768,144.75
162.7,33.432,128.42
145.68,46.088,76.31
212.5,48.642,109.4
287.76,3.8558,156.21
192.86,47.583,137.71
103.84,96.844,52.481
218.14,44.724,134.59
225.91,42.352,131.72
274.74,-5.4732,172.58
351.15,-50.509,197.72
223.02,-6.388,150.78
264.89,-9.5694,119.83
253.88,14.071,160.06
62.793,123.08,36.857
272.85,-26.615,175.88
234.23,37.88,132.4
92.566,93.877,45.939
38.945,103.09,75.455
87.452,86.769,45.316
68.423,85.811,42.61
351.41,-60.751,203.64
340.92,-73.733,154.29
200.96,54.307,128.57
56.157,90.574,81.652
277.14,-44.257,168.66
316.94,-16.452,170.77
85.682,67.114,62.828
93.331,73.517,53.518
328,-24.134,156.01
61.628,76.448,65.207
264.09,19.392,136.63
305.62,-40.623,136.88
205.69,55.151,118.26
313.3,-41.781,191.32
271.37,-8.3902,173.55
346.69,-91.599,170.34
374.99,-80.148,161.9
354.65,-41.4,168.25
259.18,-29.875,131.89
214.04,49.702,115.31
162.05,26.841,122.18
379.38,-70.465,165.5
283.25,-20.145,126.96
306.57,-39.258,136.74
323.26,-71.648,155.94
33.245,90.994,55.328
245.68,22.96,153.13
120.85,101.95,77.41
184.63,13.854,131.88
190.57,81.956,99.695
154.43,77.839,57.165
205.63,73.624,97.68
153.22,65.527,110.88
168.14,94.596,89.241
139.12,110.54,71.787
274.46,-26.149,134.21
54.47,98.539,38.546
370.52,-87.45,162.66
278.99,4.322,161.43
95.153,89.538,83.354
360.81,-28.961,149.42
262.08,14.676,154.84
391.25,-72.006,152.56
196.15,73.76,113.71
288.2,-21.578,120.26
199.47,60.921,77.351
300.5,-34.768,167.28
253.1,44.903,114.76
200.23,19.909,115.39
236.23,1.4553,137.04
123.4,118.78,65.218
288.65,-31.987,157.92
79.111,85.352,56.02
288.44,-30.9,129.84
257.9,-13.224,144.13
99.71,105.81,32.895
101.53,129.8,52.759
96.253,94.375,35.484
265.7,18.433,104.21
147.14,49.988,91.681
178.65,38.296,81.932
304.83,4.2301,123.89
363.77,-65.346,195.41
261.93,-13.447,148.87
207.52,37.338,134.11
63.139,111.22,70.666
293.71,-39.223,150.13
153.3,85.872,57.267
331.04,-13.171,171.15
398.23,-51.091,170.45
291,-37.222,142.15
301.53,14.251,146.23
381.99,-71.824,150.06
191.5,81.492,99.759
296.74,-4.7341,116.33
167.53,55.656,67.442
239.31,4.9291,143.28
229.28,32.626,142.19
104.39,126.78,66.892
301.24,-43.137,142.64
70.671,103.93,26.093
141.42,80.15,52.081
198.84,27.85,88.999
247.02,-7.0528,118.05
305.59,-2.0826,166.44
281.61,-17.033,117.45
265.16,-3.0639,156.98
54.03,109.92,20.457
319.52,0.93205,157.39
323.03,-6.7288,131.72
150.71,79.861,108.57
353.13,-19.832,154.5
68.205,99.879,29.649
373.24,-50.4,193.66
342.13,-71.831,162.09
366.49,-43.887,144.36
100.77,126.05,41.973
305.88,10.318,151.18
273.07,-24.29,147.49
313.91,-9.3127,123.98
337.92,-69.069,161.34
101.66,129.91,56.983
100.26,122.68,75.587
333.79,-35.985,131.22
312.1,8.0371,146.95
308.26,10.115,147.85
167.92,40.885,82.941
348.72,-19.369,169.78
290.92,18.431,148.65
390.64,-56.021,155.32
114.05,118.34,46.765
200.98,27.287,126.94
177.51,82.808,107.83
254.16,20.909,99.25
244.39,44.246,101.3
130.08,99.433,95.595
202.7,18.44,116.39
181.76,84.542,103.07
338.16,-32.768,132.38
223.78,5.0658,117.02
215.05,15.807,98.928
282.22,-28.606,130.37
262.91,38.311,132.38
51.471,120.11,65.78
350.28,-62.703,143.82
123.04,81.378,97.645
225.33,38.864,87.381
249.45,46.168,128.16
93.387,116.76,30.501
213.71,31.049,136.49
329.42,-59.635,173.29
355.18,-34.216,140.75
372.67,-71.66,148.69
110.86,84.297,43.629
166.02,86.14,106.3
309.42,-23.58,122.73
371.35,-41.879,148.54
86.221,103.48,29.024
288.22,14.228,116.86
340.72,-45.122,186.73
343.99,-24.411,137.48
195.6,28.048,89.754
246.96,6.8497,102.11
188.03,27.44,111.43
251.9,-12.317,128.58
303.37,-38.659,166.9
309.8,-48.83,161.08
125,85.188,45.821
250.52,5.2792,103.17
326.09,-60.477,165.44
91.159,87.058,41.378
299.98,-14.794,170.88
197.35,21.179,112.28
254.4,15.072,152.81
208.3,70.431,92.998
179.71,31.191,98.32
299.06,-28.558,124.45
310.55,-3.3434,123.98
348.59,-25.981,178.68
316.14,-3.2526,128.26
388.06,-62.352,151.66
123.63,109.7,47.711
184.47,76.348,113.67
127.79,64.466,62.582
166.59,38.674,97.191
278.78,-27.382,131.14
281.62,16.531,113.14
153.15,79.135,56.578
151.81,48.054,80.555
124.83,102.4,93.16
78.731,137.25,32.137
200.2,50.148,130.12
323.75,-14.468,173.62
303.26,-43.352,140.47
87.822,136.7,53.218
218.66,9.688,125.43
80.618,138.34,36.403
80.98,130.59,68.918
316.92,-50.316,141.66
159.21,92.362,100.66
76.73,109.76,77.271
145.83,59.556,64.267
280.68,1.578,110.11
121.48,65.258,84.508
147.06,86.732,54.097
87.21,81.246,58.598
191.02,47.044,75.287
145.43,107.16,76.914
192.9,53.203,127.33
294.17,-11.974,116.31
82.268,125.26,73.477
156.54,64.673,61.146
124.15,66.641,90.297
307.27,-38.74,131.65
53.137,115.67,66.018
118.1,120.04,72.191
126.55,98.909,95.456
158.32,87.063,105.88
349.04,-26.007,140.45
178.74,63.619,67.766
113.28,68.149,76.273
348.73,-76.627,170.52
354.42,-36.947,186.26
308.95,-40.267,170.64
95.11,99.637,32.778
164.38,79.916,111.08
383.88,-40.713,167.32
374.38,-89.339,162.93
302.36,-15.492,119.14
225.71,60.275,100.36
128.87,61.442,67.976
177.09,51.94,70.681
57.353,104.12,26.099
324.83,-1.1725,155.56
70.978,128.78,20.53
321.32,-8.0808,168.87
55.89,99.253,34.697
362.19,-85.436,178.47
46.047,104.92,52.487
109.13,85.01,90.637
329.22,-62.3,167.71
316.44,5.0909,149.22
71.051,90.164,46.17
129.43,87.846,46.523
385.25,-57.323,197.4
175.67,40.789,79.651
132.79,99.907,49.151
302.57,-40.409,135.66
239.62,16.942,147.25
184.66,41.674,122.74
201.73,73.197,111.52
131.99,107.44,53.122
311.04,0.32607,126.43
205.17,23.733,92.121
74.562,91.287,40.064
73.329,118.27,21.053
307.09,-20.806,121.48
102.17,127.84,66.1
137.16,71.803,103.45
199.11,67.976,119.86
178.49,33.963,109.82
304.95,-16.868,120.09
105.16,84.412,43.194
342.54,-12.134,156.99
245.2,42.923,136.34
246.17,3.5792,147.65
175.33,56.742,68.259
159.82,84.155,108.03
58.708,122.37,68.847
258.78,34.771,141.61
277.22,30.125,125.17
345.94,-66.984,148.57
222.97,23.497,139.99
347.99,-66.012,146.88
227.03,44.558,136.91
298.02,-9.5924,169.33
216.77,35.891,84.886
147.08,69.966,56.948
204.69,73.877,95.675
144.62,69.38,56.82
251.5,4.9185,103.42
370.7,-91.785,178.04
169.32,37.792,89.854
97.172,128.89,67.276
206.06,72.897,107.16
291.85,-38.023,144.18
243.29,17.368,148.78
170.91,87.298,70.904
219.59,16.018,97.138
298.28,-13.602,117.69
217.21,56.946,87.432
346.41,-26.493,179.67
133.17,64.726,97.224
371.98,-38.301,151.82
325.65,-1.6731,155.7
246.93,15.814,97.897
255.9,43.441,116.97
89.888,108.69,82.56
265.65,-20.862,139.75
384.68,-84.188,155.43
242.36,-6.022,122.23
325.51,-7.9326,167.35
316.4,3.1878,155.77
209.7,49.064,132.64
399.77,-53.258,168.09
310.39,-1.7202,165.5
366.73,-85.84,162.96
142.16,104.84,88.532
281.16,-7.3973,112.32
172.26,85.411,70.418
140.49,95.718,98.899
322.09,-10.484,170.83
212.67,66.847,92.795
114.88,95.964,93.677
389.41,-44.461,176.42
338.02,-49.76,185.46
280.12,-21.486,121.55
186.97,83.206,85.544
173.45,91.151,94.032
98.214,80.745,79.313
54.145,98.068,42.278
167.06,49.485,114.22
101.61,78.416,50.611
338.29,-65.991,176.26
207.86,32.691,133.78
156.31,75.362,58.1
266.1,-9.3513,155.47
310.07,-33.675,174.24
193.85,29.747,88.126
340.36,-18.674,173.81
367.05,-36.213,183.02
321.83,-7.5841,168.25
274.77,10.055,158.67
394.7,-54.62,159.76
398.81,-62.751,157.85
327.17,-23.637,178.67
131.77,107.46,52.935
63.083,141.78,58.393
219.28,10.109,127.38
85.016,136.45,39.098
310.56,1.7304,161.94
156.65,44.153,90.127
62.748,123.13,70.152
114.09,110.14,41.01
259.31,20.008,101.39
315.59,-45.156,135.73
184.75,28.367,105.82
282.88,8.378,160.22
225.11,25.575,141.31
341.56,-14.334,166.75
158.01,66.741,113.18
343.35,-53.444,138.53
359.35,-63.013,193.68
172.98,87.088,72.801
343.51,-22.579,176.82
271.57,-22.885,147.88
195.1,31.764,125.17
163.79,93.109,70.042
138.89,104.11,56.45
361.4,-32.029,180.54
231.5,0.7182,126.96
323.6,-16.097,127.65
198.33,77.903,95.314
59.887,99.38,60.934
144.8,99.631,57.882
77.656,87.421,46.954
249.31,7.954,101.57
72.37,143.18,51.789
108.04,105.61,88.698
220.09,24.46,138.65
127.93,59.921,76.481
343.03,-17.781,171.41
301.99,-23.075,171.95
361.17,-83.756,164.8
92.653,98.203,84.268
339.34,-64.228,148.26
221.12,36.091,86.098
316.28,-4.7916,127.39
103.28,91.126,88.788
388.16,-60.064,152.18
217.9,66.712,105.69
273.51,9.0266,107.08
363.2,-55.223,142.24
150.81,62.07,61.966
332.13,-25.819,130.23
103.75,73.799,59.48
318.5,-23.23,125
83.304,137.61,56.949
277.49,29.993,135.19
65.761,94.582,38.467
211.4,67.787,92.619
297.16,-26.026,122.82
267.27,35.264,135.13
106.05,116.44,38.416
269.43,-13.15,115.81
258.26,33.664,143.01
279.51,5.3782,161.17
162.96,55.983,114.19
331.71,-64.247,156.1
229.37,37.911,140.51
114.24,89.964,41.32
262.07,19.268,102.58
114.69,90.796,41.145
210.59,60.733,84.613
145.45,60.748,63.121
273.64,-25.805,144.01
378.87,-36.969,169.39
100.24,109.5,33.086
293.64,-15.771,117.38
164.74,79.236,62.167
75.611,126.87,22.733
326.92,-47.087,180.08
170.48,47.395,115.59
59.541,140.95,59.627
177.85,38.078,114.88
195.44,22.042,109.62
159.45,72.6,59.593
365.74,-88.241,177.72
102.17,108.42,86.175
78.691,93.622,35.476
352.13,-20.964,149.26
324.23,-53.036,174.64
345.96,-48.023,188.66
355.19,-26.063,146.2
196.59,30.185,125.32
102.01,105.27,33.883
346.88,-50.045,189.09
71.18,99.103,30.244
175.09,35.394,107.22
270.82,25.028,148.85
252.74,41.056,135.69
80.305,-26.318,148.93
112.99,-47.544,181.24
125.79,-24.688,149.28
279.32,-136.22,253.66
192.44,-39.178,209.17
158.42,-71.221,205.44
270.92,-141.41,233.9
290.73,-100.9,216.1
102.14,-8.7475,191.71
12.022,55.26,100.23
251.74,-82.028,239.76
55.287,33.309,160.16
116.99,7.0949,167.69
60.048,37.123,132.86
232.63,-81.043,239.91
265.37,-119.91,204.63
151.16,-25.806,206.02
76.425,19.201,130.51
72.029,-21.709,145.31
64.191,-15.882,139.19
65.733,30.674,160.8
25.353,6.0512,151.34
-7.9892,48.08,141.9
191.71,-44.375,179.91
213.37,-51.557,194.02
330.35,-119.23,240.45
239.42,-99.286,194.02
212.52,-105.73,218.51
46.908,-6.3303,131.32
329.91,-120.84,233.87
174.39,-26.072,186.98
102.23,-21.369,142.09
93.009,20.209,161.22
33.721,51.267,139.82
35.616,19.469,110.1
263.4,-84.898,206.82
129.06,-6.2155,190.3
310.8,-157.41,226.23
196.58,-84.495,227.54
174.34,-60.959,170.67
147.12,-20.354,201.8
266.94,-82.909,213.49
100.02,-28.268,190.24
70.306,25.227,129.46
167.21,-44.02,217.13
-9.8575,64.582,133.04
13.218,45.562,148.83
168.05,-69.266,216.33
168.86,-80.444,197.3
294.22,-121.74,260.79
52.408,37.867,154.86
164.69,-46.183,164.9
291.34,-120.71,260.09
-3.1522,16.495,121.57
84.626,12.57,133.21
288.94,-98.546,244.81
48.16,24.638,166.38
275.88,-120.99,256.34
184.56,-89.644,202.74
109.46,-43.423,185.26
136.35,-55.992,200.08
159.61,-58.61,215.5
247.9,-102.76,247.49
246.82,-126.34,220.4
120.63,1.3558,182.53
238.07,-65.129,204.81
112.15,-46.782,181.98
271.98,-84.547,231.36
24.449,50.299,145.41
272.29,-91.489,243.47
163.92,-67.633,214.31
37.679,-5.5378,138.44
68.073,29.475,131.33
289.71,-109.47,255.15
12.296,29.019,152.48
203.72,-101,210.46
240.24,-95.972,193.24
127.74,-34.537,203.89
57.74,-12.332,136.32
286.2,-150.4,241.35
207.69,-86.557,185.81
38.281,-6.1882,141.82
200.84,-96.826,219.8
276.89,-105.9,204.91
168.98,-76.196,211.14
39.822,9.5031,115.85
80.201,27.227,146.2
148.18,-68.397,189.49
207.82,-71.346,233.06
157.5,-17.072,191.1
93.621,9.3552,180.16
212.53,-62.277,229.34
300.18,-148.07,260.67
213.79,-49.06,208.17
234.45,-119.2,218.26
304.6,-154.15,224.82
91.248,-27.737,183.83
12.234,8.0984,129.41
-22.119,53.13,135.43
227.26,-57.077,213.27
320.92,-115.8,230.21
188.87,-86.907,189.46
111.61,-14.118,143.06
289.1,-101.27,214.31
147.77,-63.449,174.69
82.185,-30.394,159.06
21.557,59.813,125.84
319.1,-117.94,255.77
257.56,-88.732,200.21
182.65,-51.519,171.87
264.73,-128.42,248.41
14.01,21.527,104.85
77.498,13.073,177.15
29.279,7.0226,156.12
-13.715,31.299,96.058
242.59,-72.513,232.55
301.06,-112.29,215.43
-26.857,29.794,116.28
305.61,-162.51,243.41
100.33,14.355,170.58
208.81,-77.217,182.27
-9.8373,73.522,121.76
272.98,-119.92,205.11
255.17,-100.34,249.07
74.214,25.702,165.07
155.08,-14.656,183.76
279.61,-97.187,209.99
71.491,-16.413,137.7
296.7,-116.79,211.38
229.19,-62.88,196.89
297.83,-107.47,216.31
312.64,-124.33,262.89
159.15,-42.952,162.73
118.9,-20.376,199.34
63.659,-6.5695,174.92
47.024,2.6416,121.3
237.37,-119.85,214.33
206.78,-73.791,181.11
112.11,-42.563,189.76
46.38,6.6699,168.12
77.03,-3.4735,182.48
167.11,-26.95,203.89
239.53,-82.612,192.76
127.36,-49.577,163.56
62.264,-16.213,140.83
9.7881,64.228,128.33
200.24,-40.893,200.52
198.65,-45.133,215.42
108.3,-45.409,172.42
115.71,7.799,167.78
38.034,-4.8863,150.33
260.23,-85.429,203.76
224.61,-73.161,235.76
55.352,41.262,142.88
174.76,-32.251,208.01
291.57,-130.65,261.24
23.563,32.675,102.7
47.259,38.081,118.76
98.138,-33.751,184.87
186.46,-40.739,214.43
131.5,-55.984,194.35
57.357,23.408,168.56
297.24,-155.23,230.96
233.67,-106.73,240.14
214.59,-107.06,210.02
120.52,2.2851,157.77
211.83,-57.097,225.16
158.18,-40.056,162.25
-17.488,52.45,137.4
-16.763,23.98,113.7
17.571,6.0527,139.69
72.974,-10.782,179.42
24.622,38.503,103.12
85.898,0.50799,184.66
11.716,19.571,149.59
40.803,35.944,112.43
186.13,-48.17,220.78
276.68,-140.2,248.04
80.441,-15.105,182.66
235.31,-87.236,190.79
184.93,-82.402,185.19
209.77,-93.39,231.61
313.18,-131.61,266.24
299.72,-158.92,242.44
61.603,34.73,130.63
123.89,-0.3319,158.06
191.25,-46.695,178.08
104.45,-26.045,144.84
292.71,-109.96,255.21
308.1,-105.73,233.35
150.86,-19.834,164.66
46.962,-10.732,143.2
119.15,5.0931,162.16
142.26,-28.672,207.08
125.6,-7.768,152.55
58.044,38.669,149.26
30.752,21.322,161.35
127.71,-45.339,159.02
41.551,36.346,158.16
304.68,-129.51,213.22
281.68,-89.515,227.46
190.44,-44.789,178.63
54.843,-7.4879,130.51
258.46,-133.81,227.18
164.13,-19.877,187.35
104.1,-35.419,152.78
163.67,-30.34,167.63
209.05,-74.683,234.04
318.34,-117.65,224.75
254.78,-120.24,205.62
136.13,-14.28,156.64
100.44,10.615,145.05
219.64,-74.419,235.94
184.78,-89.802,203.81
112.6,-39.997,192.69
120.55,4.2462,162.55
195.25,-45.116,182.31
63.528,36.345,138.01
39.156,50.278,130.24
5.7974,68.222,119.43
178.92,-66.791,173.74
295.46,-152.68,227.52
20.948,4.6952,126.13
153.94,-45.032,161.48
116.7,-49.151,184.61
205.78,-99.461,222.07
198.7,-67.724,230.23
48.382,42.633,148.28
250.54,-76.006,203.76
193.81,-47.495,219.63
274.02,-84.873,225.25
249.74,-99.333,195.99
79.264,23.756,137.08
173.57,-25.385,191.79
148.38,-21.972,203.11
60.763,34.188,157.25
52.015,35.25,158.48
78.035,-25.021,172.91
227.9,-115.17,215.37
215.82,-106.23,224
143.03,-27.13,206.49
293.9,-153.52,230.69
155.11,-67.298,206.88
223.66,-112.26,212.05
88.577,-34.218,163.93
131.35,-57.804,189.75
228.74,-109.03,234.98
301.63,-152.44,258.76
83.908,-29.656,173.01
-9.1385,66.693,131.04
11.549,59.026,102.74
236.17,-116.81,208.73
47.044,45.974,137.28
193.07,-42.172,183.12
284.98,-91.534,229.98
238.99,-93.616,244.34
266.47,-133.03,215.33
178.28,-82.188,213.85
97.681,-35.193,182.69
93.413,-36.954,166.06
286.62,-149.97,244.3
51.588,-11.723,158.31
290.98,-151.5,229.17
96.06,1.18,136.77
117.65,4.9743,158.71
229.79,-68.185,192.79
277.47,-139.18,249.92
279.98,-117.3,257.26
317.46,-112.89,230.84
135.75,-10.518,193.65
256.45,-108.34,199.29
65.563,35.299,149.71
65.353,11.54,175.67
269.3,-115.56,254.3
24.174,25.81,158.18
82.649,-23.175,179.9
90.391,-25.774,144.75
290.24,-127.3,260.83
15.674,42.832,98.7
14.165,57.54,103.96
296.77,-157.01,238.44
195.73,-94.203,217.19
309.61,-112.01,252.57
187.5,-88.268,216.22
11.901,63.241,128.94
288.14,-143.61,219.09
-16.442,23.702,115.25
22.596,59.238,126.46
99.34,-19.452,140.7
-3.4224,22.702,138.5
294.13,-105.64,214.84
30.454,1.144,126.5
32.944,52.673,121.86
153.83,-69.742,182.47
249.95,-127.56,233.28
144.74,-57.053,167.69
13.567,63.032,111.87
261.54,-118.59,250.94
-16.675,24.536,122.45
106.24,-11.433,140.76
303.23,-137.68,214.41
325.01,-115.83,240.76
187.63,-61.93,173.96
280.07,-89.887,235.37
83.525,-0.080141,184.21
63.103,11.121,121.52
307,-111.51,253.14
199.07,-74.753,230.97
210.36,-52.513,189.3
249.41,-114.71,245.94
119.9,-33.207,150.51
129.91,-39.605,155.02
279.61,-91.839,240.17
164.1,-44.184,164.59
266.42,-131.66,247.22
198.12,-75.916,179.95
281.63,-139.11,253.4
7.3151,56.078,140.74
203.19,-93.036,226.93
196.37,-49.377,180.18
184.83,-89.597,207.2
38.313,45.537,116.91
32.489,8.9531,115.8
238.28,-63.553,216.41
46.938,41.305,151.61
78.127,14.018,129.44
302.27,-124.98,262.8
-5.1881,74.172,114.09
54.124,28.736,164.6
94.566,-37.342,172.12
227.47,-115.08,220.98
188.39,-37.291,208.61
91.223,-35.275,171.62
117.65,-46.823,163.72
70.327,27.727,131.81
101.72,10.932,146.78
198.02,-96.51,215.65
90.679,11.899,178.02
88.288,19.509,168.64
271.99,-127.97,253.24
308.84,-107.43,244.61
76.554,1.461,181.7
188.1,-34.572,189.78
169.05,-68.564,217.39
215.52,-50.683,199.84
60.404,34.352,128.56
-4.4654,73.967,112.72
94.283,-3.4305,135.47
58.017,37.8,130.93
2.1959,70.128,117.99
49.621,0.47783,168.26
42.827,41.684,152.42
261.87,-113.77,201.76
133.49,-10.737,156.88
140.49,-14.056,196.56
143.31,-11.916,165.4
165.57,-78.123,201.08
283.12,-90.789,224.16
189.67,-85.389,187.17
281.71,-147.68,239.92
195.46,-66.714,176.9
274.23,-118.71,204.9
38.367,-5.8325,138.26
80.746,26.782,157.12
283.17,-90.471,226.76
58.137,-14.302,163.38
124.05,-28.978,202.36
63.519,15.142,173.87
133.19,-13.678,154.83
97.096,-4.9539,189.23
79.601,-14.231,135.32
119.09,-51.283,174.31
3.656,24.197,145.81
169.44,-65.841,172.74
49.455,-12.382,147.43
302.05,-159.56,248.42
227.9,-62.633,195.85
32.862,53.765,128.43
63.078,-15.324,138.79
116.84,-3.9432,190.28
33.516,38.804,108.51
63.982,27.784,164.99
179.32,-63.384,201.28
260.49,-58.476,205.32
279.38,-71.598,209.73
194.65,-33.835,174.15
174.4,-32.418,166.62
216.88,-81.354,198.85
306.61,-128.55,220.28
103.68,-14.733,152.98
286.79,-69.324,228.91
128.03,-3.0372,147.36
29.949,36.447,108.5
4.4428,57.641,91.998
127.59,-29.576,191.86
189.71,-49.925,175.33
209.98,-80.913,215.88
134.45,-10.888,203.77
242.01,-57.158,192.49
302.77,-134.59,229.43
54.26,30.153,169.05
252.17,-72.488,245.44
227.28,-64.688,186.54
293.93,-131.13,231.52
72.148,47.747,127.64
275.78,-109.37,251.48
147.91,-45.062,184.92
18.967,34.571,110.54
41.678,53.164,108.08
1.3413,36.832,119.51
74.166,53.877,144.17
266.11,-67.792,202.37
280.81,-85.207,204.21
219.97,-56.178,235.32
68.378,47.411,164.58
45.337,69.711,131.6
316.72,-137.35,225.89
157.86,-10.083,160.24
166.33,-5.0691,168.74
109.73,33.111,154.36
122.87,-4.3067,199.02
331.59,-104.68,260.8
310.11,-140.67,235.66
194.37,-15.346,188.95
208.28,-31.82,183.07
217.76,-63.82,184.55
128.57,-27.741,161.91
212.62,-54.99,181.08
-1.3367,43.918,135.62
288.75,-128.7,233.27
186.25,-19.233,213.73
209.8,-34.493,182.56
75.817,39.964,171.01
199.68,-65.725,185.93
202.86,-30.358,221.22
324.11,-139.94,226.43
188.41,-39.833,224.4
80.469,0.91543,175.88
279.92,-110.37,210.39
140.41,-1.1955,152.85
273.32,-91.11,201.86
127.62,23.569,164.25
164.07,-49.242,177.59
96.693,4.3719,187.96
259.35,-52.941,221.68
107.78,-12.506,189.13
268.69,-114.93,238.99
150.71,-46.622,191.42
295.44,-123.51,218.35
84.533,4.0902,135.75
182.18,-7.6804,195.58
119.77,0.63254,143.97
141.3,15.509,168.76
16.469,30.706,139.15
136.34,16.391,161.81
104.63,-7.8456,189.34
3.6224,90.573,121.02
316.63,-101.66,261.19
293.62,-73.787,233.93
316.47,-129.29,266.13
75.465,28.527,177.16
156.29,-36.382,165.92
221.65,-44.13,230.08
236.64,-96.65,213.79
142.28,-5.6801,153.18
154.09,3.7683,165.62
302.71,-87.285,251.9
138.03,-38.134,175.19
167.53,-53.544,206.24
296.97,-128.6,253.24
271.43,-103.61,251.47
280.56,-111.71,253.27
221.42,-80.824,196.07
107.46,31.598,147.58
53.013,17.313,164.32
225.71,-79.09,193.42
145.95,11.762,167.53
5.9891,72.194,90.567
220.71,-70.651,235.55
98.077,39.909,162.09
61.536,58.961,129.92
61.112,44.512,166.82
179.25,-42.109,170.58
185.42,-65.534,209.85
24.637,80.174,115.19
80.137,38.759,171.97
272.83,-69.157,206.33
292.53,-131.14,239.86
289.1,-128.39,242.42
105.97,8.8523,191.31
238.37,-55.87,237.06
21.952,78.998,133.77
336.5,-104.13,229.97
202.98,-35.346,178.03
222.85,-47.238,232.07
79.045,48.427,159.49
303.07,-116.63,262.81
335.08,-98.664,241.17
45.252,67.376,121.07
166.63,0.93863,191.22
274.26,-110.8,211.82
117.01,-24.173,161.91
257.22,-58.114,235.49
58.212,10.546,163.15
91.415,-11.072,173.05
266.4,-65.909,203.76
108.15,21.692,140.35
11.554,69.791,93.393
28.284,70.937,143.81
140.07,14.439,163.69
106.86,35.708,160.37
97.038,31.204,137.06
54.752,13.597,162.8
235.08,-96.394,217.25
294.06,-132.13,236.96
334.33,-100.25,233.28
-4.1236,71.062,139.64
206.69,-22.467,193.83
13.473,30.163,126.58
262.79,-82.786,198.15
268.85,-116.77,232.36
156.72,-46.505,177.17
-5.4849,46.695,100.1
291.47,-96.066,207.21
228.22,-88.41,229.5
127.52,22.619,177.51
34.103,63.595,150.85
-11.544,44.983,107.18
151.7,-7.1796,206.29
282.16,-104.41,256.22
48.358,12.904,134.38
131.6,-16.528,202.47
162.74,-46.107,174.01
53.506,8.9255,152.71
14.955,31.135,118.52
31.271,26.958,152.22
170.57,-51.631,178.22
274.74,-77.769,249.01
54.175,64.842,134.3
34.949,74.32,119.37
150.35,-5.3198,157.31
63.098,54.521,156.95
236.61,-41.376,221.25
150.98,5.452,194.82
4.5262,64.104,144.49
89.872,45.103,150.2
103.79,-19.056,162.49
25.918,57.354,153.4
280.87,-123.27,240.26
233.05,-59.506,238.53
229.67,-38.804,221.92
80.101,-2.0376,143.45
130.76,14.49,189.81
230.17,-48.285,189.07
255.75,-51.828,210.3
339.79,-104.12,233.94
160.54,-52.31,189.26
24.521,77.024,136.12
33.72,75.575,130.84
264.39,-113.79,232.94
38.888,26.462,117.09
105.13,18.729,137.66
64.438,2.1432,152.7
156.59,-24.365,160.1
312.41,-93.532,218.62
16.735,32.941,113.56
10.051,76.169,94.242
198.24,-32.771,176.19
74.023,16.844,126.61
136.3,-30.112,162.6
104.24,28.282,179.8
185.28,-36.049,222.86
156.9,4.458,193.04
94.567,28.97,179.84
37.939,18.117,147.42
262.48,-112.83,225.46
119.86,11.067,193.22
62.553,4.8236,159.63
37.826,43.948,106.85
127.63,-12.631,201.04
318.76,-90.255,229.62
325.83,-93.393,235.71
222.82,-78.924,193.76
291.13,-96.831,258.08
60.565,24.634,171.85
213.05,-82.768,216.82
151.56,-47.295,189.16
324.22,-113.51,267.33
156.16,7.7623,180.71
168.84,-39.788,168.37
172.42,-59.399,195.97
267.53,-62.962,237.1
259.31,-72.096,197.2
83.784,8.7241,132.51
202.02,-20.057,191.1
140.07,-23.746,205.42
140.35,16.384,169.8
264.85,-112.67,237.62
206.26,-61.107,230.71
171.9,-1.6472,191.09
8.9135,86.874,125.69
143.77,5.9529,196.41
269.03,-116.76,233.41
294.83,-122.99,218.01
168.82,-8.9608,167.84
305.69,-124.37,262.22
196.21,-34.362,174.8
-18.056,55.137,129.38
7.0516,82.887,132.92
71.137,55.367,146.94
11.637,52.813,148.72
264.11,-98.915,249.25
314.21,-110.98,265.33
108.4,-13.017,189.29
242.33,-51.549,233.11
-20.268,50.752,121.36
36.769,70.804,114.9
241.53,-99.521,215.18
-12.762,65.24,136.73
243.04,-75.662,243.91
279.95,-93.568,203.77
266.26,-68.094,243.05
189.87,-55.83,223.51
66.017,11.048,130.33
218.57,-86.131,208.83
192.28,-32.32,173.27
141.54,-37.484,197.63
117.27,28.715,157.16
163.47,-39.174,214.05
76.341,-3.527,150.04
109.78,-23.314,172.81
-9.5909,42.755,118.46
162.78,-51.88,202.33
239.24,-94.21,205.79
47.243,37.317,111.79
258.47,-102.26,243.86
33.529,52.31,103.86
280.83,-106.19,255.34
2.9772,43.837,139.79
172.7,-1.8355,189.12
-18.045,59.082,131.86
93.807,-13.071,172.44
129.35,-21.708,155.58
301.06,-85.151,216.25
324,-125.28,218.57
204.15,-51.243,230.41
164.29,-23.028,162.15
-4.2542,58.053,140.63
201.65,-19.963,190.61
268.89,-112.02,215.4
26.231,77.597,133.89
20.995,29.408,117.84
83.912,48.227,153.39
231.74,-39.26,221.21
176.37,-61.694,197.18
23.383,63.444,149.91
67.527,28.208,120.85
52.402,48.186,113.39
-13.251,63.466,136.29
161.71,-0.17621,169.22
214.55,-26.198,204.57
21.328,68.959,145.96
48.387,50.298,111.45
15.806,35.906,109.49
297.58,-113.26,211.65
324.5,-138.07,224.83
35.477,69.068,144.64
33.051,39.449,158.95
38.032,20.027,151.49
146.14,-39.81,171.98
192.72,-53.016,225.86
99.946,-16.213,158.62
31.01,45.141,104.28
127.35,-29.457,191.74
225.54,-83.722,198.03
20.915,31.17,114.77
171.3,-53.462,210.76
219.02,-32.098,217.41
63.524,47.25,164.97
151.68,-25.734,210.74
68.442,0.70829,159.82
80.099,15.42,180.78
242.82,-53.328,234.69
272.78,-64.284,235.87
37.14,17.403,142.23
263.43,-68.5,200.34
94.103,-1.6819,140.35
225.14,-37.106,221.94
320.22,-115.57,267.46
269.22,-108.44,210.89
303.39,-102.19,261.26
99.193,31.031,138.7
296.08,-93.012,209.35
275.91,-104.78,207.07
-5.8123,62.316,140.18
179.16,-48.225,173.84
57.322,62.495,143.16
244.33,-44.018,210.43
327.74,-127.72,219.79
172.95,-51.527,214.07
31.172,47.773,103.57
237.5,-92.662,234.24
234.95,-93.956,208.49
31.862,21.284,144.05
134.89,-16.204,204.04
-10.616,43.809,121.24
135.21,-37.73,179.72
4.4858,35.037,123.98
266.35,-65.264,204.2
283.96,-126.01,234.25
90.896,4.6578,135.76
50.649,44.128,165.07
244.97,-58.413,238.38
1.3011,45.303,139.39
195.12,-27.199,219.51
109.97,-22.793,177.39
102.33,14.505,135.97
155.51,7.068,187.78
228.07,-45.559,230.5
131.22,-12.373,202.62
53.411,63.626,126.55
156.12,-9.518,207.93
164.69,-8.7865,207.32
215.21,-64.139,234.24
293.91,-104.63,260.04
172.84,-59.658,197.68
219.56,-39.17,186.75
192.77,-43.991,226.23
10.987,88.234,112
219.31,-83.499,225.88
173.6,-11.686,208.7
45.452,63.35,115.81
-13.644,46.993,124.27
43.099,57.206,110
26.481,55.36,100.47
295.98,-116.28,259.85
301.72,-100.56,210.52
138.69,-0.64875,201.57
4.6992,35.639,129.35
230.44,-93.25,213.11
257.95,-66.347,242.78
43.568,31.087,113.7
50.765,42.583,112.2
273.94,-62.816,231.33
17.937,34.099,111.4
205.91,-25.096,213.91
262.86,-68.562,199.98
145.15,6.4741,195.51
257.77,-99.056,245.45
212.79,-67.522,232.36
308.92,-123.37,216.66
333.38,-105.44,225.82
301.08,-80.16,242.33
217.85,-63.293,184.38
155.23,4.8193,193.55
112.86,-24.756,168.99
333.57,-98.972,234.98
238.14,-49.311,193.94
263.35,-67.233,200.87
284.42,-102.19,206.43
-10.49,47.663,100.32
184.03,-33.954,222.06
61.753,56.09,155.02
135.5,-37.733,178.58
127.13,36.724,188.31
104.89,52.359,139.4
144.08,33.105,188.13
95.253,11.959,175.64
104.91,49.866,178.01
77.211,68.746,161.37
230.24,-59.482,193.58
10.584,66.134,98.372
331.36,-112.44,221.24
218.64,-49.305,231.69
40.576,39.134,144.36
307.21,-58.594,235.66
201.34,-39.449,225.35
347.98,-91.343,228.26
131.6,22.917,197.49
244.69,-46.046,189.72
147.04,33.328,163.56
249.32,-81.563,225.12
192.86,6.5207,204.96
151.78,-21.409,174.09
185.74,-43.744,195.39
61.657,77.025,154.45
239.68,-75.641,214.73
33.388,48.901,114.79
245.61,-59.005,192.88
208.66,-56.761,201.74
51.317,81.384,113.85
40.933,90.043,141.97
51.102,70.133,109.09
215.16,-7.4387,188.27
98.917,9.2462,150.61
133.86,9.4668,148.62
251.13,-24.771,211.21
310.7,-113.72,255.56
211.36,-59.059,206.87
148.75,-16.718,200.09
7.222,59.606,133.21
248.4,-76.481,206.86
101.32,58.702,142.98
269.84,-61.966,249.8
343.77,-83.383,255.19
247.11,-70.731,200.51
239.82,-29.596,232.63
339.96,-91.049,223
128.11,36.436,188.48
248.21,-28.932,197.89
121.52,30.263,141.52
186.05,-43.998,203.15
168.42,-22.148,212.12
41.256,80.029,152.77
258.28,-74.445,201.74
26.703,79.731,96.986
93.35,55.334,131.76
154.1,-0.28506,156.49
202.71,-38.546,180.07
244,-53.73,242.21
237.84,-41.652,187.3
209.23,-54.706,219.53
10.792,85.525,89.38
257.99,-44.293,241.55
269.52,-35.641,218.7
89.002,24.615,179.87
296.12,-55.044,241.36
24.875,74.093,96.945
315.17,-99.263,264.89
300.45,-103.23,218.08
318.27,-67.155,226.44
43.891,92.94,131.3
243.92,-34.998,236.23
225.32,-65.618,204.54
263.71,-34.636,207.98
295.89,-101.13,217.3
40.049,87.777,145.43
36.726,71.231,156.18
288.69,-57.767,207.97
251.34,-33.636,234.02
246.94,-32.968,234.35
122.92,9.5533,146.78
288.39,-63.85,252.11
228.18,-28.985,232.73
341.79,-79.937,238.01
57.426,85.76,136.18
147.51,-21.778,187.13
112.96,31.074,190.45
204.89,-4.1954,181.34
188.13,12.366,190.78
66.861,45.071,171.59
154.28,-22.835,175.07
117.42,35.742,189.05
291.44,-55.2,212.04
177.74,-31.236,176.71
170.51,-13.49,164.4
239.04,-58.273,192.16
199.9,-7.4284,219.31
-5.1811,68.017,129.42
309.32,-84.405,210.96
65.534,28.232,161.88
175.46,13.208,170.18
186.01,-0.47399,214.89
42.621,90.808,114.99
155.87,-22.344,201.17
282.35,-101.3,228.29
305.66,-58.771,224.17
331.63,-91.411,218.61
65.832,59.316,115.96
101.68,33.092,186.68
264.31,-46.181,198.41
321.16,-67.204,232.5
40.5,79.831,104.75
234.32,-14.918,204.45
285.14,-95.479,250.14
293.04,-50.454,222.28
150.87,-0.98873,156
201.99,-18.251,174.15
139.1,-14.697,170.18
206.42,-48.095,187.65
253.26,-84.134,223.97
263.7,-88.286,216.72
78.081,60.732,123.27
205.51,-19.643,175.52
281.35,-98.028,220.44
47.332,60.159,108.36
241.78,-67.36,237.52
149.44,-19.018,171.19
194.6,-39.025,221.14
148.61,33.493,183.82
133.27,-5.3977,158.57
255.91,-52.618,193.59
258.74,-30.222,209.67
288.28,-74.264,255.92
262.89,-31.794,215.14
342.24,-83.394,231.09
68.742,79.482,136.21
120.04,23.466,194.47
83.266,34.785,127.51
119.11,-0.43951,156.55
235.32,-58.172,192.11
228.37,-11.845,200.22
103.44,53.572,139.09
106.39,14.556,142.53
61.661,48.144,169.19
22.341,104.62,120.94
138.93,-5.0174,200.5
262.96,-65.403,248.48
260.71,-73.122,200.64
26.041,93.552,140.72
169.65,-32.884,183.79
22.758,103.37,125.54
18.025,78.816,147.73
275.2,-77.619,203.16
94.754,40.415,182.75
18.683,56.55,142.68
101.03,32.281,133.01
232.87,-22.47,190.19
72.152,22.251,143.03
96.032,60.338,138.61
41.542,45.202,117.78
144.06,22.019,152.09
82.902,63.958,166.09
131.88,-1.9522,197.12
248.1,-35.18,193.42
19.826,72.081,149.23
110.03,39.666,136.92
72.852,20.489,149.27
265,-63.858,197.34
-2.3148,64.487,128.05
54.777,73.41,158.68
63.808,44.243,169.95
94.386,33.036,184
297.51,-52.741,225.7
129.3,38.101,149.73
65.592,28.125,134.91
306.09,-110.99,224.84
295.33,-86.682,258.72
258.05,-86.788,228.18
49.029,75.791,109.09
101,25.103,186.85
328.02,-75.107,252.54
335.45,-113.6,221.94
256.1,-38.525,196.93
166.14,23.438,191.05
83.96,29.432,130.72
130.75,26.709,145.76
14.365,78.075,92.248
263.96,-44.261,241
20.51,103.18,104.78
259.81,-57.854,246.94
12.556,69.072,96.177
319.42,-120.81,231.75
-2.3803,62.358,109.49
53.19,33.244,153.02
284.28,-100.37,222.5
255.74,-36.723,235.96
26.725,57.268,106.37
81.173,63.108,126.73
327.54,-105.38,268.85
130.85,12.377,146.94
79.907,71.929,135.91
260.27,-68.113,198.01
181.68,-36.382,212.26
128.95,-9.8943,184.87
137.42,24.446,197.5
75.902,75.736,142.44
257.49,-28.539,213.58
160.5,-4.5397,159.26
31.017,62.093,103.35
25.836,94.628,100.93
261.58,-43.534,197.92
39.062,81.034,151.85
80.204,19.073,166.96
134.72,15.148,200.63
128.64,-9.7648,168.61
258.7,-39.833,197.96
60.647,58.881,113.6
283.38,-51.602,243.24
181.23,-8.2981,218.28
191.8,-46.621,208.46
128.19,31.75,145.53
96.178,29.656,184.84
0.076345,69.128,135.59
195.08,-16.063,223.42
217.31,-8.1108,214.8
305.56,-91.159,211.08
165.96,-29.218,203.64
307.54,-89.138,210.95
163.83,-9.7495,212.91
238.71,-62.507,238.1
169.06,11.022,163.64
100.63,45.059,132.72
143.59,34.31,186.32
98.572,44.318,131.44
206.47,-19.945,175.9
329.34,-124.59,231.41
123.59,3.3349,151.28
33.86,80.547,151.48
142.52,27.245,195.46
247.68,-72.408,202.04
184.57,-36.397,215.02
113.97,54.594,160.9
175.04,-11.696,164.73
252.08,-36.725,195.22
162.31,26.829,176.07
286.21,-75.536,255.67
80.168,16.259,157.12
319.87,-66.045,237.08
264.84,-44.634,241.16
200.13,-8.5753,175.16
195.39,4.4676,207.02
29.93,54.489,151.14
219.19,-59.477,197.36
345.07,-103.79,222.23
197.13,-40.689,182.21
263.98,-56.308,247.32
254.78,-41.966,240.23
147.44,-6.0275,205.42
346.41,-83.616,252.82
248.53,-52.256,243.39
327.3,-111.81,220.89
77.938,55.093,173
235.61,-30.968,187.76
115.92,53.51,160.09
76.854,41.597,176.19
260.82,-60.81,247.6
153.8,31.276,183.5
54.381,41.255,162.86
332.19,-82.532,259.96
284.4,-98.913,245.89
236.92,-47.791,187.85
126.68,45.209,176.37
109.78,45.084,182.07
47.071,34.646,137.99
9.5723,63.608,100.99
112.25,-1.1248,175.51
57.533,49.337,115.28
291.83,-106.95,230.78
150.59,-20.278,197.69
107.19,50.068,139.62
212.4,-58.859,215.61
256.19,-83.283,234.66
149.11,1.0747,154.9
279.54,-66.684,252.62
307.49,-82.547,261.09
260.27,-57.032,246.87
213.6,-43.649,230.75
344.08,-80.736,243.7
350.84,-85.738,239.72
267.8,-75.257,249.27
75.741,75.823,142.22
0.45843,91.433,138.32
169.64,-33.556,185.77
26.781,100.91,128.36
248.43,-47.417,242.3
109.86,6.6506,149.99
3.2646,69.557,138.46
61.349,82.312,127.63
209.43,-5.4335,184.48
273.73,-70.257,200.48
137.08,-11.229,164.98
221.24,-44.787,234.12
166.98,-27.973,206.48
280.92,-59.014,249.56
98.756,12.309,179.79
301.27,-74.82,208.75
306.3,-111.45,253.72
115.51,53.637,163.06
282.96,-71.139,254.26
223.42,-64.895,204.99
141.1,-17.927,185.76
105.79,58.852,160.46
82.533,72.083,145.97
301.55,-78.506,259.11
183.93,-39.319,185.3
273.91,-40.915,211.11
136.55,36.934,185.68
10.16,54.973,118.53
89.049,68.428,147.07
33.489,55.487,108.06
203.94,-16.728,175.12
10.104,97.545,137.12
46.207,50.989,161.11
163.31,-28.067,201.99
81.611,23.284,136.39
282.27,-64.249,252.12
245.97,-74.445,235.06
321.1,-111.9,221.34
35.356,45.351,148.4
298.69,-89.63,209.77
172.73,11.095,166.28
263.69,-32.544,213.76
46.323,38.48,152.41
341.49,-81.808,232.65
155.7,24.628,195.59
224.64,-15.661,188.8
319.26,-75.663,218.04
105.37,36.303,134.22
284.21,-49.143,211.53
58.909,40.878,120.86
272.04,-45.939,203.68
20.732,91.588,142.48
215.29,-13.816,222.8
22.244,64.484,100.48
152.38,31.97,183.36
253.75,-49.894,192.84
204.24,-10.869,221.6
52.57,87.815,125.71
225.79,-39.218,183.47
194.61,-17.826,223.8
218.85,-48.227,232.19
106.45,3.6361,177.16
289.86,-95.089,213.22
167.24,-16.878,213.39
67.714,65.698,118.11
211.93,-6.3324,186.06
67.905,66.535,118.54
155.68,30.605,173.27
100.58,33.848,132.55
227.12,-64.818,201.24
321.76,-73.895,254.19
50.612,84.363,116
248.56,-38.952,192.24
112.81,52.087,147.79
24.871,101.01,107.28
274.57,-95.219,238.89
115.73,-3.1376,176.82
-2.8305,89.578,137.61
125.6,-9.3396,174.4
148.03,-17.076,168.8
110.59,47.401,140.6
323.73,-122.19,231.08
40.508,53.904,158.34
35.15,67.138,102.34
296.76,-53.156,236.28
275.2,-97.383,230.7
290.44,-98.219,252.17
301.87,-55.185,232.48
142.93,-19.1,185.66
53.371,80.705,115.21
291.81,-99.985,251.86
27.722,73.529,98.12
125.66,-7.5984,166.01
207.55,-26.449,228.8
188.91,-8.429,219.58
47.943,-94.266,134.68
77.257,-125.3,161.89
89.283,-86.95,152.26
241.57,-215.76,236.67
141.45,-123.38,217
120.95,-152.05,186.08
239.99,-210.03,215.39
249.71,-164.28,228.17
52.734,-101.01,185.15
-29.24,-9.6125,110.89
202.44,-167.48,241.99
3.6913,-55.327,163.54
67.016,-72.562,179.17
13.174,-36.226,145.43
184.48,-169.36,235.65
234.91,-176.79,200.59
99.95,-116.31,206.02
34.403,-47.303,140.79
39.71,-89.597,131.04
32.076,-82.466,126.17
13.995,-56.414,166.55
-13.364,-76.674,132.39
-55.037,-41.603,133.23
149.13,-111.28,190.96
168.09,-122.12,206.54
286.35,-187.54,252.98
206.99,-157.53,192.77
178.58,-180.2,199.32
14.979,-72.594,118.28
287.96,-185.22,246.81
125.82,-102.67,199.2
68.183,-83.405,139.61
42.305,-61.486,171.7
-17.107,-32.168,148.28
1.4037,-41.156,109.88
221.67,-149.72,218.66
77.089,-94.491,195.04
283.51,-213.36,216
155.18,-170.12,211.04
140.43,-121.97,169.24
95.493,-110.04,203.85
222.77,-151.37,226.21
57.214,-116.39,173.7
27.125,-42.627,140.67
117.87,-135.23,211.8
-59.87,-23.415,133.55
-36.3,-44.673,145.21
126.7,-155.27,199.18
135.33,-153.58,178.92
249.14,-205.93,254.8
0.8348,-49.02,160.5
128.24,-107.99,168.35
246.33,-205.08,253.69
-36.042,-55.291,103.46
43.411,-53.113,142.68
240.72,-178.74,251.47
-1.6032,-66.861,161.66
233.03,-205.31,244.97
151.41,-162.01,184.47
71.79,-124.68,165.8
97.086,-139.61,181.22
115.8,-147.25,200.65
203.58,-189.26,236.64
216.18,-193.42,203.25
68.742,-85.094,189.49
192.61,-135.91,217.48
76.075,-125.21,162.54
223.81,-162.06,241.44
-26.637,-37.359,148.88
223.47,-174.49,247.79
122.85,-153.36,196.88
4.5844,-77.204,120.97
23.31,-40.516,143.41
242.46,-193.36,254.65
-32.828,-60.348,139.73
170.84,-173.01,192.03
206.9,-154.27,194.06
81.579,-125.41,191.57
25.684,-78.83,123.27
255.17,-219.48,222.48
175.67,-146.84,180.92
4.5637,-79.554,123.56
164.73,-175.25,200.44
241.09,-163.95,211.81
130.92,-157.88,192.03
7.0678,-51.945,111.13
31.768,-49.056,158.53
114.3,-142.17,171.07
160.16,-160.97,225.91
106.51,-99.934,200.72
41.895,-80.902,181.69
162.53,-150.83,229.08
262.88,-226.53,244.04
164.44,-127.98,219.15
203.04,-188.07,200.53
277.1,-210.74,214.21
50.437,-113.55,165.69
-21.046,-64.46,111.19
-68.148,-35.768,125.42
178.18,-135.56,224.19
278.94,-180.27,243.09
157.59,-151.73,176.82
74.34,-76.76,147.32
248.74,-163.79,225.97
115.79,-129.87,161.57
48.616,-103.03,141.42
-27.767,-18.991,136.91
272.04,-196.63,261.69
219,-149.93,209.41
144.86,-113.82,177.8
226.89,-208.43,231
-17.945,-39.462,98.868
26.568,-78.365,175.25
-11.148,-78.034,138.08
-44.525,-30.311,86.566
192.7,-156.9,237.57
262.94,-171.79,225.84
-60.826,-44.692,97.128
276.37,-227.87,225.28
48.722,-70.528,178.95
174.6,-137.08,183.06
-60.043,-9.7766,128.94
241.81,-176.04,203.73
209.17,-187.18,241.72
22.38,-61.721,170.61
105.21,-94.166,195.18
239.71,-159.33,221.08
39.314,-81.07,127.37
261.25,-173.78,218.85
185.55,-130.83,209.06
258.25,-168.79,227.72
266.44,-206.72,261.89
122.63,-104.88,166.18
70.054,-112.51,191.63
20.454,-95.02,158.89
14.593,-59.627,114.73
206.85,-186,198.15
171.93,-133.9,183.07
72.926,-126.14,170.75
1.9609,-82.745,153.66
30.072,-94.925,171.26
115.5,-113.87,209.56
202.18,-143.2,199.93
95.204,-115.07,152.07
30.027,-83.916,126.6
-40.566,-18.387,136.77
151.16,-118.86,212.13
147.59,-130.91,221.33
74.295,-119.24,154.21
65.597,-72.211,179.12
1.9711,-83.307,130.87
219.61,-148.87,214.81
175.58,-161.68,233.27
5.2494,-39.114,153.7
123.26,-119.48,213.03
249.38,-213.81,249.85
-12.124,-27.859,106.05
4.3345,-29.255,130.05
58.426,-118.11,166.09
135.21,-128.42,218.25
93.936,-137.04,174.91
6.7543,-67.845,166.14
269.24,-216.07,215.89
193.4,-190.31,223.7
182.85,-176.24,192.68
74.049,-70.435,170.23
161.23,-144.35,228.02
120.95,-102.38,166.86
-64.12,-36.8,128.33
-49.113,-46.613,95.913
-17.854,-71.18,120.3
29.319,-99.721,163.8
-13.061,-23.194,109.61
36.501,-91.699,178.15
-29.75,-66.514,132.63
0.50875,-28.316,121.63
135.76,-138.1,219.55
241.67,-216.21,229.31
36.804,-104.05,166.98
200.19,-146.44,194.58
153.53,-146.19,174.19
169.17,-177.87,214.73
268.45,-214.47,261.2
270.04,-225.21,224.11
15.869,-36.711,143.06
77.908,-72.272,170.41
149.85,-112.2,188.21
71.056,-88.465,140.33
245.36,-193.39,255.54
263.25,-175.56,245.83
107.33,-88.233,175.96
13.667,-82.854,125.59
70.906,-70.793,174.58
92.397,-120.45,202.23
83.071,-75.009,163.03
7.0702,-44.451,158.48
-15.456,-69.103,149.73
95.256,-109.01,150.65
-9.4566,-53.588,158.43
272.16,-184.11,217.02
235.2,-162.61,239.44
148.39,-111.06,189.28
22.84,-72.006,119.96
227.68,-201.74,209.22
114.35,-99.215,198.78
71.829,-100.62,141.94
121.74,-96.733,177.86
162.11,-164.07,225.51
278.39,-179.06,236.92
225.02,-179.06,197.37
93.87,-81.194,166.94
55.871,-59.213,156.88
171.35,-163.49,231
151.42,-162.71,185.32
71.903,-125.63,174.51
72.369,-71.516,174.99
152.08,-112.75,193.8
15.44,-39.28,150.41
-9.5845,-26.857,142.17
-43.441,-10.668,130.19
145.76,-127.83,170.5
267.6,-212.31,213.75
-11.195,-64.208,110.09
118.77,-106.59,162.29
80.405,-128,165.13
169.59,-178.01,202.76
151.28,-157.66,222.11
-2.8484,-41.981,156.13
207.74,-142.5,215.88
142.89,-135.86,221.76
227.2,-158.62,237.16
216.07,-157.27,198.06
34.088,-46.888,149.25
123.75,-104.92,203.05
96.86,-111.92,204.56
9.134,-52.23,163.64
0.45783,-53.24,161.95
39.927,-106.99,153.53
196.42,-184.05,197.82
180.5,-183.25,204.64
92.757,-118.76,202.79
265.69,-214.99,215.29
116.34,-150.11,187.94
192.37,-180.39,195.06
54.581,-108.01,145.75
95.425,-135.96,170.32
190.76,-189.95,216.69
266.02,-228.83,240.93
46.762,-110.03,153.49
-59.405,-20.47,133.25
-31.429,-8.0136,114.55
206.09,-180.54,194.75
-2.5904,-33.251,148.53
148.96,-111.1,195.08
238.3,-165.22,241.66
193.25,-181.24,235.35
237.55,-193.36,203.1
140.74,-163.03,194.64
58.956,-118.12,163.49
59.4,-110.79,147.87
254.74,-220.73,225.19
14.761,-91.526,138.8
262.72,-212.88,214.01
56.686,-62.852,144.12
70.354,-69.154,171.24
188.7,-132.77,203.44
241.64,-216.32,231.59
235.44,-202.26,248.98
274.7,-178.72,243.75
83.821,-98.978,198.03
224.31,-165.56,198.74
14.948,-46.434,159.93
16.191,-80.438,168.92
225.73,-200.62,243.59
-22.191,-64.557,147.01
41.994,-108.78,161.66
58.032,-90.104,135.29
247.2,-211.02,250.67
-21.643,-18.395,104.95
-28.835,-9.5558,115.74
267.64,-221.79,220.79
159.8,-172.34,197.79
262.18,-191.28,258.59
150.59,-168.06,196.91
-38.452,-19.252,137.54
259.97,-201.16,208.81
-49.086,-47.665,97.121
-26.773,-19.669,137.5
65.241,-81.455,138.4
-42.126,-59.778,119.83
254.62,-166.98,226.09
-1.4118,-66.025,112.12
-14.129,-21.038,134.42
121.54,-138.55,166.88
216.49,-201.22,214.02
112.6,-121.14,158.02
-32.921,-9.6001,124.48
220.3,-202.26,236.63
-51.219,-51.063,103.16
69.089,-74.004,144.85
273.1,-191.65,213.46
280.29,-185.67,252.94
152.22,-122.81,176.21
232.02,-167.57,244.96
34.601,-92.248,176.64
26.717,-50.649,124.87
259.49,-191.55,258.34
153.64,-163.76,219.41
166.7,-120.66,201.23
209.07,-197.93,230.14
86.227,-95.397,146.96
96.411,-101.79,151.07
231.09,-171.93,247.66
127.15,-106.26,168.86
229.74,-210.17,229.09
164.87,-136.16,177.97
244.66,-217.66,235.89
-43.16,-32.35,141.76
164.07,-175.84,208.8
154.93,-114.87,190.43
150.62,-164.44,188.13
-5.8126,-23.349,128.96
0.49186,-53.36,108.15
189.64,-141.11,227.54
-4.5307,-45.13,157.6
37.837,-50.697,138.03
257.11,-208.6,257.74
-54.195,-4.3063,124.86
3.0233,-61.71,164.41
59.191,-114.35,152.91
194.7,-187.19,202.16
137.25,-122.08,216.01
55.579,-112.84,152.31
85.358,-114.24,150.01
25.825,-41.9,143.75
56.553,-59.756,158.88
162.99,-173.04,196.27
38.884,-78.021,180.15
36.463,-66.87,175.54
232.34,-209.79,237.69
261.88,-183.17,254.21
28.274,-90.524,172.86
140.47,-109.32,202.26
127.16,-155.15,200.73
168.46,-124.39,212.37
15.358,-36.021,140.8
-53.15,-3.6077,123.93
56.785,-66.128,140.2
11.536,-34.864,143.49
-47.025,-8.7943,128.67
6.8501,-87.431,151.93
-8.6244,-45.834,156.93
230.43,-170.65,200.03
90.273,-78.798,167.89
88.63,-102.85,200.34
97.735,-83.213,177.66
130.69,-154.26,181.86
237.69,-161.6,236.73
158.38,-149.1,176.02
250.51,-217.07,221.04
160.25,-127.3,179.06
242.64,-174.76,204.61
5.3513,-77.252,120.94
29.895,-55.483,167.19
237.03,-162.79,238.96
20.434,-95.593,143.95
76.798,-120.52,191.72
13.791,-76.736,168.58
91.384,-80.087,164.73
47.476,-97.201,183.19
46.656,-76.852,129.49
85.645,-123.63,156.77
-37.752,-61.709,128.95
136.95,-127.79,166.73
15.504,-86.244,129.06
271.01,-228.77,229.4
184.52,-130.21,207.88
-16.057,-23.849,140.14
30.969,-81.936,125.71
65.116,-94.287,191.69
-6.1996,-24.773,117.27
12.319,-61.363,167.84
138.72,-140.48,194.19
211.08,-127.72,229.27
231.57,-138.34,233.25
149.88,-99.04,192.58
132.51,-96.402,179.94
179.51,-148.68,197.15
272.01,-187.04,223.8
64.94,-83.916,152.02
233.28,-146.26,252.29
85.036,-67.904,162.1
-8.7478,-27.17,114.81
-35.073,-4.0706,102.76
82.656,-114.63,184.37
150.07,-113.5,183.9
169.09,-158.82,208.39
80.412,-105.14,205.42
196.59,-121.94,213.01
268.25,-197.63,226.74
1.683,-63.035,168.69
198.55,-162.83,251.29
186.73,-126.74,199.26
258.55,-197.17,226.87
22.217,-22.976,150.85
230.43,-193.11,246.72
107.82,-120.6,178.7
-18.756,-31.343,111.54
-3.0568,-11.702,126.88
-37.772,-36.93,113.36
18.357,-26.991,167.7
219.85,-132.9,224.43
238.4,-146.15,222.76
166.11,-148.21,239.5
10.341,-44.522,178.66
-10.264,-10.926,154.95
282.78,-195.99,227.65
111.76,-76.841,179.73
116.04,-76.374,192
55.269,-44.831,178.6
68.774,-98.677,200.64
278.26,-186.93,276.68
275.48,-205.09,231.38
140.45,-92.307,213.24
159.76,-100.56,205.6
178.15,-126.21,194.65
89.893,-96.163,161.82
171.45,-117.75,194.32
-46.161,-40.568,128.63
252.6,-196.88,227.56
128.47,-110.51,228.09
162.11,-102.24,204.44
18.04,-53.204,182.85
161.76,-130.99,188.24
145.52,-121.54,234.65
290.28,-197.41,229.49
134.43,-133.02,227.32
33.391,-87.17,169.4
244.01,-170.27,215.09
94.606,-67.804,171.85
233.89,-150.66,215.29
72.464,-55.746,188.32
125.71,-117.7,176.71
44.488,-88.931,186.57
204.54,-132.55,244.55
59.705,-101.85,183.31
228.5,-191.59,231.51
109.39,-125.15,184.12
260.59,-183.36,220.65
45.387,-61.473,140.54
125.29,-91.436,217.81
77.05,-64.126,158.18
86.553,-62.995,192.94
-26.439,-50.913,131.47
83.297,-59.046,186.05
55.298,-98.6,184.61
-52.788,6.3765,141.55
263.44,-186.73,273.02
239.81,-151.79,256.57
270.78,-212.07,263.45
19.868,-66.041,182.04
117.21,-101.7,170.87
165.1,-135.21,241.82
199.06,-166.87,208.76
97.651,-71.395,170.61
102.73,-69.077,189.38
248.26,-171.67,267.58
98.795,-110.82,170.76
123.64,-136.84,198.63
255.56,-206.91,246.45
224.63,-189,247.94
235.16,-195.37,248.74
184.17,-146.06,196.85
55.214,-42.564,171.66
5.6299,-71.021,158.22
188.2,-142.58,197.15
92.286,-64.732,191.83
-37.86,8.8173,109.27
171.26,-160.05,232.91
40.63,-45.21,183.82
8.4094,-16.551,154.26
4.0316,-49.135,176.39
139.09,-105.88,180.13
143.05,-146.22,202.16
-28.83,4.0209,139.49
22.177,-54.14,184.59
225.55,-135.33,229.35
255.33,-202.06,232.97
250.72,-201.73,235.1
50.872,-85.898,194.78
182.57,-146.43,247.71
-35.217,-7.746,152.7
289.71,-168.49,254.24
157.13,-101.32,197.95
166.72,-138.69,242.31
21.028,-39.384,178.99
255.24,-201.7,262.1
284.12,-170.52,265.28
-7.1897,-6.9264,145.42
109.27,-84.069,212.9
238.6,-172.2,213.96
78.122,-94.822,159.36
201.01,-144.82,252.23
12.803,-75.178,155.89
47.873,-93.874,165.3
219.2,-132.1,226.56
60.602,-46.491,161.34
-32.631,6.024,112.36
-29.175,-19.102,159.05
86.913,-61.189,187.95
50.428,-46.481,183.6
48.151,-38.388,159.32
8.7424,-72.962,155.84
196.74,-168.82,211.06
257.72,-201.03,230.74
285.74,-167.49,257.97
-58.126,-21.059,144.03
152.9,-99.187,218.12
-26.138,-44.702,120.14
222.44,-143.21,212.57
230.75,-189.34,225.42
118.18,-116.22,175.04
-42.673,-18.901,100.26
250.93,-155.24,223.72
185.11,-170.11,222.18
69.613,-63.986,198.35
-23.141,-28.259,163.18
-49.355,-25.103,102.85
94.572,-101.19,215.49
233.67,-190.86,255.22
9.607,-58.428,130.61
79.842,-109.4,200.61
124.33,-113.31,174.91
11.374,-71.275,145.1
-23.22,-39.177,114.75
-14.635,-59.306,145.41
132.3,-119.12,178.41
220.18,-166.08,259.76
-1.2181,-15.212,157.93
-18.461,-1.7014,143.7
104.03,-72.325,176.99
5.0121,-35.15,174.14
180.06,-125.96,241.57
92.611,-84.534,212.27
-49.098,-28.287,147.63
34.184,-35.405,173.92
64.204,-92.771,157.51
-29.326,-35.895,159.2
242.04,-197.46,232.89
178.46,-150.95,245.18
172.71,-125.19,240.84
41.44,-71.404,142.07
72.308,-77.09,205.34
183.7,-114.39,210.31
203.5,-125.73,234.74
291.83,-170.27,258.59
120.73,-127.24,183.21
-32.773,-10.326,154.54
-22.626,-7.2912,152.98
225.58,-187.84,225.7
0.62852,-38.933,120.03
59.366,-47.806,156.67
23.568,-75.319,145.76
115.08,-88.588,172.21
266.81,-156.74,241.63
-20.999,-34.672,112.33
-36.202,10.547,115.6
152.39,-98.832,196.03
33.824,-47.358,135.67
97.596,-97.436,164.03
45.861,-63.815,194.47
130.72,-129.5,226.8
98.783,-83.541,212.52
36.72,-64.591,191.33
-4.6239,-62.914,139.71
225.24,-183.11,219.54
62.542,-83.283,202.43
19.4,-77.28,151.88
-3.4489,-19.056,120.02
75.299,-105.96,199.93
269.11,-159.39,254.27
275.21,-164.41,260.15
185.4,-143.02,196.45
239.15,-184.5,263.64
8.5713,-68.257,170.52
172.29,-160.45,209.35
110.91,-124.31,182.3
272.72,-198.81,274.89
99.909,-74.014,204.06
129.28,-104.15,175.72
132.34,-135.18,189.4
211.65,-148.28,254.89
216.11,-134.43,215.76
43.996,-55.973,139.95
148.47,-96.321,215.43
89.22,-115.8,202.51
85.155,-63,193.85
224.57,-189.5,230.13
156.07,-151.5,228.46
114.97,-85.389,213.45
-47.832,1.4527,145.38
85.438,-85.998,211.15
230.67,-189.9,226.32
259.95,-182.82,220.42
119.76,-78.706,190.29
260.21,-207.32,258.81
151.33,-99.624,193.41
-63.637,-30.181,123.07
-49.968,-6.1165,148.5
14.462,-27.742,169.52
-39.994,-38.91,148.08
216.92,-184.91,245.8
263.17,-196.99,270.89
60.398,-102.28,183.41
185.79,-140.15,248.12
-62.46,-29.549,113.76
-14.657,-1.8126,139.1
204.14,-169.33,210.24
-63.601,-25.345,135.74
191.48,-165.8,245.22
240.33,-152.84,218.02
210.71,-155.98,256.65
140.98,-145.37,219.36
27.397,-55.265,132.9
180.27,-157.95,203.37
147.43,-97.632,191.76
96.66,-122.43,190.17
62.946,-48.97,181.43
113.62,-130.05,210.36
36.924,-76.83,145.21
68.676,-101.23,165.81
-49.457,-32.997,111.44
119.65,-133.93,194.61
202.54,-160.02,204.53
6.1627,-25.965,124.14
214.01,-185.38,237.84
-9.3311,-11.137,120.15
233.2,-192,253.16
-43.121,-42.394,133.48
116.22,-84.327,212.08
-65.429,-28.352,126.96
50.843,-94.835,164.7
90.182,-87.581,160.02
254.28,-150.11,239.7
287.42,-181.05,230.35
151.11,-143.57,232.26
121.28,-87.602,177.28
-54.415,-32.247,138.43
148.21,-96.025,214.96
233.21,-175.93,214.26
-30.863,-8.3752,153.67
-16.956,-39.383,115.56
26.98,-35.459,175.81
174.93,-124.88,240.8
136.42,-137.2,190.68
-32.759,-29.309,158.47
25.616,-35.731,134.27
7.1578,-17.293,132.57
-63.397,-26.613,134.35
110.15,-73.278,193.08
158.83,-107.2,227.69
-35.465,-22.869,157.27
3.2455,-15.024,130.6
-21.845,-30.093,110.2
260.9,-170.93,221.1
290.43,-194.93,229.28
-22.153,-20.115,161.41
-18.441,-52.654,157.48
-6.0729,-63.633,143.91
107.54,-109.28,170.33
142.18,-144.01,223.63
60.664,-88.797,154.42
-9.5128,-17.566,116.08
82.427,-114.5,184.24
188.42,-148.97,198.49
-16.873,-36.23,113.95
126.05,-138.8,203.64
161.84,-118.62,236.65
5.8276,-45.531,177.13
99.323,-118.83,209.99
26.07,-79.943,152.17
27.397,-78.137,180.22
186.43,-142.42,248.69
217.19,-147.96,255.18
-3.9426,-60.688,134.95
218.07,-132.7,221.5
54.949,-67.47,144.86
168,-124.42,240.03
269.65,-201.11,272.54
233.44,-170.42,212.54
251.38,-189,268.02
49.814,-39.158,161.32
253.74,-153.33,228.59
239.34,-164.38,213.72
-57.077,-28.727,139.58
140.17,-112.71,179.71
0.373,-21.683,164.97
190.5,-120.99,234.5
291.34,-183.21,231.49
126.21,-138.86,207.81
-10.021,-14.996,116.86
193.9,-174.98,227.25
197.88,-161.92,205.24
-10.44,-59.264,136.37
82.417,-109.57,203.21
-51.37,-33.837,113.79
95.024,-113.42,173.53
-35.342,-40.479,117.17
218.86,-131.83,227.2
247.12,-195.89,227.9
51.073,-60.151,143.14
-5.09,-49.887,171.02
189.14,-148.36,249.92
-45.031,-41.201,133.26
137.8,-119.05,232.02
67.637,-103.35,169.78
58.488,-50.683,152.25
97.899,-78.641,209.1
171.37,-135.73,243.78
78.161,-106.14,202.61
0.24018,-11.955,150.91
99.004,-103.41,217.26
106.81,-101.31,220.24
164.46,-154.74,233.04
243.69,-191.59,262.41
132.42,-136.29,190.79
171.6,-107.09,209.04
139.32,-136.85,228.33
-43.192,10.539,135.91
176.2,-165.28,218.46
115.61,-103.25,223.17
-4.5381,-7.227,139.35
-55.852,-33.352,116.64
-3.4512,-9.2927,130.89
-15.999,-7.7014,116.39
249.28,-200.71,257.35
261.02,-159.38,227.89
81.631,-94.974,210.19
-36.571,-42.981,121.82
192.44,-164.55,207.62
202.57,-155.54,254.27
4.2793,-32.62,121.29
7.671,-21.42,128.3
218.85,-144.05,252.7
-19.756,-32.35,111.61
148.38,-112.73,232.52
217.64,-132.62,220.98
86.762,-84.877,211.19
211.99,-183.75,240.41
163.71,-156.78,229.02
273.36,-180.47,224.28
288.21,-167.66,249.17
246.74,-160.7,262.85
178.1,-125.67,194.8
97.016,-83.757,212.49
72.848,-99.845,163.2
284.25,-167.5,259.67
190.24,-116.88,216.57
217.47,-131.98,222.51
246.52,-160.76,217.57
-47.64,-18.918,99.089
129.1,-127.51,226.73
3.7275,-32.968,172.88
95.555,-112.74,172.72
62.361,-58.602,213.65
48.254,-21.374,174.33
79.157,-59.149,217.9
43.628,-76.014,179.95
40.158,-45.109,203.8
12.563,-24.114,189.71
186.21,-126.05,208.47
-33.53,0.11081,114.19
289.58,-171.06,241.39
163.57,-140.74,239.48
-8.0492,-43.693,148.48
247.19,-138.52,270.28
146.01,-131.49,232.96
296.7,-155.54,263.28
68.683,-74.415,215.85
196.23,-110.96,217.18
87.474,-44.754,199.57
203.43,-159.2,229.71
128.55,-83.671,236.05
106.5,-94.691,183.02
139.87,-120.27,201.4
-2.764,-15.583,182.59
195.09,-149.84,220.83
-10.912,-20.077,127.12
200.4,-123.18,213.72
163.6,-131.35,208.44
-4.3071,9.3861,148.7
-23.055,-0.76344,171.49
0.1014,2.8537,139.36
157.3,-82.654,224.1
53.614,-63.664,160.08
86.21,-57.62,171.3
190.58,-104.8,246.95
263.04,-194.21,260.53
165.62,-135.74,212.37
96.257,-105.89,204.85
-42.613,-25.252,137.46
205.2,-144.92,217.34
42.156,-18.695,178.96
210.55,-154.29,266.3
284.13,-164.76,287.01
203.68,-136.83,214.62
176.73,-122.31,257.51
290.43,-153.44,256.33
63.325,-58.795,214
192.25,-101.11,233.29
69.986,-38.336,171.3
138.45,-124.8,207.56
113.31,-114.41,218.91
-22.12,-14.959,175.31
214.85,-139.04,217.85
-22.597,14.172,125.56
38.443,-16.22,165.51
106.1,-67.246,180.15
157.41,-105.12,197.92
185.91,-146.82,254.9
189.1,-106.94,214.92
159.38,-139.59,223.78
-37.319,21.014,116.56
196.01,-136.85,264.05
209.2,-115.38,254.29
32.944,-68.913,187.2
234.55,-140.33,272.51
-22.513,9.3478,122.12
260.49,-187.05,276.6
258.94,-165.98,232.13
262.18,-138.82,262.8
-18.776,7.9994,165.49
181.36,-128.19,259.23
181.07,-137.88,212.39
205.99,-109.33,244.16
254.26,-164.44,230.88
-23.959,-4.6753,172.81
-24.334,-24.668,172.09
236.24,-124.8,241.96
188.28,-124.82,260.83
183.95,-125.06,259.83
76.526,-58.002,165.91
227.7,-154.61,273.96
165.79,-123.45,253.67
285.19,-152.56,274.33
-5.1822,1.2394,170.79
99.682,-102.9,191.65
50.571,-66.338,207.45
148.42,-77.508,216.45
125.63,-71.576,225.92
8.0578,-50.58,182.54
109.03,-96.063,184.01
53.553,-61.136,210.24
237.04,-124.62,247.45
132.9,-100.66,189.75
123.53,-80.238,185.97
194.28,-123.07,211.12
136.09,-102.16,243.23
-55.797,-17.942,134.04
262.89,-145.41,238.87
14.326,-59.039,166.15
118.42,-61.035,205.36
122.13,-95.892,238.05
-15.525,15.258,151.03
104.33,-110.12,205.56
239.31,-172.6,234.61
248.47,-132.42,260.51
283.88,-152.39,249.63
15.473,-7.8315,144.91
40.412,-64.105,201.35
212.36,-113.29,231.15
263.47,-141.88,268.65
-11.697,11.768,136.78
173.56,-95.247,240.27
235.03,-179.75,255.82
234.67,-126.29,258.47
103.46,-67.987,178.25
151.78,-85.33,202.84
93.616,-88.74,178.57
162.07,-116.66,200.64
208.13,-160.11,228.97
220.72,-158.01,224.99
24.639,-9.1207,155.85
155.15,-86.756,204.53
239.17,-165.65,229.6
-0.092766,-5.3857,132.56
189.19,-155.6,243.73
104.27,-91.429,181.03
140.64,-129.69,227.37
84.202,-55.797,216.32
88.021,-75.416,171.75
207.73,-116.97,221.14
199.65,-107.35,245.84
229.98,-165.26,271.88
202.7,-111.14,250.93
288.27,-151.43,267.3
7.2005,-2.3619,171.86
58.549,-73.844,209.52
36.537,-31.973,148.48
73.882,-72.16,167.42
190.83,-123.47,209.78
168.1,-91.169,236.25
46.605,-20.411,174.15
60.709,-53.775,158.96
2.8575,-47.432,180.25
-39.897,20.425,155.11
83.458,-97.904,207.3
205.58,-157.29,261.08
216.93,-137.01,218.51
-37.588,0.7829,166.79
124.32,-107.07,191.62
-40.183,16.872,158.32
-41.993,-16.271,162.27
231.11,-140.13,223.58
32.651,-56.863,199.27
-33.277,-31.513,147.67
52.428,-34.693,158.08
177.87,-93.593,224.75
26.633,-52.426,150.66
37.776,-15.626,174.37
-2.9311,-23.668,130.66
90.897,-47.945,183.87
18.217,-29.898,193.19
76.788,-94.462,203.55
195.13,-103.71,226.66
-38.576,-22.363,160.84
57.522,-29.639,168.05
26.39,-57.277,155.02
218.76,-127.01,221.95
-51.739,-19.664,132.28
-8.9505,-21.842,181.69
5.8807,-50.746,179.72
34.327,-63.634,196.54
238.72,-129.46,261.7
72.821,-35.497,184.46
20.62,-43.966,144.7
265,-175.34,235.78
239.7,-176.01,270.62
212.4,-164,232.76
-3.5739,7.1914,141.36
42.242,-70.812,197.35
267.64,-158.65,283.22
293.55,-171.85,242.86
202.74,-107.32,230.72
101.83,-65.682,223.53
38.109,-38.046,148.67
78.624,-42.364,176.29
-32.361,13.809,116.51
201.63,-135.7,265.79
-37.415,28.083,140.91
200.68,-150.69,262.39
-32.124,4.0093,114.59
278.76,-185.43,241.33
-46.862,-10.981,116.47
3.4227,-51.65,157.07
242.13,-168.32,231.16
192.86,-127.84,262.47
-17.728,-9.4278,122.09
25.95,-8.7071,160.88
272.9,-192.58,281.27
82.921,-54.708,170.29
19.917,-6.8418,172.01
215.57,-131.5,218.69
129.95,-124.3,216.91
79.381,-94.454,188.89
73.57,-72.385,218.72
13.534,-7.9502,177.6
197.07,-108.34,249.31
112.69,-71.408,182.61
-14.58,-3.2063,123.59
-28.952,23.993,135.63
209.13,-111.22,231.06
-24.243,-13.919,174.27
29.535,-67.377,171.06
73.259,-82.095,215.69
82.799,-85.253,175.92
205.31,-108.62,231.85
11.372,-7.565,140.94
221.3,-140.31,271.05
119.38,-104.83,235.19
143.34,-129.14,212.58
74.743,-38.473,177.63
36.841,-66.62,196.21
-52.718,-19.788,141.39
133.39,-112.17,240.53
153.38,-97.817,245.63
261.5,-151.5,234.31
115.2,-115.74,207.84
262.72,-149.51,235.91
105.04,-105.36,223.91
184.71,-152.39,245.44
114.72,-60.011,196.78
48.136,-24.159,163.92
78.753,-57.213,216.88
46.766,-24.322,161.8
156.04,-87.085,205.03
289.17,-186.97,242.82
78.045,-65.512,166.7
-28.801,-14.814,171.85
77.862,-68.261,220.31
204.38,-138.98,215.23
131.98,-125.47,220.14
50.971,-30.403,195.8
127.06,-78.344,188.75
198.87,-105.44,228.78
100.7,-55.018,211.89
228.52,-166.44,270.3
32.647,-64.145,161.85
260.86,-143.68,272.38
202.52,-135.98,266.06
146.82,-78.254,207.67
131.04,-86.161,237.61
-24.214,-36.42,157.47
175.16,-129.67,207.45
299.28,-162.7,251.36
152.45,-108.82,196.55
203.95,-149.08,264.96
192.63,-134.64,262.96
90.485,-100.34,213.81
287.18,-163.26,285.97
189.35,-145.66,258.19
285.72,-170.9,239.94
14.816,-41.69,192.56
183.61,-98.783,219.67
53.29,-30.566,195.33
17.294,-54.641,188.13
202.38,-153.34,261.84
89.755,-56.721,216.87
-0.24502,-50.482,169.22
272.09,-168.31,287.01
236.39,-180.27,250.5
190.04,-112.39,212.03
62.053,-45.029,208.14
45.203,-50.63,206.47
0.80659,-42.887,143.58
-34.277,-3.5586,114.67
63.41,-84.308,179.66
11.093,-16.721,136.5
249.23,-177.32,237.28
99.616,-107.19,201.88
51.03,-23.056,174.22
164.5,-140.35,219.79
208.11,-165.03,238.94
101.44,-65.925,177.74
220.31,-158.41,269.77
249.07,-172.32,278.93
200.86,-149.92,262.9
157.37,-136.28,239.66
286.24,-156.1,279.28
294.95,-157.02,276.14
212.94,-165.12,258.67
13.408,-7.7769,177.4
-59.955,-3.0728,154.56
124.06,-108.74,192.86
-36.356,13.828,160.82
188,-141.12,259.65
64.655,-63.947,162.3
-50.574,-20.618,145.04
1.477,3.7626,163.74
152.27,-79.663,219.98
228.08,-132.81,224.5
91.874,-83.262,175.39
164,-138.06,244.55
115.1,-116.18,211.07
219.89,-150.25,271.57
45.792,-77.588,184.7
252.98,-137.44,238.85
258.69,-191.92,258.57
52.19,-32.187,197.6
224.48,-162.5,270.14
178.99,-137.81,212.41
92.884,-99.861,190.1
42.205,-27.791,194.55
19.973,-12.012,181.03
242.79,-168.71,277.16
139.15,-111.24,194.88
216.64,-114.82,247.29
71.591,-55.67,215.09
-35.081,-20.385,124.62
26.866,-14.73,182.49
-11.326,-10.911,125.02
152.88,-84.366,205.06
-52.697,3.8954,160.09
-10.414,-42.667,169.6
112.78,-114.24,206.13
36.556,-46.571,149.33
222.18,-155.77,271.55
195.83,-159.44,239.85
279.93,-172.08,238.01
-15.729,-41.598,152.81
254.99,-150.45,231.52
117.47,-60.937,200.24
204,-110.87,249.76
-4.3994,-47.967,156.64
286.73,-151.11,269.05
90.799,-68.678,223.92
168.47,-88.374,223.96
267.68,-140.91,252.36
54.895,-31.499,162.57
228.6,-120.37,247.36
13.716,-26.57,137.31
218.2,-115,238.27
-42.276,-2.5343,165.31
151.46,-107.24,248.47
-22.754,-0.83924,119.3
88.262,-56.268,216.58
205.07,-114.62,221.08
140.63,-105.67,244.94
-7.8913,8.1368,161.71
178.12,-104.44,208.68
133.42,-113.89,239.81
163.31,-140.11,240.47
56.196,-82.139,181.18
247.76,-158.04,228.39
110.29,-110.98,222.06
14.72,-3.579,150.41
154.49,-80.948,221.71
14.537,-3.1101,151.22
94.052,-51.265,209.1
51.631,-33.214,158.31
183.24,-135.13,210.82
261.12,-159.44,282.84
-6.3805,10.516,151.6
197,-106.06,224.04
53.699,-25.24,183.74
-33.293,25.498,143.42
227.8,-174.65,243.17
66.944,-86.215,180.99
-62.244,-4.6329,151.89
78.532,-88.575,179.63
102.91,-88.694,179.56
54.778,-25.319,174.94
283.33,-185.59,241.69
-15.94,-39.508,166.75
-12.112,2.0381,126.75
235.72,-135.85,269.62
230.93,-171.73,235.83
240.3,-182.41,258.02
241.94,-134.68,267.48
94.96,-100.51,190.11
-2.515,8.3477,150.2
242.19,-183.49,257.41
-19.983,8.6139,123.81
79.977,-82.43,173.83
146.88,-121.98,244.28
126.2,-104.62,238.96
42.599,-146.09,78.523
73.04,-182.72,95.679
74.372,-144.39,111.07
235.5,-276.24,170.74
118.92,-203.41,163.72
116.09,-212.21,117.75
237.16,-259.82,156.05
228.9,-228.35,192
37.499,-179.3,117.08
-49.484,-74.138,72.8
183.14,-245.15,184.26
-16.985,-136.55,104.33
43.163,-150.79,131.36
-10.037,-109.5,102.69
168.64,-245.56,171.78
225.51,-225.07,158.63
80.989,-197.1,143.36
14.056,-113.05,101.32
34.391,-141.35,74.915
26.252,-133.83,71.742
-7.8421,-137.73,109.94
-18.872,-138.78,62.997
-68.422,-116.3,65.601
128.22,-177.85,151.71
145.49,-192.89,165.7
264.22,-256.29,213.7
195.57,-208.75,151.65
174.94,-234.79,135.49
9.227,-123.67,64.072
266.4,-250.71,210.51
102.15,-178.63,153.98
56.73,-137.25,95.083
18.649,-140.92,121.84
-39.869,-111.9,95.926
-11.163,-95.145,67.774
200.7,-214.94,181.35
55.638,-176.24,136.95
278.17,-256.96,170.72
147.53,-236.33,141.22
128.53,-175.55,126.09
75.423,-191.37,143.07
200.49,-220.37,186.95
49.064,-184.82,102.12
5.9174,-110.15,100.86
102.08,-213.36,145.25
-78.625,-102.29,72.951
-52.952,-122.99,80.433
119.38,-221.41,128.69
131.47,-207.48,116.54
235.24,-277.37,192.68
-20.887,-130.08,103.95
113.15,-165.3,127.76
232.64,-276.44,191.19
-39.789,-108.15,42.189
23.737,-117.63,103.27
219.76,-254.46,200.21
-17.835,-145.63,95.305
222.46,-273.53,179.32
147.65,-215.29,122.68
66.904,-185.16,97.108
91.329,-202.57,111.28
106.49,-217.18,129.79
192.22,-259.76,169.82
212.83,-242.68,145.84
46.289,-166.58,134.09
169.87,-206.95,176.59
71.771,-183.17,95.813
201.28,-237.52,194.22
-47.173,-117.77,90.416
203.38,-251.28,193.09
115.77,-219.09,126.38
0.46473,-130.36,60.191
1.1104,-110.49,102.68
225.19,-267.94,196.25
-43.599,-132.23,69.707
167.25,-225.88,130.39
194.17,-206.83,154.23
70.225,-198.91,120.77
19.893,-130.11,68.886
252.46,-269.45,162.6
166.09,-197.62,136.07
0.58272,-133.73,61.097
160.38,-233.26,133.77
224.62,-220.06,176.04
125.73,-218.95,123.26
-2.8611,-103.88,65.565
8.0909,-124.8,113.6
110.33,-196.61,108.22
145.84,-236.54,159.3
83.143,-179.87,149.5
22.031,-162.43,120.18
144.13,-229.73,167.6
256.81,-286.28,179.1
141.05,-205.25,171.54
199.67,-238.56,141.52
271.86,-254.69,168.25
43.777,-178.91,94.677
-24.885,-117.94,49.317
-80.53,-108.93,57.474
154.92,-212.4,176.84
257.4,-245.81,206.69
151.9,-201.76,123.86
58.557,-135.33,106.68
228.36,-226.85,190.14
110.05,-181.04,107.2
44.4,-156.94,79.861
-51.191,-96.213,89.44
251.86,-270.55,211
200.43,-210.27,172.94
128.1,-173.11,138.47
220.99,-269.06,164.47
-26.99,-90.199,52.818
8.5946,-158.82,110.73
-17.717,-142.78,67.665
-51.513,-79.43,37.845
171.88,-235.36,182.35
243.97,-231.37,191.3
-64.482,-99.313,33.315
273.98,-274.99,168.44
25.718,-151.5,125.53
161.56,-191.01,142.13
-81.981,-88.599,75.869
230.91,-225.28,164
195.56,-260.16,176.89
0.60834,-143.2,113.62
81.423,-172.23,147.44
219.77,-221.69,185.15
32.209,-132.39,76.01
244.65,-229.29,184.17
163.72,-199.03,169.8
238.29,-230.62,192.55
249.8,-279.66,204.22
107.5,-162.31,125.51
55.558,-189.98,122.92
11.922,-164.05,87.406
5.6428,-111.15,67.423
203.08,-235.02,142.02
158.11,-188.78,142.71
67.268,-188.98,100.74
-7.7499,-153.6,82.508
17.91,-169.61,100.77
93.752,-194.99,153.01
185.01,-201.73,162.56
88.65,-166.42,99.378
24.715,-135.54,70.638
-63.143,-97.377,84.968
127.58,-195.67,165.57
125.93,-211.15,165.72
70.184,-173.87,91.457
41.758,-150.67,130.97
-2.3173,-141.25,64.13
199.42,-212.36,177.96
158.58,-239.17,170.39
-18.343,-117.58,104.97
101.85,-200.46,155.85
239.06,-281,185
-26.899,-83.981,66.29
-16.818,-96.37,90.652
52.469,-181.77,95.68
114.46,-209.08,159.99
89.076,-197.36,106.37
-10.856,-147.81,101.42
265.89,-261.05,164.13
186.14,-254.72,155.33
179.18,-227.24,133.71
51.04,-143.08,127.85
141.16,-224.03,169.45
105.01,-160.88,126.66
-77.166,-110.86,60.75
-52.807,-98.607,35.669
-21.943,-128.11,54.44
20.43,-169.44,92.237
-30.036,-82.298,71.041
21.242,-169.98,110.15
-37.202,-132.85,62.182
-18.7,-91.394,83.033
117.68,-217.62,156.51
237.43,-272.45,164.71
27.949,-173.74,95.374
185.42,-201.64,156.01
147.03,-196.32,122.99
162,-242.82,145.46
254.22,-285.32,200.62
267.58,-273.02,166.51
-6.8548,-108.2,101.55
55.13,-144.15,128.5
129.81,-176.96,149.34
60.791,-141.39,94.233
227.67,-268.08,198
240.84,-245.64,205.46
85.956,-156.3,135.83
9.5356,-136.33,64.411
47.253,-146.25,129.99
76.192,-199.38,135.59
62.442,-141.54,123.18
-16.101,-124.38,106.84
-27.156,-142.63,79.7
87.134,-160.67,101.22
-28.472,-134.05,96.346
258.35,-235.22,181.65
212.41,-235.29,196.51
127.85,-176.84,150.21
15.904,-123.06,68.545
224.65,-251.26,150.72
90.597,-177.13,151.16
64.926,-152.11,89.878
101.45,-162.34,138.43
148.7,-238.58,158.18
257.94,-241.43,202.18
217.85,-226.45,151.37
73.425,-147.32,127.2
33.857,-128.89,116.1
155.78,-239.94,166.18
147.68,-216.34,123.03
65.301,-190.82,103.6
48.732,-146.87,130.5
130.74,-180.25,154.32
-8.1402,-114.48,105.98
-33.186,-103.11,96.389
-66.687,-87.773,82.456
134.99,-180.33,126.17
263.7,-257,163.67
-15.631,-115.78,52.144
105.37,-162.04,120.18
76.037,-186.32,98.084
165.18,-236.15,136.03
137.5,-232.91,154.66
-25.472,-122.38,102.57
186.24,-209.37,177.6
123.05,-216.07,161.95
204.31,-231.84,193.73
202.64,-210.28,159.28
11.688,-117.51,108.13
100.06,-182.91,155.19
77.108,-193.13,143.22
-12.958,-133.34,107.9
-20.252,-134.39,102.91
34.84,-168.15,84.395
192.93,-234.66,138.92
176.45,-240,138.94
75.867,-198.26,136.99
262.42,-260.31,162.9
110.8,-212.29,118.49
188.69,-230.67,137.03
50.459,-162.63,83.036
91.17,-193.69,103.79
185.22,-250.86,148.98
261.14,-285.97,176.65
42.1,-169.68,85.364
-79.046,-99.656,74.314
-52.843,-75.185,75.686
201.46,-228.75,141.69
-26.208,-110.95,100.87
127.06,-180.05,155.01
215.57,-238.25,198.12
180.49,-253.89,168.95
232.54,-239.64,153.52
135.78,-223.29,126.4
53.561,-180.25,93.802
55.279,-165.43,85.122
251.84,-272.05,163.99
10.21,-150.68,71.076
259.32,-258.28,161.83
38.682,-124.58,104.49
47.002,-143.1,127.93
168.52,-197.03,165.53
236.92,-273.83,166.46
222.81,-272.97,184.87
252.85,-245.49,206.43
62.552,-180.67,139.59
212.66,-216.31,158.77
-8.5555,-125.74,109.89
1.133,-158.36,100.92
214.59,-269.93,177.86
-34.157,-138.31,77.306
35.435,-173.91,90.728
50.46,-141.66,84.697
235.99,-279.48,186.22
-38.373,-76.933,66.564
-50.245,-76.762,76.826
265.07,-268.69,164.66
155.54,-230.06,131.29
241.82,-265.78,207.56
145.92,-227.33,129.33
-61.103,-98.231,85.932
254.32,-246.17,162.4
-52.732,-100.14,36.127
-50.199,-96.963,89.941
53.689,-135.38,93.996
-47.766,-121.84,50.803
234.74,-228.72,190.82
-6.5118,-117.07,56.419
-37.407,-94.629,91.416
116.84,-190.33,109.28
213.06,-255.06,150.72
105.21,-172.35,107.48
-56.009,-82.264,82.263
211.69,-268.08,169.56
-55.029,-106.6,38.499
53.426,-132.4,104.15
262.39,-239.24,175.49
258.05,-255.57,212.38
138.06,-178.55,135.5
209.75,-242.88,197.32
20.009,-169.84,108
11.68,-107.88,84.256
239.48,-266.23,206.25
142.2,-236.05,150.41
144.97,-188.9,161.68
201.48,-262.43,162.43
75.412,-148.71,101.64
85.849,-154.86,105.48
209.63,-248.07,197
111.48,-164.32,128.61
224.6,-269.02,163.14
153.48,-188.72,134.99
239.12,-276.93,170.32
-62.327,-111.93,81.199
158.03,-238.53,139.88
134.81,-179.7,151.65
146.83,-219.44,124.13
-27.764,-92.318,88.977
-7.7962,-104.25,60.125
166.44,-217.25,180.96
-26.379,-126.01,101.59
18.915,-113.8,98.727
242.74,-280.13,196.61
-77.357,-81.045,77.409
-15.811,-142.34,101.68
55.037,-171.2,87.315
191.33,-239.89,140.21
114.87,-202.36,162.04
51.375,-170.11,86.259
79.788,-165.92,94.573
3.7815,-111.47,103.19
34.195,-130.36,117.67
159.04,-229.35,130.9
18.71,-159.62,119.27
14.06,-148.26,120.15
224.9,-273.19,171.11
240.01,-256.75,207.92
14.509,-167.17,103.54
117.02,-183.79,158.5
119.41,-222.13,130.13
145.19,-197.96,169.36
-7.0206,-106.43,99.9
-76.399,-79.815,77.396
40.697,-125.03,99.819
-11.525,-107.52,101.22
-70.225,-85.875,80.857
-1.3823,-155.79,80.627
-29.779,-126.77,99.232
219.59,-220.35,159.55
69.142,-146.39,127.82
67.663,-184.47,141.29
75.149,-154.46,136.13
126.73,-210.31,116.86
215.01,-232.61,195.74
151.98,-199.06,124.79
247.75,-267.3,160.94
146.21,-182.73,138.49
231.08,-224.62,165.62
1.1943,-130.27,60.419
6.3763,-135.17,116.67
214.26,-234.92,196.7
15.522,-156.12,75.253
64.256,-195.65,121.54
-2.1553,-155.48,101.58
71.298,-145.51,125.08
31.915,-175.81,115.46
37.172,-129.14,82.413
81.425,-177.34,95.48
-45.23,-127.95,58.69
127.72,-179.36,120
11.487,-140.8,66.185
268.37,-278.77,169.33
162.85,-198.01,168.79
-39.623,-100.4,93.891
25.17,-133.3,71.238
45.309,-175.81,130.04
-24.984,-86.961,78.854
-8.1386,-142.72,107.94
127,-204.91,136.28
181.63,-204.38,196.64
202.92,-212.5,202.08
124.72,-168.68,159.23
110.79,-161.78,144.15
166.46,-207.72,149.46
257.57,-241.43,185.56
51.042,-145.08,103.52
202.58,-229.43,213.97
62.25,-134.95,126.61
-26.019,-87.882,74.809
-54.717,-65.836,66.914
69.509,-185.92,120.7
131.41,-175.58,145.36
157.44,-223.73,149.67
59.633,-190.31,141.22
170.22,-192.5,181.27
256.73,-252.23,181.37
-17.616,-146,103.94
175.96,-247.11,192.5
165.79,-190.03,164.43
247.61,-253.26,178.17
-7.0831,-100.5,116.72
215.86,-264.92,185.71
95.876,-184.18,122.43
-33.188,-90.806,66.541
-28.378,-81.269,93.99
-49.391,-98.968,58.359
-13.267,-113.77,126.75
192.44,-204.7,193.46
214.07,-212.05,192.42
144.22,-232.96,178.47
-17.71,-135.33,124.02
-41.727,-97.392,114.05
269.4,-249.44,188.16
85.608,-148.52,145.98
86.59,-154.46,157.51
23.813,-129.45,140.14
47.988,-183.93,136.35
251.12,-270.22,229.88
264.65,-259.95,184.05
109.16,-176.08,175.49
131.3,-175.9,172.42
158.77,-188.17,157.91
75.607,-157.2,114.4
150.04,-181.99,159.33
-59.506,-111.66,65.677
241.88,-254.21,176.7
100.39,-200.9,174.07
134.26,-176.3,171.54
-8.8686,-143.72,125.92
146.63,-190.7,144.54
118.04,-211.28,180.11
276.33,-250.61,191.67
113.08,-218.03,164.67
18.976,-161.79,104.28
228.53,-226.66,176.63
68.795,-139.05,137.88
213.03,-212.15,182.66
40.831,-141.48,148.79
111.92,-178.26,128.76
25.802,-171.37,121.09
173.59,-217.81,204.05
44.611,-178.02,117.74
217.1,-255.39,173.66
97.491,-190.73,125.09
246.61,-238.21,180.7
28.66,-122.98,98.215
93.869,-179.99,174.04
54.611,-130.75,122.44
55.015,-148.08,154.06
-38.753,-119.02,70.063
52.369,-141.42,149.32
39.236,-176.69,118.75
-83.236,-81.518,96.38
238.23,-270.01,221.7
209.34,-235.47,217.06
255.11,-284.3,204.42
-2.992,-153.49,119.69
100.43,-163.09,128.82
138.7,-223.79,186.27
187.49,-226.43,156.93
73.008,-140.87,136.25
72.639,-148.84,154.14
220.79,-256.72,219.19
86.332,-172.97,117.6
110.94,-206.48,136.11
243.38,-272.61,187.91
208.94,-263.04,186.57
220.45,-267.25,187.92
170.02,-204.79,152.19
24.653,-123.7,135.71
-9.0779,-146.1,93.174
172.57,-201.57,155.58
61.097,-148.09,154.41
-62.806,-59.357,77.346
154.17,-238.22,169.34
9.2363,-134.68,138.78
-22.601,-99.059,117.55
-21.564,-138.67,117.68
119.77,-168.73,142.09
130.94,-213.49,141.39
-59.945,-79.029,102.3
-5.1649,-144.9,128.35
197.32,-208.67,198.26
244.77,-261.11,179.47
239.92,-262.66,179.65
28.849,-172.64,131.41
156.94,-233.89,191.83
-65.202,-96.923,104.75
261.09,-241,225.19
130.88,-172.58,165.02
141.16,-226.7,185.55
-9.5371,-129.87,130.66
237.86,-277.2,202.76
254.02,-249.63,230.95
-37.947,-88.355,109.54
77.935,-173.4,167.9
224.4,-228.33,172.83
64.906,-156.32,108.82
172.4,-232.61,202.9
-0.63071,-147.21,91.901
35.363,-162.99,103.01
191.11,-205.34,195.3
33.22,-120.38,127.56
-57.827,-62.666,80.346
-57.551,-108.94,106.46
55.933,-143.75,151.1
18.714,-134.26,141.55
19.68,-114.32,125.38
-5.0542,-145.93,91.466
185.43,-229.63,156.96
247.16,-258.69,179.07
256.25,-242.82,227.2
-80.167,-106.02,83.058
121.66,-182.74,180.54
-37.804,-107.54,64.191
200.78,-206.1,179.96
219.88,-249.83,170.73
104.9,-177.15,125.41
-56.518,-77.564,54.949
228.23,-218.31,193.31
172.55,-238.52,160.94
38.465,-154.23,151.72
-50.083,-117.91,107.48
-61.339,-84.989,51.564
69.133,-190.82,156.29
216.18,-267.42,194.73
-2.9829,-119.77,78.808
61.545,-191.16,135.12
109.69,-173.86,128.96
-0.68258,-138.16,84.711
-35.597,-99.607,63.656
-28.463,-132.1,81.337
118.04,-179.49,131.81
194.96,-251.59,205.5
-32.737,-101.34,117.62
-49.571,-84.657,106.63
77.707,-144.35,143.19
-24.506,-125.87,123.06
149.66,-214.08,196
62.87,-175.69,161.13
-70.42,-112.72,85.684
2.5137,-121.99,133.35
51.863,-155.5,103.3
-52.483,-122.74,98.348
231.09,-259.11,176.82
155.15,-236.72,186.13
142.81,-214.03,193.13
27.769,-132.47,93.161
43.428,-168.48,151.87
156.6,-186.57,178.12
172.76,-206.87,199.2
262.59,-244.61,228.55
108.8,-190.38,127.47
-62.567,-99.728,105.84
-53.802,-94.998,109.77
214.58,-249.46,169.81
-14.907,-99.136,76.632
33.567,-118.99,122.76
11.667,-140.17,87.699
94.067,-153.43,135.49
239.21,-227.44,212.58
-34.4,-94.272,64.736
-63.275,-61.278,83.819
126.17,-170.11,162.98
14.718,-110.29,97.016
82.598,-158.43,118.33
17.411,-155.13,140.09
108.68,-215.37,164.63
68.192,-174.18,164.05
9.9518,-155.24,133.89
-16.797,-130.48,78.691
214.21,-242.19,167.09
37.029,-173.22,143
7.0279,-145.78,90.093
-24.865,-83.467,84.819
56.439,-188.58,134.61
239.25,-236.39,222.17
245.08,-242.96,226.61
170.29,-201.91,153.79
217.31,-266.22,206.51
-10.06,-150.36,105.35
160.67,-225.16,150.8
99.048,-188.81,124.61
250.13,-279.66,220.67
68.205,-161.5,162.38
111.21,-166.17,135.86
120.56,-198.77,132.74
182.68,-235.48,207.19
191.47,-201.58,184.47
25.798,-118.35,99.918
117.31,-179.49,178.19
71.746,-196.18,136.93
53.518,-148.78,154.27
213.15,-253.44,172.15
138.53,-230.81,164.44
83.474,-174.01,169.77
-78.014,-87.016,98.827
56.972,-177.23,156.92
219.77,-250.8,171.15
245.9,-237.73,180.54
91.134,-154.9,156.37
244.95,-279.26,199.21
126.04,-169.43,160.13
-77.574,-102.43,59.964
-78.34,-95.238,96.85
-17.043,-115.94,126.42
-58.816,-120.4,84.175
201.06,-259.54,184.06
241.67,-277.22,214.91
45.358,-178.32,117.87
157.85,-228.56,196.38
-74.543,-96.525,53.301
-44.971,-81.647,104.3
192.6,-228.58,158.75
-81.968,-105.61,72.399
171.77,-247.08,183.66
219.02,-214.59,186.11
183.81,-242.89,204.51
124.8,-222.74,154.71
11.901,-116.06,88.629
168.62,-218.68,150.16
122.2,-167.41,158.37
83.514,-193.64,126.6
31.529,-133.37,143.16
96.88,-208.9,145.08
24.577,-139.28,91.373
56.714,-166.45,107.4
-60.948,-96.271,54.507
107.27,-202.39,132.88
189.53,-218,158.16
-14.798,-90.113,88.22
200.35,-255.85,176.45
-32.789,-77.881,86.644
216.58,-267.25,192.37
-57.249,-115.46,69.742
84.609,-172.21,169.66
-80.692,-103.37,63.295
38.536,-163.04,103.15
73.612,-149.14,117.25
226.04,-222.65,209.72
268.39,-238.13,199.27
130.62,-227.14,169.52
98.311,-154.63,142.25
-71.967,-111.5,74.516
117.08,-179.02,177.86
220.53,-232.28,169.29
-61.215,-97.389,106.79
-29.946,-99.381,66.477
-4.5449,-124.07,132.21
144.76,-213.46,194.06
124.65,-200.57,134.25
-57.534,-117.42,99.728
3.8482,-101.13,98.579
-18.529,-87.643,99.502
-81.064,-105.83,70.753
79.942,-153.34,157.73
127.43,-193.86,186.4
-61.763,-111.86,100.93
-22.389,-85.214,97.617
-36.118,-89.456,64.969
242.92,-228.29,187.22
275.74,-248.45,192.76
-51.305,-110.14,110.39
-36.826,-133.97,92.783
-18.875,-133.62,81.151
94.005,-170.28,121.18
124.51,-223.87,159.21
48.072,-151,101.49
-30.014,-80.864,80.216
69.285,-185.77,120.58
174.46,-207.5,153.62
-30.483,-95.893,66.762
112.62,-210.57,140
131.71,-207.8,189.04
-21.202,-135.91,120.67
80.284,-201.48,145.06
13.941,-147.2,91.446
8.1429,-161.31,115.09
159.03,-230.64,195.96
187.61,-234.63,209.6
-15.768,-125.9,76.239
191.41,-203.13,190.59
38.35,-129,102.2
138.42,-213.6,191.15
248.55,-280.63,216.57
219.42,-226.79,170.69
228.98,-270.68,212.24
20.993,-115.85,127.19
229.1,-219.1,199.13
222.7,-221.72,176.71
-75.784,-109.64,76.176
122.99,-173.92,138.82
-30.874,-110.36,120.64
159.36,-204.63,196.6
272.41,-240.01,200.55
111.82,-212.94,143.34
-31.462,-79.271,81.897
181.01,-244.15,165.79
185.67,-220.58,156.11
-22.528,-126.42,75.702
63.372,-192.41,138.04
-62.99,-98.536,55.269
83.029,-177.16,117.16
-46.923,-103.68,60.548
190.56,-205.52,195.82
236.44,-254.34,175.47
32.891,-122.58,102.99
-28.499,-137.51,109.73
163.1,-235.81,195.04
-59.333,-114.63,69.459
110.75,-208.82,176.43
55.506,-170.56,109.14
34.673,-118.97,117.53
66.635,-168.38,163.4
144.19,-224.48,189.85
58.519,-189.85,137.68
-30.793,-94.533,114.15
73.506,-193.03,158.22
79.359,-191.93,164.45
146.22,-234.88,169.55
223.99,-270.69,203.73
120.66,-200.44,133.33
143.46,-181.55,176.28
118.56,-221.05,165.39
-74.394,-73.653,97.418
163.69,-233.7,157.1
87.399,-193.96,169.03
-34.012,-84.83,105.54
-67.93,-100.35,56.145
-30.417,-81.611,98.206
-39.14,-73.867,82.902
233.15,-274.53,197.29
237.86,-222.65,198.27
56.484,-184.53,150.41
-48.344,-108.5,62.572
180.92,-224.8,154.74
176.71,-242.29,199.88
-13.802,-94.198,82.032
-15.786,-88.543,94.291
188.49,-229.83,210.13
-33.813,-91.805,65.748
118.41,-202.49,183.75
191.12,-202.84,190.05
57.833,-176.16,157.98
197.39,-256.24,178.55
147.09,-234.39,165.1
256.65,-236.16,189.63
260.6,-237.68,221.02
217.05,-245.32,220.22
158.53,-187.82,158.28
66.637,-174.58,163.28
60.728,-163.29,107.51
254.49,-243.99,228.01
161.96,-191.23,184.26
190.41,-203.19,191.53
227.3,-219.95,184.14
-60.823,-77.596,52.208
106.58,-213.92,164.95
-26.081,-123.55,122.65
83.493,-176.07,117.04
26.576,-159.42,163.86
11.01,-108.86,145.62
41.25,-159.97,173.07
22.502,-157.23,121.81
4.169,-145.89,154.54
-24.573,-124.59,143.54
162.98,-194.71,171.9
-57.231,-68.638,78.589
264.72,-235.9,213.69
139.55,-227.2,181.16
-27.97,-120.19,93.764
208.85,-231.34,237.09
121.98,-218.37,174.1
261.4,-234.57,241.21
36.833,-172.7,160.21
165.49,-185.93,189.81
48.647,-136.79,168.53
184.3,-231.36,178.89
90.247,-183.47,193.5
85.581,-165.65,137.99
120.08,-192.32,152.26
-39.724,-115.71,136.47
175.74,-219.86,173.36
-33.061,-89.306,87.254
173.95,-193.4,182.62
143.79,-202.09,161.08
-41.136,-76.499,121.14
-60.495,-100.13,127.49
-32.884,-75.982,112.14
119.18,-172.02,194.94
32.428,-134.63,115.66
58.004,-131.57,139.35
151.51,-198.41,214.4
243.07,-269.15,207.98
146.12,-207.6,162.8
74.602,-188.45,146.17
-63.049,-103.65,81.438
184.32,-212.51,176.66
3.4872,-110.11,148.39
180.91,-246.95,212.93
247.23,-257.13,251.02
181.03,-204.59,177.88
141.78,-220.51,209.24
256.56,-229.8,234.44
27.445,-159.64,164.4
155.05,-187.49,205.95
37.033,-118.04,142.85
118.77,-199.67,154.43
89.742,-200.98,159.38
-56.083,-113.73,123.96
191.27,-206.69,183.43
-54.159,-62.071,98.439
2.3889,-101.03,137.56
77.305,-141.7,148.93
132.33,-175.62,163.25
158.49,-237.79,198.56
158.2,-182.35,187.37
138.95,-218.01,167.72
-67.792,-53.43,89.271
162.58,-233.43,214.35
170.28,-208.64,221.85
8.7691,-156.96,127.14
197.25,-235.79,233.38
-51.784,-64.062,93.388
234.79,-272.68,223.31
237.03,-230.71,197.68
224.48,-225.35,236.44
-57.906,-89.032,128.55
147.48,-225.64,209.43
161.03,-207.27,167.39
167.78,-198.44,215.57
232.52,-229.39,195.73
-60.412,-104.19,126.31
-54.353,-120.15,115.87
200.99,-205.72,217.29
152.45,-222.86,214.85
148.76,-223.08,212.36
50.438,-130.17,131.37
195.05,-249.19,225.09
132.93,-220.77,201.65
247.32,-239.91,247.26
-44.485,-95.677,134.4
79.867,-178.12,138.37
19.55,-163.85,150.89
111.16,-164.72,188.14
86.117,-168.3,190.27
-18.818,-142.77,123.33
88.108,-166.98,139.02
20.035,-160.76,156.72
200.41,-208.55,222.02
110.22,-170.71,150.02
96.082,-153.21,153.56
168.87,-192.67,178.39
101.32,-201.57,192.93
-76.693,-97.549,77.486
232.69,-217.18,214.47
-6.6253,-139.6,108.46
80.918,-149.13,176.45
87.685,-195.44,186.81
-53.844,-74.541,121.77
83.202,-191.2,147.6
220.42,-240.17,189.3
210.36,-220.7,232.75
251.74,-226.07,227.25
-16.657,-85.727,116.93
10.896,-159.97,143.43
177.87,-193.49,205.63
225.27,-230.95,240.07
-45.946,-68.861,110.15
134.38,-189.17,207.56
213.83,-258.51,201.11
196.21,-216.42,229.11
75.536,-141.6,146.1
119.83,-163,174.74
72.869,-160.04,132.67
139.6,-185.93,161.48
189.09,-231.05,179.56
200.96,-225.39,182
-10.326,-91.685,128.33
122.99,-164.66,176.61
219.28,-231.71,188.65
-28.925,-78.906,102.66
166.83,-238.24,186.61
82.96,-162.17,137.19
117.75,-214.49,168.59
45.22,-155.66,175.28
65.123,-146.1,131.71
177.06,-191.5,194.2
160.93,-198.63,215.57
200.95,-256.39,219.08
163.75,-204.17,218.88
251.42,-234.62,243.36
-32.196,-97.538,138
28.77,-170.05,151.77
9.4696,-104.57,115.67
52.072,-142.93,124.71
166.12,-192.72,175.87
129,-184.33,204.37
9.2315,-108.2,145.35
36.139,-124.97,122.16
-24.065,-139.61,121.14
-78.862,-75.931,118.68
59.749,-185.05,147.35
178.46,-247.14,205.52
192.4,-205.12,185.7
-73.291,-98.202,119.23
103.89,-178.17,145.27
-78.754,-80.667,119.39
-70.991,-110.18,105.74
205.28,-208.59,193.36
1.9593,-153.95,142.49
-54.838,-113.22,89.887
22.755,-110.03,127.74
141.41,-178.51,197.6
6.2195,-123.83,103.85
-0.45061,-105.61,144.64
-25.399,-93.14,91.215
56.411,-130.11,155.76
-18.359,-130.49,145.54
53.39,-181.04,143.62
160.04,-185.49,200.46
-65.61,-113.88,102.88
23.578,-110.81,139.97
6.5063,-130.27,104.86
190.17,-198.65,193.96
-72.009,-97.412,76.721
-43.266,-121.15,130.46
-20.124,-141.61,120.22
6.2471,-157.71,137.63
200.19,-220.28,231.59
35.729,-122.74,155.72
-0.5883,-114.39,101.04
244.69,-239.57,198.22
213.56,-263.14,216.38
193.37,-235.77,182.24
-38.085,-74.065,114.51
15.596,-162.95,137.66
231,-252.26,244.99
268.29,-236.83,215.92
167.25,-189.69,204.7
62.896,-165.38,182.6
12.77,-109.42,113.43
45.103,-122.96,147.99
-60.962,-58.607,87.525
167,-232.71,218.34
-75.693,-61.362,112.03
171.59,-243.15,207.99
-57.244,-65.492,81.318
259.25,-249.06,202.72
-66.585,-80.784,70.165
-16.891,-129.95,100.88
222.48,-234.36,189.66
157.22,-225.62,216.35
-41.509,-78.717,85.966
-10.404,-93.996,133
246.88,-278.13,228.83
54.297,-129.08,138.77
-19.11,-99.547,140.56
189.38,-200.92,188.03
108.62,-205.67,159.02
59.154,-172.44,132.92
40.043,-171.99,165.25
-25.934,-104.46,142.14
158.06,-201.74,216.91
84.111,-145.58,151.25
-40.895,-74.057,91.331
-65.4,-60.581,108.91
174.27,-192.2,205.39
-58.126,-112.59,122.86
8.8652,-147.1,113.83
43.483,-178.25,158.01
62.419,-157.18,128.34
169.76,-191.03,205.9
-19.606,-83.836,112.42
185.36,-236.75,227.42
88.6,-201.49,179.19
123.48,-205.37,158.09
40.002,-121.07,149.54
9.5709,-159.62,136.83
-74.971,-102.77,83.546
102.57,-208.58,184.94
115.35,-197.02,203.24
234.37,-219.77,207.38
94.452,-195.59,150.62
234.5,-218.88,210.07
78.141,-197.54,164.75
161.3,-237.18,187.9
79.16,-143.97,168.79
14.167,-105.3,135.95
40.51,-157.87,173.05
13.444,-104.42,133.69
123.8,-165.09,177.17
268.98,-249.74,206.93
54.001,-136.53,128.89
-61.49,-112.58,118.85
42.346,-168.93,170.08
182.2,-206.59,177.57
110.12,-208.16,161.76
11.389,-127.92,159.27
98.111,-152.74,157.97
163.54,-187.59,202.66
61.199,-150.3,178.13
200.34,-256.67,216.73
12.844,-138.86,109.22
222.57,-234.87,241.21
167.85,-232.97,218.75
111.93,-160.62,180.22
92.967,-186.04,194.43
-47.209,-121.5,98.576
154.15,-198.59,165.32
268.76,-233.37,229.21
129.23,-178.54,158.55
173.51,-242.84,212.01
159.02,-231.47,213.34
65.487,-189.74,153.89
249.81,-254.91,252.04
160.54,-238.23,202.99
261.45,-235.48,211.21
-17.669,-140.23,138.07
149.49,-179.11,193.12
13.686,-127.48,159.66
-10.325,-147.97,129.15
174.11,-244.78,206.89
50.499,-155.97,177.28
-23.433,-136.32,109.77
237.24,-261.67,244.91
216.47,-255.75,197.13
161.42,-185.05,182.77
23.327,-145.29,165.98
9.9284,-151.21,155.8
-18.932,-115.58,93.486
-56.885,-72.004,76.915
43.392,-161.14,124.72
-15.985,-88.849,104.33
230.43,-244.18,192.72
78.789,-187.39,144.39
14.119,-109.79,145.72
144.82,-215.69,166.05
188.31,-240.67,185.08
73.15,-139.9,145.96
190.39,-250.93,217.23
219.13,-263.53,228.19
171.4,-242.79,208.84
132.41,-224.51,181.22
248.25,-245.44,249.86
257.29,-243.24,250.08
188.25,-251.17,202.47
-26.059,-104.23,142.02
-89.889,-97.514,99.514
103.88,-180.26,145.35
-74.852,-84.038,121.29
157.54,-235.53,205.87
42.183,-134.61,121.3
-73.576,-105.2,86.819
-37.513,-88.755,132.45
114.56,-167.95,191.3
199.99,-203.55,196.55
70.284,-154.03,132.18
137.94,-227.81,186.65
93.755,-197.78,152.94
187.04,-245.34,222.48
23.895,-160.89,125.6
221.08,-212.01,214.74
238.8,-266.77,205.97
12.654,-130.23,160.27
195.42,-253.92,217.05
159.08,-207.5,166.69
73.008,-175.7,136.16
2.7822,-126.28,156.36
-19.521,-108.83,145.22
212.62,-260.44,226.25
118.1,-181.38,151.22
178.58,-203.24,219.26
33.839,-156.58,169.78
-54.667,-91.433,76.337
-12.657,-110.93,147.57
-35.82,-80.703,89.897
120.03,-163.31,177.37
-86.647,-93.95,109.93
-35.332,-131.54,110.18
92.147,-193.73,149.12
13.845,-116.96,109.25
190.88,-249.53,220.61
175.04,-238.28,184.07
256.92,-236.14,207
-36.701,-121.96,95.439
228.68,-218.23,203.32
81.187,-146.3,172.09
165.13,-203.11,218.55
-25.151,-127.76,99.491
249.5,-235.55,244.33
53.568,-169.55,177.45
131.3,-175.09,196.1
232.6,-220.43,229.12
22.998,-109.61,133.76
191.32,-206.18,220.96
-10.68,-96.986,101.13
182.15,-198.1,212.57
-76.236,-100.71,114.74
115.86,-206.57,200.21
-48.178,-70.821,86.1
49.049,-155.64,176.73
173.88,-189.91,194.33
106.2,-204.77,194.24
-47.045,-85.317,129.57
148.72,-178.3,179.64
103.3,-209.58,183.54
138.89,-227.28,182.16
35.716,-161.21,124.37
225.1,-223.65,194.51
85.167,-200.37,162.45
-19.944,-85.451,123.09
116.61,-169.67,192.85
-20.447,-85.552,123.9
54.546,-146.57,175.33
21.506,-109.06,128.36
162.53,-203.84,168.26
225.31,-253.58,241.93
-44.067,-77.486,123.24
163.1,-185.69,197.92
15.068,-116.56,153.19
-71.666,-64.324,114.26
208.48,-248.22,190.91
46.939,-162.97,126.13
-90.899,-97.601,95.807
58.669,-162.55,128.11
81.191,-159.3,136.86
18.114,-111.53,146.55
263.43,-248.77,204.58
-40.756,-128.11,107.45
-40.983,-71.216,97.286
197.59,-230.35,233.69
212.15,-241.28,187.65
219.01,-261.19,203.48
203.45,-227.34,234.82
75.122,-175.95,136.6
-39.504,-77.943,122.47
221.23,-261.48,203.15
-49.613,-65.269,95.295
59.418,-154.09,127.02
117.2,-216.86,188.05
93.956,-202.52,184.75
66.774,-157.54,6.7451
102.31,-192.93,13.6
88.035,-170.13,44.972
263.96,-289.35,86.721
135.39,-241.82,74.249
146.11,-223.55,32.422
263.75,-267.47,83.649
238.04,-263.13,124.53
63.561,-207,19.354
-39.238,-108.13,3.774
202.89,-278.69,93.574
2.9331,-172.35,10.249
56.597,-191,46.636
1.2752,-148.42,24.636
192.51,-273.99,78.197
241.57,-242.15,98.377
103.15,-230.39,47.367
24.905,-147.27,30.574
58.56,-152.76,3.203
49.442,-145.95,1.3857
10.438,-175.23,17.45
11.405,-151.2,-24.357
-41.882,-141.05,-29.344
138.76,-212.96,80.529
156.15,-230.74,90.593
274.31,-293.32,140.99
210.49,-228.99,89.905
203.32,-243.95,56.9
32.344,-135.66,-5.9439
275.32,-286.68,141.97
114.45,-218.41,72.483
73.228,-157.72,29.335
33.11,-180.92,34.98
-23.916,-150.63,7.2568
3.7964,-117.23,3.4753
210.31,-250.02,112.35
74.746,-213.2,43.226
297.28,-267.82,111.59
177.21,-252.15,50.744
144.23,-196.64,61.403
96.299,-226.3,47.905
210.53,-257.63,114.07
79.384,-201.52,8.9928
16.606,-145.75,28.657
127.23,-241.85,48.621
-57.349,-135.14,-20.394
-28.949,-152.74,-15.2
149.5,-236.76,37.82
159.09,-216.92,39.345
259.03,-302.64,103.5
-2.5927,-167.39,11.676
126.46,-191.3,62.134
256.68,-301.4,101.83
-12.639,-117.36,-33.58
34.809,-150.79,33.407
235.87,-290.28,115.01
7.0605,-174.8,-1.6484
249.12,-293.74,90.119
175.03,-224.55,46.299
97.089,-196.56,11.322
121.77,-215.41,22.977
136.04,-235.67,36.077
219.14,-281.27,78.296
238.32,-251.05,75.044
63.777,-204.99,42.252
180.5,-245.02,101.26
101.25,-193.55,13.027
214.93,-275.6,111.79
-27.548,-153.31,-2.6299
221.42,-285.91,104.97
145.98,-234.06,35.811
27.247,-140.12,-15.464
11.861,-147.7,28.193
245.99,-298.32,107.29
-14.975,-152.98,-24.82
194.62,-234.86,54.389
208.01,-229.06,92.381
98.991,-220.62,24.636
43.075,-142.17,-1.3776
279.35,-276.94,89.719
183.43,-215.15,72.23
28.201,-143.37,-16.345
189.82,-243.71,50.986
235.18,-247.97,114.32
155.83,-230.84,37.014
14.681,-121.99,0.48661
20.247,-164.57,32.441
138.14,-206.25,30.346
171.57,-262.71,64.388
98.346,-219.48,61.414
43.323,-197.07,24.414
165.95,-262.05,73.682
284.81,-299.34,96.216
154.57,-244.71,87.607
225.91,-247.06,68.83
291.33,-265.43,108.44
74.383,-193.24,4.0287
2.512,-127.33,-27.27
-53.471,-132.11,-36.611
168.36,-251.64,93.378
266.37,-281.76,138.04
174.45,-213.6,55.36
71.642,-162.41,40.146
237.5,-260.93,123.58
133.25,-193,37.016
71.511,-166.9,3.1815
-37.754,-135.72,5.6293
267.99,-305.11,127.42
210.55,-241.53,107.84
140.22,-201.66,72.273
249.79,-281.94,79.968
-8.8916,-106.94,-11.747
31.988,-190.64,13.783
12.646,-156.93,-22.181
-31.409,-93.073,-27.308
189.89,-271.16,92.737
253.03,-263.15,127.97
-36.116,-108.51,-45.296
299.57,-281.81,99.478
42.077,-190.66,35.326
175.8,-213.78,78.624
-65.386,-126.06,-12.63
245.38,-244.61,104.51
220.71,-285.11,84.93
19.086,-180.61,20.785
94.851,-212.33,62.871
229.12,-255.08,119.01
53.5,-146.36,7.6427
254.65,-257.35,123.56
173.92,-235.58,97.483
247.27,-264.01,127.27
270.5,-309.01,116.85
120.84,-188.36,59.753
82.191,-216.54,25.363
42.055,-181.35,-6.0802
24.361,-127.81,1.5121
227.83,-243.98,72.19
171.79,-212.76,78.914
97.781,-201.67,12.479
21.792,-172.75,-12.034
46.235,-192.59,4.0027
112.03,-232.35,60.694
196.06,-230.83,98.154
110.76,-179.59,30.143
48.812,-146.93,-0.87969
-47.378,-135.78,-2.8311
140.53,-235.37,82.637
143.81,-248.31,74.616
97.89,-183.72,13.52
55.352,-190.87,45.879
27.176,-151.6,-18.648
209.11,-246.19,110.45
181.57,-269.36,76.553
-4.3855,-157.42,19.499
120.55,-237.31,63.235
265.44,-300.76,97.029
-13.851,-109.43,2.0149
-6.3013,-131.86,19
83.055,-194.95,6.5925
133.91,-244.96,66.908
119.2,-208.71,20.799
12.767,-179.07,4.6816
288.76,-269.12,99.904
215.3,-269.84,67.025
205.28,-236.21,60.694
62.259,-181.66,50.463
161.01,-258.84,76.846
117.84,-188.18,60.456
-50.521,-135.07,-33.728
-26.117,-107.67,-38.841
7.2166,-138.1,-27.08
50.467,-187.31,-1.7763
-18.362,-111.15,5.4695
47.261,-197.71,12.487
-7.153,-148.39,-28.777
-7.8345,-123.77,14.686
140.35,-249.54,61.156
265.95,-282.61,84.479
58.019,-191.56,1.3514
197.91,-227.02,93.143
168.47,-209.32,55.554
191.6,-257.87,56.209
277.17,-311.01,112.84
293.5,-279.99,96.579
4.0647,-146.28,25.517
66.214,-182.34,51.94
140.49,-210.68,79.65
78.46,-160.06,28.119
247.92,-299.08,109.51
251.34,-283.18,131.14
96.73,-192.19,63.049
36.501,-146.14,-11.724
59.262,-185.96,49.249
101.23,-228.53,38.344
73.362,-176.23,51.643
-0.6275,-163.71,18.487
1.1266,-164.85,-15.972
107.15,-176.14,33.855
-6.5971,-167.38,0.95175
269.71,-258.91,123.66
223.97,-273.56,118.73
138.45,-211.33,79.694
37.279,-136.77,0.32951
250.78,-259.19,79.031
103.98,-217.17,66.775
86.619,-165.8,20.944
112.3,-196.48,67.801
175.1,-263.35,63.544
266.54,-275.57,136.79
236.61,-240.25,89.158
84.364,-181.71,56.014
44.696,-165.81,41.797
180.2,-268,71.811
175.31,-225.59,46.073
95.881,-205.04,13.146
60.703,-186.55,49.885
141.23,-216.03,82.346
3.8204,-154.07,25.512
-20.605,-142.81,14.33
-53.064,-127.01,-1.4398
151.64,-199.7,61.493
285.58,-265.85,100.71
9.7164,-125.9,-20.61
120.02,-185.44,54.881
105.64,-196.81,14.849
194.63,-246.69,53.121
163.81,-258.28,59.44
-8.9034,-160.96,12.659
196.11,-245.34,106.83
143.56,-250.6,68.18
216.07,-270.29,115.27
215.73,-233.56,97.79
22.545,-155.06,32.952
113.58,-222.87,70.602
98.365,-227.59,47.779
4.8226,-171.19,16.106
-0.42403,-170.24,8.9849
65.155,-179.9,-2.1481
219.08,-243.32,66.217
205.54,-249.94,57.647
100.26,-228.45,39.882
285.61,-268.3,98.021
141.1,-224.76,31.049
214.36,-239.59,65.119
78.14,-172.5,5.1363
120.58,-203.98,21.291
214.7,-263.24,63.525
289.27,-297.13,95.988
72.101,-180.7,0.51386
-58.873,-133.81,-18.181
-42.672,-111.06,4.3377
224.45,-238.91,74.394
-12.758,-150.78,16.608
137.61,-216.76,81.656
227.43,-276.45,119.72
206.7,-277.58,76.196
253.77,-250.22,89.777
165.73,-234.77,41.05
84.019,-192.51,6.2374
82.977,-175.31,7.1791
279.27,-279.92,89.329
40.065,-161.5,-13.168
282.36,-266.45,97.035
50.472,-155.11,36.423
58.525,-182.27,49.05
178.7,-230.89,96.812
265.5,-284.78,85.006
247.99,-296.34,94.928
262.14,-281.97,136.35
81.895,-217.36,45.679
226.96,-236.83,98.093
6.0509,-165.51,22.986
27.225,-185.77,3.5048
241.08,-291.04,87.854
-6.1242,-160.93,-18.313
66.04,-188.07,0.29962
71.217,-156.33,16.659
261.86,-300.62,97.621
-26.689,-105.39,1.4956
-40.048,-112.63,5.4195
290.26,-275.76,96.309
184.93,-240.37,48.814
258.04,-300.65,123.36
175.66,-238.35,45.088
-45.454,-136.74,-1.7407
273.84,-257.58,101.57
-25.675,-109.17,-39.197
-36.721,-136.48,6.022
70.091,-155.99,28.28
-17.704,-134.45,-36.297
243.81,-261.97,125.53
17.54,-128.11,-14.529
-25.998,-133.67,12.976
141.93,-200.84,36.617
241.28,-263.86,72.975
126.01,-186.73,39.708
-44.896,-120.96,4.9666
239.74,-285.27,81.103
-26.322,-116.09,-41.29
66.582,-159.3,37.698
276.1,-258.18,118.28
268.71,-292.83,138.06
151.78,-203.08,70.882
223.7,-280.57,114.72
46.576,-196.55,10.396
25.03,-133.78,18.669
256.33,-300.6,121.25
170.1,-257.81,56.238
155.35,-225.3,89.16
230.21,-278.04,74.483
92.516,-168.21,35.748
103.17,-173.97,39.606
225.28,-284.64,111.9
124.43,-191.21,62.681
253.41,-280.67,80.239
169.28,-208.99,71.133
267.61,-289.19,87.369
-41.218,-145.42,-12.613
187.89,-251.76,52.421
145.42,-213.54,81.97
175.24,-228.86,45.13
-17.27,-129.1,15.666
11.502,-119.91,-5.8108
179.55,-256.35,98.469
-8.3837,-163.49,9.7909
30.216,-145.77,29.91
265.89,-306.08,108.01
-63.836,-120.14,-6.0498
6.4333,-175.43,5.7491
84.049,-181.28,6.0266
218.94,-248.54,64.115
131.72,-240.56,71.956
80.578,-180.3,4.3846
103.54,-177.69,23.352
14.511,-148.43,29.093
45.106,-167.85,42.451
188.03,-239.09,50.123
39.596,-194.72,23.85
31.561,-186.59,28.395
253.15,-288.51,84.643
253.48,-293.73,127.39
41.701,-192.61,6.1538
128.72,-223.13,78.967
149.42,-238.15,38.636
156.61,-236.97,90.925
3.7403,-143.94,25.008
-63.334,-119,-5.1139
53.547,-152.59,33.221
-0.37477,-146.18,23.887
-56.549,-125.05,-3.071
28.776,-172.61,-12.28
-10.739,-163.24,6.3139
234.43,-239.62,99.256
79.983,-181.88,55.402
87.402,-220.72,47.031
86.125,-192.33,60.262
155.54,-220.06,36.501
225.7,-270.59,120.38
173.47,-211.91,57.451
274.72,-274.89,87.731
159.9,-207.07,74.186
244.96,-244.96,106.17
27.841,-140.08,-14.977
21.194,-174.99,29.212
225.52,-273.11,119.74
45.698,-167.56,-10.571
92.296,-219.21,24.663
23.142,-184.24,4.2381
82.327,-179.33,54.436
57.695,-204,17.744
55.587,-146.64,16.114
108.41,-187.29,19.107
-15.278,-143.52,-32.081
146.07,-196.43,54.42
39.285,-150.51,-11.78
295.37,-286.16,96.31
173.03,-234.3,96.865
-26.81,-140.07,11.329
48.393,-145.37,0.85374
66.685,-210.38,34.19
-14.048,-118.66,11.241
12.181,-178.21,13.329
149.62,-226.52,54.654
185.92,-252.6,122.71
206.82,-259.38,130.81
130.93,-210.18,89.691
119.41,-197.97,76.016
183.85,-230.87,78.092
270.03,-266.28,123.45
68.488,-169.62,30.156
209.05,-279.93,131.89
70.339,-172.81,57.507
-13.783,-117.28,7.2036
-45.298,-98.755,1.2386
94.296,-210.08,30.639
142.45,-207.09,77.747
180.48,-245.27,67.186
81.837,-226.54,41.221
175.23,-235.82,112.13
273.59,-272.86,114.56
5.392,-179.93,5.1063
194.98,-285.9,96.562
174.26,-224.94,98.353
266.24,-273.13,108.21
-2.0408,-148.56,41.237
238.88,-291.2,96.986
117.66,-206.06,42.434
-17.576,-115.99,-3.3923
-22.437,-122.98,24.804
-28.079,-120.26,-19.751
-5.9093,-165.87,40.5
196.72,-249.6,123.95
219.18,-252.08,127.41
164.54,-270.78,80.77
-2.6485,-182.52,26.222
-34.33,-149.23,28.045
282.83,-272.67,125.92
91.647,-191.59,74.77
91.748,-202.78,81.399
30.076,-181.14,56.975
70.236,-220.18,36.222
262.86,-315.56,142.31
282.68,-279.59,115.81
115.16,-227.46,93.359
136.21,-222.58,99.052
168.71,-220.71,91.528
92.403,-182.28,41.834
158.4,-217.65,92.495
-35.127,-136.1,-23.789
261.6,-273.86,104.49
115.14,-248.11,76.962
139.28,-222.01,99.228
7.6823,-189.23,26.856
161.39,-216.91,75.267
133.26,-257.57,83.123
288.78,-274.66,130.65
134.35,-255.08,65.77
43.97,-188.03,10.982
240.71,-253.16,113
75.056,-181.6,66.844
220.5,-246.81,119.22
47.525,-193.51,64.174
129.14,-202.61,56.171
49.379,-204.37,22.156
180.99,-268.81,119.14
69.562,-205.35,23.09
239.83,-276.48,92.507
120.58,-212.68,41.951
260.04,-262.41,117.18
42.179,-151.64,28.577
102.62,-231.91,84.744
62.949,-168.08,53.462
61.447,-199.92,70.295
-14.712,-141.75,-16.349
58.022,-192.19,68.809
63.959,-205.57,22.589
-73.475,-131.98,6.6555
252.8,-312.54,131.23
216.46,-285.67,133.86
276.79,-312.2,116.68
17.582,-192.91,19.288
113.81,-191.82,59.432
154.79,-268.43,89.425
207.35,-247.47,82.555
79.882,-181.59,66.196
77.911,-198.2,76.394
233.16,-302.66,129.37
106.48,-195.49,40.589
135.35,-229.89,47.917
266.14,-294.97,104.99
231.72,-291.08,96.074
243.33,-293.72,99.28
185.58,-229.52,82.978
30.08,-173.85,56.556
15.772,-172.8,-0.39242
186.14,-228.46,88.171
66.976,-199.31,72.778
-57.177,-100.43,9.7418
177.46,-268.59,74.574
18.585,-186.63,48.057
-16.986,-149.96,36.961
-3.6973,-182.21,18.157
130.33,-201.25,74.252
154.75,-235.86,55.973
-54.146,-130.12,21.03
10.905,-191.06,29.56
201.35,-254.88,127.61
265.77,-280.66,104.39
261.75,-282.68,102.02
50.209,-210.79,30.841
173.48,-277.33,95.556
-53.972,-146.81,12.357
264.01,-287.73,156.43
136.5,-215.77,94.635
158.14,-270.07,88.339
1.6513,-180.69,37.125
259.06,-307.81,112.55
258.87,-298.96,154.23
-32.627,-138.81,30.236
87.288,-225.25,77.293
238.3,-252.94,107.67
83.55,-179.88,33.943
184.78,-280.4,110.59
24.196,-171.84,1.1261
59.738,-186.07,15.348
195.26,-251.34,124.63
38.814,-165.39,54.812
-52.246,-104.14,12.322
-43.565,-156.53,10.647
61.624,-194.61,70.386
26.555,-186.55,53.9
24.947,-161.06,51.106
19.818,-171.15,-0.20142
206.43,-250.38,80.278
267.31,-278.14,106.12
259.66,-291,155.38
-59.932,-144.07,-14.741
127.6,-234.04,98.669
-16.067,-128.95,-15.082
207.94,-242.02,115.58
241.32,-269.92,93.897
123.09,-200.77,51.504
-40.543,-101.84,-14.63
233.98,-255.76,130.21
196.42,-261.62,74.433
48.65,-205.87,59.432
-34.116,-163.41,9.8007
-41.89,-106.65,-22.685
87.284,-234.14,56.392
237.88,-298.26,103.06
16.479,-142.41,3.2273
85.269,-223.54,36.653
125.66,-199.43,57.665
22.979,-160.42,-0.19802
-16.385,-121.88,-10.843
-3.7414,-157.36,-10.02
134.46,-204.49,60.22
210.9,-294.28,111.61
-25.634,-153.23,32.225
-43.824,-135.73,25.498
83.702,-187.7,71.72
-11.643,-175.18,27.593
159.62,-264.49,105.87
75.676,-225.36,65.324
-49.463,-149.69,-12.375
9.6806,-174.14,47.476
72.543,-177.88,25.215
-32.719,-162.55,-0.67538
253.15,-279.39,98.286
174.02,-276.67,88.999
153.95,-263.77,101.12
45.485,-156.67,19.616
57.636,-216.92,54.419
161.55,-231.06,107.57
177.93,-257.27,120.31
265.75,-292.36,157.88
130.35,-212.19,48.115
-50.919,-149.35,12.815
-45.22,-146.51,21.42
236.53,-269.83,91.416
-0.4484,-125.98,7.2103
39.808,-161.52,51.797
34.303,-162.07,5.6801
103.39,-188.55,67.123
242.52,-272.55,145.06
-17.195,-117.97,-6.9533
-58.5,-105.7,13.778
131.86,-213.25,92.506
25.647,-142.51,28.734
98.327,-184.55,46.896
32.203,-202.94,42.108
129.48,-253.48,65.432
79.438,-225.05,70.314
26.787,-200.56,34.423
7.1158,-152.97,-7.0976
234.55,-262.41,92.666
55.262,-216.67,42.736
31.225,-168.62,3.1687
-16.402,-119.15,17.724
79.878,-221.85,35.644
243.14,-285.23,148.33
249.55,-292.3,150.78
184.56,-228.04,85.747
235.83,-303.75,113.41
13.39,-183.25,6.8565
183.64,-246.63,68.56
121.53,-210.63,43.064
267.01,-318.21,130.04
75.878,-213.76,75.161
123.08,-196.83,67.442
142.59,-220.4,52.492
194.16,-283.76,116.33
196.92,-242.14,117.97
37.704,-149.21,31.144
123.11,-230.66,96.801
95.822,-227.27,39.352
60.239,-200.82,69.577
235.92,-274.58,90.822
161.85,-261.91,68.609
92.155,-226.05,80.491
-67.509,-137.14,7.8209
71.689,-225.05,59.091
241.43,-270.96,93.715
259.28,-262.03,117.03
96.336,-201.88,81.93
267.06,-306.54,111.3
132.18,-211.11,90.525
-53.346,-127.81,-30.399
-64.789,-142.78,2.1291
-8.637,-167.96,37.811
-36.023,-153.53,-13.098
223.94,-287.89,92.92
259.79,-314.14,123.58
70.317,-205.57,23.314
171.61,-275.41,102.1
-50.861,-118.84,-31.715
-39.989,-131.34,26.786
212.31,-249.56,84.814
-59.268,-137.99,-23.66
193.15,-281.48,88.032
225.99,-249.92,122.95
198.13,-288.14,111.01
148.92,-251.73,59.819
26.779,-142.89,18.241
189.09,-239.9,74.1
128.42,-208.99,88.719
108.26,-217.8,36.655
37.718,-184.99,60.268
121.08,-238.82,48.765
45.077,-161.65,13.723
79.49,-188.46,24.901
-38.687,-117.46,-25.695
131.44,-225.24,46.011
206.31,-241.01,88.382
-5.832,-125.11,20.847
223.88,-280.7,88.414
-25.869,-116.69,19.015
238.73,-296.75,101.41
-32.796,-141.18,-21.59
92.664,-224.36,81.691
-56.693,-130.87,-29.342
62.645,-185.76,16.589
87.394,-177.58,47.293
229.54,-268.82,140.34
275.81,-269.83,139.88
152.24,-262.86,71.551
106.12,-192.76,73.451
-48.697,-142.63,-21.216
122.83,-230.12,96.69
236.78,-254.71,101.53
-50.623,-147.79,15.202
-11.897,-122.51,-6.4397
4.0878,-176.15,42.99
155.36,-263.56,102.85
146.58,-222.17,54.303
-39.352,-159.67,1.1738
12.409,-137.39,30.486
-12.639,-129.95,29.658
-57.986,-137.12,-24.75
85.22,-202.9,79.709
135.04,-245.62,100.01
-45.26,-156.38,3.2972
-16.521,-127.43,27.941
-20.335,-114.41,-5.0484
252.04,-258.48,125.85
287.31,-273.58,132.36
-38.34,-158.87,15.457
-13.5,-166.45,-4.8774
5.6149,-157.2,-7.4283
111.88,-194.27,47.532
147.97,-255.22,62.736
68.061,-173.71,24.593
-20.901,-115.14,13.464
94.07,-209.92,30.535
190.19,-231.94,84.409
-13.545,-119.9,-4.7098
137.28,-235.19,49.632
142.72,-257.9,96.876
-4.9172,-181.58,22.013
103.48,-235.01,46.332
37.731,-169.6,6.0595
31.346,-195.19,15.869
173.44,-276.71,101.17
197.89,-283.75,120.45
7.1987,-147.71,-6.4396
195.94,-246.85,122.06
52.072,-157.48,32.333
150.23,-262.9,98.165
266.81,-316.92,125.74
233.72,-251.16,104.91
246.66,-309.03,120.02
26.215,-163.15,52.284
233.69,-259.56,134.76
233.78,-249.97,113.35
-53.18,-142.56,-20.376
135.68,-203.21,70.3
-21.797,-162.04,30.913
165.48,-255.8,114.46
279.82,-271.53,141.45
136.51,-239.11,50.844
-23.12,-114.98,15.049
204.86,-267.79,78.621
204.03,-242.48,84.098
1.2534,-148.75,-9.5751
86.672,-225.96,39.026
-40.038,-120.01,-26.934
104.84,-199.11,37.004
-24.838,-125,-19.409
194.69,-251.85,124.75
256.91,-274.01,101.48
44.858,-153.43,34.095
-8.624,-177.73,9.8908
179.01,-279.86,99.407
-34.912,-140.62,-22.166
126.62,-254.49,78.75
79.257,-192.95,23.846
42.026,-158.41,48.052
76.343,-220.16,72.053
159.24,-270.26,93.93
81.483,-224.33,38.226
-25.167,-145.47,33.491
91.559,-236.43,58.441
95.177,-238.24,66.05
169.04,-267.07,73.478
244.02,-304.93,111.44
143.07,-222.08,52.182
148.3,-227.71,103.78
140.18,-257.2,66.855
-68.018,-124.95,14.52
187.63,-256.73,70.511
102.17,-241.37,71.621
-29.179,-133.15,30.201
-44.226,-122.66,-28.917
-25.181,-125.91,27.246
-32.115,-112.18,15.689
255.15,-303.2,107.8
243.08,-260.78,135.54
75.017,-227.42,50.186
-25.111,-130.26,-20.663
201.29,-245.8,79.224
192.47,-286.01,105.04
-2.2141,-124.83,14.305
-8.6303,-127.38,26.076
197.08,-280.01,123.53
-17.657,-116.45,-4.7354
130.03,-252.4,90.421
195.7,-246.35,121.67
71.905,-224.66,60.767
220.8,-282.6,88.821
170.71,-264.04,70.499
266.6,-264.39,128.92
263.49,-282.74,154.56
225.92,-294.44,134.38
168.29,-220.66,91.902
78.307,-225.15,68.943
82.176,-185.4,27.99
258.22,-292.64,154.81
166.54,-237.58,112.13
194.82,-247.56,122.41
235.76,-252.07,121.79
-43.87,-100.91,-18.386
127.02,-252.77,65.631
-13.724,-173.28,27.826
104.95,-198.1,37.606
36.515,-218.55,62.235
10.591,-169.16,66.696
48.093,-222.18,74.612
41.759,-193.69,28.412
13.786,-205.32,53.274
-16.821,-185.66,44.463
171.41,-233.33,100.98
-49.428,-107.94,8.237
268.42,-276.61,151.09
157.82,-268.23,84.017
-9.8646,-154.56,5.8286
210.11,-293.63,151.6
140.49,-259.45,76.327
258.61,-291.44,172.4
50.955,-225.94,56.592
166.86,-235.9,120.4
48.723,-199.72,84.975
200.89,-264.27,96.446
95.887,-246.18,97.195
98.804,-201.08,60.08
135.64,-226.17,70.968
-31.929,-176.5,37.666
190.68,-252.95,94.541
-22.696,-126.39,13.839
178.64,-236.8,114.13
158.51,-235.88,81.828
-41.936,-136.08,44.06
-53.868,-161.56,30.57
-32.42,-129.49,40.162
118.65,-233.72,114.43
45.272,-170.44,38.133
62.438,-177.79,67.733
152.2,-261.79,128.79
260.15,-303.47,122.51
161.99,-241.03,81.357
93.916,-225.77,51.489
-44.522,-138.9,-8.6542
195.54,-247.63,103.85
3.4083,-172.76,65.557
194.78,-296.58,114.67
250.33,-317.29,164.06
189.75,-242.31,107.48
151.32,-278.25,110.39
254.22,-284.4,167.59
37.263,-218.91,62.866
154,-247.66,128.67
38.081,-171.56,69.477
136.23,-233.57,68.642
108.74,-241.36,61.385
-44.743,-170.08,22.744
198.56,-245.75,114.59
-53.216,-113.32,28.319
2.0575,-159.42,60.973
81.184,-188.81,77.419
139.19,-217.06,92.274
174.57,-284.08,99.568
159.58,-232.6,117.56
157.49,-253.26,77.594
-66.368,-102.97,20.289
173.34,-288.84,115.72
170.99,-271.78,136.54
27.789,-198.33,27.792
201.65,-296.75,142.28
-49.243,-111.79,24.199
250.09,-316.09,129.96
244.96,-267.14,130.84
222.79,-286.25,159.69
-55.189,-152.75,37.754
158.14,-281.77,110.11
174.57,-241.31,90.582
166.93,-260.27,135.61
240.84,-265.58,128.3
-52.253,-164.2,27.686
-39.285,-170.53,13.826
199.43,-262.66,145.49
160.59,-281.87,117.58
157.84,-281.15,114.15
56.865,-173.19,59.323
205.72,-303.32,128.38
144.99,-275.4,101.02
245.9,-301.11,169.49
-42.093,-159.64,44.045
97.342,-212.25,52.235
34.408,-215.83,47.22
110.54,-225.03,109.66
88.089,-232.55,100.52
-1.1902,-188.35,21.65
101.31,-202.4,61.171
32.551,-216.52,53.527
198.68,-267.71,147.66
120.33,-208.62,76.12
101.02,-198.25,82.318
174.71,-234.52,109.27
111.87,-259.12,91.96
-58.091,-133.56,-13.781
232.87,-266.12,149.19
12.483,-175.75,15.808
80.495,-209.85,96.983
98.8,-252.53,85.125
-54.407,-136.57,40.901
102.37,-227.65,54.415
234.53,-272.4,113.54
209.18,-282.3,153.89
250.26,-277.98,161.93
-15.524,-137.92,45.114
26.939,-209.65,40.04
176.99,-249.28,133.78
224.44,-292.76,160.13
-46.222,-124.33,37.297
135.11,-252.74,121.63
231.46,-294.89,111.61
195.64,-278.69,147.94
80.173,-187.38,74.579
121.08,-214.92,103
86.562,-195.24,53.965
149.52,-223.49,88.493
205.05,-263.74,98.874
213.66,-258.88,107.87
-10.453,-148.33,53.568
124.08,-216.9,104.83
230.99,-265.29,116.73
-25.674,-126,32.639
185.15,-276.59,92.883
95.489,-198.15,60.181
136.65,-253.76,72.301
49.9,-219.37,79.904
75.293,-184.38,57.174
178.25,-241.34,125.38
160.68,-261.35,133.03
214.79,-305.02,122.24
164.25,-267.35,133.98
248.93,-294.04,170.45
-31.013,-161.51,50.463
44.638,-220.13,48.254
14.729,-149.04,44.429
63.884,-179.63,48.42
172.77,-233.51,106.26
129.37,-247.73,119.49
8.8079,-168.71,66.156
44.181,-165.71,49.349
-6.5081,-185.26,19.545
-76.321,-139.36,28.68
78.892,-225.68,48.688
194.3,-292.91,107.8
198.6,-245.59,117.57
-64.363,-157.09,20.299
117.91,-212.9,66.42
-74.907,-143.61,26.978
-55.401,-158.97,4.5918
209.78,-250.98,126.64
17.04,-205.43,38.977
-35.911,-150.34,-3.6196
25.897,-158.47,56.193
140.55,-237.49,121.45
20.464,-158.55,24.485
-0.76027,-167.52,63.336
-15.348,-130.71,17.903
56.736,-186.03,80.897
-9.7111,-190.76,45.438
72.638,-221.18,45.371
159.24,-242.27,127.1
-48.627,-159.64,2.4701
24.086,-165.87,65.823
22.505,-164.34,22.258
192.62,-245.25,126.47
-53.641,-132.38,-12.62
-32.113,-178.04,28.957
-2.0375,-185.84,19.265
23.284,-205.18,34.843
199.94,-282.69,149.48
35.382,-182.8,76.941
11.89,-150.2,24.377
254.67,-273.63,129.74
229.14,-307.3,121.39
209.85,-268.52,100.25
-38.357,-129.96,41.084
33.53,-208.2,35.709
235.24,-312.13,155.75
271.49,-278.13,153.7
166.22,-247.09,131.03
67.54,-229.02,87.409
19.798,-151.29,41.494
45.871,-177.37,74.098
-58.055,-105.29,18.863
176.28,-289.89,120.84
-76.415,-123.31,31.636
186.15,-291.97,109.21
-51.05,-106.91,11.931
270,-281.92,133.98
-52.321,-114.39,-7.7654
1.7544,-165.02,10.757
234.54,-267.59,117.41
165.51,-284.31,119.16
-33.49,-118.18,14.902
-10.88,-152.85,56.128
261.66,-322,136.08
58.375,-175.93,67.141
-18.912,-162.81,56.267
193.97,-243.87,120.37
127.69,-242.42,65.678
77.732,-207.36,43.146
52.532,-227.76,62.109
-24.033,-168.63,52.653
158.7,-265.04,131.53
88.135,-192.36,79.845
-35.613,-117.31,21.655
-66.454,-119.52,33.28
173.32,-248.57,132.91
-46.732,-168.81,21.692
27.865,-182.78,22.049
59.325,-228.33,54.555
77.035,-191.89,48.12
168.68,-248.52,132.25
-17.793,-134.24,41.378
192.38,-295.8,132.76
103.29,-253.07,76.458
141.5,-239.63,70.479
40.221,-177.39,74.4
27.128,-205.84,34.485
-56.271,-140.99,-10.882
117.05,-260.19,82.65
121.01,-259.3,107.46
236.86,-264.03,142.91
113.42,-231.4,58.76
236.09,-264.79,145.52
95.734,-243.15,63.117
179.43,-277.21,92.418
79.031,-201.57,92.764
14.615,-160.4,61.897
46.76,-220.56,75.351
14.197,-158.51,60.261
124.83,-217.45,105.36
278.22,-283.53,140.53
62.705,-176.5,55.551
-48.912,-167,17.287
52.59,-227.67,68.268
191.53,-243.61,106.69
129.22,-245.79,67.183
13.747,-192.33,68.397
101.73,-200.08,86.787
162.62,-244.74,129.1
62.297,-214.43,90.587
214.85,-304.01,120.01
30.025,-172.94,23.839
222.91,-296.96,158.14
177.05,-290.21,121.35
111.8,-217.13,105.65
98.981,-248.43,97.674
-28.296,-160.95,2.0234
166,-234,90.659
267.78,-282.71,166.12
138.32,-217.23,85.992
186.9,-293.72,113.25
169.69,-287.16,114.57
84.14,-232.4,53.685
251.78,-315.7,166.89
175.58,-286.65,103.62
265.84,-275.32,148.14
-4.3184,-194.41,35.015
149.22,-234.37,120.54
15.635,-191.88,69.759
6.9213,-194.71,26.826
189.23,-292.34,108.46
54.4,-220.03,83.264
-4.3337,-176.1,12.34
243.94,-318.91,153.38
233.95,-290.05,110.75
164.45,-231.77,113.76
28.624,-208.65,69.612
20.464,-209.58,53.781
-2.9086,-149.41,11.135
-47.674,-109.7,5.3936
61.565,-195.68,36.408
-11.029,-133.3,33.831
244.22,-276.24,117.95
97.854,-223.33,52.115
13.724,-169.56,67.453
162.56,-249.63,79.531
206.06,-274.8,98.29
77.476,-186.24,74.43
203.78,-300.96,119.59
231.68,-313.49,132.6
185.66,-292.18,109.99
150.38,-267.04,82.782
247.88,-306.96,169.2
255.48,-304.06,173.73
205.27,-293.15,106.97
-24.195,-168.4,52.63
-75.338,-147.7,-1.0575
118.54,-214.65,65.465
-70.696,-146.9,28.261
171.31,-286.47,106.14
52.958,-172.26,46.165
-54.978,-144.62,-8.9612
-37.377,-151.95,48.399
113.96,-228.98,111.84
202.6,-249.37,129.71
82.414,-190.41,55.567
155.26,-272.03,87.498
112.92,-234.59,59.283
197.74,-299.81,125.27
43.312,-198.61,30.148
220.49,-263.64,147.7
255.94,-300.97,120.52
15.4,-194.61,68.536
209.39,-302.61,119.82
173,-241.37,89.201
90.773,-209.96,49.164
5.9701,-190.53,63.762
-17.47,-173.06,55.309
225.16,-310.77,130.21
130.64,-216.93,74.742
177.55,-264.79,140.13
40.961,-218.57,70.956
-39.433,-124.93,-3.7167
-11.026,-175.16,58.641
-28.531,-121.23,19.124
120.76,-216.62,105.01
-75.861,-150.21,10.134
-16.889,-174.05,10.672
111.06,-229.36,57.634
24.106,-154.94,34.888
203.02,-301.64,123.13
193.31,-274.09,93.827
262.84,-274.1,142.83
-17.746,-158.13,3.1262
232.07,-261.26,138.36
80.866,-205.05,94.99
165.27,-266.11,134.74
-6.2206,-163.57,7.715
247.23,-295.61,170.08
61.429,-230.78,77.9
130.51,-235.23,118.26
230.44,-277.03,159.22
24.606,-161.48,61.265
189.82,-266.42,144.67
-2.8653,-137.42,29.258
180.77,-256.35,138.61
-65.26,-157.01,14.438
125.16,-265.32,100.59
-42.132,-112.72,16.43
53.088,-219.65,82.459
174.8,-240.55,125.1
117.07,-261.81,93.213
-46.572,-148.82,44.316
151.36,-226.23,109.95
118.36,-260.11,81.324
157,-268.95,84.534
54.592,-196.57,33.306
232.5,-261.22,127.43
103.62,-243.21,62.464
-20.06,-141.61,48.954
116.03,-230.98,112.98
-20.679,-142.21,49.365
55.647,-210.71,87.757
24.302,-158.2,56.698
174.68,-238.81,93.49
231.11,-312.26,150.61
-44.813,-138.47,44.182
162.71,-240.58,126.1
14.992,-179.15,70.437
-72.293,-126.43,33.432
225.67,-281.5,106.57
65.079,-197.48,37.93
-75.388,-145.82,-4.4112
75.306,-196.66,43.966
93.037,-195.86,60.675
17.759,-170.9,68.716
273.34,-282.17,137.12
-22.328,-170.45,8.1996
-37.952,-118.35,27.738
200.2,-292.44,145.3
227.64,-273.5,108.69
236.53,-297.71,114.06
204.41,-289.82,149.79
92.698,-210.13,50.163
-40.289,-137.79,45.009
238.73,-297.46,114.48
-47.304,-113.55,25.915
73.605,-189.04,47.494
132.41,-266.7,86.405
107.26,-256.31,82.327
109.16,-123.26,-47.071
151.38,-151.16,-45.944
123.88,-152.12,-15.107
313.63,-248.96,23.932
183.16,-220.64,-9.5427
196.97,-180.77,-29.986
307.32,-229.42,32.06
272.85,-252.34,57.316
118.72,-171.13,-62.295
-3.2963,-95.671,-63.885
252.43,-252.42,12.378
54.126,-145.98,-74.685
101.03,-174.36,-35.361
41.817,-134.77,-52.209
244.94,-241.34,-1.3142
275.58,-220.05,48.032
156.06,-200.58,-37.045
61.872,-133.96,-38.349
100.91,-118.48,-50.542
90.797,-113.14,-51.982
60.283,-151.36,-67.637
63.301,-108.12,-88.803
12.165,-104.28,-107.18
175.81,-200.16,10.716
195.07,-217.96,16.374
311.92,-281.3,68.869
244.77,-208.77,36.419
250.44,-203.4,0.31177
73.514,-102.95,-59.006
310.54,-276.29,73.245
156.96,-203.39,-7.1563
109.96,-135.22,-26.866
78.921,-162.77,-48.248
23.288,-130.23,-76.241
39.282,-97.089,-52.925
246.01,-238.57,43.941
125.47,-188.09,-42.287
331.9,-240.85,66.272
230.35,-210.17,-18.051
180.16,-175.35,5.4536
148.35,-198.48,-37.118
248.18,-245.72,41.691
133.99,-158.69,-62.113
54.189,-132.77,-42.146
181.54,-207.37,-32.883
-5.9959,-106.59,-102.81
24.48,-120.01,-96.94
202.97,-194.12,-30.895
205.27,-177.49,-16.543
309.36,-269.91,29.001
47.157,-143.49,-73.145
161.95,-173.82,2.179
307.2,-268.28,27.422
32.703,-78.598,-88.393
71.446,-137.07,-34.212
281.51,-269.44,35.749
61.434,-140.74,-83.83
300.54,-256.47,19.104
220.74,-185.46,-8.9441
148.22,-153.55,-51.416
174.17,-172.13,-42.367
190.63,-194.08,-36.638
271.73,-243.72,4.8894
280.74,-214.64,23.981
113.02,-182.33,-43.047
219.52,-232.3,26.741
150.73,-151.48,-47.084
258.37,-258.5,32.732
23.054,-127.35,-86.721
269.15,-262.19,24.646
199.35,-191.26,-32.456
72.401,-101.93,-70.593
50.532,-134.74,-45.188
295.13,-270.28,29.376
39.649,-112.9,-99.622
240.16,-195.75,-0.41765
241.94,-210.55,37.45
154.42,-180.41,-51.862
84.384,-109.37,-54.648
323.25,-238.43,37.944
219.58,-191.22,19.284
74.496,-103.96,-72.528
239.28,-201.72,-9.1749
267.84,-234.62,55.545
207.15,-187.97,-26.352
51.487,-97.81,-53.659
62.549,-149.76,-46.981
184.7,-166.57,-26.109
225.29,-227.23,-14.405
145,-200.23,-22.324
95.807,-168.63,-60.794
217.78,-232.68,-8.741
333.78,-259.62,34.181
198.66,-227.9,6.6286
269.48,-209.57,16.481
326.39,-237.94,62.765
127.93,-149.82,-63.842
48.326,-88.22,-82.729
0.3682,-94.478,-112.81
212.21,-234.92,12.849
301.67,-271.28,69.274
214.71,-181.69,3.3778
107.47,-145.34,-21.138
271.88,-250.08,57.433
174.53,-160.18,-16.139
117.26,-128.25,-52.736
6.2552,-119.03,-75.303
312.9,-284.15,50.057
244.61,-229.07,44.583
175.53,-186.11,10.186
299.81,-241.05,17.023
27.881,-81.862,-64.618
85.801,-158.95,-70.228
65.734,-113.86,-89.416
6.3797,-64.858,-78.407
238.29,-247.57,10.657
285.89,-252.26,65.485
11,-67.985,-101.92
341.16,-245.14,50.668
90.147,-169.7,-49.457
210.65,-194.73,22.261
-18.024,-104.64,-95.146
278.45,-224.98,53.087
272.85,-250.38,8.8586
69.167,-156.45,-64.47
139.21,-195.69,-18.951
263.39,-243.88,53.609
93.226,-116.44,-45.738
286.58,-244.83,65.394
211.38,-223.38,25.945
281,-253.34,62.416
318.86,-281.05,40.669
156.4,-170.85,-0.32335
137.49,-179.77,-55.398
96.754,-138.83,-77.827
61.989,-101.82,-52.162
269.51,-208.69,21.344
206.57,-194.6,21.531
150.19,-158.27,-52.732
76.763,-131.22,-85.731
101.79,-153.1,-73.77
161.8,-208.47,-24.186
230.15,-216.86,36.835
151.2,-148.43,-23.238
91.044,-112.75,-54.487
-0.64897,-115.63,-85.55
183.96,-219.39,2.1296
192.86,-224.99,-9.3502
144.45,-144.2,-43.131
100.02,-174,-36.354
76.65,-109.52,-78.737
244.14,-234.53,43.862
233.79,-238.13,-4.3425
40.591,-139.99,-62.727
170.61,-212.79,-21.49
316.18,-263.87,27.101
20.917,-92.297,-56.695
30.964,-119.12,-51.378
135.87,-151.48,-59.489
184.46,-219.27,-17.44
170.21,-165.78,-41.769
66.57,-147,-78.808
327.14,-236.5,53.256
267.22,-228.59,0.10308
248.95,-198.95,7.8043
102.45,-168.12,-25.72
211.49,-232.51,-6.4612
153.42,-171.51,-0.76656
3.3472,-98.114,-110.89
18.469,-69.569,-92.753
55.981,-96.478,-86.114
105.38,-144.97,-74.252
16.501,-96.258,-56.428
102.38,-161.91,-69.15
46.337,-105.87,-97.689
28.021,-110.31,-51.426
193.15,-218.9,-21.9
313.87,-241.94,26.149
112.94,-149.17,-71.095
231.82,-210.69,35.381
207.82,-179.13,3.4378
244.14,-215.96,-11.268
326.55,-279.53,38.936
335.67,-242.85,47.048
43.518,-133.14,-49.454
105.97,-168.97,-23.442
176.9,-197.58,11.755
115.79,-135.74,-27.075
296.63,-271.89,31.472
289.84,-270.61,57.638
134.62,-179.1,-8.3241
81.945,-107.69,-67.189
101.31,-171.35,-29.866
155.79,-194.26,-44.006
110.72,-162.84,-18.105
46.251,-144.05,-65.228
56.158,-125.37,-92.522
145.93,-148.19,-19.923
45.932,-138,-83.115
300.93,-244.1,70.179
264.47,-259.51,42.521
175.21,-198.41,10.731
76.965,-106.71,-52.771
293.84,-221.83,27.711
148.23,-200.59,-14.891
126.76,-135.28,-32.603
149.21,-183.16,-0.98226
228.94,-226.8,-14.107
300.18,-265.51,71.349
272.54,-213.98,39.834
121.57,-168.28,-13.305
83.317,-152.71,-31.271
233.19,-234.54,-7.9475
221.38,-186.14,-9.531
149.33,-161.66,-54.535
102.68,-172,-29.125
178.63,-203.36,11.56
45.725,-139.53,-53.34
22.272,-127.37,-65.613
-8.9455,-110.03,-82.243
187.93,-176.9,6.7268
323,-234.72,54.336
52.987,-89.816,-74.125
155.85,-165.84,-3.0698
155.37,-154.58,-45.63
244.14,-204.69,-7.1833
217.9,-221.89,-18.997
39.105,-139.65,-71.523
232.73,-233.57,36.679
194.83,-223.28,-15.671
256.96,-255.96,38.489
249.21,-216.22,42.36
61.58,-141.97,-41.107
157.98,-206.09,-11.139
150.69,-199.18,-37.093
54.157,-148.07,-68.781
50.664,-144.01,-75.882
116.69,-136.72,-65.605
262.62,-205.98,13.742
254.18,-208.4,-1.2027
154.52,-195.19,-43.097
324.41,-235.19,51.019
193.04,-181.66,-33.485
257.35,-202.96,12.974
124.67,-133.02,-51.502
169.89,-162.02,-38.577
265.42,-221.32,0.31833
337.25,-257.08,36.696
122.73,-137.93,-61.36
-8.3244,-106.96,-100.96
-5.6758,-98.846,-66.111
264.31,-206.25,24.338
31.466,-134.09,-64.831
175.68,-204.05,9.3453
268.33,-261.95,43.155
259.6,-241.23,0.49585
291.32,-220.14,41.706
216.57,-192.11,-21.467
136.08,-149.16,-58.231
129.53,-135.8,-49.488
324.19,-240.66,36.151
90.356,-118.92,-74.517
321.07,-233.58,49.952
86.539,-140.17,-28.233
99.53,-168.33,-28.497
214.48,-218.52,29.432
314.02,-244.07,25.349
299.2,-261.45,21.244
298.23,-271.08,66.288
132.8,-191.9,-39.767
260.52,-217.53,45.089
51.932,-147.14,-60.104
82.258,-149.85,-77.753
292.8,-254.09,15.695
48.79,-121.84,-95.107
119.49,-144.64,-67.317
110.59,-127.24,-36.992
312.7,-264.57,26.338
7.9421,-90.455,-59.806
-3.015,-100.38,-65.065
331.43,-239.69,47.713
234.23,-198.43,-11.048
303.27,-279.58,45.387
225.91,-195.95,-16.392
1.174,-116.76,-84.452
309.4,-230.04,54.78
19.426,-70.531,-93.604
7.3541,-119.73,-74.986
106.77,-133.64,-28.002
33.994,-91.705,-100.71
277.57,-251.17,60.774
59.49,-93.979,-67.53
14.759,-119.88,-64.197
185.06,-165.16,-17.115
287.93,-223.52,17.177
165.28,-157.56,-13.577
-4.7805,-107.58,-71.24
291.33,-245.77,12.658
21.468,-75.084,-98.869
102.4,-142.12,-23.407
307.83,-239.62,68.58
307.27,-280,64.747
186.95,-184.91,12.591
267.33,-263,35.823
101.87,-159.88,-70.495
60.519,-116.25,-41.196
302.15,-278.59,43.115
224.29,-218.85,-19.028
192.97,-212.83,17.593
281.81,-237.44,7.4541
129.54,-144.77,-19.875
140.26,-150.19,-15.743
270.71,-264.53,32.174
159.93,-174.33,1.9195
302.69,-239.68,19.171
204.87,-187.5,16.27
316.79,-248.7,25.848
10.291,-117.16,-95.778
239.68,-209.35,-12.655
181.8,-200.54,14.001
222.55,-188.29,-11.892
20.76,-116.48,-56.667
49.358,-93.006,-58.805
222.82,-240.11,18.665
41.035,-140.03,-74.846
66.451,-131.64,-36.216
315.73,-274.32,33.403
-19.959,-103.29,-86.47
59.348,-145.49,-78.486
132.65,-139.87,-52.92
264.6,-209.08,9.4814
179.92,-218.82,-12.086
129.52,-138.62,-55.009
145.51,-144.03,-30.327
52.994,-135.48,-43.864
84.18,-154.68,-31.595
236.38,-197.7,-8.262
91.769,-166.9,-61.453
80.777,-163.91,-56.8
303.88,-248.58,18.759
295.97,-276.82,50.295
97.125,-154.95,-73.719
170.1,-208.95,0.87842
203.15,-195.72,-30.954
197.37,-223.18,13.772
42.605,-130.99,-48.836
-20.068,-102.82,-84.989
89.323,-135.89,-28.431
39.77,-132.74,-52.312
-12.396,-107.98,-83.847
83.214,-130.02,-83.322
39.587,-138.2,-78.344
268.01,-219.44,47.369
117.72,-168.67,-15.465
138.61,-194.65,-38.329
125.53,-179.09,-14.459
203.63,-178.93,-21.621
264.76,-257.77,45.904
212.8,-181.62,5.5053
318.8,-236.27,35.678
194.92,-188.92,16.225
277.78,-226.25,54.087
72.823,-102.09,-69.971
67.415,-156.31,-54.272
265.52,-259.5,44.101
96.844,-124.57,-73.361
147.8,-180.17,-53.582
77.846,-149.56,-77.905
119.31,-165.72,-14.139
112.75,-168.58,-64.245
93.285,-121.15,-38.383
153.97,-148.83,-36.61
38.089,-101.14,-100.89
183.41,-171.01,0.67466
85.89,-110.85,-68.352
339.38,-247.48,44.512
210.3,-222.1,25.759
16.386,-124.29,-68.915
89.774,-112.52,-52.505
119.24,-181.8,-51.019
21.491,-105.04,-53.932
63.77,-151.24,-71.733
196.02,-195.21,-12.496
221.94,-249.81,42.062
241.46,-257.05,52.788
165.62,-204.1,16.509
154.34,-188.02,7.404
223.52,-207.28,16.441
303.57,-249.96,66.54
109.12,-146.04,-33.728
249.68,-274.12,44.455
105.52,-163.76,-12.88
22.234,-101.61,-56.371
-11.222,-87.424,-63.539
145.42,-175.82,-43.667
178.02,-193.31,12.701
227.42,-213.36,-0.45679
136.63,-196.89,-47.798
209.29,-231.62,37.946
310.95,-249.84,57.572
59.942,-148.95,-81.568
246.71,-261.05,8.3706
208.17,-215.13,31.94
305.72,-247.5,49.723
34.984,-144.67,-40.295
288.72,-259.65,22.074
162.98,-175.99,-23.852
20.776,-95.12,-65.539
11.985,-117.33,-48.308
16.191,-90.831,-84.425
36.988,-158.9,-50.709
230.67,-246.59,48.433
251.35,-247.5,58.131
217.56,-243.97,-7.8724
48.477,-164.02,-68.974
8.466,-142.18,-62.826
316.8,-254.83,70.048
127.05,-185.89,-0.56991
129.1,-198.73,-0.71126
71.13,-175.73,-31.983
125.11,-190.46,-52.887
307.99,-301.74,54.936
321.14,-254.81,58.594
155.63,-222.41,5.2822
172.21,-218.77,19.825
203.31,-208.6,26.562
132.42,-159.68,-21.928
192.63,-208.05,25.075
15.569,-102.45,-97.905
302.53,-246.64,44.729
165.84,-230.05,-17.805
174.81,-217.99,21.355
59.948,-168.45,-67.985
199.12,-197.35,12.834
184.07,-238.77,-10.935
321.81,-258.3,74.997
188.3,-226.83,-23.109
96.676,-153.62,-66.831
274.85,-237.36,53.977
110.46,-175.54,-8.027
252.82,-238.43,54.671
89.415,-187.49,-25.946
169.33,-179.33,-7.0887
104.19,-172.49,-63.94
223.28,-261.69,29.547
122.88,-171.08,-56.346
286.04,-245,26.022
167.85,-180.72,-26.396
294.6,-244.64,59.815
79.618,-134.06,-35.789
147.45,-222.91,-8.287
98.162,-158.63,-16.475
102.84,-194.28,-19.149
34.437,-108.46,-87.329
97.612,-187.6,-17.81
117.9,-171.73,-58.884
-28.073,-121.41,-85.644
300.33,-294.41,43.951
257.84,-278.91,45.917
325.69,-282.7,41.267
71.963,-165.85,-72.191
151.07,-174.45,-4.8174
205.86,-248.25,-3.3947
249.34,-220.14,20.441
115.06,-174.51,-6.7878
116.07,-194.07,-7.4868
279.57,-287.98,40.146
149.8,-167.85,-24.236
185.46,-196.11,-24.672
313.19,-263.52,36.499
282.29,-260.01,18.806
293.09,-262.39,24.285
223.57,-208.69,21.607
68.954,-169.54,-28.766
68.551,-138.63,-78.696
222.56,-210.67,26.456
107.17,-194.42,-14.869
-23.606,-95.183,-61.914
230.21,-236.95,-7.0362
64.303,-176.75,-45.912
22.627,-145.43,-49.799
49.27,-159.37,-75.61
165.84,-188.23,8.3702
203.36,-202.88,-14.129
-14.148,-125.34,-66.294
62.867,-171.02,-65.557
235.75,-252.32,50.449
308.52,-251.56,42.854
305.99,-252.42,38.525
104.96,-182.5,-59.866
224.44,-256.41,3.9376
-6.7828,-134.06,-81.246
297.12,-286.81,80.112
171.36,-210.69,19.734
209.7,-248.52,-3.8381
49.358,-168.06,-57.858
308.93,-279.2,33.683
296.39,-295.44,71.037
6.2791,-134.68,-55.396
132.95,-215.37,-16.533
273.8,-234.52,48.972
125.33,-154.49,-30.245
232.36,-265.83,18.485
75.667,-137.55,-73.962
109.59,-152.33,-56.68
229.72,-248.58,47.593
74.768,-160.48,-22.863
-18.498,-98.99,-59.878
6.2378,-139.61,-83.557
101.32,-189.97,-16.424
70.281,-178.89,-38.339
61.488,-156.74,-28.736
71.722,-136.84,-76.271
249.93,-221.36,16.883
308.76,-250.26,46.014
294.37,-289.48,76.11
-6.8905,-117.41,-103.61
167.93,-229.07,10.814
28.903,-98.92,-80.587
240.58,-234.18,49.543
285.04,-240.22,30.864
164.25,-176.03,-12.097
-2.2221,-80.379,-75.922
265.5,-250.07,63.941
245.55,-228.61,3.1335
95.402,-194.77,-35.324
17.289,-143.47,-84.146
-0.10805,-79.961,-85.152
140.53,-210.87,-37.464
288.6,-268.96,23.098
58.887,-115.77,-60.771
139.91,-191.41,-48.72
164.79,-178.05,-5.6186
71.286,-127.66,-69.898
25.426,-95.574,-73.892
47.961,-123.26,-85.913
173.89,-182.42,-2.8543
260.53,-274.18,22.033
16.767,-146.61,-58.295
-3.9106,-131.03,-61.73
119.21,-182.08,-3.982
37.58,-160.02,-67.579
205.29,-253.62,13.345
125.04,-210.3,-30.311
3.9672,-121.9,-100.66
52.331,-167.44,-43.528
116.57,-149.45,-40.202
20.719,-136.69,-91.541
297.9,-248.81,34.038
226.25,-252.11,-0.75614
200.94,-251.13,7.8607
86.298,-132.67,-44.155
108.29,-199.74,-41.417
196.24,-227.03,31.671
216.59,-253.35,34.981
299.83,-291.17,79.646
175.28,-182.46,-17.714
-3.2804,-135.97,-81.012
-0.89574,-137.72,-70.722
281.18,-239.4,27.2
37.238,-106.9,-55.755
75.168,-155.48,-23.01
80.884,-130.77,-61.916
138.68,-177.52,-0.90045
275.19,-270.95,70.667
22.564,-94.681,-69.193
-24.112,-101.93,-61.752
166.78,-208.07,17.583
61.495,-128.94,-37.226
137.42,-163.57,-16.858
83.315,-184.87,-53.632
183.38,-226,-24.37
127.26,-212.34,-24.83
79.349,-179.34,-60.545
55.926,-119.85,-77.511
276.74,-234.32,31.082
108.71,-193.29,-51.44
80.669,-135.12,-68.217
17.98,-109.4,-49.873
134.65,-190.19,-50.656
278.97,-283.06,67.32
286.51,-289.33,68.151
221.54,-209.18,24.158
286.05,-279.53,27.904
67.948,-151.55,-78.889
230.45,-214.82,1.1186
167.83,-179.55,-24.171
315.48,-296.44,45.402
119.34,-206.34,-16.777
159.34,-181.78,2.4771
188.12,-189.95,-13.786
240.73,-270.53,24.821
229.91,-237.11,47.388
74.143,-134.12,-34.191
163.17,-225.88,9.3463
150.18,-194.53,-44.556
102.17,-194.77,-20.596
282.23,-243.03,24.189
215.12,-230.27,-14.194
136.95,-217.15,-12.613
-21.234,-125.45,-85.059
122.7,-207.09,-36.562
285.52,-240.95,30.254
293.81,-244.34,59.608
132.93,-197.67,1.8147
316.19,-276.38,36.218
166.87,-205.16,17.171
-2.2882,-94.444,-105.74
-15.656,-126.49,-91.339
35.746,-159.46,-54.856
17.721,-122.8,-98.222
274.85,-256.69,15.026
309.03,-290.47,39.627
123.6,-171.28,-56.002
220.61,-258.78,9.3881
-2.4963,-86.043,-101.51
-2.041,-127.65,-57.177
254.04,-222.44,23.021
-6.1241,-107.34,-107.49
245.6,-252.9,3.0785
257.98,-242.32,58.111
246.98,-270.57,19.901
202.05,-218.78,-20.915
65.071,-123.19,-45.332
232.1,-211.7,10.778
163.16,-202.94,15.398
159.31,-183.6,-37.572
78.617,-179.68,-28.466
174.9,-205.81,-33.526
88.833,-133.48,-51.409
126.35,-156.96,-43.08
6.9098,-86.65,-91.639
180.85,-191.78,-25.341
245.03,-218.28,27.843
28.866,-114.59,-46.456
273.6,-248.3,14.926
8.1908,-109.41,-51.091
289.3,-266.68,22.834
18.795,-107.51,-97.784
136.62,-216.38,-10.652
-4.6624,-97.991,-107.61
111.89,-152.38,-54.486
125.08,-159.6,-17.123
263.16,-267.02,64.013
306.22,-261.3,79.971
205.88,-234,-15.803
141.05,-184.14,3.0718
4.5055,-111.06,-103.97
162.77,-225.41,9.4181
274.35,-232.72,42.682
-4.0424,-136.01,-78.25
28.747,-97.956,-69.071
48.839,-167.33,-50.106
201.77,-251.73,9.8505
191.93,-191.88,-11.76
13.282,-136.28,-91.081
47.292,-127.55,-38.15
22.071,-124.41,-44.281
-4.9608,-105.85,-107.47
123.51,-198.77,-4.4845
178.09,-238.26,8.946
6.3205,-135.59,-89.939
18.103,-121.92,-45.83
18.119,-93.269,-67.085
284,-247.39,65.711
319.72,-258.58,76.339
10.677,-143.52,-78.977
40.621,-134.9,-89.801
55.939,-123.32,-80.378
152.81,-170.02,-16.163
201.58,-223.39,-20.643
111.28,-146.31,-40.294
13.563,-104.35,-52.938
145.18,-175.66,-43.754
228.25,-210.84,23.243
26.014,-97.02,-67.024
188.5,-201.14,-25.186
189.72,-245.48,3.2677
47.062,-161.19,-72.685
158.04,-203.73,-39.999
86.308,-136.66,-64.037
86.148,-163.92,-71.018
222.92,-259.07,8.683
243.22,-272.32,29.454
54.21,-115.92,-74.398
229.53,-243.39,47.986
89.694,-139.59,-32.054
197.91,-249.26,4.5847
315.88,-293,42.541
269.65,-232.14,45.982
296.16,-286.09,34.525
63.037,-158.94,-28.357
265.37,-255.77,65.603
267.39,-235.9,53.294
0.15885,-112.09,-104.9
172.29,-186.88,6.2174
23.355,-152.54,-62.231
205.99,-250.56,26.53
310.08,-263.02,81.841
188.74,-205.12,-26.41
11.104,-105.41,-52.408
254.29,-234.85,6.5218
244.37,-217.39,22.889
49.776,-115.81,-79.555
141.41,-194.52,-47.501
6.7469,-88.22,-94.358
150.25,-169.01,-29.44
20.579,-94.45,-85.284
229.33,-249.15,47.23
298.94,-245.7,40.556
81.374,-138.25,-31.301
45.235,-151.74,-81.787
229.45,-259.89,7.7719
16.804,-107.02,-98.739
177.99,-234.69,-15.317
127.77,-160.07,-46.188
77.106,-150.55,-23.668
122.48,-209.76,-22.194
209.49,-251.66,0.91176
136.31,-193.45,-49.229
14.485,-140.93,-53.342
144.72,-213.31,-35.4
146.86,-218.57,-28.921
222.23,-236.24,-10.224
294.42,-278.28,28.746
189.16,-191.09,-14.677
183.86,-223.97,25.474
194.08,-228.38,-21.166
-27.048,-119.35,-73.99
236.83,-223.61,-0.7964
153,-223.31,-23.482
7.6999,-129.57,-51.416
4.1687,-89.833,-98.742
9.8069,-121.46,-48.789
1.7907,-104.7,-53.803
304.98,-273.31,30.73
274.23,-255.93,69.03
128.56,-203.57,-43.579
22.258,-98.075,-88.939
244,-217.73,16.406
242.48,-266.25,14.138
33.62,-110.19,-50.203
25.79,-119.76,-44.421
240.59,-271.12,33.427
21.153,-94.747,-66.857
177.79,-239.09,-3.793
229.24,-242.79,47.835
122.39,-207.68,-34.961
271.25,-250.5,13.205
223.52,-231.87,-10.51
298.56,-251.96,70.559
295.51,-281.76,80.87
269.18,-285.07,45.497
202.82,-208.83,26.732
126.56,-211.81,-26.38
127.16,-155.84,-38.16
293.69,-290.7,74.337
201.83,-234.24,33.927
228.64,-244.32,47.511
267.93,-242.08,59.69
-4.7134,-77.961,-79.662
180.84,-225.86,-24.76
35.016,-158.88,-67.224
149.9,-168.51,-28.427
87.528,-208.33,-43.676
47.193,-174.06,-25.507
96.484,-216.68,-31.406
92.389,-168.32,-56.538
64.51,-195.58,-52.607
32.192,-178.75,-61.156
207.56,-223.85,28.907
-13.773,-99.414,-63.952
298.94,-274.14,82.892
209.83,-244.63,-6.4914
37.795,-130.72,-74.184
250.39,-296.23,53.829
192.88,-235.5,-14.62
289.62,-299.55,89.034
104.44,-209.23,-46.508
199.7,-237.47,41.435
87.667,-204.09,-12.008
245.43,-242.53,20.956
142.83,-242.46,-7.7858
139.99,-184.41,-14.258
179.27,-205.99,-4.44
16.973,-169.51,-67.585
232.92,-233.61,21.243
15.335,-113.98,-58.772
212.27,-233.08,40.29
200.88,-216.91,7.7689
-6.3341,-141.49,-46.469
-6.2755,-156.32,-73.922
1.2758,-132.62,-42.897
155.95,-238.88,20.24
86.135,-154.34,-36.224
97.437,-174.65,-10.052
192.33,-265.3,30.169
306.28,-281.11,44.108
205.79,-220.38,6.1481
145.16,-200.38,-34.876
4.2982,-114.51,-90.657
233.6,-233.85,32.995
41.956,-177.33,-30.771
245.69,-279.97,17.484
291.97,-317.08,66.821
225.76,-232.33,36.366
200.89,-268.51,7.2172
284.49,-291.7,87.042
88.185,-208.88,-43.08
189.61,-253.46,37.611
72.641,-173.85,-14.482
182.65,-210.64,-9.6765
161.42,-216.66,-29.221
6.5942,-157.63,-80.969
233.33,-237.94,43.541
-20.209,-115.61,-51.993
37.604,-164.06,-28.41
115.93,-186.53,-0.91198
174.78,-210.05,18.207
226.63,-264.02,4.2334
192.61,-234.17,38.138
206.33,-228.85,-4.4283
-33.713,-104.43,-58.111
223.27,-277.15,14.305
210.98,-275.25,38.289
81.104,-173.66,-64.365
245.72,-294.69,41.836
-16.078,-111.5,-53.074
299.24,-296.97,40.229
279.02,-258.22,62.891
257.92,-293.04,68.45
-11.896,-153.35,-64.405
208.34,-270.3,7.7662
215.35,-224.08,17.909
203.87,-265.89,41.683
275.32,-256.07,60.133
-3.3006,-156.63,-76.909
13.819,-152.24,-86.291
232.29,-268.99,60.168
208.91,-274.24,14.54
206.93,-272.11,11.167
92.799,-166.92,-16.516
254.71,-291.68,29.068
196.32,-261.78,-1.128
281.59,-307.53,77.4
0.87606,-160.72,-58.004
143.93,-189.31,-26.458
88.193,-197.96,-55.044
146.87,-230.22,17.733
130.62,-234.27,-1.3461
52.693,-166,-74.913
142.46,-185.76,-13.126
85.245,-202.32,-51.045
232.68,-274.42,59.168
158.48,-196.65,2.6293
136.02,-194.29,5.5898
209.06,-229.02,36.117
162.8,-247.91,-12.441
-8.6967,-109.11,-97.057
263.34,-269.35,73.574
62.711,-150.59,-68.457
117.35,-214.79,4.1408
150.27,-240.46,-19.408
-16.95,-141.8,-53.745
152.87,-202.42,-30.397
275.04,-254.21,42.799
245.47,-288.4,60.828
280.14,-283.81,84.243
18.342,-139.99,-36.932
81.034,-189.9,-60.455
210.12,-254.53,49.233
261.36,-298.37,66.234
-12.396,-128.68,-47.676
175.4,-256.22,22.677
279.67,-271.89,29.197
233.23,-283.95,52.934
115.2,-183.91,-2.8375
154.96,-216.79,21.196
128.29,-177.87,-20.722
187.18,-211.77,15.823
248.54,-242.9,24.651
252.89,-242.82,37.292
24.317,-152.55,-33.44
157.92,-219.03,22.78
268.82,-250.68,47.512
8.1389,-124.64,-44.728
235.59,-252.72,6.4106
135.99,-182.52,-13.955
188.5,-229.11,-16.442
96.051,-217.11,-25.174
113.77,-172.34,-16.978
210.74,-243.16,46.884
199.03,-266.18,36.832
265.02,-288.39,26.658
203.98,-271.12,35.966
281.96,-301.89,82.708
10.196,-164.35,-49.792
98.728,-200.66,-52.603
49.854,-144.57,-31.898
103.79,-165.1,-25.766
207.65,-226.77,33.503
169.04,-251.7,21.34
45.533,-173.63,-26.364
81.07,-156.93,-25.406
47.312,-163.02,-77.013
-33.464,-140.19,-72.773
131.93,-200.78,-42.514
245.67,-273.17,13.642
232.63,-239.47,45.997
-14.982,-148.32,-83.714
159.82,-195.02,-8.0353
-30.442,-142.51,-75.68
-2.5169,-139.81,-93.854
242.53,-247.45,54.646
70.835,-187.2,-62.839
14.647,-125.51,-89.1
60.384,-157.36,-23.089
175.7,-242.93,31.94
62.702,-140.34,-50.291
36.992,-172.38,-31.501
22.518,-118.79,-54.974
91.721,-189.54,-5.6752
40.114,-182.5,-60.282
125.53,-196.09,-45.231
193.12,-247.46,40.888
4.4265,-138.25,-93.408
58.807,-169.06,-19.699
66.9,-143.53,-54.134
224.96,-245.02,51.06
-5.2292,-108.2,-93.945
19.29,-165.9,-75.322
51.677,-162.73,-75.892
77.466,-183.83,-63.735
238.09,-287.5,53.772
71.942,-187.58,-15.004
52.216,-134.63,-49.425
290.25,-261.58,62.383
279.16,-287.82,30.091
254.13,-246.92,25.164
-4.2616,-134.33,-44.551
87.653,-185.38,-60.793
278.37,-310.24,57.246
301.65,-276.44,85.337
200.15,-252.67,44.201
113.59,-226.81,-17.501
55.906,-144.07,-33.486
80.568,-180.13,-10.806
-25,-104.39,-57.351
225.12,-280.49,18.926
-39.241,-128.77,-62.643
237.55,-274.31,12.253
-16.44,-100.87,-61.105
306,-268.64,67.289
-10.743,-96.074,-80.853
50.635,-140.45,-71.141
272.65,-252.45,48.22
213.85,-276.46,16.395
2.5767,-109.35,-57.849
24.746,-157.73,-33.763
310.34,-303.66,46.417
93.247,-173.35,-11.092
20.418,-167.03,-41.417
227.18,-240.28,47.372
178.23,-217.36,-19.444
126.42,-182.87,-38.421
105.19,-213.6,-42.438
18.346,-170.44,-48.983
198.7,-268.61,33.132
122.88,-189.85,1.813
-1.2066,-112.72,-52.831
-31.62,-125.25,-55.876
206.72,-253.97,47.554
4.6069,-156.27,-81.909
77.646,-157.74,-61.333
113.37,-208.9,-46.251
119.81,-173.15,-27.195
202.58,-254.18,45.363
15.963,-135.2,-38.934
239.06,-289.82,31.365
156.57,-235.42,-24.924
188.98,-215.91,-9.2534
75.298,-181.08,-12.629
81.297,-183.64,-62.943
-5.3671,-116.56,-97.71
170.05,-242.84,-18.471
167.71,-255.52,3.106
267.81,-263.56,71.048
163.22,-206.42,-24.76
266.73,-265.76,72.471
149.58,-220.85,-33.437
230.61,-253.74,3.6628
114.39,-205.86,4.2852
49.272,-163.67,-23.591
94.578,-215.95,-30.512
48.674,-161.26,-24.123
158.66,-219.68,23.202
312.56,-272.52,74.694
100.08,-166.71,-19.004
3.0473,-152.61,-85.32
103.8,-216.98,-37.48
227.99,-232.7,35.749
180.34,-220.75,-19.333
56.942,-193.5,-34.289
136.22,-198.2,8.5092
196.54,-250.15,42.497
103.48,-217.4,-9.7792
265.28,-286.3,25.404
76.151,-150.42,-54.333
261.72,-300.89,62.053
225.81,-280.94,19.45
146.48,-221.35,18.852
146.27,-244.14,-7.3756
23.676,-136.3,-87.012
205.16,-219.33,18.416
296.8,-287.65,91.626
175.49,-206.78,12.82
237.85,-277.9,14.888
219.64,-275.63,12.885
137.72,-208.36,-39.911
292.17,-317.17,70.369
227.43,-268.26,6.5666
296.84,-271.78,80.237
48.622,-178.88,-68.38
182.92,-238.69,35.881
58.226,-193.64,-32.3
60.962,-173,-70.949
240.68,-273.77,12.598
99.633,-218.93,-21.193
48.117,-151.21,-77.489
289.06,-313.26,55.222
280.66,-267.11,31.776
197.72,-230.7,37.297
75.466,-205.47,-35.862
71.879,-198.44,-51.856
41.379,-128.56,-64.937
-10.953,-99.013,-66.429
109.43,-171.75,-43.961
23.64,-129.27,-42.013
284.15,-258.5,47.95
147.89,-198.22,-31.763
50.031,-174.39,-23.961
209.43,-226.29,0.72096
253.05,-251.46,19.171
112.39,-183.26,-3.3826
254.21,-285.08,22.531
280.84,-298.83,36.906
236.98,-274.99,12.596
202.88,-243.97,-9.5941
285.31,-311.87,75.045
290.37,-311.02,82.812
256.06,-271.42,16.849
18.129,-170.26,-48.945
-23.11,-130.15,-100.1
161.17,-195.82,-9.419
-25.831,-145.34,-74.73
222.86,-270.11,7.103
91.94,-159.3,-27.94
-3.483,-120.43,-97.485
1.8206,-156.25,-49.089
150.75,-234.19,18.785
234.7,-248.84,55.251
122.59,-175.39,-18.604
207.86,-250.03,-6.5043
163.64,-209.38,-26.073
246.98,-288.15,25.408
94.957,-173.1,-56.991
251.5,-268.16,69.101
302.08,-278.53,42.209
59.143,-195.21,-34.686
259.85,-285.8,23.95
214.25,-223.57,16.215
137.87,-186.6,-30.168
50.277,-190.48,-39.918
25.166,-174.66,-46.644
274.54,-296.15,33.958
170.9,-201.25,1.2383
214.02,-270.68,46.923
89.625,-212.65,-35.143
3.4925,-105.2,-78.085
30.995,-177.37,-42.68
7.1294,-113.54,-54.181
154.73,-219.36,21.848
-25.385,-138.55,-92.618
36.287,-150.3,-82.375
160.67,-204.44,-25.514
62.537,-142.75,-38.947
252.91,-287.74,24.736
242.11,-250.1,11.342
294.92,-268.21,75.52
32.267,-133.19,-80.932
263.58,-259.4,67.045
116.65,-209.71,5.0254
204.35,-270.4,37.539
43.533,-138.64,-75.751
280.97,-303.19,81.024
110.7,-223.73,-28.136
166.48,-240.66,26.856
262.19,-284.21,75.344
58.965,-162.84,-20.993
224.79,-272.89,54.202
33.504,-128.95,-44.687
214.7,-262.5,50.997
-14.482,-145.08,-88.66
175,-256.01,-3.7706
-7.4447,-106.92,-57.116
98.489,-218.34,-22.123
207.38,-242.83,45.79
168.14,-250.09,-10.863
-6.692,-152.65,-54.147
184.8,-225.81,32.206
171.54,-241.85,-19.013
209.18,-245.62,-6.7285
103.99,-171.69,-49.394
266.48,-253.16,58.533
157.03,-219.47,-31.122
14.428,-145.78,-37.324
153.01,-236.19,19.47
13.952,-146.59,-37.517
96.839,-213.68,-12.634
58.711,-157.64,-23.132
214.01,-223.66,21.482
275.79,-308.02,51.605
-8.2696,-143.89,-48.577
196.02,-245.06,42.172
53.506,-183.72,-25.8
-34.88,-131.77,-61.24
271.31,-258.92,29.614
112.87,-173.6,-42.35
-22.969,-126.74,-101.87
120.66,-174.93,-33.444
132.91,-181.27,-13.34
53.879,-175.65,-22.147
308.43,-270.15,70.872
30.721,-146.71,-84.564
-4.4379,-117.3,-49.355
242.34,-293.07,45.805
270.15,-253.31,35.9
284.66,-274.88,31.615
244.37,-292.88,52.171
139.46,-187.04,-28.759
-4.5016,-143.19,-45.947
286.52,-274.61,32.867
-14.136,-113.64,-51.864
115.9,-170.93,-27.548
185.38,-248.18,-13.079
159.89,-240.82,-20.394
149.91,-59.284,-57.743
197.28,-76.949,-55.092
165.13,-98.801,-41.052
361.26,-173.98,11.747
239.88,-149.78,-48.449
244.87,-103.88,-40.268
347.47,-163.46,25.425
317.04,-201.03,21.814
177.18,-88.491,-89.665
41.524,-42.602,-98.518
308.6,-178.62,-21.342
112.64,-69.782,-110.73
155.67,-108.66,-76.264
92.62,-74.935,-91.887
301.39,-162.9,-29.549
311.62,-169.1,31.148
214.97,-121.64,-70.377
107.66,-79.339,-73.197
141.62,-54.559,-61.173
130.97,-50.766,-63.389
118.37,-77.291,-105.51
112.53,-29.711,-100.19
68.431,-23.193,-131.49
222.05,-145.45,-25.058
244.05,-160.54,-22.232
359.43,-225.85,31.085
282.38,-157.55,16.222
294.24,-132.11,-7.7933
113.47,-40.849,-70.286
355.6,-224.41,36.502
209.79,-140.6,-47.674
149.74,-80.291,-47.223
134.65,-94.972,-88.895
79.657,-60.24,-115.5
78.69,-44.135,-75.036
291.08,-185.93,8.141
184.09,-112.66,-79.574
365.83,-188.67,55.971
282.06,-130.05,-32.976
219.53,-121.66,-15.582
207.22,-120.93,-72.216
295.84,-190.2,3.6637
187.32,-76.369,-77.922
101.08,-77.277,-78.425
239.62,-126.05,-61.119
51.405,-29.999,-135.74
82.334,-40.114,-126.54
254.78,-113.45,-45.308
248.4,-107.63,-24.975
362.7,-194.5,4.0279
105.08,-69.56,-110.83
203.02,-121.05,-24.053
360.56,-192.57,2.783
75.022,-10.008,-96.603
116.5,-82.905,-67.949
335.33,-201.69,-0.49861
119.84,-59.368,-112.79
352.65,-179.17,-0.49709
263.4,-116.3,-17.198
196.37,-76.249,-61.749
224.01,-92.968,-54.177
244.71,-111.87,-54.335
325.4,-164.69,-16.049
320.22,-150.47,16.546
170.99,-109.22,-81.896
268.68,-174.74,-12.092
197.04,-76.661,-56.393
311.28,-194.21,-5.973
80.957,-52.037,-122.51
324.23,-191.21,-10.281
250.9,-110.73,-46.476
114.8,-33.659,-79.401
99.029,-77.678,-83.132
349.61,-196.94,-1.0217
94.715,-30.744,-119.7
282.54,-126.86,-8.3837
280.08,-159.97,15.142
210.57,-97.072,-72.926
124.49,-47.058,-66
363.62,-171.95,31.502
257.63,-137.03,2.0011
117.81,-33.94,-81.163
285.61,-126.92,-18.564
307.3,-186.27,27.207
255.66,-110.42,-37.191
90.334,-42.653,-71.537
115.2,-87.288,-87.5
228.24,-96.142,-34.733
281.89,-146.7,-40.216
201.28,-131.13,-62.532
154.93,-90.402,-95.578
275.35,-155.35,-41.099
380.8,-185.7,22.019
252.71,-162.68,-33.505
309.99,-143.65,8.9642
360.65,-185.07,52.599
179.37,-68.984,-77.177
91.121,-18.92,-91.111
55.795,-13.633,-135.48
265.95,-170.07,-27.062
346.76,-219.3,32.559
253.82,-120.97,-7.7666
149.28,-92.107,-48.502
315.42,-199.39,22.652
214.57,-97.91,-27.395
160.25,-59.07,-61.728
60.245,-53.943,-115.49
365.56,-217.47,15.107
286.68,-178.73,12.767
217.53,-133.73,-18.74
347.65,-165.51,5.0902
66.121,-26.688,-81.055
144.86,-78.562,-102
116.71,-33.716,-102.58
44.171,-7.9855,-91.542
294.45,-175.61,-25.483
327.15,-203.79,33.078
54.82,3.3066,-110.07
379.3,-182.15,44.846
147.43,-98.417,-89.148
249.8,-142.78,-0.58656
37.945,-34.35,-133.07
314.64,-175.57,33.804
327.59,-172.2,-15.728
127.42,-82.021,-102.25
193.74,-130.1,-59.743
306.54,-193.34,19.547
132.8,-56.639,-59.153
325.5,-197.58,36.874
258.57,-168.12,-11.339
323.7,-203.61,28.338
372.24,-208.85,11.325
197.55,-117.97,-26.609
195.58,-96.861,-81.572
150.42,-56.392,-94.263
100.92,-45.34,-68.485
308.63,-145.66,13.269
246.17,-142.82,-2.5886
199.96,-79.098,-64.381
131.44,-48.455,-104.1
158.59,-69.63,-96.155
219.76,-134.52,-61.918
271.33,-166.38,7.2985
191.03,-87.502,-35.789
131.65,-49.007,-65.101
55.18,-46.349,-124.48
237.53,-155.21,-38.28
250.13,-152.12,-46.893
188.07,-73.793,-51.989
154.86,-107.95,-77.246
122.96,-34.696,-88.021
288.12,-182.85,9.3615
290.81,-160.09,-34.441
95.541,-73.454,-103.23
228.61,-138.36,-58.679
367.54,-187.57,7.9363
61.134,-40.601,-82.37
77.541,-64.108,-87.552
186.21,-71.707,-71.644
242.46,-144.05,-53.587
218.24,-88.666,-52.053
125.38,-66.606,-109.98
363.08,-178.45,46.016
317.62,-150.27,-14.122
289.76,-132.89,-0.21403
152.82,-108.8,-65.052
268.98,-157.35,-41.49
195.11,-118.66,-28.365
59.233,-17.274,-134.64
60.088,-2.1244,-100.84
101.53,-22.716,-95.04
159.46,-62.237,-91.279
58.239,-44.582,-85.689
160.82,-79.332,-96.558
98.24,-25.183,-112.31
72.089,-57.29,-84.368
251.39,-140.06,-53.793
358.79,-169.46,17.017
167.02,-66.412,-88.067
271.28,-160.3,9.7583
246.66,-119.85,-8.9751
295.01,-136.71,-25.394
379.26,-205.59,13.485
374.35,-178.99,41.09
93.044,-74.923,-88.287
155.8,-110.29,-62.378
222,-143.78,-22.579
155.32,-79.808,-45.523
351.02,-199.23,0.4057
338.33,-213.81,19.35
181.89,-123.16,-44.895
124.61,-38.969,-76.029
153.73,-109.26,-70.335
214.35,-112.6,-72.928
157.04,-107.65,-53.43
102.6,-74.586,-105.14
112.19,-42.666,-114.13
185.34,-89.885,-34.951
104.54,-59.644,-116.52
337.39,-197.73,46.239
314.96,-199.71,3.5258
220.94,-144.11,-24.412
116.39,-46.954,-65.91
333.68,-156.65,20.768
202.66,-135.16,-55.626
166.56,-74.836,-45.709
194.91,-128.62,-35.736
285.05,-146.02,-38.444
343.12,-215.95,36.478
308.81,-159.96,26.48
167.63,-113.31,-48.323
131.65,-95.701,-68.91
289.96,-155.22,-35.777
264.33,-116.45,-17.769
200.65,-80.964,-67.772
155.02,-110.02,-69.562
225.45,-148.15,-24.919
97.967,-77.652,-93.682
75.381,-64.022,-106.03
45.025,-44.767,-122.14
226.88,-122.58,-12.499
358.46,-178.17,46.239
93.934,-24.425,-83.36
196.12,-112.41,-26.551
201.96,-79.368,-55.055
290.57,-129.81,-16.663
274.46,-140.76,-43.949
96.089,-68.431,-110.59
278.96,-179.57,-0.020312
252.86,-146.9,-50.367
307.86,-195.56,-0.67625
287.43,-166.37,18.928
110.53,-84.365,-79.393
212.49,-140.43,-51.783
209.59,-121.2,-71.687
111.96,-74.801,-107.05
109.11,-67.968,-111.98
165.32,-58.828,-76.284
303.18,-140.11,6.0427
299.6,-134.83,-10.073
213.25,-114.04,-73.121
360.67,-176.5,43.884
242.33,-103.18,-44.909
297.56,-137.93,4.9939
168.28,-62.648,-60.378
216.04,-87.43,-47.799
313.64,-144.7,-11.067
382.63,-184.57,26.515
170.29,-61.381,-71.307
48.948,-31.655,-135.29
40.835,-44.265,-102.7
302.38,-146.05,14.947
85.772,-68.69,-105.34
223.46,-147.88,-28.088
319.14,-201.53,4.243
314.44,-161.83,-22.731
327.62,-163.48,31.797
264.51,-115.26,-31.899
185.38,-70.489,-69.437
173.17,-65.388,-58.364
365.6,-172.63,29.335
137.55,-42.876,-84.265
357.34,-175.04,42.609
130.01,-86.743,-59.225
150.83,-107.81,-68.425
259.11,-165.7,-5.0796
359.77,-170.73,15.398
352.48,-184.62,-1.7089
344.22,-217.92,29.037
191.44,-116.18,-76.763
297.63,-167.44,24.564
107.62,-79.216,-100.51
140.48,-67.387,-104.83
345.57,-176.36,-4.8563
104.89,-39.334,-117.14
170.77,-63.95,-80.483
150.16,-68.003,-51.153
364.73,-188.19,5.7223
49.317,-39.112,-88.657
43.526,-45.745,-101.65
369.3,-177.36,41.616
280.36,-123.87,-20.286
356.33,-212.42,10.125
273.15,-119.97,-26.344
56.962,-47.645,-123.5
344.36,-176.45,43.93
61.466,-2.3013,-101.64
61.403,-54.543,-115.18
146.57,-78.8,-48.516
83.138,-13.604,-112.3
320.24,-201.38,26.844
99.708,-30.644,-77.785
65.793,-59.728,-103.99
226.06,-100,-26.771
331.2,-152.92,9.4289
204.64,-98.468,-27.444
45.566,-48.388,-110.7
342.31,-168.06,-3.7539
65.982,-2.7799,-107.3
144.13,-88.888,-50.576
342.72,-192.23,49.66
355.7,-223.11,26.754
227.13,-132.55,-12.1
320.23,-198.41,-2.4575
160.02,-76.992,-96.826
101.54,-63.472,-67.328
355.52,-210.49,8.3977
279.41,-137.4,-40.173
240.23,-157.32,-19.528
332.13,-159.64,-7.2938
169.15,-89.353,-39.206
179.78,-94.638,-34.664
324.67,-197.14,-4.8697
201.37,-121.59,-25.244
349.38,-165.21,8.5127
243.6,-134.3,-3.9265
363.66,-174.41,14.546
68.098,-40.367,-129.38
289.17,-131.14,-24.899
226.93,-146.79,-20.455
266.63,-116.71,-20.26
68.531,-60.372,-94.177
88.057,-36.13,-74.06
276.01,-176.13,-21.113
98.753,-66.615,-112.72
110.67,-78.022,-68.709
368.93,-199.7,7.6933
33.744,-38.389,-126.22
118.17,-66.533,-111.61
178.1,-66.363,-61.944
306.95,-139.97,1.8721
236.9,-147.31,-50.765
175.31,-64.594,-64.13
186.05,-80.707,-41.349
101.22,-78.689,-81.545
133.14,-97.014,-69.816
281.48,-124.55,-16.936
150.82,-89.172,-96.728
138.68,-90.837,-95.566
353.35,-172.08,4.2826
347.61,-213.92,12.719
154.85,-71.797,-98.708
221.79,-147.87,-39.226
255.45,-114.7,-46.073
248.4,-163.02,-26
91.389,-73.637,-87.08
33.154,-38.851,-124.86
131.28,-82.764,-56.289
90.124,-73.503,-91.727
41.575,-42.663,-123.67
136.46,-47.954,-99.257
97.652,-63.348,-115.13
304.61,-169.26,28.164
164.7,-112.93,-51.626
197.33,-118.45,-74.849
174.92,-120.94,-53.064
248.51,-106.18,-30.308
313.91,-200.15,7.1654
251.55,-122.37,-6.737
359.36,-169.52,29.134
234.89,-136.78,-8.2668
314.19,-177.27,33.736
115.09,-34.083,-78.832
123.41,-87.877,-94.715
315.57,-200.44,5.1696
145.03,-47.25,-83.738
204.79,-96.815,-76.585
136.36,-67.666,-106.41
164.94,-111.06,-48.563
171.33,-86.123,-92.141
132.63,-64.6,-55.578
196.79,-79.937,-45.599
89.899,-20.645,-115.55
222.26,-115,-16.088
129.5,-40.358,-77.059
379.8,-180.84,38.172
257.22,-167.12,-11.255
69.755,-60.45,-109.3
129.95,-50.1,-63.873
178.39,-103.46,-85.714
65.005,-52.475,-86.169
122.49,-74.421,-107.44
244.47,-125.63,-33.75
272.84,-197.31,-7.5629
290.63,-206.6,4.5194
212.55,-153.31,-26.075
199.23,-136.6,-29.577
266.93,-148,-6.6459
342.49,-200.1,41.456
153.91,-85.374,-58.246
305.44,-214.72,-7.4211
151.33,-112.04,-51.615
65.18,-48.203,-86.166
31.566,-37.144,-97.108
198.96,-99.155,-67.45
221.49,-140.68,-19.344
276.31,-142.93,-21.611
198.39,-115.22,-84.179
256.45,-181.88,-6.5782
351.32,-193.97,37.069
120.51,-67.54,-115.53
306.93,-184.18,-30.807
251.66,-165.2,-3.7302
347.58,-188.35,30.078
86.667,-90.635,-89.723
342.07,-185.03,-3.9775
210.64,-108.05,-45.413
63.922,-37.953,-90.821
58.783,-66.953,-91.136
62.706,-24.462,-105.4
95.352,-96.121,-104.19
278.42,-197.08,2.2325
295.53,-200.46,17.008
278.48,-165.08,-45.986
111.75,-88.472,-117.02
66.636,-79.546,-116.04
355.39,-204.25,46.679
175.24,-134.09,-44.791
181.18,-144.21,-50.405
127.76,-115.74,-85.109
186.93,-108.68,-89.282
365.4,-235.23,8.6415
362.03,-197.21,39.166
211.64,-163.29,-47.532
222.43,-166.24,-28.188
246.38,-157.51,-6.5887
176.94,-99.974,-47.049
236.71,-157.67,-11.38
68.86,-26.447,-121.99
345.52,-185.28,25.367
228.74,-155.16,-65.885
224.23,-166.11,-25.646
123.47,-91.085,-114.23
242.16,-141.19,-13.543
246.69,-163.66,-58.051
359.96,-209.18,50.743
249.66,-146.51,-60.376
152.43,-74.645,-92.751
314.99,-186.67,27.178
158.44,-123.71,-51.699
294.84,-190.92,19.206
146.9,-126.25,-79.398
213.67,-119.34,-31.42
164.58,-90.647,-96.913
280.66,-199.79,-22.806
179.62,-91.222,-83.402
334.11,-175.66,5.3156
217.18,-109.82,-47.97
334.11,-193.2,35.448
123.46,-78.448,-64.765
207.38,-157.18,-61.528
143.77,-106.83,-54.647
159.83,-133.78,-72.425
85.694,-34.738,-109.66
152.61,-129.79,-70.008
175.82,-91.007,-87.546
31.727,-54.736,-137.33
358.58,-224.12,0.69942
314.13,-218.34,-5.6252
378.92,-209.61,13.479
134.71,-84.969,-111.94
194.8,-119.11,-33.867
267.99,-172.68,-48.761
293.81,-157.23,-0.35121
162.07,-122.94,-48.547
169.27,-138.36,-58.249
338.31,-219.55,-6.7324
196.03,-102.98,-46.543
237.83,-120.95,-47.695
362.51,-192.98,14.486
337.01,-184.37,-9.0856
346.44,-187.92,-1.9719
266.22,-152.05,-3.2104
123.09,-112.8,-80.333
124.56,-59.567,-105.1
264.79,-156.52,-0.68403
162.88,-135.71,-67.52
22.198,-46.07,-104.09
287.76,-158.1,-37.307
125,-109.67,-99.153
77.704,-87.596,-102.13
112.56,-80.847,-119.75
209.67,-135.75,-24.734
254,-129.96,-36.111
41.333,-66.926,-118.81
126.41,-94.153,-112.49
284.42,-202.2,2.8889
353.01,-187.42,23.659
351.94,-186.04,18.882
167.48,-101,-98.27
285.99,-180.93,-40.156
54.286,-64.637,-132.26
344.93,-238.67,31.961
219.15,-159.72,-24.637
271.72,-172.12,-47.848
111.26,-97.903,-109.84
364.12,-204.77,3.0666
349.03,-240.71,20.284
60.568,-77.898,-107.28
193.56,-148.37,-69.673
314.28,-181.68,24.202
170.69,-92.029,-53.706
292.87,-195.72,-30.31
129.7,-60.384,-98.229
161.6,-77.543,-79.368
278.36,-198.36,0.25072
124.26,-107.93,-69.119
27.626,-49.627,-102.47
68.554,-66.105,-132.07
156.45,-132,-68.712
129.43,-114.87,-92.008
112.2,-103.39,-76.791
126.37,-59.039,-101.15
295.56,-156.15,-3.5571
352.09,-188.11,26.889
344.14,-238.98,26.482
54.14,-38.499,-141.96
223.78,-170.17,-41.915
76.064,-31.493,-101.67
283.42,-186.23,12.758
330.59,-174.62,11.127
209.11,-114.51,-35.633
40.514,-23.214,-100.25
308.04,-203.91,25.511
296.95,-154.93,-19.596
156.85,-126.1,-88.214
80.079,-67.417,-130.4
44.457,-17.399,-106.61
203.96,-131.91,-81.36
344.63,-193.22,-7.7395
104.4,-52.305,-83.242
199.91,-109.78,-81.053
208.75,-119.73,-31.278
121.64,-55.189,-91.774
70.273,-32.998,-95.988
102.45,-45.773,-110.83
217.86,-123.62,-27.903
320.63,-200.7,-21.325
74.627,-84.582,-111.59
51.495,-72.744,-114.24
167.62,-130.13,-48.491
100.13,-87.477,-117.93
265.3,-186.54,-38.28
187.86,-137.57,-81.029
64.87,-42.345,-137.86
110.51,-105.05,-97.077
163.34,-83.508,-62.343
82.827,-57.261,-131.73
344.39,-181.67,14.137
287.39,-174.54,-41.14
261.77,-182.02,-43.008
131.11,-71.71,-68.312
171.68,-124.98,-90.795
244.44,-176.38,-14.068
270.64,-196.95,-16.858
348.89,-241.6,30.452
222.58,-115.11,-39.219
58.059,-65.858,-131.74
58.431,-72.738,-123.54
327.61,-172.42,7.2104
80.519,-50.826,-82.802
123.1,-103.72,-66.66
129.62,-60.907,-83.46
183.43,-125.5,-36.752
321.94,-223.41,24.211
66.274,-35.298,-92.86
23.8,-51.735,-107.43
214.61,-156.99,-26.73
105.49,-75.929,-70
181.59,-105.32,-43.096
146.83,-109.38,-102.33
245.16,-145.79,-62.76
189.28,-142.01,-76.862
143.04,-101.52,-106.57
106.79,-46.627,-99.601
321.05,-171.06,11.158
172.36,-114.03,-95.466
132.23,-60.945,-90.661
62.194,-58.79,-86.341
195.12,-108.42,-83.911
329.96,-230.89,17.029
338.69,-235.45,17.377
263.91,-154.15,-2.1587
344.46,-204.89,-9.9941
128.09,-70.086,-111.76
279.19,-144.59,-19.97
216.29,-110.11,-45.639
372.84,-224.53,6.3629
178.25,-142.72,-70.419
203.03,-128.06,-28.637
235.85,-121.68,-35.084
300.59,-201.97,-24.523
274.99,-188.87,5.7383
118.07,-80.143,-65.516
218.73,-167.38,-43.254
209.39,-113.28,-75.535
159.7,-133.46,-74.057
330.41,-173.55,3.4331
273.41,-150.68,-45.224
196.9,-151.48,-65.977
39.159,-57.439,-136.35
186.14,-131.75,-85.282
331.4,-174.81,10.458
333.34,-192.95,35.138
183.79,-144.24,-46.493
369.35,-202.9,9.0908
213.88,-154.38,-25.61
51.708,-17.941,-130.81
46.069,-53.996,-139.82
95.34,-94.422,-108.22
77.268,-42.583,-131.37
329.99,-180.55,-13.176
366.37,-217.29,2.3405
180.27,-91.485,-82.968
281.94,-186.44,-38.369
47.921,-13.49,-123.44
51.116,-72.292,-108.3
298.27,-159.92,2.2879
52.598,-27.998,-139.87
304.59,-174.71,-31.447
300.03,-195.32,21.924
307.5,-198.39,-26.179
259.32,-139.3,-49.717
108.86,-66.199,-72.343
277.51,-147.25,-10.178
210.17,-152.07,-27.284
212.78,-107.04,-61.35
135.09,-119.93,-81.521
233.16,-125.32,-63.285
135.37,-67.949,-73.547
175.36,-86.693,-64.735
54.507,-18.257,-112.47
232.37,-117.66,-47.793
287.56,-160.46,4.8683
73.061,-63.463,-82.199
326.23,-173.82,-9.6274
53.454,-59.441,-90.869
344.63,-191.12,-6.5858
73.386,-30.208,-123.19
195.9,-152,-64.164
51.055,-20.109,-134.88
163.23,-78.503,-76.814
169.04,-103.6,-45.855
311.15,-218.1,16.464
345.39,-216.54,47.571
266.43,-154.07,-51.673
186.77,-132.8,-35.955
62.747,-31.573,-135.02
218.2,-167.1,-43.116
315.68,-176.59,20.286
56.73,-67.539,-129.83
72.967,-37.199,-92.112
108.77,-101.73,-103.52
262.27,-183.52,-41.419
239.49,-123.87,-33.025
75.739,-58.198,-133.87
92.176,-76.201,-75.215
69.36,-73.62,-87.718
53.2,-26.635,-138.7
176.91,-142.88,-55.45
236.44,-175.24,-44.183
68.844,-59.224,-135.15
65.282,-71.256,-89.177
61.251,-35.935,-92.113
323.85,-200.19,34.945
357.82,-210.45,50.915
72.81,-71.26,-128.72
100.21,-54.081,-122.25
108.55,-47.845,-103.56
197.63,-108.88,-40.096
260.27,-143.28,-51.915
157.5,-81.61,-62.807
57.251,-53.542,-87.921
198.71,-99.01,-67.528
270.83,-154.09,-1.257
69.685,-37.957,-91.023
242.31,-124.35,-49.445
250.72,-176.35,-47.98
110.41,-84.277,-119.11
218.46,-122.27,-73.536
136.94,-63.789,-86.045
146.91,-82.126,-104.92
284.32,-185.98,-38.236
302.38,-205.7,-20.812
103.27,-45.401,-95.838
276.47,-194.37,3.0256
133.61,-83.692,-60.831
259.15,-179.07,-45.803
372.79,-220.06,5.913
310.4,-178.62,21.479
354.31,-212.59,-4.2539
114.23,-105.18,-76.996
309.31,-209.51,24.011
307.8,-186.1,24.637
59.274,-32.478,-137.83
215.69,-132.57,-23.446
83.455,-86.312,-115.21
261.95,-191.36,-26.061
349.05,-218.48,49.62
244.06,-126.88,-52.271
55.194,-55.041,-88.91
306.18,-160.74,-16.767
287.81,-157.04,1.127
100.34,-43.019,-101.49
201.99,-112.8,-81.055
55.473,-18.033,-115.45
198.01,-100.94,-51.082
68.077,-26.336,-106.25
278.25,-198.68,-0.45602
342.88,-182.65,21.207
125.35,-84.153,-62.603
107.88,-71.697,-122.41
290.8,-185.24,-36.987
71.617,-29.542,-124.43
240.83,-158.7,-61.755
178.36,-87.283,-68.196
123.5,-99.055,-64.075
183.46,-142.03,-75.243
271.42,-177.39,-45.683
197.34,-111.65,-83.76
69.609,-83.037,-105.71
208.11,-134.49,-79.388
210.24,-142.13,-76.023
280.91,-156.81,-42.392
351.6,-203.21,-5.6744
237.37,-121.97,-35.965
233.5,-172.08,-21.998
255.03,-148.08,-57.489
29.345,-59.465,-126.7
288.26,-149.83,-23.454
216.12,-148.22,-71.779
59.368,-75.776,-101.12
54.609,-17.235,-120.66
58.175,-70.351,-94.321
46.711,-54.947,-93.058
359.32,-198.83,2.156
316.74,-210.36,29.872
192.05,-124.14,-87.012
71.597,-27.012,-110.31
289.07,-153.73,-4.3231
303.33,-192.24,-30.292
76.933,-57.125,-81.308
71.368,-69.241,-84.214
298.67,-207.31,-18.023
64.456,-36.857,-91.549
239.36,-168.79,-54.811
276.05,-193.84,3.0901
185.67,-133.18,-84.409
325.16,-174.96,-12.915
280.8,-152.91,-40.025
337.57,-204.67,41.856
341.69,-235.2,34.437
326.6,-221.6,-4.8432
245.96,-157.86,-6.7402
188.83,-140.8,-78.087
174.62,-88.43,-59.985
344.3,-239.07,24.232
251.32,-182.77,-13.755
276.05,-194.98,1.869
308.76,-194.67,26.902
38.324,-19.478,-102.95
242.87,-145.8,-63.925
97.332,-87.096,-118.02
197.3,-101.15,-50.158
155.74,-133.54,-104.31
103.69,-121.27,-87.848
163.78,-146.03,-95.375
150.7,-93.011,-93.29
132.61,-121.25,-113.56
99.532,-107.1,-123.9
254.51,-170.69,-10.604
33.051,-47.042,-104.2
342.01,-229.65,40.999
271.24,-167.44,-48.018
92.708,-59.828,-108.83
310.84,-237.94,-10.483
254.64,-157.73,-56.183
339.93,-255.1,30.122
172.26,-130.38,-100.85
248.63,-189.91,-10.137
147.26,-147.86,-77.037
297.08,-176.32,-12.26
209.1,-174.05,-72.326
189.86,-123.43,-50.242
230.54,-141.22,-38.681
84.101,-98.015,-130.04
282.7,-170.9,-12.232
63.235,-57.887,-96.603
259.12,-183.98,-4.342
251.05,-154.06,-26.447
49.012,-90.187,-108.09
60.014,-86.848,-137.1
52.437,-83.925,-98.17
213.63,-185.1,-43.551
135.9,-93.871,-72.619
146.62,-123.61,-57.603
253.12,-207.29,-35.309
359.88,-212.55,9.4578
257.04,-155.31,-27.636
204.36,-124.18,-72.518
60.568,-41.897,-126.2
280.7,-177.61,-2.7645
101.09,-121.69,-95.524
309.8,-204.88,-33.146
352.68,-256.6,4.7984
272.22,-179.33,-2.1956
267.3,-195.85,-51.996
333.21,-248.27,30.498
156.38,-134.24,-103.87
245.2,-202.18,-24.623
124.54,-123.84,-69.744
236.31,-141.61,-43.876
223.12,-138.42,-70.043
73.908,-82.207,-138.66
279.29,-186.91,3.525
29.417,-67.847,-104.92
92.396,-112.78,-88.767
165.27,-135.93,-49.414
222.46,-157.87,-24.293
290.31,-187.01,-42.833
241.82,-186.33,-13.724
262.61,-156.21,-39.969
14.893,-57.128,-109.24
288.99,-203.84,-42.444
271.55,-217.44,-26.93
143.77,-94.501,-106.21
308.81,-230.57,-20.954
32.192,-63.326,-102.28
359.23,-224.26,-3.9013
323.28,-208.13,25.622
313.41,-242.52,5.424
51.715,-90.535,-130.13
274.59,-196.6,-49.727
264.3,-163.64,-16.625
261.29,-212.68,-22.261
319.84,-205.33,23.132
63.541,-85.018,-138.54
80.112,-73.84,-137.64
284.19,-221.73,1.243
274.8,-203.55,-46.056
273.08,-200.18,-48.414
141.43,-114.3,-60.662
319.11,-219.72,-26.367
262.91,-186.28,-57.008
337.7,-256.17,14.078
64.316,-98.416,-123.99
197.83,-120.04,-60.886
155.74,-118.6,-108.05
203.13,-177.85,-44.627
193.81,-172.64,-67.654
117.62,-86.183,-121.18
192.3,-124.83,-49.102
153.46,-124.81,-108.07
286.48,-225.55,-2.058
206.84,-140.4,-36.067
184.72,-143.19,-40.726
255.85,-178.76,-6.849
230.28,-173.16,-71.421
48.379,-35.661,-133.38
309.85,-225.34,22.998
120.56,-75.872,-104.91
174.24,-161.63,-58.634
218.02,-164.87,-77.882
41,-87.796,-117.88
211.07,-127.3,-67.149
322.99,-194.1,10.167
302.25,-236.15,-2.8943
327.39,-240.86,30.532
69.095,-90.973,-90.821
147.87,-109.96,-111.03
261.77,-206.8,-8.4597
318.77,-245.16,2.3205
39.705,-79.879,-105.01
236.41,-197.97,-42.99
335.91,-200.25,-7.5633
291.4,-229.74,-11.445
164.23,-132.81,-49.928
205.6,-167.75,-32.401
178.53,-116.05,-56.444
234.98,-156.25,-22.522
299.21,-178.28,-8.374
300.28,-184.73,3.2874
77.715,-102.37,-91.987
208.66,-170.06,-31.155
315.07,-194.71,13.371
56.693,-75.448,-93.245
294.54,-177.8,-32.349
185.52,-122.6,-50.534
249.03,-152.09,-56.116
162.08,-149.94,-90.79
162.56,-115.62,-56.051
259.34,-196.12,-4.5645
258.04,-210.84,-28.008
328.14,-214.28,-22.933
264.34,-213.71,-29.306
335.06,-254.5,21.175
72.148,-104.73,-115.85
165.73,-120.75,-103.6
98.409,-93.255,-77.603
153.12,-106.12,-63.132
254.45,-175.65,-8.3438
229.44,-194.4,-44.165
102.22,-120.67,-88.923
129.55,-102.75,-67.125
112.21,-83.303,-123.35
29.657,-78.03,-138.21
194.05,-122,-83.583
308.55,-197.18,-32.896
278.56,-189.64,4.4745
51.748,-76,-144.14
210.02,-132.89,-43.257
33.834,-77.877,-140.55
62.916,-61.665,-143.53
288.18,-199.66,11.057
138.18,-107.8,-115.31
73.18,-50.339,-126.56
110.08,-107.21,-73.007
230.4,-192.29,-29.055
113.17,-77.727,-85.492
95.14,-117.92,-95.496
70.481,-62.966,-93.316
145,-139,-63.453
107.8,-109.57,-122.15
187.31,-117.52,-85.787
245.81,-198.65,-17.825
68.726,-59.699,-139.89
111.49,-118.88,-76.579
118.92,-77.599,-88.572
272.06,-198.05,3.0136
50.574,-36.193,-129.2
86.892,-90.406,-133.58
115.88,-83.099,-120.73
143.44,-103.64,-111.97
296.79,-232.45,-10.743
128.3,-134.85,-77.096
101.52,-74.977,-85.832
334.8,-209.06,27.662
340.2,-213.83,-14.797
305.51,-181.09,-7.891
48.247,-85.142,-102.33
152.64,-105.18,-106.69
340.21,-247.49,-4.4228
344.66,-232.53,42.805
253.15,-203.8,-15.172
179.51,-159.78,-83.042
104.2,-91.133,-76.423
132.96,-129.95,-66.998
22.736,-56.338,-105.46
290.67,-208.91,-39.727
18.434,-75.184,-126.7
301.74,-198.43,-37.505
30.391,-50.191,-103.61
350.39,-215.44,33.841
38.693,-34.406,-114.9
106.88,-67.731,-106.49
318.99,-196.04,14.459
279.61,-205.73,-43.868
49.815,-56.353,-98.246
79.803,-106.36,-94.612
370.12,-231.69,1.7916
142.6,-122.53,-59.319
80.477,-110.23,-106.79
273.47,-191.81,3.1946
236.58,-142.21,-56.512
182.44,-110.44,-73.618
173.38,-136.13,-99.475
81.375,-109.04,-115.21
259.35,-210.79,-32.252
172.09,-139.23,-46.336
46.225,-62.44,-97.276
22.803,-75.082,-116.84
258.85,-205.86,-10.754
71.869,-80.842,-139.46
134.91,-83.684,-97.303
180.33,-129.05,-97.246
170.72,-109.71,-62.367
255.6,-205.36,-14.102
65.867,-86.262,-90.943
303.57,-221.62,-29.324
223.52,-156.8,-77.522
243.69,-145.29,-43.802
128.82,-130.42,-70.825
146.73,-103.41,-109.86
53.921,-40.915,-136.31
236.78,-164.65,-71.109
233.61,-187.44,-60.989
312.74,-218.59,25.428
220.56,-132.33,-60.86
312.11,-221.33,25.1
214.49,-141.08,-79.732
290.9,-177.76,-36.834
168.69,-154.83,-55.251
101.92,-113.59,-80.512
161.59,-146.2,-95.002
100.74,-111.41,-79.981
209.45,-170.72,-30.867
355.95,-221.87,40.221
148.65,-111.74,-59.891
70.076,-76.153,-140.96
172.01,-141.87,-97.688
274.53,-178.99,-2.0571
239.56,-144.75,-57.306
120.76,-130.87,-100.74
185.45,-147.99,-40.237
249.43,-201.28,-16.611
165.47,-157.82,-76.004
328.01,-211.84,-22.821
129.64,-81.847,-88.721
320.85,-244.82,-2.0974
291.33,-209.47,-39.274
199.75,-171.3,-39.559
212.71,-175.18,-71.568
84.388,-59.088,-126.87
253.3,-161.43,-17.609
342.24,-245.87,40.58
223.33,-152.08,-26.723
302.53,-202.8,-37.05
285.5,-202.29,-44.15
201.15,-128.86,-83.105
352.07,-258.64,7.6427
291.84,-191.67,-42.752
339.95,-226.52,39.275
116.38,-100.92,-123.73
234.83,-190.07,-21.238
121.53,-131.93,-98.764
126.51,-92.996,-118.43
304.37,-197.76,-35.83
165.03,-153.18,-87.212
109.38,-73.283,-117.68
351.48,-247.36,-3.619
334.73,-197.67,-2.8333
245.65,-182.33,-10.848
141.93,-137.24,-101.09
140.12,-123,-111.68
93.208,-62.775,-99.135
36.096,-44.939,-104.95
164.58,-100.56,-78.78
71.801,-78.648,-87.712
331.54,-199.26,15.48
205.48,-123.78,-67.999
106.05,-122.02,-85.748
263.49,-156.59,-33.505
307.31,-181.57,-15.254
161.56,-132.36,-51.067
318.09,-210.73,-28.529
343.62,-226.41,-14.128
301.35,-199.25,-37.765
265.35,-166.11,-52.685
343.03,-257.88,11.447
345.63,-260.86,19.87
316.84,-196.14,-25.721
81.108,-108.95,-115.17
42.357,-53.07,-151.27
211.83,-132.59,-44.261
38.749,-80.093,-139.5
288.07,-194.1,-44.886
140.89,-101.78,-66.343
56.814,-43.945,-137.33
61.74,-99.653,-114.39
207.7,-181.16,-44.317
281.26,-202.2,8.0179
172.01,-115.99,-55.625
271.11,-172.11,-51.374
222.18,-133.95,-63.192
311.72,-215.84,-30.366
154.66,-96.308,-95.044
299.59,-223.46,15.72
355.64,-209.94,7.6793
123.41,-131.74,-101.09
323.18,-211.35,-25.704
263.51,-162.42,-18.121
192.25,-116.57,-64.721
114.97,-126.15,-106.17
88.438,-112.87,-112.93
337.65,-223.42,-17.453
220.05,-141.69,-34.902
270.93,-218.15,-16.74
157.06,-141.58,-98.873
54.024,-41.471,-111.97
93.744,-116.52,-108.98
54.476,-61.217,-95.72
206.04,-170.24,-33.215
41.161,-64.443,-150.24
99.314,-71.404,-125.42
217.76,-130.64,-61.421
111.16,-86.088,-77.711
317.21,-214.31,-28.544
298.6,-177.55,-24.786
338.15,-221.21,36.567
89.936,-58.798,-117.4
308.46,-213.52,22.741
171.81,-158.08,-55.711
264.1,-213.96,-27.569
100.83,-64.632,-111.85
334.94,-254.75,18.842
178.33,-151.69,-91.046
222.36,-188.84,-35.34
313.01,-238.61,16.752
110,-113.06,-74.525
279.87,-222.58,-8.1223
81.411,-75.548,-86.1
268.07,-213.67,-9.2723
52.338,-70.514,-146.32
242.06,-182.99,-64.045
39.653,-56.149,-100.12
164.01,-152.33,-88.081
256.38,-195.69,-6.4964
235.53,-175.11,-69.291
53.933,-95.027,-119.75
233.39,-177.24,-17.207
237.97,-163.34,-70.52
271,-168.21,-48.923
160.8,-98.194,-85.038
311.14,-203.25,20.064
220.39,-140.24,-74.516
67.382,-96.002,-95.368
210.26,-182.86,-43.92
67.24,-96.619,-96.089
158.85,-154.09,-78.872
108.63,-107.64,-73.782
262.11,-165.48,-14.067
338.44,-242.86,-8.7618
48.464,-91.226,-111.64
247.44,-197.02,-14.58
112.59,-128.13,-90.488
23.066,-77.828,-125.46
324.06,-191.04,-3.9529
167.96,-102.5,-77.145
41.831,-49.276,-150.96
173.5,-107.54,-67.894
182.14,-122.34,-50.556
109.57,-123.55,-83.521
352.27,-218.35,36.833
93.568,-68.005,-127.44
43.877,-68.573,-97.92
304.28,-231.94,-18.241
319.79,-190.16,3.3432
340.88,-203.38,-5.2879
304.63,-235.09,-12.357
193.54,-117.5,-63.235
51.112,-91.62,-107.84
342.22,-203.61,-3.4846
34.371,-65.487,-101.65
166.51,-108.24,-62.988
251.32,-169.96,-63.858
227.22,-163.3,-75.344
169.98,4.445,-20.278
218.54,-5.0223,-9.565
192.49,-35.109,-20.724
384.58,-99.477,55.869
279,-62.391,-24.264
267.4,-28.865,6.3875
365.44,-100.45,66.847
349.94,-133.22,34.635
211.57,2.2601,-49.952
74.251,26.25,-83.921
345.1,-91.82,8.1932
151.09,20.597,-81.022
194.96,-24.649,-56.933
129.91,3.0824,-75.832
335.44,-75.365,6.704
332.83,-113.14,55.626
252.31,-30.49,-37.034
140.85,-8.9712,-57.664
161.65,9.102,-23.714
151.15,11.995,-27.499
157.52,12.315,-78.449
136.06,47.35,-53.179
100.59,64.27,-90.893
255.83,-74.432,-10.055
280.17,-85.341,-7.1608
394.62,-152.92,45.318
305.71,-99.307,38.765
314.23,-63.442,36.378
133.52,21.586,-34.506
389.39,-155.31,48.929
248.22,-59.427,-30.112
173.95,-18.631,-22.21
174.21,-9.2379,-67.943
118.81,26.581,-92.145
103.58,16.85,-52.512
324.45,-116.73,21.696
223.16,-22.189,-51.188
383.19,-135.7,85.508
308.16,-49.258,12.954
243.9,-60.689,8.1387
245.37,-29.933,-40.966
331.19,-117.06,17.786
214.43,6.9277,-31.038
135.34,-5.2447,-63.203
274.27,-35.947,-22.876
87.996,58.792,-103.77
117.54,49.571,-90.147
280.67,-32.491,1.3269
268.3,-40.039,17.994
394.09,-111.69,40.271
144.08,19.805,-83.734
230.44,-57.669,-4.2887
391.8,-109.71,39.442
94.516,56.316,-54.367
148.9,-13.629,-52.019
372.14,-118.73,23.232
154.96,31.228,-74.97
381.08,-98,40.487
283.04,-49.447,25.399
219.02,-0.83394,-14.843
247.96,-14.977,-6.9277
272.98,-27.494,-8.7308
355.02,-81.152,25.278
338.31,-88.568,56.218
210.54,-19.861,-56.118
304.96,-99.282,2.9266
218.53,-4.0886,-10.545
348.9,-112.81,13.789
119.07,37.391,-93.251
360.89,-106.19,16.525
276.52,-30.147,0.31107
134.6,32.755,-37.766
134.66,-3.2047,-67.884
383.95,-112.62,30.316
124.46,55.053,-75.656
301.95,-60.412,34.218
304.6,-100.99,35.896
241.17,-9.6134,-28.702
144.63,15.608,-30.121
381.57,-108.61,73.405
279.77,-77.93,28.469
137.86,33.924,-38.21
307.14,-54.327,27.213
335.11,-125.52,42.569
278.68,-34.462,9.5701
113.05,17.675,-44.782
153.57,-6.394,-70.157
248.37,-27.92,8.51
314.86,-58.798,-0.96596
240.84,-44.504,-40.397
193.02,1.0004,-63.661
311.74,-66.247,-8.2517
403.88,-112.16,65.422
291.41,-79.577,-14.014
328.49,-80.132,49.797
378.07,-131.57,82.699
204.63,11.455,-29.738
110.87,48.146,-48.495
86.875,72.595,-93.998
304.44,-87.425,-7.6805
380.56,-150.12,45.076
273.5,-59.859,27.141
177.51,-27.614,-29.142
347.74,-132.57,35.511
234.64,-35.343,8.5155
180.35,8.2633,-19.585
98.953,29.077,-96.123
401.33,-136.27,38.925
317.08,-114.06,27.277
246.55,-69.03,-0.96932
370.92,-90.682,49.753
87.937,32.76,-53.367
181.52,12.9,-66.654
141.71,45.995,-55.514
64.283,50.932,-60.568
332.07,-88.963,1.2263
357.53,-140.42,45.915
74.84,72.003,-65.92
396.13,-122.3,84.736
187.13,-10.17,-65.176
274.94,-82.23,20.772
76.332,51.913,-108.65
337.02,-119.51,55.681
359.31,-87.16,22.676
166.58,7.8507,-74.872
232.93,-46.257,-40.418
338.38,-127.09,32.764
153.7,5.0716,-26.328
353.19,-137.72,51.352
293.41,-95.675,3.0762
355.38,-138.08,40.981
405.68,-126.2,42.545
225.03,-54.463,-6.8059
229.28,-6.6175,-40.911
177.95,27.399,-47.698
122.94,15.205,-39.82
326.88,-84.377,51.744
272.07,-81.633,17.842
223.82,-1.1917,-17.017
160.24,36.824,-58.543
190.04,18.77,-52.68
258.79,-45.105,-34.846
300.33,-103,23.366
211.63,-25.331,-1.6366
151.63,14.485,-27.755
93.986,39.639,-101.41
276.19,-72.857,-19.683
288.82,-63.785,-20.444
208.35,-5.443,-8.9087
194.21,-23.627,-57.663
144.43,37.862,-42.155
320.47,-115.31,23.089
325.94,-71.762,0.34122
134.75,11.064,-83.062
267.4,-48.859,-30.929
395.48,-107.58,48.503
87.985,21.47,-62.995
111.64,7.4313,-72.595
210.51,7.0517,-24.185
280.78,-54.477,-24.618
240.81,-13.444,-5.2422
161.67,24.497,-74.255
379.75,-122.14,81.572
342.91,-71.521,31.007
308.6,-68.949,40.391
189.79,-31.45,-49.129
306.58,-68.524,-11.85
223.4,-54.373,-9.4251
90.988,69.621,-93.856
79.266,63.103,-59.321
122.56,48.671,-49.681
187.42,22.181,-44.889
87.322,19.694,-68.622
195.22,11.383,-56.913
124.27,55.917,-65.799
103.75,10.465,-68.728
287.8,-49.895,-19.6
379.67,-99.089,61.356
194.95,17.996,-41.623
297.82,-99.42,28.263
266.82,-59.239,24.124
320.43,-57.193,20.441
410.63,-123.8,48.399
391.45,-118.28,81.492
129.47,1.127,-72.812
192.39,-33.768,-46.65
254.69,-74.466,-7.2869
178.56,-18.432,-18.595
385.62,-115.1,30.846
374.12,-139.36,34.19
216.42,-50.552,-29.552
144.52,27.86,-34.109
191.99,-28.735,-53.22
249.5,-21.768,-34.889
190.65,-36.471,-37.804
142.05,12.168,-82.562
143,44.571,-70.689
206.93,-28.519,-4.1979
141.79,31.021,-83.628
362.04,-141.48,63.038
351.82,-122.14,19.996
254.24,-73.852,-9.2901
137.11,14.542,-32.941
351.67,-94.156,61.452
241.78,-51.486,-36.37
187.4,-12.745,-12.242
228.02,-58.379,-20.197
317.16,-58.811,1.9202
375.26,-150.09,48.491
328.47,-103.44,55.346
200.99,-42.52,-32.656
167.08,-21.472,-53.51
323.94,-67.151,1.3444
284.08,-49.118,25.215
225.82,-0.71507,-20.369
193.24,-29.611,-52.506
259.77,-76.25,-10.024
136.1,2.6012,-76.638
113.87,17.596,-88.021
83.593,38.236,-102.47
250.26,-62.174,12.81
375.36,-122.66,80.21
113.4,39.68,-43.994
221.96,-50.156,-4.5769
223.59,-6.3829,-9.0148
312.17,-57.078,29.119
307.03,-52.866,-3.7399
135.39,19.373,-86.265
313.17,-108.61,13.9
290.51,-57.205,-19.673
344.95,-117.36,16.095
312.49,-107.33,38.459
146.48,-9.2004,-63.992
251.6,-56.611,-32.311
247.51,-30.126,-39.816
151.19,14.339,-80.785
147.56,22.298,-82.413
188.31,17.331,-29.188
321.78,-76.532,46.722
320.55,-63.655,35.188
248.99,-22.985,-36.142
377.42,-119.68,79.956
265.9,-26.027,2.1215
316.17,-74.923,44.912
188.56,5.6765,-17.337
237.42,-15.126,-2.0599
336.79,-69.237,34.697
404.18,-113.52,70.208
192.54,13.126,-24.673
86.145,56.857,-105.11
75.097,27.148,-88.301
320.85,-86.491,50.616
124.75,14.809,-85.969
258.58,-74.514,-13.129
356.08,-123.46,21.195
345.57,-76.552,17.382
345.67,-106.75,64.687
287.13,-40.182,14.634
208.86,6.6938,-22.139
193.46,2.9733,-15.296
384.1,-107.68,72.07
159.57,31.06,-37.852
374.18,-118.22,78.442
160.54,-19.829,-42.052
188.42,-29.018,-52.05
291.71,-97.143,9.4248
381.35,-99.079,59.81
382.9,-101.79,36.81
378.59,-147.36,42.024
230.39,-25.645,-47.998
320.93,-109.99,46.122
147.06,6.4712,-79.314
174.65,23.016,-65.056
374.68,-94.222,35.817
135.93,47.99,-74.111
195.89,16.252,-33.038
171.41,-6.3382,-19.197
393.59,-107.22,45.421
78.074,24.613,-71.558
77.797,25.716,-87.21
386.17,-117.94,80.87
301.75,-51.584,25.422
392.4,-130.6,34.074
295.28,-45.978,19.888
95.807,38.272,-100.62
362.36,-121.88,74.093
80.775,63.593,-59.54
100.14,28.57,-95.748
170.86,-17.118,-23.663
106.73,63.307,-65.639
351.84,-135.9,39.62
119.38,32.257,-40.495
103.23,18.649,-87.791
245.74,-35.837,12.168
350.83,-85.075,53.358
225.67,-37.12,4.5967
82.587,28.923,-94.945
368.83,-88.515,39.547
86.389,66.995,-62.627
172.23,-24.522,-31.097
364.46,-138.2,70.368
391.32,-148.75,41.855
253.5,-70.499,8.3645
357.65,-117,17.79
193.82,13.335,-56.274
128.9,-0.15454,-47.501
391.45,-128.17,33.348
309.67,-51.572,2.6951
275.02,-84.754,-4.8339
357.63,-81.035,37.14
192.82,-27.892,-13.199
203.22,-33.314,-8.3047
361.9,-114.01,18.101
229.37,-57.669,-6.0986
371.63,-92.121,53.251
267.35,-74.277,19.994
386.28,-101.08,58.751
105.15,49.028,-97.699
313.19,-53.727,21.419
259.69,-77.449,-5.2763
286.85,-47.619,23.943
103.69,12.98,-79.312
109.49,24.105,-44.439
314.23,-94.346,-2.2495
137.76,22.411,-86.103
142.17,-10.011,-52.366
400.61,-117.15,42.912
72.144,44.2,-106.71
155.39,24.495,-78.131
199.14,4.8603,-16.822
326.18,-73.562,44.848
276.02,-59.478,-25.983
196.51,7.1532,-18.711
206.2,-17.338,-4.5546
136.63,-4.6236,-66.318
169.06,-21.832,-54.328
302.22,-53.871,28.159
189.11,2.093,-65.468
178.18,-1.5675,-69.764
378.42,-94.813,47.987
384.23,-134.47,32.24
187.86,17.929,-57.121
259.6,-68.477,-22.581
281.86,-32.992,0.3522
285.82,-84.654,-9.7819
127.27,1.2727,-71.828
71.429,42.975,-106.06
159.8,-18.06,-37.318
127.13,3.8221,-75.914
80.109,40.344,-103.92
163.6,35.193,-52.631
136.28,26.282,-86.828
327.1,-112.55,50.626
198.94,-40.756,-36.16
236.08,-27.769,-45.442
211.19,-45.094,-37.491
269.17,-35.842,14.504
350.15,-124.69,22.288
271.6,-61.887,26.452
377.43,-105.87,71.161
261.09,-75.048,12.17
337.15,-120.91,54.639
134.87,32.13,-37.412
162.98,-1.7052,-73.193
352.23,-123.58,21.164
167.7,28.21,-36.847
236.61,-8.1321,-33.581
171.3,23.119,-67.946
197.87,-40.918,-32.729
206.01,4.7885,-52.891
155.2,-3.4564,-27.425
216.84,-12.862,-3.6556
115.91,60.308,-69.194
244.46,-54.593,11.976
149.7,27.969,-33.827
397.72,-117.41,80.255
291.83,-95.088,3.1412
108.32,21.579,-90.916
150.12,12.672,-27.929
216.45,-12.013,-53.66
96.133,14.443,-70.387
160.86,16.302,-77.089
272.31,-50.323,0.83678
314.8,-119.67,-2.9459
331.31,-131.63,8.5905
249.76,-81.559,-18.136
233.08,-67.769,-17.623
293.75,-80.76,19.635
368.59,-140.04,59.934
181.92,-16.016,-31.924
350.26,-129.53,0.53251
186.33,-41.849,-40.575
94.96,17.951,-68.242
63.044,28.557,-83.761
229.86,-15.968,-29.584
252.51,-73.825,-3.3943
304.26,-66.94,13.621
238.2,-19.749,-50.899
294.65,-109.86,-0.60675
375.82,-131.37,62.644
158.75,26.191,-80.884
347.48,-91.27,-2.6409
284.37,-98.508,8.0321
372.23,-123.36,58.466
128.83,-11.752,-83.917
373.95,-102.27,31.022
238.33,-34.021,-12.161
91.674,28.759,-67.407
96.058,4.5768,-83.641
89.7,47.796,-72.866
141.87,-6.9151,-94.929
317.61,-124.23,6.9716
331.05,-132.97,23.28
318.79,-71.019,-15.735
157.55,8.762,-95.444
112.96,9.3672,-106.71
380.57,-144.61,66.754
213.69,-60.43,-37.201
223.61,-64.722,-44.429
173.48,-29.246,-77.545
226.77,-13.106,-55.934
408.22,-147.15,25.09
386.22,-133.74,66.623
256.98,-77.768,-40.37
263.39,-89.583,-22.521
277.77,-91.343,7.5878
205.12,-31.093,-21.772
270,-90.098,0.18859
99.812,56.335,-84.776
370.45,-118.49,55.469
274.43,-58.498,-44.782
264.43,-90.659,-19.782
168.53,6.6524,-90.234
270.39,-74.69,8.4773
291.82,-67.399,-36.179
385.38,-150.29,69.239
289.74,-51.69,-28.594
185.15,11.93,-54.651
342.33,-124.79,45.142
196.55,-50.355,-43.736
326.93,-126.51,29.423
193.08,-38.43,-71.172
241.42,-50.684,-5.439
202.3,2.863,-61.335
326.3,-112.07,-13.424
213.24,-3.1568,-45.417
361.56,-100.93,40.076
245.5,-33.138,-12.676
360.09,-132.17,55.48
153.19,-10.837,-44.793
254.36,-65.499,-50.067
178.44,-36.924,-43.193
205.74,-46.738,-64.602
115.08,44.93,-72.905
197.29,-45.823,-63.361
210.62,-1.1684,-49.986
77.944,36.832,-124.22
400.3,-134.54,21.713
358.97,-132.31,3.3505
411.57,-127.12,46.315
176.45,11.882,-81.36
224.52,-51.684,-14.125
312.13,-77.079,-25.446
319.97,-88.18,29.907
198.93,-51.011,-39.542
212.61,-57.161,-52.14
381.9,-129.39,10.67
223.54,-31.235,-15.896
267.94,-39.575,-10.379
391.02,-116.35,49.247
370.26,-99.542,25.451
378.42,-105.16,32.796
293.58,-86.089,20.139
167.15,-30.164,-74.016
157.6,27.385,-67.244
293.07,-91.351,19.45
208.03,-50.658,-60.538
58.803,23.927,-97.057
323.16,-68.941,-2.0739
172.27,-16.78,-86.753
122.47,-3.5154,-95.552
156.55,16.625,-93.602
241.32,-68.379,-9.5694
283,-51.24,0.31278
86.338,17.784,-111.95
171.8,3.5723,-89.283
324.6,-127.96,7.1825
378.42,-118.27,55.787
378.1,-114.59,52.279
208.51,-4.4285,-66.4
329.31,-86.206,-16.092
100.66,28.969,-116.82
385.05,-165.84,34.502
257.51,-86.7,-17.715
315.18,-76.636,-23.099
158.39,-3.0334,-94.505
398.82,-119.33,35.023
392.16,-160.39,25.724
104.84,4.9639,-101.15
240.75,-55.603,-57.264
340.8,-119.14,44.948
198.42,-21.717,-25.461
338.01,-102.87,-12.968
161.01,23.555,-60.32
191.43,3.289,-42.1
318.41,-124.18,4.7508
164.13,-32.335,-62.312
64.543,20.852,-95.53
114.23,29.603,-112.2
201.22,-47.83,-62.011
176.33,-24.429,-81.994
153.37,-25.954,-70.574
158.19,25.841,-63.193
321.98,-85.257,28.522
377.05,-120.76,57.689
385.69,-163.12,29.717
94.602,55.726,-111.85
269.02,-84.887,-34.846
103.35,41.778,-68.474
316.42,-120.62,22.435
356.65,-103.82,43.921
236.69,-45.001,-8.0936
67.668,42.902,-76.225
341.69,-138.86,32.903
326.57,-75.057,16.881
204.23,-32.002,-74.489
124.87,29.16,-107.33
70.953,51.758,-77.015
247.9,-34.192,-54.757
379.74,-106.49,24.977
131.72,18.288,-53.671
237.19,-16.864,-45.216
236.98,-51.757,-7.3075
150.47,23.071,-55.592
97.171,36.569,-66.794
134.24,38.859,-73.116
245.81,-55.583,-3.2049
363.08,-108.21,1.8265
120.87,3.8392,-102.71
96.467,11.847,-107.46
206.27,-56.151,-40.982
146.75,8.5057,-99.896
311.56,-94.649,-24.849
234.74,-41.185,-63.101
104.75,51.741,-106.57
156.99,-16.138,-88.114
190.97,-10.91,-30.847
124.54,38.565,-102.44
370.87,-109.39,47.894
328.84,-80.252,-13.257
307.98,-88.782,-27.686
158.96,-2.307,-41.552
218.15,-27.625,-70.609
283.59,-102.8,-8.242
314.8,-114.45,-10.953
389.97,-166.84,33.319
250.11,-41.639,-6.3367
104.4,28.19,-115.63
105,18.022,-112.33
354.12,-100.23,40.8
109.14,16.004,-61.275
161.18,-30.439,-58.729
157.69,14.817,-48.871
216.7,-56.821,-23.655
360.89,-152.15,27.427
93.483,32.391,-66.881
62.816,21.4,-101.88
252.96,-83.915,-19.699
137.04,-8.2808,-54.253
210.17,-37.041,-19.541
193.03,-11.784,-81.202
285.92,-50.375,-31.774
236.48,-46.96,-61.436
188.07,-3.5051,-82.125
135.92,32.44,-63.033
346.74,-102.23,42.214
216.44,-15.972,-68.74
161.77,19.188,-53.663
95.552,9.0063,-74.619
233.01,-14.794,-48.561
372.27,-153.13,20.994
381.66,-155.86,22.219
291.86,-88.713,19.11
383.75,-114.77,17.445
165.66,23.026,-76.378
307.06,-68.828,15.161
244.23,-34.811,-11.294
412.27,-136.13,31.188
225.05,-52.653,-60.666
233.69,-60.813,-11.341
263.44,-47.528,-1.4363
345.74,-110.18,-8.6105
311.09,-119.97,12.513
148.92,-12.531,-48.174
263.81,-82.546,-36.387
245.74,-21.528,-39.089
205.9,-45.578,-65.79
357.92,-98.645,38.267
309.45,-60.385,-9.9634
243.95,-59.771,-54.632
85.412,35.086,-122.06
232.32,-34.284,-64.272
357.6,-103.49,43.589
359.37,-131.9,55.072
225.13,-66.594,-40.389
401.67,-120.49,42.615
251.21,-82.51,-17.802
83.376,65.9,-93.87
91.505,40.782,-120.63
142.26,-3.2705,-97.302
114.76,49.582,-97.026
363.54,-95.081,21.51
404.96,-128.84,29.166
213.81,-3.5275,-44.967
326.89,-92.259,-18.828
76.8,64.874,-87.222
94.609,8.8249,-102.66
324.31,-91.25,32.315
89.421,62.907,-105.64
342.51,-83.5,0.61021
332.46,-130.93,31.322
351.38,-105.38,-5.6721
293.94,-50.489,-13.11
137.65,1.4326,-50.155
304.09,-76.728,21.037
247.46,-80.189,-19.356
243.66,-23.952,-23.553
180.71,-33.683,-74.07
268.59,-35.014,-26.589
162.91,4.2829,-42.333
203.59,-10.532,-29.932
81.833,55.717,-78.439
261.91,-37.578,-10.839
314,-94.598,30.209
106.07,4.3407,-69.656
357.16,-92.092,26.243
88.741,9.832,-81.708
378.81,-105.42,26.916
105.43,54.554,-85.912
242.77,-61.347,-53.806
84.389,66.331,-98.396
192.64,1.291,-39.948
198.7,-35.797,-25.459
351.07,-144.93,19.938
374.98,-156.5,57.842
305.55,-60.476,-19.272
221.87,-62.779,-25.368
98.776,58.645,-99.843
263.2,-82.464,-36.332
341.41,-112.6,44.82
103.26,25.569,-115.42
100.07,31.328,-64.78
155.84,-10.051,-92.248
308.55,-90.831,-26.972
267.01,-49.975,0.45883
118.79,38.039,-107.17
126.06,-7.3809,-63.364
107.1,-1.3467,-80.328
89.283,63.446,-103.83
220.41,-61.38,-49.341
282.79,-86.028,-34.517
113.06,36.988,-111.19
102.94,0.84805,-81.818
88.88,30.769,-68.422
352.93,-138.99,47.944
383.76,-151.71,67.982
118.99,24.092,-110.5
137.4,38.194,-87.046
138.83,33.912,-66.136
225.37,-39.458,-13.069
296.57,-52.373,-16.449
185.1,-9.8929,-32.412
89.721,13.504,-75.115
229.6,-15.839,-29.663
298.01,-88.224,22.372
97.033,29.652,-65.477
273.54,-40.753,-11.795
297.18,-82.864,-32.889
155.5,13.178,-95.544
256.45,-28.761,-38.588
165.94,14.914,-49.666
185.19,11.912,-69.964
328.91,-91.629,-17.63
347.7,-115.06,-6.8295
131.42,30.846,-60.727
314.79,-122.73,8.2158
163.28,-15.947,-40.532
305.29,-85.159,-29.421
410.93,-132.23,32.991
336.9,-115.64,42.867
393.9,-122.94,21.833
155.84,-27.028,-70.874
344.96,-142.41,29.449
336.12,-123.88,40.79
96.505,59.017,-103.78
245.58,-65.686,-4.8104
130.38,5.661,-103.22
307.17,-105.9,-18.701
378.49,-158.73,59.859
276.59,-40.993,-14.637
88.521,12.557,-77.378
336.23,-80.133,19.65
314.03,-89.669,28.995
129.28,35.57,-65.126
240.04,-19.047,-45.936
83.34,57.707,-80.349
225.77,-26.754,-17.794
95.431,47.474,-72.503
318.58,-124.05,4.0004
368.17,-114.37,52.485
156.22,-16.449,-45.165
149.99,24.948,-92.959
334.36,-90.854,-13.927
103.88,55.556,-87.219
285.72,-62.065,-38.834
207.34,-8.6608,-31.879
159.5,-28.033,-54.261
230.75,-48.675,-62.272
316.05,-82.191,-24.053
236.02,-17.217,-49.21
114.41,1.1172,-99.118
252.07,-36.844,-52.943
255.64,-44.682,-53.215
317.62,-65.962,-7.9734
388.8,-114.85,24.289
265.13,-47.057,-1.7228
273.99,-96.32,-16.425
294.52,-53.869,-25.117
74.775,26.674,-118.94
317.85,-69.907,13.141
261.99,-51.236,-50.671
101.65,3.0691,-95.654
83.494,61.166,-84.409
97.292,3.5116,-88.045
81.627,13.813,-83.708
392.75,-114.63,35.444
350.72,-145.4,36.385
235.79,-26.293,-59.79
99.821,49.682,-74.777
315.42,-83.73,26.737
346.55,-98.623,-7.4625
107.46,9.5378,-64.457
106.78,0.52976,-74.683
344.13,-118.45,-6.7447
91.991,30.135,-67.258
285.92,-74.398,-38.761
314.23,-122.39,8.3733
232.13,-35.999,-64.442
357.28,-91.323,22.682
315.76,-64.125,-4.2352
365.39,-144.66,56.241
380.42,-164.84,36.987
371.3,-133.72,6.9168
277.52,-91.597,7.1469
235.97,-45.345,-61.983
202.36,-14.719,-27.271
386.38,-161.9,27.944
291.85,-107.25,-8.6055
314.86,-122.64,6.8432
339.15,-132.01,38.765
65.106,47.17,-77.346
284.08,-50.045,-33.538
144.07,8.49,-100.8
224.97,-27.537,-17.418
209.25,-29.178,-91.303
153.64,-35.491,-91.158
218.49,-43.301,-87.364
189.41,-2.9873,-64.648
186.21,-17.091,-101.07
153.69,-4.2309,-114.41
290.3,-98.735,0.93609
69.135,24.669,-93.673
377.47,-163.96,45.015
313.32,-72.788,-21.131
129.18,24.945,-81.91
363.18,-146.02,-11.241
296.87,-62.523,-28.916
386,-178.89,23.231
222.69,-26.299,-81.016
290.77,-115.48,-10.185
199.61,-57.34,-79.685
331.67,-96.617,12.342
263.7,-72.954,-66.226
225.08,-46.68,-31.032
265.47,-62.17,-15.733
138.04,4.5357,-120.47
316.73,-94.166,9.7787
98.592,15.651,-81.954
297.25,-112.47,1.1162
285.57,-76.731,-4.8094
98.206,-6.1792,-111.97
113.98,14.341,-129.39
97.125,-6.179,-99.795
264.7,-97.525,-47.098
171.28,-17.317,-54.022
186.98,-48.563,-52.672
306.13,-114.9,-37.009
395.87,-129.85,34.774
291.75,-76.268,-4.1884
243.82,-32.799,-43.824
97.958,44.969,-98.652
314.79,-105.23,13.308
153.15,-31.873,-98.403
357.12,-106.45,-13.53
404.05,-164.15,7.0152
307.39,-108.11,9.8437
319.47,-94.26,-39.548
377.58,-174.44,24.412
209.95,-29.907,-91.055
294.77,-117.81,-28.91
169.5,-44.928,-70.451
272.11,-58.785,-17.953
264.98,-43.267,-41.98
125.7,20.892,-123.32
314.95,-116.54,13.268
72.443,7.6037,-105.69
140.8,-29.578,-91.855
206.13,-60.688,-45.392
259.91,-84.938,-15.341
335.81,-89.077,-19.609
284.2,-111.46,-13.763
300.01,-69.313,-12.398
56.706,16.808,-109.19
339.75,-103.21,-27.972
324.35,-125.39,-28.602
186.46,2.1138,-78.153
361.42,-134.4,-16.71
72.982,10.185,-100.38
401.99,-131.99,18.221
357.03,-140.3,36.474
363.32,-158.35,0.09949
105.88,6.2909,-128.66
325.9,-95.163,-35.464
298.51,-88.271,3.1392
312.33,-125.52,-26.3
353.56,-137.08,34.607
117,17.125,-128.36
128.57,27.989,-116.19
330.86,-143,-3.7127
327.41,-102.87,-35.854
325.32,-99.023,-36.71
179.99,-39.956,-52.46
368.77,-121.11,-11.989
313.59,-84.238,-40.468
387.97,-171.05,9.1563
118.54,-1.8754,-123.05
233.83,-36.846,-34.941
205.44,-14.885,-87.003
253.01,-92.437,-48.242
248.09,-76.507,-67.382
163.21,13.763,-95.497
227.51,-48.135,-29.924
205.28,-20.248,-90.864
334.92,-143.96,-7.3665
242.77,-66.186,-21.863
224.32,-68.849,-34.958
293.19,-107.25,0.47843
282.74,-69.863,-57.382
86.43,52.435,-105.75
350.62,-154.69,21.131
158.95,13.429,-76.483
224.54,-75.255,-61.969
270.34,-61.136,-62.937
92.329,0.18453,-121.49
249.74,-37.458,-38.646
355.94,-120.21,30.915
352.96,-149.99,-7.4598
369.9,-169.2,25.932
112.99,-13.798,-91.336
196.17,-7.2279,-88.017
307.76,-128.42,-12.3
369.79,-158.03,-1.7055
85.702,-0.76169,-107.89
289.58,-105.25,-44.646
373.85,-113.51,18.527
342.92,-141.43,-15.077
204.31,-57.989,-44.658
249.32,-90.726,-32.712
213.76,-38.715,-36.486
270.53,-82.912,-8.6003
333.36,-100.11,15.251
333.67,-111.78,21.766
124.76,-21.268,-94.677
252.57,-92.896,-31.734
348.1,-123.58,30.287
97.268,-1.4532,-90.21
334.42,-86.876,-5.2589
220.89,-46.432,-32.439
289.92,-58.724,-28.157
217.09,-49.3,-86.242
198.82,-40.75,-41.761
301.29,-122.22,-4.8895
310.09,-121.23,-31.151
374.61,-117.37,-3.332
317.09,-121.99,-31.293
383.38,-174.03,14.647
125.86,-10.536,-116.81
214.29,-17.781,-80.884
137.68,-19.106,-71.298
188.79,-30.307,-46.194
291.27,-104.06,0.29687
282.32,-102.62,-46.371
152.35,-34.591,-92.25
166.93,-28.513,-56.287
157.83,16.6,-97.784
83.506,18.038,-137.01
236.18,-26.208,-55.303
353.51,-100.48,-10.038
314.91,-119.4,12.428
104.6,26.03,-132.71
245.02,-55.585,-22.764
87.848,20.045,-137.27
110.28,38.897,-121.19
325.39,-129.97,16.273
187.55,-4.3771,-93.891
112.3,39.995,-98.464
151.73,-31.493,-70.203
279.07,-109.27,-32.994
148.25,0.0021847,-64.646
146.48,-29.615,-98.705
106.1,10.644,-79.183
191.63,-58.052,-65.401
161.68,-6.1059,-111.22
229.07,-22.229,-57.322
292.67,-118.67,-21.571
114.19,39.247,-115.23
157.5,-38.808,-78.204
154.22,2.6187,-64.943
311.88,-126.33,4.8124
87.657,49.951,-101.89
139.06,13.116,-118.57
160.54,15.792,-94.269
190.34,-2.1474,-87.304
348.57,-143.3,-13.878
178.09,-49.265,-80.282
136.73,0.85461,-67.808
367.47,-140.64,41.825
383.71,-119.93,7.7322
339.92,-101.82,16.554
94.6,-5.4053,-105.21
198.08,-5.1208,-80.518
391.84,-153.23,-0.40455
380.39,-166.96,46.008
300.43,-123.37,-19.303
234.44,-59.315,-78.546
142.08,-17.252,-67.226
178.53,-50.311,-68.185
62.817,16.389,-102.94
342.26,-108.64,-27.67
69.623,12.366,-130.55
348.68,-99.836,-16.784
67.531,21.409,-95.708
382.41,-147.2,49.29
72.855,41.759,-93.974
144.17,19.103,-78.747
351.87,-124.75,31.928
332.02,-105.22,-33.43
86.122,16.003,-87.387
128.53,-22.765,-97.948
413.04,-139.77,23.086
183.33,-47.268,-54.975
133.16,-18.987,-109.26
311.19,-121.14,8.5065
275.46,-52.131,-28.183
219.57,-23.953,-45.976
225.2,-31.615,-82.314
135.56,-13.165,-115.05
312.25,-118.63,-34.024
212.74,-64.177,-42.073
84.489,10.004,-90.882
71.349,7.5027,-121.09
305.3,-126.75,-14.726
123.58,22.183,-124.04
172.87,4.7333,-69.031
228.88,-26.14,-74.567
205.96,-31.273,-40.939
302.93,-124.91,-18.323
108.57,-10.323,-90.312
355.72,-123.11,-20.907
272.81,-54.006,-56.723
280.05,-60.821,-17.001
175.74,-49.107,-72.958
192.81,-2.7009,-84.321
93.853,50.549,-108.62
286,-62.213,-50.633
287.86,-86.925,-54.838
350.62,-150.16,27.395
258.61,-43.806,-32.649
350.97,-152.3,25.571
260.09,-41.164,-54.105
332.09,-84.819,-10.125
216.53,-72.364,-57.987
147.93,-33.583,-82.231
216.44,-43.943,-87.944
146.04,-32.263,-81.176
253.44,-93.495,-31.543
388.07,-155.28,53.246
185.68,-37.32,-47.978
120.81,26.606,-123.6
225.31,-37.483,-84.183
309.38,-107.59,10.961
279.18,-53.353,-28.968
175.34,-33.755,-99.873
226.38,-72.942,-36.642
296.55,-121.01,-20.572
219.27,-63.578,-77.099
373.7,-115.46,-2.1015
165.46,0.69235,-63.234
372.62,-154.99,-4.2936
342.94,-109.27,-27.345
246.68,-90.395,-42.252
267.2,-73.817,-64.868
125.43,34.555,-98.9
287.91,-87.408,-0.56073
382.84,-176.93,36.868
259.46,-78.726,-14.137
350.67,-103.55,-18.261
336.45,-101.46,-29.842
244.75,-31.111,-55.685
403.47,-167.5,8.0593
338.65,-92.718,-21.26
374.99,-160.71,44.422
167.25,3.0112,-105.15
280.66,-111.24,-24.092
175.93,-35.624,-98.535
172.9,7.8683,-93.4
350.51,-99.868,-14.167
220,-53.549,-83.903
150.78,21.204,-89.435
402,-152.05,4.3851
370.88,-114.22,23.114
285.82,-109.3,-8.144
196.93,-35.879,-95.56
193.25,-18.559,-97.702
128.33,17.158,-75.457
71.458,27.219,-92.138
201.22,-15.419,-51.756
110.92,-5.1209,-81.885
364.21,-126.24,35.732
243.68,-34.868,-39.638
155.57,-36.961,-88.996
299.45,-73.139,-7.1318
343.43,-97.826,11.124
201.98,-57.343,-46.31
365.53,-112.69,-9.6987
390.63,-130.11,3.3821
348.64,-100.41,-17.53
308.55,-69.875,-26.329
394.02,-170.24,8.1669
395.41,-177.05,14.354
359.17,-102.54,-0.8206
135.28,-13.143,-115.07
90.43,47.466,-130.62
246.82,-54.529,-22.757
92.827,18.313,-135.73
336.43,-94.012,-25.504
176.9,-26.623,-51.075
97.7,49.044,-109.86
114.34,-8.6293,-116.96
258.18,-94.689,-47.944
320.5,-131.28,10.11
207.55,-40.013,-38.173
315.43,-74.729,-26.116
261.14,-43.598,-34.704
361.67,-116.69,-15.959
194.5,-4.1536,-66.208
342.26,-150.47,12.535
391.55,-127.3,33.087
178.14,-33.911,-99.611
369.76,-114.09,-5.9066
297.74,-86.54,2.2595
228.49,-32.62,-38.326
169.78,-27.64,-103.98
142.74,-16.611,-112.53
384.96,-126.61,0.026901
255.07,-66.097,-16.767
321.66,-131.78,-21.074
211.71,-38.61,-90.413
88.517,36.43,-89.517
147.86,-21.085,-109.25
91.354,11.248,-86.055
250.69,-92.241,-34.411
92.641,37.45,-135.78
142.7,25.718,-98.321
255.63,-42.488,-33.286
147.21,-11.466,-63.266
365.83,-115.73,-11.776
336.34,-90.37,2.3463
372.3,-155.11,44.198
128.28,30.225,-89.224
345.72,-145.09,26.178
220.52,-74.328,-58.799
316.54,-123.2,-30.119
138.86,23.825,-83.695
383.88,-172.94,12.627
232.68,-48.375,-81.394
272.03,-104.01,-39.224
359.12,-161.58,10.857
153.83,-35.417,-74.282
329.3,-139.02,-13.137
118.44,-2.1924,-75.604
315.91,-132.71,-14
103.93,31.807,-131.55
294.97,-80.426,-52.028
77.124,15.845,-92.471
218.99,-52.51,-84.553
298.88,-121.19,-7.2905
287.69,-71.936,-54.733
106.94,-2.905,-121.8
274.39,-103.24,-15.171
286.55,-61.314,-49.096
313.55,-72.933,-22.306
198.44,-10.482,-56.946
345.6,-134.85,30.021
264.06,-42.61,-47.411
114.02,-15.578,-98.019
260.98,-95.955,-47.531
114.25,-15.696,-98.944
212.66,-59.816,-79.964
150.71,-31.601,-71.551
296.47,-91.511,3.4778
389.76,-147.25,-2.2423
98.841,-5.1078,-115.49
292.91,-118.94,-17.606
164.59,-38.393,-93.36
74.433,10.142,-129.17
359.22,-109.63,21.577
204.57,-17.462,-50.173
88.692,50.32,-128.72
209.12,-26.021,-43.264
217.7,-46.668,-33.557
158.78,-38.978,-86.69
384.36,-151.01,50.932
136.81,28.845,-100.36
84.387,5.0431,-95.233
357.05,-137.66,-16.867
353.33,-113.59,26.25
378.89,-116.66,20.621
356.99,-143.49,-13.601
229.62,-34.043,-37.133
100.53,-7.2046,-111.7
379.78,-117.68,22.43
75.52,8.3662,-100.15
201.76,-30.292,-42.244
299.39,-68.64,-42.17
277.75,-60.031,-56.811
