-83.284,158.91,262.19
-100.69,21.895,40.747
-36.759,201.39,331.1
-126.82,62.686,89.721
-23.731,314.9,468.66
-16.686,250.12,349.1
13.549,315.79,447.31
-101.82,163.55,229.46
-35.596,226.37,381
-94.497,101.27,82.595
-29.813,268.61,355.32
-120.62,68.152,107.36
-30.276,228.72,384.46
-40.998,280.44,382.42
-81.148,119.53,203.19
-36.238,206.87,343.6
-86.431,131.58,130.93
-17.848,293.89,397.27
-100.79,170.31,222.75
-74.182,95.179,136.79
-44.163,185.45,303.24
-31.097,251.69,420.21
-93.123,150.56,241.44
-79.954,191.7,227.58
-114.25,127.52,174.37
-54.398,173.28,220.73
-47.744,212.84,357.37
-30.94,282.36,451.15
-38.42,227.84,297.08
-105.32,47.733,88.191
-90.331,184.42,223.6
-76.447,195.51,233
-101.13,16.726,31.613
-18.7,323.76,469.72
-69.673,174.27,201.59
-77.536,142.39,241.14
-130.36,76.654,79.701
-59.266,200.82,244.81
-77.005,85.911,102.22
23.609,323.21,467.62
-85.8,102.86,175.75
-65.762,120.76,168.07
-77.545,183.27,212.19
-65.556,137.18,224.16
15.668,289.6,439.51
-126.28,65.136,30.917
-92.89,136.6,225.08
-68.511,153.96,177.52
-68.446,161.57,186.49
-80.019,74.184,102.45
-81.706,180.49,208.08
-63.85,126.45,177.02
-59.379,147.84,192.27
-105.94,38.982,74.007
-17.547,244.44,344.27
-137.25,45.91,37.025
-39.297,212.8,357.64
-14.951,233.07,365.09
-24.547,297.46,404.5
-61.943,184.47,310.08
28.215,305.74,485.44
-62.909,129.45,180.14
-23.083,288.3,387.55
-96.173,156.8,172.57
-39.014,278.35,374.5
-140.46,27.538,15.206
-77.517,191.68,226.53
-39.103,187.04,281.51
-94.05,46.087,77.919
25.843,330.16,476.5
-63.169,230.12,291.63
-36.255,294.15,416.97
-85.818,166.44,268.39
-46.561,196.15,329.12
-69.519,109.04,152.3
-52.023,192.76,242.68
-52.657,168.02,274.88
-25.399,294.63,399.28
26.445,315.69,469.07
-62.324,180.57,216.22
-132.5,64.782,48.574
-7.8342,257.28,371.59
-71.913,137.28,153.95
-103.38,145.6,218.32
-83.026,79.85,73.236
-100.91,46.398,1.2048
-120.29,68.729,30.782
-65.155,130.84,165.38
-1.335,276.33,393.65
-34.234,202.18,327.83
-77.828,213.66,272.42
-37.546,206.31,343.7
-35.079,295.87,437.39
-55.861,195.48,328.61
-40.231,218.36,367.49
-91.497,192,263.75
-25.678,309.43,436.43
-85.856,178.56,280.26
-22.935,268,446.75
-90.969,109.96,188.09
-10.723,285.46,389.6
-78.714,109.31,182.78
-46.18,225.88,287.34
-99.506,109.35,183.34
-97.609,164.36,244.75
-50.366,184.69,238.02
-34.812,200.52,324.24
-17.762,241.72,342.68
-89.404,58.108,94.437
8.0169,272.58,425.58
-134.76,56.801,39.377
-59.314,138.95,199.97
-39.22,262.67,344.21
-97.283,172.84,248.05
5.0387,302.84,424.5
-17.781,231.75,343.44
-68.558,147.44,248.06
-76.045,120.77,202.6
-60.191,219.78,272.45
-114.07,127.66,140.66
4.5698,276.51,406.93
1.1407,260.63,411.49
-133.68,62.887,57.81
-70.422,137.78,157.06
-60.794,173.25,291.86
-27.033,211.05,324.57
-43.904,281.65,397.34
-54.166,225.28,282.25
-25.605,273.34,363.92
-70.442,117.08,139.97
14.27,288.85,434.8
-43.633,177.25,270.24
-77.364,111.13,184.94
-92.786,73.606,127.65
-37.216,232.82,390.8
-83.566,208.16,294.4
-80.085,159.43,265.38
-102.15,153.78,174.08
-38.706,197.53,324.53
-17.698,228.72,349.83
-85.546,62.721,51.22
-92.06,191.2,256.27
11.44,312.65,441.72
-21.28,262.64,440.58
-20.582,223,347.76
-130.37,51.254,10.481
-66.863,237.85,315.38
-92.564,188.87,262.05
-66.628,156.2,182.71
-82.973,65.773,64.436
-45.021,192.92,321.66
-37.193,233.55,391.87
-37.843,243.84,316.68
-131.61,54.264,69.024
-96.327,63.493,29.287
-38.738,198.29,273.83
-19.917,271.54,453.39
-85.072,58.531,83.485
-60.232,247.06,371.66
-114.15,126.81,174.76
-81.842,202.78,303.78
-115.95,19.169,42.521
-22.358,228.96,378.75
-109.67,66.075,23.685
-93.008,160.56,251.78
-18.895,316.44,442.45
-37.303,280.88,437.32
-54.692,238.65,304.15
-27.564,278.87,453.71
-93.924,36.909,59.458
-31.826,301.26,427.97
-21.055,248.39,418.19
-13.704,237.65,384.62
-88.633,128.45,216.83
-129.63,79.427,78.779
-81.686,171.67,279.21
-67.256,124.76,155.16
-89.785,176.97,206.45
-73.688,113.72,127.7
-124.61,43.704,71.253
-6.4649,267.14,449.16
-96.177,123.92,205.65
-127.1,85.065,77.673
-57.761,207.19,254.46
-96.9,14.167,18.19
-110.23,94.347,69.35
-44.014,217.81,366.03
-91.233,191.96,249.82
-1.546,290.49,488.96
-55.622,236.04,299.72
-45.494,278.26,388.66
-11.106,283.52,387
-22.196,314.51,478.17
-88.714,90.107,154.62
-69.894,231.52,341.88
-81.131,211.91,304.38
-73.433,96.903,137.07
-96.431,54.756,96.532
-37.199,190.96,292.59
1.1032,317.35,438.73
-47.842,234.02,385.11
-84.645,56.5,53.291
-54.37,153.14,234.94
-70.549,235.23,330.71
-80.988,191.64,299.69
-25.031,313.41,461.51
-98.187,174.78,242.23
-93.083,123.09,115.32
20.84,297.04,454.97
-95.265,160.82,179.56
-36.213,294.84,421.84
-20.61,257.18,432.72
-52.279,160.58,222.76
4.1573,330.02,458.61
-14.445,253.37,425.71
-1.8083,290.57,404.31
-114.36,64.869,21.662
-29.812,219.56,365.53
-64.198,132.02,169.6
0.11883,259.36,415.09
-101.84,83.866,53.163
-85.589,204.72,285.44
-4.61,306.93,421.33
-125.46,80.232,109.39
-126.02,84.449,110.04
-88.392,124.39,210.89
-118.06,114.57,119.92
-24.741,302.42,415.28
-110.37,124.46,185.41
-104.63,127.66,124.68
-67.507,186.36,219.7
-62.065,247.81,333.8
-81.82,209.08,303.24
15.079,291,483.08
-27.718,308.93,445.56
-51.143,180.53,233.2
-50.991,168.63,227.41
-27.076,308.69,461.11
-72.369,100.24,141.59
-49.819,271.65,380.7
-66.493,118.73,171.85
-27.066,263.52,349.73
-92.127,38.382,8.9868
-110.93,138.19,158.47
-16.161,274.65,372.14
-54.212,185.24,311.62
-92.331,109.72,187.42
-66.479,192.07,228.38
-117.95,101.57,89.881
2.5506,339.25,474.52
-106.29,29.69,58.685
-38.129,240.49,312.17
-111.13,138.56,188.92
-53.333,164.4,218.3
-54.67,262.81,363.76
-85.205,161.74,263.77
-85.911,57.834,85.029
-74.315,225.81,299.73
-107.43,147.45,171.86
-69.606,110.71,163.92
-104.33,58.782,15.117
-53.164,168.89,220.76
-110.11,81.649,137.01
-132.45,52.639,17.914
-68.244,182.55,304.48
-0.56635,280.3,397.52
-21.791,280.91,376.46
-104.76,35.277,67.489
-107.78,51.793,94.558
-60.787,220.27,273.23
-49.453,170.41,233.36
-96.012,112.3,98.04
-22.122,303.78,479.38
-84.632,70.497,111.09
-123.71,79.432,54.938
-67.679,158.92,268.23
-0.72702,260.44,425.04
4.8115,271.96,408.59
-86.458,107.51,184
-98.117,117.63,105.82
-85.888,102.85,175.77
-22.256,317.66,458.14
-41.946,204.8,270.13
-125.56,75.567,105.25
-117.49,50.241,-1.6055
-13.745,236.55,379.89
-133.91,44.073,53.053
23.199,332.67,475.34
-41.972,214.68,278.95
-45.47,215.45,362.02
-56.032,152.16,206.6
-26.782,238.66,323.3
-129.37,24.457,40.184
-99.832,56.111,15.382
-72.772,219.67,333.22
-44.886,273.77,415.89
-51.432,228.28,375.11
-77.124,215.53,319.66
13.552,288.06,432.64
-122.9,98.05,94.55
-127.37,65.569,33.65
-75.502,105.75,116.35
-72.325,150.24,168.25
-46.851,188.44,313.81
-41.361,187.38,302.07
-3.0508,277.13,466.83
-132.92,62.988,67.675
-111.9,89.798,145.76
-106.51,15.012,33.752
-113.49,134.92,173.99
-95.688,148.19,235.26
-124.04,75.929,109.47
-80.506,126.8,215.53
-96.752,69.418,122.24
-65.772,129.8,206.63
-11.524,268.46,452.22
-46.482,254.13,405.59
-49.006,168.15,265.44
-8.4888,284.91,478.05
-14.183,308.83,497.47
-72.591,99.848,129.46
-105.37,103.69,170.68
-94.701,56.883,23.28
-11.473,277.43,466.06
-12.657,298.17,405.27
-2.2032,280.11,472
-3.3124,263.17,438.23
-7.0441,269.32,453.45
9.0761,274.74,426.89
-104.68,158.24,216.04
-16.169,294.92,399.27
-68.869,205.69,249.11
-91.471,190.23,243.77
-69.667,207.06,331.29
-86.72,169.9,270.78
-89.933,134.18,224.23
-112.77,71.438,32.095
-101.95,71.04,125.46
-50.245,176.52,232.71
-28.679,306.62,437.55
-29.199,262.21,346.62
-115.07,49.55,-2.7892
-25.397,295.86,469.13
-120.5,63.997,22.631
-75.862,196.73,234.99
-10.539,257.06,431.08
-115.66,123.81,167.42
-101.41,84.143,145.82
-100.63,55.465,99.969
-46.822,192.68,251.32
-53.48,192.56,324.2
-77.046,109.12,115.35
-107.73,62.445,18.693
-42.17,190.12,311.62
-53.687,262.8,388.01
-133.39,61.014,64.559
0.28411,262.68,429.92
-77.548,181.98,295.57
-100.35,147.48,158.4
-43.563,266.01,351.63
-8.8383,312.2,428.06
-125.5,53.211,7.6116
-48.259,213.78,270.52
-59.561,214.14,351.03
-85.887,80.325,66.723
-92.119,139.18,229.09
-89.798,41.648,20
-103.5,153.32,222.21
-48.411,188.93,316.03
-130.26,59.651,27.517
-111.95,133.64,149.41
-75.498,90.047,126.66
-81.148,70.457,97.64
-4.5055,252.09,387.59
-65.047,166.77,281.3
-46.83,203.41,260.89
-32.48,212.98,353.37
-38.262,255.39,332.7
-20.087,250.73,422.18
-89.422,33.714,33.702
-62.079,198.63,240.03
-134.59,44.144,50.876
-94.394,50.829,87.411
-84.592,133.08,225.26
-95.947,32.326,53.917
-46.44,271.76,411.27
-61.851,249.83,361.95
-127,22.528,40.517
-79.411,82.252,87.779
-62.786,178.8,213.59
-35.718,233.54,392.38
-56.963,147.06,226.05
-98.974,56.763,17.222
-25.268,310.88,467.73
4.0094,266.04,427.49
-38.475,271.63,430.98
-123.83,89.908,121.52
-51.607,163.88,261.15
-72.052,138.89,234.06
-70.674,200.54,240.59
-68.761,122.04,194.47
-87.581,55.54,38.492
-32.287,201.06,304.76
-95.287,113.98,100.82
-31.187,302.71,432.07
-75.041,138.12,233.8
-35.067,294.56,412.82
-12.085,333.7,481.79
-124.9,14.461,31.29
-3.56,324.39,448.75
-31.047,254.67,424.06
-33.438,290.97,448.55
-107.42,138.19,202.86
-37.073,236.16,283.74
-61.953,200.17,298.14
-28.129,239.75,305.93
-73.432,154.98,145.37
-138.06,63.75,36.247
-31.454,242.92,299.16
-79.868,175.47,255.15
-31.718,313.29,395.86
-70.518,184.53,183.56
-109.04,28.064,16.854
26.137,322.8,476.62
-60.635,173.51,246.84
-24.432,285.3,437.27
-112.16,161.46,181
-58.839,274.9,368.59
-94.722,202.75,222.75
-85.166,227.83,277.64
-84.023,86.698,89.61
-82.782,223.98,297.76
-59.661,219.84,328.28
-88.91,216.94,247.31
-59.328,244.19,274.42
-49.617,293.02,380.29
-78.429,103.95,97.585
1.0907,281.23,404.84
-115.56,119.22,147.63
-109.94,34.469,28.415
8.2029,307.82,477.63
-68.923,139.25,178.35
-58.681,211.73,229.02
-14.044,297.15,372.1
-81.835,180.42,170.34
-97.638,111.3,152.52
-106.24,178.78,199.08
-9.4004,263.55,380.11
-37.115,272.26,411.12
-36.327,302.94,435.77
16.149,340.36,450.04
-30.992,312.51,450.94
-56.909,180.32,203.01
-84.313,80.633,67.866
-14.342,254.98,359.58
-99.703,194.27,216.97
-23.435,263.36,404.28
-15.473,280.59,433.68
-123.68,24.8,13.202
-78.5,199.42,200.52
-105.82,171.85,169.88
-82.956,156.96,136.23
-59.283,276.39,352.49
24.614,322.37,463.3
-137.53,71.856,37.797
-121.65,111.37,127.22
-97.501,132,92.003
-77.064,108.45,116.88
-29.655,325.13,449.23
-137.63,65.305,8.0618
-30.154,309.52,451.92
-31.748,276.01,331.8
-137.26,63.891,2.9647
-71.547,126.75,137.29
-59.717,167.17,228.87
-106.09,157.63,138.54
-20.52,243.97,343.76
-80.342,131.99,182.99
-0.48519,280.09,415.84
-46.921,281.16,404.37
-97.929,111.79,153.23
-82.411,161.12,233
-85.63,126.81,176.7
-21.453,251.98,326.74
-83.105,161.51,142.37
-90.818,110.42,67.172
-102.32,95.725,36.203
-107.58,173.7,183.12
-48.293,244.89,279.64
-14.831,255.5,373.21
-48.703,212.59,317.7
-40.986,234.99,356.5
-73.959,188.5,276.73
-75.472,113.68,124.22
-75.597,149.28,212.28
7.2738,349.97,454.4
-72.793,134.15,176.73
-68.142,259.07,317.33
-77.519,167.96,155.59
-115.68,112.31,139.76
-118.09,126.18,148.78
-41.934,244.04,370.97
-119.89,118.45,79.032
-71.54,235.49,262.34
-43.237,210.1,255.04
-28.615,315.9,457.51
-18.196,316.18,476.84
-123.26,71.835,-3.0931
-102.11,87.324,114.05
-89.414,59.013,30.07
-37.286,217.62,315.16
-67.15,149.25,200.75
-66.832,242.53,343.72
9.3482,322.11,424.75
-65.122,179.01,184.17
-64.932,152.01,165.73
-104.68,100.65,134.34
-93.63,197.4,258.7
-98.558,89.22,116.56
-83.909,226.91,261.94
-3.9848,356.96,468.33
-7.4885,340.93,437.86
2.5236,284.11,418.7
-62.046,162,179.16
-59.214,276.18,362.71
19.467,311.93,455
19.061,311.47,464.6
-43.64,275.16,406.14
-85.008,91.886,59.22
-116.78,142.92,127.79
-24.46,237.21,336.88
-126.64,115.37,106.9
-40.711,298.15,370.21
-112.06,154.67,184.07
-3.9525,272.74,390.61
-114.01,138.53,169.01
-60.757,257.56,299.3
-43.813,297.46,414.2
-74.89,166.26,242.11
-37.219,227.89,278.1
-40.782,248.36,377.77
-89.692,215.46,245.42
7.711,292.21,424.83
-52.684,270.74,387.54
-79.775,157.4,139.74
-40.296,308.8,412.52
-45.787,291.58,409.37
-85.534,83.113,86.514
-126.87,114.06,106.5
-85.533,216.14,236.2
-86.2,102.75,132
-82.788,162.34,234.71
13.9,302.49,442
-74.451,120.47,144.6
-104.62,88.046,115.08
-105.25,140.96,106.86
-18.054,300.83,461.29
-30.382,323.83,425.7
-43.311,277.57,330.37
-75.136,121.86,114.32
-119.49,87.28,104.1
-107.65,91.478,119.45
-32.242,287.56,347.82
-29.227,311.04,388.63
-16.386,347.17,465.65
-97.035,200.73,227.44
-45.349,265.12,309.88
-4.0259,273.36,401.52
2.4801,300.71,398.88
-79.041,118.1,98.234
-57.86,168.84,227.32
-94.064,200.1,258.06
-137.81,64.588,37.875
-35.83,230.47,282.67
-139.41,44.621,17.535
-134.67,83.601,45.552
-91.863,111.9,67.796
-52.444,219.18,329.87
-58.881,273.01,334.74
-133.55,75.91,18.742
-34.374,317.32,435.91
-68.732,259.62,326.13
-61.693,162.9,180.73
-58.232,206.85,223.82
-86.918,148.82,212.96
-75.26,226.3,246.74
-118.44,113.23,136.01
-109.78,41.542,40.253
-68.781,247.95,341.92
-25.244,235.79,334.5
-71.559,131.47,133.06
-54.155,174.61,224.73
-34.435,225.39,331.12
-92.887,128.79,89.724
1.3958,303.58,398.46
-117.4,136.19,157.44
-50.915,191.35,273.13
-71.941,221.21,318.11
-31.242,273.47,417.4
5.9204,311.48,485.8
-82.388,99.801,74.092
-18.517,341.2,449.92
-69.843,236.55,334.14
-13.493,261.7,351.42
-67.195,252.18,294.14
-95.503,126.87,177.01
16.023,345.73,455.4
-6.3843,273.9,412.53
-129.31,84.439,26.818
-43.95,224.81,262.5
-17.256,297.04,457.25
-80.151,216.11,230.18
-49.253,282.58,343.37
-51.368,183.92,225.47
-80.849,106.29,83.877
-43.205,282.39,338.97
-92.501,65.996,13.527
-87.232,120.6,166.44
13.759,308.39,429.15
-21.75,326.71,416.6
-65.481,165.46,235.56
-3.7942,279.12,379.36
-110.71,59.483,69.542
-101.16,97.273,129.99
-43.952,207.38,252.18
-95.019,43.274,22.928
-113.15,60.144,70.212
-34.457,309.2,389.3
-24.655,301.99,372
15.218,312.18,480.19
-116.67,68.921,-9.3439
-39.366,216.61,268.45
-107.05,158.79,142.25
-80.227,99.152,107
-94.669,205.95,251.77
-93.716,54.832,-0.10359
-76.715,214.95,305.38
-52.592,281,389.81
-86.793,134.63,190.37
-79.327,155.79,224.94
-90.413,166.6,235.53
-85.303,218.91,242.61
-113.78,78.665,6.2036
-75.821,136.18,186.64
-121.84,91.75,106.24
-113.73,94.613,31.646
-64.713,177.41,258.84
-37.644,226.24,337.84
-90.461,211.84,270.71
-60.292,268.14,367.38
-95.013,188.39,250.39
-79.855,194.4,279.82
-37.482,260.09,307.35
-58.926,208.15,311.3
-24.213,334.6,463.31
-20.734,302.72,374.42
3.3302,328.46,423.9
-71.864,252.77,308.93
-121.27,66.49,74.695
-17.767,268.09,341.4
-2.8442,276.21,386.53
-129.59,105.06,86.348
-131.08,68.456,62.763
-84.712,118.81,86.401
-40.53,276.84,411.91
2.39,299.42,463.86
-40.937,270.68,405.44
-17.3,280.54,351.53
-38.597,289.35,424.74
-69.63,219.45,233.5
9.0174,305.16,470.95
-109.5,36.712,32.009
-83.796,102.99,128.66
-116.29,92.019,113.89
-12.511,258.23,364.22
15.085,314.84,432.36
-122.77,126.53,130.89
-104.33,169.25,160.45
-43.4,287.61,349.27
-136.34,77.525,42.356
-77.764,179.54,262.04
-86.03,76.253,47.841
-88.439,217.47,247.2
24.784,329.84,459.62
-74.383,176.85,170.05
-30.955,236.75,297.38
-46.508,298.01,386.66
-73.494,167.84,244.64
11.326,308.25,421.76
-140.43,56.241,-2.1118
-95.449,161.41,138.77
-121.34,57.285,61.864
-24.83,241.04,317.09
-81.701,186.96,269.05
-74.919,129.19,169.69
-84.81,81.212,76.999
-49.625,268.34,314.99
-80.51,172.95,160.08
-94.942,125.31,174.81
-97.635,167.11,149.35
-79.93,169.72,246.76
-54.883,255.33,293.01
-39.302,213.25,268.99
-116.49,149.2,159.55
-82.316,228.97,263.23
-120.85,111.44,129.18
-110.46,28.385,18.309
-78.309,188.67,183.96
-137.65,39.696,17.042
-120.06,93.583,32.578
-87.056,221.61,256.21
-103.61,127.69,84.303
-107.63,86.376,111.8
18.802,311.8,468.59
-87.343,125.37,174.82
13.339,312.53,427.51
-100.65,173.38,227.11
-62.683,153.27,180.02
-131.92,54.704,45.531
-79.766,233.91,270.81
-90.617,110.63,150.41
-54.259,199.2,294.74
-71.576,137.08,134.62
-90.725,188.06,258.6
-20.604,334.4,433.97
-93.915,60.913,59.361
-65.909,245.69,347.45
-119.45,76.123,89.518
-108.7,46.858,48.756
-122.58,82.045,93.458
-95.649,203.64,230.84
-98.979,44.203,35.047
-120.31,132.33,144.22
-40.591,252.39,383.59
-134.93,80.803,37.462
-43.434,300.93,412.83
-26.05,331.69,441.52
-22.695,337.18,450.5
-52.197,261.7,303.72
-16.457,348,471.16
-39.981,289.24,422.2
-92.016,117.26,74.69
-86.634,73.43,63.743
-82.62,98.253,114.95
-89.054,214.18,275.95
-80.474,121.47,97.559
-126.66,85.579,90.5
-41.998,231.28,350.12
-126.68,115.14,106.84
-78.954,239.31,305.06
-84.292,89.735,60.599
-51.326,289.47,370.34
-3.1125,276.14,385.02
-59.161,223.7,243.93
-58.138,206.9,224
-86.531,90.9,53.611
28.37,339.96,470.39
-37.857,251.56,383.58
-69.351,234.27,333.39
-49.372,193.25,231.66
-66.91,193.79,198.73
-102.93,139.66,189.13
-108.75,144.81,116.39
-88.432,213.44,278.44
-56.87,217.58,237.92
-50.037,280.09,396.95
-103.73,71.79,1.4102
-117.12,96.465,35.813
-85.738,182.85,173.41
-46.089,296.81,404.85
-66.721,224.11,327.57
-24.806,268.03,412.26
7.8275,324.14,424.36
-31.378,261.99,315.65
-5.9307,352.5,460.12
-137.81,69.947,37.131
-68.397,136.05,156.83
15.246,305.02,442.53
-26.934,320.48,407.48
-68.127,137.34,154.71
-37.076,305.96,384.78
-110.52,105.37,48.698
15.546,315.48,433.65
-66.799,204.04,302.41
-76.824,109.41,107.48
-7.0882,317.34,402.04
-83.054,136.83,193.33
-42.301,297.65,371.2
-45.976,220.6,255.43
-108.97,76.662,96.596
-88.499,217.53,247.66
-30.2,232.26,341.59
-120.45,136.98,130.55
-69.808,255.36,309.63
18.589,349.44,462.04
-109.04,170.85,182.75
-81.475,235.33,291.32
-56.182,269.58,321.13
-25.312,284.25,435.31
-98.62,182.85,238.19
-90.657,145.59,206.75
-36.44,315.2,418.95
-115.39,152.47,153.19
-114.96,142.67,121.72
-84.241,107.71,139.32
-96.84,68.455,78.651
-18.059,284.55,439.53
-43.329,286.79,347.55
-77.206,237.21,273.78
-60.019,252.23,362.57
-114.81,154.47,166.77
-42.102,209.17,302.28
-59.869,171.86,190.09
-55.745,172.34,229.31
-89.707,202.34,211.12
-57.336,274.47,375.57
-73.536,121.08,124.77
-102.48,81.532,104.64
-39.571,309.47,418.69
-118.56,111.41,133.87
-79.445,226.71,307.94
-21.121,303.52,375.42
-83.553,149.88,126.24
-52.647,284.39,387.81
-57.457,206.64,308.99
-41.447,281.15,414.21
-22.909,346.49,411.61
-94.386,83.828,4.5958
-137.43,90.058,43.576
-70.999,167.9,141.09
-91.252,201.41,247.19
-86.94,95.38,51.553
-76.165,214.93,189.05
-85.707,133.62,146.03
-109.69,93.597,86.432
-76.15,201.36,169.94
-4.0718,308.5,439.79
-28.497,341.36,406.1
-59.683,201.82,257.63
-89.881,239.29,261.13
-94.709,227.23,249.94
-68.025,275.13,340.52
-108.72,184.05,149.56
-64.577,229.73,216.6
-29.341,294.71,327.16
0.20932,300.86,408.06
-93.913,114.23,39.051
-5.5034,297.27,414.58
-50.998,262.64,359.05
-95.363,184.22,222.94
-80.247,249.4,302.7
-36.653,235.28,294.71
-133.65,112.19,69.155
-128.56,129.2,72.49
-33.413,325.52,374.35
-34.795,253.31,344.98
-142.85,73.845,6.281
-100.45,161.14,189.18
-100.51,169.36,199.39
-123.21,104.65,12.587
-35.702,242.87,278.01
-107.94,117.98,31.984
-68.893,160.62,147.43
-113.95,179.92,159.29
-102.8,53.995,13.438
-86.153,138.37,155.53
-29.813,340.16,405.07
-10.821,293.07,354.65
-100.47,49.474,-1.3461
-2.5909,295.6,392.11
-58.994,186.09,194.34
-79.121,143.78,100.56
-106.64,175.57,128.31
-108.72,97.144,92.113
-86.309,208.77,261.56
-130.14,54.671,18.426
-15.001,294.4,345.99
-13.61,313.58,363.9
-99.979,112.45,116.52
2.2394,307.23,394.08
-131.25,111.24,81.235
-116.6,161.16,113.75
-53.97,214.88,215.98
-124.55,137.57,79.037
-79.641,164.19,119.89
17.301,367.16,453.38
-110.17,189.88,172.84
-95.321,64.557,15.692
-81.907,124.61,78.306
-84.26,106.97,64.449
12.261,338.37,422.6
-35.792,324.86,374.86
-72.723,146.86,131.29
-67.379,179.48,158.92
22.908,340.09,454.27
-73.268,169.98,137.35
-63.306,245.26,327.58
-70.242,274.61,301.07
-62,240.26,322.4
-50.784,233.74,315.11
-67.572,161.83,159.33
-92.831,145.93,170.84
-52.717,263.8,270.53
-88.534,218.73,196.4
-83.985,219.29,275.53
-77.371,148.99,166.45
-60.794,262.97,349.2
-112.05,158.4,170.19
-128.57,45.819,7.2527
-9.3599,291.38,358.87
-97.746,208.4,185.14
-90.978,101.52,88.517
-98.561,92.394,5.0239
-81.189,121.93,108.96
-22.706,334.24,387.15
-34.297,325.59,436.86
-45.467,318.02,402.99
-85.109,217.52,272.17
-138.97,92.154,26.638
9.7472,318.28,417.19
-100.55,116.02,33.486
-18.015,269.87,340.84
-87.117,130.97,142.32
-90.451,117.62,48.97
-23.449,351.08,424
-90.143,222.62,266.82
-72.031,272.69,324.68
-25.696,334,387.39
-51.405,228.25,305.08
-16.12,317.01,365.1
-64.275,171.52,184.56
23.882,352.35,453.26
-81.171,253.2,265.43
-79.847,123.62,105.53
-75.974,266.75,296.7
-22.916,260.9,338.02
-113.56,106.74,104.56
0.032342,307.98,434.31
-74.003,183.37,231.39
-56.997,196.07,238.61
-80.105,123.03,105.47
-65.269,235.16,313.44
-82.238,116.28,75.292
-114.19,141.85,72.035
-77.257,262.34,309.48
-109.65,184.31,152.55
-32.13,243.9,308.72
-60.477,223.23,297.96
-54.134,198.64,213.48
-43.696,275.33,291.66
-11.689,293.12,352.48
-123.11,107.44,17.413
-130.36,127.11,82.571
-124.42,102.19,87.358
-66.345,238.98,317.34
-70.89,240.52,314.24
-90.794,179.65,221.56
-92.046,157,188.32
-86.93,124.45,63.524
-75.528,142.25,144.41
-55.428,301.34,374.51
-138.87,68.829,21.553
-30.795,343.51,419.26
-48.119,245.04,334.52
-48.183,249.26,341.4
-57.126,189.5,208.79
-39.079,241.23,321.98
-35.477,253.5,281.14
-22.635,347.1,470.24
-21.397,291.39,412.82
-65.439,273.12,288.13
-118.34,89.424,76.709
-97.03,78.31,51.836
-69.182,257.3,331.51
-92.143,226.06,262.48
-30.282,345.12,441.88
-53.874,292.94,381.42
-68.069,208.53,273.47
-57.297,238.2,322
-71.828,264.99,277.34
-40.572,240.81,262.87
-130.59,82.632,-20.436
-0.30348,316.21,453.42
24.033,342.44,456.68
-57.668,208.1,268.93
-23.915,351.55,426.35
-122.45,129.07,120.58
-132.28,54.778,16.326
-21.711,263.48,328.98
-63.829,207.66,271.67
-11.601,284.63,353.65
-63.645,195.94,180.38
11.115,323.82,458.37
-49.044,215.26,272.49
-87.019,165.29,112.57
-92.203,122.5,51.738
18.719,335.38,439.84
-78.637,260.08,304.6
-91.926,211.23,184.43
-85.856,204,169.86
-102.33,53.501,11.623
-7.6835,348.93,412.75
-124.04,142.46,89.65
-60.37,181.53,191.83
-115.31,117.47,30.817
-106.79,71.089,48.917
-40.932,300.46,409.74
-31.573,244.82,300.16
-59.164,191.91,190.48
-129.61,64.943,32.907
-39.641,328.96,417.28
-78.553,127.48,109.36
-53.012,308.05,368.43
-40.271,320.7,370.18
-10.59,289.82,355.2
-62.28,272.87,354.38
-55.883,302.02,351.3
-92.013,152.72,181.69
-86.967,95.735,56.685
-105.71,75.018,55.096
-35.829,321.55,432.03
-133.29,65.653,29.041
-67.647,206.95,185.28
-69.974,166.97,193.91
-89.008,213.77,262.56
-10.51,282.58,375.41
-56.072,193.41,224.93
18.731,358.55,447.13
-94.584,82.203,2.5074
-51.773,305.42,349.11
-126.94,131.93,72.957
-77.797,148.54,108
-14.438,337.21,477.84
-34.718,336.08,433.01
-76.321,245.72,240.44
19.687,334.04,446.63
-24.878,336.25,391.41
-39.045,236.81,266.61
-60.942,190.33,183.73
-68.228,280.59,333.84
-3.4399,325.19,469.93
-95.798,210.75,246.53
-26.23,352.74,444.19
-79.782,200.96,167.04
21.007,358.4,450.58
-43.781,256.37,269.33
-27.132,304.27,340.7
-95.965,75.443,43.699
18.438,356.18,444.83
-109.98,184.84,192.69
-74.962,153.97,120.08
-72.441,272.27,301.29
-116.09,141.62,73.163
-95.045,119.02,126.07
-41.553,247.38,264.74
-133.5,66.57,29.87
-94.723,227.2,229.62
-133.31,111.17,71.853
-124.06,102.79,9.934
-111.52,99.97,95.717
-123.04,68.129,43.043
1.0905,302.29,397.1
-85.492,186.31,234.19
-52.299,217.37,221.53
-69.157,252.53,327.87
-52.24,230.27,231.64
-78.838,126.23,99.645
-22.081,354.84,470.8
-79.578,237.42,298.39
-139.34,64.304,15.755
-60.985,182.84,183.53
17.124,329.64,459.84
-137.07,100.28,42.62
-88.775,232.93,227.43
-40.058,275.56,294.78
-117.58,118.54,116.74
-97.22,77.732,51.007
-47.462,212.16,246.07
-94.902,159.8,191.35
-128.18,92.118,69.411
-124.35,132.03,118.36
-18.704,337.19,392.1
-48.42,262.3,360.38
-125.22,129.3,62.02
-80.139,168.79,207.58
-25.495,348.56,420.79
-95.329,168.37,112.44
-93.672,226.67,256.43
-86.148,215.78,268.95
-34.434,246.3,282.07
-0.71677,348.74,416.03
-27.05,344.85,413.15
-128.06,106.28,20.494
-78.657,137.43,142.11
-46.805,214.8,261.76
-37.824,264.15,285.02
-52.406,206.53,256.05
-96.494,75.613,45.244
-84.085,159.12,191.87
-133.35,115.53,63.076
-79.331,166.74,203.65
-82.366,194.44,156.31
-125.22,95.364,-2.2385
-90.653,234.44,237.09
-74.232,236.22,222.7
-39.957,240.97,264.52
3.3148,331.1,480.17
-90.215,87.184,23.344
14.63,350.73,434.77
8.3989,362.39,439.82
-37.291,323.71,373.77
-137.51,95.958,44.198
-32.463,271.4,299.42
-144.09,69.394,-5.4315
-48.227,220.34,284.48
-111.07,188.53,179.17
-87.06,190.34,148.29
-110.04,70.949,49.992
-116.48,172.56,159.24
-59.202,206.77,267.54
-128.98,126.35,97.864
24.943,347.39,456.43
-45.239,237.95,250.7
-52.552,215.11,219.62
-5.238,309.93,373.52
-6.7283,342.37,403.83
20.769,366.04,456.4
-77.61,257.9,310.95
-41.807,293.64,318.76
-129.59,107.48,25.317
-119.38,143.36,80.576
-67.476,282.75,325.28
-45.414,267.39,280.2
-52.168,209.4,263.66
-88.143,183.89,138.22
-44.829,292.85,397.78
-76.84,146.53,159.74
-63.07,290.54,337.67
-49.796,207.86,232.32
-107.83,47.291,7.5991
-86.476,142.81,84.744
-78.919,159.9,190.7
-11.634,357.16,426.64
-52.286,270.68,280.73
-22.759,329.45,379.02
-136.26,75.928,35.325
-109.61,64.31,38.739
-115.34,44.648,7.9658
-88.771,129.65,65.686
-14.346,306.22,355.95
-96.347,185.23,139.69
-111.47,123.07,128.89
-0.35281,344.08,410.6
-44.606,321.74,399.88
-18.613,269.06,354.82
-77.393,183.86,232.8
-96.881,164.7,106.44
-56.888,264.08,355.13
7.3601,315.89,408.42
-121.24,138.55,73.794
-91.888,148.24,85.264
-65.206,180.7,165.82
-91.372,177.46,127.42
-42.97,317.22,413.05
-71.214,259.32,328.76
-27.406,344.24,456.58
-80.454,168.59,207.31
-96.959,123.71,134.7
-52.521,200.99,223.67
-95.037,122.04,47.314
-125.36,136.39,117.5
-30.258,274.82,384.74
-102.99,127.78,140.61
-25.443,353.1,455.7
-31.846,326.42,442.49
-11.993,283.21,353.13
-51.805,202.67,237.12
-50.212,260.67,267.88
-115.93,116.48,115.93
-91.681,99.169,84.91
-23.561,350.43,422.38
-90.93,206.17,174.44
13.901,331.72,475.22
-59.594,295.88,358.96
-66.84,163.99,162.38
-65.41,174.78,202.65
-110.43,81.752,67.637
-105,129.66,142.51
-112.8,156.13,97.208
-114.99,41.772,3.0348
-11.094,295.94,354.81
-115.99,142.99,75.609
-122.43,153.42,131.84
-33.145,241.56,300.54
3.369,334.14,404.77
-73.807,252.16,319.39
22.389,359.72,453.81
-118.85,96.929,86.861
-94.285,89.695,10.595
-46.416,276.51,379.56
-79.161,176.7,220.96
-44.134,237.55,252.75
-78.771,260.89,301.93
-54.747,248.16,248.29
-110.1,183.58,151.96
-81.877,119.93,106.32
-131.51,115.28,47.752
-95.405,207.79,180.76
-46.233,311.4,403.88
-33.043,244.89,319.06
-130.01,127.27,76.09
-91.262,217.99,261.49
24.952,344.67,458.39
-74.577,259.23,267.55
-76.125,257.87,266.67
-75.934,175.48,217.96
-68.359,164.66,149.2
-46.576,280.19,383.45
-56.028,288.16,374.83
-47.528,312.13,359.66
-38.015,328.64,388.26
-41.919,224.96,278.4
-96.832,147.5,80.682
-26.353,304.65,430.05
-10.977,305.06,360.13
-8.0166,290.38,399.21
-13.172,308.84,359.9
-79.093,245.24,241.72
-95.99,90.583,7.6368
-22.284,283.52,398.95
-124.33,130.49,62.706
23.71,348.67,452.33
-113.08,175.83,140.53
-66.894,262.64,267.79
-143.32,69.248,4.0727
-137.65,72.452,28.349
-114.1,109.2,107.67
-105.34,198.18,177.15
-74.667,267.17,317.59
-50.175,79.588,303.45
-74.296,-39.147,72.291
-10.755,139.45,363.28
-97.584,-21.017,134.53
-8.6941,237.95,512.51
-13.727,190.68,384.92
11.873,260.02,481.91
-78.93,73.689,279.47
-4.4185,159.78,414.88
-95.061,29.194,126.96
-31.14,198.5,398.64
-89.125,-13.367,150.32
-0.23808,164.63,417.05
-35.95,201.48,429.75
-49.871,49.365,239.24
-8.5867,144.02,375.97
-86.697,57.83,176.25
-19.509,225.29,439.75
-84.083,79.993,274.43
-56.298,34.45,170.05
-18.496,122.66,336.02
0.40173,182.47,455.62
-61.101,67.569,285.19
-77.204,109.29,277.54
-90.2,38,223.92
-50.428,108.5,259.6
-15.519,142.24,393.47
-3.9279,207.33,491.14
-38.164,161.1,337.99
-73.79,-21.309,123.49
-82.945,97.523,275.27
-74.462,114.3,282.39
-75.328,-43.491,62.782
-8.9799,248.09,513.98
-69.793,101.15,246.5
-44.93,69.552,278.53
-111.2,-11.236,129.35
-59.561,128.09,289.51
-66.395,25.89,136.68
23.299,271.39,499.5
-54.952,33.51,211.39
-51.484,59.717,202.33
-76.639,103.97,260.66
-39.206,72.303,258.07
24.159,239.68,468.24
-120.01,-17.5,80.229
-59.732,56.476,266.82
-67.26,85.468,219.27
-67.838,91.626,229.29
-62.597,14.488,135.18
-79.937,99.424,257.44
-49.651,65.32,211.35
-51.618,85.228,228.96
-74.964,-28.616,108.55
-13.238,185.59,379.42
-116.35,-39.692,84.875
-8.859,146.94,391.24
2.2776,177.21,395.51
-23.887,224.35,449.23
-29.247,111.74,347.38
42.407,259.16,510.85
-49.325,68.27,214.65
-24.252,217.93,431.01
-91.96,72.41,223.41
-36.247,201.02,421.34
-117.37,-56.26,61.459
-75.691,110.66,275.84
-23.377,127.26,314.67
-67.982,-16.144,110.27
24.698,278.23,508.63
-60.501,149.22,340.69
-26.668,214.79,463.52
-53.742,84.271,311.62
-16.373,129.66,363.16
-54.143,48.229,186.17
-50.58,125.53,283.62
-26.497,104.04,308.28
-25.001,221.63,443.99
29.901,266.73,498.34
-61.981,110.19,259.34
-118.17,-21.639,98.399
-2.311,201.12,404.82
-69.945,70.226,194.66
-74.974,58.18,265.6
-78.57,18.079,110.15
-101.61,-18.192,41.005
-117.27,-11.166,79.142
-57.202,68.461,201.88
1,220.09,427.65
-10.404,141.58,359.68
-70.419,127.76,323.48
-9.278,142.83,376.32
-19.15,216.47,482.55
-23.417,123.9,365.26
-8.837,150.82,401.9
-73.018,102.34,314.64
-19.21,232.98,481.9
-55.663,94.049,325.36
8.0604,200.01,481.52
-58.087,36.244,225.96
-12.464,222.46,428.65
-50.212,42.683,217.28
-46.737,155.32,330.77
-66.126,31.048,223.91
-70.474,76.413,292.64
-46.845,119.87,277.02
-11.317,139.96,356.14
-12.588,183.25,377.4
-64.519,-3.9204,126.93
21.891,221.59,453.76
-119.17,-29.325,88.74
-44.158,77.748,234.14
-39.442,188.54,389.76
-73.384,83.554,297.5
3.5918,244.99,460.34
-7.1853,174.98,375.91
-38.043,78.63,283.45
-46.779,53.268,237.46
-59.904,142.71,319.69
-102.51,38.895,192.55
10.35,223.28,438.3
17.557,208.12,440.04
-114.71,-24.051,106.91
-67.91,71.42,197.23
-29.259,103.47,327.62
-10.604,153.03,356.49
-33.349,200.55,444.75
-54.479,150.45,328.25
-27.163,204.6,406.46
-63.529,54.615,176.75
21.732,238.37,464.1
-25.975,116.84,303.36
-49.31,44.902,219.3
-62.938,6.3448,162.23
-5.4018,164.01,425.9
-63.959,119.55,344.39
-46.793,81.743,305.59
-94.472,66.531,225.91
-12.684,135.29,356.89
-3.213,172.38,381.15
-79.772,2.9295,86.623
-75.788,101.51,307.66
9.8107,256.35,476.63
9.8368,196.63,474.11
-3.2542,166.07,378.81
-123.52,-30.876,59.352
-58.633,153.07,365.57
-72.856,99.189,312.68
-65.049,88.275,224.05
-74.502,6.6328,98.833
-16.249,127.99,355.05
-5.3635,164.6,427.05
-38.769,174.27,359.58
-104.55,-30.256,114.83
-96.567,-2.0347,69.559
-31.709,136.92,309.92
11.004,204.51,487.59
-65.402,-0.92142,115.56
-37.586,163.28,418
-89.619,37.464,224.09
-56.404,115.87,351.42
-84.051,-49.992,77.814
3.67,169.39,409.47
-110.29,-7.2666,68.837
-62.373,75.706,296.98
-15.363,242.47,487.06
-13.166,202.81,479.82
-53.739,160.78,351.73
1.4233,206.28,491.76
-69.929,-23.3,91.029
-22.867,222.94,474.02
9.1379,185.42,450.07
8.0474,181.32,414.31
-55.262,52.283,256.09
-112.4,-8.5097,128.89
-49.268,90.704,321.63
-59.439,62.447,191.65
-84.976,92.011,257.52
-68.81,50.257,165.55
-92.864,-35.118,112.51
22.14,208.49,478.74
-62.869,44.524,246.9
-113.75,-2.4011,128.36
-58.133,134.01,299.46
-75.656,-42.966,48.49
-108.54,14.904,117.73
-12.017,148.27,401.53
-77.904,102.73,301.59
28.514,229.78,519.47
-54.744,158.19,347.3
-36.021,197.03,436.39
-12.714,220.7,425.92
-3.8118,238.3,520.82
-58.391,21.746,189.78
-47.987,145.6,389.7
-60.345,123.82,353.79
-56.506,36.292,170.47
-67.463,-10.677,130.19
-19.851,131.34,325.29
-1.7146,254.51,477.94
-16.336,159.16,423.99
-75.107,-1.7573,86.907
-34.813,91.566,268.34
-54.506,148.52,380.33
-51.504,107.21,344.9
-11.56,236.14,505.92
-77.22,84.77,292.78
-93.2,47.389,161.81
29.998,248.43,482.75
-90.761,76.106,230.54
-25.202,215.29,468.2
10.283,192.65,465.4
-41.5,99.144,258.05
1.4166,266.31,498.33
14.448,193.09,456.22
-2.7965,231.4,440.85
-114.04,-10.856,68.067
-2.1044,157.69,397.29
-55.513,69.882,205.79
18.745,206.42,443.4
-102.58,11.257,97.893
-67.041,115.75,335.88
-7.1512,243.03,461.12
-98.352,-6.1199,156.31
-100.72,-2.9577,158.02
-55.158,49.172,249.6
-106.46,26.242,171.53
-22.633,228.13,460.41
-81.567,37.424,232.36
-101.06,44.511,174.92
-67.704,112.01,265.38
-53.289,163.63,383.5
-59.833,121.11,352.3
38.969,239.64,509.25
-17.182,231.24,490.88
-47.071,116.08,271.84
-42.949,106.44,263.77
-10.855,231.09,505.1
-55.741,39.562,175.11
-38.882,189.3,428.8
-49.619,57.555,205.61
-28.442,195.95,391.52
-87.821,-20.06,43.89
-98.968,49.016,210.52
-17.51,210.82,411.62
-23.091,116.68,346.72
-59.263,35.294,225.68
-66.663,117.13,274.41
-110.7,16.151,140.69
1.2571,272.72,515.64
-76.068,-36.195,92.342
-38.919,171.43,354.74
-88.138,48.602,238.98
-45.923,101.81,255.06
-44.3,179.6,412.51
-52.54,80.821,306.11
-65.126,-1.9999,117.09
-63.94,139.24,350.54
-96.116,58.377,223.99
-50.803,49.324,197.37
-105.54,-10.137,57.687
-47.202,105.56,258.29
-77.062,3.1013,177.81
-123.11,-31.044,67.181
-35.195,106.74,343.59
0.96961,223.73,431.9
-23.511,212.76,418.68
-74.531,-30.888,101.32
-75.447,-19.453,131.03
-60.334,142.77,320.69
-40.487,108.65,269.26
-96.25,37.163,144.21
2.2202,229.44,519.55
-61.097,8.6755,143.76
-116.57,-4.7108,104.98
-35.877,88.218,304.49
21.182,206.65,453.14
13.497,219.61,438.77
-54.832,36.828,220.29
-97.773,40.238,153.24
-55.007,33.454,211.44
-12.835,241.28,502.91
-38.912,140.59,308.86
-97.546,-9.9565,151.45
-117.46,-24.251,44.109
6.8469,180.48,409.68
-106.93,-39.659,98.392
20.933,278.84,508.88
-40.786,148.58,319.26
-13.401,145.58,397.71
-45.996,90.393,242.26
-25.103,176.05,361.35
-98.027,-53.093,80.75
-100.58,-9.8322,56.023
-47.289,134.35,379.87
-23.239,193.1,460.54
-19.825,152.6,414.46
-53.502,128.76,367.62
20.792,237.36,462.13
-111.01,10.359,145.7
-120.07,-17.809,83.186
-70.27,42.869,153.77
-71.697,80.437,210.95
-18.241,123.42,347.29
-17.754,125.86,334.53
26.116,218.32,496.38
-110.55,-23.743,115.89
-79.441,8.6668,188.27
-77.819,-47.965,65.969
-93.569,44.564,224.98
-64.134,64.294,279.67
-95.002,-8.8869,155.02
-48.595,55.499,252.13
-65.834,0.76416,157.44
-42.001,66.421,240.19
18.663,206.69,483.36
-18.133,176.16,447.08
-27.204,106.39,298.46
22.015,221.48,510.13
12.399,237.71,535.16
-60.165,39.355,163.8
-72.395,23.327,212.6
-94.106,-6.475,62.033
19.16,213.86,498.2
-14.764,231.59,446.61
27.133,221.16,501.6
22.612,207.19,466.77
22.138,209.89,483.38
22.081,223.94,455.15
-83.335,67.959,266.66
-18.01,227.05,441.34
-67.926,126.65,297.41
-79.42,101.29,295.65
-39.086,125.69,374.38
-55.347,86.582,314.88
-56.505,56.148,264.63
-112.36,-4.732,78.754
-69.517,-0.87487,162.32
-44.491,113.28,270.24
-19.672,228.95,483.2
-30.56,193.72,388.96
-115.66,-23.439,42.143
0.0060373,221.25,509.23
-117.99,-15.039,70.577
-73.908,115.6,284.35
17.541,198.23,460.89
-91.931,34.281,217.05
-68.378,9.8677,183.99
-69.822,-12.516,134.78
-43.339,128.2,290.12
-21.681,122.9,359.82
-73.57,44.816,154.04
-108.75,-9.0859,62.823
-16.286,127.48,344.26
-34.631,179.65,434.77
-111.04,-25.576,112.69
22.598,208.97,457.88
-45.375,101.23,337.92
-95.59,62.642,209.41
-41.8,188.71,398.68
-10.673,244.89,469.79
-121.81,-26.466,55.687
-48.282,144.48,313.06
-27.667,136.82,391.33
-83.421,17,105.04
-58.994,58.966,270.89
-83.659,-16.272,54.171
-77.616,64.425,270.97
-18.884,122.9,349.93
-121.51,-24.206,77.022
-100.74,44.863,201.38
-58.388,29.668,159.88
-63.317,10.867,130.21
8.8171,198.36,417.57
-33.091,95.935,317.61
-45.363,136.89,301.4
-5.2427,151,385.3
-39.17,183.27,377.16
10.148,187.81,454.01
-74.249,-22.904,65.048
-62.365,124.8,285.41
-108.29,-39.936,96.582
-67.209,-12.602,120.24
-51.426,58.209,263.77
-71.166,-28.117,85.456
-25.1,190.66,456.26
-43.833,164.86,410.06
-95.08,-53.371,79.939
-71.671,21.802,123.14
-62.393,108.52,256.64
-4.0325,165.42,427.08
-36.951,85.258,259.49
-99.576,-8.8485,57.627
-8.151,233.78,511.21
22.859,213.89,455.27
-11.634,194.63,472.22
-97.626,2.5596,169.25
-28.591,101.48,294.29
-41.481,69.873,269.56
-69.798,121.55,288.87
-44.776,58.563,228.04
-82.317,-3.9009,73.793
-16.788,142.21,337.4
-95.533,38.902,146.96
-21.614,224.42,477.97
-43.493,67.566,270.03
-27.482,215.88,459.41
-4.5479,259.78,525.47
-92.681,-58.685,68.956
-5.2748,257.52,490.18
0.32242,184.89,459.85
-11.258,213.11,491.36
-79.962,50.092,250.77
-46.305,169,327.02
-41.733,124.98,339.76
-33.085,176.54,345.83
-83.397,84.205,191.05
-126.46,-25.361,88.337
-39.78,177.44,341.22
-58.65,95.35,299.56
-40.77,233.61,446.8
-82.356,109.53,232.25
-92.711,-38.242,53.886
28.768,272.29,507.03
-45.794,104.67,285.76
-5.4994,213.69,476.98
-103.64,67.136,236.98
-51.985,187.17,420.9
-96.106,110.26,279.83
-81.487,135.27,333.62
-76.862,22.86,127.19
-70.273,133.02,350.78
-39.036,141.94,371.46
-89.907,124.77,304.11
-71.1,163.37,326.67
-49.895,207.11,433.08
-78.495,40.114,136.78
4.4595,225.28,438.43
-96.751,30.938,197.59
-92.466,-33.676,66.319
22.972,249.82,509.92
-59.688,73.042,216.91
-70.526,137.77,277.07
-27.484,230.63,415.94
-93.855,100.05,222.36
-77,34.332,195.13
-101.35,84.433,255.89
-3.6288,205.26,414.59
-18.195,196.31,453.49
-24.35,221.65,482.98
2.2269,281.76,489.13
-19.588,232.26,497.63
-62.513,113.29,245.41
-81.942,18.114,105.71
-10.569,195.81,395.05
-97.716,100.56,274.04
-5.5265,196.75,441.14
2.5459,214.89,469.97
-103.7,-49.076,54.063
-89.987,117.04,253.66
-108.18,79.513,227.08
-95.145,80.683,185.78
-59.011,188.48,406.38
22.92,271.35,494.99
-129.66,-18.384,91.416
-104.91,21.429,178.66
-109.77,52.756,143.39
-72.682,44.224,155.32
-25.686,243.49,498.45
-137.27,-23.266,62.343
-17.043,230.24,497.64
-45.086,204.02,378.98
-138.13,-24.126,57.181
-70.349,62.051,176.73
-48.411,100.3,267.38
-112.55,68.22,194.87
-15.486,183.55,379.72
-63.087,60.539,222.97
7.8637,223.23,448.86
-32.854,198.31,452.06
-77.212,34.554,195.99
-61.353,82.492,276.53
-66.818,53.412,217.53
-26.581,189.99,365.94
-95.355,84.246,192.54
-102.59,39.136,113.56
-115.29,21.145,84.886
-105.63,79.795,240.32
-60.996,170.02,328.44
-6.2158,195.69,407.98
-30.694,142.29,356.81
-22.029,164.38,395.58
-52.871,109.02,320.78
-71.451,49.298,162.83
-57.578,76.927,252.64
-8.0009,284.65,497.91
-60.654,66.687,215.41
-69.845,169.88,372.45
-89.499,92.448,204.62
-96.165,25.304,188.78
-101.87,35.251,200.95
-22.118,171.05,411.32
-124.88,29.247,134.9
-80.502,149.56,317.1
-48.181,144.56,296.37
-17.083,236.27,503.8
-2.0678,241.96,518.78
-133.61,-9.5805,49.197
-82.225,12.745,155.36
-88.618,-1.8838,67.267
-25.38,152.91,352.2
-55.252,81.868,239.44
-50.618,156.39,392.96
-2.916,263.35,463.56
-75.111,107.98,230.01
-67.815,86.104,206.83
-83.632,21.934,177.93
-79.306,105.72,311.76
-79.524,16.257,157.07
-85.802,135.53,318.45
-15.21,283.85,515.72
-20.843,269.23,484.86
9.1701,228.19,451.53
-65.797,95.717,220.68
-55.096,188.13,415.82
21.27,259.99,486.47
24.717,259.19,495.42
-26.569,195.15,451.42
-91.454,27.214,100.36
-117.19,50.266,184.75
-17.58,175.88,372.97
-118.3,22.355,162.11
-49.339,216.54,422.23
-98.936,61.51,238.3
-0.29471,215.71,424.79
-97.655,47.359,221.29
-69.966,173.14,353.19
-35.245,213.36,463.9
-54.834,90.782,283.94
-44.223,162.19,320
-20.953,175.14,418.26
-90.443,123.14,302.25
11.262,237.68,457.5
-38.122,186.79,435.79
-91.624,82.765,188.21
-38.978,224.74,463.82
-35.511,207.47,458.68
-77.32,19.108,123.96
-117.94,21.144,161.52
-90.956,126.22,292.6
-71.266,34.08,170.8
-61.646,83.257,278.51
17.059,249.31,473.93
-66.679,55.08,182.99
-84.158,11.917,157.21
-114.94,55.529,161.47
0.24982,229.63,500.88
-34.216,242.48,476.49
-55.369,198.85,381.39
-79.035,56.45,155.34
-99.311,3.1642,151.19
-86.666,12.971,162.93
-45.543,212.98,396.58
-40.333,233.28,438.84
-20.75,268.85,514.7
-95.135,107.19,284.42
-58.05,187.82,360.18
3.3336,215.97,435.1
-6.6965,242.31,436.78
-86.028,51.475,140.69
-48.406,102.76,265.76
-81.272,107.72,311.88
-126.1,-24.562,89.964
-42.805,165.02,324.41
-124.51,-41.575,67.097
-130.65,-7.213,100.39
-103.93,39.763,114.78
-32.523,145.41,370.68
-63.47,186.26,389.01
-135.66,-12.416,73.426
-30.204,234.65,485.72
-67.355,169.83,380.94
-65.411,96.628,222.23
-69.57,134.08,271.02
-65.857,70.185,256.5
-84.369,140.18,301.64
-100.16,24.598,186.31
-91.643,-27.969,78.847
-55.58,159.82,393.05
-18.323,174.31,370.68
-74.345,66.037,173.84
-49.461,109.66,263.54
-21.321,160.62,367.93
-105.38,52.732,139.21
-9.1661,244.08,437.35
-103.32,43.749,211.02
-37.817,124.37,311.31
-52.98,136.39,365.92
-11.964,200.47,457.88
22.318,251.41,519
-88.047,34.935,115.17
-25.092,263.02,499.38
-53.382,149.95,383.61
-16.373,202.01,388.71
-74.072,165.18,349.09
-74.38,47.922,220.73
1.3248,286.03,495.34
5.2689,214.87,446.15
-133.81,-3.1362,81.578
-53.574,156.18,306.78
1.3405,227.03,496.05
-88.984,129.34,285.42
-57.781,199.41,396.33
-51.833,118.92,265.47
-86.611,40.977,125.26
-54.613,202.73,390.42
-100.68,2.4986,54.334
-68.626,47.582,207.08
9.186,254.38,463.33
-32.355,249.89,466.13
-49.54,95.526,274.91
-7.5877,221.31,415.7
-90.861,-14.227,110.33
-80.758,21.198,172.11
-48.378,141.96,293.33
-87.466,-17.912,58.787
-92.848,-15.063,111.82
-43.189,228.82,440.59
-38.232,228.69,420.03
27.098,257.31,511.2
-129.3,-8.1719,40.805
-43.619,151.85,309.15
-112.54,68.568,198.86
-73.959,34.949,145
-87.062,112.35,307.51
-100.87,-7.1507,39.543
-58.121,128.79,354.09
-42.507,195.29,440.15
-66.732,58.959,232.31
-59.173,79.969,266.95
-69.443,82.488,282.45
-89.855,128.51,299.11
-126.37,1.2043,56.572
-60.405,66.47,225.97
-102.65,5.5041,154.87
-125.22,13.922,83.749
-46.558,105.37,298.98
-21.78,159.39,375.31
-79.889,119.21,325.2
-50.072,180.78,418.7
-78.783,97.648,302.44
-59.342,110.53,326.69
-50.292,188.11,354.4
-38.669,133.01,352.87
-21.183,254.09,512.04
-34.681,231.44,421.3
-11.161,265.25,465.94
-72.564,162.75,364.34
-100.76,-14.451,119.77
-26.653,205.1,382.05
-2.7235,219.29,421.44
-122.8,12.579,141.59
-113.75,-18.085,111.99
-95.128,49.121,131.51
-22.907,198.17,456.24
17.751,239.88,496.96
-22.422,192.97,448.98
-28.992,215.47,394.09
-23.154,209.35,470.38
-81.339,137.93,286.16
22.525,248.2,502.87
-91.959,-31.643,70.029
-70.754,35.691,167.04
-95.681,8.6843,160.41
-9.1243,199.43,399.55
8.0695,260.39,467.35
-112.24,33.283,185.76
-109.14,78.382,217.29
-53.679,206.74,401.21
-129.99,-13.115,96.562
-56.593,99.764,306.25
-88.362,13.928,86.617
-89.855,125.47,303.98
17.852,277.7,493.17
-86.348,101.28,219.12
-36.866,172.65,338.05
-47.721,212.85,439.2
-53.641,92.822,286.23
4.6653,253.04,457.13
-138.5,-32.132,51.696
-106.18,77.315,192.79
-100.78,-21.851,105.82
-27.098,179.24,355.53
-60.889,103.55,315.57
-62.327,61.533,208.4
-79.272,18.131,114.47
-61.14,187.98,366.9
-92.74,94.813,210.78
-73.952,46.989,218.17
-106.93,80.59,204.53
-58.814,90.724,290.5
-66.576,174.7,345.11
-41.636,149.09,308.9
-108.55,54.989,215.59
-85.159,138.1,319.64
-103.61,21.903,180.27
-93.439,-38.799,55.726
-90.377,108.58,235.82
-120.79,-44.656,65.032
-129.25,9.5003,86.246
-87.612,129.49,312.87
-115.1,45.919,137.07
-86.828,8.9138,154.68
25.812,259.24,499.28
-68.094,51.303,215.97
6.1278,257.6,462.84
-83.955,82.526,279.13
-61.473,88.113,219.73
-113.64,-29.594,93.168
-82.949,143.47,327.04
-71.989,37.752,190.96
-36.524,128.56,334.12
-76.676,70.638,176.54
-72.284,99.619,308.74
-29.058,256.54,483.65
-82.332,-3.423,96.249
-50.16,159.45,396.85
-98.874,-5.7534,135.16
-90.425,-23.133,87.614
-102.9,-2.6845,141.05
-94.312,110.31,287.82
-86.563,-19.606,71.425
-108.44,39.194,198.72
-20.747,178.46,424.51
-132.38,-9.5154,92.324
-37.239,216.46,463.28
-29.106,251.1,491.67
-26.041,257.34,500.25
-63.848,181.27,355.7
-19.211,269.39,520.03
-25.099,208.53,468.4
-104.28,43.979,122.42
-81.538,10.933,100.96
-72.433,32.703,152.89
-78.081,121.82,330.17
-89.12,53.471,141.23
-108.97,-1.9893,140.28
-23.241,160.87,389.12
-118.23,22.139,162.02
-72.534,147.71,359.84
-89.284,25.806,100.96
-53.036,203.4,423.55
-3.4459,219.11,420.1
-71.596,147.11,293.73
-69.461,134.18,271.18
-94.183,25.656,95.372
19.364,287.88,504.38
-18.207,179.31,423.52
-52.099,148.35,382.26
-52.822,127.63,272.7
-78.767,118.91,247.35
-82.273,54.102,237.01
-116.14,56.558,172.21
-76.31,121.52,332.14
-68.873,143.45,286.11
-37.44,195.83,445.84
-116.81,1.2428,47.643
-127.27,13.468,89.03
-97.003,99.813,226.9
-40.101,211.72,455.72
-46.965,141.53,373.82
-6.0681,199.69,450
-5.2812,264.19,464.1
-43.503,192.95,360.75
-17.431,279.23,507.67
-129.14,-20.109,90.458
-65.531,71.123,196.04
16.989,252.15,474.59
-36.507,242.01,457.79
-66.77,72.39,194.27
-45.206,224.75,436.44
-122.02,24.282,101.04
8.5675,261.16,468.55
-45.914,125.38,346.01
-76.44,45.342,146.72
-21.518,250.65,446.22
-63.887,62.817,234.45
-49.952,215.22,423.5
-55.567,151.7,299.87
-88.441,0.42571,138.78
-89.766,125.48,304.44
-17.74,168.47,377.94
-115.96,43.239,187.08
-72.047,166.03,364.96
3.837,290.41,501.58
-105.43,76.626,239.77
-77.475,143.27,346.93
-64.608,185.21,374.81
-6.3582,212.37,475.18
-83.199,91.288,290.93
-69.363,65.537,251.11
-36.932,232.07,470.08
-111.72,58.442,210.08
-117.89,51.202,178.51
-69.616,39.132,178.13
-81.404,0.79273,116.72
0.65191,216.59,477.04
-53.831,206.13,399.42
-81.579,147.58,329.78
-43.421,167.86,410.63
-107.32,60.154,222.98
-29.482,143.47,339.77
-65.182,104.88,232.39
-47.839,106.8,267.76
-96.278,112.96,267.46
-48.043,187.52,426.85
-73.561,56.494,164.42
-82.971,7.9356,145.44
-36.499,225.58,469.49
-100.1,23.065,183.95
-65.36,136.94,359.88
-35.028,231.87,422.52
-95.629,74.694,175.09
-45.028,198.11,439.06
-37.6,132.63,349.96
-24.995,201.17,459.61
-45.281,265.71,466.21
-114.61,16.383,50.528
-136.85,-3.3794,100.79
-89.745,96.346,189.21
-83.758,110.6,301.24
-97.565,29.176,94.57
-100.39,131.42,245.74
-81.648,59.625,190.53
-101.46,14.245,133.29
-100.39,120.58,224.96
-0.76869,244.26,478.48
-48.99,258.45,461.59
-55.693,128.43,301.78
-97.111,142.45,322.19
-98.737,129.98,310.53
-69.517,182.77,397.54
-124.17,88.393,211.73
-88.931,149.61,271.23
-54.568,220.94,378.1
-5.1635,240.97,446.02
-117.27,41.123,89.162
-5.3398,234.67,452.97
-43.096,181.61,407.01
-86.981,94.556,276.1
-79.6,155.38,360.26
-41.503,168.3,336.91
-135.93,16.546,128.37
-139.54,33.418,133.74
-56.277,243.21,430
-30.907,183.25,387.11
-146.37,-19.085,64.108
-91.41,73.269,241.08
-91.948,79.838,252.41
-144.73,17.293,71.027
-50.803,175.44,322.78
-132.66,36.508,87.536
-82.032,91.373,192.88
-122.51,81.851,221.4
-102.5,-13.207,54.617
-80.952,63.115,200.56
-49.767,256.73,460.75
-29.293,229.42,397.87
-103.79,-15.346,39.183
-10.471,235.37,430.85
-70.28,117.06,239.23
-98.473,72.64,148.57
-125.98,82.97,189.48
-100.45,17.609,139.07
-78.449,119.17,314.78
-122.19,-28.078,67.43
-36.39,228.34,391.33
-38.628,244.64,411.82
-92.617,34.695,162.6
-12.008,247.67,433.83
-129.16,16.861,138.69
-131.61,65.751,175.68
-73.291,143.28,264.26
-138.34,42.462,140.5
-102.3,88.857,171.21
-9.4714,304.52,497.83
-119.75,91.944,235.1
-101.33,-0.31694,56.857
-98.918,55.658,124.44
-96.733,40.016,108.34
-9.8332,278.49,464.31
-57.596,241.32,431.03
-83.828,78.158,175.94
-86.365,107.6,207.29
9.1494,285.24,491.02
-93.945,96.873,186.86
-55.218,160.95,377.51
-85.448,181.89,361.39
-53.532,157.65,371.21
-44.162,158.69,359.69
-77.269,92.881,203.83
-84.407,65.326,218.42
-77.513,183.38,325.45
-109.22,127.48,257.05
-76.946,128.91,329.43
-75.621,76.613,210.48
-54.47,176.59,400.8
-105.96,64.886,226.22
-120.51,-34.301,54.619
-25.739,228.75,400.99
-115.16,113.99,246.99
-90.288,31.251,131.49
-122.1,21.123,54.048
-85.729,53.228,152.15
-47.788,256.18,440.69
-34.055,241.52,488.41
-51.234,229.67,458.51
-78.136,126.88,326.24
-145.33,-2.1631,85.954
-3.4038,260.55,455.57
-125.37,38.996,86.329
-27.97,206.45,382
-82.732,56.715,186.92
-112.7,45.671,98.121
-43.521,268.96,478.9
-86.626,128.38,323.87
-77.183,178.83,383.44
-49.89,254.3,441.74
-45.495,154,349.33
-41.9,246.05,414.44
-70.446,102.24,228.47
3.2153,295.96,492.51
-95.955,158.75,326.71
-86.822,55.448,148.93
-87.44,172.26,357.27
-28.176,196.33,378.82
-104.57,22.589,154.19
0.66361,246.24,472.06
-66.899,105.65,277.49
-57.633,125.56,282.03
-86.738,54.814,148.82
-56.72,151.77,362.7
-95.986,48.638,119.89
-135.1,51.955,131.9
-81.47,167.63,368.55
-123.92,88.025,214.85
-37.3,177.68,350.52
-52.544,144.9,344.25
-65.963,129.8,258.39
-68.722,197.56,345.01
-30.782,229.01,396.12
-144.32,19.564,76.104
-136.16,30.473,143.18
-116.96,13.081,140.38
-58.094,154.26,367.49
-63.546,153.05,366.28
-81.592,93.359,272.46
-83.087,74.575,236.9
-108.15,53.008,112.13
-78.81,72.508,187.95
-60.803,210.85,431.25
-135.1,-21.314,76.033
-47.043,258.67,474.98
-40.801,169.15,379.46
-40.497,172.46,386.81
-65.286,120.64,252.88
-36.435,171.31,364.3
-54.965,184.31,327.98
-23.866,265.19,520.79
-15.262,220.92,454.69
-85.711,183.61,347.62
-109.57,6.1376,125.86
-96.474,9.3828,94.016
-64.532,167.55,385.56
-91.544,130.2,321.18
-39.175,259.84,496.22
-52.732,204.62,435.37
-59.832,128.97,320.46
-48.972,158.59,368.99
-90.431,173.52,337.65
-59.074,171.32,309.67
-151.21,-4.4011,37.609
3.1735,252.48,491.75
9.6901,287.78,493.45
-53.221,134.53,313.09
-43.259,269.04,481.33
-117.1,35.766,176.64
-124.67,-29.146,66.128
-31.89,199.33,370.64
-56.765,130.66,317.34
-25.91,222.01,395.29
-84.082,122.89,229.8
9.9121,265.08,494.69
-48.932,145.22,315.45
-111.27,85.78,166.81
-115.56,48.676,102.29
3.041,279.29,477.79
-83.162,165.08,363.92
-112.38,119.61,245.25
-109.3,117.32,228.32
-102.55,-13.32,52.684
-34.332,276.25,463.34
-136.58,46.578,151.31
-69.92,112.57,236.29
-138.53,31.97,88.5
-101.38,-2.0055,92.566
-36.195,217.54,459.57
-40.487,178.93,342.6
-74.83,121.87,236.99
-121.76,-19.569,83.015
-47.122,241.71,472.51
-86.402,59.288,152.97
-64.623,217.88,426.37
-60.637,235.46,427.06
-27.232,226.84,397.59
-58.821,183.85,408.25
-70.025,211.62,409.96
-83.287,71.184,229.78
-95.885,29.352,99.429
-100.3,1.7247,98.868
-34.935,237.41,483.47
-126.39,-20.967,80.657
-91.06,129.67,237.97
-69.084,95.091,237.83
-82.752,121.78,317.61
-16.02,220.48,414.76
-60.564,124.15,268.45
-6.221,298.33,489.69
-114.69,14.968,48.285
-69.4,216.79,407.47
-139.52,36.583,134.3
-97.173,77.175,156.14
-9.6319,261.45,523.26
-41.208,250.05,487.27
-97.515,155.78,300.39
6.967,278.59,483.52
-48.941,256.53,445.73
-54.457,168.78,311.81
-77.868,119.69,230.88
-74.942,187.31,392.6
2.1801,257.82,510.02
-92.336,115.8,304.03
-39.12,268.37,498.87
-104.06,118.26,223.23
-3.1145,299.41,492.2
-67.205,182.26,320.07
-52.81,229.82,392.16
-97.158,7.7706,85.501
-6.0716,296.25,487.11
-109.72,87.478,252.39
-93.345,83.019,167.75
-85.864,178.72,361.72
-136.04,50.676,133.46
-88.676,42.703,171.48
-62.533,176.17,313.15
-126.72,-20.338,81.691
-106.19,130.36,291.63
-134.16,15.842,130.55
-145.4,15.334,68.399
-102.75,18.308,143.87
-114.59,-13.451,91.218
-9.2404,242.87,435.89
-76.283,101.59,284.12
-71.242,146.17,269.49
-63.387,163.68,381.11
-74.134,156.67,281.72
-89.541,58.287,143.74
-27.22,271.89,522.85
-74.488,145.92,353.4
-135.26,-25.211,69.779
-74.115,113.48,229.05
12.106,273.24,495.59
-142.18,5.3033,102.06
-105.34,138.48,289.11
-64.873,199.72,346.89
-109.31,29.862,169.31
-96.627,8.8148,93.173
-55.804,144.07,289.73
-85.631,75.233,241.17
-121.26,2.9941,122.56
-120.9,37.203,175.79
-44.394,260.76,444.77
-40.437,182.75,407.42
-140.85,35.586,123.05
-72.876,90.625,253.93
-44.984,265.79,475.96
-119.34,83.667,169.81
-95.26,129.97,316.14
-79.227,124.92,323.17
-50.102,178.91,326.94
-27.637,279.93,464.31
-47.082,262,468.49
-146.42,15.774,80.166
-79.592,66.813,185.67
-50.898,146.31,304.71
-60.845,191.73,334.63
-53.071,136.44,299.21
-97.088,7.5839,87.131
-76.712,80.72,238.33
-139.66,19.607,123.37
-72.636,89.46,249.58
-106.64,111.64,212.58
-146.94,8.7822,55.775
-104.03,138.48,298.99
-97.511,149.45,281.18
-58.073,171.76,311.07
8.1185,266.3,518.86
-106.23,21.123,67.482
-9.9003,289.8,477.67
-18.881,295.86,486.78
-58.564,239.55,430.2
-139.72,1.4499,102.7
-55.147,200.45,348.06
-149.33,-23.231,52.595
-46.513,149.64,327.49
-117.43,90.196,240.95
-111.1,105.77,205.59
-103.43,-3.9672,94.49
-120.7,74.344,220.47
-54.234,132.59,311.95
-129.08,30.313,156.83
7.7561,292.38,494.04
-65.68,166.58,299.09
-70.975,144.2,267.28
-26.733,246.12,417.51
-33.485,271.53,453.31
-5.0995,305.48,499.37
-78.913,163.73,369.04
-66.749,213.23,373.71
-146.45,15.805,85.364
-136.77,50.122,141.7
-78.615,189.69,384.9
-70.166,190.26,333.09
-51.568,138.8,306.86
-112.32,100.03,195.11
-39.681,209.3,447.9
-76.404,75.006,203.54
-74.675,198.37,396.85
-60.441,139.48,276.68
-105.08,-21.462,49.18
-109.48,68.034,135.8
-73.541,84.285,235.9
-36.538,280.56,479.23
-76.982,189.11,336.34
-48.344,252.34,432.08
-131.68,-14.254,89.648
-103.8,-8.9942,82.428
-109.4,-27.869,51.141
-111.46,56.231,115.84
-38.321,238.29,403.02
-118.82,96.508,199.19
-102.45,36.79,179.82
-26.944,276.38,458.12
-53.631,233.3,456.19
-22.884,205.16,394.99
-69.263,104.13,279.91
-120.85,79.888,163.88
-49.836,179.57,405.42
-7.2429,257.42,447.59
-138.22,45.231,134.87
-116.27,69.479,139.07
-82.778,109.69,213.35
-115.46,93.11,184.59
-45.201,230.21,466.95
-68.156,168.14,384.05
-31.102,260.43,508.85
-73.113,90.285,253.72
-89.409,45.338,181.1
-62.184,132.44,267.92
-119.13,46.793,98.905
-124.25,40.263,176.25
-23.892,202.81,427.51
-94.008,45.211,189.27
-34.47,268.87,509.41
-30.522,243.47,493.11
-25.674,220.62,394.61
-57.562,133.96,280.58
-74.936,182.25,321.56
-107.26,29.093,167.62
-90.946,28.985,127.82
-43.867,268.39,477.28
-112.66,116.18,234.55
14.178,272.85,511.29
-66.922,204.31,416.81
-76.694,95.017,206.93
-66.371,103.94,246.34
-102.82,4.402,113.4
-95.833,45.599,192.05
-132.15,64.052,158.06
-109.45,-29.951,45.814
-30.925,231.64,398.73
-135.77,51.817,136
-125.5,55.717,192.5
-39.883,175.35,342.7
-21.08,270.36,449.4
-69.91,160.94,374.51
-1.5389,301.21,495.09
-110.11,11.861,137.11
-115.35,21.176,57.376
-39.17,195.25,427.81
-71.285,97.451,267.83
-63.866,166.83,300.59
-84.665,165.73,361.65
-79.188,169.75,301.91
-124.12,87.189,214.26
-86.199,51.238,149.45
-143.73,20.739,108.52
-114.64,114.89,242.09
-48.093,223.74,458.09
-34.723,177.79,360.63
-138.35,30.936,137.09
-87.064,124.03,318.21
9.8829,290.1,495.27
-93.182,167.41,328.08
-93.999,165.43,327.42
-69.257,98.311,263.83
-83.056,94.986,195.26
-39.762,198.12,432.29
-54.356,199.6,428.81
-65.702,224.51,417.51
-56.348,242.94,444.97
-46.243,157.13,321.01
-121.4,66.19,136.1
-19.61,228.77,475.11
-33.583,239.14,405.66
-9.3788,227.86,437.88
-37.317,241.05,406.92
-98.945,153.81,302.29
-118.22,21.014,55.322
-16.982,214.19,440.31
-140.52,37.049,123.69
4.6371,292.83,490.88
-126.62,79.326,202.79
-88.905,174.53,326.8
-145.17,-23.111,61.175
-133.52,-17.767,82.797
-105.13,24.263,157.79
-118.71,101.43,239.53
-78.974,172.92,376.41
31.499,31.655,314.55
-10.813,-75.513,80.369
53.122,102.11,371.87
-15.346,-74.812,149.1
58.711,181.81,531.85
32.352,142.42,404.2
52.027,212.22,502.24
3.4741,11.132,299.38
66.485,121.45,422.5
-42.056,-31.681,152.43
19.876,138.85,423.81
-6.9438,-64.055,163
68.019,127.77,424.37
26.036,137.99,454.81
23.746,8.0972,248.05
57.1,106.86,384.05
-32.251,-4.2771,202.15
30.155,166.73,464.55
-5.6177,13.562,297.6
1.0641,-6.4629,182.29
45.776,84.419,345.07
73.473,142.12,464
22.532,15.948,298.11
-14.252,41.61,304.96
-7.2461,-23.614,243.12
0.30044,56.331,280.24
59.077,101.14,401.96
70.346,159.55,503.8
11.456,105.17,361.18
-0.82409,-61.492,131.79
-13.464,28.696,301.93
-12.93,47.196,309.77
-12.863,-79.497,70.867
53.803,190.01,535.54
-15.71,39.646,272.11
31.587,26.789,287.61
-32.837,-74.247,150.44
-5.8905,66.824,315.07
-14.591,-18.539,152.32
61.466,227.69,517.76
17.765,-7.3168,220.14
3.613,16.504,216.49
-17.269,37.862,287.91
27.09,32.687,267.51
67.01,202.55,481.42
-54.453,-83.382,105.96
22.566,7.901,278.17
-15.659,28.635,242.58
-15.605,33.208,253.42
-6.3205,-25.818,147.3
-18.658,32.313,284.89
5.456,21.988,225.59
0.13303,37.011,246.94
-3.4524,-67.899,116.61
33.336,138.59,397.82
-38.478,-99.797,104.29
60.992,108.81,398.97
55.573,140.03,406.37
30.73,163.3,474.44
47.25,69.124,356.37
86.733,228.05,520
5.3973,24.547,229.21
27.071,158.15,456.19
-26.532,3.8943,250.79
22.952,137.62,446.97
-39.322,-113.61,79.15
-14.41,43.627,303.24
31.794,85.913,327.67
-3.844,-53.694,118.92
62.379,233.95,527.36
1.2758,82.756,367.62
38.751,153.54,486.44
29.322,33.368,324.23
53.773,90.857,371.24
1.5455,5.8278,199.7
0.22569,69.854,306.39
38.998,65.077,317.5
29.348,160.53,469.3
68.56,227.55,513.72
-9.6066,51.253,283.76
-44.224,-86.141,121.4
43.114,157.06,421.67
-18.914,15.007,217.1
9.4405,0.79003,281.89
-29.729,-31.298,129.5
-54.248,-72.853,63.928
-56,-76.584,105.55
-5.4856,20.545,219.69
44.278,174.16,446.13
50.972,104.14,368.89
-1.6585,59.781,349.78
57.309,105.47,384.31
50.693,158.76,502.3
52.06,82.098,373.99
62.92,111.82,409.74
6.1875,37.459,336.69
41.897,172.41,505.37
27.835,40.109,339.73
79.868,160.42,489.72
19.274,-7.1036,235.21
32.998,168.56,451.54
18.866,2.8161,226.25
5.1471,95.726,355.71
14.976,-15.872,234.51
13.449,17.864,309.75
3.6109,67.396,297.9
49.804,102.36,365.51
34.304,137.06,395.23
-1.3495,-41.968,136.11
69.266,186.59,464.62
-44.586,-92.873,111.01
11.665,34.898,247.91
15.322,126.13,415.78
9.2973,22.046,316.7
45.446,195.57,481.28
42.205,133.26,390.43
34.045,38.066,292.18
23.476,13.098,246.36
-2.616,78.128,346.47
-28.749,-29.142,217.76
53.781,181.83,454
67.813,173.29,450.14
-37.177,-86.369,127.77
-17.01,17.085,219.16
44.255,62.663,336.17
43.745,113.57,368.52
34.03,138.38,467.79
0.73864,87.401,354.56
22.677,145.97,431.26
-12.47,6.0413,195.11
64.284,200.18,477.99
30.998,76.061,315.6
19.162,5.1181,228.36
7.5412,-33.294,170.75
67.585,124.19,433.97
15.249,56.186,365.51
33.791,35.292,316.02
-24.531,-2.4307,252.54
51.425,97.716,365.57
48.543,133.24,393.57
-31.484,-44.04,104.62
1.9104,35.359,330.83
50.387,208.13,497.13
80.265,158.76,481.55
50.906,128.04,390
-57.94,-96.004,84.613
9.8667,86.496,391.06
7.2192,34.979,334.12
-13.64,32.102,246.99
-24.831,-38.266,115.25
51.755,89.709,363.3
67.732,124.67,435.16
12.124,115.3,384.36
-23.207,-85.968,130.77
-48.192,-57.223,92.579
18.614,89.341,327.84
82.058,165.66,495.49
-7.7501,-39.753,126.46
40.146,105.69,435.91
-6.4538,-23.735,243
25.577,57.234,369.01
-10.749,-90.071,85.968
65.81,134.05,417.22
-56.383,-69.232,94.776
21.681,21.732,311.25
41.88,182.31,511.14
61.365,150.87,494.98
4.605,95.896,378.46
75.255,161.68,502.57
-8.7231,-60.323,100.02
41.348,162.21,496.9
76.684,149.57,456.92
64.829,146.28,423.08
24.254,7.1518,265.96
-35.339,-72.653,150.97
33.144,41.001,333.65
-7.8724,14.519,209.5
-18.711,23.35,284.79
-18.424,-0.30278,185.28
-12.506,-83.396,124.11
85.38,175.38,484.87
18.991,-3.3516,257.92
-39.727,-68.344,152.23
-4.1851,72.327,325.22
-18.633,-78.959,57.788
-48.513,-50.881,144.64
61.635,107.94,409.77
-2.5847,35.304,326.08
94.289,195.76,525.6
3.5348,93.28,374.07
30.709,134.14,460.02
32.711,167.01,448.68
65.363,184.66,538.23
13.232,-18.548,198.44
30.821,85.79,408.73
19.295,61.559,374.13
0.10691,-5.0628,183.15
1.0534,-49.278,138.51
36.315,91.058,337.41
42.889,200.12,501.31
60.92,114.08,434.33
-25.351,-45.31,102.48
24.333,50.889,280.04
20.824,84.747,402.57
31.44,52.945,359.59
55.006,178.83,526.16
3.968,20.996,313.7
-37.203,-16.276,188.32
72.342,212.77,495.14
-24.892,7.4826,257.88
41.346,154.68,490.47
79.467,155.89,472.44
11.472,53.619,274.11
46.717,211.23,521.97
79.096,158.78,462.78
40.354,181.13,462.03
-57.723,-74.293,94.367
62.897,121.38,405
-3.4769,22.59,223.14
70.846,172.48,452.55
-49.299,-50.16,123.63
11.704,51.479,357.66
38.428,187.9,484.73
-15.629,-63.349,172.87
-18.466,-62.093,175.86
23.556,4.7648,259.2
-33,-41.41,196.57
33.859,166.9,485.31
2.8365,-19.421,248.32
-36.998,-23.33,202.18
-12.762,49.429,291.46
15.14,97.875,408.5
20.546,59.629,372
93.547,209.99,515.2
47.66,171.93,512.74
3.4863,64.242,292.32
8.6896,58.73,281.47
57.855,175.06,524.07
0.71525,-2.0202,187.96
29.694,126.28,452.09
7.3764,15.694,218.52
20.667,138.39,415.83
-41.549,-66.725,62.15
-24.63,-19.142,235.68
28.842,156.43,434.6
49.225,76.679,355.05
18.752,-8.5439,235.09
-11.281,54.073,300.69
-42.402,-51.521,166.9
49.64,216.11,539.54
-6.3472,-74.466,100.19
11.693,112.96,379.27
-5.5869,-13.984,258.87
5.5751,53.404,273.21
24.52,115.55,436.38
30.008,31.297,317.99
-6.4197,-40.521,127.56
7.3704,72.374,375.58
-22.304,-10.064,249.44
7.6783,8.3822,209.38
-55.317,-68.721,82.377
3.8336,55.732,277.42
3.9933,-44.211,188.66
-54.666,-96.073,91.737
43.835,61.721,353.49
43.939,177.07,450.9
25.786,154.53,443.36
-4.5988,-69.392,109.26
-0.29666,-61.036,139.7
-2.6099,77.915,347.55
11.467,61.832,286.34
-40.754,-26.097,170.59
74.137,180.73,533.31
0.98368,-29.962,153.54
-49.303,-71.367,130.8
38.501,46.795,313.23
76.192,173.83,460.94
58.28,180.55,452.7
19.413,-4.6822,229.11
-40.205,-24.587,180.11
17.768,-7.3952,220.18
50.267,182.43,524.87
10.755,88.361,329.77
-14.808,-65.975,167.28
-62.26,-86.819,70.125
62.632,145.01,418.94
-26.239,-94.758,114.11
59.24,232.34,528.83
9.0036,93.712,341.76
60.546,105.01,406.02
6.7033,44.172,258.8
22.437,124.4,382.39
-18.894,-100.53,92.113
-52.248,-65.656,79.442
33.55,77.071,396.89
51.494,137.57,477.86
58.108,106.88,425.04
27.126,69.203,386.08
63.357,198.86,476.21
-37.815,-56.589,170.37
-53.259,-83.733,108.66
-20.071,-7.0001,173.11
-19.554,22.15,235.03
49.722,84.961,355.65
44.158,87.509,344.18
89.864,185.39,502.29
-30.827,-83.966,134.96
3.1222,-41.148,200.32
-11.315,-84.661,73.572
-12.849,-20.09,246.55
19.845,11.646,293.14
-12.082,-63.735,170.08
26.304,13.631,261.03
6.4179,-39.441,165.91
21.397,26.61,250.4
85.312,171.85,489.79
59.242,126.68,460.1
33.636,66.821,309.09
90.106,185.44,516.98
83.483,192.97,546.67
-6.7543,-4.445,178.7
9.952,-25.55,224.13
-46.76,-59.368,83.875
87.446,177.77,505.04
33.102,174.46,470.93
91.103,188.21,507.47
82.019,174.81,473.31
86.36,176.44,489.5
68.709,188.61,466.37
-1.6869,4.1767,287.49
30.995,168.99,465.98
-8.7242,60.783,324.56
-5.1966,33.38,320.68
42.353,74.607,387.46
28.081,34.316,328.24
24.431,9.4825,275.11
-55.656,-68.496,105.17
6.2013,-42.961,171.16
6.3394,63.4,289.45
44.096,168.79,505.82
19.232,135.42,413.57
-62.006,-85.097,67.948
72.853,172.92,522.54
-57.702,-80.019,96.934
-12.455,48.546,311.72
80.555,164.67,467.35
-9.1894,-27.525,236.42
9.5006,-33.865,193.36
1.8588,-52.215,143.07
6.8368,75.998,310.9
51.922,82.353,368.2
-23.529,-7.2439,174.77
-56.462,-69.754,88.329
48.029,89.48,353.16
40.15,120.56,454.26
-31.432,-85.691,131.73
77.827,176.46,465.44
36.708,51.57,349.98
-29.448,-5.9452,236.66
16.679,124.77,424.8
37.924,187.3,494.24
-60.234,-91.321,81.678
3.0413,86.238,337.29
51.679,89.882,402.34
-34.804,-34.809,125.93
23.351,10.294,282.29
-36.506,-61.463,71.329
6.1447,4.3711,289.04
50.457,84.12,358.17
-53.338,-89.712,101.93
-27.214,-23.388,226.78
-1.8214,-11.389,172.39
-6.8348,-29.12,142.08
57.832,160.76,429.66
41.497,54.481,326.32
4.9314,81.827,323.91
59.521,114.31,393.29
13.622,122.18,402.82
77.678,152.04,460.82
-21.809,-61.895,77.215
-7.8697,62.61,311.35
-27.814,-95.715,112.76
-1.4093,-50.529,128.76
26.985,14.054,273.28
-9.2435,-64.892,94.135
49.741,134.59,473.89
31.579,103.66,430.71
-16.766,-99.094,90.433
-21.536,-24.609,140.38
-10.058,49.696,281
68.358,126.09,434.98
22.679,44.647,271.04
-51.389,-64.311,80.857
60.805,178.68,529.56
74.536,180.73,464.03
63.983,145.1,485.65
-14.79,-56.016,186.62
33.561,62.065,304.54
30.798,29.169,278.32
-10.677,55.682,316.04
18.841,18.793,238.18
-34.642,-50.864,91.921
37.528,101.53,350.19
-40.087,-24.31,173.31
43.007,164.05,500.53
30.601,26.121,278.84
36.049,154.07,483.09
55.424,201.94,547.52
-16.201,-101.93,78.339
43.075,200.37,514.4
73.72,143.99,468.49
61.769,160.23,507.43
4.3039,-8.4032,267.77
-2.9485,107.37,355.12
27.961,73.234,355.88
10.305,120.65,370.41
-37.862,19.109,220.78
-52.42,-93.669,113.65
2.9625,117.73,368.28
15.384,40.03,316.91
11.995,161.55,479.19
-34.989,39.829,264.4
-32.294,-84.719,68.858
68.004,231.35,523.36
15.466,55.234,302.36
60.649,164.23,492.49
-27.876,-7.2922,265.67
17.747,117.33,448.11
-28.545,31.765,312.85
-10.376,59.585,364.12
-24.618,-26.725,145.9
5.7663,63.663,376.29
32.943,88.149,388.33
-22.316,46.768,336.82
-19.372,88.809,360.82
13.558,134.77,463.25
-31.255,-13.551,159.12
48.237,180.18,456.29
-18.339,-32.604,219
-29.894,-81.051,81.359
76.159,209.44,522.77
-4.2552,22.642,235.41
-23.934,68.935,308.86
12.491,167.15,445.93
-42.634,25.734,256.48
-5.6994,-18.671,211.67
-28.085,7.9278,286.41
43.545,159.55,432.06
51.16,143.19,470.53
44.153,160.13,505.37
36.001,224.66,516.59
47.749,171.29,519.95
-16.731,53.8,271.65
-33.987,-33.071,126.36
35.874,148.23,413.84
-26.92,22.955,305.79
56.21,150.91,455.43
63.688,169.87,483.88
-35.153,-99.852,69.849
-36.91,41.338,288.22
-41.402,0.60893,260.53
-47.076,9.7133,218.55
6.303,114.77,436.97
59.542,227.53,513.67
-57.363,-89.749,119
-26.704,-44.67,201.69
-59.563,-20.754,177.25
-22.069,-7.261,175.56
37.536,177.15,524.98
-71.414,-97.475,93.115
50.763,171.04,518.76
-0.98375,135.99,410.84
-73.527,-98.564,88.375
-21.593,8.374,198.74
8.9451,50.517,285.07
-50.794,-10.547,229.36
32.758,135.63,398.31
1.7809,10.264,239.27
55.76,180.18,464.54
38.25,136.66,473.95
-5.6643,-18.623,212.57
11.467,28.333,293.44
0.56889,2.3825,233.73
15.786,135.02,390.17
-46.594,12.409,225.69
-57.926,-27.401,144.38
-69.012,-48.839,117.46
-34.721,2.0018,272.16
-14.329,99.949,360.98
44.051,150.31,424.56
33.842,93.411,372.33
43.392,115.78,410.73
20.601,54.155,337.97
-20.973,-2.5222,183.31
8.4895,26.323,268.88
29.814,221.15,528.4
-2.2789,16.869,232.89
-4.9521,93.983,404.48
-41.853,22.239,237.03
-18.215,-36.762,209.39
-23.297,-31.974,224.58
45.662,120.93,426.87
-62.261,-48.517,168.58
-23.047,72.302,351.63
-3.0488,86.699,321.76
49.887,175.88,525.84
64.079,188.71,536.62
-80.456,-83.828,82.843
-13.215,-38.671,171.43
-42.956,-52.595,88.148
30.794,105.27,368.84
2.8972,31.982,257.01
24.413,93.189,414.92
32.126,207.05,490.26
-29.4,42.651,259.85
-20.983,29.1,231.31
-10.755,-32.307,194.88
-1.4773,36.784,336.61
-12.304,-34.284,173.01
-19.42,57.687,351.34
31.183,216.08,546.91
23.033,201.44,516.63
55.194,184.96,467.73
-19.292,37.911,245.73
12.975,116.49,444.52
60.994,217.37,503.72
67.36,218.46,510.85
44.513,137.58,470.81
-48.005,-30.763,126.2
-48.846,-27.808,217.34
32.612,128.25,390.95
-43.62,-51.076,190.43
5.141,143.11,455.08
-20.85,-9.3391,264.27
44.483,169.87,442.88
-18.806,-19.993,244.94
-13.794,96.999,387.32
32.991,147.54,488.99
14.959,38.702,300.25
-0.40306,103.04,346.47
47.009,124.83,433.89
-22.574,45.158,334.89
54.113,193.87,474.77
34.138,124.5,457.82
-44.532,13.362,220.24
24.2,154.87,492.53
33.902,142.62,482.92
-24.223,-30.024,142.2
-42.937,-51.867,189.51
-28.098,47.61,326.75
-10.059,-15.176,187.3
11.569,28.762,295.53
58.634,206.42,490.92
-12.859,4.5348,201.94
-13.604,-40.477,173.54
-58.359,-21.72,196.19
65.653,180.17,516.56
23.394,171.97,506.85
-5.3992,125.91,414.95
-33.282,-0.70293,180.15
-23.033,-56.098,170.45
-13.99,-41.126,179.83
0.50204,142.8,429.32
9.5804,161.68,471.59
34.253,200.58,544.26
-24.528,29.68,316.15
-9.5724,115.69,393.57
50.944,171.91,451.46
30.219,188.05,461.8
-41.508,-8.4474,167.48
7.0878,52.587,284.1
-3.9871,37.339,337.74
-51.96,-92.841,115.24
0.85606,106.09,350.78
-50.348,-105.57,89.738
-60.598,-81.238,130.11
-58.844,-27.66,146.04
35.911,94.687,386.46
-2.3842,110.79,421.63
-71.693,-87.814,105.35
33.924,167.55,512.51
0.11669,95.167,411.62
-18.892,38.85,247.26
-23.513,66.543,302.14
6.9693,16.023,273.4
-26.875,62.675,336.31
-21.852,-39.536,208.1
-27.6,-76.117,94.031
18.839,93.24,417.22
32.007,126.57,388.69
-27.801,9.4908,198.11
1.8975,57.753,283.87
35.733,113.61,383.98
-57.688,-18.229,172.06
27.6,188.12,463.44
-25.104,-25.953,236.25
20.867,75.494,328.14
22.972,75.849,386.04
55.447,150.05,473.71
78.168,210.2,531.76
-43.911,-22.759,140.68
28.269,193.63,530
22.164,86.491,405.6
25.851,150.24,411.01
-14.376,88.19,382.95
-1.2816,-6.4668,237.71
35.379,227.57,523.58
57.063,171.86,460.92
-72.047,-79.255,114.44
-9.3957,93.086,335.59
66.071,178.72,511.18
-30.814,51.44,320.18
-2.0687,124.71,429.68
-4.0037,64.051,288.42
-42.212,-17.155,150.98
-3.4958,129.35,423.99
-59.302,-55.471,80.63
-1.6609,-3.2473,223.25
46.034,206.42,484.5
17.216,179.35,498.3
13.299,45.778,291.35
32.614,170.59,437.81
-22.525,-64.936,126.12
-10.289,-31.188,188.45
-2.9786,84.498,318.41
-36.914,-65.047,76.376
-23.087,-66.772,127.9
10.314,156.35,473.07
6.6716,159.44,452.47
75.966,217.92,524.41
-80.924,-80.076,74.085
1.4157,95.035,333.92
-49.495,-10.329,233.14
-22.061,-15.448,164.29
-12.461,38.013,336.4
-59.902,-63.266,64.794
18.57,66.908,374.86
27.96,128.99,465.03
3.2027,6.7252,248.68
10.939,27.659,283.33
7.3757,23.676,301.31
-26.041,49.997,332.99
-77.707,-70.992,89.965
1.9019,16.618,242.59
-25.474,-56.105,175.37
-73.394,-60.362,117.72
19.363,55.12,315.03
38.72,112.19,390.7
-3.9518,47.355,352.26
21.713,113.17,444.1
-0.33393,30.586,326
16.979,51.663,345.7
-5.8378,120.4,385.98
31.006,81.338,368.96
40.547,188.18,538.65
8.4665,163.68,453.21
25.636,203.96,495.31
-6.3595,86.72,396.15
-26.608,-70.861,137.76
13.856,147.17,408.52
39.528,171.53,441.27
-49.604,-61.283,170.5
-37.649,-80.996,133.53
-50.711,-15.314,161.09
47.564,142.03,474.89
72.485,198.54,510.05
47.953,138.15,466.84
11.12,154.19,422.7
46.794,150.87,490.58
-29.054,62.826,320.53
74.061,207.99,515.99
-29.188,-79.159,85.11
-11.875,-13.48,184.01
-19.685,-49.679,179.19
36.776,151.95,418.4
43.546,210.69,489.9
-35.887,-39.111,213.06
-45.162,-0.6735,251.46
-0.87988,132.98,434.64
-58.445,-85.674,125.05
17.156,44.702,323.5
-43.807,-39.752,109.57
-22.684,47.381,336.84
51.677,229.98,514.87
-38.644,31.022,251.53
6.5264,115.46,363.41
14.525,140.62,469.57
15.672,41.013,302.48
40.949,202.9,479.77
-71.701,-105.29,81.61
-51.313,0.59545,227.57
-27.926,-76.715,123.15
17.111,126.04,378.27
15.297,45.242,334.27
-3.4917,11.806,225.72
-28.711,-31.736,133.74
-9.5806,113.96,400.76
-43.321,22.256,244.23
-1.4088,-6.9471,235
-49.266,2.6541,239.43
14.317,36.29,307.51
-14.942,100.36,379.16
4.2787,93.869,332.49
-33.271,-19.671,244.52
-19.813,60.154,352.82
-25.35,-43.58,202.91
-31.895,-85.625,70.659
-39.399,34.475,269.87
-46.637,-105.99,86.044
-73.319,-66.333,120.24
-19.758,51.788,345.34
-62.487,-29.276,171.42
-15.053,-44.41,171.31
69.602,219.04,514.13
0.095562,-0.048143,232.19
41.827,207.38,485.66
-5.0997,15.637,302.49
-12.372,34.06,241.89
-38.536,-90.082,113.44
-18.154,65.689,360.24
-5.1136,-12.947,207.07
28.08,79.229,349.9
-30.989,11.938,202.32
5.9964,35.735,330.39
22.766,186.36,515.1
-26.658,-50.927,112.92
24.622,95.895,419.08
-23.985,-62.913,153.44
-25.933,-71.608,102.9
-26.524,-62.75,160.78
-24.25,32.653,319.77
-30.702,-66.197,87.489
-31.234,-32.347,225.31
47.746,127.57,440.38
-63.713,-83.954,122.61
29.617,149,489.69
28.48,181.66,521.37
30.785,188.38,529.83
-12.328,107.11,389.65
37.123,201.78,548.89
44.983,149.14,489.13
-58.485,-24.521,154.19
-31.715,-38.693,120.24
-16.827,-16.61,170.68
-2.0747,50.435,356.93
-44.733,-8.54,169.33
-31.865,-65.562,162
41.894,112.32,404.31
-43.491,-51.216,190.28
-0.23416,74.375,388.63
-45.381,-30.724,125.8
9.5335,130.13,454.48
38.571,171.01,440.2
-23.464,75.735,326.74
-23.423,66.682,302.28
-51.146,-33.483,122.01
51.717,239.03,527.11
48.911,129.72,438.9
23.487,85.912,403.62
-6.6059,70.561,297.36
-31.504,49.306,279.47
-4.6032,-6.1027,256.54
-55.877,-21.755,206.75
0.17817,51.134,358.18
-22.264,74.383,318.04
33.695,132.16,468.96
-73.598,-65.418,78.863
-72.813,-61.996,123.13
-43.283,23.681,261.58
27.071,143.63,482.45
27.88,83.317,392.76
57.526,152.86,464.48
30.061,206.41,491.64
-0.7433,128.08,390.96
28.888,211.18,539.05
-56.423,-90.865,117.57
-15.453,18.196,217.29
57.358,208.72,492.18
15.001,170.67,490.02
-17.713,18.586,216.29
9.3226,151.94,468.9
-69.909,-50.34,135.15
43.979,211.58,491.04
26.81,71.097,363.01
-28.711,-8.2701,168.92
17.906,186.46,476.77
4.201,11.471,250.69
5.8161,141.64,456.15
-11.167,88.399,328.76
-17.761,-52.021,155.11
-22.453,47.429,337.24
38.136,121.92,393.98
-43.413,-32.979,217.58
-7.4199,89.712,397.3
37.36,232.47,529.62
-33.133,-0.49732,270.88
-6.513,68.195,377.09
-7.9374,109.56,408.52
60.008,162.68,490.78
-4.698,23.077,315.19
4.6713,10.318,268.39
24.303,161.96,499.38
-39.529,-18.482,241.09
-52.155,-27.296,211.95
-8.6959,-10.216,194.75
-20.601,-47.329,132.61
63.938,170.08,491.39
-1.346,132.43,432.88
-18.205,69.803,363.29
30.562,106.36,431.78
-32.264,-14.852,252.18
27.918,95.409,356.39
-19.241,45.606,258.47
6.1808,56.207,286.69
-34.614,34.156,301.99
22.803,119.72,452.57
-25.734,2.2202,187
-14.954,-42.871,161.36
27.769,156.84,497.26
-21.878,-40.724,205.56
10.884,69.486,384.17
8.4255,163.81,454.54
-48.285,4.6992,207.43
24.158,129.93,465.38
30.96,81.681,365.85
45.631,143.28,479.29
-0.92198,185.2,505.67
-78.642,-51.71,84.252
-67.224,-81.547,133.15
-49.711,25.638,223.62
-11.303,38.543,329.21
-55.874,-32.449,123.04
-55.282,47.571,287.09
-24.025,-0.24706,214.35
-36.98,-47.769,156.89
-57.322,39.009,265.36
49.106,192.15,499.27
-1.7462,177.2,500.85
1.4335,69.024,325.42
-30.372,57.001,359.66
-29.484,46.004,346.54
-2.1345,104.33,430.57
-63.996,-0.69734,252.91
-46.435,68.542,311.46
-17.375,144.71,416.54
35.483,187.62,469.65
-79.276,-33.499,126.44
41.149,182.16,474.77
22.399,118,431.36
-14.756,23.96,303.22
-9.504,76.757,392.79
4.7624,109.28,362.75
-66.668,-65.095,162.94
-76.187,-53.26,172.73
-11.126,161.14,470.24
23.682,126.59,409.64
-79.964,-99.149,98.351
-20.065,4.5589,267.25
-19.708,9.4675,279.4
-94.908,-68.255,112.36
-11.306,110.26,353.93
-89.407,-45.913,128.42
-39.828,25.771,223.67
-55.796,-5.3801,259.97
-52.51,-69.496,77.951
-21.606,2.8304,224.24
-1.7723,175.37,499.92
5.0829,165.49,429.39
-58.071,-71.681,63.503
28.695,180.31,455.85
-26.958,52.695,269.02
-59.165,1.9373,183.14
-70.769,-5.7555,231.55
-35.814,-44.537,162.71
-6.6413,48.344,342.15
-55.387,-93.104,92.354
-2.2561,160.76,425.16
-4.8701,172.58,448.47
-29.919,-26.473,186.07
22.259,189.57,461.8
-57.794,-61.242,170.62
-71.323,-22.89,216.56
-33.621,72.209,298.98
-77.438,-45.235,180.67
-62.18,12.759,208.92
18.4,236.77,533.15
-53.831,4.2503,274.13
-57.425,-58.214,82.543
-59.609,-11.886,157.08
-55.763,-23.286,138
19.239,215.69,496.33
-10.799,158.82,471.17
-40.622,14.165,205.53
-46.259,36.487,241.94
40.258,231.39,517.09
-54.095,23.766,222.79
12.833,94.693,402.91
-27.287,95.4,401.42
13.525,93.035,395.82
16.019,99.376,382.59
-32.899,29.471,232.79
-18.865,2.365,242.36
-35.099,101.8,366
-55.946,39.129,299.32
-5.1207,56.951,357.48
-20.793,16.794,234.9
13.898,107.59,427.81
-32.46,-10.237,255.84
-55.581,-97.057,78.57
9.3242,166.87,431.1
-57.278,24.831,288.73
-37.759,-27.393,155.7
-85.595,-52.057,90.773
-37.975,-7.0593,178.44
-7.3156,176.42,480.57
28.39,171.02,517.67
10.223,152.18,492.28
-6.1661,54.669,354.42
-79.866,-84.998,122.11
30.256,204.62,482.34
-85.491,-39.743,125.71
12.122,147.54,409.16
-24.692,-3.1913,210.66
-74.791,-27.35,134.43
3.424,188.62,517.68
-14.386,51.202,355.04
-11.214,97.058,418.83
-7.5885,173.66,481.74
13.6,94.954,372.31
-7.1711,171.86,452.18
-23.396,40.546,255.78
30.688,236.9,522.59
-36.224,71.055,367.13
-41.146,-5.7703,176.26
-25.377,86.397,396.05
16.014,139.12,404.03
-36.019,-43.027,179.09
46.837,194.73,493.32
-4.4137,44.376,301.08
-5.8387,65.959,306.99
-40.795,-6.2455,175.99
10.966,86.551,387.55
-55.39,-15.961,150.43
-82.978,-35.386,173.81
-14.228,85.686,403.76
-62.474,-0.92767,255.66
8.1735,119.13,376.25
10.972,83.57,367.64
-23.149,65.271,288.39
-28.429,118.08,384.75
3.4977,164.36,428.11
-93.897,-66.247,117.46
-68.584,-53.991,179.86
-45.781,-57.566,167.77
10.378,87.741,392.95
6.3363,83.707,393.16
-11.301,26.064,298
-15.829,10.39,261.2
-69.91,-19.009,147.76
-29.418,12.06,213.97
2.5106,131.79,465.57
-65.71,-94.913,105.64
4.5618,178.21,512.78
20.485,109.52,402.31
21.709,112.29,409.79
-19.928,58.184,281.04
17.188,114.06,387.41
-17.194,115.17,361.94
35.958,195.68,550.03
41.184,165.19,476.24
-33.432,96.955,389.07
-41.81,-58.881,150.56
-45.029,-48.211,117.82
5.174,94.768,414.59
-20.116,50.001,354.38
17.848,183.16,530.49
13.478,131.08,465.65
4.8088,66.775,344.13
15.762,96.408,392.63
-35.541,86.155,378.96
-20.395,102.47,343.25
-101.01,-89.177,78.378
52.79,200.91,512.28
40.264,233.74,519.75
4.3547,75.235,336.57
4.4774,188.78,519.87
-44.27,-39.593,206.56
-57.235,-95.352,91.634
8.5891,139.68,398.17
5.1668,69.959,340.7
10.578,161.31,424.36
-44.111,49.97,265.59
52.592,215.05,515.82
3.0299,86.445,339.87
-69.154,5.2713,206.77
-77.022,-26.548,139.82
33.745,223.3,505.26
-15.925,82.72,399.38
-58.658,31.084,287.54
-61.31,31.255,270.38
-53.202,-69.581,76.143
1.0725,200.12,502.12
-74.23,-41.057,191.11
-25.443,49.239,265.19
-91.26,-52.981,130.03
-43.487,-60.358,115.39
28.508,150.56,486.17
2.1553,118.54,370.1
-33.782,54.168,269.33
-53.72,-86.131,108.6
12.338,164.17,506.76
-41.318,-2.4366,180.74
-5.8621,135.56,463.71
-11.586,152.34,467.07
7.9068,164.52,427.95
9.5218,111.01,437.62
-12.845,127.69,448.65
-16.848,7.6141,253.89
-52.881,-31.459,127.1
-42.265,-56.794,121.76
28.011,167.23,512.42
-57.453,-89.841,107.46
-50.009,51.503,276.73
-15.222,35.206,262.5
-10.279,48.035,346.62
26.165,165.2,439.22
-12.364,63.423,294.91
21.125,233.63,523.26
-78.8,-52.883,81.877
-15.939,132.36,447.29
-77.596,-50.639,173.94
-57.714,6.2673,190.81
49.817,200.52,547.32
18.036,174.1,520.59
-45.56,68.251,342.46
39.247,224.81,509.28
-6.5426,175.96,485.67
-14.729,102.92,343.32
-37.256,50.786,264.06
-10.491,105.15,428.56
55.973,204.4,530.74
-19.6,37.978,335.47
14.462,190.2,534.82
-59.607,35.072,264.32
23.893,236.22,524.92
-28.518,106.77,357.73
-15.427,152.75,431.07
-47.853,-49.758,109.75
21.366,232.04,520.36
-37.413,5.8294,286.28
-53.503,13.018,201.77
-25.85,92.534,401.15
-82.475,-37.003,175.25
-27.737,-17.813,194.95
-24.296,104.48,348.58
-57.65,-89.524,108.66
-42.385,42.515,331.23
-64.127,-64.725,164.29
-95.385,-70.202,109.68
-36.194,-45.346,168.01
-48.314,-77.214,115.48
27.629,187.11,461.84
-7.1533,35.617,309.1
-31.603,75.641,303.88
6.4211,92.3,409.26
-34.767,82.471,318.43
-46.62,-4.8398,172.86
30.664,199.31,554.42
-3.1888,71.932,382.82
-66.124,-98.107,99.009
-31.817,47.783,259.88
50.414,223.02,517.82
-75.367,-77.377,137.81
-46.839,49.763,330.44
-25.869,121.99,385.85
-37.886,-39.965,196.15
-45.165,-48.75,116.96
-11.138,82.153,317.71
-16.568,9.4228,266.07
-50.453,-67.971,150.23
-48.273,-40.521,207.2
-5.5541,182.04,484.38
24.019,120.42,431.21
-82.242,-51.982,163.64
-9.9457,29.06,277.59
2.8449,185.24,514.67
-73.207,-1.0595,211.46
-24.724,47.828,350.73
-7.1295,52.499,351.45
-11.026,113.45,358.36
4.711,206.9,501.87
0.43052,181.08,507.5
-92.082,-70.645,121.02
-27.925,6.9535,210.81
-2.9948,86.457,330.7
-23.129,117.88,371.5
-1.6086,77.182,324.04
-47.104,-49.906,111.2
-13.535,19.023,262.02
-72.965,-64.549,160.06
-10.755,28.316,273.23
-62.099,28.355,253.7
-97.83,-76.233,96.937
-42.195,50.303,339.23
-49.341,63.394,323.19
-19.339,103.37,344.35
59.448,214.57,539.1
-68.373,-43.429,98.609
18.259,224.75,511.27
11.527,224.55,523.72
-10.94,156.82,470.29
-71.237,-79.198,136.83
-18.285,128.02,384.24
-84.349,-104.01,87.596
7.0434,91.216,351.33
-48.984,3.9862,278.51
-65.093,21.136,247.21
-43.358,-63.171,117.35
-50.861,-10.56,256.92
4.1491,73.087,335.37
-58.014,-50.43,190.44
36.611,236.46,521.9
-26.951,95.06,334.3
-31.188,74.203,301.32
5.6636,180.36,450.6
0.47765,196.89,491.5
21.859,239.99,533.52
-10.056,83.878,402.6
-24.442,131.58,414.33
-90.214,-70.741,125.87
-79.726,-38.035,183.01
-17.389,105.22,423.01
-30.152,111.47,372.48
1.1487,79.818,331.23
-66.919,15.913,236.55
25.776,142.01,474.52
-23.121,15.164,228.31
-14.423,114.37,434.89
-17.152,76.018,305.92
-52.251,-77.67,71.826
-69.995,-7.7884,173.48
-13.809,23.8,259.62
2.9712,202.14,518.5
-33.649,106.63,377.24
-8.9298,173.1,471.87
-61.71,-87.43,118.86
-45.483,-67.299,105.13
-51.573,-85.435,73.499
-72.775,-18.27,152.88
-4.5928,167.68,438.79
-68.641,9.2727,241.47
-32.292,-30.597,205.44
4.805,204.48,495.12
5.6431,153.89,491.62
21.493,149.07,419.47
-4.5764,41.746,303.69
-74.61,-4.9189,205.56
17.642,112.56,431.41
25.97,200.04,475.35
-80.833,-42.759,176.01
-74.801,-10.467,178.84
-42.336,40.108,246.98
-69.649,8.633,226.16
17.714,155.84,498.48
1.5089,93.255,414.38
28.43,187.92,539.99
-10.028,28.649,277.4
-26.13,-16.236,204.7
-18.09,69.389,296.72
-80.066,-30.045,137.3
-52.271,-39.873,209.29
33.862,145.9,449.48
-26.627,-19.083,213.62
21.675,193.01,543.38
31.845,174.52,521.43
11.224,160.31,423.35
-10.648,72.986,307.48
-33.951,102.39,361.38
-36.526,-39.421,193.8
-38.446,-29.564,151.98
2.8547,187.99,516.15
-61.04,28.297,276.91
57.984,223.54,531.73
-4.1564,123.23,452.49
-32.417,31.498,235.98
-14.558,43.882,271.58
-40.262,-56.284,136.62
-27.221,-19.841,216.82
-77.327,-24.244,199.96
-52.495,-87.08,68.1
2.9924,166.4,431.16
-81.919,-35.958,177.8
-55.242,-28.107,228.18
4.5084,115.91,369.22
9.2512,202.96,483.96
0.35909,86.507,404.43
25.245,238.53,527.55
-41.046,-54.67,162.45
-79.176,-48.298,91.9
26.042,131.07,452.57
-7.1289,35.323,291.57
-25.126,96.253,335.21
-18.255,82.46,397.86
-38.011,90.054,341.58
-62.408,-1.7165,254.99
-38.302,-8.9159,175.63
-82.153,-65.599,147.7
-59.138,25.963,284.22
15.556,149.05,489.66
13.825,120.46,384.92
-72.757,-54.715,174.94
-14.557,47.465,348.94
39.882,235.74,521.9
-38.032,79.744,369.51
-37.887,77.661,368.7
-7.4711,37.252,287.44
-41.61,28.14,226.99
25.746,133.03,457.55
12.407,126.14,458.92
-13.37,140.63,457.26
-5.5443,160.57,484.13
1.0147,97.693,346.88
-78.169,-16.007,176.85
41.263,168.84,498.24
-0.39212,170.98,440.05
35.991,174.57,460.41
-3.8016,170.44,442.74
-44.951,65.776,344.21
-82.064,-49.997,90.795
38.045,158.94,461.88
-82.508,-50.601,164.47
32.8,235.15,519.97
-64.503,-9.3992,243.31
-38.863,88.067,368.65
-78.04,-101.75,94.382
-63.84,-91.233,112.25
-35.994,-42.026,182.97
-56.291,12.6,280.05
-12.137,91.303,411.51
123.52,37.545,290.29
60.054,-70.187,61.202
124.98,106.83,352.84
81.41,-73.529,126.61
146.94,172.73,517.63
99.989,127.91,397.93
115.22,194.76,498.79
106.83,5.1481,279.87
143.94,129.33,400.29
39.716,-52.867,147.09
99.363,117.57,419.04
87.47,-60.193,139.45
142.56,135.38,402.97
115.95,119.69,445.87
105.26,15.033,225.51
130.09,112.75,364.05
51.43,-25.684,196.52
107.91,145.59,460.08
97.887,2.0982,281.41
71.063,-8.416,167.79
118.58,88.613,326.16
153.93,149.52,441.41
118.64,19.845,274.16
79.444,20.327,297
95.797,-28.495,223
74.051,41.169,273
141.14,108.77,378.87
157.13,161.4,483.2
87.221,86.226,355.81
79.432,-54.013,109.19
85.599,10.14,291.09
79.356,25.596,302.33
57.033,-74.443,52.085
140.27,176.69,524.32
67.271,18.544,266.44
116.21,34.107,264.14
68.065,-82.895,133.11
76.633,45.684,309.53
54.168,-26.588,141.84
120.25,212.54,513.87
98.326,-0.51954,197.89
73.75,11.338,203.93
72.785,15.876,281.2
102.31,36.872,248.07
124.17,195.57,472.88
39.712,-101.68,96.065
115.5,13.604,253.82
62.147,10.051,236.53
63.814,13.649,247.61
62.479,-27.876,133.12
73.458,10.564,277.57
75.687,16.728,213.06
71.661,25.751,237.81
75.131,-60.486,94.433
100.38,125.42,390.86
59.933,-106.28,86.196
137.57,116.25,377.22
120,138.91,392.61
113.75,142.88,468.35
131.75,76.552,332.86
140.46,226.96,508.62
75.651,18.741,217.01
106.87,136.93,451.31
69.497,-16.69,241.88
110.88,117.81,439.4
57.173,-117.69,60.002
77.651,21.943,295.89
100.6,82.361,314.42
68.353,-48.993,99.842
121.26,218.04,523.91
93.255,61.835,359.82
129.39,139.06,475
124.51,37.548,300.31
131.06,97.901,349.58
71.49,1.6784,186.56
76.621,51.796,300.34
113.18,69.356,298.23
112.22,139.91,463.36
124.33,216.48,508
70.292,31.34,278.06
54.722,-98.541,106.81
107.19,145.71,414.26
57.303,-2.543,210.78
110.36,0.28329,259.56
40.646,-45.178,122.23
19.016,-92.007,59.248
34.859,-96.914,97.641
65.795,9.5181,210.47
108.25,160.03,440.45
121.18,107.37,351.15
96.279,41.529,339.01
131.06,111.72,363.93
141.77,149.75,487.4
135.25,89.635,350.7
141.46,119.61,387.34
109.06,27.713,319.59
129.05,156.06,495.85
125.57,41.983,316.66
158.89,167.73,467.5
104.92,0.19992,211.51
104.39,148.96,447.55
96.199,8.363,205.5
85.196,74.981,350.48
105.85,-9.4538,210.19
114.89,16.105,288.07
77.394,51.83,290.91
119.95,105.31,347.96
100.97,124.75,387.83
70.546,-38.233,117.68
127.97,183.96,453.06
54.099,-104.11,95.767
82.034,30.448,234.86
99.449,104.64,410.09
112.07,17.099,296.68
111.02,177.7,477.53
107.28,126.14,380.2
113.98,44.729,270.15
101.85,19.055,225.12
84.866,56.246,340.28
72.688,-44.617,204.5
114.54,171.55,446.68
128.39,172.42,437.08
62.633,-94.907,110.62
58.461,0.20312,212.59
125.35,69.93,313.52
110.58,111.14,355.02
126.71,124.24,455.68
85.65,65.641,348.86
100.59,124.89,426.72
58.843,-5.9103,186.45
122.02,192.15,469.97
100.63,74.002,301.24
96.013,10.392,207.88
85.673,-26.764,149.21
147.59,131.97,411.24
117,47.717,347.88
123.96,41.811,291.79
74.951,-20.84,241.52
123.62,102.38,346.52
113.35,129.61,381.26
36.724,-56.21,96.785
104.68,23.695,314.94
114.18,190.55,493.6
157.05,166.75,459.42
116.56,126.7,376.1
35.684,-113.66,74.444
106.58,69.276,379.93
110.19,26.29,316.35
63.544,13.965,240.81
42.799,-47.913,106
127.17,95.979,342.53
147.89,132.44,412.41
91.024,94.52,379.41
74.347,-86.803,109.4
26.164,-76.249,87.575
88.684,77.807,319.2
160,173.19,473.39
60.908,-39.793,111.08
136.59,101.24,417
96.428,-28.149,222.63
125.74,54.304,348.34
69.663,-82.314,63.168
134.98,139.48,398.37
26.819,-90.826,89.364
119.83,23.892,287.91
126.05,164.13,503.42
151.42,149.35,475.71
93.039,74.361,371.84
159.39,165.93,481.09
61.054,-56.836,82.227
130.77,147.48,485.88
149.98,157.63,435.53
130.07,148.94,406.81
112.71,14.175,241.8
65.5,-82.989,134.69
126.99,45.819,309.64
63.314,3.3957,200.36
78.004,3.117,275.51
53.895,-14.303,177.65
78.862,-78.54,100.63
153.66,183.31,464.69
111.1,2.6907,233.55
60.344,-81.907,138.1
78.84,50.992,319.68
47.487,-76.971,41.734
41.754,-72.224,137.49
142.48,115.67,386.88
99.482,21.224,311.82
165,204.36,504.46
91.946,71.684,367.49
123.47,119.02,448.49
103.92,147.57,444.63
152.96,178.7,522.23
92.642,-11.923,176.56
129.66,80.086,390.05
120.53,54.259,355.9
69.915,-7.8108,169.18
77.059,-42.985,117.6
105.02,88.959,323.29
114.04,179.63,497.92
147.77,119.86,411.29
41.341,-53.78,92.713
95.392,50.142,264.56
120.19,73.741,387.03
129.03,54.23,336.91
143.52,168.3,512.76
107.39,13.302,295.22
48.706,-38.115,182.46
128.06,206.75,486.34
71.521,-12.943,248.79
132.29,141.37,478.23
154.57,164.11,450.54
81.849,45.311,263.42
118.86,190.56,518.47
149.25,166.48,442.31
107.45,163.28,457.93
28.241,-95.759,88.257
134.78,127.6,385.05
67.563,12.267,213.54
132.04,173.41,438.25
33.065,-71.646,118.34
113.8,41.99,340.58
110.8,167.35,481.1
84.006,-64.676,151.33
82.257,-65.287,155.22
110.92,11.943,235.19
67.945,-56.73,183.33
118.3,147.4,478.34
103.35,-19.475,225.8
57.587,-44.118,193.72
71.613,27.906,285.74
111.2,81.302,397.13
121.71,53.407,353.13
153.28,215.93,498.16
136.47,158.74,500.91
76.873,49.261,285.05
79.762,47.834,272.21
146.9,166.82,509.15
70.584,-5.0478,174.15
123.82,112.1,439.68
77.825,12.737,204.53
97.283,117.79,411.28
25.037,-79.779,55.224
77.298,-34.39,222.17
101.21,136.93,430.34
128.9,83.94,332.71
105.21,-1.2823,211.23
73.753,32.396,294.92
54.985,-69.776,156.25
125.06,195.88,535.03
70.246,-67.215,78.556
90.026,92.446,374.29
97.897,-19.909,239.29
77.065,41.844,264.27
119.59,100.63,424.21
123.82,36.343,293.85
62.739,-39.706,111.55
106.25,56.498,363.14
79.471,-25.847,236.29
78.474,7.0369,194.32
22.83,-89.556,77.634
76.062,42.71,269.21
95.128,-38.15,164.49
40.87,-112.02,80.093
131.87,68.568,329.54
108.24,162.15,445.63
103.03,133.47,438.96
72.313,-62.216,87.601
82.508,-53.499,116.49
85.375,56.052,341.23
82.099,51.861,276.61
44.509,-47.88,164.83
159.98,180.46,514.22
72.563,-27.336,135.87
46.623,-89.349,120.32
120.65,54.03,290.36
138.56,177.36,444.79
118.21,173.04,443.86
101.54,2.4047,206.34
47.651,-46.513,173.86
98.385,-0.58396,197.92
137.52,168.65,513.75
83.814,72.55,323.08
83.941,-66.277,145.31
22.287,-108.18,64.271
127.51,146.73,403.32
70.414,-95.445,92.846
120.2,214.92,525.85
84.1,75.757,335.93
141.77,112.72,383.07
77.409,35.124,248.49
93.594,107.87,376.57
71.005,-95.664,68.958
22.549,-85.239,74.682
131.92,74.635,376.31
144.34,133.15,459.74
145.9,112.51,401.89
127.03,64.738,366.41
121.33,190.57,468.3
62.425,-71.469,157.02
41.809,-101.36,98.149
51.607,-20.526,165.34
59.704,2.6506,229.21
125.24,91.063,334.96
115.41,90.283,326.49
158.37,193.76,481.78
68.953,-89.502,115.98
97.154,-36.337,176.27
61.886,-77.905,53.003
90.9,-28.788,228.61
116.96,14.878,269.37
85.926,-62.951,147.61
109.15,20.787,238.05
86.196,-32.384,143.68
94.757,28.993,232.48
157.24,180.25,468.5
149.44,128.83,438.54
105.05,67.962,292.37
163.92,193.64,495.39
165.81,195.57,526.61
62.65,-11.057,167.18
103.14,-20.074,199.86
25.184,-77.046,78.585
161.43,186.04,483.36
108.54,153.52,466.86
159.77,196.68,486.86
147.11,181.19,454.8
155.57,184.65,468.94
127.14,185.29,455.3
102.06,-3.2644,268.78
107.92,147.9,461.66
81.034,38.904,317.85
96.469,18.276,307.14
136.54,77.721,364.41
124.53,37.556,304.61
115,16.02,250.78
30.817,-90.018,98.978
89.772,-35.525,147.85
78.463,50.221,281.36
132.79,154.28,494.83
96.878,114.57,408.95
20.797,-106.57,62.553
159.06,173.49,502.85
32.151,-100.54,89.37
79.743,26.941,304.3
149.02,172.09,447.44
93.848,-32.687,216.47
95.785,-26.592,169.54
80.867,-45.056,120.95
80.227,60.498,303.95
132.89,89.885,345.41
49.661,-22.7,167.83
24.661,-91.173,83.275
120.68,93.905,334.14
135.67,113.19,437.36
68.186,-91.205,112.76
140.13,180.35,449.07
130.29,56.239,326.12
67.127,-26.187,227.42
104.51,104.1,417.78
114.21,166.38,489.96
30.417,-111.01,73.424
81.696,66.316,331.87
141.35,95.296,378.9
37.216,-50.858,119.62
116.38,15.941,257.95
29.598,-72.78,63.445
108.59,1.2563,267.96
127.17,90.728,336.91
42.361,-106.22,90.593
74.219,-39.175,213.71
67.735,-13.913,158.34
61.869,-30.792,127.7
119.6,156.87,418.19
123.82,61.809,303.36
80.521,63.993,317.89
131.51,120.1,373.59
95.412,100.68,397.66
150.91,160.15,439.41
43.362,-65.016,64.51
75.908,41.161,305.72
69.194,-97.093,91.845
72.217,-45.205,108.98
113.95,21.273,249.34
60.846,-60.792,75.894
143.06,129.78,455.9
129.1,94.861,414.23
71.294,-93.248,67.089
47.537,-35.266,131.43
69.731,29.853,275.28
147.58,133.96,412.38
94.024,44.228,255.29
23.04,-83.673,76.043
149.34,171.37,514.19
134.86,182.07,449.67
152.99,146.23,464.99
85.921,-58.412,165.5
105.77,64.076,287.11
110.96,35.821,256.26
79.025,33.758,309.37
92.321,21.334,220.14
33.136,-63.375,84.395
105.25,98.053,337.13
45.106,-46.081,167.56
132.44,149.86,489.17
112.57,33.178,256.12
125.8,138.04,472.79
139.77,187.24,537.62
68.753,-95.033,55.048
118.87,179.68,510.1
154.8,151.12,445.92
151.47,157.07,489.24
105.94,-9.9231,245.9
72.709,80.094,354.89
114.52,69.15,338.97
81.736,98.207,368.15
41.869,-9.8449,220.67
49.413,-109.21,100.35
76.774,91.719,367.68
107.59,35.395,299.07
101.89,130.83,477.88
49.42,8.0415,264.97
43.942,-89.62,54.763
125.49,219.12,517.97
94.479,48.319,288.88
143.06,160.06,476.57
79.684,-27.003,253.63
117.73,98.076,437.5
76.349,4.0059,306.35
94.894,36.192,354.86
48.265,-38.857,136.99
109.76,48.373,362.34
122.6,83.637,370.99
82.237,19.436,330.14
71.653,55.406,360.9
111.05,109.85,456.66
41.186,-31.938,154.15
111.94,167.03,450.07
82.989,-41.672,201.84
48.498,-85.489,66.496
142.88,205.57,510.18
71.438,11.627,225.19
59.294,37.441,309.52
87.176,136.41,448.04
47.861,-7.7536,256.73
82.901,-22.904,194.39
79.288,-14.938,276.35
110.05,147.81,424.35
138.5,137.76,454.27
137.13,147.15,492.47
101.67,195.78,519.59
139.51,158.11,507.45
59.015,29.698,269.45
37.112,-48.97,120.17
103.26,134.5,407.14
79.558,-2.2346,297.36
132.89,147.29,440.45
139.34,166.6,468.91
49.893,-103.77,53.175
55.896,7.7351,288.02
63.253,-27.943,254.58
38.758,-22.744,219.22
106.1,89.764,429.93
117.34,211.41,510.6
45.527,-108.85,107.64
76.378,-56.002,185.52
29.635,-54.137,177.72
51.092,-21.911,168.14
130.43,157.14,516.42
29.13,-122.6,85.979
141.54,159.62,505.4
79.924,103.77,412.46
26.316,-124.59,81.951
51.907,-9.1674,193.01
85.513,41.106,273.66
50.29,-41.817,225.87
101.64,122.64,390.83
83.909,4.6878,224.27
120.79,171.08,455.53
133.12,125.05,459.79
83.237,-22.863,195.23
101.97,23.988,275.8
84.999,-2.4048,217.73
85.824,112.78,388.11
40.362,-20.385,226.31
22.266,-58.06,145.21
14.852,-81.481,118.68
71.976,-23.277,263.74
69.872,67.452,362.03
112.45,140.59,415.18
114.71,88.818,357
124.67,111.92,394.87
112.08,49.59,320.25
52.342,-17.53,176.07
91.692,21.147,253.39
103.02,189.17,531.61
75.018,8.0077,220.99
96.173,66.897,398.41
43.126,-9.8178,237.64
81.7,-44.851,191.94
80.875,-44.042,208.62
129.69,117.13,410.36
38.678,-78.457,164.31
73.941,39.865,349.78
71.043,63.596,319.32
140.96,163,513.31
149.29,181.36,522.02
11.324,-116.17,82.101
72.625,-42.865,154.75
26.206,-69.393,82.942
104.95,96.999,357.28
80.088,22.936,245.25
123.15,82.493,399.33
98.077,179.56,492.33
50.623,13.603,259.73
53.649,7.6776,227.71
79.853,-36.689,177.24
103.44,22.859,321.62
71.649,-38.754,156.92
84.178,29.807,345.21
113.49,185.37,547.3
103.61,169.29,518.28
119.06,174.66,459.73
55.709,15.63,242.58
113.15,94.777,435.37
120.05,204.02,498.67
127.04,208.34,503.67
136.34,129.39,455.23
25.007,-54.916,124.64
56.284,-54.772,210.3
102.63,116.59,382.4
62.45,-70.563,178.59
97.237,112.21,453.39
85.666,-24.73,249.82
109.43,156.66,436.42
85.648,-32.015,228.89
81.474,64.78,385.72
128.96,130.8,477.73
101.83,34.392,283.4
73.737,78.109,345.14
131.3,120.97,417.35
82.159,17.997,328.07
116.21,181.29,468.56
130.29,113,443.3
39.467,-18.331,220.85
119.68,131.87,485.22
129.97,127.37,470.73
48.914,-41.291,132.71
63.049,-70.816,177.36
73.629,17.093,322.66
68.781,-21.966,173.78
102.6,24.358,277.81
119.17,193.89,485.04
61.825,-7.5128,192.58
74.028,-44.621,156.42
38.019,-54.641,194.77
147.55,175.57,501.01
115.49,145.29,502.56
83.216,92.862,415.36
40.716,-22.861,177.15
73.647,-62.777,152.86
76.372,-45.501,162.24
84.349,109.87,430.73
97.159,129.74,471.55
122.88,174.31,540.5
81.747,4.4655,307.79
77.401,82.498,394.43
116.53,161.8,442.95
95.954,163.33,462.23
33.688,-33.629,166.07
82.655,41.798,273.77
101.63,21.888,323.53
49.925,-108.3,101.87
74.724,81.25,349.45
48.376,-117.42,74.864
42.712,-103.84,120.8
22.299,-58.822,146.97
120.84,90.751,369.82
95.795,81.901,417.33
28.425,-115,99.579
128,147.42,503.76
102.11,70.575,403.84
56.097,16.6,244.09
58.387,35.831,302.62
97.484,11.678,255.76
70.318,30.058,334.53
79.843,-49.161,191.2
52.381,-80.374,78.7
119.65,79.364,403.12
102.2,114.91,380.1
46.293,-11.711,194.5
75.888,43.169,276.23
110.03,106.37,371.75
27.883,-50.89,172.91
94.492,161.89,464.54
80.654,-40.305,221.34
97.677,67.6,315.75
120.38,67.911,369.06
139.45,145.78,457.48
147.34,207.15,518.12
29.368,-46.285,138.68
116.6,165.49,527.46
121.45,75.874,389.85
93.423,130.6,407.9
83.961,57.25,379.87
89.59,-10.848,220.01
102.25,197.7,526.91
124.76,165,449.95
27.075,-108.3,110.03
67.913,65.046,335.46
146.65,174.72,495.55
67.141,18.874,318.2
91.815,93.444,427.81
69.741,44.982,283.58
31.573,-40.901,149
86.228,96.601,423.96
12.273,-80.787,80.111
82.329,-8.1049,207.39
107.06,186.95,482.76
103.77,148.11,498.06
93.633,39.498,277.18
98.001,150.71,435.34
62.325,-68.917,109.53
77.279,-35.372,171.37
71.002,61.88,315.7
32.983,-76.076,67.465
63.49,-70.788,110.94
101.02,125.7,471.53
89.045,126.63,454.12
138.96,212.45,513.64
5.8124,-113.15,74.923
74.664,72.755,331.16
52.571,-40.984,229.06
51.184,-28.458,155.85
94.226,17.722,324.92
10.015,-87.258,63.834
117.47,58.267,357.98
125.84,113.11,452.82
90.288,2.3663,231.82
98.204,23.337,266.41
104.1,17.68,283.29
76.28,20.097,328.38
9.449,-104.14,90.758
81.945,9.9483,228.73
73.565,-64.25,158.15
17.494,-93.482,117.65
102.21,50.155,299.49
115.55,106.73,376.82
101.82,29.908,339.24
121.47,96.93,431.68
103.63,18.582,310.04
113.4,45.341,327.95
75.08,88.64,387.32
117.5,77.303,352.03
132.09,167.68,530.69
88.52,131.14,455.22
96.504,173.26,498.25
95.771,60.262,389.48
66.49,-76.345,120.24
84.805,121.38,408.43
104.14,155.29,436.74
55.763,-81.967,159.55
61.613,-90.84,117.3
27.756,-44.345,161.31
137.91,134.7,459.12
140.98,194.75,497.02
137.26,131.87,450.66
84.267,125.38,423.97
138.52,141.27,475.89
62.761,29.278,320.52
139.51,203.33,504.17
49.445,-83.603,70.197
65.292,-21.513,171.63
76.135,-55.761,161.42
103.71,137.99,411.95
104.91,188.98,489.45
70.577,-56.777,200.02
57.674,-30.93,246.96
90.292,100.86,433.9
44.809,-106.2,114.48
108.98,40.124,305.71
26.788,-59.669,105.95
81.644,19.737,330.41
110.43,209.01,514.56
46.407,-1.0398,252.13
78.918,91.935,361.61
111.11,115.12,463.56
102.01,36.66,285.78
103.2,181.28,479.07
28.714,-129,73.635
43.487,-32.848,226.83
63.125,-81.636,105.75
87.112,106.33,374.66
111.21,39.312,316.39
74.056,3.2807,213.55
43.215,-45.055,125.77
80.929,80.911,400.74
44.624,-10.772,244.77
88.743,-11.262,217.42
48.366,-30.235,237.72
105.24,31.889,289.81
75.859,67.083,379.21
76.958,73.424,328.73
74.127,-39.85,232.81
83.147,31.599,347.25
77.312,-54.365,186.49
45.379,-90.182,56.12
50.772,1.0271,270.17
50.112,-115.62,70.246
21.558,-98.433,118.66
84.756,24.854,338.42
29.625,-62.713,171.27
74.113,-48.644,153.9
129.68,210.01,506.19
85.32,-4.6513,215.89
103.73,185.36,485.28
99.015,4.0073,286.27
61.645,16.398,236.13
58.238,-98.455,96.873
84.301,36.962,354.89
78.718,-17.745,191.21
109.32,74.3,334.7
44.108,-11.557,199.89
107.49,26.305,313.41
110.62,156.68,513.61
47.056,-59.372,101.56
123.45,84.767,403.74
70.177,-68.61,135.81
54.602,-75.884,87.455
70.822,-70.046,143.42
81.755,7.0099,311.72
42.465,-73.77,75.722
75.186,-48.815,211.54
132.84,123.53,423.78
38.947,-107.68,114.14
125.85,130.11,479.69
119.76,155.87,516.72
121.19,162.55,525.4
78.255,73.925,389.7
126.18,176.82,544.23
137.47,138.85,474.69
23.949,-56.187,155.13
39.522,-52.228,112.56
58.181,-26.614,160
103.4,33.416,343.72
31.917,-35.552,168.72
68.584,-75.392,145.5
122.93,108.35,388.57
62.566,-70.603,178.38
104.12,53.628,377.95
26.874,-53.405,123.51
107.11,103.94,448.67
103.28,154.34,435.91
62.714,42.974,327.51
58.434,35.994,302.75
22.442,-58.844,121.07
110.29,216.27,527.93
132.09,125.98,422.53
122.04,76.177,387.48
67.652,48.733,294.1
52.764,17.537,280.06
93.739,-12.787,238.58
43.835,-53.491,203.86
105.24,35.232,344.37
61.149,42.702,318.78
130.08,118.87,455.49
5.6826,-97.001,80.462
20.774,-94.618,122.16
50.287,-9.919,261.21
124,124.38,472.52
122.79,76.71,375.52
136.22,149.46,448.91
97.317,177.84,494.08
76.894,97.756,392.16
111.35,180.18,539.57
46.307,-109.21,105.79
58.406,2.0337,210.64
117.46,195.05,487.09
103.49,139.84,489.09
56.089,1.1091,210.46
100.99,121.58,466.96
21.427,-83.582,135.07
105.21,189.94,490.59
117.34,66.592,345.46
44.03,-26.337,163.69
92.736,154.81,479.41
89.352,6.8142,234.45
98.908,111.35,453.86
66.448,60.311,328.58
69.998,-56.138,137.95
81.945,19.898,330.72
111.28,114.39,382.19
63.247,-56.012,207.79
93.832,62.121,391.52
103.47,202.75,533.03
74.026,-24.431,261.53
98.206,45.224,367.69
87.314,78.04,406.5
142.73,158.45,474.82
100.15,10.137,299.61
96.806,5.7677,250.51
118.61,137.66,493.13
67.41,-42.306,231.72
51.48,-56.095,206.37
70.014,-17.245,181.41
57.12,-53.393,118.9
142.19,166.77,475.87
89.568,100.18,432.28
83.261,40.277,358.65
127.31,96.504,416.12
75.231,-35.45,240.7
103.24,87.472,344.36
56.457,21.772,256.11
81.037,44.233,277.25
66.431,2.8005,298.56
122.05,102.79,440.7
47.565,-16.347,181.95
69.747,-47.115,144.96
123.16,135.41,489.02
79.5,-50.108,188.57
113.61,55.904,369.46
88.907,131.2,456.5
36.326,-27.349,208.12
122.54,111.75,454.47
116.14,77.623,349.23
137.38,134.56,464.06
89.411,142.63,511.53
-3.3114,-88.59,89.988
38.858,-107.87,125.51
30.37,-11.14,228.23
92.212,18.954,318.01
18.624,-60.66,123.64
38.043,2.6169,293.74
60.201,-17.981,206.34
53.574,-63.429,146.18
32.902,-5.178,272.24
122.21,176.56,492.43
91.129,135.65,505.52
84.967,51.404,317.49
79.106,22.931,356.01
80.647,14.59,341.11
102.59,76.521,424.14
43.636,-41.538,253.83
43.028,24.447,318.45
64.835,101.68,424.51
103.13,165.77,467.88
2.2931,-74.718,133.44
112.21,164.33,469.77
114.84,101.57,420.71
87.516,5.4689,291.63
97.241,50.319,385.07
80.496,85.843,360.15
41.74,-94.538,156.69
31.862,-90.274,171.21
80.913,117.7,476.25
103.43,109.84,402.03
25.295,-128.88,92.987
80.202,-12.845,255.43
82.408,-8.8259,267.72
2.9386,-111.97,117.24
64.308,77.827,356.87
1.5752,-90.714,135.51
37.972,-5.4901,225.41
54.989,-40.96,256.95
23.779,-88.535,72.521
64.116,-14.276,215.51
91.714,134.13,504.26
76.222,131.22,434.46
15.296,-93.172,60.234
96.581,156.19,455.43
50.701,23.101,269.76
20.41,-35.247,188.11
33.159,-49.094,234.84
54.951,-60.217,151.98
95.515,29.421,330.84
39.008,-109.98,81.535
71.428,123.27,431.63
71.867,131.12,456.7
58.777,-42.427,175.97
89.007,160.13,464.9
49.443,-86.527,162.08
36.059,-63.287,217.26
46.48,34.918,303.9
29.67,-84.492,180.73
21.957,-28.497,215.36
87.874,195.61,542.84
56.744,-32.17,271.68
15.842,-82.044,80.732
17.626,-46.415,160.95
19.479,-53.313,139.55
85.875,179.37,503.68
82.702,115.95,476.5
36.68,-15.178,206.19
34.174,-0.59258,246.66
101.68,203.73,520.29
27.635,-15.131,228.33
109,77.487,391.9
77.027,55.608,402.44
107.79,76.644,384.74
101.6,83.558,373.1
44.776,1.2736,232.67
73.128,-13.488,231.45
54.678,57.242,373.21
46.372,-4.9893,303.45
97.883,37.091,346.56
61.458,-2.4751,228.27
112.32,88.26,417.6
74.045,-31.813,245.19
35.836,-113.08,67.898
79.424,134.7,435.12
48.822,-17.359,290.82
42.032,-46.974,149.82
-6.1227,-92.906,98.016
39.728,-30.72,175.53
79.775,132.28,488.12
123.82,147.09,510.95
110.15,121.82,488.5
97.127,34.677,343.51
26.796,-117.59,118.18
94.978,176.66,484.99
0.43272,-83.356,133.2
83.501,120.71,409.61
59.847,-20.718,202.45
5.5305,-67.274,140.92
95.419,147.66,522.18
92.777,27.187,345.74
95.008,65.643,414.28
81.416,129.82,488.68
98.231,78.748,363.27
71.816,129.16,460.67
54.861,15.308,253.71
93.446,202.81,529.43
70.073,31.134,367.79
35.809,-31.387,174.72
81.175,49.335,394.89
88.976,116.02,401.83
60.022,-59.411,167.6
116.95,177.54,488.14
84.215,28.211,291.12
74.151,45.16,301.81
36.228,-31.578,174.26
106.12,70.009,376.36
20.555,-47.29,152.63
17.788,-79.307,178.16
93.006,54.842,398.64
45.941,-40.931,255.89
83.013,95.64,373.88
100.35,67.944,357.18
54.276,35.259,289.44
58.331,74.08,392.29
75.11,129.42,433.49
4.5589,-109.84,122.13
40.744,-86.76,175.45
55.805,-76.692,156.72
107.03,70.555,381.82
106.06,64.946,382.3
87.189,9.2525,286.22
78.258,-5.5215,249.86
9.9003,-57.9,153.72
49.537,-10.809,210.29
104.89,101.15,461.41
36.823,-117.53,96.52
99.874,139.78,514.99
107.06,94.065,392.37
109.33,96.891,399.58
57.726,31.346,280.09
96.7,96.275,380.49
60.163,78.423,367.14
128.84,171.1,544.28
121.53,150.26,467.37
66.936,53.699,393.11
53.243,-75.208,139.26
33.232,-67.522,112.12
107.32,73.021,405.02
88.717,22.992,346.54
114.11,150.97,528.65
113.78,106.71,458.11
95.608,51.059,333.41
106.62,80.755,381.86
67.159,43.779,381.93
57.366,66.497,347.88
-3.4723,-132.03,82.797
125.33,185.62,505.39
101.45,205.62,523.28
88.119,57.959,328.38
96.958,148.34,523.95
61.946,-61.746,196.32
38.472,-112.86,80.911
80.786,112.44,398.69
92.986,53.964,330.82
80.789,130.94,427.25
37.565,11.298,271
119.19,197.14,511.88
82.527,66.43,334.32
19.63,-38.562,213.76
5.3648,-67.969,146.75
96.465,193.62,509.41
91.614,51.523,394.41
44.094,-12.932,291.5
35.654,-13.933,276.36
22.623,-88.957,71.025
81.964,156.17,510.95
33.833,-79.445,190.43
52.249,21.167,264.99
4.3769,-97.636,135.99
39.797,-76.664,106.72
122.9,130.85,477.09
76.401,91.9,369.8
44.774,20.489,272.38
42.668,-103.6,97.702
110.92,132.64,504
35.602,-28.814,179.67
95.776,99.615,462.97
83.931,110.22,471.49
78.384,132.02,432.09
110.77,88.439,428.76
88.9,89.483,449.27
76.216,-8.2443,242.74
21.924,-58.243,126.76
41.244,-73.158,113.07
123.56,143.84,505.34
41.271,-108.74,96.915
36.299,9.0366,283.44
66.411,15.335,256.38
94.5,27.036,336
96.306,142.6,437.36
65.974,39.645,291.93
87.974,194.73,532.14
-3.7008,-89.602,87.565
83.596,91.647,449.95
29.867,-88.919,173.33
22.116,-31.004,195.78
136.09,182.92,538.77
115.29,143.77,517.39
55.234,24.075,346.96
101.42,197.87,511.87
82.48,132.24,492.53
61.549,70.044,346.39
41.89,15.848,267.75
94.969,72.552,424.91
132.77,189.92,522.4
88.375,13.71,326.14
109.44,154.81,535.23
32.783,-9.6973,271.07
89.393,198.39,533.44
54.176,65.208,364.69
67.526,109.14,439.23
28.88,-70.224,105.1
87.913,193.61,529.02
73.102,-21.902,278.51
25.92,-23.275,206.23
79.519,54.047,401.14
19.539,-80.393,179
59.26,-34.213,185.5
55.267,65.863,354.43
41.394,-108.61,98.156
66.838,4.7751,329.89
44.013,-92.834,157.28
2.5888,-113.8,114.45
57.016,-61.205,156.83
44.783,-93.326,104.49
94.447,161.1,462.81
89.551,19.263,297.44
48.071,38.792,308.62
107.6,71.784,399.15
47.441,42.379,324.6
29.843,-33.617,173.37
124.49,171.04,550.72
100.96,50.066,372.88
35.715,-120.28,89.769
46.118,16.494,261.6
114.12,202.48,516.13
32.115,-109.08,133.16
59.362,8.2938,332.06
58.703,78.728,393.43
63.261,-58.265,184.69
33.088,-68.027,111.23
65.634,55.378,316.92
79.971,-6.8348,254.39
51.114,-87.572,139.47
59.562,-64.771,197.89
79.643,137.84,492.39
114.79,104.49,420.63
23.181,-92.428,164.82
79.206,12.902,267.51
95.611,144.6,518.8
21.477,-46.17,217.91
84.932,18.683,344.02
96.409,32.4,340.55
64.51,80.529,361.62
81.191,163.83,511.15
93.256,139.94,511.92
9.5367,-112.54,123.93
52.169,-14.136,205.79
74.49,63.246,327.56
57.677,77.148,378.37
77.901,56.479,318.91
30.07,-69.956,106.2
75.886,2.8944,251.86
35.525,-97.558,155.98
77.359,11.921,263.52
30.417,-16.441,260.44
-0.87141,-119.9,101.99
65.907,11.168,339
47.737,18.321,329.08
58.123,67.813,348.8
133.28,200.12,531.4
5.6398,-76.266,102.16
85.933,186.01,519.87
85.394,181.82,533.38
83.296,114.24,475.29
35.892,-108.25,130.63
60.876,88.005,391.04
20.46,-135.15,83.196
87.383,72.399,344.86
62.239,-29.759,274.27
29.439,-23.966,253.69
42.065,-78.96,107.88
60.36,-42.419,251.52
88.629,56.09,326.85
50.977,-78.098,182.97
98.005,205.78,526.95
52.826,56.864,339.84
48.192,37.886,305.8
76.793,143.43,457.32
79.269,153.38,500.53
89.031,200.2,542.87
96.743,55.708,395.93
65.316,86.894,421.62
12.813,-111.67,127.87
25.048,-79.861,185.18
87.553,68.852,421.79
55.904,67.882,379.92
81.316,60.062,325.37
26.804,-29.099,243.15
120.91,122.47,465.16
58.079,-4.9971,222.47
89.493,77.85,433.99
59.814,47.165,306.36
25.945,-95.033,64.94
13.491,-49.176,180.15
72.33,6.7437,250.77
88.406,158.58,526.07
57.437,61.823,384.31
77.042,128.81,479.77
40.916,-109.36,109.3
38.062,-83.323,96.222
31.087,-101.11,64.579
9.1819,-58.998,159.49
71.056,127.41,446.53
30.7,-35.66,246.76
66.173,-47.561,193.76
80.038,162.01,504.31
105.48,120.68,489.61
93.754,127.02,416.79
86.401,25.89,293.01
20.212,-50.032,211.97
113.97,94.405,420.94
91.458,170.6,478.73
24.055,-84.252,177.94
13.117,-54.196,185.95
37.194,4.5026,250.99
24.63,-36.447,232.68
116.34,128.92,492.88
105.18,69.718,405.56
123.33,160.65,535.44
79.282,12.52,267.26
63.268,-32.203,194.44
59.13,41.336,296.62
3.888,-72.52,144.54
56.899,-66.518,201.15
115.98,130.73,440.37
67.626,-35.018,202.25
116.72,161.01,541.7
126.07,151.85,514.21
81.434,130.49,425.9
66.986,48.27,305.23
53.566,58.467,368.71
63.172,-57.006,182.23
41.253,-49.082,146.08
94.744,146.85,520.78
39.783,-16.362,281.7
124.82,206.87,526.96
99.334,90.589,449.31
45.274,3.1583,235.94
65.785,22.707,266.55
47.983,-71.91,126.41
68.733,-36.043,205.24
26.016,-67.44,203.29
29.239,-102.89,59.464
74.787,130.76,436.93
20.365,-79.267,181.43
55.466,-58.823,222.2
79.257,91.057,367.7
80.169,163.47,492.29
104.12,63.686,395.15
90.209,201.01,536
56.027,-71.533,151.03
-2.6768,-86.218,98.012
118.71,114.01,442.26
83.288,19.385,281.07
53.96,58.856,340.42
89.385,50.032,393.61
49.517,46.373,348.75
46.151,-41.534,255.07
39.401,-32.384,172.6
24.417,-103.33,146.95
45.144,-17.374,287.42
114.93,122.27,483.8
89.886,99.734,380.58
36.08,-89.6,171.94
92.331,24.119,339.29
100.91,207.02,525.84
65.068,37.265,372.46
65.954,35.638,371.19
80.513,20.873,277.76
36.588,-4.5948,229.54
119.29,115.36,447.4
113.02,102.15,451.07
84.983,99.727,460.29
90.624,120.09,487.4
77.742,74.47,343.92
12.636,-60.63,183.87
127.78,152.89,488.62
73.065,132.48,447.2
106.86,155.44,456.26
71.693,130.06,450.58
57.623,22.331,347.86
-4.4428,-89.221,97.456
117.05,143.62,453.56
22.565,-91.451,165.97
95.022,202.6,525.98
44.206,-48.833,243.13
59.815,43.706,373.74
26.67,-129.88,88.155
38.802,-113.57,102.94
60.95,-58.645,171.42
52.707,-26.756,279.75
94.572,60.509,406.47
182.83,94.501,242.03
105.14,-25.661,23.758
171.21,151.42,315.11
147.41,-17.768,77.578
214.72,214.97,476.5
157.54,153.95,369.04
171.89,215.8,473.16
182.79,58.537,230.06
191.7,179.72,358.65
111.99,-24.452,113.44
170.13,144.61,386.56
149.94,-3.5885,90.691
188.5,183.9,362.89
191.73,155.13,407.12
156.52,66.926,182.16
176.22,158.96,325.35
125.19,3.6248,161.98
177.37,171.77,428.43
178,50.964,233.45
120.95,29.504,133.32
165.85,133.28,288.14
204.12,201.21,398.42
182.26,77.437,224.54
160.04,55.4,257.39
170.71,25.641,172.97
136.31,70.112,241.27
192.27,161.56,335
215.81,211.99,438.98
153.68,113.13,324.39
129.42,-2.372,66.28
167.89,50.537,247.84
159.21,59.606,263.54
101.65,-30.695,15.224
209.97,214.38,485.55
140.32,47.714,232.15
169.35,88.081,219.09
144.29,-33.133,85.467
149.4,74.563,275.48
107.71,5.5102,110.13
172.15,233.04,489.64
149.04,50.721,155.07
126.11,46.637,170.52
151.38,48.299,243.67
151.26,82.9,208.83
168.89,222.01,446.62
118.43,-63.838,55.179
175.58,70.916,205.16
129.75,38.411,203.95
133.26,42.101,214.57
111.61,9.2791,99.299
153.31,44.353,238.92
128.18,52.002,179.63
129.5,56.716,205.83
124.01,-9.8449,52.385
156.53,152.25,361.8
132.83,-56.11,39.049
185.05,165.78,336.17
165.41,174.38,360.65
186.32,172.64,433.81
184.72,130.55,287.83
178.43,256.4,482.02
128.56,53.569,183.76
177.81,164.2,418.65
151.19,20.288,200.85
186.4,150.86,402.18
126.96,-66.572,12.973
157.42,55.755,257.25
150.83,118.26,281.11
114.83,-4.2396,61.948
173.78,237.95,499.91
172.4,96.242,320.95
202.84,178.11,434.55
187.27,94.853,251.06
179.31,147.5,308.31
122.96,37.723,152.89
142.86,79.801,268.29
161.34,114.88,259.49
184.83,169.43,428.95
171.12,238.71,483.86
140.33,59.766,244.9
132.37,-53.039,61.464
159.92,172.39,386.05
123.04,25.787,178.64
180.58,56.897,209.06
99.624,-17.066,91.743
83.9,-66.693,29.154
112.79,-62.643,59.124
123.29,40.539,178.53
162.98,184.31,413.26
167.36,149.77,314.77
177.57,81.547,296.21
177.46,158.65,324.72
211.46,193.66,444.82
187.24,142.99,306.29
190.04,170.54,345.18
187.46,77.664,271.35
201.47,191.57,457.8
191.81,98.793,266.93
208.15,218.54,425.26
158.76,54.737,165.96
168.3,172.84,418.55
145.6,56.729,164.73
155.95,102.79,317.54
163.98,47.298,162.31
186.39,71.96,237.75
139.98,80.452,259.3
166.3,147.44,311.71
156.22,152.09,358.66
117.53,5.5386,80.279
170.55,214.93,424.5
130.71,-57.774,50.143
134.02,66.479,201.08
173.57,134.14,375.35
186.85,71.029,246.8
169.63,199.75,450.85
157.59,156.92,350.02
164.35,95.501,227.69
151.66,68.352,183.69
161.61,87.305,304
154.34,-0.28991,158.98
164.2,197.25,419.76
170.95,205.94,406.96
138.02,-45.671,63.485
123.19,28.674,180.59
176.08,121.87,270.26
158.64,146.87,322.31
201.31,164.73,414.09
160.52,95.349,313.83
170.13,151.21,394.97
117.04,24.352,154.82
167.92,218.03,443.79
150.33,111.62,267
145.28,58.257,167.45
134.9,22.881,107.7
197.19,183.74,368.34
193.68,98.106,299.75
181.53,98.249,244.24
157.43,19.918,198.01
170.13,147.1,308.64
160.89,163.18,349.99
92.936,-27.886,66.79
184.43,71.976,267.41
171.35,211.84,467.71
204.27,216.86,418.07
162.98,162.67,343.61
113.55,-75.575,33.603
186.26,109.47,337.39
187.88,77.188,267.69
130.39,42.348,208.39
96.744,-17.797,75.41
174.71,143.87,302.47
197.61,184.26,369.45
161.01,121.65,347.06
142.47,-32.371,60.71
91.709,-50.21,56.889
145.71,107.72,288.04
208.35,223.56,431.62
108.45,-1.0244,76.624
206.63,152.01,370.13
170.89,26.289,172.51
197.22,108.45,299.07
119.56,-30.352,20.082
178.83,183.14,361.74
100.39,-61.946,55.134
186.14,81.175,237.88
197.76,196.42,467.51
214.86,198.97,431.03
170.18,106.25,334.96
214.45,217.05,437.36
106.75,-14.47,45.973
203.57,185.64,446.12
194.73,205.82,395.91
173.25,188.04,373.12
168.71,70.067,194.93
142.93,-34.681,87.667
188.36,102.91,260.84
120.81,34.283,168.5
159.91,40.778,234.02
114.31,14.808,146.23
138.49,-22.823,53.061
195.04,228.56,427.63
170.36,59.824,185.19
139.64,-36.745,92.596
152.09,79.99,285.45
91.766,-37.931,7.8396
120.02,-39.14,99.622
192.69,167.86,343.59
180.54,67.08,265.5
207.57,251.54,465.95
169.12,103.51,330.64
198.86,158.74,407.2
167.58,171.49,415.67
218,223.19,480.34
142.68,38.523,134.37
202.27,131.15,342.42
195.98,105.34,307.62
120.26,29.334,135.08
124.99,5.2576,77.238
154.12,126.03,289.52
178.46,202.64,469.35
203.59,173.81,365.66
93.763,-23.204,62.186
145.11,89.674,229.14
197.11,120.65,340.98
195.61,110.47,287.46
212.56,209.49,471.99
184.65,65.289,245.98
124.33,-7.9104,146.95
171.08,233.17,460.47
153.37,24.386,207.52
205.08,181.59,437.22
200.45,213.46,409.96
136.7,78.105,230.99
184.09,213.97,489.47
192.08,212.61,404.39
167.1,186.21,430.48
103.62,-65.209,52.595
179.9,173.46,346.78
124.37,43.744,181.48
173.7,208.77,407.2
105.97,-43.149,84.498
191.47,91.719,292.63
176.1,190.99,451.95
153.93,-9.4813,101.77
154.32,-11.045,105.76
166.05,67.348,188.82
149.14,-12.551,138
191.18,178.73,442.76
172.94,37.285,175.35
138.44,-8.1267,153.49
145.94,57.51,250.89
189.95,121.67,354.68
196.32,105.35,304.51
190.21,254.67,466.09
207.68,197.85,460.93
138.75,78.151,253.44
137.01,78.847,240.34
214.62,210.23,467.31
121.17,31.896,140.12
199.46,153.39,397.37
128.76,50.067,170.19
165.56,143.79,380.01
80.782,-53.113,26.352
159.12,10.406,176.32
165.72,161.45,400.81
178.65,135.07,290.17
159.65,53.681,165.29
148.65,62.243,259.8
135.9,-30.072,113.73
192.23,221.52,504.23
117.87,-17.834,37.564
159.43,119.48,342.12
173.89,33.598,189.4
135.1,72.537,232.41
196.42,141.83,381.69
184.99,93.599,244.98
109.99,0.065008,76.537
186.43,99.042,319.04
161.59,18.412,190.71
128.46,45.918,159.25
92.339,-62.895,45.676
135.69,72.592,237.49
153.7,18.449,116.62
118.79,-71.427,37.697
187.71,124.07,282.95
163.78,185.96,418.55
172.09,159.43,407.53
120.22,-12.72,46.475
134.22,-0.36823,72.282
162.45,87.411,304.69
138.36,83.403,244.63
119.64,-17.992,129.63
219.58,228.75,471.21
120.15,15.324,99.014
126.32,-50.24,78.433
172.14,106.54,246.58
179.11,215.57,412.24
165.24,200.6,416.4
153.11,54.772,162.62
124.69,-15.281,137.41
149.12,50.701,155.06
208.11,206.39,474.75
146.08,100.56,291.93
152.49,-10.721,95.83
96.617,-78.352,29.286
171.12,184.85,370.14
137.8,-41.397,44.555
175.28,234.73,501.33
149.36,103.11,304.5
192.26,165.09,339.59
133.04,67.483,216.15
155.07,134.21,346.61
129.6,-40.767,22.118
88.812,-59.419,43.969
201.79,128.18,327.77
211.87,181.91,414.67
202.48,166.86,355.84
199.47,117.45,317.8
167.59,216.37,442.08
142.81,-27.318,111.89
120.65,-62.435,56.573
111.22,8.6204,134.07
128.99,31.062,196.23
172.97,138.87,294.91
162.65,132.88,289.75
199.57,239.51,444.46
142.1,-37.761,67.812
158.66,20.849,127.38
107.53,-30.858,13.887
169.13,22.54,179.56
181.76,72.476,219.48
153.16,-6.9019,98.125
161.17,73.619,193.95
136.17,18.632,101.16
143.75,72.456,194.82
200.79,227.95,429.45
210.25,181.62,392.49
153.61,109.28,256.12
208.93,242.25,455.46
220.85,244.27,484.37
115.57,22.613,134.65
163.57,37.194,151.16
88.061,-51.238,48.639
206.51,234.8,443.32
176.26,178.56,436.3
201.02,242.61,449.42
187.43,223.33,419.89
197.39,230.65,431.32
170.04,215.52,427.13
179.36,49.118,219.29
176.76,173.66,430.41
159.35,71.251,280.42
178.01,63.044,261.37
199.41,133.57,316.03
188.86,94.786,255.05
172.83,72.7,203.02
106.6,-59.228,63.081
142.09,17.953,103.29
138.13,79.911,249.75
204.9,192.22,455.36
166.05,140.94,377.24
94.002,-77.819,28.482
218.29,222.69,459.37
109.53,-66.996,51.425
159.54,60.896,265.55
190.9,217.01,410.47
168.97,21.209,166.54
150.1,28.284,123.68
130.23,5.6111,78.774
142.49,88.953,272.51
183.34,141.97,302.12
111.76,5.68,136.48
96.661,-63.32,50.028
167.68,138.68,296.12
207.22,160.97,391.98
141.2,-39.537,64.671
180.35,218.84,416.43
191.59,113.05,277.5
148.95,11.389,186
180.6,136.38,380.91
182.5,191.92,458.97
107.73,-76.314,34.787
150.88,94.033,299.34
199.39,150.52,331.98
98.939,-23.638,89.068
176.58,73.266,209.27
83.723,-44.927,34.208
181.79,56.538,217.61
175.35,139.63,296.08
120.81,-65.996,48.309
156.1,4.8889,168.29
117.73,23.278,124.29
110.65,6.6322,93.785
165.23,188.51,388.53
175.35,114.49,259.46
146.04,91.731,286.17
177.03,165.64,335.42
167.93,128.85,364.1
195.57,208.35,399.81
90.768,-30.805,32.877
149.77,70.489,271.15
137.34,-43.425,43.618
119.22,0.87827,70.146
168.78,76.488,203.15
106.31,-17.734,39.268
211.2,178.48,410.72
203.1,142.58,368.34
127.9,-38.567,20.83
103.23,-5.1824,100.47
139.64,58.277,242.15
196.57,185.35,369.85
143.7,84.198,219.61
88.884,-57.875,45.437
216.01,215.25,472.3
175.6,217.3,418.91
213.75,197.48,419.91
157.38,-3.5061,115.76
154.24,106.57,250.15
161.51,86.717,213.68
157.34,66.035,271.99
141.28,64.998,182.35
89.303,-35.58,54.734
154.68,133.4,304.34
120.18,-16.224,132.4
204.84,188.48,449.23
164.07,85.434,212.5
199.77,175.31,433.33
209.02,222.56,500.4
122.43,-41.227,9.9826
186.63,205.13,479.27
205.63,202.93,402.72
215.88,205.12,445.3
177.4,46.244,195.39
145.27,99.937,326.44
177.44,114.64,296.94
147.79,119.73,340.13
118.49,10.891,190.75
131.39,-64.719,54.647
147.12,111.58,339.71
174.83,83.614,254.39
186.85,155.82,443.48
131.37,29.041,233.7
100.32,-50.652,18.197
174.32,241.34,493.38
154.28,87.165,251.62
203.18,203.13,436.64
168.71,17.227,206.51
201.18,138.4,394.03
169.49,39.966,263.39
185.06,76.033,310.18
107.68,-7.8575,104.64
193.04,94.3,315.47
187.97,130.52,327.55
174.83,55.563,287.2
159.38,78.787,326.87
196.97,144.02,416.42
104.93,-6.4442,124.2
165.76,191.98,422.68
159.82,7.9771,154.13
106.03,-44.914,28.686
191.91,240.03,478.03
131.97,45.153,191.03
140.21,58.018,278.74
161.63,152.8,421.28
135.29,15.257,223
147.34,23.613,151.38
170.52,26.536,230.43
164.76,175.53,395.06
202.95,182.56,412.31
211.07,188.8,450.32
168.5,208.63,496.71
212.77,198.91,465.98
129.28,52.258,239.84
98.087,-22.145,90.027
160.05,161.05,378.11
171.9,36.78,252.7
188.63,187.58,403.22
194.11,206.62,432.06
111.64,-58.996,11.841
145.01,31.955,253.16
156.82,7.217,212.01
122.2,-1.5021,187.46
193.68,125.15,388.56
169.28,230.54,487.2
130.87,-66.741,62.649
156.1,-7.2639,137.72
116.09,-31.77,144.6
112.57,7.129,136.52
209.53,192.83,476.77
117.31,-86.884,44.274
212.8,201.34,463.81
159.78,122.42,383.1
114.68,-90.029,40.914
115.76,17.635,162.24
145.47,76.473,238.51
143.4,-10.959,186.04
158.92,150.65,360.78
144.87,46.419,184.98
172.53,200.19,426.06
207.37,168.92,416.21
147.89,23.819,152.08
167.82,71.489,231.87
146.97,41.291,177.01
150.76,133.68,360.71
124.83,1.2074,194.11
100.47,-38.496,115.66
97.063,-61.508,87.976
164.53,15.786,219
152.21,87.737,331.11
166.98,171.09,384.23
174.06,130.66,318.01
183.76,154.61,355.41
178.76,97.455,275.91
114.19,11.297,144.51
153.1,63.823,213.42
177.37,203.67,506.03
135.07,44.248,185.27
186.21,101.29,357.1
125.67,11.277,206.17
156.83,4.8216,144.6
161.9,4.6937,160.53
190.65,161.43,369.49
130.7,-46.563,124.09
165.08,67.429,312.41
139.43,86.06,290.19
213.52,203.65,472.09
213.7,223.34,481.8
98.786,-91.463,47.318
135.13,2.1245,113.11
86.507,-44.417,54.085
162.39,131.96,322.94
140.2,58.961,209.65
199.4,129.31,353.49
164.08,193.74,468.83
127.51,34.424,229.7
121.16,31.859,197.72
145.8,10.838,133.27
186.35,70.455,273.8
133.05,4.937,116.33
176.52,64.934,302.93
193.19,206.08,516.7
183.18,187.81,489.06
170.88,202.1,431.26
124.11,39.298,212.7
198.55,133.15,392.67
170.81,226.18,473.68
175.83,233.57,477.24
205.96,174.4,411.99
93.42,-33.944,96.421
149,-18.009,166.94
159.71,146.37,351.31
150.28,-26.987,132.14
183.86,138.29,417.95
170.77,22.538,201.71
164.15,182.27,408.43
166.83,16.918,180.64
171.26,91.555,349.14
207.77,170.99,435.39
165.14,79.87,241.29
143.51,99.065,316.62
192.49,165.37,376.37
174.75,54.37,284.97
168.51,205.81,441.78
205.33,157.68,399.04
121.07,2.5155,189.74
202.78,166.51,445.32
207.75,168.85,427.82
107.87,-9.4236,99.922
150.42,-26.836,130.77
166.63,48.948,282.24
128.36,16.888,136.57
168.85,72.105,233.64
170.35,217.57,459.02
122.43,24.574,159.29
137.74,1.4239,113.87
129.09,-27.83,157.89
207.63,218,461.49
198.98,174.93,465.64
169.01,115.18,382.41
108.33,0.34369,147.74
145.49,-13.747,106.65
142.14,1.8933,118.4
166.76,129.59,400.14
181.42,152.4,438.74
203.67,202.33,505.18
173.96,43.345,263.24
162.17,103.76,362.36
169.4,190.37,413.55
159.75,179.72,437.86
104.37,-12.288,137.11
142.94,75.441,239.6
186.15,68.597,275.9
131.88,-63.708,56.115
144.23,102.13,321.04
125.47,-71.585,29.436
130.94,-64.438,76.825
101.53,-39.144,117.11
182.52,135.44,328.55
185.13,113.12,378.13
117.84,-81.265,58.811
208.01,183.68,463.56
190.9,107.56,361.22
124.47,40.289,214.22
137.81,56.316,272.23
163.34,59.184,211.83
161.73,57.585,297.12
157.34,0.22742,143.5
110.88,-38.747,40.028
199.69,124.68,357.34
159.4,144.79,348.93
113.27,12.353,164.7
137.89,72.733,244.17
166.81,142.27,336.98
111.29,-29.968,141.36
160.21,177.66,440.12
164.47,7.4078,173.25
156.67,104.38,279.94
193.65,116.29,322.92
200.74,189.67,416.79
197.47,243.67,484.45
97.501,-24.636,110.11
198.56,191.77,492.94
198.01,123.07,343.71
154.72,152.3,380.84
174.92,86.832,341.31
155.71,36.829,175.92
170.65,210.4,503.77
176.69,197.5,418.35
117.18,-76.683,70.411
142.18,85.182,306.44
205.37,216.89,456.5
159.05,46.874,280.39
179.94,120.23,391.59
134.89,70.64,253.21
100.22,-19.15,120.25
172.57,119.79,390.35
80.553,-61.605,53.02
144.05,35.283,166.92
163.71,205.08,458.92
186.8,170.78,465.52
153.87,79.624,239.04
157.98,170.95,409.46
123.99,-24.307,68.317
140.97,10.603,128.87
138.95,84.69,286.45
89.519,-45.84,36.223
126.37,-25.231,68.876
186.48,151.22,436.69
170.35,145.63,424.22
186.6,243.45,483.92
90.328,-91.909,42.929
141.85,95.434,302.17
145.9,-9.0546,188.52
111.5,2.0079,123.62
183.08,60.971,278.44
76.166,-67.9,37.113
192.31,106.9,311.34
205.33,155.09,409.22
153.78,47.922,189.62
161.79,69.025,224.1
175.47,67.307,236.82
169.23,52.806,287.45
94.314,-82.735,58.581
142.27,49.583,190.87
148.13,-15.119,111.27
104.92,-69.94,83.591
163.21,92.804,259.63
172.75,145.56,340.15
187.93,75.028,292.23
202.53,139.67,387.27
184.46,67.253,262.04
184.8,94.522,281.75
154.6,107.69,357.79
180.33,122.79,310.01
210.62,202.21,491.89
168.02,149.04,426.4
168.28,187.52,473.4
186.04,95.755,347.44
134.97,-28.336,75.41
153,139.82,381.81
160.88,178.16,409.98
143.99,-39.794,113.88
137.59,-43.01,70.902
103.56,-24.388,132.05
205.86,179.6,416.32
191.19,230.27,463.95
203.71,177.06,408.02
156.22,142.52,397.31
209.1,185.04,433.19
151.14,52.984,286.14
188.25,236.41,472.93
107.15,-42.895,32.267
124.64,15.349,135.69
146.94,-6.7161,115.44
160.37,164.1,383.21
163.46,205.43,466.23
157.33,-11.449,152.74
151.24,1.7692,205.9
177.18,125.39,399.35
131.46,-65.091,69.809
175.9,88.171,261.21
90.391,-36.504,77.468
174.31,55.474,287.68
166.62,224.59,492.39
129.01,20.092,220.63
146.44,113.08,333.48
196.83,148.27,423.98
164.98,81.799,243.95
162.29,198.3,455.37
115.76,-92.165,31.501
133.86,-7.3677,190.91
129.77,-34.311,61.747
150.15,129.33,346.4
181.97,88.537,270.3
134.03,39.945,177.59
102.85,-15.595,94.314
168.04,104.3,366.84
129.94,11.184,212.15
154.32,36.063,173.66
140.29,-2.6881,200.19
171.42,79.581,245.69
163.34,90.444,345.25
142.39,97.323,299.39
163.39,3.8942,185.94
175.54,65.798,305.53
156.34,-5.405,138.72
102.22,-50.339,18.913
137.94,23.888,236.58
124.19,-69.026,25.031
110.99,-71.781,82.238
177.03,61.294,295.36
118.13,-38.746,136.71
138.95,-1.8073,110.61
177.94,236.39,479.18
147.7,39.647,174.71
162.88,201.85,461.89
179.67,53.079,238.06
125.95,43.392,205.13
131.4,-50.796,51.208
176.48,70.731,313.48
140.28,25.603,150.79
169.19,116.07,295.63
113.48,11.147,170.39
184.7,75.742,265.75
193.39,181.4,479.87
104.32,-24.807,67.5
200.07,131.27,358.01
139.55,-20.179,90.519
113.5,-33.961,48.512
143.59,-21.159,97.088
174.1,45.377,267.46
98.702,-38.78,41.631
161.02,-2.5055,163.86
194.72,168.22,382.46
127.56,-69.596,70.883
206.44,168.63,437.97
202.03,185.8,479.89
202.88,191.95,489.03
165.52,97.24,355.81
206.3,206.18,508.23
209.09,182.48,431.85
104.45,-36.201,124.8
98.841,-23.337,81.525
117.49,7.3744,125.83
188.99,78.729,296.7
104.96,-14.925,139.67
145.37,-26.881,98.495
181.95,150.8,349.27
150.31,-26.951,131.91
191.69,95.174,332.8
93.673,-31.623,95.159
194.03,137.08,408.83
160.4,176.91,409.24
146.61,64.155,295.69
137.81,56.474,272.37
92.149,-38.562,92.984
167.67,230.26,506.47
192.41,169.86,382.07
197.44,123.7,341.4
135.21,72.362,264.44
134.61,38.473,248.85
166.74,37.177,191.53
136.34,-23.799,164.88
189.72,81.251,297.17
142.34,63.228,287.96
206.62,162.18,411.74
83.937,-78.728,51.691
109.7,-69.132,86.564
139.92,14.735,225.97
205.32,162.99,430.58
193.36,124.8,330.17
193.19,191.08,410.58
165.02,191.85,470.29
153.08,116.15,363.78
191.38,200.74,509
130.98,-66.571,60.618
121.49,30.198,179.2
169.18,217.53,461.69
187.55,163.96,455.43
120.1,28.136,179.51
186.91,147.89,431.54
109.25,-59.89,100.82
163.61,206.36,467.4
183.33,113.97,301.58
107.75,-0.40481,133.47
167.96,170.51,452.89
151.72,51.026,193.32
185.76,138.51,417.7
140.96,80.578,299.43
133.77,-9.9977,95.327
174.58,55.77,287.92
167.47,149.4,348.09
154.11,-15.081,162.29
184.33,96.165,350.33
171.24,215.14,510.22
165.9,16.025,216.09
187.68,85.109,323.14
176.58,105.39,369.69
203.11,201.65,434.76
182.29,58.522,251.48
163.93,54.016,205.84
201.87,170.55,454.27
159.05,-1.8826,186.35
144.52,-21.719,164.4
129.69,21.334,144.34
115.39,-14.563,81.991
198.79,208.21,437.74
176.37,124.46,397.9
175.34,72.817,318.02
201.56,142.9,370.99
164.87,7.9972,193.93
161.24,123.37,309.31
126.49,44.531,226.43
141.7,76.48,243.85
159.58,33.565,258.79
203.26,144.67,396.78
112.04,9.4795,151.64
131.5,-2.8101,103.92
205.04,171.32,448.61
156.6,-0.69563,140.95
194.76,102.55,322.63
168.76,149.28,427.49
118.61,-6.4544,176.84
204.08,152.08,411.42
178.09,122.36,307.88
207.33,179.1,421.04
183.45,157.92,481.05
76.134,-77,65.051
131.76,-70.03,81.44
113.03,3.2197,200.87
178.35,61,272.88
91.072,-42.256,96.093
135.92,17.593,262.59
131.62,14.722,170.25
127.83,-25.407,106.19
128.07,8.691,242.38
184.35,204.79,461.17
186.18,153.22,473.41
155.82,83.811,281.71
180.1,56.181,312.95
180.12,50.439,296.79
195.67,112.34,381.28
148.37,-15.021,214.06
137.6,37.963,288.94
153.6,111.99,398.27
166.13,185.65,441.55
89.269,-63.247,106.88
174.6,189.5,440.32
190.98,140.01,380.03
171.98,47.735,246.74
190.69,88.436,340.71
150.26,108.96,330.31
138.56,-58.005,112.54
134.05,-60.305,129.89
176.77,133.23,445.22
171.02,140.84,367.84
120.16,-94.377,50.527
162.48,29.201,211.17
166.62,33.518,222.83
103.03,-93.397,83.382
140.66,93.31,330.24
97.719,-76.933,105.48
114.96,12.216,197.27
158,-8.2391,213.76
90.671,-61.415,40.869
136.1,19.799,178.45
186.95,152.32,471.73
150.84,142.63,410.72
81.982,-69.762,30.905
161.42,174.29,429.77
126.36,42.129,241.11
103.02,-21.514,161.15
137.18,-26.767,197.8
129.37,-22.092,111.88
180.22,71.26,286.16
116.83,-70.81,40.036
150.19,133.42,407.74
155.68,139.66,432.66
131.97,-5.7031,137.01
157,173.12,441.67
142.38,-47.163,117.07
140.29,-36.538,177.46
129.53,48.858,276.71
132.86,-56.94,140.67
110.74,-15.607,187.53
166.44,200.28,522.34
160.24,-0.27501,228.88
84.193,-60.656,52.271
96.648,-31.774,134.23
93.786,-36.015,112.27
158.89,186.51,482.91
179.16,132.78,444.54
111.91,3.8573,177.63
117.3,13.714,219.23
164.67,215.2,499.12
113,-1.6196,200.89
188.3,117.38,349.62
178.69,81.133,363.97
185.16,116.15,343.13
172.53,118.64,335.66
119.41,21.484,203.52
148.53,25.184,190.8
149.81,70.542,343.71
149.85,15.772,267.49
183.87,78.62,301.78
132.65,27.822,193.71
194.74,127.64,374.93
163.72,10.252,199.25
110.97,-74.885,27.598
151.76,147.29,411.16
153.49,7.1595,252.29
111.75,-18.33,116.59
79.129,-82.31,72.387
111.02,-6.6827,144.78
172.73,144.42,459.81
207.58,180.91,471.39
201.79,152.78,448.94
183.41,76.259,298.64
124.75,-84.695,76.019
160.48,189.75,462.26
92.196,-71.436,105.3
152.77,138.51,383.15
131.33,12.336,166.13
90.684,-55.42,114.54
189.42,165.24,490.3
184.72,67.575,300.32
191.78,99.283,371.93
175.48,143.3,459.31
168.8,112.96,326.44
158.1,137.93,435.93
127.71,38.333,223.23
162.12,209.64,509.84
173.2,57.671,328.37
108.03,-9.4161,145.03
182.36,78.417,354.34
156.57,137.85,373.27
138.62,-18.896,125.1
178.19,202.73,458.94
157.52,64.72,252.27
144.91,72.893,268.91
108.29,-9.3299,144.44
184.21,109.89,334.36
96.313,-30.689,125.44
120.05,-59.258,142.92
190.06,89.533,355.57
150.59,-13.267,215.43
152.2,118.2,344.51
173.78,105.33,317.76
130.08,53.802,261.05
150.96,86.146,364.11
150.55,140.53,409.74
104.98,-90.826,87.929
140.67,-52.501,132
140.27,-35.347,112.39
186.64,110.74,339.29
188.96,105.54,338.79
167.79,50.792,242.64
155.15,34.285,208.18
93.935,-45.467,127.24
121.11,14.601,178.64
198.43,133.27,420.71
124.53,-78.588,52.941
194.3,161.36,480.56
178.42,130.01,354.3
181.36,133.47,360.96
131.34,52.686,250.48
164.9,126.27,346.78
140.91,91.273,341.14
211.33,202.94,506.23
188.18,183.14,432.24
168.43,74.082,357.83
131.11,-35.204,97.239
101.69,-39.516,79.571
194.11,112.48,361.33
184.03,61.811,301.33
204.56,178.33,491.57
201.23,142.92,416.27
170.08,89.171,293.31
181.08,118.95,341.71
169.61,66.22,345.17
137.82,80.22,321.41
95.763,-112.9,48.796
186.85,213.77,474.31
164.61,216.58,502.39
158.88,90.786,292.36
190.91,166.63,491.65
151.85,-20.327,150.73
117.67,-73.485,38.975
150.92,130.36,371.95
165.6,90.158,292.31
151.87,145.1,402.61
122.73,24.969,243.5
178.53,219.73,484.7
152.36,94.543,301.4
113.54,-25.211,184.5
93.057,-56.206,119.86
161.85,204.12,488.29
189.14,86.091,351.31
147.8,8.1594,255.29
136.22,2.9033,243.46
89.444,-62.382,39.724
170.49,164.97,485.69
137.04,-50.622,149.58
126.8,41.492,235.79
103.63,-81.102,103.57
109.5,-43.294,70.598
202.82,167.63,436.58
147.51,111.48,341.83
124.08,36.591,244.71
122.31,-63.801,55.409
202.49,161.86,465.52
108.37,-7.5017,150.27
192.73,126.86,424.5
181.22,128.83,438.25
151.22,144.56,408.05
197.55,126.7,385.81
187.6,114.89,411.53
152.36,31.029,201.56
93.527,-38.469,98.561
111.15,-39.708,76.86
207,178.19,465.54
123.58,-68.825,53.95
127.48,22.137,254.94
137.62,44.778,222.34
182.56,68.612,290.73
161.58,163.25,410.04
137.8,63.942,260.91
163.05,199.83,512.17
75.464,-78.007,62.688
182.63,113.69,414.2
132.58,-60.345,132.75
104.96,-17.199,168.72
208.82,216.9,501.6
205.06,173.26,479.15
157.7,43.926,311.79
164.4,210.37,490.06
176.47,145.81,463.12
138.69,85.532,319.58
122.54,31.225,240.21
192.09,104.77,383.35
196.63,221.16,488.89
181.07,54.344,280.41
201.38,178.76,499.91
129.88,4.9062,240.33
162.74,203.63,513.77
142.19,77.026,337.69
157.23,119.38,412.82
97.136,-44.051,73.719
162.43,198.93,509.03
170.12,17.259,232.71
107.76,-8.8782,179.04
180.94,81.264,361.68
122.27,-59.191,142.94
131.61,1.1758,147.55
138.93,78.387,327.97
124.07,-68.675,55.096
170.37,34.798,288.24
139.66,-55.332,112.81
102.68,-95.048,80.492
133.26,-21.85,115.57
121.14,-54.247,63.373
159.95,177.01,438.35
168.58,60.178,254.6
130.5,52.863,281.49
192.81,111.73,355.52
134.02,55.158,297.33
104.07,-14.58,145.03
210.35,200.32,513.49
189.22,90.556,328.22
122.61,-81.344,46.381
123.22,34.254,233.4
173.43,221.22,491.32
129.97,-74.964,90.267
163.57,33.476,293.23
149.27,90.179,366.09
146.81,-16.475,140.3
101.52,-39.997,78.68
138.59,76.273,287.72
158.82,34.068,211.6
135.91,-46.637,95.326
152.14,-24.2,152.22
171.33,148.87,465.05
189.4,142.4,380.62
126.09,-66.827,126.02
152.86,49.713,228.39
189.91,162.88,486.42
120.41,-30.556,186.13
182.4,56.172,299.15
182.94,74.031,295.59
141.16,95.565,335.19
166.02,170.87,487.8
187.96,157.84,479.69
110.89,-90.303,87.547
123.21,13.413,172.94
145.3,87.537,296.77
143.76,88.598,352.03
148.25,84.022,286.22
98.323,-43.184,74.452
149.71,39.882,212.6
135.05,-63.975,113.04
150.47,47.946,225.01
127.62,-1.789,229.64
98.57,-101.79,68.564
169.7,39.385,298.4
148.3,35.319,296.08
138.07,81.715,322.33
195.08,229.71,499.37
81.178,-62.023,76.471
161.45,191.72,499.42
168.16,187.67,511.22
180.05,131.72,442.85
131.54,-72.111,86.993
145.3,99.125,365.28
116.05,-102.08,41.452
156.91,102,311.1
164.2,4.75,230.21
128.26,-8.4306,221.98
112.87,-43.947,70.503
160.92,-6.3269,206.81
159.68,89.555,290.37
146.89,-39.746,137.92
163.21,214.71,506.84
136.32,69.862,313.13
130.02,52.237,278.63
153.37,152.6,434.51
166.02,161.35,476.17
164.99,204.73,523.05
191.51,92.4,352.15
160.53,100.08,392.16
114.42,-87.825,90.443
128.53,-55.787,147.19
187.11,97.609,381.8
147.74,79.903,351.94
151.42,88.773,292.02
125,-13.945,211.82
201.22,159.83,424.22
129.2,23.956,188.74
188.45,105.9,394.57
134.45,66.423,277.8
92.915,-65.427,31.745
101.92,-36.764,152.7
144.57,41.096,213.48
179.79,170.27,498.4
153.66,75.658,354.23
169.34,140.18,452.08
128.17,-69.786,65.434
107.74,-49.569,59.873
99.899,-67.572,28.554
96.063,-46.895,132.57
153.23,136.34,422.62
132.72,-17.265,212.58
146.87,-6.1636,150.25
163.55,168.86,481.37
199.17,149.2,451.09
160.09,149.34,388.21
161.1,63.986,252.87
119.24,-34.344,180.13
194.08,133.59,378.92
158.58,182.88,456.13
127.37,-59.832,139.78
106.35,-41.245,157.09
118.6,19.538,223.5
123.26,-21.037,201.09
204.52,162.05,452.77
194.36,108.54,361.73
209.2,191.38,497.32
153.03,49.445,228.06
136.96,4.9076,155.13
133.34,61.411,267.65
93.445,-60.757,117.22
152.18,-27.205,155.65
184.04,164.4,404.43
144.65,4.8639,160.5
206.19,187.84,505.16
208.07,186.05,474.82
152.11,145.12,401.07
139.01,71.382,274.89
146.66,71.024,340.12
145.19,-15.433,138.31
110.86,-20.436,112.88
188.8,164.22,489.02
142.63,3.1007,246.68
183.42,230.65,499.23
195.12,121.66,408.75
120.03,23.257,206.84
137.07,50.325,233.61
120.62,-35.165,87.561
147.13,4.5759,162.72
129.52,-45.326,166.49
97.504,-69.97,23.947
150.87,141.4,413.33
123.22,-57.845,145.21
154.83,-22.061,177.34
149.39,112.43,338.86
158.49,170.38,470.48
192.82,103.16,351.03
162.96,206.21,516.49
135.69,-30.838,108.18
78.348,-74.842,72.852
195.47,152.04,401.69
157.66,57.096,241.24
136.39,72.135,313.78
187.89,83.623,350.9
142.44,59.143,320.07
150.77,-13.631,214.48
110.55,-8.1844,141.79
126.11,-74.8,106.62
149.41,5.1533,250.21
203.53,155.93,443.27
157.87,125.31,349.63
137.23,-57.396,129.48
183.59,64.916,293.77
164.42,217.38,505.23
167.88,59.846,335.53
168.94,59.021,333.74
153.53,56.839,239.3
114.95,12.098,201.71
197.11,153.39,406.61
200.41,138.87,408.93
183.33,120.95,425.2
187.16,140.42,453.26
148.04,98.323,313.51
108.52,-46.8,153.87
199.46,188.39,450.75
152.42,141.65,423.77
170.08,179.42,427.36
153.84,138.81,426.79
160.78,43.804,311.54
78.324,-78.307,72.188
183.07,175.4,419.24
125.53,-66.387,127.48
162.19,210.42,506.12
148.64,-20.525,202.33
160.96,62.207,339.69
119.96,-94.335,45.409
126.37,-74.327,59.206
140.34,-17.819,128.55
157.28,1.7814,238.78
191.22,94.945,363.65
181.68,175.87,192.34
103.36,37.231,-14.443
170.16,215,276.32
151.77,66.379,24.953
230.33,288.77,427.7
178.07,208.35,331.04
195.51,265.5,437.35
195.8,146.32,173.27
187.42,249.04,317.06
140.96,40.269,67.215
199.06,207.33,341.58
151.23,79.272,39.543
184.35,250.62,322.87
217.91,227.74,356.68
153.55,139.5,138.28
173.92,223.85,286.04
154.52,69.936,114.7
206.03,233.03,384.4
197.24,137.3,176.15
127.37,89.555,95.024
165.46,197.53,248.8
200.56,272.99,355.16
183.62,161.78,172.47
189.83,130.42,204.66
182.45,113.46,116.43
157.96,129.62,199.89
188.55,234.81,290.88
218.94,287.66,391.83
179.74,173.29,281.62
125.76,69.268,23.132
194.91,130.99,192.4
189.28,133.31,211.56
100.12,31.278,-22.469
230.28,285.43,437.39
169.26,113.51,185.28
166.13,163.46,173.55
160.17,51.753,29.804
178.35,139.95,228.86
120.98,62.736,72.027
192.88,279.59,456.42
146.17,122.43,111.7
136.19,105.88,131.89
181.75,119.96,192.87
151.03,149.23,168.17
180.25,269.49,414.93
144.86,12.443,2.431
174.69,153.02,154.97
155.52,100.45,160.1
160.23,105.25,169.76
118.08,68.261,61.646
183.53,117.87,187.01
138.37,111.3,140.95
146.58,115.42,165.97
120.33,60.328,10.144
175.51,206.53,324.23
146.11,27.241,-15.087
181.2,234.23,295.02
170.55,229.84,325.46
214.49,238.66,386.97
181.37,205.85,242.37
182.9,302.61,452.66
139.38,112.73,145.02
206.69,227.2,373.51
180.33,97.527,146.91
214.17,221.31,352.71
137.38,15.812,-39.929
187.56,129.24,205.38
159,176.82,243.34
113.83,59.625,22.974
195.37,284.36,466.57
201.67,169.88,269.19
224.74,252.44,384.02
188.25,178.47,199.52
175.97,216.44,266.75
131.88,97.095,114.45
167.95,140.77,225.24
160.95,180.34,219.4
213.22,235.26,382.18
187.04,283.82,452.6
167.73,123.23,199.8
152.4,29.076,6.5728
176.65,224.61,350.25
147.54,86.743,135.73
187.22,144.14,154.02
119.61,39.885,52.306
110.05,-8.7547,-12.271
141.33,10.192,8.0188
140.09,99.093,138.82
182.86,235.65,377.3
167.91,211.49,276.77
204.17,161.11,241.41
174.81,224.3,285.02
227.17,269.93,394.48
183.69,217.19,261.55
185.92,240.79,302.99
204.71,163.94,214.53
225.27,262.34,409.03
195.56,183.96,213.82
204.59,289.06,382.78
155.63,130.99,119.86
194.84,229.03,378.11
143.96,125.28,123.02
184.31,166.15,272.29
162.16,127.83,113.3
194.49,159.29,182.33
162.08,139.87,217.87
167.17,209.03,273.71
174.2,206.28,321.36
117.61,68.865,41.394
177.06,265.01,392.3
149.39,24.449,-4.5148
143.31,126.13,162.38
203.01,200.82,327.83
198.65,158.6,190.41
193.85,251.4,413.72
169.6,211.22,314
161.59,166.62,184.66
149.62,137.92,141.45
191.7,156.77,254.61
178.01,83.099,102.49
179.52,246.91,385.85
175.58,258.14,373.88
153.72,38.301,8.4254
146.89,89.175,138.14
172.71,194.17,226.64
165.42,204.04,285.7
222.95,240.91,362.48
190.33,162.62,265.85
198.75,212.62,350.85
134.9,82.669,115.02
180.51,265.71,411.7
156.86,171.32,228.9
143.92,126.32,125.98
132.19,92.41,65.634
193.16,255.25,325.36
209.41,183.78,243.64
179.55,178.2,195.61
184.3,100.77,142.35
169.18,210.95,269.66
168.91,218.25,314.38
110.85,27.679,28.668
203.85,157.61,210.5
195.13,262.03,431.57
199.82,285.64,376.86
168.45,219.13,307.73
139.21,0.42404,-18.8
211.62,188.27,283.33
203.94,163.86,210.89
155.62,103.97,164.91
111.76,37.993,37.799
172.13,210.97,261.87
193.62,255.9,326.37
189.34,184,302.43
149.28,51.86,7.4835
117.77,8.711,14.878
163.02,165.08,248.96
204.5,293.21,389.74
112.62,58.414,39.206
217.48,234.25,317.22
182.08,114.1,116.1
206.57,194.34,244.26
115.59,41.503,-23.13
176.82,244.6,324.47
129.9,3.8966,8.102
189.59,166.78,184.56
223.46,264.08,420.22
221.99,276.51,381.83
199.94,176.64,285.08
214.68,291.12,391.85
106.99,46.95,8.2218
225.66,258.84,396.24
189.99,271.6,356.61
174.16,245.3,337.78
166.06,148.67,147.28
160.73,49.667,31.906
188.53,185.55,210.07
137.72,92.728,128.84
188.69,118.71,179.73
134.55,73.407,105.72
138.47,57.685,3.652
190.15,289.96,391.04
169.04,141.31,135.47
161.05,46.011,37
181.3,145.75,238.54
93.485,19.893,-28.036
149.68,32.891,48.76
188.77,240.09,300.14
202.65,151.41,208.77
202.06,315.24,428.09
198.95,173.86,280.77
221.61,234.72,355.47
193.92,227.56,375.35
230.03,297.33,432.13
139.94,109.19,91.616
214.69,215.09,288.12
210.35,190.9,251.89
127.57,88.991,96.828
122.42,72.877,36.313
160.63,184.91,251.92
205.98,258.37,428.97
202.25,250.68,318.78
107.39,32.111,25.179
150.24,150.99,190.36
215.57,203.54,285.97
200.02,195.34,234.38
229.83,283.11,422.93
199.6,152.63,189.02
154.28,60.206,98.425
181.27,279.68,429.63
182.35,102,153.38
225.66,256.52,386.62
195.64,280.85,369.68
150.36,136.66,191.98
211.89,270.51,448.53
187.56,275.57,366.77
191.39,239.18,392.51
133.16,3.0608,4.0681
177.16,237.49,308.1
140.35,102.29,141.96
176.33,262.03,373.92
135.31,21.998,37.931
208.38,177.4,236.26
203.78,247.75,410.9
161.43,76.41,47.372
164,75.252,50.625
163.16,145.06,141.78
172.6,70.456,81.79
218.4,246.25,395.21
179.05,124.3,120.58
167.72,67.804,100.32
175.44,124.39,203.23
214.54,200.09,301.04
209.46,191.16,248.89
187.06,308.1,434.01
227.99,270.96,411.5
160.17,137.39,212.27
153.65,137.26,200.75
229.33,284.97,418.14
128.81,91.525,101.81
221.22,230.82,344.96
136.36,110.22,131.57
193.54,204.21,336.64
99.602,0.79461,-10.957
182.56,94.286,119.58
192.2,218.51,359.85
175.2,206.14,247.32
156.61,130.63,118.74
178.37,129.65,211.76
162.47,49.012,59.233
219.71,281.02,461.54
114.25,50.569,-3.6067
187.42,181.42,297.83
186.84,121.5,132.54
152.51,131.12,192.55
219.07,219.86,328.71
184.9,176.27,194.26
113.22,60.182,38.914
210.39,180.1,263.92
185.62,102,134.01
134.24,106.83,120.56
120.69,-1.2121,1.4585
154.81,131.39,197.11
152.3,99.102,67.429
142.64,6.716,-15.614
185.23,202.26,235.51
184.57,237.35,382.35
200.63,220.27,363.78
116.7,55.938,5.1252
130.65,73.496,27.749
192.56,157.32,255.03
153.92,141.7,205.36
149.49,49.58,81.458
225.05,303,424.41
121.47,78.058,60.214
152.5,27.658,24.75
168.87,179.75,202.38
178.86,270.59,378.53
177.37,250.33,383.15
150.01,127.92,118.43
154.85,54.496,87.812
146.24,122.46,111.66
228.99,277.99,426.13
168.42,159.28,250.87
158.78,74.697,41.994
125.95,-11.279,-18.461
173.06,241.52,334.93
144.39,42.096,-8.1681
198.72,282.51,466.75
174.26,162.98,262.17
188.4,237.64,295.93
147.56,126.11,176.91
178.11,191.08,306.54
129.49,38.473,-26.49
115.54,-0.27742,1.6747
210.47,212.66,273.98
222.47,261.04,363.72
201.36,244.5,308.43
210.55,202.68,263.01
180.48,264.19,409.84
165.73,55.206,56.095
146.37,14.821,3.3858
130.89,66.801,93.952
155.89,94.091,151.51
170.59,206.01,254.24
163.79,195.37,251.14
194.19,301.22,407.79
154.38,47.047,13.004
158.85,103.65,76.512
104.27,34.466,-25.473
185.24,109.88,122.34
183.93,157.49,166.82
158.17,78.187,44.778
158.03,147.41,149.37
132.96,89.737,58.236
145.46,136.66,155.03
195.58,292.64,390.91
213.23,260.34,343.51
156.61,171.44,217.29
204.06,308.52,415.87
222.86,316.3,439.71
127.25,80.81,96.308
162.95,119.46,100.8
112.45,5.98,8.0492
201.57,301.24,403.65
204.57,237.87,393.55
195.53,304.51,412.66
184.11,281.52,384.92
192.24,292.94,394.25
177.33,265.16,395.02
194.04,136.81,162.17
205.31,234.21,386.84
189.58,142.69,229.8
201.26,146.74,204.79
201.54,216.02,264.95
190.99,179.23,202.75
170.86,153,154.17
136.22,9.4667,14.272
138.68,92.45,58.334
157.42,138.58,209.41
226.7,264.85,405.9
194.38,202.19,333.3
123.36,-12.288,-18.324
222.82,297.5,412.44
138.22,4.9131,0.85295
189.61,134.52,213.62
186.59,278.42,373.74
181.03,108.95,109.99
147.04,105.08,77.227
126.86,76.078,36.281
164.5,148.05,231.31
179.66,214.24,258.59
133.7,64.616,95.389
125.85,0.77172,4.1427
167.02,202.86,256.87
221.34,241.56,339.35
153.45,45.138,9.9531
179.67,273.9,382.78
191.92,195.43,226.87
177.73,89.199,131.79
209.34,206.49,331.42
210.83,251.97,415.75
135.52,-3.4741,-16.155
178.22,156.42,254.92
198.64,229.72,283.54
121.48,34.114,48.564
175.76,155.44,159.01
100.54,9.0619,-2.7018
191.48,144.35,161.54
172.46,207.95,254.8
145.29,12.129,-5.1344
180.12,88.185,111.78
124.78,82.781,86.192
116.68,65.642,56.215
173.36,240.88,354.56
171.98,187.87,215.18
170.82,152.06,243.58
174.8,229.64,296.65
197.24,193.5,317.85
190.76,274.09,360.54
98.229,24.729,-2.8813
179.15,136.87,223.82
144.74,40.177,-9.3531
117.6,66.159,30.442
165.82,153.86,156.32
105.87,44.133,1.3954
222.27,257.91,359.49
218.95,224.5,314.51
126.56,39.362,-26.699
119.48,51.566,61.994
166.96,121.67,197.12
192.4,256.21,327.29
148.47,145.85,180.7
115.33,1.0121,3.3611
229.64,289.81,423.48
177.71,269.92,386.14
217.82,274.88,371.49
166.16,83.01,60.696
156.3,169.67,210.96
158.78,158.04,170.52
187.61,137.41,221.39
142.82,129.35,142.51
107.58,19.516,16.819
162.7,191.04,267.17
150.01,51.291,84.266
226.32,261.84,399.38
160.99,158.44,168.38
223.36,248.42,383.16
230.78,291.37,453.29
119.71,34.313,-35.772
214.67,264.82,436.35
202.42,275.18,359.1
224.86,281.89,396.17
185.24,133.82,139.89
180.78,157.61,283.07
187.28,188.41,249.45
177.55,175.13,299.45
156.14,71.614,145.04
155.16,18.993,-2.0639
181.08,168.02,297.45
185.64,162.12,203.78
227.12,224.84,392.09
172.53,93.001,185.21
110.47,13.952,-23.73
191.65,287.6,461.1
166.88,153.6,208.03
212.87,273.29,391.41
197.55,104.7,146.36
229.05,219.45,338.04
207.31,122.82,204.05
217.95,160.47,250.98
125.84,51.767,63.97
216.65,179.95,257.61
198.49,206.85,278.34
212.14,138.24,228.08
202.77,148.01,274.65
231.1,221.29,361.34
130.16,51.002,83.285
184.51,243.37,386.93
176.21,93.112,98.198
115.78,21.69,-14.381
200.31,296.69,441.37
149.03,107.53,148.92
180.96,121.04,230.91
201,208.64,378.17
178.73,83.999,171.06
157.48,99.115,102.77
202.93,112.94,170.13
182.09,229.74,357.9
214.36,256.63,364.29
231.39,265.58,398.64
205.23,257.2,458.66
233.23,274.59,414.94
161.19,110.92,196.67
120.41,34.853,50.037
179.68,215.46,340.31
206.89,121.74,192.7
197.35,252.93,361.15
202.37,271.19,390.58
121.2,13.519,-34.811
188.72,102.66,199.96
195.52,89.637,152.74
164.19,63.5,138.14
228.06,204.38,332.22
191.05,275.96,454.44
158.73,16.866,5.0836
175.16,78.739,80.659
159.34,35.88,93.379
133.6,66.271,95.508
237.82,267.52,424.58
151.88,-7.0388,-12.485
231.22,276.66,413.45
201.22,183.23,336.48
150.23,-11.051,-15.534
140.09,76.24,120.81
160.75,140.07,196.05
184.97,67.588,128.51
177.81,206.56,322.23
156.14,115.93,139.79
186.77,253.89,389.91
226.25,247.73,363.6
158.05,99.579,103.3
178.2,148.61,182.21
157.48,113.02,130.62
180.21,187.94,320.8
167.27,67.084,144.15
140.09,22.137,69.553
139.15,1.7356,39.717
199.64,100.91,158.87
194.15,151.31,282.68
182.11,227.52,346.19
184.14,199.36,273.58
193.03,223.87,310.82
189.44,175.35,225.7
135.63,70.471,103.38
163.97,134.38,167.68
218.07,257.88,463.62
149.77,108.63,142.46
223.03,181.08,299.87
167.17,75.654,157.35
172.02,89.014,89.514
181.86,91.428,102.82
200.02,233.1,323.4
170.75,32.24,66.74
207.73,142.1,257.02
170.1,143.58,248.01
233.62,278.81,421.45
227.17,295.02,434.79
141.01,-21.279,-5.2305
145.05,75.247,66.008
109.73,10.645,15.079
176.24,193.8,281.88
155.11,123.2,166.88
217.48,211.74,298.85
199.25,242.95,430.73
165.29,95.373,183.81
149.96,90.33,155.38
156.22,88.036,83.555
208.47,157.3,215.54
143.18,76.347,70.234
214.39,146.63,244.29
233,268.53,469.45
224.52,248.35,442.63
186.42,254.44,395.65
153.91,97.842,170.09
229.22,213.65,336.38
189.52,273.48,440.45
190.9,282.34,443.93
220.78,251.57,361.3
125.22,22.341,54.741
185.93,65.278,107.53
177.15,203.66,312.24
178.78,59.261,72.816
224.47,209.16,365.34
194.64,110.35,142.46
183.05,234.71,372
186.76,103.91,122.78
213.56,164.79,294.7
232.53,249.28,381.78
175.25,153.86,193.61
176.26,156.1,274.27
201.93,237.25,330.14
211.87,137.26,225.77
186.52,255.97,406.95
224.16,237.64,345.75
162.09,66.147,141.49
234.62,242.58,391.49
230.84,247.66,374.27
125.05,50.669,59.184
178.3,59.494,71.528
207.38,128.27,224.42
140.81,83.205,93.073
179.32,149.66,183.69
188.22,266.39,425.05
140.59,85.782,117.65
147.71,76.113,65.792
172.25,46.168,102.79
217.77,287.6,416.5
234.8,247.01,413.36
211.85,182.42,331.53
137.93,58.054,105.68
158.89,68.05,53.446
152.54,78.88,68.816
209.19,192.73,351.86
222.95,219.06,388.51
238.82,271.53,454.82
208.97,128.13,203.35
205.08,169.54,312.37
184.82,244.25,377.02
191.76,229.54,400.1
137.48,45.592,94.163
159.73,137.77,197.58
210.04,155.61,217.14
155.55,20.073,-0.61744
176.86,158.96,278.84
144.86,10.495,-25.291
162.8,18.528,18.757
141.78,22.168,70.452
192.09,207.85,281.96
223.81,189.84,322.36
154.72,-2.3822,2.1218
236.52,259.36,410.71
224.95,188.81,303.71
154.23,98.832,171.61
177.59,118.41,225.19
173.71,136.31,162.17
204.6,132.38,241.6
174.38,85.519,87.326
120.52,29.286,-3.8903
221.5,207.99,301.32
176.85,202.21,309.77
141.79,70.422,122.66
158.89,132.61,202.71
179.5,204.53,295.92
153.5,34.747,92.169
194,228.05,401.61
187.11,94.86,114.49
170.25,168.62,237.47
208.52,198.35,269.22
210.63,261.18,370.68
205.09,302.69,446.52
128.61,32.059,68.334
235.82,260.17,442.6
216.03,205.98,288.77
181.07,205.17,342.47
215.95,163.1,285.3
166.15,114.25,126.05
208.58,259.72,464.99
188.55,254.15,380.92
156.11,0.80502,14.119
178.65,144.07,262.11
214.75,285.51,412.27
201.9,122.34,224.46
221.07,192.55,337.98
160.97,129.02,211.53
131.61,37.921,78.18
215.14,188.08,338.89
113.59,-6.8991,12.032
154.61,106.61,120.77
189.48,252.33,424.14
227.47,236.75,415.91
165.83,147.38,194.77
184.48,221.86,372.27
133.61,48.02,21.767
150.99,85.225,80.82
169.07,142.25,244.37
106.24,11.515,-2.7305
136.14,48.582,21.382
226.72,220.96,384.86
212.53,207.53,376.76
196.59,296.43,449.17
133.08,-26.302,-6.9289
171.55,152.46,260.5
186.83,70.52,130.5
130.67,61.693,82.682
212.52,147.52,218.71
107.6,-14.25,-2.8674
208.07,190.06,256.76
229.23,235.28,354.64
163.96,122.08,141.82
171.94,143.34,176.21
188.09,149.34,183.65
209.32,132.82,229.35
137.18,-16.787,8.4883
154.65,116.98,146.73
163.33,68.298,56.658
147.97,-0.75211,31.467
173.82,163.11,214.1
183.57,210.52,297.86
214.1,161.6,233.22
226.96,221.39,331.63
204.33,153.82,204.45
197.77,176.19,228.71
195.51,168.63,311.21
190.12,196.53,262.56
239.38,275.59,440.39
209.77,209.01,380.23
207.39,240.07,432.37
222.21,176.59,289.71
146.79,50.701,24.248
186.52,193.85,341.13
183.2,229.45,373.49
173.8,45.502,54.838
154.73,40.112,16.039
141.23,35.219,87.019
219.61,255.72,366.51
199.62,288.49,426.33
216.21,252.59,358.86
193.32,197.58,355.19
225.51,261.71,382.46
194.74,122.85,233.48
197.48,291.74,436.9
116.92,23.916,-10.932
138.4,79.86,93.007
159.61,74.507,62.743
180.23,218.06,345.64
191.79,252.33,431.08
183.79,75.663,93.34
191.77,82.125,147.49
219.12,195.11,347.15
160.97,18.42,11.934
186.62,166.36,210.81
117.24,18.904,37.437
211.96,137.87,228.66
193.96,269.44,458.73
170.51,84.53,171.77
177.49,169.01,292.19
231.58,224.57,369.35
175.11,155.31,196.56
190.57,246,419.75
148.71,-12.026,-25.076
177.52,65.115,136.63
140.83,43.115,11.744
176.73,184.28,306.71
194.47,169.88,217.57
148.37,104.64,134.67
122.29,42.86,54.075
210.99,173.18,314.93
172.72,77.85,161.64
164.64,112.88,124.2
183.48,72.405,144.41
181.88,157.05,195.8
206.57,159.51,293.16
169.97,154.38,258.18
192.75,91.094,125.83
214.14,146.75,247.19
174.75,80.391,81.927
112.04,15.263,-23.553
181.33,92.36,184.82
140.93,11.984,-28.445
153.13,1.1535,28.021
213.88,144.06,236.29
161.62,31.411,83.893
149.12,74.185,61.687
191.79,285.82,445.73
158.05,112.12,127.91
191.59,249.13,426.43
199.13,139.89,180.41
150.44,102.41,163.42
146.73,30.595,-2.1839
215.24,151.2,255.4
150.77,96.813,104.74
179.67,185.01,250.97
144.66,69.426,127.63
201.5,160.91,209.7
232.35,248.95,429.67
118.34,36.596,26.668
218.64,213.64,303.28
151.68,59.719,38.76
123.19,34.545,4.2903
157.72,61.037,43.469
209.58,129.8,207.68
111.7,22.4,1.1662
186.11,84.913,104.58
204.43,240.74,335.77
160.66,12.482,13.08
233.67,246.53,384.05
236.79,257.43,428.13
237.63,262.82,437.74
208.63,166.15,303.85
239.99,276.13,457.74
226.33,259.61,380.64
145.34,26.084,77.402
118.49,34.459,41.645
133.36,69.45,84.172
214.65,165.17,237.89
140.23,43.688,95.782
162.57,57.273,42.987
191.33,219.83,304.8
178.69,59.314,72.592
221.51,179.57,274.31
123.76,24.429,54.007
229.62,214.04,353.61
183.2,228.15,372.68
188.98,129.37,246.16
177.56,118.54,225.36
125.36,17.874,50.896
197.02,274.44,472.77
201.65,240.81,336.44
214.42,206.24,286.93
164.45,130.39,222.27
175.73,102.32,200.44
180.24,120.41,137.42
178.35,53.426,108.06
214.09,167.66,238.67
183.31,126.36,240.03
227.5,241.83,358.17
124.55,-19.15,6.0128
152.35,2.5356,33.009
183.68,86.106,172.34
233,241.39,376.25
206.57,205.09,277.93
201.79,258.24,367.43
201.48,241.89,431.4
192.17,174.67,319.09
231.52,263.25,461.63
157.99,17.112,3.1985
144.27,89.51,137.68
188.31,265.65,427.87
227.86,231.73,404.79
144.38,87.021,137.92
226.88,218.55,379.21
152.47,9.6502,48.445
191.86,253.17,432.34
193.88,191.07,251.89
132.63,57.393,92.419
208.38,226.22,409.63
162.13,123.42,146.55
225.75,210.42,364.6
177.51,139.72,254.93
143.72,64.809,47.182
212.1,138.26,228.87
180.42,210.58,307.64
186.67,70.66,102.36
221.74,175.92,292.99
208.95,263.85,471.86
199.51,101.94,155.82
220.05,169.19,264.27
218.08,178.81,315.31
212.88,272.07,389.35
203.28,145.59,193.33
174.63,132.49,155.27
235.12,245.24,400.97
192.52,83.873,126.21
183.44,59.747,105.67
142.4,87.469,100.9
126.95,50.993,39.163
207.25,275.01,394.84
218.45,193.92,345.83
214.96,152.2,260.42
218.56,223.85,317.49
194.71,95.161,133.73
174.77,186.31,267.65
158.09,103.23,183.31
159.79,137.86,202.12
201.24,112.05,201.27
228.44,225.75,341.37
137.52,67.616,110.24
141.41,69.313,57.429
235.1,247.77,394.94
173.35,84.392,84.969
216.35,187.6,265.58
210.62,209.6,381.08
160.07,57.606,128.22
230.63,232.04,356.39
187.82,194.95,261.14
222.75,256.04,370.35
237.19,223.92,428.48
122.52,-22.362,21.11
168.01,14.265,21.57
159.59,61.999,154.35
206.81,145.01,214.94
127.57,14.15,53.286
192.55,85.493,208.21
156.81,82.558,122.96
151.05,48.506,55.612
183.64,74.127,189.75
206.44,263.61,420.11
238.93,221.71,419.54
180.84,151.08,234.81
225.35,141.19,250.62
222.4,136.78,234.32
233.53,195.04,322.03
201.19,66.448,152.21
193.02,102.77,236.73
207.37,170.82,350.1
194.99,237.95,402.98
140.96,-4.4538,59.204
199.11,245.91,400.2
215.18,215.34,328.37
199.12,130.98,189.56
227.11,173.27,280.47
181.41,167.8,287.2
178.5,27.409,51.159
182.55,22.624,68.107
231.6,200.45,391.66
194.83,205.08,323.07
160.23,-11.774,-9.163
188.26,111.02,155.17
193.52,116.69,165.75
158.52,-21.227,26.637
182.02,149.47,286.49
154.04,-11.017,52.387
155.12,70.605,152.42
205.05,77.471,150.6
116.87,-0.82549,-2.1949
160.67,89.113,130.39
239.37,221.43,417.55
194.01,194.38,369.27
110.79,-12.406,-10.759
192.88,226.15,390.89
164.62,100.88,196.47
150.01,36.711,114.87
192.61,50.778,137.77
152.62,51.997,61.191
207.84,154.28,229.01
141.66,6.078,-12.725
197.16,186.45,364.65
207.35,194.2,387.59
155.41,66.516,87.425
194.43,222.46,402.99
177.52,38.431,56.649
192.59,44.842,115.78
176.67,107.51,230.14
183.86,24.531,79.226
162.62,45.399,138.45
217.34,248.62,481.25
208.22,85.011,165.77
115.64,-4.0583,10.477
140.48,25.187,89.438
132.39,20.513,68.91
204.13,233.77,443.75
233.43,201.43,390.22
149.86,62.365,133.21
164.22,72.711,172.49
199.76,260.44,463.48
162.06,57.979,153.3
213.61,195.72,295.87
230.12,160.03,304.01
209.44,193.07,290.48
195.63,188.19,287.78
156.08,80.645,158.98
172.05,100.29,139.43
205.79,135.48,291.29
206.08,91.698,208.27
212.6,162.11,244.09
159.46,93.509,147.37
222.6,207.32,319.78
194.62,96.277,139.52
134.65,-0.33055,-23.475
192.48,198.76,370.44
207.76,86.914,191.16
138.77,45.137,71.58
130.27,-25.227,25.878
142.55,53.805,100.58
228.06,207.16,408.9
240.48,256.67,417.51
242.26,230.59,392.1
212.31,159.96,240.78
168.15,-1.6977,15.341
196.11,237.76,424.8
146.86,-9.5605,55.058
187.51,192.61,342.15
156.3,80.503,118.69
140.83,2.665,67.64
241.44,233.14,436.96
218.42,153.47,240.04
233.82,182.24,311.58
230.58,207.77,407.37
192.28,181.59,279.05
211.32,194.06,389.54
161.06,98.847,178.61
204.58,254.2,472.97
224.9,138.25,267.31
141.74,49.862,101.09
230.83,160.04,293.37
187.17,194.4,331.7
162.99,59.561,71.477
201.91,258.5,419.39
181.19,136.82,202.71
173.33,136.18,223.69
141.67,50.088,100.48
208.71,187.53,281.21
136.44,26.074,81.6
175.96,15.382,84.564
231.51,173.53,294.72
202.51,69.12,153.22
183.36,176.26,301.89
196.88,178.24,267.83
168.8,112.22,216.5
206.12,148.63,313.38
194.51,192.51,367.98
160.38,-18.094,30.86
184.44,32.755,69.859
168.08,47.123,55.536
211.96,189.5,285.28
216.25,186.5,282.98
192.8,131.25,187.65
178.87,111.18,155.66
142.87,12.471,80.699
151.82,76.4,133.82
239.36,213.11,362.52
156.37,3.6986,-4.7057
243.65,232.85,425.61
201.17,200.54,305.91
204.11,204.92,312.01
166.47,112.22,206.06
189.87,190.01,302.06
187.26,147.7,296.1
244.82,276.31,453.69
209.95,248.42,387.29
223.56,148.57,299.74
155.36,42.412,44.162
128.32,22.704,35.41
224.94,194.68,303.96
221.23,148.29,239.91
246.88,252.43,436.59
234.92,222.77,359.7
193.38,163.28,242.6
204.31,193.13,290.97
223.88,142.98,285.89
183.33,137.22,276.22
150.26,-40.752,-7.7137
208.57,272.19,433.58
200.2,261.48,466.84
183.52,158.36,245.36
242.37,235.09,438.08
183.38,65.282,91.116
143.3,4.3576,-14.551
186.17,185.06,330.47
189.04,161.61,243.2
190.56,197.17,361.97
171.53,84.585,195.96
202.86,272.25,447
179.86,157.63,256.51
168.62,39.078,132.68
145.02,3.2376,71.72
199.31,249.91,451.79
231.01,170.25,290.26
203.94,84.491,195.85
193.34,73.887,187.08
115.99,-2.2908,-3.1146
225.23,222.39,438.17
187.11,31.925,87.685
163.34,100.7,191.25
160.07,-11.114,47.955
133.02,24.137,23.936
230.87,243.71,383.6
182.21,168.12,299.28
167.03,94.94,199.26
147.93,14.643,1.5149
244.21,238.16,409.33
142.93,51.528,106.29
239.64,204.54,366.3
234.76,199.44,382.9
192.34,196.25,367.1
229.25,207.89,328.87
237.08,192.02,353.09
175.95,107.06,149.6
128.42,18.611,55.699
134.74,27.903,30.07
239.28,254.21,411.64
150.97,11.232,-1.3302
180.87,84.675,204.58
165.08,109.76,176.29
212.69,153.31,231.99
191.45,217.5,370.04
169.49,124.95,216.35
211.21,246.54,472.69
121.65,-23.524,18.887
234.83,188.19,356.77
182.49,21.713,71.189
152.07,41.222,122.3
233.98,286.55,453.2
245.32,248.76,423.78
213.9,118.52,253.4
198.72,256.48,454.07
231.45,210.34,411.18
180.59,142.14,275.44
166.95,89.724,194.35
235.43,186.72,323.33
217.68,283.5,445.91
215.1,140.87,219.67
247.26,250.84,445.38
186.24,72.049,186.47
209.61,249.48,475.12
194.33,136.7,289.37
211.72,178.69,364.2
124.98,16.514,30.3
210.05,245.52,469.76
208.24,104.99,170.31
153.73,49.471,132.91
230.96,161.45,301.24
177.65,16.682,83.946
155.45,71.795,98.855
187.54,136.19,281.59
151.69,11.604,-0.3733
219.77,118.54,225.76
178.07,30.233,51.673
158.04,-22.733,23.687
156.87,54.305,63.535
145.02,21.737,11.379
193.49,227.4,399.9
192.96,139.22,200.62
177.11,111.27,235.19
222.18,193.45,298.77
184.47,114.83,249.39
141.33,43.365,101.11
248.07,273.44,460.14
220.3,174.46,269.76
153.89,0.47136,-10.853
163.42,92.752,188.48
200.57,270.49,454.99
172.41,8.9994,29.212
217.02,113.53,232.11
203.46,150.99,316.61
173.66,65.851,83.743
128.1,22.226,34.526
173.6,135.06,243.79
183.07,112.99,157.72
164.27,35.679,38.442
186.15,62.209,91.559
226.61,209.95,415.16
212.94,216.42,329.91
178.33,12.842,65.399
176.56,122.27,178.55
241.61,231.53,432.69
177.3,38.475,131
222.07,142.75,237.11
211.98,157.91,237.59
183.06,151.52,291.45
219.5,224.73,442.75
240.23,226.41,425.88
164.54,-14.343,28.888
151.97,76.709,127.64
176.3,147.96,252.72
194.85,146.87,304.8
176.53,146.92,241.27
125.72,17.882,30.826
173.39,112.68,162.61
179.04,20.486,51.33
174.38,119.53,175.71
184.02,65.456,175.72
153.96,-30.379,12.305
220.62,121.75,236.42
205.29,106.43,239.65
183.09,138.58,277.33
215.92,289.49,458.01
122.9,-7.3662,33.565
209.49,239.19,459.51
221.09,239.36,467.62
234.05,201.09,388.16
170.96,12.308,26.338
195.47,156.18,319.01
157.7,-20.271,-18.102
183.1,166.16,265.84
209.19,91.366,166.96
185.13,60.472,166.93
135.93,25.486,22.715
203.77,80.829,143.7
184.05,157.82,243.01
184.85,46.683,76.357
201.72,259.06,470.98
184.47,127.97,266.67
176.01,110.54,232.53
199.57,203.58,392.85
220.14,217.08,429.83
214.18,251.47,483.33
229.91,176.79,291.75
216.64,164.97,339.75
167.07,-10.368,31.093
182.3,22.924,86.814
234.69,178.03,321.76
202.38,141.9,301.63
178.66,152.52,246.79
181.72,54.283,157.22
229.11,236.6,370.84
156.97,88.477,142.92
236.14,185.39,335.08
171.82,124.78,233.6
117.32,-2.7052,-12.227
153.91,23.64,103.96
169.11,110.78,165.2
234.37,231.74,448.43
209.99,141.66,301.08
224.79,201.9,401.76
159.24,12.779,7.7907
130.95,18.171,13.09
122.67,-0.50052,-17.719
147.22,12.375,84.721
203.48,190.28,378.24
189.69,55.85,154.93
172.05,74.224,95.262
216.27,221.81,437.05
242.87,226.11,394.08
189.45,205.58,347.1
184.56,138.21,202.05
176.15,34.806,124.92
220.48,211.79,325
195.93,231.14,418.14
180.77,19.073,79.368
161.26,22.324,105.75
163.79,78.178,177.37
180.09,47.653,146.19
241,239.71,396.91
227.31,191.55,303.39
245.86,265.72,443.46
176.71,122.15,178.12
160.45,77.731,105.17
169.83,120.22,223.37
146.7,-0.25885,68.146
188.98,59.672,94.069
206.2,231.15,358.5
168.4,81.901,107.89
248.23,260.95,450.85
239.47,261.13,421.7
190.17,197.35,360.47
171.73,131.51,230.65
201.78,134.19,288.98
171.14,65.845,82.606
137.8,42.97,67.92
241.02,231.97,435.73
199.38,77.578,188.24
206.35,283.73,461.5
238.39,201.89,349.79
156.86,82.391,162.28
165.93,113.81,188.17
143.66,36.758,38.249
171.29,83.009,109.16
184.76,31.752,106.79
120.36,-3.7365,-21.831
195.63,193.33,371.42
178.53,18.284,86.075
196.34,64.979,114.61
182.09,170.01,296.17
207.57,220.45,428.74
224.96,186.45,292.7
209.45,251.68,478.15
160.67,48.374,53.956
125.99,-19.492,28.193
220.4,227.38,349.86
181.18,130.81,190.72
183.59,129.88,267.75
231.17,167.51,289.7
197.28,122.39,268.95
202.48,68.935,152.2
141.86,52.359,97.603
175.34,6.6418,45.592
204.86,83.005,189.98
239.91,234.29,387.01
185.97,185.22,306.56
183.37,26.827,67.435
216.51,150.77,233.7
200.68,261.98,469.72
222.29,136.92,276.02
222.88,136.87,273.86
177.41,128.32,190.07
156.8,70.407,156.53
222.79,229.32,354.24
233.68,219.1,352.22
235.67,194.37,368.4
238.89,212.07,397.69
179.01,158.09,269.88
164.63,19.013,100.89
222.77,258.72,402.35
200.53,194.2,380.73
196.05,235.29,387.24
204.21,192.59,382.48
216.26,120.15,252.24
127.51,-22.36,26.816
205.2,239.41,374.99
178.21,12.864,67.024
202.87,254.95,469.66
199.93,62.281,140
217.24,134.91,282.44
158.18,-11.745,-13.856
157.9,8.1338,1.5221
165.03,61.351,74.419
208.5,84.859,176.3
232.59,178.5,303.09
120.61,243.59,164.48
55.539,89.061,-35.525
122.33,267.83,254.62
92.456,139.54,-6.6435
186.46,359.58,394.08
151.98,265.66,301.72
175.04,320.61,408.12
139.77,227.42,136.06
133.11,304.87,294.98
113.05,111.01,30.055
172.62,276.37,305.13
90.748,149.62,9.9376
132.04,304.33,301.64
182.24,303.53,318.17
97.736,198.78,114.42
124.25,277.06,264.52
125.69,142.22,76.805
180.49,300.69,348.6
146.59,220.7,136.32
87.335,143.64,70.813
117.61,251.28,226.54
144.92,331.29,331.86
122.08,233.4,142.31
154.87,210.28,163.49
125.51,193.88,79.851
128.85,191.84,168.23
131.71,294.24,267.15
165.05,353.01,363.82
153.2,238.57,247.51
70.159,127.39,-0.064463
154.01,213.84,150.72
155.48,212.23,170.7
53.152,82.477,-43.355
191.7,356.6,402.36
140.55,185.14,147.76
108.07,224.97,148.82
108.28,132.05,-7.8347
149.95,211.25,191.47
87.767,118.31,45.366
172.74,330.42,429.74
91.059,181.05,88.083
99.275,161.36,106.13
149.68,197.33,152.58
101.74,204.84,145.1
152.93,315.81,392.63
106.64,91.468,-37.497
113.26,221.5,126.72
127.4,167.13,125.48
132.11,173.55,134.15
78.867,121.47,37.785
149.99,196.72,146.15
101.5,166.89,115.11
114.91,174.39,136.88
65.792,117.2,-12.527
148.43,262.85,295.74
93.55,104.77,-50.88
127.84,289.56,273.03
133.03,279.34,303.49
185.08,310.04,349.75
123.27,267.23,217.73
151.76,343.95,434.27
103.03,168.55,118.92
180,296.46,336.99
143.27,178.88,105.29
181.2,296.19,314.14
83.57,90.918,-73.953
153.98,208.02,164.56
121.28,230.63,218.78
65.835,112.72,1.1557
175.93,335.56,439.51
167.38,248.29,228.76
184.83,327.25,347.05
126.99,249.28,169.8
122.58,272.47,244.34
94.065,152.01,89.222
140.15,206.16,191.34
112.18,235.12,196.72
184.09,306.61,344.92
164.63,330.72,428.84
139.68,192.04,163.86
105.42,109.38,-32.177
149.54,277.94,323.6
119.34,151.8,102.13
127.19,221.19,120.2
91.25,99.025,22.369
85.217,54.697,-45.645
107.12,87.511,-31.762
108.34,157.78,109.92
158.59,290.01,349.38
122.57,263.65,254.93
163.64,242.99,200.25
124.33,277.96,263.41
181.53,342.89,359.94
126.26,277.52,237.4
131.04,297.48,280.51
152.73,246.17,175.72
189.31,335.25,372.35
135.07,257.63,182.17
149.89,346.3,359.91
96.967,193.28,94.791
171.58,291.23,345.16
92.033,181.95,99.894
157,235.4,235.91
101.25,194.46,86.067
135.39,237.24,147.75
133.36,202.28,186.01
122.14,261.26,251.76
146.5,261.97,293.4
70.758,122.11,19.222
144.47,310.76,371.53
101.41,104.09,-42.631
105.54,181.5,136.88
173.99,273.47,289.74
141.94,238.84,153.88
172.34,308.48,383.51
137.68,263.63,289
107,224.82,161.19
96.662,195.22,118.16
161.07,232.14,215.22
132.61,166.53,61.464
153.33,297.29,360.8
140.1,304.62,353.32
102.37,117.72,-28.799
118.47,153.4,105.1
116.81,253.01,203.06
127.76,255.91,262.31
181.48,317.14,325
161.11,235.99,227.38
173.06,280.39,315.02
104.05,141.75,85.678
153.89,312.89,388.71
117.15,225.17,204.76
92.558,182.72,102.88
78.803,149.29,42.699
137.39,313.06,302.39
156.83,264.64,205.8
118.96,244.25,168.66
143,183.89,100.6
121.22,264.06,247.82
133.67,269.06,291.11
82.084,84.486,0.25564
153.85,240.53,170.82
174.41,317.65,402.09
145.79,340.91,355.05
130.41,269.66,285.25
100.67,78.779,-58.245
170.8,268.81,243.06
150.84,245.74,172.55
127.42,170,130.71
80.824,93.351,10.763
120.63,265.88,239.71
137.79,313.83,303.34
162.75,252.4,266.42
91.601,126.48,-25.373
92.162,72.943,-18.799
132.5,223.05,220.22
150.24,349.54,367.34
71.479,110.71,16.339
164.07,309.47,283.04
124.78,194.21,79.793
149.41,271.78,209.55
59.617,99.628,-46.247
129.91,295.1,304
101.55,75.892,-29.725
128.56,240.64,152.92
191.12,335.45,383.67
169.49,345.68,351.15
168.39,252.59,245.54
159.97,353.48,365.85
61.658,98.687,-13.361
186.73,332.83,359.56
137.98,324.18,336
132.37,293.92,317.31
105.99,213.22,121.14
110.56,130.59,-6.5044
127.43,255.08,181.11
106.12,151.38,99.925
150.88,200.45,138.05
105.14,134.08,75.083
78.821,125.31,-24.474
141.28,338.78,372.04
107.76,209.03,107.66
114.56,127.64,-2.6702
152.79,217.51,200.89
51.84,69.444,-49.106
116.84,110.17,8.7001
132.56,298.55,276.87
155.49,234.77,168.2
151.07,365.64,408.59
167.47,249.82,241.21
181.06,311.4,317.5
170.6,289.56,342.53
183.44,366.42,400.18
85.692,167,68.301
161.1,292.63,252.55
156.92,270.9,214.77
88.442,143.25,72.307
70.547,128.23,13.975
121.51,238.07,228.07
183.75,320.74,395.68
144.38,314.5,292.6
75.837,86.283,-0.99174
108.36,205.4,166.36
166.95,283.6,247.74
140.2,269.14,202.5
187.25,354.72,388.54
145.25,234.46,150.99
124.55,134.36,59.582
153.87,324.52,408.26
144.9,183.59,111.7
184.39,331.1,350.1
142.39,334.74,348.55
116.44,193.57,164.66
189.24,333.71,414.82
137.78,325.9,347.04
168.96,297.42,361.8
103.02,77.107,-34.617
127.83,289.73,287.1
108.04,160.52,113.47
138.7,308.26,353.99
107.35,93.312,0.43415
156.61,258.93,197.83
180.88,311.09,377.16
102.99,152.81,13.593
106.77,153.23,15.606
103.59,208.7,116.07
127.34,153.45,41.004
187.22,318.35,357.95
118.81,200.86,87.101
131.73,148.14,59.085
146.31,197.25,165.05
173.46,279.87,261.29
154.99,270.68,212.31
145.31,351.2,416.92
187.88,343.86,375.76
131.1,199.27,180.82
121.9,195.74,171.98
184.13,356.07,384.64
89.924,145.94,77.139
178.91,308.17,306.98
97.05,165.04,106.73
168.14,270.8,301.48
72.69,56.721,-39.244
136.64,178,78.499
168.26,281.41,326.62
120.17,263.91,224.22
97.506,193.56,93.379
149,203.07,173.28
122.27,130.47,18.254
194.66,346.54,426.95
61.071,105.99,-25.691
160.91,249.27,262.13
130.68,202.67,95.324
121.17,190.18,163.33
176.93,298.22,290.07
123.6,245.68,165.41
70.926,112.52,16.283
166.93,261.74,223.56
140.33,185.82,92.73
93.12,161.28,96.37
94.606,66.631,-34.33
124.48,191.6,166.96
91.586,166.07,39.947
101.25,85.844,-54.895
125.6,266.55,209.43
160.89,292.28,353.95
175.32,287.52,328.19
63.404,111.63,-17.101
73.457,133.53,3.7318
161.6,233.06,215.48
121.51,199.47,177.17
120.09,123.22,42.857
173.83,368.47,395.72
75.916,131.51,37.627
112.9,107.9,-15.615
112.37,239.41,178.44
137.94,316.67,359.42
148.91,298.97,359.68
93.675,187.61,94.426
124.04,130.17,48.281
91.087,181.12,88.031
190.4,349.95,390.62
140.38,221.23,219.14
99.846,150.01,8.9907
96.561,61.649,-56.628
132.42,290.23,314.15
87.104,115.97,-40.654
179.54,335.9,438.28
147.14,227.35,228.75
131.99,296.4,272.52
114.18,183.57,149.14
151.92,251.87,275.1
70.705,104.98,-54.121
90.217,64.513,-32.411
153.9,288.54,240.1
171.18,333.51,330.75
143.08,309.1,281.86
155.08,280.54,227.67
153.98,311.65,386.66
120.45,137.49,15.75
106.93,94.263,-36.526
101.39,126.79,63.748
127.81,162.24,115.98
119.2,261.07,231.98
118.28,248.51,228.73
144.75,350.03,388.92
100.06,125.24,-22.8
97.646,173.33,47.479
53.616,87.501,-46.661
131.69,192.36,83.73
122.46,230.14,136.02
98.596,152.5,12.531
101.2,207.62,125.16
78.065,147.66,35.001
99.079,191.57,131.73
144.05,344.05,370.92
156.97,328.16,314.51
112.64,225.36,194.07
151.6,361.44,395.16
170.89,377.95,413.53
92.218,136.3,70.107
101.59,188.22,72.364
86.942,67.836,-24.193
148.94,354.27,382.91
180.22,303.69,358.61
145.88,353.41,393.79
138.71,328.54,366.25
142.54,342.35,375.06
145.6,310.99,374.01
139.24,218.79,124.15
180.22,301.22,351.34
157.58,219.79,189.66
155.36,230.19,163.86
141.94,286.5,235.07
129.9,251.37,172.18
110.01,219.35,127.1
105.83,83.924,-24.61
81.129,153.11,34.015
127.32,198.77,179.22
187.97,338.19,369.57
168.61,269.65,297.67
95.123,59.357,-55.962
170.55,362.91,384.02
104.8,81.542,-38.683
155.87,213.37,172.79
138.12,327.59,354.44
124.37,189.47,73.273
88.022,167.88,51.928
72.324,133.37,13.35
135.95,210.14,199.61
123.57,272.88,235.18
105.22,126.53,63.776
98.566,71.114,-32.91
119.03,256.41,234.77
171.41,317.24,304.1
99.199,123.2,-25.787
138.41,319.78,363.88
131.13,264.82,197.92
140,170.84,90.148
177.28,281.64,292.49
185.95,318.43,380.54
100.79,73.43,-55.565
150.92,224.28,219.39
139.45,295.84,256.24
94.304,95.375,17.062
114.32,224.02,130.7
72.186,63.926,-30.014
133.14,223.6,125.99
119.86,263.72,232.38
104.36,91.603,-44.73
135.03,171.74,70.615
85.578,136.75,61.86
77.137,118.63,32.566
140.19,289.48,332.18
115.29,247.62,191.22
143.28,216.76,210.05
125.85,282.14,275.41
169.64,264.38,280.54
138.74,326.6,339.98
62.253,75.602,-26.034
150.3,209.25,185.87
87.925,114.59,-42.282
68.128,120.09,8.4405
106.45,217.2,130.77
59.735,95.861,-20.004
171.1,330.89,326.18
169.23,302.28,277.93
67.901,104.08,-53.259
88.68,108.43,34.005
138.9,190.36,161.25
137.02,313.39,304.62
106.09,200.35,156.76
90.015,65.434,-30.498
183.84,360.15,390.58
140.18,315.31,366.7
163.3,342.2,342.4
108.14,160.65,26.057
110.98,223.85,187.87
104.05,216.42,146.96
155.69,214.49,181.25
96.206,184.29,119.25
79.41,76.132,-11.61
125.56,244,243
120.64,124.87,45.693
186.85,335.62,362.95
104.78,218.03,144.41
185.52,323.17,345.77
194.86,361.48,418.32
61.876,96.242,-60.806
189.86,330.81,401.41
146.68,334.07,335.46
174.2,351.46,364.84
125.79,211.82,105.35
162.62,226.14,245.09
139.44,255.96,218.73
157.1,238.5,265.14
137.22,143.91,104.91
109.59,102.75,-43.25
162.76,234.64,260.68
134.95,234.19,170.92
203.86,305.58,347.75
153.62,169.99,142.2
69.634,73.963,-51.401
169.37,336.26,436.23
126.38,216.53,178.48
167.6,337.71,362.02
152.71,194.49,101.31
188.3,303.28,295.73
172.1,213.8,156.11
178.15,249.99,204.97
94.226,112.12,34.02
169.53,265.25,215.82
149.21,276.92,246.38
176.7,228.79,180.45
181.51,230.69,228.68
197.49,305.49,317.2
105.06,113.52,50.545
159.43,297.13,359.56
124.48,173.9,60.22
73.188,83.157,-42.551
164.15,349.04,417.35
114.62,169.57,118.56
162.48,197.02,188.43
186.89,277.81,338.89
157.88,166.31,125.22
108.56,168.27,71.293
161.35,203.85,123.66
153.92,285.08,330.26
167.39,325.3,332.68
188.57,341.57,361.61
194.66,318.76,423.25
191.33,349.73,378.22
139.81,178.24,160.15
93.629,95.353,18.911
152.96,272.26,311.44
168.16,212.9,145.44
154.97,312.77,333.93
160.25,330.11,363.87
74.102,79.845,-64.952
166.6,186.78,153.3
161.24,180.75,104.51
145.1,141.85,94.34
193.16,290.38,287.27
172.46,326.42,427.64
116.08,102.85,-38.123
124.64,161.77,41.034
139.15,117.16,48.021
104.33,127.84,64.282
202.07,346.26,384.28
116.64,79.574,-57.74
188.16,350.34,377.89
184.85,257.73,294.43
116.31,75.39,-60.98
113.51,139.23,88.115
124.22,202.14,166.15
155.54,157.07,80.19
149.46,264.21,293.21
112.44,180.7,109.84
156.84,307.05,364
180.93,324.62,326.58
108.96,168.97,71.722
128.24,219.27,150.05
111.61,179.23,100.28
160.4,250.17,287.05
147.85,146.42,99.82
122.58,95.468,28.472
121.43,78.657,-3.5179
160.87,192.27,111.5
176.08,228.43,239.4
150.78,283.49,318.87
140.22,262.78,244.51
148.14,287.3,281.96
139.13,246.84,193.12
106.63,132.3,71.934
119.23,199.81,137.56
206.08,326.42,424.25
112.25,171.04,112.57
189.41,268.92,253.5
148.19,153.19,114.02
120.16,168.33,52.467
131.42,175.58,62.488
153.41,298.6,293.66
140.09,121.08,19.092
181.92,228.93,209.51
148.72,209.24,212.5
191.85,353.31,385.09
183.39,362.85,402.98
118.23,61.548,-50.956
97.749,142.29,35.473
85.011,70.031,-15.823
140.02,253.57,253.31
117.84,185.6,136.94
168.92,291.2,260.97
187.13,304.17,395.88
146.29,167.93,143.54
126.58,155.73,120.48
106.24,158.78,51.345
159.43,242.76,174.09
97.281,142.06,40.197
180.07,236.67,196.73
214.28,343.49,427.64
208.28,322.57,400.72
158.39,307.2,369.56
131.16,163.87,134.67
190.81,298.61,292.85
167.42,323.79,414.53
165.2,331.83,419.32
173.87,324.77,326.9
105.53,87.601,19.104
149.78,156.12,59.889
146.79,261.64,283.47
134.6,147.83,28.369
200.07,291.66,320.18
146.12,197.61,99.791
157.28,289.45,344.19
136.1,188.26,82.374
188.57,250.23,247.87
191.67,329.06,341.98
127.45,221.73,162.68
156.67,222.53,237.89
155.22,302.98,300.27
176.16,227.87,178.16
161.83,308.29,380.38
177.97,315.45,308.35
143.34,142.79,98.654
200.3,324.48,348.92
188.44,326.91,335.14
92.431,110.87,29.555
133.64,147.78,27.361
176.82,217.94,176.24
100.3,145.95,63.649
129.12,220.74,151.33
164.41,317.51,399.02
107.82,147.47,87.139
99.281,144.5,34.684
147.3,132.73,55.257
173.23,351.8,387.09
206.19,327.81,370.19
191.67,263.12,286.53
115.66,123.27,70.653
107.56,144.34,18.136
102.7,149.44,36.691
191.76,269.76,308.5
202.3,298.53,344.37
211.87,349.53,412.99
170.39,219.14,156.14
186.04,249.05,267.84
155.57,298.24,350.45
177,289.48,366.62
117.51,112.93,57.316
125.17,199.63,167.36
162.11,242.21,174.74
109.87,103.84,-41.781
157.34,225.15,242.6
97.468,90.41,-63.71
123.39,106.24,-26.234
124.21,96.425,28.818
145.08,274.09,251.86
193.75,276.16,276.13
121.81,84.733,-43.962
200.18,339.05,369.96
188.31,276.32,258.22
131.46,164.84,136.21
159.12,193.07,183.52
123.75,206.97,130
178.85,219.44,193.94
122.99,166.81,48.965
76.792,91.891,-32.505
174.88,290.31,261.26
146.39,260.32,280.94
118.5,135.32,88.052
129.07,194.79,171.24
142.16,264,267.8
134.77,112.97,48.358
180.06,289.48,367.03
138,181.13,72.56
132.06,230.27,208.2
158.02,275.7,233.08
164.5,326.85,340.73
166.65,356.58,422.07
108.14,97.271,32.902
210.92,338.69,399.99
167.07,285.83,250.75
160.14,264.48,310.77
187.85,250.36,238.05
116.02,185.2,93.758
198.28,322.6,428.71
154.79,308.44,355.17
125.64,87.905,-32.504
160.26,214.16,223.22
170.42,348.47,383.58
175.65,209.96,176.57
195.97,276.55,292.06
135.77,192.8,178.04
111.05,103.61,42.476
194.01,269.5,293.66
95.925,57.732,-23.673
109.08,172.51,90.535
172.3,306.59,394.69
206.73,315.15,372.44
123.91,211.06,165.09
165.11,279.61,341.17
86.686,114.22,-8.3388
102.64,153.58,49.715
147.26,207.64,209.13
75.323,69.152,-31.169
88.213,116.11,-9.3143
202.9,302.29,340.29
195.86,283.38,333.95
164.27,346.58,425.64
114.06,52.977,-51.32
149.85,217.15,225.67
156.21,160.51,82.14
99.722,122.67,52.2
168.78,236.88,173.68
89.608,48.588,-37.399
157.37,268.83,219.79
186.37,316.16,314.62
116.08,190.13,110.79
123.91,211.52,145.14
136.06,225.38,148.64
177.79,222.7,181.26
117.99,62.844,-36.08
113.3,180.59,116.96
112.05,146.97,19.876
126.51,81.708,-14.33
129.09,228.18,184.2
142.94,271.2,269.73
168.07,249.13,189.83
183.32,303.85,290.81
153.95,237.79,164.21
146.25,252.14,193.65
178.68,242.96,269.37
142.26,264,231.89
204.92,353.5,400.31
194.23,282.99,338.31
195.52,306.31,394.37
187.36,264.95,243.3
96.425,123.78,-9.3081
169.7,258.19,305.41
160.65,285.15,344.37
131.25,134.01,10.062
105.02,119.63,-21.615
123.13,106.59,47.276
172.74,327.45,333
162.32,342.16,401.75
168.91,323.1,326.19
178.2,264.81,317.32
180.07,335.39,347.43
173.15,206.19,187.17
162.87,343.44,412.93
74.189,85.57,-39.186
100.13,141.83,63.556
108.2,149.9,28
154,274.61,316.82
176.64,307.75,400.47
137.56,163.8,49.616
160.28,172.54,99.062
196.49,277.39,301.72
119.52,105.26,-32.064
136.12,238.11,178.11
94.775,80.629,4.5933
176.97,228.37,180.97
179.65,322.58,429.33
151.5,162.12,128.41
157.54,233.55,257.05
199.11,308.32,325.24
127.67,222.79,165.78
174.81,302.05,388.89
112.14,73.922,-69.624
154.03,150.68,89.383
91.132,114.42,-20.866
154.41,245.47,274.16
142.85,245.29,182.87
110.37,167.11,104.86
92.444,102.96,23.886
189.68,255.32,269.29
152.93,158.03,116.87
114.87,183.26,92.171
157.75,159.91,96.475
131.74,228.05,163.47
185.32,241.97,247.32
146.78,217.91,224.39
148.47,180.95,80.617
180.89,236.57,199.52
123.94,162.88,42.699
70.242,75.926,-51.408
160.62,174.41,139.11
92.502,89.504,-65.16
128.25,86.243,-18.624
178.07,234.42,188.87
139.74,114.93,37.541
99.858,143.77,30.026
164.76,335.17,421.5
111.52,178.86,97.385
176.43,305.08,395.5
148.29,223.82,140.3
123.67,165.84,130.49
97.036,107.63,-38.32
182.46,240.71,207.82
105.27,162.57,74.585
135.86,248.84,221.62
123.06,136.01,91.605
150.04,241.97,171.5
209.28,327.72,386.5
82.55,96.105,-1.8276
170.47,293.35,265.17
100.89,133.7,4.7501
79.154,97.579,-24.518
106.61,138.08,7.6488
171.59,220.78,160.37
75.367,81.142,-26.738
138.72,172.54,61.43
157.43,307.15,305.56
122.77,100.15,-32.224
194.8,327.37,343.15
207.78,337.26,385.64
209.17,342,395.53
187.41,248.4,258.13
211.48,353.94,416.38
181.12,334.16,345.03
127.5,101.52,35.102
89.264,94.119,11.584
98.349,130.57,54.514
168.37,252.3,194.8
121.21,112.86,57.592
112.13,137.69,4.9439
146.7,283.13,275.96
134.43,147.83,28.196
179.63,267.33,229.85
103.06,88.524,19.313
197.24,298.82,308.84
161.02,284.09,343.32
169.99,208.1,202.1
159.09,193.15,183.71
106.53,84.057,14.499
184.6,328.15,442.6
155.48,305.64,307.01
165.02,285.17,249.57
141.69,195.67,187.3
156.89,179.19,157.48
127.92,197.97,101.55
150.22,142.05,59.978
166.94,254.02,196.24
164.89,202.55,197.39
182.95,320.54,319.85
108.52,53.857,-35.199
128.77,86.851,-13.451
161.09,170.8,125.43
194.07,322.89,334.96
156.23,280,243.25
157.98,319.52,339.65
189.65,304.53,395.61
175.87,245.92,279.02
212.99,338.44,419.63
114.68,102.68,-39.603
116.1,152.22,105.52
165.9,316.89,401.44
205.54,311.44,360.87
117.55,150.21,105.16
202.19,300.5,334.45
130.87,92.501,2.4424
176.73,308.45,401.8
144.08,261.81,219.65
107.03,120.01,59.729
195.08,295.86,369.87
115.7,190.12,116.03
200.14,293.42,319.4
158.99,210.06,215.92
95.191,133.28,16.045
176.96,228.77,181.21
144.06,269.29,279.77
145.68,161.09,56.048
188.54,264.05,246.34
198.97,326.09,435.91
159.12,193.11,108.92
180.16,258.12,218.64
192.41,263.96,268.81
167.49,336.75,359.84
153.3,230.61,152.37
123.91,204.46,122.48
202.8,326.77,358.18
152.16,174.83,79.439
150.02,150.18,57.66
102.2,150.22,71.407
86.383,112.6,10.452
163.62,335.92,367.24
196.11,276.05,300.43
183.56,241.27,212.79
170.37,301.46,280.67
150.8,185.26,88.289
137.52,246.84,238.86
136.48,170.41,146.93
126.84,199.65,171.58
171.93,201.54,152.92
185.8,308.09,300.39
112.08,130.86,77.126
94.84,135.51,27.249
199.27,328.98,353.14
121.9,165.34,46.826
168.29,271.26,225.02
194.9,283.94,338.98
141.31,134.86,85.014
189.76,314.23,315.11
140.78,261.44,230.88
176.41,329.39,335.73
225.5,309.74,378.44
114.14,49.756,-21.274
130.66,105.57,-26.091
148.26,137.69,110.44
164.27,231.67,171.29
111.04,82.166,15.248
181.44,174.54,156.05
123.99,153.79,86.608
112.37,123.73,18.125
173.63,160.51,138.98
178.14,325.52,388.46
224.69,309.06,369.12
148.32,221.74,198.73
193.69,238.19,198.19
187.7,233.21,182.92
198.47,285.92,274.11
177.39,164.75,97.216
183.37,188.53,186.26
201.01,250.64,302.54
176.22,298.2,370.21
133.17,74.151,12.706
174.29,307.16,368.18
176.13,292.3,289.89
156.23,216.26,146.84
189.47,265.13,232.54
159.38,234.85,251
142.86,121.74,1.2596
154.68,119.71,14.772
219.75,287.92,340.64
163.71,272.5,288.67
126.78,80.274,-58.152
145.48,194.34,113.63
150.53,201.76,123.18
143.46,70.772,-26.45
169.04,220.02,246.1
144.18,76.19,1.0751
139.66,142.36,111.85
174.11,176.07,97.029
90.109,64.883,-36.521
126.33,161.23,93.834
224.45,309.12,367.08
185.55,262.27,329.5
88.227,52.059,-45.265
176.23,287.49,356.97
147.57,171.85,156.73
139.39,112.18,70.935
173.53,147.26,82.835
113.83,127.38,23.625
165.45,239.64,186.13
101.88,84.708,-52.062
190.38,257.56,322.52
202.7,269.22,342.59
118.13,140.44,50.418
183.78,285.07,366.95
138.44,130.2,9.0905
168.5,142.77,61.076
165.84,183.42,185.97
158.79,121.8,25.15
153.33,125.97,91.082
216.76,317.99,438.8
178.24,183.78,111.88
95.481,61.267,-25.093
128.62,97.815,47.523
117.23,89.822,29.773
200.42,299.05,404.52
220.13,289.78,338.98
132.78,132.97,93.708
152.98,148.79,128.31
190.53,318.28,430.05
151.86,135.78,107.84
173.09,275.83,255.78
207.26,255.38,250.61
169.25,271.41,251.41
160.09,259.69,251.88
137.64,151.07,119.9
132.69,176.68,101.37
196.41,221.68,240.49
188.74,187.26,153.51
170.64,248.49,200.49
129.36,163.85,110.96
182.86,289.99,277.96
152.27,186.01,93.947
95.815,75.692,-61.422
182.54,265.01,332.01
186.22,184.59,136.05
110.45,113.73,35.833
123.37,51.634,-19.748
119.56,122.44,63.616
219.87,291.14,359.19
207.13,338.92,374.52
212.62,318.83,344.59
170.31,246.61,197.02
136.71,92.563,-35.458
185.19,298.23,390.13
138.85,73.319,5.9874
171.48,257.7,305.8
123.09,151.89,82.327
132.49,79.802,22.166
227.14,319.58,387.11
178.11,244.68,193.1
201.46,275.69,261.48
220.95,293.09,357.17
157.69,252.52,243.28
206.55,271.3,343.21
139.31,168.54,140.72
200.96,315.62,436.08
200.98,235.16,213.19
121.14,118.71,63.45
203.91,256,240.51
166.45,259.2,296.58
121.73,139.25,31.824
177,318.77,387.99
144.17,210.77,165.62
146.1,205.41,187.31
120.76,118.87,62.957
168.14,266.6,241.78
122.15,96.439,41.618
159.35,109.69,30.409
197.97,267.52,244.55
177.41,167.68,98.358
161.92,242.64,265.95
158.87,252.55,230.75
152.31,183.19,176.65
198,232.31,263.85
186.43,261.02,327.74
144.84,74.321,-22.373
151.56,129.12,18.091
126.24,132.13,12.751
171.14,269.97,245.04
175.16,269.95,240.98
150.5,212.97,146.98
138.31,189.19,116.88
133.82,88.805,35.88
127.28,145.67,96.806
208.53,303.33,314.07
117.44,90.824,-49.447
224.83,320.8,375.85
164.67,272.65,269.84
166.92,277.8,275.62
146.68,182.09,167.61
159.93,257.67,267.25
177.53,221.31,253.11
213.65,356.87,411.23
176.65,315.57,353.55
206.53,242.3,246.03
114.64,121.32,4.8647
100.65,90.024,0.29854
185.37,281.16,259.76
182.91,241.97,191.01
221.27,338.61,389.44
199.08,308.89,314.88
154.6,238.71,205
165.43,268.57,253.39
204.58,238.14,231.81
172.6,210.83,233.45
134.52,50.666,-60.292
180.32,333.54,402.26
191.57,319.32,433.28
150.52,229.05,209.37
227.26,321.7,388.32
141.78,155.03,45.369
103.37,84.24,-54.622
170.05,250.93,293.66
152.33,234.88,206.47
178.76,262.79,324.34
161.14,162.25,150.63
180.79,330.13,416.44
152.15,226.17,220.66
159.12,124.22,82.554
136.94,82.547,24.855
191.32,309.55,416.98
197.64,264.62,239.83
186.23,180.35,140.99
180.28,165.8,133.6
89.852,63.2,-37.445
220.58,301.57,390.61
160.6,129.57,33.7
144.75,171.1,152.21
147.27,79.579,-4.8374
99.339,94.079,-11.435
193.92,323.47,342.93
164.26,235.31,262.06
153.52,168.23,157.31
107.55,95.029,-38.763
216.55,325.85,361.72
123.12,120.65,68.303
214.56,296.32,315.6
219.49,289.02,331.34
182.5,262.92,328.39
191.05,294.01,284.58
214.18,284.78,301.3
135.96,184.27,111.19
110.29,86.29,18.229
100.98,98.039,-5.4031
205.32,336.32,368.87
110.62,93.968,-43.058
171.48,167.39,155.92
135.94,179.87,139.8
170.8,241.5,187.26
171.94,279.95,336.09
146.24,194.11,179.12
209.94,313.01,432.18
113.26,48.354,-23.345
215.76,280.27,304.53
156.24,118.86,17.455
141.38,116.92,78.231
199.79,359.29,416.23
217.25,334.95,377.17
197.54,212.94,199.12
188.31,314.6,420.73
221.7,295.62,361.02
167.65,213.38,234.62
154.35,163.97,151.6
204.71,280.07,272.93
186.07,347.77,413.56
174.56,232.8,172.34
225.61,337.33,397.15
175.51,160.31,134.71
208.07,314.49,435.56
186.21,216.3,242.33
205.49,259.3,316.11
99.379,83.132,-4.8439
208.49,311.57,429.57
169.63,200.24,120.52
142.31,124.47,89.44
206.17,257.08,248.11
159.77,111.72,29.625
119.64,144.6,62.204
178.36,212.23,236.98
111.33,94.66,-42.296
191.92,216.81,171.69
141.26,123.82,2.4887
142.78,69.314,-29.385
116.79,131.63,25.07
105.26,99.072,-27.166
179.36,288.69,365.46
151.27,219.4,160.76
166.1,186.68,191.37
181.97,278.71,255.47
175.17,193.47,203.21
124.19,113.1,62.153
220.01,356.2,415.65
179.65,262.51,224.83
114.93,86.888,-55.151
147.9,164.62,147.86
182.86,327.22,424.15
139.58,103.53,-21.44
194.71,210.99,177.3
195.91,232.7,268.15
131.25,150.19,41.491
100.4,89.525,-0.56603
154.27,204.23,205.67
141.39,193.01,117.96
122.91,120.86,-4.56
145.67,154.02,44.288
219.61,292.5,366.06
174.4,291.92,292.22
155.47,109.3,11.326
139.21,196.62,141.29
226.54,318.43,382.73
165.53,128.62,78.311
185.38,237.91,186.93
169.93,244.79,193.7
170.61,222.21,250.86
216.61,300.2,397.07
225.61,313.55,375.68
145.4,79.8,-24.599
124.97,146.14,91.088
152.99,216.25,216.04
187.03,224.7,258.79
149.5,215.75,205.09
99.44,84.669,-4.2701
135.85,187.22,125.28
146.91,116.31,-0.2718
137.89,193.19,138.69
173.24,153.83,123.9
139.39,60.926,-40.465
194.83,219.73,182.07
192.05,198.39,186.18
172.11,211.79,234.86
186.05,351.5,426.65
111.28,62.131,-6.4825
207.56,306.22,418.8
219.43,312.71,422.97
220.03,289.89,336.8
135.69,105.51,-22.953
187.93,232.47,273.87
125.91,71.997,-67.601
153.69,234.86,230.27
176.15,189.56,114.1
173.44,150.5,114.3
100.45,96.849,-13.125
168.85,178.27,91.732
150.34,228.95,206.91
147.09,140.75,27.096
195.51,318.08,436.15
174.74,204,222.18
164.65,185.52,189.06
193.77,272.52,351.84
216.31,294.49,383.18
213.6,318.54,442.29
193.96,269.38,242.98
207.4,251.2,288.9
146.12,84.46,-22.408
161.2,119.44,32.309
208.04,272.49,269.77
194.26,224.87,252.53
150.3,221.46,210.83
170.43,143.66,104.9
191.54,316.86,330.01
128.38,158.37,106.43
210.26,279.13,283.35
154.45,194.93,194.44
87.75,63.785,-46.402
145.14,103.77,56.742
134.46,183.2,128.53
226.59,314.22,399.54
200.07,228.95,249.73
217.43,285.09,352.35
119.57,99.699,-36.658
96.833,88.199,-22.236
88.734,68.715,-52.589
138.7,91.08,38.324
198.29,264,334.16
174.95,149.47,100.77
129.92,155.99,54.53
213.53,296.08,392.07
216.13,315.42,345.26
168.11,269.42,312.7
145.82,213.83,164.33
164.3,125.06,72.183
180.83,292.41,284.42
186.02,292.78,382.53
159.27,115.54,24.982
152.17,106.77,55.962
151.63,152.98,134.19
168.54,137.48,93.645
208.72,325.58,351.45
188.61,279.91,257.84
216.15,348.9,399.08
139.23,196.61,140.83
122.77,152.19,67.918
151.51,190.24,184.5
138.73,80.665,20.265
150.09,153.46,45.23
172.08,299.75,324.05
127.77,160.05,69.039
223.16,346.13,404.2
205.58,341.96,379.69
177.82,262.75,323.11
149.83,200.51,193.21
193.13,218.41,239.23
128.89,148.8,41.172
109.48,111.47,32.234
226.97,318.4,385.83
183.48,172.22,133.72
182.9,341.3,431.43
208.9,293.76,300.03
138.55,152.89,123.12
138.87,183.46,151.49
106.33,110.21,1.5461
129.9,162.56,69.625
165.89,127.73,52.12
87.105,64.825,-56.452
188.14,262.26,330.79
160.4,113.5,31.703
160.6,161.57,63.344
162.05,236.88,259.63
204.44,290.25,386.6
185.5,274.59,247.45
207.93,316.17,438.92
119.27,129.04,13.734
117.95,53.933,-15.068
181.85,304.77,311.01
142.86,206.04,153.15
173.47,205.06,223.88
198.97,262.45,238.66
188.37,206.52,219.31
177.11,167.53,97.375
118.67,120.92,60.727
149.07,102.89,-7.5871
185.56,179.75,134.93
207.03,320.67,341.37
161.03,251.43,271.51
152.9,123.66,14.837
175.7,241.5,187.16
192.74,319.94,435.93
202.84,232.42,221.77
202.53,232.76,219.57
140.98,201.87,153.1
142.57,143.05,115.14
184.3,307.62,314.82
197.27,305.31,307.48
217.49,285.63,316.47
221.61,301.5,346.67
156.16,225.81,233.44
154.7,106.01,49.716
186.79,330.99,366.07
194.9,265.54,338.2
172.64,296.91,354.67
199.22,266.23,338.4
198.09,215.64,197.71
120.1,52.441,-17.431
173.1,305.7,341.5
155.96,109.22,12.878
198.03,315.35,433.67
174.08,160.84,85.305
202.32,227.8,228.77
123.45,79.243,-61.909
118.62,95.229,-43.123
123.47,141.82,34.355
182.41,183.6,121.55
199.32,272.08,253.12
28.186,265.96,171.49
-15.947,105.58,-29.625
50.109,285.18,260.18
-2.7847,167.48,-2.4263
103.65,394.29,391.36
91.469,299.06,294.8
120.05,355.34,399.14
40.928,263.89,135.85
54.168,321.07,302.74
41.339,154.68,19.344
103.18,319.43,294.28
-3.2166,174.53,15.726
56.065,319.9,309.13
101.42,347.04,309.59
15.195,217.05,121.72
50.466,293.7,270.86
52.196,186.66,66.019
112.69,343.1,337.78
49.769,262.14,132.6
19.567,166.45,72.017
44.673,269.4,231.78
63.229,348.83,339.43
26.438,258.79,148.18
71.523,257.62,153.14
26.547,229.26,80.338
62.619,227.67,161.1
48.351,312.05,274.92
79.349,377.44,368.05
86.482,278.41,238.03
-11.368,144.79,7.5453
64.33,260.34,142.3
73.638,259.43,160.1
-17.275,98.946,-37.664
112.28,394.58,396.86
67.619,229.09,137.14
22.326,243.83,156.48
12.896,170.17,-9.8375
77.482,255.09,180.82
23.617,146.24,42.62
121.15,361.73,422.1
9.5017,199.16,95.266
32.639,187.1,105.28
70.174,244.21,141.65
26.439,223.69,150.43
99.72,339.29,390.16
21.656,136.26,-45.923
20.022,244.31,133.64
58.545,207.26,116.3
62.064,215.04,124.4
12.315,144.01,38.881
68.366,244,135.44
34.805,192.74,114.2
49.316,206.03,132.17
-14.072,134.16,-5.0174
87.975,294.86,289.65
-0.24918,140.2,-51.583
49.927,305.89,280.49
70.388,299.73,305.04
111.85,353.4,339.57
37.607,285.95,225.46
99.593,361.09,435.46
36.536,194.91,117.66
110.24,339.56,326.19
57.365,226.29,95.466
102.91,340.47,304.53
-9.3049,123.6,-73.178
72.393,255.23,153.89
55.315,254.51,218.91
-6.7068,130.2,6.7024
124.56,367.59,431.38
85.572,294.78,218.57
101.79,367.55,340.95
32.146,274.14,175.82
44.134,289.36,251.56
27.217,176.78,89.017
72.467,245.39,182.45
37.858,253.57,202.07
111.07,350.1,334.61
114.38,357.45,423.71
69.302,233.99,153.9
13.433,150.3,-36.653
91.282,307.42,318.58
51.637,190.52,93.552
28.572,252,123.41
27.816,132.68,15.942
21.033,93.973,-55.352
26.17,133.14,-41.605
42.893,189.14,105.36
101.52,321.97,342.56
52.561,281.85,259.46
74.945,288.87,191.99
49.664,294.51,270
95.905,378.39,357.36
41.835,295.75,245.15
51.066,314.09,288.26
55.849,285.88,173.08
110.42,376.18,364.93
38.636,285.33,186.8
69.641,363.48,367.38
10.235,212.46,102.48
109.4,330.35,335.1
14.13,200.21,106.16
86.8,278.15,225.43
9.7387,216.01,93.369
36.763,269.33,150.18
67.257,238.48,178.62
52.298,279.69,256.11
86.072,293.1,287.85
-1.1084,140.37,24.139
88.027,330.79,371.9
9.2185,143.88,-46.37
38.393,206.66,136.49
100.09,318.11,278.93
43.258,274.2,154.32
115.18,344.28,374.36
76.772,289.62,286.71
26.112,242.86,168.26
17.579,213.42,124.73
84.039,278.15,204.27
39.388,210.97,55.104
97.895,324.82,356.34
81.125,323.61,354.89
8.0084,155.42,-30.769
51.228,191.29,96.93
34.547,270.86,210.57
63.277,278.2,263.1
96.315,357.75,319.18
86.551,281.11,216.41
105.08,322.8,304.24
38.936,173.96,80.519
100.53,337.48,385.59
49.784,247.96,205.88
15.234,201.08,108.96
-0.27136,166.91,49.627
55.986,330.1,310.19
60.544,302.86,203.95
28.102,265.5,176.01
52.854,230.38,92.294
48.696,281.58,253.34
71.644,291.82,291.05
20.097,115.95,-5.1518
57.825,281.94,166.95
118.88,352.66,393.06
67.456,356.81,362.87
66.662,290.61,286.69
15.96,122.83,-66.275
82.886,313.39,235.42
53.444,284.53,170.59
58.998,209.54,121.79
18.409,122.37,6.9522
44.323,282.92,246.38
56.242,330.95,311.13
93.69,294.83,255.87
-3.586,156.56,-22.485
26.858,112.43,-28.385
68.442,254.5,215.29
70.964,366.21,374.9
4.2712,131.39,18.722
71.387,342.48,283.57
25.784,229.12,80.573
52.495,304.54,211.19
-22.172,116.83,-38.454
60.04,311.01,309.9
28.593,120.35,-40.647
31.617,268.21,157.75
115.88,377.13,374.97
81.921,374.13,353.34
90.293,298.58,234.84
75.919,374.95,371.53
-8.0366,116.53,-8.678
104.98,372.98,353.25
63.041,338.97,343.73
67.442,311.14,321.31
16.619,233.49,128.75
15.898,170.22,-9.5913
33.646,278.96,187.49
40.803,182.8,95.293
64.157,247.75,128.47
39.849,168.43,68.647
-12.553,148.42,-18.155
71.298,352.18,379.52
15.194,231.29,114.76
21.925,169.94,-7.8528
79.912,261.69,190.13
-13.683,87.537,-45.511
36.867,156.53,-1.8135
50.35,315.9,284.66
61.101,278.14,162.75
78.448,379.17,416.58
89.419,295.85,230.47
96.195,352.91,311.06
108.55,328.47,332.57
100.03,398.13,399.43
5.3296,184.91,75.334
66.577,327.49,252.36
60.677,307.91,213.65
21.175,166.71,72.995
-6.3519,145.42,20.676
55.07,260.62,229.14
122.16,360.59,385.04
57.055,335.41,299.35
13.876,113.96,-4.0808
39.078,227.44,168.38
73.999,323.4,244.17
44.138,297.33,206.75
104.73,390.81,384.9
47.018,272.49,149.69
49.042,179.86,48.598
101.69,346.7,406.35
58.552,230.97,101.99
100.59,370.43,344.76
65.615,349.93,356.45
50.81,222.22,161.81
126.75,374.01,404.1
66.057,340.06,354.44
110.3,333.66,352.72
27.311,122.28,-45.36
54.997,305.74,293.61
42.557,191.17,109.34
78.411,325.82,356.74
35.179,137.42,-10.448
60.39,298.18,195.33
118.12,351.35,366.53
5.9611,183.96,16.238
9.4126,186.39,17.093
15.224,228.51,123.74
34.546,197.6,34.726
112.23,361.31,348.41
20.419,231.13,90.593
47.314,195.3,49.079
72.182,242,154.21
85.933,323.68,254.03
58.398,306.7,211.87
84.489,363.82,422.82
106.13,382.44,370.42
65.15,234.83,173.79
56.605,226.92,167.49
100.19,390.26,382.49
22.707,169.67,77.649
92.335,349.24,301.19
29.239,188.89,107.31
101.25,312.38,290.96
12.64,88.497,-45.275
42.849,222.38,72.302
105.09,320.73,316.66
39.292,281.33,231.67
9.9922,213.02,101.07
74.283,248.16,162.37
34.116,176.19,9.9698
128.78,387.42,416.64
-16.781,122.49,-18.356
92.302,291.3,251.73
31.696,239.12,95.157
55.73,222.09,158.43
89.73,340.24,283.85
29.76,269.35,171.94
2.8904,132.58,19.232
76.374,305.77,216.85
46.898,230.63,86.184
24.333,183.78,97.992
26.304,108.89,-44.943
58.893,225.05,161.15
-0.034568,188.02,47.03
13.996,128.93,-61.765
36.705,286.86,216.91
103.81,325.04,346.64
107.98,329.71,317.4
-14.73,128.3,-9.8028
-10.59,151.65,11.468
84.071,279.2,204.56
56.283,229.69,173.26
45.194,168.47,31.886
89.888,394.53,398.56
4.7966,150.67,41.822
26.068,152.93,-23.775
29.083,257.6,185.96
75.479,332.25,363.87
93.199,323.75,356.97
10.473,205.93,101.85
46.661,176.33,37.309
9.4682,199.23,95.226
110.4,388.59,384.85
75.076,257.44,211.57
3.2785,179.98,12.262
22.202,106.31,-67.357
68.217,308.19,317.53
-7.2596,145.65,-37.703
126.72,369.91,429.26
80.685,266.1,219.88
49.429,313.89,280.31
48.514,212.97,145.82
88.759,288.15,267.01
-19.235,127.63,-47.847
24.701,104.64,-42.339
58.542,320.31,241.99
82.014,365.41,331.17
54.894,330.43,288.56
59.017,314.6,228.31
100.48,336.54,383.38
28.169,181.03,9.7298
20.798,138.72,-44.487
36.542,160.52,57.594
57.893,203.63,106.26
42.858,278.28,238.54
47.431,267.44,233.01
74.383,363.1,396.69
4.5427,160.23,-22.848
3.6813,197.27,53.862
-20.719,103.43,-39.762
33.54,231.39,81.795
26.101,256.44,141.5
2.3265,181.27,16.473
17.263,226.09,132.66
-2.8284,165.3,42.323
26.311,211.48,135.83
70.32,358.12,378.83
67.811,353.34,319.06
42.27,245.8,197.3
76.091,376.26,403
89.266,400.37,418.08
26.87,163.13,68.304
8.1917,211.32,79.144
23.47,105.39,-33
73.233,369.07,390.81
114.61,345.23,347.83
75.305,366.43,401.63
72.464,342.37,372.62
71.545,355.79,382.75
89.698,331.55,373.93
40.594,256.69,123.02
113.21,343.33,340.53
78.316,266.48,178.78
61.768,274.36,157.75
48.486,312.02,240.37
34.193,277.46,177.64
18.751,240.7,134.47
29.651,129.3,-35.371
-3.6273,171.55,41.713
61.894,232.32,173.31
106.85,377.92,363.39
100.8,311.77,287.04
22.514,103.59,-66.823
85.915,388.32,387.41
24.913,127.04,-48.682
74.114,260.55,162.18
68.166,341.5,361.6
25.523,225.1,73.58
0.67328,187.27,59.617
-7.856,150.69,20.711
70.197,246.16,192.25
41.328,290.45,242.85
39.653,162.46,56.437
27.581,114.79,-43.793
46.151,274.28,240.16
80.796,352.6,302.72
3.8351,158.12,-25.825
75.878,335.01,368.56
37.655,288.76,204.19
53.422,218.1,80.562
99.433,326.67,282.32
119.5,360.21,369.81
19.797,118.41,-65.003
81.763,265.87,209.38
49.516,317.93,262.85
30.114,131.48,9.3017
21.004,246.92,137.59
11.923,93.993,-34.948
34.063,257.22,127.59
42.147,280.84,239.3
17.167,135.24,-51.951
41.94,216.45,64.055
18.47,159.94,62.683
10.527,140.79,33.905
81.243,311.55,331.85
31.804,265.78,198.81
76.298,255.54,201.28
53.082,298.58,281.64
98.027,308.33,269.63
63.848,341.32,347.75
-0.32671,98.009,-25.747
76.731,253.75,175.06
-6.514,145.01,-39.762
-6.0587,137.44,14.436
18.453,236.85,138.45
-10.507,113.25,-14.916
81.618,363.29,326.37
77.218,339.52,275.71
-20.625,125.29,-46.422
25.251,138.79,29.597
68.602,232.22,151.33
56.345,330.12,312.45
36.4,222.18,159
24.773,105.25,-40.297
100.05,393.36,389
80.585,332.24,369.68
75.706,367.96,346.25
10.477,193.1,28.055
39.494,243.75,191.69
22.94,234.54,154.04
76.502,261.2,170.34
23.258,204.1,123.46
17.978,107.78,-17.251
60.622,267.49,243.14
45.811,170.09,34.728
104.88,375.29,357
21.735,236.33,151.81
103.96,364.59,338.65
118.07,400.08,411.86
-24.021,115.58,-53.406
123.8,372.22,390.81
64.478,352.04,342.87
87.61,381.27,365.97
26.87,243.75,107.94
99.292,273.45,230.26
56.296,285.66,219.14
96.005,280.19,253.26
70.564,193.95,89.148
16.009,147.37,-49.64
100.75,280.25,246.59
46.497,266.09,171.18
127.95,360.27,331.21
83.506,223.99,124.78
-3.077,101.3,-51.868
117.91,364.55,430.41
51.745,246.51,176.82
88.549,366.25,362.24
55.162,244.58,92.449
97.992,350.69,286.89
80.334,270.33,142
84.3,302.7,193.66
27.647,144.96,28.801
73.739,310.29,209.67
63.21,307.94,246.64
85.108,284.84,166.6
105.55,288.13,210.46
111.85,357.24,304.65
41.376,151.86,41.301
102.24,328.13,353.37
28.84,212.53,57.963
-1.8167,110.73,-42.646
100.35,372.58,417.21
44.846,202.25,114.16
93.4,250.4,171.16
125.88,327.94,321.81
82.471,223.67,106.93
23.475,198.73,71.689
65.23,256.72,112.77
93.429,315.65,325.06
84.019,356.45,332.26
102.64,381.21,356.56
141.75,364.5,407.04
106.68,389.18,372.99
75.15,222.72,147.36
30.282,131.05,11.215
92.396,304.88,305.01
73.835,267.6,133.03
81.322,339.09,334.3
87.46,355.8,364.43
-7.6234,108.95,-64.479
88.972,244.94,135.01
70.025,237.93,89.877
73.855,196.88,76.547
105.31,342.9,274.74
122.22,358.32,419.34
22.863,150.99,-46.754
28.177,202.97,37.388
64.972,174.04,29.754
38.475,163.03,57.459
119,392.21,374.71
28.102,132.43,-70.317
103.78,387.92,373.75
118.33,311.07,276.61
28.816,128.85,-74.16
48.458,177.12,79.45
52.958,233.64,162.8
68.898,215.62,63.693
87.141,296.62,287.3
34.225,210.42,109.15
96.752,334.8,360.45
92.618,363.6,322.47
23.585,199.52,72.124
41.34,250.4,150.44
30.833,208.93,100.17
100.59,291.25,275.26
75.634,202.09,81.85
56.152,147.19,11.634
52.182,133.26,-21.498
66.365,247.12,99.039
106.45,283.01,221.53
87.643,312.81,315.04
62.85,291.23,244.41
70.083,315.22,282.34
51.361,278.46,193.4
40.766,167.86,64.887
39.809,229.49,137.16
147.01,377.23,406.31
40.065,202.26,109.61
101.08,323.71,239.69
77.622,207.6,96.454
25.52,205.66,50.787
34.178,217.77,58.408
72.631,327.29,294.17
53.058,178.39,3.4431
99.747,287.29,192.12
85.281,252.32,200.29
107.75,392.29,380.03
102.85,395.09,401.26
41.115,118.26,-68.464
15.355,171.88,35.796
23.914,105.95,-24.164
70.67,283.32,250.61
45.827,216.96,133.85
76.464,330.52,257.57
133.39,348.75,380.57
79.385,218.15,127.73
61.948,197.46,109.37
19.255,189.98,51.715
62.197,286.85,168.84
16.843,171.33,40.277
89.63,292.93,182.49
145.81,395.89,410.84
142.06,375.75,382.94
99.922,335.68,365.2
66.509,206.48,123.02
101.29,348.29,282.44
114.86,353.58,408.04
110.75,358.89,414.93
87.19,359.76,324.87
43.567,131.3,6.1839
57.475,212.01,46.294
82.822,293.18,278.46
38.428,197.27,19.6
122.08,347.17,303.6
47.891,243.5,93.663
98.896,320.87,338
38.568,230.49,78.333
107.99,307.88,230.56
104.29,372.98,334.62
44.086,251.73,162.96
93.905,267.27,224.51
74.208,331.8,300.76
84.321,283.82,164.43
105.99,338.3,374.49
88.358,354.71,304.36
73.583,196.58,81.287
115.88,373.9,337.53
100.39,369.54,328.73
25.264,143,24.899
37.34,196.71,18.933
89.243,276,160.25
25.781,175.78,62.063
41.724,252.08,151.7
110.08,347,393.1
39.444,180.78,82.037
15.112,174.58,35.103
65.913,191.35,37.537
94.848,380.56,387.02
126.53,379.53,356.32
117.93,319.52,268.45
51.943,165.47,59.047
15.533,179.43,17.248
15.954,180.55,37.057
122.65,324.62,290.33
129.14,353.62,326.96
135.45,399.84,399.26
76.274,273.8,143.71
113.97,305.09,249.61
95.339,327.06,346.27
122.38,331.5,353.08
53.806,158.21,43.813
55.433,232.07,163.1
64.793,287.88,168.54
16.204,148.4,-48.116
94.807,269.72,229.27
5.4781,130.77,-67.843
31.145,157.65,-37.095
57.044,148.88,11.691
63.477,303.17,252.31
109.01,331.68,261.06
34.5,139.32,-57.878
116,385.47,360.35
98.144,329.13,246.04
66.804,207.42,124.57
91.033,245.34,166.7
36.841,238.1,130.4
96.546,278.03,176.45
27.21,206.05,46.364
0.1585,119.77,-32.427
81.641,333.12,255.9
82.265,291.93,275.93
54.314,176.69,77.062
62.371,230.17,164.48
72.273,292.87,265.76
63.864,168.11,30.425
124.9,333.21,352.57
40.111,225.86,67.071
59.963,260.47,205.84
65.778,312.13,231.41
83.94,355.95,340.94
100.13,380.13,422.54
45.661,140.49,20.393
135.53,390.58,385.05
74.049,325.24,247.43
101.72,302.47,300.55
103.76,307.78,221.67
28.77,216.47,94.138
144.57,369.6,411.91
91.209,334.98,353.15
40.036,143.86,-47.644
95.622,262.65,207.96
93.101,376.3,383.84
92.574,268.74,159.13
116.37,332.93,275.31
71.081,232.15,168.4
48.165,147.17,29.845
119.07,325.97,275.81
35.824,102.05,-37.389
28.756,202.14,90.369
120.23,342.47,384.35
134.3,369.31,355.45
47.733,240.88,163.88
108.92,317.17,330.72
5.1771,143.32,-7.9134
18.548,183.68,50.105
83.744,250.25,197.23
11.233,100.1,-35.787
5.0273,145.76,-8.8505
126.16,357.16,323.83
128.14,337.69,315.81
104.75,370.45,424.34
42.167,108.83,-69.474
86.908,259.24,213.96
68.358,218.8,66.072
33.135,156.41,46.431
72.322,287.23,164.42
30.609,91.212,-50.324
63.936,306.35,217.72
96.799,359.89,307.87
32.527,220.24,111.06
40.175,241.66,145.43
43.716,259.87,148.19
89.386,280.38,165.69
45.717,118.9,-54.271
37.556,210.67,115.49
18.291,184.09,18.131
50.578,138.86,-32.37
49.932,257.56,183.92
69.868,299.22,268.93
71.38,296.64,182.36
92.046,348.47,283.9
56.896,279.86,160.17
54.336,286.83,192.98
111.97,295.89,251.85
59.17,293.64,232.33
123.37,399.47,390.39
128.68,336.36,320.25
138.23,355.26,377.18
97.787,319.48,229.93
7.4326,156.72,-9.5565
110.39,302.74,291.38
103.79,319.2,336.22
36.234,184.32,0.50166
11.708,158.35,-24.442
57.748,156.32,31.421
87.168,361.22,331.47
96.753,366.18,401.72
83.949,355.61,325.29
117.93,312.74,301.42
94.049,371.62,344.49
96.476,264,168.89
100.62,367.32,412.24
-1.0505,113.22,-39.275
27.74,172.27,61.114
16.783,184.19,27.463
93.962,307.3,310.22
125.11,345.74,388.71
40.28,211.72,42.028
71.522,230.7,83.276
119.89,333.73,284.33
26.516,154.79,-41.599
48.017,269.84,178.4
33.505,119.79,-5.696
85.722,284.64,166.91
130.39,359.13,417.95
80.859,216.56,110.85
95.937,276.5,244.52
114.6,360.33,312.28
44.847,252.68,166.02
122.38,340.23,377.21
23.166,125.46,-81.298
74.395,209.3,71.273
3.9219,146.23,-20.826
93.642,284.27,263.98
51.283,279.47,182.43
37.798,198.1,102.11
27.27,136.58,17.872
114.09,312.29,251.29
79.84,214.21,98.783
28.303,214.25,92.568
75.119,218.88,78.819
44.442,259.35,163.84
109.53,299.23,229.18
83.678,258.17,213.84
51.269,231.41,71.451
91.332,293.24,184.83
27.671,203.46,39.389
-3.6213,103.27,-51.618
85.52,231.63,120.83
1.5671,127.26,-67.935
48.012,143.67,-35.871
86.357,290.09,175.27
62.731,172.73,19.341
14.223,174.4,30.441
109.5,361.37,417.83
29.895,208.63,97.425
124.5,343.52,383.56
50.932,265.6,136.5
58.161,204,121.77
5.5836,144.27,-40.291
93.466,297.38,193
25.082,192.1,74.451
58.258,277.71,221.31
58.794,179.75,79.181
54.385,280.97,169.02
134.96,380.85,370.56
13.704,125.88,-4.6542
78.1,333.08,261.5
10.937,167.14,4.4024
1.9867,125.65,-24.433
14.175,173.92,6.3878
77.906,275.74,147.65
6.7126,109.96,-29.024
41.011,219.36,54.608
75.703,336.39,305.95
31.604,152.38,-43.831
108.02,373.32,334.42
128.56,387.93,372.32
130.83,392.43,382.15
111.8,305.51,240.03
134.11,403.19,403.51
94.622,371.23,341.68
59.27,154.82,17.698
24.849,127.73,5.4084
28.851,162.13,50.734
71.807,299.34,187.59
56.812,160.23,42.967
17.654,176.75,2.1673
68.921,311.07,276.26
38.229,197.18,19.49
85.633,317.39,220.21
41.248,130.67,7.3102
112.03,351.75,295.47
104.24,318.55,334.91
98.52,263.51,184.13
91.038,245.4,166.91
44.475,129.02,0.82539
136.22,366.25,430.07
75.512,334.02,307.54
72.365,323.57,246.78
77.587,237.65,175.92
86.904,233.14,140.08
34.269,233.56,100.72
65.099,200.61,43.135
70.336,299.93,189.74
95.712,256.15,180.01
93.811,361.49,314.72
43.341,106.13,-52.661
49.997,144.36,-31.077
82.722,229.19,107.18
106.75,369.37,326.02
65.906,314.49,242.34
82.267,346.25,340.23
135.06,350.47,379.66
111.81,296.57,262.3
144.47,391.15,402.66
21.33,150.09,-47.76
50.155,188.98,97.748
112.44,347.27,394.79
131.05,365.8,344.22
52.18,188.14,96.543
124.4,355.39,318.21
54.54,149.89,-15.66
125.3,346.35,390.08
57.208,293.09,219.94
42.926,158.15,50.701
134.28,346.86,352.21
34.163,219.92,116.03
120.94,348.69,303.25
94.063,258.69,200.63
10.887,163.38,16.485
85.595,284.95,167.22
75.404,298.06,277.51
50.325,213.9,45.027
100.28,319.34,232.21
145.95,372.73,419.17
63.634,246.88,97.343
86.687,310.29,207.59
111.58,320.98,251.95
88.157,365.44,360.03
55.746,273.79,147.75
35.494,236.27,122.79
120.03,377.01,345.91
56.843,228.44,67.921
59.904,207.28,42.837
27.904,180.21,69.663
12.675,141.43,9.2915
88.312,362.43,367.86
119.81,332.43,282.95
95.853,298.37,197.42
79.521,339.43,277.75
53.664,236.13,78.858
66.898,276.64,236.41
71.754,214.63,134.31
58.271,232.94,166.54
85.351,260.16,136.37
95.292,353.17,293.03
47.635,169.62,67.797
13.581,164.8,27.501
114.32,376.96,342.75
26.341,204.28,44.369
73.056,314.38,219.92
128.95,337.5,320.9
71.097,189.15,67.44
100.6,360.18,306.91
58.971,290.71,231.27
90.013,364.84,333.36
153.83,375.22,354.32
54.923,105.61,-42.27
37.165,161.17,-39.241
84.346,194.89,89.671
70.635,280.43,162.37
49.217,129.97,-0.22039
107.78,243.08,130.51
48.512,195.08,78.196
29.875,165.05,11.264
102.7,227.42,113.82
112.7,361.54,381.04
150.14,374.4,345.75
73.48,262.72,190.37
99.923,301.78,180.19
92.247,294.61,166.65
106.89,342.45,259.96
88.107,233.88,74.815
113.15,255.13,161.13
137.47,314.1,277.84
118.6,338.22,358.57
69.548,135.79,-10.852
111.74,344.59,359.24
92.088,334.89,282.61
63.381,263.66,138.58
95.376,321.03,219.34
94.462,278.72,238.63
48.319,180.84,-13.808
63.482,185.52,-5.1621
146.75,354.7,316.03
92.233,311.57,280.73
35.435,138.7,-73.519
54.172,240.16,105.99
57.755,248.94,115.04
64.892,139.55,-51.037
107.79,271.96,227.96
72.754,143.88,-24.449
75.804,193.89,94.545
79.658,241.41,78.11
22.919,104.96,-46.048
49.14,202.41,85.877
149.17,374.35,343.93
129.41,314.52,310.03
24.863,93.469,-56.465
119.27,329.62,343.89
83.198,221.85,140.49
76.131,169.59,49.893
88.854,217.53,58.703
31.142,168.79,16.759
72.885,287.4,177.58
16.109,128.29,-59.567
133.01,313.47,301.08
143.9,329.62,318.71
37.577,181.47,43.304
130.03,331.64,350.42
43.405,185.22,-3.354
79.286,211.43,38.95
102.11,241.08,164.88
69.397,189.35,3.7457
87.211,188.42,67.589
164.96,375.95,414.85
84.335,249.82,92.412
33.136,104.75,-37.797
66.606,152.13,28.1
55.392,139.48,13.167
149.49,351.79,383.58
145.48,356.49,314.78
68.656,182.63,77.612
88.841,206.36,107.37
141.29,361.65,414.48
87.172,195.37,85.773
85.714,320.24,248.13
120.81,322.58,228.76
83.41,314.51,244.21
82.53,299.67,244.74
72.697,199.82,104.55
48.872,218.61,94.437
126.07,288.79,215.08
105.95,257.75,128.82
77.616,297.34,191.37
56.42,205.93,101.49
94.109,336.99,269.02
56.493,237.46,83.854
12.625,117.61,-68.488
126.59,315.05,313.85
98.969,254.48,112.73
40.047,155.35,26.082
61.659,112.31,-43.143
52.801,167.11,51.176
152,357.06,333.96
123.13,389.16,362.53
126.75,376.21,328.64
77.051,295.67,187.83
45.119,153.98,-52.608
132.85,342.87,374.48
71.913,138.42,-18.953
112.16,303.32,291.11
47.223,193.09,74.059
69.586,139.9,-0.60647
153.21,384.12,364.09
82.652,298.52,181.47
109.84,335.92,245.07
151.08,359.32,332.19
81.214,292.56,235.86
146.05,333.49,318.61
72.631,214.79,127.29
152.95,365.18,416.43
112.64,303.07,191.34
55.893,164.91,49.73
114.19,321.41,220.49
104.12,301.93,284.33
34.151,182.88,24.692
115.13,355.32,379.43
63.76,251.98,158.37
75.983,248.19,176.78
55.327,164.84,49.422
81.501,310.11,234.52
60.141,147.48,24.201
78.002,179.53,5.7922
105.14,327.54,228.54
87.028,236.3,76.521
97.899,286.3,253.52
77.511,293.5,223.87
88.335,233.49,160.13
130.39,298.01,238.69
130.09,314.01,307.86
65.622,143.18,-46.863
57.434,191.49,0.92288
34.31,179.9,4.056
83.275,314.51,237.42
84.913,316.82,232.46
60.691,257.72,139.66
52.461,231.81,109.98
71.003,147.82,13.752
58.989,190,84.917
120.37,361.7,298.02
25.963,142.02,-60.348
146.66,384.06,354.56
85.99,312.6,262.97
87.199,318.01,268.83
81.224,229.6,153.14
89.087,297.6,258.63
116.28,277.65,232.27
132.39,406.94,398.73
103.86,353.17,346.8
125.31,311.43,221.83
28.005,164.61,-2.2655
31.631,130.94,-9.3338
93.931,331.46,249.4
86.99,299.01,177.51
139.71,396.54,372.19
110.49,360.99,302.78
71.892,280.16,198.11
82.646,309.98,246.55
120.72,307.17,208.25
110.64,266.6,213.12
55.913,118.57,-84.336
115.32,369.12,395.01
142.75,363.04,417.4
75.315,269.79,201.23
152.66,385.92,365.64
46.515,206.91,34.896
16.562,128.79,-62.488
110.1,297.16,278.74
72.644,275.69,199.3
121.99,311.25,307.34
96.409,221.63,128.7
122.65,366.28,407.29
82.204,268.1,210.62
89.466,190.38,57.573
72.604,144.61,1.196
141.61,355.13,400.15
104.65,325.04,223.61
102.98,250.87,116.38
103.15,235.64,108.04
23.248,103.45,-47.204
158.7,365.46,365.28
69.929,196.63,12.887
79.747,219.73,136.95
71.231,148.54,-30.105
24.222,133.8,-18.965
109.26,369.6,333.61
102.07,281.62,247.59
89.881,222.18,138.47
20.058,139.74,-46.578
132.46,383.88,344.96
58.2,167.53,54.095
129.21,359.25,296.12
142.57,355.66,307.7
126.3,313.37,310.04
100.81,344.78,273.66
129.62,349.77,280.38
51.09,226.53,104.29
47.603,132.9,3.6858
25.668,137.88,-12.961
120.98,386.11,357.23
21.407,140.67,-51.708
103.71,231.57,131.73
63.849,222.3,129.93
76.486,291.91,177.47
112.17,321.39,324.06
78.907,239.08,166.63
159.82,368.13,409.59
54.198,103.99,-44.245
134.35,346.86,281.92
66.108,185.64,-3.3111
77.908,174.48,57.142
122.25,401.07,407.98
133.98,391.5,361.15
116.26,283.03,174.34
138.05,357.55,405.64
151.77,361.76,336.12
105.93,265.92,216.22
90.626,219.23,131.99
114.3,341.13,255.73
116.59,383.9,406.97
78.405,287.12,160.57
146.56,397.75,377.8
102.69,228.4,109.25
158.85,368.25,413.61
121.62,278.58,218.6
141.46,323.51,291.07
32.315,124.63,-15.27
158.48,366.18,407.27
72.349,258.44,106.62
78.852,181.03,68.963
118.17,323.42,227.13
76.985,181.46,5.3929
40.922,185.53,54.744
115.68,270.92,215.02
21.883,141.63,-51.057
99.858,283.63,151.33
46.456,181.65,-11.734
64.04,138.02,-53.89
31.774,173.93,18.175
20.458,141.57,-34.227
124.19,332.2,351.13
63.036,263.2,153.67
102.61,243.82,170.55
90.988,327.6,245.87
110.48,254.28,180.39
60.663,162,46.39
139.29,409.86,400.82
86.301,313.51,214.47
23.956,137.47,-65.788
83.925,216.22,130.54
128.57,364.88,413.21
46.838,164.39,-37.987
107.07,280.26,154.44
130.15,297.08,243.39
39.431,197.08,33.31
31.382,130.41,-10.177
89.653,251.43,191.2
53.277,236.67,110.92
31.188,169.05,-13.56
49.647,208.28,32.528
153.61,357.91,340.73
91.806,333.56,285.19
68.189,177.42,-10.9
58.293,237.97,134.06
151.73,382.92,359.94
90.606,197.71,52.718
89.506,297.13,172.1
76.479,294.02,184.45
109.62,274.56,232.41
158.7,361.97,372.15
150.93,378.5,352.57
62.418,148.07,-47.886
54.863,189.21,80.381
86.274,260.45,203.88
123.97,285.67,235.52
79.814,258.3,194.61
31.781,125.93,-14.414
54.656,228.63,118.08
53.692,178.65,-17.623
58.081,234.45,131.27
100.31,221.98,98.429
61.669,129.4,-65.054
104.41,287.47,160.78
114.77,268.16,160.7
110.29,267.1,214.78
119.45,386.71,419.98
51.752,113.95,-24.933
156.56,361.44,396.35
163.94,373.39,398.18
144.55,356.56,312.81
42.251,163.88,-37.816
126.19,292.3,251
35.563,131.55,-83.884
82.448,275.96,221.03
80.553,253.39,96.375
98.665,219.53,88.708
23.031,136.75,-20.248
72.512,240.4,75.213
74.324,269.66,198.98
51.277,198.43,13.185
147.49,364.16,418.64
111.69,262.38,200.5
101.24,242.09,168.57
138.69,327.16,330.66
156.31,357.36,358.05
163.52,374.56,419.14
100.5,326.86,228.67
137.13,318.42,263.41
61.372,152.29,-45.027
75.103,188.6,9.1755
119.63,336.79,250.14
127.17,289.99,227.61
79.589,263.36,200.98
96.404,212.37,79.334
106.09,363.06,320.83
56.825,200.94,96.354
122.91,343.26,263.59
90.465,244.06,178.64
18.032,102.93,-54.787
79.714,166.14,33.143
56.846,224.46,120.62
160.11,379.13,374.62
128.55,296.68,224.21
150.71,350.82,326.98
27.73,150.3,-47.115
21.349,127.75,-29.576
13.981,107.69,-59.739
74.512,152.39,15.094
140.09,322.99,311.01
95.397,219.8,75.458
40.194,200.87,47.112
156.6,356.94,367.5
131.47,375.35,327.48
106.05,311,301.11
62.993,255.46,157.36
89.237,194.19,46.593
93.667,337.72,276.16
133.51,338.97,365.96
72.925,184.44,2.0663
83.325,172.57,31.018
87.79,208.96,114.16
93.995,206.42,68.058
122.76,379.47,337.66
96.381,332.28,246.39
133.98,401.99,384.93
58.145,237.98,133.63
41.529,193.45,60.821
86.955,238.72,169.23
73.276,144.15,-4.0147
53.707,210.28,31.981
97.653,338.1,317.2
41.766,202.73,62.133
142.71,403.52,387.02
122.26,390.71,368.47
120.83,310.71,306.46
83.563,246.11,180.09
124.76,284.27,214.15
38.202,194.61,33.399
39.137,153.01,22.52
153.21,383.07,362.68
102.36,242.75,108.63
124.02,376.4,423.09
120.43,354.26,282.74
73.649,201.77,107.68
68.552,226.69,140.74
26.083,150.81,-5.3736
42.339,206,62.607
81.732,197.69,28.057
13.308,103.63,-63.715
131.89,315.93,310.47
77.323,183.25,7.5318
64.308,222.52,47.54
98.657,281.72,246.33
150.57,347.12,363.78
92.902,326.34,236.46
159.11,369.48,417.15
30.869,173.41,6.3315
57.991,111.08,-36.69
97.845,348,303.32
60.61,247.57,146.1
110.78,262.51,202.68
106.36,324.02,221.65
119.89,272.16,194.39
86.51,236.02,75.662
51.844,165.41,48.411
59.603,168.9,-28.033
100.54,250.13,110.81
120.29,374.67,327.69
94.724,292.96,260.9
60.091,187.8,-3.7046
80.243,294.66,175.95
144.3,364.15,419.66
118.64,301.67,198.16
117.42,301.81,196.28
61.288,243.07,145.69
78.907,196.04,96.903
99.673,351.66,306.78
108.21,357.16,295.63
137.31,352.02,293.7
143.41,366.86,324.1
90.192,269.79,221.25
83.38,173.49,24.3
108.37,371.36,358.88
138.16,322.29,316.1
110.79,335.45,344.89
141.22,325.28,315.17
114.78,285.59,173.46
59.56,111.1,-39.85
101.78,343.25,334.46
69.181,177.59,-9.6189
149.94,363.37,414.99
83.189,229.03,63.843
123.19,297.41,203.8
32.014,136.05,-76.265
26.931,146.2,-53.839
35.104,185.93,27.103
91.197,251.81,100.14
106.98,331.89,237.12
-52.337,232.52,210.08
-77.647,79.051,0.4976
-12.722,258.94,290.38
-89.385,137.13,35.631
20.636,376.64,420.81
24.859,292.92,313.51
56.27,353.44,414.62
-54.484,238.66,172.74
-12.458,290.07,336.71
-40.629,150.83,40.094
23.236,316.37,314.1
-86.693,142.36,54.2
-8.0404,290.04,341.84
13.252,337.93,334.97
-55.452,185.75,156.78
-12.917,265.98,302.09
-31.578,182.45,87.394
34.362,340.42,357
-47.932,242.24,166.74
-44.221,147.31,98.074
-19.216,243.4,262.08
-6.285,317.39,374.32
-58.551,226.08,187.33
-21.218,250.28,178.45
-68.143,203.05,117.67
-9.7523,220.34,181.83
-22.52,279.9,310.55
1.9487,349.54,402.53
10.806,274.17,257.6
-80.672,113.33,42.4
-32.168,248.72,171.08
-17.959,252.82,184.7
-78.208,72.979,-8.0565
29.191,381.62,423.46
-15.404,224.8,158.4
-50.974,211.21,192.94
-81.353,148.3,24.733
-5.1437,250.98,201.88
-41.457,133.44,65.072
62.253,358.88,437.06
-60.346,168.28,129.89
-32.539,171.06,129.74
-19.564,238.65,165.19
-39.631,196.97,181.65
45.51,328.93,408.68
-70.331,125.86,-18.904
-61.393,210.78,172.48
-18.827,202.06,136.85
-17.143,210.31,145.07
-50.433,125.34,64.42
-23.136,237.59,159.9
-30.495,176.77,138.65
-19.517,195.55,154.05
-81.896,103.27,29.157
22.425,287.59,308.82
-91.401,116.96,-16.867
-16.081,275.57,313.91
11.948,281.45,329.36
29.059,348.43,361.19
-35.54,253.27,261.93
50.8,346,455.67
-29,179.46,141.84
30.03,336.34,346.15
-37.2,217.57,122.03
15.945,333.42,328.37
-97.782,98.571,-37.966
-19.034,248.77,178.37
-8.0251,237.3,243.69
-69.85,103.88,37.019
65.28,365.46,445.99
-5.4809,287.61,243.41
14.476,354.48,368.56
-51.898,241.42,214.76
-22.664,259.23,285.05
-37.388,159.81,113.93
-3.4279,240.1,202.72
-27.241,227.07,232.93
28.341,345.36,356.08
59.809,351.52,439.59
-10.477,229.46,174.58
-80.533,132.69,-4.7625
29.128,299.26,337.53
-23.896,184.78,114.02
-62.487,222.14,162.17
-41.011,125.11,36.031
-52.475,90.695,-36.849
-63.641,125.72,-16.904
-25.625,178.51,127.26
38.365,316.56,360.05
-9.3669,257.57,288.25
-20.419,277.29,220.49
-14.268,266.22,301.71
10.36,359.82,387.95
-30.091,263.35,281.17
-16.574,282.84,322.61
-40.604,264.49,207.85
25.518,365.98,390.23
-48.614,254.11,225.54
1.3857,332.55,401.67
-63.986,179.55,139.32
37.404,328.06,352.65
-53.304,171.52,138.9
6.5583,274.39,245.74
-69.545,182.4,131.79
-55.257,240.55,188.49
-5.3035,231.54,199.16
-9.6887,255.71,284.74
21.201,285.1,307.31
-64.361,115.09,53.844
34.136,315.71,393.25
-84.053,125.2,-13.982
-26.713,189.86,161.41
15.886,313.84,300.44
-51.218,248.14,191.51
49.11,342.05,390.55
15.376,277.03,308.21
-43.221,212.3,202.57
-50.628,184.02,158.08
-3.3439,273.26,226.87
-58.033,195.61,86.382
39.144,316.61,374.56
26.246,306.24,377.87
-85.214,133.77,3.435
-23.371,185.13,117.45
-35.595,239.35,245.64
2.1448,260.49,287.68
7.3043,343.73,347.75
1.5305,276.88,238.08
26.622,320.02,323.55
-29.976,164.21,101.96
45.391,327.99,403.79
-13.714,229.04,231.74
-51.874,172.81,141.37
-68.037,137.02,83.175
-12.973,298.42,345.1
-34.396,280.56,238.94
-50.507,232,214.2
-43.963,218.49,121.31
-14.465,255.3,283.64
11.865,275.89,314.24
-46.105,107.36,14.976
-39.292,262.45,200.7
54.513,350.68,408.71
1.4762,325.9,396.64
7.0302,272.18,311.38
-75.285,111.96,-39.133
-10.973,301.17,263.98
-42.684,262.07,205.94
-17.638,204.09,142.33
-46.28,111.48,28.149
-21.099,254.1,278.74
-12.864,299.24,346.09
14.469,291.45,275.72
-91.74,128.05,14.795
-47.582,108.7,-9.3944
0.81424,244.72,236.46
3.7632,335.4,408.88
-57.556,110.79,45.24
-17.195,317.83,318.57
-68.577,202.5,118.08
-38.835,277.29,248.4
-91.507,85.051,-3.397
-0.09562,284.89,339.43
-54.823,116.48,-19.554
-55.888,236.59,196.79
32.935,369.62,398.18
0.25043,348.54,387.37
2.1905,293.07,257.99
1.8562,345.48,406.23
-69.481,92.133,20.081
18.665,360.52,380.27
0.23299,309.04,376.2
9.7529,288.92,347.89
-60.246,200.02,166.54
-78.959,150.01,24.09
-48.94,246.02,226.23
-27.668,172.29,117.11
-30.888,238.48,155.49
-30.775,160.39,89.426
-92.894,116.19,19.65
12.949,323.89,409.98
-65.347,197.68,153.46
-73.513,153.13,23.877
-3.2421,257.61,211.29
-72.425,65.707,-18.934
-52.81,150.28,22.139
-19.383,284.01,319.88
-36.336,261.23,194.99
18.174,349.49,448.32
1.3127,290.41,253.58
6.722,339.83,339.16
36.784,326.08,350.13
18.813,377.63,430.23
-63.549,154.55,109.42
-24.649,303.35,287.64
-33.335,284.62,249.04
-42.755,148.41,98.57
-72.297,116.4,53.28
-7.6103,242.01,254.62
50.024,359.25,402.05
-18.858,303.63,335.89
-49.503,102.2,17.357
-25.188,206.8,195.46
-19.799,304.29,276.94
-43.216,266.72,245.13
20.895,374.5,413.72
-49.122,248.92,185.72
-36.907,175.41,70.612
49.152,335.85,424.8
-36.297,221.98,128.79
13.465,356.11,373.09
1.2425,319.3,389.69
-15.823,209.19,184.75
53.656,372.56,421.4
5.9372,311.41,385.51
42.856,330.96,369.51
-58.54,117.45,-23.134
-7.2612,278.03,324.59
-25.467,179.92,131.51
23.683,306.51,380.87
-47.439,133.69,10.376
-35.263,276.77,229.93
44.862,349.71,383.97
-84.26,155.3,54.07
-82.524,159.23,54.39
-60.596,195.21,161.19
-62.371,182.24,65.893
28.52,355.01,371.05
-70.091,200.96,129.42
-46.032,187.21,74.985
-12.261,237.7,175.79
-7.0815,311.02,282.67
-35.127,282.37,247.78
33.057,340.04,448.95
20.982,368.64,397.99
-6.8229,227.42,194.48
-11.674,216.22,189.38
16.78,371.55,412.69
-41.387,151.63,103.1
2.0032,334.82,330.31
-35.35,170.6,133.03
24.152,309.51,310.02
-52.452,81.254,-26.227
-54.924,206.66,103.89
32.258,318.06,334.64
-29.575,250.26,266.19
-64.98,179.91,138.21
-10.815,243.81,184.13
-60.754,164.78,38.258
52.915,384.54,435.42
-82.878,92.362,14.967
13.695,287.83,271.49
-63.803,213.81,132.12
-13.187,211.91,180.14
-1.7374,326.26,312.95
-52.702,236.2,210.78
-59.049,110.98,46.382
-18.901,291.58,246.93
-50.948,215.48,117.43
-39.932,163.81,124.67
-52.262,105.79,-25.415
-11.264,216.07,182.4
-79.691,154.68,85.364
-78.299,115.82,-33.011
-39.849,253.69,254.44
40.05,320.31,363.85
30.141,327.1,336.47
-81.144,98.146,23.604
-82.166,119.37,47.339
-3.7565,274.15,227.36
-11.236,218.21,195.45
-40.152,164.16,53.68
12.501,368.98,431.6
-58.609,126.58,70.835
-67.38,141.69,4.089
-42.024,225.81,221.42
20.717,310.05,389.79
36.289,313.08,376.29
-60.667,174.29,137.23
-41.076,171.38,60.031
-60.425,168.32,129.88
26.413,375.84,411.52
3.0709,250.95,231.7
-85.741,150.58,50.277
-62.335,101.8,-45.627
10.492,286.98,343.5
-94.544,117.26,-0.69518
64.978,368.64,443.89
6.0001,261.1,239.7
-20.657,281.92,315.66
-18.707,200.57,168.51
18.185,282.93,286.04
-98.249,95.829,-10.603
-50.355,101.32,-23.464
-30.976,293.11,278.76
-3.3183,341.82,364.8
-21.923,298.51,325.38
-32.687,288.93,264.64
45.025,327.23,401.54
-67.94,165.45,40.85
-71.735,127.39,-16.773
-33.319,152.21,78.368
-21.147,198.89,126.91
-22.721,249.6,270.85
-15.618,243.3,261.97
16.011,334.31,427.46
-87.469,135.64,12.884
-79.077,164.28,92.675
-83.957,74.804,-8.0044
-63.29,208.7,117.44
-60.052,224.07,180.69
-85.598,151.03,54.758
-54.496,194.17,168.34
-71.869,134.4,76.777
-38.794,187.09,165.41
8.877,328.27,410.94
-12.54,324.1,355.03
-21.568,223.21,225.49
12.867,346.03,435.74
16.174,373.07,451.23
-38.218,148.73,91.743
-73.544,177.93,117.97
-48.267,101.06,-14.251
9.8827,338.73,423.65
38.437,343.06,366.26
16.822,337.48,432.51
16.376,316.56,401.04
12.468,326.94,413.7
35.78,317.24,394.81
-55.738,232.77,159.31
35.655,340.84,359.45
-11.114,260.91,202.26
-35.712,258.58,189.3
-35.082,280.64,278.37
-51.358,245.28,216.58
-60.212,207.07,172.83
-56.681,124.37,-12.976
-75.932,139.13,77.827
-8.2304,223.54,194.43
21.29,365.45,390.23
22.678,308.83,306.37
-60.496,99.718,-45.823
8.5316,361.84,421.02
-64.066,120.11,-24.468
-17.404,253.98,186.74
9.4545,313.65,391.86
-69.274,199.17,110.76
-74.139,154.21,96.697
-76.162,119.92,54.919
-1.9829,239.27,212.67
-28.596,258.73,278.01
-32.331,155.58,76.807
-53.894,111.37,-23.413
-17.512,248.1,270.51
-8.1013,331.1,335.86
-88.021,133.56,9.8549
21.326,312.46,394.64
-44.757,256.05,242.76
-41.5,208.88,107.52
12.214,320.49,305.68
42.57,357.75,388.58
-69.573,110.43,-40.052
3.1,261.72,229.57
-29.079,285.66,300.29
-41.048,125.54,28.914
-60.526,213.41,176.44
-52.05,85.195,-15.196
-59.394,229.46,165.59
-24.308,251.3,272.34
-75.493,122.62,-23.419
-55.6,201.41,95.172
-45.144,141.5,88.276
-51.985,121.77,59.604
24.098,296.79,353.73
-39.418,233.85,234.38
1.2181,250.27,221.35
-9.4457,271.26,312.43
15.921,304.77,290.23
1.121,311.35,380.21
-60.228,81.466,-2.1558
-7.1458,249.56,196.45
-94.39,117.18,-2.9707
-70.244,110.08,45.624
-56.995,203.63,175.76
-71.991,88.155,14.277
-4.2934,339.93,359.98
-14.044,318.81,308.89
-97.599,93.088,-9.3866
-41.133,128.45,50.835
-11.052,227.66,172
-11.873,298.59,347.11
-27.995,201.13,186.36
-49.865,101.82,-21.451
17.462,373.9,419.47
26.807,312.78,393.68
-3.9813,340.08,381.23
-81.134,165.16,65.756
-24.718,220.07,220.64
-46.61,203.92,188.43
-12.896,255.69,193.78
-41.893,179.51,153.16
-47.972,99.645,2.5355
-1.7149,250.54,267.54
-39.467,165.79,56.5
18.768,362.29,384.29
-49.28,204.77,187.11
16.843,353.29,365.13
36.341,389.11,436.92
-97.786,83.285,-17.034
47.417,369.69,409.51
-5.7098,320.68,377.86
5.6084,357.39,399.02
-65.233,214.68,146.45
20.428,277.4,245.52
-23.239,263.63,250.51
22.852,280.68,269.37
-12.628,198.33,105.13
-81.795,131.97,-18.244
24.044,283.52,261.79
-38.342,242.9,204.45
34.916,363.32,350.21
-5.0137,229.73,141.12
-73.641,83.174,-24.912
61.341,359.24,446.36
-22.114,229.52,203.82
12.711,345.55,391.96
-49.44,231.53,123.92
0.39131,339.48,315.67
-25.04,265.97,168.32
-19.691,293.95,222.37
-42.749,134.92,50.755
-25.907,293.99,242.03
-19.281,285.4,278.98
-19.791,280.16,193.01
10.436,293.47,228.52
14.262,352.31,329.57
-31.088,148.08,59.879
39.707,321.85,371.25
-65.957,190.94,92.483
-74.139,91.497,-14.619
38.763,356.31,441.02
-27.64,190.28,137.77
6.0587,256.21,187.19
46.523,335.58,334.92
-12.199,229.24,124.75
-57.958,176.23,103.77
-40.447,246.82,142.55
28.931,307.15,344.75
3.2527,335.5,363.24
13.827,365.95,385.85
71.252,373.03,417.62
18.875,374.48,401.71
-2.5418,223.54,164.28
-39.993,125.23,30.548
26.323,298.05,324.02
-31.953,260.24,161.28
10.865,319.57,362.08
18.062,336.24,392
-85.732,87.208,-33.614
-7.8232,249.93,153.66
-35.447,234.41,115.7
-16.212,202.85,93.09
5.6122,337.38,300.5
63.832,356.71,433.42
-77.294,138.75,-16.771
-69.091,183.06,71.425
-28.488,179.9,47.124
-33.164,155.38,78.23
27.488,383.86,400.36
-72.318,126.79,-44.329
17.563,371.8,402.99
32.79,318.29,291.37
-71.329,124.3,-48.906
-24.626,172.19,98.871
-19.683,219.83,187.57
-34.43,215.84,86.739
20.01,288.63,307.26
-41.911,191.18,138.04
34.619,324.15,380.92
2.6321,346.43,353.19
-58.121,176.94,104.31
-41.855,227.43,183.2
-47.064,188.23,130.35
28.77,291.97,290.93
-15.576,208.05,98.654
-28.127,153.09,26.917
-36.185,140,-5.8112
-39.654,239.78,127.32
17.837,289.51,237.42
22.237,301.75,336.5
-11.76,271.41,273.31
-4.6081,294.56,311.77
-32.794,255.42,226.42
-31.154,160.51,85.534
-37.136,209.53,166.67
68.491,386.53,418.22
-33.016,187.69,134.94
-0.64046,319.82,264.9
-11.518,213.44,112.87
-67.619,183.53,85.263
-64.361,198.26,92.489
-4.5148,305.75,324.7
-49.615,177.35,27.115
-0.35362,289.89,212.99
9.4718,252.66,217.09
20.687,377.52,408.63
23.241,376.66,430.43
-54.258,122.32,-49.561
-63.577,150.17,66.827
-44.971,101.6,-6.0391
0.64755,269.12,275.04
-27.231,202.6,159.05
-16.644,311.3,290.26
63.18,355.84,391.97
-4.1069,222.52,143.78
-13.685,195.99,127.24
-64.044,167.02,84.493
-37.746,268.94,202.26
-60.499,150.46,70.436
-14.625,289.07,208.25
59.605,401.21,426.91
56.847,383,397.61
38.364,326.56,384.6
-9.7943,205.74,140.59
2.5471,339.43,310.03
56.429,348.89,424.02
53.039,350.84,432.81
1.2872,340.17,356.16
-31.684,132.99,22.027
-47.799,206.8,73.111
15.192,283.54,299.55
-64.744,184.45,50.613
26.987,349.74,323.36
-54.069,226.54,126.95
35.221,314.27,356.33
-60.207,210.85,112.55
9.5237,310.78,250.88
11.294,360.51,363.14
-35.823,229.83,194.33
17.332,269.39,240.39
-3.1998,310.23,331.37
-20.672,278.92,190.99
45.122,331.94,392.04
-2.7332,337.06,335.63
-14.53,202.35,97.512
20.862,367.7,362.65
7.8837,355.58,358.05
-45.02,132.04,47.394
-65.545,183.39,50.189
-14.367,275.29,183.93
-47.873,158.71,89.058
-41.964,229.02,184.63
50.638,341.06,410.08
-32.54,170.11,104.73
-65.414,152.29,66.852
-33.829,194.6,57.918
19.305,360.43,416.32
33.102,377.96,378.24
25.131,325.23,285.77
-23.408,164.91,76.293
-74.138,156.89,51.196
-67.121,157.66,69.743
34.182,331.65,305.86
37.703,358.56,344.44
45.302,398.9,420.06
-29.34,266.53,171.87
22.588,311.44,266.22
32.31,317.24,366.44
53.455,335.94,365.82
-23.816,160.25,59.973
-16.851,219.91,186.78
-36.379,271.25,201.44
-81.613,132.89,-16.657
18.517,271.82,245.1
-88.072,112.69,-35.757
-70.77,148.71,-8.7446
-28.29,154.99,27.084
-14.53,281.49,283.12
9.2372,330.44,284.2
-66.35,135.83,-33.114
23.365,376.89,386.4
-3.3721,322.53,272.86
-9.4771,206.65,142.16
5.1951,250.79,182.62
-46.36,215.14,163.16
-3.8111,280.74,197.3
-68.137,184.89,80.74
-73.524,99.89,-3.6926
-14.589,316.39,287.76
14.48,282.24,297.08
-20.748,175.17,94.837
-9.9896,222.2,185.61
2.5284,277.62,290.77
-26.046,174.36,46.762
54.344,338.78,364.98
-60.756,208.11,100.59
-12.299,245.1,231.48
-25.04,290.61,264.99
6.6329,334.87,371.22
36.649,362.32,447.71
-29.583,141.49,36.66
44.917,391.58,404.77
-19.516,305.78,280.36
33.144,301.38,316.61
3.0367,308.5,243.82
-54.766,193.44,127.02
72.597,378.74,422.45
27.556,321.34,375.8
-60.649,142.49,-24.216
14.972,266.85,223.47
18.983,355.99,412.94
-8.4484,271.17,180.31
19.524,335.31,295.58
-2.8249,228.64,187.14
-27.622,148.23,46.195
25.389,331.06,293.71
-38.591,105.31,-22.698
-48.772,181.64,120.34
57.612,343.18,397.96
44.069,373.87,372.89
-27.065,222.87,191.71
42.22,316.98,345.8
-72.78,121.7,22.844
-61.936,161.44,81.809
8.2269,250.14,214.23
-56.04,89.881,-14.422
-74.498,123.66,22.557
32.427,359.88,343.18
41.05,345.04,330.84
45.885,356.86,445.88
-48.954,115.13,-52.897
12.183,259.02,230.85
-35.612,218.12,89.812
-37.932,147.12,68.075
-31.724,275.01,195.26
-41.791,93.678,-35.595
-28.511,285.07,251.53
2.4246,346,337.57
-47.592,198.32,142.48
-40.091,219.65,176.95
-45.723,236.65,182.51
-14.515,278.89,189.92
-45.814,125.15,-37.572
-37.133,193.13,143.01
-74.081,162.28,52.239
-44.301,143.95,-14.212
-26.606,237.51,213.4
-1.4492,281.47,295.82
-30.72,281.92,214.3
-4.1655,334.36,314.14
-41.429,260.35,194.2
-34.96,264.02,227.01
26.599,302.65,266.85
-20.287,271.58,263.7
32.875,392.01,415.27
43.782,344.15,334.52
62.329,364.01,388.84
-4.5868,314.67,255.84
-78.542,134.09,23.619
36.356,306.65,305.59
39.222,315.67,352.87
-66.777,172.88,30.629
-81.535,138.13,8.8815
-24.337,161.15,46.873
2.9426,341.23,362.64
33.591,349.3,426.25
1.0725,334.91,356.59
40.725,318.95,314.93
7.6896,353.43,375.02
0.59479,269.24,187.19
39.86,352.2,435.15
-73.593,93.922,-11.158
-44.897,156.93,86.825
-71.879,161.33,61.384
28.201,300.83,328.95
61.309,348.55,401.3
-62.529,197,74.126
-32.984,229.4,107.52
25.148,337.77,303.11
-74.531,143.83,-12.208
-36.451,246.71,211.54
-37.901,118.06,11.384
-19.098,280.33,193.07
69.229,361.99,429.91
-8.3476,222.38,127.29
21.493,277.76,260.44
17.597,356.26,336.54
-34.598,230.98,197.16
57.816,342.68,390.19
-76.579,118.48,-54.635
-24.134,213.54,90.776
-79.989,123.66,11.847
22.854,282.52,280.94
-37.4,256.43,216.47
-35.377,183.13,127.72
-42.733,127.99,38.848
19.577,317.43,269.34
-12.353,220.1,115.85
-54.559,191.37,125.2
-25.74,221.72,99.701
-39.151,236.32,196.73
14.665,304.51,247.22
10.188,256.33,231.45
-53.372,218.87,102.62
-12.614,290.24,209.99
-69.003,183.15,73.544
-74.985,84.491,-24.085
-8.8416,237.27,138.55
-89.327,107.59,-35.47
-50.056,146.57,-15.65
-18.35,285.04,201.87
-33.373,177.77,37.809
-67.719,151.73,62.737
51.851,352.13,436.42
-48.644,187.51,128.01
60.087,346.46,396.2
-47.383,245.68,170.79
-15.436,199.03,141.33
-84.839,123.37,-7.1759
-10.094,294.7,217.88
-52.281,171.58,104.4
-16.827,258.11,250.19
-18.075,180.17,96.167
-40.7,259.69,203.41
44.17,383.49,389.31
-55.987,111.98,19.511
-15.255,314.26,294
-76.081,144.41,37.88
-72.202,105.62,4.5048
-76.339,151.79,40.276
-27.635,268.97,175.48
-62.142,95.373,-4.6232
-61.287,203.49,87.304
-2.5001,314.76,336.77
-70.17,144.74,-16.309
13.931,362.87,361.94
36.219,385.73,394.38
39.258,390.53,403.86
17.173,310.77,258.04
44.096,400.85,425.14
7.3005,353.49,372.16
-27.424,161.04,33.332
-44.618,119.55,26.008
-42.619,149.37,74.6
-29.858,284.28,219.64
-22.841,163.63,58.751
-76.652,156.17,35.956
-5.6003,290.6,305.54
-64.892,184.26,50.549
-16.488,306.32,249.91
-32.741,131.15,23.616
13.865,348.05,319.76
39.415,315.41,351.38
8.0234,269.67,200.65
5.2478,250.83,182.82
-31.77,131.72,16.272
74.52,370.91,441.04
-0.8442,312.66,337.78
-20.196,303.47,279.89
2.1303,236.7,193.43
-1.4814,238.9,156.37
-56.901,210.53,135.31
-37.177,201.7,65.412
-30.517,283.91,222.2
8.1299,262.09,196.02
1.798,345.51,345.16
-40.481,113.21,-38.203
-47.114,148.16,-11.621
-14.759,233.95,126.12
11.909,359.06,353.62
-22.145,292.42,275.64
10.08,325.91,368.9
63.253,358.22,391.02
29.959,302.92,276.77
58.007,396.7,418.65
-78.387,137.16,-17.456
-22.709,182.59,118.01
52.944,342.58,411.02
39.24,369.37,362.63
-21.15,183.06,116.11
29.907,357.55,338.08
-40.79,154.98,2.6071
61.649,349.12,402.65
-26.073,270.28,252.62
-29.682,153.97,69.559
54.443,355.34,364.92
-44.331,198.87,146.56
25.188,350.36,323.7
13.117,262.85,216.24
-69.742,141.02,48.298
-19.243,280.51,193.47
6.5852,283.44,301.92
-54.777,204.38,74.451
-1.7527,315.91,257.2
74.714,381.95,429.49
-42.271,238.09,126.5
-16.643,301.29,236.3
13.399,323.2,272.61
12.015,344.7,389.84
-43.747,254.93,181.65
-49.245,213.02,156.08
25.55,372.44,369.91
-48.822,219.61,97.047
-44.747,204.31,68.135
-45.727,163.43,96.485
-59.685,124,36.225
16.561,342.14,396.41
25.246,336.67,301.56
-7.1323,296.76,221.51
-11.465,319.99,310.09
-51.231,223.97,109.85
-4.0393,261.76,261.46
-5.7892,215.2,151.36
-13.839,222.15,189.33
-17.976,260.47,159.35
-0.72889,339.9,322.72
-25.672,165.76,86.614
-64.346,143.48,58.066
19.99,369.25,368.64
-68.626,182.98,78.746
-24.78,296.78,252.67
43.64,345.24,335.29
-17.707,195.09,83.72
4.8665,348.39,335.62
-19.318,269.07,262.12
3.9732,345.78,364.35
55.725,389.74,367.42
-27.432,119.07,-32.053
-68.712,155.04,-11.727
-2.2454,206.82,101.78
-30.277,268.48,192.34
-28.971,135.19,14.118
6.0481,259.03,143.54
-34.303,187.12,101.66
-57.821,153.16,38.241
4.0577,243.56,126.05
40.742,354.82,401.31
50.144,387.16,360.35
-8.6684,254.85,213.63
-12.066,302.22,205.05
-19.283,292.25,193.12
1.6453,338.19,286.19
-24.888,241.5,95.487
15.233,271.4,173.12
46.503,331.5,287.57
49.088,339.27,373.52
-20.133,151.62,-0.44764
40.735,340.68,377.57
2.3903,323.18,309.92
-35.98,251.01,168.63
-11.144,314.82,247.05
17.044,278.89,255.89
-60.882,177.07,13.006
-48.381,189.27,17.633
46.768,369.55,329.34
13.837,303.99,302.97
-71.047,136.16,-48.072
-42.956,227.04,135.83
-41.387,236.14,145.14
-40.426,152.93,-35.62
26.93,280.98,240.57
-26.814,160.39,-12.242
-6.5587,201.11,108.6
-34.102,242.93,102.7
-53.266,100.66,-26.318
-34.776,193.38,110.24
48.754,386.61,358.93
51.855,326.68,319.96
-49.658,92.448,-39.121
48.648,332.82,357.77
1.6194,227.47,155.34
-10.165,182.07,61.594
-21.792,228.71,76.663
-56.751,156.85,43.807
-26.542,275.2,207.37
-75.524,116.42,-31.729
51.902,328.02,310.35
58.477,347.14,327.12
-48.562,170.42,69.411
58.335,340.4,361.14
-63.104,177.73,25.138
-33.309,218.7,59.753
15.303,253.51,176.73
-42.502,195.58,25.027
-4.7959,203.51,78.967
86.191,395.36,420.61
-29.567,252.23,116.49
-42.217,106.05,-21.689
-16.537,162.71,40.257
-24.182,146.25,26.861
75.184,367.32,390.71
44.41,370.34,328.95
-12.502,188.12,92.453
1.815,218.48,119.46
75.095,370.26,424.04
-1.7389,208.88,97.429
-7.6483,308.17,276.48
11.216,330.17,248.69
-7.9171,302.21,272.25
-0.74977,289.42,269.71
-8.346,204.07,120.12
-40.195,206.47,121.87
27.686,305.43,226.94
-3.5562,270.18,145.76
-22.943,285.81,221.01
-25.224,200.06,123.41
-2.1159,326.32,297.16
-47.895,226.56,113.96
-75.992,105.81,-41.366
50.798,325.46,324.46
-13.179,263.88,132.12
-39.505,150.53,46.888
-25.989,128.41,-33.36
-26.479,166.91,69.085
56.196,374.09,345
27.779,383.9,387.15
24.826,375.89,351.7
-23.82,284.18,217.51
-63.752,153.82,-28.084
63.556,350.78,385.16
-22.632,155.28,-8.0926
37.328,308.13,304.94
-35.793,184.83,97.754
-18.462,154.83,9.9794
54.248,396.56,378.65
-23.29,289.81,210.59
1.8311,334.73,270.03
53.673,375.48,344.13
-1.3637,282.97,260.27
58.106,351.55,327.26
-7.7695,215.97,144.6
83.018,379.69,423.22
1.2099,310.19,211.96
-23.485,166.85,66.347
3.6563,325.66,242.69
29.331,302.6,300.7
-58.77,170.04,53.419
45.239,351.06,397.73
-22.402,241.16,184.34
-4.2278,244.5,197.04
-23.999,166.48,66.211
-10.681,297.69,262.82
-20.578,155.32,37.5
-30.026,192.23,22.232
-3.56,325.49,254.18
-26.343,242.86,97.925
21.264,286.79,270.41
-9.1142,281.92,250.41
6.8032,239.59,174.67
34.941,315,249.67
51.843,326.69,317.63
-40.199,156.26,-31.15
-53.908,190.7,26.388
-64.683,168.07,33.521
-10.514,302.27,265.97
-12.259,305.2,261.39
-34.602,244.56,169.12
-38.514,219.1,138.2
-16.177,161.9,24.669
-21.107,188.65,103.72
16.121,360.91,321.89
-75.26,133.33,-32.308
45.704,393.03,371.7
1.9546,301.7,288.52
2.2483,306.74,294.81
0.73606,232.53,169.4
10.494,291.1,280.25
32.151,290.37,243.34
39.076,403.08,422.04
25.649,343.61,370.21
17.898,323.6,238.45
-64.004,152.01,26.108
-46.437,126.32,11.02
-6.6001,322.04,277.74
-21.635,292.73,205.74
40.367,399.11,392.9
10.585,354.69,329.06
-16.047,268.24,225.15
-5.3165,297.99,273.64
11.563,317.78,226.23
26.453,278.44,224.74
-48.787,131.2,-68.596
43.986,362.28,415.21
76.58,372.17,426.64
-6.9049,261.52,224.76
53.458,397.71,380.66
-57.839,196.66,64.599
-76.502,117.15,-34.468
34.364,302.12,292.68
-12.722,264.94,225.05
46.81,319.87,318.91
7.6361,234.93,140.46
55.638,363.78,423.86
2.7459,263.79,231.09
-7.7413,206.6,69.425
-17.893,160.39,11.813
73.444,365.33,409.18
-4.4659,323.25,249.19
-6.8757,263.07,133.54
-1.9526,250.73,122.36
-52.652,99.615,-27.826
68.549,384.17,374.03
-42.487,201.72,34.983
-1.2623,223.85,152.59
-32.47,163.5,-16.024
-57.183,124.72,4.8702
16.514,360.52,360
24.727,285.38,262.64
5.8853,231.53,151.58
-73.603,127.86,-18.274
31.281,385.11,366.91
-21.446,170.23,70.309
23.538,363.88,316.99
39.982,368.17,323.04
50.045,323.99,320.62
0.76218,336.43,301.23
22.962,356.58,300.13
-38.943,214.07,132.13
-30.299,136.63,18.873
-55.963,128.79,10.932
25.748,380.28,382.17
-74.922,129.49,-23.235
9.2752,247.2,143.32
-17.475,217.21,151.3
-26.12,280.96,207.21
40.117,322.43,339.59
-0.99066,238.8,184.72
84.306,386.12,415.49
-27.884,117.36,-34.035
28.695,356.79,299.53
-45.726,190.8,18.608
-8.6517,186.97,68.897
37.647,392.35,432.31
34.47,391.95,383.2
8.1056,295.97,190.66
71.455,365.23,415.87
54.388,377.8,348.12
24.295,275.17,228.85
5.6012,229.63,144.67
6.5104,341.33,279.79
41.742,374.98,429.24
-28.367,278.41,189.87
47.101,403.84,396.38
1.8715,244.45,122.02
84.972,385.58,419.54
30.793,294.41,229.26
49.594,341.27,300.78
-44.832,121.6,3.9012
83.426,383.8,413.29
-38.076,252.36,135.12
-6.9558,192.68,81.063
8.1372,329.42,248.14
-31.958,193.27,22.587
-43.862,175.42,79.966
28.827,284.8,225.98
-74.808,130.54,-22.556
-13.348,287.73,174.21
-61.979,176.65,15.66
-41.345,151.24,-38.361
-58.391,161.43,46.075
-69.704,129.35,-6.4991
53.788,337.57,363.63
-30.471,250.13,182.67
16.361,255.94,182.46
-8.1899,317.27,274.46
20.672,268.82,191.62
-19.517,167.19,61.197
43.677,409.32,422.6
-16.078,303.6,243.52
-76.465,128.55,-37.785
1.4302,223.42,144.63
63.121,365.83,427.31
-62.42,163.1,-12.688
-4.8876,288.92,174.24
36.965,314,253.91
-58.841,184.58,63.028
-46.665,125.75,10.191
9.983,254.55,207.16
-40.043,223.56,139.91
-67.975,157.7,15.654
-56.992,199.6,61.781
59.496,375.56,351.01
3.8072,321.86,312.11
-42.662,185.31,9.1204
-28.336,226.98,160.24
52.192,394.82,374.97
-12.416,213.4,66.197
-20.702,292.69,199.55
-24.655,282.57,214.17
28.647,284.07,244.74
72.875,381.14,379.64
51.153,390.86,367.36
-45.579,158.53,-30.077
-25.557,185.77,100.53
7.3681,259.88,221.94
35.164,301.25,245.88
0.074303,254.66,214.74
-45.599,122.35,5.1408
-32.204,217.53,144.37
-56.989,178.34,7.3948
-27.707,224,156.93
-0.6341,238.02,111.23
-42.833,143,-49.958
-8.3331,293.28,182.51
9.6021,283.1,175.12
26.534,278.62,226.5
47.284,378.66,441.11
-27.823,123.84,-13.154
80.372,379.02,402.65
80.602,393.01,404.83
42.925,369.92,327.41
-65.645,160.11,-11.295
39.154,307.68,261.09
-71.067,130.52,-59.331
2.7035,270.23,242.44
-32.879,252.98,122.07
-4.2169,235.26,102.13
-60.096,126.52,4.6786
-40.175,238.14,101.88
-8.4309,260.9,222.92
-57.75,192.75,41.134
80.128,375.74,426.65
24.808,275.79,211.76
15.461,253.77,180.64
60.091,341.94,339.22
68.229,376.27,366.21
87.361,393.32,424.72
-6.7559,322.32,255.51
38.711,335.18,275.2
-47.512,161.38,-26.178
-35.708,198.05,28.238
10.815,340.84,272.06
32.522,306.78,238.54
-0.37003,258.59,221.85
-5.7136,228.25,92.493
12.742,353.58,347.59
-24.224,196.26,117.41
14.962,347.76,285.05
9.8017,249.16,193.61
-59.209,96.418,-33.461
-11.76,181.56,44.202
-27.425,215.26,145.17
66.029,396.09,385.32
28.884,313.16,236.45
55.853,368.34,337.51
-73.305,140.92,-18.686
-60.181,118.31,-5.495
-66.616,98.183,-35.824
-15.325,167.62,25.9
56.114,339.67,319.61
-11.747,233.92,90.829
-55.138,187.87,76.478
72.135,375.89,374.81
28.496,377.84,349.04
32.308,310.86,317.74
-25.161,243.63,184.4
-13.91,209.85,60.124
-0.21441,326.53,304.09
62.946,348.1,376.18
-37.857,193.52,21.344
-13.061,188.95,42.59
2.1563,219.9,126.65
-8.6511,222.2,81.396
23.365,376.17,361.99
-6.2328,324.15,274.4
37.789,400.15,407.64
-28.616,226.92,159.88
-45.248,182.2,87.193
6.3791,242.97,184.7
-19.048,160.49,6.6678
-55.078,203.54,60.523
17.744,328.26,341.17
-49.368,189.99,90.398
44.531,406.27,407.36
28.493,384.57,393.27
45.864,318.79,318.32
3.9301,246.96,197.43
28.652,300.96,225.46
-58.485,181.85,62.924
-40.307,148.15,43.323
54.272,395.72,377.12
-6.0108,256.15,124.71
57.282,372.62,440.39
14.399,355.1,306.01
-7.4647,206.15,123.19
-12.125,223.26,160.94
-59.52,139.57,20.728
-50.432,193,91.394
-28.331,208.91,45.864
-66.505,94.528,-40.221
53.206,329.24,319.95
-31.831,194.89,24.872
-47.467,219.3,74.59
21.569,283.58,262.48
71.157,364.46,370.95
-9.5072,317.48,264.88
85.833,386.68,423.03
-63.17,160.73,35.212
-25.825,125.2,-26.555
7.6956,336.84,330.4
-27.072,235.99,172.89
24.839,275.34,214.08
-3.3313,323.4,246.63
23.876,288.61,205.83
-26.918,242.36,97.218
-27.36,165.02,66.419
-51.21,173.8,-6.1775
-10.421,261.2,128.91
20.265,371.01,352.37
18.08,290.38,279.68
-51.643,189.22,20.486
-25.187,285.37,205.3
78.038,373.92,428.53
9.0771,312.26,216.24
7.3712,311.73,214.88
-24.377,232.65,171.31
-4.3949,204.57,110.35
8.4912,340.82,333.88
8.1743,350.39,322.23
32.649,362.49,310.76
40.876,377.58,340.52
11.963,269.45,239.01
-15.958,189.88,36.529
24.189,360.96,384.15
56.849,337.9,324.76
39.44,332.87,362.48
57.337,342.11,323.66
5.3151,297.28,190.84
-25.78,126.16,-29.95
24.62,334.49,357.14
-41.515,185.99,10.06
81.096,376.52,422.36
-30.222,234.95,85.652
16.869,311.17,219.21
-73.341,132.11,-50.207
-74.278,137.21,-25.613
-58.722,173.05,56.058
-22.443,257.57,122.1
-1.2295,329.95,262.59
