-190.02,51.15,5.4816
-109.31,27.951,-78.21
-159.93,35.317,-69.542
-231.91,105.07,43.013
-352.22,195.58,142.8
-109.7,-30.441,-84.631
-214.72,108.16,19.152
-332.55,205,111.3
-191.82,69.3,12.674
-274.12,155.7,65.035
-303.53,179.18,71.158
-173.87,52.329,-57.451
-326.02,138.38,89.225
-333.25,170.4,62.928
-96.417,19.475,-84.66
-328.68,161.55,57.692
-362.03,166.09,97.427
-210.98,79.697,-31.325
-344.12,186.29,75.311
-370.61,180.25,96.277
-106.11,28.089,-61.427
-168.87,21.125,-22.171
-268.9,144.72,69.338
-200.79,78.781,19.433
-177.99,26.812,-54.27
-265.62,103.96,6.0279
-110.23,29.117,-76.452
-253.64,77.105,19.895
-314.49,184.64,72.424
-334.06,149.12,103.47
-313.18,185.08,74.258
-384.15,183.46,123.88
-240.49,104.38,-8.3091
-321,142.04,52.03
-309.58,123.47,71.873
-198.98,76.625,-36.597
-281.11,117.49,18.127
-299.74,154.46,40.468
-334.27,197.36,83.699
-216.15,95.097,-19.892
-155.71,57.288,-54.687
-315.13,126.27,69.622
-114.66,34.68,-65.089
-200.34,83.765,18.62
-261.94,89.67,42.602
-290.94,127.21,81.42
-400.32,253.61,142.76
-200.62,44.625,-0.087763
-83.554,-33.896,-71.942
-245.32,72.226,20.485
-367.31,204.42,94.94
-351.13,214.7,103.31
-192.8,33.032,-38.524
-168.48,14.654,-33.388
-391.55,206.17,164.4
-370.16,235.85,132.13
-107.24,-30.156,-74.846
-199.02,42.918,-39.958
-81.068,-5.0666,-63.914
-371.86,211.86,100.95
-286.18,145.62,30.85
-355.97,190.98,83.233
-247.73,72.285,11.4
-180.28,45.746,-0.38815
-214.36,104.59,-7.841
-206.5,50.738,-35.976
-339.91,202.1,88.645
-314.92,138.51,46.478
-310.12,181.45,69.469
-282.35,126.9,20.135
-211.32,97.16,-17.515
-344.86,168.1,71.078
-239.04,94.468,45.102
-99.767,-30.178,-69.826
-166.22,12.131,-54.216
-370.73,218.44,105.43
-223.19,61.406,-22.771
-146.82,42.454,-19.492
-150.74,60.93,-31.364
-227.35,59.584,-14.564
-218.84,90.895,32.912
-284.75,160.26,80.333
-332.36,204.45,113.03
-329.45,184.95,123.72
-257.79,142.94,50.567
-335.95,202.74,124.57
-336.41,202.69,91
-299.9,119.17,71.603
-105.39,-27.8,-101.62
-360.27,164.81,113.12
-334.16,193.05,127.31
-196.52,60.718,-44.564
-101.16,-36.59,-88.187
-169.6,23.898,-62.009
-389.11,252.56,152.36
-398.91,198.05,127.79
-314.91,150.39,46.105
-329.12,137.83,81.856
-274.15,156.33,50.864
-207.47,98.29,19.549
-154.98,46.706,-13.589
-260.91,102.36,2.2897
-361.52,177.22,86.33
-244.16,76.89,-6.762
-232.29,118.94,37.275
-94.933,-11.779,-112.95
-150.25,11.882,-29.859
-357.66,226.39,131.1
-163.51,33.601,-11.992
-405.95,201.99,146.92
-182.86,83.255,-25.221
-255.54,83.012,4.3745
-396.78,198.01,123.15
-298.87,169.83,55.988
-257.37,125.36,63.059
-404.57,250.31,138.38
-297.81,162.05,95.954
-304.96,152.5,100.6
-233.1,75.905,-18.33
-342.92,152.44,103.79
-235.77,114.23,44.853
-257.12,92.674,47.616
-319.96,170.14,114.9
-114.38,-19.847,-96.927
-160.38,10.601,-34.682
-284.51,159.5,46.286
-101.55,-7.1128,-108.61
-117.72,22.91,-87.668
-167.89,36.569,-65.029
-81.905,-27.577,-67.844
-384.08,206.17,105.7
-195.36,62.17,12.823
-119.05,-2.547,-44.288
-157.93,48.894,-11.532
-261.2,146.54,45.046
-244.81,78.209,-6.8348
-344.94,150.64,87.835
-152.4,60.984,-26.522
-366.67,181.88,139
-297.74,128.2,83.272
-262.91,88.746,10.061
-113.58,12.214,-41.745
-329.93,193.84,80.071
-241.73,81.35,36.459
-222.35,109.46,-4.0291
-333.09,149.16,63.592
-93.091,17.309,-86.205
-185.59,45.305,0.68767
-383.74,212.38,166.83
-216.93,95.364,31.315
-90.324,13.957,-91.296
-137.83,-2.4064,-44.3
-190.06,88.149,2.6616
-300.25,170.09,95.718
-318.12,137.39,91.948
-193.71,74.557,14.186
-269.6,90.245,22.311
-361,207.67,94.765
-106.74,-24.969,-102.3
-355.74,161.32,110.16
-389.88,217.74,172.34
-212.66,60.429,16.039
-244.38,132.75,37.928
-334.83,204.21,95.415
-325.99,136.47,65.491
-325.9,150.7,55.015
-181.95,25.117,-46.323
-292.16,151.24,36.32
-182.91,41.531,-2.4888
-262.03,142.91,60.475
-109.85,0.1179,-102.77
-370.38,180.7,136.88
-190.52,50.145,4.9748
-268.1,94.947,48.086
-158.09,31.444,-14.842
-328.25,181.65,67.302
-385.52,232.16,173.15
-177.39,26.776,-54.986
-94.655,-34.929,-74.722
-200.92,39.604,-33.651
-88.18,8.9059,-98.817
-291.78,134.46,86.321
-278.27,96.549,31.685
-258.64,136.39,21.76
-400.06,200.74,154.54
-256.66,92.398,-0.081357
-100.94,-29.013,-106.25
-229.67,75.47,-21.23
-238.45,97.691,46.127
-263.3,105.07,59.087
-121.75,10.396,-37.535
-237.49,127.75,27.355
-328.78,171.9,121.01
-254.77,77.813,18.776
-343.96,211.05,101.52
-276.57,140.57,78.658
-253.01,76.795,20.686
-273.51,154.49,45.607
-332.39,149.03,62.742
-161,32.291,-13.454
-201.42,77.235,19.806
-133.27,-5.8191,-47.483
-244.35,122.48,7.1557
-101.74,17.583,-91.434
-176.56,61.434,1.7485
-176.45,66.104,1.0435
-376,236.51,159.89
-295.36,154.87,39.759
-400.53,197.66,134.51
-385.98,249.47,147.23
-319.42,179.71,64.633
-382.29,222.47,169.71
-298,140.37,91.962
-292.3,107.59,43.901
-127.37,-17.294,-76.442
-248.03,73.223,18.522
-315.51,176.09,60.897
-74.849,-29.901,-71.117
-376.14,184.52,101.37
-310.34,186.7,86.713
-304.5,174.16,99.002
-233.45,114.58,-0.47394
-247.95,131.7,49.154
-122.31,0.78914,-95.962
-231.63,74.774,-19.421
-332.63,200.45,89.382
-307.33,147.27,40.501
-304.86,146.55,98.028
-307.18,123.34,46.044
-338.6,197.96,130.89
-285.24,154.81,84.458
-206.33,56.057,-37.956
-342.67,156.35,111.01
-184.15,86.454,-11.074
-388.66,187.39,125.78
-405.06,214.2,124.62
-261.9,128.2,66.723
-177.27,41.08,-3.9143
-221.77,57.936,11.203
-190.18,65.214,-45.669
-329.07,163.21,58.297
-111.8,32.799,-65.11
-234.91,116.89,2.1499
-291.02,113.7,29.687
-331.73,200.79,119.09
-171.76,19.99,-25.062
-136.13,33.999,-77.301
-300.08,171.58,94.439
-387.2,237.53,174.14
-274.19,97.843,49.6
-96.149,18.557,-86.601
-232.77,117.9,4.4538
-226.31,84.268,35.198
-318.34,130.23,77.978
-397.86,197.94,150.44
-147.5,26.931,-77.772
-211.03,107.06,8.5081
-236.12,119.78,5.8594
-379.95,220.76,167.69
-172.59,71.004,-41.255
-386.66,237.3,173.61
-159.33,57.814,-12.78
-357.06,170.42,83.574
-142.89,4.7623,-36.648
-114.24,16.495,-41.407
-199.5,74.689,-37.677
-262.63,94.371,48.938
-306.68,171.11,103.11
-109.18,-16.427,-55.915
-249.26,99.25,51.416
-398.9,199.06,151.95
-133.34,46.779,-58.846
-345.99,186.06,135.99
-317.95,131.01,56.554
-143.94,1.0273,-76.753
-168.4,12.765,-40.104
-258.9,141.51,56.466
-182.05,25.214,-22.725
-151.54,20.91,-22.492
-395.08,193.11,139.41
-105.64,9.8757,-47.139
-220.65,52.101,-13.824
-114.2,26.677,-45.037
-387.99,238.48,125.99
-143.2,47.46,-24.932
-173.24,18.231,-51.509
-371.25,202.55,96.181
-348,153.59,98.468
-214.35,84.223,29.091
-340.2,200.54,86.568
-341.63,208.53,128.51
-313,179.86,107.15
-357.45,205.26,148.3
-299.69,151.08,38.377
-354.46,175.72,132.44
-267.32,149.45,40.398
-265.66,132.9,69.679
-276.85,147.81,32.311
-296.07,134.64,87.937
-264.73,148.59,42.527
-188.61,29.724,-19.06
-283.25,121.68,75.61
-349.78,170.67,127.27
-267.65,88.473,21.743
-257.09,83.045,7.063
-163.36,9.0996,-52.868
-335.76,143.88,75.594
-219.08,50.374,-11.864
-247.8,128.11,13.66
-93.546,-36.08,-75.986
-133.58,-12.913,-71.433
-288.67,105.77,36.099
-174.99,31.035,-59.505
-127.41,16.397,-33.236
-289.59,147.73,33.162
-349.48,193.98,140.56
-109.34,21.061,-88.912
-202.62,41.387,-33.211
-235.94,65.128,-6.3014
-153.09,13.349,-28.546
-129.26,36.882,-73.984
-193.64,89.383,7.4253
-112.11,-27.948,-76.025
-282.8,103.17,53.331
-202.91,96.616,-14.824
-378.98,180.11,127.97
-203.69,93.675,18.052
-204.78,100.66,11.174
-310.82,147.97,42.877
-202.58,100.53,-0.55911
-143.06,46.864,-24.718
-176.91,40.666,-4.2579
-340.34,209.96,103.24
-406.21,233.57,127.63
-122.5,-17.612,-61.267
-133.38,-5.171,-84.96
-342.14,151.33,76.422
-262.57,120.06,7.8815
-315.75,188.11,78.455
-308.7,179.88,67.544
-409.04,205.7,138.84
-79.67,3.9776,-70.108
-199.18,86.032,-28.556
-325.02,137.52,88.293
-140.77,0.90321,-40.788
-282.58,99.774,36.757
-354.7,181.88,79.93
-175.11,68.152,-0.88852
-192.07,92.434,-4.6852
-321.45,194.31,87.326
-275.98,154.55,71.423
-151.41,57.175,-22.365
-385.86,186.12,134.83
-260.63,145.97,49.116
-103.33,12.043,-49.319
-316.13,172.43,112.14
-125.78,26.952,-83.849
-141.6,-6.9002,-58.387
-258.78,106.37,-7.2877
-179.46,47.439,-24.065
-321.53,167.2,40.355
-76.54,23.714,-102.95
-148.71,76.884,-50.753
-382.94,234.75,158.04
-369.21,237.63,147.91
-341.16,166.3,86.738
-129.57,46.054,-92.966
-165.73,29.613,-46.343
-357.98,187.62,74.052
-97.112,39.084,-85.393
-225.84,135.57,10.061
-70.456,-10.703,-83.1
-109.66,-9.0973,-79.243
-119.62,42.962,-50.166
-294.32,138.29,65.271
-254.01,144.2,0.48653
-301.92,145.38,72.574
-346.79,225.39,126.07
-130.37,52.617,-43.589
-394,254.76,114.86
-330.36,205.73,113.53
-377.47,222.25,149.46
-282.96,144.45,9.7357
-99.409,3.3399,-122.16
-195.12,52.617,-23.157
-114.44,24.835,-52.944
-196.73,55.505,-50.35
-92.188,-21.755,-90.81
-400.78,218.15,143.61
-131.77,23.463,-47.035
-297.45,179.29,35.809
-108.78,29.543,-56.258
-242.1,147.64,26.859
-182.06,41.346,-55.81
-219.43,111.44,22.496
-330.26,192.47,52.892
-266.26,166.45,47.791
-285.93,153.87,73.744
-242.83,93.299,-19.037
-151.02,49.348,-28.588
-288.86,178.06,75.157
-407.94,232.3,116.94
-364.6,246.47,136.26
-134.44,64.786,-50.358
-219.67,71.371,-5.0657
-188.93,49.67,-55.82
-384.7,265.9,136.88
-193.69,48.172,-40.455
-243.75,108.58,34.125
-258.47,134.43,-5.972
-106.18,42.272,-92.21
-133.24,3.5737,-79.946
-271.18,170.67,35.96
-271.66,171.19,51.112
-229.22,77.092,-22.509
-149.15,15.566,-73.314
-258.42,134.51,-5.948
-278.34,115.66,14.63
-146,54.419,-84.509
-263.54,120.61,-6.591
-104.12,37.887,-64.272
-329.91,170.64,47.729
-82.485,26.769,-103.8
-314.01,169.61,35.197
-224.44,133.36,14.221
-278.76,170.56,66.166
-199.5,98.196,-44.178
-379.12,226.9,92.623
-253.44,93.803,6.0328
-150.4,64.7,-75.89
-257.67,131.19,-7.8605
-110.41,0.83701,-114.11
-284.3,122.28,45.384
-213.99,87.04,-43.736
-169.88,44.923,-25.962
-360.9,219.57,80.443
-105.57,-5.0712,-116.45
-123.88,45.987,-47.246
-336.4,162.42,82.902
-364.94,214.17,79.843
-207.21,63.784,-43.32
-267.23,117.55,-2.7751
-211.34,123.98,-8.1287
-200.02,101.25,7.2184
-95.411,3.3174,-68.045
-138.41,12.379,-59.042
-136.72,43.068,-37.521
-96.337,3.9592,-123.74
-190.45,59.891,-60.005
-243.14,94.036,-19.133
-139.99,29.655,-95.355
-147.87,45.56,-88.247
-355.21,222.94,135.72
-261.25,100.61,17.654
-323.02,197.47,107.36
-115.67,8.9232,-111.45
-372.51,254.03,141.7
-269.49,158.67,15.11
-399.2,244.67,110.68
-75.566,9.6047,-79.186
-194.39,88.977,-51.721
-188.29,103.26,-8.8026
-382.43,218.39,93.272
-249.83,154.15,21.479
-417.74,236.62,127.53
-348.28,207.03,127.95
-339.55,193.05,57.707
-380.98,235.58,157.12
-94.188,-17.163,-84.54
-112.63,28.43,-107.95
-401.71,216.21,136.18
-349.85,225.15,129.96
-275.17,112.78,12.889
-143.98,21.774,-90.39
-235.87,100.64,26.812
-373.19,201.76,130.68
-383.86,265.25,146.87
-381.24,219.37,92.326
-277.12,172.34,61.891
-215.09,106.84,19.19
-176.99,95.395,-18.187
-295.92,151.93,77.19
-382.61,210.69,94.659
-233.29,141.05,18.402
-112.16,43.293,-93.995
-331.43,180.53,107.06
-208.17,86.684,-47.235
-201.26,79.456,4.1815
-181.08,85.608,-6.4642
-301.23,196.29,67.453
-83.468,28.206,-86.41
-231.69,134.34,-6.9595
-307.91,200.72,66.641
-163.46,78.827,-21.473
-201.14,116.32,-14.31
-338.7,189.01,114.94
-312.84,160.77,33.066
-137.43,21.122,-48.128
-291.14,177.08,33.873
-127.7,19.968,-103.59
-146.33,64.18,-32.51
-96.924,-21.607,-95.646
-341.1,226.98,90.98
-404.03,225.96,114.86
-220.75,68.536,-19.483
-93.706,28.882,-70.088
-391.86,207.22,118.64
-306.96,149.39,76.678
-235.69,135.15,-7.3934
-331.03,189.96,111.88
-78.886,25.425,-101.33
-400.69,229.31,109.74
-413.17,235.37,122.08
-283.86,128.44,11.173
-190.29,57.403,-14.299
-414.43,227.54,132.64
-256.01,156.61,42.795
-394.08,222.59,152.96
-249.07,94.458,-10.857
-209.78,97.481,14.616
-96.738,25.304,-112.17
-122.17,54.106,-81.11
-201.97,105.4,-37.31
-231.25,76.914,-7.0771
-319.18,201.34,102.24
-400.73,219.33,115.03
-385,209.87,138.59
-216.96,70.587,-35.691
-285.97,178.8,70.16
-321.9,160.37,87.847
-278.9,176.99,57.38
-309.76,160.77,30.649
-328.6,154.18,64.055
-205.43,97.29,-43.772
-234.94,91.075,-26.996
-132.94,3.5208,-82.739
-377.69,212.4,89.137
-101.57,-1.0727,-120.81
-282.83,151.5,71.228
-137.63,61.262,-77.752
-348.32,214.33,129.52
-205.17,91.38,-47.015
-103.76,-15.424,-109.42
-372.54,209.47,84.553
-204.47,95.223,-45.278
-210.44,74.704,2.3913
-206.7,113.8,-27.701
-342.44,167.05,69.265
-279.28,174.92,36.062
-247.74,97.337,-15.474
-130.5,24.061,-101.67
-89.455,22.082,-70.829
-223.36,73.27,-28.067
-117.94,52.841,-79.253
-189,45.85,-33.248
-324.49,197.4,108.7
-142.84,10.59,-74.138
-109.74,-1.1593,-114.05
-202.23,58.407,-17.162
-233.02,91.506,18.725
-78.135,12.05,-77.663
-420.34,233.37,135.93
-381.38,200.98,124.54
-343.42,223.71,122.43
-217.68,123.28,16.336
-287.64,144.53,12.76
-97.754,23.628,-63.944
-303.22,197.97,69.853
-276.88,165.83,66.404
-101.33,-14.36,-114.96
-326.09,161.32,46.456
-316.27,208.84,81.412
-369.59,190.3,91.752
-214.26,124.24,9.0805
-148.18,15.378,-62.545
-270.23,142.29,2.5474
-350.01,225.93,84.41
-138.88,12.402,-89.464
-181.9,94.65,-9.5174
-302.65,169.38,88.398
-302.28,134.92,55.718
-286.83,169.66,76.005
-332.28,222.2,98.393
-226.29,85.112,-33.67
-326.34,175.72,44.762
-395.55,230.08,160.22
-111.85,49.819,-73.03
-207.96,59.045,-24.837
-236.12,81.543,-15.312
-155.61,44.424,-84.567
-223.16,107.86,-32.442
-216.59,123.35,-17.154
-220.28,112.64,23.125
-254.47,119.66,-13.151
-137.31,12.618,-91.919
-266.64,147.08,4.2972
-206.14,72.837,-49.148
-135.98,67.528,-58.553
-99.714,-9.3796,-76.335
-399.28,225.99,108.97
-387.51,209.22,102.32
-213.92,65.87,-11.816
-93.68,22.981,-67.229
-153.93,19.008,-61.572
-154.02,47.419,-27.919
-387.49,217.17,147.29
-101.87,-14.45,-114.06
-72.939,19.781,-91.269
-317.08,165.22,36.646
-286.16,141.24,67.232
-366.8,186.05,99.731
-176.25,75.803,-64.298
-173.97,33.719,-48.171
-154.11,78.206,-34.428
-400.66,220.32,113.93
-136.48,45.281,-37.426
-135.09,7.823,-65.474
-199.01,67.478,-4.6056
-373.54,208.45,138.06
-149.74,24.313,-46.008
-162.53,69.38,-71.216
-290.69,187.59,62.157
-240.71,146.72,13.183
-175.47,55.132,-71.212
-336.96,223.99,110.45
-219.57,82.052,-39.214
-266.3,160.61,55.776
-299.21,191.92,78.479
-379.37,220.39,91.007
-188.18,85.571,-0.89622
-220.6,105.73,22.786
-135.12,64.616,-48.44
-215.26,93.041,-41.828
-344.5,172.25,65.473
-227.8,81.368,-30.003
-282.45,157.21,15.239
-160.97,24.364,-55.687
-194.83,86.423,3.5632
-264.17,146.1,57.701
-207.06,99.456,-41.99
-138.83,67.895,-47.035
-371.13,245.87,147.59
-286.22,142.49,68.118
-376.45,259.29,131.93
-183.92,103.3,-25.3
-148.07,66.034,-31.566
-272.83,109.64,14.85
-374.9,251.3,112.53
-169.83,60.193,-73.719
-264.4,145.24,57.845
-79.551,23.807,-107.97
-361.17,228.25,86.881
-362.01,240.75,101.67
-152.59,34.469,-35.919
-81.907,22.684,-79.977
-334.68,160.3,63.452
-354.45,211.08,133
-118.96,46.269,-92.127
-190.62,68.328,-60.576
-210.31,61.024,-31.278
-171.81,41.747,-71.272
-270.62,111.79,35.29
-281.09,178.64,59.619
-334.08,219.56,81.348
-361.99,198.39,127.56
-203.66,114.16,-25.392
-87.314,25.49,-75.332
-95.685,-13.517,-80.348
-144.53,50.425,-87.273
-357.41,229.86,88.256
-258.93,127.59,49.967
-352.01,227.59,86.141
-109.41,-13.622,-97.791
-135.1,63.28,-72.979
-160.3,48.554,-81.277
-144.24,71.087,-41.649
-186.55,105.32,-22.636
-318.13,181.15,41.847
-161.47,38.651,-31.835
-246.84,90.265,-8.3411
-237.34,114.78,-23.711
-368.95,229.67,147.47
-105.47,21.764,-58.456
-387.38,230.18,98.745
-328.67,160.27,85.623
-333.9,166.27,53.978
-330.68,214.91,74.989
-385.96,265.81,133.45
-131.77,2.5319,-79.457
-202.02,117.16,-11.601
-352.56,194.13,122.51
-284.89,157.96,16.449
-360.43,181.24,98.841
-351.42,235.53,99.723
-238.93,141.03,0.40262
-117.98,46.341,-53.626
-134.89,65.578,-66.682
-205.27,105.04,11.209
-115.66,40.179,-52.885
-177.23,63.041,-69.264
-382.46,254.67,114.82
-170.98,91.291,-44.83
-365.53,238.48,97.45
-213.9,99.46,17.471
-316.66,185.65,43.987
-149.15,76.352,-55.927
-225.15,82.928,10.099
-375.56,202.53,131.13
-111.54,-7.4604,-77.496
-369.29,190.1,111.96
-298.34,193.6,71.083
-306.22,185.08,41.749
-235.06,87.155,13.162
-310.78,156.55,31.45
-315.91,182.15,100.27
-157.16,65.744,-74.659
-137.93,27.011,-74.353
-105.04,20.34,-76.52
-235.76,127.21,21.209
-375.34,252.82,85.047
-231.33,119.43,-41.607
-316.51,188.69,26.484
-408.07,247.15,107.43
-66.741,33.337,-121.67
-392.09,225.26,116.79
-360.02,259.82,121.5
-186.48,94.681,-14.078
-136.33,82.274,-80.732
-302.4,210.89,71.78
-227.17,123.29,15.627
-124.49,16.474,-85.113
-320.84,224.95,57.666
-278.84,156.01,52.739
-179.75,115.64,-29.587
-114.84,41.587,-63.943
-365.31,266.09,106.2
-196.33,71.762,-30.919
-193.57,93.337,-11.183
-80.368,39.152,-92.902
-268.42,150.09,45.647
-302.15,155.03,18.561
-122.28,43.031,-116.87
-329.54,191.82,91.487
-390.62,223.42,111.5
-390.7,225.98,98.344
-155.98,97.99,-63.769
-301.38,199.25,77.525
-189.04,119.93,-47.339
-103.13,0.20335,-119.22
-153.98,75.159,-36.472
-397.93,241.33,143.71
-236.91,152.36,-18.504
-143.63,58.626,-45.505
-230.6,93.149,-24.344
-289.27,143.38,9.5223
-242.8,131.08,-32.269
-302.97,154.07,48.938
-230.71,113.78,-42.625
-209.39,128.85,-42.009
-392.23,275.43,107.25
-249.59,127.13,-28.317
-130.98,37.832,-60.072
-338.48,182.44,52.099
-216.23,130.29,8.6122
-270.28,183.5,15.242
-336.27,185.61,84.363
-186.24,108.82,-14.287
-102.66,58.414,-101.38
-328.11,211.22,100.56
-191.82,115.24,-55.137
-189.04,88.071,-15.335
-304.12,206.64,36.259
-338.11,233.35,108.6
-155.67,54.297,-95.725
-251.66,165.13,33.639
-262.42,141.05,38.34
-256.99,114.35,-8.8701
-357.7,199.41,95.713
-333.94,214.59,46.428
-310.48,156.95,45.309
-249.06,156.71,34.157
-339.3,244.19,83.328
-388.48,248.64,89.125
-388.69,224.73,95.844
-193.94,95.596,-10.101
-122.64,54.454,-111.32
-129.02,64.579,-102.84
-412.65,241.89,127.56
-328.69,211.93,101.11
-143.64,57.584,-45.871
-139.57,80.799,-51.293
-109.88,49.567,-116.58
-104.16,6.2537,-125.81
-327.49,172.78,66.186
-192.62,94.594,-68.734
-214.53,103.66,-54.467
-273.03,187.45,21.197
-69.973,36.353,-112.88
-183.27,72.597,-26.997
-307.53,190.72,81.862
-253.82,112.16,2.3126
-271.28,187.95,25.537
-143.37,89.604,-68.26
-100.66,58.097,-87.906
-224.62,101.63,-46.176
-121.93,21.492,-115.68
-217.39,85.098,-42.294
-303.14,193.62,79.359
-85.425,45.001,-115.26
-167.46,53.5,-84.18
-168.84,94.885,-74.677
-157.52,100.19,-57.866
-262.94,135.18,33.982
-231.9,129.81,-37.808
-216.86,82.654,-34.974
-366.29,205.92,101.66
-178.41,54.298,-54.366
-144.96,87.362,-77.659
-328.97,236.68,83.357
-372.59,239.74,76.615
-374.95,218.05,118.23
-98.165,9.4561,-85.605
-194.99,66.131,-46.543
-162.03,74.42,-32.051
-230.45,138.21,-32.826
-195.49,128.63,-31.991
-245.79,125.77,23.765
-177.29,71.696,-28.351
-195.43,120.48,-49.468
-326.28,180.51,35.002
-228.22,94.844,-36.783
-313.38,170.62,69.965
-254.6,151.72,38.805
-184.28,97.228,-14.947
-315.82,207.85,36.978
-356.65,219.46,118.87
-201.05,100.3,-5.1456
-110.4,35.32,-67.711
-142.58,72.873,-95.052
-169.96,67.465,-32.637
-320.29,171.95,31.855
-266.14,167.99,-3.605
-222.79,147.96,4.6804
-174.11,112.91,-42.521
-252.48,122.87,-25.073
-320.64,197.29,31.781
-358.56,245.51,75.986
-218.17,145.11,-0.49168
-95.147,-5.957,-123.55
-364.13,263.75,124.39
-99.528,55.631,-83.958
-342.58,232.48,62.337
-166.35,104.57,-59.805
-346.34,233.72,63.81
-85.953,24.525,-82.649
-343.86,240.1,71.11
-281.68,152.48,51.013
-175.49,71.725,-82.323
-234.93,119.23,-39.326
-123.77,48.139,-57.908
-203.68,117.2,-0.46478
-183.06,100.21,-69.029
-409.06,241.81,114
-271.66,164.1,52.398
-220.87,142.3,8.3012
-123.06,68.367,-97.58
-104.83,45.417,-120.34
-126.1,41.374,-115.38
-200.91,114.82,-2.5299
-213.14,79.78,-36.866
-214.1,86.231,-49.637
-223.23,90.543,-39.764
-342.74,194.12,94.197
-150.38,44.09,-97.567
-289.61,181.54,67.756
-86.751,-3.9017,-98.449
-404.22,241.63,105.48
-352.56,250.92,118.05
-216.51,129.99,-41.141
-245.59,104.86,-14.338
-253.26,159.91,37.552
-162.85,45.457,-82.552
-337.63,237.86,70.253
-257.68,155.12,-15.019
-343.92,221.86,54.472
-86.858,5.5284,-89.696
-203.9,134.27,-29.085
-354.65,216.68,116.36
-342.29,238.34,69.133
-377.27,234.57,135.49
-378.43,214.27,90.508
-176.46,69.279,-30.322
-354.5,231.3,123.29
-278.8,187.8,17.791
-370.35,216.49,117.39
-356.6,211.83,112.85
-116.94,68.999,-73.698
-63.313,26.766,-104.16
-148.17,31.471,-79.06
-328.91,208.99,41.252
-192.49,106.87,-8.7396
-253.61,113.59,7.0236
-89.06,36.368,-128.73
-148.3,81.454,-41.788
-316.3,177.49,77.139
-112.87,15.291,-121.9
-316.22,199.01,30.689
-359.24,240.4,71.693
-194.83,72.066,-29.56
-378.49,270.07,142.96
-216.9,137.93,-32.191
-255.7,118.51,-18.698
-344.7,247.88,106.26
-132.74,47.36,-110.72
-287.53,173.67,5.7761
-124.03,14.053,-93.339
-308.44,217.91,73.425
-359.77,262.49,107.15
-242.15,114.99,14.054
-145.24,31.129,-91.913
-331.02,222.64,52.093
-255.16,162.97,-8.709
-375.86,230.33,131.85
-219.94,103.91,-50.6
-92.269,28.09,-78.557
-110.39,59.326,-71.164
-310.62,221.32,66.15
-383.66,221.52,119.13
-252.54,171.77,27.613
-248.42,128.66,-29.159
-408.76,255.12,105.94
-143.7,89.808,-59.262
-292.53,143.42,16.525
-124.7,59.974,-106.98
-251.33,159.48,-12.2
-169.15,47.315,-71.412
-165.34,105.8,-43.374
-148.59,54.715,-45.543
-192.11,104.98,-9.0646
-128.94,39.457,-113.91
-385.8,267.45,99.056
-297.3,210.22,56.742
-202.23,128.86,-39.697
-95.827,20.331,-135.32
-93.896,49.06,-83.996
-393.61,236.16,138.01
-205.03,122.86,-0.19612
-133.66,21.309,-95.436
-157.31,98.614,-64.004
-315.86,187.23,25.704
-372.19,243.33,78.068
-290.08,140.26,27.607
-350.67,190.37,80.21
-93.853,-7.9868,-114.86
-133.1,64.454,-50.961
-274.44,131.16,-1.7574
-305.82,212.06,76.678
-184.48,70.012,-29.539
-140.22,62.369,-102.33
-115.13,48.456,-116.69
-189.71,69.62,-68.495
-69.094,35.701,-115.03
-392.63,226.14,103.32
-312.24,172.62,22.166
-84.339,22.084,-83.856
-105.92,7.6861,-88.774
-180.48,59.145,-43.56
-196.73,114.11,-56.38
-109.92,4.0966,-100.95
-210.04,139.27,-8.0171
-191.65,69.585,-65.916
-340.07,242.42,77.246
-115,67.859,-75.76
-190.44,67.736,-65.827
-201.01,81.26,-19.014
-204.03,132.44,-8.1531
-114.87,66.834,-73.649
-343.1,207.54,106.6
-239.05,102.89,-28.247
-208.99,130.97,0.66199
-133.46,59.779,-105.63
-173.65,69.261,-83.563
-297.29,167.81,65.943
-361.16,199.29,89.952
-124.55,75.943,-79.576
-381.29,279.53,136.67
-123.3,13.554,-93.575
-103.75,60.869,-91.553
-79.444,33.385,-89.46
-221.01,145.27,5.3749
-208.36,138.96,-19.489
-261.29,145.8,-17.914
-332.76,219.32,49.386
-91.11,49.83,-109.63
-146.72,32.583,-91.683
-352.21,210.27,110.87
-178.64,56.074,-48.711
-193.98,71.476,-64.41
-220.06,116.58,-48.416
-404.61,269.97,106.34
-92.796,33.068,-130.99
-146.78,30.441,-83.308
-340.96,245.83,100.13
-307.3,158.71,54.757
-237.14,154.45,21.489
-286.61,152.5,51.575
-313.3,187.15,83.374
-342.92,247.56,101.6
-309.86,164.43,22.495
-150.24,33.24,-83.367
-112.71,30.929,-68.555
-241.33,120.69,19.128
-131.65,77.081,-87.702
-311.68,158.48,48.76
-275.61,146.57,45.233
-374.13,230.26,75.341
-298.55,162.35,10.716
-271.06,148.87,-11.271
-318.25,205.32,92.331
-170.71,60.81,-84.41
-304.63,167.89,67.239
-328.66,184.22,84.142
-199.27,131.45,-29.591
-265.43,121.9,13.429
-298.85,181.83,73.903
-133.61,36.101,-61.148
-79.818,-0.65579,-95.147
-383.31,248.82,146.26
-377.62,273.82,109.84
-257.93,123.73,22.063
-334.94,189.2,41.886
-316.07,222,84.024
-294.45,206.18,61.659
-194.48,66.208,-43.519
-370.08,223.69,125.21
-175.44,81.32,-23.598
-325.86,231.33,66.807
-82.243,12.202,-87.37
-261.78,180.24,17.566
-277.51,134.55,-0.51001
-189.71,80.728,-19.698
-202.43,72.01,-47.619
-259.31,145.56,39.644
-349.26,188.87,68.318
-135.2,46.849,-53.63
-132.49,47.287,-54.334
-382.24,236.64,82.461
-174.66,55.62,-46.096
-67.008,33.168,-108.38
-243.02,131.63,-31.995
-196.32,129.55,-22.025
-252.47,110.09,-6.5828
-371.72,252.43,83.888
-225.92,113.18,-45.98
-108.59,63.198,-95.905
-213.44,81.505,-43.847
-212.83,139.51,-1.8327
-195.69,101.68,-7.3288
-375.79,218.82,119.06
-111.26,50.12,-116.03
-302.4,207.99,38.918
-135.2,42.966,-55.842
-95.015,27.427,-77.157
-316.76,188.32,26.551
-313.25,180.69,79.295
-375.85,271.6,106.78
-241.8,154.44,-16.897
-259.55,135.77,33.953
-159.91,86.991,-82.035
-357.46,229.12,124.33
-264.91,179.15,10.812
-73.68,25.032,-91.593
-361.8,201.46,95.99
-113.06,12.739,-84.213
-186.05,-0.031844,64.323
-127.23,-42.256,-29.557
-172.4,-43.828,-4.0888
-235.13,53.668,92.214
-351.95,150.46,190.23
-105.46,-94.061,-12.431
-227.41,48.3,64.178
-346.59,147.08,152.45
-193.18,18.233,64.087
-287.12,96.748,108.69
-320.9,112.32,117.07
-188.46,-26.932,5.2205
-319.4,82.206,156.91
-345.5,93.813,126.03
-114.12,-49.474,-37.027
-339.23,84.91,123.18
-360.17,100.77,168.14
-225.46,0.11996,31.826
-358.33,110.65,134.72
-373.74,109.89,165.38
-120.19,-32.921,-17.098
-162.36,-33.86,44.131
-276.98,91.045,114.25
-203.18,27.373,69.794
-180.88,-47.493,19.289
-273.7,26.074,76.195
-128.06,-40.622,-28.166
-248.72,13.627,92.871
-332.41,114.88,120.61
-327.19,96.384,167.92
-330.97,116.49,121.4
-379.87,123.25,192.57
-255.5,25.188,53.716
-326,67.692,122.73
-303.36,64.999,141.42
-215.03,-2.2296,23.639
-289.7,39.722,87.479
-315.37,77.23,99.595
-352.05,126.42,133.31
-233.34,17.435,37.545
-173.84,-17.095,-1.9724
-309.94,64.863,140.81
-131.3,-31.33,-19.065
-205.02,31.207,67.038
-255.31,33.529,110.27
-286.09,77.353,140.09
-417.76,187.16,188.16
-194.12,-10.783,66.642
-77.878,-84.305,-11.558
-239.29,11.856,91.744
-381.03,130.08,153.68
-368.88,146.68,149.91
-192.37,-37.918,36.089
-162.25,-44.794,37.182
-385.24,160.76,220.43
-386.8,174.24,173.57
-100.92,-88.307,-5.4933
-202.22,-31.917,33.734
-85.374,-55.733,-16.962
-386.5,138.2,157.7
-302.34,68.275,89.371
-368.6,115.72,144.42
-243.75,6.7526,85.232
-176.82,-5.1591,57.479
-232.55,31.819,43.118
-210.94,-25.2,37.16
-357.66,131.5,137.94
-320.65,63.406,116.97
-328.03,111.78,117.56
-294.1,48.247,86.067
-229.33,21.498,36.702
-352.66,93.247,138.47
-236.54,44.225,100.95
-93.068,-84.014,-4.4635
-164.57,-56.849,20.018
-387.05,146.19,158.42
-226.54,-13.661,50.95
-151.02,-9.5518,29.01
-165,-1.1305,13.805
-227.35,-12.028,60.153
-220.48,39.926,83.826
-294.39,105.71,124.01
-345.77,147.54,154.01
-332.54,137.44,169.05
-271.31,82.757,94.807
-345.26,151.08,165.68
-354.23,134.01,138.2
-293.19,63.592,138.8
-107.1,-99.408,-29.251
-354.08,108.03,180.84
-339.05,144.84,170.89
-208.44,-18.865,22.103
-96.373,-98.923,-16.586
-174.31,-51.814,10.514
-405.05,193.79,191.79
-397.75,133.82,196.4
-325.57,73.08,112.13
-323.78,77.298,152.33
-291.02,90.121,96.776
-216.94,42.037,65.24
-158.39,-4.9892,35.662
-269.88,23.991,71.751
-367.08,104.54,154.53
-247.14,2.2683,67.006
-242.58,62.201,82.351
-107.34,-89.329,-49.072
-144.24,-40.975,33.543
-372.25,168.84,171.11
-160.14,-17.096,45.537
-400.64,145.06,213.61
-200.69,12.847,23.771
-256.77,10.254,78.609
-397.05,131.96,191.7
-316.89,98.024,106.17
-260.59,74.553,111.64
-421.27,181.2,187.58
-302.57,111.97,141.67
-303.77,104.68,152.13
-240,-1.7459,53.223
-336.23,97.19,170.62
-241.77,61.282,91.85
-251.02,39.698,111.25
-320.45,122.96,163.46
-117.02,-92.58,-24.658
-153.83,-46.88,34.278
-302.57,87.984,96.112
-113.93,-84.841,-44.503
-134.97,-53.212,-31.927
-178.74,-42.409,2.4774
-77.954,-76.601,-11.274
-393.7,132.96,168.89
-193.35,11.545,68.408
-114.69,-52.794,14.116
-161.34,-2.8381,37.755
-277.17,82.151,90.302
-248.26,3.1716,66.715
-341.34,87.178,158.98
-165.25,0.95815,18.474
-360.03,133.72,198.36
-291.98,77.486,144.08
-264.1,16.127,84.187
-115.25,-37.956,8.3078
-347.74,122.7,129.85
-235.77,28.338,99.946
-240.56,35.877,47.743
-336.54,76.549,134.61
-110.72,-51.258,-38.863
-181.02,-6.2472,60.75
-380.29,169.01,216.81
-221.04,43.284,80.012
-108.23,-55.948,-42.94
-131.22,-57.156,21.89
-201.86,29.252,47.909
-308.05,117.94,139.43
-311.38,84.633,156.24
-196.59,22.909,64.12
-267.45,21.953,96.513
-376.86,134.19,149.67
-109.6,-97.721,-30.331
-349.45,104.72,177.84
-386.45,174.77,221.88
-206.99,7.6,78.943
-258.63,71.117,82.67
-352.33,137.88,140.6
-324.67,68.661,138.05
-333.06,75.218,123.94
-181.63,-45.837,28.145
-308.47,74.276,94.235
-177.94,-10.342,58.448
-272.48,86.716,104.76
-122.66,-77.871,-38.976
-363.34,130.8,198.6
-186.22,-1.2424,64.499
-261.45,39.207,115.36
-155.23,-19.032,41.746
-344.57,106.55,123.26
-388.28,188.2,215.23
-180.52,-47.74,18.461
-87.904,-89.208,-8.8243
-200.92,-31.941,40.993
-106.22,-63.422,-48.114
-288.52,85.64,141.72
-275.22,29.845,105.46
-276.76,62.594,73.896
-393.02,149.26,217.92
-262.7,15.534,71.82
-103.88,-101.69,-34.468
-237.55,-2.7524,49.565
-237.08,47.557,100.32
-258.55,54.297,118.57
-120.6,-39.289,15.881
-253.26,63.281,72.977
-327.34,125.4,171.51
-250.29,13.381,92.15
-361.56,144.45,146.84
-279.64,90.473,126.72
-247.84,13.918,93.378
-291.06,86.099,92.872
-336.1,76.179,133.66
-157.78,-18.323,43.782
-203.01,26.127,70.955
-126.65,-60.508,18.663
-262.3,47.088,61.186
-119.76,-55.727,-39.671
-179.39,9.8287,51.707
-181.38,13.375,49.3
-385.09,187.39,198.66
-311.87,78.257,97.025
-397.3,136.5,202.76
-402.36,189.38,187.44
-336.72,105.69,118.11
-382.39,179.18,214.73
-294.94,91.91,146.72
-288.89,41.829,117.18
-124.21,-83.227,-3.3135
-242.58,11.048,90.876
-332.78,101.73,114.78
-71.657,-78.499,-16.033
-379.03,114.7,170.26
-325.95,124.79,129.87
-312.59,121.96,142.35
-251.47,39.278,53.356
-258.47,75.051,93.824
-132.12,-76.85,-28.421
-238.53,-2.885,52.141
-350.42,132.23,136.14
-319.09,69.478,105.52
-301.92,98.462,152.23
-307.8,52.44,119.16
-344.02,149.67,173.82
-291.55,103.15,129.7
-213.46,-21.74,33.426
-335.75,104.15,174.98
-199.51,22.327,34.76
-384.94,126.4,194.52
-410.52,144.16,190.19
-264.78,77.68,115.47
-173.18,-10.091,55.089
-215.19,0.92403,79.705
-204.99,-14.18,16.833
-340.09,86.501,123.2
-128.04,-32.222,-19.557
-253.02,42.172,55.247
-293.89,40.044,102.6
-342.17,147.7,160.14
-165.17,-36.948,43.385
-152.98,-43.166,-19.918
-308.83,118.57,137.73
-391.69,192.75,214.7
-267.59,40.923,118.04
-114.01,-51.15,-38.389
-250.97,44.683,55.871
-223.76,33.798,91.357
-312.23,71.6,147.53
-390.99,145.4,214.68
-160.2,-51.98,-12.867
-226.45,42.906,54.273
-254.31,46.154,57.712
-380.16,177.3,212.75
-190.79,-2.9589,10.925
-391.26,192.42,214.12
-166.52,3.6048,33.909
-361.11,98.565,152.99
-136.62,-48.554,27.585
-117.48,-34.388,7.2271
-214.98,-4.5063,23.704
-256.21,40.459,114
-312.21,120.99,147.81
-103.36,-67.828,5.6991
-245.83,48.945,108.6
-391.97,146.84,215.93
-151.01,-22.588,-10.732
-344.36,140.61,185.64
-317.69,61.536,129.4
-146.27,-72.12,-3.6399
-163.13,-49.729,32.33
-270.19,84.277,100.68
-175.72,-33.883,47.614
-147.16,-30.074,36.717
-389.41,136.49,206.27
-108.72,-40.726,1.4366
-218.24,-16.27,60.815
-122.52,-27.756,0.33584
-405.08,169.08,174.94
-151.27,-7.2759,21.102
-172.52,-52.093,22.855
-383.4,128.21,157.06
-342.51,94.257,167.91
-214.82,33.529,81.348
-357.82,129.09,136.94
-351.59,156.52,169.09
-320.28,128.78,150.45
-359.08,160.02,193.26
-314.48,73.391,99.132
-348.5,128.22,190.19
-284.91,80.76,87.915
-269.24,82.181,117.69
-294.68,73.057,85.846
-291.95,85.587,144.77
-281.75,81.743,88.915
-182.37,-29.855,51.657
-278.59,71.661,134.2
-343.65,122.53,185.9
-265.17,20.658,95.91
-257.45,11.267,81.461
-160.49,-58.006,21.093
-333.67,77.576,147.64
-215.66,-16.341,62.437
-265.95,54.218,65.847
-86.785,-90.536,-9.892
-130.15,-78.544,1.7396
-286.97,37.251,109.93
-181.3,-45.909,12.106
-126.9,-33.487,19.502
-305.6,70.378,91.898
-349.48,148.65,187.85
-127.19,-53.378,-35.747
-203.02,-30.643,41.384
-235.03,-5.3059,68.439
-146.98,-39.77,35.249
-147.28,-37.463,-21.15
-204.29,31.824,52.864
-106.38,-88.227,-5.2758
-276.36,45.178,122.69
-221.05,24.405,35.621
-372.92,123.77,195.07
-212.13,38.351,64.186
-217.68,40.422,56.305
-321.83,70.426,108.68
-218.71,34.927,45.757
-150.85,-7.63,21.448
-172.78,-10.522,54.813
-357.5,145.28,147.16
-418.64,161.49,185.77
-115.93,-74.681,7.2941
-136.59,-78.888,-12.454
-342.09,82.663,148.14
-277.11,41.1,70.315
-333.39,120.51,124.78
-326.65,109.85,115.98
-406.92,143.33,206.82
-89.411,-51.014,-26.103
-216.98,9.5841,26.772
-318.42,81.26,156.05
-134.25,-53.339,24.753
-279.01,34.054,110.21
-364.63,106.8,144.63
-181.53,14.421,46.367
-207.25,28.626,41.056
-338.64,128.77,132.11
-286.66,98.574,115.18
-161.76,0.12881,22.941
-379.65,130.57,201.31
-275.41,83.864,93.641
-108.13,-39.475,-2.1528
-318.73,124.38,158.71
-142.71,-49.852,-26.952
-136.31,-68.888,13.559
-272.09,22.998,61.434
-182.84,-15.492,36.956
-339.69,82.567,103.74
-103.09,-50.441,-62.026
-174.67,2.8221,-9.1166
-390.94,183.34,200.7
-382.66,183.9,185.51
-344.68,100.52,150.54
-156.14,-39.493,-40.173
-169.24,-38.252,19.645
-371.35,107.82,138.96
-122.9,-33.73,-44.815
-250.65,63.829,50.869
-78.679,-67.557,-35.07
-112.73,-73.618,-16.137
-135.21,-18.115,-7.84
-297.69,77.609,123.95
-281.31,59.453,51.437
-305.37,85.358,130.45
-363.6,168.06,162.81
-146.88,-9.3433,-1.6104
-419.82,175.55,162.07
-344.4,149.33,153.1
-383.25,169.94,196.11
-304.43,57.425,71.055
-119.77,-82.486,-60.565
-198.45,-14.467,42.27
-124,-33.328,-5.386
-207.99,-26.16,19.407
-95.213,-85.794,-28.147
-403.52,158.04,202.57
-137.13,-35.616,7.2436
-324.65,96.045,85.328
-121.8,-29.743,-12.275
-265.52,78.44,66.912
-190.75,-37.172,14.176
-232.03,51.585,67.653
-354.42,107.79,108.09
-289.01,98.856,87.089
-294.5,96.809,121.5
-255.78,10.021,50.067
-159.83,-9.4127,20.627
-306.56,116.9,114.67
-422.37,154.63,178.16
-385.2,186.46,170.61
-157.13,-3.6224,-10.136
-222.98,4.3749,60.289
-200.17,-31.903,13.861
-410.57,198.11,172.11
-199.81,-26.536,29.096
-249.22,49.29,88.48
-282.89,47.03,51.692
-133.89,-36.68,-47.872
-138.74,-69.068,-11.709
-298.07,95.221,77.777
-294.83,103.18,90.277
-238.14,-1.9428,47.703
-155.88,-59.559,-4.1696
-282.88,47.117,51.664
-287.42,37.099,84.137
-171.79,-32.199,-29.529
-281.87,34.031,58.568
-123.16,-25.745,-24.013
-346.56,87.142,112.01
-109.77,-49.75,-61.413
-335.39,83.756,95.425
-247.45,64.421,54.558
-296.95,108.55,105.9
-226.2,11.732,9.3788
-401.12,144.76,148.13
-258.89,20.548,74.987
-177.62,-20.366,-24.504
-281.36,43.572,51.038
-126.34,-83.125,-48.374
-287.48,56.678,109.47
-234.26,-0.75826,20.045
-173.9,-16.256,32.355
-385.27,136.87,133.27
-120.29,-88.058,-50.079
-139.43,-15.146,-4.8073
-339.91,96.505,146.86
-386.78,131.12,136.52
-218.75,-18.24,26.424
-282.9,32.541,64.422
-237.86,48.492,34.228
-214.76,40.051,50.832
-102.42,-54.272,-17.581
-141.52,-52.453,4.3373
-147.01,-15.723,9.6848
-117.73,-82.037,-63.387
-206.73,-25.89,7.1475
-256.38,10.51,49.836
-159.21,-56.792,-31.545
-170.78,-41.882,-28.456
-367.52,168.89,175.22
-265.53,30.198,85.236
-336.18,141.11,148.09
-133.57,-76.325,-47.069
-393.82,193.59,175.51
-297.03,75.151,64.445
-421.34,163.83,164.63
-90.422,-49.942,-37.45
-219.9,1.4941,4.538
-209.39,36.441,31.953
-400.39,137.23,153.29
-276.33,79.295,63.216
-430.03,161.22,189.33
-356.96,153.42,171.97
-361.57,108.48,115.72
-389.79,184.03,198.81
-97.232,-79.297,-23.892
-137.94,-57.641,-52.888
-405.45,152.46,197.56
-365.19,169.1,167.38
-283.91,34.58,82.476
-158.23,-61.781,-22.782
-240.94,40.888,82.185
-375.96,144.48,186.64
-407.01,202.81,180.24
-399.99,137.85,151.64
-297.32,108.26,101.01
-227.2,47.14,64.866
-198.68,27.87,22.494
-301.6,94.559,129.25
-397.07,131.5,157.45
-257.28,70.807,58.769
-140.01,-38.158,-47.235
-336.74,124.9,157.82
-229.91,-1.432,14.866
-207.76,20.132,57.153
-195.29,24.68,37.604
-326.79,125.2,106.53
-106.77,-40.024,-47.202
-259.63,52.834,39.738
-334.66,126.89,106.96
-180.92,15.681,20.454
-227.38,41.441,27.796
-344.55,134.17,164.12
-331.31,75.623,96.546
-141.42,-39.458,9.596
-318.72,94.733,81.943
-146.59,-66.055,-39.773
-162.75,2.0393,9.7823
-100.66,-89.237,-30.217
-368.23,153.05,130.88
-416.89,149.25,177.23
-226.46,-5.5035,49.926
-111.85,-33.673,-29.722
-397.63,138.5,182.4
-310.38,89.56,134.41
-263.58,52.337,40.739
-338.99,135.26,158.03
-105.43,-48.763,-60.363
-416.64,150.25,170.33
-426.9,158.53,183.42
-298.35,44.648,78.719
-193.89,-4.8764,45.733
-422.12,157.05,195.63
-277.29,90.607,82.444
-397.06,168.03,205.79
-259.64,13.621,58.978
-219.9,38.327,62.445
-123.81,-58.58,-61.81
-149.89,-25.068,-36.553
-229.55,20.583,13.333
-235.91,5.2047,61.349
-335.69,142.66,140.79
-411.26,144.62,178.52
-387.59,152.39,194.99
-228.12,-11.069,34.194
-305.6,115.69,109.06
-325.09,100.75,145.67
-301.94,109.43,96.258
-329.23,75.134,93.27
-334.53,82.019,131.2
-230.93,9.7717,12.535
-250,6.0409,41.059
-139.17,-70.449,-14.119
-394.86,131.3,150.19
-119.53,-85.984,-56.869
-291.47,94.311,119.04
-165.51,-21.119,-30.055
-359.57,160.25,170.51
-229.13,3.2918,12.005
-112.69,-92.674,-41.083
-390.33,127.79,145.37
-229.64,7.525,11.68
-214.33,13.1,61.316
-234.66,31.282,20.025
-350.57,92.035,136.37
-306.87,96.872,79.62
-260.82,14,53.516
-150.23,-62.358,-38.583
-105.54,-38.68,-29.516
-232.87,-6.5213,42.128
-145.19,-24.176,-36.302
-192.91,-23.712,33.969
-337.1,141.38,149.84
-148.53,-62.603,-5.5853
-124.93,-84.592,-47.842
-205.5,-8.3292,47.971
-236.8,29.905,77.809
-93.281,-47.756,-36.053
-428.83,162.14,198.59
-384.39,138.79,185.28
-360.89,165.64,159.04
-236.88,58.729,57.327
-307.8,57.908,75.469
-111.69,-35.902,-20.962
-328.61,127.34,108.7
-293.31,105.19,107.11
-112.41,-94.007,-47.079
-339.73,79.671,112.91
-341.53,139.08,119.54
-378.09,116.2,157.39
-236.13,56.685,49.546
-152.2,-54.057,4.3828
-294.23,55.041,60.637
-377.3,146.74,129.58
-149.71,-67.881,-20.572
-200.47,30.452,31.98
-311.74,113.09,134.66
-305.74,68.098,120.68
-301.15,110.84,117.73
-356.66,154.92,135.14
-241.69,-0.21435,34.216
-346.25,90.714,106.13
-399.54,177.56,209.53
-137.03,-22.097,-32.558
-212.75,-13.035,43.79
-244.17,3.736,54.824
-176.16,-42.814,-21.758
-247.89,20.039,25.25
-244.52,42.169,29.214
-233.1,52.703,68.066
-275.21,32.1,49.732
-149.05,-68.564,-23.337
-292.58,60.758,58.754
-222.98,-13.407,17.718
-161.7,-5.8461,-17.295
-103.15,-70.016,-17.784
-414.25,147.45,170.37
-398.81,132.97,166.37
-217.43,-2.2244,54.416
-108.69,-37.125,-25.125
-158.47,-51.922,6.2002
-161.5,-11.392,23.167
-390.53,162.24,200.43
-112.62,-93.759,-46.074
-95.348,-46.959,-52.393
-335.93,80.111,99.575
-291.24,82.989,121.04
-371.88,117.37,164.42
-201.85,-11.464,-8.3833
-178.6,-37.727,20.01
-175.77,10.864,6.0992
-411.89,144.9,177.21
-147.69,-13.783,8.8229
-138.39,-58.686,-0.61938
-203.16,6.2952,53.531
-377.11,153.68,190.32
-152.97,-38.673,15.268
-188.97,-17.015,-17.368
-315.37,117.83,101.08
-267.42,71.112,55.4
-194.52,-31.922,-6.5348
-358.4,161.37,146.35
-235.97,-3.948,28.004
-284.63,98.025,95.921
-320.42,127.62,116.45
-399.1,138.48,149.38
-200.07,25.767,45.171
-230.66,46.722,70.551
-157.17,-2.9593,-8.2034
-237.33,4.8841,19.859
-355.47,93.947,132.12
-240.56,-1.8333,39.299
-307.77,70.922,70.514
-165.32,-46.186,11.952
-205.12,27.137,51.303
-276.37,87.453,102.15
-232.79,12.081,13.858
-161.4,-0.41229,-6.7459
-387.78,190.12,182.91
-291.57,84.459,121.32
-401.91,192.1,167.1
-209.79,29.196,16.505
-164.79,3.64,10.58
-280.08,33.52,84.315
-402.26,176.05,153.49
-192.27,-27.64,-12.888
-276.18,86.759,102.69
-107.06,-53.612,-64.948
-387.4,147.26,135.39
-389.44,164.89,143.17
-157.02,-25.835,20.907
-101.51,-40.993,-40.442
-342.51,85.349,130.91
-362.72,157.85,177.18
-146.7,-36.362,-43.994
-210.46,-19.215,3.5321
-217.26,-15.198,38.701
-185.88,-42.192,-3.0095
-273.79,46.136,99.434
-303.95,111.41,98.39
-361.51,143.71,122.83
-365.57,142.78,180.67
-231.54,33.464,20.527
-106.2,-37.61,-35.423
-98.957,-74.514,-21.198
-169.58,-36.557,-30.901
-384.4,150.18,134.34
-266.21,69.433,100.64
-379.28,148.52,131.21
-115.41,-86.664,-29.819
-162.88,-16.433,-27.947
-181.12,-38.844,-18.661
-166.07,3.6624,-1.2602
-212.24,31.594,19.028
-342,95.712,98.227
-165.47,-22.421,26.39
-255.34,11.937,61.723
-260.91,26.8,35.737
-379.31,177.12,188.08
-116.3,-36.521,-12.503
-408.13,148.6,155.38
-331.56,97.933,146.7
-346.67,85.716,120.49
-358.27,137.45,117.94
-412.52,196.01,169.83
-136.91,-69.337,-11.52
-227.8,43.291,30.08
-356.85,138.95,174.19
-309.91,71.566,72.249
-364.57,114.44,162.87
-378.52,162.1,139.14
-266.82,60.374,46.283
-136.03,-16.661,-12.67
-162.02,-11.301,-23.715
-219.89,43.963,54.868
-131.3,-20.852,-10.675
-198.78,-24.794,-7.2077
-409.67,178.2,157.25
-198.55,12.463,-0.42746
-392.68,160.03,142.03
-223.59,40.428,65.764
-341.99,100.88,97.664
-176.17,-0.33309,-12.996
-228.62,20.308,70.681
-378.23,144.78,187.7
-114.59,-71.824,-14.539
-372.59,126.3,174.01
-322.23,125.49,109.34
-333.18,101.75,91.683
-238.24,23.001,75.732
-328.21,71.791,95.966
-325.52,126.52,145.12
-183.66,-20.488,-21.066
-150.96,-47.91,-14.07
-119.95,-46.706,-27.043
-253.1,60.144,67.393
-410.29,163.35,130.42
-262.1,23.076,16.688
-347.57,94.604,82.007
-430.96,162.14,164.71
-103.2,-49.556,-85.229
-405.65,152.49,174.11
-390.38,191.19,151.43
-205.66,27.089,30.116
-173.67,-4.8675,-41.067
-332.65,139.23,105.02
-245.39,56.12,60.696
-137.64,-58.88,-24.541
-358.15,139.39,95.718
-294.53,89.684,100.4
-212.25,38.273,6.5247
-133.98,-25.062,-20.676
-401.49,187.43,138.63
-209.28,-2.7724,29.069
-210.59,25.743,35.976
-110.16,-33.471,-58.024
-284.79,83.676,92.46
-323.31,66.09,82.31
-154.62,-52.317,-61.788
-343.65,126.87,139.87
-404.97,148.65,169.83
-409.44,144.12,158.03
-192.96,12.05,-24.864
-325.56,132.71,113.77
-226.68,30.669,-5.8762
-121.01,-84.494,-55.39
-174.94,7.3342,5.5207
-410.43,178.01,192.63
-274.49,60.724,25.527
-161.45,-8.4793,0.051919
-246.35,10.133,40.643
-309.59,54.932,73.919
-274.52,34.721,24.739
-315.87,80.413,108.08
-259.52,18.021,17.744
-246.79,35.92,3.6082
-428.62,189.29,147.17
-277.85,31.815,32.339
-145.62,-30.071,-9.3179
-357.75,97.097,114.69
-240.44,61.003,47.674
-307.79,95.646,55.415
-348.85,116.52,139.17
-211.26,38.774,24.457
-139.71,-27.061,-63.054
-347.98,147.89,139.36
-229.2,22.187,-9.3639
-205.54,20.357,32.669
-341.51,117.39,78.056
-363.69,167.94,141.73
-183.08,-40.256,-34.701
-279.29,94.102,69.826
-277.73,73.918,87.375
-274.17,29.248,56.339
-370.36,128.59,152.22
-368.3,122.01,95.861
-324.56,79.184,107.12
-273.45,87.994,72.377
-375.61,163.91,117.25
-419.07,158.81,140.87
-407.81,142.3,155.61
-211.56,28.076,36.162
-158.17,-40.121,-61.41
-165.72,-28.962,-55.612
-427.7,166.83,185.23
-348.63,148.61,139.79
-161.13,-9.5322,0.15374
-168.39,7.9772,-14.869
-146.33,-43.79,-69.213
-126.05,-83.039,-62.706
-340.58,98.802,125.4
-224.99,-1.9992,-12.374
-244.24,7.503,5.0814
-310.29,101.27,59.97
-105.01,-43.39,-77.777
-197.16,3.0075,26.537
-326.37,126.35,123.17
-267.64,33.824,65.078
-307.85,104.29,62.629
-179.64,5.8274,-30.634
-134.39,-20.058,-52.657
-250.14,7.5903,16.906
-145.25,-69.511,-52.738
-236.08,-2.4517,23.39
-324.34,128.54,118.17
-122.69,-41.089,-76.584
-190.15,-37.906,-19.953
-205.77,0.91066,-27.311
-193.7,16.484,-20.189
-276.91,66.725,86.235
-265.85,33.474,16.103
-232.75,-0.664,30.139
-379.02,134.95,158.23
-192.46,-24.823,8.9079
-182.53,-1.1507,-36.869
-363.49,160.15,115.83
-404.71,148.9,127.31
-387.32,151.31,170.89
-111.82,-58.684,-33.257
-209.81,-15.004,17.769
-180.57,7.0321,12.808
-266.73,43.298,16.41
-231.96,44.097,6.1595
-260.65,57.846,74.236
-191.9,3.0021,23.268
-233.05,28.532,-5.1773
-350.64,89.784,96.229
-248.14,5.8363,28.744
-326.36,102.27,123.46
-275.09,84.876,80.426
-204.99,29.29,27.509
-352.08,115.96,83.074
-371.68,157.16,163.24
-218.44,32.788,41.421
-128.5,-31.106,-23.25
-178.99,-21.378,-46.691
-184.85,-0.92751,18.289
-342.71,82.518,94.397
-302.67,74.252,44.054
-254.38,72.125,40.434
-209.5,30.829,-5.4575
-277.83,29.225,37.846
-353.34,103.43,84.82
-394.92,156.72,118.73
-250.5,68.256,35.326
-112.61,-89.89,-59.946
-394.85,194.93,154.04
-131.38,-19.846,-48.932
-379.09,142.83,105.77
-203.73,17.043,-19.775
-382.51,143.7,108.08
-106.49,-41.775,-41.66
-381.07,153.27,110.64
-296.03,85.211,101.51
-204.13,-23.753,-22.016
-264.6,23.196,20.153
-142.94,-18.708,-14.468
-226.42,48.545,39.941
-218.96,4.7936,-18.751
-427.98,160.78,172.57
-291.62,97.943,94.039
-249.48,69.707,44.78
-160.69,-21.745,-55.202
-141.18,-47.927,-72.837
-156.92,-53.85,-58.326
-223.55,46.191,37.987
-228.81,-3.1198,28.125
-235.54,-4.4311,15.532
-242.77,1.9525,25.841
-355.48,127,146.74
-174.77,-48.4,-34.535
-310.53,115.89,107.55
-99.661,-73.529,-43.524
-425.84,157.48,163.6
-381.1,183.84,148.87
-253.28,35.603,6.8638
-261.71,21.33,50.689
-277.57,91.359,75.712
-182.42,-42.665,-17.467
-374.92,152.46,108.18
-292.93,59.83,36.013
-377.95,129.72,103.89
-101.35,-61.313,-39.853
-240.88,48.239,9.9164
-369.43,154.07,161.4
-379.48,151.19,109.02
-391.66,173.17,179.8
-395.92,133.37,150.91
-190.69,0.19989,22.216
-373.48,169.73,161.47
-316.36,98.469,59.436
-382.86,150.69,168.87
-370.06,147.8,161.16
-149.47,-7.7235,-38.297
-93.045,-45.369,-69.71
-162.96,-49.019,-15.382
-362.93,115.95,91.623
-214.53,38.468,32.383
-266.83,37.434,68.332
-125.81,-55.916,-82.895
-173.88,11.233,-3.634
-329.89,110.89,127.98
-136.37,-75.638,-59.282
-350.44,105.36,81.421
-394.53,150.15,117.42
-207.74,-1.479,29.451
-405.26,206.12,172.94
-254.57,46.618,11.382
-277.24,28.056,46.109
-375.99,177.24,137.02
-163.99,-48.112,-53.994
-321.34,78.598,58.557
-138.35,-64.927,-30.596
-340.38,144.45,106.22
-394.91,186.24,138.47
-255.55,44.868,68.815
-163.53,-55.084,-27.079
-367.57,132.25,96.245
-292.3,70.126,37.176
-389.63,168.16,177.82
-248.1,8.3706,10.434
-112.43,-38.258,-37.006
-139.14,-12.915,-35.255
-345.54,143.09,99.832
-396.14,152.57,173.94
-284.3,96.371,62.688
-277.66,32.939,30.573
-435.19,167.83,160.73
-177.71,10.454,-23.151
-310.67,57.72,81.039
-161.11,-33.843,-59.076
-288.42,66.384,34.027
-185.85,-37.008,-6.3553
-199.14,26.584,-7.1109
-164.22,-12.927,3.5821
-213.51,36.829,32.673
-158.26,-55.379,-55.203
-421.83,180.07,140.77
-331.76,132.31,90.746
-239.94,38.798,2.5268
-126.91,-74.159,-79.388
-123.78,-23.978,-48.809
-405.99,171.87,188.09
-229.84,53.062,38.567
-150.29,-62.254,-31.072
-194.44,12.133,-24.741
-346.61,93.152,81.652
-405.45,152.71,126.97
-304.41,61.26,90.368
-364.48,114.95,139.95
-108.42,-86.887,-52.545
-155.98,-3.8825,-11.065
-294.5,42.633,63.083
-334.88,141.86,110.04
-197.83,-0.70885,25.933
-174.51,-33.203,-49.67
-150.52,-46.016,-66.682
-212.21,-21.918,-3.8729
-104.53,-44.803,-79.664
-409.93,146.3,162.88
-338.4,80.105,82.789
-104.39,-44.026,-42.398
-118.71,-63.597,-31.963
-193.48,-15.845,16.838
-233.37,19.454,-7.9106
-123.88,-73.67,-38.968
-242.92,61.549,27.951
-213.24,-21.108,-0.92237
-377.12,159.19,113.23
-147.83,-9.2472,-40.374
-211.4,-22.311,-0.64914
-214.21,9.9972,37.225
-234.9,57.24,27.934
-146.76,-9.0024,-38.296
-358.09,144.31,152.01
-258.73,14.237,37.239
-236.4,59.287,37.834
-168.37,-35.409,-54.234
-201.83,-25.985,-22.87
-312.14,101.74,114.5
-374.81,124.77,148.96
-160.47,-6.7336,-42.618
-413.18,210.13,165.31
-137.57,-65.285,-30.906
-139.16,-20.331,-55.432
-106.12,-36.304,-53.371
-251.56,70.665,41.292
-244.25,55.912,17.901
-293.05,49.775,38.684
-368.43,127.71,96.007
-128.2,-35.599,-71.413
-165.37,-54.113,-26.824
-366.09,146.56,158.29
-191.93,-20.553,12.993
-215.67,-19.334,0.57191
-252.79,19.958,7.4556
-437.49,181.35,153.67
-128.32,-60.68,-81.936
-162.41,-51.683,-19.074
-373.44,173.34,131.18
-320.07,86.167,112.91
-265.31,82.568,57.815
-300.22,84.332,104.02
-329.59,122.77,128.18
-375.48,175.05,132.56
-332.9,74.044,85.189
-166.59,-50.213,-18.746
-128.95,-35.727,-21.309
-255.86,52.356,70.485
-169.23,-11.576,-46.793
-325.35,81.905,109.88
-289.77,78.837,96.459
-402.53,140.02,130.51
-325.14,69.073,71.543
-301.17,53.345,47.073
-339.03,141.19,130.72
-196.03,-32.729,-21.571
-318.28,100.71,118.6
-341.67,117.07,136.35
-235.81,46.746,8.6409
-278.94,44.744,75.382
-317.17,117.02,116.37
-147.49,-32.677,-8.4478
-94.057,-67.519,-44.931
-400,188.99,185.78
-414.49,192.74,143.82
-270.91,52.408,78.674
-360.01,98.406,102.21
-346.03,151.37,116.59
-326.36,132.11,95.15
-208.62,-13.296,20.024
-383.56,160.67,172.46
-192.98,13.827,22.748
-362.81,148.11,102.91
-99.427,-53.502,-42.405
-298.41,96.131,55.03
-298.24,45.346,64.099
-204.25,11.904,32.146
-219,-12.44,17.747
-276.49,79.058,85.432
-365.67,108.04,130.12
-151.34,-20.345,-5.6785
-149.32,-19.69,-7.5569
-410.41,146.97,137.34
-187.58,-18.662,13.659
-99.968,-43.061,-74.09
-274.86,35.261,24.849
-230.51,49.687,14.375
-267.89,27.943,57.964
-407.25,163.31,128.1
-255.93,16.968,13.207
-145.46,-21.745,-57.89
-231.55,-5.276,21.831
-243.88,64.199,34.126
-214.86,34.106,36.86
-388.15,152.17,171.63
-147.63,-43.383,-68.394
-339.87,120.26,79.018
-150.33,-24.683,-6.0234
-114.21,-38.756,-34.453
-347.63,94.276,82.307
-327.96,115.37,127.26
-412.83,189.78,141.4
-279.21,62.105,28.094
-274.18,68.003,84.573
-196.61,-7.2245,-34.1
-374.92,167.74,164.4
-302.45,91.073,51.183
-98.217,-42.94,-54.353
-374.72,129.46,153.38
-125.86,-58.803,-27.147
-146.71,-11.915,130.72
-101.94,-80.281,44.82
-134.41,-79.507,85.282
-204.47,35.034,153.74
-321.24,136.97,246.46
-57.394,-109.47,69.612
-202.68,18.283,129.44
-324.82,116.4,214.34
-160.45,1.4325,126.53
-263.37,66.724,172.61
-297.19,75.83,187.67
-152.99,-64.613,93.223
-273.45,71.267,231.4
-308.95,59.119,212.39
-89.423,-86.917,35.941
-300.56,51.785,210.81
-313.88,82.63,250.6
-189.64,-37.557,120.3
-324.83,74.428,218.49
-330.2,85.579,250.51
-96.385,-64.575,48.603
-117.33,-44.534,117.07
-250.74,67.207,175.13
-171.48,9.5153,131.93
-134.38,-72.784,109.5
-231.16,-5.1343,167.14
-102.98,-78.422,45.693
-199.93,-1.1118,175.22
-307.43,76.996,194.42
-283.22,86.736,238.33
-306.62,79.072,193.87
-334.06,108.91,270.41
-220.59,-12.866,141.34
-282.06,40.42,211.49
-256.34,52.995,218.48
-181.63,-41.15,110.09
-247.86,8.0737,177.92
-282.54,39.206,184.33
-326.1,88.298,208.7
-202.13,-22.176,121.7
-146.01,-56.59,77.437
-262.21,51.009,220.78
-107.28,-66.893,51.012
-175.36,10.869,128.97
-209.35,22.615,184.73
-246.56,66.694,205.47
-394.42,150.72,258.22
-148.82,-21.593,140.1
-36.953,-94.361,55.102
-191.23,-0.90327,171.03
-347.79,94.703,236.2
-344.85,109.48,221.69
-144.06,-59.104,124.51
-114.57,-57.088,115.46
-346.9,152.82,281.33
-365.73,140.01,238.19
-53.979,-100.11,71.245
-155.73,-57.654,124.39
-56.534,-75.152,42.881
-354.87,102.17,238.71
-270.08,29.721,173.87
-333.42,81.07,228.85
-194.72,-9.4844,169.46
-138.28,-17.422,123.17
-205.86,-7.2365,120.49
-165.24,-52.429,128.29
-331.9,93.517,212.92
-277.1,35.228,206.13
-303.11,73.931,191.26
-255.55,13.391,175.34
-200.48,-18.273,117.79
-311.81,63.217,225.86
-199.63,31.265,165.14
-48.58,-94.161,67.183
-116.08,-76.299,106.86
-358.42,109.03,236.48
-180.09,-39.613,141.78
-121.14,-29.275,90.596
-140.72,-33.279,80.679
-179.11,-33.812,149.09
-188.18,22.888,145.95
-269.48,80.158,184.86
-323.89,117.77,215.1
-304.34,120.11,225.84
-247.37,51.873,159.89
-321.9,126.71,223.17
-329.85,96.546,210.75
-247.51,52.928,212.61
-60.958,-122.78,58.459
-308.25,96.511,255.77
-312.59,125.63,227.25
-169.47,-54.164,112.41
-48.511,-113.44,64.246
-129.1,-79.231,101.17
-385.04,161.09,253.38
-353.06,115.36,276.99
-286.59,39.647,200.51
-276.46,63.843,231.32
-267.15,54.284,166.93
-190.68,16.114,128.33
-127.76,-23.89,97.422
-228.1,-8.1927,162.67
-324.95,77.249,240.82
-200.53,-23.202,157.55
-216.99,35.373,145.46
-70.338,-124.46,38.366
-101.25,-51.461,103.48
-351.41,137.76,232.14
-121.84,-29.378,110.91
-355.76,132.68,288.12
-175.15,-25.152,98.465
-209.26,-13.016,168.09
-352.89,111.61,273.54
-290.64,59.422,182.47
-230.33,56.102,172.43
-395.21,144.65,261.47
-274.69,92.296,200.46
-270.1,91.235,212.36
-196.16,-31.781,144.73
-290.79,86.61,244.02
-213.48,39.59,153.31
-207.85,29.251,181.4
-289.27,108.15,221.7
-71.262,-117.16,63.785
-107.07,-58.277,110.34
-276.58,49.424,172.02
-76.778,-120,43.177
-104.88,-92.416,50.273
-138.86,-76.528,92.801
-40.083,-87.841,52.431
-356.19,101.75,252.94
-156.77,-1.9822,132.72
-75.492,-64.027,79.632
-130.69,-21.751,99.558
-253.42,47.702,158.85
-201.96,-22.867,157.43
-294.18,71.216,240.37
-140.59,-29.249,83.836
-319.44,125.25,262.91
-250.76,67.412,211.17
-216.65,-7.0761,173.52
-83.509,-54.772,69.42
-321.69,84.493,205.46
-192.75,17.752,170.04
-213.36,-3.4453,126.1
-291.88,51.245,222.31
-86.181,-88.514,33.686
-140.68,-17.677,128.04
-346.85,159.02,273.13
-191.01,23.62,141.75
-83.133,-93.87,31.072
-86.227,-67.666,94.606
-176.69,0.35566,112.61
-282.49,94.822,198.62
-267.57,74.856,226.57
-165.33,4.5184,126.2
-218.81,3.1771,182.86
-346.83,97.084,229.59
-64.119,-122.52,57.971
-303.61,93.354,252.63
-353.29,164.9,277.69
-164.43,-3.1947,148.61
-234.62,39.112,149.02
-329.15,101.42,210.46
-277.37,49.261,223.2
-291.01,45.595,212.57
-133.45,-67.124,116.49
-276.65,35.694,178.16
-136.91,-21.504,126.42
-247.46,59.899,167.08
-85.855,-113.51,48.72
-321.09,122.16,265.61
-146.32,-12.87,131.39
-215.75,28.427,189.33
-117.72,-31.729,106.48
-314.02,68.516,204.87
-362.06,172.25,267.85
-134.17,-73.321,108.76
-43.052,-99.441,63.411
-152.73,-53.707,129.84
-79.65,-102.2,28.813
-251.64,73.817,204.67
-226.55,12.389,190.48
-249.29,23.297,152.6
-349.69,140.16,286.89
-218.34,-13.469,162.96
-58.544,-126.53,53.682
-194.54,-33.879,141.07
-201.61,33.588,163.57
-218.53,43.266,185.02
-85.72,-53.334,78.407
-229.2,29,141.77
-294.25,112.59,230.29
-201.39,-2.053,175.37
-338.32,107.82,216.96
-249.65,72.385,186.75
-199.15,-0.40436,175.16
-266.54,48.969,165.26
-291.58,50.57,221.49
-119.72,-30.719,108.95
-170.52,9.1068,133.29
-81.678,-70.987,91.314
-233.55,7.4619,141.99
-92.495,-94.783,38.494
-148.1,-8.5018,113.77
-151.9,-7.2435,111.26
-363.18,163.99,253.16
-280.54,39.596,180.36
-352.12,120.9,281.04
-382,155.87,250.35
-308.11,67.083,197.67
-353.36,165.92,268.42
-258.55,80.011,209.08
-240.42,24.99,201.29
-75.916,-100.35,80.828
-194,-2.7941,171.99
-303.89,63.055,194.79
-35.004,-90.316,46.602
-335.54,90.767,254.91
-303.43,91.43,195.6
-287.37,98.558,201.39
-222.88,-0.39131,133.99
-233.22,48.039,156.65
-91.866,-109.59,60.985
-194.68,-32.922,143.66
-326.31,94.941,208.14
-281.13,34.873,193.73
-265.92,86.567,214.04
-260.81,30.29,206.76
-318.16,129.94,229.91
-264.49,81.575,189.34
-169.81,-52.039,124.94
-292.09,94.697,244.76
-175.16,-11.46,103.42
-339.28,111.31,272.93
-370.05,117.78,273.26
-234.3,59.63,176.14
-133.68,-21.853,121.56
-168.72,-10.308,155.21
-169.71,-52.111,104.84
-301.95,52.915,210.59
-104.18,-67.104,49.584
-224.93,2.5964,135.09
-247.81,14.962,192.02
-319.24,121.85,218.6
-118.73,-48.143,118.81
-121.69,-82.312,63.867
-283.87,94.306,197.31
-367.04,174.95,267.1
-221.14,29.746,193.45
-88.991,-88.969,35.409
-224,5.4829,133.79
-186.63,20.817,155.86
-265.24,59.445,224.71
-347.17,135.8,284.85
-122.63,-87.793,76.054
-202.18,9.0423,122.92
-227.05,6.8358,136.15
-351.14,163.89,266.57
-163.33,-42.391,89.763
-366.68,174.49,266.57
-138.83,-19.574,96.089
-317.68,72.937,239.33
-93.01,-58.942,98.28
-87.192,-52.886,68.098
-180.64,-42.995,110.99
-212.01,30.031,185.54
-285.24,100.59,206.11
-61.595,-78.054,73.693
-207.74,36.827,173.52
-348.3,137.39,285.74
-125.99,-60.129,62.779
-311.75,128.29,243.26
-270.56,40.652,215.87
-99.867,-96.544,85.532
-114.57,-63.84,113.71
-245.51,56.364,163.69
-128.15,-45.979,125.53
-107.44,-41.507,103.17
-344.31,124.54,280.64
-78.408,-58.979,62.08
-169.22,-34.828,147.45
-96.07,-52.053,61.988
-379.32,132.07,248.92
-124.31,-31.431,83.311
-124.26,-72.813,110.71
-348.25,94.293,240.69
-295.8,81.313,245.52
-181.24,17.678,143.97
-331.32,90.976,213.08
-328.8,131.43,226.55
-294.81,106.47,208.68
-330.61,144.74,248.28
-280.31,35.997,185.04
-309.17,119.31,253.46
-260.25,43.502,160.64
-239.47,63.421,178.12
-266.2,33.739,165.94
-253.85,74.496,208.64
-257.62,45.576,159.77
-134.59,-42.181,130.1
-239.16,60.787,199.65
-303.71,113.58,250.06
-216.43,2.3411,181.9
-209.54,-10.901,170.35
-111.75,-75.745,106.49
-286.45,59.351,231.47
-166.52,-33.456,147.74
-238.46,14.859,144.64
-41.804,-100.82,62.57
-81.744,-95.326,85.692
-238.72,17.99,196.24
-137.23,-75.19,103.15
-92.683,-48.194,81.813
-273.15,31.964,176.52
-318.94,134.86,244.15
-98.963,-92.625,43.936
-155,-52.932,130.55
-186.46,-25.883,156.56
-103.71,-50.254,105.58
-119.33,-76.839,58.296
-178.59,4.4109,116.73
-58.752,-101.24,73.677
-229.38,33.528,199.32
-194.68,-14.432,112.33
-327.54,112.26,269.37
-185.23,13.67,126.86
-192.96,10.093,121.88
-283.11,36.596,197.11
-194.32,-0.029957,115.7
-123.71,-31.451,83.556
-133.23,-22.256,121.33
-335.01,109.64,215.22
-385.35,128,266.4
-69.419,-85.931,82.865
-90.875,-104.3,76.8
-295.77,61.823,233.46
-241.77,3.5652,157.98
-309.51,83.536,196.13
-301.51,71.86,190.12
-362.31,126.32,285.8
-64.331,-76.804,35.227
-187.35,-30.228,108.98
-272.42,70.284,230.64
-89.704,-63.776,96.776
-230.37,17.374,194.38
-326.26,74.723,230.77
-153.21,-7.8907,108.51
-182.91,-4.9023,109.45
-315.6,92.842,201.22
-262.05,71.619,177.07
-136.05,-26.856,86.383
-334.61,119.45,274.73
-251.71,51.229,160.21
-79.319,-59.609,58.397
-289.55,107.34,216.52
-111.77,-88.962,56.327
-88.045,-82.817,94.329
-232.27,-14.745,155.46
-144.59,-37.778,112.69
-304.98,39.93,195.86
-85.746,-97.696,11.083
-156.67,-43.856,64.298
-366.13,160.26,258.82
-362.99,155.04,242.63
-304.7,77.239,229.71
-131.14,-90.225,47.074
-127.84,-62.161,101.42
-334.01,71.114,228.5
-105.51,-79.864,27.176
-232.78,18.933,122.23
-50.481,-92.501,29.657
-73.039,-96.099,61.797
-113.21,-51.194,56.865
-260.96,56.009,196.91
-257.74,8.2844,137.17
-269.19,63.888,202.52
-345.63,134.99,221.98
-125.42,-43.552,63.53
-398.17,127.44,241.98
-323.65,119.12,213.1
-355.11,148.65,256.94
-272.18,10.982,163.77
-86.962,-127.53,31.464
-157.35,-37.968,123.2
-96.563,-59.916,60.009
-166.8,-61.472,112.78
-55.791,-108.09,49.219
-366.39,137.2,275.26
-103.92,-58.576,76.779
-301.98,45.422,169.26
-97.855,-59.889,52.041
-247.67,35.607,136.1
-148.54,-69.146,105.47
-207.18,21.664,132.98
-327.04,59.552,195.98
-271.41,57.133,154.77
-266.6,71.472,186.23
-215.6,-27.363,144.23
-131.06,-35.483,87.303
-287.09,81.838,177.97
-387.78,117.58,264.29
-370.06,149.05,230.41
-138.92,-45.542,58.595
-181.92,-19.086,141.12
-159.02,-67.171,107.13
-396.67,153.44,237.8
-156.99,-54.95,117.5
-216,26.164,158.21
-254.02,-2.2789,142.77
-114.73,-86.471,30.365
-96.568,-96.284,74.568
-280.26,47.262,152.25
-277.46,60.942,158.18
-195.86,-34.286,139.48
-113.54,-88.672,84.317
-254.05,-2.2178,142.71
-245.65,4.7549,175.21
-145.11,-82.532,59.606
-246.07,-9.3605,152.98
-103.67,-62.81,41.4
-310.75,46.262,203.81
-91.724,-98.403,14.111
-303.82,37.751,186.76
-229.27,22.046,123.72
-277.51,72.772,169.9
-200.75,-39.409,97.664
-372.8,99.307,234.41
-216.23,-6.8025,162.07
-153.75,-71.565,61.675
-251.43,-5.112,142.91
-89.351,-123.48,44.508
-247.19,33.766,188.67
-200.01,-46.321,114.59
-137.62,-38.604,105.46
-359.49,89.043,218.55
-82.471,-127,42.456
-117.35,-48.206,59.996
-299.82,73.189,226.22
-357.64,85.553,224.05
-177.66,-53.923,120.04
-244.87,-7.8903,158.8
-219.58,0.85741,109.02
-191.65,7.7215,116.29
-72.236,-78.311,48.928
-101.66,-75.063,82.631
-120.06,-43.186,75.335
-86.079,-128.1,28.115
-168.94,-67.127,102.04
-216.38,-27.216,144.1
-124.59,-100.97,62.071
-140.01,-89.788,63.76
-346.23,141,233.54
-223.36,4.7934,169.62
-314.38,111.73,208.67
-98.117,-118.9,46.006
-379.27,155.39,235.34
-274.59,24.128,148.47
-394.08,118.64,249.19
-68.555,-81.874,25.879
-192.3,-48.847,94.944
-190.29,-3.5132,99.852
-367.78,95.831,241.24
-258.44,31.88,137.24
-394.32,126.86,274.19
-331.5,129.03,232.35
-331.65,62.268,205
-365.89,160.15,256.52
-59.117,-101.03,51.096
-111.04,-107.37,35.908
-367.09,129.59,274.06
-346.28,137.78,226.03
-241.97,2.6637,173.34
-119.46,-100.46,70.791
-206.93,17.985,152.76
-340.78,124.48,255.78
-393.38,162.28,241.23
-368.11,95.609,239.48
-278.97,69.978,166.14
-201.85,17.719,130.36
-179.83,-12.845,90.845
-269.93,71.822,196.44
-361.48,93.959,245.46
-239.41,27.129,128.86
-119.34,-88.835,34.01
-305.79,103.04,223.11
-197.25,-48.454,108.76
-175.79,-3.9606,126.18
-171.7,-7.0693,103.11
-310.3,79.807,176.53
-89.417,-82.45,20.874
-239.03,2.0549,120.99
-317.78,79.545,179.53
-159.81,-19.761,86.396
-209.16,-5.7424,102.02
-314.8,112.05,228.03
-296.64,32.537,189.08
-105.52,-61.601,81.975
-297.1,44.04,164.49
-111.86,-109.8,53.547
-141.06,-32.139,75.213
-59.699,-113.29,51.098
-351.74,105.33,203.29
-381.03,113.95,263.29
-183.6,-33.339,137.79
-91.988,-69.576,34.994
-358.44,112.22,263.62
-274.27,68.179,206.27
-242.03,1.2067,123.65
-311.92,111.21,220.27
-88.055,-96.021,12.791
-382.98,111.36,257.11
-391.99,122.38,269.03
-259.69,5.6877,172.43
-156.36,-27.174,120.5
-384.08,128.46,277.68
-258.97,50.733,149.19
-363.97,148.66,271.42
-218.16,-20.801,151.81
-192.48,10.92,128.67
-100.55,-109.28,23.01
-130.6,-74.936,41.954
-206.28,-30.865,98.948
-193.32,-20.941,147.08
-316.45,109.45,201.86
-373.87,112.1,263.77
-352.07,132.49,264.52
-186.81,-46.284,127.63
-287.19,78.23,173.4
-288.85,79.642,217.43
-284.71,67.453,163.7
-295.46,30.975,185.7
-293.21,54.55,216.57
-203.3,-40.572,102.99
-211.21,-33.831,135.9
-96.999,-98.748,73.287
-361.31,90.664,238.63
-84.378,-128.52,35.744
-263.56,68.879,183.89
-144.24,-72.102,52.326
-336.94,133.35,229.63
-199.22,-45.789,104.27
-71.629,-124.48,48.465
-357.14,86.398,234.1
-201.47,-42.559,102.6
-177.62,-9.2647,135.04
-213.4,-19.826,102.52
-310.03,61.647,223.71
-288.18,47.465,156.82
-220.75,-23.522,147.66
-116.24,-107,54.636
-84.369,-72.127,34.441
-190.8,-39.641,134.42
-126.78,-72.952,39.862
-150.85,-48.507,117.57
-314.85,112.61,210.39
-106.22,-90.162,81.242
-87.377,-124.1,44.916
-164.57,-31.678,128.51
-199.94,7.6497,151.61
-71.594,-80.037,27.391
-391.28,132.57,280.98
-346.21,117.06,260.35
-343.23,131.72,218.67
-216.98,21.232,123.76
-274.2,12.806,168.63
-88.704,-66.973,43.004
-312.21,82.24,178.27
-272.65,71.462,170.67
-72.371,-128.55,43.909
-301.49,42.143,204.55
-325.54,94.377,188.12
-338.62,85.751,243.33
-217.48,15.793,117.81
-110.37,-78.917,87.74
-264.93,6.1807,151.83
-357.46,97.276,208.41
-108.94,-102.38,71.385
-180.02,-6.3454,98.433
-284.98,87.515,198.07
-264.99,44.546,201.19
-279.1,79.637,180.54
-341.27,111.78,201.27
-203.13,-40.495,129.17
-313.43,46.339,197.47
-369.07,157.87,271.91
-119.51,-67.394,38.753
-170.08,-39.419,129.88
-201.64,-27.417,145.7
-142.64,-88.468,71.888
-219.09,-29.677,116.64
-224.13,-8.5046,110.07
-208.47,22.545,133.34
-241.7,-13.831,143.64
-108.79,-104.18,69.087
-266.29,10.37,147.41
-185.57,-55.308,112.78
-143.85,-52.084,55.442
-66.519,-91.656,55.066
-379.73,109.62,257.22
-361.32,99.267,252.99
-175.86,-26.201,136.47
-86.642,-69.373,38.785
-116.27,-77.722,91.041
-131.08,-36.244,90.851
-357.26,142.71,266.47
-72.403,-127.88,44.733
-77.908,-88.105,14.471
-301.75,36.689,191.8
-258.24,60.545,189.76
-331.85,91.743,246.09
-174.5,-61.819,81.692
-136.17,-63.771,105.42
-157.01,-29.77,74.243
-374.87,111.52,262.84
-121.66,-42.17,74.165
-97.65,-81.992,79.614
-167.05,-16.178,126.55
-344.59,133.7,255.8
-114.52,-60.843,91.177
-163.25,-67.889,71.021
-298.67,73.655,170.08
-249.29,23.268,130.2
-159.28,-76.125,87.956
-342.56,122.37,208.79
-198.18,-45.363,123.08
-264.98,61.936,160.55
-303.16,88.33,181.13
-368.16,95.207,237
-174.4,-3.4912,110.94
-203.25,19.415,136.65
-138.73,-44.026,59.952
-205.04,-42.46,113.56
-316.19,59.927,221.52
-200.17,-39.006,133.51
-280.74,21.118,159.58
-123.14,-71.692,96.459
-177.81,-0.46434,117.58
-251.84,58.27,166.27
-205.52,-38.429,103.97
-143.1,-42.184,61.948
-370.67,157.67,240.24
-259.05,61.827,189.57
-387.91,147.98,232.34
-191.65,-17.41,90.038
-143.3,-30.894,76.112
-237.71,3.6226,173.66
-385.16,127.72,227.38
-160.67,-75.237,80.145
-251.25,58.011,166.9
-88.678,-102.74,11.535
-365.04,98.226,217.22
-372.01,116.3,217.78
-121.85,-48.307,92.624
-82.682,-78.594,24.626
-301.64,55.265,218.4
-337.03,133.96,237.36
-125.11,-87.304,38.79
-175.85,-64.297,98.068
-174.46,-44.853,128.39
-146.62,-80.815,91.173
-233.46,23.215,178.7
-286.74,69.688,165.54
-344.11,95.113,197.41
-332.5,122.54,247.17
-211.43,-17.02,100.81
-86.893,-74.374,29.436
-61.887,-96.113,52.215
-141.75,-86.315,59.213
-363.87,100.84,213.99
-235.99,44.968,167.65
-359.51,99.098,209.9
-73.58,-114.46,56.601
-143.3,-66.524,51.183
-147.8,-84.79,74.997
-147.45,-37.149,66.869
-194.12,-14.731,92.225
-313.76,47.516,187.27
-129.25,-44.722,99.374
-213,-19.79,152.92
-230.58,-21.879,128.15
-356.63,151.5,245.93
-90.33,-64.32,52.141
-378.66,104.48,241.85
-293.11,76.281,222.05
-308.1,49.326,211.4
-339.97,88.226,194.41
-398.1,150.08,237.53
-94.802,-95.976,74.062
-209.71,-3.1558,103.38
-324.96,118.16,239.65
-282.43,22.018,161.65
-324.65,90.271,242.87
-362.34,114.55,210.95
-246.73,9.901,126.52
-115.75,-52.616,52.667
-143.56,-59.926,52.361
-196.7,11.782,120.27
-109.4,-53.965,53.937
-166.09,-71.562,86.463
-391.58,129.63,232.76
-179.31,-37.159,77.756
-373.18,110.92,220.04
-195.72,13.46,132.15
-316,51.52,184.84
-157.68,-48.787,62.924
-190.69,-1.9623,145.97
-342.63,124.72,257.5
-74.992,-94.247,63.207
-333.65,103.82,250.89
-305.7,82.551,176.84
-310.16,51.333,175.89
-198.93,0.52747,153.13
-292.51,29.803,188.77
-299.86,100.65,207.33
-158.12,-71.371,67.077
-116.5,-82.822,69.657
-93.11,-80.976,45.555
-229.2,23.62,138.29
-392.94,103.64,216.54
-234.98,-34.857,114.35
-322.34,37.092,176.64
-401.81,114.98,253.92
-92.133,-108.68,-8.3503
-373.28,117.74,254.79
-381.43,142.08,214.95
-183.68,-11.314,100.34
-160.83,-66.108,40.456
-321.53,89.294,172.39
-222.52,18.74,131.08
-103.03,-94.032,59.639
-346.34,78.664,175.29
-269.12,54.915,171.55
-200.05,-15.492,79.371
-112.59,-63.139,48.412
-392.92,129.85,210.46
-174.97,-37.492,112.37
-185.97,-10.652,107.75
-97.827,-83.274,10.866
-260.17,48.242,163.23
-289.39,19.351,177.63
-130.11,-111.41,33.5
-317.24,93.981,210.44
-372.21,112.56,252.44
-377.31,101.79,246.3
-180.49,-48.49,55.424
-310.42,89.982,179.13
-212.78,-31.492,78.061
-85.905,-126.89,37.014
-154.99,-32.795,74.765
-383.12,147.12,262.33
-258.9,-2.0977,112.46
-138.12,-45.465,70.65
-209.78,-29.775,132.47
-274.96,9.1271,169.24
-248.55,-24.088,121.73
-282.1,46.002,190.32
-230.39,-37.907,116.07
-230.13,-27.142,92.276
-415.29,129.24,228.12
-248.35,-23.464,130.5
-117.85,-64.343,64.545
-323.92,53.213,206.89
-223.49,17.409,116.41
-294.68,34.027,137.7
-317.77,83.799,215.98
-194.79,-5.7993,93.558
-127.64,-87.527,16.606
-329.71,110.14,203.81
-212.43,-40.893,79.47
-180.19,-15.587,104.97
-327.31,55.459,162.16
-351.05,124.24,204.68
-153.06,-94.518,63.125
-265.37,46.799,138.28
-251.3,39.261,159.8
-237.94,-12.618,149.74
-338.2,95.273,231.12
-348.13,61.89,186.27
-289.47,42.431,193.63
-257.11,44.405,140.28
-366.12,105.72,191
-396.12,103.03,230.56
-375.76,99.443,244.31
-187.71,-8.8517,107.42
-138.09,-101.93,30.642
-147.77,-91.546,34.321
-395.61,130,267.69
-330.47,110.8,204.16
-137.39,-46.213,71.003
-154.72,-40.979,54.965
-128.21,-106.09,20.663
-92.794,-130.57,32.53
-306.83,64.118,207.92
-199.66,-61.484,84.446
-215.95,-49.382,103.26
-297.99,40.4,140.36
-94.327,-100.24,-3.7963
-167.35,-31.085,103.03
-306.14,89.247,189.64
-231.85,-2.8616,152.49
-296.4,44.827,140.38
-167.75,-53.392,47.477
-123.16,-75.203,20.29
-218.14,-44.754,115.44
-112.58,-118.88,43.606
-200.06,-46.473,118.75
-306.53,89.024,183.84
-110.46,-101.94,3.6877
-156.44,-86.815,77.342
-187.81,-62.021,62.996
-181.74,-42.628,57.898
-247.95,32.91,161.26
-242.65,-27.414,111.47
-196.14,-40.793,122.25
-346.85,101.52,237.26
-156.41,-61.955,97.127
-169.03,-63.015,46.197
-354.32,104.77,186.19
-382.96,91.392,217.15
-357.55,119.51,244.93
-82.693,-92.115,41.601
-173.35,-53.47,107.94
-157.94,-30.712,83.241
-247.34,-19.312,108.34
-219.79,-15.535,85.074
-233.14,23.363,147.97
-163.56,-31.484,98.133
-217.31,-34.431,82.11
-319.44,39.53,191.49
-212.64,-39.766,125.04
-296.26,69.403,199.06
-255.22,45.483,148.79
-184.65,-10.64,97.074
-334.72,54.288,171.26
-348.17,124.23,229.86
-194.32,-3.9273,112.83
-105.98,-68.148,46.303
-160.21,-83.914,44.328
-157.06,-35.577,92.583
-309.99,34.463,189.44
-284.38,11.76,134.35
-242.1,19.67,112.02
-197.67,-27.057,71.177
-245.87,-22.831,136.02
-330.28,44.467,178
-379.75,95.892,203.02
-238.43,14.807,107.66
-77.508,-131.66,31.807
-386.21,145.43,217.54
-119.66,-72.434,22.029
-363.52,81.596,191.01
-190.65,-44.343,62.21
-366.29,82.671,194.01
-87.043,-81.043,25.998
-368.27,92.247,191.87
-268.33,51.401,174.8
-174.99,-79.437,76.082
-236.33,-33.604,118.2
-121.44,-56.868,54.848
-208.11,6.5058,108.94
-198.77,-57.623,74.081
-396.63,118.53,259.68
-271.55,59.257,161.94
-235.7,21.022,114.48
-146.19,-84.15,29.809
-122.93,-110.13,17.1
-130.62,-111.48,37.899
-205.14,4.2498,107.02
-192.2,-42.909,119.88
-200.79,-51.949,112.8
-207.1,-43.176,121.89
-325.91,94.739,220.99
-142.41,-99.213,62.895
-291.98,76.461,174.14
-68.613,-106.72,33.715
-395.71,111.78,252.64
-370.96,136.89,211.77
-234.85,-27.308,97.789
-225.24,-19.073,142.9
-261.24,47.899,143.47
-147.09,-87.671,77.982
-363.17,91.807,187.59
-272.03,-1.9461,129.15
-357.68,70.042,193.98
-74.13,-95.13,32.793
-228.34,-12.328,90.318
-345.41,121.27,228.59
-366.44,90.082,190.67
-367.97,141.11,245.76
-362.9,92.492,238.88
-161.63,-34.052,97.829
-355.32,133.35,224.37
-302.31,36.357,143.52
-353.9,119.04,241.64
-343.48,115.8,231.04
-137.73,-61.317,33.729
-80.962,-94.965,-1.3826
-126.9,-87.26,74.004
-342.04,56.005,182.84
-195.52,-2.8375,101.58
-231.77,1.9685,153.46
-108.78,-118.17,5.4356
-157.99,-33.92,65.284
-301.71,78,200.97
-103.98,-125.16,36.841
-329.38,45.043,173.25
-377.07,89.873,204.27
-174.06,-35.861,111.56
-395.06,161.77,233.21
-239.31,-16.194,97.856
-242.77,-19.499,143.04
-366.82,126.66,202.38
-138.04,-106.22,42.233
-298.82,18.231,152.45
-102.74,-102.28,57.249
-330.13,92.392,174.61
-386.71,130.35,208.04
-224.78,11.071,146.31
-127.93,-98.328,66.906
-351.55,70.757,182.38
-275.37,7.3363,125.92
-364.66,136.44,245.19
-218.32,-46.882,108.95
-92.496,-77.193,30.975
-125.78,-61.632,33.905
-335.74,86.815,172.01
-365.01,119.99,250.65
-272.51,43.891,133.62
-249.09,-23.376,128.54
-408.85,116.7,250.23
-166.03,-45.319,51.081
-275.22,14.774,174.5
-142.63,-96.248,31.402
-271.25,3.5683,123.13
-149.56,-78.192,86.425
-187.27,-28.945,67.104
-137.84,-48.037,76.414
-193.87,-3.808,102.02
-130.37,-111.49,41.615
-407.22,119.98,223.52
-321.58,76.564,162.87
-225.56,-23.664,87.425
-101.42,-131.81,15.739
-111.28,-73.991,20.533
-377.89,140.8,259.07
-213.3,8.7479,107.51
-114.42,-103.14,60.818
-181.79,-48.711,56.111
-321,35.937,176.5
-385.25,94.209,215.73
-268.78,23.907,178.23
-330.64,79.158,223.74
-73.17,-124.44,35.023
-138.04,-45.951,57.444
-259.49,-2.9499,158.69
-323.27,93.477,176.46
-166.57,-34.633,104.22
-152.23,-94.166,44.508
-130.33,-107.66,25.346
-178.18,-70.691,93.72
-93.807,-102.25,-5.0177
-377.39,105.93,249.67
-308.2,27.636,178.98
-84.474,-82.783,25.37
-86.404,-97.181,47.416
-158.93,-50.747,100.67
-214.6,-43.421,83.449
-88.628,-110.31,47.633
-230.93,7.3286,100.97
-178.66,-68.776,96.274
-366.55,99.409,190.11
-136.21,-63.238,31.912
-176.49,-69.199,96.192
-182.41,-23.955,116.29
-222.15,5.653,99.252
-134.83,-61.732,33.086
-333.89,111.14,219.82
-223.17,-31.032,133.27
-221.77,11.985,107.26
-147.11,-96.835,39.02
-172.28,-81.171,75.267
-285.87,67.837,185.93
-341.39,89.392,231.74
-148.88,-65.293,34.376
-405.59,159.36,228.7
-101.99,-102.54,56.801
-127.94,-77.965,20.094
-91.945,-82.318,14.099
-238.81,19.563,112.11
-232.37,-2.7335,95.383
-267.36,-8.9752,135.23
-350.53,66.662,184.27
-116.21,-96.087,8.1611
-129.87,-97.831,67.512
-340.21,114.27,227.49
-156.64,-56.227,98.652
-181.12,-67.128,97.844
-227.91,-39.882,104.04
-418.17,123.81,240.21
-108.8,-122.24,9.0907
-126.28,-91.202,71.742
-364.49,121.08,197.98
-286.89,52.218,193.87
-251.49,34.498,126.94
-271,50.943,178.95
-306.23,88.038,196.49
-366.63,122.71,199.32
-300.29,25.123,180.98
-130.46,-90.813,73.2
-104,-71.114,49.856
-227.67,18.056,144.96
-155.67,-73.505,36.436
-290.56,45.896,195.2
-261.54,45.054,170.45
-376.62,86.156,222.28
-294.95,15.966,168.38
-273.79,-3.7174,144.18
-321.35,102.35,195.5
-164.12,-84.734,76.491
-289.78,67.585,192.27
-312.41,84.537,210.44
-223.61,-13.001,87.716
-243.56,8.707,161.54
-296.02,80.266,183.75
-118.21,-66.514,67.039
-66.504,-101.1,27.925
-380.2,155.27,248.14
-405.15,133.79,218.15
-238.79,18.643,157.98
-329.63,47.47,197.05
-335.24,102.02,182.89
-315.64,79.911,164.33
-172.43,-50.633,108.65
-357.66,128.97,241.09
-169.05,-23.016,94.028
-352.13,88.42,179.85
-76.27,-89.472,26.907
-286.75,36.469,133.29
-263.62,-1.0783,160.06
-175.75,-22.561,107.22
-182.47,-53.542,110.78
-252.81,42.842,155.73
-331.39,68.189,218.76
-125.9,-55.797,66.229
-124.88,-55.72,63.588
-384.62,93.492,228.54
-153.43,-53.285,96.665
-89.093,-96.906,-2.9865
-249.04,-23.667,121.76
-218.7,-6.4079,89.116
-231.48,-11.388,148.96
-390.85,103.15,213.38
-227.97,-40.212,111.23
-133.52,-81.88,21.239
-195.34,-48.525,116.65
-231.27,12.413,105.45
-192.88,-4.2799,107.07
-358.44,120.39,245.56
-129.3,-105.65,21.725
-326.79,58.715,161.18
-123.33,-59.331,67.174
-93.202,-76.744,34.015
-322.18,36.957,177.04
-302.02,81.811,197.87
-403.11,130.5,216.59
-262.95,-0.78145,116.02
-246.5,33.783,158.27
-178.2,-70.014,56.672
-355.02,132.83,228.14
-289.21,29.371,133.72
-82.56,-86.439,12.519
-342.09,95.54,233.55
-93.395,-92.477,52.546
-90.398,21.061,173.6
-45.281,-68.332,110.12
-63.725,-55.026,156.75
-154.27,57.884,198.8
-274.45,161.44,285.16
12,-69.456,123.11
-152.1,32.152,184.39
-277.43,127.31,268
-108.95,26.76,170.8
-214,79.673,226.87
-243.51,86.772,249.94
-84.049,-43.084,165.38
-209.65,110.68,277.84
-240.7,82.559,281.6
-33.872,-75.336,100.1
-230.76,77.675,279.6
-244.82,120.16,306.22
-120.28,-15.703,192.7
-259.29,94.564,287.43
-260.36,118.68,311.83
-45.83,-52.063,104.93
-54.851,-5.9007,162.52
-202.47,84.357,223.49
-120.53,33.564,176.77
-60.24,-37.227,174.16
-157.91,24.935,236.31
-46.728,-66.597,110.57
-130.09,39.785,228.4
-251.24,88.705,259.34
-222.74,124.69,281.74
-251.51,90.342,257.75
-268.15,147.16,320.96
-152.08,8.0286,213.55
-209.74,72.986,276.77
-190.51,93.077,267.01
-114.4,-21.926,182.3
-175.17,37.358,247.13
-216.61,58.175,255.03
-268.55,100.84,274.6
-137.13,-5.2016,193.21
-85.226,-42.718,146.39
-194.26,91.19,272.11
-53.827,-55.368,112.35
-125.24,32.268,175.43
-145.57,62.035,231.14
-190.83,100.22,246.97
-341.21,161.35,320.16
-85.913,17.252,185.91
20.07,-59.359,96.848
-123.61,39.919,221.23
-283.15,114.85,303.9
-290.3,120.51,285.06
-70.459,-20.613,185.36
-47.729,-16.475,164.82
-294.49,186.06,318.59
-316.82,149.2,295.75
11.606,-60.051,119.46
-81.322,-22.252,189.58
-8.0412,-54.237,87.615
-291.76,120.62,306.07
-204.5,47.996,244.82
-266.89,103.25,297.03
-123.59,31.172,224.67
-82.688,14.695,165.96
-146.79,5.6983,188.07
-90.787,-18.209,194.78
-274.69,105.92,278.51
-204.65,67.157,272.26
-247,85.597,256.09
-184.73,38.641,246.19
-138.28,-3.5442,187.8
-241.44,92.067,292.35
-145.58,61.654,207.62
12.881,-55.872,111.59
-43.439,-37.118,165.68
-298.23,124.36,303.1
-105.57,-4.308,207.22
-71.167,-7.4856,136.45
-89.242,-20.472,137.96
-105.21,4.4242,210.63
-137.03,47.752,190.2
-221.69,95.547,234.41
-276.97,129.05,267.72
-258.03,141.07,267.53
-197.17,64.744,215.36
-276.8,141.02,270.14
-274.68,107.82,274.7
-184.25,92.165,258.51
11.438,-86.974,120.47
-244.21,135.63,302.85
-267.16,144.4,270.03
-97.852,-28.663,184.11
20.032,-73.338,116.49
-55.122,-45.523,167.54
-338.44,169.75,308.3
-285.75,151.31,331.87
-216.21,65.731,269.9
-209.29,103.76,281.86
-213.7,65.586,228.5
-140.97,32.653,179.29
-77.42,-1.1519,142.79
-155.12,20.874,232.51
-254.84,108.13,304.82
-126.15,12.396,222.5
-167.51,51.007,197.06
-1.2406,-100.73,108.45
-41.403,-14.669,147.24
-304.89,147.68,285.64
-66.546,2.502,153.54
-292.33,170.65,335.57
-118.2,-12.961,163.91
-135.25,24.09,230.96
-284.96,146.49,330.37
-232.42,72.085,249.16
-180.74,78.636,216.98
-338.6,157.75,325.49
-227.21,112.24,244.82
-219.71,118.46,253.13
-122.1,-0.14679,213.37
-227.88,125.65,289.64
-164.14,59.301,200.47
-147.81,66.222,225.24
-241.01,132.64,262.39
1.4758,-82.078,127.02
-41.98,-18.256,157.93
-218.69,61.869,238.49
-7.473,-96.141,113.4
-41.528,-76.357,120.47
-66.921,-49.823,163.68
13.99,-56.038,93.465
-289.11,127.13,318.52
-102.75,27.919,175.67
-19.799,-30.99,121.6
-80.31,1.0036,144.96
-201.04,59.318,218.61
-127.57,12.276,222.87
-225.51,110.22,293.91
-89.96,-15.504,138.98
-263.89,160.43,302.45
-193.35,102.69,253.15
-142.76,29.994,236.25
-33.206,-30.365,113
-263.97,97.099,271.54
-132.79,54.546,213.95
-153.48,9.8893,194.38
-219.99,85.088,285.66
-30.956,-77.026,97.496
-83.451,16.363,171.07
-299.05,187.09,309.45
-140.88,45.571,187.65
-26.772,-82.063,96.109
-23.904,-29.02,139.82
-126.31,14.981,166.5
-235.55,111.56,245.59
-207.19,112.63,270.04
-114.57,27.991,171.38
-146.44,42.702,240.95
-284.97,113.72,297.13
8.4358,-87.758,121.28
-239.66,132.53,299.52
-305.93,192.72,313.66
-104.92,33.095,192.43
-183.57,51.71,205.94
-276.12,111.89,272.32
-206.23,87.344,281.1
-219.42,75.694,279.42
-59.941,-28.785,177.38
-211.6,53.548,248.81
-78.997,13.268,169.62
-198.68,75.01,218.27
-16.658,-90.118,119.29
-263.39,158.83,306.54
-89.49,20.702,174.36
-152.38,67.652,235.39
-63.113,-0.70421,149.06
-250.9,85.359,273.93
-319.13,191.78,306.4
-60.031,-37.997,173.67
18.913,-60.841,108.18
-78.901,-15.509,191.33
-20.905,-89.291,95.969
-198.4,104.52,245.72
-155.02,52.347,246.96
-189.09,36.889,221.04
-290.35,177.69,329.17
-144.35,18.96,230.68
13.862,-91.926,116.95
-120.76,-3.3446,210.48
-148.66,62.319,206.27
-161.95,77.136,227.33
-33.431,-25.167,120.78
-176.56,40.951,201.55
-244.99,139.47,269.85
-130.95,38.733,229.5
-285.11,118.3,279.06
-200.65,94.771,230.65
-129.71,40.528,227.76
-211.43,60.474,228.9
-219.66,84.185,285.12
-64.644,0.90362,151.55
-119.18,34.138,177.65
-19.405,-32.353,136.47
-171.56,22.144,211.75
-32.713,-81.31,106.49
-97.341,15.02,158.9
-101.83,13.895,157.94
-320.5,177.25,297.89
-216.03,56.971,250.77
-286.15,158.17,332.7
-334.43,164.61,306.52
-246.97,81.949,266.07
-308.78,188.88,305.65
-205.85,110.24,249.88
-169.55,64.953,256.85
-5.088,-60.639,136.61
-125.03,38.173,223.91
-242.36,78.158,263.47
17.961,-59.821,87.48
-266.03,123.93,315.71
-253.3,102.23,253.13
-240.63,114.9,248.49
-161.05,14.134,203.7
-184.03,63.301,208.25
-20.387,-82.116,130.42
-120.61,-1.2826,212.3
-271.59,106.02,271.69
-211.21,59.651,263.84
-213.71,116.43,254.55
-188.2,67.254,267.86
-273.11,147.99,272.91
-216.74,100.17,235.48
-95.81,-20.662,193.77
-232.11,132.43,287.71
-122.51,0.90181,162.78
-273.06,149.18,324.31
-302.59,147.39,334.96
-184.7,82.493,220.36
-77.271,11.297,164.4
-104.1,29.495,202.38
-100.83,-30.83,177.17
-232.5,78.167,279.56
-51.388,-55.525,109.96
-163.78,16.681,204.32
-174.32,50.196,256.12
-273.66,135.31,267.11
-54.167,-8.3559,165.91
-56.908,-65.121,134.85
-236.88,110.14,245.28
-324.79,192.46,306.83
-156.59,69.54,240.53
-32.795,-77.204,100.26
-164.47,18.646,201.76
-132.29,51.4,198.52
-199.35,99.453,273.4
-286.89,173.64,328.1
-52.386,-63.751,147.38
-149.56,21.316,182.33
-167.1,20.227,204.46
-306.48,186.79,303.97
-103.04,-28.843,158.37
-324.42,191.9,306.41
-89.224,-0.87756,144.67
-247.09,105.53,302.21
-32.463,-21.541,142.36
-37.54,-30.342,112.72
-112.56,-22.768,183.34
-150.72,67.966,230.09
-238.38,119.47,250.72
-3.4225,-42.319,116.25
-152.81,68.565,215.8
-288.3,175.14,328.69
-69.98,-48.278,127.29
-263.41,154.88,281.87
-198.63,78.126,275.5
-26.437,-60.816,149.04
-45.434,-22.966,165.95
-196.39,70.832,216
-61.587,-5.4135,174.56
-50.958,-8.0395,145.76
-280.88,162.85,327.73
-28.897,-36.342,106.42
-96.543,5.1094,205.53
-47.227,-34.846,111.07
-322.76,144.77,313.3
-74.931,-13.704,132.58
-51.046,-34.234,170.94
-282.24,116.67,307.95
-229.73,120.82,294.99
-129.33,44.086,187.66
-273.1,104.03,279.37
-283.91,145,274.01
-248.52,123.36,254.6
-285.35,166.57,287.61
-213.17,56.398,255.91
-254.89,153.18,292.63
-204.87,55.107,224.54
-190.28,85.401,222.7
-204.76,48.256,235.13
-199.59,106.56,249.65
-203.62,57.016,221.94
-67.61,-1.4876,179.57
-183.44,94.142,241.34
-248.63,148.01,289.73
-144.26,42.092,239.49
-135.78,26.914,232.13
-39.966,-35.817,163.36
-216.18,97.729,287.86
-94.656,7.0382,204.12
-178.2,28.452,213.17
20.351,-62.109,107.49
-10.998,-55.408,141.14
-166.51,57.003,254.66
-63.384,-43.107,171.02
-40.759,-20.842,124.54
-207.42,50.46,247.42
-272.16,159.06,283.1
-37.873,-78.316,112.85
-81.026,-15.052,192.56
-112.97,13.026,216.84
-43.517,-13.199,149.53
-58.482,-62.823,127.18
-128.58,19.97,169.15
8.5002,-60.898,123.89
-163.85,73.676,247.37
-136.14,-1.7234,179.41
-264.06,150.97,316.11
-135.57,31.179,176.74
-142.17,23.862,177.23
-212.78,62.314,266.8
-140.82,12.02,176.55
-74.334,-13.453,132.54
-76.769,10.955,164.18
-283.39,119.72,275.56
-321.92,148.77,331.79
-4.7341,-46.098,130.09
-17.628,-69.514,141.04
-224.86,98.563,292.45
-173.09,25.015,229.86
-255.28,94.502,259.12
-245.06,83.679,255.27
-296.07,162.64,338.81
-16.164,-61.323,85.184
-124.14,-14.777,179.61
-208.54,109.73,277.16
-27.981,-25.524,141.58
-159.41,57.54,249.87
-257.53,100.65,298.04
-103.42,11.657,156.46
-130.43,7.5381,168.49
-263.11,103.34,262.31
-213.69,86.299,228.13
-86.306,-11.154,138.28
-271.82,157.95,320.74
-200.63,63.34,217.68
-30.381,-38.939,104
-242.25,129.3,258.54
-47.423,-72.078,127.02
-19.405,-42.17,146.13
-157.96,10.806,230.8
-82.628,-8.9918,167.71
-233.64,59.244,273.63
-32.618,-95.938,82.168
-103.11,-41.308,135.14
-320.13,176.31,305.22
-319.38,164.56,292.54
-239.92,107.34,287.21
-66.262,-82.404,127.95
-60.895,-30.928,160.71
-263.44,94.67,300.79
-53.095,-77.731,96.897
-180.6,21.892,190.76
0.94472,-73.863,80.793
-9.1583,-66.022,118.09
-63.922,-40.799,113.67
-201.31,83.601,249.99
-194.34,14.634,217.56
-210.3,91.01,255.05
-301.28,141.64,275.9
-76.035,-34.002,121.35
-339.18,132.94,317.2
-277.82,129.22,265.45
-306.23,168.35,303.49
-201.3,26.847,244.5
-16.333,-110.72,110.86
-91.047,-6.8892,181.77
-44.967,-42.488,112.64
-92.439,-33.906,186.08
7.6305,-78.207,105.09
-306.78,165.39,327.68
-47.675,-34.674,129.03
-240.04,51.108,248.34
-48.147,-46.79,106.6
-196.89,39.181,202.06
-75.175,-39.613,175.36
-156.51,35.673,187.9
-260.94,70.338,275.46
-221.7,60.803,219.16
-215.28,89.715,237.65
-141.07,-1.3616,219.38
-78.186,-16.663,140.24
-239.58,89.274,235.43
-320.35,138.47,335.03
-326.27,151.74,287.7
-88.324,-41.357,123.67
-115.7,11.966,199.61
-84.743,-39.634,180.34
-349.51,152.77,303.22
-85.286,-23.777,183.4
-159.63,50.026,210.68
-185.34,9.5796,224.65
-57.677,-83.804,105.89
-26.452,-65.341,138.52
-226.09,49.235,224.54
-227.69,64.245,223.05
-122.17,-4.8033,209.87
-41.941,-58.151,150.74
-185.41,9.5918,224.59
-172.57,33.764,245.24
-78.441,-73.028,141.19
-172.89,10.735,232.46
-54.78,-55.964,101.36
-239.24,67.131,280.17
-36.799,-96.423,87.43
-234.06,53.122,266.46
-178.41,26.059,189.34
-229.55,79.964,228.23
-135.06,-31.298,179.37
-307.42,111.81,311.1
-145.43,24.549,226.53
-89.955,-64.94,142.32
-181.88,7.9134,224.77
-16.741,-101.36,121.08
-182.29,64.265,245.93
-127.27,-28.328,195.66
-78.027,-11.664,159.15
-295.63,98.468,296.37
-9.803,-103.67,117.85
-67.961,-37.724,116.84
-234.88,103.38,283.84
-291.18,98.784,301.47
-103.18,-26.568,193.73
-170.94,15.178,236.2
-165.05,3.3675,181.24
-141.48,19.387,172.97
-18.981,-57.551,100.36
-37.49,-44.873,139.2
-68.458,-26.469,128.71
-16.186,-112.67,107.95
-94.761,-44.526,180.27
-141.85,-1.4896,219.55
-52.315,-82.205,141.69
-69.953,-75.743,145.25
-301.3,152.31,283.4
-154.48,36.282,231.31
-267.82,123.07,260.75
-25.911,-98.884,124.22
-335.67,157.3,293.19
-212.68,29.474,227.88
-330.17,130.25,324.8
-20.195,-71.251,81.168
-124.5,-38.491,177.19
-139.93,2.0955,163.13
-299.86,113.57,315.96
-204.53,34.094,208.91
-327.33,149.62,342.39
-283.82,145.29,280.83
-263.78,76.042,283.78
-320.46,175.12,303.26
2.3224,-72.194,105.34
-44.519,-97.476,116.89
-304.6,158.3,329.88
-301.95,145.84,278.45
-168.97,31.959,242.96
-45.793,-76.164,146.55
-149.74,42.652,205.52
-284.12,151.11,305.77
-349.35,162.63,301.31
-300.5,112.42,314.73
-230.66,75.397,226.8
-150.9,32.346,185.02
-129.26,-7.6991,154.88
-215.72,94.36,247.32
-292.49,115.64,317.53
-188.06,30.455,195.87
-59.823,-85.026,111.72
-253.06,125.17,272.38
-125.47,-32.38,190.5
-120.29,18.45,178.96
-121.34,5.2162,159.41
-259.47,81.337,244.7
-39.537,-79.221,85.965
-179.53,5.7661,198.78
-265.16,80.847,250.39
-110.03,-10.916,145.5
-155.02,-3.155,173.64
-263.37,132.99,276.77
-225.05,51.673,267.38
-46.517,-34.947,135.14
-236.42,48.718,242.9
-39.734,-90.8,132.71
-91.405,-22.364,133.17
6.7992,-82.507,110.25
-299.36,106.14,274.34
-313.21,136.57,332.77
-112.23,-1.9456,203
-43.42,-62.028,93.779
-292.61,140.68,324.28
-215.54,95.253,258.63
-181.14,5.6886,202.55
-262.49,129.07,269.49
-34.887,-94.237,83.902
-315.44,130.84,329.48
-324.79,143.85,338.87
-185.98,29.79,248.45
-95.268,0.94342,175.02
-318.11,155.14,340.39
-209.61,55.643,211.81
-310.29,173.54,319.13
-144.05,7.2995,224.21
-140.35,28.085,182.31
-37.838,-103.07,102.6
-73.319,-72.165,117.68
-143.05,-24.873,179.48
-123.42,10.711,209.99
-270.45,117.24,256.86
-306.06,136.98,330.89
-295.04,159.47,314.64
-112.37,-18.581,200.89
-239.36,83.953,233.08
-230.14,106.92,269.55
-235.28,70.705,228.14
-224.24,48.953,264.68
-223.97,84.624,280.23
-135.46,-30.185,185.27
-136.72,-9.8833,213.15
-26.156,-68.135,138.58
-292.75,109.5,313.08
-12.574,-108.77,113.69
-212.15,87.105,235.43
-83.784,-67.833,130.85
-291.05,146.2,279.21
-129.43,-32.898,186.61
0.21947,-95.971,117.33
-288.51,104.67,309.23
-133.14,-31.595,184.94
-117.48,18.074,189.05
-152.87,-15.604,181.19
-239.78,90.108,290.44
-231.95,49.817,231.54
-146.28,2.3294,222.9
-44.443,-88.969,134.37
-35.841,-62.61,91.115
-116.84,-10.591,205.63
-71.313,-70.663,113.6
-82.499,-16.931,178.43
-268.15,124.55,262.03
-35.701,-59.194,145.72
-14.657,-101.19,120.82
-98.585,-0.71301,186.77
-139.7,35.154,205.59
-23.222,-69.687,82.984
-325.26,158.5,344.54
-284.69,145.97,314.63
-298.7,137.83,273.42
-167.29,28.333,184.56
-202.57,30.331,248.66
-39.55,-55.047,98.024
-261.69,83.775,246
-224.55,80.42,227.33
0.055634,-101.82,115.43
-229.26,66.293,278.5
-275.8,95.641,255.07
-269.65,113.19,309.36
-167.04,20.698,181.92
-42.252,-47.571,148.52
-196.04,18.568,233.45
-299.79,100.67,284.02
-35.636,-74.954,143.38
-130.13,1.4752,158.75
-234.89,104.62,248.97
-199.08,75.285,259.57
-231.02,90.645,235.05
-293.32,112.97,265.84
-128.64,-16.882,206.76
-243.25,63.36,276.04
-318.38,180.22,318.15
-67.482,-64.877,107.53
-99.92,-7.7623,193.15
-128.43,2.661,214.79
-70.719,-71.176,152.55
-150.25,-18.021,198.97
-164.96,-4.957,187.58
-157.91,36.279,188.4
-169.62,3.359,224.64
-35.355,-77.572,142.11
-200.07,19.493,228.78
-111.41,-33.259,191.57
-90.793,-49.552,125.62
-6.9688,-64.174,108.13
-311.86,130.23,328.87
-292.58,123.88,321.65
-108.68,5.1588,195.96
-37.845,-58.675,94.598
-47.071,-46.32,153.25
-76.981,-15.509,143.46
-303.25,167.71,314.51
-0.030517,-100.86,115.87
-28.78,-84.402,78.036
-230.52,55.274,270.16
-202.59,84.414,241.23
-265.44,121.18,306.53
-107,-51.701,163.78
-66.522,-32.228,168.1
-106.6,-24.684,138.12
-306.94,135.79,330.76
-70.574,-26.597,128.03
-31.927,-51.191,137.68
-107.57,10.574,180.27
-291.2,157.87,303.86
-52.369,-31.823,146.2
-97.387,-59.438,152.59
-248.42,75.746,236.87
-194.81,25.571,202.57
-86.227,-56.793,168.05
-296.83,125.25,268.55
-123.88,-22.814,201.53
-216.54,69.236,219.41
-255.5,92.429,242.27
-301.02,110.82,312.86
-123.16,11.487,165.63
-151.22,36.591,190.15
-88.427,-39.369,124.14
-133.51,-26.838,195.44
-245.04,86.109,291.85
-125.55,-12.757,208.54
-214.01,31.107,240.75
-54.165,-40.22,158.29
-125.69,16.535,171.38
-202.06,72.208,220.05
-138.03,-28.44,186.19
-92.5,-37.875,126.9
-327.8,163.71,292.77
-203.88,85.186,240.92
-341,147.58,297.14
-137.97,-14.711,160.89
-93.642,-21.409,134.37
-165.54,33.932,241.08
-331.62,128.91,299.63
-89.807,-60.325,161.85
-201.28,72.45,220.42
-33.019,-100.6,85.689
-304.57,104.1,294.1
-317.9,117.72,290.57
-63.53,-22.433,145.68
-34.24,-72.524,84.78
-231.19,84.129,284.98
-289.4,150.59,285.39
-64.282,-82.72,117.49
-102.99,-45.824,178.8
-101.93,-14.068,195.82
-72.394,-56.05,167.21
-168.5,53.749,236
-237.5,73.008,229.66
-290.01,96.516,270.2
-278.27,147.13,295.95
-152.73,-13.671,177.88
-38.42,-67.599,88.897
-1.822,-68.208,105.54
-74.055,-75.566,140.9
-305.43,104.92,289.95
-182.39,65.637,219.64
-301.94,102.45,285.41
-3.4884,-84.016,121.03
-85.526,-63.556,127.39
-75.952,-67.787,155.87
-97.107,-32.251,130.86
-140.67,-11.973,162.71
-246.62,59.118,267.31
-69.752,-17.816,152.96
-139.66,9.9275,222.59
-160.55,-8.4833,210.28
-311.53,164.8,293.95
-39.72,-48.626,105.23
-312.76,118.46,317.71
-231.33,105.45,276.42
-236.23,74.131,284.16
-284.34,90.272,268.62
-349.47,149.51,304.88
-25.158,-64.92,137.25
-156.2,-0.45345,174
-271.79,141.51,288.27
-215.32,32.498,242.83
-259.35,120.05,301.43
-310.45,115.14,281.57
-188.06,13.231,203.56
-66.645,-44.701,111.81
-88.132,-57.545,125.95
-146.55,23.559,176.81
-60.194,-43.665,110.72
-94.438,-55.38,167.92
-336.65,131.68,306.01
-122.25,-34.358,153.14
-316.15,114.12,294.97
-143.34,31.174,185.56
-250.84,60.681,264.71
-102.35,-46.337,136.31
-129.11,26.539,200.75
-285.4,151.74,307.86
-11.264,-64.238,119.37
-270.71,133.19,306.64
-256.47,84.863,241.99
-247.93,57.407,254.97
-135.53,30.249,209.14
-220.39,50.23,266.43
-250.92,116.65,257.81
-92.482,-63.095,148.53
-50.664,-61.388,137.65
-37.066,-66.435,107.3
-175.27,34.73,200.73
-331.41,101.6,303.11
-162.66,-27.26,205.68
-252.62,43.061,266.1
-334.25,127.75,333.32
-38.717,-116.38,72.99
-310.13,137.27,321.08
-337.37,135.46,282.35
-130.83,-2.5579,163.75
-103.81,-72.792,125.69
-274.24,84.448,242.35
-169.26,28.638,193.85
-36.849,-72.536,128.04
-290.93,71.178,259.15
-214.5,67.969,232.89
-148.85,-20.496,154.87
-60.676,-54.828,110.99
-343.61,120.3,288.09
-109.47,-16.152,180.01
-131.21,1.1815,170.56
-49.136,-86.953,81.533
-206.06,60.365,224.84
-216.25,36.683,259.93
-60.219,-106.59,124.4
-262.65,108.54,270.17
-307.69,132.04,320.67
-309.34,118.79,321.84
-124.39,-55.303,139.53
-263.05,91.064,243.01
-153.84,-37.472,165.2
-14.252,-107.14,114.75
-103.47,-26.452,138.86
-328.78,163.13,320.21
-197.45,-6.7149,201.62
-84.574,-35.027,133.26
-138,-7.9031,208.18
-201.59,27.401,250.88
-177.05,-17.83,213.33
-217.46,66.94,257.2
-156.96,-27.831,206.35
-167.19,-30.826,182.51
-358.47,123.38,312.23
-174.89,-12.843,220.24
-60.676,-48.947,126.96
-252.84,71.319,285.57
-173.32,19.905,182.67
-237.07,27.479,223.6
-257.56,102.75,278.84
-144.56,-4.0475,160.68
-72.082,-94.69,100.33
-281.86,115.65,263.74
-149.35,-44.483,169.8
-124.85,-2.9427,167.73
-268.15,49.829,249.23
-306.08,122.71,267.99
-79.637,-83.098,151.98
-216.41,45.356,206.98
-195.51,53.296,221.74
-165.25,8.3387,227.64
-276.28,115.04,295.48
-282.87,62.36,275.35
-221.62,63.888,264.36
-207.69,46.341,206.09
-315.27,96.841,270.05
-330.37,107.41,316.23
-307.54,116.21,320.45
-133.56,2.092,170.33
-71.797,-102.06,121.76
-83.57,-93.891,124.88
-331.4,148.64,336.37
-282.71,116.19,264.09
-83.537,-35.294,133.53
-104.96,-43.162,125.53
-63.991,-108.2,110.99
-19.941,-114.09,115.33
-242.02,84.961,275.13
-128.5,-56.026,176.42
-142.9,-40.377,194.13
-241.89,33.317,224.75
-42.911,-107.59,74.444
-107.78,-13.729,166.68
-256.31,96.77,250.18
-163.18,19.272,223.64
-242.29,37.385,222.41
-113.25,-60.344,129.52
-72.224,-81.535,96.801
-143.58,-30.914,203.33
-39.216,-103.52,128.27
-126.19,-26.367,199.17
-258.04,93.568,245.64
-54.457,-109.07,87.999
-82.099,-70.341,162.18
-123.37,-64.463,153.99
-127.24,-49.489,139.86
-189.61,49.558,223.96
-173.15,-24.36,203.67
-124.17,-18.957,198.25
-284.83,121.27,301.77
-87.129,-39.722,169.01
-110.79,-69.284,132.67
-305.76,96.44,261.53
-317.52,94.124,304.12
-299.58,137.52,305.71
-24.409,-75.194,103.94
-102.68,-31.266,181.77
-104.74,-21.153,146.29
-181.36,-20.326,199.96
-164.69,-22.361,167.83
-176.14,38.454,210.45
-105.55,-15.625,161.21
-155.58,-38.951,171.55
-247.27,53.263,276.21
-138.34,-20.625,207.05
-237.16,87.398,261.39
-204.29,51.977,211.92
-132.79,-3.8788,161.2
-271.85,51.677,260.27
-297.12,136.08,287.56
-139.97,7.3353,175.67
-53.38,-58.475,108.4
-95.029,-85.475,135.42
-99.595,-20.272,155.48
-237.45,50.271,272.5
-219.84,9.7536,225.03
-191.68,15.137,185.95
-144.15,-33.662,151.52
-171.56,-8.9438,223.52
-262.23,47.98,267.72
-320.15,91.498,289.4
-187.6,9.7774,182.67
-6.2759,-111.73,108.77
-342.25,138.41,285.2
-69.837,-77.526,95.72
-303.17,77.442,278.17
-133.26,-50.861,147.79
-305.27,79.19,281.4
-36.717,-74.905,88.665
-311.44,85.589,276.8
-211.55,66.875,236.59
-101.69,-69.27,166.07
-163.37,-24.599,208.95
-69.345,-48.486,117.61
-157.31,10.748,174.24
-131.94,-57.834,166.03
-329.68,134.83,334.56
-220.86,66.149,224.33
-185.99,19.023,184.79
-86.347,-89.65,117.68
-58.633,-112.08,107.39
-59.508,-104.55,128.27
-154.27,8.6197,172.28
-120.46,-20.969,195.46
-126.12,-34.088,196.65
-132.9,-23.725,203.44
-267.87,112.42,282.19
-68.445,-84.575,149.13
-242.66,81.714,236.36
-8.1359,-87.939,97.127
-327.92,125.91,330.94
-326.88,132.04,277.33
-169.85,-29.311,189.09
-153.24,2.5569,219.15
-211.91,49.865,209.11
-73.388,-68.503,159.13
-307.89,84.278,271.31
-204.76,-1.3038,220.81
-292.59,70.741,282.59
-17.924,-80.097,94.252
-172.15,-19.091,174.5
-293.82,133.64,286.49
-309.27,83.621,275.88
-317.29,153.39,302.51
-294.82,110.77,313.25
-102.89,-17.45,161.14
-308.5,139.17,282.54
-243.23,30.526,230.7
-297.02,136.34,301.66
-289.27,130.79,289.79
-87.22,-66.705,108.68
-32.72,-98.816,68.847
-56.872,-65.36,147.27
-276.01,57.197,272.23
-144.34,2.2833,166.47
-164.83,23.788,222.57
-45.93,-121.27,94.927
-108.07,-32.879,132.72
-244.95,94.202,261.97
-30.852,-110.09,121.49
-262.9,46.277,263.21
-315.03,87.772,291.61
-109.54,-14.992,178.34
-352.66,157.76,295.59
-178.27,-21.113,186.77
-168.4,-1.9008,226.75
-321.49,119.8,271.75
-67.051,-99.764,132.94
-230.51,20.812,243.52
-33.856,-80.516,129.09
-282.47,86.093,246.6
-338.99,120.98,283.32
-164.23,29.409,210.29
-55.084,-78.37,146.06
-290.47,66.944,270.19
-212.29,3.9796,216
-312.63,150.02,302.44
-144.53,-35.994,198.86
-41.793,-70.498,93.58
-76.566,-64.03,103.96
-285.78,78.817,248.92
-304.85,139.02,313.36
-222.69,38.889,207.22
-176.08,-13.937,218.9
-342.07,125.64,332.56
-114.11,-51.416,128.7
-202.77,34.678,253.18
-77.897,-98.042,122.12
-207.86,0.42556,213.41
-77.255,-56.966,163.52
-135.31,-34.806,144.54
-81.806,-34.189,138.87
-142.4,2.0882,166.52
-58.334,-102.63,131.24
-348.8,115.29,308.6
-271.53,69.073,239.38
-165.84,-29.297,175.27
-31.293,-125.64,105.55
-62.235,-77.577,91.582
-322.46,157.48,317.75
-163.14,10.653,174.37
-42.832,-82.215,137.24
-125.26,-55.45,140.72
-251.01,42.351,265.86
-321.04,95.201,302.83
-199.88,45.675,250.09
-264.97,99.749,292.38
-4.5868,-103.08,106.86
-87.678,-42.066,122.51
-185.8,15.741,240.32
-276.42,89.558,244.84
-105.35,-15.887,168.69
-83.815,-91.993,136.14
-64.012,-107.64,116.34
-103.54,-53.878,178.62
-41.951,-109.75,73.985
-310.23,123.91,323.08
-235.77,39.761,265.73
-33.917,-76.054,87.739
-24.115,-77.352,112.22
-92.994,-29.232,168.72
-149.2,-45.092,174.95
-20.671,-88.668,118.33
-179.69,1.9805,176.87
-104.08,-51.114,180.19
-313.3,91.057,271.9
-85.564,-68.852,107.27
-102.03,-50.991,179.38
-120.49,-4.7093,181.19
-171.75,1.815,172.43
-84.674,-66.683,107.1
-281.84,123.55,278.32
-149.03,-11.737,214.9
-171.94,11.202,176.47
-79.645,-95.757,130.5
-98.818,-70.475,164.93
-230.77,81.956,246.82
-276.52,109.72,299.56
-95.217,-72.335,115.38
-362.07,150.98,297.17
-33.2,-80.783,128.51
-75.343,-85.065,99.688
-43.539,-83.129,81.381
-188.73,15.875,184.68
-178.29,-9.5324,176.7
-196.25,-2.959,226.56
-287.42,64.744,272.89
-60.733,-103.33,91.856
-56.831,-78.114,147.18
-286.7,128.5,286.09
-89.277,-34.255,168.19
-106.52,-49.543,181.89
-157.05,-34.946,196.14
-355.7,124.28,325.48
-43.356,-122.81,99.501
-55.298,-69.623,146.65
-318.3,113.51,269.28
-223.28,72.75,259.75
-202.13,32.73,196.52
-212.64,67.954,241.3
-254.15,99.199,256.33
-320.5,115.02,270.65
-227.31,40.563,265.04
-58.754,-69.563,149.45
-49.531,-58.675,111.64
-169.95,33.84,207.71
-97.3,-79.73,123.04
-223.59,67.296,264.79
-204.13,61.032,232.58
-308.52,93.87,307.69
-222.12,27.88,255.91
-201.74,4.3854,234.62
-273.49,106.98,256.37
-89.902,-70.873,163.89
-232.48,84.013,253.78
-254.58,101.85,271.75
-168.39,-19.834,170.63
-175.85,30.649,231.59
-245.29,88.757,244.52
-59.473,-49.579,129.99
-10.051,-85.694,89.33
-333.16,163.43,304.18
-353.98,124.53,298.04
-176.62,38.239,222.87
-258.02,60.227,282.02
-288.75,97.037,251.89
-267.31,73.998,236.82
-102.84,-28.332,180.89
-304.5,143.41,298.98
-114.85,-11.971,156.89
-298.81,80.195,261.61
-23.607,-78.878,88.132
-232.24,29.168,215.72
-189.84,17.001,242.46
-117.54,-6.5398,170.39
-109.92,-32.065,187.94
-199.33,53.855,217.64
-262.44,87.955,292.76
-70.779,-42.921,128.45
-70.589,-43.945,125.81
-316.91,101.21,313.4
-88.161,-32.048,164.08
-39.471,-103.17,71.657
-177.65,-17.583,213.4
-166.41,-12.485,167.23
-160.29,10.503,223.83
-330.19,100.11,299.81
-155.13,-31.609,202.23
-78.356,-89.068,104.46
-121.75,-28.005,196.25
-180.91,8.3802,178.78
-140.04,4.4818,170.45
-300.55,138.36,306.27
-64.858,-107.55,112.16
-269.27,52.16,246.96
-66.849,-44.766,129.5
-41.818,-68.761,96.21
-252.33,43.187,266.41
-247.57,95.728,258.09
-351.24,121.51,297.15
-200.62,-4.7906,205.74
-189.46,49.116,220.55
-113.31,-71.998,147.81
-307.06,140.72,285.73
-231.4,22.909,219.81
-34.036,-85.111,77.732
-279.17,115.57,299.01
-30.848,-72.527,117.58
-43.465,83.467,172.91
16.242,-12,135.79
6.5751,18.16,176.88
-108.02,111.53,206.31
-233.47,212.4,288.23
70.254,7.257,123.02
-99.331,83.416,203.33
-226.58,174.71,288.33
-62.767,82.365,176.16
-162.09,129.53,246.09
-184.96,140.03,274.73
-13.902,27.583,187.93
-157.86,182.01,274.5
-172.69,153.16,301.28
26.536,-20.148,125.43
-162.5,150.47,297.34
-185.31,195.81,308.98
-49.831,55.455,215.15
-192.39,161.64,309.27
-196.9,193.7,320.66
7.8157,-1.2389,125.54
-4.1555,63.962,159.21
-154.74,134.47,236.71
-74.165,88.266,183.33
6.839,42.539,183
-88.219,102.21,251.34
14.382,-10.679,136.1
-71.884,117.18,227.54
-190.12,144.53,284.97
-174.05,192.48,277.84
-191.43,145.02,283.15
-212.98,220.1,320.58
-82.047,78.094,236.58
-142.88,150.15,288.03
-136.68,166.49,264.29
-44.804,46.448,206.49
-105.64,113.87,262.73
-148.43,125.26,278.6
-206.34,158.17,300.16
-68.754,60.415,218.59
-19.938,18.031,172.61
-137.9,166.6,270.79
4.0435,-2.1482,136.25
-78.115,85.391,184.68
-93.814,133.34,227.78
-145,162.24,245.17
-283.03,214.07,345
-34.836,87.576,182.64
66.511,4.3238,94.146
-68.09,115.22,218.88
-217.36,181.1,325.08
-230.74,174.6,310.37
-6.018,59.547,190.17
6.9814,58.041,162.17
-252.51,244.92,314.79
-262.94,197.48,319.32
65.151,13.133,116.6
-13.799,57.726,198.81
37.413,-2.7735,96.308
-226.7,184.94,328.27
-136.28,114.55,269
-200.13,171.88,317.05
-63.632,109.7,225.04
-36.068,76.163,165.81
-82.976,64.571,214.23
-22.416,61.448,205.51
-212.79,162.9,304.01
-137.19,144.25,284.4
-185.98,141.32,281.71
-114.79,112.18,265.46
-71.814,58.793,213.98
-174.46,166.3,306.83
-99.675,121.17,208.52
62.556,12.938,107.98
19.363,42.361,168.96
-234.65,184.99,327.09
-37.861,75.735,216.64
-24.483,45.62,145.12
-34.664,31.298,158.86
-40.223,84.79,215.97
-90.977,102.88,195.89
-173.37,144.68,249.46
-226.97,176.12,287.25
-215.29,190.51,274.6
-144.2,115.35,235.26
-231.07,187.31,284.61
-214.53,162.57,300.14
-132.99,162.94,255.01
76.214,-8.7511,127.76
-191.93,207.1,300.04
-224.01,192.36,279.2
-27.087,45.707,203.64
77.186,2.6095,115.69
13.011,33.536,178.57
-287.05,215.72,330.86
-227.32,224.84,335.34
-147.36,139.13,287.82
-153.7,178.38,280.31
-155.68,118.74,252.68
-91.079,83.913,194.29
-30.923,52.585,150.54
-85.09,97.589,248.58
-189.56,182.73,316.59
-58.791,92.407,231.47
-117.27,101.79,213.03
67.62,-29.252,128.38
7.3003,52.184,144.33
-254.45,193.98,306.58
-20.126,63.626,153.48
-240.01,241.2,333.77
-56.485,43.715,189.49
-69.367,104.21,237.78
-225.05,220.28,335.62
-169.46,130.09,275.06
-135.03,131.61,224.45
-277.92,214.39,349.68
-182.34,162.48,253.99
-176.16,173.61,255.35
-52.472,78.355,227.03
-176.92,196.04,286.13
-116.82,111.19,211.27
-98.988,133.31,222.25
-198.25,184.98,266.47
67.16,-3.7564,135.45
10.986,54.456,154.76
-155.99,119.5,264.42
61.553,-24.426,133.32
25.444,-12.551,145.82
3.4262,25.21,181.95
58.963,3.9276,92.626
-223.84,197.25,334.94
-56.561,87.257,177.15
26.333,30.858,120.39
-33.78,54.779,152.72
-144.56,111.56,241.63
-59.891,92.158,232.41
-167.48,185.95,294.55
-37.056,35.762,158.1
-219.38,222.79,298.47
-146.63,166.81,250.38
-77.007,109.99,243.04
12.121,23.845,118.65
-201.58,154.62,297.15
-83.953,121.5,211.12
-88.927,69.641,220.63
-154.52,162.24,295.03
29.115,-22.169,122.71
-36.108,79.946,169.72
-259.27,240.08,308.76
-94.122,98.868,196.22
34.479,-26.053,121.74
26.589,40.7,136.38
-74.299,66.285,184.35
-189.17,160.31,258.37
-158.49,180.28,266.29
-68.05,82.343,178.52
-84.197,122.04,243.6
-220.23,176.31,320.69
74.109,-9.7046,129.99
-187.53,203.93,296.58
-266.52,245.24,312.96
-56.281,99.49,189.91
-129.38,103.02,226.78
-218.06,164.4,297.22
-144.54,165.09,284.66
-151.79,151.43,293.22
4.4899,51.242,182.31
-143.75,119.48,273.15
-31.314,77.704,167.84
-148.96,124.98,234.38
52.552,-18.646,139.71
-217.24,223.65,302.25
-42.33,83.765,173.29
-100.98,138.53,231.98
-16.955,59.524,149.57
-184.73,149.19,298.15
-279.57,237.65,312.84
7.2104,41.703,182.8
68.997,8.5323,104.54
-13.973,64.779,196.67
42.529,-30.726,121.93
-153.7,163.38,245.66
-94.118,131.02,248.47
-124.33,97.01,247.19
-242.78,244.29,324.98
-75.33,97.647,243.31
79.456,-14.057,125.74
-50.737,74.563,225.3
-103,120.31,208.45
-115.29,140.06,225.72
11.799,32.032,123.19
-119.98,93.543,224.34
-202.61,193.47,271.68
-71.928,116.65,229.2
-226.82,170.97,304.1
-155.56,147.16,237.88
-72.015,117.56,226.57
-151.51,115.23,254.01
-154,161.29,294.78
-18.317,61.748,151.65
-72.99,89.509,183.27
31.035,37.316,133.02
-105.33,84.266,237.83
31.616,-21.612,132.49
-50.854,69.388,165.98
-54.576,66.899,167.49
-277.03,220.98,311.93
-148.53,122.25,275.31
-230.25,230.86,333.58
-281.9,211.52,329.68
-181.91,143.33,291.32
-269.5,237.34,309
-161.49,168.45,250.02
-109.46,143.02,257.89
55.134,17.314,137.94
-67.94,114.78,222.34
-176.99,139.97,288.7
62.454,-1.2845,87.474
-203.01,198.67,324.22
-199.02,152.14,275.55
-194.25,163.33,261.61
-94.916,76.057,229.86
-133.91,113.7,224.46
48.873,-7.2789,147.4
-50.981,77.229,225.96
-211.85,160.29,297.05
-142.04,132.22,283.06
-169.72,174.07,254.79
-123.93,146.04,273.87
-229.96,195.37,282.7
-170.64,150.24,246.52
-26.08,57.709,207.71
-183.88,199.69,283.73
-66.194,53.628,185.07
-217.26,222.29,324.63
-239.7,219.14,346.42
-139.21,135.57,227.42
-30.333,73.848,163.56
-51.554,101.71,199.15
-30.586,39.705,199.99
-164.23,150.44,297.85
5.6353,-2.9029,133.32
-98.187,77.836,230.54
-107.82,129.26,264.9
-226.76,181.8,282.97
-1.6894,63.796,162.66
11.061,0.36233,159.82
-189.85,158.66,259.22
-284.7,237.09,315.29
-104.12,141.69,237.27
28.283,-21.36,125.83
-100.24,78.013,227.97
-86.18,111.23,199.39
-145.39,172.9,270.82
-238.37,241.21,324.2
17.674,8.8953,167.75
-93.225,73.984,204.7
-102.5,80.061,230.69
-267.07,235.3,307.45
-38.145,31.347,184.64
-284.25,236.5,315.01
-40.908,50.947,156.91
-182.37,181.1,312.19
16.689,46.148,139.2
8.2404,22.694,120.22
-42.577,46.71,206.89
-101.01,136.51,226.8
-193.57,168.79,260.77
43.936,22.656,113.46
-106.74,129.31,215.66
-240.06,242.42,324.7
-9.1879,7.4202,152.61
-221.96,207.92,283.42
-135.55,156.42,280.38
39.66,18.346,157.16
11.924,53.768,164.61
-145.83,120.91,233.15
-7.1827,68.832,171.77
-4.1541,54.668,144.58
-228.8,233.5,325.49
16.649,16.592,113.7
-34.202,84.855,207.89
1.1551,15.814,124.62
-261.86,201.24,337.96
-26.243,37.613,145.87
12.862,45.592,175.37
-216.26,184.86,327.35
-175.21,194.29,293.16
-83.379,100.4,191.98
-210.41,162.14,304.78
-237.93,190.88,289.25
-203.05,171.56,266.72
-244.49,215.3,292.85
-144.47,125.05,278.57
-211.04,213.97,289.38
-144.68,110.14,249.72
-144.69,137.84,230.57
-139.1,109.82,261.02
-154.57,166.77,248.62
-145.04,110.71,246.33
-12.78,73.185,176.92
-137.48,156.12,239.75
-204.2,209.71,286.35
-82.413,121.31,241.72
-70.686,107.02,237.9
21.285,43.095,165.09
-155.76,174.75,290.44
-33.693,86.194,205.21
-113.36,88.636,239.37
70.598,7.4743,103.86
48.981,22.533,142.15
-104.11,136.03,257.83
5.6727,35.329,183.97
4.5737,35.771,127.69
-139.19,117.21,271.43
-231.02,209.94,286.49
27.5,-17.146,138.76
-15.708,65.275,198.4
-48.938,93.214,221.06
5.4344,54.058,146.55
6.7847,-1.9709,153.27
-77.642,71.221,185.58
63.904,13.922,121.87
-110.43,146.84,244.36
-72.829,56.584,205.48
-212.18,221.79,313.42
-86.4,82.686,190.49
-89.081,75.287,196.44
-143.75,135.54,285.14
-83.254,65.439,199.83
-25.831,37.942,145.49
-29.811,73.571,163.3
-226.79,170.79,299.95
-258.03,214.08,351.34
47.86,26.18,126.86
48.879,9.1908,150.2
-162.53,175.69,297.52
-103.21,95.413,252.32
-196.08,148.27,284.27
-183.7,139.78,280.95
-239.21,235.3,341.06
32.551,-11.817,100.39
-56.941,48.708,205.61
-156.67,181.14,273.84
22.041,43.517,138.2
-99.333,135.76,250.72
-190.61,172.46,314.97
-55.438,63.917,167.78
-74.382,60.126,190.55
-205.73,155.35,286.8
-164.19,135.75,244.48
-35.801,39.889,154.34
-220.65,228.07,317.82
-146.07,114.53,239.16
15.786,12.864,113.32
-198.96,179.97,265.09
20.208,-7.1001,152.05
37.497,34.033,144.72
-83.92,87.696,252.2
-25.93,57.397,176.26
-159.05,131.47,300.65
31.434,-45.992,117.97
-39.074,9.2724,170.26
-274.45,223.98,318.18
-272.26,208.01,311.88
-180.65,176.75,296.14
8.1266,-19.689,164.62
0.26341,40.833,169.78
-192.66,167.47,321.98
9.8332,-28.33,131.72
-118.52,71.322,224.39
51.535,-20.366,94.412
49.02,2.5401,126.41
-10.399,8.208,136
-146.65,147.47,258.37
-120.77,75.531,255
-156.25,154.03,263.47
-251.32,184.91,299.34
-21.824,14.837,144.8
-270.45,189.48,352.54
-228.36,174.92,285.67
-259.46,219.81,313.98
-124.95,97.596,275.48
59.066,-39.923,140.48
-30.574,64.227,190.57
6.6479,10.8,127.88
-19.702,43.638,205.01
65.377,-10.132,113.32
-252.56,229.42,335.29
5.2845,24.906,139.56
-167.82,110.44,285.56
4.0637,3.4252,125.87
-136.96,87.49,233.92
-4.9808,37.606,191.13
-103.74,87.056,206.72
-187.04,135.1,309.32
-163.14,108.15,250.14
-164.54,143,251.68
-67.079,75.86,240.37
-25.936,38.241,154.67
-186.24,135.73,260.17
-251.63,207.54,357.29
-274.33,193.29,315.65
-29.016,6.9736,154.65
-55.305,83.001,208.39
-12.088,37.825,199.25
-291.15,196.43,337.76
-18.236,52.398,195.95
-106.48,109.71,221.34
-109.01,77.057,259.02
10.585,-29.927,143.37
38.798,9.2829,150.22
-160.91,100.22,260.82
-168.79,111.54,254.53
-51.53,72.71,225.94
25.413,17.725,164.02
-109.09,77.019,259
-102.39,110.55,261.46
-2.9852,-8.1344,177.05
-96.561,84.915,259.82
0.64018,-8.4109,127.81
-165.5,139.98,305.38
29.309,-44.737,124.24
-158.76,122.68,297.25
-118.66,74.583,220.71
-175.5,126.76,253.59
-59.855,32.27,216.26
-235.57,176.43,342.31
-79.62,99.934,238.21
-16.084,-3.5907,179.7
-105.27,76.554,258.31
57.508,-27.094,145.5
-123.14,133.91,254.45
-50.07,44.801,225.32
-22.997,51.959,168.3
-223.56,160.73,330.33
63.709,-28.987,140.83
-14.383,11.395,139.13
-175.49,172.96,292.76
-218.48,164.62,332.55
-30.156,51.025,213
-95.704,90.953,260.4
-99.782,54.848,217.11
-87.747,69.589,194.34
32.426,-1.7054,112.65
20.966,23.992,147.59
-16.363,26.604,144.84
59.242,-42.974,138.75
-18.903,31.339,205.23
-67.667,75.651,240.88
23.788,-9.2785,170.05
6.6021,-6.3177,177.89
-253.75,197.54,301.47
-91.101,109.93,241.45
-218.28,169.82,279.96
49.265,-25.64,150.99
-283.42,198.43,321.98
-140.25,88.687,265.51
-259.51,193.22,356.08
32.029,-23.043,102.55
-48.224,27.717,212.8
-81.866,50.643,192.17
-228.4,182.13,342.5
-139.83,84.902,244.7
-260.41,218.84,362.02
-236.22,194.58,294.73
-189.72,143.36,315.2
-274.76,221.92,317.15
58.338,-6.2804,113.45
30.498,-32.6,152.16
-247.2,225.16,338.91
-252.96,189.52,300.12
-99.079,108.76,258.76
28.292,-0.26092,169.04
-96.132,103.35,215.77
-232.48,211.92,313.21
-295.51,203.69,332.36
-228.81,180.4,342.19
-174.98,121.98,254.61
-98.2,84.179,203.27
-70.628,40.9,184.65
-164.35,151.63,258.08
-222.38,186.4,339.92
-127.24,79.23,228.45
10.691,-28.514,149.54
-203.22,180.95,282.59
-48.156,39.269,221.86
-67.253,76.878,190.8
-67.782,55.788,180.15
-198.08,129.08,279.14
19.535,-31.847,117.61
-108.98,62.231,236.71
-201.42,130.18,286.4
-54.855,38.077,170.11
-90.273,47.992,209.14
-214.32,187.19,287.53
-150.04,124.08,294.79
7.972,28.034,144.22
-165.06,106.58,280.47
36.023,-17.944,160.67
-37.019,26.793,156.52
67.717,-11.297,119.57
-235.58,155.11,310.78
-245.17,206.52,353.17
-45.733,73.987,215.04
11.132,-14.561,119.13
-230.95,210.56,336
-161.66,158.11,267
-109.39,63.686,240.52
-213.81,180.48,282.66
29.195,-44.246,119.7
-245.64,199.58,353.57
-256.73,212.89,360.25
-111.7,105.68,271.21
-39.189,66.32,183.78
-255.08,224.61,354.41
-152.32,103.04,241
-261.14,231.03,326.6
-71.982,84.774,242.29
-87.905,81.79,198.26
34.978,-42.853,139.72
-4.8552,-18.051,155.18
-69.451,35.754,217.24
-58.914,85.351,220.65
-219.21,162.4,280.06
-239.55,207.62,348.48
-243.19,220.73,321.89
-39.634,59.077,219.7
-184.49,130.18,260.16
-176.42,169.83,277.65
-176.78,117.67,259.44
-148.91,120.66,293.27
-159.21,158.17,292.38
-59.148,36.073,220.87
-61.39,66.678,236.66
40.211,7.0655,151.21
-221.25,179,338.7
62.289,-35.977,140.5
-161.3,140.46,249.55
-12.429,-10.308,168.76
-243.35,192.8,296.06
-52.413,35.933,220.5
69.233,-20.474,133.28
-216.55,174.06,335.6
-56.627,35.288,220.17
-62.053,82.325,198.1
-81.398,41.973,219.21
-172.7,164.1,305.31
-164.5,102.83,268.82
-72.248,79.457,244.04
31.572,-16.708,163.31
17.335,-14.581,113.99
-45.588,67.035,222.42
-4.7496,-18.38,150.41
-19.847,56.239,188.07
-218.85,171.62,280.58
30.027,15.813,157.67
59.203,-26.587,144.36
-38.421,70.076,195.48
-84.26,99.549,214.5
29.202,-21.55,104.71
-261.65,227.8,359.55
-228.62,211.97,322.72
-248.13,181.11,297.67
-111.06,76.71,211.26
-126.42,102.28,278.11
12.771,-5.7039,118.35
-200.69,131.23,280.21
-171.53,127.87,250.59
70.982,-26.324,134.01
-156.83,140.82,300.15
-215.58,142.29,289.06
-203.45,185.69,324.58
-108.4,69.106,211.89
20.269,25.315,158.29
-119.8,86.407,267.32
-231.26,155.35,321.03
35.898,1.5658,161.72
-74.141,50.255,184.7
-184.92,156.41,263.53
-138.86,145.93,268.52
-179.39,138.72,255.76
-235.24,157.93,298.65
-53.09,59.575,230.69
-168.53,133.81,305.07
-271.21,234.16,326.63
-5.295,-15.724,141.6
-35.092,67.123,203.99
-58.804,79.896,229.77
5.9384,0.97036,182.49
-73.569,49.552,233.71
-94.697,51.152,225.47
-105.08,87.479,207.49
-92.696,75.627,254.82
36.884,-1.1824,161.55
-124.9,83.859,264.8
-35.199,42.423,217.2
-27.348,0.56596,160.41
47.64,-0.42857,116.57
-242.4,199.61,351.8
-224.76,195.3,340.22
-47.313,77.182,205.05
14.867,-10.036,116.2
16.744,27.59,163.73
-24.525,41.11,156.39
-253.77,225.54,322.08
70.629,-25.327,134.04
29.049,-37.584,108.56
-155.59,127.17,298
-150.34,143.43,251.37
-203.73,191.9,317.45
-30.933,14.156,199.47
-2.2511,42.143,178.72
-48.137,23.743,167.84
-239.87,206.36,349.19
-18.342,25.65,145.21
28.027,19.306,146.42
-52.551,74.033,189.57
-241.93,214.87,312.01
4.3965,34.808,154.59
-22.215,4.384,189.18
-188.12,123.12,270.2
-129.46,76.944,238.66
-9.5523,17.028,196.26
-242.62,168.65,297.66
-47.836,53.148,226.65
-161.98,116.51,244.98
-199.74,138,271.25
-229.1,178.01,341.47
-70.344,63.693,183.65
-98.892,90.213,206.02
-29.797,8.8323,154.31
-56.207,44.44,227.17
-175.32,160.24,310.2
-51.601,64.633,229.29
-138.79,96.215,276.06
9.3289,33.504,168.52
-73.144,70.18,187.53
-150.33,122.74,238.32
-61.877,37.374,222.04
-33.269,10.498,157.73
-279.24,205.42,315.91
-151.86,143.61,251.35
-283.13,191.09,331.17
-73.881,36.031,195.91
-39.063,27.657,158.08
-97.355,110.27,255.03
-266.67,179.08,336.43
-12.84,10.117,193.99
-149.65,123.32,238.22
33.878,-48.182,122.82
-234.27,162.13,330.03
-252.41,168.49,327.49
-9.3461,39.681,155.24
21.153,-25.624,111.87
-164.12,158.43,299.5
-242.1,199.95,298.8
7.3165,-24.754,155.28
-25.967,27.56,207.94
-33.606,62.755,209.44
2.0612,20.515,189.51
-109.31,123.45,244.51
-179.27,119.81,260.74
-224.52,147.26,307.14
-228.24,205.05,304.18
-82.902,41.945,215.69
16.536,-20.456,115.14
53.134,-3.8549,113.82
1.8213,-9.3401,175.95
-236.42,160.51,326.66
-130.51,121.77,232.29
-233.52,157.01,322.4
62.065,-9.5647,133.33
-16.581,-8.9165,165.01
0.81836,4.2111,186.12
-38.586,16.065,160.77
-76.9,38.576,197.49
-172,125.09,300.9
-14.818,45.706,162.09
-69.611,87.186,238.12
-83.595,60.719,243.71
-265.11,210.79,309.68
11.852,3.2182,121.92
-241.26,184.01,347.46
-175.1,171.79,284.37
-164.68,148.52,304.74
-217.42,142.63,305.85
-289.37,194.57,340.35
39.437,9.2995,148.47
-92.316,50.134,208.9
-222.24,198.05,297.29
-139.98,98.102,277.79
-199.23,189.84,311.13
-247.12,163.58,317.95
-118.27,68.806,241.36
-11.676,3.3821,137.09
-21.68,-5.272,162.62
-92.908,73.783,198.04
-6.7188,5.2282,133.1
-17.361,16.18,199.04
-270.58,183.39,342.74
-54.088,19.556,190.45
-248.28,168.13,331.77
-90.949,85.282,201.01
-176.99,124.07,299.92
-36.061,5.8694,172.83
-72.708,92.475,209.37
-233.32,213.18,315.23
46.773,4.161,127.66
-213.21,200.67,315.16
-197.59,131.35,274.31
-175.6,117.14,291.91
-77.698,98.26,217.56
-145.61,123.51,292.62
-201.6,167.04,272.92
-17.464,0.46632,185.17
15.735,6.3612,158.1
21.956,-9.8877,129.31
-116.52,88.275,225.49
-254.49,158.21,349.62
-78.979,42.313,247.95
-171.04,109.72,308.53
-259.9,194.47,365.76
32.054,-69.038,120.73
-245.75,201.95,341.97
-278.8,174.43,322.07
-71.837,49.26,190.66
-29.29,-21.792,174.76
-212.9,126.96,282.18
-110.53,81.182,219.64
29.929,-4.4484,148.65
-217.85,120.44,308.07
-156.23,122.74,255.73
-82.605,25.601,197.69
-2.5305,-4.0164,137.78
-276.64,163.26,335.2
-43.411,51.263,200.34
-71.947,55.707,195.01
13.13,-42.787,120.91
-147.8,114.37,248.46
-138.13,109.98,290.69
22.357,-40.116,168.39
-205.44,163.74,291.11
-241.58,197.98,342.61
-237.34,187.17,349.31
-50.917,-5.2014,188.09
-205.61,135.45,275.54
-77.434,15.529,214.76
60.427,-34.488,141.45
-44.482,23.396,167.82
-272.85,218.53,339.18
-118.89,49.033,251.28
-25.853,17.953,158.57
-64.584,65.515,232.34
-123.8,101.2,280.64
-93.482,50.568,256.67
-152.19,133.43,277.41
-73.573,43.534,246.34
-87.421,26.59,232.08
-284.75,174.44,360.14
-91.846,58.708,259.57
-0.84151,8.9129,148.71
-177.74,142.94,313.91
-113.4,67.325,215.43
-161.92,79.064,272.92
-196.4,164.52,298.34
-84.049,43.21,194.42
0.95954,-45.2,148.94
-226.82,161.82,291.11
-69.468,13.097,219.36
-65.412,52.375,191.59
-191.72,103.13,298.51
-249.84,164.06,302.04
2.8215,-11.34,190.28
-155.33,90.446,243.77
-136.46,109.46,244.19
-90.123,82.314,253.57
-213.56,178.65,315.2
-203.05,123.2,321.43
-152.77,133.51,286.22
-148.3,92.895,239.02
-246.85,141.44,317.43
-252.59,169.89,357.8
-235.07,184.76,348.39
-74.439,55.786,195.45
9.6889,-40.449,169.32
-3.1655,-34.899,173.68
-265.11,214.03,359.13
-227.69,162.25,291.55
-24.765,18.114,158.47
-42.4,2.4491,163.81
16.276,-49.109,159.51
58.416,-41.327,146.96
-176.48,151.58,295.58
-44.794,11.819,220.52
-59.264,30.306,235.17
-168.24,83.34,273.65
25.174,-62.014,120.33
-46.323,46.955,187.71
-200.19,145.4,276.46
-93.774,89.869,245.24
-170.84,85.446,270.34
-41.659,-11.777,177.12
-5.4194,-36.092,141.08
-61.364,42.636,239.44
40.52,-30.62,161.65
-49.019,48.457,227.02
-201.57,140.04,274.66
19.116,-59.159,136.9
-1.9203,3.8066,194.87
-42.601,-5.2737,203.09
-55.701,-0.88736,187.34
-129.19,108.88,245
-89.875,41.207,249.56
-50.497,54.628,222.59
-221.98,184.95,321.59
-17.042,31.471,190.93
-35.058,-17.025,182.09
-240.53,139.07,306.59
-239.01,155.82,347.51
-240.52,196.92,324.79
35.759,-15.84,124.6
-30.86,41.216,204.72
-45.85,31.238,172.45
-99.66,40.73,248.39
-92.426,26.814,215.7
-116.32,96.059,232.46
-44.992,43.158,183
-76.74,17.087,221.3
-167.91,124.56,310.74
-59.998,54.303,236.4
-176.72,147.83,281.29
-146.13,101.32,240.26
-73.671,46.411,189.88
-192.89,109.35,308.45
-242.42,187.16,309.34
-80.829,61.306,200.54
4.6897,-6.6112,133.99
-13.945,-25.329,183.95
-39.348,37.828,177.55
-159.03,122.55,304.73
-139.24,69.171,273.66
-126.72,60.647,227.62
-73.987,14.105,197.99
-89.673,64.39,259.4
-181.06,112.33,312
-244.01,145.59,337.46
-121.8,55.52,225.26
67.76,-39.412,134.94
-283.55,177.15,325.34
-5.2339,-32.74,137.66
-226.27,132.31,326.48
-58.391,0.5378,196.92
-228,134.88,329.35
20.942,-26.232,117.02
-237.19,136.41,325.69
-152.25,124.39,257.96
-18.545,1.9904,205.84
-79.849,45.999,249.93
-11.023,2.5177,144.44
-97.788,59.287,205.29
-49.731,4.2593,214.07
-258.45,202.06,362.17
-163.25,115.39,252.01
-123.61,64.645,222.81
-9.1672,-35.669,167.28
21.635,-52.877,155.79
23.142,-36.307,170.51
-94.758,57.256,203.21
-47.138,52.433,219.51
-46.465,40.794,227.85
-54.888,51.203,232.33
-208.51,171.78,301.73
12.51,-11.335,183.83
-185.63,129.19,265.1
53.474,-25.979,117.04
-254.2,193.24,361.86
-269.49,171.55,314.86
-88.694,30.531,238.04
-79.401,76.099,243.76
-152.67,96.336,241.93
4.1928,5.8711,188.01
-234.95,133.4,320.18
-122.59,61.456,268.1
-213.13,131.49,328.26
40.964,-23.25,115.77
-98.596,31.114,223.07
-238.81,185.38,308.01
-234.72,134.83,324.77
-263.33,204.26,323.5
-223.54,179.65,339.22
-41.936,42.237,182.52
-254.95,184.49,308.77
-166.75,83.705,280.18
-238.84,194.5,320.83
-232.82,185.76,309.93
-21.569,-21.365,151.48
29.109,-55.12,108.12
14.366,6.4349,170.14
-195.73,118.97,317.95
-84.957,51.435,196.7
-97.335,92.683,243.32
33.326,-63.759,143.7
-47.466,13.87,167.12
-186.17,151.92,282.42
48.795,-37.498,155.07
-182.1,108.48,309.21
-237.44,144.83,338.57
-44.373,51.363,198.54
-297.89,195.98,330.88
-100,34.164,236.52
-88.946,72.615,258.06
-261.21,159.87,312.68
15.771,-31.776,175.68
-148.37,85.132,289.15
36.069,-9.8307,151.31
-219.71,128.5,288.49
-274.08,162.51,329.07
-102.23,91.303,230.8
20.919,-4.5487,173.36
-212.9,122.59,318.59
-132.58,61.626,265.27
-257.89,202.53,322.78
-61.272,35.939,238.09
15.953,-21.305,121.51
-14.52,-18.988,142.12
-219.06,122.84,294.56
-243.81,200.76,332.73
-158.14,83.707,249.06
-92.787,56.839,259.37
-266.09,190.48,369.2
-46.249,-4.9826,173.39
-127.21,108.12,280.26
2.7929,-38.384,170.62
-127.9,58.427,262.63
-2.7716,16.738,188.85
-67.549,11.744,188.98
-22.33,22.139,161.73
-83.16,51.759,196
24.148,-32.936,171.73
-273.9,168.2,356.19
-205.04,113.34,284.46
-88.709,24.535,224.97
50.659,-58.547,148.03
0.39551,-33.058,131.09
-265.63,214.11,336.67
-102.83,57.887,207.86
30.97,-9.272,162.43
-51.319,-4.9294,189.5
-169.4,109.39,307.93
-242.86,155.22,347.5
-129.94,116.38,272.31
-198.22,167.08,313.75
65.235,-32.794,129.36
-28.458,5.953,153.69
-107.91,89.961,269.79
-216.26,131.93,283.2
-42.8,46.758,189.18
-1.2724,-27.703,182.35
17.399,-45.959,163.72
-23.22,20.653,211.1
26.777,-63.808,120.38
-239.89,191.84,348.75
-155.01,110.81,302.45
23.629,-26.986,115.53
39.011,-13.389,132.12
-26.529,38.635,189.14
-67.778,15.222,223.78
48.198,-18.882,140.04
-113.18,48.007,220.15
-24.419,23.612,211.57
-242.3,138.04,320.34
-19.602,-23.46,150.45
-22.875,23.795,210
-57.436,58.728,201.55
-107.28,47.522,213.23
-19.749,-21.538,149.1
-226.28,175.74,300.12
-70.981,63.093,243.95
-110.23,57.303,213.06
2.4728,-32.679,177.39
-15.826,1.0987,204.16
-172.63,137.49,268.68
-210.56,176.23,320.7
-24.578,-24.565,162.49
-302.98,188.91,338.7
36.604,-10.19,150.66
-5.9809,-38.31,146.11
16.443,-38.356,116.99
-124.76,61.326,225.06
-107.31,38.697,223.81
-112.99,65.008,269.92
-208.64,122.85,320.38
12.261,-53.941,140.51
19.568,-4.1875,174.91
-230.57,182.61,306.66
-21.361,35.081,189.06
-26.759,25.192,213.39
-73.372,32.458,240.67
-279.3,182.52,369.57
37.38,-62.119,146.99
17.321,2.9564,170.59
-256.49,154.16,311.7
-159.01,138.15,279.73
-140.35,78.091,233.99
-152.45,127.41,261.9
-197.71,151.03,279.7
-258.68,155.59,313.18
-148.1,113.14,298.04
14.982,3.595,174.32
8.9743,-4.2292,135.13
-109.71,92.323,229.37
-21.437,-27.338,172.5
-155.77,136.09,286.09
-144.39,119.29,253.79
-230.1,159.55,346.8
-140.72,99.242,293.18
-118.73,73.862,276.07
-217.83,152.91,284.84
-8.1089,2.3693,199.74
-173.18,142.3,274.35
-195.23,160.91,291.6
-95.984,29.445,218.6
-107.48,100.3,252.75
-188.71,138.52,270.25
1.2468,10.206,150.95
48.888,-28.502,110.55
-280.91,209.66,327.66
-284.91,169.31,346.12
-113.47,102.03,242.98
-178.69,130.71,317.37
-228.32,138.76,291.31
-203.99,117.14,278.71
-32.422,43.171,202.94
-248.95,197.24,319.05
-55.744,41.795,181.92
-227.8,127.28,309.95
33.919,-26.676,112.62
-160.39,77.643,263.75
-111.41,91.124,272.76
-56.861,52.47,192.11
-35.302,41.943,213.14
-141.08,106.94,242.19
-191.1,158.09,317.51
-11.773,12.26,151.86
-11.863,10.127,150
-238.99,166.53,352.21
-22.33,35.111,184.37
25.679,-58.928,114.91
-94.089,50.667,256.88
-98.105,34.3,212.16
-87.628,83.372,247.54
-253.66,155.59,346.96
-71.492,38.752,243.62
-5.7755,-39.947,152.82
-45.206,46.683,223.38
-116.37,53.989,219.79
-81.062,56.291,197.35
-241.57,197.66,325.34
15.552,-48.196,160.59
-194.24,103.66,296.22
-7.3058,12.197,151.79
15.897,-18.543,123.03
-170.75,110.05,308.61
-190.08,150.61,279.73
-281.5,167,345.4
-121.4,51.954,255.28
-129.76,106.83,242.29
-32.289,-12.247,196.66
-253.5,187.72,310.21
-156.06,74.711,269.17
24.65,-39.577,110.77
-215.41,180.18,319.11
32.512,-8.2865,137.51
-27.872,146.1,128.96
53.841,62.356,109.81
43.598,105.81,136.25
-87.361,170.86,172.76
-217.47,266.02,254.24
90.111,84.774,69.403
-69.069,148.09,177.39
-196.08,236.41,265.82
-43.521,142.23,140.12
-131.94,192.98,221.27
-148.95,210.68,250.45
24.63,114.32,150.32
-142.32,251.87,222.94
-136.74,237.9,262.22
63.535,52.823,100.08
-127.71,236.1,255.75
-163.19,274.17,257.58
-11.261,142.62,177.14
-155.42,244.27,273.81
-169.51,275.55,272.85
39.452,64.116,100.77
11.034,132.37,108.69
-129.9,194.1,208.59
-54.085,148.03,148.54
35.475,129.19,131.89
-54.698,190.54,205.19
51.751,63.166,110.34
-52.545,194.86,173.04
-152.68,218.35,259.33
-159.92,258.4,228.47
-154.5,217.53,258.19
-194.37,293.59,269.44
-43.246,164.55,199.63
-112.76,235.82,240
-120.04,238.89,211.6
-5.4009,131.98,171.33
-71.807,201.81,217.42
-109.91,209.07,244.02
-168.58,233.47,273.43
-28.992,143.97,185.99
19.306,97.232,143.84
-119.5,241.97,217.42
39.253,67.865,111.53
-56.033,145.38,152.4
-78.293,203.18,176.23
-130.49,223.74,200.92
-247.11,284.21,321.12
-19.489,156.47,131.82
80.639,66.889,48.26
-50.636,189.77,165.05
-181.2,262.44,289.85
-194.05,246.44,285.78
19.114,143.87,136.69
23.967,131.59,108.74
-240.62,301.87,271.7
-229.31,262.28,297.87
81.602,85.197,63.991
15.239,144.86,147.76
58.561,55.157,64.893
-190.13,265.01,294.91
-97.352,198.24,235.12
-164.39,254.85,279.55
-42.905,189.35,170.38
-20.229,138.22,122.8
-44.272,141.83,186.74
7.8805,149.27,155.47
-175.17,237.8,277.5
-106.3,230.44,236.88
-148.58,215.04,256.14
-78.45,199.6,224.13
-32.196,139.57,184.08
-142.21,251.17,262.53
-83.403,181.97,167.43
77.202,80.071,58.038
42.941,124.95,115.15
-197.43,262.57,297.24
-8.6317,163.06,165.65
-2.933,105.19,112.54
-2.5212,97.806,133.59
-14.558,169.68,162.63
-71.565,162.49,160.34
-147.13,204.57,222.99
-197.27,236.95,264.54
-196.11,245.3,243.75
-113.25,180,210.28
-206.09,243.94,259.81
-177.55,235.16,275.16
-117.73,232.15,203.76
103.06,75.291,76.924
-175.87,277.46,248.67
-203.34,247.09,250.48
9.7094,134.15,161.87
96.206,78.869,62.231
43.418,120.95,129.09
-254.92,277.5,310.5
-205.11,301.56,285.8
-112.25,225.49,245.9
-135.71,252.78,227.38
-120.24,188.87,228.15
-64.344,145.91,166.3
-10.027,112.18,117.05
-50.777,186.06,203.38
-159.65,266.14,270.62
-29.981,179.39,180.26
-89.8,163.95,185.87
104.02,56.537,88.837
22.07,117.82,96.129
-223.69,254.97,285.15
-4.2996,125.39,110.76
-223.29,311.32,283.56
-18.88,118.36,163.22
-42.443,189.86,185.38
-201.19,298.45,286.81
-131.22,206.29,248.04
-114.59,190.24,191.34
-241.57,288.06,322.73
-161.08,219.49,223.68
-159.85,230.89,217.98
-19.857,166.99,179.31
-161.76,264.84,235.15
-93.681,170.98,180.65
-84.232,199.13,173.83
-181,240.67,232.05
95.056,81.16,85.146
27.043,125.84,102.32
-117.82,195.34,237.68
98.003,61.589,93.604
64.7,69.148,114.46
39.263,113.46,139.05
73.792,63.997,50.307
-190.93,279.28,294.53
-39.815,148.27,136.48
41.318,92.578,76.564
-12.87,114.41,119.2
-110.39,179.99,217.13
-30.602,179.4,181.59
-147.23,262.96,242
-6.6284,100.56,132.26
-206.73,283.16,252.85
-132.45,229.77,204.15
-50.151,195.48,190.7
31.261,82.492,83.73
-163.73,230.13,270.31
-69.088,187.29,162.88
-49.918,147.85,192.57
-126.09,246.61,246.02
65.924,50.388,97.529
-20.805,143.32,124.6
-246.12,293.19,271.4
-72.605,158.57,163.46
71.961,47.952,95.971
41.627,108.87,85.898
-44.998,130.26,157.82
-165.07,218.27,230.98
-144.26,246.15,217.1
-47.541,142.14,144.28
-61.213,204.05,189.58
-182.89,255.57,289.24
102.17,75.12,80.002
-171.61,274.13,245.18
-253.51,297.87,275.91
-41.284,164.92,142.23
-97.402,169.02,201.81
-182.13,234.37,273.52
-121.15,246.12,232.22
-119.77,237.37,247.51
29.698,135.51,128.99
-104.84,202.65,239.77
-16.169,141.65,121.9
-121.56,186.43,207.87
89.391,67.466,100.43
-204.24,286.28,254.75
-26.901,146.81,128.69
-85.613,207.89,180.71
-0.84894,120.78,107.77
-146.49,230.15,266.17
-261.89,288.4,284.15
36.09,128.49,131.89
83.765,76.217,54.197
11.67,149.59,143.38
80.971,46.086,94.55
-138.46,222.86,204.51
-72.327,211.6,194.3
-85.312,175.53,218.82
-229.22,308.79,276.29
-43.589,185.77,194.93
107.55,70.638,75.924
-17.232,163.39,178.61
-85.985,180.42,169.08
-100.39,202.6,180.93
28.808,91.499,84.487
-85.924,162.17,199.47
-186.94,249.31,234.93
-51.945,195.25,174.63
-190.74,241.21,280.34
-135.48,205.03,205.06
-53.065,194.66,172.14
-114.82,187.62,228.84
-125.32,245.82,245.96
-2.4163,123.34,109.21
-53.574,149.31,147.53
46.04,105.42,82.553
-65.853,164.76,208.03
70.391,56.378,104.34
-30.395,129.16,131.7
-32.262,126.97,135.44
-253.12,274.7,288.7
-109.61,204.9,242.5
-210.58,304.97,283.27
-249,274.64,308.98
-143.37,222.52,261.6
-253.92,288.6,276.9
-146.25,227.41,209.43
-88.249,222.66,203.9
76.571,97.038,84.18
-49.441,191.18,168.01
-138.36,219.57,258.66
77.658,57.904,46.587
-175.98,280.01,276.45
-165.99,217.8,252.38
-169.93,221.21,234.62
-55.42,156.4,200.24
-106.31,175.64,197.71
83.506,79.902,103.98
-18.363,165.88,178.24
-175.07,232.35,272.36
-106,218.62,242.38
-154.52,232.52,214.66
-98.084,229.78,221.98
-208.89,249.93,254.7
-147.75,208.35,217.31
6.7514,146.4,160.24
-169.97,265,234.68
-32.556,122.05,159.85
-197.98,296.43,273.73
-210.81,299.45,302.27
-119.11,194.03,194.02
-14.832,136.53,119.44
-35.681,172.55,147.03
8.1498,126.49,162.61
-129.09,235.92,256.9
40.207,66.14,108.74
-58.838,157.45,201.49
-79.429,215.16,214.25
-200.49,239.56,258.76
14.146,134.55,110.57
50.41,83.498,127.08
-164.78,217.17,232.58
-265.53,287.95,288.53
-88.305,212.43,185.17
65.662,52.433,100.14
-61.372,155.81,200.16
-69.862,172.33,158.04
-128.62,245.43,218.18
-224.3,306.89,274.97
54.765,96.155,127.62
-59.526,142.4,179.57
-63.491,158.34,202.57
-251.35,286.71,275.39
0.99755,110.02,156.29
-264.97,287.42,288.33
-16.489,111.65,127.09
-153.81,264.28,264.62
31.446,112.45,90.273
28.729,81.407,87.088
-3.4514,132.93,170.64
-86.141,203.6,177.21
-171.76,225.47,231.56
58.32,86.468,66.627
-91.085,190.64,173.16
-226.15,307.75,275.64
27.939,80.904,126.9
-206.79,262.61,247.17
-110.84,238.91,228.24
67.497,103.9,106.11
30.665,130.46,110.32
-117.48,183.17,207.1
9.6087,142.02,118.46
11.076,117.27,100.16
-212.45,303.43,274.99
36.918,75.056,80.523
-11.37,167.1,153.43
26.438,76.224,96.293
-225.13,275.06,311.36
-1.0261,98.506,116.95
37.563,129.31,121.92
-181.18,266.97,289.83
-157.76,267.34,240.9
-64.89,160.26,154.9
-172.58,238.13,277.42
-212.38,247.6,265.14
-179.69,228.51,239.36
-227.15,268.13,261.55
-106.36,209.83,242.43
-198.15,273.24,245.23
-107.85,182.86,224.4
-124.03,196.19,198.04
-99.936,189.62,231.51
-139.85,226.96,206.03
-109.26,181.54,221.53
4.2469,146.9,123.38
-122.79,217.72,195.64
-191.19,269.8,241.5
-59.834,202.93,187.56
-44.713,191.93,184.95
43.339,124.07,110.88
-133.45,254.38,237.98
-12.155,166.97,150.49
-74.278,167.25,210.99
85.424,75.374,53.366
70.128,102.03,88.231
-80.737,218.11,204.29
37.632,123.42,135.93
22.103,95.155,89.796
-100.36,200.98,237.32
-214.78,263.67,252.72
66.566,62.262,109.53
10.389,150.46,145.34
-24.329,177.16,167.25
20.238,120.05,98.019
45.935,77.242,124.36
-49.624,134.18,158.35
81.535,88.212,68.559
-94.116,218.78,191.69
-34.361,133.21,178.33
-196.19,291.57,262.56
-60.713,144.09,161.68
-58.535,140.31,170.52
-108.32,222.02,243.55
-48.549,135.23,174.65
-0.89586,98.687,116.34
-14.329,136.29,119.11
-191.7,238.97,276.98
-223.56,293.37,315.91
63.754,97.083,74.701
77.527,94.989,100.01
-137.96,257.12,246.29
-64.828,181.82,214.85
-159.61,219.68,259.81
-146.15,213.92,255.15
-218.32,310.29,291.48
59.021,48.552,73.739
-17.189,130.52,174.81
-141.09,251.1,222.24
36.956,111.04,88.223
-78.251,215.43,196.53
-156.81,256.55,273.63
-31.729,124.44,137.18
-40.98,128.25,165.32
-170.31,224.54,263.23
-136.72,196.82,218.45
-8.1692,102.39,127.06
-205.05,297,267.32
-113.56,180.85,214.59
37.58,71.561,81.987
-179.94,235.64,233.11
59.483,75.568,119.71
56.036,110.14,90.765
-44.801,179.95,209.64
-1.0317,130.33,134.35
-116.11,222.82,264.27
76.437,28.774,101.73
5.487,84.219,153.23
-250.48,280.96,291.63
-243.67,265.05,291.61
-154.64,252.98,252.31
57.222,68.574,139.91
27.021,119.54,124.38
-154.78,255.45,282.18
53.825,45.225,115.36
-75.595,144.09,207.38
77.618,42.961,64.141
74.273,77.506,82.854
22.309,72.895,113.4
-122.56,217.74,218.12
-71.455,162.48,231.97
-132.34,223.47,223.84
-219.1,244.54,281.33
11.843,80.113,122.91
-224.15,270.6,331.46
-198.4,234.82,264.28
-236.7,278.95,283.51
-78.866,190.13,242.19
103.96,51.741,106.46
-4.2238,142.1,145.49
34.13,75.016,98.606
17.378,134.88,160.71
90.428,64.285,70.062
-229.11,299.32,294.54
30.18,92.286,103.43
-119.11,195.66,263.5
34.348,67.26,100.83
-95.903,157.93,216.77
29.194,126.38,145.41
-73.546,151.77,180.64
-139.92,223.53,281.73
-123.13,177.02,233.21
-138.14,206.4,221.78
-28.241,168.17,197.37
1.238,103.54,123.84
-152.04,199.47,240.6
-213.78,292.47,320.64
-238.53,254.24,301.2
11.252,76.836,137.03
-28.995,160.78,163.35
24.947,128.96,154.99
-248.91,263.99,325.26
12.783,137.93,149.28
-81.436,177.29,185.21
-60.73,168.58,229.8
58.112,49.95,125.26
68.652,92.671,104.19
-115.21,176.35,244.11
-128.34,180.7,237.89
-17.011,161.98,180.18
57.009,103.45,117.95
-60.792,168.51,229.82
-67.927,199.19,216.27
45.953,81.784,150.4
-52.807,178.47,222.26
36.658,57.599,108.38
-124.02,230.73,267.62
75.667,32.47,107.31
-113.15,213.87,264.7
-77.986,144.91,203.17
-140.65,191.27,234.12
-10.334,121.55,191.08
-190.86,262.91,313.44
-49.586,184.08,191.64
33.297,83.776,156.33
-57.428,168.69,227.84
98.656,64.553,106.36
-97.42,210.1,210.25
-4.5355,138.85,189.69
1.717,122.49,128.63
-177,246.71,304.53
103.67,62.103,100.64
18.318,76.168,116.43
-149.43,249.37,248.81
-173.57,252.27,302.76
7.2478,142.55,168.85
-54.364,183.98,220.08
-54.319,131.21,199.83
-55.582,134.84,170.41
57.93,63.094,80.048
46.357,99.308,103.85
11.854,91.201,116.17
104.91,48.381,106.12
23.139,124.97,165.24
-28.542,168.11,198.11
68.111,83.686,133.89
53.839,86.002,146.4
-225.84,255.52,279.29
-62.892,191.28,195.3
-188.95,230.11,257.31
92.236,66.56,113.77
-246.97,259.53,308.25
-91.202,174.06,243.75
-215.17,278.09,328.39
63.68,40.194,80.014
0.83464,118.8,185.11
-43.272,119.41,173.39
-186.85,269.45,308.43
-94.618,160.53,227.86
-224.86,302.14,323.9
-210.98,253.84,267.54
-144.13,232.71,284.55
-250.17,278.66,291.7
82.72,65.869,71.635
78.911,56.906,125.23
-221.76,298.88,296.91
-222.22,248.37,280.91
-64.988,197.13,213.35
68.132,91.732,127.74
-71.191,171.67,178.72
-210.03,278.44,274.61
-257.07,266.25,319.85
-186.59,267.76,309
-137.99,187.94,236.56
-68.401,148.96,176.58
-31.375,110.21,166.21
-139.84,216.83,223.69
-183.96,273.13,302.16
-85.42,150.63,211.36
59.208,54.259,129.77
-179.6,244.27,248.95
-1.4913,132.97,188.15
-41.48,143.98,156.16
-36.086,120.98,155.64
-154.87,200.69,263.74
60.157,37.504,101.01
-60.375,145.03,217.02
-156.39,204.47,270.69
-20.111,104.29,148.7
-45.227,123.77,191.91
-190.61,249.3,255.28
-106.7,215.87,258.5
32.455,97.871,104.96
-116.42,190.55,259.63
79.968,74.677,124.35
-3.3503,92.328,134.36
94.55,67.023,74.681
-190.26,229.32,295.56
-208.75,291.08,314.93
-15.234,158.93,168.28
46.142,50.615,99.178
-202.31,289.16,293.29
-137.85,227.34,227.45
-60.355,148.06,219.79
-188.68,241.39,253.61
74.205,30.561,103.43
-206.23,285.41,318.1
-219.67,297.19,323.18
-71.623,197.84,230.07
-14.368,138.36,142.68
-224.48,304.37,313.2
-113.89,170.75,223.1
-239.52,294.23,290.34
-35.676,175.37,197.6
-59.683,146.91,169.06
83.83,43.188,117
42.759,62.086,136.92
-19.917,122.65,194.56
-29.982,168.05,174.08
-186.72,223.78,260.61
-205.46,290.97,308.3
-220.79,287.58,282.89
-2.6276,150.35,175.26
-148.25,195.28,241.99
-152.83,238.93,237.93
-136.58,186.36,242.95
-104.71,212.53,258.08
-129.23,240.77,247.34
-10.083,127.2,193.14
-20.465,160.03,195.43
71.047,91.667,105.26
-180.27,266.64,303.51
105.18,55.793,103.62
-134.81,203.98,219.63
36.438,73.555,148.34
-216.16,251.34,272.29
-4.2153,128.5,190.07
103.12,66.679,88.86
-174.94,262.09,300.87
-7.7321,126.79,191.81
-37.27,153.42,157.93
-32.419,125.96,198.81
-140.17,249,261.38
-117.38,181.69,251.21
-33.3,171.77,201.18
76.236,75.973,127.91
50.276,49.485,92.358
-10.391,156.92,176.96
41.765,59.432,133.07
7.7944,136.77,141.99
-190.02,231.78,257.37
60.209,99.761,111.51
99.644,64.802,104.52
-12.229,147.57,150.58
-59.559,170.7,174.17
61.148,41.851,82.41
-230.23,308.03,318.96
-204.24,284.2,280.83
-215.2,241.3,280.07
-74.598,143.73,191.38
-81.387,194.99,243.19
43.777,57.968,94.479
-157.76,202.39,264.89
-138.39,191.62,229.56
107.22,62.607,90.962
-118.1,230.85,259.37
-173.05,212.49,274.18
-170.99,269.32,281.88
-69.012,138.37,193.7
47.943,105.64,112.47
-71.874,177.95,237.58
-183.94,235.72,302.13
72.189,91.374,117.83
-38.248,117.17,164.15
-158.44,218.65,234.94
-112.51,223.43,223.83
-148.37,201.36,232.97
-194.21,225.63,284.33
-11.822,153.1,189.75
-124.25,224.73,270.99
-249.61,294.44,293.37
37.954,57.067,125.02
-5.9334,150.2,157.34
-25.334,168.15,183.63
51.467,94.213,147.7
-24.932,141.42,204.61
-46.218,133.57,206.02
-74.701,152.19,181.67
-46.917,169.16,220.07
74.129,89.242,118.33
-75.961,173.35,238.6
7.3989,136.33,177.7
16.795,74.819,143.53
71.755,69.753,76.444
-203.86,285.32,315.28
-189.6,280.1,300.01
-20.474,156.17,159.48
46.828,53.785,93.478
45.316,109.43,117.56
1.747,107.12,123.57
-231.98,289.15,285.62
106.51,63.368,90.758
68.52,30.443,91.759
-112,218.73,262.29
-125.94,209.97,215.43
-175.58,270.81,273.75
18.107,104.94,172.06
26.571,124.54,132.31
-8.9681,92.851,149.49
-205.05,290.2,309.5
10.601,90.123,117.66
54.157,96.511,101.73
-27.742,144.51,150.1
-219.82,278.04,276.45
29.216,107.87,112.43
27.099,93.714,163.66
-145.99,193.61,254.47
-83.83,153.35,221.58
34.87,110.8,159.4
-205.29,232.27,282.52
-5.6329,146.98,186.67
-126.83,181.63,225.28
-161.97,203.73,254.52
-186.04,265.35,309.44
-40.654,128.7,156.58
-70.761,155.19,176.84
9.7258,78.025,136.37
-9.2969,138.02,193.92
-139.65,247.64,267.98
-12.931,156.95,186.05
-90.287,185.98,248.97
37.632,114.98,122.35
-44.759,135.37,158.47
-120.85,186.23,212.55
-12.707,128.22,194.75
6.8758,80.302,140
-247.7,263.27,298.84
-127.35,209.75,215.99
-241.38,258.14,318.52
-29.368,111.07,178.71
-5.0958,93.345,136.17
-65.044,196.91,208.98
-220.72,254.74,320.56
34.217,103.13,161.53
-120.51,186.82,211.96
80.713,29.982,105.55
-187.05,245.16,308.22
-206.18,244.84,311.27
15.346,108.97,116.84
57.577,40.161,93.23
-131.82,243.41,255.17
-217.29,258.95,271.31
56.186,59.47,134.48
19.176,121.52,171.87
-1.4614,149.67,162.87
41.91,113.05,147.66
-83.582,199.71,200.27
-139.31,188.2,244.24
-178.3,223.6,290.93
-205.82,269.2,268.02
-34.628,123.8,196.54
52.259,44.997,95.878
77.266,66.834,73.194
50.379,81.375,147.95
-189.14,241.61,306.95
-104.61,187.1,199.67
-186.25,237.25,303.56
92.407,74.052,87.732
31.27,71.827,146.44
46.587,97.514,151.59
0.72574,85.19,142.61
-32.646,113.26,180.31
-124.81,214.56,272.32
9.8476,116.12,122.47
-35.644,175.83,192.25
-35.712,153.35,212.78
-239.09,267.96,285.75
40.253,66.954,94.404
-197.62,270.45,317.17
-150.76,244.26,242.18
-126.94,237.69,263.5
-170.51,220.8,288.67
-245.92,264.17,327.36
68.758,91.954,102.47
-47.952,124.94,191.74
-199.47,261.35,262.49
-91.657,188.13,250.18
-172.42,266.98,267.44
-201.99,237.21,303.06
-70.013,150.62,222.24
23.432,69.134,116.67
24.705,72.434,145.21
-60.869,138.95,174.02
26.008,69.837,110.61
29.077,109.63,165.28
-224.29,260.57,325.75
-6.7029,99.356,172.23
-201.33,247.68,313.21
-63.069,150.47,171.27
-129.03,212.03,273.98
10.17,83.405,155.38
-47.863,164.99,167.81
-210.77,280.31,276.15
71.963,78.946,84.204
-188.06,274.68,272.47
-156.59,200.26,258.68
-127.03,202.57,269.44
-52.498,172.74,174.44
-103.14,215.36,255.08
-174.99,228.23,245.6
31.834,89.573,159.87
51.63,88.726,121.43
56.337,62.207,101.28
-80.453,159.2,201
-198.17,246.97,334.31
-23.09,141.31,221.38
-115.77,205.87,284.07
-213.54,283.92,336.06
87.064,11.183,112.54
-210.25,281.5,307.68
-233.13,240.76,315.55
-34.3,119.89,168.48
27.856,63.028,164.7
-166.23,196.93,273.24
-73.813,151.79,196.37
66.06,78.371,111.84
-161.29,203.39,299.14
-121.57,193.59,229.37
-32.322,101.23,187.79
34.639,65.52,116.25
-223.34,238.61,329.73
-7.7096,133.21,163.85
-35.908,127.41,169.66
59.834,28.559,110.58
-112.63,185,223.05
-91.564,204.94,255.52
78.977,56.906,144.87
-172.36,233.74,263.46
-204.82,279.53,307.98
-195,274.94,315.86
5.5487,78.372,178.4
-164.99,202.37,261.48
-19.323,102.71,203.56
103.19,57.067,104.62
-5.6263,93.423,148.08
-241.48,287.41,310.37
-59.971,139.06,238.22
10.563,88.683,134.76
-23.897,156.13,193.64
-77.998,196,244.6
-36.939,149.1,231.47
-116.84,214.36,241.5
-19.258,142.8,217.32
-28.155,118.24,217.8
-228.62,258.54,349.43
-38.075,157.71,230.08
33.654,82.163,119.63
-133.79,234.57,278.64
-71.767,137.48,199.38
-104.4,164.65,262.58
-162.9,240.19,265.36
-41.585,113.86,178.99
57.309,37.788,139.7
-190.33,227.07,273.12
-10.173,104.9,204.95
-29.694,124.48,165.39
-133.79,190.43,286.95
-208.64,228.94,290.89
55.734,87.18,160.12
-110.7,160.97,231.44
-101.77,181.46,216.67
-47.701,174.69,215.41
-179.4,256.33,281.04
-146.02,215.94,302.93
-115.13,218.73,248.97
-106.75,162.29,223.66
-192.88,218.64,310.96
-199.17,261.24,335.81
-192.26,273.02,315.07
-38.012,127.11,171.03
68.24,54.081,151.05
55.825,57.828,157.9
-227.77,295.57,325.31
-191.16,227.43,273.68
11.424,89.022,134.16
3.6985,74.513,151.9
75.033,43.518,143.52
105.61,53.686,112.61
-140.87,232.8,259.7
12.284,110.31,196.11
-4.182,129.59,207.18
-111.49,167.06,264.18
78.071,15.175,112.4
-11.74,122.57,156.28
-164.05,212.39,256.18
-56.107,175.89,207.18
-115.47,166.52,261.74
13.537,69.585,167.99
45.998,39.864,132.4
-9.9488,141.48,206.88
89.318,65.718,128.11
-4.6676,142.99,189.26
-163.54,206.7,257.31
75.832,24.452,127.51
46.585,100.93,160.1
16.705,87.853,187.33
-0.59435,80.435,178.13
-94.966,183.12,214.52
-31.783,138.61,227.67
-9.6053,145.53,183.87
-187.71,262.78,287.43
21.061,118.31,152.62
22.734,69.31,171.34
-189.14,212.71,300.28
-184.16,247.6,327.02
-208.02,269.91,293.24
69.658,58.176,93.9
8.5032,130.06,166.05
-8.8309,101.95,149.49
-40.472,135.29,230.97
-36.823,108.98,206.29
-81.663,169.22,203.69
-10.234,117.36,153.29
-17.678,107.46,208.07
-118.49,220.05,278.94
-14.275,149.96,199.35
-143.22,222.43,249.45
-107.96,170.42,220.57
-34.95,116.7,169.69
-134.8,200.33,293.27
-209.66,253.58,285.01
-44.562,132.73,175.79
41.058,63.174,111.1
45.102,68.381,167.22
-4.5061,111.54,148.47
-111.42,217.47,271.04
-80.292,162.21,257.49
-77.62,134.91,217.54
-20.009,93.892,188.83
-38.525,162.86,226.86
-124.72,207.41,290.12
-186.95,232.86,324.72
-71.819,130.63,215.49
109.96,51.444,98.064
-237.57,243.53,319.19
43.923,40.968,128.23
-168.8,220.52,313.32
-1.0853,85.804,186.61
-170.63,223.69,315.42
58.955,42.201,97.795
-180.25,220.93,315.66
-118.19,197.04,228.93
35.55,101,176.79
-24.847,145.16,221.96
26.235,72.276,122.79
-57.399,129.41,187.56
9.3811,99.603,195.73
-216.28,288.76,329.6
-125.69,183.95,232.03
-77.746,136.54,210.75
49.239,52.533,155.42
80.313,39.788,139.64
78.657,61.324,144.84
-54.445,127.4,185.36
-6.5556,142.95,180.76
0.90507,137.66,191.81
-9.5738,146.55,195.04
-175.62,245.04,270.44
62.58,86.239,150.75
-147.58,196.67,246.91
87.387,50.17,84.14
-209.05,282.29,330.94
-225.64,236.95,306.81
-29.349,124.22,221.75
-38.277,167.14,205.22
-111.24,165.57,226.57
49.355,100.65,151.11
-178.47,216.18,311.33
-63.977,156.97,248.9
-156.49,223.87,309.61
74.98,48.813,87.267
-42.098,114.8,213.31
-206.11,252.28,283.09
-177.67,219.74,314.48
-231.34,269.92,298.89
-182.41,266.9,304.65
-7.301,117.08,151.97
-219.71,248.08,290.79
-108.66,171.01,268.81
-206.57,266.31,290.2
-200.52,254.99,282.02
28.503,53.486,142.11
75.594,15.677,98.055
53.477,94.531,131.91
-138.78,212.43,298.62
-45.147,121.62,178.11
-60.865,176.42,206.02
91.906,27.448,128.94
-4.5463,84.452,152.38
-152.88,224.14,252.76
97.693,58.662,121.85
-124.79,202.56,289.72
-180.6,234.36,323.18
-9.0539,132.16,162.73
-256.39,258.54,322.57
-41.135,123.77,223.82
-41.576,169.18,222.32
-214.18,228.12,306.01
71.672,65.936,150.46
-90.83,181.09,268
74.315,76.706,113.52
-171.21,199.77,280.69
-222.36,235.51,323.89
-67.8,167.79,198.26
64.515,88.595,136.01
-155.14,211.66,304.94
-73.526,153.3,250.66
-226.05,269.42,296.69
-7.4899,135.26,208.28
53.724,47.367,101.7
31.324,52.42,130.54
-166.79,198.29,287.59
-210.43,276.32,299.7
-109.07,157.37,239.54
-38.189,155.83,231.02
-216.47,280.86,343.01
5.7944,72.253,164.24
-83.902,200.73,243.07
61.685,54.809,154.22
-68.798,150.43,247.76
39.039,108.43,150.56
-15.706,88.923,179.61
12.757,94.59,134.3
-43.882,121.96,176.66
78.481,64.978,144.14
-217.58,253.95,344.03
-153.21,188.65,277.02
-30.266,112.64,213.25
106.09,38.084,123.29
47.311,38.735,120.58
-234,284.19,306.97
-60.589,128.35,192.32
72.458,81.558,124.6
5.4448,79.211,179.62
-114.35,205.69,283.02
-187.3,246.19,328.85
-91.691,202.93,234.51
-161.6,249.66,277.85
103.62,53.526,91.995
11.912,75.639,136.39
-62.265,184.98,233.3
-170.94,200.77,273.58
-8.1936,123.99,156.1
56.774,68.624,161.52
75.812,48.521,145.32
25.201,118.03,175.96
80.218,14.089,112.45
-199.27,277.92,314.68
-103.71,207.53,271.95
61.235,41.461,95.728
73.438,64.78,97.819
9.3682,121.1,152.37
-8.4244,109.3,207.09
85.753,66.399,102.61
-62.507,123.87,210.54
23.067,120.44,175.72
-186.76,218.37,312.76
30.817,51.696,141.23
23.944,120.16,173.71
-22.738,136.67,167.85
-58.905,121.39,202.56
29.562,52.579,139.45
-193.22,243.28,275.02
-25.553,158.44,206.81
-65.52,128.72,199.92
60.815,62.883,157.76
37.867,100.06,174.61
-138.64,208.47,241.27
-174.37,257.81,285.25
29.981,55.666,153.67
-255.98,255.4,333.84
74.764,76.207,112.9
47.693,40.424,137.63
59.935,31.051,104.27
-76.826,134.65,214.35
-52.635,119.39,214.66
-56.53,163.12,245.04
-151.06,213.8,304.54
68.621,28.972,131.36
63.581,89.357,137.72
-198.11,251.27,279.59
15.327,119.34,151.5
20.837,122.11,177.6
-16.025,130.79,216.78
-224.72,271.3,351.85
95.634,31.432,129.34
57.6,92.575,132.37
-207.97,224.02,305.41
-124.14,217.83,244.45
-95.034,149.36,221.83
-118.57,201.48,231.1
-163.33,219.29,255.67
-210.1,225.42,307
-99.715,208.89,264.54
56.242,94.429,136.18
44.138,66.747,109.34
-75.135,166.14,199.81
36.422,59.157,161.67
-118.84,220.1,249.14
-110.28,192.58,224.14
-178.05,252.47,321.29
-88.837,196.66,262.75
-63.598,172.2,249.13
-180.43,218.64,267.59
42.987,100.72,167.25
-139.64,215.19,244.35
-162.13,234.07,260.69
-40.272,111.78,209.16
-70.453,185.08,215.12
-152.77,206.28,248.89
35.533,84.865,120.12
82.733,43.712,81.663
-247.89,272.32,307.61
-230.26,247.17,339.88
-78.904,180.16,208.91
-128.75,225.93,286.56
-182.22,207.66,282.7
-155.31,189.16,270.4
5.8847,130.42,164.49
-217.01,265.28,291.9
-19.384,113.12,157.4
-172.33,207.65,302.23
69.393,42.706,88.922
-104.82,159.21,254.92
-65.052,186.61,236.77
-22.101,126.86,162.21
6.4638,133.85,174.57
-105.32,177.27,217.9
-150.74,245.78,281.41
23.51,83.925,125.51
23.823,81.194,124.83
-187.3,258.87,326.81
13.266,116.77,148.03
75.874,15.125,106.54
-37.456,149.15,231.87
-45.755,112.05,202.88
-47.486,173.12,208.99
-197.06,243.66,332.77
-16.183,137.95,216.03
50.257,42.499,143.71
-1.532,140.59,185.34
-67.828,127.9,209.29
-43.54,126.91,175.17
-209.1,270.55,293.85
74.302,44.646,144.36
-136.79,189.11,285.91
27.437,84.903,123.62
52.939,50.413,101.93
-115.63,206.26,283.9
-156.46,220.76,252.68
-226.52,245.71,338.75
-62.341,142.9,241.45
-95.317,179.92,213.3
26.942,81.28,180.38
-219.38,251.84,290.14
-98.446,160.54,258.69
66.039,28.856,96.181
-180.63,259.14,284.46
67.04,70.185,103.03
-50.916,179.66,62.324
49.922,119.95,44.35
30.019,166.9,53.871
-101.96,208.12,113.85
-233.96,297.2,199.09
62.279,126.82,-12.668
-75.473,195.91,118.71
-200.19,283.56,210.99
-60.212,178.34,79.535
-137.66,240.32,164.03
-152.31,265.67,188.45
13.517,176.54,70.145
-170.29,287.58,147.3
-149.67,297.11,182.7
59.814,109.43,35.909
-142.67,294.5,174.27
-188.81,318.58,176.08
-22.616,205.01,96.462
-165.68,303.79,197.62
-191.01,325.92,190.79
34.276,113.42,42.225
-16.39,167.3,34.6
-139.57,235.34,152.3
-69.682,184.88,88.68
12.267,182.19,44.752
-73.033,248.58,119.46
47.895,120.39,45.35
-81.123,236.48,90.395
-156.44,275.63,194.42
-186.97,291.59,156.71
-157.99,273.94,194.54
-221.03,333.26,191.47
-53.836,226.93,120.01
-133.48,289.89,155.15
-148.37,276.39,133.59
-14.631,194.65,93.284
-89.499,260.03,132.39
-119.07,270.4,167.48
-172.93,291.5,206.92
-36.453,206.37,110.65
14.145,157.83,73.539
-147.66,282.01,136.99
35.327,121.91,49.757
-69.328,184.17,93.687
-106.27,238.86,100.6
-154.11,255.94,134.91
-250.25,338.96,259.69
-47.053,191.71,57.232
55.843,99.062,-19.339
-79.419,228.68,84.952
-191.58,320.82,214.68
-197.38,302.43,222.79
-6.8234,192.89,49.947
-4.7212,169.77,29.538
-264.38,330.25,209.48
-231.66,313.27,241.44
53.261,122.42,-13.743
-7.7945,198.37,60.317
45.506,92.449,8.0679
-199.17,323.38,221.61
-105.92,259.91,159.02
-176.38,313.33,202.07
-71.107,232.86,86.278
-42.582,171.83,57.058
-48.791,201.34,118.46
-14.075,204.16,68.06
-179.43,295.58,211.37
-126.42,285.4,151.93
-152.31,272.24,191.33
-92.711,260,141.54
-37.96,200.99,112.09
-159.79,306.98,180.18
-104.37,215.6,103.56
49.966,114.12,-14.863
16.261,172,29.442
-203.99,320.79,227.51
-31.565,216.81,78.092
-16.599,143.36,53.964
-7.8526,147.93,73.969
-40.225,219.38,75.554
-87.879,198.67,100.2
-155.25,247.19,167.37
-201.78,283.08,210.23
-209.48,279.8,189.42
-118.79,228.46,152.12
-213.56,284.39,207.35
-181.04,291.64,211.44
-145.61,267.39,128.73
79.417,125.83,-8.2526
-203.55,313.8,172.77
-214.82,282.96,197.3
-4.6799,195.27,78.346
68.193,119.76,-18.876
21.869,175.83,42.268
-257.09,326.18,256.75
-229.5,345.56,206.41
-127.32,284.41,163.74
-163.73,292.14,147.85
-123.96,243.16,166.39
-73.278,189.63,108.42
-24.51,149.74,57.982
-68.236,244.88,118.04
-179.1,319.33,188.42
-53.196,232.65,92.829
-97.94,208.42,128.31
90.937,116.49,8.3219
-4.0037,151.52,25.178
-227.01,302.13,231.39
-26.473,158.9,45.361
-249.99,348.2,208.42
-22.982,176.04,97.412
-67.072,240.95,98.269
-224.54,344.42,206.8
-135.6,265.04,180.74
-128.97,227.09,133.14
-246.54,344.28,257.23
-173.38,256.6,168.08
-178.4,263.49,158.52
-39.514,224.29,92.552
-189.5,299.87,160.53
-105.54,210.7,122.94
-110.44,232.87,102.65
-197.33,273.66,175.22
72.111,132.94,-0.36616
-1.3214,162.49,25.157
-122.04,253.91,170.78
84.82,121.66,12.841
57.869,130.51,41.061
23.82,173.64,55.075
51.539,96.062,-13.69
-205.77,334.84,216.19
-60.349,182.4,72.687
18.144,125.29,10.627
-27.363,152,60.088
-114.53,232.58,156.58
-53.403,233.18,94.187
-174.24,305.22,160.84
-12.915,148.57,73.537
-231.86,313.29,186.92
-157.45,262.11,136.1
-74.762,246.47,103.73
15.259,118.14,24.58
-168.11,288.32,203.59
-95.151,221.13,91.8
-54.7,207.93,123.33
-148.02,298.71,161.57
62.247,106.7,33.736
-44.702,176.83,56.835
-265.75,321.59,214.83
-86.401,196.75,104.7
68.135,105.33,30.86
14.171,143.6,11.987
-52.114,176.98,99.314
-174.52,258.32,176.23
-171.16,279.42,145.46
-62.639,179.41,84.679
-88.238,250.38,104.15
-190.42,314.41,217.51
79.494,127.03,-5.2773
-199.35,310.29,169.38
-272.98,325.98,219.86
-66.944,198.78,71.691
-102.6,218.85,142.7
-185.16,289.07,212.31
-147.02,292.53,148.3
-138.33,293.3,163.68
3.8879,184.59,42.359
-113.1,264.13,164.31
-40.648,175.19,53.311
-129.31,230.6,151.15
76.622,127.92,19.826
-230.46,317.43,186.25
-50.423,180.34,61.423
-113.46,243.28,105.55
-22.33,154.39,43.222
-154.06,290.35,192.98
-274.37,320.28,233.76
13.094,181.75,44.764
56.308,110.54,-19.302
-13.972,199.24,56.387
76.432,105.21,26.639
-159.81,255.12,141.54
-99.848,256.38,109.81
-90.289,235.71,149.21
-256.02,341.03,205.87
-63.975,242.1,108.18
84.987,122.53,-9.1754
-35.925,221.57,92.253
-105.59,214.53,106.59
-124.21,235.48,113.92
9.6365,125.41,22.795
-90.337,214.71,138.59
-205.32,280.86,176.78
-80.35,237.75,91.307
-193.74,296.13,218.92
-149.81,241.31,147.55
-81.725,235.73,89.951
-118.52,243.77,165.18
-147.04,298.21,161.5
-24.383,156.87,44.08
-70.014,185.56,87.145
18.59,140.1,8.7012
-71.601,225.96,136.29
65.47,116.17,35.21
-45.537,166.37,72.092
-45.325,166,76.796
-259.94,313.29,239.08
-117.5,266.23,167.68
-236.33,345.81,205.3
-251.12,324.44,254.11
-149.39,282.45,190.81
-269.31,318.69,224.38
-167.24,259.53,147.11
-115.85,266.61,120.16
49.193,141.23,0.4981
-78.19,231.63,86.355
-144.55,279.72,187.42
56.457,90.05,-16.05
-197.58,329.9,194.76
-169.67,268.5,194.44
-179.04,261.43,180.14
-61.045,217.58,128.69
-114.15,220.16,140.51
67.307,138.63,20.467
-38.024,223.18,91.47
-178.43,288.48,209.17
-119.94,278.42,160.85
-175.24,264.44,152.93
-122.75,279.29,136.46
-219.76,286.12,202.01
-158.79,247.32,161.5
-12.679,203.92,73.559
-196.89,297.81,163.51
-37.34,174.15,98.933
-224.25,336.92,195.43
-229.43,350.76,223.18
-133.79,230.51,135.8
-38.022,170.02,52.673
-63.905,208.86,70.406
-2.7446,188.92,82.523
-143.52,294.61,175.87
36.151,119.3,47.711
-64.147,218.26,130.75
-102.42,267.7,127.87
-207.14,281.56,205.82
-14.071,170.81,34.017
42.727,145.39,51.971
-173.4,258.28,177.85
-276.26,321.24,239.07
-116.53,248.66,108.63
61.853,109.65,35.22
-66.043,215.62,131.34
-90.976,206.09,93.842
-156.87,283.09,140.1
-251.27,339.96,203.45
41.533,157.2,45.766
-64.235,194.56,118.69
-68.316,218.44,133.24
-266.68,316.97,222.78
-3.9301,170.35,86.574
-275.61,320.84,238.87
-27.394,152.83,69.166
-174.76,316.15,181.74
4.9042,146.35,18.479
14.339,118.32,28.821
-13.486,195.55,91.534
-113.08,237.84,104.53
-183.17,263,176.76
33,119.26,-2.3364
-113.17,223.85,108.19
-253.08,340.57,204.45
24.03,137.79,62.188
-225.01,293.35,190.09
-136.06,286.99,143.47
44.047,155.82,19.756
2.021,171.22,28.484
-124.61,228.48,150.05
-19.07,179.9,39.573
-12.393,150.49,33.301
-239.46,339.91,199.84
22.426,111.69,22.409
-38.731,213.35,67.617
16.791,118.12,39.347
-229.74,331.68,245.96
-11.08,140.48,59.352
11.5,177.76,35.607
-193.42,324.58,212.93
-185.53,305.8,162.65
-82.511,195.67,93.769
-177.31,296.43,210.11
-219.21,288.62,212.97
-189.36,267.57,185.34
-241.43,300.33,208.34
-116.67,271.06,164.39
-222.25,303.26,180.84
-111.62,239.24,160.42
-137.96,233.17,140.34
-105.6,250.31,160.41
-162.31,258.97,141.81
-113.05,236.35,159.15
-24.497,185.16,44.016
-146.25,250.12,129.64
-215.7,300.18,176.16
-87.087,248.76,102.34
-70.015,241.92,98.073
15.878,169.21,26.089
-159.69,299.36,155.04
-40.121,211.58,65.565
-79.249,227.51,141.29
57.893,109.82,-20.358
42.548,145.88,4.6268
-107.32,264.82,119.08
17.541,179.94,49.38
3.6262,129.52,28.579
-109.11,262.58,161.05
-231.03,295.13,197.6
61.046,122.75,38.838
-14.947,200.65,58.208
-50.657,225.59,80.591
-6.0339,153.89,26.653
40.651,137.75,53.974
-57.631,179.4,100.19
53.143,127.21,-11.095
-122.54,255.83,114.02
-38.74,192.3,110.67
-223.56,327.68,187.32
-70.535,186.66,103.79
-64.824,188.49,111.62
-123.06,281.29,161.48
-52.947,188.74,112.79
-11.195,140.36,58.727
-37.568,169.77,52.282
-194.54,292.35,217.4
-234.66,349.55,242.07
35.511,133.44,-1.9901
54.911,147.73,13.937
-162.63,304.75,162.74
-75.9,243.8,134.98
-162.94,275.33,197.2
-149.97,271.39,189.93
-243.19,352.52,213.29
50.859,91.535,17.692
-23.486,192.38,101.63
-169.08,286.88,146.49
9.7864,145.46,15.026
-106.03,259.27,112.66
-171.94,313.56,193.38
-43.383,164.9,78.974
-45.857,180.05,104.59
-173.42,278.53,202.62
-144.14,240.95,162.24
-16.34,147.1,69.192
-232.32,332.47,192.88
-118.31,231.26,155.48
24.803,109.69,24.672
-194.08,270.27,177.57
52.025,137.24,45.121
27.538,150.53,9.5062
-58.907,244.39,123.04
-19.582,175.67,61.579
-124.92,290.54,181.53
81.336,93.374,41.054
9.7201,148.46,92.01
-259.42,320.59,238.01
-246.98,309,241.21
-174.04,300.37,176.24
58.053,141.09,65.401
6.8585,168.38,45.76
-167.53,317.44,200
58.296,108.52,55.463
-71.903,206.16,147.7
66.989,86.484,4.1443
54.785,123.8,7.8089
18.9,122.99,56.454
-140.31,261.52,148.08
-69.469,234.8,159.24
-149.76,266.83,154.7
-219.72,292.64,230.3
9.2127,131.28,65.909
-221.93,338.34,263.83
-201.97,280.91,211.3
-248.6,318.11,226.32
-84.6,261.14,160.23
97.334,121.38,24.713
-24.325,190.3,67.613
24.62,120.11,38.505
1.4496,197.12,73.906
71.061,110.22,-4.4459
-247.41,342.39,224.49
15.362,135.94,37.548
-116.7,266.89,192.49
28.536,114.85,43.206
-92.941,217.54,158.65
11.36,185.17,59.599
-80.067,199.54,121.86
-141.63,294.26,205.59
-120.38,235.19,176.29
-148.42,250.24,161.93
-42.73,232.37,110.5
-9.3788,148.68,62.177
-152.98,250.67,185.9
-224.5,353.51,242.23
-235.62,306.08,251.1
13.638,135.54,79.053
-49.082,208.91,85.566
9.0341,191.13,68.29
-242.54,323.83,271.56
-6.7429,192.8,65.235
-96.202,221.15,119.19
-63.098,241.32,150.65
62.666,118.45,60.043
49.14,145.8,21.974
-110.38,242.01,182.23
-125.26,239.37,180.93
-34.76,221.25,93.987
38.06,158.91,34.073
-63.12,241.27,150.72
-85.322,258.2,130.83
45.476,154.65,73.717
-62.1,247.62,137.36
36.421,111.18,52.148
-134.22,296.91,184.58
80.583,99.072,44.571
-118.57,284.03,184.06
-75.412,204.14,144.9
-141.32,243.3,178.92
-9.6655,194.77,115.61
-194.21,330.8,238
-69.386,237.61,108.62
35.081,156.28,83.129
-60.75,241.21,147.61
87.448,130.7,21.963
-117.17,257.2,134.01
-11.974,209.81,105.45
-15.448,166.94,58.697
-177.75,316.16,231.04
91.379,126.98,16.084
14.841,126.29,59.369
-168.89,296.85,172.56
-177.45,320.7,226.03
-8.4744,205.18,81.925
-66.264,250.72,134.11
-49.932,196.72,137.5
-60.038,184.6,112.38
45.599,106.53,17.808
26.801,145.84,28.472
2.9892,137.1,56.121
99.453,118.65,25.32
11.694,192.55,79.023
-42.78,232.63,111.26
59.915,153.19,50.129
49.654,158.02,65.522
-230.62,299.12,227.24
-83.049,242.26,114.44
-193.55,275.74,203.4
82.895,134.57,29.987
-243.38,312.02,258.43
-88.486,245.65,172.79
-217.89,345.15,254.69
59.95,88.869,24.11
-0.27754,192.13,107.07
-42.207,176.23,115.57
-194.64,334.66,229.7
-90.04,225.59,166.26
-237.32,360.55,245.86
-219.91,295.35,211.99
-148.33,302.3,206.17
-258.2,318.79,238.81
64.059,110.49,-0.53553
78.066,129.16,48.68
-240.18,344.97,223.54
-224.12,294.86,229.79
-82.653,255.72,127.98
55.086,156.77,41.974
-86.586,215.65,111.71
-227.27,319.56,208.05
-252,321.04,269.65
-193.58,333.61,230.71
-137,242.4,181.09
-75.45,196.38,117.43
-29.864,167.8,108.19
-153.67,259.46,160.24
-195.21,335.25,221.92
-82.163,211.25,152.59
63.026,124.56,61.662
-193.24,285.5,187.21
-7.3061,204.87,105.15
-55.036,188.37,91.246
-41.081,170.3,97.332
-150.05,262.67,205.7
63.323,96.382,43.929
-56.471,215.42,148.94
-151.14,268.95,210.63
-22.053,156.75,91.309
-40.958,188.71,130.01
-203.33,290.24,195.11
-115.32,284.1,175.49
15.477,141.89,35.732
-113.25,261.33,190.13
71.54,143.73,40.744
-6.1532,143.58,77.041
74.744,115.81,-3.3998
-184.59,294.05,235.81
-220.99,350.68,235.96
-35.001,213.13,84.592
45.228,103,43.265
-220.09,339.71,216.15
-155.24,270.56,158.5
-56.98,219.33,150.06
-198.84,283.29,195.93
79.084,95.181,42.703
-215.66,348.17,239.69
-230.94,357.3,244.99
-84.487,263.15,144.27
-32.418,183.37,70.955
-240.63,357.09,236.03
-112.32,227.08,166.48
-255.54,333.57,227.31
-52.12,236.7,111.05
-68.889,192.96,108.37
85.857,114.8,45.069
47.244,130.75,71.443
-17.627,195.15,122.06
-50.164,220.12,92.054
-188.17,272.68,207.61
-219.75,348.02,229.16
-238.31,328.75,215.88
-18.671,212.54,88.362
-147.59,248.79,187.05
-170.42,281.88,168.98
-133.49,244.64,186.37
-112.32,281.59,175.58
-148.06,293.79,166.19
-11.217,200.55,115.05
-33.094,226.49,108.76
51.923,146.08,22.244
-188.99,331.41,223.97
96.036,123.6,20.318
-145.07,247.94,159.69
39.952,144.52,79.123
-222.22,294.43,219.03
-7.3844,201.48,109.57
86.024,124.71,4.8525
-183.13,327.58,221.29
-9.3319,200.11,113.12
-54.73,198.1,87.355
-28.854,197.07,129.52
-157.41,305.09,179.2
-112.64,249.51,186.95
-47.658,236.08,114.38
68.65,145.71,44.745
47.57,99.613,36.345
-27.714,216.99,90.501
46.467,126.36,69.689
-12.508,186.97,61.749
-195.15,276.9,203.26
40.723,153.37,28.835
87.742,130.22,19.935
-32.266,195.5,73.075
-77.157,215.32,103.46
57.667,90.849,26.512
-245.69,361.67,241.78
-222.95,328.85,208.57
-215.3,290.25,228.87
-74.97,198.02,134.22
-88.536,265.08,160.25
38.962,106.18,37.573
-152.98,263.97,207.2
-140.65,241.83,174.08
91.813,123.36,6.4273
-131.18,294.27,175.25
-168.12,273.39,217.4
-187.47,324.94,201.23
-67.299,196.07,135.84
27.821,155.81,32.506
-74.696,250.37,158.15
-179.98,304.17,236.15
56.258,152.45,32.248
-39.247,170.91,106.71
-167.84,262.21,176.58
-132.35,271.52,146.43
-152.48,249.26,177.35
-189.42,284.38,229.59
-24.147,219.94,103.1
-131.12,293.57,189.74
-263.7,332.87,233.94
42.028,119.43,65.539
-26.087,202.59,75.018
-43.684,226.13,97.962
44.564,164.92,64.449
-27.096,214.61,125.28
-42.206,203.73,138.33
-80.986,200.13,123.03
-53.708,240.19,136.64
58.954,151.39,32.661
-76.147,246.09,162.45
-3.5471,204.51,91.535
20.982,138.46,82.872
54.093,113.53,6.5273
-214.26,347.24,236.4
-203.53,338.6,219.84
-40.723,205.16,80.571
43.083,102.92,37.069
25.275,160.9,36.355
-10.458,151.64,60.378
-248.07,328.77,222.21
90.833,123.72,6.2633
71.164,87.848,35.496
-120.16,287.12,179.73
-140.8,252.91,150.24
-194.18,320.99,195.87
17.174,178.16,94.385
6.4574,176.42,50.585
-7.4233,150.3,91.672
-218.77,348.09,230.27
2.711,136.65,58.287
34.237,144.3,24.532
-44.75,189.02,80.313
-235.23,317.82,213.8
10.476,153.18,39.432
27.478,166.75,87.979
-141.75,254.23,197.05
-79.261,219.03,159.32
26.254,180.64,74.709
-202.32,286.34,230.19
-17.016,214.77,100.32
-127.53,234.14,169.53
-159.87,258.85,199.9
-192.01,331.96,231.76
-47.985,176.09,97.074
-79.989,201.12,116.25
11.648,135.83,78.694
-14.732,210.12,111.24
-154.71,307.4,184.95
-27.632,221,99.047
-91.196,258.39,172.17
17.5,166.1,41.397
-53.816,181.6,97.805
-127.41,232.96,154.78
-13.523,201.58,117.08
9.1499,138.87,82.01
-247.95,310.2,249.54
-141.81,252.67,151.37
-235.29,317.37,265.09
-25.258,175.3,117.34
-7.6351,144.92,78.874
-83.731,253.32,124.48
-215.26,320.49,259.45
29.345,175.19,79.662
-127.51,233.23,153.93
85.569,97.318,41.957
-184.99,314.35,238.87
-200.86,311.06,249.49
-1.0071,153.01,48.44
57.989,94.05,37.572
-149.41,299.3,172.72
-226.55,299.98,215.78
59.459,130.54,64.822
11.316,192.09,87.459
-20.535,206,77.918
28.507,178.27,61.222
-103.35,246.84,123.96
-136.3,246.18,187.88
-172.96,289.81,229.18
-221.51,309.56,204.37
-30.493,193.6,129.39
52.035,98.133,40.132
59.282,110.78,2.6593
48.897,154.13,70.004
-185.7,310.26,240.05
-116.82,231.06,137.05
-182.26,305.62,237.71
73.341,127.71,5.5819
35.637,140.89,80.373
39.937,168.47,68.441
2.434,142.78,84.864
-28.616,177.14,119.19
-127.13,285.67,194.94
-7.2975,160.48,52.659
-53.649,234.39,106.44
-39.311,226.06,131.98
-245.65,309.55,233.36
32.196,112.76,35.556
-202.26,337.33,241.03
-169.67,288.95,169.59
-140.67,299.92,179.74
-165.57,288.2,225.13
-239.46,325.76,271.98
49.085,144.37,20.788
-43.865,188.95,130.56
-214.16,301.77,200.16
-92.966,260.46,172.92
-191.46,315.39,190.8
-196.18,301.59,243.88
-65.865,220.39,155.14
22.25,121.79,60.118
29.318,139.21,81.865
-65.428,188.58,115.99
22.674,119.93,53.774
23.149,181.26,82.417
-219.44,327.1,262.99
-2.2722,167.7,107
-197.26,315.55,247.98
-72.743,196.23,110.25
-129.38,283.4,199.04
14.709,149.99,92.144
-66.203,210.16,95.512
-228.29,321.71,208.91
52.518,125.12,9.3377
-207.02,320.58,198.54
-152.68,259.35,202.41
-124.94,273.73,198.07
-71.722,218.83,99.967
-112.86,282.8,171.37
-183.53,271.6,188.63
32.346,162.53,84.451
40.224,147.17,44.806
49.991,116.12,36.328
-83.943,214.32,138.7
-188.81,326.35,264.34
-21.146,223.4,138.39
-112.66,286.53,204.18
-216.87,354.25,258.12
100.58,86.75,52.24
-220.26,338.71,234.25
-221.73,303.41,265.82
-35.787,176.29,107.6
40.891,141.98,100.21
-156.05,261.63,219.7
-76.286,207.41,134.94
54.64,137.17,34.815
-147.73,281.22,236.55
-126.74,247.38,166.15
-21.522,171.01,129.82
33.441,121.24,56.468
-208.65,311.11,274.25
-19.07,191.34,87.601
-39.955,182.74,106.37
69.123,93.7,55.362
-117.02,239.19,160.48
-98.355,277.13,170.88
83.146,139.08,64.859
-178.91,285.8,200.17
-214.62,338.52,232.99
-202.12,341.03,237.14
18.588,156.31,114.98
-160.18,260.51,207.41
-6.6926,183.28,136.84
94.023,124.69,21.488
-5.086,150.86,88.895
-249.37,337.53,247.25
-48.27,221.24,168.53
7.6342,144.07,72.955
-34.973,221.53,110.2
-85.614,267.43,159.62
-33.88,231.67,149.53
-127.94,271.86,166.27
-19.427,223.51,132.88
-17.119,201.25,146.35
-216.35,336.32,285.11
-38.735,237.84,145.57
26.67,136.53,53.324
-141.53,303.33,196.28
-67.902,197.54,142.02
-91.418,244.18,197.42
-172.75,294.36,195.33
-37.035,174.85,121.61
70.6,115.44,76.923
-189.48,280.85,218.18
0.79505,187.98,133.33
-34.405,179.64,101.37
-121.45,270.87,219.96
-201.76,287,239.77
54.344,166.36,75.597
-103.41,223.93,175.76
-107.69,235.62,152.04
-57.836,242.25,131.02
-189.77,311.74,208.99
-138.48,297.19,228.52
-126.31,279.67,170.05
-102.47,222.04,167.19
-178.61,292.32,253.67
-195.1,338.72,260.56
-199.14,339.68,236.08
-41.325,182.68,108.5
76.46,137.29,75.516
65.798,140.9,84.92
-236.84,355.1,250.75
-190.21,281.24,218.85
8.097,144.25,71.969
11.761,139.31,95.36
84.788,126.34,70.49
99.568,126.49,28.354
-151.87,290.62,184.28
16.029,193.35,114.6
-3.4265,211.03,123.26
-98.205,245.31,200.78
91.03,87.855,54.36
-20.21,177.74,87.1
-164.79,266.38,198.83
-67.801,237.1,127.28
-102.1,242.68,200.63
26.506,145.67,106.4
57.969,110.79,74.83
-13.398,219.37,120.88
84.346,140.41,43.358
-13.885,213,103.57
-161.74,262.35,201.72
89.153,102.64,64.219
40.72,175.59,74.159
26.797,171.34,114.07
12.293,156.43,116.53
-102.94,237.54,146.79
-26.061,222.27,148.25
-20.625,211.22,100.22
-198.05,318.33,215.28
9.3522,180.17,72.013
35.541,149.32,105.44
-175.65,282.9,245.56
-178.64,326.54,252.24
-217.27,322.35,225.83
61.426,112.22,26.215
-3.0091,193.7,83.85
-11.004,157.88,88.145
-31.487,219.1,155.86
-23.894,185.69,144
-88.392,223.71,137.61
-17.535,172.26,85.985
-6.0319,189.89,138.06
-122.14,295.07,195.67
-22.565,221.58,113.25
-152.33,276.29,180.76
-107.62,226.95,162.04
-34.748,174.09,110.08
-124.75,282.03,221.82
-214.18,304.24,225.95
-48.141,188.19,113.02
38.708,118.23,50.435
54.484,151.81,93.061
-11.373,166.36,81.844
-116.9,290.62,187.19
-70.583,245.34,184.09
-67.345,203.17,160.42
-7.4736,168.37,128.33
-42.047,240.38,141.15
-119.6,288.72,212.32
-175.68,312.47,257.13
-61.042,199.97,157.94
100.57,118.33,15.399
-225.83,306.49,269.62
54.634,109.11,71.832
-157.66,300.8,244.85
11.845,165.04,121.68
-160.01,304.06,246.14
59.535,98.373,39.985
-167.26,299.6,251.41
-125.29,250.83,163.06
35.282,181.43,92.503
-24.102,226.47,138.14
24.995,128.15,62.798
-55.04,188.31,129.35
17.741,183.59,119.58
-222.89,354.35,252.09
-125.75,239.74,173.75
-69.857,201.07,154.25
61.543,133.69,87.64
89.946,122.55,66.513
81.06,142.66,63.283
-52.195,186.23,127.07
-17.697,208.23,97.362
-6.1775,211.18,105.38
-18.157,217.7,109.03
-184.57,297.92,202.98
58.335,162.49,65.369
-146.32,252.58,190.31
77.737,104.88,13.817
-213.58,351.38,252.63
-215.86,297.63,256.94
-19.587,207.91,147.83
-49.107,233.09,121.55
-106.99,225.17,170.22
40.966,171.49,65.695
-164.88,293.9,248.9
-56.338,240.54,172.19
-149.17,304.65,235.38
68.207,102.37,22.092
-29.093,192.8,149.77
-211.02,303.05,223.38
-164.82,298.63,249.81
-236.29,319.65,240.22
-190.67,331.69,225.7
-15.188,172.06,83.779
-219.27,300.2,237
-96.152,251.59,201.91
-215.32,318.17,224.08
-207.5,306.09,219.13
39.565,122.83,84.946
84.985,80.448,43.366
42.161,157.71,50.464
-131.79,293.83,223.28
-43.54,179.99,119.41
-72.485,235.81,128.1
102.4,109.68,57.554
0.61032,145.84,95.411
-160.65,277.08,186.87
92.961,133.39,37.391
-117.78,284.48,213.86
-171.11,314.45,252.64
-20.107,189.58,87.64
-247.58,316.16,274.55
-29.211,205.78,154.63
-48.458,242.62,136.26
-202.42,292.62,254.86
74.494,147.65,69.072
-84.822,263.8,189.95
62.987,138.6,33.394
-159.67,266.56,226.85
-208.02,305.83,270.21
-77.042,223.08,127.88
55.306,157.48,51.507
-144.22,292.48,235.61
-62.771,236.11,179.03
-232.01,319.38,236.38
-8.3532,215.5,123.38
53.845,103.39,43.424
39.515,116.78,74.631
-153.42,269.86,231.26
-220.35,330.35,229.72
-98.443,225.42,183.14
-37.832,236.73,147.11
-216.42,354.51,266.23
17.672,144.15,105.52
-93.11,269.19,159.01
71.224,137.93,80.585
-58.199,233.39,175.76
28.613,175.21,66.581
-4.0353,160.62,120.82
7.0377,149.26,69.409
-42.942,179.85,117.56
79.241,145.3,61.39
-206.18,332.41,277.8
-140.29,259.76,220.55
-17.855,193.8,145.61
109.07,119.04,42.917
56.559,104.21,64.963
-242.36,334.93,242.55
-56.188,189.07,135.01
62.218,147.78,41.462
18.468,157.6,115.71
-111.61,286.19,202.78
-180.35,325.54,255.6
-103.02,264.84,154.36
-172.26,308.83,201.48
92.62,115.49,12.241
14.542,134.38,78.711
-70.222,256.34,147.93
-161.66,263.87,220.49
-17.723,179.67,84.931
63.164,151.91,83.395
83.896,131.59,69.745
19.065,192.69,89.649
93.368,87.49,53.92
-207.38,341.89,236.81
-105.86,284.67,188.51
61.307,97.26,37.61
63.056,120.58,25.353
-2.0995,179.57,75.624
1.0852,193.12,132.69
74.422,127.27,23.549
-51.391,194.08,152.55
16.153,194.06,89.425
-172.67,294.46,252.71
42.1,121.45,83.943
16.519,193.03,87.504
-32.636,192.66,95.855
-49.262,188.85,145.41
40.185,120.99,82.661
-198.13,294.58,214.77
-34.001,229.7,120.87
-58.719,192.03,143.2
68.082,146.22,80.796
37.138,180.1,90.094
-144.72,261.66,177.43
-184.89,316.29,209.81
42.931,130.82,93.036
-243.06,319.33,284.87
63.424,137.98,32.881
60.565,114.3,78.222
66.586,92.615,49.169
-67.359,201.54,157.56
-39.856,194.78,153.54
-53.298,245.48,163.55
-141.6,295.02,232.77
81.974,106.61,68.682
54.614,158.75,53.016
-204.49,302.35,217.54
3.62,179.09,73.094
13.996,195.86,91.264
-11.845,214.04,135.66
-217.51,349.06,280.62
104.15,114.07,54.805
46.692,157.3,49.873
-195.45,290.39,253.34
-135,274.49,170.43
-87.398,213.18,165.72
-126.88,255.52,163.33
-167.1,272.03,195.49
-197.48,291.85,255
-104.81,283.02,180.22
45.721,160.44,52.877
39.506,121.04,46.339
-82.405,220.75,132.86
49.206,139.28,95.619
-130.08,280,171.22
-117.76,246.59,157.52
-176.73,329.14,243.11
-90.748,274.55,178.86
-62.145,253.39,166.42
-178.78,273.43,212.7
39.479,178.16,81.638
-147.54,268.55,177.82
-170.78,287.11,193.48
-27.323,188.64,146.74
-82.089,245.3,136.31
-154.28,260.32,190.44
27.343,139.47,51.911
75.649,97.159,16.177
-249.55,322.09,253.41
-215.61,321.68,282.25
-89.089,236.08,136.59
-131.58,301.35,204
-172.01,271.5,230.09
-144.04,256.35,215.77
-5.8488,192.59,83.523
-223.62,315.68,230.24
-22.784,168.64,94.815
-158.35,283.69,242.09
66.214,96.806,28.117
-91.533,235.71,193.35
-72.442,258.78,151.34
-29.526,181.82,94.678
-4.1606,200.66,90.287
-108.78,231.92,156.14
-160.25,309.99,201.36
18.561,138.54,61.739
19.771,136,62.083
-186.03,335.04,249.08
1.9699,174.72,72.065
87.625,84.336,50.464
-34.252,231.78,150.05
-33.849,184.4,143.75
-58.652,237.76,126.23
-186.88,323.09,263.87
-15.089,219.57,132.38
63.523,119.69,81.376
-11.16,209.78,99.944
-58.014,195.52,152.21
-45.034,183.28,114.3
-218.33,322.93,226.54
83.903,127.53,71.06
-123.81,268.54,220.85
21.122,139.33,58.164
51.975,105.84,42.774
-112.74,286.8,203.83
-162.44,273.38,189.58
-212.02,320.78,280.32
-51.085,225.49,170.72
-102.26,234.18,147.15
36.674,164.82,106.58
-220.68,303.07,234.9
-85.516,240.23,193.3
70.765,88.168,40.784
-191.12,315.5,211.26
56.579,126.17,30.263
-101.81,168.43,4.1771
6.3194,133.82,-29.971
-27.806,172.86,-31.711
-144.99,205.88,57.132
-275.2,291.36,148.58
-0.21848,113.73,-84.786
-115.55,204.5,54.746
-236.99,294.08,149.51
-105.03,173.8,22.757
-176.56,249.41,101.16
-193.49,279.27,117.75
-42.04,185.14,-15.074
-228.69,272.43,82.95
-205.43,303.1,99.918
17.113,123.19,-37.055
-200.39,298.35,91.043
-250.19,308.26,102.61
-78.583,213.43,10.863
-218.38,312.35,116.36
-251.34,321.25,112.86
-5.2912,123.61,-22.707
-73.595,152.42,-28.392
-179.21,238.9,94.169
-113.66,181.59,31.76
-51.924,176.72,-37.651
-134.65,249.19,34.269
4.6176,134.21,-28.468
-144.25,222.56,18.28
-199.64,289.56,120.6
-242.54,276.53,96.148
-200.28,287.85,122
-280.48,320.53,123.16
-108.86,236.06,34.96
-195.34,287.07,73.187
-208.42,261.45,66.763
-68.175,205.13,8.8611
-150.44,261.29,47.443
-171.62,280.54,84.774
-217.36,305.11,131.74
-87.643,218.42,27.823
-33.006,171.46,-5.401
-209.21,268,67.13
-5.8975,134.7,-20.169
-111.78,183.6,36.014
-164.66,223.69,36.287
-204.79,243.78,78.039
-290.98,352.69,189.45
-104.63,176.79,-6.2298
3.7263,85.789,-77.021
-140.97,213.75,16.051
-243.66,328.92,134.76
-239.19,316.36,150.87
-71.693,183.68,-29.479
-65.659,154.7,-38.377
-312.66,316.79,157.25
-268.9,326.6,176.43
-6.6102,107.39,-80.23
-72.122,193.23,-22.607
4.3582,91.653,-47.577
-249.58,332.73,142.66
-157.98,270.7,76.311
-230.51,319.96,120.86
-135.04,219.87,12.083
-92.667,161.27,-0.6627
-94.419,215.23,41.335
-78.008,200.44,-15.808
-223.58,309.19,136.58
-188.14,283.4,69.3
-195.42,286.18,117.62
-150.9,265.11,56.344
-86.409,214.32,31.69
-218.97,307.61,98.299
-152.78,206.32,46.802
-6.4083,99.142,-76.614
-48.191,161.5,-48.065
-251.24,332.41,150.52
-95.929,211.84,-5.0552
-59.088,142.26,-3.2043
-48.164,158.23,7.9046
-105.22,210.62,-4.5112
-132.28,194.51,43.599
-193.94,252.6,108.63
-238.38,292.92,149.72
-249.12,277.87,137.02
-158.24,238.05,87.972
-249.99,289.75,151.77
-223.37,305.57,138.81
-203.58,252.19,65.029
16.346,119.21,-87.915
-262.01,299.11,107.85
-253.07,283.19,144.55
-63.522,200.49,-7.854
6.2551,106.14,-89.682
-41.551,172.48,-41.283
-292.53,338.97,194.75
-289.09,336.25,134.32
-185.51,288.32,79.792
-224.65,278.06,78.933
-165.1,256.22,96.304
-113.7,194.63,47.733
-67.594,147.7,0.97902
-129.3,246.54,32.502
-238.82,317.42,108.45
-117.57,227.26,10.093
-137.89,214.37,67.273
34.483,122.56,-75.492
-58.722,137.53,-35.319
-262.85,313.39,170.45
-76.271,148.48,-12.106
-307.63,334.59,143.53
-66.873,189.77,22.845
-131.73,233.59,17.206
-284.18,336.69,133.01
-180.54,278.84,104.66
-171.46,224.92,77.091
-290.53,356.76,183.85
-213.48,256.45,113.19
-223.13,256.15,104.78
-102.25,223.44,7.3406
-247.16,284.73,97.204
-146.85,211.75,65.149
-165.36,218.76,41.999
-239.6,268.5,122.58
9.0614,127.35,-81.071
-60.835,147.26,-40.635
-166.67,267.81,95.019
28.173,127.67,-71.179
8.1491,142.83,-40.028
-35.676,177.58,-30.698
2.6161,85.121,-69.421
-261.42,337.94,136.57
-108.55,173.69,15.616
-32.346,113.69,-46.565
-70.479,149.96,3.0447
-155.04,244.73,88.304
-117.62,228.34,11.096
-235.87,292.96,89.044
-52.974,157.33,9.4175
-283.02,299.08,131.53
-209.93,248.7,78.065
-139.32,239.09,22.817
-28.397,114.1,-31.124
-212.69,301.94,128.2
-149.95,207.19,31.142
-101.04,221.75,45.308
-210.04,294.16,81.189
19.806,120.41,-38.819
-96.619,164.8,-1.8678
-308.98,311.97,165.54
-129.05,195.53,47.427
24.791,119.22,-43.126
-42.929,128.62,-50.763
-92.317,184.57,36.214
-213.1,261.72,119.74
-226.6,264.52,84.914
-106.28,176.71,27.605
-152.63,239.34,27.296
-239.31,325.3,139.05
16.686,121.72,-85.95
-257.77,295.49,104.64
-315.82,316.43,171.03
-121.25,185.21,11.305
-142.54,229.17,77.107
-225.71,302.9,142.22
-210.04,282.59,72.185
-198.8,293.04,80.95
-60.863,175.52,-37.046
-164.64,275.15,82.056
-93.297,162.63,-5.8417
-168.58,236.82,90.751
20.219,134.44,-64.385
-283.65,302.52,128.82
-101.89,168.66,2.9673
-171.5,228.15,41.688
-71.346,144.64,-13.878
-203.9,301.62,112.81
-311.17,318.37,185.25
-51.017,176.56,-37.818
-0.52807,95.45,-81.56
-78.899,190.5,-23.604
31.037,118.97,-50.026
-207.77,245.08,86.204
-163.8,244.41,34.521
-136.94,249.38,70.917
-310.65,325.91,146.67
-126.95,240.28,23.652
22.336,117.33,-89.744
-98.069,221.89,6.6327
-152.63,206.67,50.214
-175.62,223.33,56.05
-36.744,117.9,-33.023
-131.15,226.59,70.184
-249.14,273.37,124.46
-143.85,224.26,18.226
-234.42,310.05,148.57
-191.83,239.02,92.248
-144.58,221.57,18.449
-160.89,257.4,92.802
-208.99,293.95,80.91
-73.937,146.64,-13.26
-114.62,181.3,30.373
-38.471,125.12,-53.985
-119.88,239.23,56.177
19.155,129.78,-42.559
-89.195,163.61,15.054
-87.653,165.72,18.99
-294.31,318.69,186.27
-168.49,277.56,85.879
-295.47,334.28,136.17
-287.27,337.62,190.74
-197.15,295.08,112.08
-308.48,313.53,176
-214.65,249.77,92.219
-179.35,254.31,45.843
-14.19,129.21,-73.954
-140.74,217.2,15.571
-192.66,292.26,108.31
8.7717,80.112,-71.128
-257.71,324.99,117.36
-208.33,280.5,128.86
-217.33,265.19,123.66
-109.16,230.96,48.698
-153.76,226.41,79.627
7.8563,141.44,-64.052
-100.76,222.33,6.2494
-220.38,302.43,137.05
-177.34,283.65,76.612
-222.17,254.88,98.486
-186.4,271.4,57.337
-257.49,287.02,149.29
-198.59,248.91,105.22
-75.279,203.35,-11.761
-252.03,282.76,103.53
-78.307,185.55,30.812
-283.78,324.8,126.37
-286.86,349.04,146.15
-176.4,227.95,79.992
-89.052,158.64,-5.4912
-123.02,193.66,5.1334
-58.171,197.78,-2.793
-200.77,299.04,92.671
-4.6347,131.7,-21.204
-111.63,231.82,51.433
-166.05,262.3,46.184
-243.6,288.16,148.9
-73.136,155.59,-31.177
-8.3927,157.07,-30.379
-211.69,262.77,120.62
-311.86,321.4,190.05
-175.59,233.43,43.456
18.638,123.51,-38.556
-112.07,229.48,53.71
-139.64,196.72,36.82
-216.94,268.27,73.128
-306.66,324.93,143.11
-15.832,163.46,-39.502
-105.15,206.05,50.554
-114.72,232.23,55.158
-305.88,311.92,174.24
-50.622,184.12,8.1209
-311.17,321.12,189.77
-68.52,155.21,10.232
-235.43,312.44,102.34
-50.518,131.98,-42.591
-28.197,116.17,-27.313
-67.986,205.27,6.595
-169.21,223.2,42.754
-222.45,263.8,122
-20.177,105.69,-61.16
-162.67,213.41,51.144
-308.24,325.51,144.45
-19.088,151.46,-11.252
-268.09,285.76,138.89
-199.41,278.16,65.733
-19.715,149.8,-61.482
-60.606,156.98,-42.614
-163.88,235.63,88.686
-79.8,164.75,-27.974
-63.581,138.76,-24.722
-297.21,325.89,135.22
-20.046,109.36,-33.45
-103.48,201.97,-9.3852
-23.271,121.89,-19.574
-273.55,344.61,172.34
-51.699,143.9,0.0338
-53.132,168.25,-43.186
-247.25,330.72,132.65
-245.54,291.66,95.038
-128,190.05,37.199
-222.39,309.76,134.32
-255.22,294.75,157.15
-227.55,270.45,129.92
-280.66,296.84,158.14
-170.57,280.1,80.971
-272.06,289.97,126.33
-154.21,252.88,87.721
-179.98,231.45,84.468
-153.44,263.51,80.98
-211.45,247.81,86.001
-154.62,249.51,88.367
-85.562,170.06,-24.047
-196.88,238.16,72.635
-266.26,286.62,120.91
-151.42,237.36,25.939
-134.75,233.59,17.906
-48.25,157.41,-49.607
-222.2,288.63,80.425
-104.51,199.14,-9.8221
-125.94,241.22,62.905
0.8867,94.693,-82.818
-20.854,133.57,-69.548
-171.41,254.31,42.072
-45.201,178.45,-35.176
-42.21,122.79,-27.311
-161.35,273.17,78.295
-272.17,289.59,146.92
13.524,136.02,-40.23
-79.861,192.35,-22.23
-115.6,215.83,1.6301
-61.087,139.75,-34.156
-6.5959,151.25,-24.951
-97.917,185.7,38.312
-7.9858,112.67,-79.823
-182.41,240.67,47.672
-83.917,206.2,34.163
-281.49,313.2,122.92
-111.27,190.48,43.9
-105,197.31,47.275
-181.08,285.6,77.343
-94.389,200.93,43.191
-51.909,143.46,-0.38638
-88.654,158.35,-5.9101
-233.97,305.95,149.08
-286.12,356.31,164.38
-23.655,118.23,-67.326
-8.3863,142.75,-67.735
-225.01,296.29,85.948
-131.25,252.36,50.092
-204.5,289.16,125.72
-193.39,285.32,115.81
-302.17,342.25,143.06
11.885,97.02,-41.522
-72.887,205.34,20.304
-227.55,271.73,82.053
-46.756,130.66,-47.137
-169.67,246.77,38.354
-228.93,316.84,111.75
-84.946,166.37,20.394
-86.73,191.27,36.782
-213.61,292.06,133.35
-182.96,247.48,102.14
-56.49,153.1,7.8233
-289.7,317.9,129.33
-158.09,242.18,89.478
-16.567,109.4,-31.81
-234.77,267.65,124.45
1.3223,149.07,-36.806
-34.664,136.32,-61.032
-119.64,250.88,32.925
-72.902,172.21,-7.9935
-181.35,302.95,91.132
43.837,117.58,-35.67
-28.356,171.94,15.252
-297.09,324.34,182.39
-280.65,319.29,184.27
-229.78,296.74,103.51
10.231,163.92,-24.057
-50.791,164.48,-29.298
-224.95,324.44,113.89
21.154,131.93,-19.941
-109.17,228.47,73.263
24.622,89.839,-57.505
-0.32556,119.76,-63.613
-19.033,135.06,-8.2012
-191.59,258.34,81.02
-115.74,258.65,70.851
-200.35,263.82,88.399
-252.88,306.7,170.13
-28.484,144.4,0.48103
-264.84,361.01,181.28
-237.4,291.61,151.52
-289.59,318.96,169.19
-139.47,277.41,67.943
42.296,136.4,-66.502
-81.473,186.27,-6.6151
-17.432,124.98,-24.296
-60.033,201.24,-14.778
16.339,106.19,-75.34
-298.88,338.48,157.92
-32.235,135.44,-27.255
-161.72,290.8,105.76
-10.654,123.92,-20.045
-129.46,238.43,86.735
-50.138,186.47,-26.163
-120.25,208.01,57.874
-191.37,314.19,116.53
-156.19,255.44,106.01
-190.58,254.01,100.13
-103.77,238.43,20.405
-52.819,152.53,-1.4688
-188.62,265.37,121.64
-278.79,362.11,158.76
-266.97,324.55,188.79
-22.975,155.62,7.8556
-106.17,204.87,11.433
-52.381,195.25,-20.295
-275.03,347.95,201.8
-67.678,191.33,-16.867
-143.87,220.76,54.169
-115.01,261.25,58.619
22.115,143.53,-21.774
-10.607,143.82,-57.96
-148.68,266.48,104.14
-160.98,260.08,110.28
-96.471,222.77,7.7008
-22.565,158.17,-48.353
-114.98,261.23,58.707
-146.43,259.98,45.107
-4.1934,176.38,-17.12
-120.09,260.02,44.837
0.039238,127.26,-14.561
-191.32,307.56,95.096
41.757,123.91,-34.627
-172.49,300.33,93.047
-112.15,224.55,73.19
-177.18,258.51,113.83
-58.163,217.66,25.159
-244.07,348.34,151.28
-129.75,235.48,27.982
-11.565,180,-5.6379
-113.68,260.19,55.175
29.129,140.4,-68.2
-173.14,253.17,61.401
-68.904,224.48,12.007
-66.461,164.49,-8.7679
-225.45,336.59,144.25
32.589,135.28,-73.27
-23.187,138.3,-5.3583
-224.78,293.19,99.672
-228.32,337.91,138.26
-69.966,209.61,-7.0947
-125.84,259.96,42.712
-88.675,220.73,59.28
-99.03,195.6,47.389
1.2014,108.27,-44.947
-28.55,141.8,-43.289
-38.809,142.81,-7.2112
45.421,134.95,-65.844
-47.884,202.47,-13.092
-103.72,239.01,20.957
3.0345,166.71,-42.046
-3.9939,176.04,-26.907
-265.85,307.94,169.68
-142.14,239.02,36.716
-229.93,285.34,143.46
25.613,146.58,-61.156
-274.32,331.33,195.81
-133.37,269.95,85.826
-266.4,363.02,169.46
22.583,100.21,-39.006
-51.04,213.41,15.203
-79.168,194.5,45.775
-248.13,347.25,143.14
-128.24,249.64,88.736
-291.96,366.72,164.42
-258.82,299.67,154.07
-200.37,319.56,116.75
-295.09,323.54,183.23
11.088,106.72,-69.296
28.358,150.36,-41.657
-293.84,341.87,153.14
-257.77,307.24,170.69
-143.81,257.11,42.588
-4.742,164.42,-48.123
-135.12,214.71,46.08
-276.14,316.03,144.66
-282.68,342.42,205.23
-246.51,347.14,143.93
-172.48,259.89,114.16
-116.05,204.26,53.499
-66.803,186.73,37.749
-199.37,259.56,97.412
-250.86,343.68,136.74
-118.99,232.72,79.637
20.358,149.5,-22.918
-237.77,285.36,126.25
-62.88,221.34,11.691
-101.58,189.26,26.434
-80.429,180.65,32.52
-185.87,286.01,132.18
27.551,117.24,-26.928
-99.091,240.46,64.319
-188.13,293.45,134.3
-59.773,170.9,24.774
-79.462,212.44,52.403
-246.52,290.87,135.17
-171.86,296.85,84.591
-35.019,139.49,-31.069
-157.03,285.82,104.49
14.68,156.89,-51.032
-44.116,156.56,11.39
17.564,112.23,-78.142
-221.24,319.01,159.47
-276.16,357.43,153.19
-95.783,211.24,3.1437
8.8183,118.09,-22.448
-275.97,338.56,140.66
-205.7,267.53,92.4
-100.84,244.15,63.961
-239.55,286.59,136.63
41.549,119.38,-34.06
-269.51,358.49,155.01
-285.27,365.11,162.27
-144.28,271.06,53.955
-84.893,180.27,2.1631
-295.97,358.11,159.01
-148.33,245.69,97.648
-301.71,330.64,167
-113.62,240.06,23.13
-111.22,198.41,44.593
40.113,138.47,-42.412
6.5019,155.81,-10.621
-63.652,219.34,33.658
-110.02,217.19,12.964
-222.89,286.2,145.85
-275.73,352.09,148.08
-287.56,324.98,152.22
-80.257,216.54,-0.3349
-182.84,265.67,121.07
-220.94,278.6,103.06
-168.96,265.25,116.2
-168.18,295.52,84.372
-206.89,292.4,86.893
-62.021,221.81,23.138
-93.368,234.96,17.19
-8.2109,144.85,-59.005
-243.32,343.01,137.29
39.128,135.73,-70.434
-187.28,251.78,97.759
-3.5311,169.37,-6.4906
-258.68,301.9,161.19
-60.438,220.74,16.669
25.945,126.46,-79.436
-237.31,339.88,134.11
-60.678,220.92,20.933
-106.26,195.46,19.387
-72.37,222.01,43.765
-216.36,306.11,97.222
-152.5,274.55,106.12
-108.6,242.29,24.251
12.363,159.87,-47.281
10.482,112.35,-27.842
-89.453,219.16,3.5062
7.1556,151.1,-10.073
-71.254,183.37,-15.115
-231.84,285.85,143.57
-19.314,151.56,-51.671
29.067,139.05,-69.81
-89.154,191.45,-0.77646
-128.82,212.53,35.469
20.389,102.52,-36.827
-300.8,363.61,164.12
-276,325.04,139.74
-248.39,305.04,168.01
-112,214.2,66.528
-144.53,279.75,68.099
0.57687,116.36,-25.738
-188.59,287.15,134.15
-177.23,255.02,110.12
31.972,127.52,-80.04
-189.97,301.39,87.144
-203.09,296.51,145.29
-245.17,326.54,120.37
-104.06,215.22,65.406
-30.682,152.36,-44.189
-126.94,269.78,66.193
-221.22,328.68,153.97
-4.4415,156.21,-54.988
-76.672,186.33,39.261
-208.73,266.71,115.76
-189.1,267.7,72.524
-189.8,260.01,114.92
-223.13,306.7,160.05
-84.3,228.8,11.293
-185.93,308.13,99.333
-306.88,331.45,176.15
5.0212,142.2,-9.0023
-86.124,199.78,-4.4544
-105.27,226.7,12.845
-11.541,180.01,-28.3
-79.048,234.86,32.851
-84.538,228.8,54.064
-120.99,208.87,59.001
-109.89,255.48,43.573
-1.5418,156.18,-55.369
-125.37,268.05,71.98
-62.915,215.07,-0.96771
-16.747,161.72,6.8261
2.917,110.42,-60.467
-268.74,356.4,152.07
-260.06,343.44,137.22
-98.585,201.23,5.2551
5.3848,114.39,-26.634
-34,157.91,-41.89
-55.43,153.83,-3.6306
-294.51,325.86,161.51
30.924,127.5,-79.904
35.744,107.77,-33.904
-176.25,300.34,88.964
-187.97,252.15,86.286
-250.81,318.96,120.26
-33.295,199.57,2.779
-53.18,173.49,-28.215
-44.226,169.22,21.426
-274.62,352.94,148.56
-38.32,143.47,-5.1406
-22.412,140.31,-49.058
-95.616,186.74,12.875
-280.94,315.59,153.39
-43.055,149.54,-30.236
-21.254,189.33,-2.4552
-177.37,276.62,124.8
-117.9,243.26,81.01
-31.369,193.87,-18.184
-235.08,305.56,165.17
-76.658,224.81,7.9845
-163.76,249.46,103.82
-194.41,277.57,132.95
-244.19,346.67,144.78
-88.908,183.69,32.981
-122.26,206.51,52.614
-24.93,155.21,8.2784
-69.969,227,17.816
-213.47,311.57,99.953
-88.826,226.81,8.9944
-141.09,279.58,81.592
-41.645,162.92,-36.469
-96.077,187.24,33.915
-166.95,241.07,92.052
-63.943,223.15,25.384
-27.511,158.81,10.897
-279.86,324.25,191.08
-188.47,252.29,87.729
-267.7,341.06,195.9
-63.474,198.66,40.517
-45.493,158.25,13.01
-144.67,253.1,41.064
-252.85,345.58,181.69
-25.176,192.58,-13.312
-167.36,240.84,91.287
46.175,122.32,-38.196
-229.06,337.31,154.42
-238.93,336.15,171.06
-50.754,151.2,-17.949
22.197,110.83,-29.058
-208.64,299.95,90.744
-265.57,303.84,158.2
15.605,155.21,-21.102
-45.868,206.25,-5.7967
-81.903,205.4,-5.6804
-31.877,185.64,-29.348
-159.37,242.79,51.3
-171.67,266.61,118.03
-211.01,314.92,150.76
-267.96,307.25,143.03
-72.431,218.68,45.663
15.968,114.09,-26.017
7.5977,107.43,-64.776
-1.9306,174.89,-21.412
-227.72,334.34,157.25
-161.42,233.08,73.732
-223.41,330.13,155.66
13.787,126.3,-74.685
-5.5221,165.97,-2.2781
-16.019,183.87,-24.425
-34.261,161.89,14.564
-66.696,200.33,42.741
-177.88,305.14,104.97
-58.231,158.03,-14.69
-115.2,235.46,20.848
-92.707,244.83,39.109
-281.71,316.1,177.02
-8.5502,119.2,-27.087
-253,353.37,154.65
-223.01,284.95,100.56
-199.44,306.08,92.654
-204.91,313.3,144.95
-273.01,350.5,200.12
-10.375,142.02,-58.369
-81.967,212.23,53.984
-259.42,300.41,139.46
-143.29,281.25,82.156
-247.44,312.4,117.07
-232.4,326.58,168.09
-107.77,245.48,71.452
-14.667,136.71,-6.1175
-9.9989,163.82,2.2307
-104.45,199.43,51.102
-15.161,132.07,-10.819
-32.373,197.53,-10.766
-258.29,351.86,183.84
-42.869,192.62,25.288
-237.98,339.98,166.61
-115.44,201.15,46.507
-177.88,304.79,110.16
-24.567,174.47,12.699
-119.15,206.85,26.306
-277.68,318.01,144.97
-2.4622,121.09,-61.911
-261.23,316.91,127.98
-187.67,280.97,131.83
-170.3,297.33,111.19
-126.37,214.97,28.981
-170.23,294.28,80.665
-223.23,276.84,128.67
-16.169,185.2,-5.7876
-13.144,154.34,-35.924
5.8866,126.61,-35.157
-125.36,227.84,67.75
-230.78,359.21,172.46
-74.056,250.18,37.83
-163.18,313.96,106.22
-268.33,372.54,168.4
66.264,122.3,-31.946
-271.09,346.81,156.05
-249.94,333.06,196.17
-75.602,192.07,36.496
3.7159,178.12,11.482
-187.13,290.78,146.63
-116.79,222.04,64.084
1.0111,144.44,-46.372
-183.5,317.52,149.59
-169.32,258.94,95.656
-55.261,202.28,50.887
-5.5641,137.08,-13.591
-239.45,346.82,194.72
-72.177,198.46,7.2852
-82.195,195.81,34.766
36.652,122.16,-18.894
-158.91,251.59,90.046
-155.32,292.78,76.372
32.915,167.96,-34.211
-222,295.55,130.84
-266.38,347.35,152.73
-255.38,354.5,149.98
-17.901,192.15,27.506
-193.44,282.67,138.64
-45.453,219.53,45.811
37.22,136.74,-69.043
-43.114,168.84,17.947
-292.81,345.45,179.36
-89.26,257.13,74.837
-33.269,158.19,2.0788
-92.628,231.13,21.058
-143.08,282.08,65.458
-85.739,259.63,49.183
-180.3,279.03,86.921
-74,247.91,32.527
-59.476,236.76,51.157
-253.68,371.39,197.29
-93.519,261.6,45.591
-18.526,146.57,-19.186
-197.35,317.04,105.35
-103.61,219.41,70.192
-129.05,280.45,107.93
-221.32,301.69,121.02
-72.527,197.63,49.124
34.613,151.43,-10.012
-224.65,298,152
-41.697,223.45,38.001
-77.342,192.03,29.508
-160.48,306.82,128.88
-232.41,311.07,172.59
-0.70003,189.16,-23.734
-136.86,249.87,102.78
-151.44,246.6,80.545
-115.79,253.38,39.873
-239.83,318.95,132.77
-183.93,328.93,133.02
-181.08,287.81,86.385
-137.46,244.21,96.043
-210.71,328.01,172.37
-242.3,366.06,167.25
-252.49,353.57,148.37
-82.828,196.51,37.116
30.502,170.25,-21.948
22.089,175.45,-11.116
-288.08,364.78,170.32
-225.28,298.49,152.71
-33.189,157.96,1.003
-21.986,166.52,20.654
40.976,160.61,-25.396
43.108,143.01,-66.379
-204.32,297.99,104.62
-35.312,222.1,14.143
-57.35,236.5,22.668
-134.6,281.47,113.1
57.986,122.02,-26.635
-67.771,186.65,12.533
-202.06,282.12,131.25
-123.39,244.84,42.912
-136.99,278.28,115.61
-8.819,180.88,21.185
24.893,143.5,-4.6946
-70.096,239.86,21.69
27.929,158.51,-52.955
-72.358,225.72,10.038
-197.01,280.96,133.9
52.846,138.81,-23.354
-16.771,192.85,-22.753
-17.047,206.13,17.605
-23.07,191.53,31.373
-149.4,246.67,73.508
-75.385,253.04,48.442
-78.401,220.95,10.766
-248.17,325.61,138.9
-46.691,188.1,-13.177
-2.6288,185.58,15.224
-206.37,316.8,168.03
-225.04,355.68,158.16
-263.96,329.69,154.09
14.915,121.01,-46.787
-60.01,202.35,-3.4111
-51.352,172.88,17.121
-76.912,252.96,58.191
-59.689,221.05,57.979
-133.36,234.03,65.127
-63.48,182.17,12.585
-47.251,225.79,44.022
-177.14,314.5,99.909
-80.988,235.66,18.374
-199.79,284.2,107.36
-145.3,244.46,92.077
-73.16,191.74,38.95
-167.44,316.24,127.54
-253.85,315.46,159.8
-89.892,201.73,41.586
-1.2616,132.79,-19.617
9.8107,185.91,-3.8359
-56.736,176.66,8.8456
-172.91,307.78,92.422
-114.65,279.66,87.797
-100.71,233.49,82.998
-42.247,202.68,44.803
-98.59,260.69,42.351
-168.07,318.23,115
-215.47,347.18,166.32
-94.512,231.08,79.539
43.995,129.95,-74.375
-253.81,336.56,199.84
21.885,139.8,-5.1351
-198.05,335.59,153.12
-25.65,201.17,32.526
-201.11,338.39,153.92
22.41,116,-29.36
-204.31,335.61,162.99
-170.24,260.58,91.188
-19.226,205.65,-7.5756
-77.963,251.91,37.687
-14.163,143.99,-7.4762
-91.815,208.42,57.891
-28.563,216.91,21.259
-275.2,368.16,165.9
-163.4,256.65,104.42
-103.64,228.04,79.753
21.987,169.82,-4.346
46.025,156.69,-29.384
29.228,169.63,-36.004
-89.059,206.22,55.612
-75.35,217.73,8.325
-64.398,226.96,9.0046
-76.621,231.36,14.535
-231.19,305.68,130.9
1.7618,181.74,-32.359
-182.43,270.77,121.77
29.037,112.54,-61.022
-265.68,368.18,163.59
-244.71,325.19,188.59
-63.976,242.45,50.865
-106.82,243.08,31.913
-141.93,247.25,99.235
-17.048,185.23,-28.272
-200.54,330.18,162.1
-103.25,273.07,73.866
-194.59,336.03,140.3
23.815,112.37,-49.264
-65.665,228.63,62.201
-251.26,313.92,156.82
-202.18,334.58,161.03
-275.86,330.17,174.93
-244.47,343.71,139.32
-61.906,181.45,9.8606
-253.85,316.46,172.59
-135.07,287.74,110.79
-261,325.8,153.43
-250.49,315.14,150.68
6.4428,154.21,6.743
52.887,108.89,-30.358
-14.287,166.4,-36.082
-178.04,325.09,127.19
-80.888,199.25,48.064
-126.76,243.07,46.036
59.894,144.45,-37.063
-34.409,169.31,22.86
-205.84,285.96,115.58
36.814,151.73,-58.799
-164.36,315.92,117.13
-213.41,347.64,159.95
-72.361,196.77,8.4199
-275.57,341.9,209.28
-69.809,241.82,61.305
-106.37,258.55,40.144
-231.42,323.18,183.18
22.916,175.14,-30.392
-133.15,294.55,91.539
7.385,146.9,-51.573
-190.49,297.61,152.16
-237.78,340.55,193.14
-125.63,231.31,52.607
-2.3992,169.87,-40.62
-185.24,327.23,143.06
-105.34,271.31,83.879
-272.98,329.04,170.08
-63.458,239.1,23.122
16.259,120.54,-26.06
6.2216,143.98,0.55876
-185.22,304.06,151.93
-268.92,337.56,155.53
-131.23,256,106.23
-91.882,261.67,46.908
-265.97,376.96,174.8
-16.173,177.07,24.726
-150.52,281.45,67.418
26.946,172.09,-15.825
-101.06,268.49,80.307
-29.171,185.83,-23.806
-37.998,193.28,40.128
-36.812,160.58,-2.5776
-80.779,198.33,46.338
26.074,170.44,-37.813
-245.05,366.88,188.5
-172.33,293.41,141.47
-57.282,230.04,53.694
58.192,146.43,-55.488
23.812,132.73,-9.7369
-286.8,342.59,173.56
-91.682,211.63,62.754
5.0412,158.4,-48.093
-18.342,193.56,27.67
-162.48,313.22,104.77
-225.27,356.14,162.03
-158.64,273.14,69.375
-225.21,316.91,120.38
37.369,124.11,-72.578
-21.799,154.7,7.6367
-128.06,270.65,53.624
-192.76,291.7,148.77
-66.93,187.75,8.9693
14.908,183.2,-15.473
37.869,164.38,-27.639
-38.756,209.69,-7.4534
60.072,122.05,-27.834
-260.43,353.8,151.57
-160.46,306.14,91.173
23.81,114.3,-31.634
12.723,127.9,-51.364
-55.566,186.69,-5.19
-43.699,227.47,35.388
19.507,135.25,-60.147
-85.031,225.77,73.307
-41.926,210.02,-6.9458
-206.63,330.71,168.28
8.9687,153.17,5.3816
-41.676,208.29,-8.2896
-82.5,200.48,19.254
-82.863,218.34,68.522
7.1502,151.68,5.3002
-238.7,305.62,147.57
-92.372,243.52,26.342
-93.015,217.62,69.434
20.875,178.33,-17.498
-17.672,203.77,-9.8308
-188.02,272.19,107.02
-237.19,324.29,129.67
8.2119,165.72,8.9662
-270.26,350.81,214.7
7.8907,146.23,-51.941
26.611,148.74,-4.3156
33.285,117.53,-22.531
-100.79,230.69,81.264
-74.949,229.61,69.041
-104.8,273.54,63.588
-184.71,328.53,138.65
46.074,142.65,-18.192
-3.1378,171.52,-39.571
-246.73,311.95,149.54
-51.003,186.38,-9.4825
-44.079,211.93,-5.2143
-62.787,243.25,35.267
-261.03,379.43,189.2
58.937,147.13,-41.736
-10.299,166.85,-38.306
-224.79,322.23,179.86
-186.5,281.63,92.3
-121.01,239.7,91.923
-173.48,264.23,90.282
-207.24,284.57,127.3
-226.74,323.79,181.52
-160.99,300.83,84.52
-11.659,170.73,-36.618
-2.7531,133.25,-24.401
-128.12,230.6,59.838
10.931,175.55,5.2511
-184.22,287.77,88.793
-163.33,256.07,85.087
-226.75,353.7,148.83
-145.56,296.47,80.762
-115.05,279.45,66.625
-213.65,291.63,145.84
-16.993,198.46,-17.045
-193.2,277.44,105.89
-217.12,295.21,121.44
-63.194,224.06,60.549
-136.95,252.8,53.199
-192.52,275.36,122.25
-19.491,148.46,-21.751
30.95,106.83,-55.262
-285.11,335.69,190.41
-247.81,357.98,200.2
-139.26,243.62,59.864
-185.84,321.66,108.32
-202.49,300.4,158.11
-175.45,287.27,140.39
-62.132,200.59,-2.0723
-265.69,324.87,162.92
-64.353,182.37,23.44
-192.4,319.83,157.64
25.872,110.31,-41.341
-126.74,271.34,107.85
-130.13,273.86,56.429
-75.663,191.63,21.117
-62.204,211.1,-0.27221
-149.84,245.33,85.793
-215.18,320.68,114.82
-24.305,150.55,-9.6269
-22.123,148.91,-8.8799
-235.78,359.39,155.4
-50.932,181.84,-7.9735
55.435,116.32,-27.087
-85.977,259.89,49.726
-67.959,217.48,62.416
-115.9,247.04,37.974
-227.88,356.72,172.5
-68.72,245.41,31.806
27.816,155.52,-5.0057
-69.585,221.87,7.1379
-91.515,225.22,75.238
-84.843,199.05,43.217
-264.95,330.28,154.9
39.863,161.68,-25.009
-161.37,304.77,131.49
-23.295,150.02,-13.947
13.455,121.81,-26.75
-163.45,313.98,105.87
-205.21,283.83,119.97
-244.79,357.11,197.45
-92.899,261.09,76.197
-147.34,244.23,74.8
-7.6492,199.29,9.7842
-256.79,317.45,170.35
-123.32,276.5,103.57
36.615,110.61,-29.497
-241.96,322.89,133.77
6.0235,133.47,-46.741
-156.75,117.68,-18.272
-56.565,97.488,-78.373
-102.82,120.89,-80.45
-196.31,165.18,29.158
-321.9,251.23,126.35
-68.139,51.622,-113.21
-170.54,169.84,15.427
-289.26,263.05,110.13
-157,130.74,-3.6488
-230.45,215.98,62.058
-253.21,245.11,71.428
-116.05,136.08,-65.466
-290.19,213.51,60.016
-277.93,253.06,52.617
-44.587,87.667,-84.672
-273.85,245.85,45.002
-318.6,248.04,71.545
-152.97,163.94,-39.603
-288.85,265.94,68.062
-322.27,263.72,75.537
-60.735,89.906,-63.642
-133.82,94.695,-50.813
-230.29,203.11,61.406
-165.44,139.68,4.4116
-127.06,115.36,-76.758
-210.71,192.07,-10.53
-57.831,98.163,-76.571
-212.38,159.62,-9.5627
-262.06,253.62,72.421
-300.63,220.26,75.123
-261.56,252.76,74.493
-344.9,261.37,96.461
-182.58,187.67,-15.716
-269.39,228.68,32.462
-272.08,201.06,42.389
-140.98,158.52,-42.433
-226.11,205,2.3153
-242.97,234.75,34.614
-281.08,267.93,83.078
-158.61,174.47,-23.732
-100.09,131.75,-56.041
-275.35,206.5,40.523
-65.132,100.25,-65.525
-163.52,143.95,6.3675
-226.14,164.77,13.382
-258.83,192.94,56.914
-350.25,318.99,143.27
-165.28,118.7,-28.867
-51.326,33.28,-97.795
-206.49,151.96,-9.4086
-313.06,282.95,87.465
-299.91,281.71,103.69
-145.14,120.55,-64.418
-130.33,93.44,-63.228
-362.89,267.78,139.45
-323.59,296.02,133.26
-69.998,47.128,-104.36
-147.64,131.83,-62.209
-45.63,53.141,-76.005
-317.78,288.69,95.008
-229.17,225.56,25.692
-301.43,271.64,73.931
-204.8,156.45,-17.488
-147.05,111.47,-23.35
-159.81,177.03,-8.5453
-154,139.85,-56.895
-286.95,272.28,88.108
-262.59,225.39,27.654
-257.74,250.32,69.492
-225.79,212.54,8.3963
-154.87,173.31,-19.494
-292.06,252.76,55.213
-205.96,158.49,23.716
-65.543,42.156,-98.321
-120.26,98.365,-81.104
-317.1,291.99,102.31
-171.61,150.46,-44.889
-110.52,102.41,-32.214
-104.59,123.86,-33.695
-179.12,147.52,-40.101
-184,151.94,17.024
-245.08,218.27,74.259
-289.95,261.87,111.34
-296.5,240.41,111.07
-213.14,204.27,47.867
-298.32,257.5,119.07
-284.73,270.44,91.241
-264.51,193.65,42.469
-56.642,58.539,-124.79
-323.91,240.27,84.293
-300.21,247.69,116.91
-139.28,147.35,-56.395
-60.627,44.398,-117.05
-117.17,112.48,-82.465
-344.67,309.9,153.52
-356,278,103.28
-259.6,235.39,33.335
-289.96,217.12,52.868
-224.42,221.92,50.678
-166.69,158.55,12.635
-119.12,107.01,-27.286
-205.39,190.26,-13.211
-310.86,261.3,68.132
-192.99,165.75,-29.239
-190.94,179.04,31.32
-38.923,71.903,-123.39
-116.48,82.378,-57.055
-314.45,283.48,130.84
-130.39,98.991,-34.757
-369.22,276.84,119.24
-130.02,153.13,-25.587
-206.16,171.21,-19.875
-352.21,278.87,99.973
-245.02,241.24,55.39
-222.17,184.74,49.414
-352.94,319.65,136.91
-262.62,219.11,84.71
-273.11,212.32,81.904
-178.7,164.84,-36.45
-307.75,226.5,74.793
-198.28,173.65,34.308
-223.29,163.39,20.265
-288.03,227.62,98.756
-64.591,67.01,-119.21
-123.65,87.271,-64.267
-230.84,230.52,45.854
-45.432,76.814,-119.14
-61.196,100.33,-90.867
-111.39,123.45,-78.131
-50.085,36.292,-90.808
-331.84,287.13,92.938
-161.87,126.21,-8.0263
-86.526,63.202,-68.253
-122.04,109.24,-25.24
-212.96,210.75,44.257
-193.22,167.13,-28.8
-303.28,231.91,60.213
-108.06,122.74,-30.099
-336.26,247.18,112.61
-265.33,195.81,57.201
-213.63,176.8,-14.176
-79.281,72.265,-57.318
-276.59,264.62,79.42
-207.84,151.98,9.2865
-167.25,182.86,-4.9908
-283.13,235.1,42.496
-41.542,85.104,-86.187
-152.26,112.86,-24.042
-355.57,268.84,146.58
-180.6,155.49,18.446
-37.789,83.137,-91.369
-102.96,70.964,-72.993
-146.8,149.49,-1.9573
-262.75,226.87,87.943
-284.64,208.43,63.779
-158.04,135.3,-0.23485
-224.25,176.1,-5.025
-306.68,283.15,90.57
-56.863,61.697,-124.27
-319.53,236.66,81.251
-361.99,273.68,152.26
-178.8,130.57,-10.674
-198.53,195.17,35.731
-284.82,269.38,96.055
-280.72,220.95,39.481
-272.88,236.73,38.036
-134.26,112.54,-72.069
-235.36,230.57,31.51
-149.48,109.84,-27.879
-221,202.2,54.941
-53.426,83.966,-112.8
-338.9,248.52,109.32
-157.22,117.25,-19.326
-232.57,169.57,18.992
-124.96,96.082,-36.809
-272.69,258.69,63.173
-355.06,283.57,161.32
-126.24,115.36,-77.212
-60.148,37.998,-103.45
-152.73,127.45,-59.162
-33.973,80.938,-99.572
-259.88,197.42,64.396
-234.27,181.29,3.6677
-203.42,210.16,20.584
-367.53,270.5,126.4
-203.05,181.16,-19.104
-51.092,57.486,-128.08
-174.59,164.19,-38.185
-205.1,160.53,26.337
-230.55,171.82,34.395
-88.633,72.473,-56.849
-189.26,192.25,26.252
-297.9,230.34,102.43
-212.74,161.09,-10.419
-293.75,276.44,102.2
-241.9,199.23,65.042
-212.23,158.8,-8.9056
-222.1,222.14,45.579
-282.19,235.03,41.909
-127.89,97.44,-35.982
-166.52,138.52,3.7786
-98.444,67.49,-76.174
-188.11,198.37,5.1777
-46.882,90.846,-92.575
-140.94,122.17,-12.727
-139.44,126.27,-10.927
-340.14,288.36,155
-238.74,233.58,35.357
-360.32,275.77,108.21
-340.53,308.01,148.53
-264.3,254.51,62.251
-353.1,275.53,154.41
-266.29,202.72,70.44
-249.04,191.5,15.726
-83.92,66.604,-104.34
-207.81,154.64,-11.219
-260.18,251.33,58.34
-43.085,32.739,-92.875
-328.23,267.57,80.483
-263.88,248.2,86.313
-266.88,230.73,91.619
-177.25,190.28,-2.3135
-206.6,191.47,43.547
-67.029,86.997,-110.03
-177.23,163.72,-37.545
-281.28,267.66,89.74
-251.35,231.86,29.082
-273.36,208.32,76.804
-259.23,209.82,21.629
-304.42,252.2,121.21
-248.53,212.37,74.79
-151.76,144.95,-55.802
-309.61,226.9,82.794
-136.29,150.91,-12.633
-348.71,265.75,98.865
-356.22,295.11,107.23
-226.99,187.54,52.711
-144.04,107.72,-27.839
-185.36,134.05,-18.248
-132.2,148.92,-53.42
-274.05,247.15,46.238
-63.066,97.536,-65.76
-179.07,191.79,0.64356
-240.53,201.48,7.4083
-292.8,256.25,114.65
-135.41,96.03,-54.509
-79.03,113.08,-81.433
-261.72,228.52,87.682
-355.67,288.34,164.41
-237.86,173.87,20.143
-43.762,87.536,-86.666
-177.92,190.89,3.6004
-193.09,148.61,13.66
-280.7,207.9,48.593
-364.56,268.84,122.17
-90.488,112.01,-88.291
-163.12,171.49,7.0396
-180.99,193.27,4.8508
-350.62,273.92,152.48
-117.23,144.89,-42.363
-355.03,288.13,164
-120.62,117.69,-22.131
-307.43,254.89,63.571
-108.89,76.06,-64.362
-78.976,75.955,-55.048
-141.45,157.53,-44.434
-228.27,166.54,20.801
-271.23,227.52,92.917
-76.329,52.099,-82.32
-216.41,164.2,28.724
-365.83,269.62,123.71
-81.237,115.52,-59.052
-315.87,243.39,117.53
-271.24,216.56,31.409
-93.956,88.672,-99.597
-127.91,94.399,-69.701
-216.91,201.29,51.728
-144.16,103.66,-52.577
-118.54,87.588,-46.756
-358.67,267.91,111.35
-70.625,69.149,-60.916
-175.33,138.29,-41.549
-75.003,85.776,-52.9
-336.04,307.81,124.96
-103.88,107.17,-33.253
-126.09,105.25,-77.591
-317.48,282.53,86.539
-309.7,231.55,69.688
-180.07,146.04,11.655
-286.72,271.9,85.534
-303.57,263.12,123.79
-276.37,235.81,99.043
-326.48,259.3,134.43
-242.85,232.72,31.205
-324.28,239.61,107.22
-215.7,217.42,40.321
-230.41,191.86,56.56
-221.08,223.03,30.39
-264.28,198.71,64.726
-214.52,214.85,42.31
-150.37,108.68,-48.958
-250.98,187.43,51.296
-319.21,235.48,101.6
-222.73,174.05,-5.8901
-208.64,170.85,-18.037
-119.04,94.172,-80.79
-291.74,227.23,49.05
-175.18,135.47,-40.401
-192.51,201.97,12.498
-58.921,37.073,-104.79
-90.411,70.856,-99.586
-243.04,191.5,9.3002
-121.24,119.64,-78.179
-93.96,78.118,-51.724
-232.63,227.82,27.789
-318.95,249.64,124.39
-53.766,95.861,-90.683
-153.98,129.45,-58.334
-188.78,152.46,-32.686
-119.16,84.246,-55.956
-73.698,111.41,-75.485
-151.63,150.15,1.6786
-73.25,51.392,-105.47
-245.7,180.38,23.706
-148.75,168.41,-15.399
-342.87,254.93,99.48
-163.85,153.75,10.04
-160.28,162.62,7.6077
-255.23,232.95,30.503
-153.48,166.09,-1.5727
-103.99,106.53,-33.341
-143.68,107.36,-28.239
-291.56,273.41,104
-353.87,310.51,119.18
-86.058,58.573,-90.737
-82.748,82.359,-106.79
-295.91,235.7,51.86
-204.97,203.49,-0.10518
-264.85,254.72,78.824
-256.08,249.18,67.477
-367.67,284.26,113.65
-39.665,62.441,-76.197
-142.27,163.34,-31.11
-289.14,212.74,59.068
-106.21,73.569,-69.18
-239.39,183.78,8.3768
-301.1,264.83,66.945
-136.97,128.16,-11.146
-144.48,156.67,-6.373
-272.07,258.8,87.812
-235.03,213.36,66.274
-109.83,117.59,-28.335
-350.34,260.1,106.4
-214.3,208.5,47.472
-67.172,70.839,-61.031
-282.97,229.01,98.612
-68.9,105.51,-87.74
-101.46,74.141,-87.846
-198.57,196.37,-18.547
-136.04,121.57,-41.817
-259,254.24,35.377
-18.513,90.071,-92.542
-90.924,143.68,-41.129
-345.88,290.43,150.81
-328.93,291.1,147.42
-295.79,243.8,68.167
-63.869,126.39,-86.601
-118.95,109.68,-65.672
-300.16,273.17,64.151
-40.222,104.51,-75.569
-169.97,200.6,18.905
-29.659,51.457,-91.96
-65.272,67.273,-97.993
-73.74,103.46,-50.309
-252.42,209.67,48.315
-188.62,222.87,8.1534
-260.44,215.86,55.966
-303.06,280.14,128.96
-83.608,113.34,-42.763
-332.79,328,122.45
-288.1,261.91,112.9
-340.48,281.1,138.83
-217.81,231.32,8.5067
-35.403,89.786,-124.51
-148.93,131.89,-42.463
-72.349,87.357,-60.412
-138.3,145.31,-63.851
-48.133,54.064,-109.45
-359.46,289.41,125.98
-90.34,91.017,-60.66
-233.1,256.21,43.877
-64.884,90.227,-59.327
-188.36,210.82,34.688
-126.53,129.67,-71.741
-175.29,173.21,18.634
-265.86,273.99,56.228
-213.8,228.29,55.264
-244.88,215.95,65.302
-182.79,183.5,-30.751
-108.76,113.31,-37.315
-242.29,236.69,77.909
-351.23,314.24,109.28
-317.91,301.01,143.44
-81.454,127.68,-43.253
-173.54,150.55,-24.36
-130.56,139.38,-69.309
-331.18,325.08,148.61
-141.51,134.22,-58.607
-202.14,176.3,20.575
-192.16,219.04,-3.2364
-44.566,113.44,-81.903
-82.634,87.65,-98.211
-212.18,238.31,46.371
-218.8,233.16,59.012
-173.27,165.84,-38.307
-96.501,101.55,-90.764
-192.11,219.07,-3.1663
-222.66,203.68,-0.78357
-79.815,136.79,-79.609
-199.64,209.85,-12.014
-55.463,98.313,-60.539
-268.61,257.69,41.051
-22.643,95.352,-93.225
-249.68,255.14,34.259
-171,196.6,21.579
-231.46,229.78,69.297
-133.13,179.52,-37.946
-317.09,307.3,93.868
-202.44,178.69,-12.531
-84.817,143.83,-68.439
-191.45,216.73,-6.227
-49.013,89.115,-121.94
-239.14,199.88,26.4
-148.69,175.99,-46.911
-127.45,116.31,-42.202
-297.78,298.44,84.78
-45.192,83.134,-125.61
-77.972,106.59,-47.464
-290.93,240.1,64.266
-302.36,295.84,80.531
-148.45,153.77,-56.558
-205.2,207.37,-11.349
-152.42,192.01,1.7651
-154.31,162.68,5.8588
-54.488,67.511,-78.853
-93.798,89.096,-77.851
-93.982,105.68,-44.193
-31.903,89.653,-124.71
-127.72,150.08,-67.998
-182.85,184.28,-30.539
-75.915,117.92,-99.502
-82.002,131.62,-87.635
-315.06,277.85,133.54
-212.52,183.08,-1.5075
-281.06,254.43,105.52
-52.808,96.954,-117.01
-325.32,308.43,149.71
-204.86,235.6,23.554
-338.01,323.34,112.59
-30.937,68.903,-79.801
-127.7,172.67,-47.509
-136.86,165.69,-3.3436
-322.3,301.33,89.264
-191.35,221.43,31.557
-363.22,317.78,117.69
-309.52,264.79,120.88
-275.89,276.41,58.113
-343.58,290.67,150.97
-51.409,56.299,-102.47
-46.952,110.57,-103.51
-357.63,291.01,118.64
-307.43,279.71,131.27
-219.84,200.66,-2.8641
-83.358,111.11,-100.4
-194.07,169.29,12.553
-333.77,269.51,114.1
-334.76,320.39,156.74
-320.63,302.02,89.281
-227.81,232.22,67.085
-171.2,168.89,14.701
-124.91,158.13,-12.162
-255.54,217.1,64.615
-324.87,294.49,86.483
-178.68,205,26.643
-48.83,117.41,-84.392
-292.34,243.9,94.598
-142.21,174.66,-48.489
-159.33,146.25,-7.9504
-135.72,147.21,-8.4718
-245.58,259.79,77.581
-30.421,90.314,-78.403
-168.29,208.44,2.7483
-250.04,266.5,77.441
-115.62,140.13,-19.767
-142.72,183.85,-4.5917
-299.99,250.89,103.5
-249.86,248.14,28.344
-95.405,91.793,-64.188
-227.29,252.54,42.776
-64.004,108.02,-108.03
-99.476,125.21,-31.875
-50.232,57.957,-114.57
-283.04,292.52,102.27
-348.45,308.17,105.37
-169.14,154.13,-37.959
-46.051,88.818,-67.215
-343.81,286.23,102.15
-265.62,219.67,60.087
-171.42,210.91,1.7775
-291.75,249.73,103.43
-20.839,91.828,-90.943
-342.58,311.55,103.69
-357.24,316.95,113.73
-223.02,217.86,1.3928
-147.24,130.52,-31.506
-364.61,306.95,118.18
-205.08,217.85,48.8
-356.42,286.81,137.64
-191.4,183.89,-25.014
-166.86,160.7,7.5656
-32,103.12,-104.51
-60.404,125.54,-70.868
-136.46,183.89,-29.283
-181.53,160.63,-26.186
-274.63,258.02,104.24
-347.21,301.26,103.01
-345.49,278.03,121.7
-158.57,160.48,-49.327
-237.48,238.03,74.901
-280.76,230.61,71.02
-226.39,238.53,65.255
-246.16,247.81,27.135
-278.19,237.27,46.557
-138.72,181.03,-39.585
-173.08,181.48,-36.422
-81.219,88.55,-100.47
-317.84,296.01,84.046
-38.912,86.488,-126.17
-241.68,213.69,62.823
-73.665,136.49,-68.445
-308.48,270.27,125.84
-138.55,177.26,-45.174
-49.006,71.12,-124.56
-312.11,293.23,80.104
-137.75,179.5,-41.624
-167.76,146.72,-14.168
-142.61,189.13,-18.326
-289.43,251.6,53.805
-218.31,245.09,46.527
-187.62,187.5,-27.032
-66.287,111.82,-105.1
-43.633,81.726,-70.168
-166.72,162.4,-43.32
-57.775,122.06,-68.895
-140.96,127.63,-52.632
-282.92,254.46,106.22
-91.809,95.167,-92.339
-48.927,87.162,-122.72
-156.28,137.31,-36.414
-190.37,163.63,2.0043
-33.243,71.398,-77.969
-369.77,312.94,122.31
-338.57,274.54,106.55
-298.99,278.76,125.98
-168.36,184.68,19.97
-223.16,232.15,9.8492
-53.416,83.762,-65.83
-247.92,261.09,79.902
-231.03,225,67.59
-44.305,73.128,-127.98
-266.94,248.88,36.279
-261.6,271.02,91.582
-317.09,273.37,77.133
-162.1,186.85,15.344
-100.19,96.897,-81.728
-204.17,227.09,4.7419
-288.37,297.78,94.043
-81.508,100.9,-103.06
-133.01,156.21,-6.6417
-261.97,230.05,80.934
-256.21,213.75,36.7
-242.86,228.57,74.896
-279.55,282.15,108.23
-164.13,175.56,-42.723
-263.03,261.59,42.077
-358.95,290.86,147.03
-55.751,114.7,-63.727
-157.95,143.09,-43.89
-181.27,169.6,-31.891
-90.595,132.43,-87.151
-156.48,192.7,-29.44
-153.41,197.06,-7.3401
-176.01,174.32,19.545
-189.18,207.88,-15.583
-79.051,101.38,-104.57
-200.61,228.95,9.5203
-142.93,163.07,-56.528
-78.738,133.7,-49.027
-57.826,61.881,-93.192
-341.81,308.52,101.74
-332.72,292.34,90.809
-166.99,146.22,-31.232
-48.627,82.819,-67.825
-104.77,101.88,-80.565
-112.12,112.67,-38.502
-349.57,281.79,131.92
-45.182,72.933,-127.42
-21.167,80.889,-83.967
-254.02,252.2,32.456
-245.38,208.05,53.505
-318.99,265.67,82.289
-109.69,159.15,-59.89
-124.44,117.13,-67.217
-102.16,140.75,-28.375
-346.45,302.48,102.62
-93.292,107.39,-42.94
-89.283,86.414,-84.604
-156.54,138.74,-20.662
-335.56,272.4,123.48
-106.33,98.644,-63.979
-96.294,150.87,-65.326
-236.2,250.3,71.523
-181.66,214.7,23.297
-111.04,144.3,-75.813
-288.26,280.93,117.88
-156.65,172.4,-47.12
-218.57,220.42,58.897
-249.44,251.14,84.996
-318.19,302.61,89.189
-144.27,147.94,-5.7103
-177.79,168.84,15.702
-82.893,127.08,-41.931
-149.16,180.76,-42.635
-288.42,258.2,52.769
-167.88,171.67,-41.971
-216.62,239.62,19.614
-112.13,106.95,-74.81
-151.77,149.65,-3.3038
-220.96,206.77,53.712
-140.38,182.81,-37.438
-85.952,130.78,-40.067
-328.51,298.85,150.82
-245.5,208.77,54.851
-323.44,318.12,143.31
-126.14,170.23,-15.817
-100.95,127.09,-30.606
-219.35,196.35,-2.2305
-315.89,318.25,123.67
-103.83,147.17,-73.887
-221.42,206.1,53.34
-19.036,93.288,-97.408
-298.64,303.31,94.397
-302.57,308.39,112.68
-110.62,104.39,-51.265
-33.053,82.643,-75.481
-281.82,245.06,47.59
-316.08,268.73,125.51
-54.856,121.93,-83.086
-125.62,157.37,-64.261
-156.85,148.15,-48.805
-110.99,131.73,-81.674
-225.43,189.45,16.28
-228.85,239.94,67.374
-274.64,287.18,92.379
-323.44,263.35,112.7
-140.82,187.31,-15.465
-39.065,85.401,-71.617
-53.604,58.337,-97.558
-78.321,133.93,-83.526
-295.53,302.59,97.304
-217.54,192.21,39.339
-290.45,299.31,95.797
-58.388,70.485,-115.51
-72.95,135.32,-62.842
-95.099,136.51,-83.554
-92.188,133.58,-35.4
-129.07,171.96,-13.271
-253.31,263.86,44.512
-119.12,109.92,-48.059
-191.5,178.54,-24.484
-170.92,200.88,-22.379
-330.41,284.55,143.1
-62.92,83.263,-64.216
-326.11,311.05,98.458
-285.8,234.13,67.403
-275.75,253.3,42.985
-270.11,284.36,85.657
-330.86,326.83,145.41
-81.802,86.003,-97.959
-144.43,183.87,-2.1608
-314.08,257.9,108.79
-219.09,240.77,20.361
-314.18,259.43,80.756
-293.71,300.49,111.16
-176.12,214.14,10.342
-70.047,106.91,-51.038
-74.849,134.74,-56.435
-159.68,166.44,9.7217
-69.794,100.57,-52.942
-111.51,150.84,-70.669
-322.67,323.25,125.32
-109.5,162.44,-34.674
-304.44,309.54,107.16
-171.19,162.93,9.8656
-251.84,266.19,48.921
-89.281,145.39,-45.779
-181.92,156.6,-7.4264
-335.84,270.94,114.26
-67.252,68.727,-96.204
-325.31,265.38,93.781
-245.19,255,79.962
-241.9,262.32,49.451
-190.88,162.97,-5.3011
-248.39,244.41,25.407
-275.51,241.52,93.774
-91.009,146.98,-68.625
-83.504,106.88,-82.984
-55.339,88.789,-79.724
-185.31,193.44,21.35
-304.45,330.17,101.65
-157.06,209.12,-33.258
-243.69,275.31,36.047
-343.84,330.24,108.89
0.18598,101.21,-100.63
-338.95,302,109.66
-304.55,315.85,139.17
-135.11,159.84,-11.558
-66.275,154.54,-59.979
-244.93,270.74,88.213
-176.38,188.81,16.966
-69.732,96.77,-93.735
-251.87,295.29,78.941
-229.39,222.85,50.865
-117.75,180.41,-12.067
-64.126,105.62,-61.145
-301.32,329.05,128.35
-142.18,151.24,-39.522
-142.86,160.5,-11.661
-22.387,100.61,-77.449
-218.7,216.4,44.694
-235.81,244.56,16.216
-48.214,130.02,-105.98
-281.49,258.44,87.92
-335.89,301.9,104.75
-329.86,309.07,95.163
-86.844,169.12,-43.086
-249.21,258.48,87.348
-117.47,194.52,-26.926
-40.641,87.575,-124.61
-101.92,138.94,-31.565
-351.48,307.46,138.48
-163.76,229.92,0.97016
-93.007,124.45,-44.705
-169.89,180.43,-32.079
-223.51,233.09,6.1808
-168.25,219.9,-22.616
-249.43,232.51,40.584
-157.44,204.57,-36.787
-135.41,208.17,-23.231
-323.14,347.34,127.05
-176.79,217.88,-23.084
-80.786,107.59,-63.969
-275.13,269.3,48.413
-162.19,192.85,17.505
-199.68,256.49,35.98
-285.9,258.74,77.192
-131.45,171.55,-4.545
-33.812,128.9,-80.428
-279.4,270.5,105.55
-117.77,194.73,-36.431
-138.41,155.87,-16.584
-232.62,281.45,56.33
-286.26,289.88,120.78
-83.641,144.9,-91.394
-195.41,226.65,46.655
-212.55,209.25,35.642
-194.44,202.86,-15.373
-306.15,274.58,88.03
-261.13,296.31,61.102
-253.82,239.34,37.121
-195.35,218.41,43.503
-274.18,309,105.09
-318.67,330.49,99.545
-327.35,308.17,92.984
-143.1,162.12,-9.724
-48.129,137.54,-95.736
-54.852,145.31,-85.269
-357.51,320.07,121.67
-279.97,271.12,106.21
-93.115,123.73,-45.536
-81.75,143.41,-37.264
-35.903,130.29,-99.276
-37.35,95.528,-127.26
-273.67,251.45,57.977
-117.71,183.1,-58.261
-140.72,194.1,-47.521
-203.64,258.62,42.182
-5.5992,101.68,-92.684
-132.17,145.12,-32.528
-258.43,252.24,85.056
-196.85,195.5,-6.4417
-203.8,256.67,46.46
-75.91,158.74,-47.795
-37.753,122.69,-68.964
-153.51,193.36,-44.287
-53.534,111.54,-115.76
-152.73,175.21,-47.567
-252.85,253.82,85.571
-16.1,116.05,-94.234
-98.987,144.63,-85.285
-94.312,175.93,-56.938
-90.136,169.32,-37.502
-212.58,206.25,28.956
-156.68,216.53,-25.036
-155.9,170.18,-42.625
-314.61,281.22,94.025
-120.84,138.39,-63.088
-73.916,161.11,-57.085
-266.92,298.55,103.97
-301.63,321.4,88.801
-326.23,288.5,111.6
-48.112,80.421,-90.948
-135.83,151.97,-54.907
-111,139.92,-30.348
-155.49,221.01,-16.325
-127.46,198.52,-11.526
-195.52,195.35,20.167
-126.57,142.46,-32.569
-122.05,198.38,-30.037
-257.76,269.26,36.455
-162.21,185.61,-40.878
-263.39,242.47,63.609
-203.34,214.75,43.407
-132.21,161.38,-10.428
-242.9,286.94,54.539
-310.12,281.98,117.51
-150.28,167.02,-5.0806
-60.148,100.05,-66.276
-68.015,154.74,-78.128
-119.37,137.6,-36.367
-253.23,260.91,31.075
-191.88,249.11,13.671
-162.1,211.69,21.49
-108.06,180.78,-22.672
-181.7,214.28,-23.294
-247.47,282.12,43.7
-287.69,320.73,94.779
-156.57,209.42,16.97
-33.301,80.864,-129.25
-308.44,319.68,142.48
-38.998,118.68,-66.662
-271.08,308.61,81.037
-96.026,177.29,-39.149
-274.7,310.61,81.913
-35.047,86.836,-77.792
-274.05,312.11,91.788
-232.01,221.74,46.937
-102.47,162.32,-76.62
-161.23,209.55,-32.401
-72.917,112.4,-55.147
-150.52,180.34,6.6241
-107.86,183.98,-53.228
-348.72,323.71,111.36
-221.03,226.78,56.499
-163.28,204.83,22.113
-50.919,144.02,-77.495
-30.897,126.23,-103.18
-52.588,129.63,-106.56
-147.79,178.02,4.4307
-152.54,167,-44.686
-146.52,177.62,-52.215
-157.61,181.14,-44.229
-293.65,264.69,87.942
-80.668,134.98,-96.707
-239.02,242.71,73.371
-35.924,69.584,-105.36
-340.97,324.84,105.48
-298.7,306.74,133.74
-141.75,211.68,-23.763
-184.42,192.44,-21.753
-199.69,221.47,46.842
-97.541,135.46,-86.819
-268.77,308.05,91.546
-182.77,239.33,-0.069506
-271.51,303.34,68.851
-37.425,74.12,-93.412
-134.7,205.51,-8.4357
-307.98,279.81,114.55
-272.27,310.77,89.672
-331.54,296.57,133.57
-318.62,297.34,85.928
-125.6,140.86,-35.201
-307.25,289.25,127.68
-207.2,262.55,38.071
-322.22,285.65,111.3
-309.37,277.91,108.71
-55.366,132.95,-55.911
-5.6803,87.686,-88.623
-89.455,116.55,-87.236
-255.89,291.59,55.297
-139.71,170.37,-2.5466
-198.29,194.8,-1.7815
-15.719,115.5,-110.63
-93.217,143.88,-31.324
-267.31,246.63,72.242
-44.477,105.08,-121.71
-242.73,282.16,44.793
-287.71,318.4,88.491
-141.37,150.36,-37.866
-327.27,323.69,157.32
-143.93,215.02,-12.475
-188.22,209.54,-21.053
-287.61,305.51,124.49
-58.927,135.53,-101.4
-213.21,258.95,18.801
-66.474,97.709,-101.62
-249.24,278.4,91.566
-297.71,323.44,128.74
-190.84,188.62,7.6529
-81.6,119.97,-97.261
-259.01,299.65,70.582
-181.32,242.42,9.7352
-329.79,293.87,128.79
-147.02,195.03,-45.589
-41.445,90.804,-74.233
-52.979,121.29,-57.02
-247.3,284.89,86.726
-333.42,294.58,111.86
-192.08,234.82,44.809
-175.05,218.99,-22.708
-341.93,337.71,111.5
-79.905,155.61,-40.353
-229.28,231.78,11.146
-50.431,141.3,-89.902
-177.34,239.3,6.0776
-107.27,135.32,-78.304
-101.7,171.63,-24.718
-98.274,123.24,-47.976
-139.69,168.77,-3.6677
-56.144,128.64,-107.05
-315.98,341.23,117.91
-234.34,273.84,76.774
-130.1,204.39,-19.489
-22.726,107.45,-125.88
-35.608,110.95,-68.565
-346.54,303.58,132.27
-150.46,185.48,9.3563
-72.318,108.45,-102.16
-87.763,170.27,-43.305
-243.15,274.14,34.833
-301.03,323.67,91.914
-232.52,223.93,19.316
-295.67,270.13,72.482
-36.275,75.34,-122.78
-80.106,127.08,-43.575
-208.71,221.21,-5.4932
-249.69,271.24,91.971
-132.79,144.44,-36.238
-65.415,147.83,-88.82
-40.734,131.55,-101.27
-121.21,161.09,-69.909
-4.0894,101.6,-94.556
-333.59,308.09,98.855
-241.97,261.89,25.476
-33.71,84.613,-79.605
-54.009,83.313,-96.436
-126.01,139.13,-52.259
-121.82,196.26,-39.281
-53.296,86.606,-109.32
-147.69,204.13,9.8955
-123.99,160.87,-68.294
-272.74,310.16,98.985
-53.075,132,-57.69
-123.41,158.81,-68.845
-149,156.49,-26.112
-143.98,196.06,7.8761
-54.085,130.29,-56.431
-295.95,271.25,104.84
-173.35,193.44,-32.551
-152.36,193.5,13.142
-58.718,144.19,-91.124
-100.92,160,-78.413
-248.27,235.13,62.99
-306.8,278.09,82.336
-57.93,144.05,-59.203
-324.85,335.09,156.17
-65.851,97.087,-101.88
-38.281,127.64,-71.365
-24.387,94.138,-77.28
-161.47,208.47,21.161
-141.49,207.56,0.70779
-186.94,234.17,-8.0789
-260.2,298.63,66.227
-22.282,120.23,-88.613
-82.651,121.69,-96.718
-305.07,275.59,107.41
-122.98,137.8,-57.587
-126.22,162.81,-66.695
-145.02,204.76,-37.432
-334.92,348.19,120.37
-18.842,115.14,-115.11
-86.707,116.74,-90.903
-282.25,304.63,119.35
-254.55,235.91,46.616
-180.15,216.5,34.96
-236.56,223.55,46.148
-264.98,251.05,83.026
-284.18,306.3,120.94
-241.97,254,22.231
-89.049,120.5,-90.425
-62.867,97.664,-69.777
-190.88,191.09,14.924
-60.493,150.98,-67.148
-255.94,239.78,40.43
-225.67,216.57,40.742
-304.71,314.65,82.577
-227.63,252.16,14.357
-197.56,238.17,-3.5494
-268.74,264.73,98.306
-100,152.11,-82.622
-255.24,237.68,62.218
-279.47,254.57,78.253
-131.1,201.48,-9.0915
-209.35,204.07,4.6683
-249.62,244.37,76.225
-83.055,107.64,-66.402
-30.448,68.2,-99.227
-337.94,306.75,148.09
-311.79,339.07,132.11
-205.94,199.25,14.634
-266.16,277.37,44.301
-259.38,280.86,100.42
-234.86,267.46,79.524
-136.63,150.68,-52.245
-323.53,288.54,121.44
-124.64,147.88,-23.325
-258.55,299.15,88.422
-32.758,76.895,-86.95
-193.98,249.43,38.425
-211.11,224.8,-3.5388
-138.92,151.71,-24.053
-140.51,160.29,-54.736
-209.28,211.22,39.786
-289.83,272.84,62.277
-85.03,114.34,-55.19
-82.256,113.87,-54.857
-313.27,320.53,89.595
-120.69,134.8,-54.639
-5.6341,96.113,-89.821
-168.43,220.34,-22.17
-132.12,195.82,-3.0521
-192.44,196.62,-14.478
-300.88,328.82,101.42
-151.98,203.4,-38.635
-40.157,133.2,-75.02
-149.47,171.21,-49.649
-152.66,203.1,14.404
-144.34,166.82,-4.8183
-327.13,289.16,112.45
-37.213,131.1,-98.897
-231.9,280.86,59.642
-85.031,111.96,-58.971
-44.596,90.838,-74.115
-244.03,275.09,35.854
-264.77,247.22,76.416
-309.49,337.69,128.91
-168.22,233.03,2.1006
-209.46,205.36,30.093
-85.287,168.55,-64.704
-310.81,288.24,126.68
-194.17,252.38,31.501
-20.431,85.672,-81.777
-309.37,277.85,88.248
-60.97,88.674,-91.952
